store,item,total_sales,total_orders,contribution_pct,period_start,period_end
Ideal Plaza (01/0001),Masala Dosa,490578.11,2750,14.134677189366915,2026-09-01,2026-09-30
Ideal Plaza (01/0001),Idli Plate (2 pc),301222.22,2174,8.678900984726901,2026-09-01,2026-09-30
Ideal Plaza (01/0001),Benne Masala Dosa,209498.22,881,6.036122792855498,2026-09-01,2026-09-30
Ideal Plaza (01/0001),Thatte Idli Plate,162132.39,895,4.671404915703517,2026-09-01,2026-09-30
Ideal Plaza (01/0001),Plain Dosa,145110.4,950,4.1809624583940534,2026-09-01,2026-09-30
Ideal Plaza (01/0001),Garlic Ghee Roast Dosa,113097.76,491,3.258605094386486,2026-09-01,2026-09-30
Ideal Plaza (01/0001),Medu Vada Plate (2 pc),111290.55,754,3.206535241609329,2026-09-01,2026-09-30
Ideal Plaza (01/0001),Filter Coffee,103840.27,1082,2.9918756377179196,2026-09-01,2026-09-30
Ideal Plaza (01/0001),Benne Dosa,81174.98,401,2.338836802468246,2026-09-01,2026-09-30
Ideal Plaza (01/0001),Idli Vada Plate,76410.96,451,2.2015744920408857,2026-09-01,2026-09-30
Ideal Plaza (01/0001),Ghee Roast Masala Dosa,73823.98,299,2.1270376824075568,2026-09-01,2026-09-30
Ideal Plaza (01/0001),Rava Plain Dosa,71440.32,364,2.058358986920703,2026-09-01,2026-09-30
Ideal Plaza (01/0001),Garlic Benne Dosa,67528.66,290,1.9456551172462915,2026-09-01,2026-09-30
Ideal Plaza (01/0001),Dosa Coffee Tiffin,62016.72,222,1.7868435212964453,2026-09-01,2026-09-30
Ideal Plaza (01/0001),Dahi Vada Plate (2 pc),61780.95,330,1.78005044844422,2026-09-01,2026-09-30
Ideal Plaza (01/0001),Plain Ghee Roast Dosa,59852.72,291,1.7244937327219205,2026-09-01,2026-09-30
Ideal Plaza (01/0001),Malabar Paratha with Paneer Korma,59475.86,219,1.7136355343290393,2026-09-01,2026-09-30
Ideal Plaza (01/0001),Dosa Coffee Benne Tiffin,48470.16,171,1.3965361498028617,2026-09-01,2026-09-30
Ideal Plaza (01/0001),Cold Coffee-Classic,44411.95,256,1.2796098395020192,2026-09-01,2026-09-30
Ideal Plaza (01/0001),Malkapodi Dosa,41796.69,187,1.204258218398779,2026-09-01,2026-09-30
Ideal Plaza (01/0001),Cheese,37037.3565,674,1.0671309367533754,2026-09-01,2026-09-30
Ideal Plaza (01/0001),Mysore Ghee Roast Dosa,35370.14,149,1.0190946168444293,2026-09-01,2026-09-30
Ideal Plaza (01/0001),Mixed Uttapam,35005.37,144,1.008584758998621,2026-09-01,2026-09-30
Ideal Plaza (01/0001),Malkapodi Idli Plate (2pc),34725.25,190,1.0005138612280589,2026-09-01,2026-09-30
Ideal Plaza (01/0001),Potato Masala,32023.159,848,0.9226604404521225,2026-09-01,2026-09-30
Ideal Plaza (01/0001),Paper Plain Dosa,32020.59,160,0.9225864216874053,2026-09-01,2026-09-30
Ideal Plaza (01/0001),Paniyaram (10 Pcs),30823.86,119,0.8881058937387958,2026-09-01,2026-09-30
Ideal Plaza (01/0001),Ghee Idli Plate (2pc),30365.59,178,0.874902087079809,2026-09-01,2026-09-30
Ideal Plaza (01/0001),Curd Rice,30341.8,163,0.874216642777504,2026-09-01,2026-09-30
Ideal Plaza (01/0001),Mysore Dosa,30323.84,134,0.8736991741070796,2026-09-01,2026-09-30
Ideal Plaza (01/0001),Fresh Buttermilk,28270.82,271,0.814546973118507,2026-09-01,2026-09-30
Ideal Plaza (01/0001),Onion Uttapam,27685.95,120,0.7976955309541898,2026-09-01,2026-09-30
Ideal Plaza (01/0001),Fresh Watermelon Juice,27658.87,182,0.7969152942284051,2026-09-01,2026-09-30
Ideal Plaza (01/0001),Tomato Rice,26854.68,135,0.7737447413292613,2026-09-01,2026-09-30
Ideal Plaza (01/0001),Dosa Batter Kit (1 Kg),26319.82,53,0.75833420162641,2026-09-01,2026-09-30
Ideal Plaza (01/0001),Idli Fries,24679.28,195,0.7110664926855361,2026-09-01,2026-09-30
Ideal Plaza (01/0001),Srivilli Kheer,24438.93,234,0.7041414595598952,2026-09-01,2026-09-30
Ideal Plaza (01/0001),Kesari Halwa,24422.48,209,0.7036674974424963,2026-09-01,2026-09-30
Ideal Plaza (01/0001),Schweppes Bottled water (500ml),23247.38,371,0.6698101792567643,2026-09-01,2026-09-30
Ideal Plaza (01/0001),Homemade Sparkling Lemonade,23245.04,210,0.669742758505718,2026-09-01,2026-09-30
Ideal Plaza (01/0001),Upma,22158.94,138,0.6384497338426904,2026-09-01,2026-09-30
Ideal Plaza (01/0001),Spicy Tomato Onion Chutney,21258.49,343,0.6125057102188777,2026-09-01,2026-09-30
Ideal Plaza (01/0001),Bisbelle Bhaat,20557.59,102,0.5923111784204097,2026-09-01,2026-09-30
Ideal Plaza (01/0001),Mysore Benne Dosa,19943.44,83,0.5746161124994095,2026-09-01,2026-09-30
Ideal Plaza (01/0001),Raw Mango Ghee Roast Dosa,18619.66,80,0.5364749835164222,2026-09-01,2026-09-30
Ideal Plaza (01/0001),Spicy Tomato Onion Ghee Roast Dosa,18390.92,75,0.5298844610402037,2026-09-01,2026-09-30
Ideal Plaza (01/0001),Raw Mango Benne Dosa,17889.13,80,0.5154267436609011,2026-09-01,2026-09-30
Ideal Plaza (01/0001),Special White Coconut Chutney,16632.27,254,0.4792137329086935,2026-09-01,2026-09-30
Ideal Plaza (01/0001),Butter Idli Plate (2pc),16108.95,91,0.4641356869951906,2026-09-01,2026-09-30
Ideal Plaza (01/0001),Garlic Dosa,16096.86,70,0.46378734644811753,2026-09-01,2026-09-30
Ideal Plaza (01/0001),Filter Coffee Flask,15837.15,76,0.4563045074505714,2026-09-01,2026-09-30
Ideal Plaza (01/0001),Service of Lemonade,15361.02,281,0.44258611334983733,2026-09-01,2026-09-30
Ideal Plaza (01/0001),Tomato Onion Uttapam,14688.6,62,0.4232121554786349,2026-09-01,2026-09-30
Ideal Plaza (01/0001),Onion,14342.743,586,0.41324722441254463,2026-09-01,2026-09-30
Ideal Plaza (01/0001),Butter,14073.1525,245,0.4054797056155481,2026-09-01,2026-09-30
Ideal Plaza (01/0001),Guntur Karampodi Dosa,14061.99,49,0.40515808846445606,2026-09-01,2026-09-30
Ideal Plaza (01/0001),Vegetable Uttapam,12460.89,63,0.35902673611386837,2026-09-01,2026-09-30
Ideal Plaza (01/0001),Lemon Rice,12411.05,65,0.35759073174115374,2026-09-01,2026-09-30
Ideal Plaza (01/0001),Raw Mango Chutney,12100.39,195,0.3486399067325762,2026-09-01,2026-09-30
Ideal Plaza (01/0001),Cold Coffee-Nuttela,12083.65,63,0.34815758905201355,2026-09-01,2026-09-30
Ideal Plaza (01/0001),Ghee,11207.1335,206,0.3229031442936575,2026-09-01,2026-09-30
Ideal Plaza (01/0001),Open Butter Masala Dosa,10248.38,43,0.2952792635080356,2026-09-01,2026-09-30
Ideal Plaza (01/0001),Dadu`s Special Spicy Chutney,8203.19,133,0.23635266272488756,2026-09-01,2026-09-30
Ideal Plaza (01/0001),Sambar Vada Plate (2pc),8195.93,50,0.2361434855229231,2026-09-01,2026-09-30
Ideal Plaza (01/0001),Jaggery Cinnamon Filter Coffee,6880.86,54,0.19825331155771958,2026-09-01,2026-09-30
Ideal Plaza (01/0001),Filter Coffee Cappuccino,6786.58,62,0.19553688916085907,2026-09-01,2026-09-30
Ideal Plaza (01/0001),Black Coffee,6727.82,88,0.1938438791901386,2026-09-01,2026-09-30
Ideal Plaza (01/0001),Cheese Paniyaram (10 Pcs),5873.92,24,0.1692410675155606,2026-09-01,2026-09-30
Ideal Plaza (01/0001),Plain Idli Pc,5792.25,81,0.16688796805489448,2026-09-01,2026-09-30
Ideal Plaza (01/0001),Medu Vada Pc,5745.47,72,0.16554012927970213,2026-09-01,2026-09-30
Ideal Plaza (01/0001),Iced Filter Coffee,5684.83,52,0.16379295220985038,2026-09-01,2026-09-30
Ideal Plaza (01/0001),Rasam Idli Plate (2pc),5543.31,38,0.15971543738588237,2026-09-01,2026-09-30
Ideal Plaza (01/0001),Homemade Lemonade,5477.5,58,0.15781930079341958,2026-09-01,2026-09-30
Ideal Plaza (01/0001),Filter Coffee Ice-Cream,5406,53,0.15575922228922434,2026-09-01,2026-09-30
Ideal Plaza (01/0001),Cold Coffee-Crunchy Oreo,5304.39,27,0.15283160583032532,2026-09-01,2026-09-30
Ideal Plaza (01/0001),Lemon Iced Tea,5161.53,46,0.14871548254208286,2026-09-01,2026-09-30
Ideal Plaza (01/0001),Mango Shake,4977.62,28,0.14341661488185142,2026-09-01,2026-09-30
Ideal Plaza (01/0001),Sambar Idli Plate (2pc),4401.53,29,0.12681814459539206,2026-09-01,2026-09-30
Ideal Plaza (01/0001),Dosa Batter 1Kg,4154.14,23,0.1196902729708765,2026-09-01,2026-09-30
Ideal Plaza (01/0001),Rasam & Papad,4106.18,54,0.11830843569729321,2026-09-01,2026-09-30
Ideal Plaza (01/0001),Malkapodi & Ghee,3583.18,43,0.10323960971555729,2026-09-01,2026-09-30
Ideal Plaza (01/0001),Appalam Papad (1pc),3497.96,118,0.10078422663685074,2026-09-01,2026-09-30
Ideal Plaza (01/0001),Chocolate Filter Coffee,3121.87,25,0.08994821370478372,2026-09-01,2026-09-30
Ideal Plaza (01/0001),Thindi Podi Idli,2940.37,17,0.08471878365567267,2026-09-01,2026-09-30
Ideal Plaza (01/0001),Thindi Podi Ghee Masala Dosa,2876.5,12,0.08287854289954749,2026-09-01,2026-09-30
Ideal Plaza (01/0001),Masala Uttapam,2337.76,10,0.06735621152402091,2026-09-01,2026-09-30
Ideal Plaza (01/0001),Dosa Coffee Tiffin @ 249,2292.16,9,0.06604237124721946,2026-09-01,2026-09-30
Ideal Plaza (01/0001),Benne Sada Dosa,2235.65,11,0.06441418892173591,2026-09-01,2026-09-30
Ideal Plaza (01/0001),Plain Uttapam,2136.75,11,0.061564653759988916,2026-09-01,2026-09-30
Ideal Plaza (01/0001),Dahi Idli,1998.49,12,0.0575810669908975,2026-09-01,2026-09-30
Ideal Plaza (01/0001),Rasam Vada Plate (2 Pc),1964.72,12,0.056608076066608365,2026-09-01,2026-09-30
Ideal Plaza (01/0001),Extra Paratha(1 Pc),1857.3,21,0.05351306022156425,2026-09-01,2026-09-30
Ideal Plaza (01/0001),Benne Dosa Batter Kit (1 Kg),1844.41,4,0.053141669845073666,2026-09-01,2026-09-30
Ideal Plaza (01/0001),Strawberry Shake,1789.19,10,0.051550655369525945,2026-09-01,2026-09-30
Ideal Plaza (01/0001),Packaging Charge,1615.93,111,0.04655863856341588,2026-09-01,2026-09-30
Ideal Plaza (01/0001),Rava Dosa Batter Kit (1 Kg),1527.25,5,0.04400356497247833,2026-09-01,2026-09-30
Ideal Plaza (01/0001),Sambar Vada Pc,1426.22,17,0.041092659639907055,2026-09-01,2026-09-30
Ideal Plaza (01/0001),Dahi Vada pc,1284.53,13,0.037010246727187814,2026-09-01,2026-09-30
Ideal Plaza (01/0001),Tomato Uttapam,1271.53,6,0.03663568699915231,2026-09-01,2026-09-30
Ideal Plaza (01/0001),Sambar Idli Pc,1261.75,16,0.03635390283452253,2026-09-01,2026-09-30
Ideal Plaza (01/0001),Malkapodi Idli pc,1076.75,12,0.03102362978170964,2026-09-01,2026-09-30
Ideal Plaza (01/0001),Fresh Buttermilk.,651.798,7,0.01877979089339102,2026-09-01,2026-09-30
Ideal Plaza (01/0001),Ghee Idli pc,650.41,8,0.018739799439351532,2026-09-01,2026-09-30
Ideal Plaza (01/0001),Dosa Coffee Glass Bottle,632.14,37,0.018213398960027796,2026-09-01,2026-09-30
Ideal Plaza (01/0001),Coconut Rice,564.61,3,0.01626770523431723,2026-09-01,2026-09-30
Ideal Plaza (01/0001),Butter Idli pc,547.39,7,0.01577155765610405,2026-09-01,2026-09-30
Ideal Plaza (01/0001),Irish Filter Coffee,525,4,0.015126450555279832,2026-09-01,2026-09-30
Ideal Plaza (01/0001),Rasam Idli Pc,468.78,6,0.013506623792960151,2026-09-01,2026-09-30
Ideal Plaza (01/0001),Malkapodi Powder,397.99,3,0.01146700201237299,2026-09-01,2026-09-30
Ideal Plaza (01/0001),Rasam Vada pc,365.5,4,0.01053089081515196,2026-09-01,2026-09-30
Ideal Plaza (01/0001),Thindi Podi Powder,298,2,0.008586061458044551,2026-09-01,2026-09-30
Ideal Plaza (01/0001),Regular Masala Dosa,264.6,88,0.007623731079861035,2026-09-01,2026-09-30
Ideal Plaza (01/0001),Ghee Roast Masala Dosa.,205.758,3,0.0059283585016252725,2026-09-01,2026-09-30
Ideal Plaza (01/0001),Extra Paneer Korma,173.25,5,0.004991728683242345,2026-09-01,2026-09-30
Ideal Plaza (01/0001),Idli Batter (1Ltr),162.25,1,0.004674793528750767,2026-09-01,2026-09-30
Ideal Plaza (01/0001),Medu Vada for Combo,89.25,1,0.0025714965943975715,2026-09-01,2026-09-30
Ideal Plaza (01/0001),Service of Kinley Bottled Water (500ml),35,1,0.0010084300370186553,2026-09-01,2026-09-30
Ideal Plaza (01/0001),Buttermilk (For Combo),0,3,0,2026-09-01,2026-09-30
Ideal Plaza (01/0001),Filter Coffee (For Combo),0,6,0,2026-09-01,2026-09-30
Ideal Plaza (01/0001),Regular Sambar,0,13074,0,2026-09-01,2026-09-30
Ideal Plaza (01/0001),Kesari Halwa (Complimentary),0,32,0,2026-09-01,2026-09-30
Ideal Plaza (01/0001),Jain Sambar,0,980,0,2026-09-01,2026-09-30
Rosedale Plaza(01/0006),Masala Dosa,451957.44,2414,21.269822314490597,2026-09-01,2026-09-30
Rosedale Plaza(01/0006),Idli Plate (2 pc),169383.57,1227,7.971455092970878,2026-09-01,2026-09-30
Rosedale Plaza(01/0006),Benne Masala Dosa,128431.46,536,6.044184898893592,2026-09-01,2026-09-30
Rosedale Plaza(01/0006),Filter Coffee,113296.98,1173,5.331932655801384,2026-09-01,2026-09-30
Rosedale Plaza(01/0006),Plain Dosa,102532.61,662,4.825344607981145,2026-09-01,2026-09-30
Rosedale Plaza(01/0006),Ghee Roast Masala Dosa,73686.4,297,3.4677969567100826,2026-09-01,2026-09-30
Rosedale Plaza(01/0006),Dosa Coffee Tiffin,63694.57,230,2.9975658466821193,2026-09-01,2026-09-30
Rosedale Plaza(01/0006),Medu Vada Plate (2 pc),60782.84,384,2.860535289716907,2026-09-01,2026-09-30
Rosedale Plaza(01/0006),Garlic Ghee Roast Dosa,60512.77,258,2.847825374127345,2026-09-01,2026-09-30
Rosedale Plaza(01/0006),Idli Vada Plate,52958.98,302,2.492332230567244,2026-09-01,2026-09-30
Rosedale Plaza(01/0006),Thatte Idli Plate,51877.78,294,2.4414492715735223,2026-09-01,2026-09-30
Rosedale Plaza(01/0006),Malabar Paratha with Paneer Korma,51436.69,203,2.420690887941872,2026-09-01,2026-09-30
Rosedale Plaza(01/0006),Rava Plain Dosa,50537.52,250,2.378374544769115,2026-09-01,2026-09-30
Rosedale Plaza(01/0006),Plain Ghee Roast Dosa,40476.41,198,1.9048830098437375,2026-09-01,2026-09-30
Rosedale Plaza(01/0006),Benne Dosa,34887.53,172,1.6418615967279133,2026-09-01,2026-09-30
Rosedale Plaza(01/0006),Dahi Vada Plate (2 pc),32354.61,185,1.5226584294190193,2026-09-01,2026-09-30
Rosedale Plaza(01/0006),Mysore Dosa,27926.91,123,1.3142839588895152,2026-09-01,2026-09-30
Rosedale Plaza(01/0006),Mysore Ghee Roast Dosa,27562.13,117,1.2971168429241717,2026-09-01,2026-09-30
Rosedale Plaza(01/0006),Garlic Benne Dosa,27501.21,116,1.2942498526708444,2026-09-01,2026-09-30
Rosedale Plaza(01/0006),Potato Masala,26403.097,678,1.2425709415078103,2026-09-01,2026-09-30
Rosedale Plaza(01/0006),Dosa Coffee Benne Tiffin,26325.2,104,1.2389049871453113,2026-09-01,2026-09-30
Rosedale Plaza(01/0006),Cold Coffee-Classic,24384.43,134,1.1475693227666168,2026-09-01,2026-09-30
Rosedale Plaza(01/0006),Cheese,23059.923,405,1.0852359567215772,2026-09-01,2026-09-30
Rosedale Plaza(01/0006),Filter Coffee Flask,20641.11,99,0.9714028428735569,2026-09-01,2026-09-30
Rosedale Plaza(01/0006),Kesari Halwa,20628.55,150,0.9708117496762194,2026-09-01,2026-09-30
Rosedale Plaza(01/0006),Srivilli Kheer,18681.96,174,0.8792021870165933,2026-09-01,2026-09-30
Rosedale Plaza(01/0006),Malkapodi Idli Plate (2pc),16997.74,94,0.7999401659322378,2026-09-01,2026-09-30
Rosedale Plaza(01/0006),Schweppes Bottled water (500ml),16848.93,265,0.7929369351443579,2026-09-01,2026-09-30
Rosedale Plaza(01/0006),Ghee Idli Plate (2pc),16747.68,100,0.7881719521642301,2026-09-01,2026-09-30
Rosedale Plaza(01/0006),Spicy Tomato Onion Ghee Roast Dosa,16273,67,0.7658327707221846,2026-09-01,2026-09-30
Rosedale Plaza(01/0006),Malkapodi Dosa,16223.71,72,0.7635131064151178,2026-09-01,2026-09-30
Rosedale Plaza(01/0006),Guntur Karampodi Dosa,16117.41,56,0.7585104625554873,2026-09-01,2026-09-30
Rosedale Plaza(01/0006),Butter,15889.9335,267,0.7478050635344594,2026-09-01,2026-09-30
Rosedale Plaza(01/0006),Fresh Buttermilk,14764.92,141,0.6948601728686411,2026-09-01,2026-09-30
Rosedale Plaza(01/0006),Paper Plain Dosa,14074.41,70,0.6623636948675734,2026-09-01,2026-09-30
Rosedale Plaza(01/0006),Raw Mango Ghee Roast Dosa,13852.36,60,0.6519136754035003,2026-09-01,2026-09-30
Rosedale Plaza(01/0006),Garlic Dosa,13158.92,57,0.6192793070307607,2026-09-01,2026-09-30
Rosedale Plaza(01/0006),Mysore Benne Dosa,12116.67,50,0.5702293958106294,2026-09-01,2026-09-30
Rosedale Plaza(01/0006),Homemade Sparkling Lemonade,11835.18,105,0.5569820372024694,2026-09-01,2026-09-30
Rosedale Plaza(01/0006),Onion,11442.951,451,0.5385231284685179,2026-09-01,2026-09-30
Rosedale Plaza(01/0006),Idli Fries,10424.89,87,0.4906115893304242,2026-09-01,2026-09-30
Rosedale Plaza(01/0006),Mango Shake,9263.28,56,0.43594441027317626,2026-09-01,2026-09-30
Rosedale Plaza(01/0006),Black Coffee,9072.28,118,0.42695565225634247,2026-09-01,2026-09-30
Rosedale Plaza(01/0006),Raw Mango Benne Dosa,8597.86,36,0.40462870681997426,2026-09-01,2026-09-30
Rosedale Plaza(01/0006),Sambar Vada Plate (2pc),8087.38,48,0.38060472151927616,2026-09-01,2026-09-30
Rosedale Plaza(01/0006),Upma,7804.71,48,0.367301830269965,2026-09-01,2026-09-30
Rosedale Plaza(01/0006),Ghee,7464.912,132,0.35131040620397497,2026-09-01,2026-09-30
Rosedale Plaza(01/0006),Open Butter Masala Dosa,7381.94,31,0.3474056144229658,2026-09-01,2026-09-30
Rosedale Plaza(01/0006),Strawberry Shake,7290.44,41,0.3430994816557391,2026-09-01,2026-09-30
Rosedale Plaza(01/0006),Thindi Podi Ghee Masala Dosa,6443.71,27,0.30325104670498665,2026-09-01,2026-09-30
Rosedale Plaza(01/0006),Butter Idli Plate (2pc),5679.49,37,0.2672856610943858,2026-09-01,2026-09-30
Rosedale Plaza(01/0006),Lemon Iced Tea,5054.35,44,0.23786559728996953,2026-09-01,2026-09-30
Rosedale Plaza(01/0006),Spicy Tomato Onion Chutney,4730.84,78,0.22264071191810605,2026-09-01,2026-09-30
Rosedale Plaza(01/0006),Filter Coffee Ice-Cream,4135.47,40,0.1946216707637481,2026-09-01,2026-09-30
Rosedale Plaza(01/0006),Cold Coffee-Crunchy Oreo,3674.42,18,0.1729239383885583,2026-09-01,2026-09-30
Rosedale Plaza(01/0006),Cold Coffee-Nuttela,3228.45,16,0.1519358943426557,2026-09-01,2026-09-30
Rosedale Plaza(01/0006),Homemade Lemonade,3140.11,32,0.14777847610596934,2026-09-01,2026-09-30
Rosedale Plaza(01/0006),Sambar Idli Plate (2pc),2522.06,16,0.11869207876406271,2026-09-01,2026-09-30
Rosedale Plaza(01/0006),Raw Mango Chutney,2507.72,40,0.11801721598939571,2026-09-01,2026-09-30
Rosedale Plaza(01/0006),Iced Filter Coffee,2438.34,22,0.11475208493595107,2026-09-01,2026-09-30
Rosedale Plaza(01/0006),Dadu`s Special Spicy Chutney,2133.64,35,0.10041242751328469,2026-09-01,2026-09-30
Rosedale Plaza(01/0006),Special White Coconut Chutney,2055.36,35,0.09672844857319175,2026-09-01,2026-09-30
Rosedale Plaza(01/0006),Homemade Sparkling Lemonade.,2035.5615,23,0.09579670027164051,2026-09-01,2026-09-30
Rosedale Plaza(01/0006),Benne Sada Dosa,1723.6,8,0.08111530532887343,2026-09-01,2026-09-30
Rosedale Plaza(01/0006),Fresh Buttermilk.,1333.9935,15,0.06277981553680234,2026-09-01,2026-09-30
Rosedale Plaza(01/0006),Dosa Coffee Tiffin @ 249,1231.52,5,0.05795725273765038,2026-09-01,2026-09-30
Rosedale Plaza(01/0006),Lemon Iced Tea.,872.3925,10,0.04105615224188861,2026-09-01,2026-09-30
Rosedale Plaza(01/0006),Dahi Idli,760.42,5,0.03578655168147014,2026-09-01,2026-09-30
Rosedale Plaza(01/0006),Filter Coffee Cappuccino,638.89,6,0.03006716025850774,2026-09-01,2026-09-30
Rosedale Plaza(01/0006),Bisbelle Bhaat,625.33,3,0.029429005500872837,2026-09-01,2026-09-30
Rosedale Plaza(01/0006),Benne Dosa Batter Kit (1 Kg),411.6,1,0.019370538218475463,2026-09-01,2026-09-30
Rosedale Plaza(01/0006),Homemade Lemonade.,372.7185,4,0.017540714161765905,2026-09-01,2026-09-30
Rosedale Plaza(01/0006),Malkapodi & Ghee,368.74,5,0.01735347974412206,2026-09-01,2026-09-30
Rosedale Plaza(01/0006),Thindi Podi Idli,339.15,2,0.015960928174917278,2026-09-01,2026-09-30
Rosedale Plaza(01/0006),Curd Rice,335.99,2,0.01581221364437699,2026-09-01,2026-09-30
Rosedale Plaza(01/0006),Packaging Charge,315,21,0.014824391493731218,2026-09-01,2026-09-30
Rosedale Plaza(01/0006),Regular Masala Dosa,289.8,72,0.013638440174232724,2026-09-01,2026-09-30
Rosedale Plaza(01/0006),Paniyaram (10 Pcs),269.85,1,0.012699562046296412,2026-09-01,2026-09-30
Rosedale Plaza(01/0006),Jaggery Cinnamon Filter Coffee,262.5,2,0.01235365957810935,2026-09-01,2026-09-30
Rosedale Plaza(01/0006),Mixed Uttapam,257.25,1,0.012106586386547161,2026-09-01,2026-09-30
Rosedale Plaza(01/0006),Cheese Paniyaram (10 Pcs),242.69,1,0.011421370068614697,2026-09-01,2026-09-30
Rosedale Plaza(01/0006),Onion Uttapam,197.4,1,0.009289952002738232,2026-09-01,2026-09-30
Rosedale Plaza(01/0006),Ghee Roast Masala Dosa.,182.3325,3,0.008580851942954755,2026-09-01,2026-09-30
Rosedale Plaza(01/0006),Extra Paneer Korma,173.25,1,0.00815341532155217,2026-09-01,2026-09-30
Rosedale Plaza(01/0006),Chocolate Filter Coffee,131.25,1,0.006176829789054675,2026-09-01,2026-09-30
Rosedale Plaza(01/0006),Tomato Rice,67.85,1,0.0031931268661894063,2026-09-01,2026-09-30
Rosedale Plaza(01/0006),Dosa Coffee Glass Bottle,20,1,0.0009412312059511886,2026-09-01,2026-09-30
Rosedale Plaza(01/0006),Appalam Papad (1pc),19.2,1,0.0009035819577131409,2026-09-01,2026-09-30
Rosedale Plaza(01/0006),Regular Sambar,0,8170,0,2026-09-01,2026-09-30
Rosedale Plaza(01/0006),Jain Sambar,0,418,0,2026-09-01,2026-09-30
Rosedale Plaza(01/0006),Filter Coffee (For Combo),0,4,0,2026-09-01,2026-09-30
Rosedale Plaza(01/0006),Buttermilk (For Combo),0,1,0,2026-09-01,2026-09-30
Food Truck - 1 (01/0008),Masala Dosa.,36720,272,37.96730965008657,2026-09-01,2026-09-30
Food Truck - 1 (01/0008),Filter Coffee,29100.1,582,30.088575913629747,2026-09-01,2026-09-30
Food Truck - 1 (01/0008),Idli Plate (2 pc),12320,154,12.738487333580245,2026-09-01,2026-09-30
Food Truck - 1 (01/0008),Plain Dosa,5700,57,5.893618328036315,2026-09-01,2026-09-30
Food Truck - 1 (01/0008),Medu Vada Plate (2 pc),3330,37,3.4431138653264783,2026-09-01,2026-09-30
Food Truck - 1 (01/0008),Schweppes Bottled water (500ml),2309.68,33,2.3881355052454234,2026-09-01,2026-09-30
Food Truck - 1 (01/0008),Dahi Vada pc,1960,28,2.0265775303423115,2026-09-01,2026-09-30
Food Truck - 1 (01/0008),Masala Uttapam,1890,14,1.954199761401515,2026-09-01,2026-09-30
Food Truck - 1 (01/0008),Idli Vada Plate,1840,23,1.9025013550152312,2026-09-01,2026-09-30
Food Truck - 1 (01/0008),Packaging Charge,1545,103,1.5974807573361591,2026-09-01,2026-09-30
Food Truck - 1 (01/0008),Jain Sambar,0,534,0,2026-09-01,2026-09-30
Food Truck - 1 (01/0008),Regular Sambar,0,28,0,2026-09-01,2026-09-30
Calcutta Swiming Club (01/0007),Idli Plate (2 pc),17567.87,244,13.23843123474224,2026-09-01,2026-09-30
Calcutta Swiming Club (01/0007),Plain Dosa,12833.99,138,9.671172093279925,2026-09-01,2026-09-30
Calcutta Swiming Club (01/0007),Masala Dosa.,12519.03,107,9.433831066638994,2026-09-01,2026-09-30
Calcutta Swiming Club (01/0007),Filter Coffee,12084.74,212,9.106567812702334,2026-09-01,2026-09-30
Calcutta Swiming Club (01/0007),Plain Ghee Roast Dosa,10179.02,87,7.67049484696016,2026-09-01,2026-09-30
Calcutta Swiming Club (01/0007),Malkapodi Dosa,7869.03,61,5.929780476467764,2026-09-01,2026-09-30
Calcutta Swiming Club (01/0007),Thatte Idli Plate,7665,73,5.776031779282252,2026-09-01,2026-09-30
Calcutta Swiming Club (01/0007),Rava Plain Dosa,5382.01,46,4.05566350899085,2026-09-01,2026-09-30
Calcutta Swiming Club (01/0007),Malkapodi Idli Plate (2pc),4620,44,3.481443812170124,2026-09-01,2026-09-30
Calcutta Swiming Club (01/0007),Paper Plain Dosa,4446,38,3.3503244997637167,2026-09-01,2026-09-30
Calcutta Swiming Club (01/0007),Benne Dosa,4329.01,37,3.2621656011520757,2026-09-01,2026-09-30
Calcutta Swiming Club (01/0007),Garlic Ghee Roast Dosa,4230.01,30,3.1875632337484303,2026-09-01,2026-09-30
Calcutta Swiming Club (01/0007),Idli Vada Plate,3741.05,43,2.819102894701092,2026-09-01,2026-09-30
Calcutta Swiming Club (01/0007),Benne Masala Dosa,2256,16,1.7000297056830735,2026-09-01,2026-09-30
Calcutta Swiming Club (01/0007),Cheese,2196.2605,61,1.6550124518698404,2026-09-01,2026-09-30
Calcutta Swiming Club (01/0007),Mysore Dosa,2193.02,17,1.6525705430660877,2026-09-01,2026-09-30
Calcutta Swiming Club (01/0007),Upma,2112,22,1.5915171712777711,2026-09-01,2026-09-30
Calcutta Swiming Club (01/0007),Medu Vada Plate (2 pc),2069.97,23,1.5598450752982231,2026-09-01,2026-09-30
Calcutta Swiming Club (01/0007),Potato Masala,1920.182,80,1.446970939857241,2026-09-01,2026-09-30
Calcutta Swiming Club (01/0007),Onion Uttapam,1755,13,1.3224965130646251,2026-09-01,2026-09-30
Calcutta Swiming Club (01/0007),Mixed Uttapam,1176,8,0.8861856976433043,2026-09-01,2026-09-30
Calcutta Swiming Club (01/0007),Spicy Tomato Onion Ghee Roast Dosa,987.01,7,0.7437705318290118,2026-09-01,2026-09-30
Calcutta Swiming Club (01/0007),Fresh Buttermilk,969.04,17,0.73022907180635,2026-09-01,2026-09-30
Calcutta Swiming Club (01/0007),Raw Mango Ghee Roast Dosa,846.01,6,0.6375186752238196,2026-09-01,2026-09-30
Calcutta Swiming Club (01/0007),Mysore Ghee Roast Dosa,846.01,6,0.6375186752238196,2026-09-01,2026-09-30
Calcutta Swiming Club (01/0007),Spicy Tomato Onion Chutney,828.03,23,0.6239696796084908,2026-09-01,2026-09-30
Calcutta Swiming Club (01/0007),Ghee,720.0775,20,0.5426210728696823,2026-09-01,2026-09-30
Calcutta Swiming Club (01/0007),Garlic Dosa,675,5,0.5086525050248558,2026-09-01,2026-09-30
Calcutta Swiming Club (01/0007),Sambar Vada Plate (2pc),672,7,0.5063918272247453,2026-09-01,2026-09-30
Calcutta Swiming Club (01/0007),Onion,615.1405,41,0.4635448240996183,2026-09-01,2026-09-30
Calcutta Swiming Club (01/0007),Raw Mango Chutney,612.02,17,0.46119334240786997,2026-09-01,2026-09-30
Calcutta Swiming Club (01/0007),Butter,504.063,14,0.3798413446523613,2026-09-01,2026-09-30
Calcutta Swiming Club (01/0007),Sambar Idli Plate (2pc),450,5,0.3391016700165705,2026-09-01,2026-09-30
Calcutta Swiming Club (01/0007),Packaging Charge,332.96,37,0.25090509344159406,2026-09-01,2026-09-30
Calcutta Swiming Club (01/0007),Idli Fries,144,2,0.10851253440530258,2026-09-01,2026-09-30
Calcutta Swiming Club (01/0007),Special White Coconut Chutney,144,4,0.10851253440530258,2026-09-01,2026-09-30
Calcutta Swiming Club (01/0007),Open Butter Masala Dosa,141,1,0.1062518566051921,2026-09-01,2026-09-30
Calcutta Swiming Club (01/0007),Dadu`s Special Spicy Chutney,72.01,2,0.05426380279531832,2026-09-01,2026-09-30
Calcutta Swiming Club (01/0007),Jain Sambar,0,136,0,2026-09-01,2026-09-30
Calcutta Swiming Club (01/0007),Regular Sambar,0,953,0,2026-09-01,2026-09-30
Lake Town (01/0005),Masala Dosa,281648.38,1509,19.285543046606946,2026-09-01,2026-09-30
Lake Town (01/0005),Idli Plate (2 pc),122370.87,884,8.379202042758926,2026-09-01,2026-09-30
Lake Town (01/0005),Benne Masala Dosa,103035.76,437,7.0552530244266345,2026-09-01,2026-09-30
Lake Town (01/0005),Filter Coffee,72931.22,757,4.993879896456573,2026-09-01,2026-09-30
Lake Town (01/0005),Plain Dosa,66980.06,437,4.586381183496656,2026-09-01,2026-09-30
Lake Town (01/0005),Thatte Idli Plate,63054.42,356,4.317577580914309,2026-09-01,2026-09-30
Lake Town (01/0005),Medu Vada Plate (2 pc),56171.45,353,3.8462742692336085,2026-09-01,2026-09-30
Lake Town (01/0005),Ghee Roast Masala Dosa,46457.17,188,3.1811003204014052,2026-09-01,2026-09-30
Lake Town (01/0005),Garlic Ghee Roast Dosa,45185.52,198,3.0940255755893893,2026-09-01,2026-09-30
Lake Town (01/0005),Malabar Paratha with Paneer Korma,43906.83,159,3.0064687750203047,2026-09-01,2026-09-30
Lake Town (01/0005),Dosa Coffee Tiffin,36236.63,128,2.4812608108343057,2026-09-01,2026-09-30
Lake Town (01/0005),Rava Plain Dosa,35754.37,178,2.4482386219985077,2026-09-01,2026-09-30
Lake Town (01/0005),Idli Vada Plate,34362.79,199,2.352951810859039,2026-09-01,2026-09-30
Lake Town (01/0005),Dahi Vada Plate (2 pc),28122.72,155,1.9256703239254351,2026-09-01,2026-09-30
Lake Town (01/0005),Plain Ghee Roast Dosa,26685.49,129,1.8272576824862237,2026-09-01,2026-09-30
Lake Town (01/0005),Mixed Uttapam,20710.88,85,1.41815325823323,2026-09-01,2026-09-30
Lake Town (01/0005),Malkapodi Dosa,20145.21,89,1.3794196673097736,2026-09-01,2026-09-30
Lake Town (01/0005),Paper Plain Dosa,19907.79,101,1.3631626107979435,2026-09-01,2026-09-30
Lake Town (01/0005),Benne Dosa,19091.93,97,1.3072975525646786,2026-09-01,2026-09-30
Lake Town (01/0005),Malkapodi Idli Plate (2pc),18780.39,100,1.2859652158377997,2026-09-01,2026-09-30
Lake Town (01/0005),Mysore Ghee Roast Dosa,16026.05,68,1.097365009314363,2026-09-01,2026-09-30
Lake Town (01/0005),Cheese,15467.8215,279,1.059140966390371,2026-09-01,2026-09-30
Lake Town (01/0005),Garlic Benne Dosa,14149.77,62,0.9688889331960212,2026-09-01,2026-09-30
Lake Town (01/0005),Potato Masala,13998.1275,375,0.9585053905623121,2026-09-01,2026-09-30
Lake Town (01/0005),Raw Mango Ghee Roast Dosa,13364.66,58,0.9151294452084757,2026-09-01,2026-09-30
Lake Town (01/0005),Ghee Idli Plate (2pc),13239.19,77,0.9065380338676481,2026-09-01,2026-09-30
Lake Town (01/0005),Butter Idli Plate (2pc),11446.47,65,0.7837836309113335,2026-09-01,2026-09-30
Lake Town (01/0005),Onion Uttapam,11332.95,50,0.7760104818285984,2026-09-01,2026-09-30
Lake Town (01/0005),Mysore Benne Dosa,11262.84,48,0.7712097816683574,2026-09-01,2026-09-30
Lake Town (01/0005),Filter Coffee Flask,10465.19,55,0.7165916318635334,2026-09-01,2026-09-30
Lake Town (01/0005),Idli Fries,10423.94,83,0.7137670864119581,2026-09-01,2026-09-30
Lake Town (01/0005),Fresh Buttermilk,10168.58,102,0.6962816094055518,2026-09-01,2026-09-30
Lake Town (01/0005),Mysore Dosa,9888.51,44,0.6771041440813658,2026-09-01,2026-09-30
Lake Town (01/0005),Srivilli Kheer,9822.39,85,0.6725766544993499,2026-09-01,2026-09-30
Lake Town (01/0005),Schweppes Bottled water (500ml),8783.29,139,0.6014254986513053,2026-09-01,2026-09-30
Lake Town (01/0005),Butter,8247.3735,140,0.5647292438028416,2026-09-01,2026-09-30
Lake Town (01/0005),Dosa Coffee Benne Tiffin,7828.08,31,0.5360186123289007,2026-09-01,2026-09-30
Lake Town (01/0005),Raw Mango Benne Dosa,6531.68,27,0.44724914024593954,2026-09-01,2026-09-30
Lake Town (01/0005),Guntur Karampodi Dosa,6405.34,22,0.4385981566737694,2026-09-01,2026-09-30
Lake Town (01/0005),Onion,6201.159,246,0.42461710176836126,2026-09-01,2026-09-30
Lake Town (01/0005),Spicy Tomato Onion Chutney,6058.41,100,0.41484253113401176,2026-09-01,2026-09-30
Lake Town (01/0005),Upma,5786.58,36,0.39622929016184943,2026-09-01,2026-09-30
Lake Town (01/0005),Spicy Tomato Onion Ghee Roast Dosa,5519.7,24,0.377954994643876,2026-09-01,2026-09-30
Lake Town (01/0005),Garlic Dosa,5518.39,24,0.37786529392771695,2026-09-01,2026-09-30
Lake Town (01/0005),Black Coffee,4852.76,65,0.33228705904451616,2026-09-01,2026-09-30
Lake Town (01/0005),Sambar Vada Plate (2pc),4569.87,28,0.3129164975221859,2026-09-01,2026-09-30
Lake Town (01/0005),Kesari Halwa,4480.56,37,0.30680109984266635,2026-09-01,2026-09-30
Lake Town (01/0005),Vegetable Uttapam,4305.68,19,0.2948263966045699,2026-09-01,2026-09-30
Lake Town (01/0005),Open Butter Masala Dosa,4101.2,18,0.2808248680242521,2026-09-01,2026-09-30
Lake Town (01/0005),Cold Coffee-Classic,3998.56,22,0.2737967142024416,2026-09-01,2026-09-30
Lake Town (01/0005),Raw Mango Chutney,3840.86,62,0.26299839134878306,2026-09-01,2026-09-30
Lake Town (01/0005),Tomato Onion Uttapam,3647.1,16,0.2497309022167292,2026-09-01,2026-09-30
Lake Town (01/0005),Special White Coconut Chutney,3536.83,58,0.24218029307866368,2026-09-01,2026-09-30
Lake Town (01/0005),Ghee,3319.932,62,0.22732845648822084,2026-09-01,2026-09-30
Lake Town (01/0005),Thindi Podi Ghee Masala Dosa,2651.8,11,0.18157890008453909,2026-09-01,2026-09-30
Lake Town (01/0005),Masala Uttapam,2234.53,10,0.15300682540384083,2026-09-01,2026-09-30
Lake Town (01/0005),Mango Shake,1719.09,10,0.11771267491753913,2026-09-01,2026-09-30
Lake Town (01/0005),Dadu`s Special Spicy Chutney,1618.88,26,0.11085091250051236,2026-09-01,2026-09-30
Lake Town (01/0005),Sambar Idli Plate (2pc),1579.5,10,0.1081544131094085,2026-09-01,2026-09-30
Lake Town (01/0005),Benne Dosa Batter Kit (1 Kg),1480.5,3,0.10137550402562794,2026-09-01,2026-09-30
Lake Town (01/0005),Packaging Charge,1085.84,76,0.07435162262153855,2026-09-01,2026-09-30
Lake Town (01/0005),Benne Sada Dosa,1084.09,6,0.07423179342056263,2026-09-01,2026-09-30
Lake Town (01/0005),Strawberry Shake,1050.82,6,0.07195366912543757,2026-09-01,2026-09-30
Lake Town (01/0005),Thindi Podi Idli,1037.43,6,0.07103680455339897,2026-09-01,2026-09-30
Lake Town (01/0005),Cold Coffee-Crunchy Oreo,1002.77,5,0.06866350163578448,2026-09-01,2026-09-30
Lake Town (01/0005),Dahi Idli,876.1,5,0.05998992170000177,2026-09-01,2026-09-30
Lake Town (01/0005),Plain Uttapam,561.1,3,0.03842066552433626,2026-09-01,2026-09-30
Lake Town (01/0005),Dosa Batter Kit (1 Kg),523.95,1,0.035876862772190314,2026-09-01,2026-09-30
Lake Town (01/0005),Iced Filter Coffee,462,4,0.031634909057642754,2026-09-01,2026-09-30
Lake Town (01/0005),Malkapodi & Ghee,316.13,4,0.021646631602581394,2026-09-01,2026-09-30
Lake Town (01/0005),Extra Paratha(1 Pc),289.47,3,0.019821119317999673,2026-09-01,2026-09-30
Lake Town (01/0005),Cold Coffee-Nuttela,185.85,1,0.012725861143642655,2026-09-01,2026-09-30
Lake Town (01/0005),Regular Masala Dosa,176.4,62,0.01207878345837269,2026-09-01,2026-09-30
Lake Town (01/0005),Extra Paneer Korma,173.25,1,0.011863090896616033,2026-09-01,2026-09-30
Lake Town (01/0005),Dosa Coffee Glass Bottle,115.19,6,0.007887500377380669,2026-09-01,2026-09-30
Lake Town (01/0005),Ghee Roast Masala Dosa.,57.561,1,0.003941422078499945,2026-09-01,2026-09-30
Lake Town (01/0005),Regular Sambar,0,5732,0,2026-09-01,2026-09-30
Lake Town (01/0005),Jain Sambar,0,496,0,2026-09-01,2026-09-30
Manisquare (01/0004),Masala Dosa,496520.29,2443,28.746076965284047,2026-09-01,2026-09-30
Manisquare (01/0004),Filter Coffee,227404.52,2274,13.165600612562026,2026-09-01,2026-09-30
Manisquare (01/0004),Benne Masala Dosa,108234.4,443,6.2662381686181226,2026-09-01,2026-09-30
Manisquare (01/0004),Plain Dosa,104272.21,653,6.036846901060701,2026-09-01,2026-09-30
Manisquare (01/0004),Idli Plate (2 pc),78856.18,613,4.565384064099963,2026-09-01,2026-09-30
Manisquare (01/0004),Ghee Roast Masala Dosa,41660.91,183,2.4119613023342343,2026-09-01,2026-09-30
Manisquare (01/0004),Schweppes Bottled water (500ml),41656.96,643,2.4117326168075803,2026-09-01,2026-09-30
Manisquare (01/0004),Paper Plain Dosa,38642.15,189,2.23718998070361,2026-09-01,2026-09-30
Manisquare (01/0004),Thatte Idli Plate,36656.86,197,2.122251477106086,2026-09-01,2026-09-30
Manisquare (01/0004),Cold Coffee-Classic,32663.23,177,1.8910399885466407,2026-09-01,2026-09-30
Manisquare (01/0004),Dahi Vada Plate (2 pc),29283.13,160,1.695348862308161,2026-09-01,2026-09-30
Manisquare (01/0004),Butter,27828.9205,431,1.6111573014544296,2026-09-01,2026-09-30
Manisquare (01/0004),Medu Vada Plate (2 pc),24203.79,151,1.401280117256784,2026-09-01,2026-09-30
Manisquare (01/0004),Black Coffee,23359.94,292,1.3524253624044595,2026-09-01,2026-09-30
Manisquare (01/0004),Malabar Paratha with Paneer Korma,20185.22,69,1.1686247256505686,2026-09-01,2026-09-30
Manisquare (01/0004),Garlic Ghee Roast Dosa,19960.15,85,1.1555942822369139,2026-09-01,2026-09-30
Manisquare (01/0004),Cheese,19789.7635,313,1.1457297438857312,2026-09-01,2026-09-30
Manisquare (01/0004),Rava Plain Dosa,19476.14,93,1.1275724893873866,2026-09-01,2026-09-30
Manisquare (01/0004),Benne Dosa,17879.39,87,1.035128536302776,2026-09-01,2026-09-30
Manisquare (01/0004),Mixed Uttapam,15968.26,68,0.9244835310993365,2026-09-01,2026-09-30
Manisquare (01/0004),Mysore Ghee Roast Dosa,15072.86,59,0.8726442853865072,2026-09-01,2026-09-30
Manisquare (01/0004),Garlic Benne Dosa,14904.49,58,0.8628964924440577,2026-09-01,2026-09-30
Manisquare (01/0004),Potato Masala,14495.161,305,0.8391983613201056,2026-09-01,2026-09-30
Manisquare (01/0004),Open Butter Masala Dosa,14335,61,0.8299258290076057,2026-09-01,2026-09-30
Manisquare (01/0004),Mysore Dosa,13248.01,59,0.7669944668260237,2026-09-01,2026-09-30
Manisquare (01/0004),Onion Uttapam,12845.94,55,0.7437165960154839,2026-09-01,2026-09-30
Manisquare (01/0004),Fresh Buttermilk,12791,126,0.7405358408675469,2026-09-01,2026-09-30
Manisquare (01/0004),Idli Vada Plate,12079.83,77,0.6993626039079835,2026-09-01,2026-09-30
Manisquare (01/0004),Plain Ghee Roast Dosa,11563.62,56,0.669476589803204,2026-09-01,2026-09-30
Manisquare (01/0004),Srivilli Kheer,9479.83,94,0.5488354218068483,2026-09-01,2026-09-30
Manisquare (01/0004),Thindi Podi Ghee Masala Dosa,8640,36,0.5002134051360805,2026-09-01,2026-09-30
Manisquare (01/0004),Garlic Dosa,8519.85,38,0.4932573124709069,2026-09-01,2026-09-30
Manisquare (01/0004),Idli Fries,8260.21,52,0.47822543648600724,2026-09-01,2026-09-30
Manisquare (01/0004),Onion,8219.394,331,0.4758623913072997,2026-09-01,2026-09-30
Manisquare (01/0004),Kesari Halwa,8045.86,73,0.46581562822316946,2026-09-01,2026-09-30
Manisquare (01/0004),Ghee,7704.7475,119,0.44606689614452577,2026-09-01,2026-09-30
Manisquare (01/0004),Sambar Vada Plate (2pc),7660.8,48,0.4435225525539913,2026-09-01,2026-09-30
Manisquare (01/0004),Raw Mango Ghee Roast Dosa,7656.1,30,0.44325044572480854,2026-09-01,2026-09-30
Manisquare (01/0004),Mysore Benne Dosa,7421.43,29,0.42966420963878027,2026-09-01,2026-09-30
Manisquare (01/0004),Raw Mango Benne Dosa,7316.73,29,0.4236025958057076,2026-09-01,2026-09-30
Manisquare (01/0004),Malkapodi Idli Plate (2pc),6670.09,36,0.38616532771575446,2026-09-01,2026-09-30
Manisquare (01/0004),Mango Shake,6063.75,33,0.35106123094836894,2026-09-01,2026-09-30
Manisquare (01/0004),Ghee Idli Plate (2pc),5721.85,35,0.33126690650206964,2026-09-01,2026-09-30
Manisquare (01/0004),Guntur Karampodi Dosa,5576.25,19,0.32283738430440606,2026-09-01,2026-09-30
Manisquare (01/0004),Malkapodi Dosa,5471.05,24,0.316746822936314,2026-09-01,2026-09-30
Manisquare (01/0004),Upma,5412.85,32,0.3133773298600501,2026-09-01,2026-09-30
Manisquare (01/0004),Filter Coffee Cappuccino,4468.8,28,0.2587214889898283,2026-09-01,2026-09-30
Manisquare (01/0004),Butter Idli Plate (2pc),4254.97,26,0.24634178616341068,2026-09-01,2026-09-30
Manisquare (01/0004),Strawberry Shake,4226.25,23,0.24467903975189353,2026-09-01,2026-09-30
Manisquare (01/0004),Thindi Podi Idli,4189.48,24,0.2425502380265632,2026-09-01,2026-09-30
Manisquare (01/0004),Dosa Coffee Tiffin,3773.37,13,0.21845952043267727,2026-09-01,2026-09-30
Manisquare (01/0004),Masala Uttapam,3760,16,0.2176854633462572,2026-09-01,2026-09-30
Manisquare (01/0004),Sambar Idli Plate (2pc),3670.8,23,0.21252122309878752,2026-09-01,2026-09-30
Manisquare (01/0004),Spicy Tomato Onion Ghee Roast Dosa,3343.2,13,0.19355479815404444,2026-09-01,2026-09-30
Manisquare (01/0004),Lemon Iced Tea,3097.24,27,0.17931492672727706,2026-09-01,2026-09-30
Manisquare (01/0004),Spicy Tomato Onion Chutney,2405.84,39,0.13928627530238286,2026-09-01,2026-09-30
Manisquare (01/0004),Homemade Sparkling Lemonade,2294.27,20,0.13282692233814297,2026-09-01,2026-09-30
Manisquare (01/0004),Tomato Onion Uttapam,2121.15,9,0.12280412781300891,2026-09-01,2026-09-30
Manisquare (01/0004),Raw Mango Chutney,2114.84,33,0.12243880992106349,2026-09-01,2026-09-30
Manisquare (01/0004),Packaging Charge,1710,95,0.09900056976651592,2026-09-01,2026-09-30
Manisquare (01/0004),Filter Coffee Flask,1617.49,8,0.09364469683721745,2026-09-01,2026-09-30
Manisquare (01/0004),Dosa Coffee Benne Tiffin,1603.35,6,0.09282606054686741,2026-09-01,2026-09-30
Manisquare (01/0004),Jaggery Cinnamon Filter Coffee,1476.32,8,0.08547164979982619,2026-09-01,2026-09-30
Manisquare (01/0004),Benne Sada Dosa,1433.18,7,0.08297405647834812,2026-09-01,2026-09-30
Manisquare (01/0004),Filter Coffee Ice-Cream,997.5,10,0.057750332363800956,2026-09-01,2026-09-30
Manisquare (01/0004),Special White Coconut Chutney,879.12,13,0.05089671397259619,2026-09-01,2026-09-30
Manisquare (01/0004),Plain Uttapam,780,4,0.04515815463034059,2026-09-01,2026-09-30
Manisquare (01/0004),Chocolate Filter Coffee,738.16,4,0.042735824899913094,2026-09-01,2026-09-30
Manisquare (01/0004),Tomato Uttapam,705,3,0.040816024377423224,2026-09-01,2026-09-30
Manisquare (01/0004),Dahi Idli,553.62,3,0.03205186867493482,2026-09-01,2026-09-30
Manisquare (01/0004),Dadu`s Special Spicy Chutney,403.22,6,0.023344450141084532,2026-09-01,2026-09-30
Manisquare (01/0004),Iced Filter Coffee,346.5,3,0.020060641768478226,2026-09-01,2026-09-30
Manisquare (01/0004),Cold Coffee-Crunchy Oreo,205,1,0.01186848935797413,2026-09-01,2026-09-30
Manisquare (01/0004),Cold Coffee-Nuttela,205,1,0.01186848935797413,2026-09-01,2026-09-30
Manisquare (01/0004),Malkapodi & Ghee,110.25,1,0.0063829314717885255,2026-09-01,2026-09-30
Manisquare (01/0004),Homemade Lemonade,99.75,1,0.005775033236380095,2026-09-01,2026-09-30
Manisquare (01/0004),Regular Sambar,0,5451,0,2026-09-01,2026-09-30
Manisquare (01/0004),Jain Sambar,0,790,0,2026-09-01,2026-09-30
Forum (01/0003),Masala Dosa,161540.31,788,20.836818585204337,2026-09-01,2026-09-30
Forum (01/0003),Filter Coffee,69100.55,691,8.913166159504346,2026-09-01,2026-09-30
Forum (01/0003),Benne Masala Dosa,61739.7,252,7.963702238809249,2026-09-01,2026-09-30
Forum (01/0003),Idli Plate (2 pc),40150.09,322,5.178893995620206,2026-09-01,2026-09-30
Forum (01/0003),Plain Dosa,36388.8,228,4.693731392079684,2026-09-01,2026-09-30
Forum (01/0003),Cold Coffee-Classic,24359.21,132,3.1420543866041566,2026-09-01,2026-09-30
Forum (01/0003),Rava Plain Dosa,22140.01,108,2.855803432868303,2026-09-01,2026-09-30
Forum (01/0003),Benne Dosa,19680.01,96,2.538492083647773,2026-09-01,2026-09-30
Forum (01/0003),Paper Plain Dosa,18245,89,2.3533925067189303,2026-09-01,2026-09-30
Forum (01/0003),Medu Vada Plate (2 pc),16119.6,101,2.0792406605265263,2026-09-01,2026-09-30
Forum (01/0003),Thatte Idli Plate,14025.03,76,1.809065525267646,2026-09-01,2026-09-30
Forum (01/0003),Malabar Paratha with Paneer Korma,12557.99,42,1.6198344513812695,2026-09-01,2026-09-30
Forum (01/0003),Schweppes Bottled water (500ml),12115.47,187,1.5627545252605097,2026-09-01,2026-09-30
Forum (01/0003),Mixed Uttapam,11515,49,1.485300888729432,2026-09-01,2026-09-30
Forum (01/0003),Black Coffee,11200,140,1.444669557426803,2026-09-01,2026-09-30
Forum (01/0003),Potato Masala,11172.235,224,1.4410881957962716,2026-09-01,2026-09-30
Forum (01/0003),Ghee Roast Masala Dosa,10800.06,48,1.3930819553913318,2026-09-01,2026-09-30
Forum (01/0003),Garlic Ghee Roast Dosa,10560,44,1.3621170112881287,2026-09-01,2026-09-30
Forum (01/0003),Cheese,10179.55,157,1.3130433922592868,2026-09-01,2026-09-30
Forum (01/0003),Garlic Benne Dosa,10140,39,1.3079419028846235,2026-09-01,2026-09-30
Forum (01/0003),Idli Vada Plate,8379.25,56,1.0808256597382624,2026-09-01,2026-09-30
Forum (01/0003),Malkapodi Idli Plate (2pc),8304.3,45,1.0711579826553035,2026-09-01,2026-09-30
Forum (01/0003),Plain Ghee Roast Dosa,7995,39,1.0312618849667223,2026-09-01,2026-09-30
Forum (01/0003),Butter,7975.035,123,1.0286866324922557,2026-09-01,2026-09-30
Forum (01/0003),Mysore Dosa,7858.92,35,1.0137091498439867,2026-09-01,2026-09-30
Forum (01/0003),Guntur Karampodi Dosa,7773.99,26,1.002754168994678,2026-09-01,2026-09-30
Forum (01/0003),Upma,7461.48,44,0.9624440186918697,2026-09-01,2026-09-30
Forum (01/0003),Mysore Ghee Roast Dosa,6500,25,0.8384242967209126,2026-09-01,2026-09-30
Forum (01/0003),Filter Coffee Cappuccino,6064.8,38,0.7822885653466138,2026-09-01,2026-09-30
Forum (01/0003),Ghee Idli Plate (2pc),5905.2,37,0.7617020241532818,2026-09-01,2026-09-30
Forum (01/0003),Fresh Buttermilk.,5887.35,63,0.759399582046133,2026-09-01,2026-09-30
Forum (01/0003),Raw Mango Ghee Roast Dosa,5460,21,0.7042764092455664,2026-09-01,2026-09-30
Forum (01/0003),Raw Mango Benne Dosa,5460,21,0.7042764092455664,2026-09-01,2026-09-30
Forum (01/0003),Homemade Sparkling Lemonade.,5139.75,55,0.6629678890878938,2026-09-01,2026-09-30
Forum (01/0003),Mysore Benne Dosa,4680,18,0.603665493639057,2026-09-01,2026-09-30
Forum (01/0003),Onion Uttapam,4465,19,0.575932997670596,2026-09-01,2026-09-30
Forum (01/0003),Onion,4214.495,169,0.5436207702167388,2026-09-01,2026-09-30
Forum (01/0003),Srivilli Kheer,4189.5,42,0.5403967063249635,2026-09-01,2026-09-30
Forum (01/0003),Ghee,3695.7575,57,0.47670967427515964,2026-09-01,2026-09-30
Forum (01/0003),Garlic Dosa,3592.64,16,0.4634087177494491,2026-09-01,2026-09-30
Forum (01/0003),Malkapodi Dosa,3368.1,15,0.43444567289010855,2026-09-01,2026-09-30
Forum (01/0003),Lemon Iced Tea.,3364.2,36,0.4339426183120759,2026-09-01,2026-09-30
Forum (01/0003),Thindi Podi Ghee Masala Dosa,3360,14,0.4334008672280409,2026-09-01,2026-09-30
Forum (01/0003),Idli Fries,3351.6,21,0.4323173650599708,2026-09-01,2026-09-30
Forum (01/0003),Butter Idli Plate (2pc),3351.6,21,0.4323173650599708,2026-09-01,2026-09-30
Forum (01/0003),Masala Uttapam,3290,14,0.4243716824941234,2026-09-01,2026-09-30
Forum (01/0003),Tomato Onion Uttapam,3290,14,0.4243716824941234,2026-09-01,2026-09-30
Forum (01/0003),Homemade Sparkling Lemonade,3097.2,27,0.3995027279698477,2026-09-01,2026-09-30
Forum (01/0003),Fresh Buttermilk,3092.25,31,0.39886423562080636,2026-09-01,2026-09-30
Forum (01/0003),Jaggery Cinnamon Filter Coffee,2952.63,16,0.38085488172724125,2026-09-01,2026-09-30
Forum (01/0003),Cold Coffee-Nuttela,2665,13,0.34375396165557415,2026-09-01,2026-09-30
Forum (01/0003),Dahi Vada Plate (2 pc),2399.02,13,0.30944563943375436,2026-09-01,2026-09-30
Forum (01/0003),Chocolate Filter Coffee,2399.01,13,0.309444349550221,2026-09-01,2026-09-30
Forum (01/0003),Sambar Vada Plate (2pc),2394,15,0.3087981178999792,2026-09-01,2026-09-30
Forum (01/0003),Tomato Uttapam,2350,10,0.30312263035294523,2026-09-01,2026-09-30
Forum (01/0003),Homemade Lemonade.,2336.25,25,0.3013490404944972,2026-09-01,2026-09-30
Forum (01/0003),Lemon Iced Tea,2294.23,20,0.29592894988707985,2026-09-01,2026-09-30
Forum (01/0003),Kesari Halwa,2094.75,21,0.27019835316248175,2026-09-01,2026-09-30
Forum (01/0003),Spicy Tomato Onion Ghee Roast Dosa,2074.8,8,0.2676250355133153,2026-09-01,2026-09-30
Forum (01/0003),Thindi Podi Idli,1920.17,11,0.2476795664360915,2026-09-01,2026-09-30
Forum (01/0003),Sambar Idli Plate (2pc),1915.2,12,0.24703849431998331,2026-09-01,2026-09-30
Forum (01/0003),Dahi Idli,1845.4,10,0.23803510725673416,2026-09-01,2026-09-30
Forum (01/0003),Cold Coffee-Crunchy Oreo,1435,7,0.18509828704530915,2026-09-01,2026-09-30
Forum (01/0003),Packaging Charge,1350,75,0.17413427701126644,2026-09-01,2026-09-30
Forum (01/0003),Open Butter Masala Dosa,1175,5,0.15156131517647262,2026-09-01,2026-09-30
Forum (01/0003),Spicy Tomato Onion Chutney,1167.12,18,0.1505448869521402,2026-09-01,2026-09-30
Forum (01/0003),Plain Uttapam,975,5,0.12576364450813687,2026-09-01,2026-09-30
Forum (01/0003),Benne Masala Dosa - Forum,775,5,0.0999659738398011,2026-09-01,2026-09-30
Forum (01/0003),Filter Coffee Ice-Cream,698.25,7,0.09006611772082726,2026-09-01,2026-09-30
Forum (01/0003),Raw Mango Chutney,583.56,9,0.0752724434760701,2026-09-01,2026-09-30
Forum (01/0003),Homemade Lemonade,498.75,5,0.06433294122916232,2026-09-01,2026-09-30
Forum (01/0003),Garlic Benne Masala Dosa - Forum,370,2,0.047725690736421175,2026-09-01,2026-09-30
Forum (01/0003),Irish Filter Coffee,369.08,2,0.04760702145134682,2026-09-01,2026-09-30
Forum (01/0003),Iced Filter Coffee,346.5,3,0.04469446443289172,2026-09-01,2026-09-30
Forum (01/0003),Medu Vada - Forum,310,2,0.03998638953592044,2026-09-01,2026-09-30
Forum (01/0003),Benne Sada Dosa,205,1,0.02644261243504416,2026-09-01,2026-09-30
Forum (01/0003),Special White Coconut Chutney,194.52,3,0.02509081449202337,2026-09-01,2026-09-30
Forum (01/0003),Dadu`s Special Spicy Chutney,194.52,3,0.02509081449202337,2026-09-01,2026-09-30
Forum (01/0003),Dahi Vada - Forum,185,1,0.023862845368210588,2026-09-01,2026-09-30
Forum (01/0003),Garlic Ghee Roast Masala Dosa - Forum,185,1,0.023862845368210588,2026-09-01,2026-09-30
Forum (01/0003),Ghee Roast Masala Dosa - Forum,155,1,0.01999319476796022,2026-09-01,2026-09-30
Forum (01/0003),Ghee Podi Thatte Idli - Forum,155,1,0.01999319476796022,2026-09-01,2026-09-30
Forum (01/0003),Regular Sambar,0,2638,0,2026-09-01,2026-09-30
Forum (01/0003),Jain Sambar,0,172,0,2026-09-01,2026-09-30
Salt Lake Sec-3 (01/0002),Masala Dosa,525864.1,2697,19.502464786495384,2026-09-01,2026-09-30
Salt Lake Sec-3 (01/0002),Filter Coffee,216274.63,2215,8.020871468098543,2026-09-01,2026-09-30
Salt Lake Sec-3 (01/0002),Idli Plate (2 pc),160071.66,1191,5.9364993968324935,2026-09-01,2026-09-30
Salt Lake Sec-3 (01/0002),Benne Masala Dosa,127981.34,532,4.746381387659841,2026-09-01,2026-09-30
Salt Lake Sec-3 (01/0002),Medu Vada Plate (2 pc),106086.4,675,3.9343744521180737,2026-09-01,2026-09-30
Salt Lake Sec-3 (01/0002),Plain Dosa,104621.61,658,3.880050501510663,2026-09-01,2026-09-30
Salt Lake Sec-3 (01/0002),Thatte Idli Plate,102439.86,559,3.7991370058985146,2026-09-01,2026-09-30
Salt Lake Sec-3 (01/0002),Ghee Roast Masala Dosa,98037.85,398,3.6358818131314092,2026-09-01,2026-09-30
Salt Lake Sec-3 (01/0002),Malabar Paratha with Paneer Korma,85853.6,298,3.1840104901510875,2026-09-01,2026-09-30
Salt Lake Sec-3 (01/0002),Cold Coffee-Classic,68721.43,388,2.5486380771241226,2026-09-01,2026-09-30
Salt Lake Sec-3 (01/0002),Rava Plain Dosa,57224.08,284,2.1222414786246007,2026-09-01,2026-09-30
Salt Lake Sec-3 (01/0002),Idli Vada Plate,56325.4,345,2.0889125728211284,2026-09-01,2026-09-30
Salt Lake Sec-3 (01/0002),Garlic Ghee Roast Dosa,51887.13,219,1.9243126231612087,2026-09-01,2026-09-30
Salt Lake Sec-3 (01/0002),Dahi Vada Plate (2 pc),50019.78,276,1.8550591266417429,2026-09-01,2026-09-30
Salt Lake Sec-3 (01/0002),Paper Plain Dosa,36316.1,183,1.3468374460870118,2026-09-01,2026-09-30
Salt Lake Sec-3 (01/0002),Plain Ghee Roast Dosa,35541.31,174,1.3181031881448386,2026-09-01,2026-09-30
Salt Lake Sec-3 (01/0002),Fresh Watermelon Juice,34998.52,223,1.2979730007799628,2026-09-01,2026-09-30
Salt Lake Sec-3 (01/0002),Malkapodi Dosa,33511.8,146,1.2428357429839307,2026-09-01,2026-09-30
Salt Lake Sec-3 (01/0002),Benne Dosa,32447.07,161,1.2033486220108023,2026-09-01,2026-09-30
Salt Lake Sec-3 (01/0002),Mysore Dosa,31789.61,142,1.178965724417053,2026-09-01,2026-09-30
Salt Lake Sec-3 (01/0002),Mysore Ghee Roast Dosa,30790.46,129,1.1419107368424555,2026-09-01,2026-09-30
Salt Lake Sec-3 (01/0002),Fresh Buttermilk,30046.99,297,1.1143380284282174,2026-09-01,2026-09-30
Salt Lake Sec-3 (01/0002),Dosa Coffee Tiffin,29457.82,99,1.0924877686781043,2026-09-01,2026-09-30
Salt Lake Sec-3 (01/0002),Cheese,28740.42,484,1.0658819056084787,2026-09-01,2026-09-30
Salt Lake Sec-3 (01/0002),Upma,27835.02,171,1.032303778450354,2026-09-01,2026-09-30
Salt Lake Sec-3 (01/0002),Garlic Benne Dosa,23650.65,100,0.8771200939610199,2026-09-01,2026-09-30
Salt Lake Sec-3 (01/0002),Potato Masala,22665.572,570,0.8405869877707486,2026-09-01,2026-09-30
Salt Lake Sec-3 (01/0002),Malkapodi Idli Plate (2pc),22199.29,119,0.8232942151978032,2026-09-01,2026-09-30
Salt Lake Sec-3 (01/0002),Homemade Sparkling Lemonade,22115.33,196,0.8201804317250884,2026-09-01,2026-09-30
Salt Lake Sec-3 (01/0002),Guntur Karampodi Dosa,20057.06,69,0.7438463785046843,2026-09-01,2026-09-30
Salt Lake Sec-3 (01/0002),Schweppes Bottled water (500ml),19971.88,311,0.7406873494884162,2026-09-01,2026-09-30
Salt Lake Sec-3 (01/0002),Butter,18956.7615,314,0.703040145961174,2026-09-01,2026-09-30
Salt Lake Sec-3 (01/0002),Onion Uttapam,18240.11,79,0.6764620421451137,2026-09-01,2026-09-30
Salt Lake Sec-3 (01/0002),Black Coffee,17408.08,227,0.6456049523070593,2026-09-01,2026-09-30
Salt Lake Sec-3 (01/0002),Raw Mango Ghee Roast Dosa,17351.15,75,0.6434936172296215,2026-09-01,2026-09-30
Salt Lake Sec-3 (01/0002),Mixed Uttapam,17311.92,70,0.6420387133988138,2026-09-01,2026-09-30
Salt Lake Sec-3 (01/0002),Idli Fries,16255.44,149,0.6028575561423352,2026-09-01,2026-09-30
Salt Lake Sec-3 (01/0002),Srivilli Kheer,16177.46,156,0.5999655500060521,2026-09-01,2026-09-30
Salt Lake Sec-3 (01/0002),Spicy Tomato Onion Ghee Roast Dosa,14558.28,60,0.5399158129485165,2026-09-01,2026-09-30
Salt Lake Sec-3 (01/0002),Kesari Halwa,14253.15,125,0.5285996058138152,2026-09-01,2026-09-30
Salt Lake Sec-3 (01/0002),Mysore Benne Dosa,13384.29,56,0.4963766197716146,2026-09-01,2026-09-30
Salt Lake Sec-3 (01/0002),Thindi Podi Ghee Masala Dosa,13364.53,56,0.4956437903121,2026-09-01,2026-09-30
Salt Lake Sec-3 (01/0002),Filter Coffee Flask,13140.37,61,0.48733047798189755,2026-09-01,2026-09-30
Salt Lake Sec-3 (01/0002),Butter Idli Plate (2pc),12457.37,74,0.4620003908944232,2026-09-01,2026-09-30
Salt Lake Sec-3 (01/0002),Ghee Idli Plate (2pc),12197.61,76,0.45236679876873886,2026-09-01,2026-09-30
Salt Lake Sec-3 (01/0002),Onion,11966.4255,467,0.4437929722412509,2026-09-01,2026-09-30
Salt Lake Sec-3 (01/0002),Sambar Vada Plate (2pc),11805.73,71,0.4378333367953282,2026-09-01,2026-09-30
Salt Lake Sec-3 (01/0002),Open Butter Masala Dosa,10956.67,45,0.4063446636730866,2026-09-01,2026-09-30
Salt Lake Sec-3 (01/0002),Dosa Coffee Benne Tiffin,10103.23,40,0.3746935516321874,2026-09-01,2026-09-30
Salt Lake Sec-3 (01/0002),Spicy Tomato Onion Chutney,9793.62,156,0.36321119692771753,2026-09-01,2026-09-30
Salt Lake Sec-3 (01/0002),Raw Mango Benne Dosa,9147.96,39,0.33926592016505464,2026-09-01,2026-09-30
Salt Lake Sec-3 (01/0002),Garlic Dosa,8438.85,35,0.31296750427252323,2026-09-01,2026-09-30
Salt Lake Sec-3 (01/0002),Cold Coffee-Nuttela,8190,40,0.3037385259830386,2026-09-01,2026-09-30
Salt Lake Sec-3 (01/0002),Cold Coffee-Crunchy Oreo,7649.96,38,0.2837103265237126,2026-09-01,2026-09-30
Salt Lake Sec-3 (01/0002),Lemon Iced Tea,7236.59,65,0.26837987542656866,2026-09-01,2026-09-30
Salt Lake Sec-3 (01/0002),Ghee,7213.1475,122,0.26751047488989493,2026-09-01,2026-09-30
Salt Lake Sec-3 (01/0002),Special White Coconut Chutney,6549.79,100,0.24290885959687988,2026-09-01,2026-09-30
Salt Lake Sec-3 (01/0002),Mango Shake,6378.66,35,0.23656224495078984,2026-09-01,2026-09-30
Salt Lake Sec-3 (01/0002),Raw Mango Chutney,6094.4,100,0.2260200333029341,2026-09-01,2026-09-30
Salt Lake Sec-3 (01/0002),Vegetable Uttapam,5837.42,25,0.216489541678133,2026-09-01,2026-09-30
Salt Lake Sec-3 (01/0002),Rasam & Papad,5713.77,73,0.21190379457950015,2026-09-01,2026-09-30
Salt Lake Sec-3 (01/0002),Strawberry Shake,4743.2,26,0.1759087394923991,2026-09-01,2026-09-30
Salt Lake Sec-3 (01/0002),Sambar Idli Plate (2pc),4512.78,29,0.16736326560265405,2026-09-01,2026-09-30
Salt Lake Sec-3 (01/0002),Masala Uttapam,4237.72,18,0.1571622498570015,2026-09-01,2026-09-30
Salt Lake Sec-3 (01/0002),Tomato Onion Uttapam,4091.83,18,0.15175169875130365,2026-09-01,2026-09-30
Salt Lake Sec-3 (01/0002),Filter Coffee Ice-Cream,3993.67,39,0.14811128682084027,2026-09-01,2026-09-30
Salt Lake Sec-3 (01/0002),Dosa Batter Kit (1 Kg),3404.39,7,0.1262569475545051,2026-09-01,2026-09-30
Salt Lake Sec-3 (01/0002),Rasam Vada Plate (2 Pc),3292.19,20,0.12209584100807079,2026-09-01,2026-09-30
Salt Lake Sec-3 (01/0002),Benne Sada Dosa,2744.94,13,0.10180024780364859,2026-09-01,2026-09-30
Salt Lake Sec-3 (01/0002),Iced Filter Coffee,2724.85,24,0.10105517979546796,2026-09-01,2026-09-30
Salt Lake Sec-3 (01/0002),Dadu`s Special Spicy Chutney,2272.19,36,0.08426759967684988,2026-09-01,2026-09-30
Salt Lake Sec-3 (01/0002),Extra Paratha(1 Pc),2155.76,22,0.07994961718842435,2026-09-01,2026-09-30
Salt Lake Sec-3 (01/0002),Appalam Papad (1pc),2087.74,69,0.07742699270278741,2026-09-01,2026-09-30
Salt Lake Sec-3 (01/0002),Rasam Idli Plate (2pc),1662.35,11,0.06165076174211284,2026-09-01,2026-09-30
Salt Lake Sec-3 (01/0002),Plain Uttapam,1554,8,0.05763243826344835,2026-09-01,2026-09-30
Salt Lake Sec-3 (01/0002),Dahi Idli,1537.87,9,0.05703423283925953,2026-09-01,2026-09-30
Salt Lake Sec-3 (01/0002),Thindi Podi Idli,1480.5,9,0.054906579696933897,2026-09-01,2026-09-30
Salt Lake Sec-3 (01/0002),Malkapodi & Ghee,1398.59,17,0.05186882357199241,2026-09-01,2026-09-30
Salt Lake Sec-3 (01/0002),Homemade Lemonade,1345.9,14,0.0499147353016571,2026-09-01,2026-09-30
Salt Lake Sec-3 (01/0002),Packaging Charge,1334.91,91,0.04950715454456875,2026-09-01,2026-09-30
Salt Lake Sec-3 (01/0002),Benne Dosa Batter Kit (1 Kg),1047.9,2,0.03886295499116314,2026-09-01,2026-09-30
Salt Lake Sec-3 (01/0002),Dosa Coffee Glass Bottle,926.31,47,0.03435360610541495,2026-09-01,2026-09-30
Salt Lake Sec-3 (01/0002),Fresh Buttermilk.,566.5065,6,0.021009749605593434,2026-09-01,2026-09-30
Salt Lake Sec-3 (01/0002),Tomato Uttapam,472.5,2,0.017523376499021456,2026-09-01,2026-09-30
Salt Lake Sec-3 (01/0002),Homemade Sparkling Lemonade.,367.731,4,0.013637859816638433,2026-09-01,2026-09-30
Salt Lake Sec-3 (01/0002),Extra Paneer Korma,363,2,0.013462403532581563,2026-09-01,2026-09-30
Salt Lake Sec-3 (01/0002),Regular Masala Dosa,252,49,0.00934580079947811,2026-09-01,2026-09-30
Salt Lake Sec-3 (01/0002),Ghee Roast Masala Dosa.,150.3075,2,0.005574380768522048,2026-09-01,2026-09-30
Salt Lake Sec-3 (01/0002),Jain Sambar,0,491,0,2026-09-01,2026-09-30
Salt Lake Sec-3 (01/0002),Regular Sambar,0,9458,0,2026-09-01,2026-09-30
Santoshpur (01/0012),Masala Dosa,554843.87,2952,20.031967861027926,2026-09-01,2026-09-30
Santoshpur (01/0012),Idli Plate (2 pc),181072.15,1326,6.537391301317301,2026-09-01,2026-09-30
Santoshpur (01/0012),Benne Masala Dosa,139368.34,582,5.031725605483958,2026-09-01,2026-09-30
Santoshpur (01/0012),Filter Coffee,132024.25,1373,4.766576105231759,2026-09-01,2026-09-30
Santoshpur (01/0012),Plain Dosa,120988.83,774,4.368155593218272,2026-09-01,2026-09-30
Santoshpur (01/0012),Medu Vada Plate (2 pc),114352.91,719,4.128573715584204,2026-09-01,2026-09-30
Santoshpur (01/0012),Ghee Roast Masala Dosa,98814.71,385,3.567585769518901,2026-09-01,2026-09-30
Santoshpur (01/0012),Malabar Paratha with Paneer Korma,98677.96,354,3.56264857591704,2026-09-01,2026-09-30
Santoshpur (01/0012),Dahi Vada Plate (2 pc),78273.48,434,2.825969467286017,2026-09-01,2026-09-30
Santoshpur (01/0012),Garlic Ghee Roast Dosa,77427.55,324,2.7954281862357657,2026-09-01,2026-09-30
Santoshpur (01/0012),Thatte Idli Plate,64351.35,353,2.32332777690012,2026-09-01,2026-09-30
Santoshpur (01/0012),Idli Vada Plate,51876.43,290,1.8729358558198812,2026-09-01,2026-09-30
Santoshpur (01/0012),Dosa Coffee Tiffin,51251.82,180,1.8503850660892915,2026-09-01,2026-09-30
Santoshpur (01/0012),Rava Plain Dosa,49193.86,244,1.7760849056148127,2026-09-01,2026-09-30
Santoshpur (01/0012),Plain Ghee Roast Dosa,46695.54,226,1.685886079147534,2026-09-01,2026-09-30
Santoshpur (01/0012),Benne Dosa,43209.75,213,1.5600358408628565,2026-09-01,2026-09-30
Santoshpur (01/0012),Mysore Ghee Roast Dosa,38494.06,161,1.389781548384919,2026-09-01,2026-09-30
Santoshpur (01/0012),Kesari Halwa,35543.77,284,1.2832648908958273,2026-09-01,2026-09-30
Santoshpur (01/0012),Fresh Watermelon Juice,34770.8,223,1.2553577425343636,2026-09-01,2026-09-30
Santoshpur (01/0012),Filter Coffee Flask,31109.38,148,1.1231665952018268,2026-09-01,2026-09-30
Santoshpur (01/0012),Paper Plain Dosa,30194.7,151,1.090143178428519,2026-09-01,2026-09-30
Santoshpur (01/0012),Mixed Uttapam,30006.33,122,1.083342307066307,2026-09-01,2026-09-30
Santoshpur (01/0012),Garlic Benne Dosa,29317.99,125,1.058490622650185,2026-09-01,2026-09-30
Santoshpur (01/0012),Malkapodi Idli Plate (2pc),28451.38,155,1.0272027151744376,2026-09-01,2026-09-30
Santoshpur (01/0012),Onion Uttapam,28185.99,123,1.0176211297265563,2026-09-01,2026-09-30
Santoshpur (01/0012),Cold Coffee-Classic,25588.93,145,0.9238574148040841,2026-09-01,2026-09-30
Santoshpur (01/0012),Malkapodi Dosa,24981.63,111,0.9019315817188196,2026-09-01,2026-09-30
Santoshpur (01/0012),Idli Fries,24272.94,208,0.8763451851286728,2026-09-01,2026-09-30
Santoshpur (01/0012),Cheese,22191.1995,393,0.8011864584205626,2026-09-01,2026-09-30
Santoshpur (01/0012),Potato Masala,21896.319,568,0.7905401540848153,2026-09-01,2026-09-30
Santoshpur (01/0012),Fresh Buttermilk,21336.81,205,0.7703397573390498,2026-09-01,2026-09-30
Santoshpur (01/0012),Upma,21193.25,133,0.7651566969113853,2026-09-01,2026-09-30
Santoshpur (01/0012),Homemade Sparkling Lemonade,20664.87,188,0.7460801751172275,2026-09-01,2026-09-30
Santoshpur (01/0012),Srivilli Kheer,20557.6,183,0.7422073213134133,2026-09-01,2026-09-30
Santoshpur (01/0012),Ghee Idli Plate (2pc),19873,115,0.7174906650806253,2026-09-01,2026-09-30
Santoshpur (01/0012),Schweppes Bottled water (500ml),19263.19,284,0.6954742114765988,2026-09-01,2026-09-30
Santoshpur (01/0012),Raw Mango Ghee Roast Dosa,18912.62,83,0.6828173049975914,2026-09-01,2026-09-30
Santoshpur (01/0012),Guntur Karampodi Dosa,17842.14,61,0.6441689173784344,2026-09-01,2026-09-30
Santoshpur (01/0012),Black Coffee,17296.45,233,0.6244674389389514,2026-09-01,2026-09-30
Santoshpur (01/0012),Mysore Dosa,17130.16,78,0.6184637393115042,2026-09-01,2026-09-30
Santoshpur (01/0012),Dosa Coffee Benne Tiffin,15782.04,60,0.5697914947883577,2026-09-01,2026-09-30
Santoshpur (01/0012),Raw Mango Benne Dosa,14703.61,63,0.5308560820201345,2026-09-01,2026-09-30
Santoshpur (01/0012),Filter Coffee Cappuccino,12946.41,115,0.46741449812843844,2026-09-01,2026-09-30
Santoshpur (01/0012),Butter,12706.097,222,0.45873828748095086,2026-09-01,2026-09-30
Santoshpur (01/0012),Mango Shake,12062.75,69,0.4355110209933735,2026-09-01,2026-09-30
Santoshpur (01/0012),Onion,11326.6505,449,0.40893503750721066,2026-09-01,2026-09-30
Santoshpur (01/0012),Tomato Onion Uttapam,10689.62,49,0.3859358206239196,2026-09-01,2026-09-30
Santoshpur (01/0012),Mysore Benne Dosa,10602.19,45,0.382779266060039,2026-09-01,2026-09-30
Santoshpur (01/0012),Garlic Dosa,10246.62,45,0.36994184061935476,2026-09-01,2026-09-30
Santoshpur (01/0012),Cold Coffee-Crunchy Oreo,9745.09,50,0.3518347056494012,2026-09-01,2026-09-30
Santoshpur (01/0012),Spicy Tomato Onion Ghee Roast Dosa,9668.95,42,0.3490857629009869,2026-09-01,2026-09-30
Santoshpur (01/0012),Open Butter Masala Dosa,9660.26,41,0.34877202094559256,2026-09-01,2026-09-30
Santoshpur (01/0012),Butter Idli Plate (2pc),8928.75,55,0.3223617358143528,2026-09-01,2026-09-30
Santoshpur (01/0012),Ghee,8781.3245,157,0.3170391161774161,2026-09-01,2026-09-30
Santoshpur (01/0012),Jaggery Cinnamon Filter Coffee,8424.63,66,0.30416109202225067,2026-09-01,2026-09-30
Santoshpur (01/0012),Dosa Batter Kit (1 Kg),7713.18,16,0.27847504896525827,2026-09-01,2026-09-30
Santoshpur (01/0012),Spicy Tomato Onion Chutney,7096.99,114,0.25622825316613224,2026-09-01,2026-09-30
Santoshpur (01/0012),Sambar Vada Plate (2pc),6243.15,39,0.2254013911185078,2026-09-01,2026-09-30
Santoshpur (01/0012),Iced Filter Coffee,5682.97,52,0.2051767687280854,2026-09-01,2026-09-30
Santoshpur (01/0012),Vegetable Uttapam,5593.15,25,0.20193392610052327,2026-09-01,2026-09-30
Santoshpur (01/0012),Masala Uttapam,5504.52,24,0.1987340469858403,2026-09-01,2026-09-30
Santoshpur (01/0012),Thindi Podi Ghee Masala Dosa,5201.42,23,0.1877909875289924,2026-09-01,2026-09-30
Santoshpur (01/0012),Raw Mango Chutney,5021.76,80,0.18130458019802148,2026-09-01,2026-09-30
Santoshpur (01/0012),Strawberry Shake,4913.89,28,0.1774100641188061,2026-09-01,2026-09-30
Santoshpur (01/0012),Chocolate Filter Coffee,4584.38,36,0.16551350350638136,2026-09-01,2026-09-30
Santoshpur (01/0012),Rasam & Papad,4103.48,54,0.14815118977230635,2026-09-01,2026-09-30
Santoshpur (01/0012),Cold Coffee-Nuttela,4067.31,22,0.14684531560353634,2026-09-01,2026-09-30
Santoshpur (01/0012),Lemon Iced Tea,3127.21,28,0.11290414042906367,2026-09-01,2026-09-30
Santoshpur (01/0012),Homemade Lemonade,3028.31,32,0.10933347536709646,2026-09-01,2026-09-30
Santoshpur (01/0012),Filter Coffee Ice-Cream,2819.88,29,0.10180836193063723,2026-09-01,2026-09-30
Santoshpur (01/0012),Rasam Vada Plate (2 Pc),2591.1,16,0.09354853632015338,2026-09-01,2026-09-30
Santoshpur (01/0012),Packaging Charge,2447,168,0.08834597984462789,2026-09-01,2026-09-30
Santoshpur (01/0012),Benne Sada Dosa,2137.78,12,0.07718196517868763,2026-09-01,2026-09-30
Santoshpur (01/0012),Dadu`s Special Spicy Chutney,2093.52,35,0.07558401132992455,2026-09-01,2026-09-30
Santoshpur (01/0012),Dahi Idli,2080,12,0.07509588805755046,2026-09-01,2026-09-30
Santoshpur (01/0012),Special White Coconut Chutney,2075.63,32,0.07493811448504495,2026-09-01,2026-09-30
Santoshpur (01/0012),Thindi Podi Idli,1575.13,9,0.05686816642119687,2026-09-01,2026-09-30
Santoshpur (01/0012),Fresh Sweet Lime Juice,1552.47,10,0.05605005448687759,2026-09-01,2026-09-30
Santoshpur (01/0012),Sambar Idli Plate (2pc),1442.11,10,0.05206563996474717,2026-09-01,2026-09-30
Santoshpur (01/0012),Malkapodi & Ghee,1290.41,16,0.04658869466747294,2026-09-01,2026-09-30
Santoshpur (01/0012),Rasam Idli Plate (2pc),1246.82,8,0.04501493035957455,2026-09-01,2026-09-30
Santoshpur (01/0012),Extra Paratha(1 Pc),1193.29,12,0.043082294355862694,2026-09-01,2026-09-30
Santoshpur (01/0012),Appalam Papad (1pc),1095.58,37,0.03955459280677459,2026-09-01,2026-09-30
Santoshpur (01/0012),Plain Uttapam,777,4,0.028052646644575345,2026-09-01,2026-09-30
Santoshpur (01/0012),Tomato Uttapam,753.75,3,0.02721323347277821,2026-09-01,2026-09-30
Santoshpur (01/0012),Dosa Coffee Glass Bottle,725.09,37,0.026178498784446766,2026-09-01,2026-09-30
Santoshpur (01/0012),Fresh Buttermilk.,495.4635,6,0.017888111313751037,2026-09-01,2026-09-30
Santoshpur (01/0012),Regular Masala Dosa,453.6,101,0.01637668020331966,2026-09-01,2026-09-30
Santoshpur (01/0012),Dahi Vada,384.3,2,0.013874687394479156,2026-09-01,2026-09-30
Santoshpur (01/0012),Irish Filter Coffee,252.42,2,0.009113319261291773,2026-09-01,2026-09-30
Santoshpur (01/0012),Lemon Iced Tea.,198.2505,2,0.007157594882381447,2026-09-01,2026-09-30
Santoshpur (01/0012),Homemade Sparkling Lemonade.,183.96,2,0.006641653638012973,2026-09-01,2026-09-30
Santoshpur (01/0012),Homemade Lemonade.,152.7225,2,0.00551386142493714,2026-09-01,2026-09-30
Santoshpur (01/0012),Ghee Roast Masala Dosa.,119.8365,2,0.004326552110196466,2026-09-01,2026-09-30
Santoshpur (01/0012),Jain Sambar,0,637,0,2026-09-01,2026-09-30
Santoshpur (01/0012),Regular Sambar,0,9943,0,2026-09-01,2026-09-30
Rangoli Mall (01/0010),Masala Dosa,544772.01,2847,20.720171871352555,2026-09-01,2026-09-30
Rangoli Mall (01/0010),Garlic Ghee Roast Dosa,154717.73,647,5.884623105261079,2026-09-01,2026-09-30
Rangoli Mall (01/0010),Filter Coffee,145576.04,1511,5.536922811344318,2026-09-01,2026-09-30
Rangoli Mall (01/0010),Idli Plate (2 pc),142853.55,1062,5.43337406125703,2026-09-01,2026-09-30
Rangoli Mall (01/0010),Benne Masala Dosa,133452.22,565,5.075798470287695,2026-09-01,2026-09-30
Rangoli Mall (01/0010),Plain Dosa,111199.03,712,4.229407846279932,2026-09-01,2026-09-30
Rangoli Mall (01/0010),Medu Vada Plate (2 pc),97988.95,619,3.7269680677855894,2026-09-01,2026-09-30
Rangoli Mall (01/0010),Ghee Roast Masala Dosa,88607.54,347,3.370150125550221,2026-09-01,2026-09-30
Rangoli Mall (01/0010),Malabar Paratha with Paneer Korma,85350.35,305,3.2462642882113117,2026-09-01,2026-09-30
Rangoli Mall (01/0010),Dahi Vada Plate (2 pc),69283.86,383,2.6351821693459043,2026-09-01,2026-09-30
Rangoli Mall (01/0010),Thatte Idli Plate,54845.48,302,2.0860245223810767,2026-09-01,2026-09-30
Rangoli Mall (01/0010),Idli Vada Plate,40578.13,235,1.543371928778219,2026-09-01,2026-09-30
Rangoli Mall (01/0010),Mysore Ghee Roast Dosa,38978.62,164,1.4825352457225918,2026-09-01,2026-09-30
Rangoli Mall (01/0010),Rava Plain Dosa,35988.52,182,1.3688080630199941,2026-09-01,2026-09-30
Rangoli Mall (01/0010),Cold Coffee-Classic,34935.52,197,1.3287576555467204,2026-09-01,2026-09-30
Rangoli Mall (01/0010),Dosa Coffee Tiffin,34217.14,126,1.3014343775593984,2026-09-01,2026-09-30
Rangoli Mall (01/0010),Fresh Watermelon Juice,32341.54,208,1.2300967286924738,2026-09-01,2026-09-30
Rangoli Mall (01/0010),Benne Dosa,31070.4,151,1.1817494590290578,2026-09-01,2026-09-30
Rangoli Mall (01/0010),Paper Plain Dosa,30142.83,151,1.1464697282978287,2026-09-01,2026-09-30
Rangoli Mall (01/0010),Cheese,28775.8945,496,1.0944789175051572,2026-09-01,2026-09-30
Rangoli Mall (01/0010),Plain Ghee Roast Dosa,28560.48,140,1.086285718549173,2026-09-01,2026-09-30
Rangoli Mall (01/0010),Idli Fries,27219.05,249,1.0352649986091222,2026-09-01,2026-09-30
Rangoli Mall (01/0010),Mixed Uttapam,26384.08,107,1.0035072695227414,2026-09-01,2026-09-30
Rangoli Mall (01/0010),Malkapodi Dosa,25269.08,112,0.9610987183995695,2026-09-01,2026-09-30
Rangoli Mall (01/0010),Kesari Halwa,25129.31,208,0.9557826258520487,2026-09-01,2026-09-30
Rangoli Mall (01/0010),Mysore Dosa,25079.53,116,0.9538892647086301,2026-09-01,2026-09-30
Rangoli Mall (01/0010),Malkapodi Idli Plate (2pc),24041.84,132,0.9144211665785816,2026-09-01,2026-09-30
Rangoli Mall (01/0010),Potato Masala,22734.0445,584,0.8646797205513134,2026-09-01,2026-09-30
Rangoli Mall (01/0010),Onion Uttapam,21791.02,94,0.8288121844807719,2026-09-01,2026-09-30
Rangoli Mall (01/0010),Srivilli Kheer,20936.65,192,0.7963165846394229,2026-09-01,2026-09-30
Rangoli Mall (01/0010),Open Butter Masala Dosa,20156.34,86,0.7666378254224522,2026-09-01,2026-09-30
Rangoli Mall (01/0010),Guntur Karampodi Dosa,19981.5,68,0.7599878603297389,2026-09-01,2026-09-30
Rangoli Mall (01/0010),Garlic Benne Dosa,19353.76,83,0.736112036220268,2026-09-01,2026-09-30
Rangoli Mall (01/0010),Filter Coffee Flask,17331.32,83,0.659189390360584,2026-09-01,2026-09-30
Rangoli Mall (01/0010),Schweppes Bottled water (500ml),17106.17,252,0.6506259057997031,2026-09-01,2026-09-30
Rangoli Mall (01/0010),Upma,16563.16,103,0.6299727512298434,2026-09-01,2026-09-30
Rangoli Mall (01/0010),Homemade Sparkling Lemonade,16480.2,149,0.6268174028879795,2026-09-01,2026-09-30
Rangoli Mall (01/0010),Cold Coffee-Nuttela,16439.69,84,0.6252766222547959,2026-09-01,2026-09-30
Rangoli Mall (01/0010),Cold Coffee-Crunchy Oreo,14618.71,73,0.5560164218742815,2026-09-01,2026-09-30
Rangoli Mall (01/0010),Raw Mango Ghee Roast Dosa,14362.77,61,0.5462818527492013,2026-09-01,2026-09-30
Rangoli Mall (01/0010),Butter,14010.166,244,0.5328707094664793,2026-09-01,2026-09-30
Rangoli Mall (01/0010),Ghee Idli Plate (2pc),13314.44,76,0.50640906674117,2026-09-01,2026-09-30
Rangoli Mall (01/0010),Fresh Buttermilk,12975.12,125,0.49350317475272637,2026-09-01,2026-09-30
Rangoli Mall (01/0010),Onion,12762.895,503,0.4854312870736993,2026-09-01,2026-09-30
Rangoli Mall (01/0010),Mysore Benne Dosa,11985.73,51,0.4558721465950985,2026-09-01,2026-09-30
Rangoli Mall (01/0010),Sambar Vada Plate (2pc),11131.27,70,0.42337312364199947,2026-09-01,2026-09-30
Rangoli Mall (01/0010),Dosa Coffee Benne Tiffin,11092.29,42,0.4218905359085634,2026-09-01,2026-09-30
Rangoli Mall (01/0010),Raw Mango Benne Dosa,10081.76,44,0.3834554568354702,2026-09-01,2026-09-30
Rangoli Mall (01/0010),Mango Shake,9983.35,57,0.3797124743098816,2026-09-01,2026-09-30
Rangoli Mall (01/0010),Paniyaram (10 Pcs),9297.92,37,0.3536424355687554,2026-09-01,2026-09-30
Rangoli Mall (01/0010),Garlic Dosa,9212.85,42,0.35040683427364483,2026-09-01,2026-09-30
Rangoli Mall (01/0010),Vegetable Uttapam,9130.12,41,0.34726023388403054,2026-09-01,2026-09-30
Rangoli Mall (01/0010),Tomato Onion Uttapam,8798.05,41,0.3346300925643249,2026-09-01,2026-09-30
Rangoli Mall (01/0010),Spicy Tomato Onion Ghee Roast Dosa,8752.69,37,0.3329048442423993,2026-09-01,2026-09-30
Rangoli Mall (01/0010),Black Coffee,8359.63,114,0.31795497419354374,2026-09-01,2026-09-30
Rangoli Mall (01/0010),Masala Uttapam,7878.57,34,0.2996580615448325,2026-09-01,2026-09-30
Rangoli Mall (01/0010),Butter Idli Plate (2pc),7442.43,48,0.2830696620050476,2026-09-01,2026-09-30
Rangoli Mall (01/0010),Spicy Tomato Onion Chutney,6966.41,111,0.264964443614328,2026-09-01,2026-09-30
Rangoli Mall (01/0010),Thindi Podi Ghee Masala Dosa,5751.42,24,0.21875281533707014,2026-09-01,2026-09-30
Rangoli Mall (01/0010),Bisbelle Bhaat,4836.93,27,0.1839705768468195,2026-09-01,2026-09-30
Rangoli Mall (01/0010),Ghee,4829.849,86,0.18370125402125612,2026-09-01,2026-09-30
Rangoli Mall (01/0010),Lemon Iced Tea,4388.19,40,0.16690294166205522,2026-09-01,2026-09-30
Rangoli Mall (01/0010),Iced Filter Coffee,4224.19,39,0.1606652713623241,2026-09-01,2026-09-30
Rangoli Mall (01/0010),Strawberry Shake,3939.06,22,0.14982047299304163,2026-09-01,2026-09-30
Rangoli Mall (01/0010),Raw Mango Chutney,3503.69,55,0.13326136007600545,2026-09-01,2026-09-30
Rangoli Mall (01/0010),Filter Coffee Ice-Cream,3381.01,34,0.1285952784152066,2026-09-01,2026-09-30
Rangoli Mall (01/0010),Filter Coffee Cappuccino,3377.74,30,0.12847090535496195,2026-09-01,2026-09-30
Rangoli Mall (01/0010),Jaggery Cinnamon Filter Coffee,3362.11,27,0.12787642494773757,2026-09-01,2026-09-30
Rangoli Mall (01/0010),Rasam & Papad,3333.84,44,0.1268011875125339,2026-09-01,2026-09-30
Rangoli Mall (01/0010),Thindi Podi Idli,3046.4,18,0.11586852927500521,2026-09-01,2026-09-30
Rangoli Mall (01/0010),Rasam Vada Plate (2 Pc),2919.32,18,0.11103509548421357,2026-09-01,2026-09-30
Rangoli Mall (01/0010),Cheese Paniyaram (10 Pcs),2821.04,11,0.10729705745337469,2026-09-01,2026-09-30
Rangoli Mall (01/0010),Rasam Idli Plate (2pc),2808.16,18,0.1068071721273958,2026-09-01,2026-09-30
Rangoli Mall (01/0010),Dosa Batter Kit (1 Kg),2731.65,6,0.10389714679427127,2026-09-01,2026-09-30
Rangoli Mall (01/0010),Plain Uttapam,2711.27,14,0.10312200215580467,2026-09-01,2026-09-30
Rangoli Mall (01/0010),Special White Coconut Chutney,2173.39,35,0.08266396495568656,2026-09-01,2026-09-30
Rangoli Mall (01/0010),Packaging Charge,2020.25,138,0.07683935014043765,2026-09-01,2026-09-30
Rangoli Mall (01/0010),Tomato Rice,1957.53,10,0.07445382159654049,2026-09-01,2026-09-30
Rangoli Mall (01/0010),Sambar Idli Plate (2pc),1929.61,13,0.07339189626258626,2026-09-01,2026-09-30
Rangoli Mall (01/0010),Tomato Uttapam,1678.95,7,0.06385814969349723,2026-09-01,2026-09-30
Rangoli Mall (01/0010),Dahi Idli,1664.13,10,0.06329447729202155,2026-09-01,2026-09-30
Rangoli Mall (01/0010),Curd Rice,1642.27,8,0.06246304148255738,2026-09-01,2026-09-30
Rangoli Mall (01/0010),Homemade Lemonade,1628.07,17,0.061922950517580656,2026-09-01,2026-09-30
Rangoli Mall (01/0010),Chocolate Filter Coffee,1500.11,12,0.05705604630079045,2026-09-01,2026-09-30
Rangoli Mall (01/0010),Appalam Papad (1pc),1414.06,50,0.05378317112218154,2026-09-01,2026-09-30
Rangoli Mall (01/0010),Dadu`s Special Spicy Chutney,1368.71,22,0.052058303146005895,2026-09-01,2026-09-30
Rangoli Mall (01/0010),Homemade Sparkling Lemonade.,1355.7705,15,0.05156615476281461,2026-09-01,2026-09-30
Rangoli Mall (01/0010),Benne Sada Dosa,1344.47,8,0.051136345048045644,2026-09-01,2026-09-30
Rangoli Mall (01/0010),Lemon Rice,1242,6,0.04723894214796365,2026-09-01,2026-09-30
Rangoli Mall (01/0010),Coconut Rice,1185.27,6,0.045081240708306665,2026-09-01,2026-09-30
Rangoli Mall (01/0010),Fresh Buttermilk.,1167.4635,13,0.04440397804859836,2026-09-01,2026-09-30
Rangoli Mall (01/0010),Extra Paratha(1 Pc),870.45,9,0.03310719580732283,2026-09-01,2026-09-30
Rangoli Mall (01/0010),Malkapodi & Ghee,518.2,6,0.01970951676415037,2026-09-01,2026-09-30
Rangoli Mall (01/0010),Lemon Iced Tea.,433.5765,5,0.01649089790677662,2026-09-01,2026-09-30
Rangoli Mall (01/0010),Dahi Vada,425.5,2,0.01618371166180236,2026-09-01,2026-09-30
Rangoli Mall (01/0010),Dosa Coffee Glass Bottle,355.33,18,0.01351482553416741,2026-09-01,2026-09-30
Rangoli Mall (01/0010),Regular Masala Dosa,302.4,76,0.011501655479504193,2026-09-01,2026-09-30
Rangoli Mall (01/0010),Homemade Lemonade.,235.956,3,0.008974486178313132,2026-09-01,2026-09-30
Rangoli Mall (01/0010),Extra Paneer Korma,173.25,1,0.006589490118465944,2026-09-01,2026-09-30
Rangoli Mall (01/0010),Ghee Roast Masala Dosa.,123.228,2,0.004686924607897958,2026-09-01,2026-09-30
Rangoli Mall (01/0010),Irish Filter Coffee,121.17,1,0.004608649452551333,2026-09-01,2026-09-30
Rangoli Mall (01/0010),Regular Sambar,0,9271,0,2026-09-01,2026-09-30
Rangoli Mall (01/0010),Jain Sambar,0,648,0,2026-09-01,2026-09-30
James long Sarani (01/0011),Masala Dosa,625547.95,3276,20.484264978792545,2026-09-01,2026-09-30
James long Sarani (01/0011),Idli Plate (2 pc),186318.39,1388,6.101203386857893,2026-09-01,2026-09-30
James long Sarani (01/0011),Garlic Ghee Roast Dosa,175427.81,742,5.744579204023085,2026-09-01,2026-09-30
James long Sarani (01/0011),Filter Coffee,158221.81,1653,5.181149552906645,2026-09-01,2026-09-30
James long Sarani (01/0011),Benne Masala Dosa,149074.87,633,4.8816228056682975,2026-09-01,2026-09-30
James long Sarani (01/0011),Plain Dosa,142357.35,925,4.661650124628677,2026-09-01,2026-09-30
James long Sarani (01/0011),Medu Vada Plate (2 pc),106172.94,686,3.476751281076762,2026-09-01,2026-09-30
James long Sarani (01/0011),Ghee Roast Masala Dosa,102223.98,418,3.3474381836065317,2026-09-01,2026-09-30
James long Sarani (01/0011),Thatte Idli Plate,76435.68,430,2.5029715515080717,2026-09-01,2026-09-30
James long Sarani (01/0011),Dahi Vada Plate (2 pc),75256.45,415,2.4643563505615393,2026-09-01,2026-09-30
James long Sarani (01/0011),Malabar Paratha with Paneer Korma,72023.77,267,2.3584986401947434,2026-09-01,2026-09-30
James long Sarani (01/0011),Rava Plain Dosa,46818.23,239,1.5331151339526485,2026-09-01,2026-09-30
James long Sarani (01/0011),Idli Vada Plate,43319.27,254,1.4185377881389565,2026-09-01,2026-09-30
James long Sarani (01/0011),Mysore Ghee Roast Dosa,43156.74,182,1.4132155621017628,2026-09-01,2026-09-30
James long Sarani (01/0011),Cold Coffee-Classic,43088.43,244,1.4109786750003004,2026-09-01,2026-09-30
James long Sarani (01/0011),Plain Ghee Roast Dosa,38329.31,191,1.2551359851699344,2026-09-01,2026-09-30
James long Sarani (01/0011),Fresh Watermelon Juice,37978.32,247,1.2436424263389825,2026-09-01,2026-09-30
James long Sarani (01/0011),Paper Plain Dosa,37556.51,189,1.2298297876584394,2026-09-01,2026-09-30
James long Sarani (01/0011),Mysore Dosa,36002.87,162,1.1789541138725192,2026-09-01,2026-09-30
James long Sarani (01/0011),Cheese,34174.9335,592,1.1190962954104704,2026-09-01,2026-09-30
James long Sarani (01/0011),Potato Masala,33276.4115,859,1.089673190855057,2026-09-01,2026-09-30
James long Sarani (01/0011),Dosa Coffee Tiffin,31614.16,113,1.0352409124223718,2026-09-01,2026-09-30
James long Sarani (01/0011),Mixed Uttapam,31221.57,127,1.0223851152160597,2026-09-01,2026-09-30
James long Sarani (01/0011),Paniyaram (10 Pcs),28553.7,114,0.9350227379451068,2026-09-01,2026-09-30
James long Sarani (01/0011),Garlic Benne Dosa,27663.1,119,0.9058590481110778,2026-09-01,2026-09-30
James long Sarani (01/0011),Benne Dosa,27603.53,136,0.9039083620529001,2026-09-01,2026-09-30
James long Sarani (01/0011),Malkapodi Dosa,26207.43,116,0.8581915111913597,2026-09-01,2026-09-30
James long Sarani (01/0011),Idli Fries,25823.88,241,0.8456317388627702,2026-09-01,2026-09-30
James long Sarani (01/0011),Kesari Halwa,25127.61,204,0.8228316015163304,2026-09-01,2026-09-30
James long Sarani (01/0011),Srivilli Kheer,21478.9,197,0.7033505250124906,2026-09-01,2026-09-30
James long Sarani (01/0011),Onion Uttapam,21108.55,95,0.6912230013991596,2026-09-01,2026-09-30
James long Sarani (01/0011),Open Butter Masala Dosa,20971.99,90,0.6867511919631222,2026-09-01,2026-09-30
James long Sarani (01/0011),Cold Coffee-Nuttela,20572.88,104,0.6736818900883643,2026-09-01,2026-09-30
James long Sarani (01/0011),Malkapodi Idli Plate (2pc),19340.3,107,0.633319683917662,2026-09-01,2026-09-30
James long Sarani (01/0011),Guntur Karampodi Dosa,19133.62,66,0.626551716912388,2026-09-01,2026-09-30
James long Sarani (01/0011),Tomato Rice,17392.59,91,0.5695397486755371,2026-09-01,2026-09-30
James long Sarani (01/0011),Butter,17380.5975,302,0.5691470408938905,2026-09-01,2026-09-30
James long Sarani (01/0011),Dosa Coffee Benne Tiffin,17183.47,69,0.5626918811501699,2026-09-01,2026-09-30
James long Sarani (01/0011),Raw Mango Ghee Roast Dosa,16843.63,72,0.5515634414991522,2026-09-01,2026-09-30
James long Sarani (01/0011),Spicy Tomato Onion Ghee Roast Dosa,16604.06,69,0.543718454778359,2026-09-01,2026-09-30
James long Sarani (01/0011),Ghee Idli Plate (2pc),16339.12,96,0.5350426991252851,2026-09-01,2026-09-30
James long Sarani (01/0011),Cold Coffee-Crunchy Oreo,16212.96,81,0.5309114492830876,2026-09-01,2026-09-30
James long Sarani (01/0011),Raw Mango Benne Dosa,15993.33,67,0.5237194200912532,2026-09-01,2026-09-30
James long Sarani (01/0011),Upma,15850.62,97,0.519046222049243,2026-09-01,2026-09-30
James long Sarani (01/0011),Fresh Buttermilk,15294.43,149,0.5008331604629096,2026-09-01,2026-09-30
James long Sarani (01/0011),Onion,14275.56,564,0.4674691264844713,2026-09-01,2026-09-30
James long Sarani (01/0011),Homemade Sparkling Lemonade,13044.02,118,0.4271409762731531,2026-09-01,2026-09-30
James long Sarani (01/0011),Filter Coffee Flask,12842.2,67,0.42053215538576966,2026-09-01,2026-09-30
James long Sarani (01/0011),Schweppes Bottled water (500ml),12799.35,190,0.41912898436691925,2026-09-01,2026-09-30
James long Sarani (01/0011),Bisbelle Bhaat,12233.26,67,0.400591736244142,2026-09-01,2026-09-30
James long Sarani (01/0011),Tomato Onion Uttapam,11603.13,53,0.37995742693006535,2026-09-01,2026-09-30
James long Sarani (01/0011),Sambar Vada Plate (2pc),11596.96,73,0.3797553834017968,2026-09-01,2026-09-30
James long Sarani (01/0011),Butter Idli Plate (2pc),10595.23,66,0.34695261783089876,2026-09-01,2026-09-30
James long Sarani (01/0011),Black Coffee,10292.33,139,0.3370338196603089,2026-09-01,2026-09-30
James long Sarani (01/0011),Mysore Benne Dosa,10127.78,43,0.33164544647123473,2026-09-01,2026-09-30
James long Sarani (01/0011),Vegetable Uttapam,9049.5,40,0.2963359658129855,2026-09-01,2026-09-30
James long Sarani (01/0011),Curd Rice,8954.52,48,0.29322573983001216,2026-09-01,2026-09-30
James long Sarani (01/0011),Spicy Tomato Onion Chutney,8264.32,131,0.2706243714003616,2026-09-01,2026-09-30
James long Sarani (01/0011),Lemon Rice,8198.15,42,0.26845756098455464,2026-09-01,2026-09-30
James long Sarani (01/0011),Garlic Dosa,7720.5,34,0.252816379254009,2026-09-01,2026-09-30
James long Sarani (01/0011),Lemon Iced Tea,7535.49,68,0.2467580205562842,2026-09-01,2026-09-30
James long Sarani (01/0011),Thindi Podi Ghee Masala Dosa,7404.83,31,0.24247941319752134,2026-09-01,2026-09-30
James long Sarani (01/0011),Masala Uttapam,7222.77,31,0.23651765553843387,2026-09-01,2026-09-30
James long Sarani (01/0011),Mango Shake,6858.62,39,0.2245931578368151,2026-09-01,2026-09-30
James long Sarani (01/0011),Cheese Paniyaram (10 Pcs),6510.71,26,0.21320045703942347,2026-09-01,2026-09-30
James long Sarani (01/0011),Jaggery Cinnamon Filter Coffee,5214.46,43,0.17075330573989506,2026-09-01,2026-09-30
James long Sarani (01/0011),Filter Coffee Cappuccino,5050.18,46,0.1653737740018148,2026-09-01,2026-09-30
James long Sarani (01/0011),Strawberry Shake,4347.43,25,0.1423614418315208,2026-09-01,2026-09-30
James long Sarani (01/0011),Rasam Idli Plate (2pc),4347.2,28,0.14235391022511856,2026-09-01,2026-09-30
James long Sarani (01/0011),Ghee,4319.6135,76,0.1414505595294006,2026-09-01,2026-09-30
James long Sarani (01/0011),Dosa Batter Kit (1 Kg),4220.78,9,0.13821414639307508,2026-09-01,2026-09-30
James long Sarani (01/0011),Filter Coffee Ice-Cream,4168.2,42,0.13649235567729556,2026-09-01,2026-09-30
James long Sarani (01/0011),Iced Filter Coffee,3851.87,35,0.12613377718504495,2026-09-01,2026-09-30
James long Sarani (01/0011),Homemade Lemonade,3841.26,40,0.1257863409070986,2026-09-01,2026-09-30
James long Sarani (01/0011),Raw Mango Chutney,3657.01,59,0.11975286925661596,2026-09-01,2026-09-30
James long Sarani (01/0011),Special White Coconut Chutney,3629.02,56,0.11883630550357928,2026-09-01,2026-09-30
James long Sarani (01/0011),Packaging Charge,3418.13,236,0.11193047735502956,2026-09-01,2026-09-30
James long Sarani (01/0011),Plain Uttapam,3250.3,17,0.10643469690943663,2026-09-01,2026-09-30
James long Sarani (01/0011),Rasam & Papad,3178.03,42,0.10406813519339658,2026-09-01,2026-09-30
James long Sarani (01/0011),Chocolate Filter Coffee,3045.16,24,0.0997171589209427,2026-09-01,2026-09-30
James long Sarani (01/0011),Thindi Podi Idli,2893.84,17,0.09476201683057076,2026-09-01,2026-09-30
James long Sarani (01/0011),Rasam Vada Plate (2 Pc),2700.26,17,0.08842302392907589,2026-09-01,2026-09-30
James long Sarani (01/0011),Appalam Papad (1pc),1911.03,66,0.06257880775154315,2026-09-01,2026-09-30
James long Sarani (01/0011),Sambar Idli Plate (2pc),1746.75,11,0.057199276013462884,2026-09-01,2026-09-30
James long Sarani (01/0011),Dahi Idli,1689.94,10,0.05533896923211191,2026-09-01,2026-09-30
James long Sarani (01/0011),Dadu`s Special Spicy Chutney,1675.55,27,0.0548677526402506,2026-09-01,2026-09-30
James long Sarani (01/0011),Tomato Uttapam,1605.14,7,0.05256209869772424,2026-09-01,2026-09-30
James long Sarani (01/0011),Coconut Rice,1384.47,7,0.04533601354650578,2026-09-01,2026-09-30
James long Sarani (01/0011),Homemade Sparkling Lemonade.,1270.479,14,0.04160325117521587,2026-09-01,2026-09-30
James long Sarani (01/0011),Fresh Buttermilk.,1240.8585,14,0.040633294882010326,2026-09-01,2026-09-30
James long Sarani (01/0011),Benne Sada Dosa,842.22,4,0.027579432800377113,2026-09-01,2026-09-30
James long Sarani (01/0011),Malkapodi & Ghee,676.24,8,0.022144232667149932,2026-09-01,2026-09-30
James long Sarani (01/0011),Extra Paratha(1 Pc),471.29,5,0.015432916440466536,2026-09-01,2026-09-30
James long Sarani (01/0011),Lemon Iced Tea.,453.726,5,0.01485776368025445,2026-09-01,2026-09-30
James long Sarani (01/0011),Dahi Vada,425.5,2,0.013933471844126783,2026-09-01,2026-09-30
James long Sarani (01/0011),Rava Dosa Batter Kit (1 Kg),411.6,1,0.013478300848513713,2026-09-01,2026-09-30
James long Sarani (01/0011),Extra Paneer Korma,363,2,0.011886839669607572,2026-09-01,2026-09-30
James long Sarani (01/0011),Dosa Coffee Glass Bottle,290.86,15,0.009524534948490522,2026-09-01,2026-09-30
James long Sarani (01/0011),Regular Masala Dosa,277.2,79,0.009077223020427601,2026-09-01,2026-09-30
James long Sarani (01/0011),Ghee Roast Masala Dosa.,271.8765,4,0.008902899078330754,2026-09-01,2026-09-30
James long Sarani (01/0011),Benne Masala Dosa.,166.404,2,0.005449084485899114,2026-09-01,2026-09-30
James long Sarani (01/0011),Homemade Lemonade.,83.2335,1,0.0027255737455655154,2026-09-01,2026-09-30
James long Sarani (01/0011),Regular Sambar,0,10957,0,2026-09-01,2026-09-30
James long Sarani (01/0011),Jain Sambar,0,809,0,2026-09-01,2026-09-30
New Town - Cloud Kitchen (01/0013),Masala Dosa,526291.15,2857,21.073542008635574,2026-09-01,2026-09-30
New Town - Cloud Kitchen (01/0013),Idli Plate (2 pc),198915.4,1439,7.964891748729859,2026-09-01,2026-09-30
New Town - Cloud Kitchen (01/0013),Plain Dosa,125555.69,818,5.027451264643583,2026-09-01,2026-09-30
New Town - Cloud Kitchen (01/0013),Benne Masala Dosa,122269.91,509,4.8958833618560575,2026-09-01,2026-09-30
New Town - Cloud Kitchen (01/0013),Ghee Roast Masala Dosa,89344.62,356,3.5775019261022765,2026-09-01,2026-09-30
New Town - Cloud Kitchen (01/0013),Medu Vada Plate (2 pc),84997.14,546,3.4034218519613697,2026-09-01,2026-09-30
New Town - Cloud Kitchen (01/0013),Garlic Ghee Roast Dosa,75548.58,325,3.025086350630759,2026-09-01,2026-09-30
New Town - Cloud Kitchen (01/0013),Dahi Vada Plate (2 pc),71621.09,395,2.8678233499067374,2026-09-01,2026-09-30
New Town - Cloud Kitchen (01/0013),Filter Coffee,68870.83,726,2.7576985270882837,2026-09-01,2026-09-30
New Town - Cloud Kitchen (01/0013),Thatte Idli Plate,67113.25,368,2.6873222040900013,2026-09-01,2026-09-30
New Town - Cloud Kitchen (01/0013),Dosa Coffee Tiffin,64709.29,228,2.591063788862841,2026-09-01,2026-09-30
New Town - Cloud Kitchen (01/0013),Idli Vada Plate,55537.79,310,2.223822214437352,2026-09-01,2026-09-30
New Town - Cloud Kitchen (01/0013),Malabar Paratha with Paneer Korma,52176.43,198,2.0892279671919876,2026-09-01,2026-09-30
New Town - Cloud Kitchen (01/0013),Rava Plain Dosa,43226.97,218,1.730877230599507,2026-09-01,2026-09-30
New Town - Cloud Kitchen (01/0013),Plain Ghee Roast Dosa,36358.74,177,1.4558622822577552,2026-09-01,2026-09-30
New Town - Cloud Kitchen (01/0013),Paniyaram (10 Pcs),36068.94,140,1.4442582253130345,2026-09-01,2026-09-30
New Town - Cloud Kitchen (01/0013),Mysore Ghee Roast Dosa,33693.12,141,1.3491265808326807,2026-09-01,2026-09-30
New Town - Cloud Kitchen (01/0013),Filter Coffee Flask,30910.29,160,1.237697602960088,2026-09-01,2026-09-30
New Town - Cloud Kitchen (01/0013),Mixed Uttapam,30432.88,125,1.2185813406206154,2026-09-01,2026-09-30
New Town - Cloud Kitchen (01/0013),Benne Dosa,27078.22,135,1.0842553721244903,2026-09-01,2026-09-30
New Town - Cloud Kitchen (01/0013),Kesari Halwa,25458.56,188,1.0194015872001063,2026-09-01,2026-09-30
New Town - Cloud Kitchen (01/0013),Ghee Idli Plate (2pc),23784.88,138,0.9523847548079729,2026-09-01,2026-09-30
New Town - Cloud Kitchen (01/0013),Mysore Dosa,23698.59,103,0.9489295647673933,2026-09-01,2026-09-30
New Town - Cloud Kitchen (01/0013),Potato Masala,22981.2315,609,0.9202053795231577,2026-09-01,2026-09-30
New Town - Cloud Kitchen (01/0013),Garlic Benne Dosa,22523.42,96,0.9018738725668153,2026-09-01,2026-09-30
New Town - Cloud Kitchen (01/0013),Fresh Watermelon Juice,22197.46,146,0.888821911208288,2026-09-01,2026-09-30
New Town - Cloud Kitchen (01/0013),Paper Plain Dosa,22152.59,111,0.8870252444204701,2026-09-01,2026-09-30
New Town - Cloud Kitchen (01/0013),Tomato Rice,21969.45,114,0.879692024997226,2026-09-01,2026-09-30
New Town - Cloud Kitchen (01/0013),Dosa Coffee Benne Tiffin,21559.77,87,0.8632877805213349,2026-09-01,2026-09-30
New Town - Cloud Kitchen (01/0013),Malkapodi Idli Plate (2pc),21122.56,115,0.8457811906773,2026-09-01,2026-09-30
New Town - Cloud Kitchen (01/0013),Cheese,20420.4405,377,0.8176671994419691,2026-09-01,2026-09-30
New Town - Cloud Kitchen (01/0013),Onion Uttapam,19751.75,89,0.7908917589989262,2026-09-01,2026-09-30
New Town - Cloud Kitchen (01/0013),Malkapodi Dosa,18432.28,80,0.738058063288606,2026-09-01,2026-09-30
New Town - Cloud Kitchen (01/0013),Curd Rice,17556.66,97,0.702996833675299,2026-09-01,2026-09-30
New Town - Cloud Kitchen (01/0013),Srivilli Kheer,17454.75,146,0.6989161937745519,2026-09-01,2026-09-30
New Town - Cloud Kitchen (01/0013),Raw Mango Ghee Roast Dosa,16846.48,72,0.6745600870879912,2026-09-01,2026-09-30
New Town - Cloud Kitchen (01/0013),Cold Coffee-Classic,15717.28,90,0.6293451074400315,2026-09-01,2026-09-30
New Town - Cloud Kitchen (01/0013),Idli Fries,15632.44,130,0.6259479777257799,2026-09-01,2026-09-30
New Town - Cloud Kitchen (01/0013),Spicy Tomato Onion Ghee Roast Dosa,14611.34,61,0.5850614955095811,2026-09-01,2026-09-30
New Town - Cloud Kitchen (01/0013),Fresh Buttermilk,13833.7,132,0.5539235422918701,2026-09-01,2026-09-30
New Town - Cloud Kitchen (01/0013),Guntur Karampodi Dosa,13709,48,0.5489303542276648,2026-09-01,2026-09-30
New Town - Cloud Kitchen (01/0013),Raw Mango Benne Dosa,13172.84,55,0.5274616476318005,2026-09-01,2026-09-30
New Town - Cloud Kitchen (01/0013),Butter Idli Plate (2pc),13102.35,74,0.5246391149401739,2026-09-01,2026-09-30
New Town - Cloud Kitchen (01/0013),Lemon Rice,12995.88,71,0.5203758853235265,2026-09-01,2026-09-30
New Town - Cloud Kitchen (01/0013),Bisbelle Bhaat,12966.83,70,0.519212676716749,2026-09-01,2026-09-30
New Town - Cloud Kitchen (01/0013),Butter,12383.4255,219,0.495852224543504,2026-09-01,2026-09-30
New Town - Cloud Kitchen (01/0013),Tomato Onion Uttapam,11908.03,54,0.476816626016023,2026-09-01,2026-09-30
New Town - Cloud Kitchen (01/0013),Upma,10954.3,66,0.4386277466858347,2026-09-01,2026-09-30
New Town - Cloud Kitchen (01/0013),Onion,10027.275,404,0.40150817840019015,2026-09-01,2026-09-30
New Town - Cloud Kitchen (01/0013),Mysore Benne Dosa,8056.95,34,0.32261320428146356,2026-09-01,2026-09-30
New Town - Cloud Kitchen (01/0013),Spicy Tomato Onion Chutney,8038,127,0.32185441587876357,2026-09-01,2026-09-30
New Town - Cloud Kitchen (01/0013),Black Coffee,6803.32,91,0.27241584780247696,2026-09-01,2026-09-30
New Town - Cloud Kitchen (01/0013),Ghee,6681.179,121,0.2675251262038395,2026-09-01,2026-09-30
New Town - Cloud Kitchen (01/0013),Open Butter Masala Dosa,6448,28,0.2581882649398193,2026-09-01,2026-09-30
New Town - Cloud Kitchen (01/0013),Garlic Dosa,5742.92,24,0.22995573053476845,2026-09-01,2026-09-30
New Town - Cloud Kitchen (01/0013),Schweppes Bottled water (500ml),5586.82,84,0.22370523609352996,2026-09-01,2026-09-30
New Town - Cloud Kitchen (01/0013),Cold Coffee-Nuttela,5572.6,29,0.22313584447947224,2026-09-01,2026-09-30
New Town - Cloud Kitchen (01/0013),Dosa Batter Kit (1 Kg),5394.4,12,0.21600043058178675,2026-09-01,2026-09-30
New Town - Cloud Kitchen (01/0013),Cold Coffee-Crunchy Oreo,5343.81,27,0.21397472581700616,2026-09-01,2026-09-30
New Town - Cloud Kitchen (01/0013),Lemon Iced Tea,4926.66,44,0.1972713705565152,2026-09-01,2026-09-30
New Town - Cloud Kitchen (01/0013),Filter Coffee Cappuccino,4819.18,44,0.19296769891946006,2026-09-01,2026-09-30
New Town - Cloud Kitchen (01/0013),Homemade Sparkling Lemonade,4797.22,44,0.19208838528762406,2026-09-01,2026-09-30
New Town - Cloud Kitchen (01/0013),Jaggery Cinnamon Filter Coffee,4779.76,39,0.1913892588754266,2026-09-01,2026-09-30
New Town - Cloud Kitchen (01/0013),Mango Shake,4397.92,25,0.1760997726650326,2026-09-01,2026-09-30
New Town - Cloud Kitchen (01/0013),Vegetable Uttapam,4310.38,19,0.17259453061899788,2026-09-01,2026-09-30
New Town - Cloud Kitchen (01/0013),Cheese Paniyaram (10 Pcs),3929.63,16,0.15734868975736074,2026-09-01,2026-09-30
New Town - Cloud Kitchen (01/0013),Iced Filter Coffee,3620.87,33,0.14498544399389632,2026-09-01,2026-09-30
New Town - Cloud Kitchen (01/0013),Raw Mango Chutney,3448.71,56,0.13809188138657014,2026-09-01,2026-09-30
New Town - Cloud Kitchen (01/0013),Homemade Lemonade,3430.71,35,0.13737113250801603,2026-09-01,2026-09-30
New Town - Cloud Kitchen (01/0013),Sambar Vada Plate (2pc),3423.81,22,0.13709484543790365,2026-09-01,2026-09-30
New Town - Cloud Kitchen (01/0013),Thindi Podi Ghee Masala Dosa,3384.91,14,0.13553722702813953,2026-09-01,2026-09-30
New Town - Cloud Kitchen (01/0013),Special White Coconut Chutney,3095.86,47,0.12396320128669183,2026-09-01,2026-09-30
New Town - Cloud Kitchen (01/0013),Chocolate Filter Coffee,2919.34,23,0.1168950572843381,2026-09-01,2026-09-30
New Town - Cloud Kitchen (01/0013),Masala Uttapam,2764.96,12,0.11071343440260588,2026-09-01,2026-09-30
New Town - Cloud Kitchen (01/0013),Strawberry Shake,2763.02,16,0.11063575369013949,2026-09-01,2026-09-30
New Town - Cloud Kitchen (01/0013),Filter Coffee Ice-Cream,2320.04,24,0.09289812378892344,2026-09-01,2026-09-30
New Town - Cloud Kitchen (01/0013),Packaging Charge,2230.15,155,0.08929878397263308,2026-09-01,2026-09-30
New Town - Cloud Kitchen (01/0013),Dadu`s Special Spicy Chutney,2088.5,33,0.08362689071445605,2026-09-01,2026-09-30
New Town - Cloud Kitchen (01/0013),Rasam Idli Plate (2pc),1998.36,13,0.08001754049707463,2026-09-01,2026-09-30
New Town - Cloud Kitchen (01/0013),Rasam & Papad,1635.97,22,0.06550686349156268,2026-09-01,2026-09-30
New Town - Cloud Kitchen (01/0013),Rasam Vada Plate (2 Pc),1556.55,10,0.06232675927296459,2026-09-01,2026-09-30
New Town - Cloud Kitchen (01/0013),Dahi Idli,1195.38,7,0.04786493302477686,2026-09-01,2026-09-30
New Town - Cloud Kitchen (01/0013),Malkapodi & Ghee,1148.04,14,0.04596936347417961,2026-09-01,2026-09-30
New Town - Cloud Kitchen (01/0013),Plain Uttapam,1121.78,6,0.04491787094357793,2026-09-01,2026-09-30
New Town - Cloud Kitchen (01/0013),Appalam Papad (1pc),1098.41,37,0.04398209864958854,2026-09-01,2026-09-30
New Town - Cloud Kitchen (01/0013),Thindi Podi Idli,1055.07,6,0.04224669551644775,2026-09-01,2026-09-30
New Town - Cloud Kitchen (01/0013),Rava Dosa Batter Kit (1 Kg),926.63,2,0.03710375185192071,2026-09-01,2026-09-30
New Town - Cloud Kitchen (01/0013),Benne Sada Dosa,842.22,4,0.033723840027545686,2026-09-01,2026-09-30
New Town - Cloud Kitchen (01/0013),Ghee Roast Masala Dosa.,652.0605,9,0.026109548562467593,2026-09-01,2026-09-30
New Town - Cloud Kitchen (01/0013),Sambar Idli Plate (2pc),644.25,4,0.025796803611581664,2026-09-01,2026-09-30
New Town - Cloud Kitchen (01/0013),Fresh Buttermilk.,626.3145,7,0.025078637416509064,2026-09-01,2026-09-30
New Town - Cloud Kitchen (01/0013),Regular Masala Dosa,466.2,155,0.01866739595455083,2026-09-01,2026-09-30
New Town - Cloud Kitchen (01/0013),Tomato Uttapam,443.69,2,0.01776605944031458,2026-09-01,2026-09-30
New Town - Cloud Kitchen (01/0013),Homemade Lemonade.,256.011,3,0.010251091174861676,2026-09-01,2026-09-30
New Town - Cloud Kitchen (01/0013),Benne Masala Dosa.,223.2615,3,0.008939748652739062,2026-09-01,2026-09-30
New Town - Cloud Kitchen (01/0013),Coconut Rice,199.2,1,0.007976287589331886,2026-09-01,2026-09-30
New Town - Cloud Kitchen (01/0013),Extra Paneer Korma,189.75,1,0.0075978944280909915,2026-09-01,2026-09-30
New Town - Cloud Kitchen (01/0013),Dosa Coffee Glass Bottle,154.06,8,0.006168809568335694,2026-09-01,2026-09-30
New Town - Cloud Kitchen (01/0013),Lemon Iced Tea.,103.95,1,0.0041623247736498475,2026-09-01,2026-09-30
New Town - Cloud Kitchen (01/0013),Extra Paratha(1 Pc),99.75,1,0.003994150035320561,2026-09-01,2026-09-30
New Town - Cloud Kitchen (01/0013),Jain Sambar,0,751,0,2026-09-01,2026-09-30
New Town - Cloud Kitchen (01/0013),Regular Sambar,0,9383,0,2026-09-01,2026-09-30
Kalikapur (01/0014),Masala Dosa,464784.86,2518,20.93231847688733,2026-09-01,2026-09-30
Kalikapur (01/0014),Idli Plate (2 pc),180620.55,1309,8.134531051787167,2026-09-01,2026-09-30
Kalikapur (01/0014),Benne Masala Dosa,128036.22,527,5.766312899298852,2026-09-01,2026-09-30
Kalikapur (01/0014),Plain Dosa,92044.6,587,4.145373584840314,2026-09-01,2026-09-30
Kalikapur (01/0014),Medu Vada Plate (2 pc),80386.42,510,3.6203290801185415,2026-09-01,2026-09-30
Kalikapur (01/0014),Filter Coffee,79988.69,831,3.602416682912204,2026-09-01,2026-09-30
Kalikapur (01/0014),Ghee Roast Masala Dosa,74260.97,290,3.3444597882180926,2026-09-01,2026-09-30
Kalikapur (01/0014),Dosa Coffee Tiffin,65925.43,227,2.9690556109890114,2026-09-01,2026-09-30
Kalikapur (01/0014),Malabar Paratha with Paneer Korma,58906.13,216,2.6529303760043454,2026-09-01,2026-09-30
Kalikapur (01/0014),Thatte Idli Plate,55035.62,297,2.4786158598473924,2026-09-01,2026-09-30
Kalikapur (01/0014),Idli Vada Plate,51728.02,289,2.329652882451458,2026-09-01,2026-09-30
Kalikapur (01/0014),Dahi Vada Plate (2 pc),50507.82,279,2.2746992529259655,2026-09-01,2026-09-30
Kalikapur (01/0014),Garlic Ghee Roast Dosa,48378.05,204,2.1787817053481024,2026-09-01,2026-09-30
Kalikapur (01/0014),Plain Ghee Roast Dosa,38523.03,182,1.734945352253266,2026-09-01,2026-09-30
Kalikapur (01/0014),Filter Coffee Flask,38373.79,190,1.7282240937133673,2026-09-01,2026-09-30
Kalikapur (01/0014),Rava Plain Dosa,38069.34,187,1.7145127082773433,2026-09-01,2026-09-30
Kalikapur (01/0014),Benne Dosa,31970.34,161,1.4398346338010453,2026-09-01,2026-09-30
Kalikapur (01/0014),Mysore Ghee Roast Dosa,29282.24,120,1.3187718149783307,2026-09-01,2026-09-30
Kalikapur (01/0014),Mixed Uttapam,27027.54,111,1.2172278480129741,2026-09-01,2026-09-30
Kalikapur (01/0014),Garlic Benne Dosa,26167.73,111,1.1785049499615776,2026-09-01,2026-09-30
Kalikapur (01/0014),Kesari Halwa,26044.73,194,1.1729654511649579,2026-09-01,2026-09-30
Kalikapur (01/0014),Onion Uttapam,22860.47,101,1.0295572850013412,2026-09-01,2026-09-30
Kalikapur (01/0014),Malkapodi Idli Plate (2pc),20858.2,113,0.9393819008102187,2026-09-01,2026-09-30
Kalikapur (01/0014),Ghee Idli Plate (2pc),20005.96,119,0.9009999296359801,2026-09-01,2026-09-30
Kalikapur (01/0014),Paper Plain Dosa,18211.37,92,0.8201777414617842,2026-09-01,2026-09-30
Kalikapur (01/0014),Fresh Watermelon Juice,18210.12,116,0.8201214457423065,2026-09-01,2026-09-30
Kalikapur (01/0014),Cold Coffee-Classic,18024.56,102,0.8117644587772594,2026-09-01,2026-09-30
Kalikapur (01/0014),Cheese,17513.951,326,0.7887683779557694,2026-09-01,2026-09-30
Kalikapur (01/0014),Dosa Coffee Benne Tiffin,17178.51,66,0.7736612640058752,2026-09-01,2026-09-30
Kalikapur (01/0014),Paniyaram (10 Pcs),16813.16,63,0.7572071511168909,2026-09-01,2026-09-30
Kalikapur (01/0014),Fresh Buttermilk,16557.94,157,0.7457129162967825,2026-09-01,2026-09-30
Kalikapur (01/0014),Potato Masala,16454.9245,432,0.7410734509448867,2026-09-01,2026-09-30
Kalikapur (01/0014),Malkapodi Dosa,16346.02,71,0.7361687651993868,2026-09-01,2026-09-30
Kalikapur (01/0014),Mysore Dosa,15584.11,69,0.7018549478974953,2026-09-01,2026-09-30
Kalikapur (01/0014),Idli Fries,13730.09,114,0.6183562360364449,2026-09-01,2026-09-30
Kalikapur (01/0014),Butter Idli Plate (2pc),13701.26,79,0.6170578315624078,2026-09-01,2026-09-30
Kalikapur (01/0014),Raw Mango Ghee Roast Dosa,13614.36,60,0.6131441531443081,2026-09-01,2026-09-30
Kalikapur (01/0014),Upma,13554.77,83,0.6104604236053603,2026-09-01,2026-09-30
Kalikapur (01/0014),Black Coffee,12898.33,173,0.5808966139301314,2026-09-01,2026-09-30
Kalikapur (01/0014),Srivilli Kheer,12682.54,108,0.5711781712852322,2026-09-01,2026-09-30
Kalikapur (01/0014),Homemade Sparkling Lemonade,12672.67,115,0.5707336602842351,2026-09-01,2026-09-30
Kalikapur (01/0014),Schweppes Bottled water (500ml),10426.55,154,0.4695761071373744,2026-09-01,2026-09-30
Kalikapur (01/0014),Butter,10252.033,177,0.4617164590764825,2026-09-01,2026-09-30
Kalikapur (01/0014),Curd Rice,10244.41,57,0.4613731452608188,2026-09-01,2026-09-30
Kalikapur (01/0014),Filter Coffee Cappuccino,9799.67,87,0.4413435786363576,2026-09-01,2026-09-30
Kalikapur (01/0014),Raw Mango Benne Dosa,9428.44,39,0.4246246506829495,2026-09-01,2026-09-30
Kalikapur (01/0014),Tomato Onion Uttapam,9276.71,41,0.41779125106985077,2026-09-01,2026-09-30
Kalikapur (01/0014),Onion,8901.5195,356,0.4008939557588491,2026-09-01,2026-09-30
Kalikapur (01/0014),Dosa Batter Kit (1 Kg),8788.47,19,0.39580259340756063,2026-09-01,2026-09-30
Kalikapur (01/0014),Ghee,8235.801,150,0.37091227421708,2026-09-01,2026-09-30
Kalikapur (01/0014),Spicy Tomato Onion Ghee Roast Dosa,7547.7,33,0.3399225615223407,2026-09-01,2026-09-30
Kalikapur (01/0014),Tomato Rice,6534.39,33,0.29428654911906516,2026-09-01,2026-09-30
Kalikapur (01/0014),Mysore Benne Dosa,6485.87,27,0.2921013744718131,2026-09-01,2026-09-30
Kalikapur (01/0014),Lemon Rice,6039.73,35,0.27200875664153673,2026-09-01,2026-09-30
Kalikapur (01/0014),Cold Coffee-Crunchy Oreo,5995.53,31,0.27001814000080016,2026-09-01,2026-09-30
Kalikapur (01/0014),Guntur Karampodi Dosa,5968.3,21,0.26879179404769477,2026-09-01,2026-09-30
Kalikapur (01/0014),Garlic Dosa,5570.59,23,0.250880297572868,2026-09-01,2026-09-30
Kalikapur (01/0014),Bisbelle Bhaat,5570.5,30,0.2508762442810656,2026-09-01,2026-09-30
Kalikapur (01/0014),Jaggery Cinnamon Filter Coffee,5497.22,43,0.24757596402239646,2026-09-01,2026-09-30
Kalikapur (01/0014),Spicy Tomato Onion Chutney,5396.98,85,0.2430614976860291,2026-09-01,2026-09-30
Kalikapur (01/0014),Mango Shake,4540.1,26,0.20447055680108897,2026-09-01,2026-09-30
Kalikapur (01/0014),Open Butter Masala Dosa,4027.91,17,0.18140327315360325,2026-09-01,2026-09-30
Kalikapur (01/0014),Raw Mango Chutney,3759.23,60,0.16930284602615747,2026-09-01,2026-09-30
Kalikapur (01/0014),Sambar Vada Plate (2pc),3653.03,22,0.16451996169931982,2026-09-01,2026-09-30
Kalikapur (01/0014),Thindi Podi Ghee Masala Dosa,3469.92,16,0.15627331434444935,2026-09-01,2026-09-30
Kalikapur (01/0014),Chocolate Filter Coffee,3210.09,25,0.14457146091090672,2026-09-01,2026-09-30
Kalikapur (01/0014),Cold Coffee-Nuttela,2627.9,13,0.11835161697266176,2026-09-01,2026-09-30
Kalikapur (01/0014),Vegetable Uttapam,2569.25,11,0.11571022181476129,2026-09-01,2026-09-30
Kalikapur (01/0014),Strawberry Shake,2559.24,15,0.11525940569318271,2026-09-01,2026-09-30
Kalikapur (01/0014),Masala Uttapam,2556.26,11,0.11512519669794755,2026-09-01,2026-09-30
Kalikapur (01/0014),Homemade Lemonade,2386.19,24,0.10746582628866994,2026-09-01,2026-09-30
Kalikapur (01/0014),Rasam & Papad,2311.7,30,0.10411105177354624,2026-09-01,2026-09-30
Kalikapur (01/0014),Special White Coconut Chutney,2171.52,34,0.09779782460842287,2026-09-01,2026-09-30
Kalikapur (01/0014),Dadu`s Special Spicy Chutney,2037.82,33,0.09177643445307263,2026-09-01,2026-09-30
Kalikapur (01/0014),Iced Filter Coffee,1689.78,15,0.07610190468741747,2026-09-01,2026-09-30
Kalikapur (01/0014),Packaging Charge,1674.73,115,0.07542410422490423,2026-09-01,2026-09-30
Kalikapur (01/0014),Fresh Sweet Lime Juice,1552.47,10,0.06991793249421523,2026-09-01,2026-09-30
Kalikapur (01/0014),Lemon Iced Tea,1347.85,12,0.06070254839857001,2026-09-01,2026-09-30
Kalikapur (01/0014),Filter Coffee Ice-Cream,1287.03,13,0.05796342387165602,2026-09-01,2026-09-30
Kalikapur (01/0014),Malkapodi & Ghee,1244.01,16,0.05602595039010653,2026-09-01,2026-09-30
Kalikapur (01/0014),Sambar Idli Plate (2pc),960,6,0.04323511255898447,2026-09-01,2026-09-30
Kalikapur (01/0014),Dahi Idli,910.43,5,0.041002649507371064,2026-09-01,2026-09-30
Kalikapur (01/0014),Fresh Buttermilk.,859.089,10,0.03869042668040147,2026-09-01,2026-09-30
Kalikapur (01/0014),Rasam Vada Plate (2 Pc),815.49,5,0.03672687702158983,2026-09-01,2026-09-30
Kalikapur (01/0014),Benne Sada Dosa,793.31,4,0.035727965775174966,2026-09-01,2026-09-30
Kalikapur (01/0014),Rasam Idli Plate (2pc),787.5,5,0.03546630327104194,2026-09-01,2026-09-30
Kalikapur (01/0014),Extra Paratha(1 Pc),694.38,7,0.03127249735282045,2026-09-01,2026-09-30
Kalikapur (01/0014),Rava Dosa Batter Kit (1 Kg),515.03,1,0.02319518752213934,2026-09-01,2026-09-30
Kalikapur (01/0014),Dosa Coffee Glass Bottle,506.56,26,0.022813727726957472,2026-09-01,2026-09-30
Kalikapur (01/0014),Appalam Papad (1pc),494.14,16,0.02225437345822561,2026-09-01,2026-09-30
Kalikapur (01/0014),Ghee Roast Masala Dosa.,489.9825,7,0.0220671338952423,2026-09-01,2026-09-30
Kalikapur (01/0014),Dahi Vada,384.3,2,0.01730755599626847,2026-09-01,2026-09-30
Kalikapur (01/0014),Thindi Podi Idli,367.5,2,0.016550941526486243,2026-09-01,2026-09-30
Kalikapur (01/0014),Regular Masala Dosa,340.2,109,0.01532144301309012,2026-09-01,2026-09-30
Kalikapur (01/0014),Homemade Lemonade.,256.011,3,0.01152985875139393,2026-09-01,2026-09-30
Kalikapur (01/0014),Cheese Paniyaram (10 Pcs),239.96,1,0.010806976676722826,2026-09-01,2026-09-30
Kalikapur (01/0014),Tomato Uttapam,236.25,1,0.010639890981312584,2026-09-01,2026-09-30
Kalikapur (01/0014),Plain Uttapam,194.25,1,0.008748354806857013,2026-09-01,2026-09-30
Kalikapur (01/0014),Irish Filter Coffee,131.25,1,0.005911050545173658,2026-09-01,2026-09-30
Kalikapur (01/0014),Lemon Iced Tea.,114.45,1,0.005154436075391429,2026-09-01,2026-09-30
Kalikapur (01/0014),Homemade Sparkling Lemonade.,98.6685,1,0.004443691357839749,2026-09-01,2026-09-30
Kalikapur (01/0014),Benne Masala Dosa.,56.8575,1,0.0025606670961692284,2026-09-01,2026-09-30
Kalikapur (01/0014),Jain Sambar,0,581,0,2026-09-01,2026-09-30
Kalikapur (01/0014),Regular Sambar,0,8272,0,2026-09-01,2026-09-30
Events & Catering,Masala Dosa,287056.76,1521,19.67882384782226,2026-09-01,2026-09-30
Events & Catering,Idli Plate (2 pc),103121.07,761,7.069338382865288,2026-09-01,2026-09-30
Events & Catering,Benne Masala Dosa,80378.65,334,5.510259693852041,2026-09-01,2026-09-30
Events & Catering,Filter Coffee,77893.94,810,5.339923449539515,2026-09-01,2026-09-30
Events & Catering,Plain Dosa,59318.03,378,4.066474739594484,2026-09-01,2026-09-30
Events & Catering,Medu Vada Plate (2 pc),58963.09,375,4.042142263548471,2026-09-01,2026-09-30
Events & Catering,Ghee Roast Masala Dosa,48673.75,195,3.336769189002687,2026-09-01,2026-09-30
Events & Catering,Malabar Paratha with Paneer Korma,46040.54,167,3.1562527094593236,2026-09-01,2026-09-30
Events & Catering,Thatte Idli Plate,36931.96,205,2.5318251874466147,2026-09-01,2026-09-30
Events & Catering,Garlic Ghee Roast Dosa,35483.55,149,2.432531217677625,2026-09-01,2026-09-30
Events & Catering,Dahi Vada Plate (2 pc),31566.4,175,2.163995807344501,2026-09-01,2026-09-30
Events & Catering,Plain Ghee Roast Dosa,29314.33,141,2.009607912689224,2026-09-01,2026-09-30
Events & Catering,Rava Plain Dosa,27432.97,135,1.8806335870738342,2026-09-01,2026-09-30
Events & Catering,Idli Vada Plate,25403.9,144,1.7415331837079606,2026-09-01,2026-09-30
Events & Catering,Dosa Coffee Tiffin,24932.49,83,1.7092162497674332,2026-09-01,2026-09-30
Events & Catering,Benne Dosa,22317.5,112,1.5299488199608098,2026-09-01,2026-09-30
Events & Catering,Garlic Benne Dosa,20635.82,88,1.4146633116578324,2026-09-01,2026-09-30
Events & Catering,Mysore Ghee Roast Dosa,19130.65,79,1.3114782297561673,2026-09-01,2026-09-30
Events & Catering,Fresh Watermelon Juice,18210.12,116,1.2483724254663262,2026-09-01,2026-09-30
Events & Catering,Kesari Halwa,18064.12,143,1.238363574666986,2026-09-01,2026-09-30
Events & Catering,Cold Coffee-Classic,18024.56,102,1.2356515874230005,2026-09-01,2026-09-30
Events & Catering,Filter Coffee Flask,17041.88,81,1.1682851661661802,2026-09-01,2026-09-30
Events & Catering,Paper Plain Dosa,16833.58,85,1.1540054153339707,2026-09-01,2026-09-30
Events & Catering,Mixed Uttapam,15719.24,64,1.0776132043768683,2026-09-01,2026-09-30
Events & Catering,Onion Uttapam,15306.12,68,1.0492922698410911,2026-09-01,2026-09-30
Events & Catering,Fresh Buttermilk,13190.18,127,0.9042366002496101,2026-09-01,2026-09-30
Events & Catering,Potato Masala,12956.1895,333,0.8881956687224659,2026-09-01,2026-09-30
Events & Catering,Black Coffee,12662.08,170,0.8680333529404893,2026-09-01,2026-09-30
Events & Catering,Homemade Sparkling Lemonade,12552.07,114,0.8604917524169589,2026-09-01,2026-09-30
Events & Catering,Cheese,12341.8745,219,0.8460820579087894,2026-09-01,2026-09-30
Events & Catering,Malkapodi Dosa,11916.86,53,0.8169457105248425,2026-09-01,2026-09-30
Events & Catering,Malkapodi Idli Plate (2pc),11742.74,64,0.8050091276400403,2026-09-01,2026-09-30
Events & Catering,Upma,11540.59,72,0.7911509825093097,2026-09-01,2026-09-30
Events & Catering,Idli Fries,10487.71,92,0.7189720864160942,2026-09-01,2026-09-30
Events & Catering,Mysore Dosa,9969.51,45,0.6834475214556959,2026-09-01,2026-09-30
Events & Catering,Schweppes Bottled water (500ml),9898.05,146,0.6785486688658269,2026-09-01,2026-09-30
Events & Catering,Filter Coffee Cappuccino,9799.67,87,0.6718043487176139,2026-09-01,2026-09-30
Events & Catering,Ghee Idli Plate (2pc),9559.38,58,0.6553315626999872,2026-09-01,2026-09-30
Events & Catering,Raw Mango Ghee Roast Dosa,9080.68,41,0.6225148717572185,2026-09-01,2026-09-30
Events & Catering,Dosa Coffee Benne Tiffin,8745.98,33,0.5995699240685938,2026-09-01,2026-09-30
Events & Catering,Raw Mango Benne Dosa,8435.39,35,0.5782778078373121,2026-09-01,2026-09-30
Events & Catering,Srivilli Kheer,8163.82,75,0.5596606598128131,2026-09-01,2026-09-30
Events & Catering,Butter,6972.568,119,0.4779958410976365,2026-09-01,2026-09-30
Events & Catering,Butter Idli Plate (2pc),6340.23,39,0.4346466856404223,2026-09-01,2026-09-30
Events & Catering,Dosa Batter Kit (1 Kg),6298.19,13,0.431764685040393,2026-09-01,2026-09-30
Events & Catering,Cold Coffee-Crunchy Oreo,5995.53,31,0.41101620022581525,2026-09-01,2026-09-30
Events & Catering,Onion,5856.78,231,0.4015043642778121,2026-09-01,2026-09-30
Events & Catering,Jaggery Cinnamon Filter Coffee,5497.22,43,0.37685516980239553,2026-09-01,2026-09-30
Events & Catering,Tomato Onion Uttapam,5431.69,24,0.37236284108403406,2026-09-01,2026-09-30
Events & Catering,Spicy Tomato Onion Ghee Roast Dosa,5228.34,23,0.35842243142618574,2026-09-01,2026-09-30
Events & Catering,Ghee,4912.8555,88,0.3367947787549221,2026-09-01,2026-09-30
Events & Catering,Guntur Karampodi Dosa,4626.78,16,0.31718322398199955,2026-09-01,2026-09-30
Events & Catering,Mango Shake,4540.1,26,0.31124098297318575,2026-09-01,2026-09-30
Events & Catering,Garlic Dosa,4290.97,18,0.29416218160579083,2026-09-01,2026-09-30
Events & Catering,Open Butter Masala Dosa,4027.91,17,0.2761284261861026,2026-09-01,2026-09-30
Events & Catering,Mysore Benne Dosa,3586.58,15,0.24587358972532947,2026-09-01,2026-09-30
Events & Catering,Thindi Podi Ghee Masala Dosa,3469.92,16,0.23787610661402098,2026-09-01,2026-09-30
Events & Catering,Sambar Vada Plate (2pc),3469.03,21,0.23781509375640858,2026-09-01,2026-09-30
Events & Catering,Chocolate Filter Coffee,3210.09,25,0.22006377987982506,2026-09-01,2026-09-30
Events & Catering,Spicy Tomato Onion Chutney,2876.94,46,0.19722509053872753,2026-09-01,2026-09-30
Events & Catering,Raw Mango Chutney,2742.8,44,0.1880292874824021,2026-09-01,2026-09-30
Events & Catering,Cold Coffee-Nuttela,2627.9,13,0.18015245901086646,2026-09-01,2026-09-30
Events & Catering,Strawberry Shake,2559.24,15,0.17544555698427253,2026-09-01,2026-09-30
Events & Catering,Masala Uttapam,2320.01,10,0.15904543796560003,2026-09-01,2026-09-30
Events & Catering,Rasam & Papad,2311.7,30,0.15847575611530879,2026-09-01,2026-09-30
Events & Catering,Homemade Lemonade,2098.49,22,0.14385940625964194,2026-09-01,2026-09-30
Events & Catering,Vegetable Uttapam,1885.7,8,0.12927184898846641,2026-09-01,2026-09-30
Events & Catering,Iced Filter Coffee,1689.78,15,0.11584079386102283,2026-09-01,2026-09-30
Events & Catering,Packaging Charge,1644.73,113,0.11275244640547295,2026-09-01,2026-09-30
Events & Catering,Fresh Sweet Lime Juice,1552.47,10,0.10642767534556102,2026-09-01,2026-09-30
Events & Catering,Lemon Iced Tea,1347.85,12,0.09240020239651292,2026-09-01,2026-09-30
Events & Catering,Special White Coconut Chutney,1303.46,20,0.08935710043087788,2026-09-01,2026-09-30
Events & Catering,Filter Coffee Ice-Cream,1287.03,13,0.08823076194708909,2026-09-01,2026-09-30
Events & Catering,Dadu`s Special Spicy Chutney,1174.84,20,0.08053971419929462,2026-09-01,2026-09-30
Events & Catering,Dahi Idli,910.43,5,0.06241341118659885,2026-09-01,2026-09-30
Events & Catering,Rasam Vada Plate (2 Pc),815.49,5,0.0559049160161237,2026-09-01,2026-09-30
Events & Catering,Benne Sada Dosa,793.31,4,0.05438439333989514,2026-09-01,2026-09-30
Events & Catering,Sambar Idli Plate (2pc),787.5,5,0.05398609592109948,2026-09-01,2026-09-30
Events & Catering,Rasam Idli Plate (2pc),787.5,5,0.05398609592109948,2026-09-01,2026-09-30
Events & Catering,Malkapodi & Ghee,772.21,10,0.05293790873807268,2026-09-01,2026-09-30
Events & Catering,Extra Paratha(1 Pc),694.38,7,0.047602368616753085,2026-09-01,2026-09-30
Events & Catering,Dosa Coffee Glass Bottle,506.56,26,0.03472659904735512,2026-09-01,2026-09-30
Events & Catering,Appalam Papad (1pc),494.14,16,0.0338751611916852,2026-09-01,2026-09-30
Events & Catering,Fresh Buttermilk.,400.8165,5,0.027477483194615075,2026-09-01,2026-09-30
Events & Catering,Dahi Vada,384.3,2,0.026345214809496545,2026-09-01,2026-09-30
Events & Catering,Thindi Podi Idli,367.5,2,0.025193511429846424,2026-09-01,2026-09-30
Events & Catering,Tomato Uttapam,236.25,1,0.016195828776329843,2026-09-01,2026-09-30
Events & Catering,Plain Uttapam,194.25,1,0.01331657032720454,2026-09-01,2026-09-30
Events & Catering,Regular Masala Dosa,151.2,29,0.0103653304168511,2026-09-01,2026-09-30
Events & Catering,Irish Filter Coffee,131.25,1,0.00899768265351658,2026-09-01,2026-09-30
Events & Catering,Lemon Iced Tea.,114.45,1,0.007845979273866458,2026-09-01,2026-09-30
Events & Catering,Homemade Sparkling Lemonade.,98.6685,1,0.006764097911607623,2026-09-01,2026-09-30
Events & Catering,Ghee Roast Masala Dosa.,53.2035,1,0.0036473006404294807,2026-09-01,2026-09-30
Events & Catering,Jain Sambar,0,314,0,2026-09-01,2026-09-30
Events & Catering,Regular Sambar,0,5259,0,2026-09-01,2026-09-30
Lake Road 01/0015,Masala Dosa,271027.76,1446,10.523835555671573,2026-09-01,2026-09-30
Lake Road 01/0015,Idli Plate (2 pc),202618.83,1496,7.867560309698806,2026-09-01,2026-09-30
Lake Road 01/0015,Benne Masala Dosa,145417.33,610,5.646462443053164,2026-09-01,2026-09-30
Lake Road 01/0015,Thatte Idli Plate,140116.9,781,5.440650117059884,2026-09-01,2026-09-30
Lake Road 01/0015,Filter Coffee,99440.49,1041,3.8612109856769052,2026-09-01,2026-09-30
Lake Road 01/0015,Plain Dosa,93377.62,600,3.6257935993714776,2026-09-01,2026-09-30
Lake Road 01/0015,Medu Vada Plate (2 pc),89049.72,571,3.4577439947797153,2026-09-01,2026-09-30
Lake Road 01/0015,Garlic Ghee Roast Dosa,84728.3,367,3.2899460044668776,2026-09-01,2026-09-30
Lake Road 01/0015,Benne Dosa,73480.36,364,2.8531956476028406,2026-09-01,2026-09-30
Lake Road 01/0015,Rava Plain Dosa,73142.8,365,2.8400884074803807,2026-09-01,2026-09-30
Lake Road 01/0015,Idli Vada Plate,65982.94,405,2.5620755971260807,2026-09-01,2026-09-30
Lake Road 01/0015,Ghee Roast Masala Dosa,57866.93,238,2.246936090353099,2026-09-01,2026-09-30
Lake Road 01/0015,Malabar Paratha with Paneer Korma,57319.9,215,2.2256952633469687,2026-09-01,2026-09-30
Lake Road 01/0015,Garlic Benne Dosa,56064.68,237,2.1769558690273976,2026-09-01,2026-09-30
Lake Road 01/0015,Plain Ghee Roast Dosa,42776.12,213,1.66096953533348,2026-09-01,2026-09-30
Lake Road 01/0015,Paper Plain Dosa,39015.54,199,1.5149486055440464,2026-09-01,2026-09-30
Lake Road 01/0015,Dahi Vada Plate (2 pc),35897.32,196,1.3938701060338625,2026-09-01,2026-09-30
Lake Road 01/0015,Cold Coffee-Classic,32382.5,188,1.2573918807488011,2026-09-01,2026-09-30
Lake Road 01/0015,Fresh Watermelon Juice,31033.52,203,1.2050118452576404,2026-09-01,2026-09-30
Lake Road 01/0015,Malkapodi Dosa,29276.5,130,1.136787876067082,2026-09-01,2026-09-30
Lake Road 01/0015,Paniyaram (10 Pcs),29051.41,114,1.1280477745172401,2026-09-01,2026-09-30
Lake Road 01/0015,Homemade Sparkling Lemonade,28743.84,267,1.1161050270220836,2026-09-01,2026-09-30
Lake Road 01/0015,Cheese,27387.4155,481,1.0634359263303905,2026-09-01,2026-09-30
Lake Road 01/0015,Mysore Ghee Roast Dosa,26857.17,113,1.0428468307848462,2026-09-01,2026-09-30
Lake Road 01/0015,Malkapodi Idli Plate (2pc),26398.04,142,1.0250191048770811,2026-09-01,2026-09-30
Lake Road 01/0015,Dosa Coffee Tiffin,26387.19,94,1.0245978062773398,2026-09-01,2026-09-30
Lake Road 01/0015,Raw Mango Ghee Roast Dosa,25685.75,111,0.9973613371711116,2026-09-01,2026-09-30
Lake Road 01/0015,Potato Masala,25248.326,657,0.9803764414390136,2026-09-01,2026-09-30
Lake Road 01/0015,Mixed Uttapam,24748.2,100,0.960956866923415,2026-09-01,2026-09-30
Lake Road 01/0015,Fresh Buttermilk,24358.62,240,0.9458297232840381,2026-09-01,2026-09-30
Lake Road 01/0015,Raw Mango Benne Dosa,24136.19,118,0.9371929078425202,2026-09-01,2026-09-30
Lake Road 01/0015,Upma,21774.27,137,0.8454810563493308,2026-09-01,2026-09-30
Lake Road 01/0015,Mysore Benne Dosa,21769.75,94,0.8453055476239084,2026-09-01,2026-09-30
Lake Road 01/0015,Onion Uttapam,19948.58,87,0.7745906747307318,2026-09-01,2026-09-30
Lake Road 01/0015,Kesari Halwa,19544.49,174,0.7589001170192585,2026-09-01,2026-09-30
Lake Road 01/0015,Schweppes Bottled water (500ml),18544.19,279,0.7200591041785875,2026-09-01,2026-09-30
Lake Road 01/0015,Mysore Dosa,17351.25,78,0.6737380026508959,2026-09-01,2026-09-30
Lake Road 01/0015,Tomato Rice,17264.89,88,0.6703846987731389,2026-09-01,2026-09-30
Lake Road 01/0015,Idli Fries,16352.01,145,0.6349381489360983,2026-09-01,2026-09-30
Lake Road 01/0015,Curd Rice,16218.06,81,0.629736955624084,2026-09-01,2026-09-30
Lake Road 01/0015,Srivilli Kheer,16035.61,144,0.622652538156544,2026-09-01,2026-09-30
Lake Road 01/0015,Cheese Paniyaram (10 Pcs),15897.35,61,0.6172839902855541,2026-09-01,2026-09-30
Lake Road 01/0015,Spicy Tomato Onion Chutney,15265.07,250,0.5927329599957416,2026-09-01,2026-09-30
Lake Road 01/0015,Dosa Coffee Benne Tiffin,14678.59,59,0.5699603145785701,2026-09-01,2026-09-30
Lake Road 01/0015,Dosa Batter Kit (1 Kg),13949.07,30,0.5416335169303383,2026-09-01,2026-09-30
Lake Road 01/0015,Guntur Karampodi Dosa,13720.31,49,0.5327509116145012,2026-09-01,2026-09-30
Lake Road 01/0015,Filter Coffee Flask,13397.81,69,0.5202284417143549,2026-09-01,2026-09-30
Lake Road 01/0015,Garlic Dosa,13148.88,57,0.5105626481260032,2026-09-01,2026-09-30
Lake Road 01/0015,Ghee Idli Plate (2pc),12699.97,77,0.49313175831863976,2026-09-01,2026-09-30
Lake Road 01/0015,Bisbelle Bhaat,12689.81,65,0.49273725198008017,2026-09-01,2026-09-30
Lake Road 01/0015,Onion,12502.907,496,0.4854799273545079,2026-09-01,2026-09-30
Lake Road 01/0015,Spicy Tomato Onion Ghee Roast Dosa,12071.69,51,0.4687360454849532,2026-09-01,2026-09-30
Lake Road 01/0015,Lemon Rice,11587.24,61,0.4499251600799116,2026-09-01,2026-09-30
Lake Road 01/0015,Butter,11221.995,193,0.4357429290142405,2026-09-01,2026-09-30
Lake Road 01/0015,Tomato Onion Uttapam,11092.81,50,0.4307267576218361,2026-09-01,2026-09-30
Lake Road 01/0015,Ghee,9956.8395,170,0.3866177455483349,2026-09-01,2026-09-30
Lake Road 01/0015,Lemon Iced Tea,9801.75,92,0.3805957188953775,2026-09-01,2026-09-30
Lake Road 01/0015,Raw Mango Chutney,9581.15,156,0.3720299611900371,2026-09-01,2026-09-30
Lake Road 01/0015,Cold Coffee-Nuttela,8916.41,45,0.3462185297437634,2026-09-01,2026-09-30
Lake Road 01/0015,Special White Coconut Chutney,8538.96,140,0.3315623862900882,2026-09-01,2026-09-30
Lake Road 01/0015,Filter Coffee Ice-Cream,8444.14,89,0.3278805859926251,2026-09-01,2026-09-30
Lake Road 01/0015,Black Coffee,7506.62,101,0.2914772806258493,2026-09-01,2026-09-30
Lake Road 01/0015,Open Butter Masala Dosa,7404.85,31,0.2875256162483675,2026-09-01,2026-09-30
Lake Road 01/0015,Butter Idli Plate (2pc),6770.52,43,0.2628949857622906,2026-09-01,2026-09-30
Lake Road 01/0015,Iced Filter Coffee,6763.97,62,0.2626406534278845,2026-09-01,2026-09-30
Lake Road 01/0015,Rasam & Papad,6672.34,90,0.25908271880168166,2026-09-01,2026-09-30
Lake Road 01/0015,Cold Coffee-Crunchy Oreo,6535.68,33,0.25377629791314216,2026-09-01,2026-09-30
Lake Road 01/0015,Jaggery Cinnamon Filter Coffee,6434.34,52,0.24984133016219384,2026-09-01,2026-09-30
Lake Road 01/0015,Service of Lemonade,6284.03,116,0.24400488845462484,2026-09-01,2026-09-30
Lake Road 01/0015,Thindi Podi Ghee Masala Dosa,6158.61,26,0.23913490961779893,2026-09-01,2026-09-30
Lake Road 01/0015,Vegetable Uttapam,5829.44,26,0.22635344785956277,2026-09-01,2026-09-30
Lake Road 01/0015,Sambar Idli Plate (2pc),5240.12,35,0.2034705270485419,2026-09-01,2026-09-30
Lake Road 01/0015,Sambar Vada Plate (2pc),4928.59,30,0.1913740152718207,2026-09-01,2026-09-30
Lake Road 01/0015,Homemade Lemonade,4602.28,49,0.1787036054947145,2026-09-01,2026-09-30
Lake Road 01/0015,Benne Sada Dosa,4580.47,23,0.17785673706518834,2026-09-01,2026-09-30
Lake Road 01/0015,Appalam Papad (1pc),4530.01,159,0.17589740735616083,2026-09-01,2026-09-30
Lake Road 01/0015,Filter Coffee Cappuccino,4448.2,40,0.17272077708474692,2026-09-01,2026-09-30
Lake Road 01/0015,Mango Shake,4262.79,24,0.16552142469967365,2026-09-01,2026-09-30
Lake Road 01/0015,Malkapodi & Ghee,4212.43,53,0.16356597792704927,2026-09-01,2026-09-30
Lake Road 01/0015,Rasam Idli Plate (2pc),3713.29,25,0.1441846891643856,2026-09-01,2026-09-30
Lake Road 01/0015,Dadu`s Special Spicy Chutney,3678.25,61,0.14282410824872316,2026-09-01,2026-09-30
Lake Road 01/0015,Thindi Podi Idli,3383.29,20,0.1313709990340033,2026-09-01,2026-09-30
Lake Road 01/0015,Strawberry Shake,2902.01,16,0.11268320271294152,2026-09-01,2026-09-30
Lake Road 01/0015,Rasam Vada Plate (2 Pc),2669.9,17,0.103670519027599,2026-09-01,2026-09-30
Lake Road 01/0015,Dahi Idli,2537.86,15,0.09854348980088484,2026-09-01,2026-09-30
Lake Road 01/0015,Packaging Charge,2535.29,175,0.09844369833532396,2026-09-01,2026-09-30
Lake Road 01/0015,Fresh Buttermilk.,2370.942,26,0.09206217001548132,2026-09-01,2026-09-30
Lake Road 01/0015,Dosa Coffee Tiffin @ 249,2034.38,10,0.0789936815983246,2026-09-01,2026-09-30
Lake Road 01/0015,Masala Uttapam,1863.03,8,0.07234027007153367,2026-09-01,2026-09-30
Lake Road 01/0015,Coconut Rice,1835.51,9,0.07127168597338786,2026-09-01,2026-09-30
Lake Road 01/0015,Homemade Sparkling Lemonade.,1388.2575,16,0.05390515583690663,2026-09-01,2026-09-30
Lake Road 01/0015,Benne Dosa Batter Kit (1 Kg),1364.31,3,0.05297528964176321,2026-09-01,2026-09-30
Lake Road 01/0015,Tomato Uttapam,1357.57,6,0.05271357972819116,2026-09-01,2026-09-30
Lake Road 01/0015,Extra Paratha(1 Pc),1258.25,14,0.04885704729258641,2026-09-01,2026-09-30
Lake Road 01/0015,Chocolate Filter Coffee,978.43,8,0.03799181464930285,2026-09-01,2026-09-30
Lake Road 01/0015,Lemon Iced Tea.,803.3445,9,0.0311933560331724,2026-09-01,2026-09-30
Lake Road 01/0015,Plain Uttapam,582.75,3,0.022627811889334173,2026-09-01,2026-09-30
Lake Road 01/0015,Extra Paneer Korma,508.04,3,0.01972687010254369,2026-09-01,2026-09-30
Lake Road 01/0015,Irish Filter Coffee,393.75,3,0.015289062087387955,2026-09-01,2026-09-30
Lake Road 01/0015,Thindi Podi Powder,297.99,2,0.011570762187735206,2026-09-01,2026-09-30
Lake Road 01/0015,Homemade Lemonade.,280.35,3,0.010885812206220227,2026-09-01,2026-09-30
Lake Road 01/0015,Dosa Coffee Glass Bottle,217.81,11,0.008457423779692623,2026-09-01,2026-09-30
Lake Road 01/0015,Ghee Roast Masala Dosa.,118.1775,2,0.004588757167828038,2026-09-01,2026-09-30
Lake Road 01/0015,Regular Masala Dosa,113.4,26,0.004403249881167731,2026-09-01,2026-09-30
Lake Road 01/0015,Service of Kinley Bottled Water (500ml),35,1,0.0013590277411011516,2026-09-01,2026-09-30
Lake Road 01/0015,Buttermilk (For Combo),0,1,0,2026-09-01,2026-09-30
Lake Road 01/0015,Jain Sambar,0,691,0,2026-09-01,2026-09-30
Lake Road 01/0015,Filter Coffee (For Combo),0,9,0,2026-09-01,2026-09-30
Lake Road 01/0015,Kesari Halwa (Complimentary),0,2,0,2026-09-01,2026-09-30
Lake Road 01/0015,Regular Sambar,0,9240,0,2026-09-01,2026-09-30
Quest Mall (01/0016),Masala Dosa,524903.29,2690,14.419443820965219,2026-09-01,2026-09-30
Quest Mall (01/0016),Benne Masala Dosa,258099.7,1077,7.090171075814703,2026-09-01,2026-09-30
Quest Mall (01/0016),Idli Plate (2 pc),239323.02,1795,6.5743631402152864,2026-09-01,2026-09-30
Quest Mall (01/0016),Filter Coffee,186378.8,1919,5.1199500693145055,2026-09-01,2026-09-30
Quest Mall (01/0016),Thatte Idli Plate,161223.7,898,4.428922677848238,2026-09-01,2026-09-30
Quest Mall (01/0016),Plain Dosa,136696.71,874,3.7551498874312146,2026-09-01,2026-09-30
Quest Mall (01/0016),Medu Vada Plate (2 pc),103279.78,662,2.8371645099645826,2026-09-01,2026-09-30
Quest Mall (01/0016),Rava Plain Dosa,97705.46,485,2.684034217944346,2026-09-01,2026-09-30
Quest Mall (01/0016),Garlic Ghee Roast Dosa,93832.18,406,2.577632630400728,2026-09-01,2026-09-30
Quest Mall (01/0016),Benne Dosa,93105.26,461,2.5576636526823067,2026-09-01,2026-09-30
Quest Mall (01/0016),Ghee Roast Masala Dosa,89121.86,379,2.4482369952185428,2026-09-01,2026-09-30
Quest Mall (01/0016),Garlic Benne Dosa,73613.01,307,2.022198531442146,2026-09-01,2026-09-30
Quest Mall (01/0016),Idli Vada Plate,71638.92,443,1.9679689611673452,2026-09-01,2026-09-30
Quest Mall (01/0016),Malabar Paratha with Paneer Korma,69877.89,257,1.919592291339205,2026-09-01,2026-09-30
Quest Mall (01/0016),Paper Plain Dosa,68447.05,344,1.8802861612580053,2026-09-01,2026-09-30
Quest Mall (01/0016),Cold Coffee-Classic,57357.5,324,1.5756488189681808,2026-09-01,2026-09-30
Quest Mall (01/0016),Plain Ghee Roast Dosa,51834.59,258,1.4239307939711436,2026-09-01,2026-09-30
Quest Mall (01/0016),Cheese,48305.077,806,1.326972715428968,2026-09-01,2026-09-30
Quest Mall (01/0016),Dahi Vada Plate (2 pc),45702.87,251,1.2554883518102482,2026-09-01,2026-09-30
Quest Mall (01/0016),Schweppes Bottled water (500ml),45554.89,696,1.251423242413379,2026-09-01,2026-09-30
Quest Mall (01/0016),Potato Masala,42883.044,1014,1.1780258489711117,2026-09-01,2026-09-30
Quest Mall (01/0016),Mysore Ghee Roast Dosa,33522.9,140,0.9208964441160865,2026-09-01,2026-09-30
Quest Mall (01/0016),Fresh Buttermilk,33409.42,331,0.9177790727526813,2026-09-01,2026-09-30
Quest Mall (01/0016),Malkapodi Dosa,33093.68,147,0.9091054841530909,2026-09-01,2026-09-30
Quest Mall (01/0016),Homemade Sparkling Lemonade,31125.1,288,0.8550272772569678,2026-09-01,2026-09-30
Quest Mall (01/0016),Fresh Watermelon Juice,31033.52,203,0.8525115135148049,2026-09-01,2026-09-30
Quest Mall (01/0016),Mixed Uttapam,30623.2,125,0.8412397491701415,2026-09-01,2026-09-30
Quest Mall (01/0016),Raw Mango Ghee Roast Dosa,30105.75,128,0.8270250522015657,2026-09-01,2026-09-30
Quest Mall (01/0016),Raw Mango Benne Dosa,29420.87,139,0.8082109413505887,2026-09-01,2026-09-30
Quest Mall (01/0016),Upma,29341.94,183,0.806042681554029,2026-09-01,2026-09-30
Quest Mall (01/0016),Paniyaram (10 Pcs),29051.41,114,0.7980616284855582,2026-09-01,2026-09-30
Quest Mall (01/0016),Malkapodi Idli Plate (2pc),28797.06,155,0.7910744641721805,2026-09-01,2026-09-30
Quest Mall (01/0016),Butter,28645.9275,462,0.786922753495587,2026-09-01,2026-09-30
Quest Mall (01/0016),Mysore Benne Dosa,28356.5,120,0.7789719868381855,2026-09-01,2026-09-30
Quest Mall (01/0016),Mysore Dosa,27178.86,122,0.746621429802581,2026-09-01,2026-09-30
Quest Mall (01/0016),Dosa Coffee Tiffin,26387.19,94,0.7248737263546875,2026-09-01,2026-09-30
Quest Mall (01/0016),Kesari Halwa,24485.92,224,0.6726445700971863,2026-09-01,2026-09-30
Quest Mall (01/0016),Onion Uttapam,23943.58,104,0.6577461282111347,2026-09-01,2026-09-30
Quest Mall (01/0016),Guntur Karampodi Dosa,22038.76,77,0.6054194510835232,2026-09-01,2026-09-30
Quest Mall (01/0016),Onion,20639.851,823,0.5669904868906286,2026-09-01,2026-09-30
Quest Mall (01/0016),Srivilli Kheer,19938.76,184,0.5477310490465938,2026-09-01,2026-09-30
Quest Mall (01/0016),Ghee,19598.9265,320,0.5383955959163002,2026-09-01,2026-09-30
Quest Mall (01/0016),Garlic Dosa,19579.63,86,0.5378655081782499,2026-09-01,2026-09-30
Quest Mall (01/0016),Filter Coffee Cappuccino,19477.88,135,0.5350703677462224,2026-09-01,2026-09-30
Quest Mall (01/0016),Idli Fries,19192.89,163,0.5272415021764583,2026-09-01,2026-09-30
Quest Mall (01/0016),Open Butter Masala Dosa,18919.85,80,0.519740911084952,2026-09-01,2026-09-30
Quest Mall (01/0016),Tomato Rice,17264.89,88,0.4742780549730298,2026-09-01,2026-09-30
Quest Mall (01/0016),Black Coffee,16901.54,220,0.46429658788725914,2026-09-01,2026-09-30
Quest Mall (01/0016),Ghee Idli Plate (2pc),16658.05,104,0.45760775502441536,2026-09-01,2026-09-30
Quest Mall (01/0016),Spicy Tomato Onion Chutney,16550.16,270,0.45464394469309904,2026-09-01,2026-09-30
Quest Mall (01/0016),Curd Rice,16218.06,81,0.44552093597097314,2026-09-01,2026-09-30
Quest Mall (01/0016),Cheese Paniyaram (10 Pcs),15897.35,61,0.43671081815322865,2026-09-01,2026-09-30
Quest Mall (01/0016),Dosa Coffee Benne Tiffin,14678.59,59,0.4032306672644057,2026-09-01,2026-09-30
Quest Mall (01/0016),Dosa Batter Kit (1 Kg),13949.07,30,0.38319026581012916,2026-09-01,2026-09-30
Quest Mall (01/0016),Tomato Onion Uttapam,13677.81,61,0.37573857250701603,2026-09-01,2026-09-30
Quest Mall (01/0016),Filter Coffee Flask,13397.81,69,0.3680467855687588,2026-09-01,2026-09-30
Quest Mall (01/0016),Spicy Tomato Onion Ghee Roast Dosa,13371.69,56,0.36732925173009,2026-09-01,2026-09-30
Quest Mall (01/0016),Mango Shake,13238.36,73,0.3636665876140977,2026-09-01,2026-09-30
Quest Mall (01/0016),Lemon Iced Tea,13224.93,122,0.3632976565477377,2026-09-01,2026-09-30
Quest Mall (01/0016),Bisbelle Bhaat,12689.81,65,0.3485975528820226,2026-09-01,2026-09-30
Quest Mall (01/0016),Lemon Rice,11587.24,61,0.3183092188659001,2026-09-01,2026-09-30
Quest Mall (01/0016),Cold Coffee-Nuttela,11581.42,59,0.3181493395802549,2026-09-01,2026-09-30
Quest Mall (01/0016),Thindi Podi Ghee Masala Dosa,10958.61,46,0.30104033306948347,2026-09-01,2026-09-30
Quest Mall (01/0016),Jaggery Cinnamon Filter Coffee,10448.78,75,0.2870349625882988,2026-09-01,2026-09-30
Quest Mall (01/0016),Raw Mango Chutney,10359.23,168,0.2845749643014383,2026-09-01,2026-09-30
Quest Mall (01/0016),Sambar Vada Plate (2pc),10354.99,64,0.284458488670659,2026-09-01,2026-09-30
Quest Mall (01/0016),Special White Coconut Chutney,8798.32,144,0.2416957244807414,2026-09-01,2026-09-30
Quest Mall (01/0016),Thindi Podi Idli,8747.82,51,0.24030845576509144,2026-09-01,2026-09-30
Quest Mall (01/0016),Filter Coffee Ice-Cream,8743.39,92,0.24018676070746114,2026-09-01,2026-09-30
Quest Mall (01/0016),Iced Filter Coffee,8611.97,78,0.23657656556665482,2026-09-01,2026-09-30
Quest Mall (01/0016),Cold Coffee-Crunchy Oreo,8356.75,42,0.22956550177243334,2026-09-01,2026-09-30
Quest Mall (01/0016),Strawberry Shake,8230.76,45,0.22610447235689393,2026-09-01,2026-09-30
Quest Mall (01/0016),Butter Idli Plate (2pc),7249.32,46,0.19914366031159678,2026-09-01,2026-09-30
Quest Mall (01/0016),Sambar Idli Plate (2pc),7155.32,47,0.19656141755375328,2026-09-01,2026-09-30
Quest Mall (01/0016),Rasam & Papad,6672.34,90,0.18329363449861227,2026-09-01,2026-09-30
Quest Mall (01/0016),Service of Lemonade,6284.03,116,0.17262649954863127,2026-09-01,2026-09-30
Quest Mall (01/0016),Benne Sada Dosa,5976.17,30,0.16416937981001742,2026-09-01,2026-09-30
Quest Mall (01/0016),Vegetable Uttapam,5829.44,26,0.16013860874769423,2026-09-01,2026-09-30
Quest Mall (01/0016),Homemade Lemonade,5400.28,57,0.1483492970247568,2026-09-01,2026-09-30
Quest Mall (01/0016),Masala Uttapam,4683.03,20,0.1286459606623817,2026-09-01,2026-09-30
Quest Mall (01/0016),Packaging Charge,4629.32,297,0.12717051110361816,2026-09-01,2026-09-30
Quest Mall (01/0016),Appalam Papad (1pc),4530.01,159,0.12444239910062414,2026-09-01,2026-09-30
Quest Mall (01/0016),Chocolate Filter Coffee,4288.13,26,0.11779779401267533,2026-09-01,2026-09-30
Quest Mall (01/0016),Malkapodi & Ghee,4212.43,53,0.11571826447258222,2026-09-01,2026-09-30
Quest Mall (01/0016),Dadu`s Special Spicy Chutney,4114.92,68,0.11303959967133412,2026-09-01,2026-09-30
Quest Mall (01/0016),Rasam Idli Plate (2pc),3713.29,25,0.10200655542843319,2026-09-01,2026-09-30
Quest Mall (01/0016),Dahi Idli,3612.55,21,0.09923916037071878,2026-09-01,2026-09-30
Quest Mall (01/0016),Rasam Vada Plate (2 Pc),2669.9,17,0.07334393552304662,2026-09-01,2026-09-30
Quest Mall (01/0016),Fresh Buttermilk.,2370.942,26,0.06513135966773408,2026-09-01,2026-09-30
Quest Mall (01/0016),Dosa Coffee Tiffin @ 249,2034.38,10,0.055885776826613574,2026-09-01,2026-09-30
Quest Mall (01/0016),Coconut Rice,1835.51,9,0.050422685153716354,2026-09-01,2026-09-30
Quest Mall (01/0016),Plain Uttapam,1752.75,9,0.0481492127001086,2026-09-01,2026-09-30
Quest Mall (01/0016),Tomato Uttapam,1592.57,7,0.04374896115807271,2026-09-01,2026-09-30
Quest Mall (01/0016),DC Benne Tiffin,1569.75,5,0.04312208052260475,2026-09-01,2026-09-30
Quest Mall (01/0016),Homemade Sparkling Lemonade.,1388.2575,16,0.03813636037656312,2026-09-01,2026-09-30
Quest Mall (01/0016),Benne Dosa Batter Kit (1 Kg),1364.31,3,0.03747850656333485,2026-09-01,2026-09-30
Quest Mall (01/0016),Extra Paratha(1 Pc),1258.25,14,0.03456496755379355,2026-09-01,2026-09-30
Quest Mall (01/0016),Lemon Iced Tea.,803.3445,9,0.02206840975721717,2026-09-01,2026-09-30
Quest Mall (01/0016),Extra Paneer Korma,508.04,3,0.013956197986115061,2026-09-01,2026-09-30
Quest Mall (01/0016),Irish Filter Coffee,393.75,3,0.010816575381924268,2026-09-01,2026-09-30
Quest Mall (01/0016),Thindi Podi Powder,297.99,2,0.008185984249040287,2026-09-01,2026-09-30
Quest Mall (01/0016),Homemade Lemonade.,280.35,3,0.007701401671930079,2026-09-01,2026-09-30
Quest Mall (01/0016),Dosa Coffee Glass Bottle,217.81,351,0.005983386117935047,2026-09-01,2026-09-30
Quest Mall (01/0016),Ghee Roast Masala Dosa.,118.1775,2,0.003246414824628204,2026-09-01,2026-09-30
Quest Mall (01/0016),Regular Masala Dosa,113.4,26,0.0031151737099941895,2026-09-01,2026-09-30
Quest Mall (01/0016),Service of Kinley Bottled Water (500ml),35,1,0.0009614733672821572,2026-09-01,2026-09-30
Quest Mall (01/0016),Regular Sambar,0,12971,0,2026-09-01,2026-09-30
Quest Mall (01/0016),Buttermilk (For Combo),0,1,0,2026-09-01,2026-09-30
Quest Mall (01/0016),Kesari Halwa (Complimentary),0,2,0,2026-09-01,2026-09-30
Quest Mall (01/0016),Jain Sambar,0,2301,0,2026-09-01,2026-09-30
Quest Mall (01/0016),Filter Coffee (For Combo),0,9,0,2026-09-01,2026-09-30
Salt Lake Sec-1 (01/0009),Masala Dosa,595834.65,3045,16.421521184389583,2026-09-01,2026-09-30
Salt Lake Sec-1 (01/0009),Benne Masala Dosa,260026.93,1099,7.166481069046231,2026-09-01,2026-09-30
Salt Lake Sec-1 (01/0009),Filter Coffee,229227.59,2372,6.317634808971867,2026-09-01,2026-09-30
Salt Lake Sec-1 (01/0009),Idli Plate (2 pc),218514.24,1671,6.0223691610596815,2026-09-01,2026-09-30
Salt Lake Sec-1 (01/0009),Thatte Idli Plate,159575.03,898,4.397973054512025,2026-09-01,2026-09-30
Salt Lake Sec-1 (01/0009),Plain Dosa,150859.96,964,4.157781070664764,2026-09-01,2026-09-30
Salt Lake Sec-1 (01/0009),Ghee Roast Masala Dosa,108450.31,454,2.9889484660192505,2026-09-01,2026-09-30
Salt Lake Sec-1 (01/0009),Medu Vada Plate (2 pc),98143.78,633,2.704894994586284,2026-09-01,2026-09-30
Salt Lake Sec-1 (01/0009),Rava Plain Dosa,89744.05,448,2.473393949559526,2026-09-01,2026-09-30
Salt Lake Sec-1 (01/0009),Paper Plain Dosa,80186.63,399,2.2099863498200536,2026-09-01,2026-09-30
Salt Lake Sec-1 (01/0009),Garlic Ghee Roast Dosa,71875.81,307,1.9809357118793953,2026-09-01,2026-09-30
Salt Lake Sec-1 (01/0009),Cold Coffee-Classic,67500.51,378,1.8603501070676247,2026-09-01,2026-09-30
Salt Lake Sec-1 (01/0009),Malabar Paratha with Paneer Korma,59207.67,215,1.6317950075299372,2026-09-01,2026-09-30
Salt Lake Sec-1 (01/0009),Dahi Vada Plate (2 pc),57244.17,317,1.5776798988407243,2026-09-01,2026-09-30
Salt Lake Sec-1 (01/0009),Benne Dosa,56638.79,284,1.560995302712242,2026-09-01,2026-09-30
Salt Lake Sec-1 (01/0009),Garlic Benne Dosa,56227.02,236,1.5496467015892692,2026-09-01,2026-09-30
Salt Lake Sec-1 (01/0009),Idli Vada Plate,51464.89,326,1.4183998553747748,2026-09-01,2026-09-30
Salt Lake Sec-1 (01/0009),Schweppes Bottled water (500ml),49400.51,774,1.3615044400063832,2026-09-01,2026-09-30
Salt Lake Sec-1 (01/0009),Cheese,48892.127,803,1.3474931330032012,2026-09-01,2026-09-30
Salt Lake Sec-1 (01/0009),Potato Masala,46893.5995,1099,1.2924126477060887,2026-09-01,2026-09-30
Salt Lake Sec-1 (01/0009),Homemade Sparkling Lemonade,43581.49,397,1.201129140915626,2026-09-01,2026-09-30
Salt Lake Sec-1 (01/0009),Malkapodi Dosa,43226.92,199,1.191357002342703,2026-09-01,2026-09-30
Salt Lake Sec-1 (01/0009),Mysore Dosa,37192.32,168,1.0250402033124395,2026-09-01,2026-09-30
Salt Lake Sec-1 (01/0009),Plain Ghee Roast Dosa,36153.31,185,0.9964045327857378,2026-09-01,2026-09-30
Salt Lake Sec-1 (01/0009),Mixed Uttapam,35183.64,144,0.9696799096929604,2026-09-01,2026-09-30
Salt Lake Sec-1 (01/0009),Mysore Ghee Roast Dosa,32864.38,135,0.9057598653952555,2026-09-01,2026-09-30
Salt Lake Sec-1 (01/0009),Fresh Buttermilk,31717.72,321,0.8741573033735737,2026-09-01,2026-09-30
Salt Lake Sec-1 (01/0009),Butter,30989.823,496,0.8540960732897683,2026-09-01,2026-09-30
Salt Lake Sec-1 (01/0009),Malkapodi Idli Plate (2pc),30807.35,169,0.8490670199524387,2026-09-01,2026-09-30
Salt Lake Sec-1 (01/0009),Upma,28987.49,178,0.7989107063801697,2026-09-01,2026-09-30
Salt Lake Sec-1 (01/0009),Onion Uttapam,28818.27,127,0.7942469128011584,2026-09-01,2026-09-30
Salt Lake Sec-1 (01/0009),Guntur Karampodi Dosa,28143.91,99,0.7756611910310247,2026-09-01,2026-09-30
Salt Lake Sec-1 (01/0009),Fresh Watermelon Juice,22433.82,145,0.6182880609188852,2026-09-01,2026-09-30
Salt Lake Sec-1 (01/0009),Filter Coffee Cappuccino,22086.29,158,0.6087099485059686,2026-09-01,2026-09-30
Salt Lake Sec-1 (01/0009),Open Butter Masala Dosa,21963.56,93,0.6053274441568842,2026-09-01,2026-09-30
Salt Lake Sec-1 (01/0009),Garlic Dosa,21631.4,94,0.5961729371529582,2026-09-01,2026-09-30
Salt Lake Sec-1 (01/0009),Paniyaram (10 Pcs),21191.56,87,0.584050711838029,2026-09-01,2026-09-30
Salt Lake Sec-1 (01/0009),Kesari Halwa,20773.72,199,0.5725348182731191,2026-09-01,2026-09-30
Salt Lake Sec-1 (01/0009),Mysore Benne Dosa,20479.28,87,0.564419894615135,2026-09-01,2026-09-30
Salt Lake Sec-1 (01/0009),Mango Shake,19766.19,110,0.5447667533596267,2026-09-01,2026-09-30
Salt Lake Sec-1 (01/0009),Raw Mango Benne Dosa,19700.6,83,0.5429590579285467,2026-09-01,2026-09-30
Salt Lake Sec-1 (01/0009),Onion,19493.2265,778,0.5372437335120648,2026-09-01,2026-09-30
Salt Lake Sec-1 (01/0009),Idli Fries,19141.79,173,0.5275579558727184,2026-09-01,2026-09-30
Salt Lake Sec-1 (01/0009),Black Coffee,19082.49,250,0.5259236162010759,2026-09-01,2026-09-30
Salt Lake Sec-1 (01/0009),Dosa Coffee Tiffin,18167.16,66,0.5006966325308456,2026-09-01,2026-09-30
Salt Lake Sec-1 (01/0009),Raw Mango Ghee Roast Dosa,17920.17,74,0.49388945621551655,2026-09-01,2026-09-30
Salt Lake Sec-1 (01/0009),Tomato Rice,17359.98,91,0.4784503206226416,2026-09-01,2026-09-30
Salt Lake Sec-1 (01/0009),Srivilli Kheer,17151.83,164,0.4727135954514373,2026-09-01,2026-09-30
Salt Lake Sec-1 (01/0009),Spicy Tomato Onion Chutney,16496.12,267,0.4546418776421154,2026-09-01,2026-09-30
Salt Lake Sec-1 (01/0009),Curd Rice,16375.88,85,0.4513279990229196,2026-09-01,2026-09-30
Salt Lake Sec-1 (01/0009),Strawberry Shake,15275.26,85,0.42099432399082326,2026-09-01,2026-09-30
Salt Lake Sec-1 (01/0009),Ghee Idli Plate (2pc),14252.88,95,0.39281698514606783,2026-09-01,2026-09-30
Salt Lake Sec-1 (01/0009),Ghee,14205.3875,229,0.391508066480714,2026-09-01,2026-09-30
Salt Lake Sec-1 (01/0009),Sambar Vada Plate (2pc),13948.42,86,0.38442590493648415,2026-09-01,2026-09-30
Salt Lake Sec-1 (01/0009),Iced Filter Coffee,13356.7,118,0.36811778570369535,2026-09-01,2026-09-30
Salt Lake Sec-1 (01/0009),Thindi Podi Ghee Masala Dosa,12874.59,54,0.35483057661270667,2026-09-01,2026-09-30
Salt Lake Sec-1 (01/0009),Tomato Onion Uttapam,12737.69,56,0.3510575394955418,2026-09-01,2026-09-30
Salt Lake Sec-1 (01/0009),Bisbelle Bhaat,12516.78,67,0.34496914190932637,2026-09-01,2026-09-30
Salt Lake Sec-1 (01/0009),Cold Coffee-Nuttela,12117.51,62,0.33396504746250083,2026-09-01,2026-09-30
Salt Lake Sec-1 (01/0009),Spicy Tomato Onion Ghee Roast Dosa,11913.49,51,0.3283421472970956,2026-09-01,2026-09-30
Salt Lake Sec-1 (01/0009),Lemon Rice,10695.5,59,0.2947736923786469,2026-09-01,2026-09-30
Salt Lake Sec-1 (01/0009),Jaggery Cinnamon Filter Coffee,10268.4,72,0.28300258826804714,2026-09-01,2026-09-30
Salt Lake Sec-1 (01/0009),Lemon Iced Tea,9943.82,90,0.27405699011253676,2026-09-01,2026-09-30
Salt Lake Sec-1 (01/0009),Filter Coffee Flask,8802.41,45,0.24259912089483665,2026-09-01,2026-09-30
Salt Lake Sec-1 (01/0009),Butter Idli Plate (2pc),8554.96,52,0.23577926673382538,2026-09-01,2026-09-30
Salt Lake Sec-1 (01/0009),Masala Uttapam,8501.5,37,0.23430588058127874,2026-09-01,2026-09-30
Salt Lake Sec-1 (01/0009),Thindi Podi Idli,8414.23,48,0.231900672771089,2026-09-01,2026-09-30
Salt Lake Sec-1 (01/0009),Cold Coffee-Crunchy Oreo,7956.12,40,0.21927491649830305,2026-09-01,2026-09-30
Salt Lake Sec-1 (01/0009),Raw Mango Chutney,7695.83,126,0.21210118507955328,2026-09-01,2026-09-30
Salt Lake Sec-1 (01/0009),Chocolate Filter Coffee,7432.74,50,0.20485028416534654,2026-09-01,2026-09-30
Salt Lake Sec-1 (01/0009),Special White Coconut Chutney,7225,114,0.19912485881311992,2026-09-01,2026-09-30
Salt Lake Sec-1 (01/0009),Cheese Paniyaram (10 Pcs),7044.29,27,0.19414439469739414,2026-09-01,2026-09-30
Salt Lake Sec-1 (01/0009),Sambar Idli Plate (2pc),6692.75,43,0.18445576454276932,2026-09-01,2026-09-30
Salt Lake Sec-1 (01/0009),Rasam & Papad,6192.69,82,0.17067384386483314,2026-09-01,2026-09-30
Salt Lake Sec-1 (01/0009),Dosa Batter Kit (1 Kg),5979.25,13,0.16479132346828335,2026-09-01,2026-09-30
Salt Lake Sec-1 (01/0009),Filter Coffee Ice-Cream,5572.48,56,0.15358052501576946,2026-09-01,2026-09-30
Salt Lake Sec-1 (01/0009),Vegetable Uttapam,4849.4,21,0.13365205402468425,2026-09-01,2026-09-30
Salt Lake Sec-1 (01/0009),Dosa Coffee Benne Tiffin,4715.36,18,0.12995784003502187,2026-09-01,2026-09-30
Salt Lake Sec-1 (01/0009),Packaging Charge,4608.41,300,0.12701024091390586,2026-09-01,2026-09-30
Salt Lake Sec-1 (01/0009),Appalam Papad (1pc),4208.54,142,0.11598961014662529,2026-09-01,2026-09-30
Salt Lake Sec-1 (01/0009),Dahi Idli,4110.04,23,0.11327489753858483,2026-09-01,2026-09-30
Salt Lake Sec-1 (01/0009),Benne Sada Dosa,3992.26,23,0.11002881783325483,2026-09-01,2026-09-30
Salt Lake Sec-1 (01/0009),Rasam Idli Plate (2pc),3809.85,25,0.10500150080957299,2026-09-01,2026-09-30
Salt Lake Sec-1 (01/0009),Homemade Lemonade,2971.41,30,0.08189364660565987,2026-09-01,2026-09-30
Salt Lake Sec-1 (01/0009),Dadu`s Special Spicy Chutney,2551.76,41,0.07032786847404386,2026-09-01,2026-09-30
Salt Lake Sec-1 (01/0009),Rasam Vada Plate (2 Pc),2380.3,14,0.06560233929866703,2026-09-01,2026-09-30
Salt Lake Sec-1 (01/0009),Plain Uttapam,2262.31,12,0.06235047188117775,2026-09-01,2026-09-30
Salt Lake Sec-1 (01/0009),Coconut Rice,1976.01,11,0.054459890970700774,2026-09-01,2026-09-30
Salt Lake Sec-1 (01/0009),DC Benne Tiffin,1569.75,5,0.0432631483905737,2026-09-01,2026-09-30
Salt Lake Sec-1 (01/0009),Dosa Coffee Tiffin @ 249,1495.2,16,0.0412085105740314,2026-09-01,2026-09-30
Salt Lake Sec-1 (01/0009),Tomato Uttapam,977.35,4,0.026936287994602456,2026-09-01,2026-09-30
Salt Lake Sec-1 (01/0009),Fresh Buttermilk.,920.9025,10,0.025380564746456634,2026-09-01,2026-09-30
Salt Lake Sec-1 (01/0009),Benne Dosa Batter Kit (1 Kg),907.91,2,0.025022484507269162,2026-09-01,2026-09-30
Salt Lake Sec-1 (01/0009),Homemade Sparkling Lemonade.,894.852,10,0.024662599053098682,2026-09-01,2026-09-30
Salt Lake Sec-1 (01/0009),Dahi Vada,777,4,0.021414534989314074,2026-09-01,2026-09-30
Salt Lake Sec-1 (01/0009),Malkapodi & Ghee,765.27,9,0.02109124992441748,2026-09-01,2026-09-30
Salt Lake Sec-1 (01/0009),Extra Paratha(1 Pc),737.69,8,0.02033113039416615,2026-09-01,2026-09-30
Salt Lake Sec-1 (01/0009),Homemade Lemonade.,423.15,5,0.011662240000937258,2026-09-01,2026-09-30
Salt Lake Sec-1 (01/0009),Irish Filter Coffee,393.75,3,0.010851960298638889,2026-09-01,2026-09-30
Salt Lake Sec-1 (01/0009),Lemon Iced Tea.,359.037,4,0.009895251478710882,2026-09-01,2026-09-30
Salt Lake Sec-1 (01/0009),Ghee Roast Masala Dosa.,252,3,0.0069452545911288886,2026-09-01,2026-09-30
Salt Lake Sec-1 (01/0009),Dosa Coffee Glass Bottle,220.03,351,0.00606414431621464,2026-09-01,2026-09-30
Salt Lake Sec-1 (01/0009),Benne Masala Dosa.,185.7345,3,0.005118942019269954,2026-09-01,2026-09-30
Salt Lake Sec-1 (01/0009),Regular Masala Dosa,100.8,26,0.0027781018364515554,2026-09-01,2026-09-30
Salt Lake Sec-1 (01/0009),Jain Sambar,0,2117,0,2026-09-01,2026-09-30
Salt Lake Sec-1 (01/0009),Filter Coffee (For Combo),0,7,0,2026-09-01,2026-09-30
Salt Lake Sec-1 (01/0009),Buttermilk (For Combo),0,9,0,2026-09-01,2026-09-30
Salt Lake Sec-1 (01/0009),Regular Sambar,0,12961,0,2026-09-01,2026-09-30
Connaught Place,Benne Masala Dosa,"559,226.59",2210,14.18,2026-09-01,2026-09-30
Connaught Place,Masala Dosa,"315,774.07",1368,8.01,2026-09-01,2026-09-30
Connaught Place,Filter Coffee,"255,837.73",2241,6.49,2026-09-01,2026-09-30
Connaught Place,Thatte Idli Plate,"228,532.02",1135,5.80,2026-09-01,2026-09-30
Connaught Place,Mysore Masala Dosa,"201,056.47",729,5.10,2026-09-01,2026-09-30
Connaught Place,Idli Plate (2 pc),"196,654.66",1159,4.99,2026-09-01,2026-09-30
Connaught Place,Cold Coffee-Classic,"181,320.15",897,4.60,2026-09-01,2026-09-30
Connaught Place,Ghee Roast Masala Dosa,"112,421.96",440,2.85,2026-09-01,2026-09-30
Connaught Place,Garlic Ghee Roast Dosa,"87,318.68",339,2.21,2026-09-01,2026-09-30
Connaught Place,Malabar Paratha with Paneer Korma,"77,702.63",287,1.97,2026-09-01,2026-09-30
Connaught Place,Medu Vada Plate (2 pc),"71,389.54",374,1.81,2026-09-01,2026-09-30
Connaught Place,Rava Plain Dosa,"68,431.22",298,1.74,2026-09-01,2026-09-30
Connaught Place,Homemade Sparkling Lemonade,"63,744.76",425,1.62,2026-09-01,2026-09-30
Connaught Place,Plain Dosa,"62,044.95",324,1.57,2026-09-01,2026-09-30
Connaught Place,Guntur Karampodi Dosa,"61,597.73",185,1.56,2026-09-01,2026-09-30
Connaught Place,Garlic Benne Dosa,"61,593.22",238,1.56,2026-09-01,2026-09-30
Connaught Place,Mysore Ghee Roast Dosa,"59,821.89",228,1.52,2026-09-01,2026-09-30
Connaught Place,Raw Mango Benne Dosa,"56,628.48",220,1.44,2026-09-01,2026-09-30
Connaught Place,Benne Dosa,"53,768.43",247,1.36,2026-09-01,2026-09-30
Connaught Place,Mysore Benne Dosa,"52,163.54",197,1.32,2026-09-01,2026-09-30
Connaught Place,Mixed Uttapam,"50,971.41",193,1.29,2026-09-01,2026-09-30
Connaught Place,Fresh Buttermilk,"49,972.39",386,1.27,2026-09-01,2026-09-30
Connaught Place,Raw Mango Ghee Roast Dosa,"45,391.52",177,1.15,2026-09-01,2026-09-30
Connaught Place,Paniyaram (10 Pcs),"43,689.29",180,1.11,2026-09-01,2026-09-30
Connaught Place,Garlic Masala Dosa,"41,030.69",150,1.04,2026-09-01,2026-09-30
Connaught Place,Dahi Vada Plate (2 pc),"37,498.97",171,0.95,2026-09-01,2026-09-30
Connaught Place,Paneer Dosa,"34,927.08",106,0.89,2026-09-01,2026-09-30
Connaught Place,Iced Filter Coffee,"34,328.56",264,0.87,2026-09-01,2026-09-30
Connaught Place,Malkapodi Idli Plate (2pc),"32,423.35",161,0.82,2026-09-01,2026-09-30
Connaught Place,Malkapodi Masala Dosa,"30,609.89",112,0.78,2026-09-01,2026-09-30
Connaught Place,Packaged Drinking Water-500 ml,"29,425.48",836,0.75,2026-09-01,2026-09-30
Connaught Place,Idli Fries,"28,848.82",145,0.73,2026-09-01,2026-09-30
Connaught Place,Fresh Watermelon Juice,"28,645.55",171,0.73,2026-09-01,2026-09-30
Connaught Place,Kesari Halwa,"27,114.76",207,0.69,2026-09-01,2026-09-30
Connaught Place,Potato Masala,"25,289.56",625,0.64,2026-09-01,2026-09-30
Connaught Place,Open Butter Masala Dosa,"23,474.85",89,0.60,2026-09-01,2026-09-30
Connaught Place,Homemade Lemonade,"22,963.11",163,0.58,2026-09-01,2026-09-30
Connaught Place,Plain Ghee Roast Dosa,"22,581.34",106,0.57,2026-09-01,2026-09-30
Connaught Place,Vegetable Uttapam,"21,999.45",86,0.56,2026-09-01,2026-09-30
Connaught Place,Cold Coffee-Crunchy Oreo,"21,151.53",96,0.54,2026-09-01,2026-09-30
Connaught Place,Upma,"20,891.58",116,0.53,2026-09-01,2026-09-30
Connaught Place,Onion Uttapam,"20,658.27",85,0.52,2026-09-01,2026-09-30
Connaught Place,Idli Vada Plate,"20,111.78",93,0.51,2026-09-01,2026-09-30
Connaught Place,Lemon Rice,"20,072.53",85,0.51,2026-09-01,2026-09-30
Connaught Place,Thindi Ghee Podi Masala Dosa,"19,773.66",74,0.50,2026-09-01,2026-09-30
Connaught Place,Rasam & Papad,"19,533.68",200,0.50,2026-09-01,2026-09-30
Connaught Place,Mango Shake,"18,503.98",97,0.47,2026-09-01,2026-09-30
Connaught Place,Jaggery Cinnamon Filter Coffee,"18,440.61",139,0.47,2026-09-01,2026-09-30
Connaught Place,Dosa Coffee Tiffin,"17,564.59",68,0.45,2026-09-01,2026-09-30
Connaught Place,Srivillli Kheer,"17,545.18",139,0.44,2026-09-01,2026-09-30
Connaught Place,Tomato Rice,"17,494.66",78,0.44,2026-09-01,2026-09-30
Connaught Place,Cold Coffee-Nuttela,"16,243.31",67,0.41,2026-09-01,2026-09-30
Connaught Place,Strawberry Shake,"15,392.91",81,0.39,2026-09-01,2026-09-30
Connaught Place,Filter Coffee Cappuccino,"15,054.26",118,0.38,2026-09-01,2026-09-30
Connaught Place,Cheese Paniyaram (10 Pcs),"14,057.12",46,0.36,2026-09-01,2026-09-30
Connaught Place,Mysore Dosa,"13,599.44",58,0.34,2026-09-01,2026-09-30
Connaught Place,Tomato Onion Uttapam,"13,398.00",52,0.34,2026-09-01,2026-09-30
Connaught Place,Curd Rice,"12,435.72",56,0.32,2026-09-01,2026-09-30
Connaught Place,Chocolate Filter Coffee,"11,240.44",86,0.29,2026-09-01,2026-09-30
Connaught Place,Thindi Podi Idli,"9,859.85",47,0.25,2026-09-01,2026-09-30
Connaught Place,Ghee Idli Plate (2pc),"9,773.06",51,0.25,2026-09-01,2026-09-30
Connaught Place,Rasam Vada Plate (2 Pc),"9,748.68",52,0.25,2026-09-01,2026-09-30
Connaught Place,Rasam Idli Plate (2pc),"8,835.75",51,0.22,2026-09-01,2026-09-30
Connaught Place,Paper Plain Dosa,"8,627.84",37,0.22,2026-09-01,2026-09-30
Connaught Place,Appalam Papad (1pc),"7,850.75",218,0.20,2026-09-01,2026-09-30
Connaught Place,Sambar Vada Plate (2pc),"7,725.51",39,0.20,2026-09-01,2026-09-30
Connaught Place,Malkapodi Dosa,"7,651.87",33,0.19,2026-09-01,2026-09-30
Connaught Place,Bisbelle Bhaat,"7,196.24",33,0.18,2026-09-01,2026-09-30
Connaught Place,Black Coffee,"6,287.45",72,0.16,2026-09-01,2026-09-30
Connaught Place,Spicy Tomato Onion Ghee Roast Dosa,"6,102.91",24,0.15,2026-09-01,2026-09-30
Connaught Place,Filter Coffee Flask (250ml),"5,188.96",27,0.13,2026-09-01,2026-09-30
Connaught Place,Dosa Coffee Benne Tiffin,"5,023.17",20,0.13,2026-09-01,2026-09-30
Connaught Place,Garlic Dosa,"4,967.92",22,0.13,2026-09-01,2026-09-30
Connaught Place,Onion,"4,583.91",157,0.12,2026-09-01,2026-09-30
Connaught Place,Sambar Idli Plate (2pc),"4,504.50",26,0.11,2026-09-01,2026-09-30
Connaught Place,Butter Idli Plate (2pc),"3,804.97",20,0.10,2026-09-01,2026-09-30
Connaught Place,Raw Mango Chutney,"3,386.66",47,0.09,2026-09-01,2026-09-30
Connaught Place,Cheese,"3,070.95",50,0.08,2026-09-01,2026-09-30
Connaught Place,Dosa Batter Kit (1 Kg),"2,619.75",5,0.07,2026-09-01,2026-09-30
Connaught Place,Extra Paratha(1 Pc),"2,231.54",26,0.06,2026-09-01,2026-09-30
Connaught Place,Butter,"2,229.10",36,0.06,2026-09-01,2026-09-30
Connaught Place,Coconut Rice,"2,126.25",9,0.05,2026-09-01,2026-09-30
Connaught Place,Packaging Charge,"2,036.39",139,0.05,2026-09-01,2026-09-30
Connaught Place,Plain Uttapam,"1,181.25",5,0.03,2026-09-01,2026-09-30
Connaught Place,Ghee,"1,084.38",19,0.02,2026-09-01,2026-09-30
Connaught Place,Tomato Uttapam,740.25,3,0.02,2026-09-01,2026-09-30
Connaught Place,Special White Coconut Chutney,689.44,11,0.02,2026-09-01,2026-09-30
Connaught Place,Malkapodi & Ghee,682.34,9,0.01,2026-09-01,2026-09-30
Connaught Place,Dosa Coffee Glass Bottle,551.14,27,0.01,2026-09-01,2026-09-30
Connaught Place,Spicy Tomato Onion Chutney,453.25,7,0.01,2026-09-01,2026-09-30
Connaught Place,Benne Dosa Batter Kit (1 kg),447.70,1,0.01,2026-09-01,2026-09-30
Connaught Place,Special Spicy Coconut Chutney,271.34,4,0.01,2026-09-01,2026-09-30
Connaught Place,Dadu`s Special Spicy Chutney,261.28,4,0.01,2026-09-01,2026-09-30
Connaught Place,Fresh Buttermilk.,129.01,1,0.00,2026-09-01,2026-09-30
Connaught Place,Regular Sambar,0.00,16295,0.00,2026-09-01,2026-09-30
Connaught Place,Jain Sambar,0.00,190,0.00,2026-09-01,2026-09-30
Connaught Place,Regular Masala Dosa,0.00,6,0.00,2026-09-01,2026-09-30
Gurgaon DLF,Masala Dosa,"394,137.56",1918,19.99,2026-09-01,2026-09-30
Gurgaon DLF,Benne Masala Dosa,"199,683.76",806,10.13,2026-09-01,2026-09-30
Gurgaon DLF,Garlic Ghee Roast Dosa,"99,648.25",398,5.05,2026-09-01,2026-09-30
Gurgaon DLF,Idli Plate (2 pc),"94,870.26",630,4.81,2026-09-01,2026-09-30
Gurgaon DLF,Dosa Coffee Tiffin,"79,787.40",303,4.05,2026-09-01,2026-09-30
Gurgaon DLF,Thatte Idli Plate,"75,406.25",369,3.82,2026-09-01,2026-09-30
Gurgaon DLF,Mysore Ghee Roast Dosa,"68,629.63",271,3.48,2026-09-01,2026-09-30
Gurgaon DLF,Idli Vada Plate,"66,463.85",329,3.37,2026-09-01,2026-09-30
Gurgaon DLF,Malabar Paratha with Paneer Korma,"62,963.71",228,3.19,2026-09-01,2026-09-30
Gurgaon DLF,Filter Coffee,"58,749.91",519,2.98,2026-09-01,2026-09-30
Gurgaon DLF,Ghee Roast Masala Dosa,"50,091.37",198,2.54,2026-09-01,2026-09-30
Gurgaon DLF,Plain Dosa,"46,485.81",271,2.36,2026-09-01,2026-09-30
Gurgaon DLF,Cold Coffee-Classic,"45,805.39",225,2.32,2026-09-01,2026-09-30
Gurgaon DLF,Mysore Benne Dosa,"45,151.39",175,2.29,2026-09-01,2026-09-30
Gurgaon DLF,Benne Dosa,"43,129.77",207,2.19,2026-09-01,2026-09-30
Gurgaon DLF,Medu Vada Plate (2 pc),"39,824.08",225,2.02,2026-09-01,2026-09-30
Gurgaon DLF,Malkapodi Idli Plate (2pc),"37,535.35",206,1.90,2026-09-01,2026-09-30
Gurgaon DLF,Fresh Buttermilk,"36,404.61",284,1.85,2026-09-01,2026-09-30
Gurgaon DLF,Garlic Benne Dosa,"35,697.56",139,1.81,2026-09-01,2026-09-30
Gurgaon DLF,Plain Ghee Roast Dosa,"33,355.75",148,1.69,2026-09-01,2026-09-30
Gurgaon DLF,Raw Mango Ghee Roast Dosa,"30,717.52",121,1.56,2026-09-01,2026-09-30
Gurgaon DLF,Dosa Coffee Benne Tiffin,"29,723.12",116,1.51,2026-09-01,2026-09-30
Gurgaon DLF,Potato Masala,"28,406.43",714,1.44,2026-09-01,2026-09-30
Gurgaon DLF,Curd Rice,"23,519.90",115,1.19,2026-09-01,2026-09-30
Gurgaon DLF,Raw Mango Benne Dosa,"17,087.78",68,0.87,2026-09-01,2026-09-30
Gurgaon DLF,Filter Coffee Flask (250ml),"16,786.03",82,0.85,2026-09-01,2026-09-30
Gurgaon DLF,Idli Fries,"16,289.94",99,0.83,2026-09-01,2026-09-30
Gurgaon DLF,Dahi Vada Plate (2 pc),"16,028.01",82,0.81,2026-09-01,2026-09-30
Gurgaon DLF,Fresh Watermelon Juice,"15,948.83",86,0.81,2026-09-01,2026-09-30
Gurgaon DLF,Sambar Idli Plate (2pc),"15,905.31",95,0.81,2026-09-01,2026-09-30
Gurgaon DLF,Tomato Rice,"14,920.73",70,0.76,2026-09-01,2026-09-30
Gurgaon DLF,Lemon Rice,"14,510.44",69,0.74,2026-09-01,2026-09-30
Gurgaon DLF,Kesari Halwa,"14,386.10",95,0.73,2026-09-01,2026-09-30
Gurgaon DLF,Ghee Idli Plate (2pc),"13,291.90",79,0.67,2026-09-01,2026-09-30
Gurgaon DLF,Bisbelle Bhaat,"12,569.49",60,0.64,2026-09-01,2026-09-30
Gurgaon DLF,Open Butter Masala Dosa,"8,525.62",32,0.43,2026-09-01,2026-09-30
Gurgaon DLF,Spicy Tomato Onion Ghee Roast Dosa,"7,964.73",32,0.40,2026-09-01,2026-09-30
Gurgaon DLF,Sambar Vada Plate (2pc),"7,876.70",42,0.40,2026-09-01,2026-09-30
Gurgaon DLF,Iced Filter Coffee,"7,553.35",58,0.38,2026-09-01,2026-09-30
Gurgaon DLF,Upma,"5,952.49",33,0.30,2026-09-01,2026-09-30
Gurgaon DLF,Rasam & Papad,"5,778.15",45,0.29,2026-09-01,2026-09-30
Gurgaon DLF,Cold Coffee-Nuttela,"5,155.93",22,0.26,2026-09-01,2026-09-30
Gurgaon DLF,Mango Shake,"4,617.60",24,0.23,2026-09-01,2026-09-30
Gurgaon DLF,Srivillli Kheer,"4,299.12",32,0.22,2026-09-01,2026-09-30
Gurgaon DLF,Cheese,"3,108.10",56,0.16,2026-09-01,2026-09-30
Gurgaon DLF,Packaged Drinking Water-500 ml,"2,617.05",74,0.13,2026-09-01,2026-09-30
Gurgaon DLF,Cold Coffee-Crunchy Oreo,"2,610.01",11,0.13,2026-09-01,2026-09-30
Gurgaon DLF,Onion,"2,123.77",87,0.11,2026-09-01,2026-09-30
Gurgaon DLF,Strawberry Shake,"1,936.12",10,0.10,2026-09-01,2026-09-30
Gurgaon DLF,Butter,"1,554.18",29,0.08,2026-09-01,2026-09-30
Gurgaon DLF,Black Coffee,"1,399.39",18,0.07,2026-09-01,2026-09-30
Gurgaon DLF,Special Spicy Coconut Chutney,"1,227.08",17,0.06,2026-09-01,2026-09-30
Gurgaon DLF,Ghee,974.34,18,0.05,2026-09-01,2026-09-30
Gurgaon DLF,Raw Mango Chutney,838.98,12,0.04,2026-09-01,2026-09-30
Gurgaon DLF,Dadu`s Special Spicy Chutney,524.02,7,0.03,2026-09-01,2026-09-30
Gurgaon DLF,Fresh Buttermilk.,518.85,6,0.03,2026-09-01,2026-09-30
Gurgaon DLF,Spicy Tomato Onion Chutney,424.34,7,0.02,2026-09-01,2026-09-30
Gurgaon DLF,Special White Coconut Chutney,155.47,2,0.01,2026-09-01,2026-09-30
Gurgaon DLF,Homemade Lemonade.,126.86,1,0.01,2026-09-01,2026-09-30
Gurgaon DLF,Packaging Charge,75.00,9,0.00,2026-09-01,2026-09-30
Gurgaon DLF,Regular Sambar,0.00,7786,0.00,2026-09-01,2026-09-30
Gurgaon DLF,Jain Sambar,0.00,797,0.00,2026-09-01,2026-09-30
Gurgaon Sec 10,Masala Dosa,"111,344.59",548,17.85,2026-09-01,2026-09-30
Gurgaon Sec 10,Benne Masala Dosa,"59,613.99",239,9.56,2026-09-01,2026-09-30
Gurgaon Sec 10,Idli Plate (2 pc),"36,276.25",231,5.82,2026-09-01,2026-09-30
Gurgaon Sec 10,Thatte Idli Plate,"23,571.72",118,3.78,2026-09-01,2026-09-30
Gurgaon Sec 10,Ghee Roast Masala Dosa,"20,150.71",82,3.23,2026-09-01,2026-09-30
Gurgaon Sec 10,Mixed Uttapam,"18,549.39",76,2.97,2026-09-01,2026-09-30
Gurgaon Sec 10,Paniyaram (10 Pcs),"18,082.63",72,2.90,2026-09-01,2026-09-30
Gurgaon Sec 10,Filter Coffee,"16,758.62",148,2.69,2026-09-01,2026-09-30
Gurgaon Sec 10,Garlic Ghee Roast Dosa,"13,992.18",57,2.24,2026-09-01,2026-09-30
Gurgaon Sec 10,Plain Dosa,"13,943.53",83,2.24,2026-09-01,2026-09-30
Gurgaon Sec 10,Malabar Paratha with Paneer Korma,"13,885.75",53,2.23,2026-09-01,2026-09-30
Gurgaon Sec 10,Cold Coffee-Classic,"13,392.45",66,2.15,2026-09-01,2026-09-30
Gurgaon Sec 10,Dosa Coffee Tiffin,"13,108.18",50,2.10,2026-09-01,2026-09-30
Gurgaon Sec 10,Medu Vada Plate (2 pc),"12,518.72",65,2.01,2026-09-01,2026-09-30
Gurgaon Sec 10,Dosa Coffee Tiffin @ 249,"12,311.46",49,1.97,2026-09-01,2026-09-30
Gurgaon Sec 10,Dosa Coffee Benne Tiffin,"11,302.89",44,1.81,2026-09-01,2026-09-30
Gurgaon Sec 10,Mysore Masala Dosa,"10,714.90",40,1.72,2026-09-01,2026-09-30
Gurgaon Sec 10,Idli Vada Plate,"9,849.44",47,1.58,2026-09-01,2026-09-30
Gurgaon Sec 10,Benne Dosa,"9,393.25",44,1.51,2026-09-01,2026-09-30
Gurgaon Sec 10,Paneer Dosa,"9,078.98",27,1.46,2026-09-01,2026-09-30
Gurgaon Sec 10,Rava Plain Dosa,"8,863.92",38,1.42,2026-09-01,2026-09-30
Gurgaon Sec 10,Guntur Karampodi Dosa,"8,167.97",25,1.31,2026-09-01,2026-09-30
Gurgaon Sec 10,Malkapodi Idli Plate (2pc),"7,460.24",39,1.20,2026-09-01,2026-09-30
Gurgaon Sec 10,Curd Rice,"7,244.36",35,1.16,2026-09-01,2026-09-30
Gurgaon Sec 10,Mysore Ghee Roast Dosa,"6,790.47",27,1.09,2026-09-01,2026-09-30
Gurgaon Sec 10,Garlic Benne Dosa,"6,266.63",24,1.00,2026-09-01,2026-09-30
Gurgaon Sec 10,Tomato Onion Uttapam,"5,241.12",23,0.84,2026-09-01,2026-09-30
Gurgaon Sec 10,Malkapodi Masala Dosa,"5,208.16",20,0.83,2026-09-01,2026-09-30
Gurgaon Sec 10,Idli Fries,"5,041.92",29,0.81,2026-09-01,2026-09-30
Gurgaon Sec 10,Garlic Masala Dosa,"4,650.17",18,0.75,2026-09-01,2026-09-30
Gurgaon Sec 10,Vegetable Uttapam,"4,596.01",18,0.74,2026-09-01,2026-09-30
Gurgaon Sec 10,Raw Mango Benne Dosa,"4,486.75",17,0.72,2026-09-01,2026-09-30
Gurgaon Sec 10,Homemade Sparkling Lemonade,"4,415.25",29,0.71,2026-09-01,2026-09-30
Gurgaon Sec 10,Mysore Dosa,"4,124.36",16,0.66,2026-09-01,2026-09-30
Gurgaon Sec 10,Fresh Buttermilk,"4,074.90",35,0.65,2026-09-01,2026-09-30
Gurgaon Sec 10,Raw Mango Ghee Roast Dosa,"3,936.93",15,0.63,2026-09-01,2026-09-30
Gurgaon Sec 10,Tomato Rice,"3,895.43",18,0.62,2026-09-01,2026-09-30
Gurgaon Sec 10,Kesari Halwa,"3,690.88",26,0.59,2026-09-01,2026-09-30
Gurgaon Sec 10,Ghee Idli Plate (2pc),"3,679.61",22,0.59,2026-09-01,2026-09-30
Gurgaon Sec 10,Onion Uttapam,"3,474.97",14,0.56,2026-09-01,2026-09-30
Gurgaon Sec 10,Dahi Vada Plate (2 pc),"3,440.73",17,0.55,2026-09-01,2026-09-30
Gurgaon Sec 10,Mango Shake,"3,383.20",18,0.54,2026-09-01,2026-09-30
Gurgaon Sec 10,Upma,"3,324.21",21,0.53,2026-09-01,2026-09-30
Gurgaon Sec 10,Lemon Rice,"2,970.90",14,0.48,2026-09-01,2026-09-30
Gurgaon Sec 10,Open Butter Masala Dosa,"2,945.25",11,0.47,2026-09-01,2026-09-30
Gurgaon Sec 10,Plain Ghee Roast Dosa,"2,807.03",13,0.45,2026-09-01,2026-09-30
Gurgaon Sec 10,Mysore Benne Dosa,"2,783.07",11,0.45,2026-09-01,2026-09-30
Gurgaon Sec 10,Potato Masala,"2,731.07",73,0.44,2026-09-01,2026-09-30
Gurgaon Sec 10,Filter Coffee Flask (250ml),"2,565.08",13,0.41,2026-09-01,2026-09-30
Gurgaon Sec 10,Sambar Vada Plate (2pc),"2,390.93",12,0.38,2026-09-01,2026-09-30
Gurgaon Sec 10,Thindi Ghee Podi Masala Dosa,"2,289.95",9,0.37,2026-09-01,2026-09-30
Gurgaon Sec 10,Rasam & Papad,"1,951.43",20,0.31,2026-09-01,2026-09-30
Gurgaon Sec 10,Filter Coffee Cappuccino,"1,875.00",14,0.30,2026-09-01,2026-09-30
Gurgaon Sec 10,Bisbelle Bhaat,"1,874.12",9,0.30,2026-09-01,2026-09-30
Gurgaon Sec 10,Garlic Dosa,"1,856.47",8,0.30,2026-09-01,2026-09-30
Gurgaon Sec 10,Iced Filter Coffee,"1,700.45",13,0.27,2026-09-01,2026-09-30
Gurgaon Sec 10,Srivillli Kheer,"1,685.83",12,0.27,2026-09-01,2026-09-30
Gurgaon Sec 10,Paper Plain Dosa,"1,653.75",7,0.27,2026-09-01,2026-09-30
Gurgaon Sec 10,Onion,"1,563.90",57,0.25,2026-09-01,2026-09-30
Gurgaon Sec 10,Sambar Idli Plate (2pc),"1,559.25",9,0.25,2026-09-01,2026-09-30
Gurgaon Sec 10,Strawberry Shake,"1,554.00",8,0.25,2026-09-01,2026-09-30
Gurgaon Sec 10,Fresh Watermelon Juice,"1,475.55",8,0.24,2026-09-01,2026-09-30
Gurgaon Sec 10,Homemade Lemonade,"1,417.50",10,0.23,2026-09-01,2026-09-30
Gurgaon Sec 10,Chocolate Filter Coffee,"1,312.50",10,0.21,2026-09-01,2026-09-30
Gurgaon Sec 10,Black Coffee,"1,275.00",14,0.20,2026-09-01,2026-09-30
Gurgaon Sec 10,Cheese Paniyaram (10 Pcs),"1,239.00",4,0.20,2026-09-01,2026-09-30
Gurgaon Sec 10,Butter Idli Plate (2pc),"1,238.55",7,0.20,2026-09-01,2026-09-30
Gurgaon Sec 10,Jaggery Cinnamon Filter Coffee,"1,220.90",9,0.20,2026-09-01,2026-09-30
Gurgaon Sec 10,Malkapodi Dosa,"1,195.13",5,0.19,2026-09-01,2026-09-30
Gurgaon Sec 10,Cold Coffee-Crunchy Oreo,"1,137.26",5,0.18,2026-09-01,2026-09-30
Gurgaon Sec 10,Special White Coconut Chutney,"1,021.90",15,0.16,2026-09-01,2026-09-30
Gurgaon Sec 10,Butter,900.63,16,0.14,2026-09-01,2026-09-30
Gurgaon Sec 10,Packaged Drinking Water-500 ml,861.84,28,0.14,2026-09-01,2026-09-30
Gurgaon Sec 10,Rasam Idli Plate (2pc),842.88,5,0.14,2026-09-01,2026-09-30
Gurgaon Sec 10,Cheese,829.08,14,0.13,2026-09-01,2026-09-30
Gurgaon Sec 10,Rasam Vada Plate (2 Pc),756.00,4,0.12,2026-09-01,2026-09-30
Gurgaon Sec 10,Spicy Tomato Onion Chutney,662.20,10,0.11,2026-09-01,2026-09-30
Gurgaon Sec 10,Appalam Papad (1pc),588.00,18,0.09,2026-09-01,2026-09-30
Gurgaon Sec 10,Raw Mango Chutney,539.51,7,0.09,2026-09-01,2026-09-30
Gurgaon Sec 10,Tomato Uttapam,517.00,2,0.08,2026-09-01,2026-09-30
Gurgaon Sec 10,Cold Coffee-Nuttela,493.50,2,0.08,2026-09-01,2026-09-30
Gurgaon Sec 10,Dosa Batter Kit (1 Kg),334.95,1,0.05,2026-09-01,2026-09-30
Gurgaon Sec 10,Special Spicy Coconut Chutney,323.80,5,0.05,2026-09-01,2026-09-30
Gurgaon Sec 10,Ghee,296.44,5,0.05,2026-09-01,2026-09-30
Gurgaon Sec 10,Packaging Charge,268.56,18,0.04,2026-09-01,2026-09-30
Gurgaon Sec 10,Spicy Tomato Onion Ghee Roast Dosa,267.75,1,0.04,2026-09-01,2026-09-30
Gurgaon Sec 10,Masala Uttapam,257.25,1,0.04,2026-09-01,2026-09-30
Gurgaon Sec 10,Thindi Podi Idli,210.00,1,0.03,2026-09-01,2026-09-30
Gurgaon Sec 10,Fresh Buttermilk.,140.98,1,0.02,2026-09-01,2026-09-30
Gurgaon Sec 10,Extra Paratha(1 Pc),89.25,1,0.01,2026-09-01,2026-09-30
Gurgaon Sec 10,Benne Masala Dosa.,52.97,1,0.01,2026-09-01,2026-09-30
Gurgaon Sec 10,Regular Sambar,0.00,3193,0.00,2026-09-01,2026-09-30
Gurgaon Sec 10,Regular Masala Dosa,0.00,35,0.00,2026-09-01,2026-09-30
Gurgaon Sec 10,Jain Sambar,0.00,73,0.00,2026-09-01,2026-09-30
Gurgaon Sec-15,Masala Dosa,"190,790.27",888,11.11,2026-09-01,2026-09-30
Gurgaon Sec-15,Benne Masala Dosa,"162,925.75",650,9.48,2026-09-01,2026-09-30
Gurgaon Sec-15,Idli Plate (2 pc),"80,244.50",490,4.67,2026-09-01,2026-09-30
Gurgaon Sec-15,Filter Coffee,"77,464.83",680,4.51,2026-09-01,2026-09-30
Gurgaon Sec-15,Thatte Idli Plate,"70,135.70",348,4.08,2026-09-01,2026-09-30
Gurgaon Sec-15,Paniyaram (10 Pcs),"54,626.43",220,3.18,2026-09-01,2026-09-30
Gurgaon Sec-15,Mysore Masala Dosa,"54,037.78",199,3.15,2026-09-01,2026-09-30
Gurgaon Sec-15,Ghee Roast Masala Dosa,"53,898.96",207,3.14,2026-09-01,2026-09-30
Gurgaon Sec-15,DC Tiffin @ 150,"53,392.50",339,3.11,2026-09-01,2026-09-30
Gurgaon Sec-15,Malabar Paratha with Paneer Korma,"45,949.40",171,2.67,2026-09-01,2026-09-30
Gurgaon Sec-15,Medu Vada Plate (2 pc),"45,778.84",243,2.67,2026-09-01,2026-09-30
Gurgaon Sec-15,Cold Coffee-Classic,"42,515.08",207,2.48,2026-09-01,2026-09-30
Gurgaon Sec-15,Garlic Ghee Roast Dosa,"40,180.60",155,2.34,2026-09-01,2026-09-30
Gurgaon Sec-15,Mixed Uttapam,"38,943.29",155,2.27,2026-09-01,2026-09-30
Gurgaon Sec-15,Benne Dosa,"34,744.53",161,2.02,2026-09-01,2026-09-30
Gurgaon Sec-15,Idli Vada Plate,"34,686.46",167,2.02,2026-09-01,2026-09-30
Gurgaon Sec-15,Garlic Benne Dosa,"32,984.20",125,1.92,2026-09-01,2026-09-30
Gurgaon Sec-15,Rava Plain Dosa,"31,925.81",140,1.86,2026-09-01,2026-09-30
Gurgaon Sec-15,Plain Dosa,"29,067.20",162,1.69,2026-09-01,2026-09-30
Gurgaon Sec-15,Guntur Karampodi Dosa,"25,564.22",78,1.49,2026-09-01,2026-09-30
Gurgaon Sec-15,Raw Mango Ghee Roast Dosa,"24,804.27",97,1.44,2026-09-01,2026-09-30
Gurgaon Sec-15,Mysore Ghee Roast Dosa,"22,939.14",91,1.34,2026-09-01,2026-09-30
Gurgaon Sec-15,Fresh Buttermilk,"22,458.30",183,1.31,2026-09-01,2026-09-30
Gurgaon Sec-15,Dahi Vada Plate (2 pc),"21,578.23",101,1.26,2026-09-01,2026-09-30
Gurgaon Sec-15,Malkapodi Idli Plate (2pc),"20,683.14",114,1.20,2026-09-01,2026-09-30
Gurgaon Sec-15,Idli Fries,"19,503.92",106,1.14,2026-09-01,2026-09-30
Gurgaon Sec-15,Raw Mango Benne Dosa,"18,717.88",75,1.09,2026-09-01,2026-09-30
Gurgaon Sec-15,Garlic Masala Dosa,"18,535.02",68,1.08,2026-09-01,2026-09-30
Gurgaon Sec-15,Mysore Benne Dosa,"16,895.33",64,0.98,2026-09-01,2026-09-30
Gurgaon Sec-15,Paneer Dosa,"15,928.51",48,0.93,2026-09-01,2026-09-30
Gurgaon Sec-15,Homemade Sparkling Lemonade,"15,305.57",102,0.89,2026-09-01,2026-09-30
Gurgaon Sec-15,Curd Rice,"13,501.03",63,0.79,2026-09-01,2026-09-30
Gurgaon Sec-15,Dosa Coffee Tiffin,"12,051.34",46,0.70,2026-09-01,2026-09-30
Gurgaon Sec-15,Malkapodi Masala Dosa,"11,491.71",42,0.67,2026-09-01,2026-09-30
Gurgaon Sec-15,Onion Uttapam,"11,485.05",48,0.67,2026-09-01,2026-09-30
Gurgaon Sec-15,Fresh Watermelon Juice,"11,483.71",69,0.67,2026-09-01,2026-09-30
Gurgaon Sec-15,Plain Ghee Roast Dosa,"11,339.75",53,0.66,2026-09-01,2026-09-30
Gurgaon Sec-15,Rasam & Papad,"10,940.05",112,0.64,2026-09-01,2026-09-30
Gurgaon Sec-15,Potato Masala,"10,310.51",272,0.60,2026-09-01,2026-09-30
Gurgaon Sec-15,Tomato Rice,"9,941.44",46,0.58,2026-09-01,2026-09-30
Gurgaon Sec-15,Kesari Halwa,"9,523.72",70,0.55,2026-09-01,2026-09-30
Gurgaon Sec-15,Thindi Ghee Podi Masala Dosa,"8,871.83",34,0.52,2026-09-01,2026-09-30
Gurgaon Sec-15,Cheese Paniyaram (10 Pcs),"8,532.36",30,0.50,2026-09-01,2026-09-30
Gurgaon Sec-15,Lemon Rice,"7,964.80",36,0.46,2026-09-01,2026-09-30
Gurgaon Sec-15,Upma,"7,934.61",45,0.46,2026-09-01,2026-09-30
Gurgaon Sec-15,Bisbelle Bhaat,"7,727.49",36,0.45,2026-09-01,2026-09-30
Gurgaon Sec-15,Dosa Coffee Benne Tiffin,"7,247.50",27,0.42,2026-09-01,2026-09-30
Gurgaon Sec-15,Srivillli Kheer,"7,160.96",56,0.42,2026-09-01,2026-09-30
Gurgaon Sec-15,Tomato Onion Uttapam,"7,104.76",29,0.41,2026-09-01,2026-09-30
Gurgaon Sec-15,Mysore Dosa,"7,071.53",30,0.41,2026-09-01,2026-09-30
Gurgaon Sec-15,Cold Coffee-Nuttela,"6,736.14",28,0.39,2026-09-01,2026-09-30
Gurgaon Sec-15,Iced Filter Coffee,"6,528.44",50,0.38,2026-09-01,2026-09-30
Gurgaon Sec-15,Paper Plain Dosa,"6,325.91",28,0.37,2026-09-01,2026-09-30
Gurgaon Sec-15,Vegetable Uttapam,"6,198.50",25,0.36,2026-09-01,2026-09-30
Gurgaon Sec-15,Garlic Dosa,"5,477.10",23,0.32,2026-09-01,2026-09-30
Gurgaon Sec-15,Open Butter Masala Dosa,"5,442.06",21,0.32,2026-09-01,2026-09-30
Gurgaon Sec-15,Ghee Idli Plate (2pc),"4,708.01",26,0.27,2026-09-01,2026-09-30
Gurgaon Sec-15,Thindi Podi Idli,"4,328.71",21,0.25,2026-09-01,2026-09-30
Gurgaon Sec-15,Filter Coffee Flask (250ml),"4,296.40",22,0.25,2026-09-01,2026-09-30
Gurgaon Sec-15,Homemade Lemonade,"4,277.02",31,0.25,2026-09-01,2026-09-30
Gurgaon Sec-15,Cold Coffee-Crunchy Oreo,"4,189.50",19,0.24,2026-09-01,2026-09-30
Gurgaon Sec-15,Packaged Drinking Water-500 ml,"4,116.42",119,0.24,2026-09-01,2026-09-30
Gurgaon Sec-15,Mango Shake,"4,079.25",21,0.24,2026-09-01,2026-09-30
Gurgaon Sec-15,Malkapodi Dosa,"3,755.68",16,0.22,2026-09-01,2026-09-30
Gurgaon Sec-15,Onion,"3,508.93",120,0.20,2026-09-01,2026-09-30
Gurgaon Sec-15,Appalam Papad (1pc),"3,464.61",98,0.20,2026-09-01,2026-09-30
Gurgaon Sec-15,Jaggery Cinnamon Filter Coffee,"3,276.00",24,0.19,2026-09-01,2026-09-30
Gurgaon Sec-15,Butter Idli Plate (2pc),"3,030.01",17,0.18,2026-09-01,2026-09-30
Gurgaon Sec-15,Sambar Vada Plate (2pc),"2,636.65",14,0.15,2026-09-01,2026-09-30
Gurgaon Sec-15,Strawberry Shake,"2,587.14",14,0.15,2026-09-01,2026-09-30
Gurgaon Sec-15,Rasam Vada Plate (2 Pc),"2,523.26",14,0.15,2026-09-01,2026-09-30
Gurgaon Sec-15,Chocolate Filter Coffee,"2,401.54",20,0.14,2026-09-01,2026-09-30
Gurgaon Sec-15,Rasam Idli Plate (2pc),"2,268.75",13,0.13,2026-09-01,2026-09-30
Gurgaon Sec-15,Sambar Idli Plate (2pc),"2,174.16",13,0.13,2026-09-01,2026-09-30
Gurgaon Sec-15,Spicy Tomato Onion Ghee Roast Dosa,"2,027.73",8,0.12,2026-09-01,2026-09-30
Gurgaon Sec-15,Raw Mango Chutney,"1,673.95",24,0.10,2026-09-01,2026-09-30
Gurgaon Sec-15,Filter Coffee Cappuccino,"1,643.81",13,0.10,2026-09-01,2026-09-30
Gurgaon Sec-15,Butter,"1,587.35",26,0.09,2026-09-01,2026-09-30
Gurgaon Sec-15,Black Coffee,"1,517.25",17,0.09,2026-09-01,2026-09-30
Gurgaon Sec-15,Lemon Iced Tea,"1,181.25",9,0.07,2026-09-01,2026-09-30
Gurgaon Sec-15,Cheese,"1,172.64",20,0.07,2026-09-01,2026-09-30
Gurgaon Sec-15,Extra Paratha(1 Pc),"1,157.87",15,0.07,2026-09-01,2026-09-30
Gurgaon Sec-15,Dosa Coffee Glass Bottle,"1,106.49",53,0.06,2026-09-01,2026-09-30
Gurgaon Sec-15,Packaging Charge,"1,002.10",69,0.06,2026-09-01,2026-09-30
Gurgaon Sec-15,Special White Coconut Chutney,880.06,13,0.05,2026-09-01,2026-09-30
Gurgaon Sec-15,Dosa Batter Kit (1 Kg),866.86,2,0.05,2026-09-01,2026-09-30
Gurgaon Sec-15,Ghee,774.00,14,0.05,2026-09-01,2026-09-30
Gurgaon Sec-15,Coconut Rice,708.75,3,0.04,2026-09-01,2026-09-30
Gurgaon Sec-15,Tomato Uttapam,696.07,3,0.04,2026-09-01,2026-09-30
Gurgaon Sec-15,Plain Uttapam,691.33,3,0.04,2026-09-01,2026-09-30
Gurgaon Sec-15,Spicy Tomato Onion Chutney,669.28,10,0.04,2026-09-01,2026-09-30
Gurgaon Sec-15,Fresh Buttermilk.,363.18,3,0.02,2026-09-01,2026-09-30
Gurgaon Sec-15,Special Spicy Coconut Chutney,267.45,4,0.02,2026-09-01,2026-09-30
Gurgaon Sec-15,Homemade Sparkling Lemonade.,207.90,2,0.01,2026-09-01,2026-09-30
Gurgaon Sec-15,Dadu`s Special Spicy Chutney,193.97,3,0.01,2026-09-01,2026-09-30
Gurgaon Sec-15,Malkapodi & Ghee,84.00,1,0.00,2026-09-01,2026-09-30
Gurgaon Sec-15,Ghee Roast Masala Dosa.,63.00,1,0.00,2026-09-01,2026-09-30
Gurgaon Sec-15,Jain Sambar,0.00,219,0.00,2026-09-01,2026-09-30
Gurgaon Sec-15,Regular Masala Dosa,0.00,18,0.00,2026-09-01,2026-09-30
Gurgaon Sec-15,Regular Sambar,0.00,5893,0.00,2026-09-01,2026-09-30
Kalkaji,Masala Dosa,"237,054.64",1164,13.42,2026-09-01,2026-09-30
Kalkaji,Benne Masala Dosa,"178,808.84",708,10.12,2026-09-01,2026-09-30
Kalkaji,Idli Plate (2 pc),"101,761.04",644,5.76,2026-09-01,2026-09-30
Kalkaji,Thatte Idli Plate,"69,841.89",347,3.95,2026-09-01,2026-09-30
Kalkaji,Benne Dosa,"62,907.35",283,3.56,2026-09-01,2026-09-30
Kalkaji,Medu Vada Plate (2 pc),"56,844.15",306,3.22,2026-09-01,2026-09-30
Kalkaji,Paniyaram (10 Pcs),"54,621.82",214,3.09,2026-09-01,2026-09-30
Kalkaji,Dosa Coffee Tiffin,"54,150.12",213,3.07,2026-09-01,2026-09-30
Kalkaji,Idli Vada Plate,"49,981.43",246,2.83,2026-09-01,2026-09-30
Kalkaji,Garlic Ghee Roast Dosa,"48,960.26",197,2.77,2026-09-01,2026-09-30
Kalkaji,Ghee Roast Masala Dosa,"48,841.14",196,2.77,2026-09-01,2026-09-30
Kalkaji,Plain Dosa,"45,830.14",277,2.59,2026-09-01,2026-09-30
Kalkaji,Filter Coffee,"44,716.95",396,2.53,2026-09-01,2026-09-30
Kalkaji,Malkapodi Idli Plate (2pc),"35,958.55",202,2.04,2026-09-01,2026-09-30
Kalkaji,Garlic Benne Dosa,"34,585.12",133,1.96,2026-09-01,2026-09-30
Kalkaji,Malabar Paratha with Paneer Korma,"32,148.57",130,1.82,2026-09-01,2026-09-30
Kalkaji,Mysore Masala Dosa,"29,097.70",108,1.65,2026-09-01,2026-09-30
Kalkaji,Cold Coffee-Classic,"28,910.16",144,1.64,2026-09-01,2026-09-30
Kalkaji,Curd Rice,"28,520.25",139,1.61,2026-09-01,2026-09-30
Kalkaji,Dosa Coffee Benne Tiffin,"28,036.81",108,1.59,2026-09-01,2026-09-30
Kalkaji,Mixed Uttapam,"23,223.82",96,1.31,2026-09-01,2026-09-30
Kalkaji,Dahi Vada Plate (2 pc),"22,425.96",111,1.27,2026-09-01,2026-09-30
Kalkaji,Filter Coffee Flask (250ml),"22,272.24",115,1.26,2026-09-01,2026-09-30
Kalkaji,Plain Ghee Roast Dosa,"22,092.67",101,1.25,2026-09-01,2026-09-30
Kalkaji,Raw Mango Ghee Roast Dosa,"21,797.61",86,1.23,2026-09-01,2026-09-30
Kalkaji,Rava Plain Dosa,"20,194.21",88,1.14,2026-09-01,2026-09-30
Kalkaji,Raw Mango Benne Dosa,"19,983.38",77,1.13,2026-09-01,2026-09-30
Kalkaji,Mysore Ghee Roast Dosa,"19,141.53",77,1.08,2026-09-01,2026-09-30
Kalkaji,Paneer Dosa,"16,742.32",50,0.95,2026-09-01,2026-09-30
Kalkaji,Mysore Benne Dosa,"16,598.13",63,0.94,2026-09-01,2026-09-30
Kalkaji,Fresh Buttermilk,"16,400.33",128,0.93,2026-09-01,2026-09-30
Kalkaji,Mysore Dosa,"15,742.12",66,0.89,2026-09-01,2026-09-30
Kalkaji,Tomato Rice,"14,519.38",73,0.82,2026-09-01,2026-09-30
Kalkaji,Homemade Sparkling Lemonade,"13,460.98",90,0.76,2026-09-01,2026-09-30
Kalkaji,Idli Fries,"13,232.94",78,0.75,2026-09-01,2026-09-30
Kalkaji,Ghee Idli Plate (2pc),"12,089.38",68,0.68,2026-09-01,2026-09-30
Kalkaji,Potato Masala,"10,204.69",281,0.58,2026-09-01,2026-09-30
Kalkaji,Malkapodi Dosa,"10,051.17",42,0.57,2026-09-01,2026-09-30
Kalkaji,Garlic Masala Dosa,"9,778.83",37,0.55,2026-09-01,2026-09-30
Kalkaji,Iced Filter Coffee,"9,477.22",73,0.54,2026-09-01,2026-09-30
Kalkaji,Onion Uttapam,"9,011.68",38,0.51,2026-09-01,2026-09-30
Kalkaji,Tomato Onion Uttapam,"8,565.22",37,0.48,2026-09-01,2026-09-30
Kalkaji,Srivillli Kheer,"8,405.74",62,0.48,2026-09-01,2026-09-30
Kalkaji,Lemon Rice,"8,162.64",39,0.46,2026-09-01,2026-09-30
Kalkaji,Kesari Halwa,"7,533.13",53,0.43,2026-09-01,2026-09-30
Kalkaji,Bisbelle Bhaat,"7,351.00",33,0.42,2026-09-01,2026-09-30
Kalkaji,Guntur Karampodi Dosa,"7,314.24",23,0.41,2026-09-01,2026-09-30
Kalkaji,Packaged Drinking Water-500 ml,"6,210.79",179,0.35,2026-09-01,2026-09-30
Kalkaji,Malkapodi Masala Dosa,"5,291.19",20,0.30,2026-09-01,2026-09-30
Kalkaji,Rasam & Papad,"4,703.67",48,0.27,2026-09-01,2026-09-30
Kalkaji,Cheese Paniyaram (10 Pcs),"4,635.39",16,0.26,2026-09-01,2026-09-30
Kalkaji,Sambar Vada Plate (2pc),"4,294.35",22,0.24,2026-09-01,2026-09-30
Kalkaji,Garlic Dosa,"4,219.46",19,0.24,2026-09-01,2026-09-30
Kalkaji,Thindi Ghee Podi Masala Dosa,"3,959.88",16,0.22,2026-09-01,2026-09-30
Kalkaji,Vegetable Uttapam,"3,783.71",15,0.21,2026-09-01,2026-09-30
Kalkaji,Cold Coffee-Crunchy Oreo,"3,745.22",17,0.21,2026-09-01,2026-09-30
Kalkaji,Dosa Batter Kit (1 Kg),"3,699.30",7,0.21,2026-09-01,2026-09-30
Kalkaji,Homemade Lemonade,"3,445.94",25,0.20,2026-09-01,2026-09-30
Kalkaji,Butter,"3,333.16",58,0.19,2026-09-01,2026-09-30
Kalkaji,Jaggery Cinnamon Filter Coffee,"3,285.42",25,0.19,2026-09-01,2026-09-30
Kalkaji,Butter Idli Plate (2pc),"3,200.15",18,0.18,2026-09-01,2026-09-30
Kalkaji,Upma,"3,117.94",19,0.18,2026-09-01,2026-09-30
Kalkaji,Paper Plain Dosa,"3,023.33",13,0.17,2026-09-01,2026-09-30
Kalkaji,Cold Coffee-Nuttela,"2,945.25",12,0.17,2026-09-01,2026-09-30
Kalkaji,Cheese,"2,903.83",55,0.16,2026-09-01,2026-09-30
Kalkaji,Open Butter Masala Dosa,"2,677.50",10,0.15,2026-09-01,2026-09-30
Kalkaji,Onion,"2,596.56",95,0.15,2026-09-01,2026-09-30
Kalkaji,Mango Shake,"2,525.25",13,0.14,2026-09-01,2026-09-30
Kalkaji,Raw Mango Chutney,"2,478.81",37,0.14,2026-09-01,2026-09-30
Kalkaji,Filter Coffee Cappuccino,"2,432.02",19,0.14,2026-09-01,2026-09-30
Kalkaji,Special White Coconut Chutney,"2,343.78",33,0.13,2026-09-01,2026-09-30
Kalkaji,Rasam Idli Plate (2pc),"2,083.25",12,0.12,2026-09-01,2026-09-30
Kalkaji,Chocolate Filter Coffee,"2,071.44",16,0.12,2026-09-01,2026-09-30
Kalkaji,Spicy Tomato Onion Ghee Roast Dosa,"1,981.47",8,0.11,2026-09-01,2026-09-30
Kalkaji,Thindi Podi Idli,"1,881.05",9,0.11,2026-09-01,2026-09-30
Kalkaji,Ghee,"1,822.81",32,0.10,2026-09-01,2026-09-30
Kalkaji,Spicy Tomato Onion Chutney,"1,796.25",25,0.10,2026-09-01,2026-09-30
Kalkaji,Appalam Papad (1pc),"1,741.98",50,0.10,2026-09-01,2026-09-30
Kalkaji,Rasam Vada Plate (2 Pc),"1,701.00",9,0.10,2026-09-01,2026-09-30
Kalkaji,Black Coffee,"1,399.57",16,0.08,2026-09-01,2026-09-30
Kalkaji,Strawberry Shake,"1,340.33",7,0.08,2026-09-01,2026-09-30
Kalkaji,Sambar Idli Plate (2pc),"1,212.75",7,0.07,2026-09-01,2026-09-30
Kalkaji,Special Spicy Coconut Chutney,"1,035.37",14,0.06,2026-09-01,2026-09-30
Kalkaji,Packaging Charge,697.73,47,0.04,2026-09-01,2026-09-30
Kalkaji,Dadu`s Special Spicy Chutney,668.71,8,0.04,2026-09-01,2026-09-30
Kalkaji,Benne Dosa Batter Kit (1 kg),523.95,1,0.03,2026-09-01,2026-09-30
Kalkaji,Malkapodi & Ghee,420.00,5,0.02,2026-09-01,2026-09-30
Kalkaji,Extra Paratha(1 Pc),357.00,4,0.02,2026-09-01,2026-09-30
Kalkaji,Lemon Iced Tea,352.76,2,0.02,2026-09-01,2026-09-30
Kalkaji,Fresh Buttermilk.,273.07,3,0.02,2026-09-01,2026-09-30
Kalkaji,Tomato Uttapam,246.75,1,0.01,2026-09-01,2026-09-30
Kalkaji,Fresh Watermelon Juice,203.71,1,0.01,2026-09-01,2026-09-30
Kalkaji,Homemade Sparkling Lemonade.,103.95,1,0.01,2026-09-01,2026-09-30
Kalkaji,Ghee Roast Masala Dosa.,63.00,1,0.00,2026-09-01,2026-09-30
Kalkaji,Benne Masala Dosa.,52.25,1,0.00,2026-09-01,2026-09-30
Kalkaji,Regular Masala Dosa,0.00,43,0.00,2026-09-01,2026-09-30
Kalkaji,Jain Sambar,0.00,427,0.00,2026-09-01,2026-09-30
Kalkaji,Regular Sambar,0.00,7634,0.00,2026-09-01,2026-09-30
Model Town,Masala Dosa,"268,749.24",1275,13.33,2026-09-01,2026-09-30
Model Town,Benne Masala Dosa,"185,653.29",737,9.21,2026-09-01,2026-09-30
Model Town,Thatte Idli Plate,"115,616.29",584,5.74,2026-09-01,2026-09-30
Model Town,Idli Plate (2 pc),"105,493.61",651,5.23,2026-09-01,2026-09-30
Model Town,Filter Coffee,"65,123.34",579,3.23,2026-09-01,2026-09-30
Model Town,Rava Plain Dosa,"63,866.75",280,3.17,2026-09-01,2026-09-30
Model Town,Medu Vada Plate (2 pc),"55,128.55",291,2.73,2026-09-01,2026-09-30
Model Town,Cold Coffee-Classic,"50,667.01",251,2.51,2026-09-01,2026-09-30
Model Town,Ghee Roast Masala Dosa,"50,402.85",203,2.50,2026-09-01,2026-09-30
Model Town,Mixed Uttapam,"49,575.70",196,2.46,2026-09-01,2026-09-30
Model Town,Plain Dosa,"49,169.63",284,2.44,2026-09-01,2026-09-30
Model Town,Mysore Masala Dosa,"48,989.40",180,2.43,2026-09-01,2026-09-30
Model Town,Dahi Vada Plate (2 pc),"43,572.96",204,2.16,2026-09-01,2026-09-30
Model Town,Garlic Ghee Roast Dosa,"42,762.05",173,2.12,2026-09-01,2026-09-30
Model Town,Malabar Paratha with Paneer Korma,"41,528.11",159,2.06,2026-09-01,2026-09-30
Model Town,Garlic Benne Dosa,"39,528.72",151,1.96,2026-09-01,2026-09-30
Model Town,Benne Dosa,"36,481.83",173,1.81,2026-09-01,2026-09-30
Model Town,Paniyaram (10 Pcs),"32,960.29",135,1.64,2026-09-01,2026-09-30
Model Town,Homemade Sparkling Lemonade,"31,618.20",213,1.57,2026-09-01,2026-09-30
Model Town,Idli Vada Plate,"28,635.59",140,1.42,2026-09-01,2026-09-30
Model Town,Dosa Coffee Tiffin,"27,948.71",112,1.39,2026-09-01,2026-09-30
Model Town,Mysore Ghee Roast Dosa,"24,803.08",95,1.23,2026-09-01,2026-09-30
Model Town,Thindi Ghee Podi Masala Dosa,"23,211.01",89,1.15,2026-09-01,2026-09-30
Model Town,Malkapodi Idli Plate (2pc),"21,070.19",112,1.05,2026-09-01,2026-09-30
Model Town,Guntur Karampodi Dosa,"21,018.20",65,1.04,2026-09-01,2026-09-30
Model Town,Garlic Masala Dosa,"20,477.14",76,1.02,2026-09-01,2026-09-30
Model Town,Paneer Dosa,"19,013.52",56,0.94,2026-09-01,2026-09-30
Model Town,Raw Mango Benne Dosa,"18,763.99",76,0.93,2026-09-01,2026-09-30
Model Town,Potato Masala,"17,877.77",464,0.89,2026-09-01,2026-09-30
Model Town,Dosa Coffee Benne Tiffin,"17,482.02",69,0.87,2026-09-01,2026-09-30
Model Town,Raw Mango Ghee Roast Dosa,"16,106.73",64,0.80,2026-09-01,2026-09-30
Model Town,Idli Fries,"15,967.56",90,0.79,2026-09-01,2026-09-30
Model Town,Fresh Buttermilk,"14,649.88",117,0.73,2026-09-01,2026-09-30
Model Town,Mysore Benne Dosa,"14,620.06",56,0.73,2026-09-01,2026-09-30
Model Town,Malkapodi Masala Dosa,"14,380.50",53,0.71,2026-09-01,2026-09-30
Model Town,Upma,"14,349.03",86,0.71,2026-09-01,2026-09-30
Model Town,Iced Filter Coffee,"14,300.17",113,0.71,2026-09-01,2026-09-30
Model Town,Onion Uttapam,"13,594.17",56,0.67,2026-09-01,2026-09-30
Model Town,Plain Ghee Roast Dosa,"13,381.05",63,0.66,2026-09-01,2026-09-30
Model Town,Vegetable Uttapam,"13,262.65",53,0.66,2026-09-01,2026-09-30
Model Town,Fresh Watermelon Juice,"11,680.43",68,0.58,2026-09-01,2026-09-30
Model Town,Cheese Paniyaram (10 Pcs),"10,384.95",35,0.52,2026-09-01,2026-09-30
Model Town,Tomato Onion Uttapam,"10,028.00",41,0.50,2026-09-01,2026-09-30
Model Town,Kesari Halwa,"10,006.13",76,0.50,2026-09-01,2026-09-30
Model Town,Srivillli Kheer,"9,413.94",71,0.47,2026-09-01,2026-09-30
Model Town,Packaged Drinking Water-500 ml,"9,328.85",264,0.46,2026-09-01,2026-09-30
Model Town,Curd Rice,"9,084.90",43,0.45,2026-09-01,2026-09-30
Model Town,Cold Coffee-Nuttela,"8,682.25",37,0.43,2026-09-01,2026-09-30
Model Town,Lemon Rice,"8,500.76",39,0.42,2026-09-01,2026-09-30
Model Town,Rasam & Papad,"8,490.41",87,0.42,2026-09-01,2026-09-30
Model Town,Malkapodi Dosa,"8,379.05",35,0.42,2026-09-01,2026-09-30
Model Town,Mysore Dosa,"8,097.36",35,0.40,2026-09-01,2026-09-30
Model Town,Garlic Dosa,"7,672.97",33,0.38,2026-09-01,2026-09-30
Model Town,Open Butter Masala Dosa,"7,242.53",29,0.36,2026-09-01,2026-09-30
Model Town,Ghee Idli Plate (2pc),"6,770.88",40,0.34,2026-09-01,2026-09-30
Model Town,Tomato Rice,"6,706.11",30,0.33,2026-09-01,2026-09-30
Model Town,Onion,"6,399.03",223,0.32,2026-09-01,2026-09-30
Model Town,Mango Shake,"6,124.60",33,0.30,2026-09-01,2026-09-30
Model Town,Filter Coffee Flask (250ml),"5,885.93",28,0.29,2026-09-01,2026-09-30
Model Town,Paper Plain Dosa,"5,697.98",25,0.28,2026-09-01,2026-09-30
Model Town,Homemade Lemonade,"5,535.24",40,0.27,2026-09-01,2026-09-30
Model Town,Appalam Papad (1pc),"5,510.06",157,0.27,2026-09-01,2026-09-30
Model Town,Jaggery Cinnamon Filter Coffee,"5,426.45",41,0.27,2026-09-01,2026-09-30
Model Town,Filter Coffee Cappuccino,"5,195.37",40,0.26,2026-09-01,2026-09-30
Model Town,Spicy Tomato Onion Ghee Roast Dosa,"5,169.29",20,0.26,2026-09-01,2026-09-30
Model Town,Cold Coffee-Crunchy Oreo,"4,977.39",23,0.25,2026-09-01,2026-09-30
Model Town,Strawberry Shake,"4,871.82",27,0.24,2026-09-01,2026-09-30
Model Town,Bisbelle Bhaat,"4,553.18",22,0.23,2026-09-01,2026-09-30
Model Town,Lemon Iced Tea,"4,410.65",34,0.22,2026-09-01,2026-09-30
Model Town,Chocolate Filter Coffee,"3,419.37",27,0.17,2026-09-01,2026-09-30
Model Town,Cheese,"3,161.43",57,0.16,2026-09-01,2026-09-30
Model Town,Raw Mango Chutney,"2,980.46",42,0.15,2026-09-01,2026-09-30
Model Town,Rasam Idli Plate (2pc),"2,922.47",17,0.14,2026-09-01,2026-09-30
Model Town,Black Coffee,"2,918.64",35,0.14,2026-09-01,2026-09-30
Model Town,Sambar Vada Plate (2pc),"2,793.00",14,0.14,2026-09-01,2026-09-30
Model Town,Dosa Batter Kit (1 Kg),"2,741.59",6,0.14,2026-09-01,2026-09-30
Model Town,Thindi Podi Idli,"2,456.00",12,0.12,2026-09-01,2026-09-30
Model Town,Butter,"2,434.40",43,0.12,2026-09-01,2026-09-30
Model Town,Rasam Vada Plate (2 Pc),"2,062.20",11,0.10,2026-09-01,2026-09-30
Model Town,Sambar Idli Plate (2pc),"1,907.09",11,0.09,2026-09-01,2026-09-30
Model Town,Butter Idli Plate (2pc),"1,873.14",10,0.09,2026-09-01,2026-09-30
Model Town,Ghee,"1,813.67",33,0.09,2026-09-01,2026-09-30
Model Town,Special White Coconut Chutney,"1,590.15",24,0.08,2026-09-01,2026-09-30
Model Town,Packaging Charge,"1,346.52",92,0.07,2026-09-01,2026-09-30
Model Town,Extra Paratha(1 Pc),"1,244.19",16,0.06,2026-09-01,2026-09-30
Model Town,Benne Dosa Batter Kit (1 kg),992.65,2,0.05,2026-09-01,2026-09-30
Model Town,Coconut Rice,945.00,4,0.05,2026-09-01,2026-09-30
Model Town,Spicy Tomato Onion Chutney,818.17,12,0.04,2026-09-01,2026-09-30
Model Town,Special Spicy Coconut Chutney,749.35,10,0.04,2026-09-01,2026-09-30
Model Town,Plain Uttapam,731.25,3,0.04,2026-09-01,2026-09-30
Model Town,Malkapodi & Ghee,412.26,5,0.02,2026-09-01,2026-09-30
Model Town,Dosa Coffee Glass Bottle,389.69,19,0.02,2026-09-01,2026-09-30
Model Town,Dadu`s Special Spicy Chutney,319.60,5,0.02,2026-09-01,2026-09-30
Model Town,Extra Paneer Korma,262.50,2,0.01,2026-09-01,2026-09-30
Model Town,Tomato Uttapam,246.75,1,0.01,2026-09-01,2026-09-30
Model Town,Fresh Buttermilk.,82.29,1,0.00,2026-09-01,2026-09-30
Model Town,Ghee Roast Masala Dosa.,49.88,1,0.00,2026-09-01,2026-09-30
Model Town,Jain Sambar,0.00,297,0.00,2026-09-01,2026-09-30
Model Town,Regular Masala Dosa,0.00,43,0.00,2026-09-01,2026-09-30
Model Town,Regular Sambar,0.00,10295,0.00,2026-09-01,2026-09-30
Pacific Jasola,Masala Dosa,"319,091.28",1408,13.00,2026-09-01,2026-09-30
Pacific Jasola,Benne Masala Dosa,"221,671.63",880,9.03,2026-09-01,2026-09-30
Pacific Jasola,Filter Coffee,"180,919.50",1592,7.37,2026-09-01,2026-09-30
Pacific Jasola,Mysore Masala Dosa,"126,551.40",465,5.15,2026-09-01,2026-09-30
Pacific Jasola,Thatte Idli Plate,"101,789.22",511,4.15,2026-09-01,2026-09-30
Pacific Jasola,Idli Plate (2 pc),"88,722.11",531,3.61,2026-09-01,2026-09-30
Pacific Jasola,Ghee Roast Masala Dosa,"74,419.13",294,3.03,2026-09-01,2026-09-30
Pacific Jasola,Medu Vada Plate (2 pc),"72,305.74",376,2.94,2026-09-01,2026-09-30
Pacific Jasola,Cold Coffee-Classic,"71,702.79",358,2.92,2026-09-01,2026-09-30
Pacific Jasola,Homemade Sparkling Lemonade,"54,182.23",365,2.21,2026-09-01,2026-09-30
Pacific Jasola,Rava Plain Dosa,"53,497.79",232,2.18,2026-09-01,2026-09-30
Pacific Jasola,Garlic Masala Dosa,"53,154.58",197,2.16,2026-09-01,2026-09-30
Pacific Jasola,Malabar Paratha with Paneer Korma,"52,697.22",199,2.15,2026-09-01,2026-09-30
Pacific Jasola,Mixed Uttapam,"49,081.16",187,2.00,2026-09-01,2026-09-30
Pacific Jasola,Plain Dosa,"47,787.36",258,1.95,2026-09-01,2026-09-30
Pacific Jasola,Paneer Dosa,"41,853.50",126,1.70,2026-09-01,2026-09-30
Pacific Jasola,Dahi Vada Plate (2 pc),"33,304.50",156,1.36,2026-09-01,2026-09-30
Pacific Jasola,Garlic Ghee Roast Dosa,"31,757.77",125,1.29,2026-09-01,2026-09-30
Pacific Jasola,Paniyaram (10 Pcs),"31,087.96",127,1.27,2026-09-01,2026-09-30
Pacific Jasola,Fresh Buttermilk,"27,825.58",216,1.13,2026-09-01,2026-09-30
Pacific Jasola,Mysore Dosa,"26,150.11",137,1.06,2026-09-01,2026-09-30
Pacific Jasola,Idli Vada Plate,"25,643.03",115,1.04,2026-09-01,2026-09-30
Pacific Jasola,Benne Dosa,"25,223.93",121,1.03,2026-09-01,2026-09-30
Pacific Jasola,Fresh Watermelon Juice,"24,626.32",146,1.00,2026-09-01,2026-09-30
Pacific Jasola,Guntur Karampodi Dosa,"23,914.55",73,0.97,2026-09-01,2026-09-30
Pacific Jasola,Malkapodi Idli Plate (2pc),"21,436.42",114,0.87,2026-09-01,2026-09-30
Pacific Jasola,Plain Ghee Roast Dosa,"21,401.29",100,0.87,2026-09-01,2026-09-30
Pacific Jasola,Mysore Benne Dosa,"21,218.30",82,0.86,2026-09-01,2026-09-30
Pacific Jasola,Raw Mango Ghee Roast Dosa,"20,874.68",83,0.85,2026-09-01,2026-09-30
Pacific Jasola,Garlic Benne Dosa,"20,098.44",78,0.82,2026-09-01,2026-09-30
Pacific Jasola,Mysore Ghee Roast Dosa,"20,076.95",79,0.82,2026-09-01,2026-09-30
Pacific Jasola,Idli Fries,"19,530.30",101,0.80,2026-09-01,2026-09-30
Pacific Jasola,Onion Uttapam,"18,610.16",77,0.76,2026-09-01,2026-09-30
Pacific Jasola,Raw Mango Benne Dosa,"17,874.61",68,0.73,2026-09-01,2026-09-30
Pacific Jasola,Iced Filter Coffee,"17,632.21",136,0.72,2026-09-01,2026-09-30
Pacific Jasola,Tomato Rice,"16,794.08",77,0.68,2026-09-01,2026-09-30
Pacific Jasola,Srivillli Kheer,"16,419.97",131,0.67,2026-09-01,2026-09-30
Pacific Jasola,Malkapodi Masala Dosa,"16,358.47",60,0.67,2026-09-01,2026-09-30
Pacific Jasola,Upma,"16,068.47",89,0.65,2026-09-01,2026-09-30
Pacific Jasola,Curd Rice,"15,549.58",69,0.63,2026-09-01,2026-09-30
Pacific Jasola,Rasam & Papad,"15,340.05",155,0.62,2026-09-01,2026-09-30
Pacific Jasola,Jaggery Cinnamon Filter Coffee,"14,222.76",106,0.58,2026-09-01,2026-09-30
Pacific Jasola,Cheese Paniyaram (10 Pcs),"13,723.70",46,0.56,2026-09-01,2026-09-30
Pacific Jasola,Kesari Halwa,"13,179.98",103,0.54,2026-09-01,2026-09-30
Pacific Jasola,Thindi Ghee Podi Masala Dosa,"13,106.26",51,0.53,2026-09-01,2026-09-30
Pacific Jasola,Vegetable Uttapam,"12,901.42",51,0.53,2026-09-01,2026-09-30
Pacific Jasola,Dosa Coffee Tiffin,"12,071.92",47,0.49,2026-09-01,2026-09-30
Pacific Jasola,Cold Coffee-Nuttela,"11,819.33",48,0.48,2026-09-01,2026-09-30
Pacific Jasola,Packaged Drinking Water-500 ml,"11,172.96",316,0.46,2026-09-01,2026-09-30
Pacific Jasola,Potato Masala,"11,156.34",290,0.45,2026-09-01,2026-09-30
Pacific Jasola,Cold Coffee-Crunchy Oreo,"10,810.31",52,0.44,2026-09-01,2026-09-30
Pacific Jasola,Lemon Rice,"10,606.93",48,0.43,2026-09-01,2026-09-30
Pacific Jasola,Filter Coffee Cappuccino,"10,093.13",77,0.41,2026-09-01,2026-09-30
Pacific Jasola,Mango Shake,"9,821.53",53,0.40,2026-09-01,2026-09-30
Pacific Jasola,Open Butter Masala Dosa,"9,328.01",36,0.38,2026-09-01,2026-09-30
Pacific Jasola,Lemon Iced Tea,"8,659.38",67,0.35,2026-09-01,2026-09-30
Pacific Jasola,Bisbelle Bhaat,"8,222.38",35,0.33,2026-09-01,2026-09-30
Pacific Jasola,Tomato Onion Uttapam,"8,160.38",32,0.33,2026-09-01,2026-09-30
Pacific Jasola,Paper Plain Dosa,"8,087.04",35,0.33,2026-09-01,2026-09-30
Pacific Jasola,Homemade Lemonade,"8,043.94",58,0.33,2026-09-01,2026-09-30
Pacific Jasola,Sambar Vada Plate (2pc),"7,804.13",40,0.32,2026-09-01,2026-09-30
Pacific Jasola,Ghee Idli Plate (2pc),"7,660.70",41,0.31,2026-09-01,2026-09-30
Pacific Jasola,Strawberry Shake,"7,035.01",37,0.29,2026-09-01,2026-09-30
Pacific Jasola,Rasam Vada Plate (2 Pc),"6,538.54",35,0.27,2026-09-01,2026-09-30
Pacific Jasola,Dosa Coffee Benne Tiffin,"6,499.66",24,0.26,2026-09-01,2026-09-30
Pacific Jasola,Chocolate Filter Coffee,"5,901.06",46,0.24,2026-09-01,2026-09-30
Pacific Jasola,Malkapodi Dosa,"5,366.49",24,0.22,2026-09-01,2026-09-30
Pacific Jasola,Black Coffee,"4,722.92",55,0.19,2026-09-01,2026-09-30
Pacific Jasola,Appalam Papad (1pc),"4,128.37",116,0.17,2026-09-01,2026-09-30
Pacific Jasola,Onion,"4,114.07",137,0.17,2026-09-01,2026-09-30
Pacific Jasola,Rasam Idli Plate (2pc),"3,920.47",23,0.16,2026-09-01,2026-09-30
Pacific Jasola,Garlic Dosa,"3,738.31",16,0.15,2026-09-01,2026-09-30
Pacific Jasola,Sambar Idli Plate (2pc),"3,481.50",20,0.14,2026-09-01,2026-09-30
Pacific Jasola,Thindi Podi Idli,"3,360.00",16,0.14,2026-09-01,2026-09-30
Pacific Jasola,Filter Coffee Flask (250ml),"3,046.72",15,0.12,2026-09-01,2026-09-30
Pacific Jasola,Spicy Tomato Onion Ghee Roast Dosa,"2,291.63",9,0.09,2026-09-01,2026-09-30
Pacific Jasola,Raw Mango Chutney,"2,125.77",28,0.09,2026-09-01,2026-09-30
Pacific Jasola,Butter,"1,966.58",32,0.08,2026-09-01,2026-09-30
Pacific Jasola,Butter Idli Plate (2pc),"1,900.08",10,0.08,2026-09-01,2026-09-30
Pacific Jasola,Extra Paratha(1 Pc),"1,780.44",22,0.07,2026-09-01,2026-09-30
Pacific Jasola,Tomato Uttapam,"1,698.97",7,0.07,2026-09-01,2026-09-30
Pacific Jasola,Plain Uttapam,"1,653.75",7,0.07,2026-09-01,2026-09-30
Pacific Jasola,Cheese,"1,170.35",20,0.05,2026-09-01,2026-09-30
Pacific Jasola,Packaging Charge,921.30,62,0.04,2026-09-01,2026-09-30
Pacific Jasola,Coconut Rice,708.75,3,0.03,2026-09-01,2026-09-30
Pacific Jasola,Ghee,639.22,13,0.03,2026-09-01,2026-09-30
Pacific Jasola,Extra Paneer Korma,526.48,4,0.02,2026-09-01,2026-09-30
Pacific Jasola,Benne Dosa Batter Kit (1 kg),447.70,1,0.02,2026-09-01,2026-09-30
Pacific Jasola,Dosa Coffee Glass Bottle,280.18,16,0.01,2026-09-01,2026-09-30
Pacific Jasola,Special White Coconut Chutney,276.99,4,0.01,2026-09-01,2026-09-30
Pacific Jasola,Malkapodi & Ghee,168.00,2,0.01,2026-09-01,2026-09-30
Pacific Jasola,Spicy Tomato Onion Chutney,143.24,2,0.01,2026-09-01,2026-09-30
Pacific Jasola,Regular Masala Dosa,0.00,2,0.00,2026-09-01,2026-09-30
Pacific Jasola,Regular Sambar,0.00,8706,0.00,2026-09-01,2026-09-30
Pacific Jasola,Jain Sambar,0.00,184,0.00,2026-09-01,2026-09-30
Paschim Vihar,Masala Dosa,"176,116.23",836,14.64,2026-09-01,2026-09-30
Paschim Vihar,Benne Masala Dosa,"105,683.99",414,8.79,2026-09-01,2026-09-30
Paschim Vihar,Thatte Idli Plate,"65,691.13",327,5.46,2026-09-01,2026-09-30
Paschim Vihar,Idli Plate (2 pc),"64,791.99",407,5.39,2026-09-01,2026-09-30
Paschim Vihar,Filter Coffee,"41,290.50",364,3.43,2026-09-01,2026-09-30
Paschim Vihar,Mixed Uttapam,"36,394.06",146,3.03,2026-09-01,2026-09-30
Paschim Vihar,Cold Coffee-Classic,"33,644.86",166,2.80,2026-09-01,2026-09-30
Paschim Vihar,Rava Plain Dosa,"32,957.07",140,2.74,2026-09-01,2026-09-30
Paschim Vihar,Mysore Masala Dosa,"32,441.39",118,2.70,2026-09-01,2026-09-30
Paschim Vihar,Medu Vada Plate (2 pc),"31,615.27",168,2.63,2026-09-01,2026-09-30
Paschim Vihar,Ghee Roast Masala Dosa,"29,668.59",117,2.47,2026-09-01,2026-09-30
Paschim Vihar,Garlic Ghee Roast Dosa,"28,851.18",116,2.40,2026-09-01,2026-09-30
Paschim Vihar,Paniyaram (10 Pcs),"28,278.01",112,2.35,2026-09-01,2026-09-30
Paschim Vihar,Garlic Benne Dosa,"25,263.45",97,2.10,2026-09-01,2026-09-30
Paschim Vihar,Plain Dosa,"23,770.27",143,1.98,2026-09-01,2026-09-30
Paschim Vihar,Dosa Coffee Tiffin,"22,284.83",89,1.85,2026-09-01,2026-09-30
Paschim Vihar,Malabar Paratha with Paneer Korma,"21,951.78",83,1.83,2026-09-01,2026-09-30
Paschim Vihar,Guntur Karampodi Dosa,"17,764.37",54,1.48,2026-09-01,2026-09-30
Paschim Vihar,Idli Vada Plate,"16,428.41",79,1.37,2026-09-01,2026-09-30
Paschim Vihar,Dahi Vada Plate (2 pc),"16,095.22",79,1.34,2026-09-01,2026-09-30
Paschim Vihar,Homemade Sparkling Lemonade,"15,847.92",105,1.32,2026-09-01,2026-09-30
Paschim Vihar,Garlic Masala Dosa,"14,746.75",54,1.23,2026-09-01,2026-09-30
Paschim Vihar,Malkapodi Idli Plate (2pc),"13,850.42",74,1.15,2026-09-01,2026-09-30
Paschim Vihar,Benne Dosa,"13,711.31",67,1.14,2026-09-01,2026-09-30
Paschim Vihar,Paneer Dosa,"13,045.22",39,1.08,2026-09-01,2026-09-30
Paschim Vihar,Dosa Coffee Benne Tiffin,"12,910.12",51,1.07,2026-09-01,2026-09-30
Paschim Vihar,Mysore Ghee Roast Dosa,"12,216.97",48,1.02,2026-09-01,2026-09-30
Paschim Vihar,Potato Masala,"11,906.05",309,0.99,2026-09-01,2026-09-30
Paschim Vihar,Packaged Drinking Water-500 ml,"10,159.49",286,0.84,2026-09-01,2026-09-30
Paschim Vihar,Onion Uttapam,"9,754.58",40,0.81,2026-09-01,2026-09-30
Paschim Vihar,Raw Mango Ghee Roast Dosa,"9,650.19",38,0.80,2026-09-01,2026-09-30
Paschim Vihar,Idli Fries,"9,590.57",55,0.80,2026-09-01,2026-09-30
Paschim Vihar,Upma,"9,585.85",53,0.80,2026-09-01,2026-09-30
Paschim Vihar,Mysore Dosa,"8,801.36",37,0.73,2026-09-01,2026-09-30
Paschim Vihar,Mysore Benne Dosa,"8,589.15",32,0.71,2026-09-01,2026-09-30
Paschim Vihar,Malkapodi Masala Dosa,"7,780.28",28,0.65,2026-09-01,2026-09-30
Paschim Vihar,Plain Ghee Roast Dosa,"7,725.27",35,0.64,2026-09-01,2026-09-30
Paschim Vihar,Fresh Buttermilk,"6,584.95",51,0.55,2026-09-01,2026-09-30
Paschim Vihar,Filter Coffee Flask (250ml),"6,458.13",32,0.54,2026-09-01,2026-09-30
Paschim Vihar,Tomato Onion Uttapam,"6,409.51",27,0.53,2026-09-01,2026-09-30
Paschim Vihar,Fresh Watermelon Juice,"6,228.34",35,0.52,2026-09-01,2026-09-30
Paschim Vihar,Curd Rice,"6,143.86",30,0.51,2026-09-01,2026-09-30
Paschim Vihar,Raw Mango Benne Dosa,"5,739.51",21,0.48,2026-09-01,2026-09-30
Paschim Vihar,Srivillli Kheer,"5,637.37",41,0.47,2026-09-01,2026-09-30
Paschim Vihar,Vegetable Uttapam,"5,097.12",20,0.42,2026-09-01,2026-09-30
Paschim Vihar,Kesari Halwa,"4,937.05",35,0.41,2026-09-01,2026-09-30
Paschim Vihar,Sambar Vada Plate (2pc),"4,865.25",25,0.40,2026-09-01,2026-09-30
Paschim Vihar,Malkapodi Dosa,"4,853.25",21,0.40,2026-09-01,2026-09-30
Paschim Vihar,Lemon Rice,"4,806.80",23,0.40,2026-09-01,2026-09-30
Paschim Vihar,Cold Coffee-Crunchy Oreo,"4,574.30",21,0.38,2026-09-01,2026-09-30
Paschim Vihar,Filter Coffee Cappuccino,"4,343.75",33,0.36,2026-09-01,2026-09-30
Paschim Vihar,Tomato Rice,"4,324.30",19,0.36,2026-09-01,2026-09-30
Paschim Vihar,Sambar Idli Plate (2pc),"4,318.60",25,0.36,2026-09-01,2026-09-30
Paschim Vihar,Iced Filter Coffee,"4,299.45",33,0.36,2026-09-01,2026-09-30
Paschim Vihar,Rasam & Papad,"4,283.87",43,0.36,2026-09-01,2026-09-30
Paschim Vihar,Cold Coffee-Nuttela,"4,166.59",17,0.35,2026-09-01,2026-09-30
Paschim Vihar,Thindi Ghee Podi Masala Dosa,"3,973.62",15,0.33,2026-09-01,2026-09-30
Paschim Vihar,Open Butter Masala Dosa,"3,781.05",14,0.31,2026-09-01,2026-09-30
Paschim Vihar,Homemade Lemonade,"3,508.14",25,0.29,2026-09-01,2026-09-30
Paschim Vihar,Garlic Dosa,"3,428.07",14,0.29,2026-09-01,2026-09-30
Paschim Vihar,Jaggery Cinnamon Filter Coffee,"3,412.50",25,0.28,2026-09-01,2026-09-30
Paschim Vihar,Ghee,"3,252.70",55,0.27,2026-09-01,2026-09-30
Paschim Vihar,Onion,"2,915.64",102,0.24,2026-09-01,2026-09-30
Paschim Vihar,Butter,"2,886.23",49,0.24,2026-09-01,2026-09-30
Paschim Vihar,Bisbelle Bhaat,"2,739.41",12,0.23,2026-09-01,2026-09-30
Paschim Vihar,Strawberry Shake,"2,719.50",14,0.23,2026-09-01,2026-09-30
Paschim Vihar,Spicy Tomato Onion Ghee Roast Dosa,"2,695.40",11,0.22,2026-09-01,2026-09-30
Paschim Vihar,Black Coffee,"2,588.25",29,0.22,2026-09-01,2026-09-30
Paschim Vihar,Butter Idli Plate (2pc),"2,185.26",12,0.18,2026-09-01,2026-09-30
Paschim Vihar,Paper Plain Dosa,"2,182.31",10,0.18,2026-09-01,2026-09-30
Paschim Vihar,Mango Shake,"2,136.75",11,0.18,2026-09-01,2026-09-30
Paschim Vihar,Rasam Vada Plate (2 Pc),"1,791.40",10,0.15,2026-09-01,2026-09-30
Paschim Vihar,Cheese Paniyaram (10 Pcs),"1,705.80",6,0.14,2026-09-01,2026-09-30
Paschim Vihar,Appalam Papad (1pc),"1,590.75",43,0.13,2026-09-01,2026-09-30
Paschim Vihar,Rasam Idli Plate (2pc),"1,516.95",9,0.13,2026-09-01,2026-09-30
Paschim Vihar,Dosa Batter Kit (1 Kg),"1,508.85",3,0.13,2026-09-01,2026-09-30
Paschim Vihar,Thindi Podi Idli,"1,442.81",7,0.12,2026-09-01,2026-09-30
Paschim Vihar,Special White Coconut Chutney,"1,377.28",20,0.11,2026-09-01,2026-09-30
Paschim Vihar,Cheese,"1,356.90",24,0.11,2026-09-01,2026-09-30
Paschim Vihar,Chocolate Filter Coffee,"1,312.50",10,0.11,2026-09-01,2026-09-30
Paschim Vihar,Ghee Idli Plate (2pc),889.98,5,0.07,2026-09-01,2026-09-30
Paschim Vihar,Raw Mango Chutney,873.27,13,0.07,2026-09-01,2026-09-30
Paschim Vihar,Spicy Tomato Onion Chutney,682.06,10,0.06,2026-09-01,2026-09-30
Paschim Vihar,Rava Dosa Batter Kit (1 Kg),523.95,1,0.04,2026-09-01,2026-09-30
Paschim Vihar,Dadu`s Special Spicy Chutney,459.12,6,0.04,2026-09-01,2026-09-30
Paschim Vihar,Extra Paratha(1 Pc),445.83,5,0.04,2026-09-01,2026-09-30
Paschim Vihar,Packaging Charge,409.49,28,0.03,2026-09-01,2026-09-30
Paschim Vihar,Special Spicy Coconut Chutney,350.89,5,0.03,2026-09-01,2026-09-30
Paschim Vihar,Tomato Uttapam,246.75,1,0.02,2026-09-01,2026-09-30
Paschim Vihar,Coconut Rice,236.25,1,0.02,2026-09-01,2026-09-30
Paschim Vihar,Plain Uttapam,236.25,1,0.02,2026-09-01,2026-09-30
Paschim Vihar,Dosa Coffee Glass Bottle,149.43,7,0.01,2026-09-01,2026-09-30
Paschim Vihar,Extra Paneer Korma,131.25,1,0.01,2026-09-01,2026-09-30
Paschim Vihar,Malkapodi & Ghee,84.00,1,0.01,2026-09-01,2026-09-30
Paschim Vihar,Regular Masala Dosa,0.00,18,0.00,2026-09-01,2026-09-30
Paschim Vihar,Regular Sambar,0.00,7386,0.00,2026-09-01,2026-09-30
Paschim Vihar,Jain Sambar,0.00,168,0.00,2026-09-01,2026-09-30
Rohini Sec-7,Masala Dosa,"346,097.97",1656,14.54,2026-09-01,2026-09-30
Rohini Sec-7,Benne Masala Dosa,"260,725.36",1034,10.95,2026-09-01,2026-09-30
Rohini Sec-7,Thatte Idli Plate,"125,712.65",632,5.28,2026-09-01,2026-09-30
Rohini Sec-7,Idli Plate (2 pc),"116,056.24",730,4.88,2026-09-01,2026-09-30
Rohini Sec-7,Mixed Uttapam,"73,905.16",299,3.10,2026-09-01,2026-09-30
Rohini Sec-7,Malabar Paratha with Paneer Korma,"70,613.06",253,2.97,2026-09-01,2026-09-30
Rohini Sec-7,Mysore Masala Dosa,"69,131.96",254,2.90,2026-09-01,2026-09-30
Rohini Sec-7,Dosa Coffee Tiffin,"62,505.93",250,2.63,2026-09-01,2026-09-30
Rohini Sec-7,Ghee Roast Masala Dosa,"61,945.31",246,2.60,2026-09-01,2026-09-30
Rohini Sec-7,Medu Vada Plate (2 pc),"60,231.57",323,2.53,2026-09-01,2026-09-30
Rohini Sec-7,Garlic Ghee Roast Dosa,"58,170.76",232,2.44,2026-09-01,2026-09-30
Rohini Sec-7,Filter Coffee,"56,239.28",496,2.36,2026-09-01,2026-09-30
Rohini Sec-7,Plain Dosa,"55,704.71",319,2.34,2026-09-01,2026-09-30
Rohini Sec-7,Rava Plain Dosa,"53,076.99",231,2.23,2026-09-01,2026-09-30
Rohini Sec-7,Paniyaram (10 Pcs),"50,143.68",197,2.11,2026-09-01,2026-09-30
Rohini Sec-7,Idli Vada Plate,"44,658.98",220,1.88,2026-09-01,2026-09-30
Rohini Sec-7,Cold Coffee-Classic,"41,599.25",205,1.75,2026-09-01,2026-09-30
Rohini Sec-7,Garlic Benne Dosa,"40,431.38",154,1.70,2026-09-01,2026-09-30
Rohini Sec-7,Guntur Karampodi Dosa,"39,824.08",122,1.67,2026-09-01,2026-09-30
Rohini Sec-7,Dahi Vada Plate (2 pc),"38,755.56",183,1.63,2026-09-01,2026-09-30
Rohini Sec-7,Benne Dosa,"35,149.22",160,1.48,2026-09-01,2026-09-30
Rohini Sec-7,Malkapodi Idli Plate (2pc),"32,997.10",179,1.39,2026-09-01,2026-09-30
Rohini Sec-7,Mysore Ghee Roast Dosa,"32,296.50",127,1.36,2026-09-01,2026-09-30
Rohini Sec-7,Paneer Dosa,"31,680.48",97,1.33,2026-09-01,2026-09-30
Rohini Sec-7,Garlic Masala Dosa,"29,123.96",107,1.22,2026-09-01,2026-09-30
Rohini Sec-7,Mysore Benne Dosa,"22,549.29",87,0.95,2026-09-01,2026-09-30
Rohini Sec-7,Dosa Coffee Benne Tiffin,"21,368.03",89,0.90,2026-09-01,2026-09-30
Rohini Sec-7,Mysore Dosa,"21,348.07",92,0.90,2026-09-01,2026-09-30
Rohini Sec-7,Malkapodi Masala Dosa,"19,434.80",71,0.82,2026-09-01,2026-09-30
Rohini Sec-7,Potato Masala,"18,633.36",483,0.78,2026-09-01,2026-09-30
Rohini Sec-7,Idli Fries,"17,737.52",100,0.75,2026-09-01,2026-09-30
Rohini Sec-7,Plain Ghee Roast Dosa,"17,651.00",85,0.74,2026-09-01,2026-09-30
Rohini Sec-7,Vegetable Uttapam,"17,399.84",69,0.73,2026-09-01,2026-09-30
Rohini Sec-7,Onion Uttapam,"16,530.68",67,0.69,2026-09-01,2026-09-30
Rohini Sec-7,Raw Mango Benne Dosa,"13,768.48",56,0.58,2026-09-01,2026-09-30
Rohini Sec-7,Raw Mango Ghee Roast Dosa,"13,575.10",52,0.57,2026-09-01,2026-09-30
Rohini Sec-7,Fresh Buttermilk,"13,560.07",106,0.57,2026-09-01,2026-09-30
Rohini Sec-7,Homemade Sparkling Lemonade,"13,391.85",90,0.56,2026-09-01,2026-09-30
Rohini Sec-7,Lemon Rice,"12,870.56",60,0.54,2026-09-01,2026-09-30
Rohini Sec-7,Upma,"12,612.21",69,0.53,2026-09-01,2026-09-30
Rohini Sec-7,Tomato Onion Uttapam,"12,509.77",50,0.53,2026-09-01,2026-09-30
Rohini Sec-7,Thindi Ghee Podi Masala Dosa,"11,576.42",45,0.49,2026-09-01,2026-09-30
Rohini Sec-7,Filter Coffee Flask (250ml),"11,517.15",59,0.48,2026-09-01,2026-09-30
Rohini Sec-7,Curd Rice,"11,362.72",54,0.48,2026-09-01,2026-09-30
Rohini Sec-7,Malkapodi Dosa,"10,260.72",44,0.43,2026-09-01,2026-09-30
Rohini Sec-7,Srivillli Kheer,"9,986.66",76,0.42,2026-09-01,2026-09-30
Rohini Sec-7,Kesari Halwa,"9,233.39",66,0.39,2026-09-01,2026-09-30
Rohini Sec-7,Iced Filter Coffee,"9,073.87",71,0.38,2026-09-01,2026-09-30
Rohini Sec-7,Tomato Rice,"8,675.43",40,0.36,2026-09-01,2026-09-30
Rohini Sec-7,Open Butter Masala Dosa,"8,415.92",34,0.35,2026-09-01,2026-09-30
Rohini Sec-7,Garlic Dosa,"7,863.27",34,0.33,2026-09-01,2026-09-30
Rohini Sec-7,Ghee Idli Plate (2pc),"7,551.01",45,0.32,2026-09-01,2026-09-30
Rohini Sec-7,Packaged Drinking Water-500 ml,"7,501.42",211,0.32,2026-09-01,2026-09-30
Rohini Sec-7,Rasam & Papad,"7,149.58",74,0.30,2026-09-01,2026-09-30
Rohini Sec-7,Fresh Watermelon Juice,"6,064.32",36,0.25,2026-09-01,2026-09-30
Rohini Sec-7,Mango Shake,"5,730.38",30,0.24,2026-09-01,2026-09-30
Rohini Sec-7,Paper Plain Dosa,"5,586.84",24,0.23,2026-09-01,2026-09-30
Rohini Sec-7,Bisbelle Bhaat,"4,873.48",23,0.20,2026-09-01,2026-09-30
Rohini Sec-7,Thindi Podi Idli,"4,870.00",23,0.20,2026-09-01,2026-09-30
Rohini Sec-7,Onion,"4,580.24",162,0.19,2026-09-01,2026-09-30
Rohini Sec-7,Cold Coffee-Nuttela,"4,495.02",18,0.19,2026-09-01,2026-09-30
Rohini Sec-7,Sambar Vada Plate (2pc),"4,454.79",22,0.19,2026-09-01,2026-09-30
Rohini Sec-7,Cheese Paniyaram (10 Pcs),"4,450.10",15,0.19,2026-09-01,2026-09-30
Rohini Sec-7,Spicy Tomato Onion Ghee Roast Dosa,"4,433.61",17,0.19,2026-09-01,2026-09-30
Rohini Sec-7,Cold Coffee-Crunchy Oreo,"4,415.00",21,0.19,2026-09-01,2026-09-30
Rohini Sec-7,Lemon Iced Tea,"4,318.81",33,0.18,2026-09-01,2026-09-30
Rohini Sec-7,Filter Coffee Cappuccino,"4,181.39",32,0.18,2026-09-01,2026-09-30
Rohini Sec-7,Butter,"4,179.38",73,0.18,2026-09-01,2026-09-30
Rohini Sec-7,Strawberry Shake,"3,592.68",19,0.15,2026-09-01,2026-09-30
Rohini Sec-7,Jaggery Cinnamon Filter Coffee,"3,439.96",26,0.14,2026-09-01,2026-09-30
Rohini Sec-7,Butter Idli Plate (2pc),"3,091.46",17,0.13,2026-09-01,2026-09-30
Rohini Sec-7,Homemade Lemonade,"2,521.95",18,0.11,2026-09-01,2026-09-30
Rohini Sec-7,Dosa Batter Kit (1 Kg),"2,370.54",6,0.10,2026-09-01,2026-09-30
Rohini Sec-7,Cheese,"2,340.07",40,0.10,2026-09-01,2026-09-30
Rohini Sec-7,Rasam Vada Plate (2 Pc),"2,260.21",12,0.09,2026-09-01,2026-09-30
Rohini Sec-7,Appalam Papad (1pc),"2,246.74",63,0.09,2026-09-01,2026-09-30
Rohini Sec-7,Special White Coconut Chutney,"2,169.81",30,0.09,2026-09-01,2026-09-30
Rohini Sec-7,Chocolate Filter Coffee,"1,952.25",15,0.08,2026-09-01,2026-09-30
Rohini Sec-7,Raw Mango Chutney,"1,920.62",29,0.08,2026-09-01,2026-09-30
Rohini Sec-7,Ghee,"1,626.77",31,0.07,2026-09-01,2026-09-30
Rohini Sec-7,Sambar Idli Plate (2pc),"1,575.47",9,0.07,2026-09-01,2026-09-30
Rohini Sec-7,Tomato Uttapam,"1,233.75",5,0.05,2026-09-01,2026-09-30
Rohini Sec-7,Black Coffee,"1,214.91",14,0.05,2026-09-01,2026-09-30
Rohini Sec-7,Packaging Charge,"1,150.50",78,0.05,2026-09-01,2026-09-30
Rohini Sec-7,Special Spicy Coconut Chutney,"1,121.39",16,0.05,2026-09-01,2026-09-30
Rohini Sec-7,Rasam Idli Plate (2pc),"1,082.03",7,0.05,2026-09-01,2026-09-30
Rohini Sec-7,Spicy Tomato Onion Chutney,"1,063.91",17,0.04,2026-09-01,2026-09-30
Rohini Sec-7,Dadu`s Special Spicy Chutney,714.06,9,0.03,2026-09-01,2026-09-30
Rohini Sec-7,Extra Paratha(1 Pc),680.57,8,0.03,2026-09-01,2026-09-30
Rohini Sec-7,Malkapodi & Ghee,485.03,6,0.02,2026-09-01,2026-09-30
Rohini Sec-7,Fresh Buttermilk.,480.59,4,0.02,2026-09-01,2026-09-30
Rohini Sec-7,Coconut Rice,468.89,2,0.02,2026-09-01,2026-09-30
Rohini Sec-7,Benne Dosa Batter Kit (1 kg),364.94,1,0.02,2026-09-01,2026-09-30
Rohini Sec-7,Ghee Roast Masala Dosa.,246.32,4,0.01,2026-09-01,2026-09-30
Rohini Sec-7,Plain Uttapam,236.25,1,0.01,2026-09-01,2026-09-30
Rohini Sec-7,Extra Paneer Korma,128.75,1,0.01,2026-09-01,2026-09-30
Rohini Sec-7,Dosa Coffee Glass Bottle,39.98,2,0.00,2026-09-01,2026-09-30
Rohini Sec-7,Benne Masala Dosa.,32.06,1,0.00,2026-09-01,2026-09-30
Rohini Sec-7,Regular Masala Dosa,0.00,41,0.00,2026-09-01,2026-09-30
Rohini Sec-7,Jain Sambar,0.00,425,0.00,2026-09-01,2026-09-30
Rohini Sec-7,Regular Sambar,0.00,10205,0.00,2026-09-01,2026-09-30
Sec 143 Noida,Masala Dosa,"183,773.41",898,17.13,2026-09-01,2026-09-30
Sec 143 Noida,Benne Masala Dosa,"83,810.74",333,7.81,2026-09-01,2026-09-30
Sec 143 Noida,Idli Plate (2 pc),"53,050.60",333,4.95,2026-09-01,2026-09-30
Sec 143 Noida,Ghee Roast Masala Dosa,"49,170.97",197,4.58,2026-09-01,2026-09-30
Sec 143 Noida,Paniyaram (10 Pcs),"33,398.60",132,3.11,2026-09-01,2026-09-30
Sec 143 Noida,Filter Coffee,"32,169.78",283,3.00,2026-09-01,2026-09-30
Sec 143 Noida,Dosa Coffee Tiffin,"31,727.40",124,2.96,2026-09-01,2026-09-30
Sec 143 Noida,Malabar Paratha with Paneer Korma,"30,678.48",120,2.86,2026-09-01,2026-09-30
Sec 143 Noida,Thatte Idli Plate,"29,529.91",148,2.75,2026-09-01,2026-09-30
Sec 143 Noida,Garlic Ghee Roast Dosa,"28,115.02",118,2.62,2026-09-01,2026-09-30
Sec 143 Noida,Mysore Masala Dosa,"27,817.02",104,2.59,2026-09-01,2026-09-30
Sec 143 Noida,Idli Vada Plate,"23,551.39",118,2.20,2026-09-01,2026-09-30
Sec 143 Noida,Medu Vada Plate (2 pc),"23,420.07",126,2.18,2026-09-01,2026-09-30
Sec 143 Noida,Mixed Uttapam,"22,081.50",92,2.06,2026-09-01,2026-09-30
Sec 143 Noida,Plain Dosa,"21,622.90",126,2.02,2026-09-01,2026-09-30
Sec 143 Noida,Malkapodi Idli Plate (2pc),"20,453.16",108,1.91,2026-09-01,2026-09-30
Sec 143 Noida,Paneer Dosa,"18,896.54",57,1.76,2026-09-01,2026-09-30
Sec 143 Noida,Mysore Ghee Roast Dosa,"18,734.14",74,1.75,2026-09-01,2026-09-30
Sec 143 Noida,Guntur Karampodi Dosa,"18,476.90",58,1.72,2026-09-01,2026-09-30
Sec 143 Noida,Cold Coffee-Classic,"16,892.43",83,1.58,2026-09-01,2026-09-30
Sec 143 Noida,Benne Dosa,"16,526.33",78,1.54,2026-09-01,2026-09-30
Sec 143 Noida,Rava Plain Dosa,"13,907.45",61,1.30,2026-09-01,2026-09-30
Sec 143 Noida,Plain Ghee Roast Dosa,"12,768.04",59,1.19,2026-09-01,2026-09-30
Sec 143 Noida,Fresh Buttermilk,"12,311.06",97,1.15,2026-09-01,2026-09-30
Sec 143 Noida,Dosa Coffee Benne Tiffin,"11,232.88",44,1.05,2026-09-01,2026-09-30
Sec 143 Noida,Garlic Masala Dosa,"11,222.05",41,1.05,2026-09-01,2026-09-30
Sec 143 Noida,Idli Fries,"11,154.18",63,1.04,2026-09-01,2026-09-30
Sec 143 Noida,Garlic Benne Dosa,"11,103.26",42,1.04,2026-09-01,2026-09-30
Sec 143 Noida,Curd Rice,"11,060.72",53,1.03,2026-09-01,2026-09-30
Sec 143 Noida,Onion Uttapam,"7,654.58",31,0.71,2026-09-01,2026-09-30
Sec 143 Noida,Lemon Rice,"7,603.01",37,0.71,2026-09-01,2026-09-30
Sec 143 Noida,Mysore Benne Dosa,"7,488.72",30,0.70,2026-09-01,2026-09-30
Sec 143 Noida,Raw Mango Ghee Roast Dosa,"7,475.89",29,0.70,2026-09-01,2026-09-30
Sec 143 Noida,Dahi Vada Plate (2 pc),"7,408.82",38,0.69,2026-09-01,2026-09-30
Sec 143 Noida,Srivillli Kheer,"7,320.27",54,0.68,2026-09-01,2026-09-30
Sec 143 Noida,Ghee Idli Plate (2pc),"6,738.93",37,0.63,2026-09-01,2026-09-30
Sec 143 Noida,Kesari Halwa,"6,627.61",51,0.62,2026-09-01,2026-09-30
Sec 143 Noida,Homemade Sparkling Lemonade,"6,236.93",42,0.58,2026-09-01,2026-09-30
Sec 143 Noida,Iced Filter Coffee,"6,077.45",48,0.57,2026-09-01,2026-09-30
Sec 143 Noida,Upma,"6,069.10",34,0.57,2026-09-01,2026-09-30
Sec 143 Noida,Filter Coffee Flask (250ml),"6,013.63",30,0.56,2026-09-01,2026-09-30
Sec 143 Noida,Raw Mango Benne Dosa,"5,958.75",25,0.56,2026-09-01,2026-09-30
Sec 143 Noida,Mysore Dosa,"5,928.76",25,0.55,2026-09-01,2026-09-30
Sec 143 Noida,Potato Masala,"5,718.02",154,0.53,2026-09-01,2026-09-30
Sec 143 Noida,Tomato Rice,"5,611.31",24,0.52,2026-09-01,2026-09-30
Sec 143 Noida,Malkapodi Masala Dosa,"5,467.41",20,0.51,2026-09-01,2026-09-30
Sec 143 Noida,Mango Shake,"5,184.45",27,0.48,2026-09-01,2026-09-30
Sec 143 Noida,Bisbelle Bhaat,"4,572.75",22,0.43,2026-09-01,2026-09-30
Sec 143 Noida,Malkapodi Dosa,"4,143.77",17,0.39,2026-09-01,2026-09-30
Sec 143 Noida,Cold Coffee-Nuttela,"3,870.53",16,0.36,2026-09-01,2026-09-30
Sec 143 Noida,Vegetable Uttapam,"3,569.31",14,0.33,2026-09-01,2026-09-30
Sec 143 Noida,Cheese Paniyaram (10 Pcs),"3,386.26",12,0.32,2026-09-01,2026-09-30
Sec 143 Noida,Tomato Onion Uttapam,"3,319.29",13,0.31,2026-09-01,2026-09-30
Sec 143 Noida,Paper Plain Dosa,"3,153.65",14,0.29,2026-09-01,2026-09-30
Sec 143 Noida,Rasam & Papad,"3,030.25",31,0.28,2026-09-01,2026-09-30
Sec 143 Noida,Spicy Tomato Onion Ghee Roast Dosa,"2,747.95",11,0.26,2026-09-01,2026-09-30
Sec 143 Noida,Sambar Vada Plate (2pc),"2,517.97",13,0.23,2026-09-01,2026-09-30
Sec 143 Noida,Strawberry Shake,"2,445.07",13,0.23,2026-09-01,2026-09-30
Sec 143 Noida,Sambar Idli Plate (2pc),"2,418.21",14,0.23,2026-09-01,2026-09-30
Sec 143 Noida,Open Butter Masala Dosa,"2,160.39",9,0.20,2026-09-01,2026-09-30
Sec 143 Noida,Jaggery Cinnamon Filter Coffee,"2,033.98",15,0.19,2026-09-01,2026-09-30
Sec 143 Noida,Appalam Papad (1pc),"1,973.62",55,0.18,2026-09-01,2026-09-30
Sec 143 Noida,Garlic Dosa,"1,890.68",8,0.18,2026-09-01,2026-09-30
Sec 143 Noida,Cold Coffee-Crunchy Oreo,"1,835.82",8,0.17,2026-09-01,2026-09-30
Sec 143 Noida,Onion,"1,834.84",70,0.17,2026-09-01,2026-09-30
Sec 143 Noida,Benne Dosa Batter Kit (1 kg),"1,728.71",4,0.16,2026-09-01,2026-09-30
Sec 143 Noida,Thindi Ghee Podi Masala Dosa,"1,665.18",7,0.16,2026-09-01,2026-09-30
Sec 143 Noida,Special White Coconut Chutney,"1,590.72",21,0.15,2026-09-01,2026-09-30
Sec 143 Noida,Lemon Iced Tea,"1,575.00",12,0.15,2026-09-01,2026-09-30
Sec 143 Noida,Packaged Drinking Water-500 ml,"1,550.77",45,0.14,2026-09-01,2026-09-30
Sec 143 Noida,Fresh Watermelon Juice,"1,519.58",10,0.14,2026-09-01,2026-09-30
Sec 143 Noida,Chocolate Filter Coffee,"1,376.30",11,0.13,2026-09-01,2026-09-30
Sec 143 Noida,Raw Mango Chutney,"1,319.68",19,0.12,2026-09-01,2026-09-30
Sec 143 Noida,Homemade Lemonade,"1,251.73",9,0.12,2026-09-01,2026-09-30
Sec 143 Noida,Cheese,"1,242.12",22,0.12,2026-09-01,2026-09-30
Sec 143 Noida,Tomato Uttapam,"1,211.74",5,0.11,2026-09-01,2026-09-30
Sec 143 Noida,Butter,"1,203.49",23,0.11,2026-09-01,2026-09-30
Sec 143 Noida,Ghee,"1,075.99",19,0.10,2026-09-01,2026-09-30
Sec 143 Noida,Rasam Vada Plate (2 Pc),937.64,5,0.09,2026-09-01,2026-09-30
Sec 143 Noida,Rasam Idli Plate (2pc),890.96,6,0.08,2026-09-01,2026-09-30
Sec 143 Noida,Butter Idli Plate (2pc),761.32,4,0.07,2026-09-01,2026-09-30
Sec 143 Noida,Filter Coffee Cappuccino,656.25,5,0.06,2026-09-01,2026-09-30
Sec 143 Noida,Black Coffee,633.25,7,0.06,2026-09-01,2026-09-30
Sec 143 Noida,Spicy Tomato Onion Chutney,579.58,8,0.05,2026-09-01,2026-09-30
Sec 143 Noida,Dosa Batter Kit (1 Kg),523.95,1,0.05,2026-09-01,2026-09-30
Sec 143 Noida,Plain Uttapam,495.00,2,0.05,2026-09-01,2026-09-30
Sec 143 Noida,Rava Dosa Batter Kit (1 Kg),446.65,1,0.04,2026-09-01,2026-09-30
Sec 143 Noida,Coconut Rice,424.08,2,0.04,2026-09-01,2026-09-30
Sec 143 Noida,Thindi Podi Idli,399.00,2,0.04,2026-09-01,2026-09-30
Sec 143 Noida,Packaging Charge,289.78,20,0.03,2026-09-01,2026-09-30
Sec 143 Noida,Masala Uttapam,223.90,1,0.02,2026-09-01,2026-09-30
Sec 143 Noida,Extra Paneer Korma,198.51,2,0.02,2026-09-01,2026-09-30
Sec 143 Noida,Malkapodi & Ghee,176.00,2,0.02,2026-09-01,2026-09-30
Sec 143 Noida,Ghee Roast Masala Dosa.,126.00,2,0.01,2026-09-01,2026-09-30
Sec 143 Noida,Special Spicy Coconut Chutney,125.18,2,0.01,2026-09-01,2026-09-30
Sec 143 Noida,Fresh Buttermilk.,91.14,1,0.01,2026-09-01,2026-09-30
Sec 143 Noida,Benne Masala Dosa.,45.32,1,0.00,2026-09-01,2026-09-30
Sec 143 Noida,Dosa Coffee Glass Bottle,45.22,3,0.00,2026-09-01,2026-09-30
Sec 143 Noida,Regular Sambar,0.00,4394,0.00,2026-09-01,2026-09-30
Sec 143 Noida,Regular Masala Dosa,0.00,36,0.00,2026-09-01,2026-09-30
Sec 143 Noida,Jain Sambar,0.00,159,0.00,2026-09-01,2026-09-30
Sec 15 Faridabad,Masala Dosa,"128,919.63",654,13.57,2026-09-01,2026-09-30
Sec 15 Faridabad,Benne Masala Dosa,"84,429.93",334,8.89,2026-09-01,2026-09-30
Sec 15 Faridabad,Thatte Idli Plate,"57,218.51",287,6.02,2026-09-01,2026-09-30
Sec 15 Faridabad,Idli Plate (2 pc),"56,714.99",362,5.97,2026-09-01,2026-09-30
Sec 15 Faridabad,Ghee Roast Masala Dosa,"39,342.72",154,4.14,2026-09-01,2026-09-30
Sec 15 Faridabad,Mixed Uttapam,"36,019.25",141,3.79,2026-09-01,2026-09-30
Sec 15 Faridabad,Dosa Coffee Tiffin,"33,773.40",135,3.56,2026-09-01,2026-09-30
Sec 15 Faridabad,Paniyaram (10 Pcs),"29,483.73",112,3.10,2026-09-01,2026-09-30
Sec 15 Faridabad,Medu Vada Plate (2 pc),"28,655.01",156,3.02,2026-09-01,2026-09-30
Sec 15 Faridabad,Benne Dosa,"26,315.15",119,2.77,2026-09-01,2026-09-30
Sec 15 Faridabad,Garlic Ghee Roast Dosa,"26,161.23",104,2.75,2026-09-01,2026-09-30
Sec 15 Faridabad,Idli Vada Plate,"25,650.24",130,2.70,2026-09-01,2026-09-30
Sec 15 Faridabad,Plain Dosa,"22,940.93",139,2.42,2026-09-01,2026-09-30
Sec 15 Faridabad,Filter Coffee,"18,859.16",167,1.99,2026-09-01,2026-09-30
Sec 15 Faridabad,Malkapodi Idli Plate (2pc),"17,913.89",98,1.89,2026-09-01,2026-09-30
Sec 15 Faridabad,Dahi Vada Plate (2 pc),"15,454.26",74,1.63,2026-09-01,2026-09-30
Sec 15 Faridabad,Rava Plain Dosa,"14,969.47",64,1.58,2026-09-01,2026-09-30
Sec 15 Faridabad,Malabar Paratha with Paneer Korma,"14,938.02",59,1.57,2026-09-01,2026-09-30
Sec 15 Faridabad,Mysore Masala Dosa,"14,131.12",51,1.49,2026-09-01,2026-09-30
Sec 15 Faridabad,Cold Coffee-Classic,"13,979.86",68,1.47,2026-09-01,2026-09-30
Sec 15 Faridabad,Garlic Benne Dosa,"13,656.70",51,1.44,2026-09-01,2026-09-30
Sec 15 Faridabad,Dosa Coffee Benne Tiffin,"13,150.38",52,1.38,2026-09-01,2026-09-30
Sec 15 Faridabad,Mysore Ghee Roast Dosa,"12,167.54",47,1.28,2026-09-01,2026-09-30
Sec 15 Faridabad,Paneer Dosa,"12,028.93",36,1.27,2026-09-01,2026-09-30
Sec 15 Faridabad,Curd Rice,"11,125.81",51,1.17,2026-09-01,2026-09-30
Sec 15 Faridabad,Mysore Benne Dosa,"9,637.64",37,1.01,2026-09-01,2026-09-30
Sec 15 Faridabad,Idli Fries,"8,050.53",47,0.85,2026-09-01,2026-09-30
Sec 15 Faridabad,Ghee Idli Plate (2pc),"7,904.67",44,0.83,2026-09-01,2026-09-30
Sec 15 Faridabad,Raw Mango Ghee Roast Dosa,"7,808.39",29,0.82,2026-09-01,2026-09-30
Sec 15 Faridabad,Guntur Karampodi Dosa,"7,606.73",23,0.80,2026-09-01,2026-09-30
Sec 15 Faridabad,Fresh Buttermilk,"6,941.47",55,0.73,2026-09-01,2026-09-30
Sec 15 Faridabad,Raw Mango Benne Dosa,"6,349.38",24,0.67,2026-09-01,2026-09-30
Sec 15 Faridabad,Tomato Rice,"6,256.43",29,0.66,2026-09-01,2026-09-30
Sec 15 Faridabad,Plain Ghee Roast Dosa,"6,169.52",27,0.65,2026-09-01,2026-09-30
Sec 15 Faridabad,Filter Coffee Flask (250ml),"5,749.18",30,0.61,2026-09-01,2026-09-30
Sec 15 Faridabad,Potato Masala,"5,687.49",152,0.60,2026-09-01,2026-09-30
Sec 15 Faridabad,Mysore Dosa,"5,325.69",22,0.56,2026-09-01,2026-09-30
Sec 15 Faridabad,Onion Uttapam,"5,320.94",25,0.56,2026-09-01,2026-09-30
Sec 15 Faridabad,Lemon Rice,"4,878.00",23,0.51,2026-09-01,2026-09-30
Sec 15 Faridabad,Garlic Masala Dosa,"4,173.75",15,0.44,2026-09-01,2026-09-30
Sec 15 Faridabad,Malkapodi Dosa,"4,113.60",17,0.43,2026-09-01,2026-09-30
Sec 15 Faridabad,Malkapodi Masala Dosa,"4,101.36",15,0.43,2026-09-01,2026-09-30
Sec 15 Faridabad,Tomato Onion Uttapam,"3,847.18",16,0.41,2026-09-01,2026-09-30
Sec 15 Faridabad,Srivillli Kheer,"3,777.14",25,0.40,2026-09-01,2026-09-30
Sec 15 Faridabad,Sambar Vada Plate (2pc),"3,580.00",19,0.38,2026-09-01,2026-09-30
Sec 15 Faridabad,Homemade Sparkling Lemonade,"3,407.00",23,0.36,2026-09-01,2026-09-30
Sec 15 Faridabad,Paper Plain Dosa,"3,273.07",14,0.34,2026-09-01,2026-09-30
Sec 15 Faridabad,Upma,"3,176.16",18,0.33,2026-09-01,2026-09-30
Sec 15 Faridabad,Open Butter Masala Dosa,"3,123.52",13,0.33,2026-09-01,2026-09-30
Sec 15 Faridabad,Garlic Dosa,"2,952.73",13,0.31,2026-09-01,2026-09-30
Sec 15 Faridabad,Iced Filter Coffee,"2,925.65",23,0.31,2026-09-01,2026-09-30
Sec 15 Faridabad,Rasam & Papad,"2,648.29",28,0.28,2026-09-01,2026-09-30
Sec 15 Faridabad,Mango Shake,"2,507.75",14,0.26,2026-09-01,2026-09-30
Sec 15 Faridabad,Cold Coffee-Crunchy Oreo,"2,352.86",10,0.25,2026-09-01,2026-09-30
Sec 15 Faridabad,Dosa Batter Kit (1 Kg),"2,288.14",5,0.24,2026-09-01,2026-09-30
Sec 15 Faridabad,Butter Idli Plate (2pc),"2,141.87",13,0.23,2026-09-01,2026-09-30
Sec 15 Faridabad,Kesari Halwa,"1,889.78",12,0.20,2026-09-01,2026-09-30
Sec 15 Faridabad,Thindi Ghee Podi Masala Dosa,"1,847.66",7,0.19,2026-09-01,2026-09-30
Sec 15 Faridabad,Jaggery Cinnamon Filter Coffee,"1,800.53",14,0.19,2026-09-01,2026-09-30
Sec 15 Faridabad,Packaged Drinking Water-500 ml,"1,796.83",52,0.19,2026-09-01,2026-09-30
Sec 15 Faridabad,Bisbelle Bhaat,"1,766.78",9,0.19,2026-09-01,2026-09-30
Sec 15 Faridabad,Onion,"1,660.37",62,0.17,2026-09-01,2026-09-30
Sec 15 Faridabad,Strawberry Shake,"1,591.48",9,0.17,2026-09-01,2026-09-30
Sec 15 Faridabad,Benne Dosa Batter Kit (1 kg),"1,571.85",3,0.17,2026-09-01,2026-09-30
Sec 15 Faridabad,Spicy Tomato Onion Ghee Roast Dosa,"1,533.00",6,0.16,2026-09-01,2026-09-30
Sec 15 Faridabad,Raw Mango Chutney,"1,504.23",24,0.16,2026-09-01,2026-09-30
Sec 15 Faridabad,Vegetable Uttapam,"1,496.41",6,0.16,2026-09-01,2026-09-30
Sec 15 Faridabad,Cheese Paniyaram (10 Pcs),"1,336.13",5,0.14,2026-09-01,2026-09-30
Sec 15 Faridabad,Cold Coffee-Nuttela,"1,190.78",4,0.13,2026-09-01,2026-09-30
Sec 15 Faridabad,Fresh Watermelon Juice,"1,189.96",7,0.13,2026-09-01,2026-09-30
Sec 15 Faridabad,Butter,"1,157.17",21,0.12,2026-09-01,2026-09-30
Sec 15 Faridabad,Rasam Idli Plate (2pc),"1,039.50",6,0.11,2026-09-01,2026-09-30
Sec 15 Faridabad,Sambar Idli Plate (2pc),"1,026.83",7,0.11,2026-09-01,2026-09-30
Sec 15 Faridabad,Appalam Papad (1pc),974.63,28,0.10,2026-09-01,2026-09-30
Sec 15 Faridabad,Cheese,968.35,18,0.10,2026-09-01,2026-09-30
Sec 15 Faridabad,Special White Coconut Chutney,921.06,16,0.10,2026-09-01,2026-09-30
Sec 15 Faridabad,Homemade Lemonade,910.63,7,0.10,2026-09-01,2026-09-30
Sec 15 Faridabad,Ghee,834.67,17,0.09,2026-09-01,2026-09-30
Sec 15 Faridabad,Filter Coffee Cappuccino,825.50,7,0.09,2026-09-01,2026-09-30
Sec 15 Faridabad,Spicy Tomato Onion Chutney,609.30,9,0.06,2026-09-01,2026-09-30
Sec 15 Faridabad,Thindi Podi Idli,420.00,2,0.04,2026-09-01,2026-09-30
Sec 15 Faridabad,Coconut Rice,382.46,2,0.04,2026-09-01,2026-09-30
Sec 15 Faridabad,Special Spicy Coconut Chutney,193.53,3,0.02,2026-09-01,2026-09-30
Sec 15 Faridabad,Packaging Charge,190.03,13,0.02,2026-09-01,2026-09-30
Sec 15 Faridabad,Rasam Vada Plate (2 Pc),189.00,1,0.02,2026-09-01,2026-09-30
Sec 15 Faridabad,Extra Paratha(1 Pc),178.50,2,0.02,2026-09-01,2026-09-30
Sec 15 Faridabad,Thind Podi Powder - 100 gm,149.00,1,0.02,2026-09-01,2026-09-30
Sec 15 Faridabad,Lemon Iced Tea,131.25,1,0.01,2026-09-01,2026-09-30
Sec 15 Faridabad,Homemade Lemonade.,103.95,1,0.01,2026-09-01,2026-09-30
Sec 15 Faridabad,Black Coffee,89.25,1,0.01,2026-09-01,2026-09-30
Sec 15 Faridabad,Dadu`s Special Spicy Chutney,84.00,1,0.01,2026-09-01,2026-09-30
Sec 15 Faridabad,Malkapodi & Ghee,84.00,1,0.01,2026-09-01,2026-09-30
Sec 15 Faridabad,Regular Sambar,0.00,4910,0.00,2026-09-01,2026-09-30
Sec 15 Faridabad,Jain Sambar,0.00,112,0.00,2026-09-01,2026-09-30
Sec 18 Noida,Masala Dosa,"297,166.36",1499,15.88,2026-09-01,2026-09-30
Sec 18 Noida,Benne Masala Dosa,"151,808.55",607,8.11,2026-09-01,2026-09-30
Sec 18 Noida,Idli Plate (2 pc),"92,495.06",594,4.94,2026-09-01,2026-09-30
Sec 18 Noida,Ghee Roast Masala Dosa,"79,014.45",319,4.22,2026-09-01,2026-09-30
Sec 18 Noida,Thatte Idli Plate,"76,755.80",385,4.10,2026-09-01,2026-09-30
Sec 18 Noida,Filter Coffee,"67,702.27",591,3.62,2026-09-01,2026-09-30
Sec 18 Noida,Medu Vada Plate (2 pc),"52,335.25",278,2.80,2026-09-01,2026-09-30
Sec 18 Noida,Dosa Coffee Tiffin,"51,416.61",209,2.75,2026-09-01,2026-09-30
Sec 18 Noida,Garlic Ghee Roast Dosa,"48,556.86",194,2.60,2026-09-01,2026-09-30
Sec 18 Noida,Mysore Masala Dosa,"48,202.14",179,2.58,2026-09-01,2026-09-30
Sec 18 Noida,Malabar Paratha with Paneer Korma,"46,267.43",181,2.47,2026-09-01,2026-09-30
Sec 18 Noida,Mixed Uttapam,"42,032.86",171,2.25,2026-09-01,2026-09-30
Sec 18 Noida,Idli Vada Plate,"41,006.05",207,2.19,2026-09-01,2026-09-30
Sec 18 Noida,Plain Dosa,"39,501.40",237,2.11,2026-09-01,2026-09-30
Sec 18 Noida,Mysore Ghee Roast Dosa,"34,943.44",142,1.87,2026-09-01,2026-09-30
Sec 18 Noida,Paniyaram (10 Pcs),"34,906.56",141,1.87,2026-09-01,2026-09-30
Sec 18 Noida,Cold Coffee-Classic,"32,969.47",161,1.76,2026-09-01,2026-09-30
Sec 18 Noida,Rava Plain Dosa,"28,769.24",126,1.54,2026-09-01,2026-09-30
Sec 18 Noida,Malkapodi Idli Plate (2pc),"26,035.14",140,1.39,2026-09-01,2026-09-30
Sec 18 Noida,Benne Dosa,"24,072.09",116,1.29,2026-09-01,2026-09-30
Sec 18 Noida,Dahi Vada Plate (2 pc),"23,295.53",113,1.25,2026-09-01,2026-09-30
Sec 18 Noida,Paneer Dosa,"21,847.99",67,1.17,2026-09-01,2026-09-30
Sec 18 Noida,Homemade Sparkling Lemonade,"20,973.50",140,1.12,2026-09-01,2026-09-30
Sec 18 Noida,Fresh Buttermilk,"20,891.18",166,1.12,2026-09-01,2026-09-30
Sec 18 Noida,Garlic Masala Dosa,"19,164.56",69,1.02,2026-09-01,2026-09-30
Sec 18 Noida,Idli Fries,"18,831.77",106,1.01,2026-09-01,2026-09-30
Sec 18 Noida,Garlic Benne Dosa,"18,545.78",71,0.99,2026-09-01,2026-09-30
Sec 18 Noida,Curd Rice,"17,268.21",89,0.92,2026-09-01,2026-09-30
Sec 18 Noida,Guntur Karampodi Dosa,"17,050.75",52,0.91,2026-09-01,2026-09-30
Sec 18 Noida,Plain Ghee Roast Dosa,"15,848.37",76,0.85,2026-09-01,2026-09-30
Sec 18 Noida,Potato Masala,"15,619.26",407,0.83,2026-09-01,2026-09-30
Sec 18 Noida,Dosa Coffee Benne Tiffin,"15,587.90",61,0.83,2026-09-01,2026-09-30
Sec 18 Noida,Raw Mango Ghee Roast Dosa,"14,863.29",60,0.79,2026-09-01,2026-09-30
Sec 18 Noida,Raw Mango Benne Dosa,"14,806.90",57,0.79,2026-09-01,2026-09-30
Sec 18 Noida,Iced Filter Coffee,"13,726.01",105,0.73,2026-09-01,2026-09-30
Sec 18 Noida,Malkapodi Dosa,"13,357.35",52,0.71,2026-09-01,2026-09-30
Sec 18 Noida,Lemon Rice,"12,962.11",63,0.69,2026-09-01,2026-09-30
Sec 18 Noida,Mysore Dosa,"12,895.32",57,0.69,2026-09-01,2026-09-30
Sec 18 Noida,Mysore Benne Dosa,"12,805.73",50,0.68,2026-09-01,2026-09-30
Sec 18 Noida,Fresh Watermelon Juice,"10,552.45",63,0.56,2026-09-01,2026-09-30
Sec 18 Noida,Kesari Halwa,"10,513.31",73,0.56,2026-09-01,2026-09-30
Sec 18 Noida,Tomato Rice,"10,292.89",46,0.55,2026-09-01,2026-09-30
Sec 18 Noida,Ghee Idli Plate (2pc),"9,954.13",58,0.53,2026-09-01,2026-09-30
Sec 18 Noida,Garlic Dosa,"9,794.70",40,0.52,2026-09-01,2026-09-30
Sec 18 Noida,Malkapodi Masala Dosa,"9,653.30",35,0.52,2026-09-01,2026-09-30
Sec 18 Noida,Filter Coffee Flask (250ml),"9,565.89",47,0.51,2026-09-01,2026-09-30
Sec 18 Noida,Tomato Onion Uttapam,"9,433.24",39,0.50,2026-09-01,2026-09-30
Sec 18 Noida,Onion Uttapam,"9,141.32",38,0.49,2026-09-01,2026-09-30
Sec 18 Noida,Srivillli Kheer,"9,085.83",70,0.49,2026-09-01,2026-09-30
Sec 18 Noida,Bisbelle Bhaat,"9,075.85",45,0.49,2026-09-01,2026-09-30
Sec 18 Noida,Rasam & Papad,"8,587.89",88,0.46,2026-09-01,2026-09-30
Sec 18 Noida,Vegetable Uttapam,"6,892.34",27,0.37,2026-09-01,2026-09-30
Sec 18 Noida,Open Butter Masala Dosa,"6,843.29",26,0.37,2026-09-01,2026-09-30
Sec 18 Noida,Mango Shake,"6,331.70",34,0.34,2026-09-01,2026-09-30
Sec 18 Noida,Upma,"6,049.73",35,0.32,2026-09-01,2026-09-30
Sec 18 Noida,Cheese Paniyaram (10 Pcs),"5,697.02",19,0.30,2026-09-01,2026-09-30
Sec 18 Noida,Thindi Ghee Podi Masala Dosa,"5,622.75",21,0.30,2026-09-01,2026-09-30
Sec 18 Noida,Paper Plain Dosa,"4,712.29",21,0.25,2026-09-01,2026-09-30
Sec 18 Noida,Jaggery Cinnamon Filter Coffee,"4,672.91",35,0.25,2026-09-01,2026-09-30
Sec 18 Noida,Butter,"4,359.01",77,0.23,2026-09-01,2026-09-30
Sec 18 Noida,Cold Coffee-Crunchy Oreo,"3,872.11",17,0.21,2026-09-01,2026-09-30
Sec 18 Noida,Strawberry Shake,"3,767.42",20,0.20,2026-09-01,2026-09-30
Sec 18 Noida,Cold Coffee-Nuttela,"3,764.79",15,0.20,2026-09-01,2026-09-30
Sec 18 Noida,Butter Idli Plate (2pc),"3,740.60",21,0.20,2026-09-01,2026-09-30
Sec 18 Noida,Spicy Tomato Onion Ghee Roast Dosa,"3,528.44",15,0.19,2026-09-01,2026-09-30
Sec 18 Noida,Filter Coffee Cappuccino,"3,365.63",26,0.18,2026-09-01,2026-09-30
Sec 18 Noida,Onion,"3,335.07",121,0.18,2026-09-01,2026-09-30
Sec 18 Noida,Packaged Drinking Water-500 ml,"3,313.00",93,0.18,2026-09-01,2026-09-30
Sec 18 Noida,Sambar Vada Plate (2pc),"3,235.00",16,0.17,2026-09-01,2026-09-30
Sec 18 Noida,Rasam Idli Plate (2pc),"2,925.35",17,0.16,2026-09-01,2026-09-30
Sec 18 Noida,Appalam Papad (1pc),"2,846.85",78,0.15,2026-09-01,2026-09-30
Sec 18 Noida,Black Coffee,"2,588.25",29,0.14,2026-09-01,2026-09-30
Sec 18 Noida,Rasam Vada Plate (2 Pc),"2,536.40",14,0.14,2026-09-01,2026-09-30
Sec 18 Noida,Thindi Podi Idli,"2,471.64",12,0.13,2026-09-01,2026-09-30
Sec 18 Noida,Homemade Lemonade,"2,257.52",16,0.12,2026-09-01,2026-09-30
Sec 18 Noida,Raw Mango Chutney,"2,224.28",32,0.12,2026-09-01,2026-09-30
Sec 18 Noida,Rava Dosa Batter Kit (1 Kg),"1,990.80",4,0.11,2026-09-01,2026-09-30
Sec 18 Noida,Cheese,"1,931.40",35,0.10,2026-09-01,2026-09-30
Sec 18 Noida,Chocolate Filter Coffee,"1,706.25",13,0.09,2026-09-01,2026-09-30
Sec 18 Noida,Special White Coconut Chutney,"1,556.97",22,0.08,2026-09-01,2026-09-30
Sec 18 Noida,Sambar Idli Plate (2pc),"1,263.68",8,0.07,2026-09-01,2026-09-30
Sec 18 Noida,Dosa Batter Kit (1 Kg),"1,258.03",3,0.07,2026-09-01,2026-09-30
Sec 18 Noida,Tomato Uttapam,"1,145.73",5,0.06,2026-09-01,2026-09-30
Sec 18 Noida,Fresh Buttermilk.,"1,141.70",11,0.06,2026-09-01,2026-09-30
Sec 18 Noida,Ghee,868.02,17,0.05,2026-09-01,2026-09-30
Sec 18 Noida,Lemon Iced Tea,787.50,6,0.04,2026-09-01,2026-09-30
Sec 18 Noida,Spicy Tomato Onion Chutney,717.30,10,0.04,2026-09-01,2026-09-30
Sec 18 Noida,Extra Paratha(1 Pc),624.75,7,0.03,2026-09-01,2026-09-30
Sec 18 Noida,Special Spicy Coconut Chutney,605.21,8,0.03,2026-09-01,2026-09-30
Sec 18 Noida,Coconut Rice,472.50,2,0.03,2026-09-01,2026-09-30
Sec 18 Noida,Benne Dosa Batter Kit (1 kg),383.24,1,0.02,2026-09-01,2026-09-30
Sec 18 Noida,Packaging Charge,365.88,25,0.02,2026-09-01,2026-09-30
Sec 18 Noida,Dadu`s Special Spicy Chutney,332.32,4,0.02,2026-09-01,2026-09-30
Sec 18 Noida,Extra Paneer Korma,262.50,2,0.01,2026-09-01,2026-09-30
Sec 18 Noida,Plain Uttapam,236.25,1,0.01,2026-09-01,2026-09-30
Sec 18 Noida,Masala Uttapam,193.83,1,0.01,2026-09-01,2026-09-30
Sec 18 Noida,Ghee Roast Masala Dosa.,160.63,3,0.01,2026-09-01,2026-09-30
Sec 18 Noida,Homemade Sparkling Lemonade.,103.95,1,0.01,2026-09-01,2026-09-30
Sec 18 Noida,Dosa Coffee Glass Bottle,85.67,4,0.00,2026-09-01,2026-09-30
Sec 18 Noida,Jain Sambar,0.00,198,0.00,2026-09-01,2026-09-30
Sec 18 Noida,Regular Masala Dosa,0.00,65,0.00,2026-09-01,2026-09-30
Sec 18 Noida,Regular Sambar,0.00,6916,0.00,2026-09-01,2026-09-30
Sec 31 Gurgaon,Benne Masala Dosa,"128,870.32",522,12.96,2026-09-01,2026-09-30
Sec 31 Gurgaon,Masala Dosa,"93,889.70",445,9.44,2026-09-01,2026-09-30
Sec 31 Gurgaon,Thatte Idli Plate,"58,202.76",288,5.85,2026-09-01,2026-09-30
Sec 31 Gurgaon,Ghee Roast Masala Dosa,"46,684.61",189,4.69,2026-09-01,2026-09-30
Sec 31 Gurgaon,Filter Coffee,"40,158.19",357,4.04,2026-09-01,2026-09-30
Sec 31 Gurgaon,Idli Plate (2 pc),"38,494.49",242,3.87,2026-09-01,2026-09-30
Sec 31 Gurgaon,Garlic Benne Dosa,"30,743.32",117,3.09,2026-09-01,2026-09-30
Sec 31 Gurgaon,Malabar Paratha with Paneer Korma,"27,934.08",104,2.81,2026-09-01,2026-09-30
Sec 31 Gurgaon,Garlic Ghee Roast Dosa,"26,884.60",104,2.70,2026-09-01,2026-09-30
Sec 31 Gurgaon,Mysore Masala Dosa,"24,911.21",90,2.51,2026-09-01,2026-09-30
Sec 31 Gurgaon,Benne Dosa,"24,193.30",115,2.43,2026-09-01,2026-09-30
Sec 31 Gurgaon,Mysore Ghee Roast Dosa,"20,909.01",82,2.10,2026-09-01,2026-09-30
Sec 31 Gurgaon,Mixed Uttapam,"20,814.68",83,2.09,2026-09-01,2026-09-30
Sec 31 Gurgaon,Idli Vada Plate,"19,919.41",96,2.00,2026-09-01,2026-09-30
Sec 31 Gurgaon,Cold Coffee-Classic,"19,767.08",99,1.99,2026-09-01,2026-09-30
Sec 31 Gurgaon,Plain Dosa,"17,232.81",100,1.73,2026-09-01,2026-09-30
Sec 31 Gurgaon,Rava Plain Dosa,"16,511.18",72,1.66,2026-09-01,2026-09-30
Sec 31 Gurgaon,Idli Fries,"15,815.80",86,1.59,2026-09-01,2026-09-30
Sec 31 Gurgaon,Raw Mango Ghee Roast Dosa,"15,664.40",62,1.58,2026-09-01,2026-09-30
Sec 31 Gurgaon,Medu Vada Plate (2 pc),"15,183.45",79,1.53,2026-09-01,2026-09-30
Sec 31 Gurgaon,Raw Mango Benne Dosa,"15,135.13",61,1.52,2026-09-01,2026-09-30
Sec 31 Gurgaon,Mysore Benne Dosa,"13,801.27",52,1.39,2026-09-01,2026-09-30
Sec 31 Gurgaon,Dosa Coffee Benne Tiffin,"11,058.43",46,1.11,2026-09-01,2026-09-30
Sec 31 Gurgaon,Guntur Karampodi Dosa,"10,708.02",33,1.08,2026-09-01,2026-09-30
Sec 31 Gurgaon,Plain Ghee Roast Dosa,"10,588.23",50,1.06,2026-09-01,2026-09-30
Sec 31 Gurgaon,Iced Filter Coffee,"10,391.87",81,1.05,2026-09-01,2026-09-30
Sec 31 Gurgaon,Paneer Dosa,"9,977.86",31,1.00,2026-09-01,2026-09-30
Sec 31 Gurgaon,Dahi Vada Plate (2 pc),"9,862.20",46,0.99,2026-09-01,2026-09-30
Sec 31 Gurgaon,Dosa Coffee Tiffin,"9,588.70",39,0.96,2026-09-01,2026-09-30
Sec 31 Gurgaon,Garlic Masala Dosa,"9,517.04",35,0.96,2026-09-01,2026-09-30
Sec 31 Gurgaon,Fresh Buttermilk,"9,502.40",75,0.96,2026-09-01,2026-09-30
Sec 31 Gurgaon,Potato Masala,"9,048.05",234,0.91,2026-09-01,2026-09-30
Sec 31 Gurgaon,Malkapodi Idli Plate (2pc),"8,758.84",45,0.88,2026-09-01,2026-09-30
Sec 31 Gurgaon,Malkapodi Masala Dosa,"8,666.33",32,0.87,2026-09-01,2026-09-30
Sec 31 Gurgaon,Curd Rice,"8,555.12",42,0.86,2026-09-01,2026-09-30
Sec 31 Gurgaon,Thindi Ghee Podi Masala Dosa,"8,411.95",32,0.85,2026-09-01,2026-09-30
Sec 31 Gurgaon,Tomato Onion Uttapam,"5,894.36",24,0.59,2026-09-01,2026-09-30
Sec 31 Gurgaon,Onion Uttapam,"5,656.73",24,0.57,2026-09-01,2026-09-30
Sec 31 Gurgaon,Lemon Rice,"5,485.62",24,0.55,2026-09-01,2026-09-30
Sec 31 Gurgaon,Filter Coffee Flask (250ml),"5,472.80",26,0.55,2026-09-01,2026-09-30
Sec 31 Gurgaon,Homemade Sparkling Lemonade,"5,472.18",37,0.55,2026-09-01,2026-09-30
Sec 31 Gurgaon,Tomato Rice,"5,330.66",24,0.54,2026-09-01,2026-09-30
Sec 31 Gurgaon,Mango Shake,"5,217.05",27,0.52,2026-09-01,2026-09-30
Sec 31 Gurgaon,Homemade Lemonade,"4,831.50",34,0.49,2026-09-01,2026-09-30
Sec 31 Gurgaon,Srivillli Kheer,"4,456.60",32,0.45,2026-09-01,2026-09-30
Sec 31 Gurgaon,Vegetable Uttapam,"4,346.29",17,0.44,2026-09-01,2026-09-30
Sec 31 Gurgaon,Bisbelle Bhaat,"4,071.09",20,0.41,2026-09-01,2026-09-30
Sec 31 Gurgaon,Rasam & Papad,"4,061.97",41,0.41,2026-09-01,2026-09-30
Sec 31 Gurgaon,Upma,"3,969.57",23,0.40,2026-09-01,2026-09-30
Sec 31 Gurgaon,Open Butter Masala Dosa,"3,681.09",14,0.37,2026-09-01,2026-09-30
Sec 31 Gurgaon,Ghee Idli Plate (2pc),"3,473.07",20,0.35,2026-09-01,2026-09-30
Sec 31 Gurgaon,Spicy Tomato Onion Ghee Roast Dosa,"3,226.79",13,0.32,2026-09-01,2026-09-30
Sec 31 Gurgaon,Mysore Dosa,"3,181.50",14,0.32,2026-09-01,2026-09-30
Sec 31 Gurgaon,Malkapodi Dosa,"3,125.74",16,0.31,2026-09-01,2026-09-30
Sec 31 Gurgaon,Kesari Halwa,"2,980.69",20,0.30,2026-09-01,2026-09-30
Sec 31 Gurgaon,Jaggery Cinnamon Filter Coffee,"2,838.60",21,0.29,2026-09-01,2026-09-30
Sec 31 Gurgaon,Appalam Papad (1pc),"2,827.32",79,0.28,2026-09-01,2026-09-30
Sec 31 Gurgaon,Cold Coffee-Crunchy Oreo,"2,524.66",11,0.25,2026-09-01,2026-09-30
Sec 31 Gurgaon,Rasam Idli Plate (2pc),"2,232.80",13,0.22,2026-09-01,2026-09-30
Sec 31 Gurgaon,Sambar Vada Plate (2pc),"2,161.63",11,0.22,2026-09-01,2026-09-30
Sec 31 Gurgaon,Cold Coffee-Nuttela,"2,150.90",9,0.22,2026-09-01,2026-09-30
Sec 31 Gurgaon,Paper Plain Dosa,"2,126.25",9,0.21,2026-09-01,2026-09-30
Sec 31 Gurgaon,Onion,"2,056.55",70,0.21,2026-09-01,2026-09-30
Sec 31 Gurgaon,Packaged Drinking Water-500 ml,"1,617.94",46,0.16,2026-09-01,2026-09-30
Sec 31 Gurgaon,Paniyaram (10 Pcs),"1,596.39",8,0.16,2026-09-01,2026-09-30
Sec 31 Gurgaon,Garlic Dosa,"1,589.70",7,0.16,2026-09-01,2026-09-30
Sec 31 Gurgaon,Cheese,"1,581.41",28,0.16,2026-09-01,2026-09-30
Sec 31 Gurgaon,Strawberry Shake,"1,554.00",8,0.16,2026-09-01,2026-09-30
Sec 31 Gurgaon,Dosa Batter Kit (1 Kg),"1,462.21",3,0.15,2026-09-01,2026-09-30
Sec 31 Gurgaon,Filter Coffee Cappuccino,"1,420.42",11,0.14,2026-09-01,2026-09-30
Sec 31 Gurgaon,Sambar Idli Plate (2pc),"1,386.00",8,0.14,2026-09-01,2026-09-30
Sec 31 Gurgaon,Chocolate Filter Coffee,"1,312.50",10,0.13,2026-09-01,2026-09-30
Sec 31 Gurgaon,Butter Idli Plate (2pc),"1,193.31",7,0.12,2026-09-01,2026-09-30
Sec 31 Gurgaon,Special White Coconut Chutney,"1,141.42",15,0.11,2026-09-01,2026-09-30
Sec 31 Gurgaon,Raw Mango Chutney,983.21,14,0.10,2026-09-01,2026-09-30
Sec 31 Gurgaon,Tomato Uttapam,943.13,4,0.09,2026-09-01,2026-09-30
Sec 31 Gurgaon,Black Coffee,892.50,10,0.09,2026-09-01,2026-09-30
Sec 31 Gurgaon,Thindi Podi Idli,872.96,5,0.09,2026-09-01,2026-09-30
Sec 31 Gurgaon,Rasam Vada Plate (2 Pc),740.82,4,0.07,2026-09-01,2026-09-30
Sec 31 Gurgaon,Fresh Watermelon Juice,710.93,4,0.07,2026-09-01,2026-09-30
Sec 31 Gurgaon,Extra Paratha(1 Pc),624.75,7,0.06,2026-09-01,2026-09-30
Sec 31 Gurgaon,Butter,598.80,10,0.06,2026-09-01,2026-09-30
Sec 31 Gurgaon,Ghee,495.02,8,0.05,2026-09-01,2026-09-30
Sec 31 Gurgaon,Spicy Tomato Onion Chutney,361.41,5,0.04,2026-09-01,2026-09-30
Sec 31 Gurgaon,Packaging Charge,315.62,22,0.03,2026-09-01,2026-09-30
Sec 31 Gurgaon,Cheese Paniyaram (10 Pcs),309.75,1,0.03,2026-09-01,2026-09-30
Sec 31 Gurgaon,Dadu`s Special Spicy Chutney,307.00,3,0.03,2026-09-01,2026-09-30
Sec 31 Gurgaon,Special Spicy Coconut Chutney,302.40,4,0.03,2026-09-01,2026-09-30
Sec 31 Gurgaon,Plain Uttapam,236.25,1,0.02,2026-09-01,2026-09-30
Sec 31 Gurgaon,Coconut Rice,236.25,1,0.02,2026-09-01,2026-09-30
Sec 31 Gurgaon,Fresh Buttermilk.,182.24,2,0.02,2026-09-01,2026-09-30
Sec 31 Gurgaon,Ghee Roast Masala Dosa.,121.05,2,0.01,2026-09-01,2026-09-30
Sec 31 Gurgaon,Homemade Sparkling Lemonade.,80.99,1,0.01,2026-09-01,2026-09-30
Sec 31 Gurgaon,Benne Masala Dosa.,48.57,1,0.00,2026-09-01,2026-09-30
Sec 31 Gurgaon,Jain Sambar,0.00,147,0.00,2026-09-01,2026-09-30
Sec 31 Gurgaon,Regular Masala Dosa,0.00,7,0.00,2026-09-01,2026-09-30
Sec 31 Gurgaon,Regular Sambar,0.00,4108,0.00,2026-09-01,2026-09-30
Shalimar Bagh,Masala Dosa,"188,427.14",861,12.50,2026-09-01,2026-09-30
Shalimar Bagh,Benne Masala Dosa,"152,961.83",608,10.15,2026-09-01,2026-09-30
Shalimar Bagh,Thatte Idli Plate,"90,957.71",455,6.03,2026-09-01,2026-09-30
Shalimar Bagh,Filter Coffee,"65,574.26",587,4.35,2026-09-01,2026-09-30
Shalimar Bagh,Idli Plate (2 pc),"62,667.61",387,4.16,2026-09-01,2026-09-30
Shalimar Bagh,Cold Coffee-Classic,"47,465.86",236,3.15,2026-09-01,2026-09-30
Shalimar Bagh,Rava Plain Dosa,"44,793.35",196,2.97,2026-09-01,2026-09-30
Shalimar Bagh,Medu Vada Plate (2 pc),"42,018.70",228,2.79,2026-09-01,2026-09-30
Shalimar Bagh,Mysore Masala Dosa,"41,526.51",153,2.75,2026-09-01,2026-09-30
Shalimar Bagh,Ghee Roast Masala Dosa,"38,464.85",155,2.55,2026-09-01,2026-09-30
Shalimar Bagh,Malabar Paratha with Paneer Korma,"34,319.95",127,2.28,2026-09-01,2026-09-30
Shalimar Bagh,Mixed Uttapam,"32,545.23",126,2.16,2026-09-01,2026-09-30
Shalimar Bagh,Garlic Benne Dosa,"32,198.54",124,2.14,2026-09-01,2026-09-30
Shalimar Bagh,Idli Vada Plate,"30,017.91",142,1.99,2026-09-01,2026-09-30
Shalimar Bagh,Benne Dosa,"29,141.96",134,1.93,2026-09-01,2026-09-30
Shalimar Bagh,Dahi Vada Plate (2 pc),"26,258.94",123,1.74,2026-09-01,2026-09-30
Shalimar Bagh,Guntur Karampodi Dosa,"25,298.17",78,1.68,2026-09-01,2026-09-30
Shalimar Bagh,Plain Dosa,"22,818.86",132,1.51,2026-09-01,2026-09-30
Shalimar Bagh,Homemade Sparkling Lemonade,"21,199.79",145,1.41,2026-09-01,2026-09-30
Shalimar Bagh,Paniyaram (10 Pcs),"20,581.04",83,1.37,2026-09-01,2026-09-30
Shalimar Bagh,Dosa Coffee Benne Tiffin,"20,446.51",78,1.36,2026-09-01,2026-09-30
Shalimar Bagh,Garlic Ghee Roast Dosa,"19,522.24",75,1.30,2026-09-01,2026-09-30
Shalimar Bagh,Raw Mango Benne Dosa,"18,430.08",71,1.22,2026-09-01,2026-09-30
Shalimar Bagh,Idli Fries,"14,608.37",79,0.97,2026-09-01,2026-09-30
Shalimar Bagh,Paneer Dosa,"14,435.21",45,0.96,2026-09-01,2026-09-30
Shalimar Bagh,Mysore Benne Dosa,"14,202.05",56,0.94,2026-09-01,2026-09-30
Shalimar Bagh,Potato Masala,"13,073.64",329,0.87,2026-09-01,2026-09-30
Shalimar Bagh,Packaged Drinking Water-500 ml,"12,708.22",361,0.84,2026-09-01,2026-09-30
Shalimar Bagh,Dosa Coffee Tiffin,"12,523.61",49,0.83,2026-09-01,2026-09-30
Shalimar Bagh,Thindi Ghee Podi Masala Dosa,"12,283.35",47,0.81,2026-09-01,2026-09-30
Shalimar Bagh,Onion Uttapam,"12,150.22",50,0.81,2026-09-01,2026-09-30
Shalimar Bagh,Malkapodi Masala Dosa,"12,145.16",45,0.81,2026-09-01,2026-09-30
Shalimar Bagh,Malkapodi Idli Plate (2pc),"12,056.98",64,0.80,2026-09-01,2026-09-30
Shalimar Bagh,Vegetable Uttapam,"11,628.83",46,0.77,2026-09-01,2026-09-30
Shalimar Bagh,Kesari Halwa,"11,248.59",85,0.75,2026-09-01,2026-09-30
Shalimar Bagh,Mysore Ghee Roast Dosa,"10,974.57",43,0.73,2026-09-01,2026-09-30
Shalimar Bagh,Iced Filter Coffee,"10,957.72",88,0.73,2026-09-01,2026-09-30
Shalimar Bagh,Upma,"10,345.93",58,0.69,2026-09-01,2026-09-30
Shalimar Bagh,Tomato Onion Uttapam,"9,707.22",40,0.64,2026-09-01,2026-09-30
Shalimar Bagh,Fresh Buttermilk,"9,440.56",74,0.63,2026-09-01,2026-09-30
Shalimar Bagh,Srivillli Kheer,"9,263.05",71,0.61,2026-09-01,2026-09-30
Shalimar Bagh,Garlic Masala Dosa,"9,086.12",34,0.60,2026-09-01,2026-09-30
Shalimar Bagh,Rasam & Papad,"8,969.69",93,0.60,2026-09-01,2026-09-30
Shalimar Bagh,Mysore Dosa,"8,444.27",36,0.56,2026-09-01,2026-09-30
Shalimar Bagh,Fresh Watermelon Juice,"8,103.78",47,0.54,2026-09-01,2026-09-30
Shalimar Bagh,Strawberry Shake,"7,559.65",40,0.50,2026-09-01,2026-09-30
Shalimar Bagh,Plain Ghee Roast Dosa,"7,299.87",34,0.48,2026-09-01,2026-09-30
Shalimar Bagh,Curd Rice,"6,945.84",31,0.46,2026-09-01,2026-09-30
Shalimar Bagh,Lemon Rice,"6,244.89",28,0.41,2026-09-01,2026-09-30
Shalimar Bagh,Raw Mango Ghee Roast Dosa,"6,137.10",25,0.41,2026-09-01,2026-09-30
Shalimar Bagh,Garlic Dosa,"6,017.85",26,0.40,2026-09-01,2026-09-30
Shalimar Bagh,Cold Coffee-Nuttela,"5,963.11",23,0.40,2026-09-01,2026-09-30
Shalimar Bagh,Cold Coffee-Crunchy Oreo,"5,872.28",27,0.39,2026-09-01,2026-09-30
Shalimar Bagh,Tomato Rice,"5,616.48",25,0.37,2026-09-01,2026-09-30
Shalimar Bagh,Bisbelle Bhaat,"5,509.84",25,0.37,2026-09-01,2026-09-30
Shalimar Bagh,Cheese Paniyaram (10 Pcs),"5,404.99",18,0.36,2026-09-01,2026-09-30
Shalimar Bagh,Filter Coffee Cappuccino,"4,935.23",38,0.33,2026-09-01,2026-09-30
Shalimar Bagh,Ghee Idli Plate (2pc),"4,791.67",27,0.32,2026-09-01,2026-09-30
Shalimar Bagh,Mango Shake,"4,744.95",25,0.31,2026-09-01,2026-09-30
Shalimar Bagh,Malkapodi Dosa,"4,724.07",20,0.31,2026-09-01,2026-09-30
Shalimar Bagh,Spicy Tomato Onion Ghee Roast Dosa,"4,675.60",18,0.31,2026-09-01,2026-09-30
Shalimar Bagh,Homemade Lemonade,"4,580.69",33,0.30,2026-09-01,2026-09-30
Shalimar Bagh,Jaggery Cinnamon Filter Coffee,"4,497.62",34,0.30,2026-09-01,2026-09-30
Shalimar Bagh,Onion,"4,326.36",145,0.29,2026-09-01,2026-09-30
Shalimar Bagh,Appalam Papad (1pc),"4,289.58",121,0.28,2026-09-01,2026-09-30
Shalimar Bagh,Filter Coffee Flask (250ml),"3,944.39",20,0.26,2026-09-01,2026-09-30
Shalimar Bagh,Thindi Podi Idli,"3,903.33",19,0.26,2026-09-01,2026-09-30
Shalimar Bagh,Butter,"3,192.22",53,0.21,2026-09-01,2026-09-30
Shalimar Bagh,Open Butter Masala Dosa,"3,152.46",12,0.21,2026-09-01,2026-09-30
Shalimar Bagh,Paper Plain Dosa,"2,970.92",13,0.20,2026-09-01,2026-09-30
Shalimar Bagh,Chocolate Filter Coffee,"2,704.37",21,0.18,2026-09-01,2026-09-30
Shalimar Bagh,Rasam Vada Plate (2 Pc),"1,950.10",11,0.13,2026-09-01,2026-09-30
Shalimar Bagh,Cheese,"1,764.07",30,0.12,2026-09-01,2026-09-30
Shalimar Bagh,Rasam Idli Plate (2pc),"1,667.96",10,0.11,2026-09-01,2026-09-30
Shalimar Bagh,Black Coffee,"1,573.76",18,0.10,2026-09-01,2026-09-30
Shalimar Bagh,Sambar Vada Plate (2pc),"1,541.72",8,0.10,2026-09-01,2026-09-30
Shalimar Bagh,Packaging Charge,"1,503.96",102,0.10,2026-09-01,2026-09-30
Shalimar Bagh,Extra Paratha(1 Pc),"1,325.70",15,0.09,2026-09-01,2026-09-30
Shalimar Bagh,Butter Idli Plate (2pc),"1,135.05",6,0.08,2026-09-01,2026-09-30
Shalimar Bagh,Raw Mango Chutney,"1,085.87",15,0.07,2026-09-01,2026-09-30
Shalimar Bagh,Sambar Idli Plate (2pc),"1,049.19",6,0.07,2026-09-01,2026-09-30
Shalimar Bagh,Tomato Uttapam,987.00,4,0.07,2026-09-01,2026-09-30
Shalimar Bagh,Special White Coconut Chutney,943.37,14,0.06,2026-09-01,2026-09-30
Shalimar Bagh,Dosa Batter Kit (1 Kg),837.90,2,0.06,2026-09-01,2026-09-30
Shalimar Bagh,Ghee,715.52,12,0.05,2026-09-01,2026-09-30
Shalimar Bagh,Rava Dosa Batter Kit (1 Kg),523.95,1,0.03,2026-09-01,2026-09-30
Shalimar Bagh,Coconut Rice,517.50,2,0.03,2026-09-01,2026-09-30
Shalimar Bagh,Karam Podi Powder - 100 gm,447.00,3,0.03,2026-09-01,2026-09-30
Shalimar Bagh,Lemon Iced Tea,370.00,2,0.02,2026-09-01,2026-09-30
Shalimar Bagh,Thind Podi Powder - 100 gm,280.43,2,0.02,2026-09-01,2026-09-30
Shalimar Bagh,Plain Uttapam,236.25,1,0.02,2026-09-01,2026-09-30
Shalimar Bagh,Spicy Tomato Onion Chutney,210.49,3,0.01,2026-09-01,2026-09-30
Shalimar Bagh,Dosa Coffee Glass Bottle,163.02,8,0.01,2026-09-01,2026-09-30
Shalimar Bagh,Special Spicy Coconut Chutney,153.59,2,0.01,2026-09-01,2026-09-30
Shalimar Bagh,Malgapodi Powder - 100 gm,149.00,1,0.01,2026-09-01,2026-09-30
Shalimar Bagh,Dadu`s Special Spicy Chutney,110.60,2,0.01,2026-09-01,2026-09-30
Shalimar Bagh,Homemade Sparkling Lemonade.,91.12,1,0.01,2026-09-01,2026-09-30
Shalimar Bagh,Ghee Roast Masala Dosa.,63.00,1,0.00,2026-09-01,2026-09-30
Shalimar Bagh,Jain Sambar,0.00,176,0.00,2026-09-01,2026-09-30
Shalimar Bagh,Regular Masala Dosa,0.00,10,0.00,2026-09-01,2026-09-30
Shalimar Bagh,Regular Sambar,0.00,6959,0.00,2026-09-01,2026-09-30
