store,batch_item,unit,theoretical_qty,store_used_qty,issued_qty,used_minus_theoretical_pct,issued_minus_theoretical_pct,read,read_detail,verdict,store_received_qty,wastage_qty,physical_count_qty,physical_gain_loss_qty,physical_gain_loss_amt,store_purchase_qty,closing_qty,note
Calcutta Swimming Club,Benne Dosa Batter (Pack Size -3 Kg ),Kg,4.8,4.8,4.8,0.0,0.0,recipes match usage → stores likely making extra,but usage within 10% of CK issue: no sign of extra in-store making,"physical loss: more gone than recipe deducts (wastage, over-portioning or used as substitute)",4.8,,0.6,-0.5,-16.47,0.0,-0.6,
Calcutta Swimming Club,Boiled & Mashed Potato (1Pkt = 3Kg),Kg,10.533,15.0,,42.4,,usage above recipe → recipe over-deducts or wastage,,recipe over-deducts: physical count found stock the recipe had already deducted (no store purchase),,,0.0,15.0,468.98,0.0,0.0,100% via outlet sub-recipe
Calcutta Swimming Club,Chaat Masala Bucket,Kg,0.011,0.011,,0.0,,recipes match usage → stores likely making extra,nothing issued by CK,recipe over-deducts: physical count found stock the recipe had already deducted (no store purchase),,,0.1,0.002,0.71,0.0,0.097,
Calcutta Swimming Club,Coconut Shredded,Kg,25.097,25.092,12.0,-0.0,-52.2,recipes match usage → stores likely making extra,,recipe over-deducts: physical count found stock the recipe had already deducted (no store purchase),12.0,,2.0,12.774,2499.28,0.0,-0.158,
Calcutta Swimming Club,Dahi Bucket Mix (1pkt =105gm),gm,10.0,10.0,,0.0,,recipes match usage → stores likely making extra,nothing issued by CK,recipe over-deducts: physical count found stock the recipe had already deducted (no store purchase),,,0.0,20.0,1.27,0.0,0.0,
Calcutta Swimming Club,Dosa Batter Mix,Kg,40.29,40.29,36.0,0.0,-10.6,recipes match usage → stores likely making extra,,usage above issue with no physical-count correction: unresolved,36.0,,2.0,1.556,50.99,0.0,0.615,
Calcutta Swimming Club,Frozen Medu Vada (10pc),Pc,,,60.0,,,insufficient data,no theoretical (no recipe line / no matched dish),insufficient data,60.0,,10.0,-52.0,-258.41,0.0,20.0,
Calcutta Swimming Club,Garlic Chutney Bucket,Kg,1.47,1.47,1.2,0.0,-18.4,recipes match usage → stores likely making extra,,usage above issue with no physical-count correction: unresolved,1.2,,0.2,0.11,27.9,0.0,0.08,
Calcutta Swimming Club,Idli Pc Raw (1 Pkt =40pc),Pc,352.0,376.0,360.0,6.8,2.3,recipes match usage → stores likely making extra,but usage within 10% of CK issue: no sign of extra in-store making,"recipe, usage and issue broadly consistent",440.0,24.0,50.0,4.0,8.09,0.0,51.0,
Calcutta Swimming Club,Imli Water,Ltr,0.49,0.49,0.15,0.0,-69.4,recipes match usage → stores likely making extra,,recipe over-deducts: physical count found stock the recipe had already deducted (no store purchase),0.15,,0.0,0.086,2.29,0.0,-0.07,
Calcutta Swimming Club,Jain Sambar Bucket,Ltr,14.8,14.8,16.0,0.0,8.1,recipes match usage → stores likely making extra,but usage within 10% of CK issue: no sign of extra in-store making,"recipe, usage and issue broadly consistent",17.0,,0.0,0.6,14.92,0.0,1.0,
Calcutta Swimming Club,Karam Podi Powder Bucket,Kg,0.04,0.04,,0.0,,recipes match usage → stores likely making extra,nothing issued by CK,"recipe, usage and issue broadly consistent",,,0.46,0.0,0.0,0.0,0.46,
Calcutta Swimming Club,Malkapodi Bucket,Kg,1.35,1.35,1.0,0.0,-25.9,recipes match usage → stores likely making extra,,recipe over-deducts: physical count found stock the recipe had already deducted (no store purchase),1.0,,0.2,0.38,64.59,0.0,0.4,
Calcutta Swimming Club,Medu Vada Batter Mix,Kg,2.363,2.363,,0.0,,recipes match usage → stores likely making extra,nothing issued by CK,recipe over-deducts: physical count found stock the recipe had already deducted (no store purchase),,,0.0,2.239,169.97,0.0,-0.435,
Calcutta Swimming Club,Mysore Chutney Bucket,Kg,0.82,0.82,0.9,0.0,9.8,recipes match usage → stores likely making extra,but usage within 10% of CK issue: no sign of extra in-store making,"recipe, usage and issue broadly consistent",0.9,,0.3,0.034,5.77,0.0,0.3,
Calcutta Swimming Club,Potato Masala Mix (1Pkt = 90Gm),Pkt,3.511,5.0,4.0,42.4,13.9,usage above recipe → recipe over-deducts or wastage,,usage above issue with no physical-count correction: unresolved,4.0,,0.0,0.0,0.0,0.0,1.0,100% via outlet sub-recipe
Calcutta Swimming Club,Rava Powder Mix,Kg,1.2,1.2,2.0,0.0,66.7,recipes match usage → stores likely making extra,but usage within 10% of CK issue: no sign of extra in-store making,"recipe, usage and issue broadly consistent",2.0,,1.2,-0.1,-9.65,0.0,1.15,
Calcutta Swimming Club,Raw Mango Chutney Bucket,Kg,,,0.9,,,insufficient data,no theoretical (no recipe line / no matched dish),insufficient data,0.9,,0.3,-0.9,-150.68,0.0,0.3,
Calcutta Swimming Club,Raw mango Powder Mix (1 Pkt = 13gm),Kg,0.055,0.055,,0.0,,recipes match usage → stores likely making extra,nothing issued by CK,recipe over-deducts: physical count found stock the recipe had already deducted (no store purchase),,,0.0,0.045,0.0,0.0,-0.01,
Calcutta Swimming Club,Sambar Bucket,Ltr,109.6,109.6,63.0,0.0,-42.5,recipes match usage → stores likely making extra,,recipe over-deducts: physical count found stock the recipe had already deducted (no store purchase),65.0,,2.0,42.4,1115.24,0.0,-4.2,
Calcutta Swimming Club,Special Daal Bucket,Kg,1.798,1.798,1.0,0.0,-44.4,recipes match usage → stores likely making extra,,recipe over-deducts: physical count found stock the recipe had already deducted (no store purchase),1.0,,0.8,1.01,154.98,0.0,0.589,
Calcutta Swimming Club,Special White Coconut Chutney Bucket,Kg,0.3,0.3,,0.0,,recipes match usage → stores likely making extra,nothing issued by CK,recipe over-deducts: physical count found stock the recipe had already deducted (no store purchase),,,0.0,0.3,0.0,0.0,0.0,
Calcutta Swimming Club,Spicy Coconut Chutney Mix 1Pkt (16gm),Kg,0.387,0.387,,0.0,,recipes match usage → stores likely making extra,nothing issued by CK,recipe over-deducts: physical count found stock the recipe had already deducted (no store purchase),,,0.0,0.342,0.0,0.0,-0.063,
Calcutta Swimming Club,Srivilli Kheer (1 Pc),Pc,,,1.0,,,insufficient data,no theoretical (no recipe line / no matched dish),insufficient data,1.0,2.0,0.0,0.0,0.0,0.0,0.0,
Calcutta Swimming Club,Thatte Idli Pc Raw,Pc,43.0,43.0,42.0,0.0,-2.3,recipes match usage → stores likely making extra,but usage within 10% of CK issue: no sign of extra in-store making,"recipe, usage and issue broadly consistent",48.0,10.0,6.0,0.0,0.0,0.0,0.0,
Calcutta Swimming Club,Thindi Malkapodi Powder Bucket,Kg,0.645,0.645,1.0,0.0,55.0,recipes match usage → stores likely making extra,but usage within 10% of CK issue: no sign of extra in-store making,recipe over-deducts: physical count found stock the recipe had already deducted (no store purchase),1.0,,0.3,0.17,33.14,0.0,0.695,
Calcutta Swimming Club,Tomato Onion Chutney Bucket,Kg,,,2.1,,,insufficient data,no theoretical (no recipe line / no matched dish),insufficient data,2.1,,0.3,-1.9,-231.83,0.0,0.6,
Calcutta Swimming Club,Tomato Onion Powder Mix (1 Pkt = 24gm),Kg,0.142,0.142,,0.0,,recipes match usage → stores likely making extra,nothing issued by CK,recipe over-deducts: physical count found stock the recipe had already deducted (no store purchase),,,0.0,0.127,0.0,0.0,-0.015,
Calcutta Swimming Club,Upma Mix (1pkt = 300gm),Kg,1.02,1.02,0.6,0.0,-41.2,recipes match usage → stores likely making extra,,recipe over-deducts: physical count found stock the recipe had already deducted (no store purchase),0.6,,0.2,0.16,13.87,0.0,0.14,
Connaught Place,Benne Dosa Batter (Pack Size -3 Kg ),Kg,254.475,254.475,431.5,0.0,69.6,recipes match usage → stores likely making extra,but usage within 10% of CK issue: no sign of extra in-store making,"physical loss: more gone than recipe deducts (wastage, over-portioning or used as substitute)",456.5,10.0,10.0,-138.125,-4218.17,0.0,56.225,Delhi dishes carry 3 chutneys by design
Connaught Place,Boiled & Mashed Potato (1Pkt = 3Kg),Kg,321.867,370.3,297.0,15.0,-7.7,usage above recipe → recipe over-deducts or wastage,,recipe over-deducts: physical count found stock the recipe had already deducted (no store purchase),333.0,3.0,15.0,62.467,2083.1,0.0,-7.332999999999998,89% via outlet sub-recipe; Delhi dishes carry 3 chutneys by design
Connaught Place,Boondi,Kg,1.635,1.635,1.75,0.0,7.0,recipes match usage → stores likely making extra,but usage within 10% of CK issue: no sign of extra in-store making,"recipe, usage and issue broadly consistent",2.0,,0.5,-0.075,-4.45,0.0,0.6699999999999999,Delhi dishes carry 3 chutneys by design
Connaught Place,Chaat Masala Bucket,Kg,0.695,0.695,1.3,0.0,87.1,recipes match usage → stores likely making extra,but usage within 10% of CK issue: no sign of extra in-store making,"physical loss: more gone than recipe deducts (wastage, over-portioning or used as substitute)",1.6,,0.2,-0.759,-234.98,0.0,0.193,Delhi dishes carry 3 chutneys by design
Connaught Place,Coconut Shredded,Kg,350.551,464.182,123.0,32.4,-64.9,usage above recipe → recipe over-deducts or wastage,,recipe over-deducts: physical count found stock the recipe had already deducted (no store purchase),135.0,,0.0,327.402,81138.63,0.0,-41.112,1% via outlet sub-recipe; Delhi dishes carry 3 chutneys by design
Connaught Place,Dahi Bucket Mix (1pkt =105gm),gm,2895.0,2895.0,4935.0,0.0,70.5,recipes match usage → stores likely making extra,but usage within 10% of CK issue: no sign of extra in-store making,"physical loss: more gone than recipe deducts (wastage, over-portioning or used as substitute)",5355.0,,1365.0,-1665.0,-112.86,0.0,1170.0,Delhi dishes carry 3 chutneys by design
Connaught Place,Dosa Batter Mix,Kg,485.84,485.84,625.0,0.0,28.6,recipes match usage → stores likely making extra,but usage within 10% of CK issue: no sign of extra in-store making,"physical loss: more gone than recipe deducts (wastage, over-portioning or used as substitute)",850.0,69.1,10.0,-254.04,-7708.69,0.0,63.895,Delhi dishes carry 3 chutneys by design
Connaught Place,Frozen Medu Vada (10pc),Pc,855.0,855.0,44.0,0.0,-94.9,recipes match usage → stores likely making extra,,recipe over-deducts: physical count found stock the recipe had already deducted (no store purchase),44.0,,0.0,795.0,3882.42,0.0,-129.0,Delhi dishes carry 3 chutneys by design
Connaught Place,Garam Masala Powder Bucket,Kg,0.031,0.031,,0.0,,recipes match usage → stores likely making extra,nothing issued by CK,recipe over-deducts: physical count found stock the recipe had already deducted (no store purchase),,,0.0,0.009,12.93,0.0,-0.006,Delhi dishes carry 3 chutneys by design
Connaught Place,Garlic Chutney Bucket,Kg,24.87,24.87,29.5,0.0,18.6,recipes match usage → stores likely making extra,but usage within 10% of CK issue: no sign of extra in-store making,"recipe, usage and issue broadly consistent",32.5,4.8,1.0,-1.35,-343.8,0.0,2.0,Delhi dishes carry 3 chutneys by design
Connaught Place,Idli Batter,Kg,,,107.0,,,insufficient data,no theoretical (no recipe line / no matched dish),insufficient data,126.0,16.0,4.0,-94.0,-2772.6,0.0,21.0,
Connaught Place,Idli Pc Raw (1 Pkt =40pc),Pc,2475.0,2475.0,1370.0,0.0,-44.6,recipes match usage → stores likely making extra,,recipe over-deducts: physical count found stock the recipe had already deducted (no store purchase),1370.0,200.0,0.0,1261.0,2435.8,0.0,-116.0,Delhi dishes carry 3 chutneys by design
Connaught Place,Imli Water,Ltr,24.119,24.119,23.5,0.0,-2.6,recipes match usage → stores likely making extra,but usage within 10% of CK issue: no sign of extra in-store making,recipe over-deducts: physical count found stock the recipe had already deducted (no store purchase),23.5,,2.0,2.758,76.26,0.0,0.795,Delhi dishes carry 3 chutneys by design
Connaught Place,Jain Sambar - Delhi,Ltr,17.8,18.6,44.0,4.5,147.2,recipes match usage → stores likely making extra,but usage within 10% of CK issue: no sign of extra in-store making,"physical loss: more gone than recipe deducts (wastage, over-portioning or used as substitute)",52.0,,3.0,-28.2,-905.99,0.0,10.0,Delhi dishes carry 3 chutneys by design
Connaught Place,Jain Sambar Bucket,Ltr,,,,,,insufficient data,no theoretical (no recipe line / no matched dish),insufficient data,,30.0,0.0,28.0,804.64,0.0,-5.0,
Connaught Place,Karam Podi Powder Bucket,Kg,4.84,4.84,4.5,0.0,-7.0,recipes match usage → stores likely making extra,but usage within 10% of CK issue: no sign of extra in-store making,"recipe, usage and issue broadly consistent",6.0,0.1,2.0,0.24,46.12,0.0,1.44,Delhi dishes carry 3 chutneys by design
Connaught Place,Kesari Halwa Mix  (1pkt = 550gm),Kg,10.695,10.695,15.4,0.0,44.0,recipes match usage → stores likely making extra,but usage within 10% of CK issue: no sign of extra in-store making,"physical loss: more gone than recipe deducts (wastage, over-portioning or used as substitute)",16.5,,1.1,-3.9,-276.81,0.0,2.677,Delhi dishes carry 3 chutneys by design
Connaught Place,Korma Gravy Mix (1pkt=700gm),Kg,24.04,26.92,42.0,12.0,74.7,usage above recipe → recipe over-deducts or wastage,,"physical loss: more gone than recipe deducts (wastage, over-portioning or used as substitute)",45.5,1.0,2.8,-10.48,-1619.73,0.0,7.119999999999999,Delhi dishes carry 3 chutneys by design
Connaught Place,Lemon Rice Bucket,Kg,9.6,9.65,15.5,0.5,61.5,recipes match usage → stores likely making extra,but usage within 10% of CK issue: no sign of extra in-store making,"physical loss: more gone than recipe deducts (wastage, over-portioning or used as substitute)",17.0,2.7,0.5,-4.05,-309.83,0.0,0.85,Delhi dishes carry 3 chutneys by design
Connaught Place,Malabar Paratha  (1pkt= 6Pcs),Pc,274.0,306.0,,11.7,,usage above recipe → recipe over-deducts or wastage,,recipe over-deducts: physical count found stock the recipe had already deducted (no store purchase),,17.0,20.0,322.0,2506.34,0.0,-27.0,Delhi dishes carry 3 chutneys by design
Connaught Place,Malabar Paratha Dough,Pc,,,386.0,,,insufficient data,no theoretical (no recipe line / no matched dish),insufficient data,422.0,33.0,2.8,-340.2,-2618.94,0.0,60.8,
Connaught Place,Malkapodi Bucket,Kg,6.465,6.465,6.0,0.0,-7.2,recipes match usage → stores likely making extra,but usage within 10% of CK issue: no sign of extra in-store making,"recipe, usage and issue broadly consistent",7.0,0.1,1.0,-0.05,-8.58,0.0,0.35,Delhi dishes carry 3 chutneys by design
Connaught Place,Medu Vada Batter,Kg,,,24.0,,,insufficient data,no theoretical (no recipe line / no matched dish),insufficient data,30.0,2.0,3.0,-26.0,-1659.95,0.0,6.0,
Connaught Place,Medu Vada Batter Mix,Kg,,,36.0,,,insufficient data,no theoretical (no recipe line / no matched dish),insufficient data,36.0,15.5,3.0,-12.3,-892.72,0.0,10.0,
Connaught Place,Medu Vada Batter Powder Mix (1 Pkt = 23gm),Kg,,,0.782,,,insufficient data,no theoretical (no recipe line / no matched dish),insufficient data,0.782,,0.046,-0.667,-152.78,0.0,0.138,
Connaught Place,Mysore Chutney Bucket,Kg,36.8,36.8,31.5,0.0,-14.4,recipes match usage → stores likely making extra,,recipe over-deducts: physical count found stock the recipe had already deducted (no store purchase),39.0,4.6,1.0,4.86,892.32,0.0,3.14,Delhi dishes carry 3 chutneys by design
Connaught Place,Potato Masala Bucket,Kg,5.1,5.1,15.0,0.0,194.1,recipes match usage → stores likely making extra,but usage within 10% of CK issue: no sign of extra in-store making,"physical loss: more gone than recipe deducts (wastage, over-portioning or used as substitute)",114.4,,0.0,-110.0,-4512.39,0.0,-1.2,Delhi dishes carry 3 chutneys by design
Connaught Place,Potato Masala Mix (1Pkt = 90Gm),Pkt,107.168,123.312,75.0,15.1,-30.0,usage above recipe → recipe over-deducts or wastage,,recipe over-deducts: physical count found stock the recipe had already deducted (no store purchase),80.0,,0.18,43.886,459.52,0.0,-14.244,89% via outlet sub-recipe; Delhi dishes carry 3 chutneys by design
Connaught Place,Rasam Bucket,Ltr,20.9,20.9,,0.0,,recipes match usage → stores likely making extra,nothing issued by CK,recipe over-deducts: physical count found stock the recipe had already deducted (no store purchase),,,0.0,21.5,794.51,0.0,-3.3,Delhi dishes carry 3 chutneys by design
Connaught Place,Rasam Chhoke Pre-Mix (2 Mix -6gm + 42gm)= 48gm,Kg,,,2.227,,,insufficient data,no theoretical (no recipe line / no matched dish),insufficient data,2.466,,0.096,-2.144,-541.76,0.0,0.6559999999999999,
Connaught Place,Rasam Mix (1Pkt =15 gm),Kg,,,0.945,,,insufficient data,no theoretical (no recipe line / no matched dish),insufficient data,1.02,,0.045,-0.84,-253.47,0.0,0.315,
Connaught Place,Rava Powder Mix,Kg,8.35,8.35,14.0,0.0,67.7,recipes match usage → stores likely making extra,but usage within 10% of CK issue: no sign of extra in-store making,"physical loss: more gone than recipe deducts (wastage, over-portioning or used as substitute)",15.0,,1.0,-7.6,-709.28,0.0,1.95,Delhi dishes carry 3 chutneys by design
Connaught Place,Raw Mango Chutney Bucket,Kg,16.21,16.26,,0.3,,recipes match usage → stores likely making extra,nothing issued by CK,recipe over-deducts: physical count found stock the recipe had already deducted (no store purchase),,,0.0,14.85,3347.72,0.0,-2.7,Delhi dishes carry 3 chutneys by design
Connaught Place,Raw Mango Pickle Bucket,Kg,0.385,0.385,1.0,0.0,159.7,recipes match usage → stores likely making extra,but usage within 10% of CK issue: no sign of extra in-store making,"physical loss: more gone than recipe deducts (wastage, over-portioning or used as substitute)",1.0,,0.1,-0.515,-121.13,0.0,0.3,Delhi dishes carry 3 chutneys by design
Connaught Place,Raw mango Powder Mix (1 Pkt = 13gm),Kg,,,0.377,,,insufficient data,no theoretical (no recipe line / no matched dish),insufficient data,0.442,,0.01,-0.432,-142.25,0.0,0.075,
Connaught Place,Regular White Chutney Bucket,Kg,18.15,,,,,insufficient data,no store consumption recorded,insufficient data,,,,,,,,100% of qty from lines marked (Inactive) in recipe; Delhi dishes carry 3 chutneys by design
Connaught Place,Sambar Bucket,Ltr,1.0,1.0,,0.0,,recipes match usage → stores likely making extra,nothing issued by CK,recipe over-deducts: physical count found stock the recipe had already deducted (no store purchase),,20.0,0.0,20.0,609.67,0.0,-1.0,Delhi dishes carry 3 chutneys by design
Connaught Place,Sambar Bucket - Delhi,Ltr,1982.55,1982.55,1165.0,0.0,-41.2,recipes match usage → stores likely making extra,,recipe over-deducts: physical count found stock the recipe had already deducted (no store purchase),1530.0,26.0,0.0,636.25,21433.17,0.0,26.1,Delhi dishes carry 3 chutneys by design
Connaught Place,Special Daal Bucket,Kg,13.348,13.349,7.0,0.0,-47.6,recipes match usage → stores likely making extra,,recipe over-deducts: physical count found stock the recipe had already deducted (no store purchase),9.7,,0.0,2.681,395.05,0.0,-0.71,Delhi dishes carry 3 chutneys by design
Connaught Place,Special White Coconut Chutney Bucket,Kg,0.5,0.5,10.0,0.0,1900.0,recipes match usage → stores likely making extra,but usage within 10% of CK issue: no sign of extra in-store making,"physical loss: more gone than recipe deducts (wastage, over-portioning or used as substitute)",71.5,,1.0,-70.5,-6084.64,0.0,0.5,Delhi dishes carry 3 chutneys by design
Connaught Place,Spicy Coconut Chutney Bucket,Kg,,,9.3,,,insufficient data,no theoretical (no recipe line / no matched dish),insufficient data,61.0,6.0,1.0,-54.0,-2996.7,0.0,1.0,
Connaught Place,Spicy Coconut Chutney Mix 1Pkt (16gm),Kg,17.533,17.533,,0.0,,recipes match usage → stores likely making extra,nothing issued by CK,recipe over-deducts: physical count found stock the recipe had already deducted (no store purchase),,,0.0,16.961,3190.93,0.0,-2.312,Delhi dishes carry 3 chutneys by design
Connaught Place,Srivilli Kheer (1 Pc),Pc,96.0,97.0,130.0,1.0,35.4,recipes match usage → stores likely making extra,but usage within 10% of CK issue: no sign of extra in-store making,"physical loss: more gone than recipe deducts (wastage, over-portioning or used as substitute)",153.0,5.0,3.0,-42.0,-1333.68,0.0,6.0,Delhi dishes carry 3 chutneys by design
Connaught Place,Steam Rice Bucket,Kg,11.35,11.35,26.5,0.0,133.5,recipes match usage → stores likely making extra,but usage within 10% of CK issue: no sign of extra in-store making,"physical loss: more gone than recipe deducts (wastage, over-portioning or used as substitute)",29.0,3.25,0.5,-12.25,-601.34,0.0,4.0,Delhi dishes carry 3 chutneys by design
Connaught Place,Sugar Syrup Bucket,Ltr,14.2,14.2,,0.0,,recipes match usage → stores likely making extra,nothing issued by CK,recipe over-deducts: physical count found stock the recipe had already deducted (no store purchase),,,0.0,13.9,0.0,0.0,-1.6,Delhi dishes carry 3 chutneys by design
Connaught Place,Thatte Idli Batter,Kg,,,97.0,,,insufficient data,no theoretical (no recipe line / no matched dish),insufficient data,109.0,21.3,3.0,-67.7,-1869.85,0.0,18.0,
Connaught Place,Thatte Idli Pc Raw,Pc,613.0,613.0,176.0,0.0,-71.3,recipes match usage → stores likely making extra,,recipe over-deducts: physical count found stock the recipe had already deducted (no store purchase),,,0.0,589.0,2796.48,0.0,-52.0,Delhi dishes carry 3 chutneys by design
Connaught Place,Thindi Malkapodi Powder Bucket,Kg,11.235,11.235,6.5,0.0,-42.1,recipes match usage → stores likely making extra,,recipe over-deducts: physical count found stock the recipe had already deducted (no store purchase),7.0,0.1,1.5,5.295,1059.51,0.0,-0.23,Delhi dishes carry 3 chutneys by design
Connaught Place,Tomato Onion Chutney Bucket,Kg,372.25,372.25,,0.0,,recipes match usage → stores likely making extra,nothing issued by CK,recipe over-deducts: physical count found stock the recipe had already deducted (no store purchase),,,0.0,361.01,45280.06,0.0,-47.36,Delhi dishes carry 3 chutneys by design
Connaught Place,Tomato Onion Powder Mix (1 Pkt = 24gm),Kg,1.17,1.17,7.424,0.0,534.5,recipes match usage → stores likely making extra,but usage within 10% of CK issue: no sign of extra in-store making,"physical loss: more gone than recipe deducts (wastage, over-portioning or used as substitute)",8.0,,0.3,-5.969,-3107.1,0.0,1.023,Delhi dishes carry 3 chutneys by design
Connaught Place,Upma Mix (1pkt = 300gm),Kg,4.26,4.26,6.3,0.0,47.9,recipes match usage → stores likely making extra,but usage within 10% of CK issue: no sign of extra in-store making,"physical loss: more gone than recipe deducts (wastage, over-portioning or used as substitute)",6.9,0.3,0.12,-3.18,-266.31,0.0,0.3,Delhi dishes carry 3 chutneys by design
Food Truck - 1,Boiled & Mashed Potato (1Pkt = 3Kg),Kg,11.039,,,,,insufficient data,no store consumption recorded,insufficient data,,,0.0,0.0,0.0,0.0,,100% of qty from lines marked (Inactive) in recipe; 100% via outlet sub-recipe
Food Truck - 1,Chaat Masala Bucket,Kg,0.022,0.022,0.1,0.0,354.5,recipes match usage → stores likely making extra,but usage within 10% of CK issue: no sign of extra in-store making,"recipe, usage and issue broadly consistent",0.1,,0.015,-0.002,-0.72,0.0,0.101,
Food Truck - 1,Coconut Shredded,Kg,9.199,9.194,,-0.1,,recipes match usage → stores likely making extra,nothing issued by CK,recipe over-deducts: physical count found stock the recipe had already deducted (no store purchase),,,0.0,6.333,0.0,0.0,-5.322,
Food Truck - 1,Dahi Bucket Mix (1pkt =105gm),gm,175.0,175.0,105.0,0.0,-40.0,recipes match usage → stores likely making extra,,"physical loss: more gone than recipe deducts (wastage, over-portioning or used as substitute)",105.0,,0.0,-110.0,-6.95,0.0,-125.0,
Food Truck - 1,Dosa Batter Mix,Kg,18.4,18.4,17.0,0.0,-7.6,recipes match usage → stores likely making extra,but usage within 10% of CK issue: no sign of extra in-store making,"recipe, usage and issue broadly consistent",17.0,,0.5,-0.62,-20.4,0.0,-2.26,
Food Truck - 1,Frozen Medu Vada (10pc),Pc,,,50.0,,,insufficient data,no theoretical (no recipe line / no matched dish),insufficient data,50.0,,6.0,-34.0,-169.03,0.0,36.0,
Food Truck - 1,Idli Pc Raw (1 Pkt =40pc),Pc,152.0,152.0,150.0,0.0,-1.3,recipes match usage → stores likely making extra,but usage within 10% of CK issue: no sign of extra in-store making,"recipe, usage and issue broadly consistent",175.0,13.0,0.0,-6.0,-12.15,0.0,6.0,
Food Truck - 1,Jain Potato Masala Bucket,Kg,,,15.2,,,insufficient data,no theoretical (no recipe line / no matched dish),insufficient data,15.2,1.5,0.0,-10.5,-558.94,0.0,6.2,
Food Truck - 1,Jain Sambar Bucket,Ltr,44.0,44.0,30.0,0.0,-31.8,recipes match usage → stores likely making extra,,recipe over-deducts: physical count found stock the recipe had already deducted (no store purchase),30.0,,0.0,8.4,208.75,0.0,-11.2,
Food Truck - 1,Medu Vada Batter Mix,Kg,2.434,2.434,,0.0,,recipes match usage → stores likely making extra,nothing issued by CK,recipe over-deducts: physical count found stock the recipe had already deducted (no store purchase),,,0.0,1.434,110.92,0.0,-1.81,
Food Truck - 1,Potato Masala Mix (1Pkt = 90Gm),Pkt,3.68,,,,,insufficient data,no store consumption recorded,insufficient data,,,0.0,0.0,0.0,0.0,,100% of qty from lines marked (Inactive) in recipe; 100% via outlet sub-recipe
Food Truck - 1,Sambar Bucket,Ltr,0.8,0.8,,0.0,,recipes match usage → stores likely making extra,nothing issued by CK,recipe over-deducts: physical count found stock the recipe had already deducted (no store purchase),,,0.0,0.8,23.76,0.0,0.0,
Food Truck - 1,Special Daal Bucket,Kg,0.66,0.66,,0.0,,recipes match usage → stores likely making extra,nothing issued by CK,recipe over-deducts: physical count found stock the recipe had already deducted (no store purchase),,,0.0,0.453,69.7,0.0,-0.384,
Food Truck - 1,Special White Coconut Chutney Bucket,Kg,,,15.1,,,insufficient data,no theoretical (no recipe line / no matched dish),insufficient data,17.6,1.6,0.0,-11.7,-793.23,0.0,7.7,
Forum,Benne Dosa Batter (Pack Size -3 Kg ),Kg,31.275,31.275,53.0,0.0,69.5,recipes match usage → stores likely making extra,but usage within 10% of CK issue: no sign of extra in-store making,"recipe, usage and issue broadly consistent",52.0,13.85,3.5,-1.225,-41.31,0.0,2.7,mall bulk entries: dish qty may be unreliable
Forum,Boiled & Mashed Potato (1Pkt = 3Kg),Kg,80.707,71.5,,-11.4,,insufficient data,usage below recipe by >10%,recipe over-deducts: physical count found stock the recipe had already deducted (no store purchase),,,0.0,68.5,2138.03,0.0,-9.0,100% via outlet sub-recipe; mall bulk entries: dish qty may be unreliable
Forum,Chaat Masala Bucket,Kg,0.128,0.128,0.2,0.0,56.2,recipes match usage → stores likely making extra,but usage within 10% of CK issue: no sign of extra in-store making,"physical loss: more gone than recipe deducts (wastage, over-portioning or used as substitute)",0.1,,0.14,-0.027,-9.75,0.0,0.125,mall bulk entries: dish qty may be unreliable
Forum,Coconut Shredded,Kg,63.452,63.61,38.0,0.2,-40.1,recipes match usage → stores likely making extra,,recipe over-deducts: physical count found stock the recipe had already deducted (no store purchase),41.0,,2.5,23.71,4628.12,0.0,-5.343,mall bulk entries: dish qty may be unreliable
Forum,Dahi Bucket Mix (1pkt =105gm),gm,500.0,500.0,735.0,0.0,47.0,recipes match usage → stores likely making extra,but usage within 10% of CK issue: no sign of extra in-store making,"physical loss: more gone than recipe deducts (wastage, over-portioning or used as substitute)",630.0,,210.0,-135.0,-8.52,0.0,140.0,mall bulk entries: dish qty may be unreliable
Forum,Dosa Batter Mix,Kg,125.994,125.994,155.0,0.0,23.0,recipes match usage → stores likely making extra,but usage within 10% of CK issue: no sign of extra in-store making,"recipe, usage and issue broadly consistent",161.0,20.2,9.0,-2.675,-87.35,0.0,0.6520000000000001,mall bulk entries: dish qty may be unreliable
Forum,Filter Coffee Ice Cream (700gm= 1 Bucket),Kg,0.48,0.6,2.1,25.0,337.5,usage above recipe → recipe over-deducts or wastage,,"physical loss: more gone than recipe deducts (wastage, over-portioning or used as substitute)",2.1,0.6,0.6,-0.66,-147.67,0.0,0.58,mall bulk entries: dish qty may be unreliable
Forum,Garlic Chutney Bucket,Kg,3.885,3.885,4.5,0.0,15.8,recipes match usage → stores likely making extra,but usage within 10% of CK issue: no sign of extra in-store making,recipe over-deducts: physical count found stock the recipe had already deducted (no store purchase),4.8,1.285,0.0,0.797,201.93,0.0,-0.195,mall bulk entries: dish qty may be unreliable
Forum,Idli Pc Raw (1 Pkt =40pc),Pc,508.0,553.0,520.0,8.9,2.4,recipes match usage → stores likely making extra,but usage within 10% of CK issue: no sign of extra in-store making,"recipe, usage and issue broadly consistent",580.0,34.0,3.0,0.0,0.0,0.0,-64.0,mall bulk entries: dish qty may be unreliable
Forum,Imli Water,Ltr,0.481,0.481,1.2,0.0,149.5,recipes match usage → stores likely making extra,but usage within 10% of CK issue: no sign of extra in-store making,"physical loss: more gone than recipe deducts (wastage, over-portioning or used as substitute)",1.5,0.344,0.2,-0.514,-11.25,0.0,0.302,mall bulk entries: dish qty may be unreliable
Forum,Jain Sambar Bucket,Ltr,5.8,5.8,38.0,0.0,555.2,recipes match usage → stores likely making extra,but usage within 10% of CK issue: no sign of extra in-store making,"physical loss: more gone than recipe deducts (wastage, over-portioning or used as substitute)",40.0,,2.0,-31.6,-782.89,0.0,1.4,mall bulk entries: dish qty may be unreliable
Forum,Karam Podi Powder Bucket,Kg,0.24,0.24,0.5,0.0,108.3,recipes match usage → stores likely making extra,but usage within 10% of CK issue: no sign of extra in-store making,"recipe, usage and issue broadly consistent",0.5,,1.023,-0.001,-0.19,0.0,0.983,mall bulk entries: dish qty may be unreliable
Forum,Kesari Halwa Mix  (1pkt = 550gm),Kg,1.587,1.587,3.3,0.0,107.9,recipes match usage → stores likely making extra,but usage within 10% of CK issue: no sign of extra in-store making,"physical loss: more gone than recipe deducts (wastage, over-portioning or used as substitute)",3.3,1.668,0.25,-0.243,-16.94,0.0,0.231,mall bulk entries: dish qty may be unreliable
Forum,Korma Gravy Mix (1pkt=700gm),Kg,4.68,4.68,4.9,0.0,4.7,recipes match usage → stores likely making extra,but usage within 10% of CK issue: no sign of extra in-store making,recipe over-deducts: physical count found stock the recipe had already deducted (no store purchase),5.6,1.56,0.7,1.33,201.63,0.0,-0.2,mall bulk entries: dish qty may be unreliable
Forum,Malabar Paratha  (1pkt= 6Pcs),Pc,52.0,52.0,,0.0,,recipes match usage → stores likely making extra,nothing issued by CK,recipe over-deducts: physical count found stock the recipe had already deducted (no store purchase),,,0.0,48.0,377.14,0.0,-10.0,mall bulk entries: dish qty may be unreliable
Forum,Malabar Paratha Dough,Pc,,,66.0,,,insufficient data,no theoretical (no recipe line / no matched dish),insufficient data,76.0,16.0,0.0,-54.0,-471.0,0.0,8.0,
Forum,Malkapodi Bucket,Kg,0.6,0.6,0.5,0.0,-16.7,recipes match usage → stores likely making extra,,recipe over-deducts: physical count found stock the recipe had already deducted (no store purchase),0.5,,0.837,0.233,40.11,0.0,0.787,mall bulk entries: dish qty may be unreliable
Forum,Medu Vada Batter,Kg,0.12,0.12,,0.0,,recipes match usage → stores likely making extra,nothing issued by CK,recipe over-deducts: physical count found stock the recipe had already deducted (no store purchase),,,0.0,0.12,7.67,0.0,0.0,mall bulk entries: dish qty may be unreliable
Forum,Medu Vada Batter Mix,Kg,11.169,11.169,,0.0,,recipes match usage → stores likely making extra,nothing issued by CK,recipe over-deducts: physical count found stock the recipe had already deducted (no store purchase),,,0.0,10.543,793.23,0.0,-1.623,mall bulk entries: dish qty may be unreliable
Forum,Medu Vada Batter Powder Mix (1 Pkt = 23gm),Kg,0.002,0.002,0.253,0.0,12550.0,recipes match usage → stores likely making extra,but usage within 10% of CK issue: no sign of extra in-store making,"physical loss: more gone than recipe deducts (wastage, over-portioning or used as substitute)",0.299,,0.046,-0.251,-66.73,0.0,0.069,mall bulk entries: dish qty may be unreliable
Forum,Mysore Chutney Bucket,Kg,2.58,2.58,3.6,0.0,39.5,recipes match usage → stores likely making extra,but usage within 10% of CK issue: no sign of extra in-store making,recipe over-deducts: physical count found stock the recipe had already deducted (no store purchase),3.6,1.832,0.3,1.264,214.91,0.0,-0.219,mall bulk entries: dish qty may be unreliable
Forum,Potato Masala Mix (1Pkt = 90Gm),Pkt,26.902,23.833,21.0,-11.4,-21.9,insufficient data,usage below recipe by >10%,usage above issue with no physical-count correction: unresolved,23.0,,2.0,1.833,19.92,0.0,1.0,100% via outlet sub-recipe; mall bulk entries: dish qty may be unreliable
Forum,Rava Powder Mix,Kg,3.2,3.2,4.0,0.0,25.0,recipes match usage → stores likely making extra,but usage within 10% of CK issue: no sign of extra in-store making,"physical loss: more gone than recipe deducts (wastage, over-portioning or used as substitute)",4.0,0.45,0.7,-0.4,-38.68,0.0,1.2,mall bulk entries: dish qty may be unreliable
Forum,Raw Mango Chutney Bucket,Kg,0.48,0.48,,0.0,,recipes match usage → stores likely making extra,nothing issued by CK,recipe over-deducts: physical count found stock the recipe had already deducted (no store purchase),,3.112,0.0,3.435,569.22,0.0,-0.799,mall bulk entries: dish qty may be unreliable
Forum,Raw mango Powder Mix (1 Pkt = 13gm),Kg,0.033,0.032,0.182,-3.0,451.5,recipes match usage → stores likely making extra,but usage within 10% of CK issue: no sign of extra in-store making,"physical loss: more gone than recipe deducts (wastage, over-portioning or used as substitute)",0.208,,0.013,-0.131,-38.35,0.0,0.039,mall bulk entries: dish qty may be unreliable
Forum,Sambar Bucket,Ltr,301.0,301.8,214.0,0.3,-28.9,recipes match usage → stores likely making extra,,recipe over-deducts: physical count found stock the recipe had already deducted (no store purchase),220.0,,10.0,91.0,2411.42,0.0,-23.2,mall bulk entries: dish qty may be unreliable
Forum,Special Daal Bucket,Kg,4.422,4.434,5.0,0.3,13.1,recipes match usage → stores likely making extra,but usage within 10% of CK issue: no sign of extra in-store making,recipe over-deducts: physical count found stock the recipe had already deducted (no store purchase),5.0,,1.0,1.138,174.25,0.0,0.314,mall bulk entries: dish qty may be unreliable
Forum,Special White Coconut Chutney Bucket,Kg,0.6,0.6,,0.0,,recipes match usage → stores likely making extra,nothing issued by CK,recipe over-deducts: physical count found stock the recipe had already deducted (no store purchase),,,0.0,0.6,0.0,0.0,0.0,mall bulk entries: dish qty may be unreliable
Forum,Spicy Coconut Chutney Mix 1Pkt (16gm),Kg,0.386,0.386,,0.0,,recipes match usage → stores likely making extra,nothing issued by CK,recipe over-deducts: physical count found stock the recipe had already deducted (no store purchase),,,0.0,0.323,54.46,0.0,-0.066,mall bulk entries: dish qty may be unreliable
Forum,Srivilli Kheer (1 Pc),Pc,23.0,23.0,20.0,0.0,-13.0,recipes match usage → stores likely making extra,,usage above issue with no physical-count correction: unresolved,24.0,4.0,2.0,-1.0,-26.39,0.0,-3.0,mall bulk entries: dish qty may be unreliable
Forum,Thatte Idli Batter,Kg,,,8.0,,,insufficient data,no theoretical (no recipe line / no matched dish),insufficient data,8.0,0.1,0.7,-6.9,-179.56,0.0,1.7,
Forum,Thatte Idli Pc Raw,Pc,36.0,36.0,,0.0,,recipes match usage → stores likely making extra,nothing issued by CK,recipe over-deducts: physical count found stock the recipe had already deducted (no store purchase),,,0.0,31.0,159.11,0.0,-5.0,mall bulk entries: dish qty may be unreliable
Forum,Thindi Malkapodi Powder Bucket,Kg,2.36,2.36,1.0,0.0,-57.6,recipes match usage → stores likely making extra,,recipe over-deducts: physical count found stock the recipe had already deducted (no store purchase),1.0,,0.722,1.377,268.01,0.0,-0.093,mall bulk entries: dish qty may be unreliable
Forum,Tomato Onion Chutney Bucket,Kg,,,,,,insufficient data,no theoretical (no recipe line / no matched dish),insufficient data,,3.873,0.0,3.503,451.09,0.0,-1.0,
Forum,Tomato Onion Powder Mix (1 Pkt = 24gm),Kg,0.08,0.08,0.288,0.0,260.0,recipes match usage → stores likely making extra,but usage within 10% of CK issue: no sign of extra in-store making,"physical loss: more gone than recipe deducts (wastage, over-portioning or used as substitute)",0.312,,0.024,-0.208,-108.31,0.0,0.043,mall bulk entries: dish qty may be unreliable
Forum,Upma Mix (1pkt = 300gm),Kg,1.38,1.38,1.8,0.0,30.4,recipes match usage → stores likely making extra,but usage within 10% of CK issue: no sign of extra in-store making,recipe over-deducts: physical count found stock the recipe had already deducted (no store purchase),2.1,1.31,0.15,0.55,47.53,0.0,-0.1,mall bulk entries: dish qty may be unreliable
Gurgaon DLF,Benne Dosa Batter (Pack Size -3 Kg ),Kg,103.5,103.5,10.0,0.0,-90.3,recipes match usage → stores likely making extra,,recipe over-deducts: physical count found stock the recipe had already deducted (no store purchase),,,0.0,88.8,2702.01,0.0,-19.425,Delhi dishes carry 3 chutneys by design
Gurgaon DLF,Boiled & Mashed Potato (1Pkt = 3Kg),Kg,163.8,123.433,156.0,-24.6,-4.8,insufficient data,usage below recipe by >10%,"recipe, usage and issue broadly consistent",156.0,,6.0,-4.167,-138.91,0.0,46.3,80% via outlet sub-recipe; Delhi dishes carry 3 chutneys by design
Gurgaon DLF,Boondi,Kg,0.555,0.555,0.5,0.0,-9.9,recipes match usage → stores likely making extra,,recipe over-deducts: physical count found stock the recipe had already deducted (no store purchase),0.5,,0.5,0.735,43.69,0.0,0.895,Delhi dishes carry 3 chutneys by design
Gurgaon DLF,Chaat Masala Bucket,Kg,0.23,0.23,,0.0,,recipes match usage → stores likely making extra,nothing issued by CK,recipe over-deducts: physical count found stock the recipe had already deducted (no store purchase),,,0.2,0.083,25.55,0.0,0.12,Delhi dishes carry 3 chutneys by design
Gurgaon DLF,Coconut Shredded,Kg,155.74,188.017,49.0,20.7,-68.5,usage above recipe → recipe over-deducts or wastage,,recipe over-deducts: physical count found stock the recipe had already deducted (no store purchase),49.0,,3.0,132.396,32854.06,0.0,-21.384,Delhi dishes carry 3 chutneys by design
Gurgaon DLF,Dahi Bucket Mix (1pkt =105gm),gm,1335.0,1335.0,840.0,0.0,-37.1,recipes match usage → stores likely making extra,,usage above issue with no physical-count correction: unresolved,840.0,,0.0,-45.0,-3.04,0.0,90.0,Delhi dishes carry 3 chutneys by design
Gurgaon DLF,Dosa Batter Mix,Kg,218.595,218.595,205.0,0.0,-6.2,recipes match usage → stores likely making extra,but usage within 10% of CK issue: no sign of extra in-store making,"recipe, usage and issue broadly consistent",205.0,4.0,30.0,10.96,332.23,0.0,36.120000000000005,Delhi dishes carry 3 chutneys by design
Gurgaon DLF,Frozen Medu Vada (10pc),Pc,610.0,618.0,,1.3,,recipes match usage → stores likely making extra,nothing issued by CK,recipe over-deducts: physical count found stock the recipe had already deducted (no store purchase),,,60.0,620.0,3011.17,0.0,-64.0,Delhi dishes carry 3 chutneys by design
Gurgaon DLF,Garam Masala Powder Bucket,Kg,0.032,0.032,,0.0,,recipes match usage → stores likely making extra,nothing issued by CK,"physical loss: more gone than recipe deducts (wastage, over-portioning or used as substitute)",,,0.05,-0.021,-29.33,0.0,0.042,Delhi dishes carry 3 chutneys by design
Gurgaon DLF,Garlic Chutney Bucket,Kg,13.0,13.0,12.0,0.0,-7.7,recipes match usage → stores likely making extra,but usage within 10% of CK issue: no sign of extra in-store making,"recipe, usage and issue broadly consistent",12.0,0.1,1.0,0.96,244.1,0.0,1.15,Delhi dishes carry 3 chutneys by design
Gurgaon DLF,Idli Pc Raw (1 Pkt =40pc),Pc,1359.0,1359.0,1440.0,0.0,6.0,recipes match usage → stores likely making extra,but usage within 10% of CK issue: no sign of extra in-store making,"recipe, usage and issue broadly consistent",1440.0,85.0,170.0,-25.0,-48.31,0.0,181.0,Delhi dishes carry 3 chutneys by design
Gurgaon DLF,Imli Water,Ltr,10.267,10.279,11.0,0.1,7.1,recipes match usage → stores likely making extra,but usage within 10% of CK issue: no sign of extra in-store making,"recipe, usage and issue broadly consistent",11.0,,1.0,-0.393,-11.01,0.0,2.508,Delhi dishes carry 3 chutneys by design
Gurgaon DLF,Jain Potato Masala Bucket,Kg,,,11.0,,,insufficient data,no theoretical (no recipe line / no matched dish),insufficient data,11.0,,2.0,-9.5,-522.53,0.0,4.5,
Gurgaon DLF,Jain Sambar - Delhi,Ltr,88.8,88.8,68.0,0.0,-23.4,recipes match usage → stores likely making extra,,usage above issue with no physical-count correction: unresolved,68.0,,9.0,2.6,83.13,0.0,-15.0,Delhi dishes carry 3 chutneys by design
Gurgaon DLF,Kesari Halwa Mix  (1pkt = 550gm),Kg,2.622,2.622,3.825,0.0,45.9,recipes match usage → stores likely making extra,but usage within 10% of CK issue: no sign of extra in-store making,"physical loss: more gone than recipe deducts (wastage, over-portioning or used as substitute)",3.825,,0.55,-1.079,-77.51,0.0,0.203,Delhi dishes carry 3 chutneys by design
Gurgaon DLF,Korma Gravy Mix (1pkt=700gm),Kg,21.24,21.24,23.1,0.0,8.8,recipes match usage → stores likely making extra,but usage within 10% of CK issue: no sign of extra in-store making,"recipe, usage and issue broadly consistent",23.1,,2.1,-1.94,-299.94,0.0,2.48,Delhi dishes carry 3 chutneys by design
Gurgaon DLF,Lemon Rice Bucket,Kg,3.0,3.0,6.5,0.0,116.7,recipes match usage → stores likely making extra,but usage within 10% of CK issue: no sign of extra in-store making,"physical loss: more gone than recipe deducts (wastage, over-portioning or used as substitute)",6.5,1.0,1.25,-0.75,-57.42,0.0,3.05,Delhi dishes carry 3 chutneys by design
Gurgaon DLF,Malabar Paratha  (1pkt= 6Pcs),Pc,236.0,236.0,,0.0,,recipes match usage → stores likely making extra,nothing issued by CK,recipe over-deducts: physical count found stock the recipe had already deducted (no store purchase),,,22.0,236.0,1866.49,0.0,-36.0,Delhi dishes carry 3 chutneys by design
Gurgaon DLF,Malabar Paratha Dough,Pc,,,266.0,,,insufficient data,no theoretical (no recipe line / no matched dish),insufficient data,266.0,,0.0,-254.0,-1891.26,0.0,74.0,
Gurgaon DLF,Malkapodi Bucket,Kg,0.84,0.84,,0.0,,recipes match usage → stores likely making extra,nothing issued by CK,"physical loss: more gone than recipe deducts (wastage, over-portioning or used as substitute)",,,0.5,-0.09,-15.39,0.0,0.3,Delhi dishes carry 3 chutneys by design
Gurgaon DLF,Medu Vada Batter,Kg,,,40.0,,,insufficient data,no theoretical (no recipe line / no matched dish),insufficient data,40.0,0.5,0.0,-35.5,-2255.07,0.0,14.0,
Gurgaon DLF,Medu Vada Batter Mix,Kg,,,4.0,,,insufficient data,no theoretical (no recipe line / no matched dish),insufficient data,4.0,,0.0,-4.0,-290.12,0.0,0.0,
Gurgaon DLF,Medu Vada Batter Powder Mix (1 Pkt = 23gm),Kg,,,0.966,,,insufficient data,no theoretical (no recipe line / no matched dish),insufficient data,0.966,,0.046,-0.874,-199.28,0.0,0.414,
Gurgaon DLF,Mysore Chutney Bucket,Kg,10.85,10.85,10.0,0.0,-7.8,recipes match usage → stores likely making extra,but usage within 10% of CK issue: no sign of extra in-store making,recipe over-deducts: physical count found stock the recipe had already deducted (no store purchase),10.0,0.1,1.0,3.34,613.73,0.0,1.84,Delhi dishes carry 3 chutneys by design
Gurgaon DLF,New Bangalore Benne Batter (Pack Size -4 Kg ),Kg,,,118.6,,,insufficient data,no theoretical (no recipe line / no matched dish),insufficient data,118.6,,12.0,-111.0,-3617.35,0.0,38.6,
Gurgaon DLF,Potato Masala Bucket,Kg,11.7,11.7,,0.0,,recipes match usage → stores likely making extra,nothing issued by CK,recipe over-deducts: physical count found stock the recipe had already deducted (no store purchase),,,10.0,21.2,897.59,0.0,8.0,Delhi dishes carry 3 chutneys by design
Gurgaon DLF,Potato Masala Mix (1Pkt = 90Gm),Pkt,54.493,41.037,47.0,-24.7,-13.8,insufficient data,usage below recipe by >10%,"recipe, usage and issue broadly consistent",47.0,,7.0,3.513,36.85,0.0,14.459,81% via outlet sub-recipe; Delhi dishes carry 3 chutneys by design
Gurgaon DLF,Rasam Bucket,Ltr,1.4,1.4,,0.0,,recipes match usage → stores likely making extra,nothing issued by CK,recipe over-deducts: physical count found stock the recipe had already deducted (no store purchase),,,2.0,1.9,69.74,0.0,1.3,Delhi dishes carry 3 chutneys by design
Gurgaon DLF,Rasam Chhoke Pre-Mix (2 Mix -6gm + 42gm)= 48gm,Kg,,,0.096,,,insufficient data,no theoretical (no recipe line / no matched dish),insufficient data,0.096,,0.0,-0.048,-12.13,0.0,0.048,
Gurgaon DLF,Rasam Mix (1Pkt =15 gm),Kg,,,0.03,,,insufficient data,no theoretical (no recipe line / no matched dish),insufficient data,0.03,,0.0,-0.015,-4.52,0.0,0.015,
Gurgaon DLF,Raw Mango Chutney Bucket,Kg,5.07,5.07,,0.0,,recipes match usage → stores likely making extra,nothing issued by CK,recipe over-deducts: physical count found stock the recipe had already deducted (no store purchase),,,1.0,5.77,1305.64,0.0,-0.03,Delhi dishes carry 3 chutneys by design
Gurgaon DLF,Raw Mango Pickle Bucket,Kg,0.525,0.525,0.75,0.0,42.9,recipes match usage → stores likely making extra,but usage within 10% of CK issue: no sign of extra in-store making,"physical loss: more gone than recipe deducts (wastage, over-portioning or used as substitute)",0.75,,0.6,-0.415,-95.92,0.0,0.46,Delhi dishes carry 3 chutneys by design
Gurgaon DLF,Raw mango Powder Mix (1 Pkt = 13gm),Kg,,,0.091,,,insufficient data,no theoretical (no recipe line / no matched dish),insufficient data,0.091,,0.026,-0.104,-34.21,0.0,0.026,
Gurgaon DLF,Sambar Bucket - Delhi,Ltr,706.25,706.25,545.0,0.0,-22.8,recipes match usage → stores likely making extra,,recipe over-deducts: physical count found stock the recipe had already deducted (no store purchase),545.0,,36.0,114.85,3838.28,0.0,-7.899999999999999,Delhi dishes carry 3 chutneys by design
Gurgaon DLF,Special Daal Bucket,Kg,5.392,5.396,1.0,0.1,-81.5,recipes match usage → stores likely making extra,,recipe over-deducts: physical count found stock the recipe had already deducted (no store purchase),1.0,,0.4,5.229,771.48,0.0,0.036,Delhi dishes carry 3 chutneys by design
Gurgaon DLF,Spicy Coconut Chutney Mix 1Pkt (16gm),Kg,7.096,7.104,,0.1,,recipes match usage → stores likely making extra,nothing issued by CK,recipe over-deducts: physical count found stock the recipe had already deducted (no store purchase),,,0.0,6.713,0.0,0.0,-1.677,Delhi dishes carry 3 chutneys by design
Gurgaon DLF,Srivilli Kheer (1 Pc),Pc,8.0,8.0,12.0,0.0,50.0,recipes match usage → stores likely making extra,but usage within 10% of CK issue: no sign of extra in-store making,"recipe, usage and issue broadly consistent",12.0,,2.0,0.0,0.0,0.0,4.0,Delhi dishes carry 3 chutneys by design
Gurgaon DLF,Steam Rice Bucket,Kg,13.25,13.25,15.0,0.0,13.2,recipes match usage → stores likely making extra,but usage within 10% of CK issue: no sign of extra in-store making,"recipe, usage and issue broadly consistent",15.0,1.75,2.0,0.55,27.06,0.0,5.05,Delhi dishes carry 3 chutneys by design
Gurgaon DLF,Thatte Idli Pc Raw,Pc,170.0,170.0,186.0,0.0,9.4,recipes match usage → stores likely making extra,but usage within 10% of CK issue: no sign of extra in-store making,"recipe, usage and issue broadly consistent",186.0,9.0,15.0,-3.0,-14.92,0.0,14.0,Delhi dishes carry 3 chutneys by design
Gurgaon DLF,Thindi Malkapodi Powder Bucket,Kg,3.06,3.06,1.5,0.0,-51.0,recipes match usage → stores likely making extra,,recipe over-deducts: physical count found stock the recipe had already deducted (no store purchase),1.5,,0.7,1.435,286.9,0.0,-0.065,Delhi dishes carry 3 chutneys by design
Gurgaon DLF,Tomato Onion Chutney Bucket,Kg,159.26,159.46,,0.1,,recipes match usage → stores likely making extra,nothing issued by CK,recipe over-deducts: physical count found stock the recipe had already deducted (no store purchase),,,5.0,138.35,18569.72,0.0,-36.53,Delhi dishes carry 3 chutneys by design
Gurgaon DLF,Tomato Onion Powder Mix (1 Pkt = 24gm),Kg,0.555,0.555,4.32,0.0,678.4,recipes match usage → stores likely making extra,but usage within 10% of CK issue: no sign of extra in-store making,"physical loss: more gone than recipe deducts (wastage, over-portioning or used as substitute)",4.32,,0.776,-3.763,-1954.42,0.0,1.556,Delhi dishes carry 3 chutneys by design
Gurgaon DLF,Upma Mix (1pkt = 300gm),Kg,0.66,0.66,0.9,0.0,36.4,recipes match usage → stores likely making extra,but usage within 10% of CK issue: no sign of extra in-store making,"physical loss: more gone than recipe deducts (wastage, over-portioning or used as substitute)",0.9,,0.4,-0.68,-56.92,0.0,0.22,Delhi dishes carry 3 chutneys by design
Gurgaon Sec 10,Benne Dosa Batter (Pack Size -3 Kg ),Kg,25.0,25.0,37.3,0.0,49.2,recipes match usage → stores likely making extra,but usage within 10% of CK issue: no sign of extra in-store making,"recipe, usage and issue broadly consistent",35.3,3.3,,,,,-3.425,Delhi dishes carry 3 chutneys by design
Gurgaon Sec 10,Boiled & Mashed Potato (1Pkt = 3Kg),Kg,47.267,71.533,78.0,51.3,65.0,usage above recipe → recipe over-deducts or wastage,,"recipe, usage and issue broadly consistent",69.0,,,,,,-9.233,89% via outlet sub-recipe; Delhi dishes carry 3 chutneys by design
Gurgaon Sec 10,Boondi,Kg,0.21,0.21,0.25,0.0,19.0,recipes match usage → stores likely making extra,but usage within 10% of CK issue: no sign of extra in-store making,"recipe, usage and issue broadly consistent",0.25,,,,,,0.185,Delhi dishes carry 3 chutneys by design
Gurgaon Sec 10,Chaat Masala Bucket,Kg,0.154,0.154,0.2,0.0,29.9,recipes match usage → stores likely making extra,but usage within 10% of CK issue: no sign of extra in-store making,"recipe, usage and issue broadly consistent",0.3,,,,,,0.111,Delhi dishes carry 3 chutneys by design
Gurgaon Sec 10,Coconut Shredded,Kg,52.849,79.641,25.5,50.7,-51.7,usage above recipe → recipe over-deducts or wastage,,usage above issue with no physical-count correction: unresolved,20.5,,,,,,-13.583,1% via outlet sub-recipe; Delhi dishes carry 3 chutneys by design
Gurgaon Sec 10,Dahi Bucket Mix (1pkt =105gm),gm,510.0,510.0,630.0,0.0,23.5,recipes match usage → stores likely making extra,but usage within 10% of CK issue: no sign of extra in-store making,"recipe, usage and issue broadly consistent",210.21,,,,,,-15.0,Delhi dishes carry 3 chutneys by design
Gurgaon Sec 10,Dosa Batter Mix,Kg,96.555,96.555,133.0,0.0,37.7,recipes match usage → stores likely making extra,but usage within 10% of CK issue: no sign of extra in-store making,"recipe, usage and issue broadly consistent",118.0,9.5,,,,,6.92,Delhi dishes carry 3 chutneys by design
Gurgaon Sec 10,Frozen Medu Vada (10pc),Pc,166.0,166.0,,0.0,,recipes match usage → stores likely making extra,nothing issued by CK,"recipe, usage and issue broadly consistent",,,,,,,-27.0,Delhi dishes carry 3 chutneys by design
Gurgaon Sec 10,Garam Masala Powder Bucket,Kg,0.007,0.007,,0.0,,recipes match usage → stores likely making extra,nothing issued by CK,"recipe, usage and issue broadly consistent",,,,,,,0.018,Delhi dishes carry 3 chutneys by design
Gurgaon Sec 10,Garlic Chutney Bucket,Kg,3.44,3.44,5.0,0.0,45.3,recipes match usage → stores likely making extra,but usage within 10% of CK issue: no sign of extra in-store making,"recipe, usage and issue broadly consistent",4.0,0.2,,,,,-0.62,Delhi dishes carry 3 chutneys by design
Gurgaon Sec 10,Idli Pc Raw (1 Pkt =40pc),Pc,430.0,430.0,510.0,0.0,18.6,recipes match usage → stores likely making extra,but usage within 10% of CK issue: no sign of extra in-store making,"recipe, usage and issue broadly consistent",500.0,58.0,,,,,-5.0,Delhi dishes carry 3 chutneys by design
Gurgaon Sec 10,Imli Water,Ltr,3.428,3.428,4.0,0.0,16.7,recipes match usage → stores likely making extra,but usage within 10% of CK issue: no sign of extra in-store making,"recipe, usage and issue broadly consistent",4.0,,,,,,0.611,Delhi dishes carry 3 chutneys by design
Gurgaon Sec 10,Jain Sambar - Delhi,Ltr,4.0,4.0,4.0,0.0,0.0,recipes match usage → stores likely making extra,but usage within 10% of CK issue: no sign of extra in-store making,"recipe, usage and issue broadly consistent",4.0,0.2,,,,,0.4,Delhi dishes carry 3 chutneys by design
Gurgaon Sec 10,Karam Podi Powder Bucket,Kg,0.4,0.4,0.5,0.0,25.0,recipes match usage → stores likely making extra,but usage within 10% of CK issue: no sign of extra in-store making,"recipe, usage and issue broadly consistent",0.5,,,,,,0.324,Delhi dishes carry 3 chutneys by design
Gurgaon Sec 10,Kesari Halwa Mix  (1pkt = 550gm),Kg,0.69,0.69,0.55,0.0,-20.3,recipes match usage → stores likely making extra,,usage above issue with no physical-count correction: unresolved,,,,,,,0.162,Delhi dishes carry 3 chutneys by design
Gurgaon Sec 10,Korma Gravy Mix (1pkt=700gm),Kg,3.96,3.96,7.7,0.0,94.4,recipes match usage → stores likely making extra,but usage within 10% of CK issue: no sign of extra in-store making,"recipe, usage and issue broadly consistent",8.4,0.45,,,,,0.16,Delhi dishes carry 3 chutneys by design
Gurgaon Sec 10,Lemon Rice Bucket,Kg,2.6,2.6,3.5,0.0,34.6,recipes match usage → stores likely making extra,but usage within 10% of CK issue: no sign of extra in-store making,"recipe, usage and issue broadly consistent",2.5,0.2,,,,,-0.6,Delhi dishes carry 3 chutneys by design
Gurgaon Sec 10,Malabar Paratha  (1pkt= 6Pcs),Pc,44.0,44.0,6.0,0.0,-86.4,recipes match usage → stores likely making extra,,usage above issue with no physical-count correction: unresolved,,,,,,,-6.0,Delhi dishes carry 3 chutneys by design
Gurgaon Sec 10,Malabar Paratha Dough,Pc,,,50.0,,,insufficient data,no theoretical (no recipe line / no matched dish),insufficient data,62.0,13.2,,,,,4.0,
Gurgaon Sec 10,Malkapodi Bucket,Kg,1.53,1.53,1.0,0.0,-34.6,recipes match usage → stores likely making extra,,usage above issue with no physical-count correction: unresolved,1.0,,,,,,0.35,Delhi dishes carry 3 chutneys by design
Gurgaon Sec 10,Medu Vada Batter Mix,Kg,0.66,0.66,18.0,0.0,2627.3,recipes match usage → stores likely making extra,but usage within 10% of CK issue: no sign of extra in-store making,"recipe, usage and issue broadly consistent",17.0,1.35,,,,,1.24,Delhi dishes carry 3 chutneys by design
Gurgaon Sec 10,Medu Vada Batter Powder Mix (1 Pkt = 23gm),Kg,,,0.046,,,insufficient data,no theoretical (no recipe line / no matched dish),insufficient data,0.046,,,,,,0.046,
Gurgaon Sec 10,Mysore Chutney Bucket,Kg,3.0,3.0,3.5,0.0,16.7,recipes match usage → stores likely making extra,but usage within 10% of CK issue: no sign of extra in-store making,"recipe, usage and issue broadly consistent",4.0,,,,,,0.14,Delhi dishes carry 3 chutneys by design
Gurgaon Sec 10,Potato Masala Bucket,Kg,2.2,2.2,,0.0,,recipes match usage → stores likely making extra,nothing issued by CK,"recipe, usage and issue broadly consistent",,,,,,,-0.2,Delhi dishes carry 3 chutneys by design
Gurgaon Sec 10,Potato Masala Mix (1Pkt = 90Gm),Pkt,15.738,23.827,20.0,51.4,27.1,usage above recipe → recipe over-deducts or wastage,,usage above issue with no physical-count correction: unresolved,14.0,,,,,,-0.741,89% via outlet sub-recipe; Delhi dishes carry 3 chutneys by design
Gurgaon Sec 10,Rasam Bucket,Ltr,1.8,1.8,,0.0,,recipes match usage → stores likely making extra,nothing issued by CK,"recipe, usage and issue broadly consistent",,,,,,,-0.2,Delhi dishes carry 3 chutneys by design
Gurgaon Sec 10,Rasam Chhoke Pre-Mix (2 Mix -6gm + 42gm)= 48gm,Kg,,,0.096,,,insufficient data,no theoretical (no recipe line / no matched dish),insufficient data,0.144,,,,,,0.048,
Gurgaon Sec 10,Rasam Mix (1Pkt =15 gm),Kg,,,0.015,,,insufficient data,no theoretical (no recipe line / no matched dish),insufficient data,0.03,,,,,,0.015,
Gurgaon Sec 10,Rava Powder Mix,Kg,1.25,1.25,2.0,0.0,60.0,recipes match usage → stores likely making extra,but usage within 10% of CK issue: no sign of extra in-store making,"recipe, usage and issue broadly consistent",2.0,,,,,,0.95,Delhi dishes carry 3 chutneys by design
Gurgaon Sec 10,Raw Mango Chutney Bucket,Kg,1.46,1.46,,0.0,,recipes match usage → stores likely making extra,nothing issued by CK,"recipe, usage and issue broadly consistent",,,,,,,-0.23,Delhi dishes carry 3 chutneys by design
Gurgaon Sec 10,Raw Mango Pickle Bucket,Kg,0.105,0.105,0.25,0.0,138.1,recipes match usage → stores likely making extra,but usage within 10% of CK issue: no sign of extra in-store making,"recipe, usage and issue broadly consistent",0.25,,,,,,0.09,Delhi dishes carry 3 chutneys by design
Gurgaon Sec 10,Raw mango Powder Mix (1 Pkt = 13gm),Kg,,,0.039,,,insufficient data,no theoretical (no recipe line / no matched dish),insufficient data,0.039,,,,,,0.013,
Gurgaon Sec 10,Regular White Chutney Bucket,Kg,1.5,,,,,insufficient data,no store consumption recorded,insufficient data,,,,,,,,100% of qty from lines marked (Inactive) in recipe; Delhi dishes carry 3 chutneys by design
Gurgaon Sec 10,Sambar Bucket,Ltr,2.0,2.0,,0.0,,recipes match usage → stores likely making extra,nothing issued by CK,"recipe, usage and issue broadly consistent",,,,,,,-1.0,Delhi dishes carry 3 chutneys by design
Gurgaon Sec 10,Sambar Bucket - Delhi,Ltr,344.75,344.75,203.0,0.0,-41.1,recipes match usage → stores likely making extra,,usage above issue with no physical-count correction: unresolved,188.0,6.0,,,,,-45.4,Delhi dishes carry 3 chutneys by design
Gurgaon Sec 10,Special Daal Bucket,Kg,1.899,1.899,1.0,0.0,-47.3,recipes match usage → stores likely making extra,,usage above issue with no physical-count correction: unresolved,1.0,,,,,,0.235,Delhi dishes carry 3 chutneys by design
Gurgaon Sec 10,Special White Coconut Chutney Bucket,Kg,0.5,0.5,,0.0,,recipes match usage → stores likely making extra,nothing issued by CK,"recipe, usage and issue broadly consistent",,,,,,,0.0,Delhi dishes carry 3 chutneys by design
Gurgaon Sec 10,Spicy Coconut Chutney Mix 1Pkt (16gm),Kg,2.357,2.357,,0.0,,recipes match usage → stores likely making extra,nothing issued by CK,"recipe, usage and issue broadly consistent",,,,,,,-0.388,Delhi dishes carry 3 chutneys by design
Gurgaon Sec 10,Srivilli Kheer (1 Pc),Pc,13.0,13.0,22.0,0.0,69.2,recipes match usage → stores likely making extra,but usage within 10% of CK issue: no sign of extra in-store making,"recipe, usage and issue broadly consistent",18.0,10.0,,,,,-5.0,Delhi dishes carry 3 chutneys by design
Gurgaon Sec 10,Steam Rice Bucket,Kg,2.65,2.65,5.0,0.0,88.7,recipes match usage → stores likely making extra,but usage within 10% of CK issue: no sign of extra in-store making,"recipe, usage and issue broadly consistent",5.5,2.0,,,,,-0.6,Delhi dishes carry 3 chutneys by design
Gurgaon Sec 10,Sugar Syrup Bucket,Ltr,1.0,1.0,,0.0,,recipes match usage → stores likely making extra,nothing issued by CK,"recipe, usage and issue broadly consistent",,,,,,,-0.2,Delhi dishes carry 3 chutneys by design
Gurgaon Sec 10,Thatte Idli Pc Raw,Pc,53.0,53.0,48.0,0.0,-9.4,recipes match usage → stores likely making extra,,usage above issue with no physical-count correction: unresolved,54.0,33.0,,,,,-5.0,Delhi dishes carry 3 chutneys by design
Gurgaon Sec 10,Thindi Malkapodi Powder Bucket,Kg,1.215,1.215,0.5,0.0,-58.8,recipes match usage → stores likely making extra,,usage above issue with no physical-count correction: unresolved,0.5,,,,,,0.076,Delhi dishes carry 3 chutneys by design
Gurgaon Sec 10,Tomato Onion Chutney Bucket,Kg,54.34,54.34,,0.0,,recipes match usage → stores likely making extra,nothing issued by CK,"recipe, usage and issue broadly consistent",,,,,,,-9.57,Delhi dishes carry 3 chutneys by design
Gurgaon Sec 10,Tomato Onion Powder Mix (1 Pkt = 24gm),Kg,0.087,0.087,2.016,0.0,2217.2,recipes match usage → stores likely making extra,but usage within 10% of CK issue: no sign of extra in-store making,"recipe, usage and issue broadly consistent",1.632,,,,,,0.268,Delhi dishes carry 3 chutneys by design
Gurgaon Sec 10,Upma Mix (1pkt = 300gm),Kg,0.06,0.06,,0.0,,recipes match usage → stores likely making extra,nothing issued by CK,"recipe, usage and issue broadly consistent",,,,,,,0.454,Delhi dishes carry 3 chutneys by design
Gurgaon Sec-15,Benne Dosa Batter (Pack Size -3 Kg ),Kg,82.65,82.65,113.0,0.0,36.7,recipes match usage → stores likely making extra,but usage within 10% of CK issue: no sign of extra in-store making,"physical loss: more gone than recipe deducts (wastage, over-portioning or used as substitute)",113.0,7.1,6.0,-24.35,-741.77,0.0,-0.9,Delhi dishes carry 3 chutneys by design
Gurgaon Sec-15,Boiled & Mashed Potato (1Pkt = 3Kg),Kg,112.6,126.9,135.0,12.7,19.9,usage above recipe → recipe over-deducts or wastage,,"recipe, usage and issue broadly consistent",138.0,,15.0,-7.667,-256.39,0.0,4.533,89% via outlet sub-recipe; Delhi dishes carry 3 chutneys by design
Gurgaon Sec-15,Boondi,Kg,0.675,0.675,0.75,0.0,11.1,recipes match usage → stores likely making extra,but usage within 10% of CK issue: no sign of extra in-store making,recipe over-deducts: physical count found stock the recipe had already deducted (no store purchase),1.0,,0.42,0.15,8.92,0.0,0.58,Delhi dishes carry 3 chutneys by design
Gurgaon Sec-15,Chaat Masala Bucket,Kg,0.382,0.382,0.6,0.0,57.1,recipes match usage → stores likely making extra,but usage within 10% of CK issue: no sign of extra in-store making,"physical loss: more gone than recipe deducts (wastage, over-portioning or used as substitute)",0.7,,0.18,-0.049,-15.13,0.0,0.229,Delhi dishes carry 3 chutneys by design
Gurgaon Sec-15,Coconut Shredded,Kg,147.073,185.473,51.0,26.1,-65.3,usage above recipe → recipe over-deducts or wastage,,recipe over-deducts: physical count found stock the recipe had already deducted (no store purchase),51.0,,4.5,126.598,31251.85,0.0,-21.091,2% via outlet sub-recipe; Delhi dishes carry 3 chutneys by design
Gurgaon Sec-15,Dahi Bucket Mix (1pkt =105gm),gm,1500.0,1500.0,1575.0,0.0,5.0,recipes match usage → stores likely making extra,but usage within 10% of CK issue: no sign of extra in-store making,recipe over-deducts: physical count found stock the recipe had already deducted (no store purchase),2625.0,,1260.0,795.0,53.9,0.0,2115.0,Delhi dishes carry 3 chutneys by design
Gurgaon Sec-15,Dosa Batter Mix,Kg,236.78,236.78,321.0,0.0,35.6,recipes match usage → stores likely making extra,but usage within 10% of CK issue: no sign of extra in-store making,"physical loss: more gone than recipe deducts (wastage, over-portioning or used as substitute)",311.0,35.1,20.0,-37.73,-1143.63,0.0,0.33,Delhi dishes carry 3 chutneys by design
Gurgaon Sec-15,Frozen Medu Vada (10pc),Pc,629.0,629.0,145.0,0.0,-76.9,recipes match usage → stores likely making extra,,recipe over-deducts: physical count found stock the recipe had already deducted (no store purchase),131.0,,0.0,448.0,2180.57,0.0,-97.0,Delhi dishes carry 3 chutneys by design
Gurgaon Sec-15,Garam Masala Powder Bucket,Kg,0.021,0.021,0.1,0.0,376.2,recipes match usage → stores likely making extra,but usage within 10% of CK issue: no sign of extra in-store making,recipe over-deducts: physical count found stock the recipe had already deducted (no store purchase),,,0.01,0.017,23.33,0.0,0.005,Delhi dishes carry 3 chutneys by design
Gurgaon Sec-15,Garlic Chutney Bucket,Kg,9.49,9.49,10.0,0.0,5.4,recipes match usage → stores likely making extra,but usage within 10% of CK issue: no sign of extra in-store making,"recipe, usage and issue broadly consistent",9.5,0.55,1.2,-0.32,-81.7,0.0,-0.02,Delhi dishes carry 3 chutneys by design
Gurgaon Sec-15,Idli Pc Raw (1 Pkt =40pc),Pc,1274.0,1274.0,980.0,0.0,-23.1,recipes match usage → stores likely making extra,,usage above issue with no physical-count correction: unresolved,1060.0,4.0,155.0,90.0,173.48,0.0,-37.0,Delhi dishes carry 3 chutneys by design
Gurgaon Sec-15,Imli Water,Ltr,9.092,9.092,10.0,0.0,10.0,recipes match usage → stores likely making extra,but usage within 10% of CK issue: no sign of extra in-store making,"recipe, usage and issue broadly consistent",10.0,,0.8,0.329,9.33,0.0,0.446,Delhi dishes carry 3 chutneys by design
Gurgaon Sec-15,Jain Sambar - Delhi,Ltr,23.8,23.8,19.0,0.0,-20.2,recipes match usage → stores likely making extra,,recipe over-deducts: physical count found stock the recipe had already deducted (no store purchase),19.0,,2.0,5.5,177.24,0.0,-0.8,Delhi dishes carry 3 chutneys by design
Gurgaon Sec-15,Karam Podi Powder Bucket,Kg,1.48,1.48,2.0,0.0,35.1,recipes match usage → stores likely making extra,but usage within 10% of CK issue: no sign of extra in-store making,"physical loss: more gone than recipe deducts (wastage, over-portioning or used as substitute)",2.0,,0.89,-0.36,-69.0,0.0,1.07,Delhi dishes carry 3 chutneys by design
Gurgaon Sec-15,Kesari Halwa Mix  (1pkt = 550gm),Kg,4.071,4.071,6.05,0.0,48.6,recipes match usage → stores likely making extra,but usage within 10% of CK issue: no sign of extra in-store making,"physical loss: more gone than recipe deducts (wastage, over-portioning or used as substitute)",4.95,,0.55,-1.224,-86.09,0.0,-0.14,Delhi dishes carry 3 chutneys by design
Gurgaon Sec-15,Korma Gravy Mix (1pkt=700gm),Kg,15.3,15.3,20.3,0.0,32.7,recipes match usage → stores likely making extra,but usage within 10% of CK issue: no sign of extra in-store making,"recipe, usage and issue broadly consistent",19.6,4.75,1.3,0.51,78.79,0.0,0.0,Delhi dishes carry 3 chutneys by design
Gurgaon Sec-15,Lemon Rice Bucket,Kg,3.4,3.4,4.5,0.0,32.4,recipes match usage → stores likely making extra,but usage within 10% of CK issue: no sign of extra in-store making,"physical loss: more gone than recipe deducts (wastage, over-portioning or used as substitute)",4.0,,0.0,-0.8,-60.59,0.0,-0.8,Delhi dishes carry 3 chutneys by design
Gurgaon Sec-15,Malabar Paratha  (1pkt= 6Pcs),Pc,181.0,181.0,,0.0,,recipes match usage → stores likely making extra,nothing issued by CK,recipe over-deducts: physical count found stock the recipe had already deducted (no store purchase),,,0.0,181.0,1408.85,0.0,-26.0,Delhi dishes carry 3 chutneys by design
Gurgaon Sec-15,Malabar Paratha Dough,Pc,,,192.0,,,insufficient data,no theoretical (no recipe line / no matched dish),insufficient data,186.0,4.0,8.0,-180.0,-1343.36,0.0,20.0,
Gurgaon Sec-15,Malkapodi Bucket,Kg,2.995,2.995,2.0,0.0,-33.2,recipes match usage → stores likely making extra,,recipe over-deducts: physical count found stock the recipe had already deducted (no store purchase),2.0,,0.92,1.155,198.5,0.0,1.06,Delhi dishes carry 3 chutneys by design
Gurgaon Sec-15,Medu Vada Batter Mix,Kg,,,29.0,,,insufficient data,no theoretical (no recipe line / no matched dish),insufficient data,29.0,0.3,2.2,-28.0,-2027.98,0.0,4.2,
Gurgaon Sec-15,Medu Vada Batter Powder Mix (1 Pkt = 23gm),Kg,,,0.644,,,insufficient data,no theoretical (no recipe line / no matched dish),insufficient data,0.644,,0.092,-0.598,-137.15,0.0,0.138,
Gurgaon Sec-15,Mysore Chutney Bucket,Kg,10.05,10.05,10.0,0.0,-0.5,recipes match usage → stores likely making extra,but usage within 10% of CK issue: no sign of extra in-store making,"recipe, usage and issue broadly consistent",10.0,0.6,1.2,0.53,96.99,0.0,-0.0799999999999999,Delhi dishes carry 3 chutneys by design
Gurgaon Sec-15,Potato Masala Bucket,Kg,24.55,24.55,10.0,0.0,-59.3,recipes match usage → stores likely making extra,,recipe over-deducts: physical count found stock the recipe had already deducted (no store purchase),10.0,,0.0,8.0,328.13,0.0,-6.95,Delhi dishes carry 3 chutneys by design
Gurgaon Sec-15,Potato Masala Mix (1Pkt = 90Gm),Pkt,37.49,42.257,45.0,12.7,20.0,usage above recipe → recipe over-deducts or wastage,,"physical loss: more gone than recipe deducts (wastage, over-portioning or used as substitute)",35.0,,8.0,-4.929,-51.5,0.0,1.52,89% via outlet sub-recipe; Delhi dishes carry 3 chutneys by design
Gurgaon Sec-15,Rasam Bucket,Ltr,10.1,10.1,,0.0,,recipes match usage → stores likely making extra,nothing issued by CK,recipe over-deducts: physical count found stock the recipe had already deducted (no store purchase),,,0.0,10.0,365.05,0.0,-0.6000000000000001,Delhi dishes carry 3 chutneys by design
Gurgaon Sec-15,Rasam Chhoke Pre-Mix (2 Mix -6gm + 42gm)= 48gm,Kg,,,0.432,,,insufficient data,no theoretical (no recipe line / no matched dish),insufficient data,0.432,,0.048,-0.432,-109.68,0.0,0.048,
Gurgaon Sec-15,Rasam Mix (1Pkt =15 gm),Kg,,,0.135,,,insufficient data,no theoretical (no recipe line / no matched dish),insufficient data,0.135,,0.015,-0.135,-40.74,0.0,0.015,
Gurgaon Sec-15,Rava Powder Mix,Kg,4.1,4.1,6.0,0.0,46.3,recipes match usage → stores likely making extra,but usage within 10% of CK issue: no sign of extra in-store making,"physical loss: more gone than recipe deducts (wastage, over-portioning or used as substitute)",6.0,,1.5,-2.05,-192.64,0.0,0.75,Delhi dishes carry 3 chutneys by design
Gurgaon Sec-15,Raw Mango Chutney Bucket,Kg,7.29,7.29,,0.0,,recipes match usage → stores likely making extra,nothing issued by CK,recipe over-deducts: physical count found stock the recipe had already deducted (no store purchase),,,0.0,6.66,1504.32,0.0,-1.51,Delhi dishes carry 3 chutneys by design
Gurgaon Sec-15,Raw Mango Pickle Bucket,Kg,0.385,0.385,0.5,0.0,29.9,recipes match usage → stores likely making extra,but usage within 10% of CK issue: no sign of extra in-store making,"physical loss: more gone than recipe deducts (wastage, over-portioning or used as substitute)",0.75,,0.25,-0.08,-18.8,0.0,0.48,Delhi dishes carry 3 chutneys by design
Gurgaon Sec-15,Raw mango Powder Mix (1 Pkt = 13gm),Kg,,,0.13,,,insufficient data,no theoretical (no recipe line / no matched dish),insufficient data,0.104,,0.026,-0.078,-25.62,0.0,0.052,
Gurgaon Sec-15,Regular White Chutney Bucket,Kg,5.55,,,,,insufficient data,no store consumption recorded,insufficient data,,,,,,,,100% of qty from lines marked (Inactive) in recipe; Delhi dishes carry 3 chutneys by design
Gurgaon Sec-15,Sambar Bucket,Ltr,32.0,32.0,,0.0,,recipes match usage → stores likely making extra,nothing issued by CK,recipe over-deducts: physical count found stock the recipe had already deducted (no store purchase),,,0.0,23.0,701.24,0.0,-7.0,Delhi dishes carry 3 chutneys by design
Gurgaon Sec-15,Sambar Bucket - Delhi,Ltr,566.95,566.95,526.0,0.0,-7.2,recipes match usage → stores likely making extra,but usage within 10% of CK issue: no sign of extra in-store making,"recipe, usage and issue broadly consistent",546.0,,36.0,33.4,1125.21,0.0,-6.6,Delhi dishes carry 3 chutneys by design
Gurgaon Sec-15,Special Daal Bucket,Kg,4.974,4.974,3.0,0.0,-39.7,recipes match usage → stores likely making extra,,recipe over-deducts: physical count found stock the recipe had already deducted (no store purchase),2.0,,0.3,0.558,81.91,0.0,-0.479,Delhi dishes carry 3 chutneys by design
Gurgaon Sec-15,Special White Coconut Chutney Bucket,Kg,0.5,0.5,,0.0,,recipes match usage → stores likely making extra,nothing issued by CK,recipe over-deducts: physical count found stock the recipe had already deducted (no store purchase),,,0.0,0.5,42.99,0.0,4.0,Delhi dishes carry 3 chutneys by design
Gurgaon Sec-15,Spicy Coconut Chutney Mix 1Pkt (16gm),Kg,6.436,6.436,,0.0,,recipes match usage → stores likely making extra,nothing issued by CK,recipe over-deducts: physical count found stock the recipe had already deducted (no store purchase),,,0.0,6.198,1048.83,0.0,-0.938,Delhi dishes carry 3 chutneys by design
Gurgaon Sec-15,Srivilli Kheer (1 Pc),Pc,36.0,36.0,37.0,0.0,2.8,recipes match usage → stores likely making extra,but usage within 10% of CK issue: no sign of extra in-store making,"recipe, usage and issue broadly consistent",33.0,1.0,5.0,1.0,31.94,0.0,0.0,Delhi dishes carry 3 chutneys by design
Gurgaon Sec-15,Steam Rice Bucket,Kg,9.35,9.35,47.5,0.0,408.0,recipes match usage → stores likely making extra,but usage within 10% of CK issue: no sign of extra in-store making,"physical loss: more gone than recipe deducts (wastage, over-portioning or used as substitute)",46.0,,0.15,-37.35,-1809.37,0.0,-0.4,Delhi dishes carry 3 chutneys by design
Gurgaon Sec-15,Sugar Syrup Bucket,Ltr,3.8,3.8,,0.0,,recipes match usage → stores likely making extra,nothing issued by CK,recipe over-deducts: physical count found stock the recipe had already deducted (no store purchase),,,0.0,3.25,0.0,0.0,-1.0,Delhi dishes carry 3 chutneys by design
Gurgaon Sec-15,Thatte Idli Pc Raw,Pc,178.0,178.0,180.0,0.0,1.1,recipes match usage → stores likely making extra,but usage within 10% of CK issue: no sign of extra in-store making,"recipe, usage and issue broadly consistent",198.0,12.0,35.0,9.0,45.08,0.0,21.0,Delhi dishes carry 3 chutneys by design
Gurgaon Sec-15,Thindi Malkapodi Powder Bucket,Kg,3.17,3.17,2.0,0.0,-36.9,recipes match usage → stores likely making extra,,recipe over-deducts: physical count found stock the recipe had already deducted (no store purchase),2.5,,0.92,1.67,334.29,0.0,0.99,Delhi dishes carry 3 chutneys by design
Gurgaon Sec-15,Tomato Onion Chutney Bucket,Kg,148.55,148.55,,0.0,,recipes match usage → stores likely making extra,nothing issued by CK,recipe over-deducts: physical count found stock the recipe had already deducted (no store purchase),,,0.0,143.8,19301.23,0.0,-20.5,Delhi dishes carry 3 chutneys by design
Gurgaon Sec-15,Tomato Onion Powder Mix (1 Pkt = 24gm),Kg,0.384,0.384,4.416,0.0,1050.0,recipes match usage → stores likely making extra,but usage within 10% of CK issue: no sign of extra in-store making,"physical loss: more gone than recipe deducts (wastage, over-portioning or used as substitute)",5.376,,1.344,-3.87,-2011.99,0.0,2.223,Delhi dishes carry 3 chutneys by design
Gurgaon Sec-15,Upma Mix (1pkt = 300gm),Kg,1.44,1.44,1.8,0.0,25.0,recipes match usage → stores likely making extra,but usage within 10% of CK issue: no sign of extra in-store making,"physical loss: more gone than recipe deducts (wastage, over-portioning or used as substitute)",1.5,,0.56,-0.24,-20.07,0.0,0.8,Delhi dishes carry 3 chutneys by design
Ideal Plaza,Benne Dosa Batter (Pack Size -3 Kg ),Kg,166.4,166.4,182.725,0.0,9.8,recipes match usage → stores likely making extra,but usage within 10% of CK issue: no sign of extra in-store making,"recipe, usage and issue broadly consistent",182.725,17.3,1.3,0.725,23.82,0.0,9.975,base tab used; Ideal Plaza also has delivery/takeout/table tabs (no item x channel sales to apply them)
Ideal Plaza,Boiled & Mashed Potato (1Pkt = 3Kg),Kg,315.139,351.333,18.0,11.5,-94.3,usage above recipe → recipe over-deducts or wastage,,recipe over-deducts: physical count found stock the recipe had already deducted (no store purchase),18.0,,0.0,315.0,9743.33,0.0,-63.333,100% via outlet sub-recipe; base tab used; Ideal Plaza also has delivery/takeout/table tabs (no item x channel sales to apply them)
Ideal Plaza,Chaat Masala Bucket,Kg,0.931,0.931,0.7,0.0,-24.8,recipes match usage → stores likely making extra,,recipe over-deducts: physical count found stock the recipe had already deducted (no store purchase),0.7,,0.15,0.304,108.87,0.0,0.202,base tab used; Ideal Plaza also has delivery/takeout/table tabs (no item x channel sales to apply them)
Ideal Plaza,Coconut Shredded,Kg,318.304,318.29,,-0.0,,recipes match usage → stores likely making extra,nothing issued by CK,recipe over-deducts: physical count found stock the recipe had already deducted (no store purchase),,,7.0,299.506,42382.42,0.0,-47.462,base tab used; Ideal Plaza also has delivery/takeout/table tabs (no item x channel sales to apply them)
Ideal Plaza,Dadu`s Special Spicy Chutney,Kg,,,2.0,,,insufficient data,no theoretical (no recipe line / no matched dish),insufficient data,2.0,,0.0,-2.0,-104.73,0.0,0.0,
Ideal Plaza,Dahi Bucket Mix (1pkt =105gm),gm,6960.0,6960.0,5250.0,0.0,-24.6,recipes match usage → stores likely making extra,,recipe over-deducts: physical count found stock the recipe had already deducted (no store purchase),5250.0,,315.0,1730.0,109.5,0.0,240.0,base tab used; Ideal Plaza also has delivery/takeout/table tabs (no item x channel sales to apply them)
Ideal Plaza,Dosa Batter Mix,Kg,537.693,537.693,590.0,0.0,9.7,recipes match usage → stores likely making extra,but usage within 10% of CK issue: no sign of extra in-store making,"recipe, usage and issue broadly consistent",589.0,43.9,8.0,-21.226,-696.08,0.0,41.373000000000005,base tab used; Ideal Plaza also has delivery/takeout/table tabs (no item x channel sales to apply them)
Ideal Plaza,Filter Coffee Ice Cream (700gm= 1 Bucket),Kg,4.8,4.8,4.2,0.0,-12.5,recipes match usage → stores likely making extra,,usage above issue with no physical-count correction: unresolved,4.2,0.15,0.9,0.28,64.82,0.0,0.27,base tab used; Ideal Plaza also has delivery/takeout/table tabs (no item x channel sales to apply them)
Ideal Plaza,Garam Masala Powder Bucket,Kg,0.07,0.07,,0.0,,recipes match usage → stores likely making extra,nothing issued by CK,recipe over-deducts: physical count found stock the recipe had already deducted (no store purchase),,,0.12,0.037,46.9,0.0,0.104,base tab used; Ideal Plaza also has delivery/takeout/table tabs (no item x channel sales to apply them)
Ideal Plaza,Garlic Chutney Bucket,Kg,30.18,30.18,26.4,0.0,-12.5,recipes match usage → stores likely making extra,,recipe over-deducts: physical count found stock the recipe had already deducted (no store purchase),26.4,,0.4,3.935,996.93,0.0,0.5850000000000001,base tab used; Ideal Plaza also has delivery/takeout/table tabs (no item x channel sales to apply them)
Ideal Plaza,Idli Pc Raw (1 Pkt =40pc),Pc,3467.0,3909.0,4040.0,12.7,16.5,usage above recipe → recipe over-deducts or wastage,,"recipe, usage and issue broadly consistent",4000.0,110.0,197.0,-26.0,-52.5,0.0,503.0,base tab used; Ideal Plaza also has delivery/takeout/table tabs (no item x channel sales to apply them)
Ideal Plaza,Imli Water,Ltr,6.09,6.09,5.1,0.0,-16.3,recipes match usage → stores likely making extra,,recipe over-deducts: physical count found stock the recipe had already deducted (no store purchase),4.8,,0.1,1.285,32.74,0.0,0.046,base tab used; Ideal Plaza also has delivery/takeout/table tabs (no item x channel sales to apply them)
Ideal Plaza,Jain Sambar Bucket,Ltr,113.2,113.2,739.0,0.0,552.8,recipes match usage → stores likely making extra,but usage within 10% of CK issue: no sign of extra in-store making,"physical loss: more gone than recipe deducts (wastage, over-portioning or used as substitute)",739.0,,10.0,-597.8,-14751.06,0.0,145.0,base tab used; Ideal Plaza also has delivery/takeout/table tabs (no item x channel sales to apply them)
Ideal Plaza,Karam Podi Powder Bucket,Kg,1.04,1.04,1.0,0.0,-3.8,recipes match usage → stores likely making extra,but usage within 10% of CK issue: no sign of extra in-store making,"recipe, usage and issue broadly consistent",1.0,0.1,1.0,-0.06,-11.39,0.0,0.72,base tab used; Ideal Plaza also has delivery/takeout/table tabs (no item x channel sales to apply them)
Ideal Plaza,Kesari Halwa Mix  (1pkt = 550gm),Kg,11.385,11.385,13.2,0.0,15.9,recipes match usage → stores likely making extra,but usage within 10% of CK issue: no sign of extra in-store making,"recipe, usage and issue broadly consistent",13.2,1.2,1.6,-0.623,-43.11,0.0,0.844,base tab used; Ideal Plaza also has delivery/takeout/table tabs (no item x channel sales to apply them)
Ideal Plaza,Korma Gravy Mix (1pkt=700gm),Kg,19.728,19.728,18.8,0.0,-4.7,recipes match usage → stores likely making extra,but usage within 10% of CK issue: no sign of extra in-store making,recipe over-deducts: physical count found stock the recipe had already deducted (no store purchase),18.8,1.923,0.25,2.079,315.07,0.0,2.468,base tab used; Ideal Plaza also has delivery/takeout/table tabs (no item x channel sales to apply them)
Ideal Plaza,Lemon Rice Bucket,Kg,11.5,11.5,12.5,0.0,8.7,recipes match usage → stores likely making extra,but usage within 10% of CK issue: no sign of extra in-store making,"recipe, usage and issue broadly consistent",13.0,1.25,0.0,0.25,21.79,0.0,1.0,base tab used; Ideal Plaza also has delivery/takeout/table tabs (no item x channel sales to apply them)
Ideal Plaza,Malabar Paratha  (1pkt= 6Pcs),Pc,222.0,222.0,,0.0,,recipes match usage → stores likely making extra,nothing issued by CK,recipe over-deducts: physical count found stock the recipe had already deducted (no store purchase),,,0.0,222.0,1788.9,0.0,-34.0,base tab used; Ideal Plaza also has delivery/takeout/table tabs (no item x channel sales to apply them)
Ideal Plaza,Malabar Paratha Dough,Pc,,,246.0,,,insufficient data,no theoretical (no recipe line / no matched dish),insufficient data,246.0,16.0,8.0,-220.0,-1901.33,0.0,54.0,
Ideal Plaza,Malkapodi Bucket,Kg,8.74,8.74,5.5,0.0,-37.1,recipes match usage → stores likely making extra,,recipe over-deducts: physical count found stock the recipe had already deducted (no store purchase),5.5,,1.2,2.71,458.96,0.0,0.935,base tab used; Ideal Plaza also has delivery/takeout/table tabs (no item x channel sales to apply them)
Ideal Plaza,Malkapodi Powder (1 Box = 100Gm),Pc,3.0,3.0,,0.0,,recipes match usage → stores likely making extra,nothing issued by CK,recipe over-deducts: physical count found stock the recipe had already deducted (no store purchase),,,0.0,1.0,26.03,0.0,-2.0,base tab used; Ideal Plaza also has delivery/takeout/table tabs (no item x channel sales to apply them)
Ideal Plaza,Medu Vada Batter Mix,Kg,112.32,112.32,4.0,0.0,-96.4,recipes match usage → stores likely making extra,,recipe over-deducts: physical count found stock the recipe had already deducted (no store purchase),4.0,,6.8,95.703,7208.15,0.0,-14.181,base tab used; Ideal Plaza also has delivery/takeout/table tabs (no item x channel sales to apply them)
Ideal Plaza,Mysore Chutney Bucket,Kg,14.8,14.8,11.4,0.0,-23.0,recipes match usage → stores likely making extra,,recipe over-deducts: physical count found stock the recipe had already deducted (no store purchase),11.7,0.71,0.8,3.36,570.17,0.0,0.0499999999999999,base tab used; Ideal Plaza also has delivery/takeout/table tabs (no item x channel sales to apply them)
Ideal Plaza,Potato Masala Mix (1Pkt = 90Gm),Pkt,105.046,117.111,109.0,11.5,3.8,usage above recipe → recipe over-deducts or wastage,,recipe over-deducts: physical count found stock the recipe had already deducted (no store purchase),109.0,,0.0,18.0,195.44,0.0,12.889,100% via outlet sub-recipe; base tab used; Ideal Plaza also has delivery/takeout/table tabs (no item x channel sales to apply them)
Ideal Plaza,Rasam Bucket,Ltr,7.65,7.65,,0.0,,recipes match usage → stores likely making extra,nothing issued by CK,recipe over-deducts: physical count found stock the recipe had already deducted (no store purchase),,,1.0,7.1,247.95,0.0,-0.9,base tab used; Ideal Plaza also has delivery/takeout/table tabs (no item x channel sales to apply them)
Ideal Plaza,Rasam Chhoke Pre-Mix (2 Mix -6gm + 42gm)= 48gm,Kg,,,0.336,,,insufficient data,no theoretical (no recipe line / no matched dish),insufficient data,0.336,,0.048,-0.336,-76.7,0.0,0.192,
Ideal Plaza,Rasam Mix (1Pkt =15 gm),Kg,,,0.105,,,insufficient data,no theoretical (no recipe line / no matched dish),insufficient data,0.105,,0.0,-0.12,-43.4,0.0,0.045,
Ideal Plaza,Rava Powder Mix,Kg,11.2,11.2,13.0,0.0,16.1,recipes match usage → stores likely making extra,but usage within 10% of CK issue: no sign of extra in-store making,"recipe, usage and issue broadly consistent",13.0,2.2,2.6,0.0,0.0,0.0,2.45,base tab used; Ideal Plaza also has delivery/takeout/table tabs (no item x channel sales to apply them)
Ideal Plaza,Raw Mango Chutney Bucket,Kg,2.82,2.82,1.0,0.0,-64.5,recipes match usage → stores likely making extra,,recipe over-deducts: physical count found stock the recipe had already deducted (no store purchase),1.0,,1.5,2.86,465.5,0.0,0.84,base tab used; Ideal Plaza also has delivery/takeout/table tabs (no item x channel sales to apply them)
Ideal Plaza,Raw Mango Pickle Bucket,Kg,0.885,0.885,1.25,0.0,41.2,recipes match usage → stores likely making extra,but usage within 10% of CK issue: no sign of extra in-store making,"physical loss: more gone than recipe deducts (wastage, over-portioning or used as substitute)",1.25,,0.25,-0.39,-67.96,0.0,0.44,base tab used; Ideal Plaza also has delivery/takeout/table tabs (no item x channel sales to apply them)
Ideal Plaza,Raw mango Powder Mix (1 Pkt = 13gm),Kg,0.436,0.429,0.611,-1.6,40.1,recipes match usage → stores likely making extra,but usage within 10% of CK issue: no sign of extra in-store making,"physical loss: more gone than recipe deducts (wastage, over-portioning or used as substitute)",0.611,,0.026,-0.19,-55.04,0.0,0.129,base tab used; Ideal Plaza also has delivery/takeout/table tabs (no item x channel sales to apply them)
Ideal Plaza,Sambar Bucket,Ltr,1481.8,1483.0,865.0,0.1,-41.6,recipes match usage → stores likely making extra,,recipe over-deducts: physical count found stock the recipe had already deducted (no store purchase),865.0,,20.0,580.8,15312.86,0.0,-7.600000000000001,base tab used; Ideal Plaza also has delivery/takeout/table tabs (no item x channel sales to apply them)
Ideal Plaza,Special Daal Bucket,Kg,22.242,22.242,12.0,0.0,-46.0,recipes match usage → stores likely making extra,,recipe over-deducts: physical count found stock the recipe had already deducted (no store purchase),14.0,,2.2,7.99,1225.19,0.0,2.331,base tab used; Ideal Plaza also has delivery/takeout/table tabs (no item x channel sales to apply them)
Ideal Plaza,Special White Coconut Chutney Bucket,Kg,41.0,41.0,2.0,0.0,-95.1,recipes match usage → stores likely making extra,,recipe over-deducts: physical count found stock the recipe had already deducted (no store purchase),2.0,,1.0,34.95,2527.16,0.0,-5.8,base tab used; Ideal Plaza also has delivery/takeout/table tabs (no item x channel sales to apply them)
Ideal Plaza,Spicy Coconut Chutney Mix 1Pkt (16gm),Kg,4.851,4.852,,0.0,,recipes match usage → stores likely making extra,nothing issued by CK,recipe over-deducts: physical count found stock the recipe had already deducted (no store purchase),,,0.0,4.704,736.33,0.0,-0.693,base tab used; Ideal Plaza also has delivery/takeout/table tabs (no item x channel sales to apply them)
Ideal Plaza,Srivilli Kheer (1 Pc),Pc,104.0,104.0,117.0,0.0,12.5,recipes match usage → stores likely making extra,but usage within 10% of CK issue: no sign of extra in-store making,"recipe, usage and issue broadly consistent",117.0,12.0,7.0,-2.0,-52.56,0.0,4.0,base tab used; Ideal Plaza also has delivery/takeout/table tabs (no item x channel sales to apply them)
Ideal Plaza,Steam Rice Bucket,Kg,22.416,22.416,34.0,0.0,51.7,recipes match usage → stores likely making extra,but usage within 10% of CK issue: no sign of extra in-store making,"recipe, usage and issue broadly consistent",34.0,12.897,2.5,-0.067,-3.77,0.0,2.19,base tab used; Ideal Plaza also has delivery/takeout/table tabs (no item x channel sales to apply them)
Ideal Plaza,Thatte Idli Batter,Kg,,,54.8,,,insufficient data,no theoretical (no recipe line / no matched dish),insufficient data,54.8,2.2,0.0,-47.6,-1220.8,0.0,6.0,
Ideal Plaza,Thatte Idli Pc Raw,Pc,502.0,502.0,,0.0,,recipes match usage → stores likely making extra,nothing issued by CK,recipe over-deducts: physical count found stock the recipe had already deducted (no store purchase),,,3.0,470.0,2385.69,0.0,-11.0,base tab used; Ideal Plaza also has delivery/takeout/table tabs (no item x channel sales to apply them)
Ideal Plaza,Thindi Malkapodi Powder Bucket,Kg,8.62,8.62,4.5,0.0,-47.8,recipes match usage → stores likely making extra,,recipe over-deducts: physical count found stock the recipe had already deducted (no store purchase),4.5,,1.3,4.235,824.86,0.0,0.55,base tab used; Ideal Plaza also has delivery/takeout/table tabs (no item x channel sales to apply them)
Ideal Plaza,Tomato Onion Powder Mix (1 Pkt = 24gm),Kg,1.174,1.174,1.488,0.0,26.7,recipes match usage → stores likely making extra,but usage within 10% of CK issue: no sign of extra in-store making,"physical loss: more gone than recipe deducts (wastage, over-portioning or used as substitute)",1.488,,0.0,-0.4,-209.93,0.0,0.056,base tab used; Ideal Plaza also has delivery/takeout/table tabs (no item x channel sales to apply them)
Ideal Plaza,Upma Mix (1pkt = 300gm),Kg,3.72,3.72,4.2,0.0,12.9,recipes match usage → stores likely making extra,but usage within 10% of CK issue: no sign of extra in-store making,"recipe, usage and issue broadly consistent",4.2,0.3,1.6,-0.32,-27.72,0.0,1.96,base tab used; Ideal Plaza also has delivery/takeout/table tabs (no item x channel sales to apply them)
James Long Sarani,Benne Dosa Batter (Pack Size -3 Kg ),Kg,51.75,51.75,70.0,0.0,35.3,recipes match usage → stores likely making extra,but usage within 10% of CK issue: no sign of extra in-store making,recipe over-deducts: physical count found stock the recipe had already deducted (no store purchase),70.0,24.3,4.0,6.125,203.61,0.0,1.4,
James Long Sarani,Boiled & Mashed Potato (1Pkt = 3Kg),Kg,180.172,180.8,,0.3,,recipes match usage → stores likely making extra,nothing issued by CK,recipe over-deducts: physical count found stock the recipe had already deducted (no store purchase),,,0.0,168.983,5258.79,0.0,-31.483,100% via outlet sub-recipe
James Long Sarani,Chaat Masala Bucket,Kg,0.568,0.568,0.4,0.0,-29.6,recipes match usage → stores likely making extra,,recipe over-deducts: physical count found stock the recipe had already deducted (no store purchase),0.4,,0.1,0.213,76.15,0.0,0.215,
James Long Sarani,Coconut Shredded,Kg,155.349,155.343,106.0,-0.0,-31.8,recipes match usage → stores likely making extra,,recipe over-deducts: physical count found stock the recipe had already deducted (no store purchase),106.0,2.0,6.0,44.96,8804.91,0.0,-0.374,
James Long Sarani,Dahi Bucket Mix (1pkt =105gm),gm,4285.0,4285.0,3255.0,0.0,-24.0,recipes match usage → stores likely making extra,,recipe over-deducts: physical count found stock the recipe had already deducted (no store purchase),3255.0,,840.0,485.0,30.65,0.0,125.0,
James Long Sarani,Dosa Batter Mix,Kg,312.968,312.968,352.48,0.0,12.6,recipes match usage → stores likely making extra,but usage within 10% of CK issue: no sign of extra in-store making,"recipe, usage and issue broadly consistent",352.48,41.8,35.0,8.33,273.03,0.0,32.482,
James Long Sarani,Filter Coffee Ice Cream (700gm= 1 Bucket),Kg,3.12,3.12,2.8,0.0,-10.3,recipes match usage → stores likely making extra,,recipe over-deducts: physical count found stock the recipe had already deducted (no store purchase),2.8,0.3,0.7,0.48,112.66,0.0,0.92,
James Long Sarani,Garam Masala Powder Bucket,Kg,0.026,0.026,,0.0,,recipes match usage → stores likely making extra,nothing issued by CK,"physical loss: more gone than recipe deducts (wastage, over-portioning or used as substitute)",,,0.05,-0.023,-28.76,0.0,0.048,
James Long Sarani,Garlic Chutney Bucket,Kg,12.18,12.18,11.4,0.0,-6.4,recipes match usage → stores likely making extra,but usage within 10% of CK issue: no sign of extra in-store making,recipe over-deducts: physical count found stock the recipe had already deducted (no store purchase),11.4,2.6,0.3,2.51,635.1,0.0,-0.24,
James Long Sarani,Idli Pc Raw (1 Pkt =40pc),Pc,1309.0,1494.0,1520.0,14.1,16.1,usage above recipe → recipe over-deducts or wastage,,"recipe, usage and issue broadly consistent",1520.0,119.0,130.0,73.0,147.43,0.0,125.0,
James Long Sarani,Imli Water,Ltr,1.883,1.883,3.3,0.0,75.3,recipes match usage → stores likely making extra,but usage within 10% of CK issue: no sign of extra in-store making,"physical loss: more gone than recipe deducts (wastage, over-portioning or used as substitute)",3.3,0.3,0.3,-1.3,-33.21,0.0,0.283,
James Long Sarani,Jain Sambar Bucket,Ltr,50.2,50.2,51.0,0.0,1.6,recipes match usage → stores likely making extra,but usage within 10% of CK issue: no sign of extra in-store making,"recipe, usage and issue broadly consistent",51.0,,2.0,-3.8,-93.93,0.0,0.2,
James Long Sarani,Karam Podi Powder Bucket,Kg,0.84,0.84,0.5,0.0,-40.5,recipes match usage → stores likely making extra,,usage above issue with no physical-count correction: unresolved,0.5,,0.7,0.08,15.19,0.0,0.5,
James Long Sarani,Kesari Halwa Mix  (1pkt = 550gm),Kg,6.762,6.762,8.25,0.0,22.0,recipes match usage → stores likely making extra,but usage within 10% of CK issue: no sign of extra in-store making,"physical loss: more gone than recipe deducts (wastage, over-portioning or used as substitute)",8.25,2.325,0.55,-1.804,-125.8,0.0,1.008,
James Long Sarani,Korma Gravy Mix (1pkt=700gm),Kg,17.46,17.46,15.4,0.0,-11.8,recipes match usage → stores likely making extra,,recipe over-deducts: physical count found stock the recipe had already deducted (no store purchase),15.4,4.93,1.4,5.96,903.42,0.0,-0.53,
James Long Sarani,Lemon Rice Bucket,Kg,4.25,4.25,8.5,0.0,100.0,recipes match usage → stores likely making extra,but usage within 10% of CK issue: no sign of extra in-store making,"physical loss: more gone than recipe deducts (wastage, over-portioning or used as substitute)",8.5,3.493,1.0,-0.757,-66.32,0.0,0.5,
James Long Sarani,Malabar Paratha  (1pkt= 6Pcs),Pc,196.0,196.0,,0.0,,recipes match usage → stores likely making extra,nothing issued by CK,recipe over-deducts: physical count found stock the recipe had already deducted (no store purchase),,,0.0,184.0,1432.13,0.0,-22.0,
James Long Sarani,Malabar Paratha Dough,Pc,,,210.0,,,insufficient data,no theoretical (no recipe line / no matched dish),insufficient data,210.0,22.0,4.0,-182.0,-1572.82,0.0,28.0,
James Long Sarani,Malkapodi Bucket,Kg,1.88,1.88,1.5,0.0,-20.2,recipes match usage → stores likely making extra,,recipe over-deducts: physical count found stock the recipe had already deducted (no store purchase),1.5,,0.9,0.41,68.7,0.0,0.65,
James Long Sarani,Medu Vada Batter Mix,Kg,59.889,59.889,,0.0,,recipes match usage → stores likely making extra,nothing issued by CK,recipe over-deducts: physical count found stock the recipe had already deducted (no store purchase),,,0.0,55.331,4167.62,0.0,-10.854,
James Long Sarani,Medu Vada Batter Powder Mix (1 Pkt = 23gm),Kg,,,1.081,,,insufficient data,no theoretical (no recipe line / no matched dish),insufficient data,1.081,,0.115,-1.012,-267.89,0.0,0.345,
James Long Sarani,Mysore Chutney Bucket,Kg,7.06,7.06,8.1,0.0,14.7,recipes match usage → stores likely making extra,but usage within 10% of CK issue: no sign of extra in-store making,recipe over-deducts: physical count found stock the recipe had already deducted (no store purchase),8.1,3.4,0.3,2.47,419.69,0.0,0.0,
James Long Sarani,Potato Masala Mix (1Pkt = 90Gm),Pkt,60.057,60.267,56.0,0.3,-6.8,recipes match usage → stores likely making extra,but usage within 10% of CK issue: no sign of extra in-store making,"recipe, usage and issue broadly consistent",56.0,,6.0,3.328,36.15,0.0,3.506,100% via outlet sub-recipe
James Long Sarani,Rasam Bucket,Ltr,4.35,4.35,,0.0,,recipes match usage → stores likely making extra,nothing issued by CK,recipe over-deducts: physical count found stock the recipe had already deducted (no store purchase),,,0.0,3.9,135.36,0.0,-0.45,
James Long Sarani,Rasam Chhoke Pre-Mix (2 Mix -6gm + 42gm)= 48gm,Kg,,,0.336,,,insufficient data,no theoretical (no recipe line / no matched dish),insufficient data,0.336,,0.96,0.528,120.7,0.0,1.008,
James Long Sarani,Rasam Mix (1Pkt =15 gm),Kg,,,0.09,,,insufficient data,no theoretical (no recipe line / no matched dish),insufficient data,0.09,,0.03,-0.09,-32.43,0.0,0.045,
James Long Sarani,Rava Powder Mix,Kg,5.2,5.2,5.0,0.0,-3.8,recipes match usage → stores likely making extra,but usage within 10% of CK issue: no sign of extra in-store making,"recipe, usage and issue broadly consistent",6.0,,1.5,-0.25,-24.08,0.0,1.4,
James Long Sarani,Raw Mango Chutney Bucket,Kg,0.96,0.96,,0.0,,recipes match usage → stores likely making extra,nothing issued by CK,recipe over-deducts: physical count found stock the recipe had already deducted (no store purchase),,,0.0,1.02,162.48,0.0,-0.18,
James Long Sarani,Raw Mango Pickle Bucket,Kg,0.34,0.34,0.5,0.0,47.1,recipes match usage → stores likely making extra,but usage within 10% of CK issue: no sign of extra in-store making,"physical loss: more gone than recipe deducts (wastage, over-portioning or used as substitute)",0.5,,0.1,-0.16,-27.91,0.0,0.315,
James Long Sarani,Raw mango Powder Mix (1 Pkt = 13gm),Kg,0.119,0.117,0.286,-1.7,140.3,recipes match usage → stores likely making extra,but usage within 10% of CK issue: no sign of extra in-store making,"physical loss: more gone than recipe deducts (wastage, over-portioning or used as substitute)",0.286,,0.026,-0.162,-47.09,0.0,0.08,
James Long Sarani,Sambar Bucket,Ltr,704.2,704.2,515.0,0.0,-26.9,recipes match usage → stores likely making extra,,recipe over-deducts: physical count found stock the recipe had already deducted (no store purchase),515.0,8.0,15.0,160.8,4244.99,0.0,-23.8,
James Long Sarani,Special Daal Bucket,Kg,10.71,10.71,1.0,0.0,-90.7,recipes match usage → stores likely making extra,,recipe over-deducts: physical count found stock the recipe had already deducted (no store purchase),1.0,,1.0,8.229,1260.13,0.0,-0.869,
James Long Sarani,Special White Coconut Chutney Bucket,Kg,4.55,4.55,,0.0,,recipes match usage → stores likely making extra,nothing issued by CK,recipe over-deducts: physical count found stock the recipe had already deducted (no store purchase),,,0.0,4.55,259.45,0.0,-0.3,
James Long Sarani,Spicy Coconut Chutney Mix 1Pkt (16gm),Kg,1.512,1.513,,0.1,,recipes match usage → stores likely making extra,nothing issued by CK,recipe over-deducts: physical count found stock the recipe had already deducted (no store purchase),,,0.0,1.369,224.76,0.0,-0.27,
James Long Sarani,Srivilli Kheer (1 Pc),Pc,56.0,56.0,74.0,0.0,32.1,recipes match usage → stores likely making extra,but usage within 10% of CK issue: no sign of extra in-store making,"recipe, usage and issue broadly consistent",74.0,20.0,5.0,-1.0,-26.37,0.0,2.0,
James Long Sarani,Steam Rice Bucket,Kg,8.683,8.683,19.0,0.0,118.8,recipes match usage → stores likely making extra,but usage within 10% of CK issue: no sign of extra in-store making,"physical loss: more gone than recipe deducts (wastage, over-portioning or used as substitute)",19.0,8.45,2.0,-2.72,-153.26,0.0,1.287,
James Long Sarani,Thatte Idli Pc Raw,Pc,154.0,154.0,150.0,0.0,-2.6,recipes match usage → stores likely making extra,but usage within 10% of CK issue: no sign of extra in-store making,"recipe, usage and issue broadly consistent",150.0,18.0,19.0,15.0,74.69,0.0,15.0,
James Long Sarani,Thindi Malkapodi Powder Bucket,Kg,3.03,3.03,1.5,0.0,-50.5,recipes match usage → stores likely making extra,,recipe over-deducts: physical count found stock the recipe had already deducted (no store purchase),1.5,,0.5,1.5,292.35,0.0,0.47,
James Long Sarani,Tomato Onion Powder Mix (1 Pkt = 24gm),Kg,0.306,0.306,0.6,0.0,96.1,recipes match usage → stores likely making extra,but usage within 10% of CK issue: no sign of extra in-store making,"physical loss: more gone than recipe deducts (wastage, over-portioning or used as substitute)",0.6,,0.048,-0.265,-138.78,0.0,0.123,
James Long Sarani,Upma Mix (1pkt = 300gm),Kg,1.5,1.5,3.6,0.0,140.0,recipes match usage → stores likely making extra,but usage within 10% of CK issue: no sign of extra in-store making,"recipe, usage and issue broadly consistent",3.6,2.425,0.6,-0.01,-0.87,0.0,0.275,
Kalikapur,Benne Dosa Batter (Pack Size -3 Kg ),Kg,41.025,41.025,70.0,0.0,70.6,recipes match usage → stores likely making extra,but usage within 10% of CK issue: no sign of extra in-store making,"recipe, usage and issue broadly consistent",70.0,32.5,4.0,3.65,121.89,0.0,2.6,
Kalikapur,Boiled & Mashed Potato (1Pkt = 3Kg),Kg,136.971,101.0,,-26.3,,insufficient data,usage below recipe by >10%,recipe over-deducts: physical count found stock the recipe had already deducted (no store purchase),,,0.0,102.0,3174.93,0.0,-13.667,100% via outlet sub-recipe
Kalikapur,Chaat Masala Bucket,Kg,0.411,0.411,0.2,0.0,-51.3,recipes match usage → stores likely making extra,,recipe over-deducts: physical count found stock the recipe had already deducted (no store purchase),0.2,,0.15,0.143,51.53,0.0,0.192,
Kalikapur,Coconut Shredded,Kg,114.361,114.363,89.0,0.0,-22.2,recipes match usage → stores likely making extra,,recipe over-deducts: physical count found stock the recipe had already deducted (no store purchase),89.0,,3.0,25.008,4898.82,0.0,0.054,
Kalikapur,Dahi Bucket Mix (1pkt =105gm),gm,2930.0,2930.0,2310.0,0.0,-21.2,recipes match usage → stores likely making extra,,recipe over-deducts: physical count found stock the recipe had already deducted (no store purchase),2310.0,,525.0,565.0,35.65,0.0,340.0,
Kalikapur,Dosa Batter Mix,Kg,214.643,214.643,265.0,0.0,23.5,recipes match usage → stores likely making extra,but usage within 10% of CK issue: no sign of extra in-store making,"recipe, usage and issue broadly consistent",265.0,53.0,14.0,-3.682,-120.73,0.0,18.143,
Kalikapur,Filter Coffee Ice Cream (700gm= 1 Bucket),Kg,1.8,1.8,2.1,0.0,16.7,recipes match usage → stores likely making extra,but usage within 10% of CK issue: no sign of extra in-store making,"recipe, usage and issue broadly consistent",2.1,,0.0,-0.09,-21.25,0.0,0.34,
Kalikapur,Garlic Chutney Bucket,Kg,8.82,8.82,8.1,0.0,-8.2,recipes match usage → stores likely making extra,but usage within 10% of CK issue: no sign of extra in-store making,recipe over-deducts: physical count found stock the recipe had already deducted (no store purchase),8.1,1.25,0.9,1.125,285.0,0.0,-0.345,
Kalikapur,Idli Pc Raw (1 Pkt =40pc),Pc,1005.0,1184.0,1180.0,17.8,17.4,usage above recipe → recipe over-deducts or wastage,,"recipe, usage and issue broadly consistent",1180.0,57.0,34.0,12.0,24.26,0.0,57.0,
Kalikapur,Imli Water,Ltr,1.274,1.273,1.75,-0.1,37.4,recipes match usage → stores likely making extra,but usage within 10% of CK issue: no sign of extra in-store making,"physical loss: more gone than recipe deducts (wastage, over-portioning or used as substitute)",1.75,,0.4,-0.208,-5.22,0.0,0.414,
Kalikapur,Jain Sambar Bucket,Ltr,28.6,28.6,127.0,0.0,344.1,recipes match usage → stores likely making extra,but usage within 10% of CK issue: no sign of extra in-store making,"physical loss: more gone than recipe deducts (wastage, over-portioning or used as substitute)",127.0,4.0,6.0,-99.0,-2394.25,0.0,15.2,
Kalikapur,Karam Podi Powder Bucket,Kg,0.12,0.12,0.5,0.0,316.7,recipes match usage → stores likely making extra,but usage within 10% of CK issue: no sign of extra in-store making,"recipe, usage and issue broadly consistent",0.5,0.2,0.715,-0.005,-0.96,0.0,0.675,
Kalikapur,Kesari Halwa Mix  (1pkt = 550gm),Kg,4.209,4.209,6.6,0.0,56.8,recipes match usage → stores likely making extra,but usage within 10% of CK issue: no sign of extra in-store making,"physical loss: more gone than recipe deducts (wastage, over-portioning or used as substitute)",6.6,1.95,1.145,-1.603,-111.63,0.0,0.236,
Kalikapur,Korma Gravy Mix (1pkt=700gm),Kg,16.74,17.46,12.87,4.3,-23.1,recipes match usage → stores likely making extra,,recipe over-deducts: physical count found stock the recipe had already deducted (no store purchase),12.87,1.4,2.1,4.81,729.36,0.0,-0.82,
Kalikapur,Malabar Paratha  (1pkt= 6Pcs),Pc,187.0,195.0,,4.3,,recipes match usage → stores likely making extra,nothing issued by CK,recipe over-deducts: physical count found stock the recipe had already deducted (no store purchase),,,0.0,164.0,1294.87,0.0,-48.0,
Kalikapur,Malabar Paratha Dough,Pc,,,210.0,,,insufficient data,no theoretical (no recipe line / no matched dish),insufficient data,204.0,5.0,8.0,-217.0,-1873.69,0.0,12.0,
Kalikapur,Malkapodi Bucket,Kg,1.69,1.69,1.39,0.0,-17.8,recipes match usage → stores likely making extra,,recipe over-deducts: physical count found stock the recipe had already deducted (no store purchase),1.39,,0.4,0.21,35.36,0.0,0.665,
Kalikapur,Medu Vada Batter,Kg,,,66.0,,,insufficient data,no theoretical (no recipe line / no matched dish),insufficient data,66.0,16.5,0.0,-46.5,-2974.42,0.0,8.0,
Kalikapur,Medu Vada Batter Mix,Kg,47.01,47.01,,0.0,,recipes match usage → stores likely making extra,nothing issued by CK,recipe over-deducts: physical count found stock the recipe had already deducted (no store purchase),,1.0,0.0,44.151,3313.63,0.0,-8.347,
Kalikapur,Medu Vada Batter Powder Mix (1 Pkt = 23gm),Kg,,,1.058,,,insufficient data,no theoretical (no recipe line / no matched dish),insufficient data,1.058,0.023,0.069,-1.064,-281.98,0.0,0.207,
Kalikapur,Mysore Chutney Bucket,Kg,4.34,4.37,4.2,0.7,-3.2,recipes match usage → stores likely making extra,but usage within 10% of CK issue: no sign of extra in-store making,recipe over-deducts: physical count found stock the recipe had already deducted (no store purchase),4.2,0.9,0.3,1.15,194.74,0.0,0.42,
Kalikapur,Potato Masala Mix (1Pkt = 90Gm),Pkt,45.657,33.667,41.0,-26.3,-10.2,insufficient data,usage below recipe by >10%,"recipe, usage and issue broadly consistent",41.0,,5.0,-1.0,-10.88,0.0,6.444,100% via outlet sub-recipe
Kalikapur,Rasam Bucket,Ltr,3.55,3.55,,0.0,,recipes match usage → stores likely making extra,nothing issued by CK,recipe over-deducts: physical count found stock the recipe had already deducted (no store purchase),,,0.0,2.9,101.27,0.0,-1.65,
Kalikapur,Rasam Chhoke Pre-Mix (2 Mix -6gm + 42gm)= 48gm,Kg,,,0.672,,,insufficient data,no theoretical (no recipe line / no matched dish),insufficient data,0.672,,0.048,-0.624,-142.52,0.0,0.096,
Kalikapur,Rasam Mix (1Pkt =15 gm),Kg,,,0.075,,,insufficient data,no theoretical (no recipe line / no matched dish),insufficient data,0.075,,0.015,-0.06,-21.67,0.0,0.03,
Kalikapur,Rava Powder Mix,Kg,4.65,4.65,5.0,0.0,7.5,recipes match usage → stores likely making extra,but usage within 10% of CK issue: no sign of extra in-store making,"recipe, usage and issue broadly consistent",5.0,,1.5,-0.4,-38.46,0.0,2.45,
Kalikapur,Raw Mango Chutney Bucket,Kg,1.32,1.32,,0.0,,recipes match usage → stores likely making extra,nothing issued by CK,recipe over-deducts: physical count found stock the recipe had already deducted (no store purchase),,,0.0,1.26,203.39,0.0,-0.18,
Kalikapur,Raw mango Powder Mix (1 Pkt = 13gm),Kg,0.141,0.139,0.182,-1.4,29.1,recipes match usage → stores likely making extra,but usage within 10% of CK issue: no sign of extra in-store making,"physical loss: more gone than recipe deducts (wastage, over-portioning or used as substitute)",0.182,,0.052,-0.042,-12.05,0.0,0.033,
Kalikapur,Sambar Bucket,Ltr,525.6,525.6,415.0,0.0,-21.0,recipes match usage → stores likely making extra,,recipe over-deducts: physical count found stock the recipe had already deducted (no store purchase),415.0,,10.0,87.0,2296.14,0.0,-48.4,
Kalikapur,Special Daal Bucket,Kg,7.903,7.904,4.0,0.0,-49.4,recipes match usage → stores likely making extra,,recipe over-deducts: physical count found stock the recipe had already deducted (no store purchase),4.0,,2.8,4.14,634.66,0.0,1.374,
Kalikapur,Special White Coconut Chutney Bucket,Kg,3.25,3.25,,0.0,,recipes match usage → stores likely making extra,nothing issued by CK,recipe over-deducts: physical count found stock the recipe had already deducted (no store purchase),,,0.0,3.9,250.89,0.0,-0.15,
Kalikapur,Spicy Coconut Chutney Mix 1Pkt (16gm),Kg,1.144,1.144,,0.0,,recipes match usage → stores likely making extra,nothing issued by CK,recipe over-deducts: physical count found stock the recipe had already deducted (no store purchase),,,0.0,1.028,160.97,0.0,-0.264,
Kalikapur,Srivilli Kheer (1 Pc),Pc,48.0,48.0,73.0,0.0,52.1,recipes match usage → stores likely making extra,but usage within 10% of CK issue: no sign of extra in-store making,"recipe, usage and issue broadly consistent",75.0,24.0,5.0,2.0,52.58,0.0,5.0,
Kalikapur,Thatte Idli Pc Raw,Pc,111.0,111.0,120.0,0.0,8.1,recipes match usage → stores likely making extra,but usage within 10% of CK issue: no sign of extra in-store making,"recipe, usage and issue broadly consistent",120.0,15.0,4.0,5.0,24.96,0.0,10.0,
Kalikapur,Thindi Malkapodi Powder Bucket,Kg,2.505,2.505,1.0,0.0,-60.1,recipes match usage → stores likely making extra,,recipe over-deducts: physical count found stock the recipe had already deducted (no store purchase),1.0,,0.5,0.59,114.95,0.0,-0.205,
Kalikapur,Tomato Onion Powder Mix (1 Pkt = 24gm),Kg,0.131,0.131,0.264,0.0,101.5,recipes match usage → stores likely making extra,but usage within 10% of CK issue: no sign of extra in-store making,"physical loss: more gone than recipe deducts (wastage, over-portioning or used as substitute)",0.264,0.024,0.096,-0.091,-47.8,0.0,0.053,
Kalikapur,Upma Mix (1pkt = 300gm),Kg,2.1,2.109,3.6,0.4,71.4,recipes match usage → stores likely making extra,but usage within 10% of CK issue: no sign of extra in-store making,"recipe, usage and issue broadly consistent",3.6,2.93,0.9,0.169,14.63,0.0,0.08,
Kalkaji,Benne Dosa Batter (Pack Size -3 Kg ),Kg,96.0,96.0,123.0,0.0,28.1,recipes match usage → stores likely making extra,but usage within 10% of CK issue: no sign of extra in-store making,"physical loss: more gone than recipe deducts (wastage, over-portioning or used as substitute)",123.0,3.6,8.0,-28.825,-881.6,0.0,22.25,Delhi dishes carry 3 chutneys by design
Kalkaji,Boiled & Mashed Potato (1Pkt = 3Kg),Kg,115.667,13.3,117.0,-88.5,1.2,insufficient data,usage below recipe by >10%,"physical loss: more gone than recipe deducts (wastage, over-portioning or used as substitute)",117.0,1.8,9.0,-102.2,-3407.37,0.0,37.1,89% via outlet sub-recipe; Delhi dishes carry 3 chutneys by design
Kalkaji,Boondi,Kg,0.99,0.99,1.0,0.0,1.0,recipes match usage → stores likely making extra,but usage within 10% of CK issue: no sign of extra in-store making,recipe over-deducts: physical count found stock the recipe had already deducted (no store purchase),1.0,0.09,0.3,0.185,10.98,0.0,0.415,Delhi dishes carry 3 chutneys by design
Kalkaji,Chaat Masala Bucket,Kg,0.35,0.35,0.5,0.0,42.9,recipes match usage → stores likely making extra,but usage within 10% of CK issue: no sign of extra in-store making,"physical loss: more gone than recipe deducts (wastage, over-portioning or used as substitute)",0.5,,0.3,-0.169,-52.53,0.0,0.443,Delhi dishes carry 3 chutneys by design
Kalkaji,Coconut Shredded,Kg,154.185,152.081,50.0,-1.4,-67.6,recipes match usage → stores likely making extra,,recipe over-deducts: physical count found stock the recipe had already deducted (no store purchase),50.0,0.14,4.0,96.097,23800.75,0.0,-7.662000000000001,2% via outlet sub-recipe; Delhi dishes carry 3 chutneys by design
Kalkaji,Dadu`s Special Spicy Chutney,Kg,,,,,,insufficient data,no theoretical (no recipe line / no matched dish),insufficient data,,0.05,0.5,-0.45,0.0,0.0,0.5,
Kalkaji,Dahi Bucket Mix (1pkt =105gm),gm,1620.0,1620.0,2205.0,0.0,36.1,recipes match usage → stores likely making extra,but usage within 10% of CK issue: no sign of extra in-store making,"physical loss: more gone than recipe deducts (wastage, over-portioning or used as substitute)",2205.0,,210.0,-585.0,-39.86,0.0,480.0,Delhi dishes carry 3 chutneys by design
Kalkaji,Dosa Batter Mix,Kg,214.385,214.385,280.0,0.0,30.6,recipes match usage → stores likely making extra,but usage within 10% of CK issue: no sign of extra in-store making,"physical loss: more gone than recipe deducts (wastage, over-portioning or used as substitute)",280.0,13.5,25.0,-61.455,-1863.19,0.0,62.775,Delhi dishes carry 3 chutneys by design
Kalkaji,Frozen Medu Vada (10pc),Pc,699.0,753.0,,7.7,,recipes match usage → stores likely making extra,nothing issued by CK,recipe over-deducts: physical count found stock the recipe had already deducted (no store purchase),,,0.0,739.0,3587.4,0.0,-104.0,Delhi dishes carry 3 chutneys by design
Kalkaji,Garam Masala Powder Bucket,Kg,0.033,0.033,,0.0,,recipes match usage → stores likely making extra,nothing issued by CK,"physical loss: more gone than recipe deducts (wastage, over-portioning or used as substitute)",,,0.09,-0.072,-101.5,0.0,0.08,Delhi dishes carry 3 chutneys by design
Kalkaji,Garlic Chutney Bucket,Kg,9.44,9.44,8.5,0.0,-10.0,recipes match usage → stores likely making extra,,usage above issue with no physical-count correction: unresolved,8.5,0.42,0.0,0.93,237.14,0.0,0.85,Delhi dishes carry 3 chutneys by design
Kalkaji,Idli Pc Raw (1 Pkt =40pc),Pc,1403.0,1403.0,1530.0,0.0,9.1,recipes match usage → stores likely making extra,but usage within 10% of CK issue: no sign of extra in-store making,"recipe, usage and issue broadly consistent",1530.0,56.0,100.0,-85.0,-164.1,0.0,253.0,Delhi dishes carry 3 chutneys by design
Kalkaji,Imli Water,Ltr,9.911,9.936,7.0,0.3,-29.4,recipes match usage → stores likely making extra,,recipe over-deducts: physical count found stock the recipe had already deducted (no store purchase),7.0,0.1,1.0,3.066,85.69,0.0,1.321,Delhi dishes carry 3 chutneys by design
Kalkaji,Jain Potato Masala Bucket,Kg,,,8.0,,,insufficient data,no theoretical (no recipe line / no matched dish),insufficient data,8.0,3.2,1.0,-7.35,-404.19,0.0,3.15,
Kalkaji,Jain Sambar - Delhi,Ltr,27.2,27.2,30.0,0.0,10.3,recipes match usage → stores likely making extra,but usage within 10% of CK issue: no sign of extra in-store making,recipe over-deducts: physical count found stock the recipe had already deducted (no store purchase),30.0,4.7,2.0,10.35,332.62,0.0,7.45,Delhi dishes carry 3 chutneys by design
Kalkaji,Jain Sambar Bucket,Ltr,,,,,,insufficient data,no theoretical (no recipe line / no matched dish),insufficient data,,1.0,0.0,0.5,14.36,0.0,-0.5,
Kalkaji,Karam Podi Powder Bucket,Kg,0.6,0.6,1.0,0.0,66.7,recipes match usage → stores likely making extra,but usage within 10% of CK issue: no sign of extra in-store making,"physical loss: more gone than recipe deducts (wastage, over-portioning or used as substitute)",1.0,0.15,0.85,-0.23,-44.29,0.0,1.14,Delhi dishes carry 3 chutneys by design
Kalkaji,Kesari Halwa Mix  (1pkt = 550gm),Kg,3.243,3.278,2.75,1.1,-15.2,recipes match usage → stores likely making extra,,usage above issue with no physical-count correction: unresolved,2.75,0.1,1.0,0.114,8.15,0.0,1.472,Delhi dishes carry 3 chutneys by design
Kalkaji,Korma Gravy Mix (1pkt=700gm),Kg,13.14,13.14,15.4,0.0,17.2,recipes match usage → stores likely making extra,but usage within 10% of CK issue: no sign of extra in-store making,"physical loss: more gone than recipe deducts (wastage, over-portioning or used as substitute)",15.4,0.4,0.2,-1.9,-293.57,0.0,3.0,Delhi dishes carry 3 chutneys by design
Kalkaji,Lemon Rice Bucket,Kg,3.8,3.87,5.33,1.8,40.3,recipes match usage → stores likely making extra,but usage within 10% of CK issue: no sign of extra in-store making,"physical loss: more gone than recipe deducts (wastage, over-portioning or used as substitute)",4.83,1.0,0.25,-0.46,-35.29,0.0,0.6,Delhi dishes carry 3 chutneys by design
Kalkaji,Malabar Paratha  (1pkt= 6Pcs),Pc,149.0,149.0,,0.0,,recipes match usage → stores likely making extra,nothing issued by CK,recipe over-deducts: physical count found stock the recipe had already deducted (no store purchase),,,0.0,133.0,1043.43,0.0,-30.0,Delhi dishes carry 3 chutneys by design
Kalkaji,Malabar Paratha Dough,Pc,,,153.0,,,insufficient data,no theoretical (no recipe line / no matched dish),insufficient data,153.0,4.0,2.0,-137.0,-1018.13,0.0,44.0,
Kalkaji,Malkapodi Bucket,Kg,3.56,3.56,2.5,0.0,-29.8,recipes match usage → stores likely making extra,,recipe over-deducts: physical count found stock the recipe had already deducted (no store purchase),2.5,0.6,1.3,2.51,430.13,0.0,1.41,Delhi dishes carry 3 chutneys by design
Kalkaji,Medu Vada Batter Mix,Kg,,,56.0,,,insufficient data,no theoretical (no recipe line / no matched dish),insufficient data,55.0,3.43,0.0,-53.77,-3900.92,0.0,16.35,
Kalkaji,Medu Vada Batter Powder Mix (1 Pkt = 23gm),Kg,,,1.269,,,insufficient data,no theoretical (no recipe line / no matched dish),insufficient data,1.269,,0.088,-1.177,-269.22,0.0,0.46,
Kalkaji,Mysore Chutney Bucket,Kg,8.15,8.15,7.0,0.0,-14.1,recipes match usage → stores likely making extra,,recipe over-deducts: physical count found stock the recipe had already deducted (no store purchase),7.0,0.98,0.3,1.25,229.42,0.0,0.95,Delhi dishes carry 3 chutneys by design
Kalkaji,Potato Masala Bucket,Kg,10.9,10.9,,0.0,,recipes match usage → stores likely making extra,nothing issued by CK,recipe over-deducts: physical count found stock the recipe had already deducted (no store purchase),,,0.0,11.0,446.32,0.0,-1.5,Delhi dishes carry 3 chutneys by design
Kalkaji,Potato Masala Mix (1Pkt = 90Gm),Pkt,38.511,4.389,35.0,-88.6,-9.1,insufficient data,usage below recipe by >10%,"physical loss: more gone than recipe deducts (wastage, over-portioning or used as substitute)",35.0,,6.0,-38.545,-404.13,0.0,5.538,89% via outlet sub-recipe; Delhi dishes carry 3 chutneys by design
Kalkaji,Rasam Bucket,Ltr,4.2,5.437,,29.5,,usage above recipe → recipe over-deducts or wastage,,recipe over-deducts: physical count found stock the recipe had already deducted (no store purchase),,1.1,1.0,5.75,209.27,0.0,0.063,Delhi dishes carry 3 chutneys by design
Kalkaji,Rasam Chhoke Pre-Mix (2 Mix -6gm + 42gm)= 48gm,Kg,,,0.192,,,insufficient data,no theoretical (no recipe line / no matched dish),insufficient data,0.192,,0.0,-0.288,-72.85,0.0,0.096,
Kalkaji,Rasam Mix (1Pkt =15 gm),Kg,,,0.06,,,insufficient data,no theoretical (no recipe line / no matched dish),insufficient data,0.06,,0.0,-0.086,-25.95,0.0,0.03,
Kalkaji,Rava Powder Mix,Kg,2.55,2.55,2.0,0.0,-21.6,recipes match usage → stores likely making extra,,"physical loss: more gone than recipe deducts (wastage, over-portioning or used as substitute)",2.0,,1.0,-1.45,-134.47,0.0,0.75,Delhi dishes carry 3 chutneys by design
Kalkaji,Raw Mango Chutney Bucket,Kg,7.27,7.27,,0.0,,recipes match usage → stores likely making extra,nothing issued by CK,recipe over-deducts: physical count found stock the recipe had already deducted (no store purchase),,0.65,0.8,7.22,1634.53,0.0,-0.75,Delhi dishes carry 3 chutneys by design
Kalkaji,Raw Mango Pickle Bucket,Kg,0.735,0.736,1.25,0.1,70.1,recipes match usage → stores likely making extra,but usage within 10% of CK issue: no sign of extra in-store making,"physical loss: more gone than recipe deducts (wastage, over-portioning or used as substitute)",1.25,0.19,0.25,-0.524,-120.51,0.0,0.56,Delhi dishes carry 3 chutneys by design
Kalkaji,Raw mango Powder Mix (1 Pkt = 13gm),Kg,,,0.169,,,insufficient data,no theoretical (no recipe line / no matched dish),insufficient data,0.169,,0.026,-0.192,-63.58,0.0,0.065,
Kalkaji,Regular White Chutney Bucket,Kg,2.25,,,,,insufficient data,no store consumption recorded,insufficient data,,,,,,,,100% of qty from lines marked (Inactive) in recipe; Delhi dishes carry 3 chutneys by design
Kalkaji,Sambar Bucket,Ltr,2.0,2.0,,0.0,,recipes match usage → stores likely making extra,nothing issued by CK,recipe over-deducts: physical count found stock the recipe had already deducted (no store purchase),,,0.0,4.0,121.89,0.0,0.0,Delhi dishes carry 3 chutneys by design
Kalkaji,Sambar Bucket - Delhi,Ltr,717.55,717.55,530.0,0.0,-26.1,recipes match usage → stores likely making extra,,recipe over-deducts: physical count found stock the recipe had already deducted (no store purchase),530.0,12.0,30.0,175.15,5871.5,0.0,40.1,Delhi dishes carry 3 chutneys by design
Kalkaji,Special Daal Bucket,Kg,5.77,5.818,3.0,0.8,-48.0,recipes match usage → stores likely making extra,,recipe over-deducts: physical count found stock the recipe had already deducted (no store purchase),3.0,,0.0,2.548,375.81,0.0,-0.998,Delhi dishes carry 3 chutneys by design
Kalkaji,Special White Coconut Chutney Bucket,Kg,1.0,1.0,,0.0,,recipes match usage → stores likely making extra,nothing issued by CK,recipe over-deducts: physical count found stock the recipe had already deducted (no store purchase),,,0.0,0.5,44.2,0.0,0.0,Delhi dishes carry 3 chutneys by design
Kalkaji,Spicy Coconut Chutney Bucket,Kg,,,,,,insufficient data,no theoretical (no recipe line / no matched dish),insufficient data,,2.6,2.0,2.65,154.51,0.0,1.7,
Kalkaji,Spicy Coconut Chutney Mix 1Pkt (16gm),Kg,6.876,6.892,,0.2,,recipes match usage → stores likely making extra,nothing issued by CK,recipe over-deducts: physical count found stock the recipe had already deducted (no store purchase),,,0.0,6.569,0.0,0.0,-1.109,Delhi dishes carry 3 chutneys by design
Kalkaji,Srivilli Kheer (1 Pc),Pc,38.0,38.0,36.0,0.0,-5.3,recipes match usage → stores likely making extra,but usage within 10% of CK issue: no sign of extra in-store making,"recipe, usage and issue broadly consistent",36.0,1.0,0.0,3.0,95.47,0.0,0.0,Delhi dishes carry 3 chutneys by design
Kalkaji,Steam Rice Bucket,Kg,16.65,16.665,17.7,0.1,6.3,recipes match usage → stores likely making extra,but usage within 10% of CK issue: no sign of extra in-store making,"recipe, usage and issue broadly consistent",17.7,1.26,2.0,-1.275,-63.61,0.0,1.05,Delhi dishes carry 3 chutneys by design
Kalkaji,Sugar Syrup Bucket,Ltr,1.9,1.9,,0.0,,recipes match usage → stores likely making extra,nothing issued by CK,recipe over-deducts: physical count found stock the recipe had already deducted (no store purchase),,,0.5,1.75,0.0,0.0,0.3,Delhi dishes carry 3 chutneys by design
Kalkaji,Thatte Idli Pc Raw,Pc,160.0,160.0,176.0,0.0,10.0,recipes match usage → stores likely making extra,but usage within 10% of CK issue: no sign of extra in-store making,"recipe, usage and issue broadly consistent",176.0,4.0,11.0,-12.0,-59.67,0.0,50.0,Delhi dishes carry 3 chutneys by design
Kalkaji,Thindi Malkapodi Powder Bucket,Kg,2.71,2.71,1.5,0.0,-44.6,recipes match usage → stores likely making extra,,recipe over-deducts: physical count found stock the recipe had already deducted (no store purchase),1.5,0.52,0.5,1.695,338.52,0.0,0.545,Delhi dishes carry 3 chutneys by design
Kalkaji,Tomato Onion Chutney Bucket,Kg,160.57,161.006,,0.3,,recipes match usage → stores likely making extra,nothing issued by CK,recipe over-deducts: physical count found stock the recipe had already deducted (no store purchase),,2.68,3.0,155.021,20800.85,0.0,-26.255,Delhi dishes carry 3 chutneys by design
Kalkaji,Tomato Onion Powder Mix (1 Pkt = 24gm),Kg,0.432,0.432,3.456,0.0,700.0,recipes match usage → stores likely making extra,but usage within 10% of CK issue: no sign of extra in-store making,"physical loss: more gone than recipe deducts (wastage, over-portioning or used as substitute)",3.456,,0.672,-2.958,-1540.02,0.0,1.77,Delhi dishes carry 3 chutneys by design
Kalkaji,Upma Mix (1pkt = 300gm),Kg,0.18,0.253,,40.6,,usage above recipe → recipe over-deducts or wastage,,recipe over-deducts: physical count found stock the recipe had already deducted (no store purchase),,,0.3,0.073,6.07,0.0,0.8999999999999999,Delhi dishes carry 3 chutneys by design
Lake Road,Benne Dosa Batter (Pack Size -3 Kg ),Kg,118.75,118.75,153.056,0.0,28.9,recipes match usage → stores likely making extra,but usage within 10% of CK issue: no sign of extra in-store making,"recipe, usage and issue broadly consistent",160.056,25.5,7.0,2.3,75.03,0.0,13.431,
Lake Road,Boiled & Mashed Potato (1Pkt = 3Kg),Kg,189.07,218.667,,15.7,,usage above recipe → recipe over-deducts or wastage,,recipe over-deducts: physical count found stock the recipe had already deducted (no store purchase),,,0.0,208.0,6483.52,0.0,-35.333,100% via outlet sub-recipe
Lake Road,Chaat Masala Bucket,Kg,0.594,0.594,0.6,0.0,1.0,recipes match usage → stores likely making extra,but usage within 10% of CK issue: no sign of extra in-store making,recipe over-deducts: physical count found stock the recipe had already deducted (no store purchase),0.6,,0.2,0.069,24.7,0.0,0.226,
Lake Road,Coconut Shredded,Kg,213.18,384.866,170.0,80.5,-20.3,usage above recipe → recipe over-deducts or wastage,,recipe over-deducts: physical count found stock the recipe had already deducted (no store purchase),180.0,,7.25,202.409,39644.22,0.0,-27.139,
Lake Road,Dahi Bucket Mix (1pkt =105gm),gm,3730.0,3730.0,3255.0,0.0,-12.7,recipes match usage → stores likely making extra,,recipe over-deducts: physical count found stock the recipe had already deducted (no store purchase),3255.0,,150.0,525.0,33.18,0.0,345.0,
Lake Road,Dosa Batter Mix,Kg,336.188,336.188,394.007,0.0,17.2,recipes match usage → stores likely making extra,but usage within 10% of CK issue: no sign of extra in-store making,"recipe, usage and issue broadly consistent",417.607,96.0,21.1,28.612,938.62,0.0,16.456,
Lake Road,Filter Coffee Ice Cream (700gm= 1 Bucket),Kg,7.68,7.68,7.7,0.0,0.3,recipes match usage → stores likely making extra,but usage within 10% of CK issue: no sign of extra in-store making,"physical loss: more gone than recipe deducts (wastage, over-portioning or used as substitute)",7.7,,1.3,-0.83,-187.39,0.0,0.2,
Lake Road,Garam Masala Powder Bucket,Kg,0.052,0.052,0.1,0.0,92.3,recipes match usage → stores likely making extra,but usage within 10% of CK issue: no sign of extra in-store making,"physical loss: more gone than recipe deducts (wastage, over-portioning or used as substitute)",0.1,,0.045,-0.009,-11.42,0.0,0.134,
Lake Road,Garlic Chutney Bucket,Kg,20.55,20.55,18.9,0.0,-8.0,recipes match usage → stores likely making extra,but usage within 10% of CK issue: no sign of extra in-store making,recipe over-deducts: physical count found stock the recipe had already deducted (no store purchase),19.8,1.7,1.17,4.05,1026.56,0.0,0.32,
Lake Road,Idli Pc Raw (1 Pkt =40pc),Pc,2094.0,2400.0,2520.0,14.6,20.3,usage above recipe → recipe over-deducts or wastage,,"recipe, usage and issue broadly consistent",2720.0,117.0,146.0,-22.0,-44.44,0.0,111.0,
Lake Road,Imli Water,Ltr,4.431,4.431,6.3,0.0,42.2,recipes match usage → stores likely making extra,but usage within 10% of CK issue: no sign of extra in-store making,"physical loss: more gone than recipe deducts (wastage, over-portioning or used as substitute)",6.3,0.3,0.3,-1.19,-30.36,0.0,0.818,
Lake Road,Jain Sambar Bucket,Ltr,52.6,52.6,175.0,0.0,232.7,recipes match usage → stores likely making extra,but usage within 10% of CK issue: no sign of extra in-store making,"physical loss: more gone than recipe deducts (wastage, over-portioning or used as substitute)",185.0,,4.0,-110.6,-2731.89,0.0,26.2,
Lake Road,Karam Podi Powder Bucket,Kg,1.08,1.08,1.0,0.0,-7.4,recipes match usage → stores likely making extra,but usage within 10% of CK issue: no sign of extra in-store making,"physical loss: more gone than recipe deducts (wastage, over-portioning or used as substitute)",1.0,,0.26,-0.14,-26.65,0.0,0.56,
Lake Road,Kesari Halwa Mix  (1pkt = 550gm),Kg,8.349,8.363,9.35,0.2,12.0,recipes match usage → stores likely making extra,but usage within 10% of CK issue: no sign of extra in-store making,recipe over-deducts: physical count found stock the recipe had already deducted (no store purchase),10.45,2.6,0.55,1.099,76.47,0.0,0.52,
Lake Road,Korma Gravy Mix (1pkt=700gm),Kg,19.008,19.008,14.7,0.0,-22.7,recipes match usage → stores likely making extra,,recipe over-deducts: physical count found stock the recipe had already deducted (no store purchase),15.4,0.7,1.35,5.278,800.16,0.0,0.41,
Lake Road,Lemon Rice Bucket,Kg,7.25,7.25,11.0,0.0,51.7,recipes match usage → stores likely making extra,but usage within 10% of CK issue: no sign of extra in-store making,"recipe, usage and issue broadly consistent",11.5,1.7,2.0,-0.05,-4.37,0.0,2.5,
Lake Road,Malabar Paratha  (1pkt= 6Pcs),Pc,214.0,214.0,,0.0,,recipes match usage → stores likely making extra,nothing issued by CK,recipe over-deducts: physical count found stock the recipe had already deducted (no store purchase),,,0.0,200.0,1618.44,0.0,-28.0,
Lake Road,Malabar Paratha Dough,Pc,,,234.0,,,insufficient data,no theoretical (no recipe line / no matched dish),insufficient data,246.0,29.0,14.0,-191.0,-1646.27,0.0,32.0,
Lake Road,Malkapodi Bucket,Kg,5.13,5.13,4.0,0.0,-22.0,recipes match usage → stores likely making extra,,recipe over-deducts: physical count found stock the recipe had already deducted (no store purchase),4.5,,0.6,0.965,163.37,0.0,0.89,
Lake Road,Medu Vada Batter Mix,Kg,73.6,73.6,,0.0,,recipes match usage → stores likely making extra,nothing issued by CK,recipe over-deducts: physical count found stock the recipe had already deducted (no store purchase),,,0.0,71.292,5377.4,0.0,-11.588,
Lake Road,Medu Vada Batter Powder Mix (1 Pkt = 23gm),Kg,,,1.541,,,insufficient data,no theoretical (no recipe line / no matched dish),insufficient data,1.587,,0.092,-1.334,-352.85,0.0,0.391,
Lake Road,Mysore Chutney Bucket,Kg,10.94,10.94,10.2,0.0,-6.8,recipes match usage → stores likely making extra,but usage within 10% of CK issue: no sign of extra in-store making,recipe over-deducts: physical count found stock the recipe had already deducted (no store purchase),10.8,1.7,0.6,2.2,374.07,0.0,-0.3,
Lake Road,New Bangalore Benne Batter (Pack Size -4 Kg ),Kg,,,,,,insufficient data,no theoretical (no recipe line / no matched dish),insufficient data,,2.0,0.0,3.0,104.98,0.0,0.0,
Lake Road,Potato Masala Mix (1Pkt = 90Gm),Pkt,63.023,72.889,57.0,15.7,-9.6,usage above recipe → recipe over-deducts or wastage,,recipe over-deducts: physical count found stock the recipe had already deducted (no store purchase),57.0,,6.0,17.333,188.28,0.0,3.222,100% via outlet sub-recipe
Lake Road,Rasam Bucket,Ltr,10.4,10.4,,0.0,,recipes match usage → stores likely making extra,nothing issued by CK,recipe over-deducts: physical count found stock the recipe had already deducted (no store purchase),,,0.0,10.05,351.07,0.0,-1.45,
Lake Road,Rasam Chhoke Pre-Mix (2 Mix -6gm + 42gm)= 48gm,Kg,,,0.72,,,insufficient data,no theoretical (no recipe line / no matched dish),insufficient data,0.816,,0.048,-0.672,-153.73,0.0,0.192,
Lake Road,Rasam Mix (1Pkt =15 gm),Kg,,,0.225,,,insufficient data,no theoretical (no recipe line / no matched dish),insufficient data,0.255,,0.015,-0.21,-75.62,0.0,0.06,
Lake Road,Rava Powder Mix,Kg,10.15,10.15,13.0,0.0,28.1,recipes match usage → stores likely making extra,but usage within 10% of CK issue: no sign of extra in-store making,"recipe, usage and issue broadly consistent",14.0,2.7,0.75,0.3,28.76,0.0,1.65,
Lake Road,Raw Mango Chutney Bucket,Kg,3.6,3.6,,0.0,,recipes match usage → stores likely making extra,nothing issued by CK,recipe over-deducts: physical count found stock the recipe had already deducted (no store purchase),,,0.0,4.5,734.56,0.0,-0.48,
Lake Road,Raw Mango Pickle Bucket,Kg,0.74,0.74,1.25,0.0,68.9,recipes match usage → stores likely making extra,but usage within 10% of CK issue: no sign of extra in-store making,"physical loss: more gone than recipe deducts (wastage, over-portioning or used as substitute)",1.25,,0.25,-0.56,-97.66,0.0,0.38,
Lake Road,Raw mango Powder Mix (1 Pkt = 13gm),Kg,0.398,0.392,0.676,-1.5,69.8,recipes match usage → stores likely making extra,but usage within 10% of CK issue: no sign of extra in-store making,"physical loss: more gone than recipe deducts (wastage, over-portioning or used as substitute)",0.728,,0.156,-0.244,-70.71,0.0,0.187,
Lake Road,Sambar Bucket,Ltr,1006.0,1006.0,820.0,0.0,-18.5,recipes match usage → stores likely making extra,,recipe over-deducts: physical count found stock the recipe had already deducted (no store purchase),865.0,,13.0,171.0,4508.94,0.0,-21.2,
Lake Road,Special Daal Bucket,Kg,14.621,14.621,9.0,0.0,-38.4,recipes match usage → stores likely making extra,,recipe over-deducts: physical count found stock the recipe had already deducted (no store purchase),10.0,,1.0,5.719,876.93,0.0,0.623,
Lake Road,Special White Coconut Chutney Bucket,Kg,19.1,19.1,,0.0,,recipes match usage → stores likely making extra,nothing issued by CK,recipe over-deducts: physical count found stock the recipe had already deducted (no store purchase),,,0.0,17.0,960.69,0.0,-3.75,
Lake Road,Spicy Coconut Chutney Mix 1Pkt (16gm),Kg,3.783,3.783,,0.0,,recipes match usage → stores likely making extra,nothing issued by CK,recipe over-deducts: physical count found stock the recipe had already deducted (no store purchase),,,0.0,3.569,583.51,0.0,-0.565,
Lake Road,Srivilli Kheer (1 Pc),Pc,74.0,75.0,100.0,1.4,35.1,recipes match usage → stores likely making extra,but usage within 10% of CK issue: no sign of extra in-store making,"recipe, usage and issue broadly consistent",104.0,21.0,5.0,-1.0,-26.49,0.0,9.0,
Lake Road,Steam Rice Bucket,Kg,17.732,17.732,24.0,0.0,35.3,recipes match usage → stores likely making extra,but usage within 10% of CK issue: no sign of extra in-store making,"recipe, usage and issue broadly consistent",27.0,6.9,2.0,-1.191,-66.91,0.0,0.107,
Lake Road,Thatte Idli Batter,Kg,,,22.0,,,insufficient data,no theoretical (no recipe line / no matched dish),insufficient data,25.0,1.8,0.0,-15.2,-384.18,0.0,7.8,
Lake Road,Thatte Idli Pc Raw,Pc,394.0,394.0,222.0,0.0,-43.7,recipes match usage → stores likely making extra,,recipe over-deducts: physical count found stock the recipe had already deducted (no store purchase),222.0,25.0,22.0,162.0,814.43,0.0,-41.0,
Lake Road,Thindi Malkapodi Powder Bucket,Kg,7.98,7.98,5.0,0.0,-37.3,recipes match usage → stores likely making extra,,recipe over-deducts: physical count found stock the recipe had already deducted (no store purchase),5.0,,0.8,2.98,580.54,0.0,0.73,
Lake Road,Tomato Onion Powder Mix (1 Pkt = 24gm),Kg,0.714,0.714,0.864,0.0,21.0,recipes match usage → stores likely making extra,but usage within 10% of CK issue: no sign of extra in-store making,"physical loss: more gone than recipe deducts (wastage, over-portioning or used as substitute)",0.96,,0.192,-0.188,-98.47,0.0,0.146,
Lake Road,Upma Mix (1pkt = 300gm),Kg,3.72,3.726,5.1,0.2,37.1,recipes match usage → stores likely making extra,but usage within 10% of CK issue: no sign of extra in-store making,"recipe, usage and issue broadly consistent",5.4,1.75,0.6,0.196,16.97,0.0,0.42,
Lake Town,Benne Dosa Batter (Pack Size -3 Kg ),Kg,51.6,51.6,57.0,0.0,10.5,recipes match usage → stores likely making extra,but usage within 10% of CK issue: no sign of extra in-store making,"recipe, usage and issue broadly consistent",53.0,5.07,0.0,-3.25,-106.68,0.0,-5.875,
Lake Town,Boiled & Mashed Potato (1Pkt = 3Kg),Kg,137.603,153.333,144.0,11.4,4.6,usage above recipe → recipe over-deducts or wastage,,"recipe, usage and issue broadly consistent",126.0,1.3,9.0,13.8,415.05,0.0,-11.0,100% via outlet sub-recipe
Lake Town,Chaat Masala Bucket,Kg,0.4,0.4,0.4,0.0,0.0,recipes match usage → stores likely making extra,but usage within 10% of CK issue: no sign of extra in-store making,"recipe, usage and issue broadly consistent",0.4,,0.2,-0.039,-13.95,0.0,0.125,
Lake Town,Coconut Shredded,Kg,127.239,127.586,90.0,0.3,-29.3,recipes match usage → stores likely making extra,,recipe over-deducts: physical count found stock the recipe had already deducted (no store purchase),80.0,,7.0,32.564,6372.23,0.0,-12.525,
Lake Town,Dadu`s Special Spicy Chutney,Kg,,,,,,insufficient data,no theoretical (no recipe line / no matched dish),insufficient data,,0.2,0.0,0.2,0.0,0.0,0.0,
Lake Town,Dahi Bucket Mix (1pkt =105gm),gm,2595.0,2595.0,2205.0,0.0,-15.0,recipes match usage → stores likely making extra,,recipe over-deducts: physical count found stock the recipe had already deducted (no store purchase),2205.0,,735.0,545.0,34.41,0.0,190.0,
Lake Town,Dosa Batter Mix,Kg,226.345,226.345,263.8,0.0,16.5,recipes match usage → stores likely making extra,but usage within 10% of CK issue: no sign of extra in-store making,"recipe, usage and issue broadly consistent",232.745,25.9,17.5,-6.806,-223.04,0.0,-9.849,
Lake Town,Garlic Chutney Bucket,Kg,7.815,7.815,8.1,0.0,3.6,recipes match usage → stores likely making extra,but usage within 10% of CK issue: no sign of extra in-store making,"recipe, usage and issue broadly consistent",7.2,0.2,0.44,0.04,10.13,0.0,-0.46,
Lake Town,Idli Pc Raw (1 Pkt =40pc),Pc,1237.0,1426.0,1440.0,15.3,16.4,usage above recipe → recipe over-deducts or wastage,,"recipe, usage and issue broadly consistent",1320.0,36.0,117.0,-1.0,-2.02,0.0,-79.0,
Lake Town,Imli Water,Ltr,2.331,2.347,1.5,0.7,-35.6,recipes match usage → stores likely making extra,,recipe over-deducts: physical count found stock the recipe had already deducted (no store purchase),1.5,,0.4,0.422,10.83,0.0,-0.016,
Lake Town,Jain Sambar Bucket,Ltr,43.4,43.4,252.0,0.0,480.6,recipes match usage → stores likely making extra,but usage within 10% of CK issue: no sign of extra in-store making,"physical loss: more gone than recipe deducts (wastage, over-portioning or used as substitute)",227.0,,10.0,-198.8,-4913.45,0.0,16.0,
Lake Town,Karam Podi Powder Bucket,Kg,0.48,0.48,0.5,0.0,4.2,recipes match usage → stores likely making extra,but usage within 10% of CK issue: no sign of extra in-store making,recipe over-deducts: physical count found stock the recipe had already deducted (no store purchase),0.5,,0.5,0.52,99.39,0.0,0.92,
Lake Town,Kesari Halwa Mix  (1pkt = 550gm),Kg,3.174,3.181,3.3,0.2,4.0,recipes match usage → stores likely making extra,but usage within 10% of CK issue: no sign of extra in-store making,"physical loss: more gone than recipe deducts (wastage, over-portioning or used as substitute)",2.75,0.3,1.65,-0.859,-59.68,0.0,1.16,
Lake Town,Korma Gravy Mix (1pkt=700gm),Kg,19.8,19.8,15.4,0.0,-22.2,recipes match usage → stores likely making extra,,recipe over-deducts: physical count found stock the recipe had already deducted (no store purchase),14.0,,0.7,3.78,573.03,0.0,-2.38,
Lake Town,Malabar Paratha  (1pkt= 6Pcs),Pc,224.0,224.0,210.0,0.0,-6.2,recipes match usage → stores likely making extra,but usage within 10% of CK issue: no sign of extra in-store making,"recipe, usage and issue broadly consistent",198.0,,28.0,6.0,54.2,0.0,-16.0,
Lake Town,Malabar Paratha Dough,Pc,,,6.0,,,insufficient data,no theoretical (no recipe line / no matched dish),insufficient data,6.0,,0.0,-6.0,-51.22,0.0,0.0,
Lake Town,Malkapodi Bucket,Kg,1.63,1.63,1.5,0.0,-8.0,recipes match usage → stores likely making extra,but usage within 10% of CK issue: no sign of extra in-store making,"recipe, usage and issue broadly consistent",1.5,,0.5,0.07,11.84,0.0,0.14,
Lake Town,Medu Vada Batter,Kg,,,46.0,,,insufficient data,no theoretical (no recipe line / no matched dish),insufficient data,41.0,0.6,3.0,-42.9,-2741.92,0.0,4.0,
Lake Town,Medu Vada Batter Mix,Kg,42.571,42.571,,0.0,,recipes match usage → stores likely making extra,nothing issued by CK,recipe over-deducts: physical count found stock the recipe had already deducted (no store purchase),,,0.0,39.698,2922.22,0.0,-7.487,
Lake Town,Medu Vada Batter Powder Mix (1 Pkt = 23gm),Kg,,,1.058,,,insufficient data,no theoretical (no recipe line / no matched dish),insufficient data,0.943,,0.092,-0.966,-251.54,0.0,0.115,
Lake Town,Mysore Chutney Bucket,Kg,6.68,6.68,5.4,0.0,-19.2,recipes match usage → stores likely making extra,,recipe over-deducts: physical count found stock the recipe had already deducted (no store purchase),4.8,0.15,1.0,0.8,135.9,0.0,-0.2,
Lake Town,Potato Masala Mix (1Pkt = 90Gm),Pkt,45.868,51.111,48.0,11.4,4.6,usage above recipe → recipe over-deducts or wastage,,"recipe, usage and issue broadly consistent",42.0,,4.0,4.0,43.44,0.0,-2.667,100% via outlet sub-recipe
Lake Town,Rava Powder Mix,Kg,4.65,4.65,6.0,0.0,29.0,recipes match usage → stores likely making extra,but usage within 10% of CK issue: no sign of extra in-store making,"physical loss: more gone than recipe deducts (wastage, over-portioning or used as substitute)",5.0,0.52,1.5,-0.98,-94.44,0.0,0.25,
Lake Town,Raw Mango Chutney Bucket,Kg,0.78,0.78,,0.0,,recipes match usage → stores likely making extra,nothing issued by CK,recipe over-deducts: physical count found stock the recipe had already deducted (no store purchase),,,0.3,0.694,112.17,0.0,0.24,
Lake Town,Raw mango Powder Mix (1 Pkt = 13gm),Kg,0.18,0.177,0.182,-1.7,1.1,recipes match usage → stores likely making extra,but usage within 10% of CK issue: no sign of extra in-store making,"recipe, usage and issue broadly consistent",0.182,,0.026,-0.014,-4.14,0.0,0.02,
Lake Town,Regular White Chutney Bucket,Kg,,,,,,insufficient data,no theoretical (no recipe line / no matched dish),insufficient data,,0.7,0.0,0.7,0.0,0.0,0.0,
Lake Town,Sambar Bucket,Ltr,574.0,574.0,390.0,0.0,-32.1,recipes match usage → stores likely making extra,,recipe over-deducts: physical count found stock the recipe had already deducted (no store purchase),360.0,,10.0,145.8,3837.32,0.0,-74.6,
Lake Town,Special Daal Bucket,Kg,8.765,8.789,3.0,0.3,-65.8,recipes match usage → stores likely making extra,,recipe over-deducts: physical count found stock the recipe had already deducted (no store purchase),3.0,,1.0,4.819,738.99,0.0,-0.489,
Lake Town,Special White Coconut Chutney Bucket,Kg,5.4,5.4,,0.0,,recipes match usage → stores likely making extra,nothing issued by CK,recipe over-deducts: physical count found stock the recipe had already deducted (no store purchase),,0.6,0.0,5.9,339.86,0.0,-1.1,
Lake Town,Spicy Coconut Chutney Mix 1Pkt (16gm),Kg,1.95,1.95,,0.0,,recipes match usage → stores likely making extra,nothing issued by CK,recipe over-deducts: physical count found stock the recipe had already deducted (no store purchase),,,0.0,1.765,291.34,0.0,-0.323,
Lake Town,Srivilli Kheer (1 Pc),Pc,50.0,50.0,54.0,0.0,8.0,recipes match usage → stores likely making extra,but usage within 10% of CK issue: no sign of extra in-store making,"recipe, usage and issue broadly consistent",48.0,,6.0,-2.0,-52.95,0.0,0.0,
Lake Town,Thatte Idli Pc Raw,Pc,197.0,197.0,198.0,0.0,0.5,recipes match usage → stores likely making extra,but usage within 10% of CK issue: no sign of extra in-store making,"recipe, usage and issue broadly consistent",174.0,3.0,10.0,-3.0,-14.86,0.0,-16.0,
Lake Town,Thindi Malkapodi Powder Bucket,Kg,4.295,4.295,2.0,0.0,-53.4,recipes match usage → stores likely making extra,,recipe over-deducts: physical count found stock the recipe had already deducted (no store purchase),1.5,,0.5,1.62,315.65,0.0,-0.495,
Lake Town,Tomato Onion Powder Mix (1 Pkt = 24gm),Kg,0.359,0.359,0.408,0.0,13.6,recipes match usage → stores likely making extra,but usage within 10% of CK issue: no sign of extra in-store making,"physical loss: more gone than recipe deducts (wastage, over-portioning or used as substitute)",0.36,,0.048,-0.082,-42.91,0.0,-0.013,
Lake Town,Upma Bucket,Kg,,,,,,insufficient data,no theoretical (no recipe line / no matched dish),insufficient data,,0.4,0.0,0.2,25.07,0.0,-0.2,
Lake Town,Upma Mix (1pkt = 300gm),Kg,1.26,1.26,2.1,0.0,66.7,recipes match usage → stores likely making extra,but usage within 10% of CK issue: no sign of extra in-store making,recipe over-deducts: physical count found stock the recipe had already deducted (no store purchase),1.8,0.9,0.6,0.66,57.18,0.0,0.18,
Manisquare,Benne Dosa Batter (Pack Size -3 Kg ),Kg,57.525,57.525,64.0,0.0,11.3,recipes match usage → stores likely making extra,but usage within 10% of CK issue: no sign of extra in-store making,"recipe, usage and issue broadly consistent",64.0,11.967,4.2,0.903,29.93,0.0,3.507,mall bulk entries: dish qty may be unreliable
Manisquare,Boiled & Mashed Potato (1Pkt = 3Kg),Kg,202.074,185.667,189.0,-8.1,-6.5,recipes match usage → stores likely making extra,but usage within 10% of CK issue: no sign of extra in-store making,"recipe, usage and issue broadly consistent",189.0,,6.0,-1.833,-55.37,0.0,7.5,100% via outlet sub-recipe; mall bulk entries: dish qty may be unreliable
Manisquare,Chaat Masala Bucket,Kg,0.299,0.299,0.2,0.0,-33.1,recipes match usage → stores likely making extra,,"physical loss: more gone than recipe deducts (wastage, over-portioning or used as substitute)",0.2,,0.12,-0.067,-24.03,0.0,0.062,mall bulk entries: dish qty may be unreliable
Manisquare,Coconut Shredded,Kg,146.117,146.16,93.0,0.0,-36.4,recipes match usage → stores likely making extra,,recipe over-deducts: physical count found stock the recipe had already deducted (no store purchase),93.0,,6.0,46.337,9088.63,0.0,2.614,mall bulk entries: dish qty may be unreliable
Manisquare,Dahi Bucket Mix (1pkt =105gm),gm,2030.0,2030.0,2415.0,0.0,19.0,recipes match usage → stores likely making extra,but usage within 10% of CK issue: no sign of extra in-store making,"recipe, usage and issue broadly consistent",2415.0,,735.0,10.0,0.63,0.0,645.0,mall bulk entries: dish qty may be unreliable
Manisquare,Dosa Batter Mix,Kg,337.427,337.427,387.0,0.0,14.7,recipes match usage → stores likely making extra,but usage within 10% of CK issue: no sign of extra in-store making,"recipe, usage and issue broadly consistent",385.362,63.656,21.2,9.377,307.18,0.0,33.846000000000004,mall bulk entries: dish qty may be unreliable
Manisquare,Filter Coffee Ice Cream (700gm= 1 Bucket),Kg,0.96,0.96,1.4,0.0,45.8,recipes match usage → stores likely making extra,but usage within 10% of CK issue: no sign of extra in-store making,"physical loss: more gone than recipe deducts (wastage, over-portioning or used as substitute)",1.4,0.274,0.0,-0.406,-94.95,0.0,0.46,mall bulk entries: dish qty may be unreliable
Manisquare,Garlic Chutney Bucket,Kg,6.555,6.555,5.7,0.0,-13.0,recipes match usage → stores likely making extra,,recipe over-deducts: physical count found stock the recipe had already deducted (no store purchase),5.7,,0.6,0.81,205.46,0.0,0.675,mall bulk entries: dish qty may be unreliable
Manisquare,Idli Pc Raw (1 Pkt =40pc),Pc,871.0,931.0,1000.0,6.9,14.8,recipes match usage → stores likely making extra,but usage within 10% of CK issue: no sign of extra in-store making,"recipe, usage and issue broadly consistent",1000.0,37.0,60.0,-13.0,-26.25,0.0,141.0,mall bulk entries: dish qty may be unreliable
Manisquare,Imli Water,Ltr,1.234,1.255,1.5,1.7,21.6,recipes match usage → stores likely making extra,but usage within 10% of CK issue: no sign of extra in-store making,"physical loss: more gone than recipe deducts (wastage, over-portioning or used as substitute)",1.5,,0.24,-0.145,-3.77,0.0,0.348,mall bulk entries: dish qty may be unreliable
Manisquare,Jain Sambar Bucket,Ltr,72.6,72.6,60.0,0.0,-17.4,recipes match usage → stores likely making extra,,usage above issue with no physical-count correction: unresolved,60.0,,0.0,3.6,89.43,0.0,-0.4000000000000003,mall bulk entries: dish qty may be unreliable
Manisquare,Karam Podi Powder Bucket,Kg,0.36,0.36,0.5,0.0,38.9,recipes match usage → stores likely making extra,but usage within 10% of CK issue: no sign of extra in-store making,"physical loss: more gone than recipe deducts (wastage, over-portioning or used as substitute)",0.5,,0.75,-0.096,-18.16,0.0,0.71,mall bulk entries: dish qty may be unreliable
Manisquare,Kesari Halwa Mix  (1pkt = 550gm),Kg,2.829,2.829,3.3,0.0,16.6,recipes match usage → stores likely making extra,but usage within 10% of CK issue: no sign of extra in-store making,"recipe, usage and issue broadly consistent",3.3,0.46,1.1,0.233,16.14,0.0,0.81,mall bulk entries: dish qty may be unreliable
Manisquare,Korma Gravy Mix (1pkt=700gm),Kg,8.1,8.1,7.0,0.0,-13.6,recipes match usage → stores likely making extra,,recipe over-deducts: physical count found stock the recipe had already deducted (no store purchase),7.0,,0.7,1.44,218.16,0.0,0.48,mall bulk entries: dish qty may be unreliable
Manisquare,Malabar Paratha  (1pkt= 6Pcs),Pc,90.0,90.0,90.0,0.0,0.0,recipes match usage → stores likely making extra,but usage within 10% of CK issue: no sign of extra in-store making,"recipe, usage and issue broadly consistent",90.0,,10.0,0.0,0.0,0.0,4.0,mall bulk entries: dish qty may be unreliable
Manisquare,Malkapodi Bucket,Kg,0.75,0.75,1.0,0.0,33.3,recipes match usage → stores likely making extra,but usage within 10% of CK issue: no sign of extra in-store making,"physical loss: more gone than recipe deducts (wastage, over-portioning or used as substitute)",1.0,,1.0,-0.077,-12.98,0.0,1.38,mall bulk entries: dish qty may be unreliable
Manisquare,Medu Vada Batter,Kg,,,36.0,,,insufficient data,no theoretical (no recipe line / no matched dish),insufficient data,36.0,1.151,2.0,-32.324,-2070.03,0.0,8.525,
Manisquare,Medu Vada Batter Mix,Kg,26.024,26.024,,0.0,,recipes match usage → stores likely making extra,nothing issued by CK,recipe over-deducts: physical count found stock the recipe had already deducted (no store purchase),,,0.0,24.092,1814.76,0.0,-4.806,mall bulk entries: dish qty may be unreliable
Manisquare,Medu Vada Batter Powder Mix (1 Pkt = 23gm),Kg,,,0.828,,,insufficient data,no theoretical (no recipe line / no matched dish),insufficient data,0.828,,0.069,-0.736,-194.13,0.0,0.2299999999999999,
Manisquare,Mysore Chutney Bucket,Kg,4.94,4.94,4.2,0.0,-15.0,recipes match usage → stores likely making extra,,recipe over-deducts: physical count found stock the recipe had already deducted (no store purchase),4.2,,0.75,0.8,135.7,0.0,0.47,mall bulk entries: dish qty may be unreliable
Manisquare,Potato Masala Mix (1Pkt = 90Gm),Pkt,67.358,61.889,61.0,-8.1,-9.4,recipes match usage → stores likely making extra,but usage within 10% of CK issue: no sign of extra in-store making,"recipe, usage and issue broadly consistent",61.0,,7.0,2.389,25.96,0.0,10.5,100% via outlet sub-recipe; mall bulk entries: dish qty may be unreliable
Manisquare,Rava Powder Mix,Kg,2.2,2.2,3.0,0.0,36.4,recipes match usage → stores likely making extra,but usage within 10% of CK issue: no sign of extra in-store making,"physical loss: more gone than recipe deducts (wastage, over-portioning or used as substitute)",3.0,,1.5,-2.46,-237.33,0.0,1.2,mall bulk entries: dish qty may be unreliable
Manisquare,Raw Curd Bucket,Kg,,,,,,insufficient data,no theoretical (no recipe line / no matched dish),insufficient data,,0.925,0.0,0.925,0.0,0.0,0.0,
Manisquare,Raw Mango Chutney Bucket,Kg,1.32,1.32,,0.0,,recipes match usage → stores likely making extra,nothing issued by CK,recipe over-deducts: physical count found stock the recipe had already deducted (no store purchase),,1.05,0.0,2.09,344.47,0.0,-0.48,mall bulk entries: dish qty may be unreliable
Manisquare,Raw mango Powder Mix (1 Pkt = 13gm),Kg,0.113,0.112,0.13,-0.9,15.0,recipes match usage → stores likely making extra,but usage within 10% of CK issue: no sign of extra in-store making,"recipe, usage and issue broadly consistent",0.13,,0.013,-0.002,-0.49,0.0,0.036,mall bulk entries: dish qty may be unreliable
Manisquare,Sambar Bucket,Ltr,631.0,631.0,351.0,0.0,-44.4,recipes match usage → stores likely making extra,,recipe over-deducts: physical count found stock the recipe had already deducted (no store purchase),351.0,,0.0,265.0,6993.24,0.0,-10.8,mall bulk entries: dish qty may be unreliable
Manisquare,Special Daal Bucket,Kg,10.039,10.042,7.0,0.0,-30.3,recipes match usage → stores likely making extra,,recipe over-deducts: physical count found stock the recipe had already deducted (no store purchase),7.0,,1.0,3.321,509.36,0.0,1.386,mall bulk entries: dish qty may be unreliable
Manisquare,Special White Coconut Chutney Bucket,Kg,1.05,1.05,,0.0,,recipes match usage → stores likely making extra,nothing issued by CK,recipe over-deducts: physical count found stock the recipe had already deducted (no store purchase),,,0.0,1.2,0.0,0.0,-0.15,mall bulk entries: dish qty may be unreliable
Manisquare,Spicy Coconut Chutney Mix 1Pkt (16gm),Kg,1.17,1.17,,0.0,,recipes match usage → stores likely making extra,nothing issued by CK,recipe over-deducts: physical count found stock the recipe had already deducted (no store purchase),,,0.0,1.037,162.26,0.0,-0.165,mall bulk entries: dish qty may be unreliable
Manisquare,Srivilli Kheer (1 Pc),Pc,53.0,53.0,56.0,0.0,5.7,recipes match usage → stores likely making extra,but usage within 10% of CK issue: no sign of extra in-store making,"recipe, usage and issue broadly consistent",56.0,2.0,1.0,0.0,0.0,0.0,5.0,mall bulk entries: dish qty may be unreliable
Manisquare,Thatte Idli Pc Raw,Pc,120.0,120.0,120.0,0.0,0.0,recipes match usage → stores likely making extra,but usage within 10% of CK issue: no sign of extra in-store making,"recipe, usage and issue broadly consistent",120.0,6.0,15.0,9.0,44.72,0.0,27.0,mall bulk entries: dish qty may be unreliable
Manisquare,Thindi Malkapodi Powder Bucket,Kg,3.67,3.67,2.0,0.0,-45.5,recipes match usage → stores likely making extra,,recipe over-deducts: physical count found stock the recipe had already deducted (no store purchase),2.0,,0.5,1.089,212.16,0.0,-0.07,mall bulk entries: dish qty may be unreliable
Manisquare,Tomato Onion Chutney Bucket,Kg,,,,,,insufficient data,no theoretical (no recipe line / no matched dish),insufficient data,,1.15,0.0,1.05,136.84,0.0,-0.3,
Manisquare,Tomato Onion Powder Mix (1 Pkt = 24gm),Kg,0.138,0.141,0.216,2.2,56.5,recipes match usage → stores likely making extra,but usage within 10% of CK issue: no sign of extra in-store making,"physical loss: more gone than recipe deducts (wastage, over-portioning or used as substitute)",0.216,,0.048,-0.025,-13.13,0.0,0.064,mall bulk entries: dish qty may be unreliable
Manisquare,Upma Mix (1pkt = 300gm),Kg,1.02,1.02,1.8,0.0,76.5,recipes match usage → stores likely making extra,but usage within 10% of CK issue: no sign of extra in-store making,"recipe, usage and issue broadly consistent",1.8,0.55,0.9,0.02,1.73,0.0,0.81,mall bulk entries: dish qty may be unreliable
Model Town,Benne Dosa Batter (Pack Size -3 Kg ),Kg,90.05,90.05,133.0,0.0,47.7,recipes match usage → stores likely making extra,but usage within 10% of CK issue: no sign of extra in-store making,"physical loss: more gone than recipe deducts (wastage, over-portioning or used as substitute)",133.0,6.98,3.0,-23.945,-742.54,0.0,2.9,Delhi dishes carry 3 chutneys by design
Model Town,Boiled & Mashed Potato (1Pkt = 3Kg),Kg,151.833,177.267,183.0,16.8,20.5,usage above recipe → recipe over-deducts or wastage,,recipe over-deducts: physical count found stock the recipe had already deducted (no store purchase),186.0,3.86,2.5,19.193,640.6,0.0,1.0670000000000002,85% via outlet sub-recipe; Delhi dishes carry 3 chutneys by design
Model Town,Boondi,Kg,1.65,1.65,2.25,0.0,36.4,recipes match usage → stores likely making extra,but usage within 10% of CK issue: no sign of extra in-store making,"physical loss: more gone than recipe deducts (wastage, over-portioning or used as substitute)",2.5,,0.25,-0.645,-38.46,0.0,0.525,Delhi dishes carry 3 chutneys by design
Model Town,Chaat Masala Bucket,Kg,0.522,0.522,1.0,0.0,91.6,recipes match usage → stores likely making extra,but usage within 10% of CK issue: no sign of extra in-store making,"physical loss: more gone than recipe deducts (wastage, over-portioning or used as substitute)",1.1,,0.11,-0.464,-143.44,0.0,0.158,Delhi dishes carry 3 chutneys by design
Model Town,Coconut Shredded,Kg,173.598,222.152,60.0,28.0,-65.4,usage above recipe → recipe over-deducts or wastage,,recipe over-deducts: physical count found stock the recipe had already deducted (no store purchase),63.0,0.418,6.0,170.598,42129.53,0.0,-13.538,1% via outlet sub-recipe; Delhi dishes carry 3 chutneys by design
Model Town,Dahi Bucket Mix (1pkt =105gm),gm,2265.0,2265.0,3151.05,0.0,39.1,recipes match usage → stores likely making extra,but usage within 10% of CK issue: no sign of extra in-store making,recipe over-deducts: physical count found stock the recipe had already deducted (no store purchase),3151.05,,2000.0,1203.95,80.84,0.0,3095.0,Delhi dishes carry 3 chutneys by design
Model Town,Dosa Batter Mix,Kg,277.505,277.505,395.0,0.0,42.3,recipes match usage → stores likely making extra,but usage within 10% of CK issue: no sign of extra in-store making,"physical loss: more gone than recipe deducts (wastage, over-portioning or used as substitute)",410.0,21.38,12.0,-59.685,-1809.91,0.0,15.135000000000002,Delhi dishes carry 3 chutneys by design
Model Town,Frozen Medu Vada (10pc),Pc,681.0,681.0,,0.0,,recipes match usage → stores likely making extra,nothing issued by CK,recipe over-deducts: physical count found stock the recipe had already deducted (no store purchase),,,0.0,660.0,3303.88,0.0,-93.0,Delhi dishes carry 3 chutneys by design
Model Town,Garam Masala Powder Bucket,Kg,0.019,0.019,,0.0,,recipes match usage → stores likely making extra,nothing issued by CK,recipe over-deducts: physical count found stock the recipe had already deducted (no store purchase),,,0.42,0.337,494.87,0.0,0.416,Delhi dishes carry 3 chutneys by design
Model Town,Garlic Chutney Bucket,Kg,12.21,12.21,13.5,0.0,10.6,recipes match usage → stores likely making extra,but usage within 10% of CK issue: no sign of extra in-store making,"recipe, usage and issue broadly consistent",14.0,,0.5,0.81,207.02,0.0,1.24,Delhi dishes carry 3 chutneys by design
Model Town,Idli Batter,Kg,,,68.0,,,insufficient data,no theoretical (no recipe line / no matched dish),insufficient data,71.0,1.7,4.0,-61.07,-1812.82,0.0,8.0,
Model Town,Idli Pc Raw (1 Pkt =40pc),Pc,1139.0,1139.0,,0.0,,recipes match usage → stores likely making extra,nothing issued by CK,recipe over-deducts: physical count found stock the recipe had already deducted (no store purchase),,,0.0,1146.0,2221.5,0.0,-127.0,Delhi dishes carry 3 chutneys by design
Model Town,Imli Water,Ltr,11.8,11.8,12.0,0.0,1.7,recipes match usage → stores likely making extra,but usage within 10% of CK issue: no sign of extra in-store making,"recipe, usage and issue broadly consistent",12.0,,0.6,0.974,27.46,0.0,0.2889999999999999,Delhi dishes carry 3 chutneys by design
Model Town,Jain Sambar - Delhi,Ltr,39.0,39.0,30.0,0.0,-23.1,recipes match usage → stores likely making extra,,recipe over-deducts: physical count found stock the recipe had already deducted (no store purchase),32.0,1.0,1.0,12.4,402.78,0.0,1.8,Delhi dishes carry 3 chutneys by design
Model Town,Karam Podi Powder Bucket,Kg,1.04,1.04,1.5,0.0,44.2,recipes match usage → stores likely making extra,but usage within 10% of CK issue: no sign of extra in-store making,"physical loss: more gone than recipe deducts (wastage, over-portioning or used as substitute)",2.0,,0.0,-1.08,-208.16,0.0,0.34,Delhi dishes carry 3 chutneys by design
Model Town,Kesari Halwa Mix  (1pkt = 550gm),Kg,4.071,4.071,5.5,0.0,35.1,recipes match usage → stores likely making extra,but usage within 10% of CK issue: no sign of extra in-store making,"physical loss: more gone than recipe deducts (wastage, over-portioning or used as substitute)",6.05,,0.0,-1.843,-129.58,0.0,-0.071,Delhi dishes carry 3 chutneys by design
Model Town,Korma Gravy Mix (1pkt=700gm),Kg,15.78,15.78,21.7,0.0,37.5,recipes match usage → stores likely making extra,but usage within 10% of CK issue: no sign of extra in-store making,"physical loss: more gone than recipe deducts (wastage, over-portioning or used as substitute)",23.1,,1.2,-4.02,-620.95,0.0,1.16,Delhi dishes carry 3 chutneys by design
Model Town,Lemon Rice Bucket,Kg,4.0,4.0,7.0,0.0,75.0,recipes match usage → stores likely making extra,but usage within 10% of CK issue: no sign of extra in-store making,"physical loss: more gone than recipe deducts (wastage, over-portioning or used as substitute)",7.0,,0.9,-2.05,-155.91,0.0,1.0,Delhi dishes carry 3 chutneys by design
Model Town,Malabar Paratha  (1pkt= 6Pcs),Pc,180.0,180.0,48.0,0.0,-73.3,recipes match usage → stores likely making extra,,recipe over-deducts: physical count found stock the recipe had already deducted (no store purchase),48.0,,0.0,141.0,1134.92,0.0,-10.0,Delhi dishes carry 3 chutneys by design
Model Town,Malabar Paratha Dough,Pc,,,140.0,,,insufficient data,no theoretical (no recipe line / no matched dish),insufficient data,152.0,2.0,12.0,-128.0,-986.57,0.0,24.0,
Model Town,Malkapodi Bucket,Kg,4.81,4.81,4.5,0.0,-6.4,recipes match usage → stores likely making extra,but usage within 10% of CK issue: no sign of extra in-store making,"recipe, usage and issue broadly consistent",5.0,,0.5,0.45,77.21,0.0,0.71,Delhi dishes carry 3 chutneys by design
Model Town,Mysore Chutney Bucket,Kg,9.37,9.37,10.5,0.0,12.1,recipes match usage → stores likely making extra,but usage within 10% of CK issue: no sign of extra in-store making,"recipe, usage and issue broadly consistent",10.5,,1.0,0.2,36.63,0.0,0.29,Delhi dishes carry 3 chutneys by design
Model Town,Potato Masala Bucket,Kg,6.6,6.6,,0.0,,recipes match usage → stores likely making extra,nothing issued by CK,recipe over-deducts: physical count found stock the recipe had already deducted (no store purchase),,,0.0,7.0,290.53,0.0,-1.0,Delhi dishes carry 3 chutneys by design
Model Town,Potato Masala Mix (1Pkt = 90Gm),Pkt,50.536,59.014,48.0,16.8,-5.0,usage above recipe → recipe over-deducts or wastage,,recipe over-deducts: physical count found stock the recipe had already deducted (no store purchase),48.0,,4.0,25.479,266.56,0.0,7.529,85% via outlet sub-recipe; Delhi dishes carry 3 chutneys by design
Model Town,Rasam Bucket,Ltr,7.5,7.5,,0.0,,recipes match usage → stores likely making extra,nothing issued by CK,recipe over-deducts: physical count found stock the recipe had already deducted (no store purchase),,,0.0,7.0,255.03,0.0,-3.2,Delhi dishes carry 3 chutneys by design
Model Town,Rasam Chhoke Pre-Mix (2 Mix -6gm + 42gm)= 48gm,Kg,,,0.672,,,insufficient data,no theoretical (no recipe line / no matched dish),insufficient data,0.576,,0.144,-0.528,-133.34,0.0,0.144,
Model Town,Rasam Mix (1Pkt =15 gm),Kg,,,0.225,,,insufficient data,no theoretical (no recipe line / no matched dish),insufficient data,0.195,0.03,0.045,-0.15,-45.44,0.0,0.06,
Model Town,Rava Powder Mix,Kg,7.65,7.65,10.0,0.0,30.7,recipes match usage → stores likely making extra,but usage within 10% of CK issue: no sign of extra in-store making,"physical loss: more gone than recipe deducts (wastage, over-portioning or used as substitute)",11.0,,1.2,-1.7,-158.5,0.0,2.5,Delhi dishes carry 3 chutneys by design
Model Town,Raw Mango Chutney Bucket,Kg,6.29,,,,,insufficient data,no store consumption recorded,insufficient data,,,,,,,,100% of qty from lines marked (Inactive) in recipe; Delhi dishes carry 3 chutneys by design
Model Town,Raw Mango Pickle Bucket,Kg,0.31,0.31,1.0,0.0,222.6,recipes match usage → stores likely making extra,but usage within 10% of CK issue: no sign of extra in-store making,"physical loss: more gone than recipe deducts (wastage, over-portioning or used as substitute)",1.0,,0.0,-0.58,-135.25,0.0,0.21,Delhi dishes carry 3 chutneys by design
Model Town,Raw mango Powder Mix (1 Pkt = 13gm),Kg,,,0.169,,,insufficient data,no theoretical (no recipe line / no matched dish),insufficient data,0.195,,0.013,-0.169,-55.62,0.0,0.052,
Model Town,Regular White Chutney Bucket,Kg,3.9,,,,,insufficient data,no store consumption recorded,insufficient data,,,,,,,,100% of qty from lines marked (Inactive) in recipe; Delhi dishes carry 3 chutneys by design
Model Town,Sambar Bucket,Ltr,5.0,5.0,,0.0,,recipes match usage → stores likely making extra,nothing issued by CK,recipe over-deducts: physical count found stock the recipe had already deducted (no store purchase),,,0.0,5.0,152.39,0.0,-36.0,Delhi dishes carry 3 chutneys by design
Model Town,Sambar Bucket - Delhi,Ltr,1058.8,1058.8,710.0,0.0,-32.9,recipes match usage → stores likely making extra,,recipe over-deducts: physical count found stock the recipe had already deducted (no store purchase),755.0,,40.0,417.7,14082.3,0.0,-2.0,Delhi dishes carry 3 chutneys by design
Model Town,Special Daal Bucket,Kg,6.152,6.152,3.0,0.0,-51.2,recipes match usage → stores likely making extra,,recipe over-deducts: physical count found stock the recipe had already deducted (no store purchase),4.0,,0.0,2.9,426.97,0.0,0.328,Delhi dishes carry 3 chutneys by design
Model Town,Special White Coconut Chutney Bucket,Kg,1.5,1.5,,0.0,,recipes match usage → stores likely making extra,nothing issued by CK,recipe over-deducts: physical count found stock the recipe had already deducted (no store purchase),,,0.0,1.5,126.35,0.0,-0.5,Delhi dishes carry 3 chutneys by design
Model Town,Spicy Coconut Chutney Mix 1Pkt (16gm),Kg,8.651,,,,,insufficient data,no store consumption recorded,insufficient data,,,,,,,,100% of qty from lines marked (Inactive) in recipe; Delhi dishes carry 3 chutneys by design
Model Town,Srivilli Kheer (1 Pc),Pc,26.0,40.0,45.0,53.8,73.1,usage above recipe → recipe over-deducts or wastage,,recipe over-deducts: physical count found stock the recipe had already deducted (no store purchase),45.0,11.0,0.0,6.0,190.97,0.0,-3.0,Delhi dishes carry 3 chutneys by design
Model Town,Steam Rice Bucket,Kg,7.95,7.95,10.5,0.0,32.1,recipes match usage → stores likely making extra,but usage within 10% of CK issue: no sign of extra in-store making,"physical loss: more gone than recipe deducts (wastage, over-portioning or used as substitute)",11.0,0.5,0.6,-1.55,-73.88,0.0,-0.0999999999999999,Delhi dishes carry 3 chutneys by design
Model Town,Sugar Syrup Bucket,Ltr,6.3,,,,,insufficient data,no store consumption recorded,insufficient data,,,,,,,,100% of qty from lines marked (Inactive) in recipe; Delhi dishes carry 3 chutneys by design
Model Town,Thatte Idli Batter,Kg,,,43.0,,,insufficient data,no theoretical (no recipe line / no matched dish),insufficient data,46.0,6.8,5.5,-33.3,-846.45,0.0,7.5,
Model Town,Thatte Idli Pc Raw,Pc,287.0,287.0,,0.0,,recipes match usage → stores likely making extra,nothing issued by CK,recipe over-deducts: physical count found stock the recipe had already deducted (no store purchase),,,0.0,279.0,1489.74,0.0,-54.0,Delhi dishes carry 3 chutneys by design
Model Town,Thindi Malkapodi Powder Bucket,Kg,5.455,5.455,3.0,0.0,-45.0,recipes match usage → stores likely making extra,,recipe over-deducts: physical count found stock the recipe had already deducted (no store purchase),3.0,,0.7,2.215,443.73,0.0,0.04,Delhi dishes carry 3 chutneys by design
Model Town,Tomato Onion Chutney Bucket,Kg,178.72,,,,,insufficient data,no store consumption recorded,insufficient data,,,,,,,,100% of qty from lines marked (Inactive) in recipe; Delhi dishes carry 3 chutneys by design
Model Town,Tomato Onion Powder Mix (1 Pkt = 24gm),Kg,0.381,0.381,6.336,0.0,1563.0,recipes match usage → stores likely making extra,but usage within 10% of CK issue: no sign of extra in-store making,"physical loss: more gone than recipe deducts (wastage, over-portioning or used as substitute)",6.144,,0.81,-4.74,-2469.83,0.0,1.254,Delhi dishes carry 3 chutneys by design
Model Town,Upma Mix (1pkt = 300gm),Kg,1.92,1.92,3.0,0.0,56.3,recipes match usage → stores likely making extra,but usage within 10% of CK issue: no sign of extra in-store making,"physical loss: more gone than recipe deducts (wastage, over-portioning or used as substitute)",3.0,,0.6,-0.42,-35.13,0.0,0.78,Delhi dishes carry 3 chutneys by design
New Town - Cloud Kitchen,Benne Dosa Batter (Pack Size -3 Kg ),Kg,25.825,25.825,28.0,0.0,8.4,recipes match usage → stores likely making extra,but usage within 10% of CK issue: no sign of extra in-store making,"recipe, usage and issue broadly consistent",28.0,3.55,5.0,2.15,70.43,0.0,9.55,
New Town - Cloud Kitchen,Boiled & Mashed Potato (1Pkt = 3Kg),Kg,89.7,92.2,,2.8,,recipes match usage → stores likely making extra,nothing issued by CK,recipe over-deducts: physical count found stock the recipe had already deducted (no store purchase),,,8.5,86.967,2709.61,0.0,-4.7,100% via outlet sub-recipe
New Town - Cloud Kitchen,Chaat Masala Bucket,Kg,0.216,0.216,0.1,0.0,-53.7,recipes match usage → stores likely making extra,,recipe over-deducts: physical count found stock the recipe had already deducted (no store purchase),0.1,,0.15,0.065,23.24,0.0,0.122,
New Town - Cloud Kitchen,Coconut Shredded,Kg,77.057,77.055,68.0,-0.0,-11.8,recipes match usage → stores likely making extra,,recipe over-deducts: physical count found stock the recipe had already deducted (no store purchase),68.0,,6.0,10.482,2051.03,0.0,14.703,
New Town - Cloud Kitchen,Dahi Bucket Mix (1pkt =105gm),gm,1780.0,1780.0,1470.0,0.0,-17.4,recipes match usage → stores likely making extra,,recipe over-deducts: physical count found stock the recipe had already deducted (no store purchase),1470.0,,210.0,350.0,22.05,0.0,555.0,
New Town - Cloud Kitchen,Dosa Batter Mix,Kg,145.022,145.022,166.0,0.0,14.5,recipes match usage → stores likely making extra,but usage within 10% of CK issue: no sign of extra in-store making,"recipe, usage and issue broadly consistent",166.0,14.8,20.5,-7.019,-229.92,0.0,44.011,
New Town - Cloud Kitchen,Garam Masala Powder Bucket,Kg,0.019,0.019,,0.0,,recipes match usage → stores likely making extra,nothing issued by CK,"physical loss: more gone than recipe deducts (wastage, over-portioning or used as substitute)",,,0.03,-0.004,-5.21,0.0,0.109,
New Town - Cloud Kitchen,Garlic Chutney Bucket,Kg,2.985,2.985,3.6,0.0,20.6,recipes match usage → stores likely making extra,but usage within 10% of CK issue: no sign of extra in-store making,recipe over-deducts: physical count found stock the recipe had already deducted (no store purchase),3.6,1.05,0.55,0.87,220.46,0.0,0.955,
New Town - Cloud Kitchen,Idli Pc Raw (1 Pkt =40pc),Pc,912.0,1097.0,1090.0,20.3,19.5,usage above recipe → recipe over-deducts or wastage,,"recipe, usage and issue broadly consistent",1090.0,9.0,163.0,26.0,52.49,0.0,218.0,
New Town - Cloud Kitchen,Imli Water,Ltr,0.825,0.825,1.2,0.0,45.5,recipes match usage → stores likely making extra,but usage within 10% of CK issue: no sign of extra in-store making,recipe over-deducts: physical count found stock the recipe had already deducted (no store purchase),1.2,0.2,0.25,0.099,2.47,0.0,0.406,
New Town - Cloud Kitchen,Jain Sambar Bucket,Ltr,25.6,25.6,70.0,0.0,173.4,recipes match usage → stores likely making extra,but usage within 10% of CK issue: no sign of extra in-store making,"physical loss: more gone than recipe deducts (wastage, over-portioning or used as substitute)",70.0,,3.0,-38.2,-949.72,0.0,23.4,
New Town - Cloud Kitchen,Karam Podi Powder Bucket,Kg,0.2,0.2,0.5,0.0,150.0,recipes match usage → stores likely making extra,but usage within 10% of CK issue: no sign of extra in-store making,"physical loss: more gone than recipe deducts (wastage, over-portioning or used as substitute)",0.5,,0.45,-0.19,-36.07,0.0,0.41,
New Town - Cloud Kitchen,Kesari Halwa Mix  (1pkt = 550gm),Kg,3.381,3.381,3.85,0.0,13.9,recipes match usage → stores likely making extra,but usage within 10% of CK issue: no sign of extra in-store making,"physical loss: more gone than recipe deducts (wastage, over-portioning or used as substitute)",3.85,0.13,0.825,-0.478,-33.09,0.0,1.304,
New Town - Cloud Kitchen,Korma Gravy Mix (1pkt=700gm),Kg,7.02,7.02,7.0,0.0,-0.3,recipes match usage → stores likely making extra,but usage within 10% of CK issue: no sign of extra in-store making,"recipe, usage and issue broadly consistent",7.0,0.8,0.0,0.19,28.8,0.0,1.36,
New Town - Cloud Kitchen,Lemon Rice Bucket,Kg,5.5,5.5,6.5,0.0,18.2,recipes match usage → stores likely making extra,but usage within 10% of CK issue: no sign of extra in-store making,"recipe, usage and issue broadly consistent",7.0,1.15,1.0,-0.35,-30.59,0.0,1.75,
New Town - Cloud Kitchen,Malabar Paratha  (1pkt= 6Pcs),Pc,78.0,78.0,4.0,0.0,-94.9,recipes match usage → stores likely making extra,,recipe over-deducts: physical count found stock the recipe had already deducted (no store purchase),4.0,,0.0,62.0,533.12,0.0,-16.0,
New Town - Cloud Kitchen,Malabar Paratha Dough,Pc,,,90.0,,,insufficient data,no theoretical (no recipe line / no matched dish),insufficient data,90.0,12.0,2.0,-58.0,-498.57,0.0,26.0,
New Town - Cloud Kitchen,Malkapodi Bucket,Kg,1.245,1.245,1.0,0.0,-19.7,recipes match usage → stores likely making extra,,usage above issue with no physical-count correction: unresolved,1.0,,0.7,0.085,14.44,0.0,0.57,
New Town - Cloud Kitchen,Medu Vada Batter,Kg,,,32.0,,,insufficient data,no theoretical (no recipe line / no matched dish),insufficient data,32.0,,3.0,-29.0,-1856.72,0.0,11.0,
New Town - Cloud Kitchen,Medu Vada Batter Mix,Kg,29.25,29.25,,0.0,,recipes match usage → stores likely making extra,nothing issued by CK,recipe over-deducts: physical count found stock the recipe had already deducted (no store purchase),,3.5,0.0,32.874,2519.1,0.0,-5.11,
New Town - Cloud Kitchen,Medu Vada Batter Powder Mix (1 Pkt = 23gm),Kg,,,0.736,,,insufficient data,no theoretical (no recipe line / no matched dish),insufficient data,0.736,,0.069,-0.621,-161.9,0.0,0.253,
New Town - Cloud Kitchen,Mysore Chutney Bucket,Kg,2.76,2.76,3.3,0.0,19.6,recipes match usage → stores likely making extra,but usage within 10% of CK issue: no sign of extra in-store making,"recipe, usage and issue broadly consistent",3.3,0.55,0.3,-0.01,-1.69,0.0,1.06,
New Town - Cloud Kitchen,Potato Masala Mix (1Pkt = 90Gm),Pkt,29.9,30.733,29.0,2.8,-3.0,recipes match usage → stores likely making extra,but usage within 10% of CK issue: no sign of extra in-store making,"recipe, usage and issue broadly consistent",29.0,,2.0,1.822,19.83,0.0,8.6,100% via outlet sub-recipe
New Town - Cloud Kitchen,Rava Powder Mix,Kg,2.05,2.05,2.0,0.0,-2.4,recipes match usage → stores likely making extra,but usage within 10% of CK issue: no sign of extra in-store making,recipe over-deducts: physical count found stock the recipe had already deducted (no store purchase),2.0,0.55,0.9,0.35,33.43,0.0,0.6,
New Town - Cloud Kitchen,Raw Mango Chutney Bucket,Kg,0.24,0.24,,0.0,,recipes match usage → stores likely making extra,nothing issued by CK,recipe over-deducts: physical count found stock the recipe had already deducted (no store purchase),,,0.4,0.58,96.73,0.0,0.94,
New Town - Cloud Kitchen,Raw Mango Pickle Bucket,Kg,0.325,0.325,0.75,0.0,130.8,recipes match usage → stores likely making extra,but usage within 10% of CK issue: no sign of extra in-store making,"physical loss: more gone than recipe deducts (wastage, over-portioning or used as substitute)",0.75,0.2,0.25,-0.08,-13.9,0.0,0.43,
New Town - Cloud Kitchen,Raw mango Powder Mix (1 Pkt = 13gm),Kg,0.054,0.053,0.065,-1.9,20.4,recipes match usage → stores likely making extra,but usage within 10% of CK issue: no sign of extra in-store making,"physical loss: more gone than recipe deducts (wastage, over-portioning or used as substitute)",0.065,,0.013,-0.028,-8.35,0.0,0.005,
New Town - Cloud Kitchen,Sambar Bucket,Ltr,355.8,355.8,350.0,0.0,-1.6,recipes match usage → stores likely making extra,but usage within 10% of CK issue: no sign of extra in-store making,"recipe, usage and issue broadly consistent",350.0,,20.0,-1.6,-42.01,0.0,55.0,
New Town - Cloud Kitchen,Special Daal Bucket,Kg,5.3,5.3,3.0,0.0,-43.4,recipes match usage → stores likely making extra,,recipe over-deducts: physical count found stock the recipe had already deducted (no store purchase),3.0,,0.3,1.894,290.28,0.0,0.37,
New Town - Cloud Kitchen,Special White Coconut Chutney Bucket,Kg,3.55,3.55,,0.0,,recipes match usage → stores likely making extra,nothing issued by CK,recipe over-deducts: physical count found stock the recipe had already deducted (no store purchase),,,0.0,3.55,200.57,0.0,0.0,
New Town - Cloud Kitchen,Spicy Coconut Chutney Mix 1Pkt (16gm),Kg,0.622,0.622,,0.0,,recipes match usage → stores likely making extra,nothing issued by CK,recipe over-deducts: physical count found stock the recipe had already deducted (no store purchase),,,0.0,0.629,104.11,0.0,-0.093,
New Town - Cloud Kitchen,Srivilli Kheer (1 Pc),Pc,15.0,15.0,35.0,0.0,133.3,recipes match usage → stores likely making extra,but usage within 10% of CK issue: no sign of extra in-store making,"recipe, usage and issue broadly consistent",35.0,18.0,1.0,0.0,0.0,0.0,6.0,
New Town - Cloud Kitchen,Steam Rice Bucket,Kg,7.24,7.24,10.0,0.0,38.1,recipes match usage → stores likely making extra,but usage within 10% of CK issue: no sign of extra in-store making,"physical loss: more gone than recipe deducts (wastage, over-portioning or used as substitute)",11.0,3.65,0.9,-0.82,-46.39,0.0,2.98,
New Town - Cloud Kitchen,Thatte Idli Pc Raw,Pc,51.0,51.0,48.0,0.0,-5.9,recipes match usage → stores likely making extra,but usage within 10% of CK issue: no sign of extra in-store making,"recipe, usage and issue broadly consistent",54.0,,3.0,1.0,4.98,0.0,8.0,
New Town - Cloud Kitchen,Thindi Malkapodi Powder Bucket,Kg,0.765,0.765,0.5,0.0,-34.6,recipes match usage → stores likely making extra,,recipe over-deducts: physical count found stock the recipe had already deducted (no store purchase),0.5,,0.15,0.365,70.89,0.0,1.045,
New Town - Cloud Kitchen,Tomato Onion Powder Mix (1 Pkt = 24gm),Kg,0.116,0.116,0.12,0.0,3.4,recipes match usage → stores likely making extra,but usage within 10% of CK issue: no sign of extra in-store making,"physical loss: more gone than recipe deducts (wastage, over-portioning or used as substitute)",0.12,,0.024,-0.013,-6.63,0.0,0.021,
"Pacific Mall, Jasola",Benne Dosa Batter (Pack Size -3 Kg ),Kg,96.225,96.225,163.0,0.0,69.4,recipes match usage → stores likely making extra,but usage within 10% of CK issue: no sign of extra in-store making,"physical loss: more gone than recipe deducts (wastage, over-portioning or used as substitute)",163.0,,3.0,-50.425,-1539.48,0.0,6.975,Delhi dishes carry 3 chutneys by design
"Pacific Mall, Jasola",Boiled & Mashed Potato (1Pkt = 3Kg),Kg,179.867,143.867,193.5,-20.0,7.6,insufficient data,usage below recipe by >10%,"physical loss: more gone than recipe deducts (wastage, over-portioning or used as substitute)",191.5,,3.0,-37.733,-1259.78,0.0,3.1,90% via outlet sub-recipe; Delhi dishes carry 3 chutneys by design
"Pacific Mall, Jasola",Boondi,Kg,1.395,1.395,1.5,0.0,7.5,recipes match usage → stores likely making extra,but usage within 10% of CK issue: no sign of extra in-store making,"recipe, usage and issue broadly consistent",1.5,,0.35,-0.05,-2.97,0.0,0.17,Delhi dishes carry 3 chutneys by design
"Pacific Mall, Jasola",Chaat Masala Bucket,Kg,0.53,0.53,0.9,0.0,69.8,recipes match usage → stores likely making extra,but usage within 10% of CK issue: no sign of extra in-store making,"physical loss: more gone than recipe deducts (wastage, over-portioning or used as substitute)",0.9,,0.2,-0.168,-52.13,0.0,0.244,Delhi dishes carry 3 chutneys by design
"Pacific Mall, Jasola",Coconut Shredded,Kg,190.972,189.869,63.0,-0.6,-67.0,recipes match usage → stores likely making extra,,recipe over-deducts: physical count found stock the recipe had already deducted (no store purchase),64.0,2.8,3.0,128.353,31780.82,0.0,-18.436,1% via outlet sub-recipe; Delhi dishes carry 3 chutneys by design
"Pacific Mall, Jasola",Dahi Bucket Mix (1pkt =105gm),gm,2130.0,2130.0,2940.525,0.0,38.1,recipes match usage → stores likely making extra,but usage within 10% of CK issue: no sign of extra in-store making,"physical loss: more gone than recipe deducts (wastage, over-portioning or used as substitute)",2835.525,,210.0,-435.525,-29.47,0.0,525.0,Delhi dishes carry 3 chutneys by design
"Pacific Mall, Jasola",Dosa Batter Mix,Kg,319.55,319.55,540.0,0.0,69.0,recipes match usage → stores likely making extra,but usage within 10% of CK issue: no sign of extra in-store making,"physical loss: more gone than recipe deducts (wastage, over-portioning or used as substitute)",540.0,20.5,5.0,-142.785,-4326.58,0.0,22.67,Delhi dishes carry 3 chutneys by design
"Pacific Mall, Jasola",Frozen Medu Vada (10pc),Pc,694.0,694.0,,0.0,,recipes match usage → stores likely making extra,nothing issued by CK,recipe over-deducts: physical count found stock the recipe had already deducted (no store purchase),,,0.0,695.0,3448.03,0.0,-84.0,Delhi dishes carry 3 chutneys by design
"Pacific Mall, Jasola",Garam Masala Powder Bucket,Kg,0.033,0.033,0.2,0.0,506.1,recipes match usage → stores likely making extra,but usage within 10% of CK issue: no sign of extra in-store making,"physical loss: more gone than recipe deducts (wastage, over-portioning or used as substitute)",0.2,,0.15,-0.019,-27.19,0.0,0.143,Delhi dishes carry 3 chutneys by design
"Pacific Mall, Jasola",Garlic Chutney Bucket,Kg,10.32,10.32,15.0,0.0,45.3,recipes match usage → stores likely making extra,but usage within 10% of CK issue: no sign of extra in-store making,"physical loss: more gone than recipe deducts (wastage, over-portioning or used as substitute)",15.0,1.39,1.0,-2.2,-560.28,0.0,0.41,Delhi dishes carry 3 chutneys by design
"Pacific Mall, Jasola",Idli Batter,Kg,,,89.0,,,insufficient data,no theoretical (no recipe line / no matched dish),insufficient data,88.0,0.73,4.0,-76.27,-2259.46,0.0,13.0,
"Pacific Mall, Jasola",Idli Pc Raw (1 Pkt =40pc),Pc,1005.0,1005.0,,0.0,,recipes match usage → stores likely making extra,nothing issued by CK,recipe over-deducts: physical count found stock the recipe had already deducted (no store purchase),,,0.0,980.0,1926.89,0.0,-147.0,Delhi dishes carry 3 chutneys by design
"Pacific Mall, Jasola",Imli Water,Ltr,12.697,12.697,15.0,0.0,18.1,recipes match usage → stores likely making extra,but usage within 10% of CK issue: no sign of extra in-store making,"recipe, usage and issue broadly consistent",15.0,0.1,0.5,-0.361,-10.34,0.0,0.639,Delhi dishes carry 3 chutneys by design
"Pacific Mall, Jasola",Jain Potato Masala Bucket,Kg,,,8.1,,,insufficient data,no theoretical (no recipe line / no matched dish),insufficient data,8.1,0.8,0.1,-5.9,-324.79,0.0,1.4,
"Pacific Mall, Jasola",Jain Sambar - Delhi,Ltr,17.6,17.6,32.0,0.0,81.8,recipes match usage → stores likely making extra,but usage within 10% of CK issue: no sign of extra in-store making,"physical loss: more gone than recipe deducts (wastage, over-portioning or used as substitute)",31.0,1.93,1.0,-7.97,-257.69,0.0,2.4,Delhi dishes carry 3 chutneys by design
"Pacific Mall, Jasola",Karam Podi Powder Bucket,Kg,1.48,1.48,2.0,0.0,35.1,recipes match usage → stores likely making extra,but usage within 10% of CK issue: no sign of extra in-store making,"physical loss: more gone than recipe deducts (wastage, over-portioning or used as substitute)",2.0,,1.0,-0.6,-114.98,0.0,0.84,Delhi dishes carry 3 chutneys by design
"Pacific Mall, Jasola",Kesari Halwa Mix  (1pkt = 550gm),Kg,7.038,7.045,9.31,0.1,32.3,recipes match usage → stores likely making extra,but usage within 10% of CK issue: no sign of extra in-store making,"physical loss: more gone than recipe deducts (wastage, over-portioning or used as substitute)",9.31,,0.55,-1.079,-77.38,0.0,1.115,Delhi dishes carry 3 chutneys by design
"Pacific Mall, Jasola",Korma Gravy Mix (1pkt=700gm),Kg,18.64,18.64,30.8,0.0,65.2,recipes match usage → stores likely making extra,but usage within 10% of CK issue: no sign of extra in-store making,"physical loss: more gone than recipe deducts (wastage, over-portioning or used as substitute)",31.5,0.59,1.4,-10.06,-1555.79,0.0,0.98,Delhi dishes carry 3 chutneys by design
"Pacific Mall, Jasola",Lemon Rice Bucket,Kg,4.2,4.2,8.5,0.0,102.4,recipes match usage → stores likely making extra,but usage within 10% of CK issue: no sign of extra in-store making,"physical loss: more gone than recipe deducts (wastage, over-portioning or used as substitute)",8.5,,0.2,-2.9,-221.87,0.0,1.0,Delhi dishes carry 3 chutneys by design
"Pacific Mall, Jasola",Malabar Paratha  (1pkt= 6Pcs),Pc,219.0,219.0,12.0,0.0,-94.5,recipes match usage → stores likely making extra,,recipe over-deducts: physical count found stock the recipe had already deducted (no store purchase),12.0,,0.0,201.0,1557.71,0.0,-28.0,Delhi dishes carry 3 chutneys by design
"Pacific Mall, Jasola",Malabar Paratha Dough,Pc,,,245.0,,,insufficient data,no theoretical (no recipe line / no matched dish),insufficient data,251.0,6.0,10.0,-209.0,-1609.65,0.0,36.0,
"Pacific Mall, Jasola",Malkapodi Bucket,Kg,4.73,4.73,4.5,0.0,-4.9,recipes match usage → stores likely making extra,but usage within 10% of CK issue: no sign of extra in-store making,"recipe, usage and issue broadly consistent",5.0,,1.0,0.14,23.99,0.0,0.32,Delhi dishes carry 3 chutneys by design
"Pacific Mall, Jasola",Medu Vada Batter,Kg,,,,,,insufficient data,no theoretical (no recipe line / no matched dish),insufficient data,,0.18,0.0,0.18,11.38,0.0,0.0,
"Pacific Mall, Jasola",Medu Vada Batter Mix,Kg,,,53.0,,,insufficient data,no theoretical (no recipe line / no matched dish),insufficient data,52.0,0.48,1.0,-44.52,-3270.59,0.0,7.0,
"Pacific Mall, Jasola",Medu Vada Batter Powder Mix (1 Pkt = 23gm),Kg,,,1.1,,,insufficient data,no theoretical (no recipe line / no matched dish),insufficient data,1.1,,0.069,-0.935,-213.9,0.0,0.165,
"Pacific Mall, Jasola",Mysore Chutney Bucket,Kg,22.14,22.14,26.0,0.0,17.4,recipes match usage → stores likely making extra,but usage within 10% of CK issue: no sign of extra in-store making,"recipe, usage and issue broadly consistent",26.7,2.15,0.5,1.32,242.96,0.0,1.43,Delhi dishes carry 3 chutneys by design
"Pacific Mall, Jasola",Potato Masala Bucket,Kg,2.6,2.6,,0.0,,recipes match usage → stores likely making extra,nothing issued by CK,recipe over-deducts: physical count found stock the recipe had already deducted (no store purchase),,0.1,0.0,2.0,0.0,0.0,-0.8,Delhi dishes carry 3 chutneys by design
"Pacific Mall, Jasola",Potato Masala Mix (1Pkt = 90Gm),Pkt,59.898,47.898,61.0,-20.0,1.8,insufficient data,usage below recipe by >10%,"physical loss: more gone than recipe deducts (wastage, over-portioning or used as substitute)",61.0,,3.0,-14.131,-148.12,0.0,1.71,91% via outlet sub-recipe; Delhi dishes carry 3 chutneys by design
"Pacific Mall, Jasola",Rasam Bucket,Ltr,13.8,13.8,,0.0,,recipes match usage → stores likely making extra,nothing issued by CK,recipe over-deducts: physical count found stock the recipe had already deducted (no store purchase),,3.63,0.0,16.68,608.48,0.0,-2.8,Delhi dishes carry 3 chutneys by design
"Pacific Mall, Jasola",Rasam Chhoke Pre-Mix (2 Mix -6gm + 42gm)= 48gm,Kg,,,1.008,,,insufficient data,no theoretical (no recipe line / no matched dish),insufficient data,1.104,,0.096,-0.96,-242.82,0.0,0.24,
"Pacific Mall, Jasola",Rasam Mix (1Pkt =15 gm),Kg,,,0.315,,,insufficient data,no theoretical (no recipe line / no matched dish),insufficient data,0.345,,0.03,-0.285,-86.34,0.0,0.09,
"Pacific Mall, Jasola",Rava Powder Mix,Kg,7.45,7.45,12.0,0.0,61.1,recipes match usage → stores likely making extra,but usage within 10% of CK issue: no sign of extra in-store making,"physical loss: more gone than recipe deducts (wastage, over-portioning or used as substitute)",13.0,,1.5,-4.5,-422.71,0.0,1.45,Delhi dishes carry 3 chutneys by design
"Pacific Mall, Jasola",Raw Mango Chutney Bucket,Kg,6.41,6.41,,0.0,,recipes match usage → stores likely making extra,nothing issued by CK,recipe over-deducts: physical count found stock the recipe had already deducted (no store purchase),,1.35,0.0,7.23,1637.65,0.0,-1.39,Delhi dishes carry 3 chutneys by design
"Pacific Mall, Jasola",Raw Mango Pickle Bucket,Kg,0.375,0.375,1.25,0.0,233.3,recipes match usage → stores likely making extra,but usage within 10% of CK issue: no sign of extra in-store making,"physical loss: more gone than recipe deducts (wastage, over-portioning or used as substitute)",1.75,,0.1,-1.045,-241.59,0.0,0.29,Delhi dishes carry 3 chutneys by design
"Pacific Mall, Jasola",Raw mango Powder Mix (1 Pkt = 13gm),Kg,,,0.221,,,insufficient data,no theoretical (no recipe line / no matched dish),insufficient data,0.221,,0.039,-0.208,-68.68,0.0,0.039,
"Pacific Mall, Jasola",Regular White Chutney Bucket,Kg,5.55,,,,,insufficient data,no store consumption recorded,insufficient data,,,,,,,,100% of qty from lines marked (Inactive) in recipe; Delhi dishes carry 3 chutneys by design
"Pacific Mall, Jasola",Sambar Bucket - Delhi,Ltr,876.15,876.15,915.0,0.0,4.4,recipes match usage → stores likely making extra,but usage within 10% of CK issue: no sign of extra in-store making,"recipe, usage and issue broadly consistent",915.0,20.0,5.0,72.15,2420.49,0.0,-13.7,Delhi dishes carry 3 chutneys by design
"Pacific Mall, Jasola",Special Daal Bucket,Kg,6.559,6.559,3.0,0.0,-54.3,recipes match usage → stores likely making extra,,recipe over-deducts: physical count found stock the recipe had already deducted (no store purchase),3.0,,0.0,3.29,484.83,0.0,-0.946,Delhi dishes carry 3 chutneys by design
"Pacific Mall, Jasola",Spicy Coconut Chutney Mix 1Pkt (16gm),Kg,9.236,9.236,,0.0,,recipes match usage → stores likely making extra,nothing issued by CK,recipe over-deducts: physical count found stock the recipe had already deducted (no store purchase),,,0.0,8.955,1515.48,0.0,-1.267,Delhi dishes carry 3 chutneys by design
"Pacific Mall, Jasola",Srivilli Kheer (1 Pc),Pc,56.0,70.0,67.0,25.0,19.6,usage above recipe → recipe over-deducts or wastage,,"recipe, usage and issue broadly consistent",68.0,1.0,7.0,-2.0,-63.73,0.0,-5.0,Delhi dishes carry 3 chutneys by design
"Pacific Mall, Jasola",Steam Rice Bucket,Kg,11.6,11.6,24.0,0.0,106.9,recipes match usage → stores likely making extra,but usage within 10% of CK issue: no sign of extra in-store making,"physical loss: more gone than recipe deducts (wastage, over-portioning or used as substitute)",24.0,0.25,0.5,-11.65,-582.58,0.0,0.1,Delhi dishes carry 3 chutneys by design
"Pacific Mall, Jasola",Sugar Syrup Bucket,Ltr,9.1,9.1,,0.0,,recipes match usage → stores likely making extra,nothing issued by CK,recipe over-deducts: physical count found stock the recipe had already deducted (no store purchase),,,0.0,8.55,0.0,0.0,-1.8,Delhi dishes carry 3 chutneys by design
"Pacific Mall, Jasola",Thatte Idli Batter,Kg,,,52.0,,,insufficient data,no theoretical (no recipe line / no matched dish),insufficient data,51.0,0.88,5.0,-43.12,-1163.24,0.0,10.0,
"Pacific Mall, Jasola",Thatte Idli Pc Raw,Pc,272.0,272.0,,0.0,,recipes match usage → stores likely making extra,nothing issued by CK,recipe over-deducts: physical count found stock the recipe had already deducted (no store purchase),,15.0,0.0,274.0,1469.08,0.0,-43.0,Delhi dishes carry 3 chutneys by design
"Pacific Mall, Jasola",Thindi Malkapodi Powder Bucket,Kg,4.83,4.83,4.5,0.0,-6.8,recipes match usage → stores likely making extra,but usage within 10% of CK issue: no sign of extra in-store making,recipe over-deducts: physical count found stock the recipe had already deducted (no store purchase),5.0,,1.0,0.835,166.86,0.0,0.905,Delhi dishes carry 3 chutneys by design
"Pacific Mall, Jasola",Tomato Onion Chutney Bucket,Kg,199.1,199.105,,0.0,,recipes match usage → stores likely making extra,nothing issued by CK,recipe over-deducts: physical count found stock the recipe had already deducted (no store purchase),,1.47,0.0,193.135,25915.1,0.0,-28.79,Delhi dishes carry 3 chutneys by design
"Pacific Mall, Jasola",Tomato Onion Powder Mix (1 Pkt = 24gm),Kg,0.336,0.336,5.184,0.0,1442.9,recipes match usage → stores likely making extra,but usage within 10% of CK issue: no sign of extra in-store making,"physical loss: more gone than recipe deducts (wastage, over-portioning or used as substitute)",5.184,,0.12,-4.635,-2410.75,0.0,0.654,Delhi dishes carry 3 chutneys by design
"Pacific Mall, Jasola",Upma Mix (1pkt = 300gm),Kg,2.04,2.046,4.5,0.3,120.6,recipes match usage → stores likely making extra,but usage within 10% of CK issue: no sign of extra in-store making,"physical loss: more gone than recipe deducts (wastage, over-portioning or used as substitute)",4.5,,0.3,-1.434,-120.23,0.0,1.02,Delhi dishes carry 3 chutneys by design
Paschim Vihar,Benne Dosa Batter (Pack Size -3 Kg ),Kg,53.475,54.475,75.0,1.9,40.3,recipes match usage → stores likely making extra,but usage within 10% of CK issue: no sign of extra in-store making,"physical loss: more gone than recipe deducts (wastage, over-portioning or used as substitute)",80.0,8.77,8.0,-15.3,-475.81,0.0,5.03,Delhi dishes carry 3 chutneys by design
Paschim Vihar,Boiled & Mashed Potato (1Pkt = 3Kg),Kg,95.7,87.367,93.0,-8.7,-2.8,recipes match usage → stores likely making extra,but usage within 10% of CK issue: no sign of extra in-store making,"recipe, usage and issue broadly consistent",99.0,,4.5,-1.5,-50.1,0.0,2.3,82% via outlet sub-recipe; Delhi dishes carry 3 chutneys by design
Paschim Vihar,Boondi,Kg,0.675,0.675,1.0,0.0,48.1,recipes match usage → stores likely making extra,but usage within 10% of CK issue: no sign of extra in-store making,"physical loss: more gone than recipe deducts (wastage, over-portioning or used as substitute)",0.75,,0.32,-0.095,-5.63,0.0,0.215,Delhi dishes carry 3 chutneys by design
Paschim Vihar,Chaat Masala Bucket,Kg,0.281,0.281,0.5,0.0,77.9,recipes match usage → stores likely making extra,but usage within 10% of CK issue: no sign of extra in-store making,"physical loss: more gone than recipe deducts (wastage, over-portioning or used as substitute)",0.6,,0.2,-0.432,-133.48,0.0,0.163,Delhi dishes carry 3 chutneys by design
Paschim Vihar,Coconut Shredded,Kg,107.367,131.693,37.0,22.7,-65.5,usage above recipe → recipe over-deducts or wastage,,recipe over-deducts: physical count found stock the recipe had already deducted (no store purchase),39.0,1.0,2.5,93.544,23107.07,0.0,-11.392,1% via outlet sub-recipe; Delhi dishes carry 3 chutneys by design
Paschim Vihar,Dahi Bucket Mix (1pkt =105gm),gm,1020.0,1020.0,421.47,0.0,-58.7,recipes match usage → stores likely making extra,,recipe over-deducts: physical count found stock the recipe had already deducted (no store purchase),421.575,,425.0,423.635,28.1,0.0,290.21,Delhi dishes carry 3 chutneys by design
Paschim Vihar,Dosa Batter Mix,Kg,165.91,165.91,235.0,0.0,41.6,recipes match usage → stores likely making extra,but usage within 10% of CK issue: no sign of extra in-store making,"physical loss: more gone than recipe deducts (wastage, over-portioning or used as substitute)",245.0,22.7,18.0,-44.16,-1338.46,0.0,18.595,Delhi dishes carry 3 chutneys by design
Paschim Vihar,Frozen Medu Vada (10pc),Pc,421.0,428.0,,1.7,,recipes match usage → stores likely making extra,nothing issued by CK,recipe over-deducts: physical count found stock the recipe had already deducted (no store purchase),,,0.0,383.0,1870.99,0.0,-73.0,Delhi dishes carry 3 chutneys by design
Paschim Vihar,Garam Masala Powder Bucket,Kg,0.007,0.007,,0.0,,recipes match usage → stores likely making extra,nothing issued by CK,"physical loss: more gone than recipe deducts (wastage, over-portioning or used as substitute)",,,0.1,-0.046,-66.89,0.0,0.097,Delhi dishes carry 3 chutneys by design
Paschim Vihar,Garlic Chutney Bucket,Kg,6.94,6.94,8.0,0.0,15.3,recipes match usage → stores likely making extra,but usage within 10% of CK issue: no sign of extra in-store making,"physical loss: more gone than recipe deducts (wastage, over-portioning or used as substitute)",9.0,0.85,0.5,-0.79,-201.51,0.0,0.01,Delhi dishes carry 3 chutneys by design
Paschim Vihar,Idli Pc Raw (1 Pkt =40pc),Pc,739.0,739.0,800.0,0.0,8.3,recipes match usage → stores likely making extra,but usage within 10% of CK issue: no sign of extra in-store making,"recipe, usage and issue broadly consistent",820.0,54.0,66.0,11.0,21.22,0.0,32.0,Delhi dishes carry 3 chutneys by design
Paschim Vihar,Imli Water,Ltr,7.353,7.377,7.0,0.3,-4.8,recipes match usage → stores likely making extra,but usage within 10% of CK issue: no sign of extra in-store making,"recipe, usage and issue broadly consistent",8.0,0.19,1.4,0.659,18.78,0.0,0.376,Delhi dishes carry 3 chutneys by design
Paschim Vihar,Jain Potato Masala Bucket,Kg,,,8.0,,,insufficient data,no theoretical (no recipe line / no matched dish),insufficient data,8.5,3.35,0.5,-3.93,-216.17,0.0,1.1,
Paschim Vihar,Jain Sambar - Delhi,Ltr,18.0,18.0,16.0,0.0,-11.1,recipes match usage → stores likely making extra,,recipe over-deducts: physical count found stock the recipe had already deducted (no store purchase),17.0,4.93,1.0,3.76,122.28,0.0,-3.0,Delhi dishes carry 3 chutneys by design
Paschim Vihar,Jain Sambar Bucket,Ltr,,,,,,insufficient data,no theoretical (no recipe line / no matched dish),insufficient data,,1.7,0.0,0.7,20.11,0.0,0.0,
Paschim Vihar,Karam Podi Powder Bucket,Kg,1.4,1.4,2.0,0.0,42.9,recipes match usage → stores likely making extra,but usage within 10% of CK issue: no sign of extra in-store making,"physical loss: more gone than recipe deducts (wastage, over-portioning or used as substitute)",2.0,,1.2,-0.25,-48.13,0.0,1.04,Delhi dishes carry 3 chutneys by design
Paschim Vihar,Kesari Halwa Mix  (1pkt = 550gm),Kg,1.863,2.277,2.2,22.2,18.1,usage above recipe → recipe over-deducts or wastage,,recipe over-deducts: physical count found stock the recipe had already deducted (no store purchase),2.75,,0.55,2.458,173.95,0.0,0.824,Delhi dishes carry 3 chutneys by design
Paschim Vihar,Korma Gravy Mix (1pkt=700gm),Kg,7.74,7.74,11.2,0.0,44.7,recipes match usage → stores likely making extra,but usage within 10% of CK issue: no sign of extra in-store making,"physical loss: more gone than recipe deducts (wastage, over-portioning or used as substitute)",11.9,2.43,1.4,-1.3,-200.82,0.0,0.41,Delhi dishes carry 3 chutneys by design
Paschim Vihar,Lemon Rice Bucket,Kg,2.0,2.1,3.5,5.0,75.0,recipes match usage → stores likely making extra,but usage within 10% of CK issue: no sign of extra in-store making,recipe over-deducts: physical count found stock the recipe had already deducted (no store purchase),4.0,2.11,0.5,0.72,54.85,0.0,0.1,Delhi dishes carry 3 chutneys by design
Paschim Vihar,Malabar Paratha  (1pkt= 6Pcs),Pc,88.0,88.0,,0.0,,recipes match usage → stores likely making extra,nothing issued by CK,recipe over-deducts: physical count found stock the recipe had already deducted (no store purchase),,4.0,0.0,80.0,633.82,0.0,-20.0,Delhi dishes carry 3 chutneys by design
Paschim Vihar,Malabar Paratha Dough,Pc,,,96.0,,,insufficient data,no theoretical (no recipe line / no matched dish),insufficient data,102.0,2.0,12.0,-88.0,-658.31,0.0,18.0,
Paschim Vihar,Malkapodi Bucket,Kg,2.29,2.39,3.0,4.4,31.0,recipes match usage → stores likely making extra,but usage within 10% of CK issue: no sign of extra in-store making,"physical loss: more gone than recipe deducts (wastage, over-portioning or used as substitute)",3.0,,0.75,-0.4,-68.78,0.0,0.41,Delhi dishes carry 3 chutneys by design
Paschim Vihar,Medu Vada Batter,Kg,,,,,,insufficient data,no theoretical (no recipe line / no matched dish),insufficient data,,1.42,1.5,3.12,198.51,0.0,1.5,
Paschim Vihar,Medu Vada Batter Mix,Kg,,,,,,insufficient data,no theoretical (no recipe line / no matched dish),insufficient data,,0.72,0.0,-2.43,-176.5,0.0,-0.15,
Paschim Vihar,Medu Vada Batter Powder Mix (1 Pkt = 23gm),Kg,,,0.512,,,insufficient data,no theoretical (no recipe line / no matched dish),insufficient data,0.558,,0.046,-0.558,-127.98,0.0,0.138,
Paschim Vihar,Mysore Chutney Bucket,Kg,6.23,6.23,7.0,0.0,12.4,recipes match usage → stores likely making extra,but usage within 10% of CK issue: no sign of extra in-store making,"recipe, usage and issue broadly consistent",7.5,0.85,0.9,0.19,34.84,0.0,0.69,Delhi dishes carry 3 chutneys by design
Paschim Vihar,Potato Masala Bucket,Kg,5.7,5.7,,0.0,,recipes match usage → stores likely making extra,nothing issued by CK,recipe over-deducts: physical count found stock the recipe had already deducted (no store purchase),,1.3,0.0,5.4,0.0,0.0,-2.6,Delhi dishes carry 3 chutneys by design
Paschim Vihar,Potato Masala Mix (1Pkt = 90Gm),Pkt,31.841,29.063,31.0,-8.7,-2.6,recipes match usage → stores likely making extra,but usage within 10% of CK issue: no sign of extra in-store making,"recipe, usage and issue broadly consistent",31.0,,4.0,-0.057,-0.59,0.0,2.274,82% via outlet sub-recipe; Delhi dishes carry 3 chutneys by design
Paschim Vihar,Rasam Bucket,Ltr,2.8,2.83,,1.1,,recipes match usage → stores likely making extra,nothing issued by CK,recipe over-deducts: physical count found stock the recipe had already deducted (no store purchase),,2.79,1.0,5.37,196.69,0.0,0.3,Delhi dishes carry 3 chutneys by design
Paschim Vihar,Rasam Chhoke Pre-Mix (2 Mix -6gm + 42gm)= 48gm,Kg,,,0.192,,,insufficient data,no theoretical (no recipe line / no matched dish),insufficient data,0.24,,0.048,-0.24,-60.6,0.0,0.048,
Paschim Vihar,Rasam Mix (1Pkt =15 gm),Kg,,,0.06,,,insufficient data,no theoretical (no recipe line / no matched dish),insufficient data,0.075,,0.015,-0.075,-22.96,0.0,0.015,
Paschim Vihar,Rava Powder Mix,Kg,4.7,4.9,7.0,4.3,48.9,recipes match usage → stores likely making extra,but usage within 10% of CK issue: no sign of extra in-store making,"physical loss: more gone than recipe deducts (wastage, over-portioning or used as substitute)",7.0,,1.0,-2.2,-207.23,0.0,1.5,Delhi dishes carry 3 chutneys by design
Paschim Vihar,Raw Mango Chutney Bucket,Kg,2.83,2.83,,0.0,,recipes match usage → stores likely making extra,nothing issued by CK,recipe over-deducts: physical count found stock the recipe had already deducted (no store purchase),,,0.3,2.41,544.16,0.0,-0.19,Delhi dishes carry 3 chutneys by design
Paschim Vihar,Raw Mango Pickle Bucket,Kg,0.195,0.195,0.5,0.0,156.4,recipes match usage → stores likely making extra,but usage within 10% of CK issue: no sign of extra in-store making,"physical loss: more gone than recipe deducts (wastage, over-portioning or used as substitute)",0.75,,0.45,-0.365,-85.15,0.0,0.4,Delhi dishes carry 3 chutneys by design
Paschim Vihar,Raw mango Powder Mix (1 Pkt = 13gm),Kg,,,0.013,,,insufficient data,no theoretical (no recipe line / no matched dish),insufficient data,0.013,,0.0,0.0,0.0,0.0,0.013,
Paschim Vihar,Regular White Chutney Bucket,Kg,5.25,,,,,insufficient data,no store consumption recorded,insufficient data,,,,,,,,100% of qty from lines marked (Inactive) in recipe; Delhi dishes carry 3 chutneys by design
Paschim Vihar,Sambar Bucket,Ltr,1.0,2.0,,100.0,,usage above recipe → recipe over-deducts or wastage,,recipe over-deducts: physical count found stock the recipe had already deducted (no store purchase),,,0.0,2.0,60.96,0.0,0.0,Delhi dishes carry 3 chutneys by design
Paschim Vihar,Sambar Bucket - Delhi,Ltr,795.55,795.55,440.0,0.0,-44.7,recipes match usage → stores likely making extra,,recipe over-deducts: physical count found stock the recipe had already deducted (no store purchase),470.0,28.7,30.0,395.95,13350.76,0.0,-27.9,Delhi dishes carry 3 chutneys by design
Paschim Vihar,Special Daal Bucket,Kg,3.908,3.932,3.0,0.6,-23.2,recipes match usage → stores likely making extra,,recipe over-deducts: physical count found stock the recipe had already deducted (no store purchase),3.0,,1.9,1.686,248.71,0.0,1.346,Delhi dishes carry 3 chutneys by design
Paschim Vihar,Special White Coconut Chutney Bucket,Kg,0.5,0.5,,0.0,,recipes match usage → stores likely making extra,nothing issued by CK,recipe over-deducts: physical count found stock the recipe had already deducted (no store purchase),,0.43,1.0,0.93,0.0,0.0,1.0,Delhi dishes carry 3 chutneys by design
Paschim Vihar,Spicy Coconut Chutney Mix 1Pkt (16gm),Kg,5.398,5.414,,0.3,,recipes match usage → stores likely making extra,nothing issued by CK,recipe over-deducts: physical count found stock the recipe had already deducted (no store purchase),,,0.0,5.163,0.0,0.0,-0.769,Delhi dishes carry 3 chutneys by design
Paschim Vihar,Srivilli Kheer (1 Pc),Pc,16.0,19.0,30.0,18.8,87.5,usage above recipe → recipe over-deducts or wastage,,"recipe, usage and issue broadly consistent",36.0,15.0,6.0,1.0,31.81,0.0,6.0,Delhi dishes carry 3 chutneys by design
Paschim Vihar,Steam Rice Bucket,Kg,4.25,4.25,7.5,0.0,76.5,recipes match usage → stores likely making extra,but usage within 10% of CK issue: no sign of extra in-store making,"physical loss: more gone than recipe deducts (wastage, over-portioning or used as substitute)",8.0,2.75,0.8,-0.75,-36.65,0.0,0.1,Delhi dishes carry 3 chutneys by design
Paschim Vihar,Sugar Syrup Bucket,Ltr,3.15,3.15,,0.0,,recipes match usage → stores likely making extra,nothing issued by CK,recipe over-deducts: physical count found stock the recipe had already deducted (no store purchase),,,1.0,2.05,0.0,0.0,0.6,Delhi dishes carry 3 chutneys by design
Paschim Vihar,Thatte Idli Pc Raw,Pc,186.0,186.0,182.0,0.0,-2.2,recipes match usage → stores likely making extra,but usage within 10% of CK issue: no sign of extra in-store making,"recipe, usage and issue broadly consistent",206.0,8.0,18.0,3.0,14.9,0.0,1.0,Delhi dishes carry 3 chutneys by design
Paschim Vihar,Thindi Malkapodi Powder Bucket,Kg,3.15,3.15,2.0,0.0,-36.5,recipes match usage → stores likely making extra,,recipe over-deducts: physical count found stock the recipe had already deducted (no store purchase),2.5,,1.9,1.725,345.53,0.0,1.435,Delhi dishes carry 3 chutneys by design
Paschim Vihar,Tomato Onion Chutney Bucket,Kg,107.28,107.68,,0.4,,recipes match usage → stores likely making extra,nothing issued by CK,recipe over-deducts: physical count found stock the recipe had already deducted (no store purchase),,,3.8,105.292,11704.04,0.0,-10.6,Delhi dishes carry 3 chutneys by design
Paschim Vihar,Tomato Onion Powder Mix (1 Pkt = 24gm),Kg,0.228,0.228,3.272,0.0,1335.1,recipes match usage → stores likely making extra,but usage within 10% of CK issue: no sign of extra in-store making,"physical loss: more gone than recipe deducts (wastage, over-portioning or used as substitute)",3.464,,0.48,-2.657,-1383.2,0.0,0.84,Delhi dishes carry 3 chutneys by design
Paschim Vihar,Upma Mix (1pkt = 300gm),Kg,1.14,1.26,2.1,10.5,84.2,usage above recipe → recipe over-deducts or wastage,,recipe over-deducts: physical count found stock the recipe had already deducted (no store purchase),2.4,1.0,1.5,0.76,63.6,0.0,1.68,Delhi dishes carry 3 chutneys by design
Quest Mall,Benne Dosa Batter (Pack Size -3 Kg ),Kg,53.025,53.025,71.0,0.0,33.9,recipes match usage → stores likely making extra,but usage within 10% of CK issue: no sign of extra in-store making,"recipe, usage and issue broadly consistent",71.0,17.925,2.6,0.0,0.0,0.0,8.25,
Quest Mall,Boiled & Mashed Potato (1Pkt = 3Kg),Kg,126.604,158.667,,25.3,,usage above recipe → recipe over-deducts or wastage,,recipe over-deducts: physical count found stock the recipe had already deducted (no store purchase),,,0.0,154.333,4822.81,0.0,-21.333,100% via outlet sub-recipe
Quest Mall,Chaat Masala Bucket,Kg,0.134,0.134,0.1,0.0,-25.4,recipes match usage → stores likely making extra,,recipe over-deducts: physical count found stock the recipe had already deducted (no store purchase),0.1,,0.192,0.049,17.33,0.0,0.168,
Quest Mall,Coconut Shredded,Kg,83.339,136.413,54.0,63.7,-35.2,usage above recipe → recipe over-deducts or wastage,,recipe over-deducts: physical count found stock the recipe had already deducted (no store purchase),54.0,,2.8,79.935,15644.33,0.0,-9.301,
Quest Mall,Dahi Bucket Mix (1pkt =105gm),gm,880.0,880.0,1890.0,0.0,114.8,recipes match usage → stores likely making extra,but usage within 10% of CK issue: no sign of extra in-store making,"physical loss: more gone than recipe deducts (wastage, over-portioning or used as substitute)",1890.0,,210.0,-965.0,-61.13,0.0,265.0,
Quest Mall,Dosa Batter Mix,Kg,168.067,168.067,256.0,0.0,52.3,recipes match usage → stores likely making extra,but usage within 10% of CK issue: no sign of extra in-store making,"recipe, usage and issue broadly consistent",256.0,76.417,11.575,-3.26,-105.96,0.0,21.662,
Quest Mall,Filter Coffee Ice Cream (700gm= 1 Bucket),Kg,0.72,0.72,2.1,0.0,191.7,recipes match usage → stores likely making extra,but usage within 10% of CK issue: no sign of extra in-store making,"recipe, usage and issue broadly consistent",2.1,1.06,0.6,0.04,9.16,0.0,1.06,
Quest Mall,Garlic Chutney Bucket,Kg,4.095,4.095,4.2,0.0,2.6,recipes match usage → stores likely making extra,but usage within 10% of CK issue: no sign of extra in-store making,recipe over-deducts: physical count found stock the recipe had already deducted (no store purchase),4.2,0.68,0.0,0.445,112.6,0.0,-0.015,
Quest Mall,Idli Pc Raw (1 Pkt =40pc),Pc,422.0,454.0,560.0,7.6,32.7,recipes match usage → stores likely making extra,but usage within 10% of CK issue: no sign of extra in-store making,"recipe, usage and issue broadly consistent",560.0,101.0,13.0,0.0,0.0,0.0,15.0,
Quest Mall,Imli Water,Ltr,0.657,0.657,0.9,0.0,37.0,recipes match usage → stores likely making extra,but usage within 10% of CK issue: no sign of extra in-store making,"physical loss: more gone than recipe deducts (wastage, over-portioning or used as substitute)",0.9,,0.13,-0.273,-7.12,0.0,0.36,
Quest Mall,Jain Sambar Bucket,Ltr,137.4,137.4,52.0,0.0,-62.2,recipes match usage → stores likely making extra,,recipe over-deducts: physical count found stock the recipe had already deducted (no store purchase),52.0,,0.0,81.2,2005.69,0.0,2.0,
Quest Mall,Karam Podi Powder Bucket,Kg,0.56,0.56,0.5,0.0,-10.7,recipes match usage → stores likely making extra,,recipe over-deducts: physical count found stock the recipe had already deducted (no store purchase),0.5,,0.72,0.099,18.36,0.0,0.98,
Quest Mall,Kesari Halwa Mix  (1pkt = 550gm),Kg,3.381,3.381,4.95,0.0,46.4,recipes match usage → stores likely making extra,but usage within 10% of CK issue: no sign of extra in-store making,recipe over-deducts: physical count found stock the recipe had already deducted (no store purchase),4.95,2.656,0.55,0.526,36.45,0.0,0.5,
Quest Mall,Korma Gravy Mix (1pkt=700gm),Kg,3.6,3.6,7.0,0.0,94.4,recipes match usage → stores likely making extra,but usage within 10% of CK issue: no sign of extra in-store making,"recipe, usage and issue broadly consistent",7.0,3.25,0.2,-0.07,-10.61,0.0,0.45,
Quest Mall,Malabar Paratha  (1pkt= 6Pcs),Pc,40.0,40.0,,0.0,,recipes match usage → stores likely making extra,nothing issued by CK,recipe over-deducts: physical count found stock the recipe had already deducted (no store purchase),,,0.0,34.0,278.87,0.0,-10.0,
Quest Mall,Malabar Paratha Dough,Pc,,,78.0,,,insufficient data,no theoretical (no recipe line / no matched dish),insufficient data,78.0,40.0,0.0,-34.0,-294.54,0.0,16.0,
Quest Mall,Malkapodi Bucket,Kg,0.41,0.41,,0.0,,recipes match usage → stores likely making extra,nothing issued by CK,"recipe, usage and issue broadly consistent",,,0.45,-0.01,-1.68,0.0,0.34,
Quest Mall,Medu Vada Batter,Kg,,,21.0,,,insufficient data,no theoretical (no recipe line / no matched dish),insufficient data,21.0,5.42,0.0,-15.28,-977.89,0.0,2.3,
Quest Mall,Medu Vada Batter Mix,Kg,15.419,15.419,,0.0,,recipes match usage → stores likely making extra,nothing issued by CK,recipe over-deducts: physical count found stock the recipe had already deducted (no store purchase),,,0.0,14.734,1106.0,0.0,-2.372,
Quest Mall,Medu Vada Batter Powder Mix (1 Pkt = 23gm),Kg,,,0.46,,,insufficient data,no theoretical (no recipe line / no matched dish),insufficient data,0.46,,0.023,-0.414,-109.61,0.0,0.092,
Quest Mall,Mysore Chutney Bucket,Kg,2.58,2.58,3.9,0.0,51.2,recipes match usage → stores likely making extra,but usage within 10% of CK issue: no sign of extra in-store making,recipe over-deducts: physical count found stock the recipe had already deducted (no store purchase),3.9,1.343,0.0,0.26,43.95,0.0,0.137,
Quest Mall,Potato Masala Mix (1Pkt = 90Gm),Pkt,42.201,52.889,49.0,25.3,16.1,usage above recipe → recipe over-deducts or wastage,,recipe over-deducts: physical count found stock the recipe had already deducted (no store purchase),49.0,,2.0,6.444,69.98,0.0,6.889,100% via outlet sub-recipe
Quest Mall,Rava Powder Mix,Kg,4.15,4.15,7.0,0.0,68.7,recipes match usage → stores likely making extra,but usage within 10% of CK issue: no sign of extra in-store making,"recipe, usage and issue broadly consistent",7.0,0.46,1.325,-0.075,-7.19,0.0,2.325,
Quest Mall,Raw Mango Chutney Bucket,Kg,0.42,0.42,,0.0,,recipes match usage → stores likely making extra,nothing issued by CK,recipe over-deducts: physical count found stock the recipe had already deducted (no store purchase),,0.45,0.0,0.89,149.17,0.0,-0.24,
Quest Mall,Raw mango Powder Mix (1 Pkt = 13gm),Kg,0.049,0.049,0.195,0.0,298.0,recipes match usage → stores likely making extra,but usage within 10% of CK issue: no sign of extra in-store making,"physical loss: more gone than recipe deducts (wastage, over-portioning or used as substitute)",0.195,,0.0,-0.148,-43.99,0.0,0.033,
Quest Mall,Sambar Bucket,Ltr,404.0,404.0,263.0,0.0,-34.9,recipes match usage → stores likely making extra,,recipe over-deducts: physical count found stock the recipe had already deducted (no store purchase),263.0,,9.0,141.4,3733.62,0.0,-0.5999999999999996,
Quest Mall,Special Daal Bucket,Kg,5.773,5.773,3.0,0.0,-48.0,recipes match usage → stores likely making extra,,recipe over-deducts: physical count found stock the recipe had already deducted (no store purchase),3.0,,0.7,3.367,515.46,0.0,0.714,
Quest Mall,Special White Coconut Chutney Bucket,Kg,0.3,0.3,,0.0,,recipes match usage → stores likely making extra,nothing issued by CK,recipe over-deducts: physical count found stock the recipe had already deducted (no store purchase),,,0.0,0.3,0.0,0.0,0.0,
Quest Mall,Spicy Coconut Chutney Mix 1Pkt (16gm),Kg,0.587,0.587,,0.0,,recipes match usage → stores likely making extra,nothing issued by CK,recipe over-deducts: physical count found stock the recipe had already deducted (no store purchase),,,0.0,0.611,0.0,0.0,-0.054,
Quest Mall,Srivilli Kheer (1 Pc),Pc,21.0,21.0,30.0,0.0,42.9,recipes match usage → stores likely making extra,but usage within 10% of CK issue: no sign of extra in-store making,"recipe, usage and issue broadly consistent",30.0,7.0,0.0,0.0,0.0,0.0,2.0,
Quest Mall,Thatte Idli Pc Raw,Pc,57.0,57.0,95.0,0.0,66.7,recipes match usage → stores likely making extra,but usage within 10% of CK issue: no sign of extra in-store making,"recipe, usage and issue broadly consistent",95.0,33.0,0.0,0.0,0.0,0.0,14.0,
Quest Mall,Thindi Malkapodi Powder Bucket,Kg,2.04,2.04,1.0,0.0,-51.0,recipes match usage → stores likely making extra,,recipe over-deducts: physical count found stock the recipe had already deducted (no store purchase),1.0,,0.024,0.694,135.4,0.0,-0.096,
Quest Mall,Tomato Onion Chutney Bucket,Kg,,,,,,insufficient data,no theoretical (no recipe line / no matched dish),insufficient data,,0.2,0.0,0.2,23.26,0.0,0.0,
Quest Mall,Tomato Onion Powder Mix (1 Pkt = 24gm),Kg,0.062,0.062,0.36,0.0,480.6,recipes match usage → stores likely making extra,but usage within 10% of CK issue: no sign of extra in-store making,"physical loss: more gone than recipe deducts (wastage, over-portioning or used as substitute)",0.36,,0.0,-0.303,-156.74,0.0,0.062,
Quest Mall,Upma Mix (1pkt = 300gm),Kg,0.9,0.9,2.4,0.0,166.7,recipes match usage → stores likely making extra,but usage within 10% of CK issue: no sign of extra in-store making,recipe over-deducts: physical count found stock the recipe had already deducted (no store purchase),2.4,2.226,0.3,0.512,44.11,0.0,0.3,
Rangoli Mall,Benne Dosa Batter (Pack Size -3 Kg ),Kg,42.175,42.175,64.0,0.0,51.7,recipes match usage → stores likely making extra,but usage within 10% of CK issue: no sign of extra in-store making,"recipe, usage and issue broadly consistent",67.0,18.0,3.0,-0.025,-0.84,0.0,9.15,
Rangoli Mall,Boiled & Mashed Potato (1Pkt = 3Kg),Kg,151.074,115.333,,-23.7,,insufficient data,usage below recipe by >10%,recipe over-deducts: physical count found stock the recipe had already deducted (no store purchase),,,0.0,103.667,3222.48,0.0,-26.333,100% via outlet sub-recipe
Rangoli Mall,Chaat Masala Bucket,Kg,0.426,0.426,0.5,0.0,17.4,recipes match usage → stores likely making extra,but usage within 10% of CK issue: no sign of extra in-store making,recipe over-deducts: physical count found stock the recipe had already deducted (no store purchase),0.5,,0.45,0.136,49.04,0.0,0.383,
Rangoli Mall,Coconut Shredded,Kg,124.434,124.43,104.0,-0.0,-16.4,recipes match usage → stores likely making extra,,recipe over-deducts: physical count found stock the recipe had already deducted (no store purchase),110.8,,9.0,20.811,4078.62,0.0,12.019,
Rangoli Mall,Dahi Bucket Mix (1pkt =105gm),gm,2565.0,2565.0,2205.0,0.0,-14.0,recipes match usage → stores likely making extra,,usage above issue with no physical-count correction: unresolved,2730.0,,525.0,100.0,6.32,0.0,620.0,
Rangoli Mall,Dosa Batter Mix,Kg,270.394,270.394,285.0,0.0,5.4,recipes match usage → stores likely making extra,but usage within 10% of CK issue: no sign of extra in-store making,"recipe, usage and issue broadly consistent",295.0,17.0,18.0,4.058,133.33,0.0,27.66,
Rangoli Mall,Filter Coffee Ice Cream (700gm= 1 Bucket),Kg,0.84,0.84,1.4,0.0,66.7,recipes match usage → stores likely making extra,but usage within 10% of CK issue: no sign of extra in-store making,"physical loss: more gone than recipe deducts (wastage, over-portioning or used as substitute)",1.4,,0.0,-0.72,-164.7,0.0,0.7,
Rangoli Mall,Garam Masala Powder Bucket,Kg,0.007,0.007,,0.0,,recipes match usage → stores likely making extra,nothing issued by CK,"physical loss: more gone than recipe deducts (wastage, over-portioning or used as substitute)",,,0.184,-0.265,-340.76,0.0,0.181,
Rangoli Mall,Garlic Chutney Bucket,Kg,22.44,22.44,18.0,0.0,-19.8,recipes match usage → stores likely making extra,,recipe over-deducts: physical count found stock the recipe had already deducted (no store purchase),18.9,1.0,1.5,5.88,1490.36,0.0,1.025,
Rangoli Mall,Idli Pc Raw (1 Pkt =40pc),Pc,874.0,945.0,1020.0,8.1,16.7,recipes match usage → stores likely making extra,but usage within 10% of CK issue: no sign of extra in-store making,"recipe, usage and issue broadly consistent",1060.0,117.0,43.0,13.0,26.26,0.0,53.0,
Rangoli Mall,Imli Water,Ltr,1.124,1.124,2.7,0.0,140.2,recipes match usage → stores likely making extra,but usage within 10% of CK issue: no sign of extra in-store making,"physical loss: more gone than recipe deducts (wastage, over-portioning or used as substitute)",2.7,0.3,0.1,-1.093,-27.24,0.0,0.56,
Rangoli Mall,Jain Sambar Bucket,Ltr,42.0,42.0,255.0,0.0,507.1,recipes match usage → stores likely making extra,but usage within 10% of CK issue: no sign of extra in-store making,"physical loss: more gone than recipe deducts (wastage, over-portioning or used as substitute)",260.0,,3.0,-160.2,-3918.99,0.0,60.4,
Rangoli Mall,Karam Podi Powder Bucket,Kg,0.32,0.32,0.5,0.0,56.2,recipes match usage → stores likely making extra,but usage within 10% of CK issue: no sign of extra in-store making,"physical loss: more gone than recipe deducts (wastage, over-portioning or used as substitute)",1.0,,0.4,-0.22,-41.79,0.0,0.82,
Rangoli Mall,Kesari Halwa Bucket,Kg,,,,,,insufficient data,no theoretical (no recipe line / no matched dish),insufficient data,,0.8,0.0,1.603,152.88,0.0,0.0,
Rangoli Mall,Kesari Halwa Mix  (1pkt = 550gm),Kg,3.795,3.795,4.95,0.0,30.4,recipes match usage → stores likely making extra,but usage within 10% of CK issue: no sign of extra in-store making,"physical loss: more gone than recipe deducts (wastage, over-portioning or used as substitute)",4.95,0.25,1.1,-1.043,-72.54,0.0,1.098,
Rangoli Mall,Korma Gravy Mix (1pkt=700gm),Kg,11.16,11.16,13.3,0.0,19.2,recipes match usage → stores likely making extra,but usage within 10% of CK issue: no sign of extra in-store making,"recipe, usage and issue broadly consistent",14.0,1.13,1.4,0.14,21.23,0.0,1.74,
Rangoli Mall,Lemon Rice Bucket,Kg,2.0,2.0,,0.0,,recipes match usage → stores likely making extra,nothing issued by CK,recipe over-deducts: physical count found stock the recipe had already deducted (no store purchase),,,0.0,2.0,164.85,0.0,0.0,
Rangoli Mall,Malabar Paratha  (1pkt= 6Pcs),Pc,124.0,124.0,,0.0,,recipes match usage → stores likely making extra,nothing issued by CK,recipe over-deducts: physical count found stock the recipe had already deducted (no store purchase),,,0.0,116.0,927.13,0.0,-14.0,
Rangoli Mall,Malabar Paratha Dough,Pc,,,156.0,,,insufficient data,no theoretical (no recipe line / no matched dish),insufficient data,162.0,40.0,0.0,-108.0,-932.48,0.0,20.0,
Rangoli Mall,Malkapodi Bucket,Kg,1.685,1.685,1.5,0.0,-11.0,recipes match usage → stores likely making extra,,recipe over-deducts: physical count found stock the recipe had already deducted (no store purchase),1.5,,1.1,0.275,46.6,0.0,0.88,
Rangoli Mall,Medu Vada Batter Mix,Kg,41.381,41.381,,0.0,,recipes match usage → stores likely making extra,nothing issued by CK,recipe over-deducts: physical count found stock the recipe had already deducted (no store purchase),,,0.0,37.261,2805.92,0.0,-7.554,
Rangoli Mall,Medu Vada Batter Powder Mix (1 Pkt = 23gm),Kg,,,0.763,,,insufficient data,no theoretical (no recipe line / no matched dish),insufficient data,0.809,,0.0,-0.717,-189.88,0.0,0.184,
Rangoli Mall,Mysore Chutney Bucket,Kg,7.66,7.66,6.0,0.0,-21.7,recipes match usage → stores likely making extra,,recipe over-deducts: physical count found stock the recipe had already deducted (no store purchase),6.3,0.4,0.3,1.74,295.41,0.0,0.14,
Rangoli Mall,Potato Masala Mix (1Pkt = 90Gm),Pkt,50.358,38.444,42.0,-23.7,-16.6,insufficient data,usage below recipe by >10%,"physical loss: more gone than recipe deducts (wastage, over-portioning or used as substitute)",42.0,,5.0,-13.444,-146.32,0.0,1.222,100% via outlet sub-recipe
Rangoli Mall,Rasam Bucket,Ltr,4.35,4.35,,0.0,,recipes match usage → stores likely making extra,nothing issued by CK,recipe over-deducts: physical count found stock the recipe had already deducted (no store purchase),,,1.0,4.85,168.36,0.0,0.15,
Rangoli Mall,Rasam Chhoke Pre-Mix (2 Mix -6gm + 42gm)= 48gm,Kg,,,0.384,,,insufficient data,no theoretical (no recipe line / no matched dish),insufficient data,0.384,,0.048,-0.384,-87.91,0.0,0.144,
Rangoli Mall,Rasam Mix (1Pkt =15 gm),Kg,,,0.12,,,insufficient data,no theoretical (no recipe line / no matched dish),insufficient data,0.12,,0.015,-0.12,-43.2,0.0,0.045,
Rangoli Mall,Rava Powder Mix,Kg,2.4,2.4,3.0,0.0,25.0,recipes match usage → stores likely making extra,but usage within 10% of CK issue: no sign of extra in-store making,"physical loss: more gone than recipe deducts (wastage, over-portioning or used as substitute)",3.0,,1.075,-1.325,-127.37,0.0,0.675,
Rangoli Mall,Raw Mango Chutney Bucket,Kg,0.36,0.36,,0.0,,recipes match usage → stores likely making extra,nothing issued by CK,recipe over-deducts: physical count found stock the recipe had already deducted (no store purchase),,2.2,0.0,2.11,340.5,0.0,-0.9,
Rangoli Mall,Raw Mango Pickle Bucket,Kg,0.09,0.09,0.25,0.0,177.8,recipes match usage → stores likely making extra,but usage within 10% of CK issue: no sign of extra in-store making,"physical loss: more gone than recipe deducts (wastage, over-portioning or used as substitute)",0.5,,0.25,-0.15,-26.2,0.0,0.25,
Rangoli Mall,Raw mango Powder Mix (1 Pkt = 13gm),Kg,0.108,0.106,0.221,-1.9,104.6,recipes match usage → stores likely making extra,but usage within 10% of CK issue: no sign of extra in-store making,"physical loss: more gone than recipe deducts (wastage, over-portioning or used as substitute)",0.221,,0.052,-0.119,-34.63,0.0,0.059,
Rangoli Mall,Sambar Bucket,Ltr,567.6,567.6,345.0,0.0,-39.2,recipes match usage → stores likely making extra,,recipe over-deducts: physical count found stock the recipe had already deducted (no store purchase),375.0,,0.0,182.0,4855.68,0.0,-28.8,
Rangoli Mall,Special Daal Bucket,Kg,8.656,8.656,3.0,0.0,-65.3,recipes match usage → stores likely making extra,,recipe over-deducts: physical count found stock the recipe had already deducted (no store purchase),3.0,,3.0,5.773,886.12,0.0,1.736,
Rangoli Mall,Special White Coconut Chutney Bucket,Kg,3.7,3.7,,0.0,,recipes match usage → stores likely making extra,nothing issued by CK,recipe over-deducts: physical count found stock the recipe had already deducted (no store purchase),,,0.0,4.0,0.0,0.0,0.0,
Rangoli Mall,Spicy Coconut Chutney Mix 1Pkt (16gm),Kg,0.929,0.929,,0.0,,recipes match usage → stores likely making extra,nothing issued by CK,recipe over-deducts: physical count found stock the recipe had already deducted (no store purchase),,,0.0,0.92,150.33,0.0,-0.128,
Rangoli Mall,Srivilli Kheer (1 Pc),Pc,66.0,66.0,88.0,0.0,33.3,recipes match usage → stores likely making extra,but usage within 10% of CK issue: no sign of extra in-store making,"recipe, usage and issue broadly consistent",93.0,9.0,6.0,3.0,79.52,0.0,20.0,
Rangoli Mall,Steam Rice Bucket,Kg,3.099,3.099,10.0,0.0,222.7,recipes match usage → stores likely making extra,but usage within 10% of CK issue: no sign of extra in-store making,"physical loss: more gone than recipe deducts (wastage, over-portioning or used as substitute)",10.5,4.1,1.0,-3.735,-211.58,0.0,1.05,
Rangoli Mall,Thatte Idli Pc Raw,Pc,94.0,94.0,108.0,0.0,14.9,recipes match usage → stores likely making extra,but usage within 10% of CK issue: no sign of extra in-store making,"recipe, usage and issue broadly consistent",114.0,21.0,13.0,6.0,29.99,0.0,17.0,
Rangoli Mall,Thindi Malkapodi Powder Bucket,Kg,2.76,2.76,2.5,0.0,-9.4,recipes match usage → stores likely making extra,,recipe over-deducts: physical count found stock the recipe had already deducted (no store purchase),3.0,,2.0,1.32,257.39,0.0,1.79,
Rangoli Mall,Tomato Onion Chutney Bucket,Kg,,,,,,insufficient data,no theoretical (no recipe line / no matched dish),insufficient data,,1.9,0.0,1.7,236.58,0.0,-0.45,
Rangoli Mall,Tomato Onion Powder Mix (1 Pkt = 24gm),Kg,0.18,0.181,0.528,0.6,193.3,recipes match usage → stores likely making extra,but usage within 10% of CK issue: no sign of extra in-store making,"physical loss: more gone than recipe deducts (wastage, over-portioning or used as substitute)",0.528,,0.024,-0.317,-165.09,0.0,0.093,
Rangoli Mall,Upma Bucket,Kg,,,,,,insufficient data,no theoretical (no recipe line / no matched dish),insufficient data,,2.8,0.0,3.048,380.11,0.0,-0.7,
Rangoli Mall,Upma Mix (1pkt = 300gm),Kg,1.14,1.14,2.4,0.0,110.5,recipes match usage → stores likely making extra,but usage within 10% of CK issue: no sign of extra in-store making,"physical loss: more gone than recipe deducts (wastage, over-portioning or used as substitute)",2.4,0.1,0.6,-1.67,-144.54,0.0,0.72,
Rohini Sec-7,Benne Dosa Batter (Pack Size -3 Kg ),Kg,118.3,118.3,153.0,0.0,29.3,recipes match usage → stores likely making extra,but usage within 10% of CK issue: no sign of extra in-store making,"recipe, usage and issue broadly consistent",156.0,21.7,19.0,-0.375,-11.53,0.0,47.225,Delhi dishes carry 3 chutneys by design
Rohini Sec-7,Boiled & Mashed Potato (1Pkt = 3Kg),Kg,186.6,441.067,213.0,136.4,14.1,usage above recipe → recipe over-deducts or wastage,,recipe over-deducts: physical count found stock the recipe had already deducted (no store purchase),225.0,,6.0,221.1,7380.42,0.0,21.267,88% via outlet sub-recipe; Delhi dishes carry 3 chutneys by design
Rohini Sec-7,Boondi,Kg,1.245,1.245,1.0,0.0,-19.7,recipes match usage → stores likely making extra,,usage above issue with no physical-count correction: unresolved,1.5,,0.4,-0.04,-2.37,0.0,1.035,Delhi dishes carry 3 chutneys by design
Rohini Sec-7,Chaat Masala Bucket,Kg,0.513,0.513,1.0,0.0,94.9,recipes match usage → stores likely making extra,but usage within 10% of CK issue: no sign of extra in-store making,"physical loss: more gone than recipe deducts (wastage, over-portioning or used as substitute)",1.0,,0.5,-0.465,-143.46,0.0,0.8500000000000001,Delhi dishes carry 3 chutneys by design
Rohini Sec-7,Coconut Shredded,Kg,207.307,271.784,78.0,31.1,-62.4,usage above recipe → recipe over-deducts or wastage,,recipe over-deducts: physical count found stock the recipe had already deducted (no store purchase),83.0,,10.0,124.992,30965.1,0.0,-70.694,1% via outlet sub-recipe; Delhi dishes carry 3 chutneys by design
Rohini Sec-7,Dahi Bucket Mix (1pkt =105gm),gm,1815.0,1815.0,2100.0,0.0,15.7,recipes match usage → stores likely making extra,but usage within 10% of CK issue: no sign of extra in-store making,"recipe, usage and issue broadly consistent",3150.0,1000.0,800.0,-40.0,-2.71,0.0,1025.0,Delhi dishes carry 3 chutneys by design
Rohini Sec-7,Dosa Batter Mix,Kg,332.675,332.675,455.0,0.0,36.8,recipes match usage → stores likely making extra,but usage within 10% of CK issue: no sign of extra in-store making,"recipe, usage and issue broadly consistent",490.0,113.0,54.0,-0.2,-6.06,0.0,172.01999999999998,Delhi dishes carry 3 chutneys by design
Rohini Sec-7,Frozen Medu Vada (10pc),Pc,753.0,753.0,,0.0,,recipes match usage → stores likely making extra,nothing issued by CK,recipe over-deducts: physical count found stock the recipe had already deducted (no store purchase),,,0.0,458.0,2223.29,0.0,-292.0,Delhi dishes carry 3 chutneys by design
Rohini Sec-7,Garam Masala Powder Bucket,Kg,0.026,0.026,,0.0,,recipes match usage → stores likely making extra,nothing issued by CK,recipe over-deducts: physical count found stock the recipe had already deducted (no store purchase),,,0.1,0.025,33.71,0.0,0.087,Delhi dishes carry 3 chutneys by design
Rohini Sec-7,Garlic Chutney Bucket,Kg,13.38,13.38,15.5,0.0,15.8,recipes match usage → stores likely making extra,but usage within 10% of CK issue: no sign of extra in-store making,"recipe, usage and issue broadly consistent",16.5,2.1,0.5,-0.15,-38.31,0.0,2.82,Delhi dishes carry 3 chutneys by design
Rohini Sec-7,Idli Pc Raw (1 Pkt =40pc),Pc,1323.0,1323.0,1580.0,0.0,19.4,recipes match usage → stores likely making extra,but usage within 10% of CK issue: no sign of extra in-store making,"recipe, usage and issue broadly consistent",1720.0,322.0,180.0,-2.0,-3.86,0.0,328.0,Delhi dishes carry 3 chutneys by design
Rohini Sec-7,Imli Water,Ltr,13.816,13.816,17.0,0.0,23.0,recipes match usage → stores likely making extra,but usage within 10% of CK issue: no sign of extra in-store making,"recipe, usage and issue broadly consistent",17.0,,0.7,-0.014,-0.4,0.0,6.622,Delhi dishes carry 3 chutneys by design
Rohini Sec-7,Jain Sambar - Delhi,Ltr,34.6,34.6,45.0,0.0,30.1,recipes match usage → stores likely making extra,but usage within 10% of CK issue: no sign of extra in-store making,"physical loss: more gone than recipe deducts (wastage, over-portioning or used as substitute)",49.0,,4.0,-4.4,-141.62,0.0,9.4,Delhi dishes carry 3 chutneys by design
Rohini Sec-7,Karam Podi Powder Bucket,Kg,3.0,3.0,3.5,0.0,16.7,recipes match usage → stores likely making extra,but usage within 10% of CK issue: no sign of extra in-store making,"recipe, usage and issue broadly consistent",2.5,,1.3,-0.04,-7.69,0.0,2.24,Delhi dishes carry 3 chutneys by design
Rohini Sec-7,Kesari Halwa Mix  (1pkt = 550gm),Kg,3.243,3.243,4.4,0.0,35.7,recipes match usage → stores likely making extra,but usage within 10% of CK issue: no sign of extra in-store making,"recipe, usage and issue broadly consistent",4.4,1.0,1.3,-0.09,-6.42,0.0,0.744,Delhi dishes carry 3 chutneys by design
Rohini Sec-7,Korma Gravy Mix (1pkt=700gm),Kg,16.02,16.02,21.0,0.0,31.1,recipes match usage → stores likely making extra,but usage within 10% of CK issue: no sign of extra in-store making,"recipe, usage and issue broadly consistent",20.3,4.7,1.7,0.04,6.19,0.0,3.42,Delhi dishes carry 3 chutneys by design
Rohini Sec-7,Lemon Rice Bucket,Kg,4.6,5.26,8.0,14.3,73.9,usage above recipe → recipe over-deducts or wastage,,"physical loss: more gone than recipe deducts (wastage, over-portioning or used as substitute)",8.5,0.7,2.0,-0.88,-67.36,0.0,5.4,Delhi dishes carry 3 chutneys by design
Rohini Sec-7,Malabar Paratha  (1pkt= 6Pcs),Pc,182.0,182.0,,0.0,,recipes match usage → stores likely making extra,nothing issued by CK,recipe over-deducts: physical count found stock the recipe had already deducted (no store purchase),,,0.0,108.0,846.71,0.0,-105.0,Delhi dishes carry 3 chutneys by design
Rohini Sec-7,Malabar Paratha Dough,Pc,,,186.0,,,insufficient data,no theoretical (no recipe line / no matched dish),insufficient data,204.0,20.0,3.0,-108.0,-804.04,0.0,95.0,
Rohini Sec-7,Malkapodi Bucket,Kg,6.895,6.895,5.5,0.0,-20.2,recipes match usage → stores likely making extra,,recipe over-deducts: physical count found stock the recipe had already deducted (no store purchase),5.0,,1.0,1.66,285.27,0.0,0.525,Delhi dishes carry 3 chutneys by design
Rohini Sec-7,Medu Vada Batter,Kg,,,47.0,,,insufficient data,no theoretical (no recipe line / no matched dish),insufficient data,53.0,13.0,3.0,-46.7,-3021.14,0.0,21.2,
Rohini Sec-7,Mysore Chutney Bucket,Kg,13.59,13.59,13.5,0.0,-0.7,recipes match usage → stores likely making extra,but usage within 10% of CK issue: no sign of extra in-store making,"recipe, usage and issue broadly consistent",14.5,0.6,0.5,0.61,111.94,0.0,1.93,Delhi dishes carry 3 chutneys by design
Rohini Sec-7,Potato Masala Bucket,Kg,13.4,13.4,,0.0,,recipes match usage → stores likely making extra,nothing issued by CK,recipe over-deducts: physical count found stock the recipe had already deducted (no store purchase),,,0.0,6.3,0.0,0.0,6.4,Delhi dishes carry 3 chutneys by design
Rohini Sec-7,Potato Masala Mix (1Pkt = 90Gm),Pkt,62.125,146.948,48.0,136.5,-22.7,usage above recipe → recipe over-deducts or wastage,,recipe over-deducts: physical count found stock the recipe had already deducted (no store purchase),50.0,,0.0,78.653,823.71,0.0,-17.876,88% via outlet sub-recipe; Delhi dishes carry 3 chutneys by design
Rohini Sec-7,Rasam Bucket,Ltr,5.0,5.0,,0.0,,recipes match usage → stores likely making extra,nothing issued by CK,recipe over-deducts: physical count found stock the recipe had already deducted (no store purchase),,,0.0,2.9,106.07,0.0,-2.3,Delhi dishes carry 3 chutneys by design
Rohini Sec-7,Rasam Chhoke Pre-Mix (2 Mix -6gm + 42gm)= 48gm,Kg,,,0.576,,,insufficient data,no theoretical (no recipe line / no matched dish),insufficient data,0.576,,0.1,-1.088,-274.77,0.0,0.532,
Rohini Sec-7,Rasam Mix (1Pkt =15 gm),Kg,,,0.18,,,insufficient data,no theoretical (no recipe line / no matched dish),insufficient data,0.18,,0.1,-0.205,-62.46,0.0,0.235,
Rohini Sec-7,Rava Powder Mix,Kg,4.8,4.8,7.0,0.0,45.8,recipes match usage → stores likely making extra,but usage within 10% of CK issue: no sign of extra in-store making,"recipe, usage and issue broadly consistent",7.0,2.4,1.5,0.25,23.37,0.0,3.95,Delhi dishes carry 3 chutneys by design
Rohini Sec-7,Raw Mango Chutney Bucket,Kg,5.08,5.08,,0.0,,recipes match usage → stores likely making extra,nothing issued by CK,recipe over-deducts: physical count found stock the recipe had already deducted (no store purchase),,,0.0,2.51,567.53,0.0,-3.05,Delhi dishes carry 3 chutneys by design
Rohini Sec-7,Raw Mango Pickle Bucket,Kg,0.35,0.35,0.75,0.0,114.3,recipes match usage → stores likely making extra,but usage within 10% of CK issue: no sign of extra in-store making,"physical loss: more gone than recipe deducts (wastage, over-portioning or used as substitute)",1.0,,0.25,-0.405,-93.92,0.0,0.27,Delhi dishes carry 3 chutneys by design
Rohini Sec-7,Raw mango Powder Mix (1 Pkt = 13gm),Kg,,,0.11,,,insufficient data,no theoretical (no recipe line / no matched dish),insufficient data,0.091,,0.1,-0.078,-25.69,0.0,0.139,
Rohini Sec-7,Regular White Chutney Bucket,Kg,11.25,,,,,insufficient data,no store consumption recorded,insufficient data,,,,,,,,100% of qty from lines marked (Inactive) in recipe; Delhi dishes carry 3 chutneys by design
Rohini Sec-7,Sambar Bucket,Ltr,4.0,4.0,,0.0,,recipes match usage → stores likely making extra,nothing issued by CK,recipe over-deducts: physical count found stock the recipe had already deducted (no store purchase),,,0.0,1.0,30.48,0.0,27.0,Delhi dishes carry 3 chutneys by design
Rohini Sec-7,Sambar Bucket - Delhi,Ltr,1018.8,1018.8,930.0,0.0,-8.7,recipes match usage → stores likely making extra,but usage within 10% of CK issue: no sign of extra in-store making,"recipe, usage and issue broadly consistent",990.0,,10.0,15.45,518.31,0.0,66.0,Delhi dishes carry 3 chutneys by design
Rohini Sec-7,Special Daal Bucket,Kg,7.683,7.683,5.0,0.0,-34.9,recipes match usage → stores likely making extra,,recipe over-deducts: physical count found stock the recipe had already deducted (no store purchase),6.0,,1.0,1.548,228.08,0.0,-1.041,Delhi dishes carry 3 chutneys by design
Rohini Sec-7,Special White Coconut Chutney Bucket,Kg,1.5,1.5,,0.0,,recipes match usage → stores likely making extra,nothing issued by CK,recipe over-deducts: physical count found stock the recipe had already deducted (no store purchase),,,0.0,0.5,0.0,0.0,-1.0,Delhi dishes carry 3 chutneys by design
Rohini Sec-7,Spicy Coconut Chutney Mix 1Pkt (16gm),Kg,10.031,10.031,,0.0,,recipes match usage → stores likely making extra,nothing issued by CK,recipe over-deducts: physical count found stock the recipe had already deducted (no store purchase),,,0.0,6.048,1023.5,0.0,-5.138,Delhi dishes carry 3 chutneys by design
Rohini Sec-7,Srivilli Kheer (1 Pc),Pc,32.0,44.0,67.0,37.5,109.4,usage above recipe → recipe over-deducts or wastage,,"recipe, usage and issue broadly consistent",67.0,11.0,3.0,0.0,0.0,0.0,17.0,Delhi dishes carry 3 chutneys by design
Rohini Sec-7,Steam Rice Bucket,Kg,9.35,9.35,13.5,0.0,44.4,recipes match usage → stores likely making extra,but usage within 10% of CK issue: no sign of extra in-store making,"recipe, usage and issue broadly consistent",15.0,4.7,0.5,0.35,17.01,0.0,3.0,Delhi dishes carry 3 chutneys by design
Rohini Sec-7,Sugar Syrup Bucket,Ltr,1.95,1.95,,0.0,,recipes match usage → stores likely making extra,nothing issued by CK,recipe over-deducts: physical count found stock the recipe had already deducted (no store purchase),,,0.0,1.3,0.0,0.0,-1.0,Delhi dishes carry 3 chutneys by design
Rohini Sec-7,Thatte Idli Pc Raw,Pc,311.0,311.0,360.0,0.0,15.8,recipes match usage → stores likely making extra,but usage within 10% of CK issue: no sign of extra in-store making,"recipe, usage and issue broadly consistent",384.0,72.0,13.0,0.0,0.0,0.0,64.0,Delhi dishes carry 3 chutneys by design
Rohini Sec-7,Thindi Malkapodi Powder Bucket,Kg,5.365,5.365,3.5,0.0,-34.8,recipes match usage → stores likely making extra,,usage above issue with no physical-count correction: unresolved,3.0,,0.0,0.25,49.99,0.0,-0.1999999999999999,Delhi dishes carry 3 chutneys by design
Rohini Sec-7,Tomato Onion Chutney Bucket,Kg,210.67,210.67,,0.0,,recipes match usage → stores likely making extra,nothing issued by CK,recipe over-deducts: physical count found stock the recipe had already deducted (no store purchase),,,0.0,127.25,17076.69,0.0,-107.86,Delhi dishes carry 3 chutneys by design
Rohini Sec-7,Tomato Onion Powder Mix (1 Pkt = 24gm),Kg,0.441,0.441,6.384,0.0,1347.6,recipes match usage → stores likely making extra,but usage within 10% of CK issue: no sign of extra in-store making,"physical loss: more gone than recipe deducts (wastage, over-portioning or used as substitute)",6.288,,1.0,-5.44,-2830.65,0.0,3.997,Delhi dishes carry 3 chutneys by design
Rohini Sec-7,Upma Mix (1pkt = 300gm),Kg,2.04,2.04,,0.0,,recipes match usage → stores likely making extra,nothing issued by CK,recipe over-deducts: physical count found stock the recipe had already deducted (no store purchase),,0.7,0.5,0.46,38.51,0.0,-0.62,Delhi dishes carry 3 chutneys by design
Rosedale Plaza,Benne Dosa Batter (Pack Size -3 Kg ),Kg,77.4,77.4,97.0,0.0,25.3,recipes match usage → stores likely making extra,but usage within 10% of CK issue: no sign of extra in-store making,"recipe, usage and issue broadly consistent",93.5,10.2,6.0,-6.25,-204.18,0.0,21.275,
Rosedale Plaza,Boiled & Mashed Potato (1Pkt = 3Kg),Kg,231.6,260.0,234.0,12.3,1.0,usage above recipe → recipe over-deducts or wastage,,usage above issue with no physical-count correction: unresolved,234.0,,6.0,15.5,466.66,0.0,7.333,100% via outlet sub-recipe
Rosedale Plaza,Chaat Masala Bucket,Kg,0.315,0.315,0.1,0.0,-68.3,recipes match usage → stores likely making extra,,recipe over-deducts: physical count found stock the recipe had already deducted (no store purchase),0.1,,0.24,0.243,87.48,0.0,0.182,
Rosedale Plaza,Coconut Shredded,Kg,181.396,181.389,133.0,-0.0,-26.7,recipes match usage → stores likely making extra,,recipe over-deducts: physical count found stock the recipe had already deducted (no store purchase),133.0,,7.5,40.802,7985.21,0.0,27.101,
Rosedale Plaza,Dahi Bucket Mix (1pkt =105gm),gm,2810.0,2810.0,2415.0,0.0,-14.1,recipes match usage → stores likely making extra,,recipe over-deducts: physical count found stock the recipe had already deducted (no store purchase),2415.0,,315.0,405.0,25.56,0.0,440.0,
Rosedale Plaza,Dosa Batter Mix,Kg,320.936,320.936,380.0,0.0,18.4,recipes match usage → stores likely making extra,but usage within 10% of CK issue: no sign of extra in-store making,"recipe, usage and issue broadly consistent",380.0,58.0,24.0,1.521,49.95,0.0,92.806,
Rosedale Plaza,Filter Coffee Ice Cream (700gm= 1 Bucket),Kg,2.4,2.4,3.5,0.0,45.8,recipes match usage → stores likely making extra,but usage within 10% of CK issue: no sign of extra in-store making,"physical loss: more gone than recipe deducts (wastage, over-portioning or used as substitute)",3.5,0.45,1.1,-0.31,-70.32,0.0,0.98,
Rosedale Plaza,Garlic Chutney Bucket,Kg,13.125,13.125,14.7,0.0,12.0,recipes match usage → stores likely making extra,but usage within 10% of CK issue: no sign of extra in-store making,"recipe, usage and issue broadly consistent",14.7,1.11,1.5,-0.345,-87.4,0.0,3.01,
Rosedale Plaza,Idli Pc Raw (1 Pkt =40pc),Pc,1651.0,1940.0,1960.0,17.5,18.7,usage above recipe → recipe over-deducts or wastage,,"recipe, usage and issue broadly consistent",2020.0,49.0,179.0,27.0,54.58,0.0,443.0,
Rosedale Plaza,Imli Water,Ltr,1.944,1.944,2.1,0.0,8.0,recipes match usage → stores likely making extra,but usage within 10% of CK issue: no sign of extra in-store making,"recipe, usage and issue broadly consistent",2.1,,0.3,-0.084,-2.12,0.0,0.569,
Rosedale Plaza,Jain Sambar Bucket,Ltr,40.2,40.2,88.0,0.0,118.9,recipes match usage → stores likely making extra,but usage within 10% of CK issue: no sign of extra in-store making,"physical loss: more gone than recipe deducts (wastage, over-portioning or used as substitute)",88.0,,4.0,-44.2,-1098.54,0.0,24.2,
Rosedale Plaza,Karam Podi Powder Bucket,Kg,1.24,1.24,1.5,0.0,21.0,recipes match usage → stores likely making extra,but usage within 10% of CK issue: no sign of extra in-store making,recipe over-deducts: physical count found stock the recipe had already deducted (no store purchase),1.5,,1.18,0.38,72.35,0.0,2.56,
Rosedale Plaza,Kesari Halwa Mix  (1pkt = 550gm),Kg,5.865,5.865,6.05,0.0,3.2,recipes match usage → stores likely making extra,but usage within 10% of CK issue: no sign of extra in-store making,recipe over-deducts: physical count found stock the recipe had already deducted (no store purchase),6.05,0.585,0.79,0.876,60.58,0.0,3.3600000000000003,
Rosedale Plaza,Korma Gravy Mix (1pkt=700gm),Kg,25.38,25.38,25.9,0.0,2.0,recipes match usage → stores likely making extra,but usage within 10% of CK issue: no sign of extra in-store making,"recipe, usage and issue broadly consistent",25.9,0.15,0.0,0.55,83.38,0.0,5.62,
Rosedale Plaza,Malabar Paratha  (1pkt= 6Pcs),Pc,282.0,282.0,126.0,0.0,-55.3,recipes match usage → stores likely making extra,,recipe over-deducts: physical count found stock the recipe had already deducted (no store purchase),126.0,2.0,0.0,130.0,1153.22,0.0,-50.0,
Rosedale Plaza,Malabar Paratha Dough,Pc,,,168.0,,,insufficient data,no theoretical (no recipe line / no matched dish),insufficient data,168.0,,24.0,-124.0,-1069.7,0.0,78.0,
Rosedale Plaza,Malkapodi Bucket,Kg,1.245,1.245,1.5,0.0,20.5,recipes match usage → stores likely making extra,but usage within 10% of CK issue: no sign of extra in-store making,"physical loss: more gone than recipe deducts (wastage, over-portioning or used as substitute)",1.5,,0.5,-0.195,-32.91,0.0,0.875,
Rosedale Plaza,Medu Vada Batter,Kg,,,74.0,,,insufficient data,no theoretical (no recipe line / no matched dish),insufficient data,74.0,,2.0,-68.0,-4358.79,0.0,24.0,
Rosedale Plaza,Medu Vada Batter Mix,Kg,62.72,62.72,,0.0,,recipes match usage → stores likely making extra,nothing issued by CK,recipe over-deducts: physical count found stock the recipe had already deducted (no store purchase),,,0.0,59.538,4556.2,0.0,-10.385,
Rosedale Plaza,Medu Vada Batter Powder Mix (1 Pkt = 23gm),Kg,,,1.61,,,insufficient data,no theoretical (no recipe line / no matched dish),insufficient data,1.61,,0.238,-1.349,-350.67,0.0,0.721,
Rosedale Plaza,Mysore Chutney Bucket,Kg,12.06,12.06,10.8,0.0,-10.4,recipes match usage → stores likely making extra,,usage above issue with no physical-count correction: unresolved,10.8,,1.8,0.68,115.48,0.0,1.4,
Rosedale Plaza,Potato Masala Mix (1Pkt = 90Gm),Pkt,77.2,86.667,81.0,12.3,4.9,usage above recipe → recipe over-deducts or wastage,,"recipe, usage and issue broadly consistent",81.0,,3.0,2.667,28.99,0.0,9.444,100% via outlet sub-recipe
Rosedale Plaza,Rava Powder Mix,Kg,7.25,7.25,8.0,0.0,10.3,recipes match usage → stores likely making extra,but usage within 10% of CK issue: no sign of extra in-store making,"recipe, usage and issue broadly consistent",8.0,1.86,2.5,0.0,0.0,0.0,2.24,
Rosedale Plaza,Raw Mango Chutney Bucket,Kg,1.38,1.38,,0.0,,recipes match usage → stores likely making extra,nothing issued by CK,recipe over-deducts: physical count found stock the recipe had already deducted (no store purchase),,,0.0,1.26,206.18,0.0,-0.24,
Rosedale Plaza,Raw mango Powder Mix (1 Pkt = 13gm),Kg,0.143,0.141,0.156,-1.4,9.1,recipes match usage → stores likely making extra,but usage within 10% of CK issue: no sign of extra in-store making,"physical loss: more gone than recipe deducts (wastage, over-portioning or used as substitute)",0.156,,0.052,-0.025,-7.17,0.0,0.031,
Rosedale Plaza,Sambar Bucket,Ltr,831.4,831.4,699.0,0.0,-15.9,recipes match usage → stores likely making extra,,recipe over-deducts: physical count found stock the recipe had already deducted (no store purchase),685.0,,18.0,149.8,3946.75,0.0,114.6,
Rosedale Plaza,Special Daal Bucket,Kg,12.656,12.656,5.0,0.0,-60.5,recipes match usage → stores likely making extra,,recipe over-deducts: physical count found stock the recipe had already deducted (no store purchase),5.0,,1.1,7.25,1112.5,0.0,1.146,
Rosedale Plaza,Special White Coconut Chutney Bucket,Kg,2.85,2.85,,0.0,,recipes match usage → stores likely making extra,nothing issued by CK,recipe over-deducts: physical count found stock the recipe had already deducted (no store purchase),,,0.0,2.7,155.84,0.0,-0.3,
Rosedale Plaza,Spicy Coconut Chutney Mix 1Pkt (16gm),Kg,1.59,1.59,,0.0,,recipes match usage → stores likely making extra,nothing issued by CK,recipe over-deducts: physical count found stock the recipe had already deducted (no store purchase),,,0.0,1.464,240.08,0.0,-0.289,
Rosedale Plaza,Srivilli Kheer (1 Pc),Pc,86.0,86.0,98.0,0.0,14.0,recipes match usage → stores likely making extra,but usage within 10% of CK issue: no sign of extra in-store making,"recipe, usage and issue broadly consistent",98.0,5.0,8.0,-3.0,-78.6,0.0,11.0,
Rosedale Plaza,Thatte Idli Pc Raw,Pc,146.0,146.0,174.0,0.0,19.2,recipes match usage → stores likely making extra,but usage within 10% of CK issue: no sign of extra in-store making,"recipe, usage and issue broadly consistent",174.0,3.0,26.0,-8.0,-39.97,0.0,38.0,
Rosedale Plaza,Thindi Malkapodi Powder Bucket,Kg,3.31,3.31,1.5,0.0,-54.7,recipes match usage → stores likely making extra,,recipe over-deducts: physical count found stock the recipe had already deducted (no store purchase),1.5,,1.2,1.6,312.19,0.0,0.585,
Rosedale Plaza,Tomato Onion Powder Mix (1 Pkt = 24gm),Kg,0.294,0.294,0.384,0.0,30.6,recipes match usage → stores likely making extra,but usage within 10% of CK issue: no sign of extra in-store making,"recipe, usage and issue broadly consistent",0.384,,0.048,0.006,3.17,0.0,0.066,
Rosedale Plaza,Upma Mix (1pkt = 300gm),Kg,1.32,1.326,1.5,0.5,13.6,recipes match usage → stores likely making extra,but usage within 10% of CK issue: no sign of extra in-store making,recipe over-deducts: physical count found stock the recipe had already deducted (no store purchase),1.5,0.34,0.6,0.196,16.98,0.0,1.3199999999999998,
Salt Lake,Benne Dosa Batter (Pack Size -3 Kg ),Kg,77.275,77.275,101.0,0.0,30.7,recipes match usage → stores likely making extra,but usage within 10% of CK issue: no sign of extra in-store making,"recipe, usage and issue broadly consistent",101.0,19.1,0.0,-6.925,-229.28,0.0,-1.425,
Salt Lake,Boiled & Mashed Potato (1Pkt = 3Kg),Kg,240.573,246.0,231.0,2.3,-4.0,recipes match usage → stores likely making extra,but usage within 10% of CK issue: no sign of extra in-store making,"recipe, usage and issue broadly consistent",231.0,,9.0,10.5,316.7,0.0,3.0,100% via outlet sub-recipe
Salt Lake,Chaat Masala Bucket,Kg,0.614,0.614,0.6,0.0,-2.3,recipes match usage → stores likely making extra,but usage within 10% of CK issue: no sign of extra in-store making,recipe over-deducts: physical count found stock the recipe had already deducted (no store purchase),0.6,,0.5,0.162,58.06,0.0,0.396,
Salt Lake,Coconut Shredded,Kg,218.111,218.099,124.0,-0.0,-43.1,recipes match usage → stores likely making extra,,recipe over-deducts: physical count found stock the recipe had already deducted (no store purchase),124.0,,11.0,86.789,16973.77,0.0,-12.012,
Salt Lake,Dahi Bucket Mix (1pkt =105gm),gm,4630.0,4630.0,4620.0,0.0,-0.2,recipes match usage → stores likely making extra,but usage within 10% of CK issue: no sign of extra in-store making,"recipe, usage and issue broadly consistent",4620.0,,315.0,-115.0,-7.26,0.0,625.0,
Salt Lake,Dosa Batter Mix,Kg,400.898,400.898,468.0,0.0,16.7,recipes match usage → stores likely making extra,but usage within 10% of CK issue: no sign of extra in-store making,"recipe, usage and issue broadly consistent",468.0,40.8,23.8,-27.468,-900.9,0.0,43.563,
Salt Lake,Filter Coffee Ice Cream (700gm= 1 Bucket),Kg,4.2,4.2,4.9,0.0,16.7,recipes match usage → stores likely making extra,but usage within 10% of CK issue: no sign of extra in-store making,"recipe, usage and issue broadly consistent",4.9,,0.7,-0.08,-18.09,0.0,1.38,
Salt Lake,Garlic Chutney Bucket,Kg,11.85,11.85,13.5,0.0,13.9,recipes match usage → stores likely making extra,but usage within 10% of CK issue: no sign of extra in-store making,"recipe, usage and issue broadly consistent",13.5,1.1,1.2,-0.11,-27.85,0.0,1.33,
Salt Lake,Idli Pc Raw (1 Pkt =40pc),Pc,1789.0,2050.0,2080.0,14.6,16.3,usage above recipe → recipe over-deducts or wastage,,"recipe, usage and issue broadly consistent",2080.0,67.0,109.0,11.0,22.23,0.0,165.0,
Salt Lake,Imli Water,Ltr,3.442,3.442,2.4,0.0,-30.3,recipes match usage → stores likely making extra,,recipe over-deducts: physical count found stock the recipe had already deducted (no store purchase),2.4,,0.2,0.579,14.67,0.0,0.082,
Salt Lake,Jain Sambar Bucket,Ltr,51.0,51.0,150.0,0.0,194.1,recipes match usage → stores likely making extra,but usage within 10% of CK issue: no sign of extra in-store making,"physical loss: more gone than recipe deducts (wastage, over-portioning or used as substitute)",150.0,,6.0,-91.4,-2271.58,0.0,37.4,
Salt Lake,Karam Podi Powder Bucket,Kg,1.92,1.92,1.5,0.0,-21.9,recipes match usage → stores likely making extra,,recipe over-deducts: physical count found stock the recipe had already deducted (no store purchase),1.5,,0.7,0.67,127.56,0.0,0.76,
Salt Lake,Kesari Halwa Mix  (1pkt = 550gm),Kg,7.935,7.935,9.35,0.0,17.8,recipes match usage → stores likely making extra,but usage within 10% of CK issue: no sign of extra in-store making,"recipe, usage and issue broadly consistent",9.35,1.45,1.1,-0.493,-34.12,0.0,-0.063,
Salt Lake,Korma Gravy Mix (1pkt=700gm),Kg,32.796,32.796,31.5,0.0,-4.0,recipes match usage → stores likely making extra,but usage within 10% of CK issue: no sign of extra in-store making,"recipe, usage and issue broadly consistent",31.5,0.07,0.7,1.896,287.55,0.0,0.07,
Salt Lake,Malabar Paratha  (1pkt= 6Pcs),Pc,377.0,377.0,384.0,0.0,1.9,recipes match usage → stores likely making extra,but usage within 10% of CK issue: no sign of extra in-store making,"recipe, usage and issue broadly consistent",386.0,,4.0,0.0,0.0,0.0,12.0,
Salt Lake,Malabar Paratha Dough,Pc,,,4.0,,,insufficient data,no theoretical (no recipe line / no matched dish),insufficient data,4.0,,0.0,-4.0,-34.33,0.0,0.0,
Salt Lake,Malkapodi Bucket,Kg,3.875,3.875,3.5,0.0,-9.7,recipes match usage → stores likely making extra,,recipe over-deducts: physical count found stock the recipe had already deducted (no store purchase),3.5,,0.8,0.62,105.16,0.0,0.52,
Salt Lake,Medu Vada Batter,Kg,,,78.0,,,insufficient data,no theoretical (no recipe line / no matched dish),insufficient data,78.0,2.06,1.0,-71.44,-4569.24,0.0,16.0,
Salt Lake,Medu Vada Batter Mix,Kg,79.466,79.466,,0.0,,recipes match usage → stores likely making extra,nothing issued by CK,recipe over-deducts: physical count found stock the recipe had already deducted (no store purchase),,,0.0,73.423,5411.75,0.0,-15.026,
Salt Lake,Medu Vada Batter Powder Mix (1 Pkt = 23gm),Kg,,,1.863,,,insufficient data,no theoretical (no recipe line / no matched dish),insufficient data,1.863,0.035,0.092,-1.644,-428.73,0.0,0.483,
Salt Lake,Mysore Chutney Bucket,Kg,12.28,12.28,10.8,0.0,-12.1,recipes match usage → stores likely making extra,,recipe over-deducts: physical count found stock the recipe had already deducted (no store purchase),10.8,1.3,0.9,2.0,339.35,0.0,0.15,
Salt Lake,Potato Masala Mix (1Pkt = 90Gm),Pkt,80.191,82.0,77.0,2.3,-4.0,recipes match usage → stores likely making extra,but usage within 10% of CK issue: no sign of extra in-store making,"recipe, usage and issue broadly consistent",77.0,,4.0,5.0,54.4,0.0,5.0,100% via outlet sub-recipe
Salt Lake,Rasam Bucket,Ltr,9.15,9.15,,0.0,,recipes match usage → stores likely making extra,nothing issued by CK,recipe over-deducts: physical count found stock the recipe had already deducted (no store purchase),,0.2,1.0,8.55,299.08,0.0,-0.4,
Salt Lake,Rasam Chhoke Pre-Mix (2 Mix -6gm + 42gm)= 48gm,Kg,,,0.336,,,insufficient data,no theoretical (no recipe line / no matched dish),insufficient data,0.336,,0.048,-0.336,-76.48,0.0,0.144,
Salt Lake,Rasam Mix (1Pkt =15 gm),Kg,,,0.105,,,insufficient data,no theoretical (no recipe line / no matched dish),insufficient data,0.105,,0.015,-0.09,-32.51,0.0,0.045,
Salt Lake,Rava Powder Mix,Kg,8.6,8.6,11.0,0.0,27.9,recipes match usage → stores likely making extra,but usage within 10% of CK issue: no sign of extra in-store making,"physical loss: more gone than recipe deducts (wastage, over-portioning or used as substitute)",11.0,1.9,1.0,-1.7,-162.92,0.0,0.2,
Salt Lake,Raw Mango Chutney Bucket,Kg,0.48,0.48,,0.0,,recipes match usage → stores likely making extra,nothing issued by CK,recipe over-deducts: physical count found stock the recipe had already deducted (no store purchase),,0.5,0.3,0.71,113.95,0.0,-0.17,
Salt Lake,Raw mango Powder Mix (1 Pkt = 13gm),Kg,0.257,0.254,0.26,-1.2,1.2,recipes match usage → stores likely making extra,but usage within 10% of CK issue: no sign of extra in-store making,"recipe, usage and issue broadly consistent",0.26,,0.039,0.001,0.19,0.0,0.032,
Salt Lake,Sambar Bucket,Ltr,1002.6,1002.6,705.0,0.0,-29.7,recipes match usage → stores likely making extra,,recipe over-deducts: physical count found stock the recipe had already deducted (no store purchase),749.0,,10.0,267.0,7058.02,0.0,-38.0,
Salt Lake,Special Daal Bucket,Kg,15.15,15.15,6.0,0.0,-60.4,recipes match usage → stores likely making extra,,recipe over-deducts: physical count found stock the recipe had already deducted (no store purchase),6.0,,0.9,7.974,1222.56,0.0,-1.216,
Salt Lake,Special White Coconut Chutney Bucket,Kg,10.5,10.5,,0.0,,recipes match usage → stores likely making extra,nothing issued by CK,recipe over-deducts: physical count found stock the recipe had already deducted (no store purchase),,,0.0,10.35,0.0,0.0,0.5,
Salt Lake,Spicy Coconut Chutney Mix 1Pkt (16gm),Kg,3.096,3.096,,0.0,,recipes match usage → stores likely making extra,nothing issued by CK,recipe over-deducts: physical count found stock the recipe had already deducted (no store purchase),,,0.0,2.731,448.93,0.0,-0.55,
Salt Lake,Srivilli Kheer (1 Pc),Pc,97.0,97.0,96.0,0.0,-1.0,recipes match usage → stores likely making extra,but usage within 10% of CK issue: no sign of extra in-store making,"recipe, usage and issue broadly consistent",96.0,2.0,1.0,-1.0,-26.32,0.0,1.0,
Salt Lake,Thatte Idli Pc Raw,Pc,319.0,319.0,318.0,0.0,-0.3,recipes match usage → stores likely making extra,but usage within 10% of CK issue: no sign of extra in-store making,"recipe, usage and issue broadly consistent",318.0,3.0,15.0,-7.0,-34.88,0.0,10.0,
Salt Lake,Thindi Malkapodi Powder Bucket,Kg,9.315,9.315,4.0,0.0,-57.1,recipes match usage → stores likely making extra,,recipe over-deducts: physical count found stock the recipe had already deducted (no store purchase),4.0,,0.9,4.4,857.68,0.0,-1.215,
Salt Lake,Tomato Onion Chutney Bucket,Kg,,,,,,insufficient data,no theoretical (no recipe line / no matched dish),insufficient data,,0.75,0.6,0.95,133.43,0.0,0.95,
Salt Lake,Tomato Onion Powder Mix (1 Pkt = 24gm),Kg,0.471,0.471,0.48,0.0,1.9,recipes match usage → stores likely making extra,but usage within 10% of CK issue: no sign of extra in-store making,"recipe, usage and issue broadly consistent",0.48,,0.048,0.029,15.15,0.0,0.102,
Salt Lake,Upma Mix (1pkt = 300gm),Kg,5.04,5.04,7.5,0.0,48.8,recipes match usage → stores likely making extra,but usage within 10% of CK issue: no sign of extra in-store making,"physical loss: more gone than recipe deducts (wastage, over-portioning or used as substitute)",7.5,1.71,1.5,-0.68,-58.89,0.0,1.69,
Salt Lake Sec-1,Benne Dosa Batter (Pack Size -3 Kg ),Kg,97.475,97.475,125.0,0.0,28.2,recipes match usage → stores likely making extra,but usage within 10% of CK issue: no sign of extra in-store making,"recipe, usage and issue broadly consistent",125.0,22.06,6.3,-4.705,-152.22,0.0,5.685,
Salt Lake Sec-1,Boiled & Mashed Potato (1Pkt = 3Kg),Kg,212.445,239.0,,12.5,,usage above recipe → recipe over-deducts or wastage,,recipe over-deducts: physical count found stock the recipe had already deducted (no store purchase),,,0.0,227.0,7074.52,0.0,-39.0,100% via outlet sub-recipe
Salt Lake Sec-1,Chaat Masala Bucket,Kg,0.725,0.725,0.7,0.0,-3.4,recipes match usage → stores likely making extra,but usage within 10% of CK issue: no sign of extra in-store making,recipe over-deducts: physical count found stock the recipe had already deducted (no store purchase),0.7,,0.3,0.252,90.2,0.0,0.258,
Salt Lake Sec-1,Coconut Shredded,Kg,217.057,217.045,154.0,-0.0,-29.1,recipes match usage → stores likely making extra,,recipe over-deducts: physical count found stock the recipe had already deducted (no store purchase),154.0,,6.0,55.277,10817.55,0.0,-2.354,
Salt Lake Sec-1,Dahi Bucket Mix (1pkt =105gm),gm,4305.0,4305.0,3990.0,0.0,-7.3,recipes match usage → stores likely making extra,but usage within 10% of CK issue: no sign of extra in-store making,recipe over-deducts: physical count found stock the recipe had already deducted (no store purchase),3990.0,,630.0,785.0,49.7,0.0,615.0,
Salt Lake Sec-1,Dosa Batter Mix,Kg,377.298,377.298,450.0,0.0,19.3,recipes match usage → stores likely making extra,but usage within 10% of CK issue: no sign of extra in-store making,"recipe, usage and issue broadly consistent",455.0,71.78,34.0,-1.456,-47.8,0.0,37.572,
Salt Lake Sec-1,Filter Coffee Ice Cream (700gm= 1 Bucket),Kg,5.4,5.4,7.7,0.0,42.6,recipes match usage → stores likely making extra,but usage within 10% of CK issue: no sign of extra in-store making,"physical loss: more gone than recipe deducts (wastage, over-portioning or used as substitute)",7.7,0.35,0.7,-0.79,-182.72,0.0,2.66,
Salt Lake Sec-1,Garam Masala Powder Bucket,Kg,0.029,0.029,,0.0,,recipes match usage → stores likely making extra,nothing issued by CK,recipe over-deducts: physical count found stock the recipe had already deducted (no store purchase),,,0.12,0.055,69.7,0.0,0.116,
Salt Lake Sec-1,Garlic Chutney Bucket,Kg,18.45,18.45,15.9,0.0,-13.8,recipes match usage → stores likely making extra,,recipe over-deducts: physical count found stock the recipe had already deducted (no store purchase),15.9,0.48,0.8,2.28,577.32,0.0,0.46,
Salt Lake Sec-1,Idli Pc Raw (1 Pkt =40pc),Pc,2040.0,2264.0,2440.0,11.0,19.6,usage above recipe → recipe over-deducts or wastage,,"recipe, usage and issue broadly consistent",2440.0,106.0,183.0,8.0,16.16,0.0,172.0,
Salt Lake Sec-1,Imli Water,Ltr,3.942,3.943,4.7,0.0,19.2,recipes match usage → stores likely making extra,but usage within 10% of CK issue: no sign of extra in-store making,"physical loss: more gone than recipe deducts (wastage, over-portioning or used as substitute)",4.7,,0.5,-0.688,-17.45,0.0,0.687,
Salt Lake Sec-1,Jain Sambar Bucket,Ltr,46.6,46.6,443.0,0.0,850.6,recipes match usage → stores likely making extra,but usage within 10% of CK issue: no sign of extra in-store making,"physical loss: more gone than recipe deducts (wastage, over-portioning or used as substitute)",443.0,,12.0,-378.2,-9344.9,0.0,80.6,
Salt Lake Sec-1,Karam Podi Powder Bucket,Kg,1.44,1.44,1.5,0.0,4.2,recipes match usage → stores likely making extra,but usage within 10% of CK issue: no sign of extra in-store making,"recipe, usage and issue broadly consistent",1.5,,0.8,0.05,9.47,0.0,1.18,
Salt Lake Sec-1,Kesari Halwa Mix  (1pkt = 550gm),Kg,8.763,8.763,10.45,0.0,19.3,recipes match usage → stores likely making extra,but usage within 10% of CK issue: no sign of extra in-store making,"recipe, usage and issue broadly consistent",10.45,0.73,1.5,-0.014,-0.97,0.0,1.151,
Salt Lake Sec-1,Korma Gravy Mix (1pkt=700gm),Kg,16.02,16.02,16.8,0.0,4.9,recipes match usage → stores likely making extra,but usage within 10% of CK issue: no sign of extra in-store making,"recipe, usage and issue broadly consistent",16.8,2.3,0.5,0.34,51.58,0.0,0.08,
Salt Lake Sec-1,Lemon Rice Bucket,Kg,7.25,7.25,10.5,0.0,44.8,recipes match usage → stores likely making extra,but usage within 10% of CK issue: no sign of extra in-store making,"recipe, usage and issue broadly consistent",10.5,1.88,1.7,-0.67,-58.73,0.0,1.95,
Salt Lake Sec-1,Malabar Paratha  (1pkt= 6Pcs),Pc,181.0,181.0,,0.0,,recipes match usage → stores likely making extra,nothing issued by CK,recipe over-deducts: physical count found stock the recipe had already deducted (no store purchase),,,0.0,169.0,1333.35,0.0,-38.0,
Salt Lake Sec-1,Malabar Paratha Dough,Pc,,,192.0,,,insufficient data,no theoretical (no recipe line / no matched dish),insufficient data,192.0,,14.0,-176.0,-1520.26,0.0,44.0,
Salt Lake Sec-1,Malkapodi Bucket,Kg,4.79,4.79,4.5,0.0,-6.1,recipes match usage → stores likely making extra,but usage within 10% of CK issue: no sign of extra in-store making,"recipe, usage and issue broadly consistent",4.5,,1.8,0.185,31.36,0.0,1.615,
Salt Lake Sec-1,Medu Vada Batter Mix,Kg,71.941,71.941,,0.0,,recipes match usage → stores likely making extra,nothing issued by CK,recipe over-deducts: physical count found stock the recipe had already deducted (no store purchase),,2.05,3.5,70.464,5388.68,0.0,-10.007,
Salt Lake Sec-1,Medu Vada Batter Powder Mix (1 Pkt = 23gm),Kg,,,1.38,,,insufficient data,no theoretical (no recipe line / no matched dish),insufficient data,1.38,,0.069,-1.265,-330.12,0.0,0.299,
Salt Lake Sec-1,Mysore Chutney Bucket,Kg,11.22,11.22,9.3,0.0,-17.1,recipes match usage → stores likely making extra,,recipe over-deducts: physical count found stock the recipe had already deducted (no store purchase),9.3,0.81,0.9,1.72,292.02,0.0,0.09,
Salt Lake Sec-1,Potato Masala Mix (1Pkt = 90Gm),Pkt,70.815,79.667,74.0,12.5,4.5,usage above recipe → recipe over-deducts or wastage,,"recipe, usage and issue broadly consistent",74.0,,4.0,5.667,61.65,0.0,5.0,100% via outlet sub-recipe
Salt Lake Sec-1,Rasam Bucket,Ltr,8.9,8.9,,0.0,,recipes match usage → stores likely making extra,nothing issued by CK,recipe over-deducts: physical count found stock the recipe had already deducted (no store purchase),,,0.0,6.3,220.67,0.0,-1.4,
Salt Lake Sec-1,Rasam Chhoke Pre-Mix (2 Mix -6gm + 42gm)= 48gm,Kg,,,0.474,,,insufficient data,no theoretical (no recipe line / no matched dish),insufficient data,0.474,,0.096,-0.378,-86.38,0.0,0.192,
Salt Lake Sec-1,Rasam Mix (1Pkt =15 gm),Kg,,,0.15,,,insufficient data,no theoretical (no recipe line / no matched dish),insufficient data,0.15,,0.03,-0.15,-54.08,0.0,0.06,
Salt Lake Sec-1,Rava Powder Mix,Kg,10.35,10.35,15.0,0.0,44.9,recipes match usage → stores likely making extra,but usage within 10% of CK issue: no sign of extra in-store making,"physical loss: more gone than recipe deducts (wastage, over-portioning or used as substitute)",15.0,1.0,1.8,-3.6,-345.18,0.0,2.3,
Salt Lake Sec-1,Raw Mango Chutney Bucket,Kg,2.52,2.52,,0.0,,recipes match usage → stores likely making extra,nothing issued by CK,recipe over-deducts: physical count found stock the recipe had already deducted (no store purchase),,0.18,0.4,2.71,434.99,0.0,-0.14,
Salt Lake Sec-1,Raw Mango Pickle Bucket,Kg,0.54,0.54,1.5,0.0,177.8,recipes match usage → stores likely making extra,but usage within 10% of CK issue: no sign of extra in-store making,"physical loss: more gone than recipe deducts (wastage, over-portioning or used as substitute)",1.5,,0.25,-0.83,-144.49,0.0,0.41,
Salt Lake Sec-1,Raw mango Powder Mix (1 Pkt = 13gm),Kg,0.354,0.349,0.325,-1.4,-8.2,recipes match usage → stores likely making extra,but usage within 10% of CK issue: no sign of extra in-store making,"recipe, usage and issue broadly consistent",0.325,,0.039,0.029,8.31,0.0,0.059,
Salt Lake Sec-1,Sambar Bucket,Ltr,1020.8,1020.8,495.0,0.0,-51.5,recipes match usage → stores likely making extra,,recipe over-deducts: physical count found stock the recipe had already deducted (no store purchase),495.0,,20.0,483.4,12777.0,0.0,-62.4,
Salt Lake Sec-1,Special Daal Bucket,Kg,15.146,15.147,8.0,0.0,-47.2,recipes match usage → stores likely making extra,,recipe over-deducts: physical count found stock the recipe had already deducted (no store purchase),8.0,,1.5,6.932,1063.26,0.0,0.891,
Salt Lake Sec-1,Special White Coconut Chutney Bucket,Kg,13.6,13.6,,0.0,,recipes match usage → stores likely making extra,nothing issued by CK,recipe over-deducts: physical count found stock the recipe had already deducted (no store purchase),,,0.0,14.4,0.0,0.0,-1.85,
Salt Lake Sec-1,Spicy Coconut Chutney Mix 1Pkt (16gm),Kg,3.288,3.288,,0.0,,recipes match usage → stores likely making extra,nothing issued by CK,recipe over-deducts: physical count found stock the recipe had already deducted (no store purchase),,,0.0,2.952,0.0,0.0,-0.556,
Salt Lake Sec-1,Srivilli Kheer (1 Pc),Pc,82.0,82.0,84.0,0.0,2.4,recipes match usage → stores likely making extra,but usage within 10% of CK issue: no sign of extra in-store making,"recipe, usage and issue broadly consistent",84.0,5.0,7.0,-1.0,-26.35,0.0,2.0,
Salt Lake Sec-1,Steam Rice Bucket,Kg,12.705,12.705,25.0,0.0,96.8,recipes match usage → stores likely making extra,but usage within 10% of CK issue: no sign of extra in-store making,"physical loss: more gone than recipe deducts (wastage, over-portioning or used as substitute)",25.0,5.1,2.4,-3.365,-189.46,0.0,4.16,
Salt Lake Sec-1,Thatte Idli Batter,Kg,,,45.0,,,insufficient data,no theoretical (no recipe line / no matched dish),insufficient data,45.0,8.65,3.0,-37.2,-949.53,0.0,6.7,
Salt Lake Sec-1,Thatte Idli Pc Raw,Pc,351.0,351.0,,0.0,,recipes match usage → stores likely making extra,nothing issued by CK,recipe over-deducts: physical count found stock the recipe had already deducted (no store purchase),,7.0,40.0,338.0,1702.51,0.0,-18.0,
Salt Lake Sec-1,Thindi Malkapodi Powder Bucket,Kg,6.545,6.545,2.0,0.0,-69.4,recipes match usage → stores likely making extra,,recipe over-deducts: physical count found stock the recipe had already deducted (no store purchase),2.0,,2.1,3.605,702.38,0.0,0.98,
Salt Lake Sec-1,Tomato Onion Chutney Bucket,Kg,,,,,,insufficient data,no theoretical (no recipe line / no matched dish),insufficient data,,0.3,1.2,1.65,232.15,0.0,1.2,
Salt Lake Sec-1,Tomato Onion Powder Mix (1 Pkt = 24gm),Kg,0.77,0.771,0.888,0.1,15.3,recipes match usage → stores likely making extra,but usage within 10% of CK issue: no sign of extra in-store making,"physical loss: more gone than recipe deducts (wastage, over-portioning or used as substitute)",0.888,,0.0,-0.118,-61.84,0.0,-0.036,
Salt Lake Sec-1,Upma Mix (1pkt = 300gm),Kg,3.9,3.9,6.0,0.0,53.8,recipes match usage → stores likely making extra,but usage within 10% of CK issue: no sign of extra in-store making,"physical loss: more gone than recipe deducts (wastage, over-portioning or used as substitute)",6.0,1.19,1.4,-0.87,-75.35,0.0,1.48,
Santoshpur,Benne Dosa Batter (Pack Size -3 Kg ),Kg,40.95,40.95,53.535,0.0,30.7,recipes match usage → stores likely making extra,but usage within 10% of CK issue: no sign of extra in-store making,"recipe, usage and issue broadly consistent",47.535,16.669,3.1,-0.011,-0.37,0.0,-1.26,
Santoshpur,Boiled & Mashed Potato (1Pkt = 3Kg),Kg,112.736,114.0,,1.1,,recipes match usage → stores likely making extra,nothing issued by CK,recipe over-deducts: physical count found stock the recipe had already deducted (no store purchase),,,0.0,108.667,3385.94,0.0,-18.667,100% via outlet sub-recipe
Santoshpur,Chaat Masala Bucket,Kg,0.519,0.519,0.4,0.0,-22.9,recipes match usage → stores likely making extra,,recipe over-deducts: physical count found stock the recipe had already deducted (no store purchase),0.4,,0.2,0.119,42.59,0.0,0.145,
Santoshpur,Coconut Shredded,Kg,103.211,103.208,75.9,-0.0,-26.5,recipes match usage → stores likely making extra,,recipe over-deducts: physical count found stock the recipe had already deducted (no store purchase),70.9,0.7,6.0,22.572,4406.46,0.0,-5.263,
Santoshpur,Dahi Bucket Mix (1pkt =105gm),gm,3910.0,3910.0,3675.0,0.0,-6.0,recipes match usage → stores likely making extra,but usage within 10% of CK issue: no sign of extra in-store making,recipe over-deducts: physical count found stock the recipe had already deducted (no store purchase),3255.0,,420.0,435.0,27.47,0.0,235.0,
Santoshpur,Dosa Batter Mix,Kg,194.203,194.203,276.205,0.0,42.2,recipes match usage → stores likely making extra,but usage within 10% of CK issue: no sign of extra in-store making,"recipe, usage and issue broadly consistent",246.34,58.74,33.0,0.929,30.48,0.0,13.962,
Santoshpur,Filter Coffee Ice Cream (700gm= 1 Bucket),Kg,1.56,1.56,2.1,0.0,34.6,recipes match usage → stores likely making extra,but usage within 10% of CK issue: no sign of extra in-store making,"recipe, usage and issue broadly consistent",2.1,,0.7,-0.08,-18.66,0.0,0.46,
Santoshpur,Garlic Chutney Bucket,Kg,7.455,7.455,6.0,0.0,-19.5,recipes match usage → stores likely making extra,,recipe over-deducts: physical count found stock the recipe had already deducted (no store purchase),6.0,0.05,0.6,0.75,189.75,0.0,0.105,
Santoshpur,Idli Pc Raw (1 Pkt =40pc),Pc,946.0,1082.0,1080.0,14.4,14.2,usage above recipe → recipe over-deducts or wastage,,"recipe, usage and issue broadly consistent",1000.0,55.0,86.0,5.0,10.09,0.0,-37.0,
Santoshpur,Imli Water,Ltr,1.089,1.089,2.4,0.0,120.4,recipes match usage → stores likely making extra,but usage within 10% of CK issue: no sign of extra in-store making,recipe over-deducts: physical count found stock the recipe had already deducted (no store purchase),2.29,,200.0,198.523,4987.58,0.0,200.166,
Santoshpur,Jain Sambar Bucket,Ltr,25.8,25.8,48.0,0.0,86.0,recipes match usage → stores likely making extra,but usage within 10% of CK issue: no sign of extra in-store making,"physical loss: more gone than recipe deducts (wastage, over-portioning or used as substitute)",42.0,,4.0,-15.2,-374.27,0.0,0.8,
Santoshpur,Karam Podi Powder Bucket,Kg,0.64,0.64,0.5,0.0,-21.9,recipes match usage → stores likely making extra,,recipe over-deducts: physical count found stock the recipe had already deducted (no store purchase),0.5,,0.65,0.149,28.3,0.0,0.53,
Santoshpur,Kesari Halwa Mix  (1pkt = 550gm),Kg,6.072,6.072,7.7,0.0,26.8,recipes match usage → stores likely making extra,but usage within 10% of CK issue: no sign of extra in-store making,"recipe, usage and issue broadly consistent",7.15,1.9,0.835,0.121,8.39,0.0,0.488,
Santoshpur,Korma Gravy Mix (1pkt=700gm),Kg,18.54,18.54,14.0,0.0,-24.5,recipes match usage → stores likely making extra,,recipe over-deducts: physical count found stock the recipe had already deducted (no store purchase),12.6,0.602,1.4,6.192,938.91,0.0,-0.6,
Santoshpur,Malabar Paratha  (1pkt= 6Pcs),Pc,210.0,210.0,,0.0,,recipes match usage → stores likely making extra,nothing issued by CK,recipe over-deducts: physical count found stock the recipe had already deducted (no store purchase),,,0.0,219.0,1734.05,0.0,-31.0,
Santoshpur,Malabar Paratha Dough,Pc,,,222.0,,,insufficient data,no theoretical (no recipe line / no matched dish),insufficient data,198.0,8.0,10.0,-216.0,-1865.38,0.0,16.0,
Santoshpur,Malkapodi Bucket,Kg,1.31,1.31,1.0,0.0,-23.7,recipes match usage → stores likely making extra,,recipe over-deducts: physical count found stock the recipe had already deducted (no store purchase),0.5,,0.6,1.05,176.87,0.0,0.38,
Santoshpur,Medu Vada Batter Mix,Kg,48.218,48.218,,0.0,,recipes match usage → stores likely making extra,nothing issued by CK,recipe over-deducts: physical count found stock the recipe had already deducted (no store purchase),,,0.0,48.282,3629.05,0.0,-5.797,
Santoshpur,Medu Vada Batter Powder Mix (1 Pkt = 23gm),Kg,,,0.874,,,insufficient data,no theoretical (no recipe line / no matched dish),insufficient data,0.782,,0.069,-0.897,-237.92,0.0,0.092,
Santoshpur,Mysore Chutney Bucket,Kg,3.74,3.74,4.2,0.0,12.3,recipes match usage → stores likely making extra,but usage within 10% of CK issue: no sign of extra in-store making,"recipe, usage and issue broadly consistent",3.9,0.25,0.6,-0.05,-8.47,0.0,0.3,
Santoshpur,Potato Masala Mix (1Pkt = 90Gm),Pkt,37.579,38.0,34.0,1.1,-9.5,recipes match usage → stores likely making extra,,usage above issue with no physical-count correction: unresolved,30.0,,3.0,2.222,24.21,0.0,-1.222,100% via outlet sub-recipe
Santoshpur,Rasam Bucket,Ltr,2.3,2.3,,0.0,,recipes match usage → stores likely making extra,nothing issued by CK,recipe over-deducts: physical count found stock the recipe had already deducted (no store purchase),,,0.0,2.3,81.1,0.0,-0.3,
Santoshpur,Rasam Chhoke Pre-Mix (2 Mix -6gm + 42gm)= 48gm,Kg,,,0.576,,,insufficient data,no theoretical (no recipe line / no matched dish),insufficient data,0.48,,0.096,-0.48,-109.63,0.0,0.096,
Santoshpur,Rasam Mix (1Pkt =15 gm),Kg,,,0.18,,,insufficient data,no theoretical (no recipe line / no matched dish),insufficient data,0.15,,0.03,-0.15,-53.54,0.0,0.03,
Santoshpur,Rava Powder Mix,Kg,3.25,3.25,5.0,0.0,53.8,recipes match usage → stores likely making extra,but usage within 10% of CK issue: no sign of extra in-store making,"physical loss: more gone than recipe deducts (wastage, over-portioning or used as substitute)",5.0,,1.0,-1.05,-100.76,0.0,1.5,
Santoshpur,Raw Mango Chutney Bucket,Kg,0.78,0.78,,0.0,,recipes match usage → stores likely making extra,nothing issued by CK,recipe over-deducts: physical count found stock the recipe had already deducted (no store purchase),,,0.0,0.72,114.45,0.0,-0.18,
Santoshpur,Raw mango Powder Mix (1 Pkt = 13gm),Kg,0.121,0.119,0.208,-1.7,71.9,recipes match usage → stores likely making extra,but usage within 10% of CK issue: no sign of extra in-store making,"physical loss: more gone than recipe deducts (wastage, over-portioning or used as substitute)",0.182,,0.013,-0.083,-23.9,0.0,0.01,
Santoshpur,Sambar Bucket,Ltr,471.0,471.0,385.0,0.0,-18.3,recipes match usage → stores likely making extra,,recipe over-deducts: physical count found stock the recipe had already deducted (no store purchase),350.0,,0.0,52.8,1397.69,0.0,-50.6,
Santoshpur,Special Daal Bucket,Kg,7.227,7.227,2.0,0.0,-72.3,recipes match usage → stores likely making extra,,recipe over-deducts: physical count found stock the recipe had already deducted (no store purchase),2.0,,1.0,3.866,592.51,0.0,0.01,
Santoshpur,Special White Coconut Chutney Bucket,Kg,3.15,3.15,,0.0,,recipes match usage → stores likely making extra,nothing issued by CK,recipe over-deducts: physical count found stock the recipe had already deducted (no store purchase),,,0.0,2.5,142.84,0.0,-0.65,
Santoshpur,Spicy Coconut Chutney Mix 1Pkt (16gm),Kg,0.833,0.833,,0.0,,recipes match usage → stores likely making extra,nothing issued by CK,recipe over-deducts: physical count found stock the recipe had already deducted (no store purchase),,,0.0,0.837,131.21,0.0,-0.102,
Santoshpur,Srivilli Kheer (1 Pc),Pc,38.0,38.0,59.0,0.0,55.3,recipes match usage → stores likely making extra,but usage within 10% of CK issue: no sign of extra in-store making,"recipe, usage and issue broadly consistent",51.0,21.0,0.0,3.0,78.89,0.0,-7.0,
Santoshpur,Thatte Idli Pc Raw,Pc,80.0,80.0,96.0,0.0,20.0,recipes match usage → stores likely making extra,but usage within 10% of CK issue: no sign of extra in-store making,"recipe, usage and issue broadly consistent",84.0,24.0,2.0,4.0,20.14,0.0,-10.0,
Santoshpur,Thindi Malkapodi Powder Bucket,Kg,1.87,1.87,1.5,0.0,-19.8,recipes match usage → stores likely making extra,,recipe over-deducts: physical count found stock the recipe had already deducted (no store purchase),1.5,,1.0,0.965,188.03,0.0,0.735,
Santoshpur,Tomato Onion Powder Mix (1 Pkt = 24gm),Kg,0.221,0.221,0.384,0.0,73.8,recipes match usage → stores likely making extra,but usage within 10% of CK issue: no sign of extra in-store making,"physical loss: more gone than recipe deducts (wastage, over-portioning or used as substitute)",0.336,,0.024,-0.133,-69.65,0.0,0.0,
Santoshpur,Upma Mix (1pkt = 300gm),Kg,1.38,1.38,3.0,0.0,117.4,recipes match usage → stores likely making extra,but usage within 10% of CK issue: no sign of extra in-store making,recipe over-deducts: physical count found stock the recipe had already deducted (no store purchase),3.0,3.355,0.3,1.895,164.03,0.0,0.24,
Sec 143 Noida,Benne Dosa Batter (Pack Size -3 Kg ),Kg,41.45,41.45,57.0,0.0,37.5,recipes match usage → stores likely making extra,but usage within 10% of CK issue: no sign of extra in-store making,"physical loss: more gone than recipe deducts (wastage, over-portioning or used as substitute)",54.0,,0.0,-10.225,-315.1,0.0,10.75,Delhi dishes carry 3 chutneys by design
Sec 143 Noida,Boiled & Mashed Potato (1Pkt = 3Kg),Kg,87.8,9.4,93.0,-89.3,5.9,insufficient data,usage below recipe by >10%,"physical loss: more gone than recipe deducts (wastage, over-portioning or used as substitute)",87.0,,6.0,-69.1,-2306.39,0.0,34.7,89% via outlet sub-recipe; Delhi dishes carry 3 chutneys by design
Sec 143 Noida,Boondi,Kg,0.255,0.255,0.25,0.0,-2.0,recipes match usage → stores likely making extra,but usage within 10% of CK issue: no sign of extra in-store making,recipe over-deducts: physical count found stock the recipe had already deducted (no store purchase),0.25,,0.3,0.32,19.01,0.0,0.3,Delhi dishes carry 3 chutneys by design
Sec 143 Noida,Chaat Masala Bucket,Kg,0.203,0.203,0.3,0.0,47.8,recipes match usage → stores likely making extra,but usage within 10% of CK issue: no sign of extra in-store making,"physical loss: more gone than recipe deducts (wastage, over-portioning or used as substitute)",0.3,,0.1,-0.092,-28.4,0.0,0.181,Delhi dishes carry 3 chutneys by design
Sec 143 Noida,Coconut Shredded,Kg,94.332,93.04,40.0,-1.4,-57.6,recipes match usage → stores likely making extra,,recipe over-deducts: physical count found stock the recipe had already deducted (no store purchase),37.0,,2.0,57.056,14106.37,0.0,1.38,1% via outlet sub-recipe; Delhi dishes carry 3 chutneys by design
Sec 143 Noida,Dahi Bucket Mix (1pkt =105gm),gm,675.0,675.0,1155.0,0.0,71.1,recipes match usage → stores likely making extra,but usage within 10% of CK issue: no sign of extra in-store making,"recipe, usage and issue broadly consistent",1155.0,,650.0,-20.0,-1.36,0.0,620.0,Delhi dishes carry 3 chutneys by design
Sec 143 Noida,Dosa Batter Mix,Kg,157.46,157.46,245.0,0.0,55.6,recipes match usage → stores likely making extra,but usage within 10% of CK issue: no sign of extra in-store making,"physical loss: more gone than recipe deducts (wastage, over-portioning or used as substitute)",230.0,,22.0,-59.82,-1812.93,0.0,69.46000000000001,Delhi dishes carry 3 chutneys by design
Sec 143 Noida,Frozen Medu Vada (10pc),Pc,328.0,328.0,,0.0,,recipes match usage → stores likely making extra,nothing issued by CK,recipe over-deducts: physical count found stock the recipe had already deducted (no store purchase),,,0.0,300.0,1457.1,0.0,-48.0,Delhi dishes carry 3 chutneys by design
Sec 143 Noida,Garam Masala Powder Bucket,Kg,0.014,0.014,0.1,0.0,614.3,recipes match usage → stores likely making extra,but usage within 10% of CK issue: no sign of extra in-store making,"recipe, usage and issue broadly consistent",0.1,,0.03,0.001,1.39,0.0,0.126,Delhi dishes carry 3 chutneys by design
Sec 143 Noida,Garlic Chutney Bucket,Kg,6.15,6.15,7.0,0.0,13.8,recipes match usage → stores likely making extra,but usage within 10% of CK issue: no sign of extra in-store making,"recipe, usage and issue broadly consistent",6.5,,0.7,-0.19,-48.5,0.0,1.08,Delhi dishes carry 3 chutneys by design
Sec 143 Noida,Idli Pc Raw (1 Pkt =40pc),Pc,716.0,716.0,780.0,0.0,8.9,recipes match usage → stores likely making extra,but usage within 10% of CK issue: no sign of extra in-store making,"recipe, usage and issue broadly consistent",760.0,80.0,115.0,42.0,81.0,0.0,289.0,Delhi dishes carry 3 chutneys by design
Sec 143 Noida,Imli Water,Ltr,5.901,5.901,1.0,0.0,-83.1,recipes match usage → stores likely making extra,,recipe over-deducts: physical count found stock the recipe had already deducted (no store purchase),1.0,,0.5,4.028,114.16,0.0,1.571,Delhi dishes carry 3 chutneys by design
Sec 143 Noida,Jain Potato Masala Bucket,Kg,,,8.0,,,insufficient data,no theoretical (no recipe line / no matched dish),insufficient data,7.5,,0.5,-6.5,-357.27,0.0,3.0,
Sec 143 Noida,Jain Sambar - Delhi,Ltr,15.2,15.2,16.0,0.0,5.3,recipes match usage → stores likely making extra,but usage within 10% of CK issue: no sign of extra in-store making,recipe over-deducts: physical count found stock the recipe had already deducted (no store purchase),15.0,,1.0,2.2,71.15,0.0,5.8,Delhi dishes carry 3 chutneys by design
Sec 143 Noida,Karam Podi Powder Bucket,Kg,1.16,1.16,1.5,0.0,29.3,recipes match usage → stores likely making extra,but usage within 10% of CK issue: no sign of extra in-store making,"physical loss: more gone than recipe deducts (wastage, over-portioning or used as substitute)",1.5,,0.8,-0.56,-107.49,0.0,0.64,Delhi dishes carry 3 chutneys by design
Sec 143 Noida,Kesari Halwa Mix  (1pkt = 550gm),Kg,1.518,1.518,3.3,0.0,117.4,recipes match usage → stores likely making extra,but usage within 10% of CK issue: no sign of extra in-store making,"physical loss: more gone than recipe deducts (wastage, over-portioning or used as substitute)",3.3,,1.1,-1.23,-86.94,0.0,1.855,Delhi dishes carry 3 chutneys by design
Sec 143 Noida,Korma Gravy Mix (1pkt=700gm),Kg,10.0,10.0,14.7,0.0,47.0,recipes match usage → stores likely making extra,but usage within 10% of CK issue: no sign of extra in-store making,"recipe, usage and issue broadly consistent",14.0,2.1,1.4,0.38,58.73,0.0,4.859999999999999,Delhi dishes carry 3 chutneys by design
Sec 143 Noida,Lemon Rice Bucket,Kg,2.2,2.2,5.5,0.0,150.0,recipes match usage → stores likely making extra,but usage within 10% of CK issue: no sign of extra in-store making,"recipe, usage and issue broadly consistent",5.0,3.0,1.0,-0.1,-7.69,0.0,2.3,Delhi dishes carry 3 chutneys by design
Sec 143 Noida,Malabar Paratha  (1pkt= 6Pcs),Pc,110.0,110.0,,0.0,,recipes match usage → stores likely making extra,nothing issued by CK,recipe over-deducts: physical count found stock the recipe had already deducted (no store purchase),,,0.0,112.0,877.48,0.0,-16.0,Delhi dishes carry 3 chutneys by design
Sec 143 Noida,Malabar Paratha Dough,Pc,,,134.0,,,insufficient data,no theoretical (no recipe line / no matched dish),insufficient data,128.0,,10.0,-112.0,-833.43,0.0,58.0,
Sec 143 Noida,Malkapodi Bucket,Kg,2.22,2.22,2.0,0.0,-9.9,recipes match usage → stores likely making extra,,recipe over-deducts: physical count found stock the recipe had already deducted (no store purchase),2.0,,0.4,0.58,99.34,0.0,1.15,Delhi dishes carry 3 chutneys by design
Sec 143 Noida,Medu Vada Batter,Kg,,,22.0,,,insufficient data,no theoretical (no recipe line / no matched dish),insufficient data,22.0,,2.0,-18.0,-1142.96,0.0,13.0,
Sec 143 Noida,Medu Vada Batter Powder Mix (1 Pkt = 23gm),Kg,,,0.552,,,insufficient data,no theoretical (no recipe line / no matched dish),insufficient data,0.552,,0.046,-0.46,-104.64,0.0,0.322,
Sec 143 Noida,Mysore Chutney Bucket,Kg,5.17,5.17,5.5,0.0,6.4,recipes match usage → stores likely making extra,but usage within 10% of CK issue: no sign of extra in-store making,recipe over-deducts: physical count found stock the recipe had already deducted (no store purchase),5.5,,1.0,0.79,144.87,0.0,2.6100000000000003,Delhi dishes carry 3 chutneys by design
Sec 143 Noida,Potato Masala Bucket,Kg,5.0,5.0,,0.0,,recipes match usage → stores likely making extra,nothing issued by CK,recipe over-deducts: physical count found stock the recipe had already deducted (no store purchase),,,0.0,4.2,0.0,0.0,-1.0,Delhi dishes carry 3 chutneys by design
Sec 143 Noida,Potato Masala Mix (1Pkt = 90Gm),Pkt,29.235,3.102,24.0,-89.4,-17.9,insufficient data,usage below recipe by >10%,"physical loss: more gone than recipe deducts (wastage, over-portioning or used as substitute)",24.0,,6.0,-25.063,-262.17,0.0,5.571,89% via outlet sub-recipe; Delhi dishes carry 3 chutneys by design
Sec 143 Noida,Rasam Bucket,Ltr,1.8,1.8,,0.0,,recipes match usage → stores likely making extra,nothing issued by CK,recipe over-deducts: physical count found stock the recipe had already deducted (no store purchase),,,0.0,1.4,50.74,0.0,-0.6,Delhi dishes carry 3 chutneys by design
Sec 143 Noida,Rasam Chhoke Pre-Mix (2 Mix -6gm + 42gm)= 48gm,Kg,,,0.144,,,insufficient data,no theoretical (no recipe line / no matched dish),insufficient data,0.096,,0.096,-0.048,-12.18,0.0,0.096,
Sec 143 Noida,Rasam Mix (1Pkt =15 gm),Kg,,,0.045,,,insufficient data,no theoretical (no recipe line / no matched dish),insufficient data,0.03,,0.03,-0.015,-4.53,0.0,0.03,
Sec 143 Noida,Rava Powder Mix,Kg,1.5,1.5,1.5,0.0,0.0,recipes match usage → stores likely making extra,but usage within 10% of CK issue: no sign of extra in-store making,"physical loss: more gone than recipe deducts (wastage, over-portioning or used as substitute)",1.5,,1.0,-0.9,-84.31,0.0,1.9,Delhi dishes carry 3 chutneys by design
Sec 143 Noida,Raw Mango Chutney Bucket,Kg,1.94,1.94,,0.0,,recipes match usage → stores likely making extra,nothing issued by CK,recipe over-deducts: physical count found stock the recipe had already deducted (no store purchase),,,0.0,2.22,503.09,0.0,-0.34,Delhi dishes carry 3 chutneys by design
Sec 143 Noida,Raw Mango Pickle Bucket,Kg,0.225,0.225,0.5,0.0,122.2,recipes match usage → stores likely making extra,but usage within 10% of CK issue: no sign of extra in-store making,"physical loss: more gone than recipe deducts (wastage, over-portioning or used as substitute)",0.5,,0.25,-0.295,-69.0,0.0,0.175,Delhi dishes carry 3 chutneys by design
Sec 143 Noida,Raw mango Powder Mix (1 Pkt = 13gm),Kg,,,0.299,,,insufficient data,no theoretical (no recipe line / no matched dish),insufficient data,0.169,,0.013,-0.052,-17.2,0.0,0.286,
Sec 143 Noida,Regular White Chutney Bucket,Kg,4.35,,,,,insufficient data,no store consumption recorded,insufficient data,,,,,,,,100% of qty from lines marked (Inactive) in recipe; Delhi dishes carry 3 chutneys by design
Sec 143 Noida,Sambar Bucket,Ltr,2.0,2.0,,0.0,,recipes match usage → stores likely making extra,nothing issued by CK,recipe over-deducts: physical count found stock the recipe had already deducted (no store purchase),,,0.0,2.0,60.96,0.0,0.0,Delhi dishes carry 3 chutneys by design
Sec 143 Noida,Sambar Bucket - Delhi,Ltr,422.55,422.55,350.0,0.0,-17.2,recipes match usage → stores likely making extra,,recipe over-deducts: physical count found stock the recipe had already deducted (no store purchase),330.0,,30.0,125.55,4225.25,0.0,74.45,Delhi dishes carry 3 chutneys by design
Sec 143 Noida,Special Daal Bucket,Kg,3.277,3.277,1.0,0.0,-69.5,recipes match usage → stores likely making extra,,recipe over-deducts: physical count found stock the recipe had already deducted (no store purchase),1.0,,0.5,2.577,379.27,0.0,1.013,Delhi dishes carry 3 chutneys by design
Sec 143 Noida,Spicy Coconut Chutney Mix 1Pkt (16gm),Kg,4.099,4.099,,0.0,,recipes match usage → stores likely making extra,nothing issued by CK,recipe over-deducts: physical count found stock the recipe had already deducted (no store purchase),,,0.0,3.837,649.3,0.0,-0.644,Delhi dishes carry 3 chutneys by design
Sec 143 Noida,Srivilli Kheer (1 Pc),Pc,25.0,37.0,54.0,48.0,116.0,usage above recipe → recipe over-deducts or wastage,,"physical loss: more gone than recipe deducts (wastage, over-portioning or used as substitute)",50.0,,8.0,-7.0,-223.45,0.0,10.0,Delhi dishes carry 3 chutneys by design
Sec 143 Noida,Steam Rice Bucket,Kg,5.6,5.6,9.0,0.0,60.7,recipes match usage → stores likely making extra,but usage within 10% of CK issue: no sign of extra in-store making,"physical loss: more gone than recipe deducts (wastage, over-portioning or used as substitute)",8.5,,2.0,-3.4,-165.95,0.0,3.25,Delhi dishes carry 3 chutneys by design
Sec 143 Noida,Sugar Syrup Bucket,Ltr,0.95,0.95,,0.0,,recipes match usage → stores likely making extra,nothing issued by CK,recipe over-deducts: physical count found stock the recipe had already deducted (no store purchase),,,0.0,0.75,0.0,0.0,-0.2,Delhi dishes carry 3 chutneys by design
Sec 143 Noida,Thatte Idli Pc Raw,Pc,75.0,75.0,78.0,0.0,4.0,recipes match usage → stores likely making extra,but usage within 10% of CK issue: no sign of extra in-store making,recipe over-deducts: physical count found stock the recipe had already deducted (no store purchase),72.0,,6.0,10.0,50.05,0.0,20.0,Delhi dishes carry 3 chutneys by design
Sec 143 Noida,Thindi Malkapodi Powder Bucket,Kg,1.265,1.265,1.0,0.0,-20.9,recipes match usage → stores likely making extra,,recipe over-deducts: physical count found stock the recipe had already deducted (no store purchase),1.0,,0.5,0.215,43.03,0.0,0.8200000000000001,Delhi dishes carry 3 chutneys by design
Sec 143 Noida,Tomato Onion Chutney Bucket,Kg,95.9,95.9,,0.0,,recipes match usage → stores likely making extra,nothing issued by CK,recipe over-deducts: physical count found stock the recipe had already deducted (no store purchase),,,0.0,89.46,9393.85,0.0,-15.44,Delhi dishes carry 3 chutneys by design
Sec 143 Noida,Tomato Onion Powder Mix (1 Pkt = 24gm),Kg,0.153,0.153,3.456,0.0,2158.8,recipes match usage → stores likely making extra,but usage within 10% of CK issue: no sign of extra in-store making,"physical loss: more gone than recipe deducts (wastage, over-portioning or used as substitute)",3.456,,0.576,-2.724,-1420.1,0.0,1.134,Delhi dishes carry 3 chutneys by design
Sec 143 Noida,Upma Mix (1pkt = 300gm),Kg,1.14,1.14,1.5,0.0,31.6,recipes match usage → stores likely making extra,but usage within 10% of CK issue: no sign of extra in-store making,"recipe, usage and issue broadly consistent",1.5,,1.2,0.0,0.0,0.0,1.62,Delhi dishes carry 3 chutneys by design
Sec 15 Faridabad,Benne Dosa Batter (Pack Size -3 Kg ),Kg,41.25,41.25,52.0,0.0,26.1,recipes match usage → stores likely making extra,but usage within 10% of CK issue: no sign of extra in-store making,"physical loss: more gone than recipe deducts (wastage, over-portioning or used as substitute)",58.0,1.0,3.0,-17.55,-541.09,0.0,-2.475,Delhi dishes carry 3 chutneys by design
Sec 15 Faridabad,Boiled & Mashed Potato (1Pkt = 3Kg),Kg,71.3,72.367,96.0,1.5,34.6,recipes match usage → stores likely making extra,but usage within 10% of CK issue: no sign of extra in-store making,"physical loss: more gone than recipe deducts (wastage, over-portioning or used as substitute)",96.0,,6.0,-16.433,-548.43,0.0,-5.367,89% via outlet sub-recipe; Delhi dishes carry 3 chutneys by design
Sec 15 Faridabad,Boondi,Kg,0.57,0.57,1.25,0.0,119.3,recipes match usage → stores likely making extra,but usage within 10% of CK issue: no sign of extra in-store making,"physical loss: more gone than recipe deducts (wastage, over-portioning or used as substitute)",1.25,,0.25,-0.565,-33.59,0.0,0.205,Delhi dishes carry 3 chutneys by design
Sec 15 Faridabad,Chaat Masala Bucket,Kg,0.219,0.219,0.3,0.0,37.0,recipes match usage → stores likely making extra,but usage within 10% of CK issue: no sign of extra in-store making,"physical loss: more gone than recipe deducts (wastage, over-portioning or used as substitute)",0.4,,0.1,-0.141,-43.57,0.0,0.064,Delhi dishes carry 3 chutneys by design
Sec 15 Faridabad,Coconut Shredded,Kg,86.263,109.409,30.0,26.8,-65.2,usage above recipe → recipe over-deducts or wastage,,recipe over-deducts: physical count found stock the recipe had already deducted (no store purchase),31.0,,1.0,79.552,19648.83,0.0,-15.678,1% via outlet sub-recipe; Delhi dishes carry 3 chutneys by design
Sec 15 Faridabad,Dahi Bucket Mix (1pkt =105gm),gm,780.0,780.0,840.21,0.0,7.7,recipes match usage → stores likely making extra,but usage within 10% of CK issue: no sign of extra in-store making,"physical loss: more gone than recipe deducts (wastage, over-portioning or used as substitute)",1050.21,,0.0,-480.21,-32.61,0.0,-105.0,Delhi dishes carry 3 chutneys by design
Sec 15 Faridabad,Dosa Batter Mix,Kg,136.225,136.225,187.0,0.0,37.3,recipes match usage → stores likely making extra,but usage within 10% of CK issue: no sign of extra in-store making,"physical loss: more gone than recipe deducts (wastage, over-portioning or used as substitute)",191.0,19.18,10.0,-43.31,-1312.71,0.0,-16.41,Delhi dishes carry 3 chutneys by design
Sec 15 Faridabad,Frozen Medu Vada (10pc),Pc,335.0,335.0,,0.0,,recipes match usage → stores likely making extra,nothing issued by CK,recipe over-deducts: physical count found stock the recipe had already deducted (no store purchase),,,0.0,357.0,1733.68,0.0,-36.0,Delhi dishes carry 3 chutneys by design
Sec 15 Faridabad,Garam Masala Powder Bucket,Kg,0.009,0.009,0.1,0.0,1011.1,recipes match usage → stores likely making extra,but usage within 10% of CK issue: no sign of extra in-store making,"physical loss: more gone than recipe deducts (wastage, over-portioning or used as substitute)",0.1,,0.0,-0.131,-186.02,0.0,0.0,Delhi dishes carry 3 chutneys by design
Sec 15 Faridabad,Garlic Chutney Bucket,Kg,4.13,4.13,6.5,0.0,57.4,recipes match usage → stores likely making extra,but usage within 10% of CK issue: no sign of extra in-store making,"physical loss: more gone than recipe deducts (wastage, over-portioning or used as substitute)",6.5,0.1,0.35,-2.24,-570.52,0.0,-0.11,Delhi dishes carry 3 chutneys by design
Sec 15 Faridabad,Idli Pc Raw (1 Pkt =40pc),Pc,705.0,705.0,820.0,0.0,16.3,recipes match usage → stores likely making extra,but usage within 10% of CK issue: no sign of extra in-store making,"physical loss: more gone than recipe deducts (wastage, over-portioning or used as substitute)",920.0,23.0,100.0,-104.0,-200.64,0.0,-23.0,Delhi dishes carry 3 chutneys by design
Sec 15 Faridabad,Imli Water,Ltr,5.867,5.867,5.5,0.0,-6.3,recipes match usage → stores likely making extra,but usage within 10% of CK issue: no sign of extra in-store making,"physical loss: more gone than recipe deducts (wastage, over-portioning or used as substitute)",6.5,,0.0,-1.21,-34.19,0.0,-0.888,Delhi dishes carry 3 chutneys by design
Sec 15 Faridabad,Jain Potato Masala Bucket,Kg,,,5.0,,,insufficient data,no theoretical (no recipe line / no matched dish),insufficient data,5.0,,0.0,-5.5,-302.49,0.0,0.0,
Sec 15 Faridabad,Jain Sambar - Delhi,Ltr,8.4,8.4,12.0,0.0,42.9,recipes match usage → stores likely making extra,but usage within 10% of CK issue: no sign of extra in-store making,"physical loss: more gone than recipe deducts (wastage, over-portioning or used as substitute)",11.0,0.2,1.0,-2.4,-77.57,0.0,1.0,Delhi dishes carry 3 chutneys by design
Sec 15 Faridabad,Karam Podi Powder Bucket,Kg,0.44,0.44,0.5,0.0,13.6,recipes match usage → stores likely making extra,but usage within 10% of CK issue: no sign of extra in-store making,"physical loss: more gone than recipe deducts (wastage, over-portioning or used as substitute)",0.5,,0.21,-0.59,-113.44,0.0,0.17,Delhi dishes carry 3 chutneys by design
Sec 15 Faridabad,Kesari Halwa Mix  (1pkt = 550gm),Kg,0.897,0.897,1.65,0.0,83.9,recipes match usage → stores likely making extra,but usage within 10% of CK issue: no sign of extra in-store making,"recipe, usage and issue broadly consistent",1.1,,0.5,0.021,1.49,0.0,0.155,Delhi dishes carry 3 chutneys by design
Sec 15 Faridabad,Korma Gravy Mix (1pkt=700gm),Kg,3.6,3.6,9.1,0.0,152.8,recipes match usage → stores likely making extra,but usage within 10% of CK issue: no sign of extra in-store making,"physical loss: more gone than recipe deducts (wastage, over-portioning or used as substitute)",9.8,0.02,0.7,-6.2,-957.58,0.0,-0.02,Delhi dishes carry 3 chutneys by design
Sec 15 Faridabad,Lemon Rice Bucket,Kg,2.6,2.6,4.5,0.0,73.1,recipes match usage → stores likely making extra,but usage within 10% of CK issue: no sign of extra in-store making,"physical loss: more gone than recipe deducts (wastage, over-portioning or used as substitute)",4.5,,0.5,-1.3,-99.94,0.0,-0.1,Delhi dishes carry 3 chutneys by design
Sec 15 Faridabad,Malabar Paratha  (1pkt= 6Pcs),Pc,40.0,40.0,6.0,0.0,-85.0,recipes match usage → stores likely making extra,,recipe over-deducts: physical count found stock the recipe had already deducted (no store purchase),6.0,0.02,0.0,26.02,205.46,0.0,-8.0,Delhi dishes carry 3 chutneys by design
Sec 15 Faridabad,Malabar Paratha Dough,Pc,,,64.0,,,insufficient data,no theoretical (no recipe line / no matched dish),insufficient data,70.0,,4.0,-64.0,-475.7,0.0,4.0,
Sec 15 Faridabad,Malkapodi Bucket,Kg,3.475,3.475,2.5,0.0,-28.1,recipes match usage → stores likely making extra,,recipe over-deducts: physical count found stock the recipe had already deducted (no store purchase),2.5,,0.5,0.775,132.98,0.0,0.27,Delhi dishes carry 3 chutneys by design
Sec 15 Faridabad,Medu Vada Batter,Kg,,,11.0,,,insufficient data,no theoretical (no recipe line / no matched dish),insufficient data,13.0,0.12,1.0,-11.94,-775.15,0.0,0.94,
Sec 15 Faridabad,Medu Vada Batter Mix,Kg,,,8.0,,,insufficient data,no theoretical (no recipe line / no matched dish),insufficient data,10.0,,0.0,-12.0,-867.59,0.0,0.0,
Sec 15 Faridabad,Medu Vada Batter Powder Mix (1 Pkt = 23gm),Kg,,,0.368,,,insufficient data,no theoretical (no recipe line / no matched dish),insufficient data,0.368,,0.023,-0.345,-79.29,0.0,0.023,
Sec 15 Faridabad,Mysore Chutney Bucket,Kg,3.4,3.4,5.5,0.0,61.8,recipes match usage → stores likely making extra,but usage within 10% of CK issue: no sign of extra in-store making,"physical loss: more gone than recipe deducts (wastage, over-portioning or used as substitute)",5.5,0.1,0.75,-1.8,-329.98,0.0,0.24,Delhi dishes carry 3 chutneys by design
Sec 15 Faridabad,New Bangalore Benne Batter (Pack Size -4 Kg ),Kg,,,7.0,,,insufficient data,no theoretical (no recipe line / no matched dish),insufficient data,3.0,,0.0,-3.0,-97.66,0.0,0.0,
Sec 15 Faridabad,Potato Masala Bucket,Kg,5.1,5.1,,0.0,,recipes match usage → stores likely making extra,nothing issued by CK,recipe over-deducts: physical count found stock the recipe had already deducted (no store purchase),,4.91,0.0,12.41,508.58,0.0,0.0,Delhi dishes carry 3 chutneys by design
Sec 15 Faridabad,Potato Masala Mix (1Pkt = 90Gm),Pkt,23.741,24.097,16.0,1.5,-32.6,recipes match usage → stores likely making extra,,recipe over-deducts: physical count found stock the recipe had already deducted (no store purchase),17.0,,1.0,7.496,78.61,0.0,-2.787,89% via outlet sub-recipe; Delhi dishes carry 3 chutneys by design
Sec 15 Faridabad,Rasam Bucket,Ltr,2.2,2.2,,0.0,,recipes match usage → stores likely making extra,nothing issued by CK,recipe over-deducts: physical count found stock the recipe had already deducted (no store purchase),,,0.0,2.4,87.71,0.0,0.0,Delhi dishes carry 3 chutneys by design
Sec 15 Faridabad,Rasam Chhoke Pre-Mix (2 Mix -6gm + 42gm)= 48gm,Kg,,,0.192,,,insufficient data,no theoretical (no recipe line / no matched dish),insufficient data,0.144,,0.048,-0.144,-36.35,0.0,0.048,
Sec 15 Faridabad,Rasam Mix (1Pkt =15 gm),Kg,,,0.075,,,insufficient data,no theoretical (no recipe line / no matched dish),insufficient data,0.045,,0.015,-0.045,-13.56,0.0,0.015,
Sec 15 Faridabad,Rava Powder Mix,Kg,1.4,1.4,2.0,0.0,42.9,recipes match usage → stores likely making extra,but usage within 10% of CK issue: no sign of extra in-store making,"physical loss: more gone than recipe deducts (wastage, over-portioning or used as substitute)",3.0,,1.0,-0.8,-75.16,0.0,0.95,Delhi dishes carry 3 chutneys by design
Sec 15 Faridabad,Raw Mango Chutney Bucket,Kg,2.25,2.25,,0.0,,recipes match usage → stores likely making extra,nothing issued by CK,recipe over-deducts: physical count found stock the recipe had already deducted (no store purchase),,,0.0,1.83,413.7,0.0,-0.5,Delhi dishes carry 3 chutneys by design
Sec 15 Faridabad,Raw Mango Pickle Bucket,Kg,0.185,0.185,0.25,0.0,35.1,recipes match usage → stores likely making extra,but usage within 10% of CK issue: no sign of extra in-store making,"physical loss: more gone than recipe deducts (wastage, over-portioning or used as substitute)",0.25,,0.0,-0.31,-71.98,0.0,-0.035,Delhi dishes carry 3 chutneys by design
Sec 15 Faridabad,Raw mango Powder Mix (1 Pkt = 13gm),Kg,,,0.065,,,insufficient data,no theoretical (no recipe line / no matched dish),insufficient data,0.091,,0.013,-0.091,-30.01,0.0,0.013,
Sec 15 Faridabad,Regular White Chutney Bucket,Kg,1.65,,,,,insufficient data,no store consumption recorded,insufficient data,,,,,,,,100% of qty from lines marked (Inactive) in recipe; Delhi dishes carry 3 chutneys by design
Sec 15 Faridabad,Sambar Bucket,Ltr,4.0,4.0,,0.0,,recipes match usage → stores likely making extra,nothing issued by CK,recipe over-deducts: physical count found stock the recipe had already deducted (no store purchase),,6.0,0.0,11.0,335.13,0.0,-1.0,Delhi dishes carry 3 chutneys by design
Sec 15 Faridabad,Sambar Bucket - Delhi,Ltr,460.15,460.15,385.0,0.0,-16.3,recipes match usage → stores likely making extra,,recipe over-deducts: physical count found stock the recipe had already deducted (no store purchase),401.0,31.0,22.0,99.0,3333.45,0.0,-50.15,Delhi dishes carry 3 chutneys by design
Sec 15 Faridabad,Special Daal Bucket,Kg,2.901,2.901,1.0,0.0,-65.5,recipes match usage → stores likely making extra,,recipe over-deducts: physical count found stock the recipe had already deducted (no store purchase),1.0,,0.0,1.845,270.52,0.0,-0.422,Delhi dishes carry 3 chutneys by design
Sec 15 Faridabad,Special White Coconut Chutney Bucket,Kg,2.0,2.0,,0.0,,recipes match usage → stores likely making extra,nothing issued by CK,recipe over-deducts: physical count found stock the recipe had already deducted (no store purchase),,4.0,0.0,7.3,625.67,0.0,0.0,Delhi dishes carry 3 chutneys by design
Sec 15 Faridabad,Spicy Coconut Chutney Bucket,Kg,,,,,,insufficient data,no theoretical (no recipe line / no matched dish),insufficient data,,3.22,0.0,3.62,193.09,0.0,0.0,
Sec 15 Faridabad,Spicy Coconut Chutney Mix 1Pkt (16gm),Kg,4.331,4.331,,0.0,,recipes match usage → stores likely making extra,nothing issued by CK,recipe over-deducts: physical count found stock the recipe had already deducted (no store purchase),,,0.0,4.314,730.02,0.0,-0.65,Delhi dishes carry 3 chutneys by design
Sec 15 Faridabad,Srivilli Kheer (1 Pc),Pc,15.0,15.0,32.0,0.0,113.3,recipes match usage → stores likely making extra,but usage within 10% of CK issue: no sign of extra in-store making,"physical loss: more gone than recipe deducts (wastage, over-portioning or used as substitute)",32.0,1.0,5.0,-13.0,-412.76,0.0,3.0,Delhi dishes carry 3 chutneys by design
Sec 15 Faridabad,Steam Rice Bucket,Kg,4.25,4.25,8.0,0.0,88.2,recipes match usage → stores likely making extra,but usage within 10% of CK issue: no sign of extra in-store making,"physical loss: more gone than recipe deducts (wastage, over-portioning or used as substitute)",8.5,,0.5,-3.7,-183.46,0.0,-0.05,Delhi dishes carry 3 chutneys by design
Sec 15 Faridabad,Sugar Syrup Bucket,Ltr,0.95,0.95,,0.0,,recipes match usage → stores likely making extra,nothing issued by CK,recipe over-deducts: physical count found stock the recipe had already deducted (no store purchase),,,0.0,1.0,0.0,0.0,0.0,Delhi dishes carry 3 chutneys by design
Sec 15 Faridabad,Thatte Idli Pc Raw,Pc,139.0,139.0,156.0,0.0,12.2,recipes match usage → stores likely making extra,but usage within 10% of CK issue: no sign of extra in-store making,"physical loss: more gone than recipe deducts (wastage, over-portioning or used as substitute)",168.0,5.0,18.0,-21.0,-104.54,0.0,-3.0,Delhi dishes carry 3 chutneys by design
Sec 15 Faridabad,Thindi Malkapodi Powder Bucket,Kg,2.245,2.245,1.5,0.0,-33.2,recipes match usage → stores likely making extra,,usage above issue with no physical-count correction: unresolved,2.5,,0.5,0.15,29.99,0.0,0.23,Delhi dishes carry 3 chutneys by design
Sec 15 Faridabad,Tomato Onion Chutney Bucket,Kg,89.75,89.75,,0.0,,recipes match usage → stores likely making extra,nothing issued by CK,recipe over-deducts: physical count found stock the recipe had already deducted (no store purchase),,0.4,0.0,88.28,10206.5,0.0,-14.77,Delhi dishes carry 3 chutneys by design
Sec 15 Faridabad,Tomato Onion Powder Mix (1 Pkt = 24gm),Kg,0.126,0.126,1.968,0.0,1461.9,recipes match usage → stores likely making extra,but usage within 10% of CK issue: no sign of extra in-store making,"physical loss: more gone than recipe deducts (wastage, over-portioning or used as substitute)",1.872,,0.024,-1.71,-889.24,0.0,0.012,Delhi dishes carry 3 chutneys by design
Sec 15 Faridabad,Upma Mix (1pkt = 300gm),Kg,0.18,0.18,,0.0,,recipes match usage → stores likely making extra,nothing issued by CK,"physical loss: more gone than recipe deducts (wastage, over-portioning or used as substitute)",,,0.3,-0.02,-1.67,0.0,0.3,Delhi dishes carry 3 chutneys by design
Sec 18 Noida,Benne Dosa Batter (Pack Size -3 Kg ),Kg,76.975,76.975,125.0,0.0,62.4,recipes match usage → stores likely making extra,but usage within 10% of CK issue: no sign of extra in-store making,"physical loss: more gone than recipe deducts (wastage, over-portioning or used as substitute)",125.0,6.098,6.0,-39.502,-1210.5,0.0,10.125,Delhi dishes carry 3 chutneys by design
Sec 18 Noida,Boiled & Mashed Potato (1Pkt = 3Kg),Kg,151.667,19.1,198.0,-87.4,30.5,insufficient data,usage below recipe by >10%,"physical loss: more gone than recipe deducts (wastage, over-portioning or used as substitute)",204.0,18.952,12.0,-164.048,-5477.38,0.0,38.7,87% via outlet sub-recipe; Delhi dishes carry 3 chutneys by design
Sec 18 Noida,Boondi,Kg,0.705,0.705,1.0,0.0,41.8,recipes match usage → stores likely making extra,but usage within 10% of CK issue: no sign of extra in-store making,"physical loss: more gone than recipe deducts (wastage, over-portioning or used as substitute)",1.0,,0.35,-0.209,-12.46,0.0,0.5549999999999999,Delhi dishes carry 3 chutneys by design
Sec 18 Noida,Chaat Masala Bucket,Kg,0.388,0.388,0.6,0.0,54.6,recipes match usage → stores likely making extra,but usage within 10% of CK issue: no sign of extra in-store making,"physical loss: more gone than recipe deducts (wastage, over-portioning or used as substitute)",0.7,,0.1,-0.27,-83.6,0.0,0.855,Delhi dishes carry 3 chutneys by design
Sec 18 Noida,Coconut Shredded,Kg,161.833,160.27,79.0,-1.0,-51.2,recipes match usage → stores likely making extra,,recipe over-deducts: physical count found stock the recipe had already deducted (no store purchase),79.0,8.05,5.0,85.434,21141.67,0.0,-7.619999999999999,1% via outlet sub-recipe; Delhi dishes carry 3 chutneys by design
Sec 18 Noida,Dahi Bucket Mix (1pkt =105gm),gm,1515.0,1515.0,2415.0,0.0,59.4,recipes match usage → stores likely making extra,but usage within 10% of CK issue: no sign of extra in-store making,"physical loss: more gone than recipe deducts (wastage, over-portioning or used as substitute)",2205.0,,525.0,-380.0,-25.84,0.0,1960.9,Delhi dishes carry 3 chutneys by design
Sec 18 Noida,Dosa Batter Mix,Kg,265.715,265.715,362.0,0.0,36.2,recipes match usage → stores likely making extra,but usage within 10% of CK issue: no sign of extra in-store making,"physical loss: more gone than recipe deducts (wastage, over-portioning or used as substitute)",360.0,25.0,28.0,-66.9,-2027.15,0.0,572.71,Delhi dishes carry 3 chutneys by design
Sec 18 Noida,Frozen Medu Vada (10pc),Pc,570.0,570.0,,0.0,,recipes match usage → stores likely making extra,nothing issued by CK,recipe over-deducts: physical count found stock the recipe had already deducted (no store purchase),,,0.0,594.0,2901.22,0.0,-68.0,Delhi dishes carry 3 chutneys by design
Sec 18 Noida,Garam Masala Powder Bucket,Kg,0.018,0.018,,0.0,,recipes match usage → stores likely making extra,nothing issued by CK,"physical loss: more gone than recipe deducts (wastage, over-portioning or used as substitute)",,,0.11,-0.072,-100.73,0.0,0.106,Delhi dishes carry 3 chutneys by design
Sec 18 Noida,Garlic Chutney Bucket,Kg,9.69,9.69,11.0,0.0,13.5,recipes match usage → stores likely making extra,but usage within 10% of CK issue: no sign of extra in-store making,"physical loss: more gone than recipe deducts (wastage, over-portioning or used as substitute)",11.0,,1.0,-0.99,-252.76,0.0,8.02,Delhi dishes carry 3 chutneys by design
Sec 18 Noida,Idli Pc Raw (1 Pkt =40pc),Pc,1294.0,1294.0,1560.0,0.0,20.6,recipes match usage → stores likely making extra,but usage within 10% of CK issue: no sign of extra in-store making,"physical loss: more gone than recipe deducts (wastage, over-portioning or used as substitute)",1580.0,35.0,135.0,-195.0,-376.05,0.0,2660.0,Delhi dishes carry 3 chutneys by design
Sec 18 Noida,Imli Water,Ltr,10.46,10.475,6.5,0.1,-37.9,recipes match usage → stores likely making extra,,recipe over-deducts: physical count found stock the recipe had already deducted (no store purchase),6.5,0.4,0.3,2.929,83.14,0.0,0.2269999999999999,Delhi dishes carry 3 chutneys by design
Sec 18 Noida,Jain Potato Masala Bucket,Kg,,,8.0,,,insufficient data,no theoretical (no recipe line / no matched dish),insufficient data,8.0,,0.5,-7.5,-412.96,0.0,2.0,
Sec 18 Noida,Jain Sambar - Delhi,Ltr,22.2,22.2,36.0,0.0,62.2,recipes match usage → stores likely making extra,but usage within 10% of CK issue: no sign of extra in-store making,"physical loss: more gone than recipe deducts (wastage, over-portioning or used as substitute)",36.0,,2.0,-14.2,-458.83,0.0,4.8,Delhi dishes carry 3 chutneys by design
Sec 18 Noida,Karam Podi Powder Bucket,Kg,1.04,1.04,1.5,0.0,44.2,recipes match usage → stores likely making extra,but usage within 10% of CK issue: no sign of extra in-store making,"physical loss: more gone than recipe deducts (wastage, over-portioning or used as substitute)",1.5,,1.0,-0.46,-88.39,0.0,16.42,Delhi dishes carry 3 chutneys by design
Sec 18 Noida,Kesari Halwa Mix  (1pkt = 550gm),Kg,3.243,3.243,4.95,0.0,52.6,recipes match usage → stores likely making extra,but usage within 10% of CK issue: no sign of extra in-store making,"physical loss: more gone than recipe deducts (wastage, over-portioning or used as substitute)",4.4,,1.1,-1.433,-101.6,0.0,1.648,Delhi dishes carry 3 chutneys by design
Sec 18 Noida,Korma Gravy Mix (1pkt=700gm),Kg,17.12,17.12,26.6,0.0,55.4,recipes match usage → stores likely making extra,but usage within 10% of CK issue: no sign of extra in-store making,"physical loss: more gone than recipe deducts (wastage, over-portioning or used as substitute)",28.0,0.8,2.1,-9.76,-1508.44,0.0,5.81,Delhi dishes carry 3 chutneys by design
Sec 18 Noida,Lemon Rice Bucket,Kg,6.0,6.0,12.88,0.0,114.7,recipes match usage → stores likely making extra,but usage within 10% of CK issue: no sign of extra in-store making,"physical loss: more gone than recipe deducts (wastage, over-portioning or used as substitute)",12.88,,1.8,-6.28,-478.83,0.0,16.2,Delhi dishes carry 3 chutneys by design
Sec 18 Noida,Malabar Paratha  (1pkt= 6Pcs),Pc,191.0,191.0,26.0,0.0,-86.4,recipes match usage → stores likely making extra,,recipe over-deducts: physical count found stock the recipe had already deducted (no store purchase),26.0,,0.0,153.0,1200.19,0.0,86.0,Delhi dishes carry 3 chutneys by design
Sec 18 Noida,Malabar Paratha Dough,Pc,,,171.0,,,insufficient data,no theoretical (no recipe line / no matched dish),insufficient data,185.0,5.0,12.0,-172.0,-1286.89,0.0,50.0,
Sec 18 Noida,Malkapodi Bucket,Kg,3.28,3.28,3.0,0.0,-8.5,recipes match usage → stores likely making extra,but usage within 10% of CK issue: no sign of extra in-store making,"recipe, usage and issue broadly consistent",3.5,,0.8,0.01,1.71,0.0,6.33,Delhi dishes carry 3 chutneys by design
Sec 18 Noida,Medu Vada Batter,Kg,,,40.0,,,insufficient data,no theoretical (no recipe line / no matched dish),insufficient data,42.0,7.8,3.0,-35.2,-2258.12,0.0,11.0,
Sec 18 Noida,Medu Vada Batter Powder Mix (1 Pkt = 23gm),Kg,,,0.736,,,insufficient data,no theoretical (no recipe line / no matched dish),insufficient data,0.782,,0.12,-0.828,-190.8,0.0,0.143,
Sec 18 Noida,Mysore Chutney Bucket,Kg,9.31,9.31,11.86,0.0,27.4,recipes match usage → stores likely making extra,but usage within 10% of CK issue: no sign of extra in-store making,"recipe, usage and issue broadly consistent",11.86,,1.0,-0.81,-148.62,0.0,17.87,Delhi dishes carry 3 chutneys by design
Sec 18 Noida,Potato Masala Bucket,Kg,10.5,10.5,,0.0,,recipes match usage → stores likely making extra,nothing issued by CK,recipe over-deducts: physical count found stock the recipe had already deducted (no store purchase),,,0.0,10.2,0.0,0.0,330.0,Delhi dishes carry 3 chutneys by design
Sec 18 Noida,Potato Masala Mix (1Pkt = 90Gm),Pkt,50.492,6.303,49.0,-87.5,-3.0,insufficient data,usage below recipe by >10%,"physical loss: more gone than recipe deducts (wastage, over-portioning or used as substitute)",45.0,,8.0,-39.06,-409.03,0.0,14.911,88% via outlet sub-recipe; Delhi dishes carry 3 chutneys by design
Sec 18 Noida,Rasam Bucket,Ltr,7.0,7.0,,0.0,,recipes match usage → stores likely making extra,nothing issued by CK,recipe over-deducts: physical count found stock the recipe had already deducted (no store purchase),,,0.0,6.8,247.84,0.0,42.6,Delhi dishes carry 3 chutneys by design
Sec 18 Noida,Rasam Chhoke Pre-Mix (2 Mix -6gm + 42gm)= 48gm,Kg,,,0.672,,,insufficient data,no theoretical (no recipe line / no matched dish),insufficient data,0.672,,0.048,-0.614,-155.25,0.0,0.24,
Sec 18 Noida,Rasam Mix (1Pkt =15 gm),Kg,,,0.195,,,insufficient data,no theoretical (no recipe line / no matched dish),insufficient data,0.21,,0.015,-0.195,-58.84,0.0,0.075,
Sec 18 Noida,Rava Powder Mix,Kg,3.65,3.65,4.0,0.0,9.6,recipes match usage → stores likely making extra,but usage within 10% of CK issue: no sign of extra in-store making,"physical loss: more gone than recipe deducts (wastage, over-portioning or used as substitute)",4.0,,1.5,-0.75,-70.42,0.0,5.9,Delhi dishes carry 3 chutneys by design
Sec 18 Noida,Raw Mango Chutney Bucket,Kg,4.73,4.73,,0.0,,recipes match usage → stores likely making extra,nothing issued by CK,recipe over-deducts: physical count found stock the recipe had already deducted (no store purchase),,,0.0,4.71,1064.71,0.0,4.55,Delhi dishes carry 3 chutneys by design
Sec 18 Noida,Raw Mango Pickle Bucket,Kg,0.65,0.65,1.25,0.0,92.3,recipes match usage → stores likely making extra,but usage within 10% of CK issue: no sign of extra in-store making,"physical loss: more gone than recipe deducts (wastage, over-portioning or used as substitute)",1.5,,0.35,-0.8,-185.93,0.0,2.11,Delhi dishes carry 3 chutneys by design
Sec 18 Noida,Raw mango Powder Mix (1 Pkt = 13gm),Kg,,,0.13,,,insufficient data,no theoretical (no recipe line / no matched dish),insufficient data,0.13,,0.039,-0.105,-34.58,0.0,0.065,
Sec 18 Noida,Regular White Chutney Bucket,Kg,3.9,,,,,insufficient data,no store consumption recorded,insufficient data,,,,,,,,100% of qty from lines marked (Inactive) in recipe; Delhi dishes carry 3 chutneys by design
Sec 18 Noida,Sambar Bucket,Ltr,3.0,3.0,,0.0,,recipes match usage → stores likely making extra,nothing issued by CK,recipe over-deducts: physical count found stock the recipe had already deducted (no store purchase),,,0.0,3.0,91.42,0.0,645.0,Delhi dishes carry 3 chutneys by design
Sec 18 Noida,Sambar Bucket - Delhi,Ltr,681.0,681.0,650.0,0.0,-4.6,recipes match usage → stores likely making extra,but usage within 10% of CK issue: no sign of extra in-store making,"recipe, usage and issue broadly consistent",650.0,,36.0,47.2,1586.19,0.0,52.2,Delhi dishes carry 3 chutneys by design
Sec 18 Noida,Special Daal Bucket,Kg,5.713,5.718,4.0,0.1,-30.0,recipes match usage → stores likely making extra,,recipe over-deducts: physical count found stock the recipe had already deducted (no store purchase),3.0,,1.0,2.269,334.38,0.0,5.07,Delhi dishes carry 3 chutneys by design
Sec 18 Noida,Special White Coconut Chutney Bucket,Kg,1.0,1.0,,0.0,,recipes match usage → stores likely making extra,nothing issued by CK,recipe over-deducts: physical count found stock the recipe had already deducted (no store purchase),,,0.0,1.0,0.0,0.0,172.0,Delhi dishes carry 3 chutneys by design
Sec 18 Noida,Spicy Coconut Chutney Mix 1Pkt (16gm),Kg,7.393,7.393,,0.0,,recipes match usage → stores likely making extra,nothing issued by CK,recipe over-deducts: physical count found stock the recipe had already deducted (no store purchase),,,0.0,7.295,1234.47,0.0,-1.061,Delhi dishes carry 3 chutneys by design
Sec 18 Noida,Srivilli Kheer (1 Pc),Pc,39.0,45.0,71.0,15.4,82.1,usage above recipe → recipe over-deducts or wastage,,"physical loss: more gone than recipe deducts (wastage, over-portioning or used as substitute)",68.0,,7.0,-25.0,-798.27,0.0,4.0,Delhi dishes carry 3 chutneys by design
Sec 18 Noida,Steam Rice Bucket,Kg,13.1,13.13,25.0,0.2,90.8,recipes match usage → stores likely making extra,but usage within 10% of CK issue: no sign of extra in-store making,"physical loss: more gone than recipe deducts (wastage, over-portioning or used as substitute)",24.5,1.75,1.5,-9.27,-454.26,0.0,23.8,Delhi dishes carry 3 chutneys by design
Sec 18 Noida,Sugar Syrup Bucket,Ltr,4.15,,,,,insufficient data,no store consumption recorded,insufficient data,,,,,,,,100% of qty from lines marked (Inactive) in recipe; Delhi dishes carry 3 chutneys by design
Sec 18 Noida,Thatte Idli Pc Raw,Pc,175.0,175.0,202.0,0.0,15.4,recipes match usage → stores likely making extra,but usage within 10% of CK issue: no sign of extra in-store making,"recipe, usage and issue broadly consistent",210.0,12.0,12.0,-3.0,-15.04,0.0,35.0,Delhi dishes carry 3 chutneys by design
Sec 18 Noida,Thindi Malkapodi Powder Bucket,Kg,3.125,3.125,2.5,0.0,-20.0,recipes match usage → stores likely making extra,,recipe over-deducts: physical count found stock the recipe had already deducted (no store purchase),2.5,,1.05,0.765,153.05,0.0,1.255,Delhi dishes carry 3 chutneys by design
Sec 18 Noida,Tomato Onion Chutney Bucket,Kg,166.01,166.01,,0.0,,recipes match usage → stores likely making extra,nothing issued by CK,recipe over-deducts: physical count found stock the recipe had already deducted (no store purchase),,,0.0,159.45,21395.2,0.0,36.74,Delhi dishes carry 3 chutneys by design
Sec 18 Noida,Tomato Onion Powder Mix (1 Pkt = 24gm),Kg,0.297,0.297,4.24,0.0,1327.6,recipes match usage → stores likely making extra,but usage within 10% of CK issue: no sign of extra in-store making,"physical loss: more gone than recipe deducts (wastage, over-portioning or used as substitute)",3.852,,0.625,-3.41,-1775.48,0.0,0.929,Delhi dishes carry 3 chutneys by design
Sec 18 Noida,Upma Mix (1pkt = 300gm),Kg,0.48,0.48,1.2,0.0,150.0,recipes match usage → stores likely making extra,but usage within 10% of CK issue: no sign of extra in-store making,"physical loss: more gone than recipe deducts (wastage, over-portioning or used as substitute)",0.9,,0.6,-0.9,-75.32,0.0,0.78,Delhi dishes carry 3 chutneys by design
Sec 31 - Gurgaon,Benne Dosa Batter (Pack Size -3 Kg ),Kg,64.95,65.025,120.0,0.1,84.8,recipes match usage → stores likely making extra,but usage within 10% of CK issue: no sign of extra in-store making,"physical loss: more gone than recipe deducts (wastage, over-portioning or used as substitute)",120.0,19.25,3.0,-29.9,-850.95,0.0,12.775,Delhi dishes carry 3 chutneys by design
Sec 31 - Gurgaon,Boiled & Mashed Potato (1Pkt = 3Kg),Kg,77.333,96.275,102.0,24.5,31.9,usage above recipe → recipe over-deducts or wastage,,"recipe, usage and issue broadly consistent",102.0,,4.5,-7.283,-240.7,0.0,2.525,87% via outlet sub-recipe; Delhi dishes carry 3 chutneys by design
Sec 31 - Gurgaon,Boondi,Kg,0.33,0.33,0.5,0.0,51.5,recipes match usage → stores likely making extra,but usage within 10% of CK issue: no sign of extra in-store making,"physical loss: more gone than recipe deducts (wastage, over-portioning or used as substitute)",0.5,,0.25,-0.25,-14.81,0.0,0.22,Delhi dishes carry 3 chutneys by design
Sec 31 - Gurgaon,Chaat Masala Bucket,Kg,0.218,0.218,0.2,0.0,-8.3,recipes match usage → stores likely making extra,but usage within 10% of CK issue: no sign of extra in-store making,"physical loss: more gone than recipe deducts (wastage, over-portioning or used as substitute)",0.2,,0.02,-0.081,-25.04,0.0,-0.014,Delhi dishes carry 3 chutneys by design
Sec 31 - Gurgaon,Coconut Shredded,Kg,84.764,131.128,31.0,54.7,-63.4,usage above recipe → recipe over-deducts or wastage,,recipe over-deducts: physical count found stock the recipe had already deducted (no store purchase),31.0,,3.0,95.755,24273.57,0.0,-16.18,0% via outlet sub-recipe; Delhi dishes carry 3 chutneys by design
Sec 31 - Gurgaon,Dahi Bucket Mix (1pkt =105gm),gm,825.0,825.0,316.47,0.0,-61.6,recipes match usage → stores likely making extra,,recipe over-deducts: physical count found stock the recipe had already deducted (no store purchase),316.47,,210.0,1823.53,131.4,0.0,390.21,Delhi dishes carry 3 chutneys by design
Sec 31 - Gurgaon,Dosa Batter Mix,Kg,113.925,113.925,192.0,0.0,68.5,recipes match usage → stores likely making extra,but usage within 10% of CK issue: no sign of extra in-store making,"physical loss: more gone than recipe deducts (wastage, over-portioning or used as substitute)",192.0,6.25,10.0,-70.71,-2118.42,0.0,20.21,Delhi dishes carry 3 chutneys by design
Sec 31 - Gurgaon,Frozen Medu Vada (10pc),Pc,253.0,253.0,,0.0,,recipes match usage → stores likely making extra,nothing issued by CK,recipe over-deducts: physical count found stock the recipe had already deducted (no store purchase),,,0.0,228.0,0.0,0.0,-47.0,Delhi dishes carry 3 chutneys by design
Sec 31 - Gurgaon,Garam Masala Powder Bucket,Kg,0.009,0.009,,0.0,,recipes match usage → stores likely making extra,nothing issued by CK,recipe over-deducts: physical count found stock the recipe had already deducted (no store purchase),,,0.02,0.029,40.86,0.0,0.019,Delhi dishes carry 3 chutneys by design
Sec 31 - Gurgaon,Garlic Chutney Bucket,Kg,7.87,7.87,10.0,0.0,27.1,recipes match usage → stores likely making extra,but usage within 10% of CK issue: no sign of extra in-store making,"physical loss: more gone than recipe deducts (wastage, over-portioning or used as substitute)",10.0,1.14,0.6,-0.9,-225.63,0.0,0.67,Delhi dishes carry 3 chutneys by design
Sec 31 - Gurgaon,Idli Batter,Kg,,,,,,insufficient data,no theoretical (no recipe line / no matched dish),insufficient data,,2.0,0.0,2.0,60.48,0.0,0.0,
Sec 31 - Gurgaon,Idli Pc Raw (1 Pkt =40pc),Pc,563.0,563.0,710.0,0.0,26.1,recipes match usage → stores likely making extra,but usage within 10% of CK issue: no sign of extra in-store making,"physical loss: more gone than recipe deducts (wastage, over-portioning or used as substitute)",710.0,65.0,60.0,-68.0,-132.13,0.0,19.0,Delhi dishes carry 3 chutneys by design
Sec 31 - Gurgaon,Imli Water,Ltr,5.767,5.769,7.0,0.0,21.4,recipes match usage → stores likely making extra,but usage within 10% of CK issue: no sign of extra in-store making,"recipe, usage and issue broadly consistent",7.0,,0.4,-0.139,-3.75,0.0,1.435,Delhi dishes carry 3 chutneys by design
Sec 31 - Gurgaon,Jain Sambar - Delhi,Ltr,14.2,14.2,15.0,0.0,5.6,recipes match usage → stores likely making extra,but usage within 10% of CK issue: no sign of extra in-store making,"recipe, usage and issue broadly consistent",15.0,1.0,0.0,-1.0,-31.35,0.0,0.2,Delhi dishes carry 3 chutneys by design
Sec 31 - Gurgaon,Karam Podi Powder Bucket,Kg,0.68,0.68,1.5,0.0,120.6,recipes match usage → stores likely making extra,but usage within 10% of CK issue: no sign of extra in-store making,"physical loss: more gone than recipe deducts (wastage, over-portioning or used as substitute)",1.5,,0.05,-0.91,-171.02,0.0,0.47,Delhi dishes carry 3 chutneys by design
Sec 31 - Gurgaon,Kesari Halwa Mix  (1pkt = 550gm),Kg,1.242,1.242,3.85,0.0,210.0,recipes match usage → stores likely making extra,but usage within 10% of CK issue: no sign of extra in-store making,"physical loss: more gone than recipe deducts (wastage, over-portioning or used as substitute)",3.85,,0.35,-1.687,-126.54,0.0,1.312,Delhi dishes carry 3 chutneys by design
Sec 31 - Gurgaon,Korma Gravy Mix (1pkt=700gm),Kg,9.54,9.54,14.0,0.0,46.8,recipes match usage → stores likely making extra,but usage within 10% of CK issue: no sign of extra in-store making,"physical loss: more gone than recipe deducts (wastage, over-portioning or used as substitute)",14.0,,0.7,-3.62,-562.84,0.0,1.54,Delhi dishes carry 3 chutneys by design
Sec 31 - Gurgaon,Lemon Rice Bucket,Kg,3.4,3.4,4.5,0.0,32.4,recipes match usage → stores likely making extra,but usage within 10% of CK issue: no sign of extra in-store making,"physical loss: more gone than recipe deducts (wastage, over-portioning or used as substitute)",4.5,,0.0,-1.7,-135.39,0.0,0.2,Delhi dishes carry 3 chutneys by design
Sec 31 - Gurgaon,Malabar Paratha  (1pkt= 6Pcs),Pc,112.0,112.0,12.0,0.0,-89.3,recipes match usage → stores likely making extra,,recipe over-deducts: physical count found stock the recipe had already deducted (no store purchase),12.0,,0.0,99.0,829.28,0.0,-14.0,Delhi dishes carry 3 chutneys by design
Sec 31 - Gurgaon,Malabar Paratha Dough,Pc,,,118.0,,,insufficient data,no theoretical (no recipe line / no matched dish),insufficient data,118.0,,0.0,-108.0,-811.82,0.0,22.0,
Sec 31 - Gurgaon,Malkapodi Bucket,Kg,1.815,1.815,1.5,0.0,-17.4,recipes match usage → stores likely making extra,,recipe over-deducts: physical count found stock the recipe had already deducted (no store purchase),1.5,,0.05,0.485,82.26,0.0,0.15,Delhi dishes carry 3 chutneys by design
Sec 31 - Gurgaon,Medu Vada Batter,Kg,,,1.0,,,insufficient data,no theoretical (no recipe line / no matched dish),insufficient data,1.0,,0.0,-1.0,-63.85,0.0,0.0,
Sec 31 - Gurgaon,Medu Vada Batter Mix,Kg,,,11.0,,,insufficient data,no theoretical (no recipe line / no matched dish),insufficient data,11.0,1.0,0.5,-9.5,-692.66,0.0,2.5,
Sec 31 - Gurgaon,Medu Vada Batter Powder Mix (1 Pkt = 23gm),Kg,,,0.115,,,insufficient data,no theoretical (no recipe line / no matched dish),insufficient data,0.115,,0.046,-0.145,-33.04,0.0,0.046,
Sec 31 - Gurgaon,Mysore Chutney Bucket,Kg,6.65,6.65,8.5,0.0,27.8,recipes match usage → stores likely making extra,but usage within 10% of CK issue: no sign of extra in-store making,"recipe, usage and issue broadly consistent",8.5,1.14,0.6,-0.4,-74.59,0.0,0.8,Delhi dishes carry 3 chutneys by design
Sec 31 - Gurgaon,Potato Masala Bucket,Kg,2.4,2.4,,0.0,,recipes match usage → stores likely making extra,nothing issued by CK,recipe over-deducts: physical count found stock the recipe had already deducted (no store purchase),,,0.0,1.9,0.0,0.0,-0.8,Delhi dishes carry 3 chutneys by design
Sec 31 - Gurgaon,Potato Masala Mix (1Pkt = 90Gm),Pkt,25.745,32.057,24.0,24.5,-6.8,usage above recipe → recipe over-deducts or wastage,,recipe over-deducts: physical count found stock the recipe had already deducted (no store purchase),24.0,,3.0,7.707,81.7,0.0,0.348,87% via outlet sub-recipe; Delhi dishes carry 3 chutneys by design
Sec 31 - Gurgaon,Rasam Bucket,Ltr,4.0,4.0,,0.0,,recipes match usage → stores likely making extra,nothing issued by CK,recipe over-deducts: physical count found stock the recipe had already deducted (no store purchase),,,0.0,3.5,0.0,0.0,-1.2,Delhi dishes carry 3 chutneys by design
Sec 31 - Gurgaon,Rasam Chhoke Pre-Mix (2 Mix -6gm + 42gm)= 48gm,Kg,,,0.24,,,insufficient data,no theoretical (no recipe line / no matched dish),insufficient data,0.24,,0.048,-0.336,-84.84,0.0,0.096,
Sec 31 - Gurgaon,Rasam Mix (1Pkt =15 gm),Kg,,,0.075,,,insufficient data,no theoretical (no recipe line / no matched dish),insufficient data,0.075,,0.015,-0.105,-31.71,0.0,0.03,
Sec 31 - Gurgaon,Rava Powder Mix,Kg,1.7,1.7,3.0,0.0,76.5,recipes match usage → stores likely making extra,but usage within 10% of CK issue: no sign of extra in-store making,"recipe, usage and issue broadly consistent",3.0,,0.4,-0.1,-9.15,0.0,1.05,Delhi dishes carry 3 chutneys by design
Sec 31 - Gurgaon,Raw Mango Chutney Bucket,Kg,4.32,4.32,,0.0,,recipes match usage → stores likely making extra,nothing issued by CK,recipe over-deducts: physical count found stock the recipe had already deducted (no store purchase),,,0.0,4.24,0.0,0.0,-0.59,Delhi dishes carry 3 chutneys by design
Sec 31 - Gurgaon,Raw Mango Pickle Bucket,Kg,0.215,0.215,0.25,0.0,16.3,recipes match usage → stores likely making extra,but usage within 10% of CK issue: no sign of extra in-store making,"physical loss: more gone than recipe deducts (wastage, over-portioning or used as substitute)",0.25,,0.25,-0.145,-32.53,0.0,0.195,Delhi dishes carry 3 chutneys by design
Sec 31 - Gurgaon,Raw mango Powder Mix (1 Pkt = 13gm),Kg,,,0.078,,,insufficient data,no theoretical (no recipe line / no matched dish),insufficient data,0.078,,0.026,-0.117,-39.65,0.0,0.026,
Sec 31 - Gurgaon,Regular White Chutney Bucket,Kg,2.55,,,,,insufficient data,no store consumption recorded,insufficient data,,,,,,,,100% of qty from lines marked (Inactive) in recipe; Delhi dishes carry 3 chutneys by design
Sec 31 - Gurgaon,Sambar Bucket,Ltr,1.0,1.0,,0.0,,recipes match usage → stores likely making extra,nothing issued by CK,recipe over-deducts: physical count found stock the recipe had already deducted (no store purchase),,,0.0,1.0,0.0,0.0,0.0,Delhi dishes carry 3 chutneys by design
Sec 31 - Gurgaon,Sambar Bucket - Delhi,Ltr,423.85,423.85,375.0,0.0,-11.5,recipes match usage → stores likely making extra,,recipe over-deducts: physical count found stock the recipe had already deducted (no store purchase),375.0,5.0,10.0,59.85,1947.31,0.0,1.05,Delhi dishes carry 3 chutneys by design
Sec 31 - Gurgaon,Special Daal Bucket,Kg,3.053,3.055,3.0,0.1,-1.7,recipes match usage → stores likely making extra,but usage within 10% of CK issue: no sign of extra in-store making,recipe over-deducts: physical count found stock the recipe had already deducted (no store purchase),3.0,,0.1,0.331,49.73,0.0,0.54,Delhi dishes carry 3 chutneys by design
Sec 31 - Gurgaon,Special White Coconut Chutney Bucket,Kg,0.5,0.5,,0.0,,recipes match usage → stores likely making extra,nothing issued by CK,recipe over-deducts: physical count found stock the recipe had already deducted (no store purchase),,,0.0,0.5,0.0,0.0,0.0,Delhi dishes carry 3 chutneys by design
Sec 31 - Gurgaon,Spicy Coconut Chutney Mix 1Pkt (16gm),Kg,4.12,4.121,,0.0,,recipes match usage → stores likely making extra,nothing issued by CK,recipe over-deducts: physical count found stock the recipe had already deducted (no store purchase),,,0.0,3.92,0.0,0.0,-0.676,Delhi dishes carry 3 chutneys by design
Sec 31 - Gurgaon,Srivilli Kheer (1 Pc),Pc,14.0,17.0,25.0,21.4,78.6,usage above recipe → recipe over-deducts or wastage,,"physical loss: more gone than recipe deducts (wastage, over-portioning or used as substitute)",25.0,,3.0,-12.0,-388.53,0.0,4.0,Delhi dishes carry 3 chutneys by design
Sec 31 - Gurgaon,Steam Rice Bucket,Kg,5.05,5.05,8.5,0.0,68.3,recipes match usage → stores likely making extra,but usage within 10% of CK issue: no sign of extra in-store making,"physical loss: more gone than recipe deducts (wastage, over-portioning or used as substitute)",8.5,,0.5,-3.7,-203.33,0.0,0.4,Delhi dishes carry 3 chutneys by design
Sec 31 - Gurgaon,Sugar Syrup Bucket,Ltr,2.05,2.05,,0.0,,recipes match usage → stores likely making extra,nothing issued by CK,recipe over-deducts: physical count found stock the recipe had already deducted (no store purchase),,,0.0,1.8,0.0,0.0,-0.35,Delhi dishes carry 3 chutneys by design
Sec 31 - Gurgaon,Thatte Idli Pc Raw,Pc,134.0,134.0,162.0,0.0,20.9,recipes match usage → stores likely making extra,but usage within 10% of CK issue: no sign of extra in-store making,"recipe, usage and issue broadly consistent",162.0,28.0,15.0,4.0,20.78,0.0,13.0,Delhi dishes carry 3 chutneys by design
Sec 31 - Gurgaon,Thindi Malkapodi Powder Bucket,Kg,2.49,2.49,1.5,0.0,-39.8,recipes match usage → stores likely making extra,,recipe over-deducts: physical count found stock the recipe had already deducted (no store purchase),1.5,,0.5,1.375,272.69,0.0,0.16,Delhi dishes carry 3 chutneys by design
Sec 31 - Gurgaon,Tomato Onion Chutney Bucket,Kg,87.86,87.91,,0.1,,recipes match usage → stores likely making extra,nothing issued by CK,recipe over-deducts: physical count found stock the recipe had already deducted (no store purchase),,,0.5,82.72,8619.47,0.0,-15.34,Delhi dishes carry 3 chutneys by design
Sec 31 - Gurgaon,Tomato Onion Powder Mix (1 Pkt = 24gm),Kg,0.309,0.309,3.552,0.0,1049.5,recipes match usage → stores likely making extra,but usage within 10% of CK issue: no sign of extra in-store making,"physical loss: more gone than recipe deducts (wastage, over-portioning or used as substitute)",3.552,,0.388,-2.867,-1489.23,0.0,0.829,Delhi dishes carry 3 chutneys by design
Sec 31 - Gurgaon,Upma Mix (1pkt = 300gm),Kg,0.66,0.66,1.5,0.0,127.3,recipes match usage → stores likely making extra,but usage within 10% of CK issue: no sign of extra in-store making,"physical loss: more gone than recipe deducts (wastage, over-portioning or used as substitute)",1.5,,0.6,-0.41,-34.55,0.0,0.54,Delhi dishes carry 3 chutneys by design
Shalimar Bagh,Benne Dosa Batter (Pack Size -3 Kg ),Kg,80.55,82.65,131.0,2.6,62.6,recipes match usage → stores likely making extra,but usage within 10% of CK issue: no sign of extra in-store making,"physical loss: more gone than recipe deducts (wastage, over-portioning or used as substitute)",131.0,23.5,4.1,-18.375,-531.08,0.0,17.75,Delhi dishes carry 3 chutneys by design
Shalimar Bagh,Boiled & Mashed Potato (1Pkt = 3Kg),Kg,113.0,184.583,141.0,63.3,24.8,usage above recipe → recipe over-deducts or wastage,,recipe over-deducts: physical count found stock the recipe had already deducted (no store purchase),141.0,,9.0,49.583,1631.66,0.0,4.233,86% via outlet sub-recipe; Delhi dishes carry 3 chutneys by design
Shalimar Bagh,Boondi,Kg,0.81,0.81,1.5,0.0,85.2,recipes match usage → stores likely making extra,but usage within 10% of CK issue: no sign of extra in-store making,"physical loss: more gone than recipe deducts (wastage, over-portioning or used as substitute)",1.5,,0.4,-0.35,-20.64,0.0,0.485,Delhi dishes carry 3 chutneys by design
Shalimar Bagh,Chaat Masala Bucket,Kg,0.335,0.335,0.7,0.0,109.0,recipes match usage → stores likely making extra,but usage within 10% of CK issue: no sign of extra in-store making,"physical loss: more gone than recipe deducts (wastage, over-portioning or used as substitute)",0.7,,0.1,-0.353,-108.27,0.0,0.131,Delhi dishes carry 3 chutneys by design
Shalimar Bagh,Coconut Shredded,Kg,120.267,175.174,39.0,45.7,-67.6,usage above recipe → recipe over-deducts or wastage,,recipe over-deducts: physical count found stock the recipe had already deducted (no store purchase),39.0,2.9,8.0,132.235,33354.04,0.0,-20.256,1% via outlet sub-recipe; Delhi dishes carry 3 chutneys by design
Shalimar Bagh,Dahi Bucket Mix (1pkt =105gm),gm,1320.0,1320.0,946.05,0.0,-28.3,recipes match usage → stores likely making extra,,"physical loss: more gone than recipe deducts (wastage, over-portioning or used as substitute)",946.05,,400.0,-185.525,-13.1,0.0,130.525,Delhi dishes carry 3 chutneys by design
Shalimar Bagh,Dosa Batter Mix,Kg,165.17,165.17,275.0,0.0,66.5,recipes match usage → stores likely making extra,but usage within 10% of CK issue: no sign of extra in-store making,"physical loss: more gone than recipe deducts (wastage, over-portioning or used as substitute)",275.0,29.4,20.0,-69.825,-2113.11,0.0,39.69,Delhi dishes carry 3 chutneys by design
Shalimar Bagh,Frozen Medu Vada (10pc),Pc,459.0,483.0,,5.2,,recipes match usage → stores likely making extra,nothing issued by CK,recipe over-deducts: physical count found stock the recipe had already deducted (no store purchase),,,0.0,454.0,0.0,0.0,-88.0,Delhi dishes carry 3 chutneys by design
Shalimar Bagh,Garam Masala Powder Bucket,Kg,0.007,0.007,,0.0,,recipes match usage → stores likely making extra,nothing issued by CK,recipe over-deducts: physical count found stock the recipe had already deducted (no store purchase),,,0.1,0.006,8.46,0.0,0.099,Delhi dishes carry 3 chutneys by design
Shalimar Bagh,Garlic Chutney Bucket,Kg,7.3,7.3,9.5,0.0,30.1,recipes match usage → stores likely making extra,but usage within 10% of CK issue: no sign of extra in-store making,"physical loss: more gone than recipe deducts (wastage, over-portioning or used as substitute)",9.5,0.85,0.5,-1.84,-460.97,0.0,-0.22,Delhi dishes carry 3 chutneys by design
Shalimar Bagh,Idli Pc Raw (1 Pkt =40pc),Pc,776.0,784.0,880.0,1.0,13.4,recipes match usage → stores likely making extra,but usage within 10% of CK issue: no sign of extra in-store making,"recipe, usage and issue broadly consistent",880.0,26.0,20.0,-69.0,-134.25,0.0,-1.0,Delhi dishes carry 3 chutneys by design
Shalimar Bagh,Imli Water,Ltr,8.322,8.36,7.0,0.5,-15.9,recipes match usage → stores likely making extra,,recipe over-deducts: physical count found stock the recipe had already deducted (no store purchase),7.0,,0.0,1.603,45.4,0.0,0.562,Delhi dishes carry 3 chutneys by design
Shalimar Bagh,Jain Sambar - Delhi,Ltr,15.4,15.4,19.0,0.0,23.4,recipes match usage → stores likely making extra,but usage within 10% of CK issue: no sign of extra in-store making,"physical loss: more gone than recipe deducts (wastage, over-portioning or used as substitute)",19.0,1.5,0.5,-1.6,-50.7,0.0,1.3,Delhi dishes carry 3 chutneys by design
Shalimar Bagh,Karam Podi Powder Bucket,Kg,1.48,1.48,3.0,0.0,102.7,recipes match usage → stores likely making extra,but usage within 10% of CK issue: no sign of extra in-store making,"physical loss: more gone than recipe deducts (wastage, over-portioning or used as substitute)",3.0,,1.0,-0.56,-105.85,0.0,1.26,Delhi dishes carry 3 chutneys by design
Shalimar Bagh,Kesari Halwa Mix  (1pkt = 550gm),Kg,4.554,4.989,7.15,9.6,57.0,recipes match usage → stores likely making extra,but usage within 10% of CK issue: no sign of extra in-store making,"physical loss: more gone than recipe deducts (wastage, over-portioning or used as substitute)",7.15,,0.55,-1.268,-94.13,0.0,1.51,Delhi dishes carry 3 chutneys by design
Shalimar Bagh,Korma Gravy Mix (1pkt=700gm),Kg,10.72,10.72,16.1,0.0,50.2,recipes match usage → stores likely making extra,but usage within 10% of CK issue: no sign of extra in-store making,"physical loss: more gone than recipe deducts (wastage, over-portioning or used as substitute)",16.1,0.25,0.2,-4.91,-759.9,0.0,1.58,Delhi dishes carry 3 chutneys by design
Shalimar Bagh,Lemon Rice Bucket,Kg,1.8,2.1,6.5,16.7,261.1,usage above recipe → recipe over-deducts or wastage,,"physical loss: more gone than recipe deducts (wastage, over-portioning or used as substitute)",6.5,1.5,0.5,-2.8,-219.8,0.0,0.6,Delhi dishes carry 3 chutneys by design
Shalimar Bagh,Malabar Paratha  (1pkt= 6Pcs),Pc,123.0,123.0,,0.0,,recipes match usage → stores likely making extra,nothing issued by CK,recipe over-deducts: physical count found stock the recipe had already deducted (no store purchase),,10.0,0.0,140.0,1158.79,0.0,-12.0,Delhi dishes carry 3 chutneys by design
Shalimar Bagh,Malabar Paratha Dough,Pc,,,144.0,,,insufficient data,no theoretical (no recipe line / no matched dish),insufficient data,144.0,6.0,4.0,-138.0,-1031.89,0.0,22.0,
Shalimar Bagh,Malkapodi Bucket,Kg,1.79,2.0,2.5,11.7,39.7,usage above recipe → recipe over-deducts or wastage,,recipe over-deducts: physical count found stock the recipe had already deducted (no store purchase),2.5,,0.5,0.29,49.16,0.0,0.86,Delhi dishes carry 3 chutneys by design
Shalimar Bagh,Medu Vada Batter,Kg,,,,,,insufficient data,no theoretical (no recipe line / no matched dish),insufficient data,,0.4,0.0,0.0,0.0,0.0,-0.4,
Shalimar Bagh,Medu Vada Batter Mix,Kg,,,,,,insufficient data,no theoretical (no recipe line / no matched dish),insufficient data,,0.8,0.0,0.4,28.82,0.0,-0.4,
Shalimar Bagh,Medu Vada Batter Powder Mix (1 Pkt = 23gm),Kg,,,0.271,,,insufficient data,no theoretical (no recipe line / no matched dish),insufficient data,0.271,,0.64,0.369,84.52,0.0,0.686,
Shalimar Bagh,Mysore Chutney Bucket,Kg,7.62,7.62,8.0,0.0,5.0,recipes match usage → stores likely making extra,but usage within 10% of CK issue: no sign of extra in-store making,"recipe, usage and issue broadly consistent",8.0,0.7,0.5,0.36,66.8,0.0,0.27,Delhi dishes carry 3 chutneys by design
Shalimar Bagh,Potato Masala Bucket,Kg,2.4,2.4,,0.0,,recipes match usage → stores likely making extra,nothing issued by CK,recipe over-deducts: physical count found stock the recipe had already deducted (no store purchase),,,0.0,2.3,0.0,0.0,-0.4,Delhi dishes carry 3 chutneys by design
Shalimar Bagh,Potato Masala Mix (1Pkt = 90Gm),Pkt,37.612,61.47,46.0,63.4,22.3,usage above recipe → recipe over-deducts or wastage,,recipe over-deducts: physical count found stock the recipe had already deducted (no store purchase),46.0,,2.0,14.47,152.95,0.0,-1.582,86% via outlet sub-recipe; Delhi dishes carry 3 chutneys by design
Shalimar Bagh,Rasam Bucket,Ltr,7.0,8.245,,17.8,,usage above recipe → recipe over-deducts or wastage,,recipe over-deducts: physical count found stock the recipe had already deducted (no store purchase),,,0.0,7.32,0.0,0.0,-1.5,Delhi dishes carry 3 chutneys by design
Shalimar Bagh,Rasam Chhoke Pre-Mix (2 Mix -6gm + 42gm)= 48gm,Kg,,,0.768,,,insufficient data,no theoretical (no recipe line / no matched dish),insufficient data,0.768,,0.048,-0.672,-169.03,0.0,0.192,
Shalimar Bagh,Rasam Mix (1Pkt =15 gm),Kg,,,0.255,,,insufficient data,no theoretical (no recipe line / no matched dish),insufficient data,0.255,,0.015,-0.225,-67.09,0.0,0.06,
Shalimar Bagh,Rava Powder Mix,Kg,4.75,4.75,7.0,0.0,47.4,recipes match usage → stores likely making extra,but usage within 10% of CK issue: no sign of extra in-store making,"physical loss: more gone than recipe deducts (wastage, over-portioning or used as substitute)",7.0,,1.0,-1.35,-123.41,0.0,1.3,Delhi dishes carry 3 chutneys by design
Shalimar Bagh,Raw Mango Chutney Bucket,Kg,3.4,3.4,,0.0,,recipes match usage → stores likely making extra,nothing issued by CK,recipe over-deducts: physical count found stock the recipe had already deducted (no store purchase),,,0.0,3.19,0.0,0.0,-0.5,Delhi dishes carry 3 chutneys by design
Shalimar Bagh,Raw Mango Pickle Bucket,Kg,0.21,0.21,0.5,0.0,138.1,recipes match usage → stores likely making extra,but usage within 10% of CK issue: no sign of extra in-store making,"physical loss: more gone than recipe deducts (wastage, over-portioning or used as substitute)",0.5,,0.5,-0.105,-23.56,0.0,0.45,Delhi dishes carry 3 chutneys by design
Shalimar Bagh,Raw mango Powder Mix (1 Pkt = 13gm),Kg,,,0.104,,,insufficient data,no theoretical (no recipe line / no matched dish),insufficient data,0.104,,0.026,-0.078,-25.93,0.0,0.052,
Shalimar Bagh,Regular White Chutney Bucket,Kg,5.55,,,,,insufficient data,no store consumption recorded,insufficient data,,,,,,,,100% of qty from lines marked (Inactive) in recipe; Delhi dishes carry 3 chutneys by design
Shalimar Bagh,Sambar Bucket,Ltr,,2.1,,,,insufficient data,no theoretical (no recipe line / no matched dish),insufficient data,,,0.0,2.1,0.0,0.0,0.0,in recipe file but no matched dish sold uses it — theoretical not computable
Shalimar Bagh,Sambar Bucket - Delhi,Ltr,614.0,614.0,482.0,0.0,-21.5,recipes match usage → stores likely making extra,,recipe over-deducts: physical count found stock the recipe had already deducted (no store purchase),482.0,41.05,12.0,170.85,5607.63,0.0,-14.05,Delhi dishes carry 3 chutneys by design
Shalimar Bagh,Special Daal Bucket,Kg,4.393,4.444,4.0,1.2,-8.9,recipes match usage → stores likely making extra,,usage above issue with no physical-count correction: unresolved,4.0,,1.0,0.239,35.8,0.0,1.216,Delhi dishes carry 3 chutneys by design
Shalimar Bagh,Special White Coconut Chutney Bucket,Kg,,,,,,insufficient data,no theoretical (no recipe line / no matched dish),insufficient data,,1.2,0.0,1.2,0.0,0.0,0.0,
Shalimar Bagh,Spicy Coconut Chutney Bucket,Kg,,,,,,insufficient data,no theoretical (no recipe line / no matched dish),insufficient data,,0.9,0.0,0.9,0.0,0.0,0.0,
Shalimar Bagh,Spicy Coconut Chutney Mix 1Pkt (16gm),Kg,6.082,6.106,,0.4,,recipes match usage → stores likely making extra,nothing issued by CK,recipe over-deducts: physical count found stock the recipe had already deducted (no store purchase),,,0.0,5.801,0.0,0.0,-1.037,Delhi dishes carry 3 chutneys by design
Shalimar Bagh,Srivilli Kheer (1 Pc),Pc,29.0,48.0,52.0,65.5,79.3,usage above recipe → recipe over-deducts or wastage,,recipe over-deducts: physical count found stock the recipe had already deducted (no store purchase),52.0,5.0,3.0,8.0,255.93,0.0,4.0,Delhi dishes carry 3 chutneys by design
Shalimar Bagh,Steam Rice Bucket,Kg,4.5,4.53,7.0,0.7,55.6,recipes match usage → stores likely making extra,but usage within 10% of CK issue: no sign of extra in-store making,"physical loss: more gone than recipe deducts (wastage, over-portioning or used as substitute)",7.0,1.6,0.5,-2.4,-127.32,0.0,-0.18,Delhi dishes carry 3 chutneys by design
Shalimar Bagh,Sugar Syrup Bucket,Ltr,4.65,4.65,,0.0,,recipes match usage → stores likely making extra,nothing issued by CK,recipe over-deducts: physical count found stock the recipe had already deducted (no store purchase),,,0.0,4.25,0.0,0.0,-1.35,Delhi dishes carry 3 chutneys by design
Shalimar Bagh,Thatte Idli Pc Raw,Pc,216.0,216.0,270.0,0.0,25.0,recipes match usage → stores likely making extra,but usage within 10% of CK issue: no sign of extra in-store making,"recipe, usage and issue broadly consistent",270.0,30.0,12.0,-16.0,-79.96,0.0,17.0,Delhi dishes carry 3 chutneys by design
Shalimar Bagh,Thindi Malkapodi Powder Bucket,Kg,3.77,3.77,3.5,0.0,-7.2,recipes match usage → stores likely making extra,but usage within 10% of CK issue: no sign of extra in-store making,"recipe, usage and issue broadly consistent",3.5,,0.0,0.365,72.52,0.0,-0.075,Delhi dishes carry 3 chutneys by design
Shalimar Bagh,Tomato Onion Chutney Bucket,Kg,124.69,125.3,,0.5,,recipes match usage → stores likely making extra,nothing issued by CK,recipe over-deducts: physical count found stock the recipe had already deducted (no store purchase),,0.8,0.0,116.35,0.0,0.0,-21.3,Delhi dishes carry 3 chutneys by design
Shalimar Bagh,Tomato Onion Powder Mix (1 Pkt = 24gm),Kg,0.363,0.363,3.64,0.0,902.8,recipes match usage → stores likely making extra,but usage within 10% of CK issue: no sign of extra in-store making,"physical loss: more gone than recipe deducts (wastage, over-portioning or used as substitute)",3.64,,0.4,-3.392,-1750.83,0.0,0.817,Delhi dishes carry 3 chutneys by design
Shalimar Bagh,Upma Mix (1pkt = 300gm),Kg,2.04,2.412,3.0,18.2,47.1,usage above recipe → recipe over-deducts or wastage,,"physical loss: more gone than recipe deducts (wastage, over-portioning or used as substitute)",3.0,,0.3,-0.768,-64.56,0.0,0.24,Delhi dishes carry 3 chutneys by design
