store,store_code,batch_item,period,theoretical_qty,unit,dishes_matched_share,source,note
Calcutta Swimming Club,0007,Benne Dosa Batter (Pack Size -3 Kg ),2026-09-24 to 2026-10-08,4.8,Kg,0.9961,"Posist item_sales qty_09-24_10-08 x menu_item_cost_lines.csv (base tab, sub-recipes expanded)",
Calcutta Swimming Club,0007,Boiled & Mashed Potato (1Pkt = 3Kg),2026-09-24 to 2026-10-08,10.533,Kg,0.9961,"Posist item_sales qty_09-24_10-08 x menu_item_cost_lines.csv (base tab, sub-recipes expanded)",100% via outlet sub-recipe
Calcutta Swimming Club,0007,Chaat Masala Bucket,2026-09-24 to 2026-10-08,0.011,Kg,0.9961,"Posist item_sales qty_09-24_10-08 x menu_item_cost_lines.csv (base tab, sub-recipes expanded)",
Calcutta Swimming Club,0007,Coconut Shredded,2026-09-24 to 2026-10-08,25.097,Kg,0.9961,"Posist item_sales qty_09-24_10-08 x menu_item_cost_lines.csv (base tab, sub-recipes expanded)",
Calcutta Swimming Club,0007,Dahi Bucket Mix (1pkt =105gm),2026-09-24 to 2026-10-08,10.0,gm,0.9961,"Posist item_sales qty_09-24_10-08 x menu_item_cost_lines.csv (base tab, sub-recipes expanded)",
Calcutta Swimming Club,0007,Dosa Batter Mix,2026-09-24 to 2026-10-08,40.29,Kg,0.9961,"Posist item_sales qty_09-24_10-08 x menu_item_cost_lines.csv (base tab, sub-recipes expanded)",
Calcutta Swimming Club,0007,Garlic Chutney Bucket,2026-09-24 to 2026-10-08,1.47,Kg,0.9961,"Posist item_sales qty_09-24_10-08 x menu_item_cost_lines.csv (base tab, sub-recipes expanded)",
Calcutta Swimming Club,0007,Idli Pc Raw (1 Pkt =40pc),2026-09-24 to 2026-10-08,352.0,Pc,0.9961,"Posist item_sales qty_09-24_10-08 x menu_item_cost_lines.csv (base tab, sub-recipes expanded)",
Calcutta Swimming Club,0007,Imli Water,2026-09-24 to 2026-10-08,0.49,Ltr,0.9961,"Posist item_sales qty_09-24_10-08 x menu_item_cost_lines.csv (base tab, sub-recipes expanded)",
Calcutta Swimming Club,0007,Jain Sambar Bucket,2026-09-24 to 2026-10-08,14.8,Ltr,0.9961,"Posist item_sales qty_09-24_10-08 x menu_item_cost_lines.csv (base tab, sub-recipes expanded)",
Calcutta Swimming Club,0007,Karam Podi Powder Bucket,2026-09-24 to 2026-10-08,0.04,Kg,0.9961,"Posist item_sales qty_09-24_10-08 x menu_item_cost_lines.csv (base tab, sub-recipes expanded)",
Calcutta Swimming Club,0007,Malkapodi Bucket,2026-09-24 to 2026-10-08,1.35,Kg,0.9961,"Posist item_sales qty_09-24_10-08 x menu_item_cost_lines.csv (base tab, sub-recipes expanded)",
Calcutta Swimming Club,0007,Medu Vada Batter Mix,2026-09-24 to 2026-10-08,2.363,Kg,0.9961,"Posist item_sales qty_09-24_10-08 x menu_item_cost_lines.csv (base tab, sub-recipes expanded)",
Calcutta Swimming Club,0007,Mysore Chutney Bucket,2026-09-24 to 2026-10-08,0.82,Kg,0.9961,"Posist item_sales qty_09-24_10-08 x menu_item_cost_lines.csv (base tab, sub-recipes expanded)",
Calcutta Swimming Club,0007,Potato Masala Mix (1Pkt = 90Gm),2026-09-24 to 2026-10-08,3.511,Pkt,0.9961,"Posist item_sales qty_09-24_10-08 x menu_item_cost_lines.csv (base tab, sub-recipes expanded)",100% via outlet sub-recipe
Calcutta Swimming Club,0007,Rava Powder Mix,2026-09-24 to 2026-10-08,1.2,Kg,0.9961,"Posist item_sales qty_09-24_10-08 x menu_item_cost_lines.csv (base tab, sub-recipes expanded)",
Calcutta Swimming Club,0007,Raw mango Powder Mix (1 Pkt = 13gm),2026-09-24 to 2026-10-08,0.055,Kg,0.9961,"Posist item_sales qty_09-24_10-08 x menu_item_cost_lines.csv (base tab, sub-recipes expanded)",
Calcutta Swimming Club,0007,Sambar Bucket,2026-09-24 to 2026-10-08,109.6,Ltr,0.9961,"Posist item_sales qty_09-24_10-08 x menu_item_cost_lines.csv (base tab, sub-recipes expanded)",
Calcutta Swimming Club,0007,Special Daal Bucket,2026-09-24 to 2026-10-08,1.798,Kg,0.9961,"Posist item_sales qty_09-24_10-08 x menu_item_cost_lines.csv (base tab, sub-recipes expanded)",
Calcutta Swimming Club,0007,Special White Coconut Chutney Bucket,2026-09-24 to 2026-10-08,0.3,Kg,0.9961,"Posist item_sales qty_09-24_10-08 x menu_item_cost_lines.csv (base tab, sub-recipes expanded)",
Calcutta Swimming Club,0007,Spicy Coconut Chutney Mix 1Pkt (16gm),2026-09-24 to 2026-10-08,0.387,Kg,0.9961,"Posist item_sales qty_09-24_10-08 x menu_item_cost_lines.csv (base tab, sub-recipes expanded)",
Calcutta Swimming Club,0007,Thatte Idli Pc Raw,2026-09-24 to 2026-10-08,43.0,Pc,0.9961,"Posist item_sales qty_09-24_10-08 x menu_item_cost_lines.csv (base tab, sub-recipes expanded)",
Calcutta Swimming Club,0007,Thindi Malkapodi Powder Bucket,2026-09-24 to 2026-10-08,0.645,Kg,0.9961,"Posist item_sales qty_09-24_10-08 x menu_item_cost_lines.csv (base tab, sub-recipes expanded)",
Calcutta Swimming Club,0007,Tomato Onion Powder Mix (1 Pkt = 24gm),2026-09-24 to 2026-10-08,0.142,Kg,0.9961,"Posist item_sales qty_09-24_10-08 x menu_item_cost_lines.csv (base tab, sub-recipes expanded)",
Calcutta Swimming Club,0007,Upma Mix (1pkt = 300gm),2026-09-24 to 2026-10-08,1.02,Kg,0.9961,"Posist item_sales qty_09-24_10-08 x menu_item_cost_lines.csv (base tab, sub-recipes expanded)",
Connaught Place,02-0012,Benne Dosa Batter (Pack Size -3 Kg ),2026-09-24 to 2026-10-08,254.475,Kg,0.9992,"Posist item_sales qty_09-24_10-08 x menu_item_cost_lines.csv (base tab, sub-recipes expanded)",Delhi dishes carry 3 chutneys by design
Connaught Place,02-0012,Boiled & Mashed Potato (1Pkt = 3Kg),2026-09-24 to 2026-10-08,321.867,Kg,0.9992,"Posist item_sales qty_09-24_10-08 x menu_item_cost_lines.csv (base tab, sub-recipes expanded)",89% via outlet sub-recipe; Delhi dishes carry 3 chutneys by design
Connaught Place,02-0012,Boondi,2026-09-24 to 2026-10-08,1.635,Kg,0.9992,"Posist item_sales qty_09-24_10-08 x menu_item_cost_lines.csv (base tab, sub-recipes expanded)",Delhi dishes carry 3 chutneys by design
Connaught Place,02-0012,Chaat Masala Bucket,2026-09-24 to 2026-10-08,0.695,Kg,0.9992,"Posist item_sales qty_09-24_10-08 x menu_item_cost_lines.csv (base tab, sub-recipes expanded)",Delhi dishes carry 3 chutneys by design
Connaught Place,02-0012,Coconut Shredded,2026-09-24 to 2026-10-08,350.551,Kg,0.9992,"Posist item_sales qty_09-24_10-08 x menu_item_cost_lines.csv (base tab, sub-recipes expanded)",1% via outlet sub-recipe; Delhi dishes carry 3 chutneys by design
Connaught Place,02-0012,Dahi Bucket Mix (1pkt =105gm),2026-09-24 to 2026-10-08,2895.0,gm,0.9992,"Posist item_sales qty_09-24_10-08 x menu_item_cost_lines.csv (base tab, sub-recipes expanded)",Delhi dishes carry 3 chutneys by design
Connaught Place,02-0012,Dosa Batter Mix,2026-09-24 to 2026-10-08,485.84,Kg,0.9992,"Posist item_sales qty_09-24_10-08 x menu_item_cost_lines.csv (base tab, sub-recipes expanded)",Delhi dishes carry 3 chutneys by design
Connaught Place,02-0012,Frozen Medu Vada (10pc),2026-09-24 to 2026-10-08,855.0,Pc,0.9992,"Posist item_sales qty_09-24_10-08 x menu_item_cost_lines.csv (base tab, sub-recipes expanded)",Delhi dishes carry 3 chutneys by design
Connaught Place,02-0012,Garam Masala Powder Bucket,2026-09-24 to 2026-10-08,0.031,Kg,0.9992,"Posist item_sales qty_09-24_10-08 x menu_item_cost_lines.csv (base tab, sub-recipes expanded)",Delhi dishes carry 3 chutneys by design
Connaught Place,02-0012,Garlic Chutney Bucket,2026-09-24 to 2026-10-08,24.87,Kg,0.9992,"Posist item_sales qty_09-24_10-08 x menu_item_cost_lines.csv (base tab, sub-recipes expanded)",Delhi dishes carry 3 chutneys by design
Connaught Place,02-0012,Idli Pc Raw (1 Pkt =40pc),2026-09-24 to 2026-10-08,2475.0,Pc,0.9992,"Posist item_sales qty_09-24_10-08 x menu_item_cost_lines.csv (base tab, sub-recipes expanded)",Delhi dishes carry 3 chutneys by design
Connaught Place,02-0012,Imli Water,2026-09-24 to 2026-10-08,24.119,Ltr,0.9992,"Posist item_sales qty_09-24_10-08 x menu_item_cost_lines.csv (base tab, sub-recipes expanded)",Delhi dishes carry 3 chutneys by design
Connaught Place,02-0012,Jain Sambar - Delhi,2026-09-24 to 2026-10-08,17.8,Ltr,0.9992,"Posist item_sales qty_09-24_10-08 x menu_item_cost_lines.csv (base tab, sub-recipes expanded)",Delhi dishes carry 3 chutneys by design
Connaught Place,02-0012,Karam Podi Powder Bucket,2026-09-24 to 2026-10-08,4.84,Kg,0.9992,"Posist item_sales qty_09-24_10-08 x menu_item_cost_lines.csv (base tab, sub-recipes expanded)",Delhi dishes carry 3 chutneys by design
Connaught Place,02-0012,Kesari Halwa Mix  (1pkt = 550gm),2026-09-24 to 2026-10-08,10.695,Kg,0.9992,"Posist item_sales qty_09-24_10-08 x menu_item_cost_lines.csv (base tab, sub-recipes expanded)",Delhi dishes carry 3 chutneys by design
Connaught Place,02-0012,Korma Gravy Mix (1pkt=700gm),2026-09-24 to 2026-10-08,24.04,Kg,0.9992,"Posist item_sales qty_09-24_10-08 x menu_item_cost_lines.csv (base tab, sub-recipes expanded)",Delhi dishes carry 3 chutneys by design
Connaught Place,02-0012,Lemon Rice Bucket,2026-09-24 to 2026-10-08,9.6,Kg,0.9992,"Posist item_sales qty_09-24_10-08 x menu_item_cost_lines.csv (base tab, sub-recipes expanded)",Delhi dishes carry 3 chutneys by design
Connaught Place,02-0012,Malabar Paratha  (1pkt= 6Pcs),2026-09-24 to 2026-10-08,274.0,Pc,0.9992,"Posist item_sales qty_09-24_10-08 x menu_item_cost_lines.csv (base tab, sub-recipes expanded)",Delhi dishes carry 3 chutneys by design
Connaught Place,02-0012,Malkapodi Bucket,2026-09-24 to 2026-10-08,6.465,Kg,0.9992,"Posist item_sales qty_09-24_10-08 x menu_item_cost_lines.csv (base tab, sub-recipes expanded)",Delhi dishes carry 3 chutneys by design
Connaught Place,02-0012,Mysore Chutney Bucket,2026-09-24 to 2026-10-08,36.8,Kg,0.9992,"Posist item_sales qty_09-24_10-08 x menu_item_cost_lines.csv (base tab, sub-recipes expanded)",Delhi dishes carry 3 chutneys by design
Connaught Place,02-0012,Potato Masala Bucket,2026-09-24 to 2026-10-08,5.1,Kg,0.9992,"Posist item_sales qty_09-24_10-08 x menu_item_cost_lines.csv (base tab, sub-recipes expanded)",Delhi dishes carry 3 chutneys by design
Connaught Place,02-0012,Potato Masala Mix (1Pkt = 90Gm),2026-09-24 to 2026-10-08,107.168,Pkt,0.9992,"Posist item_sales qty_09-24_10-08 x menu_item_cost_lines.csv (base tab, sub-recipes expanded)",89% via outlet sub-recipe; Delhi dishes carry 3 chutneys by design
Connaught Place,02-0012,Rasam Bucket,2026-09-24 to 2026-10-08,20.9,Ltr,0.9992,"Posist item_sales qty_09-24_10-08 x menu_item_cost_lines.csv (base tab, sub-recipes expanded)",Delhi dishes carry 3 chutneys by design
Connaught Place,02-0012,Rava Powder Mix,2026-09-24 to 2026-10-08,8.35,Kg,0.9992,"Posist item_sales qty_09-24_10-08 x menu_item_cost_lines.csv (base tab, sub-recipes expanded)",Delhi dishes carry 3 chutneys by design
Connaught Place,02-0012,Raw Mango Chutney Bucket,2026-09-24 to 2026-10-08,16.21,Kg,0.9992,"Posist item_sales qty_09-24_10-08 x menu_item_cost_lines.csv (base tab, sub-recipes expanded)",Delhi dishes carry 3 chutneys by design
Connaught Place,02-0012,Raw Mango Pickle Bucket,2026-09-24 to 2026-10-08,0.385,Kg,0.9992,"Posist item_sales qty_09-24_10-08 x menu_item_cost_lines.csv (base tab, sub-recipes expanded)",Delhi dishes carry 3 chutneys by design
Connaught Place,02-0012,Regular White Chutney Bucket,2026-09-24 to 2026-10-08,18.15,Kg,0.9992,"Posist item_sales qty_09-24_10-08 x menu_item_cost_lines.csv (base tab, sub-recipes expanded)",100% of qty from lines marked (Inactive) in recipe; Delhi dishes carry 3 chutneys by design
Connaught Place,02-0012,Sambar Bucket,2026-09-24 to 2026-10-08,1.0,Ltr,0.9992,"Posist item_sales qty_09-24_10-08 x menu_item_cost_lines.csv (base tab, sub-recipes expanded)",Delhi dishes carry 3 chutneys by design
Connaught Place,02-0012,Sambar Bucket - Delhi,2026-09-24 to 2026-10-08,1982.55,Ltr,0.9992,"Posist item_sales qty_09-24_10-08 x menu_item_cost_lines.csv (base tab, sub-recipes expanded)",Delhi dishes carry 3 chutneys by design
Connaught Place,02-0012,Special Daal Bucket,2026-09-24 to 2026-10-08,13.348,Kg,0.9992,"Posist item_sales qty_09-24_10-08 x menu_item_cost_lines.csv (base tab, sub-recipes expanded)",Delhi dishes carry 3 chutneys by design
Connaught Place,02-0012,Special White Coconut Chutney Bucket,2026-09-24 to 2026-10-08,0.5,Kg,0.9992,"Posist item_sales qty_09-24_10-08 x menu_item_cost_lines.csv (base tab, sub-recipes expanded)",Delhi dishes carry 3 chutneys by design
Connaught Place,02-0012,Spicy Coconut Chutney Mix 1Pkt (16gm),2026-09-24 to 2026-10-08,17.533,Kg,0.9992,"Posist item_sales qty_09-24_10-08 x menu_item_cost_lines.csv (base tab, sub-recipes expanded)",Delhi dishes carry 3 chutneys by design
Connaught Place,02-0012,Srivilli Kheer (1 Pc),2026-09-24 to 2026-10-08,96.0,Pc,0.9992,"Posist item_sales qty_09-24_10-08 x menu_item_cost_lines.csv (base tab, sub-recipes expanded)",Delhi dishes carry 3 chutneys by design
Connaught Place,02-0012,Steam Rice Bucket,2026-09-24 to 2026-10-08,11.35,Kg,0.9992,"Posist item_sales qty_09-24_10-08 x menu_item_cost_lines.csv (base tab, sub-recipes expanded)",Delhi dishes carry 3 chutneys by design
Connaught Place,02-0012,Sugar Syrup Bucket,2026-09-24 to 2026-10-08,14.2,Ltr,0.9992,"Posist item_sales qty_09-24_10-08 x menu_item_cost_lines.csv (base tab, sub-recipes expanded)",Delhi dishes carry 3 chutneys by design
Connaught Place,02-0012,Thatte Idli Pc Raw,2026-09-24 to 2026-10-08,613.0,Pc,0.9992,"Posist item_sales qty_09-24_10-08 x menu_item_cost_lines.csv (base tab, sub-recipes expanded)",Delhi dishes carry 3 chutneys by design
Connaught Place,02-0012,Thindi Malkapodi Powder Bucket,2026-09-24 to 2026-10-08,11.235,Kg,0.9992,"Posist item_sales qty_09-24_10-08 x menu_item_cost_lines.csv (base tab, sub-recipes expanded)",Delhi dishes carry 3 chutneys by design
Connaught Place,02-0012,Tomato Onion Chutney Bucket,2026-09-24 to 2026-10-08,372.25,Kg,0.9992,"Posist item_sales qty_09-24_10-08 x menu_item_cost_lines.csv (base tab, sub-recipes expanded)",Delhi dishes carry 3 chutneys by design
Connaught Place,02-0012,Tomato Onion Powder Mix (1 Pkt = 24gm),2026-09-24 to 2026-10-08,1.17,Kg,0.9992,"Posist item_sales qty_09-24_10-08 x menu_item_cost_lines.csv (base tab, sub-recipes expanded)",Delhi dishes carry 3 chutneys by design
Connaught Place,02-0012,Upma Mix (1pkt = 300gm),2026-09-24 to 2026-10-08,4.26,Kg,0.9992,"Posist item_sales qty_09-24_10-08 x menu_item_cost_lines.csv (base tab, sub-recipes expanded)",Delhi dishes carry 3 chutneys by design
Food Truck - 1,0008,Boiled & Mashed Potato (1Pkt = 3Kg),2026-09-24 to 2026-10-08,11.039,Kg,0.9833,"Posist item_sales qty_09-24_10-08 x menu_item_cost_lines.csv (base tab, sub-recipes expanded)",100% of qty from lines marked (Inactive) in recipe; 100% via outlet sub-recipe
Food Truck - 1,0008,Chaat Masala Bucket,2026-09-24 to 2026-10-08,0.022,Kg,0.9833,"Posist item_sales qty_09-24_10-08 x menu_item_cost_lines.csv (base tab, sub-recipes expanded)",
Food Truck - 1,0008,Coconut Shredded,2026-09-24 to 2026-10-08,9.199,Kg,0.9833,"Posist item_sales qty_09-24_10-08 x menu_item_cost_lines.csv (base tab, sub-recipes expanded)",
Food Truck - 1,0008,Dahi Bucket Mix (1pkt =105gm),2026-09-24 to 2026-10-08,175.0,gm,0.9833,"Posist item_sales qty_09-24_10-08 x menu_item_cost_lines.csv (base tab, sub-recipes expanded)",
Food Truck - 1,0008,Dosa Batter Mix,2026-09-24 to 2026-10-08,18.4,Kg,0.9833,"Posist item_sales qty_09-24_10-08 x menu_item_cost_lines.csv (base tab, sub-recipes expanded)",
Food Truck - 1,0008,Idli Pc Raw (1 Pkt =40pc),2026-09-24 to 2026-10-08,152.0,Pc,0.9833,"Posist item_sales qty_09-24_10-08 x menu_item_cost_lines.csv (base tab, sub-recipes expanded)",
Food Truck - 1,0008,Jain Sambar Bucket,2026-09-24 to 2026-10-08,44.0,Ltr,0.9833,"Posist item_sales qty_09-24_10-08 x menu_item_cost_lines.csv (base tab, sub-recipes expanded)",
Food Truck - 1,0008,Medu Vada Batter Mix,2026-09-24 to 2026-10-08,2.434,Kg,0.9833,"Posist item_sales qty_09-24_10-08 x menu_item_cost_lines.csv (base tab, sub-recipes expanded)",
Food Truck - 1,0008,Potato Masala Mix (1Pkt = 90Gm),2026-09-24 to 2026-10-08,3.68,Pkt,0.9833,"Posist item_sales qty_09-24_10-08 x menu_item_cost_lines.csv (base tab, sub-recipes expanded)",100% of qty from lines marked (Inactive) in recipe; 100% via outlet sub-recipe
Food Truck - 1,0008,Sambar Bucket,2026-09-24 to 2026-10-08,0.8,Ltr,0.9833,"Posist item_sales qty_09-24_10-08 x menu_item_cost_lines.csv (base tab, sub-recipes expanded)",
Food Truck - 1,0008,Special Daal Bucket,2026-09-24 to 2026-10-08,0.66,Kg,0.9833,"Posist item_sales qty_09-24_10-08 x menu_item_cost_lines.csv (base tab, sub-recipes expanded)",
Forum,0003,Benne Dosa Batter (Pack Size -3 Kg ),2026-09-24 to 2026-10-08,31.275,Kg,0.9983,"Posist item_sales qty_09-24_10-08 x menu_item_cost_lines.csv (base tab, sub-recipes expanded)",mall bulk entries: dish qty may be unreliable
Forum,0003,Boiled & Mashed Potato (1Pkt = 3Kg),2026-09-24 to 2026-10-08,80.707,Kg,0.9983,"Posist item_sales qty_09-24_10-08 x menu_item_cost_lines.csv (base tab, sub-recipes expanded)",100% via outlet sub-recipe; mall bulk entries: dish qty may be unreliable
Forum,0003,Chaat Masala Bucket,2026-09-24 to 2026-10-08,0.128,Kg,0.9983,"Posist item_sales qty_09-24_10-08 x menu_item_cost_lines.csv (base tab, sub-recipes expanded)",mall bulk entries: dish qty may be unreliable
Forum,0003,Coconut Shredded,2026-09-24 to 2026-10-08,63.452,Kg,0.9983,"Posist item_sales qty_09-24_10-08 x menu_item_cost_lines.csv (base tab, sub-recipes expanded)",mall bulk entries: dish qty may be unreliable
Forum,0003,Dahi Bucket Mix (1pkt =105gm),2026-09-24 to 2026-10-08,500.0,gm,0.9983,"Posist item_sales qty_09-24_10-08 x menu_item_cost_lines.csv (base tab, sub-recipes expanded)",mall bulk entries: dish qty may be unreliable
Forum,0003,Dosa Batter Mix,2026-09-24 to 2026-10-08,125.994,Kg,0.9983,"Posist item_sales qty_09-24_10-08 x menu_item_cost_lines.csv (base tab, sub-recipes expanded)",mall bulk entries: dish qty may be unreliable
Forum,0003,Filter Coffee Ice Cream (700gm= 1 Bucket),2026-09-24 to 2026-10-08,0.48,Kg,0.9983,"Posist item_sales qty_09-24_10-08 x menu_item_cost_lines.csv (base tab, sub-recipes expanded)",mall bulk entries: dish qty may be unreliable
Forum,0003,Garlic Chutney Bucket,2026-09-24 to 2026-10-08,3.885,Kg,0.9983,"Posist item_sales qty_09-24_10-08 x menu_item_cost_lines.csv (base tab, sub-recipes expanded)",mall bulk entries: dish qty may be unreliable
Forum,0003,Idli Pc Raw (1 Pkt =40pc),2026-09-24 to 2026-10-08,508.0,Pc,0.9983,"Posist item_sales qty_09-24_10-08 x menu_item_cost_lines.csv (base tab, sub-recipes expanded)",mall bulk entries: dish qty may be unreliable
Forum,0003,Imli Water,2026-09-24 to 2026-10-08,0.481,Ltr,0.9983,"Posist item_sales qty_09-24_10-08 x menu_item_cost_lines.csv (base tab, sub-recipes expanded)",mall bulk entries: dish qty may be unreliable
Forum,0003,Jain Sambar Bucket,2026-09-24 to 2026-10-08,5.8,Ltr,0.9983,"Posist item_sales qty_09-24_10-08 x menu_item_cost_lines.csv (base tab, sub-recipes expanded)",mall bulk entries: dish qty may be unreliable
Forum,0003,Karam Podi Powder Bucket,2026-09-24 to 2026-10-08,0.24,Kg,0.9983,"Posist item_sales qty_09-24_10-08 x menu_item_cost_lines.csv (base tab, sub-recipes expanded)",mall bulk entries: dish qty may be unreliable
Forum,0003,Kesari Halwa Mix  (1pkt = 550gm),2026-09-24 to 2026-10-08,1.587,Kg,0.9983,"Posist item_sales qty_09-24_10-08 x menu_item_cost_lines.csv (base tab, sub-recipes expanded)",mall bulk entries: dish qty may be unreliable
Forum,0003,Korma Gravy Mix (1pkt=700gm),2026-09-24 to 2026-10-08,4.68,Kg,0.9983,"Posist item_sales qty_09-24_10-08 x menu_item_cost_lines.csv (base tab, sub-recipes expanded)",mall bulk entries: dish qty may be unreliable
Forum,0003,Malabar Paratha  (1pkt= 6Pcs),2026-09-24 to 2026-10-08,52.0,Pc,0.9983,"Posist item_sales qty_09-24_10-08 x menu_item_cost_lines.csv (base tab, sub-recipes expanded)",mall bulk entries: dish qty may be unreliable
Forum,0003,Malkapodi Bucket,2026-09-24 to 2026-10-08,0.6,Kg,0.9983,"Posist item_sales qty_09-24_10-08 x menu_item_cost_lines.csv (base tab, sub-recipes expanded)",mall bulk entries: dish qty may be unreliable
Forum,0003,Medu Vada Batter,2026-09-24 to 2026-10-08,0.12,Kg,0.9983,"Posist item_sales qty_09-24_10-08 x menu_item_cost_lines.csv (base tab, sub-recipes expanded)",mall bulk entries: dish qty may be unreliable
Forum,0003,Medu Vada Batter Mix,2026-09-24 to 2026-10-08,11.169,Kg,0.9983,"Posist item_sales qty_09-24_10-08 x menu_item_cost_lines.csv (base tab, sub-recipes expanded)",mall bulk entries: dish qty may be unreliable
Forum,0003,Medu Vada Batter Powder Mix (1 Pkt = 23gm),2026-09-24 to 2026-10-08,0.002,Kg,0.9983,"Posist item_sales qty_09-24_10-08 x menu_item_cost_lines.csv (base tab, sub-recipes expanded)",mall bulk entries: dish qty may be unreliable
Forum,0003,Mysore Chutney Bucket,2026-09-24 to 2026-10-08,2.58,Kg,0.9983,"Posist item_sales qty_09-24_10-08 x menu_item_cost_lines.csv (base tab, sub-recipes expanded)",mall bulk entries: dish qty may be unreliable
Forum,0003,Potato Masala Mix (1Pkt = 90Gm),2026-09-24 to 2026-10-08,26.902,Pkt,0.9983,"Posist item_sales qty_09-24_10-08 x menu_item_cost_lines.csv (base tab, sub-recipes expanded)",100% via outlet sub-recipe; mall bulk entries: dish qty may be unreliable
Forum,0003,Rava Powder Mix,2026-09-24 to 2026-10-08,3.2,Kg,0.9983,"Posist item_sales qty_09-24_10-08 x menu_item_cost_lines.csv (base tab, sub-recipes expanded)",mall bulk entries: dish qty may be unreliable
Forum,0003,Raw Mango Chutney Bucket,2026-09-24 to 2026-10-08,0.48,Kg,0.9983,"Posist item_sales qty_09-24_10-08 x menu_item_cost_lines.csv (base tab, sub-recipes expanded)",mall bulk entries: dish qty may be unreliable
Forum,0003,Raw mango Powder Mix (1 Pkt = 13gm),2026-09-24 to 2026-10-08,0.033,Kg,0.9983,"Posist item_sales qty_09-24_10-08 x menu_item_cost_lines.csv (base tab, sub-recipes expanded)",mall bulk entries: dish qty may be unreliable
Forum,0003,Sambar Bucket,2026-09-24 to 2026-10-08,301.0,Ltr,0.9983,"Posist item_sales qty_09-24_10-08 x menu_item_cost_lines.csv (base tab, sub-recipes expanded)",mall bulk entries: dish qty may be unreliable
Forum,0003,Special Daal Bucket,2026-09-24 to 2026-10-08,4.422,Kg,0.9983,"Posist item_sales qty_09-24_10-08 x menu_item_cost_lines.csv (base tab, sub-recipes expanded)",mall bulk entries: dish qty may be unreliable
Forum,0003,Special White Coconut Chutney Bucket,2026-09-24 to 2026-10-08,0.6,Kg,0.9983,"Posist item_sales qty_09-24_10-08 x menu_item_cost_lines.csv (base tab, sub-recipes expanded)",mall bulk entries: dish qty may be unreliable
Forum,0003,Spicy Coconut Chutney Mix 1Pkt (16gm),2026-09-24 to 2026-10-08,0.386,Kg,0.9983,"Posist item_sales qty_09-24_10-08 x menu_item_cost_lines.csv (base tab, sub-recipes expanded)",mall bulk entries: dish qty may be unreliable
Forum,0003,Srivilli Kheer (1 Pc),2026-09-24 to 2026-10-08,23.0,Pc,0.9983,"Posist item_sales qty_09-24_10-08 x menu_item_cost_lines.csv (base tab, sub-recipes expanded)",mall bulk entries: dish qty may be unreliable
Forum,0003,Thatte Idli Pc Raw,2026-09-24 to 2026-10-08,36.0,Pc,0.9983,"Posist item_sales qty_09-24_10-08 x menu_item_cost_lines.csv (base tab, sub-recipes expanded)",mall bulk entries: dish qty may be unreliable
Forum,0003,Thindi Malkapodi Powder Bucket,2026-09-24 to 2026-10-08,2.36,Kg,0.9983,"Posist item_sales qty_09-24_10-08 x menu_item_cost_lines.csv (base tab, sub-recipes expanded)",mall bulk entries: dish qty may be unreliable
Forum,0003,Tomato Onion Powder Mix (1 Pkt = 24gm),2026-09-24 to 2026-10-08,0.08,Kg,0.9983,"Posist item_sales qty_09-24_10-08 x menu_item_cost_lines.csv (base tab, sub-recipes expanded)",mall bulk entries: dish qty may be unreliable
Forum,0003,Upma Mix (1pkt = 300gm),2026-09-24 to 2026-10-08,1.38,Kg,0.9983,"Posist item_sales qty_09-24_10-08 x menu_item_cost_lines.csv (base tab, sub-recipes expanded)",mall bulk entries: dish qty may be unreliable
Gurgaon DLF,02-0009,Benne Dosa Batter (Pack Size -3 Kg ),2026-09-24 to 2026-10-08,103.5,Kg,0.9994,"Posist item_sales qty_09-24_10-08 x menu_item_cost_lines.csv (base tab, sub-recipes expanded)",Delhi dishes carry 3 chutneys by design
Gurgaon DLF,02-0009,Boiled & Mashed Potato (1Pkt = 3Kg),2026-09-24 to 2026-10-08,163.8,Kg,0.9994,"Posist item_sales qty_09-24_10-08 x menu_item_cost_lines.csv (base tab, sub-recipes expanded)",80% via outlet sub-recipe; Delhi dishes carry 3 chutneys by design
Gurgaon DLF,02-0009,Boondi,2026-09-24 to 2026-10-08,0.555,Kg,0.9994,"Posist item_sales qty_09-24_10-08 x menu_item_cost_lines.csv (base tab, sub-recipes expanded)",Delhi dishes carry 3 chutneys by design
Gurgaon DLF,02-0009,Chaat Masala Bucket,2026-09-24 to 2026-10-08,0.23,Kg,0.9994,"Posist item_sales qty_09-24_10-08 x menu_item_cost_lines.csv (base tab, sub-recipes expanded)",Delhi dishes carry 3 chutneys by design
Gurgaon DLF,02-0009,Coconut Shredded,2026-09-24 to 2026-10-08,155.74,Kg,0.9994,"Posist item_sales qty_09-24_10-08 x menu_item_cost_lines.csv (base tab, sub-recipes expanded)",Delhi dishes carry 3 chutneys by design
Gurgaon DLF,02-0009,Dahi Bucket Mix (1pkt =105gm),2026-09-24 to 2026-10-08,1335.0,gm,0.9994,"Posist item_sales qty_09-24_10-08 x menu_item_cost_lines.csv (base tab, sub-recipes expanded)",Delhi dishes carry 3 chutneys by design
Gurgaon DLF,02-0009,Dosa Batter Mix,2026-09-24 to 2026-10-08,218.595,Kg,0.9994,"Posist item_sales qty_09-24_10-08 x menu_item_cost_lines.csv (base tab, sub-recipes expanded)",Delhi dishes carry 3 chutneys by design
Gurgaon DLF,02-0009,Frozen Medu Vada (10pc),2026-09-24 to 2026-10-08,610.0,Pc,0.9994,"Posist item_sales qty_09-24_10-08 x menu_item_cost_lines.csv (base tab, sub-recipes expanded)",Delhi dishes carry 3 chutneys by design
Gurgaon DLF,02-0009,Garam Masala Powder Bucket,2026-09-24 to 2026-10-08,0.032,Kg,0.9994,"Posist item_sales qty_09-24_10-08 x menu_item_cost_lines.csv (base tab, sub-recipes expanded)",Delhi dishes carry 3 chutneys by design
Gurgaon DLF,02-0009,Garlic Chutney Bucket,2026-09-24 to 2026-10-08,13.0,Kg,0.9994,"Posist item_sales qty_09-24_10-08 x menu_item_cost_lines.csv (base tab, sub-recipes expanded)",Delhi dishes carry 3 chutneys by design
Gurgaon DLF,02-0009,Idli Pc Raw (1 Pkt =40pc),2026-09-24 to 2026-10-08,1359.0,Pc,0.9994,"Posist item_sales qty_09-24_10-08 x menu_item_cost_lines.csv (base tab, sub-recipes expanded)",Delhi dishes carry 3 chutneys by design
Gurgaon DLF,02-0009,Imli Water,2026-09-24 to 2026-10-08,10.267,Ltr,0.9994,"Posist item_sales qty_09-24_10-08 x menu_item_cost_lines.csv (base tab, sub-recipes expanded)",Delhi dishes carry 3 chutneys by design
Gurgaon DLF,02-0009,Jain Sambar - Delhi,2026-09-24 to 2026-10-08,88.8,Ltr,0.9994,"Posist item_sales qty_09-24_10-08 x menu_item_cost_lines.csv (base tab, sub-recipes expanded)",Delhi dishes carry 3 chutneys by design
Gurgaon DLF,02-0009,Kesari Halwa Mix  (1pkt = 550gm),2026-09-24 to 2026-10-08,2.622,Kg,0.9994,"Posist item_sales qty_09-24_10-08 x menu_item_cost_lines.csv (base tab, sub-recipes expanded)",Delhi dishes carry 3 chutneys by design
Gurgaon DLF,02-0009,Korma Gravy Mix (1pkt=700gm),2026-09-24 to 2026-10-08,21.24,Kg,0.9994,"Posist item_sales qty_09-24_10-08 x menu_item_cost_lines.csv (base tab, sub-recipes expanded)",Delhi dishes carry 3 chutneys by design
Gurgaon DLF,02-0009,Lemon Rice Bucket,2026-09-24 to 2026-10-08,3.0,Kg,0.9994,"Posist item_sales qty_09-24_10-08 x menu_item_cost_lines.csv (base tab, sub-recipes expanded)",Delhi dishes carry 3 chutneys by design
Gurgaon DLF,02-0009,Malabar Paratha  (1pkt= 6Pcs),2026-09-24 to 2026-10-08,236.0,Pc,0.9994,"Posist item_sales qty_09-24_10-08 x menu_item_cost_lines.csv (base tab, sub-recipes expanded)",Delhi dishes carry 3 chutneys by design
Gurgaon DLF,02-0009,Malkapodi Bucket,2026-09-24 to 2026-10-08,0.84,Kg,0.9994,"Posist item_sales qty_09-24_10-08 x menu_item_cost_lines.csv (base tab, sub-recipes expanded)",Delhi dishes carry 3 chutneys by design
Gurgaon DLF,02-0009,Mysore Chutney Bucket,2026-09-24 to 2026-10-08,10.85,Kg,0.9994,"Posist item_sales qty_09-24_10-08 x menu_item_cost_lines.csv (base tab, sub-recipes expanded)",Delhi dishes carry 3 chutneys by design
Gurgaon DLF,02-0009,Potato Masala Bucket,2026-09-24 to 2026-10-08,11.7,Kg,0.9994,"Posist item_sales qty_09-24_10-08 x menu_item_cost_lines.csv (base tab, sub-recipes expanded)",Delhi dishes carry 3 chutneys by design
Gurgaon DLF,02-0009,Potato Masala Mix (1Pkt = 90Gm),2026-09-24 to 2026-10-08,54.493,Pkt,0.9994,"Posist item_sales qty_09-24_10-08 x menu_item_cost_lines.csv (base tab, sub-recipes expanded)",81% via outlet sub-recipe; Delhi dishes carry 3 chutneys by design
Gurgaon DLF,02-0009,Rasam Bucket,2026-09-24 to 2026-10-08,1.4,Ltr,0.9994,"Posist item_sales qty_09-24_10-08 x menu_item_cost_lines.csv (base tab, sub-recipes expanded)",Delhi dishes carry 3 chutneys by design
Gurgaon DLF,02-0009,Raw Mango Chutney Bucket,2026-09-24 to 2026-10-08,5.07,Kg,0.9994,"Posist item_sales qty_09-24_10-08 x menu_item_cost_lines.csv (base tab, sub-recipes expanded)",Delhi dishes carry 3 chutneys by design
Gurgaon DLF,02-0009,Raw Mango Pickle Bucket,2026-09-24 to 2026-10-08,0.525,Kg,0.9994,"Posist item_sales qty_09-24_10-08 x menu_item_cost_lines.csv (base tab, sub-recipes expanded)",Delhi dishes carry 3 chutneys by design
Gurgaon DLF,02-0009,Sambar Bucket - Delhi,2026-09-24 to 2026-10-08,706.25,Ltr,0.9994,"Posist item_sales qty_09-24_10-08 x menu_item_cost_lines.csv (base tab, sub-recipes expanded)",Delhi dishes carry 3 chutneys by design
Gurgaon DLF,02-0009,Special Daal Bucket,2026-09-24 to 2026-10-08,5.392,Kg,0.9994,"Posist item_sales qty_09-24_10-08 x menu_item_cost_lines.csv (base tab, sub-recipes expanded)",Delhi dishes carry 3 chutneys by design
Gurgaon DLF,02-0009,Spicy Coconut Chutney Mix 1Pkt (16gm),2026-09-24 to 2026-10-08,7.096,Kg,0.9994,"Posist item_sales qty_09-24_10-08 x menu_item_cost_lines.csv (base tab, sub-recipes expanded)",Delhi dishes carry 3 chutneys by design
Gurgaon DLF,02-0009,Srivilli Kheer (1 Pc),2026-09-24 to 2026-10-08,8.0,Pc,0.9994,"Posist item_sales qty_09-24_10-08 x menu_item_cost_lines.csv (base tab, sub-recipes expanded)",Delhi dishes carry 3 chutneys by design
Gurgaon DLF,02-0009,Steam Rice Bucket,2026-09-24 to 2026-10-08,13.25,Kg,0.9994,"Posist item_sales qty_09-24_10-08 x menu_item_cost_lines.csv (base tab, sub-recipes expanded)",Delhi dishes carry 3 chutneys by design
Gurgaon DLF,02-0009,Thatte Idli Pc Raw,2026-09-24 to 2026-10-08,170.0,Pc,0.9994,"Posist item_sales qty_09-24_10-08 x menu_item_cost_lines.csv (base tab, sub-recipes expanded)",Delhi dishes carry 3 chutneys by design
Gurgaon DLF,02-0009,Thindi Malkapodi Powder Bucket,2026-09-24 to 2026-10-08,3.06,Kg,0.9994,"Posist item_sales qty_09-24_10-08 x menu_item_cost_lines.csv (base tab, sub-recipes expanded)",Delhi dishes carry 3 chutneys by design
Gurgaon DLF,02-0009,Tomato Onion Chutney Bucket,2026-09-24 to 2026-10-08,159.26,Kg,0.9994,"Posist item_sales qty_09-24_10-08 x menu_item_cost_lines.csv (base tab, sub-recipes expanded)",Delhi dishes carry 3 chutneys by design
Gurgaon DLF,02-0009,Tomato Onion Powder Mix (1 Pkt = 24gm),2026-09-24 to 2026-10-08,0.555,Kg,0.9994,"Posist item_sales qty_09-24_10-08 x menu_item_cost_lines.csv (base tab, sub-recipes expanded)",Delhi dishes carry 3 chutneys by design
Gurgaon DLF,02-0009,Upma Mix (1pkt = 300gm),2026-09-24 to 2026-10-08,0.66,Kg,0.9994,"Posist item_sales qty_09-24_10-08 x menu_item_cost_lines.csv (base tab, sub-recipes expanded)",Delhi dishes carry 3 chutneys by design
Gurgaon Sec 10,02-0014,Benne Dosa Batter (Pack Size -3 Kg ),2026-09-24 to 2026-10-08,25.0,Kg,0.9995,"Posist item_sales qty_09-24_10-08 x menu_item_cost_lines.csv (base tab, sub-recipes expanded)",Delhi dishes carry 3 chutneys by design
Gurgaon Sec 10,02-0014,Boiled & Mashed Potato (1Pkt = 3Kg),2026-09-24 to 2026-10-08,47.267,Kg,0.9995,"Posist item_sales qty_09-24_10-08 x menu_item_cost_lines.csv (base tab, sub-recipes expanded)",89% via outlet sub-recipe; Delhi dishes carry 3 chutneys by design
Gurgaon Sec 10,02-0014,Boondi,2026-09-24 to 2026-10-08,0.21,Kg,0.9995,"Posist item_sales qty_09-24_10-08 x menu_item_cost_lines.csv (base tab, sub-recipes expanded)",Delhi dishes carry 3 chutneys by design
Gurgaon Sec 10,02-0014,Chaat Masala Bucket,2026-09-24 to 2026-10-08,0.154,Kg,0.9995,"Posist item_sales qty_09-24_10-08 x menu_item_cost_lines.csv (base tab, sub-recipes expanded)",Delhi dishes carry 3 chutneys by design
Gurgaon Sec 10,02-0014,Coconut Shredded,2026-09-24 to 2026-10-08,52.849,Kg,0.9995,"Posist item_sales qty_09-24_10-08 x menu_item_cost_lines.csv (base tab, sub-recipes expanded)",1% via outlet sub-recipe; Delhi dishes carry 3 chutneys by design
Gurgaon Sec 10,02-0014,Dahi Bucket Mix (1pkt =105gm),2026-09-24 to 2026-10-08,510.0,gm,0.9995,"Posist item_sales qty_09-24_10-08 x menu_item_cost_lines.csv (base tab, sub-recipes expanded)",Delhi dishes carry 3 chutneys by design
Gurgaon Sec 10,02-0014,Dosa Batter Mix,2026-09-24 to 2026-10-08,96.555,Kg,0.9995,"Posist item_sales qty_09-24_10-08 x menu_item_cost_lines.csv (base tab, sub-recipes expanded)",Delhi dishes carry 3 chutneys by design
Gurgaon Sec 10,02-0014,Frozen Medu Vada (10pc),2026-09-24 to 2026-10-08,166.0,Pc,0.9995,"Posist item_sales qty_09-24_10-08 x menu_item_cost_lines.csv (base tab, sub-recipes expanded)",Delhi dishes carry 3 chutneys by design
Gurgaon Sec 10,02-0014,Garam Masala Powder Bucket,2026-09-24 to 2026-10-08,0.007,Kg,0.9995,"Posist item_sales qty_09-24_10-08 x menu_item_cost_lines.csv (base tab, sub-recipes expanded)",Delhi dishes carry 3 chutneys by design
Gurgaon Sec 10,02-0014,Garlic Chutney Bucket,2026-09-24 to 2026-10-08,3.44,Kg,0.9995,"Posist item_sales qty_09-24_10-08 x menu_item_cost_lines.csv (base tab, sub-recipes expanded)",Delhi dishes carry 3 chutneys by design
Gurgaon Sec 10,02-0014,Idli Pc Raw (1 Pkt =40pc),2026-09-24 to 2026-10-08,430.0,Pc,0.9995,"Posist item_sales qty_09-24_10-08 x menu_item_cost_lines.csv (base tab, sub-recipes expanded)",Delhi dishes carry 3 chutneys by design
Gurgaon Sec 10,02-0014,Imli Water,2026-09-24 to 2026-10-08,3.428,Ltr,0.9995,"Posist item_sales qty_09-24_10-08 x menu_item_cost_lines.csv (base tab, sub-recipes expanded)",Delhi dishes carry 3 chutneys by design
Gurgaon Sec 10,02-0014,Jain Sambar - Delhi,2026-09-24 to 2026-10-08,4.0,Ltr,0.9995,"Posist item_sales qty_09-24_10-08 x menu_item_cost_lines.csv (base tab, sub-recipes expanded)",Delhi dishes carry 3 chutneys by design
Gurgaon Sec 10,02-0014,Karam Podi Powder Bucket,2026-09-24 to 2026-10-08,0.4,Kg,0.9995,"Posist item_sales qty_09-24_10-08 x menu_item_cost_lines.csv (base tab, sub-recipes expanded)",Delhi dishes carry 3 chutneys by design
Gurgaon Sec 10,02-0014,Kesari Halwa Mix  (1pkt = 550gm),2026-09-24 to 2026-10-08,0.69,Kg,0.9995,"Posist item_sales qty_09-24_10-08 x menu_item_cost_lines.csv (base tab, sub-recipes expanded)",Delhi dishes carry 3 chutneys by design
Gurgaon Sec 10,02-0014,Korma Gravy Mix (1pkt=700gm),2026-09-24 to 2026-10-08,3.96,Kg,0.9995,"Posist item_sales qty_09-24_10-08 x menu_item_cost_lines.csv (base tab, sub-recipes expanded)",Delhi dishes carry 3 chutneys by design
Gurgaon Sec 10,02-0014,Lemon Rice Bucket,2026-09-24 to 2026-10-08,2.6,Kg,0.9995,"Posist item_sales qty_09-24_10-08 x menu_item_cost_lines.csv (base tab, sub-recipes expanded)",Delhi dishes carry 3 chutneys by design
Gurgaon Sec 10,02-0014,Malabar Paratha  (1pkt= 6Pcs),2026-09-24 to 2026-10-08,44.0,Pc,0.9995,"Posist item_sales qty_09-24_10-08 x menu_item_cost_lines.csv (base tab, sub-recipes expanded)",Delhi dishes carry 3 chutneys by design
Gurgaon Sec 10,02-0014,Malkapodi Bucket,2026-09-24 to 2026-10-08,1.53,Kg,0.9995,"Posist item_sales qty_09-24_10-08 x menu_item_cost_lines.csv (base tab, sub-recipes expanded)",Delhi dishes carry 3 chutneys by design
Gurgaon Sec 10,02-0014,Medu Vada Batter Mix,2026-09-24 to 2026-10-08,0.66,Kg,0.9995,"Posist item_sales qty_09-24_10-08 x menu_item_cost_lines.csv (base tab, sub-recipes expanded)",Delhi dishes carry 3 chutneys by design
Gurgaon Sec 10,02-0014,Mysore Chutney Bucket,2026-09-24 to 2026-10-08,3.0,Kg,0.9995,"Posist item_sales qty_09-24_10-08 x menu_item_cost_lines.csv (base tab, sub-recipes expanded)",Delhi dishes carry 3 chutneys by design
Gurgaon Sec 10,02-0014,Potato Masala Bucket,2026-09-24 to 2026-10-08,2.2,Kg,0.9995,"Posist item_sales qty_09-24_10-08 x menu_item_cost_lines.csv (base tab, sub-recipes expanded)",Delhi dishes carry 3 chutneys by design
Gurgaon Sec 10,02-0014,Potato Masala Mix (1Pkt = 90Gm),2026-09-24 to 2026-10-08,15.738,Pkt,0.9995,"Posist item_sales qty_09-24_10-08 x menu_item_cost_lines.csv (base tab, sub-recipes expanded)",89% via outlet sub-recipe; Delhi dishes carry 3 chutneys by design
Gurgaon Sec 10,02-0014,Rasam Bucket,2026-09-24 to 2026-10-08,1.8,Ltr,0.9995,"Posist item_sales qty_09-24_10-08 x menu_item_cost_lines.csv (base tab, sub-recipes expanded)",Delhi dishes carry 3 chutneys by design
Gurgaon Sec 10,02-0014,Rava Powder Mix,2026-09-24 to 2026-10-08,1.25,Kg,0.9995,"Posist item_sales qty_09-24_10-08 x menu_item_cost_lines.csv (base tab, sub-recipes expanded)",Delhi dishes carry 3 chutneys by design
Gurgaon Sec 10,02-0014,Raw Mango Chutney Bucket,2026-09-24 to 2026-10-08,1.46,Kg,0.9995,"Posist item_sales qty_09-24_10-08 x menu_item_cost_lines.csv (base tab, sub-recipes expanded)",Delhi dishes carry 3 chutneys by design
Gurgaon Sec 10,02-0014,Raw Mango Pickle Bucket,2026-09-24 to 2026-10-08,0.105,Kg,0.9995,"Posist item_sales qty_09-24_10-08 x menu_item_cost_lines.csv (base tab, sub-recipes expanded)",Delhi dishes carry 3 chutneys by design
Gurgaon Sec 10,02-0014,Regular White Chutney Bucket,2026-09-24 to 2026-10-08,1.5,Kg,0.9995,"Posist item_sales qty_09-24_10-08 x menu_item_cost_lines.csv (base tab, sub-recipes expanded)",100% of qty from lines marked (Inactive) in recipe; Delhi dishes carry 3 chutneys by design
Gurgaon Sec 10,02-0014,Sambar Bucket,2026-09-24 to 2026-10-08,2.0,Ltr,0.9995,"Posist item_sales qty_09-24_10-08 x menu_item_cost_lines.csv (base tab, sub-recipes expanded)",Delhi dishes carry 3 chutneys by design
Gurgaon Sec 10,02-0014,Sambar Bucket - Delhi,2026-09-24 to 2026-10-08,344.75,Ltr,0.9995,"Posist item_sales qty_09-24_10-08 x menu_item_cost_lines.csv (base tab, sub-recipes expanded)",Delhi dishes carry 3 chutneys by design
Gurgaon Sec 10,02-0014,Special Daal Bucket,2026-09-24 to 2026-10-08,1.899,Kg,0.9995,"Posist item_sales qty_09-24_10-08 x menu_item_cost_lines.csv (base tab, sub-recipes expanded)",Delhi dishes carry 3 chutneys by design
Gurgaon Sec 10,02-0014,Special White Coconut Chutney Bucket,2026-09-24 to 2026-10-08,0.5,Kg,0.9995,"Posist item_sales qty_09-24_10-08 x menu_item_cost_lines.csv (base tab, sub-recipes expanded)",Delhi dishes carry 3 chutneys by design
Gurgaon Sec 10,02-0014,Spicy Coconut Chutney Mix 1Pkt (16gm),2026-09-24 to 2026-10-08,2.357,Kg,0.9995,"Posist item_sales qty_09-24_10-08 x menu_item_cost_lines.csv (base tab, sub-recipes expanded)",Delhi dishes carry 3 chutneys by design
Gurgaon Sec 10,02-0014,Srivilli Kheer (1 Pc),2026-09-24 to 2026-10-08,13.0,Pc,0.9995,"Posist item_sales qty_09-24_10-08 x menu_item_cost_lines.csv (base tab, sub-recipes expanded)",Delhi dishes carry 3 chutneys by design
Gurgaon Sec 10,02-0014,Steam Rice Bucket,2026-09-24 to 2026-10-08,2.65,Kg,0.9995,"Posist item_sales qty_09-24_10-08 x menu_item_cost_lines.csv (base tab, sub-recipes expanded)",Delhi dishes carry 3 chutneys by design
Gurgaon Sec 10,02-0014,Sugar Syrup Bucket,2026-09-24 to 2026-10-08,1.0,Ltr,0.9995,"Posist item_sales qty_09-24_10-08 x menu_item_cost_lines.csv (base tab, sub-recipes expanded)",Delhi dishes carry 3 chutneys by design
Gurgaon Sec 10,02-0014,Thatte Idli Pc Raw,2026-09-24 to 2026-10-08,53.0,Pc,0.9995,"Posist item_sales qty_09-24_10-08 x menu_item_cost_lines.csv (base tab, sub-recipes expanded)",Delhi dishes carry 3 chutneys by design
Gurgaon Sec 10,02-0014,Thindi Malkapodi Powder Bucket,2026-09-24 to 2026-10-08,1.215,Kg,0.9995,"Posist item_sales qty_09-24_10-08 x menu_item_cost_lines.csv (base tab, sub-recipes expanded)",Delhi dishes carry 3 chutneys by design
Gurgaon Sec 10,02-0014,Tomato Onion Chutney Bucket,2026-09-24 to 2026-10-08,54.34,Kg,0.9995,"Posist item_sales qty_09-24_10-08 x menu_item_cost_lines.csv (base tab, sub-recipes expanded)",Delhi dishes carry 3 chutneys by design
Gurgaon Sec 10,02-0014,Tomato Onion Powder Mix (1 Pkt = 24gm),2026-09-24 to 2026-10-08,0.087,Kg,0.9995,"Posist item_sales qty_09-24_10-08 x menu_item_cost_lines.csv (base tab, sub-recipes expanded)",Delhi dishes carry 3 chutneys by design
Gurgaon Sec 10,02-0014,Upma Mix (1pkt = 300gm),2026-09-24 to 2026-10-08,0.06,Kg,0.9995,"Posist item_sales qty_09-24_10-08 x menu_item_cost_lines.csv (base tab, sub-recipes expanded)",Delhi dishes carry 3 chutneys by design
Gurgaon Sec-15,02-0010,Benne Dosa Batter (Pack Size -3 Kg ),2026-09-24 to 2026-10-08,82.65,Kg,0.9984,"Posist item_sales qty_09-24_10-08 x menu_item_cost_lines.csv (base tab, sub-recipes expanded)",Delhi dishes carry 3 chutneys by design
Gurgaon Sec-15,02-0010,Boiled & Mashed Potato (1Pkt = 3Kg),2026-09-24 to 2026-10-08,112.6,Kg,0.9984,"Posist item_sales qty_09-24_10-08 x menu_item_cost_lines.csv (base tab, sub-recipes expanded)",89% via outlet sub-recipe; Delhi dishes carry 3 chutneys by design
Gurgaon Sec-15,02-0010,Boondi,2026-09-24 to 2026-10-08,0.675,Kg,0.9984,"Posist item_sales qty_09-24_10-08 x menu_item_cost_lines.csv (base tab, sub-recipes expanded)",Delhi dishes carry 3 chutneys by design
Gurgaon Sec-15,02-0010,Chaat Masala Bucket,2026-09-24 to 2026-10-08,0.382,Kg,0.9984,"Posist item_sales qty_09-24_10-08 x menu_item_cost_lines.csv (base tab, sub-recipes expanded)",Delhi dishes carry 3 chutneys by design
Gurgaon Sec-15,02-0010,Coconut Shredded,2026-09-24 to 2026-10-08,147.073,Kg,0.9984,"Posist item_sales qty_09-24_10-08 x menu_item_cost_lines.csv (base tab, sub-recipes expanded)",2% via outlet sub-recipe; Delhi dishes carry 3 chutneys by design
Gurgaon Sec-15,02-0010,Dahi Bucket Mix (1pkt =105gm),2026-09-24 to 2026-10-08,1500.0,gm,0.9984,"Posist item_sales qty_09-24_10-08 x menu_item_cost_lines.csv (base tab, sub-recipes expanded)",Delhi dishes carry 3 chutneys by design
Gurgaon Sec-15,02-0010,Dosa Batter Mix,2026-09-24 to 2026-10-08,236.78,Kg,0.9984,"Posist item_sales qty_09-24_10-08 x menu_item_cost_lines.csv (base tab, sub-recipes expanded)",Delhi dishes carry 3 chutneys by design
Gurgaon Sec-15,02-0010,Frozen Medu Vada (10pc),2026-09-24 to 2026-10-08,629.0,Pc,0.9984,"Posist item_sales qty_09-24_10-08 x menu_item_cost_lines.csv (base tab, sub-recipes expanded)",Delhi dishes carry 3 chutneys by design
Gurgaon Sec-15,02-0010,Garam Masala Powder Bucket,2026-09-24 to 2026-10-08,0.021,Kg,0.9984,"Posist item_sales qty_09-24_10-08 x menu_item_cost_lines.csv (base tab, sub-recipes expanded)",Delhi dishes carry 3 chutneys by design
Gurgaon Sec-15,02-0010,Garlic Chutney Bucket,2026-09-24 to 2026-10-08,9.49,Kg,0.9984,"Posist item_sales qty_09-24_10-08 x menu_item_cost_lines.csv (base tab, sub-recipes expanded)",Delhi dishes carry 3 chutneys by design
Gurgaon Sec-15,02-0010,Idli Pc Raw (1 Pkt =40pc),2026-09-24 to 2026-10-08,1274.0,Pc,0.9984,"Posist item_sales qty_09-24_10-08 x menu_item_cost_lines.csv (base tab, sub-recipes expanded)",Delhi dishes carry 3 chutneys by design
Gurgaon Sec-15,02-0010,Imli Water,2026-09-24 to 2026-10-08,9.092,Ltr,0.9984,"Posist item_sales qty_09-24_10-08 x menu_item_cost_lines.csv (base tab, sub-recipes expanded)",Delhi dishes carry 3 chutneys by design
Gurgaon Sec-15,02-0010,Jain Sambar - Delhi,2026-09-24 to 2026-10-08,23.8,Ltr,0.9984,"Posist item_sales qty_09-24_10-08 x menu_item_cost_lines.csv (base tab, sub-recipes expanded)",Delhi dishes carry 3 chutneys by design
Gurgaon Sec-15,02-0010,Karam Podi Powder Bucket,2026-09-24 to 2026-10-08,1.48,Kg,0.9984,"Posist item_sales qty_09-24_10-08 x menu_item_cost_lines.csv (base tab, sub-recipes expanded)",Delhi dishes carry 3 chutneys by design
Gurgaon Sec-15,02-0010,Kesari Halwa Mix  (1pkt = 550gm),2026-09-24 to 2026-10-08,4.071,Kg,0.9984,"Posist item_sales qty_09-24_10-08 x menu_item_cost_lines.csv (base tab, sub-recipes expanded)",Delhi dishes carry 3 chutneys by design
Gurgaon Sec-15,02-0010,Korma Gravy Mix (1pkt=700gm),2026-09-24 to 2026-10-08,15.3,Kg,0.9984,"Posist item_sales qty_09-24_10-08 x menu_item_cost_lines.csv (base tab, sub-recipes expanded)",Delhi dishes carry 3 chutneys by design
Gurgaon Sec-15,02-0010,Lemon Rice Bucket,2026-09-24 to 2026-10-08,3.4,Kg,0.9984,"Posist item_sales qty_09-24_10-08 x menu_item_cost_lines.csv (base tab, sub-recipes expanded)",Delhi dishes carry 3 chutneys by design
Gurgaon Sec-15,02-0010,Malabar Paratha  (1pkt= 6Pcs),2026-09-24 to 2026-10-08,181.0,Pc,0.9984,"Posist item_sales qty_09-24_10-08 x menu_item_cost_lines.csv (base tab, sub-recipes expanded)",Delhi dishes carry 3 chutneys by design
Gurgaon Sec-15,02-0010,Malkapodi Bucket,2026-09-24 to 2026-10-08,2.995,Kg,0.9984,"Posist item_sales qty_09-24_10-08 x menu_item_cost_lines.csv (base tab, sub-recipes expanded)",Delhi dishes carry 3 chutneys by design
Gurgaon Sec-15,02-0010,Mysore Chutney Bucket,2026-09-24 to 2026-10-08,10.05,Kg,0.9984,"Posist item_sales qty_09-24_10-08 x menu_item_cost_lines.csv (base tab, sub-recipes expanded)",Delhi dishes carry 3 chutneys by design
Gurgaon Sec-15,02-0010,Potato Masala Bucket,2026-09-24 to 2026-10-08,24.55,Kg,0.9984,"Posist item_sales qty_09-24_10-08 x menu_item_cost_lines.csv (base tab, sub-recipes expanded)",Delhi dishes carry 3 chutneys by design
Gurgaon Sec-15,02-0010,Potato Masala Mix (1Pkt = 90Gm),2026-09-24 to 2026-10-08,37.49,Pkt,0.9984,"Posist item_sales qty_09-24_10-08 x menu_item_cost_lines.csv (base tab, sub-recipes expanded)",89% via outlet sub-recipe; Delhi dishes carry 3 chutneys by design
Gurgaon Sec-15,02-0010,Rasam Bucket,2026-09-24 to 2026-10-08,10.1,Ltr,0.9984,"Posist item_sales qty_09-24_10-08 x menu_item_cost_lines.csv (base tab, sub-recipes expanded)",Delhi dishes carry 3 chutneys by design
Gurgaon Sec-15,02-0010,Rava Powder Mix,2026-09-24 to 2026-10-08,4.1,Kg,0.9984,"Posist item_sales qty_09-24_10-08 x menu_item_cost_lines.csv (base tab, sub-recipes expanded)",Delhi dishes carry 3 chutneys by design
Gurgaon Sec-15,02-0010,Raw Mango Chutney Bucket,2026-09-24 to 2026-10-08,7.29,Kg,0.9984,"Posist item_sales qty_09-24_10-08 x menu_item_cost_lines.csv (base tab, sub-recipes expanded)",Delhi dishes carry 3 chutneys by design
Gurgaon Sec-15,02-0010,Raw Mango Pickle Bucket,2026-09-24 to 2026-10-08,0.385,Kg,0.9984,"Posist item_sales qty_09-24_10-08 x menu_item_cost_lines.csv (base tab, sub-recipes expanded)",Delhi dishes carry 3 chutneys by design
Gurgaon Sec-15,02-0010,Regular White Chutney Bucket,2026-09-24 to 2026-10-08,5.55,Kg,0.9984,"Posist item_sales qty_09-24_10-08 x menu_item_cost_lines.csv (base tab, sub-recipes expanded)",100% of qty from lines marked (Inactive) in recipe; Delhi dishes carry 3 chutneys by design
Gurgaon Sec-15,02-0010,Sambar Bucket,2026-09-24 to 2026-10-08,32.0,Ltr,0.9984,"Posist item_sales qty_09-24_10-08 x menu_item_cost_lines.csv (base tab, sub-recipes expanded)",Delhi dishes carry 3 chutneys by design
Gurgaon Sec-15,02-0010,Sambar Bucket - Delhi,2026-09-24 to 2026-10-08,566.95,Ltr,0.9984,"Posist item_sales qty_09-24_10-08 x menu_item_cost_lines.csv (base tab, sub-recipes expanded)",Delhi dishes carry 3 chutneys by design
Gurgaon Sec-15,02-0010,Special Daal Bucket,2026-09-24 to 2026-10-08,4.974,Kg,0.9984,"Posist item_sales qty_09-24_10-08 x menu_item_cost_lines.csv (base tab, sub-recipes expanded)",Delhi dishes carry 3 chutneys by design
Gurgaon Sec-15,02-0010,Special White Coconut Chutney Bucket,2026-09-24 to 2026-10-08,0.5,Kg,0.9984,"Posist item_sales qty_09-24_10-08 x menu_item_cost_lines.csv (base tab, sub-recipes expanded)",Delhi dishes carry 3 chutneys by design
Gurgaon Sec-15,02-0010,Spicy Coconut Chutney Mix 1Pkt (16gm),2026-09-24 to 2026-10-08,6.436,Kg,0.9984,"Posist item_sales qty_09-24_10-08 x menu_item_cost_lines.csv (base tab, sub-recipes expanded)",Delhi dishes carry 3 chutneys by design
Gurgaon Sec-15,02-0010,Srivilli Kheer (1 Pc),2026-09-24 to 2026-10-08,36.0,Pc,0.9984,"Posist item_sales qty_09-24_10-08 x menu_item_cost_lines.csv (base tab, sub-recipes expanded)",Delhi dishes carry 3 chutneys by design
Gurgaon Sec-15,02-0010,Steam Rice Bucket,2026-09-24 to 2026-10-08,9.35,Kg,0.9984,"Posist item_sales qty_09-24_10-08 x menu_item_cost_lines.csv (base tab, sub-recipes expanded)",Delhi dishes carry 3 chutneys by design
Gurgaon Sec-15,02-0010,Sugar Syrup Bucket,2026-09-24 to 2026-10-08,3.8,Ltr,0.9984,"Posist item_sales qty_09-24_10-08 x menu_item_cost_lines.csv (base tab, sub-recipes expanded)",Delhi dishes carry 3 chutneys by design
Gurgaon Sec-15,02-0010,Thatte Idli Pc Raw,2026-09-24 to 2026-10-08,178.0,Pc,0.9984,"Posist item_sales qty_09-24_10-08 x menu_item_cost_lines.csv (base tab, sub-recipes expanded)",Delhi dishes carry 3 chutneys by design
Gurgaon Sec-15,02-0010,Thindi Malkapodi Powder Bucket,2026-09-24 to 2026-10-08,3.17,Kg,0.9984,"Posist item_sales qty_09-24_10-08 x menu_item_cost_lines.csv (base tab, sub-recipes expanded)",Delhi dishes carry 3 chutneys by design
Gurgaon Sec-15,02-0010,Tomato Onion Chutney Bucket,2026-09-24 to 2026-10-08,148.55,Kg,0.9984,"Posist item_sales qty_09-24_10-08 x menu_item_cost_lines.csv (base tab, sub-recipes expanded)",Delhi dishes carry 3 chutneys by design
Gurgaon Sec-15,02-0010,Tomato Onion Powder Mix (1 Pkt = 24gm),2026-09-24 to 2026-10-08,0.384,Kg,0.9984,"Posist item_sales qty_09-24_10-08 x menu_item_cost_lines.csv (base tab, sub-recipes expanded)",Delhi dishes carry 3 chutneys by design
Gurgaon Sec-15,02-0010,Upma Mix (1pkt = 300gm),2026-09-24 to 2026-10-08,1.44,Kg,0.9984,"Posist item_sales qty_09-24_10-08 x menu_item_cost_lines.csv (base tab, sub-recipes expanded)",Delhi dishes carry 3 chutneys by design
Ideal Plaza,01-0001,Benne Dosa Batter (Pack Size -3 Kg ),2026-09-24 to 2026-10-08,166.4,Kg,0.9996,"Posist item_sales qty_09-24_10-08 x menu_item_cost_lines.csv (base tab, sub-recipes expanded)",base tab used; Ideal Plaza also has delivery/takeout/table tabs (no item x channel sales to apply them)
Ideal Plaza,01-0001,Boiled & Mashed Potato (1Pkt = 3Kg),2026-09-24 to 2026-10-08,315.139,Kg,0.9996,"Posist item_sales qty_09-24_10-08 x menu_item_cost_lines.csv (base tab, sub-recipes expanded)",100% via outlet sub-recipe; base tab used; Ideal Plaza also has delivery/takeout/table tabs (no item x channel sales to apply them)
Ideal Plaza,01-0001,Chaat Masala Bucket,2026-09-24 to 2026-10-08,0.931,Kg,0.9996,"Posist item_sales qty_09-24_10-08 x menu_item_cost_lines.csv (base tab, sub-recipes expanded)",base tab used; Ideal Plaza also has delivery/takeout/table tabs (no item x channel sales to apply them)
Ideal Plaza,01-0001,Coconut Shredded,2026-09-24 to 2026-10-08,318.304,Kg,0.9996,"Posist item_sales qty_09-24_10-08 x menu_item_cost_lines.csv (base tab, sub-recipes expanded)",base tab used; Ideal Plaza also has delivery/takeout/table tabs (no item x channel sales to apply them)
Ideal Plaza,01-0001,Dahi Bucket Mix (1pkt =105gm),2026-09-24 to 2026-10-08,6960.0,gm,0.9996,"Posist item_sales qty_09-24_10-08 x menu_item_cost_lines.csv (base tab, sub-recipes expanded)",base tab used; Ideal Plaza also has delivery/takeout/table tabs (no item x channel sales to apply them)
Ideal Plaza,01-0001,Dosa Batter Mix,2026-09-24 to 2026-10-08,537.693,Kg,0.9996,"Posist item_sales qty_09-24_10-08 x menu_item_cost_lines.csv (base tab, sub-recipes expanded)",base tab used; Ideal Plaza also has delivery/takeout/table tabs (no item x channel sales to apply them)
Ideal Plaza,01-0001,Filter Coffee Ice Cream (700gm= 1 Bucket),2026-09-24 to 2026-10-08,4.8,Kg,0.9996,"Posist item_sales qty_09-24_10-08 x menu_item_cost_lines.csv (base tab, sub-recipes expanded)",base tab used; Ideal Plaza also has delivery/takeout/table tabs (no item x channel sales to apply them)
Ideal Plaza,01-0001,Garam Masala Powder Bucket,2026-09-24 to 2026-10-08,0.07,Kg,0.9996,"Posist item_sales qty_09-24_10-08 x menu_item_cost_lines.csv (base tab, sub-recipes expanded)",base tab used; Ideal Plaza also has delivery/takeout/table tabs (no item x channel sales to apply them)
Ideal Plaza,01-0001,Garlic Chutney Bucket,2026-09-24 to 2026-10-08,30.18,Kg,0.9996,"Posist item_sales qty_09-24_10-08 x menu_item_cost_lines.csv (base tab, sub-recipes expanded)",base tab used; Ideal Plaza also has delivery/takeout/table tabs (no item x channel sales to apply them)
Ideal Plaza,01-0001,Idli Pc Raw (1 Pkt =40pc),2026-09-24 to 2026-10-08,3467.0,Pc,0.9996,"Posist item_sales qty_09-24_10-08 x menu_item_cost_lines.csv (base tab, sub-recipes expanded)",base tab used; Ideal Plaza also has delivery/takeout/table tabs (no item x channel sales to apply them)
Ideal Plaza,01-0001,Imli Water,2026-09-24 to 2026-10-08,6.09,Ltr,0.9996,"Posist item_sales qty_09-24_10-08 x menu_item_cost_lines.csv (base tab, sub-recipes expanded)",base tab used; Ideal Plaza also has delivery/takeout/table tabs (no item x channel sales to apply them)
Ideal Plaza,01-0001,Jain Sambar Bucket,2026-09-24 to 2026-10-08,113.2,Ltr,0.9996,"Posist item_sales qty_09-24_10-08 x menu_item_cost_lines.csv (base tab, sub-recipes expanded)",base tab used; Ideal Plaza also has delivery/takeout/table tabs (no item x channel sales to apply them)
Ideal Plaza,01-0001,Karam Podi Powder Bucket,2026-09-24 to 2026-10-08,1.04,Kg,0.9996,"Posist item_sales qty_09-24_10-08 x menu_item_cost_lines.csv (base tab, sub-recipes expanded)",base tab used; Ideal Plaza also has delivery/takeout/table tabs (no item x channel sales to apply them)
Ideal Plaza,01-0001,Kesari Halwa Mix  (1pkt = 550gm),2026-09-24 to 2026-10-08,11.385,Kg,0.9996,"Posist item_sales qty_09-24_10-08 x menu_item_cost_lines.csv (base tab, sub-recipes expanded)",base tab used; Ideal Plaza also has delivery/takeout/table tabs (no item x channel sales to apply them)
Ideal Plaza,01-0001,Korma Gravy Mix (1pkt=700gm),2026-09-24 to 2026-10-08,19.728,Kg,0.9996,"Posist item_sales qty_09-24_10-08 x menu_item_cost_lines.csv (base tab, sub-recipes expanded)",base tab used; Ideal Plaza also has delivery/takeout/table tabs (no item x channel sales to apply them)
Ideal Plaza,01-0001,Lemon Rice Bucket,2026-09-24 to 2026-10-08,11.5,Kg,0.9996,"Posist item_sales qty_09-24_10-08 x menu_item_cost_lines.csv (base tab, sub-recipes expanded)",base tab used; Ideal Plaza also has delivery/takeout/table tabs (no item x channel sales to apply them)
Ideal Plaza,01-0001,Malabar Paratha  (1pkt= 6Pcs),2026-09-24 to 2026-10-08,222.0,Pc,0.9996,"Posist item_sales qty_09-24_10-08 x menu_item_cost_lines.csv (base tab, sub-recipes expanded)",base tab used; Ideal Plaza also has delivery/takeout/table tabs (no item x channel sales to apply them)
Ideal Plaza,01-0001,Malkapodi Bucket,2026-09-24 to 2026-10-08,8.74,Kg,0.9996,"Posist item_sales qty_09-24_10-08 x menu_item_cost_lines.csv (base tab, sub-recipes expanded)",base tab used; Ideal Plaza also has delivery/takeout/table tabs (no item x channel sales to apply them)
Ideal Plaza,01-0001,Malkapodi Powder (1 Box = 100Gm),2026-09-24 to 2026-10-08,3.0,Pc,0.9996,"Posist item_sales qty_09-24_10-08 x menu_item_cost_lines.csv (base tab, sub-recipes expanded)",base tab used; Ideal Plaza also has delivery/takeout/table tabs (no item x channel sales to apply them)
Ideal Plaza,01-0001,Medu Vada Batter Mix,2026-09-24 to 2026-10-08,112.32,Kg,0.9996,"Posist item_sales qty_09-24_10-08 x menu_item_cost_lines.csv (base tab, sub-recipes expanded)",base tab used; Ideal Plaza also has delivery/takeout/table tabs (no item x channel sales to apply them)
Ideal Plaza,01-0001,Mysore Chutney Bucket,2026-09-24 to 2026-10-08,14.8,Kg,0.9996,"Posist item_sales qty_09-24_10-08 x menu_item_cost_lines.csv (base tab, sub-recipes expanded)",base tab used; Ideal Plaza also has delivery/takeout/table tabs (no item x channel sales to apply them)
Ideal Plaza,01-0001,Potato Masala Mix (1Pkt = 90Gm),2026-09-24 to 2026-10-08,105.046,Pkt,0.9996,"Posist item_sales qty_09-24_10-08 x menu_item_cost_lines.csv (base tab, sub-recipes expanded)",100% via outlet sub-recipe; base tab used; Ideal Plaza also has delivery/takeout/table tabs (no item x channel sales to apply them)
Ideal Plaza,01-0001,Rasam Bucket,2026-09-24 to 2026-10-08,7.65,Ltr,0.9996,"Posist item_sales qty_09-24_10-08 x menu_item_cost_lines.csv (base tab, sub-recipes expanded)",base tab used; Ideal Plaza also has delivery/takeout/table tabs (no item x channel sales to apply them)
Ideal Plaza,01-0001,Rava Powder Mix,2026-09-24 to 2026-10-08,11.2,Kg,0.9996,"Posist item_sales qty_09-24_10-08 x menu_item_cost_lines.csv (base tab, sub-recipes expanded)",base tab used; Ideal Plaza also has delivery/takeout/table tabs (no item x channel sales to apply them)
Ideal Plaza,01-0001,Raw Mango Chutney Bucket,2026-09-24 to 2026-10-08,2.82,Kg,0.9996,"Posist item_sales qty_09-24_10-08 x menu_item_cost_lines.csv (base tab, sub-recipes expanded)",base tab used; Ideal Plaza also has delivery/takeout/table tabs (no item x channel sales to apply them)
Ideal Plaza,01-0001,Raw Mango Pickle Bucket,2026-09-24 to 2026-10-08,0.885,Kg,0.9996,"Posist item_sales qty_09-24_10-08 x menu_item_cost_lines.csv (base tab, sub-recipes expanded)",base tab used; Ideal Plaza also has delivery/takeout/table tabs (no item x channel sales to apply them)
Ideal Plaza,01-0001,Raw mango Powder Mix (1 Pkt = 13gm),2026-09-24 to 2026-10-08,0.436,Kg,0.9996,"Posist item_sales qty_09-24_10-08 x menu_item_cost_lines.csv (base tab, sub-recipes expanded)",base tab used; Ideal Plaza also has delivery/takeout/table tabs (no item x channel sales to apply them)
Ideal Plaza,01-0001,Sambar Bucket,2026-09-24 to 2026-10-08,1481.8,Ltr,0.9996,"Posist item_sales qty_09-24_10-08 x menu_item_cost_lines.csv (base tab, sub-recipes expanded)",base tab used; Ideal Plaza also has delivery/takeout/table tabs (no item x channel sales to apply them)
Ideal Plaza,01-0001,Special Daal Bucket,2026-09-24 to 2026-10-08,22.242,Kg,0.9996,"Posist item_sales qty_09-24_10-08 x menu_item_cost_lines.csv (base tab, sub-recipes expanded)",base tab used; Ideal Plaza also has delivery/takeout/table tabs (no item x channel sales to apply them)
Ideal Plaza,01-0001,Special White Coconut Chutney Bucket,2026-09-24 to 2026-10-08,41.0,Kg,0.9996,"Posist item_sales qty_09-24_10-08 x menu_item_cost_lines.csv (base tab, sub-recipes expanded)",base tab used; Ideal Plaza also has delivery/takeout/table tabs (no item x channel sales to apply them)
Ideal Plaza,01-0001,Spicy Coconut Chutney Mix 1Pkt (16gm),2026-09-24 to 2026-10-08,4.851,Kg,0.9996,"Posist item_sales qty_09-24_10-08 x menu_item_cost_lines.csv (base tab, sub-recipes expanded)",base tab used; Ideal Plaza also has delivery/takeout/table tabs (no item x channel sales to apply them)
Ideal Plaza,01-0001,Srivilli Kheer (1 Pc),2026-09-24 to 2026-10-08,104.0,Pc,0.9996,"Posist item_sales qty_09-24_10-08 x menu_item_cost_lines.csv (base tab, sub-recipes expanded)",base tab used; Ideal Plaza also has delivery/takeout/table tabs (no item x channel sales to apply them)
Ideal Plaza,01-0001,Steam Rice Bucket,2026-09-24 to 2026-10-08,22.416,Kg,0.9996,"Posist item_sales qty_09-24_10-08 x menu_item_cost_lines.csv (base tab, sub-recipes expanded)",base tab used; Ideal Plaza also has delivery/takeout/table tabs (no item x channel sales to apply them)
Ideal Plaza,01-0001,Thatte Idli Pc Raw,2026-09-24 to 2026-10-08,502.0,Pc,0.9996,"Posist item_sales qty_09-24_10-08 x menu_item_cost_lines.csv (base tab, sub-recipes expanded)",base tab used; Ideal Plaza also has delivery/takeout/table tabs (no item x channel sales to apply them)
Ideal Plaza,01-0001,Thindi Malkapodi Powder Bucket,2026-09-24 to 2026-10-08,8.62,Kg,0.9996,"Posist item_sales qty_09-24_10-08 x menu_item_cost_lines.csv (base tab, sub-recipes expanded)",base tab used; Ideal Plaza also has delivery/takeout/table tabs (no item x channel sales to apply them)
Ideal Plaza,01-0001,Tomato Onion Powder Mix (1 Pkt = 24gm),2026-09-24 to 2026-10-08,1.174,Kg,0.9996,"Posist item_sales qty_09-24_10-08 x menu_item_cost_lines.csv (base tab, sub-recipes expanded)",base tab used; Ideal Plaza also has delivery/takeout/table tabs (no item x channel sales to apply them)
Ideal Plaza,01-0001,Upma Mix (1pkt = 300gm),2026-09-24 to 2026-10-08,3.72,Kg,0.9996,"Posist item_sales qty_09-24_10-08 x menu_item_cost_lines.csv (base tab, sub-recipes expanded)",base tab used; Ideal Plaza also has delivery/takeout/table tabs (no item x channel sales to apply them)
James Long Sarani,01-0011,Benne Dosa Batter (Pack Size -3 Kg ),2026-09-24 to 2026-10-08,51.75,Kg,0.9983,"Posist item_sales qty_09-24_10-08 x menu_item_cost_lines.csv (base tab, sub-recipes expanded)",
James Long Sarani,01-0011,Boiled & Mashed Potato (1Pkt = 3Kg),2026-09-24 to 2026-10-08,180.172,Kg,0.9983,"Posist item_sales qty_09-24_10-08 x menu_item_cost_lines.csv (base tab, sub-recipes expanded)",100% via outlet sub-recipe
James Long Sarani,01-0011,Chaat Masala Bucket,2026-09-24 to 2026-10-08,0.568,Kg,0.9983,"Posist item_sales qty_09-24_10-08 x menu_item_cost_lines.csv (base tab, sub-recipes expanded)",
James Long Sarani,01-0011,Coconut Shredded,2026-09-24 to 2026-10-08,155.349,Kg,0.9983,"Posist item_sales qty_09-24_10-08 x menu_item_cost_lines.csv (base tab, sub-recipes expanded)",
James Long Sarani,01-0011,Dahi Bucket Mix (1pkt =105gm),2026-09-24 to 2026-10-08,4285.0,gm,0.9983,"Posist item_sales qty_09-24_10-08 x menu_item_cost_lines.csv (base tab, sub-recipes expanded)",
James Long Sarani,01-0011,Dosa Batter Mix,2026-09-24 to 2026-10-08,312.968,Kg,0.9983,"Posist item_sales qty_09-24_10-08 x menu_item_cost_lines.csv (base tab, sub-recipes expanded)",
James Long Sarani,01-0011,Filter Coffee Ice Cream (700gm= 1 Bucket),2026-09-24 to 2026-10-08,3.12,Kg,0.9983,"Posist item_sales qty_09-24_10-08 x menu_item_cost_lines.csv (base tab, sub-recipes expanded)",
James Long Sarani,01-0011,Garam Masala Powder Bucket,2026-09-24 to 2026-10-08,0.026,Kg,0.9983,"Posist item_sales qty_09-24_10-08 x menu_item_cost_lines.csv (base tab, sub-recipes expanded)",
James Long Sarani,01-0011,Garlic Chutney Bucket,2026-09-24 to 2026-10-08,12.18,Kg,0.9983,"Posist item_sales qty_09-24_10-08 x menu_item_cost_lines.csv (base tab, sub-recipes expanded)",
James Long Sarani,01-0011,Idli Pc Raw (1 Pkt =40pc),2026-09-24 to 2026-10-08,1309.0,Pc,0.9983,"Posist item_sales qty_09-24_10-08 x menu_item_cost_lines.csv (base tab, sub-recipes expanded)",
James Long Sarani,01-0011,Imli Water,2026-09-24 to 2026-10-08,1.883,Ltr,0.9983,"Posist item_sales qty_09-24_10-08 x menu_item_cost_lines.csv (base tab, sub-recipes expanded)",
James Long Sarani,01-0011,Jain Sambar Bucket,2026-09-24 to 2026-10-08,50.2,Ltr,0.9983,"Posist item_sales qty_09-24_10-08 x menu_item_cost_lines.csv (base tab, sub-recipes expanded)",
James Long Sarani,01-0011,Karam Podi Powder Bucket,2026-09-24 to 2026-10-08,0.84,Kg,0.9983,"Posist item_sales qty_09-24_10-08 x menu_item_cost_lines.csv (base tab, sub-recipes expanded)",
James Long Sarani,01-0011,Kesari Halwa Mix  (1pkt = 550gm),2026-09-24 to 2026-10-08,6.762,Kg,0.9983,"Posist item_sales qty_09-24_10-08 x menu_item_cost_lines.csv (base tab, sub-recipes expanded)",
James Long Sarani,01-0011,Korma Gravy Mix (1pkt=700gm),2026-09-24 to 2026-10-08,17.46,Kg,0.9983,"Posist item_sales qty_09-24_10-08 x menu_item_cost_lines.csv (base tab, sub-recipes expanded)",
James Long Sarani,01-0011,Lemon Rice Bucket,2026-09-24 to 2026-10-08,4.25,Kg,0.9983,"Posist item_sales qty_09-24_10-08 x menu_item_cost_lines.csv (base tab, sub-recipes expanded)",
James Long Sarani,01-0011,Malabar Paratha  (1pkt= 6Pcs),2026-09-24 to 2026-10-08,196.0,Pc,0.9983,"Posist item_sales qty_09-24_10-08 x menu_item_cost_lines.csv (base tab, sub-recipes expanded)",
James Long Sarani,01-0011,Malkapodi Bucket,2026-09-24 to 2026-10-08,1.88,Kg,0.9983,"Posist item_sales qty_09-24_10-08 x menu_item_cost_lines.csv (base tab, sub-recipes expanded)",
James Long Sarani,01-0011,Medu Vada Batter Mix,2026-09-24 to 2026-10-08,59.889,Kg,0.9983,"Posist item_sales qty_09-24_10-08 x menu_item_cost_lines.csv (base tab, sub-recipes expanded)",
James Long Sarani,01-0011,Mysore Chutney Bucket,2026-09-24 to 2026-10-08,7.06,Kg,0.9983,"Posist item_sales qty_09-24_10-08 x menu_item_cost_lines.csv (base tab, sub-recipes expanded)",
James Long Sarani,01-0011,Potato Masala Mix (1Pkt = 90Gm),2026-09-24 to 2026-10-08,60.057,Pkt,0.9983,"Posist item_sales qty_09-24_10-08 x menu_item_cost_lines.csv (base tab, sub-recipes expanded)",100% via outlet sub-recipe
James Long Sarani,01-0011,Rasam Bucket,2026-09-24 to 2026-10-08,4.35,Ltr,0.9983,"Posist item_sales qty_09-24_10-08 x menu_item_cost_lines.csv (base tab, sub-recipes expanded)",
James Long Sarani,01-0011,Rava Powder Mix,2026-09-24 to 2026-10-08,5.2,Kg,0.9983,"Posist item_sales qty_09-24_10-08 x menu_item_cost_lines.csv (base tab, sub-recipes expanded)",
James Long Sarani,01-0011,Raw Mango Chutney Bucket,2026-09-24 to 2026-10-08,0.96,Kg,0.9983,"Posist item_sales qty_09-24_10-08 x menu_item_cost_lines.csv (base tab, sub-recipes expanded)",
James Long Sarani,01-0011,Raw Mango Pickle Bucket,2026-09-24 to 2026-10-08,0.34,Kg,0.9983,"Posist item_sales qty_09-24_10-08 x menu_item_cost_lines.csv (base tab, sub-recipes expanded)",
James Long Sarani,01-0011,Raw mango Powder Mix (1 Pkt = 13gm),2026-09-24 to 2026-10-08,0.119,Kg,0.9983,"Posist item_sales qty_09-24_10-08 x menu_item_cost_lines.csv (base tab, sub-recipes expanded)",
James Long Sarani,01-0011,Sambar Bucket,2026-09-24 to 2026-10-08,704.2,Ltr,0.9983,"Posist item_sales qty_09-24_10-08 x menu_item_cost_lines.csv (base tab, sub-recipes expanded)",
James Long Sarani,01-0011,Special Daal Bucket,2026-09-24 to 2026-10-08,10.71,Kg,0.9983,"Posist item_sales qty_09-24_10-08 x menu_item_cost_lines.csv (base tab, sub-recipes expanded)",
James Long Sarani,01-0011,Special White Coconut Chutney Bucket,2026-09-24 to 2026-10-08,4.55,Kg,0.9983,"Posist item_sales qty_09-24_10-08 x menu_item_cost_lines.csv (base tab, sub-recipes expanded)",
James Long Sarani,01-0011,Spicy Coconut Chutney Mix 1Pkt (16gm),2026-09-24 to 2026-10-08,1.512,Kg,0.9983,"Posist item_sales qty_09-24_10-08 x menu_item_cost_lines.csv (base tab, sub-recipes expanded)",
James Long Sarani,01-0011,Srivilli Kheer (1 Pc),2026-09-24 to 2026-10-08,56.0,Pc,0.9983,"Posist item_sales qty_09-24_10-08 x menu_item_cost_lines.csv (base tab, sub-recipes expanded)",
James Long Sarani,01-0011,Steam Rice Bucket,2026-09-24 to 2026-10-08,8.683,Kg,0.9983,"Posist item_sales qty_09-24_10-08 x menu_item_cost_lines.csv (base tab, sub-recipes expanded)",
James Long Sarani,01-0011,Thatte Idli Pc Raw,2026-09-24 to 2026-10-08,154.0,Pc,0.9983,"Posist item_sales qty_09-24_10-08 x menu_item_cost_lines.csv (base tab, sub-recipes expanded)",
James Long Sarani,01-0011,Thindi Malkapodi Powder Bucket,2026-09-24 to 2026-10-08,3.03,Kg,0.9983,"Posist item_sales qty_09-24_10-08 x menu_item_cost_lines.csv (base tab, sub-recipes expanded)",
James Long Sarani,01-0011,Tomato Onion Powder Mix (1 Pkt = 24gm),2026-09-24 to 2026-10-08,0.306,Kg,0.9983,"Posist item_sales qty_09-24_10-08 x menu_item_cost_lines.csv (base tab, sub-recipes expanded)",
James Long Sarani,01-0011,Upma Mix (1pkt = 300gm),2026-09-24 to 2026-10-08,1.5,Kg,0.9983,"Posist item_sales qty_09-24_10-08 x menu_item_cost_lines.csv (base tab, sub-recipes expanded)",
Kalikapur,01-0014,Benne Dosa Batter (Pack Size -3 Kg ),2026-09-24 to 2026-10-08,41.025,Kg,0.9981,"Posist item_sales qty_09-24_10-08 x menu_item_cost_lines.csv (base tab, sub-recipes expanded)",
Kalikapur,01-0014,Boiled & Mashed Potato (1Pkt = 3Kg),2026-09-24 to 2026-10-08,136.971,Kg,0.9981,"Posist item_sales qty_09-24_10-08 x menu_item_cost_lines.csv (base tab, sub-recipes expanded)",100% via outlet sub-recipe
Kalikapur,01-0014,Chaat Masala Bucket,2026-09-24 to 2026-10-08,0.411,Kg,0.9981,"Posist item_sales qty_09-24_10-08 x menu_item_cost_lines.csv (base tab, sub-recipes expanded)",
Kalikapur,01-0014,Coconut Shredded,2026-09-24 to 2026-10-08,114.361,Kg,0.9981,"Posist item_sales qty_09-24_10-08 x menu_item_cost_lines.csv (base tab, sub-recipes expanded)",
Kalikapur,01-0014,Dahi Bucket Mix (1pkt =105gm),2026-09-24 to 2026-10-08,2930.0,gm,0.9981,"Posist item_sales qty_09-24_10-08 x menu_item_cost_lines.csv (base tab, sub-recipes expanded)",
Kalikapur,01-0014,Dosa Batter Mix,2026-09-24 to 2026-10-08,214.643,Kg,0.9981,"Posist item_sales qty_09-24_10-08 x menu_item_cost_lines.csv (base tab, sub-recipes expanded)",
Kalikapur,01-0014,Filter Coffee Ice Cream (700gm= 1 Bucket),2026-09-24 to 2026-10-08,1.8,Kg,0.9981,"Posist item_sales qty_09-24_10-08 x menu_item_cost_lines.csv (base tab, sub-recipes expanded)",
Kalikapur,01-0014,Garlic Chutney Bucket,2026-09-24 to 2026-10-08,8.82,Kg,0.9981,"Posist item_sales qty_09-24_10-08 x menu_item_cost_lines.csv (base tab, sub-recipes expanded)",
Kalikapur,01-0014,Idli Pc Raw (1 Pkt =40pc),2026-09-24 to 2026-10-08,1005.0,Pc,0.9981,"Posist item_sales qty_09-24_10-08 x menu_item_cost_lines.csv (base tab, sub-recipes expanded)",
Kalikapur,01-0014,Imli Water,2026-09-24 to 2026-10-08,1.274,Ltr,0.9981,"Posist item_sales qty_09-24_10-08 x menu_item_cost_lines.csv (base tab, sub-recipes expanded)",
Kalikapur,01-0014,Jain Sambar Bucket,2026-09-24 to 2026-10-08,28.6,Ltr,0.9981,"Posist item_sales qty_09-24_10-08 x menu_item_cost_lines.csv (base tab, sub-recipes expanded)",
Kalikapur,01-0014,Karam Podi Powder Bucket,2026-09-24 to 2026-10-08,0.12,Kg,0.9981,"Posist item_sales qty_09-24_10-08 x menu_item_cost_lines.csv (base tab, sub-recipes expanded)",
Kalikapur,01-0014,Kesari Halwa Mix  (1pkt = 550gm),2026-09-24 to 2026-10-08,4.209,Kg,0.9981,"Posist item_sales qty_09-24_10-08 x menu_item_cost_lines.csv (base tab, sub-recipes expanded)",
Kalikapur,01-0014,Korma Gravy Mix (1pkt=700gm),2026-09-24 to 2026-10-08,16.74,Kg,0.9981,"Posist item_sales qty_09-24_10-08 x menu_item_cost_lines.csv (base tab, sub-recipes expanded)",
Kalikapur,01-0014,Malabar Paratha  (1pkt= 6Pcs),2026-09-24 to 2026-10-08,187.0,Pc,0.9981,"Posist item_sales qty_09-24_10-08 x menu_item_cost_lines.csv (base tab, sub-recipes expanded)",
Kalikapur,01-0014,Malkapodi Bucket,2026-09-24 to 2026-10-08,1.69,Kg,0.9981,"Posist item_sales qty_09-24_10-08 x menu_item_cost_lines.csv (base tab, sub-recipes expanded)",
Kalikapur,01-0014,Medu Vada Batter Mix,2026-09-24 to 2026-10-08,47.01,Kg,0.9981,"Posist item_sales qty_09-24_10-08 x menu_item_cost_lines.csv (base tab, sub-recipes expanded)",
Kalikapur,01-0014,Mysore Chutney Bucket,2026-09-24 to 2026-10-08,4.34,Kg,0.9981,"Posist item_sales qty_09-24_10-08 x menu_item_cost_lines.csv (base tab, sub-recipes expanded)",
Kalikapur,01-0014,Potato Masala Mix (1Pkt = 90Gm),2026-09-24 to 2026-10-08,45.657,Pkt,0.9981,"Posist item_sales qty_09-24_10-08 x menu_item_cost_lines.csv (base tab, sub-recipes expanded)",100% via outlet sub-recipe
Kalikapur,01-0014,Rasam Bucket,2026-09-24 to 2026-10-08,3.55,Ltr,0.9981,"Posist item_sales qty_09-24_10-08 x menu_item_cost_lines.csv (base tab, sub-recipes expanded)",
Kalikapur,01-0014,Rava Powder Mix,2026-09-24 to 2026-10-08,4.65,Kg,0.9981,"Posist item_sales qty_09-24_10-08 x menu_item_cost_lines.csv (base tab, sub-recipes expanded)",
Kalikapur,01-0014,Raw Mango Chutney Bucket,2026-09-24 to 2026-10-08,1.32,Kg,0.9981,"Posist item_sales qty_09-24_10-08 x menu_item_cost_lines.csv (base tab, sub-recipes expanded)",
Kalikapur,01-0014,Raw mango Powder Mix (1 Pkt = 13gm),2026-09-24 to 2026-10-08,0.141,Kg,0.9981,"Posist item_sales qty_09-24_10-08 x menu_item_cost_lines.csv (base tab, sub-recipes expanded)",
Kalikapur,01-0014,Sambar Bucket,2026-09-24 to 2026-10-08,525.6,Ltr,0.9981,"Posist item_sales qty_09-24_10-08 x menu_item_cost_lines.csv (base tab, sub-recipes expanded)",
Kalikapur,01-0014,Special Daal Bucket,2026-09-24 to 2026-10-08,7.903,Kg,0.9981,"Posist item_sales qty_09-24_10-08 x menu_item_cost_lines.csv (base tab, sub-recipes expanded)",
Kalikapur,01-0014,Special White Coconut Chutney Bucket,2026-09-24 to 2026-10-08,3.25,Kg,0.9981,"Posist item_sales qty_09-24_10-08 x menu_item_cost_lines.csv (base tab, sub-recipes expanded)",
Kalikapur,01-0014,Spicy Coconut Chutney Mix 1Pkt (16gm),2026-09-24 to 2026-10-08,1.144,Kg,0.9981,"Posist item_sales qty_09-24_10-08 x menu_item_cost_lines.csv (base tab, sub-recipes expanded)",
Kalikapur,01-0014,Srivilli Kheer (1 Pc),2026-09-24 to 2026-10-08,48.0,Pc,0.9981,"Posist item_sales qty_09-24_10-08 x menu_item_cost_lines.csv (base tab, sub-recipes expanded)",
Kalikapur,01-0014,Thatte Idli Pc Raw,2026-09-24 to 2026-10-08,111.0,Pc,0.9981,"Posist item_sales qty_09-24_10-08 x menu_item_cost_lines.csv (base tab, sub-recipes expanded)",
Kalikapur,01-0014,Thindi Malkapodi Powder Bucket,2026-09-24 to 2026-10-08,2.505,Kg,0.9981,"Posist item_sales qty_09-24_10-08 x menu_item_cost_lines.csv (base tab, sub-recipes expanded)",
Kalikapur,01-0014,Tomato Onion Powder Mix (1 Pkt = 24gm),2026-09-24 to 2026-10-08,0.131,Kg,0.9981,"Posist item_sales qty_09-24_10-08 x menu_item_cost_lines.csv (base tab, sub-recipes expanded)",
Kalikapur,01-0014,Upma Mix (1pkt = 300gm),2026-09-24 to 2026-10-08,2.1,Kg,0.9981,"Posist item_sales qty_09-24_10-08 x menu_item_cost_lines.csv (base tab, sub-recipes expanded)",
Kalkaji,02-0004,Benne Dosa Batter (Pack Size -3 Kg ),2026-09-24 to 2026-10-08,96.0,Kg,0.9986,"Posist item_sales qty_09-24_10-08 x menu_item_cost_lines.csv (base tab, sub-recipes expanded)",Delhi dishes carry 3 chutneys by design
Kalkaji,02-0004,Boiled & Mashed Potato (1Pkt = 3Kg),2026-09-24 to 2026-10-08,115.667,Kg,0.9986,"Posist item_sales qty_09-24_10-08 x menu_item_cost_lines.csv (base tab, sub-recipes expanded)",89% via outlet sub-recipe; Delhi dishes carry 3 chutneys by design
Kalkaji,02-0004,Boondi,2026-09-24 to 2026-10-08,0.99,Kg,0.9986,"Posist item_sales qty_09-24_10-08 x menu_item_cost_lines.csv (base tab, sub-recipes expanded)",Delhi dishes carry 3 chutneys by design
Kalkaji,02-0004,Chaat Masala Bucket,2026-09-24 to 2026-10-08,0.35,Kg,0.9986,"Posist item_sales qty_09-24_10-08 x menu_item_cost_lines.csv (base tab, sub-recipes expanded)",Delhi dishes carry 3 chutneys by design
Kalkaji,02-0004,Coconut Shredded,2026-09-24 to 2026-10-08,154.185,Kg,0.9986,"Posist item_sales qty_09-24_10-08 x menu_item_cost_lines.csv (base tab, sub-recipes expanded)",2% via outlet sub-recipe; Delhi dishes carry 3 chutneys by design
Kalkaji,02-0004,Dahi Bucket Mix (1pkt =105gm),2026-09-24 to 2026-10-08,1620.0,gm,0.9986,"Posist item_sales qty_09-24_10-08 x menu_item_cost_lines.csv (base tab, sub-recipes expanded)",Delhi dishes carry 3 chutneys by design
Kalkaji,02-0004,Dosa Batter Mix,2026-09-24 to 2026-10-08,214.385,Kg,0.9986,"Posist item_sales qty_09-24_10-08 x menu_item_cost_lines.csv (base tab, sub-recipes expanded)",Delhi dishes carry 3 chutneys by design
Kalkaji,02-0004,Frozen Medu Vada (10pc),2026-09-24 to 2026-10-08,699.0,Pc,0.9986,"Posist item_sales qty_09-24_10-08 x menu_item_cost_lines.csv (base tab, sub-recipes expanded)",Delhi dishes carry 3 chutneys by design
Kalkaji,02-0004,Garam Masala Powder Bucket,2026-09-24 to 2026-10-08,0.033,Kg,0.9986,"Posist item_sales qty_09-24_10-08 x menu_item_cost_lines.csv (base tab, sub-recipes expanded)",Delhi dishes carry 3 chutneys by design
Kalkaji,02-0004,Garlic Chutney Bucket,2026-09-24 to 2026-10-08,9.44,Kg,0.9986,"Posist item_sales qty_09-24_10-08 x menu_item_cost_lines.csv (base tab, sub-recipes expanded)",Delhi dishes carry 3 chutneys by design
Kalkaji,02-0004,Idli Pc Raw (1 Pkt =40pc),2026-09-24 to 2026-10-08,1403.0,Pc,0.9986,"Posist item_sales qty_09-24_10-08 x menu_item_cost_lines.csv (base tab, sub-recipes expanded)",Delhi dishes carry 3 chutneys by design
Kalkaji,02-0004,Imli Water,2026-09-24 to 2026-10-08,9.911,Ltr,0.9986,"Posist item_sales qty_09-24_10-08 x menu_item_cost_lines.csv (base tab, sub-recipes expanded)",Delhi dishes carry 3 chutneys by design
Kalkaji,02-0004,Jain Sambar - Delhi,2026-09-24 to 2026-10-08,27.2,Ltr,0.9986,"Posist item_sales qty_09-24_10-08 x menu_item_cost_lines.csv (base tab, sub-recipes expanded)",Delhi dishes carry 3 chutneys by design
Kalkaji,02-0004,Karam Podi Powder Bucket,2026-09-24 to 2026-10-08,0.6,Kg,0.9986,"Posist item_sales qty_09-24_10-08 x menu_item_cost_lines.csv (base tab, sub-recipes expanded)",Delhi dishes carry 3 chutneys by design
Kalkaji,02-0004,Kesari Halwa Mix  (1pkt = 550gm),2026-09-24 to 2026-10-08,3.243,Kg,0.9986,"Posist item_sales qty_09-24_10-08 x menu_item_cost_lines.csv (base tab, sub-recipes expanded)",Delhi dishes carry 3 chutneys by design
Kalkaji,02-0004,Korma Gravy Mix (1pkt=700gm),2026-09-24 to 2026-10-08,13.14,Kg,0.9986,"Posist item_sales qty_09-24_10-08 x menu_item_cost_lines.csv (base tab, sub-recipes expanded)",Delhi dishes carry 3 chutneys by design
Kalkaji,02-0004,Lemon Rice Bucket,2026-09-24 to 2026-10-08,3.8,Kg,0.9986,"Posist item_sales qty_09-24_10-08 x menu_item_cost_lines.csv (base tab, sub-recipes expanded)",Delhi dishes carry 3 chutneys by design
Kalkaji,02-0004,Malabar Paratha  (1pkt= 6Pcs),2026-09-24 to 2026-10-08,149.0,Pc,0.9986,"Posist item_sales qty_09-24_10-08 x menu_item_cost_lines.csv (base tab, sub-recipes expanded)",Delhi dishes carry 3 chutneys by design
Kalkaji,02-0004,Malkapodi Bucket,2026-09-24 to 2026-10-08,3.56,Kg,0.9986,"Posist item_sales qty_09-24_10-08 x menu_item_cost_lines.csv (base tab, sub-recipes expanded)",Delhi dishes carry 3 chutneys by design
Kalkaji,02-0004,Mysore Chutney Bucket,2026-09-24 to 2026-10-08,8.15,Kg,0.9986,"Posist item_sales qty_09-24_10-08 x menu_item_cost_lines.csv (base tab, sub-recipes expanded)",Delhi dishes carry 3 chutneys by design
Kalkaji,02-0004,Potato Masala Bucket,2026-09-24 to 2026-10-08,10.9,Kg,0.9986,"Posist item_sales qty_09-24_10-08 x menu_item_cost_lines.csv (base tab, sub-recipes expanded)",Delhi dishes carry 3 chutneys by design
Kalkaji,02-0004,Potato Masala Mix (1Pkt = 90Gm),2026-09-24 to 2026-10-08,38.511,Pkt,0.9986,"Posist item_sales qty_09-24_10-08 x menu_item_cost_lines.csv (base tab, sub-recipes expanded)",89% via outlet sub-recipe; Delhi dishes carry 3 chutneys by design
Kalkaji,02-0004,Rasam Bucket,2026-09-24 to 2026-10-08,4.2,Ltr,0.9986,"Posist item_sales qty_09-24_10-08 x menu_item_cost_lines.csv (base tab, sub-recipes expanded)",Delhi dishes carry 3 chutneys by design
Kalkaji,02-0004,Rava Powder Mix,2026-09-24 to 2026-10-08,2.55,Kg,0.9986,"Posist item_sales qty_09-24_10-08 x menu_item_cost_lines.csv (base tab, sub-recipes expanded)",Delhi dishes carry 3 chutneys by design
Kalkaji,02-0004,Raw Mango Chutney Bucket,2026-09-24 to 2026-10-08,7.27,Kg,0.9986,"Posist item_sales qty_09-24_10-08 x menu_item_cost_lines.csv (base tab, sub-recipes expanded)",Delhi dishes carry 3 chutneys by design
Kalkaji,02-0004,Raw Mango Pickle Bucket,2026-09-24 to 2026-10-08,0.735,Kg,0.9986,"Posist item_sales qty_09-24_10-08 x menu_item_cost_lines.csv (base tab, sub-recipes expanded)",Delhi dishes carry 3 chutneys by design
Kalkaji,02-0004,Regular White Chutney Bucket,2026-09-24 to 2026-10-08,2.25,Kg,0.9986,"Posist item_sales qty_09-24_10-08 x menu_item_cost_lines.csv (base tab, sub-recipes expanded)",100% of qty from lines marked (Inactive) in recipe; Delhi dishes carry 3 chutneys by design
Kalkaji,02-0004,Sambar Bucket,2026-09-24 to 2026-10-08,2.0,Ltr,0.9986,"Posist item_sales qty_09-24_10-08 x menu_item_cost_lines.csv (base tab, sub-recipes expanded)",Delhi dishes carry 3 chutneys by design
Kalkaji,02-0004,Sambar Bucket - Delhi,2026-09-24 to 2026-10-08,717.55,Ltr,0.9986,"Posist item_sales qty_09-24_10-08 x menu_item_cost_lines.csv (base tab, sub-recipes expanded)",Delhi dishes carry 3 chutneys by design
Kalkaji,02-0004,Special Daal Bucket,2026-09-24 to 2026-10-08,5.77,Kg,0.9986,"Posist item_sales qty_09-24_10-08 x menu_item_cost_lines.csv (base tab, sub-recipes expanded)",Delhi dishes carry 3 chutneys by design
Kalkaji,02-0004,Special White Coconut Chutney Bucket,2026-09-24 to 2026-10-08,1.0,Kg,0.9986,"Posist item_sales qty_09-24_10-08 x menu_item_cost_lines.csv (base tab, sub-recipes expanded)",Delhi dishes carry 3 chutneys by design
Kalkaji,02-0004,Spicy Coconut Chutney Mix 1Pkt (16gm),2026-09-24 to 2026-10-08,6.876,Kg,0.9986,"Posist item_sales qty_09-24_10-08 x menu_item_cost_lines.csv (base tab, sub-recipes expanded)",Delhi dishes carry 3 chutneys by design
Kalkaji,02-0004,Srivilli Kheer (1 Pc),2026-09-24 to 2026-10-08,38.0,Pc,0.9986,"Posist item_sales qty_09-24_10-08 x menu_item_cost_lines.csv (base tab, sub-recipes expanded)",Delhi dishes carry 3 chutneys by design
Kalkaji,02-0004,Steam Rice Bucket,2026-09-24 to 2026-10-08,16.65,Kg,0.9986,"Posist item_sales qty_09-24_10-08 x menu_item_cost_lines.csv (base tab, sub-recipes expanded)",Delhi dishes carry 3 chutneys by design
Kalkaji,02-0004,Sugar Syrup Bucket,2026-09-24 to 2026-10-08,1.9,Ltr,0.9986,"Posist item_sales qty_09-24_10-08 x menu_item_cost_lines.csv (base tab, sub-recipes expanded)",Delhi dishes carry 3 chutneys by design
Kalkaji,02-0004,Thatte Idli Pc Raw,2026-09-24 to 2026-10-08,160.0,Pc,0.9986,"Posist item_sales qty_09-24_10-08 x menu_item_cost_lines.csv (base tab, sub-recipes expanded)",Delhi dishes carry 3 chutneys by design
Kalkaji,02-0004,Thindi Malkapodi Powder Bucket,2026-09-24 to 2026-10-08,2.71,Kg,0.9986,"Posist item_sales qty_09-24_10-08 x menu_item_cost_lines.csv (base tab, sub-recipes expanded)",Delhi dishes carry 3 chutneys by design
Kalkaji,02-0004,Tomato Onion Chutney Bucket,2026-09-24 to 2026-10-08,160.57,Kg,0.9986,"Posist item_sales qty_09-24_10-08 x menu_item_cost_lines.csv (base tab, sub-recipes expanded)",Delhi dishes carry 3 chutneys by design
Kalkaji,02-0004,Tomato Onion Powder Mix (1 Pkt = 24gm),2026-09-24 to 2026-10-08,0.432,Kg,0.9986,"Posist item_sales qty_09-24_10-08 x menu_item_cost_lines.csv (base tab, sub-recipes expanded)",Delhi dishes carry 3 chutneys by design
Kalkaji,02-0004,Upma Mix (1pkt = 300gm),2026-09-24 to 2026-10-08,0.18,Kg,0.9986,"Posist item_sales qty_09-24_10-08 x menu_item_cost_lines.csv (base tab, sub-recipes expanded)",Delhi dishes carry 3 chutneys by design
Lake Road,01-0015,Benne Dosa Batter (Pack Size -3 Kg ),2026-09-24 to 2026-10-08,118.75,Kg,0.9992,"Posist item_sales qty_09-24_10-08 x menu_item_cost_lines.csv (base tab, sub-recipes expanded)",
Lake Road,01-0015,Boiled & Mashed Potato (1Pkt = 3Kg),2026-09-24 to 2026-10-08,189.07,Kg,0.9992,"Posist item_sales qty_09-24_10-08 x menu_item_cost_lines.csv (base tab, sub-recipes expanded)",100% via outlet sub-recipe
Lake Road,01-0015,Chaat Masala Bucket,2026-09-24 to 2026-10-08,0.594,Kg,0.9992,"Posist item_sales qty_09-24_10-08 x menu_item_cost_lines.csv (base tab, sub-recipes expanded)",
Lake Road,01-0015,Coconut Shredded,2026-09-24 to 2026-10-08,213.18,Kg,0.9992,"Posist item_sales qty_09-24_10-08 x menu_item_cost_lines.csv (base tab, sub-recipes expanded)",
Lake Road,01-0015,Dahi Bucket Mix (1pkt =105gm),2026-09-24 to 2026-10-08,3730.0,gm,0.9992,"Posist item_sales qty_09-24_10-08 x menu_item_cost_lines.csv (base tab, sub-recipes expanded)",
Lake Road,01-0015,Dosa Batter Mix,2026-09-24 to 2026-10-08,336.188,Kg,0.9992,"Posist item_sales qty_09-24_10-08 x menu_item_cost_lines.csv (base tab, sub-recipes expanded)",
Lake Road,01-0015,Filter Coffee Ice Cream (700gm= 1 Bucket),2026-09-24 to 2026-10-08,7.68,Kg,0.9992,"Posist item_sales qty_09-24_10-08 x menu_item_cost_lines.csv (base tab, sub-recipes expanded)",
Lake Road,01-0015,Garam Masala Powder Bucket,2026-09-24 to 2026-10-08,0.052,Kg,0.9992,"Posist item_sales qty_09-24_10-08 x menu_item_cost_lines.csv (base tab, sub-recipes expanded)",
Lake Road,01-0015,Garlic Chutney Bucket,2026-09-24 to 2026-10-08,20.55,Kg,0.9992,"Posist item_sales qty_09-24_10-08 x menu_item_cost_lines.csv (base tab, sub-recipes expanded)",
Lake Road,01-0015,Idli Pc Raw (1 Pkt =40pc),2026-09-24 to 2026-10-08,2094.0,Pc,0.9992,"Posist item_sales qty_09-24_10-08 x menu_item_cost_lines.csv (base tab, sub-recipes expanded)",
Lake Road,01-0015,Imli Water,2026-09-24 to 2026-10-08,4.431,Ltr,0.9992,"Posist item_sales qty_09-24_10-08 x menu_item_cost_lines.csv (base tab, sub-recipes expanded)",
Lake Road,01-0015,Jain Sambar Bucket,2026-09-24 to 2026-10-08,52.6,Ltr,0.9992,"Posist item_sales qty_09-24_10-08 x menu_item_cost_lines.csv (base tab, sub-recipes expanded)",
Lake Road,01-0015,Karam Podi Powder Bucket,2026-09-24 to 2026-10-08,1.08,Kg,0.9992,"Posist item_sales qty_09-24_10-08 x menu_item_cost_lines.csv (base tab, sub-recipes expanded)",
Lake Road,01-0015,Kesari Halwa Mix  (1pkt = 550gm),2026-09-24 to 2026-10-08,8.349,Kg,0.9992,"Posist item_sales qty_09-24_10-08 x menu_item_cost_lines.csv (base tab, sub-recipes expanded)",
Lake Road,01-0015,Korma Gravy Mix (1pkt=700gm),2026-09-24 to 2026-10-08,19.008,Kg,0.9992,"Posist item_sales qty_09-24_10-08 x menu_item_cost_lines.csv (base tab, sub-recipes expanded)",
Lake Road,01-0015,Lemon Rice Bucket,2026-09-24 to 2026-10-08,7.25,Kg,0.9992,"Posist item_sales qty_09-24_10-08 x menu_item_cost_lines.csv (base tab, sub-recipes expanded)",
Lake Road,01-0015,Malabar Paratha  (1pkt= 6Pcs),2026-09-24 to 2026-10-08,214.0,Pc,0.9992,"Posist item_sales qty_09-24_10-08 x menu_item_cost_lines.csv (base tab, sub-recipes expanded)",
Lake Road,01-0015,Malkapodi Bucket,2026-09-24 to 2026-10-08,5.13,Kg,0.9992,"Posist item_sales qty_09-24_10-08 x menu_item_cost_lines.csv (base tab, sub-recipes expanded)",
Lake Road,01-0015,Medu Vada Batter Mix,2026-09-24 to 2026-10-08,73.6,Kg,0.9992,"Posist item_sales qty_09-24_10-08 x menu_item_cost_lines.csv (base tab, sub-recipes expanded)",
Lake Road,01-0015,Mysore Chutney Bucket,2026-09-24 to 2026-10-08,10.94,Kg,0.9992,"Posist item_sales qty_09-24_10-08 x menu_item_cost_lines.csv (base tab, sub-recipes expanded)",
Lake Road,01-0015,Potato Masala Mix (1Pkt = 90Gm),2026-09-24 to 2026-10-08,63.023,Pkt,0.9992,"Posist item_sales qty_09-24_10-08 x menu_item_cost_lines.csv (base tab, sub-recipes expanded)",100% via outlet sub-recipe
Lake Road,01-0015,Rasam Bucket,2026-09-24 to 2026-10-08,10.4,Ltr,0.9992,"Posist item_sales qty_09-24_10-08 x menu_item_cost_lines.csv (base tab, sub-recipes expanded)",
Lake Road,01-0015,Rava Powder Mix,2026-09-24 to 2026-10-08,10.15,Kg,0.9992,"Posist item_sales qty_09-24_10-08 x menu_item_cost_lines.csv (base tab, sub-recipes expanded)",
Lake Road,01-0015,Raw Mango Chutney Bucket,2026-09-24 to 2026-10-08,3.6,Kg,0.9992,"Posist item_sales qty_09-24_10-08 x menu_item_cost_lines.csv (base tab, sub-recipes expanded)",
Lake Road,01-0015,Raw Mango Pickle Bucket,2026-09-24 to 2026-10-08,0.74,Kg,0.9992,"Posist item_sales qty_09-24_10-08 x menu_item_cost_lines.csv (base tab, sub-recipes expanded)",
Lake Road,01-0015,Raw mango Powder Mix (1 Pkt = 13gm),2026-09-24 to 2026-10-08,0.398,Kg,0.9992,"Posist item_sales qty_09-24_10-08 x menu_item_cost_lines.csv (base tab, sub-recipes expanded)",
Lake Road,01-0015,Sambar Bucket,2026-09-24 to 2026-10-08,1006.0,Ltr,0.9992,"Posist item_sales qty_09-24_10-08 x menu_item_cost_lines.csv (base tab, sub-recipes expanded)",
Lake Road,01-0015,Special Daal Bucket,2026-09-24 to 2026-10-08,14.621,Kg,0.9992,"Posist item_sales qty_09-24_10-08 x menu_item_cost_lines.csv (base tab, sub-recipes expanded)",
Lake Road,01-0015,Special White Coconut Chutney Bucket,2026-09-24 to 2026-10-08,19.1,Kg,0.9992,"Posist item_sales qty_09-24_10-08 x menu_item_cost_lines.csv (base tab, sub-recipes expanded)",
Lake Road,01-0015,Spicy Coconut Chutney Mix 1Pkt (16gm),2026-09-24 to 2026-10-08,3.783,Kg,0.9992,"Posist item_sales qty_09-24_10-08 x menu_item_cost_lines.csv (base tab, sub-recipes expanded)",
Lake Road,01-0015,Srivilli Kheer (1 Pc),2026-09-24 to 2026-10-08,74.0,Pc,0.9992,"Posist item_sales qty_09-24_10-08 x menu_item_cost_lines.csv (base tab, sub-recipes expanded)",
Lake Road,01-0015,Steam Rice Bucket,2026-09-24 to 2026-10-08,17.732,Kg,0.9992,"Posist item_sales qty_09-24_10-08 x menu_item_cost_lines.csv (base tab, sub-recipes expanded)",
Lake Road,01-0015,Thatte Idli Pc Raw,2026-09-24 to 2026-10-08,394.0,Pc,0.9992,"Posist item_sales qty_09-24_10-08 x menu_item_cost_lines.csv (base tab, sub-recipes expanded)",
Lake Road,01-0015,Thindi Malkapodi Powder Bucket,2026-09-24 to 2026-10-08,7.98,Kg,0.9992,"Posist item_sales qty_09-24_10-08 x menu_item_cost_lines.csv (base tab, sub-recipes expanded)",
Lake Road,01-0015,Tomato Onion Powder Mix (1 Pkt = 24gm),2026-09-24 to 2026-10-08,0.714,Kg,0.9992,"Posist item_sales qty_09-24_10-08 x menu_item_cost_lines.csv (base tab, sub-recipes expanded)",
Lake Road,01-0015,Upma Mix (1pkt = 300gm),2026-09-24 to 2026-10-08,3.72,Kg,0.9992,"Posist item_sales qty_09-24_10-08 x menu_item_cost_lines.csv (base tab, sub-recipes expanded)",
Lake Town,0005,Benne Dosa Batter (Pack Size -3 Kg ),2026-09-24 to 2026-10-08,51.6,Kg,0.9992,"Posist item_sales qty_09-24_10-08 x menu_item_cost_lines.csv (base tab, sub-recipes expanded)",
Lake Town,0005,Boiled & Mashed Potato (1Pkt = 3Kg),2026-09-24 to 2026-10-08,137.603,Kg,0.9992,"Posist item_sales qty_09-24_10-08 x menu_item_cost_lines.csv (base tab, sub-recipes expanded)",100% via outlet sub-recipe
Lake Town,0005,Chaat Masala Bucket,2026-09-24 to 2026-10-08,0.4,Kg,0.9992,"Posist item_sales qty_09-24_10-08 x menu_item_cost_lines.csv (base tab, sub-recipes expanded)",
Lake Town,0005,Coconut Shredded,2026-09-24 to 2026-10-08,127.239,Kg,0.9992,"Posist item_sales qty_09-24_10-08 x menu_item_cost_lines.csv (base tab, sub-recipes expanded)",
Lake Town,0005,Dahi Bucket Mix (1pkt =105gm),2026-09-24 to 2026-10-08,2595.0,gm,0.9992,"Posist item_sales qty_09-24_10-08 x menu_item_cost_lines.csv (base tab, sub-recipes expanded)",
Lake Town,0005,Dosa Batter Mix,2026-09-24 to 2026-10-08,226.345,Kg,0.9992,"Posist item_sales qty_09-24_10-08 x menu_item_cost_lines.csv (base tab, sub-recipes expanded)",
Lake Town,0005,Garlic Chutney Bucket,2026-09-24 to 2026-10-08,7.815,Kg,0.9992,"Posist item_sales qty_09-24_10-08 x menu_item_cost_lines.csv (base tab, sub-recipes expanded)",
Lake Town,0005,Idli Pc Raw (1 Pkt =40pc),2026-09-24 to 2026-10-08,1237.0,Pc,0.9992,"Posist item_sales qty_09-24_10-08 x menu_item_cost_lines.csv (base tab, sub-recipes expanded)",
Lake Town,0005,Imli Water,2026-09-24 to 2026-10-08,2.331,Ltr,0.9992,"Posist item_sales qty_09-24_10-08 x menu_item_cost_lines.csv (base tab, sub-recipes expanded)",
Lake Town,0005,Jain Sambar Bucket,2026-09-24 to 2026-10-08,43.4,Ltr,0.9992,"Posist item_sales qty_09-24_10-08 x menu_item_cost_lines.csv (base tab, sub-recipes expanded)",
Lake Town,0005,Karam Podi Powder Bucket,2026-09-24 to 2026-10-08,0.48,Kg,0.9992,"Posist item_sales qty_09-24_10-08 x menu_item_cost_lines.csv (base tab, sub-recipes expanded)",
Lake Town,0005,Kesari Halwa Mix  (1pkt = 550gm),2026-09-24 to 2026-10-08,3.174,Kg,0.9992,"Posist item_sales qty_09-24_10-08 x menu_item_cost_lines.csv (base tab, sub-recipes expanded)",
Lake Town,0005,Korma Gravy Mix (1pkt=700gm),2026-09-24 to 2026-10-08,19.8,Kg,0.9992,"Posist item_sales qty_09-24_10-08 x menu_item_cost_lines.csv (base tab, sub-recipes expanded)",
Lake Town,0005,Malabar Paratha  (1pkt= 6Pcs),2026-09-24 to 2026-10-08,224.0,Pc,0.9992,"Posist item_sales qty_09-24_10-08 x menu_item_cost_lines.csv (base tab, sub-recipes expanded)",
Lake Town,0005,Malkapodi Bucket,2026-09-24 to 2026-10-08,1.63,Kg,0.9992,"Posist item_sales qty_09-24_10-08 x menu_item_cost_lines.csv (base tab, sub-recipes expanded)",
Lake Town,0005,Medu Vada Batter Mix,2026-09-24 to 2026-10-08,42.571,Kg,0.9992,"Posist item_sales qty_09-24_10-08 x menu_item_cost_lines.csv (base tab, sub-recipes expanded)",
Lake Town,0005,Mysore Chutney Bucket,2026-09-24 to 2026-10-08,6.68,Kg,0.9992,"Posist item_sales qty_09-24_10-08 x menu_item_cost_lines.csv (base tab, sub-recipes expanded)",
Lake Town,0005,Potato Masala Mix (1Pkt = 90Gm),2026-09-24 to 2026-10-08,45.868,Pkt,0.9992,"Posist item_sales qty_09-24_10-08 x menu_item_cost_lines.csv (base tab, sub-recipes expanded)",100% via outlet sub-recipe
Lake Town,0005,Rava Powder Mix,2026-09-24 to 2026-10-08,4.65,Kg,0.9992,"Posist item_sales qty_09-24_10-08 x menu_item_cost_lines.csv (base tab, sub-recipes expanded)",
Lake Town,0005,Raw Mango Chutney Bucket,2026-09-24 to 2026-10-08,0.78,Kg,0.9992,"Posist item_sales qty_09-24_10-08 x menu_item_cost_lines.csv (base tab, sub-recipes expanded)",
Lake Town,0005,Raw mango Powder Mix (1 Pkt = 13gm),2026-09-24 to 2026-10-08,0.18,Kg,0.9992,"Posist item_sales qty_09-24_10-08 x menu_item_cost_lines.csv (base tab, sub-recipes expanded)",
Lake Town,0005,Sambar Bucket,2026-09-24 to 2026-10-08,574.0,Ltr,0.9992,"Posist item_sales qty_09-24_10-08 x menu_item_cost_lines.csv (base tab, sub-recipes expanded)",
Lake Town,0005,Special Daal Bucket,2026-09-24 to 2026-10-08,8.765,Kg,0.9992,"Posist item_sales qty_09-24_10-08 x menu_item_cost_lines.csv (base tab, sub-recipes expanded)",
Lake Town,0005,Special White Coconut Chutney Bucket,2026-09-24 to 2026-10-08,5.4,Kg,0.9992,"Posist item_sales qty_09-24_10-08 x menu_item_cost_lines.csv (base tab, sub-recipes expanded)",
Lake Town,0005,Spicy Coconut Chutney Mix 1Pkt (16gm),2026-09-24 to 2026-10-08,1.95,Kg,0.9992,"Posist item_sales qty_09-24_10-08 x menu_item_cost_lines.csv (base tab, sub-recipes expanded)",
Lake Town,0005,Srivilli Kheer (1 Pc),2026-09-24 to 2026-10-08,50.0,Pc,0.9992,"Posist item_sales qty_09-24_10-08 x menu_item_cost_lines.csv (base tab, sub-recipes expanded)",
Lake Town,0005,Thatte Idli Pc Raw,2026-09-24 to 2026-10-08,197.0,Pc,0.9992,"Posist item_sales qty_09-24_10-08 x menu_item_cost_lines.csv (base tab, sub-recipes expanded)",
Lake Town,0005,Thindi Malkapodi Powder Bucket,2026-09-24 to 2026-10-08,4.295,Kg,0.9992,"Posist item_sales qty_09-24_10-08 x menu_item_cost_lines.csv (base tab, sub-recipes expanded)",
Lake Town,0005,Tomato Onion Powder Mix (1 Pkt = 24gm),2026-09-24 to 2026-10-08,0.359,Kg,0.9992,"Posist item_sales qty_09-24_10-08 x menu_item_cost_lines.csv (base tab, sub-recipes expanded)",
Lake Town,0005,Upma Mix (1pkt = 300gm),2026-09-24 to 2026-10-08,1.26,Kg,0.9992,"Posist item_sales qty_09-24_10-08 x menu_item_cost_lines.csv (base tab, sub-recipes expanded)",
Manisquare,0004,Benne Dosa Batter (Pack Size -3 Kg ),2026-09-24 to 2026-10-08,57.525,Kg,0.9989,"Posist item_sales qty_09-24_10-08 x menu_item_cost_lines.csv (base tab, sub-recipes expanded)",mall bulk entries: dish qty may be unreliable
Manisquare,0004,Boiled & Mashed Potato (1Pkt = 3Kg),2026-09-24 to 2026-10-08,202.074,Kg,0.9989,"Posist item_sales qty_09-24_10-08 x menu_item_cost_lines.csv (base tab, sub-recipes expanded)",100% via outlet sub-recipe; mall bulk entries: dish qty may be unreliable
Manisquare,0004,Chaat Masala Bucket,2026-09-24 to 2026-10-08,0.299,Kg,0.9989,"Posist item_sales qty_09-24_10-08 x menu_item_cost_lines.csv (base tab, sub-recipes expanded)",mall bulk entries: dish qty may be unreliable
Manisquare,0004,Coconut Shredded,2026-09-24 to 2026-10-08,146.117,Kg,0.9989,"Posist item_sales qty_09-24_10-08 x menu_item_cost_lines.csv (base tab, sub-recipes expanded)",mall bulk entries: dish qty may be unreliable
Manisquare,0004,Dahi Bucket Mix (1pkt =105gm),2026-09-24 to 2026-10-08,2030.0,gm,0.9989,"Posist item_sales qty_09-24_10-08 x menu_item_cost_lines.csv (base tab, sub-recipes expanded)",mall bulk entries: dish qty may be unreliable
Manisquare,0004,Dosa Batter Mix,2026-09-24 to 2026-10-08,337.427,Kg,0.9989,"Posist item_sales qty_09-24_10-08 x menu_item_cost_lines.csv (base tab, sub-recipes expanded)",mall bulk entries: dish qty may be unreliable
Manisquare,0004,Filter Coffee Ice Cream (700gm= 1 Bucket),2026-09-24 to 2026-10-08,0.96,Kg,0.9989,"Posist item_sales qty_09-24_10-08 x menu_item_cost_lines.csv (base tab, sub-recipes expanded)",mall bulk entries: dish qty may be unreliable
Manisquare,0004,Garlic Chutney Bucket,2026-09-24 to 2026-10-08,6.555,Kg,0.9989,"Posist item_sales qty_09-24_10-08 x menu_item_cost_lines.csv (base tab, sub-recipes expanded)",mall bulk entries: dish qty may be unreliable
Manisquare,0004,Idli Pc Raw (1 Pkt =40pc),2026-09-24 to 2026-10-08,871.0,Pc,0.9989,"Posist item_sales qty_09-24_10-08 x menu_item_cost_lines.csv (base tab, sub-recipes expanded)",mall bulk entries: dish qty may be unreliable
Manisquare,0004,Imli Water,2026-09-24 to 2026-10-08,1.234,Ltr,0.9989,"Posist item_sales qty_09-24_10-08 x menu_item_cost_lines.csv (base tab, sub-recipes expanded)",mall bulk entries: dish qty may be unreliable
Manisquare,0004,Jain Sambar Bucket,2026-09-24 to 2026-10-08,72.6,Ltr,0.9989,"Posist item_sales qty_09-24_10-08 x menu_item_cost_lines.csv (base tab, sub-recipes expanded)",mall bulk entries: dish qty may be unreliable
Manisquare,0004,Karam Podi Powder Bucket,2026-09-24 to 2026-10-08,0.36,Kg,0.9989,"Posist item_sales qty_09-24_10-08 x menu_item_cost_lines.csv (base tab, sub-recipes expanded)",mall bulk entries: dish qty may be unreliable
Manisquare,0004,Kesari Halwa Mix  (1pkt = 550gm),2026-09-24 to 2026-10-08,2.829,Kg,0.9989,"Posist item_sales qty_09-24_10-08 x menu_item_cost_lines.csv (base tab, sub-recipes expanded)",mall bulk entries: dish qty may be unreliable
Manisquare,0004,Korma Gravy Mix (1pkt=700gm),2026-09-24 to 2026-10-08,8.1,Kg,0.9989,"Posist item_sales qty_09-24_10-08 x menu_item_cost_lines.csv (base tab, sub-recipes expanded)",mall bulk entries: dish qty may be unreliable
Manisquare,0004,Malabar Paratha  (1pkt= 6Pcs),2026-09-24 to 2026-10-08,90.0,Pc,0.9989,"Posist item_sales qty_09-24_10-08 x menu_item_cost_lines.csv (base tab, sub-recipes expanded)",mall bulk entries: dish qty may be unreliable
Manisquare,0004,Malkapodi Bucket,2026-09-24 to 2026-10-08,0.75,Kg,0.9989,"Posist item_sales qty_09-24_10-08 x menu_item_cost_lines.csv (base tab, sub-recipes expanded)",mall bulk entries: dish qty may be unreliable
Manisquare,0004,Medu Vada Batter Mix,2026-09-24 to 2026-10-08,26.024,Kg,0.9989,"Posist item_sales qty_09-24_10-08 x menu_item_cost_lines.csv (base tab, sub-recipes expanded)",mall bulk entries: dish qty may be unreliable
Manisquare,0004,Mysore Chutney Bucket,2026-09-24 to 2026-10-08,4.94,Kg,0.9989,"Posist item_sales qty_09-24_10-08 x menu_item_cost_lines.csv (base tab, sub-recipes expanded)",mall bulk entries: dish qty may be unreliable
Manisquare,0004,Potato Masala Mix (1Pkt = 90Gm),2026-09-24 to 2026-10-08,67.358,Pkt,0.9989,"Posist item_sales qty_09-24_10-08 x menu_item_cost_lines.csv (base tab, sub-recipes expanded)",100% via outlet sub-recipe; mall bulk entries: dish qty may be unreliable
Manisquare,0004,Rava Powder Mix,2026-09-24 to 2026-10-08,2.2,Kg,0.9989,"Posist item_sales qty_09-24_10-08 x menu_item_cost_lines.csv (base tab, sub-recipes expanded)",mall bulk entries: dish qty may be unreliable
Manisquare,0004,Raw Mango Chutney Bucket,2026-09-24 to 2026-10-08,1.32,Kg,0.9989,"Posist item_sales qty_09-24_10-08 x menu_item_cost_lines.csv (base tab, sub-recipes expanded)",mall bulk entries: dish qty may be unreliable
Manisquare,0004,Raw mango Powder Mix (1 Pkt = 13gm),2026-09-24 to 2026-10-08,0.113,Kg,0.9989,"Posist item_sales qty_09-24_10-08 x menu_item_cost_lines.csv (base tab, sub-recipes expanded)",mall bulk entries: dish qty may be unreliable
Manisquare,0004,Sambar Bucket,2026-09-24 to 2026-10-08,631.0,Ltr,0.9989,"Posist item_sales qty_09-24_10-08 x menu_item_cost_lines.csv (base tab, sub-recipes expanded)",mall bulk entries: dish qty may be unreliable
Manisquare,0004,Special Daal Bucket,2026-09-24 to 2026-10-08,10.039,Kg,0.9989,"Posist item_sales qty_09-24_10-08 x menu_item_cost_lines.csv (base tab, sub-recipes expanded)",mall bulk entries: dish qty may be unreliable
Manisquare,0004,Special White Coconut Chutney Bucket,2026-09-24 to 2026-10-08,1.05,Kg,0.9989,"Posist item_sales qty_09-24_10-08 x menu_item_cost_lines.csv (base tab, sub-recipes expanded)",mall bulk entries: dish qty may be unreliable
Manisquare,0004,Spicy Coconut Chutney Mix 1Pkt (16gm),2026-09-24 to 2026-10-08,1.17,Kg,0.9989,"Posist item_sales qty_09-24_10-08 x menu_item_cost_lines.csv (base tab, sub-recipes expanded)",mall bulk entries: dish qty may be unreliable
Manisquare,0004,Srivilli Kheer (1 Pc),2026-09-24 to 2026-10-08,53.0,Pc,0.9989,"Posist item_sales qty_09-24_10-08 x menu_item_cost_lines.csv (base tab, sub-recipes expanded)",mall bulk entries: dish qty may be unreliable
Manisquare,0004,Thatte Idli Pc Raw,2026-09-24 to 2026-10-08,120.0,Pc,0.9989,"Posist item_sales qty_09-24_10-08 x menu_item_cost_lines.csv (base tab, sub-recipes expanded)",mall bulk entries: dish qty may be unreliable
Manisquare,0004,Thindi Malkapodi Powder Bucket,2026-09-24 to 2026-10-08,3.67,Kg,0.9989,"Posist item_sales qty_09-24_10-08 x menu_item_cost_lines.csv (base tab, sub-recipes expanded)",mall bulk entries: dish qty may be unreliable
Manisquare,0004,Tomato Onion Powder Mix (1 Pkt = 24gm),2026-09-24 to 2026-10-08,0.138,Kg,0.9989,"Posist item_sales qty_09-24_10-08 x menu_item_cost_lines.csv (base tab, sub-recipes expanded)",mall bulk entries: dish qty may be unreliable
Manisquare,0004,Upma Mix (1pkt = 300gm),2026-09-24 to 2026-10-08,1.02,Kg,0.9989,"Posist item_sales qty_09-24_10-08 x menu_item_cost_lines.csv (base tab, sub-recipes expanded)",mall bulk entries: dish qty may be unreliable
Model Town,02-0013,Benne Dosa Batter (Pack Size -3 Kg ),2026-09-24 to 2026-10-08,90.05,Kg,0.999,"Posist item_sales qty_09-24_10-08 x menu_item_cost_lines.csv (base tab, sub-recipes expanded)",Delhi dishes carry 3 chutneys by design
Model Town,02-0013,Boiled & Mashed Potato (1Pkt = 3Kg),2026-09-24 to 2026-10-08,151.833,Kg,0.999,"Posist item_sales qty_09-24_10-08 x menu_item_cost_lines.csv (base tab, sub-recipes expanded)",85% via outlet sub-recipe; Delhi dishes carry 3 chutneys by design
Model Town,02-0013,Boondi,2026-09-24 to 2026-10-08,1.65,Kg,0.999,"Posist item_sales qty_09-24_10-08 x menu_item_cost_lines.csv (base tab, sub-recipes expanded)",Delhi dishes carry 3 chutneys by design
Model Town,02-0013,Chaat Masala Bucket,2026-09-24 to 2026-10-08,0.522,Kg,0.999,"Posist item_sales qty_09-24_10-08 x menu_item_cost_lines.csv (base tab, sub-recipes expanded)",Delhi dishes carry 3 chutneys by design
Model Town,02-0013,Coconut Shredded,2026-09-24 to 2026-10-08,173.598,Kg,0.999,"Posist item_sales qty_09-24_10-08 x menu_item_cost_lines.csv (base tab, sub-recipes expanded)",1% via outlet sub-recipe; Delhi dishes carry 3 chutneys by design
Model Town,02-0013,Dahi Bucket Mix (1pkt =105gm),2026-09-24 to 2026-10-08,2265.0,gm,0.999,"Posist item_sales qty_09-24_10-08 x menu_item_cost_lines.csv (base tab, sub-recipes expanded)",Delhi dishes carry 3 chutneys by design
Model Town,02-0013,Dosa Batter Mix,2026-09-24 to 2026-10-08,277.505,Kg,0.999,"Posist item_sales qty_09-24_10-08 x menu_item_cost_lines.csv (base tab, sub-recipes expanded)",Delhi dishes carry 3 chutneys by design
Model Town,02-0013,Frozen Medu Vada (10pc),2026-09-24 to 2026-10-08,681.0,Pc,0.999,"Posist item_sales qty_09-24_10-08 x menu_item_cost_lines.csv (base tab, sub-recipes expanded)",Delhi dishes carry 3 chutneys by design
Model Town,02-0013,Garam Masala Powder Bucket,2026-09-24 to 2026-10-08,0.019,Kg,0.999,"Posist item_sales qty_09-24_10-08 x menu_item_cost_lines.csv (base tab, sub-recipes expanded)",Delhi dishes carry 3 chutneys by design
Model Town,02-0013,Garlic Chutney Bucket,2026-09-24 to 2026-10-08,12.21,Kg,0.999,"Posist item_sales qty_09-24_10-08 x menu_item_cost_lines.csv (base tab, sub-recipes expanded)",Delhi dishes carry 3 chutneys by design
Model Town,02-0013,Idli Pc Raw (1 Pkt =40pc),2026-09-24 to 2026-10-08,1139.0,Pc,0.999,"Posist item_sales qty_09-24_10-08 x menu_item_cost_lines.csv (base tab, sub-recipes expanded)",Delhi dishes carry 3 chutneys by design
Model Town,02-0013,Imli Water,2026-09-24 to 2026-10-08,11.8,Ltr,0.999,"Posist item_sales qty_09-24_10-08 x menu_item_cost_lines.csv (base tab, sub-recipes expanded)",Delhi dishes carry 3 chutneys by design
Model Town,02-0013,Jain Sambar - Delhi,2026-09-24 to 2026-10-08,39.0,Ltr,0.999,"Posist item_sales qty_09-24_10-08 x menu_item_cost_lines.csv (base tab, sub-recipes expanded)",Delhi dishes carry 3 chutneys by design
Model Town,02-0013,Karam Podi Powder Bucket,2026-09-24 to 2026-10-08,1.04,Kg,0.999,"Posist item_sales qty_09-24_10-08 x menu_item_cost_lines.csv (base tab, sub-recipes expanded)",Delhi dishes carry 3 chutneys by design
Model Town,02-0013,Kesari Halwa Mix  (1pkt = 550gm),2026-09-24 to 2026-10-08,4.071,Kg,0.999,"Posist item_sales qty_09-24_10-08 x menu_item_cost_lines.csv (base tab, sub-recipes expanded)",Delhi dishes carry 3 chutneys by design
Model Town,02-0013,Korma Gravy Mix (1pkt=700gm),2026-09-24 to 2026-10-08,15.78,Kg,0.999,"Posist item_sales qty_09-24_10-08 x menu_item_cost_lines.csv (base tab, sub-recipes expanded)",Delhi dishes carry 3 chutneys by design
Model Town,02-0013,Lemon Rice Bucket,2026-09-24 to 2026-10-08,4.0,Kg,0.999,"Posist item_sales qty_09-24_10-08 x menu_item_cost_lines.csv (base tab, sub-recipes expanded)",Delhi dishes carry 3 chutneys by design
Model Town,02-0013,Malabar Paratha  (1pkt= 6Pcs),2026-09-24 to 2026-10-08,180.0,Pc,0.999,"Posist item_sales qty_09-24_10-08 x menu_item_cost_lines.csv (base tab, sub-recipes expanded)",Delhi dishes carry 3 chutneys by design
Model Town,02-0013,Malkapodi Bucket,2026-09-24 to 2026-10-08,4.81,Kg,0.999,"Posist item_sales qty_09-24_10-08 x menu_item_cost_lines.csv (base tab, sub-recipes expanded)",Delhi dishes carry 3 chutneys by design
Model Town,02-0013,Mysore Chutney Bucket,2026-09-24 to 2026-10-08,9.37,Kg,0.999,"Posist item_sales qty_09-24_10-08 x menu_item_cost_lines.csv (base tab, sub-recipes expanded)",Delhi dishes carry 3 chutneys by design
Model Town,02-0013,Potato Masala Bucket,2026-09-24 to 2026-10-08,6.6,Kg,0.999,"Posist item_sales qty_09-24_10-08 x menu_item_cost_lines.csv (base tab, sub-recipes expanded)",Delhi dishes carry 3 chutneys by design
Model Town,02-0013,Potato Masala Mix (1Pkt = 90Gm),2026-09-24 to 2026-10-08,50.536,Pkt,0.999,"Posist item_sales qty_09-24_10-08 x menu_item_cost_lines.csv (base tab, sub-recipes expanded)",85% via outlet sub-recipe; Delhi dishes carry 3 chutneys by design
Model Town,02-0013,Rasam Bucket,2026-09-24 to 2026-10-08,7.5,Ltr,0.999,"Posist item_sales qty_09-24_10-08 x menu_item_cost_lines.csv (base tab, sub-recipes expanded)",Delhi dishes carry 3 chutneys by design
Model Town,02-0013,Rava Powder Mix,2026-09-24 to 2026-10-08,7.65,Kg,0.999,"Posist item_sales qty_09-24_10-08 x menu_item_cost_lines.csv (base tab, sub-recipes expanded)",Delhi dishes carry 3 chutneys by design
Model Town,02-0013,Raw Mango Chutney Bucket,2026-09-24 to 2026-10-08,6.29,Kg,0.999,"Posist item_sales qty_09-24_10-08 x menu_item_cost_lines.csv (base tab, sub-recipes expanded)",100% of qty from lines marked (Inactive) in recipe; Delhi dishes carry 3 chutneys by design
Model Town,02-0013,Raw Mango Pickle Bucket,2026-09-24 to 2026-10-08,0.31,Kg,0.999,"Posist item_sales qty_09-24_10-08 x menu_item_cost_lines.csv (base tab, sub-recipes expanded)",Delhi dishes carry 3 chutneys by design
Model Town,02-0013,Regular White Chutney Bucket,2026-09-24 to 2026-10-08,3.9,Kg,0.999,"Posist item_sales qty_09-24_10-08 x menu_item_cost_lines.csv (base tab, sub-recipes expanded)",100% of qty from lines marked (Inactive) in recipe; Delhi dishes carry 3 chutneys by design
Model Town,02-0013,Sambar Bucket,2026-09-24 to 2026-10-08,5.0,Ltr,0.999,"Posist item_sales qty_09-24_10-08 x menu_item_cost_lines.csv (base tab, sub-recipes expanded)",Delhi dishes carry 3 chutneys by design
Model Town,02-0013,Sambar Bucket - Delhi,2026-09-24 to 2026-10-08,1058.8,Ltr,0.999,"Posist item_sales qty_09-24_10-08 x menu_item_cost_lines.csv (base tab, sub-recipes expanded)",Delhi dishes carry 3 chutneys by design
Model Town,02-0013,Special Daal Bucket,2026-09-24 to 2026-10-08,6.152,Kg,0.999,"Posist item_sales qty_09-24_10-08 x menu_item_cost_lines.csv (base tab, sub-recipes expanded)",Delhi dishes carry 3 chutneys by design
Model Town,02-0013,Special White Coconut Chutney Bucket,2026-09-24 to 2026-10-08,1.5,Kg,0.999,"Posist item_sales qty_09-24_10-08 x menu_item_cost_lines.csv (base tab, sub-recipes expanded)",Delhi dishes carry 3 chutneys by design
Model Town,02-0013,Spicy Coconut Chutney Mix 1Pkt (16gm),2026-09-24 to 2026-10-08,8.651,Kg,0.999,"Posist item_sales qty_09-24_10-08 x menu_item_cost_lines.csv (base tab, sub-recipes expanded)",100% of qty from lines marked (Inactive) in recipe; Delhi dishes carry 3 chutneys by design
Model Town,02-0013,Srivilli Kheer (1 Pc),2026-09-24 to 2026-10-08,26.0,Pc,0.999,"Posist item_sales qty_09-24_10-08 x menu_item_cost_lines.csv (base tab, sub-recipes expanded)",Delhi dishes carry 3 chutneys by design
Model Town,02-0013,Steam Rice Bucket,2026-09-24 to 2026-10-08,7.95,Kg,0.999,"Posist item_sales qty_09-24_10-08 x menu_item_cost_lines.csv (base tab, sub-recipes expanded)",Delhi dishes carry 3 chutneys by design
Model Town,02-0013,Sugar Syrup Bucket,2026-09-24 to 2026-10-08,6.3,Ltr,0.999,"Posist item_sales qty_09-24_10-08 x menu_item_cost_lines.csv (base tab, sub-recipes expanded)",100% of qty from lines marked (Inactive) in recipe; Delhi dishes carry 3 chutneys by design
Model Town,02-0013,Thatte Idli Pc Raw,2026-09-24 to 2026-10-08,287.0,Pc,0.999,"Posist item_sales qty_09-24_10-08 x menu_item_cost_lines.csv (base tab, sub-recipes expanded)",Delhi dishes carry 3 chutneys by design
Model Town,02-0013,Thindi Malkapodi Powder Bucket,2026-09-24 to 2026-10-08,5.455,Kg,0.999,"Posist item_sales qty_09-24_10-08 x menu_item_cost_lines.csv (base tab, sub-recipes expanded)",Delhi dishes carry 3 chutneys by design
Model Town,02-0013,Tomato Onion Chutney Bucket,2026-09-24 to 2026-10-08,178.72,Kg,0.999,"Posist item_sales qty_09-24_10-08 x menu_item_cost_lines.csv (base tab, sub-recipes expanded)",100% of qty from lines marked (Inactive) in recipe; Delhi dishes carry 3 chutneys by design
Model Town,02-0013,Tomato Onion Powder Mix (1 Pkt = 24gm),2026-09-24 to 2026-10-08,0.381,Kg,0.999,"Posist item_sales qty_09-24_10-08 x menu_item_cost_lines.csv (base tab, sub-recipes expanded)",Delhi dishes carry 3 chutneys by design
Model Town,02-0013,Upma Mix (1pkt = 300gm),2026-09-24 to 2026-10-08,1.92,Kg,0.999,"Posist item_sales qty_09-24_10-08 x menu_item_cost_lines.csv (base tab, sub-recipes expanded)",Delhi dishes carry 3 chutneys by design
New Town - Cloud Kitchen,01-0013,Benne Dosa Batter (Pack Size -3 Kg ),2026-09-24 to 2026-10-08,25.825,Kg,1.0,"Posist item_sales qty_09-24_10-08 x menu_item_cost_lines.csv (base tab, sub-recipes expanded)",
New Town - Cloud Kitchen,01-0013,Boiled & Mashed Potato (1Pkt = 3Kg),2026-09-24 to 2026-10-08,89.7,Kg,1.0,"Posist item_sales qty_09-24_10-08 x menu_item_cost_lines.csv (base tab, sub-recipes expanded)",100% via outlet sub-recipe
New Town - Cloud Kitchen,01-0013,Chaat Masala Bucket,2026-09-24 to 2026-10-08,0.216,Kg,1.0,"Posist item_sales qty_09-24_10-08 x menu_item_cost_lines.csv (base tab, sub-recipes expanded)",
New Town - Cloud Kitchen,01-0013,Coconut Shredded,2026-09-24 to 2026-10-08,77.057,Kg,1.0,"Posist item_sales qty_09-24_10-08 x menu_item_cost_lines.csv (base tab, sub-recipes expanded)",
New Town - Cloud Kitchen,01-0013,Dahi Bucket Mix (1pkt =105gm),2026-09-24 to 2026-10-08,1780.0,gm,1.0,"Posist item_sales qty_09-24_10-08 x menu_item_cost_lines.csv (base tab, sub-recipes expanded)",
New Town - Cloud Kitchen,01-0013,Dosa Batter Mix,2026-09-24 to 2026-10-08,145.022,Kg,1.0,"Posist item_sales qty_09-24_10-08 x menu_item_cost_lines.csv (base tab, sub-recipes expanded)",
New Town - Cloud Kitchen,01-0013,Garam Masala Powder Bucket,2026-09-24 to 2026-10-08,0.019,Kg,1.0,"Posist item_sales qty_09-24_10-08 x menu_item_cost_lines.csv (base tab, sub-recipes expanded)",
New Town - Cloud Kitchen,01-0013,Garlic Chutney Bucket,2026-09-24 to 2026-10-08,2.985,Kg,1.0,"Posist item_sales qty_09-24_10-08 x menu_item_cost_lines.csv (base tab, sub-recipes expanded)",
New Town - Cloud Kitchen,01-0013,Idli Pc Raw (1 Pkt =40pc),2026-09-24 to 2026-10-08,912.0,Pc,1.0,"Posist item_sales qty_09-24_10-08 x menu_item_cost_lines.csv (base tab, sub-recipes expanded)",
New Town - Cloud Kitchen,01-0013,Imli Water,2026-09-24 to 2026-10-08,0.825,Ltr,1.0,"Posist item_sales qty_09-24_10-08 x menu_item_cost_lines.csv (base tab, sub-recipes expanded)",
New Town - Cloud Kitchen,01-0013,Jain Sambar Bucket,2026-09-24 to 2026-10-08,25.6,Ltr,1.0,"Posist item_sales qty_09-24_10-08 x menu_item_cost_lines.csv (base tab, sub-recipes expanded)",
New Town - Cloud Kitchen,01-0013,Karam Podi Powder Bucket,2026-09-24 to 2026-10-08,0.2,Kg,1.0,"Posist item_sales qty_09-24_10-08 x menu_item_cost_lines.csv (base tab, sub-recipes expanded)",
New Town - Cloud Kitchen,01-0013,Kesari Halwa Mix  (1pkt = 550gm),2026-09-24 to 2026-10-08,3.381,Kg,1.0,"Posist item_sales qty_09-24_10-08 x menu_item_cost_lines.csv (base tab, sub-recipes expanded)",
New Town - Cloud Kitchen,01-0013,Korma Gravy Mix (1pkt=700gm),2026-09-24 to 2026-10-08,7.02,Kg,1.0,"Posist item_sales qty_09-24_10-08 x menu_item_cost_lines.csv (base tab, sub-recipes expanded)",
New Town - Cloud Kitchen,01-0013,Lemon Rice Bucket,2026-09-24 to 2026-10-08,5.5,Kg,1.0,"Posist item_sales qty_09-24_10-08 x menu_item_cost_lines.csv (base tab, sub-recipes expanded)",
New Town - Cloud Kitchen,01-0013,Malabar Paratha  (1pkt= 6Pcs),2026-09-24 to 2026-10-08,78.0,Pc,1.0,"Posist item_sales qty_09-24_10-08 x menu_item_cost_lines.csv (base tab, sub-recipes expanded)",
New Town - Cloud Kitchen,01-0013,Malkapodi Bucket,2026-09-24 to 2026-10-08,1.245,Kg,1.0,"Posist item_sales qty_09-24_10-08 x menu_item_cost_lines.csv (base tab, sub-recipes expanded)",
New Town - Cloud Kitchen,01-0013,Medu Vada Batter Mix,2026-09-24 to 2026-10-08,29.25,Kg,1.0,"Posist item_sales qty_09-24_10-08 x menu_item_cost_lines.csv (base tab, sub-recipes expanded)",
New Town - Cloud Kitchen,01-0013,Mysore Chutney Bucket,2026-09-24 to 2026-10-08,2.76,Kg,1.0,"Posist item_sales qty_09-24_10-08 x menu_item_cost_lines.csv (base tab, sub-recipes expanded)",
New Town - Cloud Kitchen,01-0013,Potato Masala Mix (1Pkt = 90Gm),2026-09-24 to 2026-10-08,29.9,Pkt,1.0,"Posist item_sales qty_09-24_10-08 x menu_item_cost_lines.csv (base tab, sub-recipes expanded)",100% via outlet sub-recipe
New Town - Cloud Kitchen,01-0013,Rava Powder Mix,2026-09-24 to 2026-10-08,2.05,Kg,1.0,"Posist item_sales qty_09-24_10-08 x menu_item_cost_lines.csv (base tab, sub-recipes expanded)",
New Town - Cloud Kitchen,01-0013,Raw Mango Chutney Bucket,2026-09-24 to 2026-10-08,0.24,Kg,1.0,"Posist item_sales qty_09-24_10-08 x menu_item_cost_lines.csv (base tab, sub-recipes expanded)",
New Town - Cloud Kitchen,01-0013,Raw Mango Pickle Bucket,2026-09-24 to 2026-10-08,0.325,Kg,1.0,"Posist item_sales qty_09-24_10-08 x menu_item_cost_lines.csv (base tab, sub-recipes expanded)",
New Town - Cloud Kitchen,01-0013,Raw mango Powder Mix (1 Pkt = 13gm),2026-09-24 to 2026-10-08,0.054,Kg,1.0,"Posist item_sales qty_09-24_10-08 x menu_item_cost_lines.csv (base tab, sub-recipes expanded)",
New Town - Cloud Kitchen,01-0013,Sambar Bucket,2026-09-24 to 2026-10-08,355.8,Ltr,1.0,"Posist item_sales qty_09-24_10-08 x menu_item_cost_lines.csv (base tab, sub-recipes expanded)",
New Town - Cloud Kitchen,01-0013,Special Daal Bucket,2026-09-24 to 2026-10-08,5.3,Kg,1.0,"Posist item_sales qty_09-24_10-08 x menu_item_cost_lines.csv (base tab, sub-recipes expanded)",
New Town - Cloud Kitchen,01-0013,Special White Coconut Chutney Bucket,2026-09-24 to 2026-10-08,3.55,Kg,1.0,"Posist item_sales qty_09-24_10-08 x menu_item_cost_lines.csv (base tab, sub-recipes expanded)",
New Town - Cloud Kitchen,01-0013,Spicy Coconut Chutney Mix 1Pkt (16gm),2026-09-24 to 2026-10-08,0.622,Kg,1.0,"Posist item_sales qty_09-24_10-08 x menu_item_cost_lines.csv (base tab, sub-recipes expanded)",
New Town - Cloud Kitchen,01-0013,Srivilli Kheer (1 Pc),2026-09-24 to 2026-10-08,15.0,Pc,1.0,"Posist item_sales qty_09-24_10-08 x menu_item_cost_lines.csv (base tab, sub-recipes expanded)",
New Town - Cloud Kitchen,01-0013,Steam Rice Bucket,2026-09-24 to 2026-10-08,7.24,Kg,1.0,"Posist item_sales qty_09-24_10-08 x menu_item_cost_lines.csv (base tab, sub-recipes expanded)",
New Town - Cloud Kitchen,01-0013,Thatte Idli Pc Raw,2026-09-24 to 2026-10-08,51.0,Pc,1.0,"Posist item_sales qty_09-24_10-08 x menu_item_cost_lines.csv (base tab, sub-recipes expanded)",
New Town - Cloud Kitchen,01-0013,Thindi Malkapodi Powder Bucket,2026-09-24 to 2026-10-08,0.765,Kg,1.0,"Posist item_sales qty_09-24_10-08 x menu_item_cost_lines.csv (base tab, sub-recipes expanded)",
New Town - Cloud Kitchen,01-0013,Tomato Onion Powder Mix (1 Pkt = 24gm),2026-09-24 to 2026-10-08,0.116,Kg,1.0,"Posist item_sales qty_09-24_10-08 x menu_item_cost_lines.csv (base tab, sub-recipes expanded)",
"Pacific Mall, Jasola",02-0011,Benne Dosa Batter (Pack Size -3 Kg ),2026-09-24 to 2026-10-08,96.225,Kg,0.9993,"Posist item_sales qty_09-24_10-08 x menu_item_cost_lines.csv (base tab, sub-recipes expanded)",Delhi dishes carry 3 chutneys by design
"Pacific Mall, Jasola",02-0011,Boiled & Mashed Potato (1Pkt = 3Kg),2026-09-24 to 2026-10-08,179.867,Kg,0.9993,"Posist item_sales qty_09-24_10-08 x menu_item_cost_lines.csv (base tab, sub-recipes expanded)",90% via outlet sub-recipe; Delhi dishes carry 3 chutneys by design
"Pacific Mall, Jasola",02-0011,Boondi,2026-09-24 to 2026-10-08,1.395,Kg,0.9993,"Posist item_sales qty_09-24_10-08 x menu_item_cost_lines.csv (base tab, sub-recipes expanded)",Delhi dishes carry 3 chutneys by design
"Pacific Mall, Jasola",02-0011,Chaat Masala Bucket,2026-09-24 to 2026-10-08,0.53,Kg,0.9993,"Posist item_sales qty_09-24_10-08 x menu_item_cost_lines.csv (base tab, sub-recipes expanded)",Delhi dishes carry 3 chutneys by design
"Pacific Mall, Jasola",02-0011,Coconut Shredded,2026-09-24 to 2026-10-08,190.972,Kg,0.9993,"Posist item_sales qty_09-24_10-08 x menu_item_cost_lines.csv (base tab, sub-recipes expanded)",1% via outlet sub-recipe; Delhi dishes carry 3 chutneys by design
"Pacific Mall, Jasola",02-0011,Dahi Bucket Mix (1pkt =105gm),2026-09-24 to 2026-10-08,2130.0,gm,0.9993,"Posist item_sales qty_09-24_10-08 x menu_item_cost_lines.csv (base tab, sub-recipes expanded)",Delhi dishes carry 3 chutneys by design
"Pacific Mall, Jasola",02-0011,Dosa Batter Mix,2026-09-24 to 2026-10-08,319.55,Kg,0.9993,"Posist item_sales qty_09-24_10-08 x menu_item_cost_lines.csv (base tab, sub-recipes expanded)",Delhi dishes carry 3 chutneys by design
"Pacific Mall, Jasola",02-0011,Frozen Medu Vada (10pc),2026-09-24 to 2026-10-08,694.0,Pc,0.9993,"Posist item_sales qty_09-24_10-08 x menu_item_cost_lines.csv (base tab, sub-recipes expanded)",Delhi dishes carry 3 chutneys by design
"Pacific Mall, Jasola",02-0011,Garam Masala Powder Bucket,2026-09-24 to 2026-10-08,0.033,Kg,0.9993,"Posist item_sales qty_09-24_10-08 x menu_item_cost_lines.csv (base tab, sub-recipes expanded)",Delhi dishes carry 3 chutneys by design
"Pacific Mall, Jasola",02-0011,Garlic Chutney Bucket,2026-09-24 to 2026-10-08,10.32,Kg,0.9993,"Posist item_sales qty_09-24_10-08 x menu_item_cost_lines.csv (base tab, sub-recipes expanded)",Delhi dishes carry 3 chutneys by design
"Pacific Mall, Jasola",02-0011,Idli Pc Raw (1 Pkt =40pc),2026-09-24 to 2026-10-08,1005.0,Pc,0.9993,"Posist item_sales qty_09-24_10-08 x menu_item_cost_lines.csv (base tab, sub-recipes expanded)",Delhi dishes carry 3 chutneys by design
"Pacific Mall, Jasola",02-0011,Imli Water,2026-09-24 to 2026-10-08,12.697,Ltr,0.9993,"Posist item_sales qty_09-24_10-08 x menu_item_cost_lines.csv (base tab, sub-recipes expanded)",Delhi dishes carry 3 chutneys by design
"Pacific Mall, Jasola",02-0011,Jain Sambar - Delhi,2026-09-24 to 2026-10-08,17.6,Ltr,0.9993,"Posist item_sales qty_09-24_10-08 x menu_item_cost_lines.csv (base tab, sub-recipes expanded)",Delhi dishes carry 3 chutneys by design
"Pacific Mall, Jasola",02-0011,Karam Podi Powder Bucket,2026-09-24 to 2026-10-08,1.48,Kg,0.9993,"Posist item_sales qty_09-24_10-08 x menu_item_cost_lines.csv (base tab, sub-recipes expanded)",Delhi dishes carry 3 chutneys by design
"Pacific Mall, Jasola",02-0011,Kesari Halwa Mix  (1pkt = 550gm),2026-09-24 to 2026-10-08,7.038,Kg,0.9993,"Posist item_sales qty_09-24_10-08 x menu_item_cost_lines.csv (base tab, sub-recipes expanded)",Delhi dishes carry 3 chutneys by design
"Pacific Mall, Jasola",02-0011,Korma Gravy Mix (1pkt=700gm),2026-09-24 to 2026-10-08,18.64,Kg,0.9993,"Posist item_sales qty_09-24_10-08 x menu_item_cost_lines.csv (base tab, sub-recipes expanded)",Delhi dishes carry 3 chutneys by design
"Pacific Mall, Jasola",02-0011,Lemon Rice Bucket,2026-09-24 to 2026-10-08,4.2,Kg,0.9993,"Posist item_sales qty_09-24_10-08 x menu_item_cost_lines.csv (base tab, sub-recipes expanded)",Delhi dishes carry 3 chutneys by design
"Pacific Mall, Jasola",02-0011,Malabar Paratha  (1pkt= 6Pcs),2026-09-24 to 2026-10-08,219.0,Pc,0.9993,"Posist item_sales qty_09-24_10-08 x menu_item_cost_lines.csv (base tab, sub-recipes expanded)",Delhi dishes carry 3 chutneys by design
"Pacific Mall, Jasola",02-0011,Malkapodi Bucket,2026-09-24 to 2026-10-08,4.73,Kg,0.9993,"Posist item_sales qty_09-24_10-08 x menu_item_cost_lines.csv (base tab, sub-recipes expanded)",Delhi dishes carry 3 chutneys by design
"Pacific Mall, Jasola",02-0011,Mysore Chutney Bucket,2026-09-24 to 2026-10-08,22.14,Kg,0.9993,"Posist item_sales qty_09-24_10-08 x menu_item_cost_lines.csv (base tab, sub-recipes expanded)",Delhi dishes carry 3 chutneys by design
"Pacific Mall, Jasola",02-0011,Potato Masala Bucket,2026-09-24 to 2026-10-08,2.6,Kg,0.9993,"Posist item_sales qty_09-24_10-08 x menu_item_cost_lines.csv (base tab, sub-recipes expanded)",Delhi dishes carry 3 chutneys by design
"Pacific Mall, Jasola",02-0011,Potato Masala Mix (1Pkt = 90Gm),2026-09-24 to 2026-10-08,59.898,Pkt,0.9993,"Posist item_sales qty_09-24_10-08 x menu_item_cost_lines.csv (base tab, sub-recipes expanded)",91% via outlet sub-recipe; Delhi dishes carry 3 chutneys by design
"Pacific Mall, Jasola",02-0011,Rasam Bucket,2026-09-24 to 2026-10-08,13.8,Ltr,0.9993,"Posist item_sales qty_09-24_10-08 x menu_item_cost_lines.csv (base tab, sub-recipes expanded)",Delhi dishes carry 3 chutneys by design
"Pacific Mall, Jasola",02-0011,Rava Powder Mix,2026-09-24 to 2026-10-08,7.45,Kg,0.9993,"Posist item_sales qty_09-24_10-08 x menu_item_cost_lines.csv (base tab, sub-recipes expanded)",Delhi dishes carry 3 chutneys by design
"Pacific Mall, Jasola",02-0011,Raw Mango Chutney Bucket,2026-09-24 to 2026-10-08,6.41,Kg,0.9993,"Posist item_sales qty_09-24_10-08 x menu_item_cost_lines.csv (base tab, sub-recipes expanded)",Delhi dishes carry 3 chutneys by design
"Pacific Mall, Jasola",02-0011,Raw Mango Pickle Bucket,2026-09-24 to 2026-10-08,0.375,Kg,0.9993,"Posist item_sales qty_09-24_10-08 x menu_item_cost_lines.csv (base tab, sub-recipes expanded)",Delhi dishes carry 3 chutneys by design
"Pacific Mall, Jasola",02-0011,Regular White Chutney Bucket,2026-09-24 to 2026-10-08,5.55,Kg,0.9993,"Posist item_sales qty_09-24_10-08 x menu_item_cost_lines.csv (base tab, sub-recipes expanded)",100% of qty from lines marked (Inactive) in recipe; Delhi dishes carry 3 chutneys by design
"Pacific Mall, Jasola",02-0011,Sambar Bucket - Delhi,2026-09-24 to 2026-10-08,876.15,Ltr,0.9993,"Posist item_sales qty_09-24_10-08 x menu_item_cost_lines.csv (base tab, sub-recipes expanded)",Delhi dishes carry 3 chutneys by design
"Pacific Mall, Jasola",02-0011,Special Daal Bucket,2026-09-24 to 2026-10-08,6.559,Kg,0.9993,"Posist item_sales qty_09-24_10-08 x menu_item_cost_lines.csv (base tab, sub-recipes expanded)",Delhi dishes carry 3 chutneys by design
"Pacific Mall, Jasola",02-0011,Spicy Coconut Chutney Mix 1Pkt (16gm),2026-09-24 to 2026-10-08,9.236,Kg,0.9993,"Posist item_sales qty_09-24_10-08 x menu_item_cost_lines.csv (base tab, sub-recipes expanded)",Delhi dishes carry 3 chutneys by design
"Pacific Mall, Jasola",02-0011,Srivilli Kheer (1 Pc),2026-09-24 to 2026-10-08,56.0,Pc,0.9993,"Posist item_sales qty_09-24_10-08 x menu_item_cost_lines.csv (base tab, sub-recipes expanded)",Delhi dishes carry 3 chutneys by design
"Pacific Mall, Jasola",02-0011,Steam Rice Bucket,2026-09-24 to 2026-10-08,11.6,Kg,0.9993,"Posist item_sales qty_09-24_10-08 x menu_item_cost_lines.csv (base tab, sub-recipes expanded)",Delhi dishes carry 3 chutneys by design
"Pacific Mall, Jasola",02-0011,Sugar Syrup Bucket,2026-09-24 to 2026-10-08,9.1,Ltr,0.9993,"Posist item_sales qty_09-24_10-08 x menu_item_cost_lines.csv (base tab, sub-recipes expanded)",Delhi dishes carry 3 chutneys by design
"Pacific Mall, Jasola",02-0011,Thatte Idli Pc Raw,2026-09-24 to 2026-10-08,272.0,Pc,0.9993,"Posist item_sales qty_09-24_10-08 x menu_item_cost_lines.csv (base tab, sub-recipes expanded)",Delhi dishes carry 3 chutneys by design
"Pacific Mall, Jasola",02-0011,Thindi Malkapodi Powder Bucket,2026-09-24 to 2026-10-08,4.83,Kg,0.9993,"Posist item_sales qty_09-24_10-08 x menu_item_cost_lines.csv (base tab, sub-recipes expanded)",Delhi dishes carry 3 chutneys by design
"Pacific Mall, Jasola",02-0011,Tomato Onion Chutney Bucket,2026-09-24 to 2026-10-08,199.1,Kg,0.9993,"Posist item_sales qty_09-24_10-08 x menu_item_cost_lines.csv (base tab, sub-recipes expanded)",Delhi dishes carry 3 chutneys by design
"Pacific Mall, Jasola",02-0011,Tomato Onion Powder Mix (1 Pkt = 24gm),2026-09-24 to 2026-10-08,0.336,Kg,0.9993,"Posist item_sales qty_09-24_10-08 x menu_item_cost_lines.csv (base tab, sub-recipes expanded)",Delhi dishes carry 3 chutneys by design
"Pacific Mall, Jasola",02-0011,Upma Mix (1pkt = 300gm),2026-09-24 to 2026-10-08,2.04,Kg,0.9993,"Posist item_sales qty_09-24_10-08 x menu_item_cost_lines.csv (base tab, sub-recipes expanded)",Delhi dishes carry 3 chutneys by design
Paschim Vihar,02-0003,Benne Dosa Batter (Pack Size -3 Kg ),2026-09-24 to 2026-10-08,53.475,Kg,0.9988,"Posist item_sales qty_09-24_10-08 x menu_item_cost_lines.csv (base tab, sub-recipes expanded)",Delhi dishes carry 3 chutneys by design
Paschim Vihar,02-0003,Boiled & Mashed Potato (1Pkt = 3Kg),2026-09-24 to 2026-10-08,95.7,Kg,0.9988,"Posist item_sales qty_09-24_10-08 x menu_item_cost_lines.csv (base tab, sub-recipes expanded)",82% via outlet sub-recipe; Delhi dishes carry 3 chutneys by design
Paschim Vihar,02-0003,Boondi,2026-09-24 to 2026-10-08,0.675,Kg,0.9988,"Posist item_sales qty_09-24_10-08 x menu_item_cost_lines.csv (base tab, sub-recipes expanded)",Delhi dishes carry 3 chutneys by design
Paschim Vihar,02-0003,Chaat Masala Bucket,2026-09-24 to 2026-10-08,0.281,Kg,0.9988,"Posist item_sales qty_09-24_10-08 x menu_item_cost_lines.csv (base tab, sub-recipes expanded)",Delhi dishes carry 3 chutneys by design
Paschim Vihar,02-0003,Coconut Shredded,2026-09-24 to 2026-10-08,107.367,Kg,0.9988,"Posist item_sales qty_09-24_10-08 x menu_item_cost_lines.csv (base tab, sub-recipes expanded)",1% via outlet sub-recipe; Delhi dishes carry 3 chutneys by design
Paschim Vihar,02-0003,Dahi Bucket Mix (1pkt =105gm),2026-09-24 to 2026-10-08,1020.0,gm,0.9988,"Posist item_sales qty_09-24_10-08 x menu_item_cost_lines.csv (base tab, sub-recipes expanded)",Delhi dishes carry 3 chutneys by design
Paschim Vihar,02-0003,Dosa Batter Mix,2026-09-24 to 2026-10-08,165.91,Kg,0.9988,"Posist item_sales qty_09-24_10-08 x menu_item_cost_lines.csv (base tab, sub-recipes expanded)",Delhi dishes carry 3 chutneys by design
Paschim Vihar,02-0003,Frozen Medu Vada (10pc),2026-09-24 to 2026-10-08,421.0,Pc,0.9988,"Posist item_sales qty_09-24_10-08 x menu_item_cost_lines.csv (base tab, sub-recipes expanded)",Delhi dishes carry 3 chutneys by design
Paschim Vihar,02-0003,Garam Masala Powder Bucket,2026-09-24 to 2026-10-08,0.007,Kg,0.9988,"Posist item_sales qty_09-24_10-08 x menu_item_cost_lines.csv (base tab, sub-recipes expanded)",Delhi dishes carry 3 chutneys by design
Paschim Vihar,02-0003,Garlic Chutney Bucket,2026-09-24 to 2026-10-08,6.94,Kg,0.9988,"Posist item_sales qty_09-24_10-08 x menu_item_cost_lines.csv (base tab, sub-recipes expanded)",Delhi dishes carry 3 chutneys by design
Paschim Vihar,02-0003,Idli Pc Raw (1 Pkt =40pc),2026-09-24 to 2026-10-08,739.0,Pc,0.9988,"Posist item_sales qty_09-24_10-08 x menu_item_cost_lines.csv (base tab, sub-recipes expanded)",Delhi dishes carry 3 chutneys by design
Paschim Vihar,02-0003,Imli Water,2026-09-24 to 2026-10-08,7.353,Ltr,0.9988,"Posist item_sales qty_09-24_10-08 x menu_item_cost_lines.csv (base tab, sub-recipes expanded)",Delhi dishes carry 3 chutneys by design
Paschim Vihar,02-0003,Jain Sambar - Delhi,2026-09-24 to 2026-10-08,18.0,Ltr,0.9988,"Posist item_sales qty_09-24_10-08 x menu_item_cost_lines.csv (base tab, sub-recipes expanded)",Delhi dishes carry 3 chutneys by design
Paschim Vihar,02-0003,Karam Podi Powder Bucket,2026-09-24 to 2026-10-08,1.4,Kg,0.9988,"Posist item_sales qty_09-24_10-08 x menu_item_cost_lines.csv (base tab, sub-recipes expanded)",Delhi dishes carry 3 chutneys by design
Paschim Vihar,02-0003,Kesari Halwa Mix  (1pkt = 550gm),2026-09-24 to 2026-10-08,1.863,Kg,0.9988,"Posist item_sales qty_09-24_10-08 x menu_item_cost_lines.csv (base tab, sub-recipes expanded)",Delhi dishes carry 3 chutneys by design
Paschim Vihar,02-0003,Korma Gravy Mix (1pkt=700gm),2026-09-24 to 2026-10-08,7.74,Kg,0.9988,"Posist item_sales qty_09-24_10-08 x menu_item_cost_lines.csv (base tab, sub-recipes expanded)",Delhi dishes carry 3 chutneys by design
Paschim Vihar,02-0003,Lemon Rice Bucket,2026-09-24 to 2026-10-08,2.0,Kg,0.9988,"Posist item_sales qty_09-24_10-08 x menu_item_cost_lines.csv (base tab, sub-recipes expanded)",Delhi dishes carry 3 chutneys by design
Paschim Vihar,02-0003,Malabar Paratha  (1pkt= 6Pcs),2026-09-24 to 2026-10-08,88.0,Pc,0.9988,"Posist item_sales qty_09-24_10-08 x menu_item_cost_lines.csv (base tab, sub-recipes expanded)",Delhi dishes carry 3 chutneys by design
Paschim Vihar,02-0003,Malkapodi Bucket,2026-09-24 to 2026-10-08,2.29,Kg,0.9988,"Posist item_sales qty_09-24_10-08 x menu_item_cost_lines.csv (base tab, sub-recipes expanded)",Delhi dishes carry 3 chutneys by design
Paschim Vihar,02-0003,Mysore Chutney Bucket,2026-09-24 to 2026-10-08,6.23,Kg,0.9988,"Posist item_sales qty_09-24_10-08 x menu_item_cost_lines.csv (base tab, sub-recipes expanded)",Delhi dishes carry 3 chutneys by design
Paschim Vihar,02-0003,Potato Masala Bucket,2026-09-24 to 2026-10-08,5.7,Kg,0.9988,"Posist item_sales qty_09-24_10-08 x menu_item_cost_lines.csv (base tab, sub-recipes expanded)",Delhi dishes carry 3 chutneys by design
Paschim Vihar,02-0003,Potato Masala Mix (1Pkt = 90Gm),2026-09-24 to 2026-10-08,31.841,Pkt,0.9988,"Posist item_sales qty_09-24_10-08 x menu_item_cost_lines.csv (base tab, sub-recipes expanded)",82% via outlet sub-recipe; Delhi dishes carry 3 chutneys by design
Paschim Vihar,02-0003,Rasam Bucket,2026-09-24 to 2026-10-08,2.8,Ltr,0.9988,"Posist item_sales qty_09-24_10-08 x menu_item_cost_lines.csv (base tab, sub-recipes expanded)",Delhi dishes carry 3 chutneys by design
Paschim Vihar,02-0003,Rava Powder Mix,2026-09-24 to 2026-10-08,4.7,Kg,0.9988,"Posist item_sales qty_09-24_10-08 x menu_item_cost_lines.csv (base tab, sub-recipes expanded)",Delhi dishes carry 3 chutneys by design
Paschim Vihar,02-0003,Raw Mango Chutney Bucket,2026-09-24 to 2026-10-08,2.83,Kg,0.9988,"Posist item_sales qty_09-24_10-08 x menu_item_cost_lines.csv (base tab, sub-recipes expanded)",Delhi dishes carry 3 chutneys by design
Paschim Vihar,02-0003,Raw Mango Pickle Bucket,2026-09-24 to 2026-10-08,0.195,Kg,0.9988,"Posist item_sales qty_09-24_10-08 x menu_item_cost_lines.csv (base tab, sub-recipes expanded)",Delhi dishes carry 3 chutneys by design
Paschim Vihar,02-0003,Regular White Chutney Bucket,2026-09-24 to 2026-10-08,5.25,Kg,0.9988,"Posist item_sales qty_09-24_10-08 x menu_item_cost_lines.csv (base tab, sub-recipes expanded)",100% of qty from lines marked (Inactive) in recipe; Delhi dishes carry 3 chutneys by design
Paschim Vihar,02-0003,Sambar Bucket,2026-09-24 to 2026-10-08,1.0,Ltr,0.9988,"Posist item_sales qty_09-24_10-08 x menu_item_cost_lines.csv (base tab, sub-recipes expanded)",Delhi dishes carry 3 chutneys by design
Paschim Vihar,02-0003,Sambar Bucket - Delhi,2026-09-24 to 2026-10-08,795.55,Ltr,0.9988,"Posist item_sales qty_09-24_10-08 x menu_item_cost_lines.csv (base tab, sub-recipes expanded)",Delhi dishes carry 3 chutneys by design
Paschim Vihar,02-0003,Special Daal Bucket,2026-09-24 to 2026-10-08,3.908,Kg,0.9988,"Posist item_sales qty_09-24_10-08 x menu_item_cost_lines.csv (base tab, sub-recipes expanded)",Delhi dishes carry 3 chutneys by design
Paschim Vihar,02-0003,Special White Coconut Chutney Bucket,2026-09-24 to 2026-10-08,0.5,Kg,0.9988,"Posist item_sales qty_09-24_10-08 x menu_item_cost_lines.csv (base tab, sub-recipes expanded)",Delhi dishes carry 3 chutneys by design
Paschim Vihar,02-0003,Spicy Coconut Chutney Mix 1Pkt (16gm),2026-09-24 to 2026-10-08,5.398,Kg,0.9988,"Posist item_sales qty_09-24_10-08 x menu_item_cost_lines.csv (base tab, sub-recipes expanded)",Delhi dishes carry 3 chutneys by design
Paschim Vihar,02-0003,Srivilli Kheer (1 Pc),2026-09-24 to 2026-10-08,16.0,Pc,0.9988,"Posist item_sales qty_09-24_10-08 x menu_item_cost_lines.csv (base tab, sub-recipes expanded)",Delhi dishes carry 3 chutneys by design
Paschim Vihar,02-0003,Steam Rice Bucket,2026-09-24 to 2026-10-08,4.25,Kg,0.9988,"Posist item_sales qty_09-24_10-08 x menu_item_cost_lines.csv (base tab, sub-recipes expanded)",Delhi dishes carry 3 chutneys by design
Paschim Vihar,02-0003,Sugar Syrup Bucket,2026-09-24 to 2026-10-08,3.15,Ltr,0.9988,"Posist item_sales qty_09-24_10-08 x menu_item_cost_lines.csv (base tab, sub-recipes expanded)",Delhi dishes carry 3 chutneys by design
Paschim Vihar,02-0003,Thatte Idli Pc Raw,2026-09-24 to 2026-10-08,186.0,Pc,0.9988,"Posist item_sales qty_09-24_10-08 x menu_item_cost_lines.csv (base tab, sub-recipes expanded)",Delhi dishes carry 3 chutneys by design
Paschim Vihar,02-0003,Thindi Malkapodi Powder Bucket,2026-09-24 to 2026-10-08,3.15,Kg,0.9988,"Posist item_sales qty_09-24_10-08 x menu_item_cost_lines.csv (base tab, sub-recipes expanded)",Delhi dishes carry 3 chutneys by design
Paschim Vihar,02-0003,Tomato Onion Chutney Bucket,2026-09-24 to 2026-10-08,107.28,Kg,0.9988,"Posist item_sales qty_09-24_10-08 x menu_item_cost_lines.csv (base tab, sub-recipes expanded)",Delhi dishes carry 3 chutneys by design
Paschim Vihar,02-0003,Tomato Onion Powder Mix (1 Pkt = 24gm),2026-09-24 to 2026-10-08,0.228,Kg,0.9988,"Posist item_sales qty_09-24_10-08 x menu_item_cost_lines.csv (base tab, sub-recipes expanded)",Delhi dishes carry 3 chutneys by design
Paschim Vihar,02-0003,Upma Mix (1pkt = 300gm),2026-09-24 to 2026-10-08,1.14,Kg,0.9988,"Posist item_sales qty_09-24_10-08 x menu_item_cost_lines.csv (base tab, sub-recipes expanded)",Delhi dishes carry 3 chutneys by design
Quest Mall,01-0016,Benne Dosa Batter (Pack Size -3 Kg ),2026-09-24 to 2026-10-08,53.025,Kg,0.9983,"Posist item_sales qty_09-24_10-08 x menu_item_cost_lines.csv (base tab, sub-recipes expanded)",
Quest Mall,01-0016,Boiled & Mashed Potato (1Pkt = 3Kg),2026-09-24 to 2026-10-08,126.604,Kg,0.9983,"Posist item_sales qty_09-24_10-08 x menu_item_cost_lines.csv (base tab, sub-recipes expanded)",100% via outlet sub-recipe
Quest Mall,01-0016,Chaat Masala Bucket,2026-09-24 to 2026-10-08,0.134,Kg,0.9983,"Posist item_sales qty_09-24_10-08 x menu_item_cost_lines.csv (base tab, sub-recipes expanded)",
Quest Mall,01-0016,Coconut Shredded,2026-09-24 to 2026-10-08,83.339,Kg,0.9983,"Posist item_sales qty_09-24_10-08 x menu_item_cost_lines.csv (base tab, sub-recipes expanded)",
Quest Mall,01-0016,Dahi Bucket Mix (1pkt =105gm),2026-09-24 to 2026-10-08,880.0,gm,0.9983,"Posist item_sales qty_09-24_10-08 x menu_item_cost_lines.csv (base tab, sub-recipes expanded)",
Quest Mall,01-0016,Dosa Batter Mix,2026-09-24 to 2026-10-08,168.067,Kg,0.9983,"Posist item_sales qty_09-24_10-08 x menu_item_cost_lines.csv (base tab, sub-recipes expanded)",
Quest Mall,01-0016,Filter Coffee Ice Cream (700gm= 1 Bucket),2026-09-24 to 2026-10-08,0.72,Kg,0.9983,"Posist item_sales qty_09-24_10-08 x menu_item_cost_lines.csv (base tab, sub-recipes expanded)",
Quest Mall,01-0016,Garlic Chutney Bucket,2026-09-24 to 2026-10-08,4.095,Kg,0.9983,"Posist item_sales qty_09-24_10-08 x menu_item_cost_lines.csv (base tab, sub-recipes expanded)",
Quest Mall,01-0016,Idli Pc Raw (1 Pkt =40pc),2026-09-24 to 2026-10-08,422.0,Pc,0.9983,"Posist item_sales qty_09-24_10-08 x menu_item_cost_lines.csv (base tab, sub-recipes expanded)",
Quest Mall,01-0016,Imli Water,2026-09-24 to 2026-10-08,0.657,Ltr,0.9983,"Posist item_sales qty_09-24_10-08 x menu_item_cost_lines.csv (base tab, sub-recipes expanded)",
Quest Mall,01-0016,Jain Sambar Bucket,2026-09-24 to 2026-10-08,137.4,Ltr,0.9983,"Posist item_sales qty_09-24_10-08 x menu_item_cost_lines.csv (base tab, sub-recipes expanded)",
Quest Mall,01-0016,Karam Podi Powder Bucket,2026-09-24 to 2026-10-08,0.56,Kg,0.9983,"Posist item_sales qty_09-24_10-08 x menu_item_cost_lines.csv (base tab, sub-recipes expanded)",
Quest Mall,01-0016,Kesari Halwa Mix  (1pkt = 550gm),2026-09-24 to 2026-10-08,3.381,Kg,0.9983,"Posist item_sales qty_09-24_10-08 x menu_item_cost_lines.csv (base tab, sub-recipes expanded)",
Quest Mall,01-0016,Korma Gravy Mix (1pkt=700gm),2026-09-24 to 2026-10-08,3.6,Kg,0.9983,"Posist item_sales qty_09-24_10-08 x menu_item_cost_lines.csv (base tab, sub-recipes expanded)",
Quest Mall,01-0016,Malabar Paratha  (1pkt= 6Pcs),2026-09-24 to 2026-10-08,40.0,Pc,0.9983,"Posist item_sales qty_09-24_10-08 x menu_item_cost_lines.csv (base tab, sub-recipes expanded)",
Quest Mall,01-0016,Malkapodi Bucket,2026-09-24 to 2026-10-08,0.41,Kg,0.9983,"Posist item_sales qty_09-24_10-08 x menu_item_cost_lines.csv (base tab, sub-recipes expanded)",
Quest Mall,01-0016,Medu Vada Batter Mix,2026-09-24 to 2026-10-08,15.419,Kg,0.9983,"Posist item_sales qty_09-24_10-08 x menu_item_cost_lines.csv (base tab, sub-recipes expanded)",
Quest Mall,01-0016,Mysore Chutney Bucket,2026-09-24 to 2026-10-08,2.58,Kg,0.9983,"Posist item_sales qty_09-24_10-08 x menu_item_cost_lines.csv (base tab, sub-recipes expanded)",
Quest Mall,01-0016,Potato Masala Mix (1Pkt = 90Gm),2026-09-24 to 2026-10-08,42.201,Pkt,0.9983,"Posist item_sales qty_09-24_10-08 x menu_item_cost_lines.csv (base tab, sub-recipes expanded)",100% via outlet sub-recipe
Quest Mall,01-0016,Rava Powder Mix,2026-09-24 to 2026-10-08,4.15,Kg,0.9983,"Posist item_sales qty_09-24_10-08 x menu_item_cost_lines.csv (base tab, sub-recipes expanded)",
Quest Mall,01-0016,Raw Mango Chutney Bucket,2026-09-24 to 2026-10-08,0.42,Kg,0.9983,"Posist item_sales qty_09-24_10-08 x menu_item_cost_lines.csv (base tab, sub-recipes expanded)",
Quest Mall,01-0016,Raw mango Powder Mix (1 Pkt = 13gm),2026-09-24 to 2026-10-08,0.049,Kg,0.9983,"Posist item_sales qty_09-24_10-08 x menu_item_cost_lines.csv (base tab, sub-recipes expanded)",
Quest Mall,01-0016,Sambar Bucket,2026-09-24 to 2026-10-08,404.0,Ltr,0.9983,"Posist item_sales qty_09-24_10-08 x menu_item_cost_lines.csv (base tab, sub-recipes expanded)",
Quest Mall,01-0016,Special Daal Bucket,2026-09-24 to 2026-10-08,5.773,Kg,0.9983,"Posist item_sales qty_09-24_10-08 x menu_item_cost_lines.csv (base tab, sub-recipes expanded)",
Quest Mall,01-0016,Special White Coconut Chutney Bucket,2026-09-24 to 2026-10-08,0.3,Kg,0.9983,"Posist item_sales qty_09-24_10-08 x menu_item_cost_lines.csv (base tab, sub-recipes expanded)",
Quest Mall,01-0016,Spicy Coconut Chutney Mix 1Pkt (16gm),2026-09-24 to 2026-10-08,0.587,Kg,0.9983,"Posist item_sales qty_09-24_10-08 x menu_item_cost_lines.csv (base tab, sub-recipes expanded)",
Quest Mall,01-0016,Srivilli Kheer (1 Pc),2026-09-24 to 2026-10-08,21.0,Pc,0.9983,"Posist item_sales qty_09-24_10-08 x menu_item_cost_lines.csv (base tab, sub-recipes expanded)",
Quest Mall,01-0016,Thatte Idli Pc Raw,2026-09-24 to 2026-10-08,57.0,Pc,0.9983,"Posist item_sales qty_09-24_10-08 x menu_item_cost_lines.csv (base tab, sub-recipes expanded)",
Quest Mall,01-0016,Thindi Malkapodi Powder Bucket,2026-09-24 to 2026-10-08,2.04,Kg,0.9983,"Posist item_sales qty_09-24_10-08 x menu_item_cost_lines.csv (base tab, sub-recipes expanded)",
Quest Mall,01-0016,Tomato Onion Powder Mix (1 Pkt = 24gm),2026-09-24 to 2026-10-08,0.062,Kg,0.9983,"Posist item_sales qty_09-24_10-08 x menu_item_cost_lines.csv (base tab, sub-recipes expanded)",
Quest Mall,01-0016,Upma Mix (1pkt = 300gm),2026-09-24 to 2026-10-08,0.9,Kg,0.9983,"Posist item_sales qty_09-24_10-08 x menu_item_cost_lines.csv (base tab, sub-recipes expanded)",
Rangoli Mall,01-0010,Benne Dosa Batter (Pack Size -3 Kg ),2026-09-24 to 2026-10-08,42.175,Kg,0.9989,"Posist item_sales qty_09-24_10-08 x menu_item_cost_lines.csv (base tab, sub-recipes expanded)",
Rangoli Mall,01-0010,Boiled & Mashed Potato (1Pkt = 3Kg),2026-09-24 to 2026-10-08,151.074,Kg,0.9989,"Posist item_sales qty_09-24_10-08 x menu_item_cost_lines.csv (base tab, sub-recipes expanded)",100% via outlet sub-recipe
Rangoli Mall,01-0010,Chaat Masala Bucket,2026-09-24 to 2026-10-08,0.426,Kg,0.9989,"Posist item_sales qty_09-24_10-08 x menu_item_cost_lines.csv (base tab, sub-recipes expanded)",
Rangoli Mall,01-0010,Coconut Shredded,2026-09-24 to 2026-10-08,124.434,Kg,0.9989,"Posist item_sales qty_09-24_10-08 x menu_item_cost_lines.csv (base tab, sub-recipes expanded)",
Rangoli Mall,01-0010,Dahi Bucket Mix (1pkt =105gm),2026-09-24 to 2026-10-08,2565.0,gm,0.9989,"Posist item_sales qty_09-24_10-08 x menu_item_cost_lines.csv (base tab, sub-recipes expanded)",
Rangoli Mall,01-0010,Dosa Batter Mix,2026-09-24 to 2026-10-08,270.394,Kg,0.9989,"Posist item_sales qty_09-24_10-08 x menu_item_cost_lines.csv (base tab, sub-recipes expanded)",
Rangoli Mall,01-0010,Filter Coffee Ice Cream (700gm= 1 Bucket),2026-09-24 to 2026-10-08,0.84,Kg,0.9989,"Posist item_sales qty_09-24_10-08 x menu_item_cost_lines.csv (base tab, sub-recipes expanded)",
Rangoli Mall,01-0010,Garam Masala Powder Bucket,2026-09-24 to 2026-10-08,0.007,Kg,0.9989,"Posist item_sales qty_09-24_10-08 x menu_item_cost_lines.csv (base tab, sub-recipes expanded)",
Rangoli Mall,01-0010,Garlic Chutney Bucket,2026-09-24 to 2026-10-08,22.44,Kg,0.9989,"Posist item_sales qty_09-24_10-08 x menu_item_cost_lines.csv (base tab, sub-recipes expanded)",
Rangoli Mall,01-0010,Idli Pc Raw (1 Pkt =40pc),2026-09-24 to 2026-10-08,874.0,Pc,0.9989,"Posist item_sales qty_09-24_10-08 x menu_item_cost_lines.csv (base tab, sub-recipes expanded)",
Rangoli Mall,01-0010,Imli Water,2026-09-24 to 2026-10-08,1.124,Ltr,0.9989,"Posist item_sales qty_09-24_10-08 x menu_item_cost_lines.csv (base tab, sub-recipes expanded)",
Rangoli Mall,01-0010,Jain Sambar Bucket,2026-09-24 to 2026-10-08,42.0,Ltr,0.9989,"Posist item_sales qty_09-24_10-08 x menu_item_cost_lines.csv (base tab, sub-recipes expanded)",
Rangoli Mall,01-0010,Karam Podi Powder Bucket,2026-09-24 to 2026-10-08,0.32,Kg,0.9989,"Posist item_sales qty_09-24_10-08 x menu_item_cost_lines.csv (base tab, sub-recipes expanded)",
Rangoli Mall,01-0010,Kesari Halwa Mix  (1pkt = 550gm),2026-09-24 to 2026-10-08,3.795,Kg,0.9989,"Posist item_sales qty_09-24_10-08 x menu_item_cost_lines.csv (base tab, sub-recipes expanded)",
Rangoli Mall,01-0010,Korma Gravy Mix (1pkt=700gm),2026-09-24 to 2026-10-08,11.16,Kg,0.9989,"Posist item_sales qty_09-24_10-08 x menu_item_cost_lines.csv (base tab, sub-recipes expanded)",
Rangoli Mall,01-0010,Lemon Rice Bucket,2026-09-24 to 2026-10-08,2.0,Kg,0.9989,"Posist item_sales qty_09-24_10-08 x menu_item_cost_lines.csv (base tab, sub-recipes expanded)",
Rangoli Mall,01-0010,Malabar Paratha  (1pkt= 6Pcs),2026-09-24 to 2026-10-08,124.0,Pc,0.9989,"Posist item_sales qty_09-24_10-08 x menu_item_cost_lines.csv (base tab, sub-recipes expanded)",
Rangoli Mall,01-0010,Malkapodi Bucket,2026-09-24 to 2026-10-08,1.685,Kg,0.9989,"Posist item_sales qty_09-24_10-08 x menu_item_cost_lines.csv (base tab, sub-recipes expanded)",
Rangoli Mall,01-0010,Medu Vada Batter Mix,2026-09-24 to 2026-10-08,41.381,Kg,0.9989,"Posist item_sales qty_09-24_10-08 x menu_item_cost_lines.csv (base tab, sub-recipes expanded)",
Rangoli Mall,01-0010,Mysore Chutney Bucket,2026-09-24 to 2026-10-08,7.66,Kg,0.9989,"Posist item_sales qty_09-24_10-08 x menu_item_cost_lines.csv (base tab, sub-recipes expanded)",
Rangoli Mall,01-0010,Potato Masala Mix (1Pkt = 90Gm),2026-09-24 to 2026-10-08,50.358,Pkt,0.9989,"Posist item_sales qty_09-24_10-08 x menu_item_cost_lines.csv (base tab, sub-recipes expanded)",100% via outlet sub-recipe
Rangoli Mall,01-0010,Rasam Bucket,2026-09-24 to 2026-10-08,4.35,Ltr,0.9989,"Posist item_sales qty_09-24_10-08 x menu_item_cost_lines.csv (base tab, sub-recipes expanded)",
Rangoli Mall,01-0010,Rava Powder Mix,2026-09-24 to 2026-10-08,2.4,Kg,0.9989,"Posist item_sales qty_09-24_10-08 x menu_item_cost_lines.csv (base tab, sub-recipes expanded)",
Rangoli Mall,01-0010,Raw Mango Chutney Bucket,2026-09-24 to 2026-10-08,0.36,Kg,0.9989,"Posist item_sales qty_09-24_10-08 x menu_item_cost_lines.csv (base tab, sub-recipes expanded)",
Rangoli Mall,01-0010,Raw Mango Pickle Bucket,2026-09-24 to 2026-10-08,0.09,Kg,0.9989,"Posist item_sales qty_09-24_10-08 x menu_item_cost_lines.csv (base tab, sub-recipes expanded)",
Rangoli Mall,01-0010,Raw mango Powder Mix (1 Pkt = 13gm),2026-09-24 to 2026-10-08,0.108,Kg,0.9989,"Posist item_sales qty_09-24_10-08 x menu_item_cost_lines.csv (base tab, sub-recipes expanded)",
Rangoli Mall,01-0010,Sambar Bucket,2026-09-24 to 2026-10-08,567.6,Ltr,0.9989,"Posist item_sales qty_09-24_10-08 x menu_item_cost_lines.csv (base tab, sub-recipes expanded)",
Rangoli Mall,01-0010,Special Daal Bucket,2026-09-24 to 2026-10-08,8.656,Kg,0.9989,"Posist item_sales qty_09-24_10-08 x menu_item_cost_lines.csv (base tab, sub-recipes expanded)",
Rangoli Mall,01-0010,Special White Coconut Chutney Bucket,2026-09-24 to 2026-10-08,3.7,Kg,0.9989,"Posist item_sales qty_09-24_10-08 x menu_item_cost_lines.csv (base tab, sub-recipes expanded)",
Rangoli Mall,01-0010,Spicy Coconut Chutney Mix 1Pkt (16gm),2026-09-24 to 2026-10-08,0.929,Kg,0.9989,"Posist item_sales qty_09-24_10-08 x menu_item_cost_lines.csv (base tab, sub-recipes expanded)",
Rangoli Mall,01-0010,Srivilli Kheer (1 Pc),2026-09-24 to 2026-10-08,66.0,Pc,0.9989,"Posist item_sales qty_09-24_10-08 x menu_item_cost_lines.csv (base tab, sub-recipes expanded)",
Rangoli Mall,01-0010,Steam Rice Bucket,2026-09-24 to 2026-10-08,3.099,Kg,0.9989,"Posist item_sales qty_09-24_10-08 x menu_item_cost_lines.csv (base tab, sub-recipes expanded)",
Rangoli Mall,01-0010,Thatte Idli Pc Raw,2026-09-24 to 2026-10-08,94.0,Pc,0.9989,"Posist item_sales qty_09-24_10-08 x menu_item_cost_lines.csv (base tab, sub-recipes expanded)",
Rangoli Mall,01-0010,Thindi Malkapodi Powder Bucket,2026-09-24 to 2026-10-08,2.76,Kg,0.9989,"Posist item_sales qty_09-24_10-08 x menu_item_cost_lines.csv (base tab, sub-recipes expanded)",
Rangoli Mall,01-0010,Tomato Onion Powder Mix (1 Pkt = 24gm),2026-09-24 to 2026-10-08,0.18,Kg,0.9989,"Posist item_sales qty_09-24_10-08 x menu_item_cost_lines.csv (base tab, sub-recipes expanded)",
Rangoli Mall,01-0010,Upma Mix (1pkt = 300gm),2026-09-24 to 2026-10-08,1.14,Kg,0.9989,"Posist item_sales qty_09-24_10-08 x menu_item_cost_lines.csv (base tab, sub-recipes expanded)",
Rohini Sec-7,02-0008,Benne Dosa Batter (Pack Size -3 Kg ),2026-09-24 to 2026-10-08,118.3,Kg,0.9989,"Posist item_sales qty_09-24_10-08 x menu_item_cost_lines.csv (base tab, sub-recipes expanded)",Delhi dishes carry 3 chutneys by design
Rohini Sec-7,02-0008,Boiled & Mashed Potato (1Pkt = 3Kg),2026-09-24 to 2026-10-08,186.6,Kg,0.9989,"Posist item_sales qty_09-24_10-08 x menu_item_cost_lines.csv (base tab, sub-recipes expanded)",88% via outlet sub-recipe; Delhi dishes carry 3 chutneys by design
Rohini Sec-7,02-0008,Boondi,2026-09-24 to 2026-10-08,1.245,Kg,0.9989,"Posist item_sales qty_09-24_10-08 x menu_item_cost_lines.csv (base tab, sub-recipes expanded)",Delhi dishes carry 3 chutneys by design
Rohini Sec-7,02-0008,Chaat Masala Bucket,2026-09-24 to 2026-10-08,0.513,Kg,0.9989,"Posist item_sales qty_09-24_10-08 x menu_item_cost_lines.csv (base tab, sub-recipes expanded)",Delhi dishes carry 3 chutneys by design
Rohini Sec-7,02-0008,Coconut Shredded,2026-09-24 to 2026-10-08,207.307,Kg,0.9989,"Posist item_sales qty_09-24_10-08 x menu_item_cost_lines.csv (base tab, sub-recipes expanded)",1% via outlet sub-recipe; Delhi dishes carry 3 chutneys by design
Rohini Sec-7,02-0008,Dahi Bucket Mix (1pkt =105gm),2026-09-24 to 2026-10-08,1815.0,gm,0.9989,"Posist item_sales qty_09-24_10-08 x menu_item_cost_lines.csv (base tab, sub-recipes expanded)",Delhi dishes carry 3 chutneys by design
Rohini Sec-7,02-0008,Dosa Batter Mix,2026-09-24 to 2026-10-08,332.675,Kg,0.9989,"Posist item_sales qty_09-24_10-08 x menu_item_cost_lines.csv (base tab, sub-recipes expanded)",Delhi dishes carry 3 chutneys by design
Rohini Sec-7,02-0008,Frozen Medu Vada (10pc),2026-09-24 to 2026-10-08,753.0,Pc,0.9989,"Posist item_sales qty_09-24_10-08 x menu_item_cost_lines.csv (base tab, sub-recipes expanded)",Delhi dishes carry 3 chutneys by design
Rohini Sec-7,02-0008,Garam Masala Powder Bucket,2026-09-24 to 2026-10-08,0.026,Kg,0.9989,"Posist item_sales qty_09-24_10-08 x menu_item_cost_lines.csv (base tab, sub-recipes expanded)",Delhi dishes carry 3 chutneys by design
Rohini Sec-7,02-0008,Garlic Chutney Bucket,2026-09-24 to 2026-10-08,13.38,Kg,0.9989,"Posist item_sales qty_09-24_10-08 x menu_item_cost_lines.csv (base tab, sub-recipes expanded)",Delhi dishes carry 3 chutneys by design
Rohini Sec-7,02-0008,Idli Pc Raw (1 Pkt =40pc),2026-09-24 to 2026-10-08,1323.0,Pc,0.9989,"Posist item_sales qty_09-24_10-08 x menu_item_cost_lines.csv (base tab, sub-recipes expanded)",Delhi dishes carry 3 chutneys by design
Rohini Sec-7,02-0008,Imli Water,2026-09-24 to 2026-10-08,13.816,Ltr,0.9989,"Posist item_sales qty_09-24_10-08 x menu_item_cost_lines.csv (base tab, sub-recipes expanded)",Delhi dishes carry 3 chutneys by design
Rohini Sec-7,02-0008,Jain Sambar - Delhi,2026-09-24 to 2026-10-08,34.6,Ltr,0.9989,"Posist item_sales qty_09-24_10-08 x menu_item_cost_lines.csv (base tab, sub-recipes expanded)",Delhi dishes carry 3 chutneys by design
Rohini Sec-7,02-0008,Karam Podi Powder Bucket,2026-09-24 to 2026-10-08,3.0,Kg,0.9989,"Posist item_sales qty_09-24_10-08 x menu_item_cost_lines.csv (base tab, sub-recipes expanded)",Delhi dishes carry 3 chutneys by design
Rohini Sec-7,02-0008,Kesari Halwa Mix  (1pkt = 550gm),2026-09-24 to 2026-10-08,3.243,Kg,0.9989,"Posist item_sales qty_09-24_10-08 x menu_item_cost_lines.csv (base tab, sub-recipes expanded)",Delhi dishes carry 3 chutneys by design
Rohini Sec-7,02-0008,Korma Gravy Mix (1pkt=700gm),2026-09-24 to 2026-10-08,16.02,Kg,0.9989,"Posist item_sales qty_09-24_10-08 x menu_item_cost_lines.csv (base tab, sub-recipes expanded)",Delhi dishes carry 3 chutneys by design
Rohini Sec-7,02-0008,Lemon Rice Bucket,2026-09-24 to 2026-10-08,4.6,Kg,0.9989,"Posist item_sales qty_09-24_10-08 x menu_item_cost_lines.csv (base tab, sub-recipes expanded)",Delhi dishes carry 3 chutneys by design
Rohini Sec-7,02-0008,Malabar Paratha  (1pkt= 6Pcs),2026-09-24 to 2026-10-08,182.0,Pc,0.9989,"Posist item_sales qty_09-24_10-08 x menu_item_cost_lines.csv (base tab, sub-recipes expanded)",Delhi dishes carry 3 chutneys by design
Rohini Sec-7,02-0008,Malkapodi Bucket,2026-09-24 to 2026-10-08,6.895,Kg,0.9989,"Posist item_sales qty_09-24_10-08 x menu_item_cost_lines.csv (base tab, sub-recipes expanded)",Delhi dishes carry 3 chutneys by design
Rohini Sec-7,02-0008,Mysore Chutney Bucket,2026-09-24 to 2026-10-08,13.59,Kg,0.9989,"Posist item_sales qty_09-24_10-08 x menu_item_cost_lines.csv (base tab, sub-recipes expanded)",Delhi dishes carry 3 chutneys by design
Rohini Sec-7,02-0008,Potato Masala Bucket,2026-09-24 to 2026-10-08,13.4,Kg,0.9989,"Posist item_sales qty_09-24_10-08 x menu_item_cost_lines.csv (base tab, sub-recipes expanded)",Delhi dishes carry 3 chutneys by design
Rohini Sec-7,02-0008,Potato Masala Mix (1Pkt = 90Gm),2026-09-24 to 2026-10-08,62.125,Pkt,0.9989,"Posist item_sales qty_09-24_10-08 x menu_item_cost_lines.csv (base tab, sub-recipes expanded)",88% via outlet sub-recipe; Delhi dishes carry 3 chutneys by design
Rohini Sec-7,02-0008,Rasam Bucket,2026-09-24 to 2026-10-08,5.0,Ltr,0.9989,"Posist item_sales qty_09-24_10-08 x menu_item_cost_lines.csv (base tab, sub-recipes expanded)",Delhi dishes carry 3 chutneys by design
Rohini Sec-7,02-0008,Rava Powder Mix,2026-09-24 to 2026-10-08,4.8,Kg,0.9989,"Posist item_sales qty_09-24_10-08 x menu_item_cost_lines.csv (base tab, sub-recipes expanded)",Delhi dishes carry 3 chutneys by design
Rohini Sec-7,02-0008,Raw Mango Chutney Bucket,2026-09-24 to 2026-10-08,5.08,Kg,0.9989,"Posist item_sales qty_09-24_10-08 x menu_item_cost_lines.csv (base tab, sub-recipes expanded)",Delhi dishes carry 3 chutneys by design
Rohini Sec-7,02-0008,Raw Mango Pickle Bucket,2026-09-24 to 2026-10-08,0.35,Kg,0.9989,"Posist item_sales qty_09-24_10-08 x menu_item_cost_lines.csv (base tab, sub-recipes expanded)",Delhi dishes carry 3 chutneys by design
Rohini Sec-7,02-0008,Regular White Chutney Bucket,2026-09-24 to 2026-10-08,11.25,Kg,0.9989,"Posist item_sales qty_09-24_10-08 x menu_item_cost_lines.csv (base tab, sub-recipes expanded)",100% of qty from lines marked (Inactive) in recipe; Delhi dishes carry 3 chutneys by design
Rohini Sec-7,02-0008,Sambar Bucket,2026-09-24 to 2026-10-08,4.0,Ltr,0.9989,"Posist item_sales qty_09-24_10-08 x menu_item_cost_lines.csv (base tab, sub-recipes expanded)",Delhi dishes carry 3 chutneys by design
Rohini Sec-7,02-0008,Sambar Bucket - Delhi,2026-09-24 to 2026-10-08,1018.8,Ltr,0.9989,"Posist item_sales qty_09-24_10-08 x menu_item_cost_lines.csv (base tab, sub-recipes expanded)",Delhi dishes carry 3 chutneys by design
Rohini Sec-7,02-0008,Special Daal Bucket,2026-09-24 to 2026-10-08,7.683,Kg,0.9989,"Posist item_sales qty_09-24_10-08 x menu_item_cost_lines.csv (base tab, sub-recipes expanded)",Delhi dishes carry 3 chutneys by design
Rohini Sec-7,02-0008,Special White Coconut Chutney Bucket,2026-09-24 to 2026-10-08,1.5,Kg,0.9989,"Posist item_sales qty_09-24_10-08 x menu_item_cost_lines.csv (base tab, sub-recipes expanded)",Delhi dishes carry 3 chutneys by design
Rohini Sec-7,02-0008,Spicy Coconut Chutney Mix 1Pkt (16gm),2026-09-24 to 2026-10-08,10.031,Kg,0.9989,"Posist item_sales qty_09-24_10-08 x menu_item_cost_lines.csv (base tab, sub-recipes expanded)",Delhi dishes carry 3 chutneys by design
Rohini Sec-7,02-0008,Srivilli Kheer (1 Pc),2026-09-24 to 2026-10-08,32.0,Pc,0.9989,"Posist item_sales qty_09-24_10-08 x menu_item_cost_lines.csv (base tab, sub-recipes expanded)",Delhi dishes carry 3 chutneys by design
Rohini Sec-7,02-0008,Steam Rice Bucket,2026-09-24 to 2026-10-08,9.35,Kg,0.9989,"Posist item_sales qty_09-24_10-08 x menu_item_cost_lines.csv (base tab, sub-recipes expanded)",Delhi dishes carry 3 chutneys by design
Rohini Sec-7,02-0008,Sugar Syrup Bucket,2026-09-24 to 2026-10-08,1.95,Ltr,0.9989,"Posist item_sales qty_09-24_10-08 x menu_item_cost_lines.csv (base tab, sub-recipes expanded)",Delhi dishes carry 3 chutneys by design
Rohini Sec-7,02-0008,Thatte Idli Pc Raw,2026-09-24 to 2026-10-08,311.0,Pc,0.9989,"Posist item_sales qty_09-24_10-08 x menu_item_cost_lines.csv (base tab, sub-recipes expanded)",Delhi dishes carry 3 chutneys by design
Rohini Sec-7,02-0008,Thindi Malkapodi Powder Bucket,2026-09-24 to 2026-10-08,5.365,Kg,0.9989,"Posist item_sales qty_09-24_10-08 x menu_item_cost_lines.csv (base tab, sub-recipes expanded)",Delhi dishes carry 3 chutneys by design
Rohini Sec-7,02-0008,Tomato Onion Chutney Bucket,2026-09-24 to 2026-10-08,210.67,Kg,0.9989,"Posist item_sales qty_09-24_10-08 x menu_item_cost_lines.csv (base tab, sub-recipes expanded)",Delhi dishes carry 3 chutneys by design
Rohini Sec-7,02-0008,Tomato Onion Powder Mix (1 Pkt = 24gm),2026-09-24 to 2026-10-08,0.441,Kg,0.9989,"Posist item_sales qty_09-24_10-08 x menu_item_cost_lines.csv (base tab, sub-recipes expanded)",Delhi dishes carry 3 chutneys by design
Rohini Sec-7,02-0008,Upma Mix (1pkt = 300gm),2026-09-24 to 2026-10-08,2.04,Kg,0.9989,"Posist item_sales qty_09-24_10-08 x menu_item_cost_lines.csv (base tab, sub-recipes expanded)",Delhi dishes carry 3 chutneys by design
Rosedale Plaza,01-0006,Benne Dosa Batter (Pack Size -3 Kg ),2026-09-24 to 2026-10-08,77.4,Kg,0.9998,"Posist item_sales qty_09-24_10-08 x menu_item_cost_lines.csv (base tab, sub-recipes expanded)",
Rosedale Plaza,01-0006,Boiled & Mashed Potato (1Pkt = 3Kg),2026-09-24 to 2026-10-08,231.6,Kg,0.9998,"Posist item_sales qty_09-24_10-08 x menu_item_cost_lines.csv (base tab, sub-recipes expanded)",100% via outlet sub-recipe
Rosedale Plaza,01-0006,Chaat Masala Bucket,2026-09-24 to 2026-10-08,0.315,Kg,0.9998,"Posist item_sales qty_09-24_10-08 x menu_item_cost_lines.csv (base tab, sub-recipes expanded)",
Rosedale Plaza,01-0006,Coconut Shredded,2026-09-24 to 2026-10-08,181.396,Kg,0.9998,"Posist item_sales qty_09-24_10-08 x menu_item_cost_lines.csv (base tab, sub-recipes expanded)",
Rosedale Plaza,01-0006,Dahi Bucket Mix (1pkt =105gm),2026-09-24 to 2026-10-08,2810.0,gm,0.9998,"Posist item_sales qty_09-24_10-08 x menu_item_cost_lines.csv (base tab, sub-recipes expanded)",
Rosedale Plaza,01-0006,Dosa Batter Mix,2026-09-24 to 2026-10-08,320.936,Kg,0.9998,"Posist item_sales qty_09-24_10-08 x menu_item_cost_lines.csv (base tab, sub-recipes expanded)",
Rosedale Plaza,01-0006,Filter Coffee Ice Cream (700gm= 1 Bucket),2026-09-24 to 2026-10-08,2.4,Kg,0.9998,"Posist item_sales qty_09-24_10-08 x menu_item_cost_lines.csv (base tab, sub-recipes expanded)",
Rosedale Plaza,01-0006,Garlic Chutney Bucket,2026-09-24 to 2026-10-08,13.125,Kg,0.9998,"Posist item_sales qty_09-24_10-08 x menu_item_cost_lines.csv (base tab, sub-recipes expanded)",
Rosedale Plaza,01-0006,Idli Pc Raw (1 Pkt =40pc),2026-09-24 to 2026-10-08,1651.0,Pc,0.9998,"Posist item_sales qty_09-24_10-08 x menu_item_cost_lines.csv (base tab, sub-recipes expanded)",
Rosedale Plaza,01-0006,Imli Water,2026-09-24 to 2026-10-08,1.944,Ltr,0.9998,"Posist item_sales qty_09-24_10-08 x menu_item_cost_lines.csv (base tab, sub-recipes expanded)",
Rosedale Plaza,01-0006,Jain Sambar Bucket,2026-09-24 to 2026-10-08,40.2,Ltr,0.9998,"Posist item_sales qty_09-24_10-08 x menu_item_cost_lines.csv (base tab, sub-recipes expanded)",
Rosedale Plaza,01-0006,Karam Podi Powder Bucket,2026-09-24 to 2026-10-08,1.24,Kg,0.9998,"Posist item_sales qty_09-24_10-08 x menu_item_cost_lines.csv (base tab, sub-recipes expanded)",
Rosedale Plaza,01-0006,Kesari Halwa Mix  (1pkt = 550gm),2026-09-24 to 2026-10-08,5.865,Kg,0.9998,"Posist item_sales qty_09-24_10-08 x menu_item_cost_lines.csv (base tab, sub-recipes expanded)",
Rosedale Plaza,01-0006,Korma Gravy Mix (1pkt=700gm),2026-09-24 to 2026-10-08,25.38,Kg,0.9998,"Posist item_sales qty_09-24_10-08 x menu_item_cost_lines.csv (base tab, sub-recipes expanded)",
Rosedale Plaza,01-0006,Malabar Paratha  (1pkt= 6Pcs),2026-09-24 to 2026-10-08,282.0,Pc,0.9998,"Posist item_sales qty_09-24_10-08 x menu_item_cost_lines.csv (base tab, sub-recipes expanded)",
Rosedale Plaza,01-0006,Malkapodi Bucket,2026-09-24 to 2026-10-08,1.245,Kg,0.9998,"Posist item_sales qty_09-24_10-08 x menu_item_cost_lines.csv (base tab, sub-recipes expanded)",
Rosedale Plaza,01-0006,Medu Vada Batter Mix,2026-09-24 to 2026-10-08,62.72,Kg,0.9998,"Posist item_sales qty_09-24_10-08 x menu_item_cost_lines.csv (base tab, sub-recipes expanded)",
Rosedale Plaza,01-0006,Mysore Chutney Bucket,2026-09-24 to 2026-10-08,12.06,Kg,0.9998,"Posist item_sales qty_09-24_10-08 x menu_item_cost_lines.csv (base tab, sub-recipes expanded)",
Rosedale Plaza,01-0006,Potato Masala Mix (1Pkt = 90Gm),2026-09-24 to 2026-10-08,77.2,Pkt,0.9998,"Posist item_sales qty_09-24_10-08 x menu_item_cost_lines.csv (base tab, sub-recipes expanded)",100% via outlet sub-recipe
Rosedale Plaza,01-0006,Rava Powder Mix,2026-09-24 to 2026-10-08,7.25,Kg,0.9998,"Posist item_sales qty_09-24_10-08 x menu_item_cost_lines.csv (base tab, sub-recipes expanded)",
Rosedale Plaza,01-0006,Raw Mango Chutney Bucket,2026-09-24 to 2026-10-08,1.38,Kg,0.9998,"Posist item_sales qty_09-24_10-08 x menu_item_cost_lines.csv (base tab, sub-recipes expanded)",
Rosedale Plaza,01-0006,Raw mango Powder Mix (1 Pkt = 13gm),2026-09-24 to 2026-10-08,0.143,Kg,0.9998,"Posist item_sales qty_09-24_10-08 x menu_item_cost_lines.csv (base tab, sub-recipes expanded)",
Rosedale Plaza,01-0006,Sambar Bucket,2026-09-24 to 2026-10-08,831.4,Ltr,0.9998,"Posist item_sales qty_09-24_10-08 x menu_item_cost_lines.csv (base tab, sub-recipes expanded)",
Rosedale Plaza,01-0006,Special Daal Bucket,2026-09-24 to 2026-10-08,12.656,Kg,0.9998,"Posist item_sales qty_09-24_10-08 x menu_item_cost_lines.csv (base tab, sub-recipes expanded)",
Rosedale Plaza,01-0006,Special White Coconut Chutney Bucket,2026-09-24 to 2026-10-08,2.85,Kg,0.9998,"Posist item_sales qty_09-24_10-08 x menu_item_cost_lines.csv (base tab, sub-recipes expanded)",
Rosedale Plaza,01-0006,Spicy Coconut Chutney Mix 1Pkt (16gm),2026-09-24 to 2026-10-08,1.59,Kg,0.9998,"Posist item_sales qty_09-24_10-08 x menu_item_cost_lines.csv (base tab, sub-recipes expanded)",
Rosedale Plaza,01-0006,Srivilli Kheer (1 Pc),2026-09-24 to 2026-10-08,86.0,Pc,0.9998,"Posist item_sales qty_09-24_10-08 x menu_item_cost_lines.csv (base tab, sub-recipes expanded)",
Rosedale Plaza,01-0006,Thatte Idli Pc Raw,2026-09-24 to 2026-10-08,146.0,Pc,0.9998,"Posist item_sales qty_09-24_10-08 x menu_item_cost_lines.csv (base tab, sub-recipes expanded)",
Rosedale Plaza,01-0006,Thindi Malkapodi Powder Bucket,2026-09-24 to 2026-10-08,3.31,Kg,0.9998,"Posist item_sales qty_09-24_10-08 x menu_item_cost_lines.csv (base tab, sub-recipes expanded)",
Rosedale Plaza,01-0006,Tomato Onion Powder Mix (1 Pkt = 24gm),2026-09-24 to 2026-10-08,0.294,Kg,0.9998,"Posist item_sales qty_09-24_10-08 x menu_item_cost_lines.csv (base tab, sub-recipes expanded)",
Rosedale Plaza,01-0006,Upma Mix (1pkt = 300gm),2026-09-24 to 2026-10-08,1.32,Kg,0.9998,"Posist item_sales qty_09-24_10-08 x menu_item_cost_lines.csv (base tab, sub-recipes expanded)",
Salt Lake,002,Benne Dosa Batter (Pack Size -3 Kg ),2026-09-24 to 2026-10-08,77.275,Kg,0.9997,"Posist item_sales qty_09-24_10-08 x menu_item_cost_lines.csv (base tab, sub-recipes expanded)",
Salt Lake,002,Boiled & Mashed Potato (1Pkt = 3Kg),2026-09-24 to 2026-10-08,240.573,Kg,0.9997,"Posist item_sales qty_09-24_10-08 x menu_item_cost_lines.csv (base tab, sub-recipes expanded)",100% via outlet sub-recipe
Salt Lake,002,Chaat Masala Bucket,2026-09-24 to 2026-10-08,0.614,Kg,0.9997,"Posist item_sales qty_09-24_10-08 x menu_item_cost_lines.csv (base tab, sub-recipes expanded)",
Salt Lake,002,Coconut Shredded,2026-09-24 to 2026-10-08,218.111,Kg,0.9997,"Posist item_sales qty_09-24_10-08 x menu_item_cost_lines.csv (base tab, sub-recipes expanded)",
Salt Lake,002,Dahi Bucket Mix (1pkt =105gm),2026-09-24 to 2026-10-08,4630.0,gm,0.9997,"Posist item_sales qty_09-24_10-08 x menu_item_cost_lines.csv (base tab, sub-recipes expanded)",
Salt Lake,002,Dosa Batter Mix,2026-09-24 to 2026-10-08,400.898,Kg,0.9997,"Posist item_sales qty_09-24_10-08 x menu_item_cost_lines.csv (base tab, sub-recipes expanded)",
Salt Lake,002,Filter Coffee Ice Cream (700gm= 1 Bucket),2026-09-24 to 2026-10-08,4.2,Kg,0.9997,"Posist item_sales qty_09-24_10-08 x menu_item_cost_lines.csv (base tab, sub-recipes expanded)",
Salt Lake,002,Garlic Chutney Bucket,2026-09-24 to 2026-10-08,11.85,Kg,0.9997,"Posist item_sales qty_09-24_10-08 x menu_item_cost_lines.csv (base tab, sub-recipes expanded)",
Salt Lake,002,Idli Pc Raw (1 Pkt =40pc),2026-09-24 to 2026-10-08,1789.0,Pc,0.9997,"Posist item_sales qty_09-24_10-08 x menu_item_cost_lines.csv (base tab, sub-recipes expanded)",
Salt Lake,002,Imli Water,2026-09-24 to 2026-10-08,3.442,Ltr,0.9997,"Posist item_sales qty_09-24_10-08 x menu_item_cost_lines.csv (base tab, sub-recipes expanded)",
Salt Lake,002,Jain Sambar Bucket,2026-09-24 to 2026-10-08,51.0,Ltr,0.9997,"Posist item_sales qty_09-24_10-08 x menu_item_cost_lines.csv (base tab, sub-recipes expanded)",
Salt Lake,002,Karam Podi Powder Bucket,2026-09-24 to 2026-10-08,1.92,Kg,0.9997,"Posist item_sales qty_09-24_10-08 x menu_item_cost_lines.csv (base tab, sub-recipes expanded)",
Salt Lake,002,Kesari Halwa Mix  (1pkt = 550gm),2026-09-24 to 2026-10-08,7.935,Kg,0.9997,"Posist item_sales qty_09-24_10-08 x menu_item_cost_lines.csv (base tab, sub-recipes expanded)",
Salt Lake,002,Korma Gravy Mix (1pkt=700gm),2026-09-24 to 2026-10-08,32.796,Kg,0.9997,"Posist item_sales qty_09-24_10-08 x menu_item_cost_lines.csv (base tab, sub-recipes expanded)",
Salt Lake,002,Malabar Paratha  (1pkt= 6Pcs),2026-09-24 to 2026-10-08,377.0,Pc,0.9997,"Posist item_sales qty_09-24_10-08 x menu_item_cost_lines.csv (base tab, sub-recipes expanded)",
Salt Lake,002,Malkapodi Bucket,2026-09-24 to 2026-10-08,3.875,Kg,0.9997,"Posist item_sales qty_09-24_10-08 x menu_item_cost_lines.csv (base tab, sub-recipes expanded)",
Salt Lake,002,Medu Vada Batter Mix,2026-09-24 to 2026-10-08,79.466,Kg,0.9997,"Posist item_sales qty_09-24_10-08 x menu_item_cost_lines.csv (base tab, sub-recipes expanded)",
Salt Lake,002,Mysore Chutney Bucket,2026-09-24 to 2026-10-08,12.28,Kg,0.9997,"Posist item_sales qty_09-24_10-08 x menu_item_cost_lines.csv (base tab, sub-recipes expanded)",
Salt Lake,002,Potato Masala Mix (1Pkt = 90Gm),2026-09-24 to 2026-10-08,80.191,Pkt,0.9997,"Posist item_sales qty_09-24_10-08 x menu_item_cost_lines.csv (base tab, sub-recipes expanded)",100% via outlet sub-recipe
Salt Lake,002,Rasam Bucket,2026-09-24 to 2026-10-08,9.15,Ltr,0.9997,"Posist item_sales qty_09-24_10-08 x menu_item_cost_lines.csv (base tab, sub-recipes expanded)",
Salt Lake,002,Rava Powder Mix,2026-09-24 to 2026-10-08,8.6,Kg,0.9997,"Posist item_sales qty_09-24_10-08 x menu_item_cost_lines.csv (base tab, sub-recipes expanded)",
Salt Lake,002,Raw Mango Chutney Bucket,2026-09-24 to 2026-10-08,0.48,Kg,0.9997,"Posist item_sales qty_09-24_10-08 x menu_item_cost_lines.csv (base tab, sub-recipes expanded)",
Salt Lake,002,Raw mango Powder Mix (1 Pkt = 13gm),2026-09-24 to 2026-10-08,0.257,Kg,0.9997,"Posist item_sales qty_09-24_10-08 x menu_item_cost_lines.csv (base tab, sub-recipes expanded)",
Salt Lake,002,Sambar Bucket,2026-09-24 to 2026-10-08,1002.6,Ltr,0.9997,"Posist item_sales qty_09-24_10-08 x menu_item_cost_lines.csv (base tab, sub-recipes expanded)",
Salt Lake,002,Special Daal Bucket,2026-09-24 to 2026-10-08,15.15,Kg,0.9997,"Posist item_sales qty_09-24_10-08 x menu_item_cost_lines.csv (base tab, sub-recipes expanded)",
Salt Lake,002,Special White Coconut Chutney Bucket,2026-09-24 to 2026-10-08,10.5,Kg,0.9997,"Posist item_sales qty_09-24_10-08 x menu_item_cost_lines.csv (base tab, sub-recipes expanded)",
Salt Lake,002,Spicy Coconut Chutney Mix 1Pkt (16gm),2026-09-24 to 2026-10-08,3.096,Kg,0.9997,"Posist item_sales qty_09-24_10-08 x menu_item_cost_lines.csv (base tab, sub-recipes expanded)",
Salt Lake,002,Srivilli Kheer (1 Pc),2026-09-24 to 2026-10-08,97.0,Pc,0.9997,"Posist item_sales qty_09-24_10-08 x menu_item_cost_lines.csv (base tab, sub-recipes expanded)",
Salt Lake,002,Thatte Idli Pc Raw,2026-09-24 to 2026-10-08,319.0,Pc,0.9997,"Posist item_sales qty_09-24_10-08 x menu_item_cost_lines.csv (base tab, sub-recipes expanded)",
Salt Lake,002,Thindi Malkapodi Powder Bucket,2026-09-24 to 2026-10-08,9.315,Kg,0.9997,"Posist item_sales qty_09-24_10-08 x menu_item_cost_lines.csv (base tab, sub-recipes expanded)",
Salt Lake,002,Tomato Onion Powder Mix (1 Pkt = 24gm),2026-09-24 to 2026-10-08,0.471,Kg,0.9997,"Posist item_sales qty_09-24_10-08 x menu_item_cost_lines.csv (base tab, sub-recipes expanded)",
Salt Lake,002,Upma Mix (1pkt = 300gm),2026-09-24 to 2026-10-08,5.04,Kg,0.9997,"Posist item_sales qty_09-24_10-08 x menu_item_cost_lines.csv (base tab, sub-recipes expanded)",
Salt Lake Sec-1,0009,Benne Dosa Batter (Pack Size -3 Kg ),2026-09-24 to 2026-10-08,97.475,Kg,0.999,"Posist item_sales qty_09-24_10-08 x menu_item_cost_lines.csv (base tab, sub-recipes expanded)",
Salt Lake Sec-1,0009,Boiled & Mashed Potato (1Pkt = 3Kg),2026-09-24 to 2026-10-08,212.445,Kg,0.999,"Posist item_sales qty_09-24_10-08 x menu_item_cost_lines.csv (base tab, sub-recipes expanded)",100% via outlet sub-recipe
Salt Lake Sec-1,0009,Chaat Masala Bucket,2026-09-24 to 2026-10-08,0.725,Kg,0.999,"Posist item_sales qty_09-24_10-08 x menu_item_cost_lines.csv (base tab, sub-recipes expanded)",
Salt Lake Sec-1,0009,Coconut Shredded,2026-09-24 to 2026-10-08,217.057,Kg,0.999,"Posist item_sales qty_09-24_10-08 x menu_item_cost_lines.csv (base tab, sub-recipes expanded)",
Salt Lake Sec-1,0009,Dahi Bucket Mix (1pkt =105gm),2026-09-24 to 2026-10-08,4305.0,gm,0.999,"Posist item_sales qty_09-24_10-08 x menu_item_cost_lines.csv (base tab, sub-recipes expanded)",
Salt Lake Sec-1,0009,Dosa Batter Mix,2026-09-24 to 2026-10-08,377.298,Kg,0.999,"Posist item_sales qty_09-24_10-08 x menu_item_cost_lines.csv (base tab, sub-recipes expanded)",
Salt Lake Sec-1,0009,Filter Coffee Ice Cream (700gm= 1 Bucket),2026-09-24 to 2026-10-08,5.4,Kg,0.999,"Posist item_sales qty_09-24_10-08 x menu_item_cost_lines.csv (base tab, sub-recipes expanded)",
Salt Lake Sec-1,0009,Garam Masala Powder Bucket,2026-09-24 to 2026-10-08,0.029,Kg,0.999,"Posist item_sales qty_09-24_10-08 x menu_item_cost_lines.csv (base tab, sub-recipes expanded)",
Salt Lake Sec-1,0009,Garlic Chutney Bucket,2026-09-24 to 2026-10-08,18.45,Kg,0.999,"Posist item_sales qty_09-24_10-08 x menu_item_cost_lines.csv (base tab, sub-recipes expanded)",
Salt Lake Sec-1,0009,Idli Pc Raw (1 Pkt =40pc),2026-09-24 to 2026-10-08,2040.0,Pc,0.999,"Posist item_sales qty_09-24_10-08 x menu_item_cost_lines.csv (base tab, sub-recipes expanded)",
Salt Lake Sec-1,0009,Imli Water,2026-09-24 to 2026-10-08,3.942,Ltr,0.999,"Posist item_sales qty_09-24_10-08 x menu_item_cost_lines.csv (base tab, sub-recipes expanded)",
Salt Lake Sec-1,0009,Jain Sambar Bucket,2026-09-24 to 2026-10-08,46.6,Ltr,0.999,"Posist item_sales qty_09-24_10-08 x menu_item_cost_lines.csv (base tab, sub-recipes expanded)",
Salt Lake Sec-1,0009,Karam Podi Powder Bucket,2026-09-24 to 2026-10-08,1.44,Kg,0.999,"Posist item_sales qty_09-24_10-08 x menu_item_cost_lines.csv (base tab, sub-recipes expanded)",
Salt Lake Sec-1,0009,Kesari Halwa Mix  (1pkt = 550gm),2026-09-24 to 2026-10-08,8.763,Kg,0.999,"Posist item_sales qty_09-24_10-08 x menu_item_cost_lines.csv (base tab, sub-recipes expanded)",
Salt Lake Sec-1,0009,Korma Gravy Mix (1pkt=700gm),2026-09-24 to 2026-10-08,16.02,Kg,0.999,"Posist item_sales qty_09-24_10-08 x menu_item_cost_lines.csv (base tab, sub-recipes expanded)",
Salt Lake Sec-1,0009,Lemon Rice Bucket,2026-09-24 to 2026-10-08,7.25,Kg,0.999,"Posist item_sales qty_09-24_10-08 x menu_item_cost_lines.csv (base tab, sub-recipes expanded)",
Salt Lake Sec-1,0009,Malabar Paratha  (1pkt= 6Pcs),2026-09-24 to 2026-10-08,181.0,Pc,0.999,"Posist item_sales qty_09-24_10-08 x menu_item_cost_lines.csv (base tab, sub-recipes expanded)",
Salt Lake Sec-1,0009,Malkapodi Bucket,2026-09-24 to 2026-10-08,4.79,Kg,0.999,"Posist item_sales qty_09-24_10-08 x menu_item_cost_lines.csv (base tab, sub-recipes expanded)",
Salt Lake Sec-1,0009,Medu Vada Batter Mix,2026-09-24 to 2026-10-08,71.941,Kg,0.999,"Posist item_sales qty_09-24_10-08 x menu_item_cost_lines.csv (base tab, sub-recipes expanded)",
Salt Lake Sec-1,0009,Mysore Chutney Bucket,2026-09-24 to 2026-10-08,11.22,Kg,0.999,"Posist item_sales qty_09-24_10-08 x menu_item_cost_lines.csv (base tab, sub-recipes expanded)",
Salt Lake Sec-1,0009,Potato Masala Mix (1Pkt = 90Gm),2026-09-24 to 2026-10-08,70.815,Pkt,0.999,"Posist item_sales qty_09-24_10-08 x menu_item_cost_lines.csv (base tab, sub-recipes expanded)",100% via outlet sub-recipe
Salt Lake Sec-1,0009,Rasam Bucket,2026-09-24 to 2026-10-08,8.9,Ltr,0.999,"Posist item_sales qty_09-24_10-08 x menu_item_cost_lines.csv (base tab, sub-recipes expanded)",
Salt Lake Sec-1,0009,Rava Powder Mix,2026-09-24 to 2026-10-08,10.35,Kg,0.999,"Posist item_sales qty_09-24_10-08 x menu_item_cost_lines.csv (base tab, sub-recipes expanded)",
Salt Lake Sec-1,0009,Raw Mango Chutney Bucket,2026-09-24 to 2026-10-08,2.52,Kg,0.999,"Posist item_sales qty_09-24_10-08 x menu_item_cost_lines.csv (base tab, sub-recipes expanded)",
Salt Lake Sec-1,0009,Raw Mango Pickle Bucket,2026-09-24 to 2026-10-08,0.54,Kg,0.999,"Posist item_sales qty_09-24_10-08 x menu_item_cost_lines.csv (base tab, sub-recipes expanded)",
Salt Lake Sec-1,0009,Raw mango Powder Mix (1 Pkt = 13gm),2026-09-24 to 2026-10-08,0.354,Kg,0.999,"Posist item_sales qty_09-24_10-08 x menu_item_cost_lines.csv (base tab, sub-recipes expanded)",
Salt Lake Sec-1,0009,Sambar Bucket,2026-09-24 to 2026-10-08,1020.8,Ltr,0.999,"Posist item_sales qty_09-24_10-08 x menu_item_cost_lines.csv (base tab, sub-recipes expanded)",
Salt Lake Sec-1,0009,Special Daal Bucket,2026-09-24 to 2026-10-08,15.146,Kg,0.999,"Posist item_sales qty_09-24_10-08 x menu_item_cost_lines.csv (base tab, sub-recipes expanded)",
Salt Lake Sec-1,0009,Special White Coconut Chutney Bucket,2026-09-24 to 2026-10-08,13.6,Kg,0.999,"Posist item_sales qty_09-24_10-08 x menu_item_cost_lines.csv (base tab, sub-recipes expanded)",
Salt Lake Sec-1,0009,Spicy Coconut Chutney Mix 1Pkt (16gm),2026-09-24 to 2026-10-08,3.288,Kg,0.999,"Posist item_sales qty_09-24_10-08 x menu_item_cost_lines.csv (base tab, sub-recipes expanded)",
Salt Lake Sec-1,0009,Srivilli Kheer (1 Pc),2026-09-24 to 2026-10-08,82.0,Pc,0.999,"Posist item_sales qty_09-24_10-08 x menu_item_cost_lines.csv (base tab, sub-recipes expanded)",
Salt Lake Sec-1,0009,Steam Rice Bucket,2026-09-24 to 2026-10-08,12.705,Kg,0.999,"Posist item_sales qty_09-24_10-08 x menu_item_cost_lines.csv (base tab, sub-recipes expanded)",
Salt Lake Sec-1,0009,Thatte Idli Pc Raw,2026-09-24 to 2026-10-08,351.0,Pc,0.999,"Posist item_sales qty_09-24_10-08 x menu_item_cost_lines.csv (base tab, sub-recipes expanded)",
Salt Lake Sec-1,0009,Thindi Malkapodi Powder Bucket,2026-09-24 to 2026-10-08,6.545,Kg,0.999,"Posist item_sales qty_09-24_10-08 x menu_item_cost_lines.csv (base tab, sub-recipes expanded)",
Salt Lake Sec-1,0009,Tomato Onion Powder Mix (1 Pkt = 24gm),2026-09-24 to 2026-10-08,0.77,Kg,0.999,"Posist item_sales qty_09-24_10-08 x menu_item_cost_lines.csv (base tab, sub-recipes expanded)",
Salt Lake Sec-1,0009,Upma Mix (1pkt = 300gm),2026-09-24 to 2026-10-08,3.9,Kg,0.999,"Posist item_sales qty_09-24_10-08 x menu_item_cost_lines.csv (base tab, sub-recipes expanded)",
Santoshpur,01-0012,Benne Dosa Batter (Pack Size -3 Kg ),2026-09-24 to 2026-10-08,40.95,Kg,0.9993,"Posist item_sales qty_09-24_10-08 x menu_item_cost_lines.csv (base tab, sub-recipes expanded)",
Santoshpur,01-0012,Boiled & Mashed Potato (1Pkt = 3Kg),2026-09-24 to 2026-10-08,112.736,Kg,0.9993,"Posist item_sales qty_09-24_10-08 x menu_item_cost_lines.csv (base tab, sub-recipes expanded)",100% via outlet sub-recipe
Santoshpur,01-0012,Chaat Masala Bucket,2026-09-24 to 2026-10-08,0.519,Kg,0.9993,"Posist item_sales qty_09-24_10-08 x menu_item_cost_lines.csv (base tab, sub-recipes expanded)",
Santoshpur,01-0012,Coconut Shredded,2026-09-24 to 2026-10-08,103.211,Kg,0.9993,"Posist item_sales qty_09-24_10-08 x menu_item_cost_lines.csv (base tab, sub-recipes expanded)",
Santoshpur,01-0012,Dahi Bucket Mix (1pkt =105gm),2026-09-24 to 2026-10-08,3910.0,gm,0.9993,"Posist item_sales qty_09-24_10-08 x menu_item_cost_lines.csv (base tab, sub-recipes expanded)",
Santoshpur,01-0012,Dosa Batter Mix,2026-09-24 to 2026-10-08,194.203,Kg,0.9993,"Posist item_sales qty_09-24_10-08 x menu_item_cost_lines.csv (base tab, sub-recipes expanded)",
Santoshpur,01-0012,Filter Coffee Ice Cream (700gm= 1 Bucket),2026-09-24 to 2026-10-08,1.56,Kg,0.9993,"Posist item_sales qty_09-24_10-08 x menu_item_cost_lines.csv (base tab, sub-recipes expanded)",
Santoshpur,01-0012,Garlic Chutney Bucket,2026-09-24 to 2026-10-08,7.455,Kg,0.9993,"Posist item_sales qty_09-24_10-08 x menu_item_cost_lines.csv (base tab, sub-recipes expanded)",
Santoshpur,01-0012,Idli Pc Raw (1 Pkt =40pc),2026-09-24 to 2026-10-08,946.0,Pc,0.9993,"Posist item_sales qty_09-24_10-08 x menu_item_cost_lines.csv (base tab, sub-recipes expanded)",
Santoshpur,01-0012,Imli Water,2026-09-24 to 2026-10-08,1.089,Ltr,0.9993,"Posist item_sales qty_09-24_10-08 x menu_item_cost_lines.csv (base tab, sub-recipes expanded)",
Santoshpur,01-0012,Jain Sambar Bucket,2026-09-24 to 2026-10-08,25.8,Ltr,0.9993,"Posist item_sales qty_09-24_10-08 x menu_item_cost_lines.csv (base tab, sub-recipes expanded)",
Santoshpur,01-0012,Karam Podi Powder Bucket,2026-09-24 to 2026-10-08,0.64,Kg,0.9993,"Posist item_sales qty_09-24_10-08 x menu_item_cost_lines.csv (base tab, sub-recipes expanded)",
Santoshpur,01-0012,Kesari Halwa Mix  (1pkt = 550gm),2026-09-24 to 2026-10-08,6.072,Kg,0.9993,"Posist item_sales qty_09-24_10-08 x menu_item_cost_lines.csv (base tab, sub-recipes expanded)",
Santoshpur,01-0012,Korma Gravy Mix (1pkt=700gm),2026-09-24 to 2026-10-08,18.54,Kg,0.9993,"Posist item_sales qty_09-24_10-08 x menu_item_cost_lines.csv (base tab, sub-recipes expanded)",
Santoshpur,01-0012,Malabar Paratha  (1pkt= 6Pcs),2026-09-24 to 2026-10-08,210.0,Pc,0.9993,"Posist item_sales qty_09-24_10-08 x menu_item_cost_lines.csv (base tab, sub-recipes expanded)",
Santoshpur,01-0012,Malkapodi Bucket,2026-09-24 to 2026-10-08,1.31,Kg,0.9993,"Posist item_sales qty_09-24_10-08 x menu_item_cost_lines.csv (base tab, sub-recipes expanded)",
Santoshpur,01-0012,Medu Vada Batter Mix,2026-09-24 to 2026-10-08,48.218,Kg,0.9993,"Posist item_sales qty_09-24_10-08 x menu_item_cost_lines.csv (base tab, sub-recipes expanded)",
Santoshpur,01-0012,Mysore Chutney Bucket,2026-09-24 to 2026-10-08,3.74,Kg,0.9993,"Posist item_sales qty_09-24_10-08 x menu_item_cost_lines.csv (base tab, sub-recipes expanded)",
Santoshpur,01-0012,Potato Masala Mix (1Pkt = 90Gm),2026-09-24 to 2026-10-08,37.579,Pkt,0.9993,"Posist item_sales qty_09-24_10-08 x menu_item_cost_lines.csv (base tab, sub-recipes expanded)",100% via outlet sub-recipe
Santoshpur,01-0012,Rasam Bucket,2026-09-24 to 2026-10-08,2.3,Ltr,0.9993,"Posist item_sales qty_09-24_10-08 x menu_item_cost_lines.csv (base tab, sub-recipes expanded)",
Santoshpur,01-0012,Rava Powder Mix,2026-09-24 to 2026-10-08,3.25,Kg,0.9993,"Posist item_sales qty_09-24_10-08 x menu_item_cost_lines.csv (base tab, sub-recipes expanded)",
Santoshpur,01-0012,Raw Mango Chutney Bucket,2026-09-24 to 2026-10-08,0.78,Kg,0.9993,"Posist item_sales qty_09-24_10-08 x menu_item_cost_lines.csv (base tab, sub-recipes expanded)",
Santoshpur,01-0012,Raw mango Powder Mix (1 Pkt = 13gm),2026-09-24 to 2026-10-08,0.121,Kg,0.9993,"Posist item_sales qty_09-24_10-08 x menu_item_cost_lines.csv (base tab, sub-recipes expanded)",
Santoshpur,01-0012,Sambar Bucket,2026-09-24 to 2026-10-08,471.0,Ltr,0.9993,"Posist item_sales qty_09-24_10-08 x menu_item_cost_lines.csv (base tab, sub-recipes expanded)",
Santoshpur,01-0012,Special Daal Bucket,2026-09-24 to 2026-10-08,7.227,Kg,0.9993,"Posist item_sales qty_09-24_10-08 x menu_item_cost_lines.csv (base tab, sub-recipes expanded)",
Santoshpur,01-0012,Special White Coconut Chutney Bucket,2026-09-24 to 2026-10-08,3.15,Kg,0.9993,"Posist item_sales qty_09-24_10-08 x menu_item_cost_lines.csv (base tab, sub-recipes expanded)",
Santoshpur,01-0012,Spicy Coconut Chutney Mix 1Pkt (16gm),2026-09-24 to 2026-10-08,0.833,Kg,0.9993,"Posist item_sales qty_09-24_10-08 x menu_item_cost_lines.csv (base tab, sub-recipes expanded)",
Santoshpur,01-0012,Srivilli Kheer (1 Pc),2026-09-24 to 2026-10-08,38.0,Pc,0.9993,"Posist item_sales qty_09-24_10-08 x menu_item_cost_lines.csv (base tab, sub-recipes expanded)",
Santoshpur,01-0012,Thatte Idli Pc Raw,2026-09-24 to 2026-10-08,80.0,Pc,0.9993,"Posist item_sales qty_09-24_10-08 x menu_item_cost_lines.csv (base tab, sub-recipes expanded)",
Santoshpur,01-0012,Thindi Malkapodi Powder Bucket,2026-09-24 to 2026-10-08,1.87,Kg,0.9993,"Posist item_sales qty_09-24_10-08 x menu_item_cost_lines.csv (base tab, sub-recipes expanded)",
Santoshpur,01-0012,Tomato Onion Powder Mix (1 Pkt = 24gm),2026-09-24 to 2026-10-08,0.221,Kg,0.9993,"Posist item_sales qty_09-24_10-08 x menu_item_cost_lines.csv (base tab, sub-recipes expanded)",
Santoshpur,01-0012,Upma Mix (1pkt = 300gm),2026-09-24 to 2026-10-08,1.38,Kg,0.9993,"Posist item_sales qty_09-24_10-08 x menu_item_cost_lines.csv (base tab, sub-recipes expanded)",
Sec 143 Noida,02-0006,Benne Dosa Batter (Pack Size -3 Kg ),2026-09-24 to 2026-10-08,41.45,Kg,0.9994,"Posist item_sales qty_09-24_10-08 x menu_item_cost_lines.csv (base tab, sub-recipes expanded)",Delhi dishes carry 3 chutneys by design
Sec 143 Noida,02-0006,Boiled & Mashed Potato (1Pkt = 3Kg),2026-09-24 to 2026-10-08,87.8,Kg,0.9994,"Posist item_sales qty_09-24_10-08 x menu_item_cost_lines.csv (base tab, sub-recipes expanded)",89% via outlet sub-recipe; Delhi dishes carry 3 chutneys by design
Sec 143 Noida,02-0006,Boondi,2026-09-24 to 2026-10-08,0.255,Kg,0.9994,"Posist item_sales qty_09-24_10-08 x menu_item_cost_lines.csv (base tab, sub-recipes expanded)",Delhi dishes carry 3 chutneys by design
Sec 143 Noida,02-0006,Chaat Masala Bucket,2026-09-24 to 2026-10-08,0.203,Kg,0.9994,"Posist item_sales qty_09-24_10-08 x menu_item_cost_lines.csv (base tab, sub-recipes expanded)",Delhi dishes carry 3 chutneys by design
Sec 143 Noida,02-0006,Coconut Shredded,2026-09-24 to 2026-10-08,94.332,Kg,0.9994,"Posist item_sales qty_09-24_10-08 x menu_item_cost_lines.csv (base tab, sub-recipes expanded)",1% via outlet sub-recipe; Delhi dishes carry 3 chutneys by design
Sec 143 Noida,02-0006,Dahi Bucket Mix (1pkt =105gm),2026-09-24 to 2026-10-08,675.0,gm,0.9994,"Posist item_sales qty_09-24_10-08 x menu_item_cost_lines.csv (base tab, sub-recipes expanded)",Delhi dishes carry 3 chutneys by design
Sec 143 Noida,02-0006,Dosa Batter Mix,2026-09-24 to 2026-10-08,157.46,Kg,0.9994,"Posist item_sales qty_09-24_10-08 x menu_item_cost_lines.csv (base tab, sub-recipes expanded)",Delhi dishes carry 3 chutneys by design
Sec 143 Noida,02-0006,Frozen Medu Vada (10pc),2026-09-24 to 2026-10-08,328.0,Pc,0.9994,"Posist item_sales qty_09-24_10-08 x menu_item_cost_lines.csv (base tab, sub-recipes expanded)",Delhi dishes carry 3 chutneys by design
Sec 143 Noida,02-0006,Garam Masala Powder Bucket,2026-09-24 to 2026-10-08,0.014,Kg,0.9994,"Posist item_sales qty_09-24_10-08 x menu_item_cost_lines.csv (base tab, sub-recipes expanded)",Delhi dishes carry 3 chutneys by design
Sec 143 Noida,02-0006,Garlic Chutney Bucket,2026-09-24 to 2026-10-08,6.15,Kg,0.9994,"Posist item_sales qty_09-24_10-08 x menu_item_cost_lines.csv (base tab, sub-recipes expanded)",Delhi dishes carry 3 chutneys by design
Sec 143 Noida,02-0006,Idli Pc Raw (1 Pkt =40pc),2026-09-24 to 2026-10-08,716.0,Pc,0.9994,"Posist item_sales qty_09-24_10-08 x menu_item_cost_lines.csv (base tab, sub-recipes expanded)",Delhi dishes carry 3 chutneys by design
Sec 143 Noida,02-0006,Imli Water,2026-09-24 to 2026-10-08,5.901,Ltr,0.9994,"Posist item_sales qty_09-24_10-08 x menu_item_cost_lines.csv (base tab, sub-recipes expanded)",Delhi dishes carry 3 chutneys by design
Sec 143 Noida,02-0006,Jain Sambar - Delhi,2026-09-24 to 2026-10-08,15.2,Ltr,0.9994,"Posist item_sales qty_09-24_10-08 x menu_item_cost_lines.csv (base tab, sub-recipes expanded)",Delhi dishes carry 3 chutneys by design
Sec 143 Noida,02-0006,Karam Podi Powder Bucket,2026-09-24 to 2026-10-08,1.16,Kg,0.9994,"Posist item_sales qty_09-24_10-08 x menu_item_cost_lines.csv (base tab, sub-recipes expanded)",Delhi dishes carry 3 chutneys by design
Sec 143 Noida,02-0006,Kesari Halwa Mix  (1pkt = 550gm),2026-09-24 to 2026-10-08,1.518,Kg,0.9994,"Posist item_sales qty_09-24_10-08 x menu_item_cost_lines.csv (base tab, sub-recipes expanded)",Delhi dishes carry 3 chutneys by design
Sec 143 Noida,02-0006,Korma Gravy Mix (1pkt=700gm),2026-09-24 to 2026-10-08,10.0,Kg,0.9994,"Posist item_sales qty_09-24_10-08 x menu_item_cost_lines.csv (base tab, sub-recipes expanded)",Delhi dishes carry 3 chutneys by design
Sec 143 Noida,02-0006,Lemon Rice Bucket,2026-09-24 to 2026-10-08,2.2,Kg,0.9994,"Posist item_sales qty_09-24_10-08 x menu_item_cost_lines.csv (base tab, sub-recipes expanded)",Delhi dishes carry 3 chutneys by design
Sec 143 Noida,02-0006,Malabar Paratha  (1pkt= 6Pcs),2026-09-24 to 2026-10-08,110.0,Pc,0.9994,"Posist item_sales qty_09-24_10-08 x menu_item_cost_lines.csv (base tab, sub-recipes expanded)",Delhi dishes carry 3 chutneys by design
Sec 143 Noida,02-0006,Malkapodi Bucket,2026-09-24 to 2026-10-08,2.22,Kg,0.9994,"Posist item_sales qty_09-24_10-08 x menu_item_cost_lines.csv (base tab, sub-recipes expanded)",Delhi dishes carry 3 chutneys by design
Sec 143 Noida,02-0006,Mysore Chutney Bucket,2026-09-24 to 2026-10-08,5.17,Kg,0.9994,"Posist item_sales qty_09-24_10-08 x menu_item_cost_lines.csv (base tab, sub-recipes expanded)",Delhi dishes carry 3 chutneys by design
Sec 143 Noida,02-0006,Potato Masala Bucket,2026-09-24 to 2026-10-08,5.0,Kg,0.9994,"Posist item_sales qty_09-24_10-08 x menu_item_cost_lines.csv (base tab, sub-recipes expanded)",Delhi dishes carry 3 chutneys by design
Sec 143 Noida,02-0006,Potato Masala Mix (1Pkt = 90Gm),2026-09-24 to 2026-10-08,29.235,Pkt,0.9994,"Posist item_sales qty_09-24_10-08 x menu_item_cost_lines.csv (base tab, sub-recipes expanded)",89% via outlet sub-recipe; Delhi dishes carry 3 chutneys by design
Sec 143 Noida,02-0006,Rasam Bucket,2026-09-24 to 2026-10-08,1.8,Ltr,0.9994,"Posist item_sales qty_09-24_10-08 x menu_item_cost_lines.csv (base tab, sub-recipes expanded)",Delhi dishes carry 3 chutneys by design
Sec 143 Noida,02-0006,Rava Powder Mix,2026-09-24 to 2026-10-08,1.5,Kg,0.9994,"Posist item_sales qty_09-24_10-08 x menu_item_cost_lines.csv (base tab, sub-recipes expanded)",Delhi dishes carry 3 chutneys by design
Sec 143 Noida,02-0006,Raw Mango Chutney Bucket,2026-09-24 to 2026-10-08,1.94,Kg,0.9994,"Posist item_sales qty_09-24_10-08 x menu_item_cost_lines.csv (base tab, sub-recipes expanded)",Delhi dishes carry 3 chutneys by design
Sec 143 Noida,02-0006,Raw Mango Pickle Bucket,2026-09-24 to 2026-10-08,0.225,Kg,0.9994,"Posist item_sales qty_09-24_10-08 x menu_item_cost_lines.csv (base tab, sub-recipes expanded)",Delhi dishes carry 3 chutneys by design
Sec 143 Noida,02-0006,Regular White Chutney Bucket,2026-09-24 to 2026-10-08,4.35,Kg,0.9994,"Posist item_sales qty_09-24_10-08 x menu_item_cost_lines.csv (base tab, sub-recipes expanded)",100% of qty from lines marked (Inactive) in recipe; Delhi dishes carry 3 chutneys by design
Sec 143 Noida,02-0006,Sambar Bucket,2026-09-24 to 2026-10-08,2.0,Ltr,0.9994,"Posist item_sales qty_09-24_10-08 x menu_item_cost_lines.csv (base tab, sub-recipes expanded)",Delhi dishes carry 3 chutneys by design
Sec 143 Noida,02-0006,Sambar Bucket - Delhi,2026-09-24 to 2026-10-08,422.55,Ltr,0.9994,"Posist item_sales qty_09-24_10-08 x menu_item_cost_lines.csv (base tab, sub-recipes expanded)",Delhi dishes carry 3 chutneys by design
Sec 143 Noida,02-0006,Special Daal Bucket,2026-09-24 to 2026-10-08,3.277,Kg,0.9994,"Posist item_sales qty_09-24_10-08 x menu_item_cost_lines.csv (base tab, sub-recipes expanded)",Delhi dishes carry 3 chutneys by design
Sec 143 Noida,02-0006,Spicy Coconut Chutney Mix 1Pkt (16gm),2026-09-24 to 2026-10-08,4.099,Kg,0.9994,"Posist item_sales qty_09-24_10-08 x menu_item_cost_lines.csv (base tab, sub-recipes expanded)",Delhi dishes carry 3 chutneys by design
Sec 143 Noida,02-0006,Srivilli Kheer (1 Pc),2026-09-24 to 2026-10-08,25.0,Pc,0.9994,"Posist item_sales qty_09-24_10-08 x menu_item_cost_lines.csv (base tab, sub-recipes expanded)",Delhi dishes carry 3 chutneys by design
Sec 143 Noida,02-0006,Steam Rice Bucket,2026-09-24 to 2026-10-08,5.6,Kg,0.9994,"Posist item_sales qty_09-24_10-08 x menu_item_cost_lines.csv (base tab, sub-recipes expanded)",Delhi dishes carry 3 chutneys by design
Sec 143 Noida,02-0006,Sugar Syrup Bucket,2026-09-24 to 2026-10-08,0.95,Ltr,0.9994,"Posist item_sales qty_09-24_10-08 x menu_item_cost_lines.csv (base tab, sub-recipes expanded)",Delhi dishes carry 3 chutneys by design
Sec 143 Noida,02-0006,Thatte Idli Pc Raw,2026-09-24 to 2026-10-08,75.0,Pc,0.9994,"Posist item_sales qty_09-24_10-08 x menu_item_cost_lines.csv (base tab, sub-recipes expanded)",Delhi dishes carry 3 chutneys by design
Sec 143 Noida,02-0006,Thindi Malkapodi Powder Bucket,2026-09-24 to 2026-10-08,1.265,Kg,0.9994,"Posist item_sales qty_09-24_10-08 x menu_item_cost_lines.csv (base tab, sub-recipes expanded)",Delhi dishes carry 3 chutneys by design
Sec 143 Noida,02-0006,Tomato Onion Chutney Bucket,2026-09-24 to 2026-10-08,95.9,Kg,0.9994,"Posist item_sales qty_09-24_10-08 x menu_item_cost_lines.csv (base tab, sub-recipes expanded)",Delhi dishes carry 3 chutneys by design
Sec 143 Noida,02-0006,Tomato Onion Powder Mix (1 Pkt = 24gm),2026-09-24 to 2026-10-08,0.153,Kg,0.9994,"Posist item_sales qty_09-24_10-08 x menu_item_cost_lines.csv (base tab, sub-recipes expanded)",Delhi dishes carry 3 chutneys by design
Sec 143 Noida,02-0006,Upma Mix (1pkt = 300gm),2026-09-24 to 2026-10-08,1.14,Kg,0.9994,"Posist item_sales qty_09-24_10-08 x menu_item_cost_lines.csv (base tab, sub-recipes expanded)",Delhi dishes carry 3 chutneys by design
Sec 15 Faridabad,02-0007,Benne Dosa Batter (Pack Size -3 Kg ),2026-09-24 to 2026-10-08,41.25,Kg,0.9999,"Posist item_sales qty_09-24_10-08 x menu_item_cost_lines.csv (base tab, sub-recipes expanded)",Delhi dishes carry 3 chutneys by design
Sec 15 Faridabad,02-0007,Boiled & Mashed Potato (1Pkt = 3Kg),2026-09-24 to 2026-10-08,71.3,Kg,0.9999,"Posist item_sales qty_09-24_10-08 x menu_item_cost_lines.csv (base tab, sub-recipes expanded)",89% via outlet sub-recipe; Delhi dishes carry 3 chutneys by design
Sec 15 Faridabad,02-0007,Boondi,2026-09-24 to 2026-10-08,0.57,Kg,0.9999,"Posist item_sales qty_09-24_10-08 x menu_item_cost_lines.csv (base tab, sub-recipes expanded)",Delhi dishes carry 3 chutneys by design
Sec 15 Faridabad,02-0007,Chaat Masala Bucket,2026-09-24 to 2026-10-08,0.219,Kg,0.9999,"Posist item_sales qty_09-24_10-08 x menu_item_cost_lines.csv (base tab, sub-recipes expanded)",Delhi dishes carry 3 chutneys by design
Sec 15 Faridabad,02-0007,Coconut Shredded,2026-09-24 to 2026-10-08,86.263,Kg,0.9999,"Posist item_sales qty_09-24_10-08 x menu_item_cost_lines.csv (base tab, sub-recipes expanded)",1% via outlet sub-recipe; Delhi dishes carry 3 chutneys by design
Sec 15 Faridabad,02-0007,Dahi Bucket Mix (1pkt =105gm),2026-09-24 to 2026-10-08,780.0,gm,0.9999,"Posist item_sales qty_09-24_10-08 x menu_item_cost_lines.csv (base tab, sub-recipes expanded)",Delhi dishes carry 3 chutneys by design
Sec 15 Faridabad,02-0007,Dosa Batter Mix,2026-09-24 to 2026-10-08,136.225,Kg,0.9999,"Posist item_sales qty_09-24_10-08 x menu_item_cost_lines.csv (base tab, sub-recipes expanded)",Delhi dishes carry 3 chutneys by design
Sec 15 Faridabad,02-0007,Frozen Medu Vada (10pc),2026-09-24 to 2026-10-08,335.0,Pc,0.9999,"Posist item_sales qty_09-24_10-08 x menu_item_cost_lines.csv (base tab, sub-recipes expanded)",Delhi dishes carry 3 chutneys by design
Sec 15 Faridabad,02-0007,Garam Masala Powder Bucket,2026-09-24 to 2026-10-08,0.009,Kg,0.9999,"Posist item_sales qty_09-24_10-08 x menu_item_cost_lines.csv (base tab, sub-recipes expanded)",Delhi dishes carry 3 chutneys by design
Sec 15 Faridabad,02-0007,Garlic Chutney Bucket,2026-09-24 to 2026-10-08,4.13,Kg,0.9999,"Posist item_sales qty_09-24_10-08 x menu_item_cost_lines.csv (base tab, sub-recipes expanded)",Delhi dishes carry 3 chutneys by design
Sec 15 Faridabad,02-0007,Idli Pc Raw (1 Pkt =40pc),2026-09-24 to 2026-10-08,705.0,Pc,0.9999,"Posist item_sales qty_09-24_10-08 x menu_item_cost_lines.csv (base tab, sub-recipes expanded)",Delhi dishes carry 3 chutneys by design
Sec 15 Faridabad,02-0007,Imli Water,2026-09-24 to 2026-10-08,5.867,Ltr,0.9999,"Posist item_sales qty_09-24_10-08 x menu_item_cost_lines.csv (base tab, sub-recipes expanded)",Delhi dishes carry 3 chutneys by design
Sec 15 Faridabad,02-0007,Jain Sambar - Delhi,2026-09-24 to 2026-10-08,8.4,Ltr,0.9999,"Posist item_sales qty_09-24_10-08 x menu_item_cost_lines.csv (base tab, sub-recipes expanded)",Delhi dishes carry 3 chutneys by design
Sec 15 Faridabad,02-0007,Karam Podi Powder Bucket,2026-09-24 to 2026-10-08,0.44,Kg,0.9999,"Posist item_sales qty_09-24_10-08 x menu_item_cost_lines.csv (base tab, sub-recipes expanded)",Delhi dishes carry 3 chutneys by design
Sec 15 Faridabad,02-0007,Kesari Halwa Mix  (1pkt = 550gm),2026-09-24 to 2026-10-08,0.897,Kg,0.9999,"Posist item_sales qty_09-24_10-08 x menu_item_cost_lines.csv (base tab, sub-recipes expanded)",Delhi dishes carry 3 chutneys by design
Sec 15 Faridabad,02-0007,Korma Gravy Mix (1pkt=700gm),2026-09-24 to 2026-10-08,3.6,Kg,0.9999,"Posist item_sales qty_09-24_10-08 x menu_item_cost_lines.csv (base tab, sub-recipes expanded)",Delhi dishes carry 3 chutneys by design
Sec 15 Faridabad,02-0007,Lemon Rice Bucket,2026-09-24 to 2026-10-08,2.6,Kg,0.9999,"Posist item_sales qty_09-24_10-08 x menu_item_cost_lines.csv (base tab, sub-recipes expanded)",Delhi dishes carry 3 chutneys by design
Sec 15 Faridabad,02-0007,Malabar Paratha  (1pkt= 6Pcs),2026-09-24 to 2026-10-08,40.0,Pc,0.9999,"Posist item_sales qty_09-24_10-08 x menu_item_cost_lines.csv (base tab, sub-recipes expanded)",Delhi dishes carry 3 chutneys by design
Sec 15 Faridabad,02-0007,Malkapodi Bucket,2026-09-24 to 2026-10-08,3.475,Kg,0.9999,"Posist item_sales qty_09-24_10-08 x menu_item_cost_lines.csv (base tab, sub-recipes expanded)",Delhi dishes carry 3 chutneys by design
Sec 15 Faridabad,02-0007,Mysore Chutney Bucket,2026-09-24 to 2026-10-08,3.4,Kg,0.9999,"Posist item_sales qty_09-24_10-08 x menu_item_cost_lines.csv (base tab, sub-recipes expanded)",Delhi dishes carry 3 chutneys by design
Sec 15 Faridabad,02-0007,Potato Masala Bucket,2026-09-24 to 2026-10-08,5.1,Kg,0.9999,"Posist item_sales qty_09-24_10-08 x menu_item_cost_lines.csv (base tab, sub-recipes expanded)",Delhi dishes carry 3 chutneys by design
Sec 15 Faridabad,02-0007,Potato Masala Mix (1Pkt = 90Gm),2026-09-24 to 2026-10-08,23.741,Pkt,0.9999,"Posist item_sales qty_09-24_10-08 x menu_item_cost_lines.csv (base tab, sub-recipes expanded)",89% via outlet sub-recipe; Delhi dishes carry 3 chutneys by design
Sec 15 Faridabad,02-0007,Rasam Bucket,2026-09-24 to 2026-10-08,2.2,Ltr,0.9999,"Posist item_sales qty_09-24_10-08 x menu_item_cost_lines.csv (base tab, sub-recipes expanded)",Delhi dishes carry 3 chutneys by design
Sec 15 Faridabad,02-0007,Rava Powder Mix,2026-09-24 to 2026-10-08,1.4,Kg,0.9999,"Posist item_sales qty_09-24_10-08 x menu_item_cost_lines.csv (base tab, sub-recipes expanded)",Delhi dishes carry 3 chutneys by design
Sec 15 Faridabad,02-0007,Raw Mango Chutney Bucket,2026-09-24 to 2026-10-08,2.25,Kg,0.9999,"Posist item_sales qty_09-24_10-08 x menu_item_cost_lines.csv (base tab, sub-recipes expanded)",Delhi dishes carry 3 chutneys by design
Sec 15 Faridabad,02-0007,Raw Mango Pickle Bucket,2026-09-24 to 2026-10-08,0.185,Kg,0.9999,"Posist item_sales qty_09-24_10-08 x menu_item_cost_lines.csv (base tab, sub-recipes expanded)",Delhi dishes carry 3 chutneys by design
Sec 15 Faridabad,02-0007,Regular White Chutney Bucket,2026-09-24 to 2026-10-08,1.65,Kg,0.9999,"Posist item_sales qty_09-24_10-08 x menu_item_cost_lines.csv (base tab, sub-recipes expanded)",100% of qty from lines marked (Inactive) in recipe; Delhi dishes carry 3 chutneys by design
Sec 15 Faridabad,02-0007,Sambar Bucket,2026-09-24 to 2026-10-08,4.0,Ltr,0.9999,"Posist item_sales qty_09-24_10-08 x menu_item_cost_lines.csv (base tab, sub-recipes expanded)",Delhi dishes carry 3 chutneys by design
Sec 15 Faridabad,02-0007,Sambar Bucket - Delhi,2026-09-24 to 2026-10-08,460.15,Ltr,0.9999,"Posist item_sales qty_09-24_10-08 x menu_item_cost_lines.csv (base tab, sub-recipes expanded)",Delhi dishes carry 3 chutneys by design
Sec 15 Faridabad,02-0007,Special Daal Bucket,2026-09-24 to 2026-10-08,2.901,Kg,0.9999,"Posist item_sales qty_09-24_10-08 x menu_item_cost_lines.csv (base tab, sub-recipes expanded)",Delhi dishes carry 3 chutneys by design
Sec 15 Faridabad,02-0007,Special White Coconut Chutney Bucket,2026-09-24 to 2026-10-08,2.0,Kg,0.9999,"Posist item_sales qty_09-24_10-08 x menu_item_cost_lines.csv (base tab, sub-recipes expanded)",Delhi dishes carry 3 chutneys by design
Sec 15 Faridabad,02-0007,Spicy Coconut Chutney Mix 1Pkt (16gm),2026-09-24 to 2026-10-08,4.331,Kg,0.9999,"Posist item_sales qty_09-24_10-08 x menu_item_cost_lines.csv (base tab, sub-recipes expanded)",Delhi dishes carry 3 chutneys by design
Sec 15 Faridabad,02-0007,Srivilli Kheer (1 Pc),2026-09-24 to 2026-10-08,15.0,Pc,0.9999,"Posist item_sales qty_09-24_10-08 x menu_item_cost_lines.csv (base tab, sub-recipes expanded)",Delhi dishes carry 3 chutneys by design
Sec 15 Faridabad,02-0007,Steam Rice Bucket,2026-09-24 to 2026-10-08,4.25,Kg,0.9999,"Posist item_sales qty_09-24_10-08 x menu_item_cost_lines.csv (base tab, sub-recipes expanded)",Delhi dishes carry 3 chutneys by design
Sec 15 Faridabad,02-0007,Sugar Syrup Bucket,2026-09-24 to 2026-10-08,0.95,Ltr,0.9999,"Posist item_sales qty_09-24_10-08 x menu_item_cost_lines.csv (base tab, sub-recipes expanded)",Delhi dishes carry 3 chutneys by design
Sec 15 Faridabad,02-0007,Thatte Idli Pc Raw,2026-09-24 to 2026-10-08,139.0,Pc,0.9999,"Posist item_sales qty_09-24_10-08 x menu_item_cost_lines.csv (base tab, sub-recipes expanded)",Delhi dishes carry 3 chutneys by design
Sec 15 Faridabad,02-0007,Thindi Malkapodi Powder Bucket,2026-09-24 to 2026-10-08,2.245,Kg,0.9999,"Posist item_sales qty_09-24_10-08 x menu_item_cost_lines.csv (base tab, sub-recipes expanded)",Delhi dishes carry 3 chutneys by design
Sec 15 Faridabad,02-0007,Tomato Onion Chutney Bucket,2026-09-24 to 2026-10-08,89.75,Kg,0.9999,"Posist item_sales qty_09-24_10-08 x menu_item_cost_lines.csv (base tab, sub-recipes expanded)",Delhi dishes carry 3 chutneys by design
Sec 15 Faridabad,02-0007,Tomato Onion Powder Mix (1 Pkt = 24gm),2026-09-24 to 2026-10-08,0.126,Kg,0.9999,"Posist item_sales qty_09-24_10-08 x menu_item_cost_lines.csv (base tab, sub-recipes expanded)",Delhi dishes carry 3 chutneys by design
Sec 15 Faridabad,02-0007,Upma Mix (1pkt = 300gm),2026-09-24 to 2026-10-08,0.18,Kg,0.9999,"Posist item_sales qty_09-24_10-08 x menu_item_cost_lines.csv (base tab, sub-recipes expanded)",Delhi dishes carry 3 chutneys by design
Sec 18 Noida,02-0001,Benne Dosa Batter (Pack Size -3 Kg ),2026-09-24 to 2026-10-08,76.975,Kg,0.9991,"Posist item_sales qty_09-24_10-08 x menu_item_cost_lines.csv (base tab, sub-recipes expanded)",Delhi dishes carry 3 chutneys by design
Sec 18 Noida,02-0001,Boiled & Mashed Potato (1Pkt = 3Kg),2026-09-24 to 2026-10-08,151.667,Kg,0.9991,"Posist item_sales qty_09-24_10-08 x menu_item_cost_lines.csv (base tab, sub-recipes expanded)",87% via outlet sub-recipe; Delhi dishes carry 3 chutneys by design
Sec 18 Noida,02-0001,Boondi,2026-09-24 to 2026-10-08,0.705,Kg,0.9991,"Posist item_sales qty_09-24_10-08 x menu_item_cost_lines.csv (base tab, sub-recipes expanded)",Delhi dishes carry 3 chutneys by design
Sec 18 Noida,02-0001,Chaat Masala Bucket,2026-09-24 to 2026-10-08,0.388,Kg,0.9991,"Posist item_sales qty_09-24_10-08 x menu_item_cost_lines.csv (base tab, sub-recipes expanded)",Delhi dishes carry 3 chutneys by design
Sec 18 Noida,02-0001,Coconut Shredded,2026-09-24 to 2026-10-08,161.833,Kg,0.9991,"Posist item_sales qty_09-24_10-08 x menu_item_cost_lines.csv (base tab, sub-recipes expanded)",1% via outlet sub-recipe; Delhi dishes carry 3 chutneys by design
Sec 18 Noida,02-0001,Dahi Bucket Mix (1pkt =105gm),2026-09-24 to 2026-10-08,1515.0,gm,0.9991,"Posist item_sales qty_09-24_10-08 x menu_item_cost_lines.csv (base tab, sub-recipes expanded)",Delhi dishes carry 3 chutneys by design
Sec 18 Noida,02-0001,Dosa Batter Mix,2026-09-24 to 2026-10-08,265.715,Kg,0.9991,"Posist item_sales qty_09-24_10-08 x menu_item_cost_lines.csv (base tab, sub-recipes expanded)",Delhi dishes carry 3 chutneys by design
Sec 18 Noida,02-0001,Frozen Medu Vada (10pc),2026-09-24 to 2026-10-08,570.0,Pc,0.9991,"Posist item_sales qty_09-24_10-08 x menu_item_cost_lines.csv (base tab, sub-recipes expanded)",Delhi dishes carry 3 chutneys by design
Sec 18 Noida,02-0001,Garam Masala Powder Bucket,2026-09-24 to 2026-10-08,0.018,Kg,0.9991,"Posist item_sales qty_09-24_10-08 x menu_item_cost_lines.csv (base tab, sub-recipes expanded)",Delhi dishes carry 3 chutneys by design
Sec 18 Noida,02-0001,Garlic Chutney Bucket,2026-09-24 to 2026-10-08,9.69,Kg,0.9991,"Posist item_sales qty_09-24_10-08 x menu_item_cost_lines.csv (base tab, sub-recipes expanded)",Delhi dishes carry 3 chutneys by design
Sec 18 Noida,02-0001,Idli Pc Raw (1 Pkt =40pc),2026-09-24 to 2026-10-08,1294.0,Pc,0.9991,"Posist item_sales qty_09-24_10-08 x menu_item_cost_lines.csv (base tab, sub-recipes expanded)",Delhi dishes carry 3 chutneys by design
Sec 18 Noida,02-0001,Imli Water,2026-09-24 to 2026-10-08,10.46,Ltr,0.9991,"Posist item_sales qty_09-24_10-08 x menu_item_cost_lines.csv (base tab, sub-recipes expanded)",Delhi dishes carry 3 chutneys by design
Sec 18 Noida,02-0001,Jain Sambar - Delhi,2026-09-24 to 2026-10-08,22.2,Ltr,0.9991,"Posist item_sales qty_09-24_10-08 x menu_item_cost_lines.csv (base tab, sub-recipes expanded)",Delhi dishes carry 3 chutneys by design
Sec 18 Noida,02-0001,Karam Podi Powder Bucket,2026-09-24 to 2026-10-08,1.04,Kg,0.9991,"Posist item_sales qty_09-24_10-08 x menu_item_cost_lines.csv (base tab, sub-recipes expanded)",Delhi dishes carry 3 chutneys by design
Sec 18 Noida,02-0001,Kesari Halwa Mix  (1pkt = 550gm),2026-09-24 to 2026-10-08,3.243,Kg,0.9991,"Posist item_sales qty_09-24_10-08 x menu_item_cost_lines.csv (base tab, sub-recipes expanded)",Delhi dishes carry 3 chutneys by design
Sec 18 Noida,02-0001,Korma Gravy Mix (1pkt=700gm),2026-09-24 to 2026-10-08,17.12,Kg,0.9991,"Posist item_sales qty_09-24_10-08 x menu_item_cost_lines.csv (base tab, sub-recipes expanded)",Delhi dishes carry 3 chutneys by design
Sec 18 Noida,02-0001,Lemon Rice Bucket,2026-09-24 to 2026-10-08,6.0,Kg,0.9991,"Posist item_sales qty_09-24_10-08 x menu_item_cost_lines.csv (base tab, sub-recipes expanded)",Delhi dishes carry 3 chutneys by design
Sec 18 Noida,02-0001,Malabar Paratha  (1pkt= 6Pcs),2026-09-24 to 2026-10-08,191.0,Pc,0.9991,"Posist item_sales qty_09-24_10-08 x menu_item_cost_lines.csv (base tab, sub-recipes expanded)",Delhi dishes carry 3 chutneys by design
Sec 18 Noida,02-0001,Malkapodi Bucket,2026-09-24 to 2026-10-08,3.28,Kg,0.9991,"Posist item_sales qty_09-24_10-08 x menu_item_cost_lines.csv (base tab, sub-recipes expanded)",Delhi dishes carry 3 chutneys by design
Sec 18 Noida,02-0001,Mysore Chutney Bucket,2026-09-24 to 2026-10-08,9.31,Kg,0.9991,"Posist item_sales qty_09-24_10-08 x menu_item_cost_lines.csv (base tab, sub-recipes expanded)",Delhi dishes carry 3 chutneys by design
Sec 18 Noida,02-0001,Potato Masala Bucket,2026-09-24 to 2026-10-08,10.5,Kg,0.9991,"Posist item_sales qty_09-24_10-08 x menu_item_cost_lines.csv (base tab, sub-recipes expanded)",Delhi dishes carry 3 chutneys by design
Sec 18 Noida,02-0001,Potato Masala Mix (1Pkt = 90Gm),2026-09-24 to 2026-10-08,50.492,Pkt,0.9991,"Posist item_sales qty_09-24_10-08 x menu_item_cost_lines.csv (base tab, sub-recipes expanded)",88% via outlet sub-recipe; Delhi dishes carry 3 chutneys by design
Sec 18 Noida,02-0001,Rasam Bucket,2026-09-24 to 2026-10-08,7.0,Ltr,0.9991,"Posist item_sales qty_09-24_10-08 x menu_item_cost_lines.csv (base tab, sub-recipes expanded)",Delhi dishes carry 3 chutneys by design
Sec 18 Noida,02-0001,Rava Powder Mix,2026-09-24 to 2026-10-08,3.65,Kg,0.9991,"Posist item_sales qty_09-24_10-08 x menu_item_cost_lines.csv (base tab, sub-recipes expanded)",Delhi dishes carry 3 chutneys by design
Sec 18 Noida,02-0001,Raw Mango Chutney Bucket,2026-09-24 to 2026-10-08,4.73,Kg,0.9991,"Posist item_sales qty_09-24_10-08 x menu_item_cost_lines.csv (base tab, sub-recipes expanded)",Delhi dishes carry 3 chutneys by design
Sec 18 Noida,02-0001,Raw Mango Pickle Bucket,2026-09-24 to 2026-10-08,0.65,Kg,0.9991,"Posist item_sales qty_09-24_10-08 x menu_item_cost_lines.csv (base tab, sub-recipes expanded)",Delhi dishes carry 3 chutneys by design
Sec 18 Noida,02-0001,Regular White Chutney Bucket,2026-09-24 to 2026-10-08,3.9,Kg,0.9991,"Posist item_sales qty_09-24_10-08 x menu_item_cost_lines.csv (base tab, sub-recipes expanded)",100% of qty from lines marked (Inactive) in recipe; Delhi dishes carry 3 chutneys by design
Sec 18 Noida,02-0001,Sambar Bucket,2026-09-24 to 2026-10-08,3.0,Ltr,0.9991,"Posist item_sales qty_09-24_10-08 x menu_item_cost_lines.csv (base tab, sub-recipes expanded)",Delhi dishes carry 3 chutneys by design
Sec 18 Noida,02-0001,Sambar Bucket - Delhi,2026-09-24 to 2026-10-08,681.0,Ltr,0.9991,"Posist item_sales qty_09-24_10-08 x menu_item_cost_lines.csv (base tab, sub-recipes expanded)",Delhi dishes carry 3 chutneys by design
Sec 18 Noida,02-0001,Special Daal Bucket,2026-09-24 to 2026-10-08,5.713,Kg,0.9991,"Posist item_sales qty_09-24_10-08 x menu_item_cost_lines.csv (base tab, sub-recipes expanded)",Delhi dishes carry 3 chutneys by design
Sec 18 Noida,02-0001,Special White Coconut Chutney Bucket,2026-09-24 to 2026-10-08,1.0,Kg,0.9991,"Posist item_sales qty_09-24_10-08 x menu_item_cost_lines.csv (base tab, sub-recipes expanded)",Delhi dishes carry 3 chutneys by design
Sec 18 Noida,02-0001,Spicy Coconut Chutney Mix 1Pkt (16gm),2026-09-24 to 2026-10-08,7.393,Kg,0.9991,"Posist item_sales qty_09-24_10-08 x menu_item_cost_lines.csv (base tab, sub-recipes expanded)",Delhi dishes carry 3 chutneys by design
Sec 18 Noida,02-0001,Srivilli Kheer (1 Pc),2026-09-24 to 2026-10-08,39.0,Pc,0.9991,"Posist item_sales qty_09-24_10-08 x menu_item_cost_lines.csv (base tab, sub-recipes expanded)",Delhi dishes carry 3 chutneys by design
Sec 18 Noida,02-0001,Steam Rice Bucket,2026-09-24 to 2026-10-08,13.1,Kg,0.9991,"Posist item_sales qty_09-24_10-08 x menu_item_cost_lines.csv (base tab, sub-recipes expanded)",Delhi dishes carry 3 chutneys by design
Sec 18 Noida,02-0001,Sugar Syrup Bucket,2026-09-24 to 2026-10-08,4.15,Ltr,0.9991,"Posist item_sales qty_09-24_10-08 x menu_item_cost_lines.csv (base tab, sub-recipes expanded)",100% of qty from lines marked (Inactive) in recipe; Delhi dishes carry 3 chutneys by design
Sec 18 Noida,02-0001,Thatte Idli Pc Raw,2026-09-24 to 2026-10-08,175.0,Pc,0.9991,"Posist item_sales qty_09-24_10-08 x menu_item_cost_lines.csv (base tab, sub-recipes expanded)",Delhi dishes carry 3 chutneys by design
Sec 18 Noida,02-0001,Thindi Malkapodi Powder Bucket,2026-09-24 to 2026-10-08,3.125,Kg,0.9991,"Posist item_sales qty_09-24_10-08 x menu_item_cost_lines.csv (base tab, sub-recipes expanded)",Delhi dishes carry 3 chutneys by design
Sec 18 Noida,02-0001,Tomato Onion Chutney Bucket,2026-09-24 to 2026-10-08,166.01,Kg,0.9991,"Posist item_sales qty_09-24_10-08 x menu_item_cost_lines.csv (base tab, sub-recipes expanded)",Delhi dishes carry 3 chutneys by design
Sec 18 Noida,02-0001,Tomato Onion Powder Mix (1 Pkt = 24gm),2026-09-24 to 2026-10-08,0.297,Kg,0.9991,"Posist item_sales qty_09-24_10-08 x menu_item_cost_lines.csv (base tab, sub-recipes expanded)",Delhi dishes carry 3 chutneys by design
Sec 18 Noida,02-0001,Upma Mix (1pkt = 300gm),2026-09-24 to 2026-10-08,0.48,Kg,0.9991,"Posist item_sales qty_09-24_10-08 x menu_item_cost_lines.csv (base tab, sub-recipes expanded)",Delhi dishes carry 3 chutneys by design
Sec 31 - Gurgaon,02-0016,Benne Dosa Batter (Pack Size -3 Kg ),2026-09-24 to 2026-10-08,64.95,Kg,0.9993,"Posist item_sales qty_09-24_10-08 x menu_item_cost_lines.csv (base tab, sub-recipes expanded)",Delhi dishes carry 3 chutneys by design
Sec 31 - Gurgaon,02-0016,Boiled & Mashed Potato (1Pkt = 3Kg),2026-09-24 to 2026-10-08,77.333,Kg,0.9993,"Posist item_sales qty_09-24_10-08 x menu_item_cost_lines.csv (base tab, sub-recipes expanded)",87% via outlet sub-recipe; Delhi dishes carry 3 chutneys by design
Sec 31 - Gurgaon,02-0016,Boondi,2026-09-24 to 2026-10-08,0.33,Kg,0.9993,"Posist item_sales qty_09-24_10-08 x menu_item_cost_lines.csv (base tab, sub-recipes expanded)",Delhi dishes carry 3 chutneys by design
Sec 31 - Gurgaon,02-0016,Chaat Masala Bucket,2026-09-24 to 2026-10-08,0.218,Kg,0.9993,"Posist item_sales qty_09-24_10-08 x menu_item_cost_lines.csv (base tab, sub-recipes expanded)",Delhi dishes carry 3 chutneys by design
Sec 31 - Gurgaon,02-0016,Coconut Shredded,2026-09-24 to 2026-10-08,84.764,Kg,0.9993,"Posist item_sales qty_09-24_10-08 x menu_item_cost_lines.csv (base tab, sub-recipes expanded)",0% via outlet sub-recipe; Delhi dishes carry 3 chutneys by design
Sec 31 - Gurgaon,02-0016,Dahi Bucket Mix (1pkt =105gm),2026-09-24 to 2026-10-08,825.0,gm,0.9993,"Posist item_sales qty_09-24_10-08 x menu_item_cost_lines.csv (base tab, sub-recipes expanded)",Delhi dishes carry 3 chutneys by design
Sec 31 - Gurgaon,02-0016,Dosa Batter Mix,2026-09-24 to 2026-10-08,113.925,Kg,0.9993,"Posist item_sales qty_09-24_10-08 x menu_item_cost_lines.csv (base tab, sub-recipes expanded)",Delhi dishes carry 3 chutneys by design
Sec 31 - Gurgaon,02-0016,Frozen Medu Vada (10pc),2026-09-24 to 2026-10-08,253.0,Pc,0.9993,"Posist item_sales qty_09-24_10-08 x menu_item_cost_lines.csv (base tab, sub-recipes expanded)",Delhi dishes carry 3 chutneys by design
Sec 31 - Gurgaon,02-0016,Garam Masala Powder Bucket,2026-09-24 to 2026-10-08,0.009,Kg,0.9993,"Posist item_sales qty_09-24_10-08 x menu_item_cost_lines.csv (base tab, sub-recipes expanded)",Delhi dishes carry 3 chutneys by design
Sec 31 - Gurgaon,02-0016,Garlic Chutney Bucket,2026-09-24 to 2026-10-08,7.87,Kg,0.9993,"Posist item_sales qty_09-24_10-08 x menu_item_cost_lines.csv (base tab, sub-recipes expanded)",Delhi dishes carry 3 chutneys by design
Sec 31 - Gurgaon,02-0016,Idli Pc Raw (1 Pkt =40pc),2026-09-24 to 2026-10-08,563.0,Pc,0.9993,"Posist item_sales qty_09-24_10-08 x menu_item_cost_lines.csv (base tab, sub-recipes expanded)",Delhi dishes carry 3 chutneys by design
Sec 31 - Gurgaon,02-0016,Imli Water,2026-09-24 to 2026-10-08,5.767,Ltr,0.9993,"Posist item_sales qty_09-24_10-08 x menu_item_cost_lines.csv (base tab, sub-recipes expanded)",Delhi dishes carry 3 chutneys by design
Sec 31 - Gurgaon,02-0016,Jain Sambar - Delhi,2026-09-24 to 2026-10-08,14.2,Ltr,0.9993,"Posist item_sales qty_09-24_10-08 x menu_item_cost_lines.csv (base tab, sub-recipes expanded)",Delhi dishes carry 3 chutneys by design
Sec 31 - Gurgaon,02-0016,Karam Podi Powder Bucket,2026-09-24 to 2026-10-08,0.68,Kg,0.9993,"Posist item_sales qty_09-24_10-08 x menu_item_cost_lines.csv (base tab, sub-recipes expanded)",Delhi dishes carry 3 chutneys by design
Sec 31 - Gurgaon,02-0016,Kesari Halwa Mix  (1pkt = 550gm),2026-09-24 to 2026-10-08,1.242,Kg,0.9993,"Posist item_sales qty_09-24_10-08 x menu_item_cost_lines.csv (base tab, sub-recipes expanded)",Delhi dishes carry 3 chutneys by design
Sec 31 - Gurgaon,02-0016,Korma Gravy Mix (1pkt=700gm),2026-09-24 to 2026-10-08,9.54,Kg,0.9993,"Posist item_sales qty_09-24_10-08 x menu_item_cost_lines.csv (base tab, sub-recipes expanded)",Delhi dishes carry 3 chutneys by design
Sec 31 - Gurgaon,02-0016,Lemon Rice Bucket,2026-09-24 to 2026-10-08,3.4,Kg,0.9993,"Posist item_sales qty_09-24_10-08 x menu_item_cost_lines.csv (base tab, sub-recipes expanded)",Delhi dishes carry 3 chutneys by design
Sec 31 - Gurgaon,02-0016,Malabar Paratha  (1pkt= 6Pcs),2026-09-24 to 2026-10-08,112.0,Pc,0.9993,"Posist item_sales qty_09-24_10-08 x menu_item_cost_lines.csv (base tab, sub-recipes expanded)",Delhi dishes carry 3 chutneys by design
Sec 31 - Gurgaon,02-0016,Malkapodi Bucket,2026-09-24 to 2026-10-08,1.815,Kg,0.9993,"Posist item_sales qty_09-24_10-08 x menu_item_cost_lines.csv (base tab, sub-recipes expanded)",Delhi dishes carry 3 chutneys by design
Sec 31 - Gurgaon,02-0016,Mysore Chutney Bucket,2026-09-24 to 2026-10-08,6.65,Kg,0.9993,"Posist item_sales qty_09-24_10-08 x menu_item_cost_lines.csv (base tab, sub-recipes expanded)",Delhi dishes carry 3 chutneys by design
Sec 31 - Gurgaon,02-0016,Potato Masala Bucket,2026-09-24 to 2026-10-08,2.4,Kg,0.9993,"Posist item_sales qty_09-24_10-08 x menu_item_cost_lines.csv (base tab, sub-recipes expanded)",Delhi dishes carry 3 chutneys by design
Sec 31 - Gurgaon,02-0016,Potato Masala Mix (1Pkt = 90Gm),2026-09-24 to 2026-10-08,25.745,Pkt,0.9993,"Posist item_sales qty_09-24_10-08 x menu_item_cost_lines.csv (base tab, sub-recipes expanded)",87% via outlet sub-recipe; Delhi dishes carry 3 chutneys by design
Sec 31 - Gurgaon,02-0016,Rasam Bucket,2026-09-24 to 2026-10-08,4.0,Ltr,0.9993,"Posist item_sales qty_09-24_10-08 x menu_item_cost_lines.csv (base tab, sub-recipes expanded)",Delhi dishes carry 3 chutneys by design
Sec 31 - Gurgaon,02-0016,Rava Powder Mix,2026-09-24 to 2026-10-08,1.7,Kg,0.9993,"Posist item_sales qty_09-24_10-08 x menu_item_cost_lines.csv (base tab, sub-recipes expanded)",Delhi dishes carry 3 chutneys by design
Sec 31 - Gurgaon,02-0016,Raw Mango Chutney Bucket,2026-09-24 to 2026-10-08,4.32,Kg,0.9993,"Posist item_sales qty_09-24_10-08 x menu_item_cost_lines.csv (base tab, sub-recipes expanded)",Delhi dishes carry 3 chutneys by design
Sec 31 - Gurgaon,02-0016,Raw Mango Pickle Bucket,2026-09-24 to 2026-10-08,0.215,Kg,0.9993,"Posist item_sales qty_09-24_10-08 x menu_item_cost_lines.csv (base tab, sub-recipes expanded)",Delhi dishes carry 3 chutneys by design
Sec 31 - Gurgaon,02-0016,Regular White Chutney Bucket,2026-09-24 to 2026-10-08,2.55,Kg,0.9993,"Posist item_sales qty_09-24_10-08 x menu_item_cost_lines.csv (base tab, sub-recipes expanded)",100% of qty from lines marked (Inactive) in recipe; Delhi dishes carry 3 chutneys by design
Sec 31 - Gurgaon,02-0016,Sambar Bucket,2026-09-24 to 2026-10-08,1.0,Ltr,0.9993,"Posist item_sales qty_09-24_10-08 x menu_item_cost_lines.csv (base tab, sub-recipes expanded)",Delhi dishes carry 3 chutneys by design
Sec 31 - Gurgaon,02-0016,Sambar Bucket - Delhi,2026-09-24 to 2026-10-08,423.85,Ltr,0.9993,"Posist item_sales qty_09-24_10-08 x menu_item_cost_lines.csv (base tab, sub-recipes expanded)",Delhi dishes carry 3 chutneys by design
Sec 31 - Gurgaon,02-0016,Special Daal Bucket,2026-09-24 to 2026-10-08,3.053,Kg,0.9993,"Posist item_sales qty_09-24_10-08 x menu_item_cost_lines.csv (base tab, sub-recipes expanded)",Delhi dishes carry 3 chutneys by design
Sec 31 - Gurgaon,02-0016,Special White Coconut Chutney Bucket,2026-09-24 to 2026-10-08,0.5,Kg,0.9993,"Posist item_sales qty_09-24_10-08 x menu_item_cost_lines.csv (base tab, sub-recipes expanded)",Delhi dishes carry 3 chutneys by design
Sec 31 - Gurgaon,02-0016,Spicy Coconut Chutney Mix 1Pkt (16gm),2026-09-24 to 2026-10-08,4.12,Kg,0.9993,"Posist item_sales qty_09-24_10-08 x menu_item_cost_lines.csv (base tab, sub-recipes expanded)",Delhi dishes carry 3 chutneys by design
Sec 31 - Gurgaon,02-0016,Srivilli Kheer (1 Pc),2026-09-24 to 2026-10-08,14.0,Pc,0.9993,"Posist item_sales qty_09-24_10-08 x menu_item_cost_lines.csv (base tab, sub-recipes expanded)",Delhi dishes carry 3 chutneys by design
Sec 31 - Gurgaon,02-0016,Steam Rice Bucket,2026-09-24 to 2026-10-08,5.05,Kg,0.9993,"Posist item_sales qty_09-24_10-08 x menu_item_cost_lines.csv (base tab, sub-recipes expanded)",Delhi dishes carry 3 chutneys by design
Sec 31 - Gurgaon,02-0016,Sugar Syrup Bucket,2026-09-24 to 2026-10-08,2.05,Ltr,0.9993,"Posist item_sales qty_09-24_10-08 x menu_item_cost_lines.csv (base tab, sub-recipes expanded)",Delhi dishes carry 3 chutneys by design
Sec 31 - Gurgaon,02-0016,Thatte Idli Pc Raw,2026-09-24 to 2026-10-08,134.0,Pc,0.9993,"Posist item_sales qty_09-24_10-08 x menu_item_cost_lines.csv (base tab, sub-recipes expanded)",Delhi dishes carry 3 chutneys by design
Sec 31 - Gurgaon,02-0016,Thindi Malkapodi Powder Bucket,2026-09-24 to 2026-10-08,2.49,Kg,0.9993,"Posist item_sales qty_09-24_10-08 x menu_item_cost_lines.csv (base tab, sub-recipes expanded)",Delhi dishes carry 3 chutneys by design
Sec 31 - Gurgaon,02-0016,Tomato Onion Chutney Bucket,2026-09-24 to 2026-10-08,87.86,Kg,0.9993,"Posist item_sales qty_09-24_10-08 x menu_item_cost_lines.csv (base tab, sub-recipes expanded)",Delhi dishes carry 3 chutneys by design
Sec 31 - Gurgaon,02-0016,Tomato Onion Powder Mix (1 Pkt = 24gm),2026-09-24 to 2026-10-08,0.309,Kg,0.9993,"Posist item_sales qty_09-24_10-08 x menu_item_cost_lines.csv (base tab, sub-recipes expanded)",Delhi dishes carry 3 chutneys by design
Sec 31 - Gurgaon,02-0016,Upma Mix (1pkt = 300gm),2026-09-24 to 2026-10-08,0.66,Kg,0.9993,"Posist item_sales qty_09-24_10-08 x menu_item_cost_lines.csv (base tab, sub-recipes expanded)",Delhi dishes carry 3 chutneys by design
Shalimar Bagh,02-0015,Benne Dosa Batter (Pack Size -3 Kg ),2026-09-24 to 2026-10-08,80.55,Kg,0.998,"Posist item_sales qty_09-24_10-08 x menu_item_cost_lines.csv (base tab, sub-recipes expanded)",Delhi dishes carry 3 chutneys by design
Shalimar Bagh,02-0015,Boiled & Mashed Potato (1Pkt = 3Kg),2026-09-24 to 2026-10-08,113.0,Kg,0.998,"Posist item_sales qty_09-24_10-08 x menu_item_cost_lines.csv (base tab, sub-recipes expanded)",86% via outlet sub-recipe; Delhi dishes carry 3 chutneys by design
Shalimar Bagh,02-0015,Boondi,2026-09-24 to 2026-10-08,0.81,Kg,0.998,"Posist item_sales qty_09-24_10-08 x menu_item_cost_lines.csv (base tab, sub-recipes expanded)",Delhi dishes carry 3 chutneys by design
Shalimar Bagh,02-0015,Chaat Masala Bucket,2026-09-24 to 2026-10-08,0.335,Kg,0.998,"Posist item_sales qty_09-24_10-08 x menu_item_cost_lines.csv (base tab, sub-recipes expanded)",Delhi dishes carry 3 chutneys by design
Shalimar Bagh,02-0015,Coconut Shredded,2026-09-24 to 2026-10-08,120.267,Kg,0.998,"Posist item_sales qty_09-24_10-08 x menu_item_cost_lines.csv (base tab, sub-recipes expanded)",1% via outlet sub-recipe; Delhi dishes carry 3 chutneys by design
Shalimar Bagh,02-0015,Dahi Bucket Mix (1pkt =105gm),2026-09-24 to 2026-10-08,1320.0,gm,0.998,"Posist item_sales qty_09-24_10-08 x menu_item_cost_lines.csv (base tab, sub-recipes expanded)",Delhi dishes carry 3 chutneys by design
Shalimar Bagh,02-0015,Dosa Batter Mix,2026-09-24 to 2026-10-08,165.17,Kg,0.998,"Posist item_sales qty_09-24_10-08 x menu_item_cost_lines.csv (base tab, sub-recipes expanded)",Delhi dishes carry 3 chutneys by design
Shalimar Bagh,02-0015,Frozen Medu Vada (10pc),2026-09-24 to 2026-10-08,459.0,Pc,0.998,"Posist item_sales qty_09-24_10-08 x menu_item_cost_lines.csv (base tab, sub-recipes expanded)",Delhi dishes carry 3 chutneys by design
Shalimar Bagh,02-0015,Garam Masala Powder Bucket,2026-09-24 to 2026-10-08,0.007,Kg,0.998,"Posist item_sales qty_09-24_10-08 x menu_item_cost_lines.csv (base tab, sub-recipes expanded)",Delhi dishes carry 3 chutneys by design
Shalimar Bagh,02-0015,Garlic Chutney Bucket,2026-09-24 to 2026-10-08,7.3,Kg,0.998,"Posist item_sales qty_09-24_10-08 x menu_item_cost_lines.csv (base tab, sub-recipes expanded)",Delhi dishes carry 3 chutneys by design
Shalimar Bagh,02-0015,Idli Pc Raw (1 Pkt =40pc),2026-09-24 to 2026-10-08,776.0,Pc,0.998,"Posist item_sales qty_09-24_10-08 x menu_item_cost_lines.csv (base tab, sub-recipes expanded)",Delhi dishes carry 3 chutneys by design
Shalimar Bagh,02-0015,Imli Water,2026-09-24 to 2026-10-08,8.322,Ltr,0.998,"Posist item_sales qty_09-24_10-08 x menu_item_cost_lines.csv (base tab, sub-recipes expanded)",Delhi dishes carry 3 chutneys by design
Shalimar Bagh,02-0015,Jain Sambar - Delhi,2026-09-24 to 2026-10-08,15.4,Ltr,0.998,"Posist item_sales qty_09-24_10-08 x menu_item_cost_lines.csv (base tab, sub-recipes expanded)",Delhi dishes carry 3 chutneys by design
Shalimar Bagh,02-0015,Karam Podi Powder Bucket,2026-09-24 to 2026-10-08,1.48,Kg,0.998,"Posist item_sales qty_09-24_10-08 x menu_item_cost_lines.csv (base tab, sub-recipes expanded)",Delhi dishes carry 3 chutneys by design
Shalimar Bagh,02-0015,Kesari Halwa Mix  (1pkt = 550gm),2026-09-24 to 2026-10-08,4.554,Kg,0.998,"Posist item_sales qty_09-24_10-08 x menu_item_cost_lines.csv (base tab, sub-recipes expanded)",Delhi dishes carry 3 chutneys by design
Shalimar Bagh,02-0015,Korma Gravy Mix (1pkt=700gm),2026-09-24 to 2026-10-08,10.72,Kg,0.998,"Posist item_sales qty_09-24_10-08 x menu_item_cost_lines.csv (base tab, sub-recipes expanded)",Delhi dishes carry 3 chutneys by design
Shalimar Bagh,02-0015,Lemon Rice Bucket,2026-09-24 to 2026-10-08,1.8,Kg,0.998,"Posist item_sales qty_09-24_10-08 x menu_item_cost_lines.csv (base tab, sub-recipes expanded)",Delhi dishes carry 3 chutneys by design
Shalimar Bagh,02-0015,Malabar Paratha  (1pkt= 6Pcs),2026-09-24 to 2026-10-08,123.0,Pc,0.998,"Posist item_sales qty_09-24_10-08 x menu_item_cost_lines.csv (base tab, sub-recipes expanded)",Delhi dishes carry 3 chutneys by design
Shalimar Bagh,02-0015,Malkapodi Bucket,2026-09-24 to 2026-10-08,1.79,Kg,0.998,"Posist item_sales qty_09-24_10-08 x menu_item_cost_lines.csv (base tab, sub-recipes expanded)",Delhi dishes carry 3 chutneys by design
Shalimar Bagh,02-0015,Mysore Chutney Bucket,2026-09-24 to 2026-10-08,7.62,Kg,0.998,"Posist item_sales qty_09-24_10-08 x menu_item_cost_lines.csv (base tab, sub-recipes expanded)",Delhi dishes carry 3 chutneys by design
Shalimar Bagh,02-0015,Potato Masala Bucket,2026-09-24 to 2026-10-08,2.4,Kg,0.998,"Posist item_sales qty_09-24_10-08 x menu_item_cost_lines.csv (base tab, sub-recipes expanded)",Delhi dishes carry 3 chutneys by design
Shalimar Bagh,02-0015,Potato Masala Mix (1Pkt = 90Gm),2026-09-24 to 2026-10-08,37.612,Pkt,0.998,"Posist item_sales qty_09-24_10-08 x menu_item_cost_lines.csv (base tab, sub-recipes expanded)",86% via outlet sub-recipe; Delhi dishes carry 3 chutneys by design
Shalimar Bagh,02-0015,Rasam Bucket,2026-09-24 to 2026-10-08,7.0,Ltr,0.998,"Posist item_sales qty_09-24_10-08 x menu_item_cost_lines.csv (base tab, sub-recipes expanded)",Delhi dishes carry 3 chutneys by design
Shalimar Bagh,02-0015,Rava Powder Mix,2026-09-24 to 2026-10-08,4.75,Kg,0.998,"Posist item_sales qty_09-24_10-08 x menu_item_cost_lines.csv (base tab, sub-recipes expanded)",Delhi dishes carry 3 chutneys by design
Shalimar Bagh,02-0015,Raw Mango Chutney Bucket,2026-09-24 to 2026-10-08,3.4,Kg,0.998,"Posist item_sales qty_09-24_10-08 x menu_item_cost_lines.csv (base tab, sub-recipes expanded)",Delhi dishes carry 3 chutneys by design
Shalimar Bagh,02-0015,Raw Mango Pickle Bucket,2026-09-24 to 2026-10-08,0.21,Kg,0.998,"Posist item_sales qty_09-24_10-08 x menu_item_cost_lines.csv (base tab, sub-recipes expanded)",Delhi dishes carry 3 chutneys by design
Shalimar Bagh,02-0015,Regular White Chutney Bucket,2026-09-24 to 2026-10-08,5.55,Kg,0.998,"Posist item_sales qty_09-24_10-08 x menu_item_cost_lines.csv (base tab, sub-recipes expanded)",100% of qty from lines marked (Inactive) in recipe; Delhi dishes carry 3 chutneys by design
Shalimar Bagh,02-0015,Sambar Bucket,2026-09-24 to 2026-10-08,,Ltr,0.998,batch_actual_use_detail.csv (consumption only),in recipe file but no matched dish sold uses it — theoretical not computable
Shalimar Bagh,02-0015,Sambar Bucket - Delhi,2026-09-24 to 2026-10-08,614.0,Ltr,0.998,"Posist item_sales qty_09-24_10-08 x menu_item_cost_lines.csv (base tab, sub-recipes expanded)",Delhi dishes carry 3 chutneys by design
Shalimar Bagh,02-0015,Special Daal Bucket,2026-09-24 to 2026-10-08,4.393,Kg,0.998,"Posist item_sales qty_09-24_10-08 x menu_item_cost_lines.csv (base tab, sub-recipes expanded)",Delhi dishes carry 3 chutneys by design
Shalimar Bagh,02-0015,Spicy Coconut Chutney Mix 1Pkt (16gm),2026-09-24 to 2026-10-08,6.082,Kg,0.998,"Posist item_sales qty_09-24_10-08 x menu_item_cost_lines.csv (base tab, sub-recipes expanded)",Delhi dishes carry 3 chutneys by design
Shalimar Bagh,02-0015,Srivilli Kheer (1 Pc),2026-09-24 to 2026-10-08,29.0,Pc,0.998,"Posist item_sales qty_09-24_10-08 x menu_item_cost_lines.csv (base tab, sub-recipes expanded)",Delhi dishes carry 3 chutneys by design
Shalimar Bagh,02-0015,Steam Rice Bucket,2026-09-24 to 2026-10-08,4.5,Kg,0.998,"Posist item_sales qty_09-24_10-08 x menu_item_cost_lines.csv (base tab, sub-recipes expanded)",Delhi dishes carry 3 chutneys by design
Shalimar Bagh,02-0015,Sugar Syrup Bucket,2026-09-24 to 2026-10-08,4.65,Ltr,0.998,"Posist item_sales qty_09-24_10-08 x menu_item_cost_lines.csv (base tab, sub-recipes expanded)",Delhi dishes carry 3 chutneys by design
Shalimar Bagh,02-0015,Thatte Idli Pc Raw,2026-09-24 to 2026-10-08,216.0,Pc,0.998,"Posist item_sales qty_09-24_10-08 x menu_item_cost_lines.csv (base tab, sub-recipes expanded)",Delhi dishes carry 3 chutneys by design
Shalimar Bagh,02-0015,Thindi Malkapodi Powder Bucket,2026-09-24 to 2026-10-08,3.77,Kg,0.998,"Posist item_sales qty_09-24_10-08 x menu_item_cost_lines.csv (base tab, sub-recipes expanded)",Delhi dishes carry 3 chutneys by design
Shalimar Bagh,02-0015,Tomato Onion Chutney Bucket,2026-09-24 to 2026-10-08,124.69,Kg,0.998,"Posist item_sales qty_09-24_10-08 x menu_item_cost_lines.csv (base tab, sub-recipes expanded)",Delhi dishes carry 3 chutneys by design
Shalimar Bagh,02-0015,Tomato Onion Powder Mix (1 Pkt = 24gm),2026-09-24 to 2026-10-08,0.363,Kg,0.998,"Posist item_sales qty_09-24_10-08 x menu_item_cost_lines.csv (base tab, sub-recipes expanded)",Delhi dishes carry 3 chutneys by design
Shalimar Bagh,02-0015,Upma Mix (1pkt = 300gm),2026-09-24 to 2026-10-08,2.04,Kg,0.998,"Posist item_sales qty_09-24_10-08 x menu_item_cost_lines.csv (base tab, sub-recipes expanded)",Delhi dishes carry 3 chutneys by design
