store,store_code,region,item,category,qty,gross,gross_09-09_09-23,gross_09-24_10-08,qty_09-09_09-23,qty_09-24_10-08
Dosa Coffee - Forum (0003),0003,East,Masala Dosa,,864,177120.38,80565.16,96555.22,393,471
Dosa Coffee - Forum (0003),0003,East,Filter Coffee,,703,70300.61,36100.35,34200.26,361,342
Dosa Coffee - Forum (0003),0003,East,Benne Masala Dosa,,268,65659.7,32829.84,32829.86,134,134
Dosa Coffee - Forum (0003),0003,East,Idli Plate (2 pc),,334,41646.35,20573.78,21072.57,165,169
Dosa Coffee - Forum (0003),0003,East,Plain Dosa,,216,34473.6,17715.6,16758.0,111,105
Dosa Coffee - Forum (0003),0003,East,Benne Dosa,,94,19270.0,11890.0,7380.0,58,36
Dosa Coffee - Forum (0003),0003,East,Cold Coffee-Classic,,131,24174.67,11441.43,12733.24,62,69
Dosa Coffee - Forum (0003),0003,East,Rava Plain Dosa,,102,20910.01,7790.01,13120.0,38,64
Dosa Coffee - Forum (0003),0003,East,Medu Vada Plate (2 pc),,107,17077.2,7501.2,9576.0,47,60
Dosa Coffee - Forum (0003),0003,East,Malabar Paratha with Paneer Korma,,51,15248.99,7474.99,7774.0,25,26
Dosa Coffee - Forum (0003),0003,East,Paper Plain Dosa,,89,18245.0,7175.0,11070.0,35,54
Dosa Coffee - Forum (0003),0003,East,Schweppes Bottled water (500ml),,181,11726.71,6478.8,5247.91,100,81
Dosa Coffee - Forum (0003),0003,East,Thatte Idli Plate,,69,12733.25,6089.81,6643.44,33,36
Dosa Coffee - Forum (0003),0003,East,Ghee Roast Masala Dosa,,51,11475.05,5625.04,5850.01,25,26
Dosa Coffee - Forum (0003),0003,East,Black Coffee,,144,11520.0,5600.0,5920.0,70,74
Dosa Coffee - Forum (0003),0003,East,Potato Masala,,226,11272.05,5586.1,5685.94,112,114
Dosa Coffee - Forum (0003),0003,East,Mixed Uttapam,,44,10340.0,5170.0,5170.0,22,22
Dosa Coffee - Forum (0003),0003,East,Garlic Ghee Roast Dosa,,50,12000.0,4800.0,7200.0,20,30
Dosa Coffee - Forum (0003),0003,East,Guntur Karampodi Dosa,,22,6577.99,4783.99,1794.0,16,6
Dosa Coffee - Forum (0003),0003,East,Garlic Benne Dosa,,39,10140.0,4680.0,5460.0,18,21
Dosa Coffee - Forum (0003),0003,East,Cheese,,170,11022.44,4408.96,6613.48,68,102
Dosa Coffee - Forum (0003),0003,East,Mysore Dosa,,34,7634.39,4266.28,3368.11,19,15
Dosa Coffee - Forum (0003),0003,East,Plain Ghee Roast Dosa,,43,8815.0,4100.0,4715.0,20,23
Dosa Coffee - Forum (0003),0003,East,Idli Vada Plate,,62,9277.01,3740.74,5536.27,25,37
Dosa Coffee - Forum (0003),0003,East,Malkapodi Idli Plate (2pc),,47,8673.38,3690.8,4982.58,20,27
Dosa Coffee - Forum (0003),0003,East,Raw Mango Ghee Roast Dosa,,21,5460.0,3640.0,1820.0,14,7
Dosa Coffee - Forum (0003),0003,East,Upma,,43,7291.91,3391.6,3900.31,20,23
Dosa Coffee - Forum (0003),0003,East,Mysore Ghee Roast Dosa,,27,7020.0,3380.0,3640.0,13,14
Dosa Coffee - Forum (0003),0003,East,Butter,,121,7845.36,3371.56,4473.81,52,69
Dosa Coffee - Forum (0003),0003,East,Homemade Sparkling Lemonade.,,47,4392.15,2990.4,1401.75,32,15
Dosa Coffee - Forum (0003),0003,East,Fresh Buttermilk.,,63,5887.35,2896.95,2990.4,31,32
Dosa Coffee - Forum (0003),0003,East,Filter Coffee Cappuccino,,31,4947.6,2872.8,2074.8,18,13
Dosa Coffee - Forum (0003),0003,East,Thindi Podi Ghee Masala Dosa,,28,6720.0,2640.0,4080.0,11,17
Dosa Coffee - Forum (0003),0003,East,Ghee Idli Plate (2pc),,33,5266.8,2394.0,2872.8,15,18
Dosa Coffee - Forum (0003),0003,East,Idli Fries,,30,4788.0,2394.0,2394.0,15,15
Dosa Coffee - Forum (0003),0003,East,Onion Uttapam,,15,3525.0,2350.0,1175.0,10,5
Dosa Coffee - Forum (0003),0003,East,Tomato Uttapam,,10,2350.0,2350.0,,10,
Dosa Coffee - Forum (0003),0003,East,Raw Mango Benne Dosa,,17,4420.0,2340.0,2080.0,9,8
Dosa Coffee - Forum (0003),0003,East,Srivilli Kheer,,45,4488.75,2194.5,2294.25,22,23
Dosa Coffee - Forum (0003),0003,East,Mysore Benne Dosa,,17,4420.0,2080.0,2340.0,8,9
Dosa Coffee - Forum (0003),0003,East,Ghee,,51,3306.73,2074.8,1231.92,32,19
Dosa Coffee - Forum (0003),0003,East,Onion,,172,4289.32,2069.84,2219.49,83,89
Dosa Coffee - Forum (0003),0003,East,Garlic Dosa,,20,4490.8,2020.86,2469.94,9,11
Dosa Coffee - Forum (0003),0003,East,Homemade Sparkling Lemonade,,25,2867.78,1950.1,917.68,17,8
Dosa Coffee - Forum (0003),0003,East,Masala Uttapam,,19,4465.0,1880.0,2585.0,8,11
Dosa Coffee - Forum (0003),0003,East,Lemon Iced Tea.,,34,3177.3,1869.0,1308.3,20,14
Dosa Coffee - Forum (0003),0003,East,Jaggery Cinnamon Filter Coffee,,15,2768.09,1845.39,922.7,10,5
Dosa Coffee - Forum (0003),0003,East,Homemade Lemonade.,,39,3644.55,1588.65,2055.9,17,22
Dosa Coffee - Forum (0003),0003,East,Malkapodi Dosa,,18,4041.72,1571.78,2469.94,7,11
Dosa Coffee - Forum (0003),0003,East,Fresh Buttermilk,,53,5286.75,1496.25,3790.5,15,38
Dosa Coffee - Forum (0003),0003,East,Lemon Iced Tea,,25,2867.79,1491.25,1376.54,13,12
Dosa Coffee - Forum (0003),0003,East,Dahi Vada Plate (2 pc),,16,2952.64,1476.32,1476.32,8,8
Dosa Coffee - Forum (0003),0003,East,Sambar Idli Plate (2pc),,13,2074.8,1436.4,638.4,9,4
Dosa Coffee - Forum (0003),0003,East,Sambar Vada Plate (2pc),,12,1915.2,1436.4,478.8,9,3
Dosa Coffee - Forum (0003),0003,East,Tomato Onion Uttapam,,21,4935.0,1410.0,3525.0,6,15
Dosa Coffee - Forum (0003),0003,East,Butter Idli Plate (2pc),,16,2553.6,957.6,1596.0,6,10
Dosa Coffee - Forum (0003),0003,East,Packaging Charge,,91,1638.0,936.0,702.0,52,39
Dosa Coffee - Forum (0003),0003,East,Thindi Podi Idli,,10,1745.61,872.81,872.8,5,5
Dosa Coffee - Forum (0003),0003,East,Spicy Tomato Onion Ghee Roast Dosa,,7,1815.45,778.05,1037.4,3,4
Dosa Coffee - Forum (0003),0003,East,Dahi Idli,,10,1845.4,738.16,1107.24,4,6
Dosa Coffee - Forum (0003),0003,East,Benne Masala Dosa - Forum,,5,775.0,620.0,155.0,4,1
Dosa Coffee - Forum (0003),0003,East,Cold Coffee-Nuttela,,10,2050.0,615.0,1435.0,3,7
Dosa Coffee - Forum (0003),0003,East,Cold Coffee-Crunchy Oreo,,6,1230.0,615.0,615.0,3,3
Dosa Coffee - Forum (0003),0003,East,Plain Uttapam,,5,975.0,585.0,390.0,3,2
Dosa Coffee - Forum (0003),0003,East,Spicy Tomato Onion Chutney,,22,1426.48,583.56,842.92,9,13
Dosa Coffee - Forum (0003),0003,East,Kesari Halwa,,28,2793.0,498.75,2294.25,5,23
Dosa Coffee - Forum (0003),0003,East,Garlic Benne Masala Dosa - Forum,,2,370.0,370.0,,2,
Dosa Coffee - Forum (0003),0003,East,Filter Coffee Ice-Cream,,7,698.25,299.25,399.0,3,4
Dosa Coffee - Forum (0003),0003,East,Homemade Lemonade,,5,498.75,299.25,199.5,3,2
Dosa Coffee - Forum (0003),0003,East,Raw Mango Chutney,,9,583.56,259.36,324.2,4,5
Dosa Coffee - Forum (0003),0003,East,Open Butter Masala Dosa,,8,1880.0,235.0,1645.0,1,7
Dosa Coffee - Forum (0003),0003,East,Iced Filter Coffee,,7,808.5,231.0,577.5,2,5
Dosa Coffee - Forum (0003),0003,East,Garlic Ghee Roast Masala Dosa - Forum,,1,185.0,185.0,,1,
Dosa Coffee - Forum (0003),0003,East,Dahi Vada - Forum,,1,185.0,185.0,,1,
Dosa Coffee - Forum (0003),0003,East,Chocolate Filter Coffee,,2,369.08,184.54,184.54,1,1
Dosa Coffee - Forum (0003),0003,East,Ghee Podi Thatte Idli - Forum,,1,155.0,155.0,,1,
Dosa Coffee - Forum (0003),0003,East,Ghee Roast Masala Dosa - Forum,,1,155.0,155.0,,1,
Dosa Coffee - Forum (0003),0003,East,Medu Vada - Forum,,2,310.0,155.0,155.0,1,1
Dosa Coffee - Forum (0003),0003,East,Dadu`s Special Spicy Chutney,,3,194.52,129.68,64.84,2,1
Dosa Coffee - Forum (0003),0003,East,Regular Sambar,,2810,0,0.0,0.0,1305,1505
Dosa Coffee - Forum (0003),0003,East,Jain Sambar,,114,0,0.0,0.0,85,29
Dosa Coffee - Forum (0003),0003,East,Special White Coconut Chutney,,4,259.36,,259.36,,4
Dosa Coffee - Manisquare (0004),0004,East,Masala Dosa,,2634,535453.35,242619.66,292833.69,1188,1446
Dosa Coffee - Manisquare (0004),0004,East,Filter Coffee,,2422,242204.81,117002.3,125202.51,1170,1252
Dosa Coffee - Manisquare (0004),0004,East,Plain Dosa,,713,113825.51,56219.24,57606.27,352,361
Dosa Coffee - Manisquare (0004),0004,East,Benne Masala Dosa,,443,108076.03,50515.8,57560.23,206,237
Dosa Coffee - Manisquare (0004),0004,East,Idli Plate (2 pc),,643,82678.72,40498.82,42179.9,315,328
Dosa Coffee - Manisquare (0004),0004,East,Ghee Roast Masala Dosa,,183,41380.15,22455.27,18924.88,99,84
Dosa Coffee - Manisquare (0004),0004,East,Schweppes Bottled water (500ml),,692,44831.4,19824.32,25007.08,306,386
Dosa Coffee - Manisquare (0004),0004,East,Paper Plain Dosa,,189,38745.36,19475.18,19270.18,95,94
Dosa Coffee - Manisquare (0004),0004,East,Dahi Vada Plate (2 pc),,161,29695.21,16960.67,12734.54,92,69
Dosa Coffee - Manisquare (0004),0004,East,Thatte Idli Plate,,210,39011.27,16880.9,22130.37,90,120
Dosa Coffee - Manisquare (0004),0004,East,Cold Coffee-Classic,,160,29526.09,16423.87,13102.22,89,71
Dosa Coffee - Manisquare (0004),0004,East,Butter,,429,27723.44,13840.53,13882.91,214,215
Dosa Coffee - Manisquare (0004),0004,East,Black Coffee,,297,23759.94,11439.96,12319.98,143,154
Dosa Coffee - Manisquare (0004),0004,East,Medu Vada Plate (2 pc),,161,25805.94,10513.46,15292.48,66,95
Dosa Coffee - Manisquare (0004),0004,East,Cheese,,334,21140.65,10447.48,10693.16,165,169
Dosa Coffee - Manisquare (0004),0004,East,Mysore Ghee Roast Dosa,,70,17810.41,9444.95,8365.46,37,33
Dosa Coffee - Manisquare (0004),0004,East,Open Butter Masala Dosa,,67,15745.0,9400.0,6345.0,40,27
Dosa Coffee - Manisquare (0004),0004,East,Garlic Ghee Roast Dosa,,77,18325.32,9169.79,9155.53,39,38
Dosa Coffee - Manisquare (0004),0004,East,Malabar Paratha with Paneer Korma,,76,21864.84,9143.26,12721.58,31,45
Dosa Coffee - Manisquare (0004),0004,East,Mixed Uttapam,,71,16647.28,8314.74,8332.54,35,36
Dosa Coffee - Manisquare (0004),0004,East,Onion Uttapam,,63,14691.04,8263.05,6427.99,35,28
Dosa Coffee - Manisquare (0004),0004,East,Benne Dosa,,113,23342.15,8190.06,15152.09,39,74
Dosa Coffee - Manisquare (0004),0004,East,Rava Plain Dosa,,81,16990.27,7751.38,9238.89,37,44
Dosa Coffee - Manisquare (0004),0004,East,Potato Masala,,313,14937.0,7354.29,7582.71,155,158
Dosa Coffee - Manisquare (0004),0004,East,Idli Vada Plate,,91,14330.63,6852.61,7478.02,43,48
Dosa Coffee - Manisquare (0004),0004,East,Mysore Dosa,,58,13030.81,6062.65,6968.16,27,31
Dosa Coffee - Manisquare (0004),0004,East,Mysore Benne Dosa,,30,7638.04,5593.75,2044.29,22,8
Dosa Coffee - Manisquare (0004),0004,East,Garlic Benne Dosa,,61,15712.51,5452.62,10259.89,21,40
Dosa Coffee - Manisquare (0004),0004,East,Plain Ghee Roast Dosa,,70,14402.01,5435.21,8966.8,26,44
Dosa Coffee - Manisquare (0004),0004,East,Fresh Buttermilk,,143,14711.61,5409.5,9302.11,52,91
Dosa Coffee - Manisquare (0004),0004,East,Thindi Podi Ghee Masala Dosa,,37,8880.0,5280.0,3600.0,22,15
Dosa Coffee - Manisquare (0004),0004,East,Srivilli Kheer,,105,10577.08,5209.79,5367.29,52,53
Dosa Coffee - Manisquare (0004),0004,East,Idli Fries,,54,8640.71,5018.67,3622.04,31,23
Dosa Coffee - Manisquare (0004),0004,East,Sambar Vada Plate (2pc),,45,7182.0,4628.4,2553.6,29,16
Dosa Coffee - Manisquare (0004),0004,East,Garlic Dosa,,45,10077.24,4488.65,5588.59,20,25
Dosa Coffee - Manisquare (0004),0004,East,Mango Shake,,24,4410.0,4226.25,183.75,23,1
Dosa Coffee - Manisquare (0004),0004,East,Raw Mango Benne Dosa,,36,8967.58,3604.92,5362.66,14,22
Dosa Coffee - Manisquare (0004),0004,East,Ghee,,136,8745.4,3430.93,5314.47,53,83
Dosa Coffee - Manisquare (0004),0004,East,Dosa Coffee Tiffin,,15,4319.48,3241.31,1078.17,11,4
Dosa Coffee - Manisquare (0004),0004,East,Onion,,331,8233.2,3231.22,5001.99,130,201
Dosa Coffee - Manisquare (0004),0004,East,Guntur Karampodi Dosa,,20,5826.14,3184.25,2641.89,11,9
Dosa Coffee - Manisquare (0004),0004,East,Strawberry Shake,,17,3123.75,3123.75,,17,
Dosa Coffee - Manisquare (0004),0004,East,Kesari Halwa,,68,7519.3,3027.86,4491.44,27,41
Dosa Coffee - Manisquare (0004),0004,East,Malkapodi Dosa,,27,6156.09,3001.08,3155.01,13,14
Dosa Coffee - Manisquare (0004),0004,East,Raw Mango Ghee Roast Dosa,,38,9702.77,2993.78,6708.99,12,26
Dosa Coffee - Manisquare (0004),0004,East,Butter Idli Plate (2pc),,26,4139.47,2713.2,1426.27,17,9
Dosa Coffee - Manisquare (0004),0004,East,Ghee Idli Plate (2pc),,35,5658.7,2664.73,2993.97,16,19
Dosa Coffee - Manisquare (0004),0004,East,Sambar Idli Plate (2pc),,22,3511.2,2553.6,957.6,16,6
Dosa Coffee - Manisquare (0004),0004,East,Malkapodi Idli Plate (2pc),,45,8420.39,2279.66,6140.73,12,33
Dosa Coffee - Manisquare (0004),0004,East,Upma,,29,4917.78,2034.94,2882.84,12,17
Dosa Coffee - Manisquare (0004),0004,East,Masala Uttapam,,18,4230.0,1645.0,2585.0,7,11
Dosa Coffee - Manisquare (0004),0004,East,Thindi Podi Idli,,19,3316.66,1571.04,1745.62,9,10
Dosa Coffee - Manisquare (0004),0004,East,Raw Mango Chutney,,34,2200.52,1196.93,1003.59,18,16
Dosa Coffee - Manisquare (0004),0004,East,Tomato Onion Uttapam,,10,2328.0,1181.15,1146.85,5,5
Dosa Coffee - Manisquare (0004),0004,East,Lemon Iced Tea,,21,2408.96,1147.13,1261.83,10,11
Dosa Coffee - Manisquare (0004),0004,East,Spicy Tomato Onion Chutney,,42,2620.91,1141.49,1479.42,18,24
Dosa Coffee - Manisquare (0004),0004,East,Filter Coffee Flask,,7,1334.28,1031.55,302.73,5,2
Dosa Coffee - Manisquare (0004),0004,East,Spicy Tomato Onion Ghee Roast Dosa,,9,2290.01,1009.05,1280.96,4,5
Dosa Coffee - Manisquare (0004),0004,East,Homemade Sparkling Lemonade,,7,802.99,802.99,,7,
Dosa Coffee - Manisquare (0004),0004,East,Packaging Charge,,101,1818.0,738.0,1080.0,41,60
Dosa Coffee - Manisquare (0004),0004,East,Filter Coffee Cappuccino,,4,638.4,638.4,,4,
Dosa Coffee - Manisquare (0004),0004,East,Special White Coconut Chutney,,14,938.49,480.63,457.86,7,7
Dosa Coffee - Manisquare (0004),0004,East,Dahi Idli,,5,922.7,369.08,553.62,2,3
Dosa Coffee - Manisquare (0004),0004,East,Dosa Coffee Benne Tiffin,,6,1512.87,309.75,1203.12,1,5
Dosa Coffee - Manisquare (0004),0004,East,Dadu`s Special Spicy Chutney,,5,338.38,273.54,64.84,4,1
Dosa Coffee - Manisquare (0004),0004,East,Tomato Uttapam,,2,470.0,235.0,235.0,1,1
Dosa Coffee - Manisquare (0004),0004,East,Cold Coffee-Crunchy Oreo,,1,205.0,205.0,,1,
Dosa Coffee - Manisquare (0004),0004,East,Iced Filter Coffee,,1,115.5,115.5,,1,
Dosa Coffee - Manisquare (0004),0004,East,Malkapodi & Ghee,,1,110.25,110.25,,1,
Dosa Coffee - Manisquare (0004),0004,East,Regular Sambar,,5835,0,0.0,0.0,2680,3155
Dosa Coffee - Manisquare (0004),0004,East,Jain Sambar,,785,0,0.0,0.0,422,363
Dosa Coffee - Manisquare (0004),0004,East,Plain Uttapam,,6,1170.0,,1170.0,,6
Dosa Coffee - Manisquare (0004),0004,East,Filter Coffee Ice-Cream,,8,798.0,,798.0,,8
Dosa Coffee - Lake Town (0005),0005,East,Masala Dosa,,1463,275694.55,137232.5,138462.05,725,738
Dosa Coffee - Lake Town (0005),0005,East,Idli Plate (2 pc),,889,123390.75,61422.82,61967.93,445,444
Dosa Coffee - Lake Town (0005),0005,East,Benne Masala Dosa,,422,100275.14,50144.31,50130.83,211,211
Dosa Coffee - Lake Town (0005),0005,East,Filter Coffee,,788,76180.73,35723.15,40457.58,369,419
Dosa Coffee - Lake Town (0005),0005,East,Plain Dosa,,438,68268.98,34118.66,34150.32,220,218
Dosa Coffee - Lake Town (0005),0005,East,Thatte Idli Plate,,371,66086.02,30846.42,35239.6,174,197
Dosa Coffee - Lake Town (0005),0005,East,Medu Vada Plate (2 pc),,326,52006.33,27227.05,24779.28,170,156
Dosa Coffee - Lake Town (0005),0005,East,Ghee Roast Masala Dosa,,191,47481.01,27039.01,20442.0,108,83
Dosa Coffee - Lake Town (0005),0005,East,Garlic Ghee Roast Dosa,,197,45762.36,25309.16,20453.2,110,87
Dosa Coffee - Lake Town (0005),0005,East,Rava Plain Dosa,,199,39793.02,21324.52,18468.5,106,93
Dosa Coffee - Lake Town (0005),0005,East,Malabar Paratha with Paneer Korma,,178,47952.89,19057.25,28895.64,68,110
Dosa Coffee - Lake Town (0005),0005,East,Idli Vada Plate,,195,34207.71,17006.18,17201.53,97,98
Dosa Coffee - Lake Town (0005),0005,East,Dosa Coffee Tiffin,,114,32375.29,16828.05,15547.24,59,55
Dosa Coffee - Lake Town (0005),0005,East,Dahi Vada Plate (2 pc),,167,30543.82,15044.89,15498.93,81,86
Dosa Coffee - Lake Town (0005),0005,East,Plain Ghee Roast Dosa,,131,27037.85,13357.14,13680.71,65,66
Dosa Coffee - Lake Town (0005),0005,East,Malkapodi Dosa,,79,17810.89,11955.46,5855.43,52,27
Dosa Coffee - Lake Town (0005),0005,East,Mixed Uttapam,,91,22370.42,10584.62,11785.8,44,47
Dosa Coffee - Lake Town (0005),0005,East,Paper Plain Dosa,,97,19422.7,9744.15,9678.55,49,48
Dosa Coffee - Lake Town (0005),0005,East,Benne Dosa,,109,21662.07,9428.74,12233.33,49,60
Dosa Coffee - Lake Town (0005),0005,East,Malkapodi Idli Plate (2pc),,101,18358.17,9347.23,9010.94,52,49
Dosa Coffee - Lake Town (0005),0005,East,Mysore Ghee Roast Dosa,,70,16819.64,8072.62,8747.02,34,36
Dosa Coffee - Lake Town (0005),0005,East,Butter Idli Plate (2pc),,54,9574.84,7970.37,1604.47,44,10
Dosa Coffee - Lake Town (0005),0005,East,Cheese,,262,14465.89,7966.05,6499.84,143,119
Dosa Coffee - Lake Town (0005),0005,East,Potato Masala,,407,15250.19,7788.16,7462.03,209,198
Dosa Coffee - Lake Town (0005),0005,East,Garlic Benne Dosa,,52,12138.32,7135.09,5003.23,30,22
Dosa Coffee - Lake Town (0005),0005,East,Ghee Idli Plate (2pc),,69,11849.2,6726.54,5122.66,39,30
Dosa Coffee - Lake Town (0005),0005,East,Fresh Buttermilk,,107,10653.46,6669.94,3983.52,67,40
Dosa Coffee - Lake Town (0005),0005,East,Raw Mango Ghee Roast Dosa,,54,12371.39,6126.9,6244.49,26,28
Dosa Coffee - Lake Town (0005),0005,East,Mysore Benne Dosa,,55,12851.51,5887.58,6963.93,25,30
Dosa Coffee - Lake Town (0005),0005,East,Onion Uttapam,,49,11102.48,5659.63,5442.85,25,24
Dosa Coffee - Lake Town (0005),0005,East,Idli Fries,,85,10437.95,5475.72,4962.23,43,42
Dosa Coffee - Lake Town (0005),0005,East,Srivilli Kheer,,94,10682.8,5089.69,5593.11,44,50
Dosa Coffee - Lake Town (0005),0005,East,Filter Coffee Flask,,51,9520.86,5074.98,4445.88,28,23
Dosa Coffee - Lake Town (0005),0005,East,Mysore Dosa,,55,12118.83,4759.2,7359.63,21,34
Dosa Coffee - Lake Town (0005),0005,East,Schweppes Bottled water (500ml),,150,9371.74,4434.1,4937.64,70,80
Dosa Coffee - Lake Town (0005),0005,East,Raw Mango Benne Dosa,,30,6915.78,4138.75,2777.03,17,13
Dosa Coffee - Lake Town (0005),0005,East,Butter,,130,7696.58,3963.69,3732.89,67,63
Dosa Coffee - Lake Town (0005),0005,East,Guntur Karampodi Dosa,,25,7324.72,3765.27,3559.45,13,12
Dosa Coffee - Lake Town (0005),0005,East,Dosa Coffee Benne Tiffin,,31,7718.81,3733.24,3985.57,15,16
Dosa Coffee - Lake Town (0005),0005,East,Spicy Tomato Onion Ghee Roast Dosa,,35,8285.1,3379.58,4905.52,15,20
Dosa Coffee - Lake Town (0005),0005,East,Onion,,237,5946.06,3237.46,2708.6,128,109
Dosa Coffee - Lake Town (0005),0005,East,Spicy Tomato Onion Chutney,,102,6310.14,2822.05,3488.09,45,57
Dosa Coffee - Lake Town (0005),0005,East,Upma,,37,5982.43,2538.71,3443.72,16,21
Dosa Coffee - Lake Town (0005),0005,East,Vegetable Uttapam,,23,5311.35,2524.18,2787.17,11,12
Dosa Coffee - Lake Town (0005),0005,East,Garlic Dosa,,28,6104.43,2439.3,3665.13,11,17
Dosa Coffee - Lake Town (0005),0005,East,Sambar Vada Plate (2pc),,29,4695.47,2300.42,2395.05,14,15
Dosa Coffee - Lake Town (0005),0005,East,Black Coffee,,67,5043.63,2243.6,2800.03,29,38
Dosa Coffee - Lake Town (0005),0005,East,Special White Coconut Chutney,,59,3645.54,2069.59,1575.95,33,26
Dosa Coffee - Lake Town (0005),0005,East,Ghee,,69,3682.99,1954.47,1728.52,37,32
Dosa Coffee - Lake Town (0005),0005,East,Raw Mango Chutney,,64,4032.76,1765.23,2267.53,29,35
Dosa Coffee - Lake Town (0005),0005,East,Open Butter Masala Dosa,,16,3602.5,1690.5,1912.0,7,9
Dosa Coffee - Lake Town (0005),0005,East,Tomato Onion Uttapam,,17,3648.63,1513.33,2135.3,7,10
Dosa Coffee - Lake Town (0005),0005,East,Benne Dosa Batter Kit (1 Kg),,3,1480.5,1480.5,,3,
Dosa Coffee - Lake Town (0005),0005,East,Thindi Podi Idli,,11,1945.4,1037.43,907.97,6,5
Dosa Coffee - Lake Town (0005),0005,East,Dadu`s Special Spicy Chutney,,35,2145.6,1005.72,1139.88,16,19
Dosa Coffee - Lake Town (0005),0005,East,Masala Uttapam,,9,1990.76,863.1,1127.66,4,5
Dosa Coffee - Lake Town (0005),0005,East,Dosa Batter Kit (1 Kg),,4,1786.26,523.95,1262.31,1,3
Dosa Coffee - Lake Town (0005),0005,East,Thindi Podi Ghee Masala Dosa,,14,3442.48,517.0,2925.48,2,12
Dosa Coffee - Lake Town (0005),0005,East,Dahi Idli,,4,692.35,516.74,175.61,3,1
Dosa Coffee - Lake Town (0005),0005,East,Packaging Charge,,75,1079.25,494.19,585.06,35,40
Dosa Coffee - Lake Town (0005),0005,East,Sambar Idli Plate (2pc),,4,630.0,315.0,315.0,2,2
Dosa Coffee - Lake Town (0005),0005,East,Malkapodi & Ghee,,4,349.39,168.0,181.39,2,2
Dosa Coffee - Lake Town (0005),0005,East,Extra Paratha(1 Pc),,5,488.97,92.62,396.35,1,4
Dosa Coffee - Lake Town (0005),0005,East,Dosa Coffee Glass Bottle,,2,40.0,20.0,20.0,1,1
Dosa Coffee - Lake Town (0005),0005,East,Jain Sambar,,459,0,0.0,0.0,242,217
Dosa Coffee - Lake Town (0005),0005,East,Regular Sambar,,5730,0,0.0,0.0,2875,2855
Dosa Coffee - Lake Town (0005),0005,East,Kesari Halwa,,46,5295.36,,5295.36,,46
Dosa Coffee - Lake Town (0005),0005,East,Cold Coffee-Classic,,24,4397.75,,4397.75,,24
Dosa Coffee - Lake Town (0005),0005,East,Cold Coffee-Crunchy Oreo,,5,966.65,,966.65,,5
Dosa Coffee - Lake Town (0005),0005,East,Cold Coffee-Nuttela,,2,390.6,,390.6,,2
Dosa Coffee - Lake Town (0005),0005,East,Plain Uttapam,,2,348.35,,348.35,,2
Dosa Coffee - Lake Town (0005),0005,East,Iced Filter Coffee,,2,231.0,,231.0,,2
Dosa Coffee - Lake Town (0005),0005,East,Strawberry Shake,,1,73.5,,73.5,,1
Dosa Coffee - Calcutta Swiming Club (0007),0007,East,Idli Plate (2 pc),,261,18791.82,8855.91,9935.91,123,138
Dosa Coffee - Calcutta Swiming Club (0007),0007,East,Filter Coffee,,219,12483.77,6270.41,6213.36,110,109
Dosa Coffee - Calcutta Swiming Club (0007),0007,East,Plain Dosa,,151,14042.98,5858.99,8183.99,63,88
Dosa Coffee - Calcutta Swiming Club (0007),0007,East,Masala Dosa.,,90,10530.02,5148.01,5382.01,44,46
Dosa Coffee - Calcutta Swiming Club (0007),0007,East,Malkapodi Dosa,,65,8385.04,3999.02,4386.02,31,34
Dosa Coffee - Calcutta Swiming Club (0007),0007,East,Plain Ghee Roast Dosa,,77,9009.02,3159.0,5850.02,27,50
Dosa Coffee - Calcutta Swiming Club (0007),0007,East,Thatte Idli Plate,,73,7665.0,3150.0,4515.0,30,43
Dosa Coffee - Calcutta Swiming Club (0007),0007,East,Paper Plain Dosa,,40,4680.0,2574.0,2106.0,22,18
Dosa Coffee - Calcutta Swiming Club (0007),0007,East,Rava Plain Dosa,,46,5382.0,2574.0,2808.0,22,24
Dosa Coffee - Calcutta Swiming Club (0007),0007,East,Benne Dosa,,41,4797.01,2223.01,2574.0,19,22
Dosa Coffee - Calcutta Swiming Club (0007),0007,East,Garlic Ghee Roast Dosa,,30,4230.02,1833.0,2397.02,13,17
Dosa Coffee - Calcutta Swiming Club (0007),0007,East,Malkapodi Idli Plate (2pc),,48,5040.0,1575.0,3465.0,15,33
Dosa Coffee - Calcutta Swiming Club (0007),0007,East,Idli Vada Plate,,39,3393.06,1305.02,2088.04,15,24
Dosa Coffee - Calcutta Swiming Club (0007),0007,East,Benne Masala Dosa,,19,2679.02,1269.0,1410.02,9,10
Dosa Coffee - Calcutta Swiming Club (0007),0007,East,Medu Vada Plate (2 pc),,21,1889.98,1259.98,630.0,14,7
Dosa Coffee - Calcutta Swiming Club (0007),0007,East,Cheese,,71,2556.3,1188.13,1368.16,33,38
Dosa Coffee - Calcutta Swiming Club (0007),0007,East,Upma,,27,2592.0,960.0,1632.0,10,17
Dosa Coffee - Calcutta Swiming Club (0007),0007,East,Potato Masala,,68,1632.15,744.07,888.09,31,37
Dosa Coffee - Calcutta Swiming Club (0007),0007,East,Mixed Uttapam,,10,1470.0,735.0,735.0,5,5
Dosa Coffee - Calcutta Swiming Club (0007),0007,East,Onion Uttapam,,8,1080.0,675.0,405.0,5,3
Dosa Coffee - Calcutta Swiming Club (0007),0007,East,Mysore Ghee Roast Dosa,,11,1551.02,564.01,987.01,4,7
Dosa Coffee - Calcutta Swiming Club (0007),0007,East,Mysore Dosa,,9,1161.01,516.0,645.01,4,5
Dosa Coffee - Calcutta Swiming Club (0007),0007,East,Fresh Buttermilk,,17,969.05,456.03,513.02,8,9
Dosa Coffee - Calcutta Swiming Club (0007),0007,East,Raw Mango Ghee Roast Dosa,,7,987.0,423.0,564.0,3,4
Dosa Coffee - Calcutta Swiming Club (0007),0007,East,Garlic Dosa,,9,1215.0,405.0,810.0,3,6
Dosa Coffee - Calcutta Swiming Club (0007),0007,East,Spicy Tomato Onion Chutney,,32,1152.08,288.01,864.07,8,24
Dosa Coffee - Calcutta Swiming Club (0007),0007,East,Sambar Vada Plate (2pc),,3,288.0,288.0,,3,
Dosa Coffee - Calcutta Swiming Club (0007),0007,East,Sambar Idli Plate (2pc),,7,630.0,270.0,360.0,3,4
Dosa Coffee - Calcutta Swiming Club (0007),0007,East,Onion,,45,675.18,255.05,420.13,17,28
Dosa Coffee - Calcutta Swiming Club (0007),0007,East,Butter,,14,504.06,216.03,288.03,6,8
Dosa Coffee - Calcutta Swiming Club (0007),0007,East,Packaging Charge,,56,503.95,206.97,296.98,23,33
Dosa Coffee - Calcutta Swiming Club (0007),0007,East,Raw Mango Chutney,,18,648.03,144.0,504.03,4,14
Dosa Coffee - Calcutta Swiming Club (0007),0007,East,Spicy Tomato Onion Ghee Roast Dosa,,7,987.01,141.0,846.01,1,6
Dosa Coffee - Calcutta Swiming Club (0007),0007,East,Idli Fries,,2,144.0,72.0,72.0,1,1
Dosa Coffee - Calcutta Swiming Club (0007),0007,East,Ghee,,25,900.1,36.0,864.09,1,24
Dosa Coffee - Calcutta Swiming Club (0007),0007,East,Special White Coconut Chutney,,3,108.0,36.0,72.0,1,2
Dosa Coffee - Calcutta Swiming Club (0007),0007,East,Jain Sambar,,164,0,0.0,0.0,90,74
Dosa Coffee - Calcutta Swiming Club (0007),0007,East,Regular Sambar,,951,0,0.0,0.0,403,548
Dosa Coffee - Calcutta Swiming Club (0007),0007,East,Guntur Karampodi Dosa,,1,171.0,,171.0,,1
Dosa Coffee - Calcutta Swiming Club (0007),0007,East,Dadu`s Special Spicy Chutney,,2,72.01,,72.01,,2
Dosa Coffee - Food Truck - 1 (0008),0008,East,Masala Dosa.,,245,33075.0,18900.0,14175.0,140,105
Dosa Coffee - Food Truck - 1 (0008),0008,East,Filter Coffee,,602,30100.12,15950.08,14150.04,319,283
Dosa Coffee - Food Truck - 1 (0008),0008,East,Idli Plate (2 pc),,157,12560.0,6480.0,6080.0,81,76
Dosa Coffee - Food Truck - 1 (0008),0008,East,Plain Dosa,,50,5000.0,3500.0,1500.0,35,15
Dosa Coffee - Food Truck - 1 (0008),0008,East,Medu Vada Plate (2 pc),,38,3420.0,1980.0,1440.0,22,16
Dosa Coffee - Food Truck - 1 (0008),0008,East,Schweppes Bottled water (500ml),,39,2729.62,1959.73,769.89,28,11
Dosa Coffee - Food Truck - 1 (0008),0008,East,Idli Vada Plate,,14,1120.0,1120.0,,14,
Dosa Coffee - Food Truck - 1 (0008),0008,East,Dahi Vada pc,,21,1470.0,980.0,490.0,14,7
Dosa Coffee - Food Truck - 1 (0008),0008,East,Masala Uttapam,,14,1890.0,810.0,1080.0,6,8
Dosa Coffee - Food Truck - 1 (0008),0008,East,Packaging Charge,,87,1305.0,630.0,675.0,42,45
Dosa Coffee - Food Truck - 1 (0008),0008,East,Jain Sambar,,498,0,0.0,0.0,278,220
Dosa Coffee - Food Truck - 1 (0008),0008,East,Regular Sambar,,28,0,0.0,0.0,24,4
Dosa Coffee - Salt Lake Sec-1 (0009),0009,East,Masala Dosa,,1881,359024.61,169129.5,189895.11,876,1005
Dosa Coffee - Salt Lake Sec-1 (0009),0009,East,Idli Plate (2 pc),,1366,180151.59,93075.42,87076.17,698,668
Dosa Coffee - Salt Lake Sec-1 (0009),0009,East,Benne Masala Dosa,,663,155173.1,77280.37,77892.73,331,332
Dosa Coffee - Salt Lake Sec-1 (0009),0009,East,Thatte Idli Plate,,745,132502.84,69881.12,62621.72,394,351
Dosa Coffee - Salt Lake Sec-1 (0009),0009,East,Filter Coffee,,1597,153147.29,69444.19,83703.1,729,868
Dosa Coffee - Salt Lake Sec-1 (0009),0009,East,Plain Dosa,,689,107259.37,53302.6,53956.77,345,344
Dosa Coffee - Salt Lake Sec-1 (0009),0009,East,Medu Vada Plate (2 pc),,578,89313.99,41964.01,47349.98,273,305
Dosa Coffee - Salt Lake Sec-1 (0009),0009,East,Ghee Roast Masala Dosa,,339,83216.0,41894.72,41321.28,170,169
Dosa Coffee - Salt Lake Sec-1 (0009),0009,East,Rava Plain Dosa,,367,72968.33,32025.35,40942.98,160,207
Dosa Coffee - Salt Lake Sec-1 (0009),0009,East,Garlic Ghee Roast Dosa,,281,66406.98,30414.12,35992.86,128,153
Dosa Coffee - Salt Lake Sec-1 (0009),0009,East,Paper Plain Dosa,,264,52709.33,27100.68,25608.65,134,130
Dosa Coffee - Salt Lake Sec-1 (0009),0009,East,Dahi Vada Plate (2 pc),,269,48966.72,26180.0,22786.72,142,127
Dosa Coffee - Salt Lake Sec-1 (0009),0009,East,Idli Vada Plate,,320,50946.06,24992.48,25953.58,157,163
Dosa Coffee - Salt Lake Sec-1 (0009),0009,East,Cold Coffee-Classic,,265,46519.36,24793.76,21725.6,141,124
Dosa Coffee - Salt Lake Sec-1 (0009),0009,East,Malabar Paratha with Paneer Korma,,175,47339.47,22946.21,24393.26,86,89
Dosa Coffee - Salt Lake Sec-1 (0009),0009,East,Malkapodi Dosa,,192,41853.59,20766.35,21087.24,96,96
Dosa Coffee - Salt Lake Sec-1 (0009),0009,East,Homemade Sparkling Lemonade,,420,46232.44,20557.42,25675.02,188,232
Dosa Coffee - Salt Lake Sec-1 (0009),0009,East,Benne Dosa,,215,42809.87,18785.16,24024.71,95,120
Dosa Coffee - Salt Lake Sec-1 (0009),0009,East,Garlic Benne Dosa,,182,42782.85,17364.2,25418.65,75,107
Dosa Coffee - Salt Lake Sec-1 (0009),0009,East,Mixed Uttapam,,124,30243.2,16281.59,13961.61,67,57
Dosa Coffee - Salt Lake Sec-1 (0009),0009,East,Plain Ghee Roast Dosa,,160,31898.95,15447.07,16451.88,81,79
Dosa Coffee - Salt Lake Sec-1 (0009),0009,East,Cheese,,491,28871.98,15052.93,13819.05,256,235
Dosa Coffee - Salt Lake Sec-1 (0009),0009,East,Potato Masala,,766,30336.17,14591.4,15744.78,367,399
Dosa Coffee - Salt Lake Sec-1 (0009),0009,East,Mysore Ghee Roast Dosa,,113,27504.01,14507.64,12996.37,59,54
Dosa Coffee - Salt Lake Sec-1 (0009),0009,East,Malkapodi Idli Plate (2pc),,181,33273.28,14499.79,18773.49,79,102
Dosa Coffee - Salt Lake Sec-1 (0009),0009,East,Onion Uttapam,,121,27522.56,13828.37,13694.19,61,60
Dosa Coffee - Salt Lake Sec-1 (0009),0009,East,Fresh Buttermilk,,255,25371.58,13187.52,12184.06,133,122
Dosa Coffee - Salt Lake Sec-1 (0009),0009,East,Mysore Dosa,,133,29621.16,12984.2,16636.96,58,75
Dosa Coffee - Salt Lake Sec-1 (0009),0009,East,Upma,,139,22931.75,12141.76,10789.99,74,65
Dosa Coffee - Salt Lake Sec-1 (0009),0009,East,Fresh Watermelon Juice,,159,24534.33,11415.8,13118.53,74,85
Dosa Coffee - Salt Lake Sec-1 (0009),0009,East,Guntur Karampodi Dosa,,77,21660.28,11262.19,10398.09,41,36
Dosa Coffee - Salt Lake Sec-1 (0009),0009,East,Schweppes Bottled water (500ml),,364,22895.62,10785.76,12109.86,171,193
Dosa Coffee - Salt Lake Sec-1 (0009),0009,East,Dosa Coffee Tiffin,,66,18132.64,10269.24,7863.4,36,30
Dosa Coffee - Salt Lake Sec-1 (0009),0009,East,Tomato Rice,,83,15823.69,10166.66,5657.03,54,29
Dosa Coffee - Salt Lake Sec-1 (0009),0009,East,Curd Rice,,82,15665.05,8783.34,6881.71,45,37
Dosa Coffee - Salt Lake Sec-1 (0009),0009,East,Spicy Tomato Onion Chutney,,267,16468.76,8732.46,7736.3,139,128
Dosa Coffee - Salt Lake Sec-1 (0009),0009,East,Paniyaram (10 Pcs),,76,18614.6,8705.86,9908.74,36,40
Dosa Coffee - Salt Lake Sec-1 (0009),0009,East,Srivilli Kheer,,150,16068.05,7413.14,8654.91,68,82
Dosa Coffee - Salt Lake Sec-1 (0009),0009,East,Butter,,256,15442.78,7297.13,8145.65,121,135
Dosa Coffee - Salt Lake Sec-1 (0009),0009,East,Idli Fries,,161,16730.68,7224.95,9505.73,68,93
Dosa Coffee - Salt Lake Sec-1 (0009),0009,East,Garlic Dosa,,69,16221.95,7206.71,9015.24,31,38
Dosa Coffee - Salt Lake Sec-1 (0009),0009,East,Raw Mango Benne Dosa,,71,16866.66,6808.0,10058.66,29,42
Dosa Coffee - Salt Lake Sec-1 (0009),0009,East,Iced Filter Coffee,,116,13142.52,6770.46,6372.06,60,56
Dosa Coffee - Salt Lake Sec-1 (0009),0009,East,Raw Mango Ghee Roast Dosa,,66,15656.34,6468.97,9187.37,27,39
Dosa Coffee - Salt Lake Sec-1 (0009),0009,East,Mango Shake,,72,12979.98,6269.85,6710.13,35,37
Dosa Coffee - Salt Lake Sec-1 (0009),0009,East,Mysore Benne Dosa,,59,13649.21,6021.75,7627.46,26,33
Dosa Coffee - Salt Lake Sec-1 (0009),0009,East,Bisbelle Bhaat,,64,11938.77,5717.19,6221.58,30,34
Dosa Coffee - Salt Lake Sec-1 (0009),0009,East,Onion,,511,12980.54,5592.68,7387.86,222,289
Dosa Coffee - Salt Lake Sec-1 (0009),0009,East,Kesari Halwa,,178,19495.89,5582.25,13913.64,51,127
Dosa Coffee - Salt Lake Sec-1 (0009),0009,East,Open Butter Masala Dosa,,43,10078.75,5526.59,4552.16,23,20
Dosa Coffee - Salt Lake Sec-1 (0009),0009,East,Lemon Rice,,58,10832.4,5378.8,5453.6,29,29
Dosa Coffee - Salt Lake Sec-1 (0009),0009,East,Tomato Onion Uttapam,,48,10772.9,5209.82,5563.08,23,25
Dosa Coffee - Salt Lake Sec-1 (0009),0009,East,Strawberry Shake,,63,11144.27,5123.81,6020.46,29,34
Dosa Coffee - Salt Lake Sec-1 (0009),0009,East,Thindi Podi Ghee Masala Dosa,,31,7371.51,4959.09,2412.42,21,10
Dosa Coffee - Salt Lake Sec-1 (0009),0009,East,Filter Coffee Flask,,57,11569.71,4840.75,6728.96,25,32
Dosa Coffee - Salt Lake Sec-1 (0009),0009,East,Ghee Idli Plate (2pc),,91,14345.8,4798.06,9547.74,31,60
Dosa Coffee - Salt Lake Sec-1 (0009),0009,East,Spicy Tomato Onion Ghee Roast Dosa,,55,12939.28,4765.19,8174.09,20,35
Dosa Coffee - Salt Lake Sec-1 (0009),0009,East,Black Coffee,,129,9500.87,4663.74,4837.13,62,67
Dosa Coffee - Salt Lake Sec-1 (0009),0009,East,Cheese Paniyaram (10 Pcs),,29,7533.61,4509.25,3024.36,17,12
Dosa Coffee - Salt Lake Sec-1 (0009),0009,East,Dosa Coffee Benne Tiffin,,21,5658.51,4274.36,1384.15,16,5
Dosa Coffee - Salt Lake Sec-1 (0009),0009,East,Lemon Iced Tea,,72,7894.27,3947.49,3946.78,36,36
Dosa Coffee - Salt Lake Sec-1 (0009),0009,East,Special White Coconut Chutney,,126,8045.15,3908.12,4137.03,62,64
Dosa Coffee - Salt Lake Sec-1 (0009),0009,East,Cold Coffee-Nuttela,,48,9509.15,3764.93,5744.22,19,29
Dosa Coffee - Salt Lake Sec-1 (0009),0009,East,Butter Idli Plate (2pc),,47,7815.37,3718.34,4097.03,23,24
Dosa Coffee - Salt Lake Sec-1 (0009),0009,East,Sambar Vada Plate (2pc),,57,9441.44,3673.94,5767.5,22,35
Dosa Coffee - Salt Lake Sec-1 (0009),0009,East,Cold Coffee-Crunchy Oreo,,30,5943.05,3607.01,2336.04,18,12
Dosa Coffee - Salt Lake Sec-1 (0009),0009,East,Filter Coffee Cappuccino,,57,6419.64,3536.3,2883.34,31,26
Dosa Coffee - Salt Lake Sec-1 (0009),0009,East,Rasam & Papad,,74,5596.65,3276.45,2320.2,44,30
Dosa Coffee - Salt Lake Sec-1 (0009),0009,East,Jaggery Cinnamon Filter Coffee,,53,6784.86,2835.59,3949.27,22,31
Dosa Coffee - Salt Lake Sec-1 (0009),0009,East,Sambar Idli Plate (2pc),,40,6190.54,2639.5,3551.04,17,23
Dosa Coffee - Salt Lake Sec-1 (0009),0009,East,Chocolate Filter Coffee,,35,4469.01,2563.67,1905.34,20,15
Dosa Coffee - Salt Lake Sec-1 (0009),0009,East,Masala Uttapam,,28,6504.85,2544.24,3960.61,11,17
Dosa Coffee - Salt Lake Sec-1 (0009),0009,East,Dosa Batter Kit (1 Kg),,11,5447.54,2489.55,2957.99,5,6
Dosa Coffee - Salt Lake Sec-1 (0009),0009,East,Appalam Papad (1pc),,142,4219.87,2482.08,1737.79,84,58
Dosa Coffee - Salt Lake Sec-1 (0009),0009,East,Raw Mango Chutney,,121,7366.16,2474.21,4891.95,41,80
Dosa Coffee - Salt Lake Sec-1 (0009),0009,East,Ghee,,74,4340.0,2413.59,1926.41,39,35
Dosa Coffee - Salt Lake Sec-1 (0009),0009,East,Dahi Idli,,21,3770.35,2305.8,1464.55,13,8
Dosa Coffee - Salt Lake Sec-1 (0009),0009,East,Vegetable Uttapam,,24,5571.59,2112.19,3459.4,9,15
Dosa Coffee - Salt Lake Sec-1 (0009),0009,East,Homemade Lemonade,,22,2154.54,1677.72,476.82,17,5
Dosa Coffee - Salt Lake Sec-1 (0009),0009,East,Thindi Podi Idli,,17,3068.91,1616.85,1452.06,9,8
Dosa Coffee - Salt Lake Sec-1 (0009),0009,East,Rasam Idli Plate (2pc),,24,3697.12,1524.72,2172.4,10,14
Dosa Coffee - Salt Lake Sec-1 (0009),0009,East,Filter Coffee Ice-Cream,,58,5737.88,1314.9,4422.98,13,45
Dosa Coffee - Salt Lake Sec-1 (0009),0009,East,Packaging Charge,,166,2388.12,1242.22,1145.9,87,79
Dosa Coffee - Salt Lake Sec-1 (0009),0009,East,Dadu`s Special Spicy Chutney,,42,2640.89,1096.56,1544.33,18,24
Dosa Coffee - Salt Lake Sec-1 (0009),0009,East,Dosa Coffee Tiffin @ 249,,19,2077.78,1018.5,1059.28,14,5
Dosa Coffee - Salt Lake Sec-1 (0009),0009,East,Rasam Vada Plate (2 Pc),,14,2368.0,1008.0,1360.0,6,8
Dosa Coffee - Salt Lake Sec-1 (0009),0009,East,Coconut Rice,,9,1672.29,774.59,897.7,4,5
Dosa Coffee - Salt Lake Sec-1 (0009),0009,East,Plain Uttapam,,5,960.44,571.94,388.5,3,2
Dosa Coffee - Salt Lake Sec-1 (0009),0009,East,Tomato Uttapam,,4,945.0,472.5,472.5,2,2
Dosa Coffee - Salt Lake Sec-1 (0009),0009,East,Dahi Vada,,3,582.75,388.5,194.25,2,1
Dosa Coffee - Salt Lake Sec-1 (0009),0009,East,Malkapodi & Ghee,,10,863.05,313.77,549.28,4,6
Dosa Coffee - Salt Lake Sec-1 (0009),0009,East,Lemon Iced Tea.,,2,186.9,186.9,,2,
Dosa Coffee - Salt Lake Sec-1 (0009),0009,East,Extra Paratha(1 Pc),,5,447.07,172.63,274.44,2,3
Dosa Coffee - Salt Lake Sec-1 (0009),0009,East,Homemade Lemonade.,,2,162.52,162.52,,2,
Dosa Coffee - Salt Lake Sec-1 (0009),0009,East,Homemade Sparkling Lemonade.,,1,93.45,93.45,,1,
Dosa Coffee - Salt Lake Sec-1 (0009),0009,East,Dosa Coffee Glass Bottle,,7,140.01,20.0,120.01,1,6
Dosa Coffee - Salt Lake Sec-1 (0009),0009,East,Buttermilk (For Combo),,10,0,0.0,0.0,9,1
Dosa Coffee - Salt Lake Sec-1 (0009),0009,East,Jain Sambar,,506,0,0.0,0.0,273,233
Dosa Coffee - Salt Lake Sec-1 (0009),0009,East,Regular Sambar,,9644,0,0.0,0.0,4648,4996
Dosa Coffee - Salt Lake Sec-1 (0009),0009,East,Filter Coffee (For Combo),,9,0,0.0,0.0,5,4
Dosa Coffee - Salt Lake Sec-1 (0009),0009,East,Benne Dosa Batter Kit (1 Kg),,2,907.91,,907.91,,2
Dosa Coffee - Salt Lake (002),002,East,Masala Dosa,,2762,543208.59,281828.45,261380.14,1427,1335
Dosa Coffee - Salt Lake (002),002,East,Filter Coffee,,2201,215269.85,109991.82,105278.03,1124,1077
Dosa Coffee - Salt Lake (002),002,East,Idli Plate (2 pc),,1213,161947.22,76392.12,85555.1,571,642
Dosa Coffee - Salt Lake (002),002,East,Benne Masala Dosa,,560,134474.28,59973.6,74500.68,253,307
Dosa Coffee - Salt Lake (002),002,East,Thatte Idli Plate,,626,114925.09,56201.87,58723.22,307,319
Dosa Coffee - Salt Lake (002),002,East,Plain Dosa,,696,111490.87,54262.68,57228.19,340,356
Dosa Coffee - Salt Lake (002),002,East,Medu Vada Plate (2 pc),,655,103274.87,53733.41,49541.46,343,312
Dosa Coffee - Salt Lake (002),002,East,Ghee Roast Masala Dosa,,387,95721.19,46209.77,49511.42,189,198
Dosa Coffee - Salt Lake (002),002,East,Cold Coffee-Classic,,404,72262.0,40455.71,31806.29,226,178
Dosa Coffee - Salt Lake (002),002,East,Malabar Paratha with Paneer Korma,,321,92653.62,40330.34,52323.28,140,181
Dosa Coffee - Salt Lake (002),002,East,Idli Vada Plate,,354,57722.3,28303.61,29418.69,175,179
Dosa Coffee - Salt Lake (002),002,East,Dahi Vada Plate (2 pc),,298,54368.39,25103.42,29264.97,138,160
Dosa Coffee - Salt Lake (002),002,East,Garlic Ghee Roast Dosa,,215,51111.15,24940.95,26170.2,105,110
Dosa Coffee - Salt Lake (002),002,East,Rava Plain Dosa,,293,58978.86,24198.05,34780.81,121,172
Dosa Coffee - Salt Lake (002),002,East,Benne Dosa,,180,36486.57,17544.26,18942.31,86,94
Dosa Coffee - Salt Lake (002),002,East,Plain Ghee Roast Dosa,,195,40334.54,17002.78,23331.76,83,112
Dosa Coffee - Salt Lake (002),002,East,Paper Plain Dosa,,174,34906.74,16980.28,17926.46,85,89
Dosa Coffee - Salt Lake (002),002,East,Mysore Dosa,,162,36119.16,16617.41,19501.75,73,89
Dosa Coffee - Salt Lake (002),002,East,Fresh Buttermilk,,306,30914.87,16470.42,14444.45,162,144
Dosa Coffee - Salt Lake (002),002,East,Fresh Watermelon Juice,,225,35221.51,16307.95,18913.56,105,120
Dosa Coffee - Salt Lake (002),002,East,Mysore Ghee Roast Dosa,,123,29821.36,16294.33,13527.03,67,56
Dosa Coffee - Salt Lake (002),002,East,Malkapodi Dosa,,143,32561.16,14415.33,18145.83,63,80
Dosa Coffee - Salt Lake (002),002,East,Cheese,,481,28637.79,13903.5,14734.29,232,249
Dosa Coffee - Salt Lake (002),002,East,Dosa Coffee Tiffin,,91,27496.75,13690.26,13806.49,47,44
Dosa Coffee - Salt Lake (002),002,East,Upma,,167,27168.59,13329.91,13838.68,83,84
Dosa Coffee - Salt Lake (002),002,East,Guntur Karampodi Dosa,,87,25222.41,11390.66,13831.75,39,48
Dosa Coffee - Salt Lake (002),002,East,Homemade Sparkling Lemonade,,190,21473.3,11304.34,10168.96,100,90
Dosa Coffee - Salt Lake (002),002,East,Garlic Benne Dosa,,107,25155.51,11031.38,14124.13,47,60
Dosa Coffee - Salt Lake (002),002,East,Potato Masala,,595,23842.53,10491.68,13350.85,261,334
Dosa Coffee - Salt Lake (002),002,East,Malkapodi Idli Plate (2pc),,122,22804.2,10464.98,12339.22,54,68
Dosa Coffee - Salt Lake (002),002,East,Raw Mango Ghee Roast Dosa,,88,20551.04,10439.03,10112.01,45,43
Dosa Coffee - Salt Lake (002),002,East,Schweppes Bottled water (500ml),,328,21125.7,10396.66,10729.04,162,166
Dosa Coffee - Salt Lake (002),002,East,Butter,,333,20150.28,10303.64,9846.64,171,162
Dosa Coffee - Salt Lake (002),002,East,Idli Fries,,132,14662.16,9393.92,5268.24,84,48
Dosa Coffee - Salt Lake (002),002,East,Onion Uttapam,,90,20879.72,9291.43,11588.29,40,50
Dosa Coffee - Salt Lake (002),002,East,Black Coffee,,242,18577.21,8999.45,9577.76,118,124
Dosa Coffee - Salt Lake (002),002,East,Srivilli Kheer,,179,18656.98,8564.52,10092.46,82,97
Dosa Coffee - Salt Lake (002),002,East,Butter Idli Plate (2pc),,76,12917.58,8400.65,4516.93,48,28
Dosa Coffee - Salt Lake (002),002,East,Mysore Benne Dosa,,64,15431.35,8060.06,7371.29,34,30
Dosa Coffee - Salt Lake (002),002,East,Mixed Uttapam,,81,20153.74,7884.7,12269.04,32,49
Dosa Coffee - Salt Lake (002),002,East,Raw Mango Benne Dosa,,39,9166.53,7456.29,1710.24,31,8
Dosa Coffee - Salt Lake (002),002,East,Sambar Vada Plate (2pc),,78,12998.11,6980.22,6017.89,42,36
Dosa Coffee - Salt Lake (002),002,East,Thindi Podi Ghee Masala Dosa,,70,16950.79,6661.69,10289.1,28,42
Dosa Coffee - Salt Lake (002),002,East,Cold Coffee-Nuttela,,47,9623.25,6142.5,3480.75,30,17
Dosa Coffee - Salt Lake (002),002,East,Filter Coffee Flask,,63,13552.03,6004.04,7547.99,27,36
Dosa Coffee - Salt Lake (002),002,East,Spicy Tomato Onion Ghee Roast Dosa,,57,13873.89,5688.01,8185.88,23,34
Dosa Coffee - Salt Lake (002),002,East,Onion,,458,11814.85,5531.55,6283.3,214,244
Dosa Coffee - Salt Lake (002),002,East,Spicy Tomato Onion Chutney,,154,9662.08,5363.85,4298.23,85,69
Dosa Coffee - Salt Lake (002),002,East,Garlic Dosa,,43,9962.61,5010.6,4952.01,21,22
Dosa Coffee - Salt Lake (002),002,East,Ghee Idli Plate (2pc),,68,10870.61,4940.79,5929.82,31,37
Dosa Coffee - Salt Lake (002),002,East,Open Butter Masala Dosa,,47,11461.3,4882.73,6578.57,20,27
Dosa Coffee - Salt Lake (002),002,East,Kesari Halwa,,155,17927.35,4740.21,13187.14,40,115
Dosa Coffee - Salt Lake (002),002,East,Dosa Coffee Benne Tiffin,,38,9571.18,4583.64,4987.54,19,19
Dosa Coffee - Salt Lake (002),002,East,Ghee,,143,8452.84,4393.58,4059.26,73,70
Dosa Coffee - Salt Lake (002),002,East,Mango Shake,,45,8222.37,4197.0,4025.37,23,22
Dosa Coffee - Salt Lake (002),002,East,Cold Coffee-Crunchy Oreo,,43,8777.52,3870.55,4906.97,19,24
Dosa Coffee - Salt Lake (002),002,East,Special White Coconut Chutney,,99,6564.59,3250.36,3314.23,49,50
Dosa Coffee - Salt Lake (002),002,East,Raw Mango Chutney,,99,6115.0,3141.23,2973.77,51,48
Dosa Coffee - Salt Lake (002),002,East,Lemon Iced Tea,,57,6329.58,2999.48,3330.1,27,30
Dosa Coffee - Salt Lake (002),002,East,Strawberry Shake,,27,4747.87,2572.5,2175.37,14,13
Dosa Coffee - Salt Lake (002),002,East,Sambar Idli Plate (2pc),,34,5330.14,2495.14,2835.0,16,18
Dosa Coffee - Salt Lake (002),002,East,Masala Uttapam,,19,4519.16,2370.41,2148.75,10,9
Dosa Coffee - Salt Lake (002),002,East,Vegetable Uttapam,,24,5681.92,2331.07,3350.85,10,14
Dosa Coffee - Salt Lake (002),002,East,Rasam & Papad,,67,5259.83,2308.58,2951.25,30,37
Dosa Coffee - Salt Lake (002),002,East,Rasam Vada Plate (2 Pc),,22,3584.44,2303.21,1281.23,14,8
Dosa Coffee - Salt Lake (002),002,East,Tomato Onion Uttapam,,22,5027.37,2291.2,2736.17,10,12
Dosa Coffee - Salt Lake (002),002,East,Extra Paratha(1 Pc),,30,3040.0,1543.75,1496.25,15,15
Dosa Coffee - Salt Lake (002),002,East,Appalam Papad (1pc),,74,2245.47,1315.5,929.97,44,30
Dosa Coffee - Salt Lake (002),002,East,Plain Uttapam,,10,1914.75,1165.5,749.25,6,4
Dosa Coffee - Salt Lake (002),002,East,Filter Coffee Ice-Cream,,45,4442.53,1039.5,3403.03,10,35
Dosa Coffee - Salt Lake (002),002,East,Dadu`s Special Spicy Chutney,,29,1844.54,990.36,854.18,15,14
Dosa Coffee - Salt Lake (002),002,East,Iced Filter Coffee,,19,2156.4,896.56,1259.84,8,11
Dosa Coffee - Salt Lake (002),002,East,Homemade Lemonade,,11,1081.93,782.68,299.25,8,3
Dosa Coffee - Salt Lake (002),002,East,Rasam Idli Plate (2pc),,15,2292.35,717.35,1575.0,5,10
Dosa Coffee - Salt Lake (002),002,East,Packaging Charge,,70,1024.97,665.31,359.66,45,25
Dosa Coffee - Salt Lake (002),002,East,Dosa Batter Kit (1 Kg),,6,2984.65,573.85,2410.8,1,5
Dosa Coffee - Salt Lake (002),002,East,Thindi Podi Idli,,9,1480.5,551.25,929.25,3,6
Dosa Coffee - Salt Lake (002),002,East,Malkapodi & Ghee,,20,1632.35,546.8,1085.55,7,13
Dosa Coffee - Salt Lake (002),002,East,Dosa Coffee Glass Bottle,,44,866.31,526.31,340.0,27,17
Dosa Coffee - Salt Lake (002),002,East,Benne Dosa Batter Kit (1 Kg),,2,1047.9,523.95,523.95,1,1
Dosa Coffee - Salt Lake (002),002,East,Dahi Idli,,9,1592.3,489.8,1102.5,3,6
Dosa Coffee - Salt Lake (002),002,East,Tomato Uttapam,,2,472.5,236.25,236.25,1,1
Dosa Coffee - Salt Lake (002),002,East,Extra Paneer Korma,,3,536.25,189.75,346.5,1,2
Dosa Coffee - Salt Lake (002),002,East,Regular Sambar,,9743,0,0.0,0.0,4760,4983
Dosa Coffee - Salt Lake (002),002,East,Jain Sambar,,511,0,0.0,0.0,256,255
Dosa Coffee - Salt Lake (002),002,East,Fresh Buttermilk.,,1,93.45,,93.45,,1
Dosa Coffee - Ideal Plaza (01/0001),01-0001,East,Masala Dosa,,2778,502592.49,237334.37,265258.12,1297,1481
Dosa Coffee - Ideal Plaza (01/0001),01-0001,East,Idli Plate (2 pc),,2270,317945.18,147015.37,170929.81,1042,1228
Dosa Coffee - Ideal Plaza (01/0001),01-0001,East,Benne Masala Dosa,,918,218509.76,94789.14,123720.62,395,523
Dosa Coffee - Ideal Plaza (01/0001),01-0001,East,Thatte Idli Plate,,926,167597.14,76003.61,91593.53,424,502
Dosa Coffee - Ideal Plaza (01/0001),01-0001,East,Plain Dosa,,921,142509.15,68941.02,73568.13,444,477
Dosa Coffee - Ideal Plaza (01/0001),01-0001,East,Medu Vada Plate (2 pc),,763,116662.76,56704.5,59958.26,375,388
Dosa Coffee - Ideal Plaza (01/0001),01-0001,East,Filter Coffee,,1183,113801.09,54229.79,59571.3,562,621
Dosa Coffee - Ideal Plaza (01/0001),01-0001,East,Garlic Ghee Roast Dosa,,497,115395.41,53340.11,62055.3,229,268
Dosa Coffee - Ideal Plaza (01/0001),01-0001,East,Idli Vada Plate,,476,82732.95,36872.64,45860.31,214,262
Dosa Coffee - Ideal Plaza (01/0001),01-0001,East,Benne Dosa,,423,85566.38,36197.64,49368.74,180,243
Dosa Coffee - Ideal Plaza (01/0001),01-0001,East,Ghee Roast Masala Dosa,,324,81107.96,35260.66,45847.3,142,182
Dosa Coffee - Ideal Plaza (01/0001),01-0001,East,Rava Plain Dosa,,400,79982.21,34821.02,45161.19,176,224
Dosa Coffee - Ideal Plaza (01/0001),01-0001,East,Dosa Coffee Benne Tiffin,,157,44306.54,31575.06,12731.48,105,52
Dosa Coffee - Ideal Plaza (01/0001),01-0001,East,Garlic Benne Dosa,,313,73187.47,31346.59,41840.88,133,180
Dosa Coffee - Ideal Plaza (01/0001),01-0001,East,Plain Ghee Roast Dosa,,268,55409.39,30632.5,24776.89,149,119
Dosa Coffee - Ideal Plaza (01/0001),01-0001,East,Dosa Coffee Tiffin,,225,63755.89,29117.97,34637.92,102,123
Dosa Coffee - Ideal Plaza (01/0001),01-0001,East,Malabar Paratha with Paneer Korma,,214,57015.0,28318.4,28696.6,105,109
Dosa Coffee - Ideal Plaza (01/0001),01-0001,East,Malkapodi Dosa,,182,40412.12,20095.72,20316.4,91,91
Dosa Coffee - Ideal Plaza (01/0001),01-0001,East,Cold Coffee-Classic,,257,42346.58,19884.76,22461.82,114,143
Dosa Coffee - Ideal Plaza (01/0001),01-0001,East,Mysore Ghee Roast Dosa,,168,39923.1,19327.56,20595.54,81,87
Dosa Coffee - Ideal Plaza (01/0001),01-0001,East,Dahi Vada Plate (2 pc),,338,63792.83,18988.26,44804.57,107,231
Dosa Coffee - Ideal Plaza (01/0001),01-0001,East,Cheese,,684,37988.17,17955.53,20032.65,323,361
Dosa Coffee - Ideal Plaza (01/0001),01-0001,East,Mixed Uttapam,,135,33313.07,17395.18,15917.89,71,64
Dosa Coffee - Ideal Plaza (01/0001),01-0001,East,Ghee Idli Plate (2pc),,169,29171.39,17203.48,11967.91,99,70
Dosa Coffee - Ideal Plaza (01/0001),01-0001,East,Potato Masala,,920,35051.49,15762.91,19288.58,417,503
Dosa Coffee - Ideal Plaza (01/0001),01-0001,East,Curd Rice,,144,26947.77,14654.07,12293.7,78,66
Dosa Coffee - Ideal Plaza (01/0001),01-0001,East,Mysore Dosa,,140,31790.39,14417.28,17373.11,63,77
Dosa Coffee - Ideal Plaza (01/0001),01-0001,East,Srivilli Kheer,,245,25724.68,14283.22,11441.46,141,104
Dosa Coffee - Ideal Plaza (01/0001),01-0001,East,Paper Plain Dosa,,160,31210.14,14225.07,16985.07,71,89
Dosa Coffee - Ideal Plaza (01/0001),01-0001,East,Paniyaram (10 Pcs),,120,30889.9,14221.65,16668.25,55,65
Dosa Coffee - Ideal Plaza (01/0001),01-0001,East,Fresh Buttermilk,,256,26824.79,13597.42,13227.37,129,127
Dosa Coffee - Ideal Plaza (01/0001),01-0001,East,Dosa Batter Kit (1 Kg),,61,30425.28,13049.73,17375.55,26,35
Dosa Coffee - Ideal Plaza (01/0001),01-0001,East,Malkapodi Idli Plate (2pc),,220,41329.94,12768.12,28561.82,67,153
Dosa Coffee - Ideal Plaza (01/0001),01-0001,East,Fresh Watermelon Juice,,175,26902.9,12746.85,14156.05,84,91
Dosa Coffee - Ideal Plaza (01/0001),01-0001,East,Onion Uttapam,,107,25039.56,11792.82,13246.74,50,57
Dosa Coffee - Ideal Plaza (01/0001),01-0001,East,Tomato Rice,,131,25293.92,11741.23,13552.69,61,70
Dosa Coffee - Ideal Plaza (01/0001),01-0001,East,Idli Fries,,176,22360.13,11569.63,10790.5,90,86
Dosa Coffee - Ideal Plaza (01/0001),01-0001,East,Kesari Halwa,,262,31180.19,11457.55,19722.64,101,161
Dosa Coffee - Ideal Plaza (01/0001),01-0001,East,Raw Mango Benne Dosa,,96,21797.93,10727.88,11070.05,49,47
Dosa Coffee - Ideal Plaza (01/0001),01-0001,East,Schweppes Bottled water (500ml),,407,25506.79,10575.41,14931.38,169,238
Dosa Coffee - Ideal Plaza (01/0001),01-0001,East,Spicy Tomato Onion Ghee Roast Dosa,,81,19641.51,10234.66,9406.85,42,39
Dosa Coffee - Ideal Plaza (01/0001),01-0001,East,Upma,,122,19443.07,9766.51,9676.56,60,62
Dosa Coffee - Ideal Plaza (01/0001),01-0001,East,Homemade Sparkling Lemonade,,201,22041.08,9610.96,12430.12,88,113
Dosa Coffee - Ideal Plaza (01/0001),01-0001,East,Spicy Tomato Onion Chutney,,355,22282.52,9347.12,12935.4,149,206
Dosa Coffee - Ideal Plaza (01/0001),01-0001,East,Raw Mango Ghee Roast Dosa,,82,18899.14,9241.85,9657.29,39,43
Dosa Coffee - Ideal Plaza (01/0001),01-0001,East,Butter Idli Plate (2pc),,86,14626.11,9177.35,5448.76,53,33
Dosa Coffee - Ideal Plaza (01/0001),01-0001,East,Mysore Benne Dosa,,95,22979.79,9052.09,13927.7,38,57
Dosa Coffee - Ideal Plaza (01/0001),01-0001,East,Bisbelle Bhaat,,88,17599.15,8962.23,8636.92,43,45
Dosa Coffee - Ideal Plaza (01/0001),01-0001,East,Tomato Onion Uttapam,,69,16386.46,8599.97,7786.49,36,33
Dosa Coffee - Ideal Plaza (01/0001),01-0001,East,Guntur Karampodi Dosa,,55,15575.64,8394.41,7181.23,29,26
Dosa Coffee - Ideal Plaza (01/0001),01-0001,East,Special White Coconut Chutney,,259,17424.91,8016.25,9408.66,119,140
Dosa Coffee - Ideal Plaza (01/0001),01-0001,East,Service of Lemonade,,277,14995.44,7609.11,7386.33,141,136
Dosa Coffee - Ideal Plaza (01/0001),01-0001,East,Vegetable Uttapam,,58,11332.59,7260.97,4071.62,41,17
Dosa Coffee - Ideal Plaza (01/0001),01-0001,East,Lemon Rice,,84,16277.16,7096.88,9180.28,38,46
Dosa Coffee - Ideal Plaza (01/0001),01-0001,East,Onion,,598,14972.8,6735.52,8237.28,272,326
Dosa Coffee - Ideal Plaza (01/0001),01-0001,East,Garlic Dosa,,73,16395.99,6590.48,9805.51,29,44
Dosa Coffee - Ideal Plaza (01/0001),01-0001,East,Butter,,257,14720.04,6369.24,8350.8,111,146
Dosa Coffee - Ideal Plaza (01/0001),01-0001,East,Filter Coffee Flask,,69,14918.41,6330.27,8588.14,30,39
Dosa Coffee - Ideal Plaza (01/0001),01-0001,East,Ghee,,200,11168.56,5443.55,5725.01,96,104
Dosa Coffee - Ideal Plaza (01/0001),01-0001,East,Raw Mango Chutney,,183,11533.7,5062.56,6471.14,81,102
Dosa Coffee - Ideal Plaza (01/0001),01-0001,East,Cold Coffee-Nuttela,,60,11516.95,4676.29,6840.66,25,35
Dosa Coffee - Ideal Plaza (01/0001),01-0001,East,Dadu`s Special Spicy Chutney,,124,8112.51,4458.83,3653.68,66,58
Dosa Coffee - Ideal Plaza (01/0001),01-0001,East,Sambar Vada Plate (2pc),,56,8951.23,4249.63,4701.6,26,30
Dosa Coffee - Ideal Plaza (01/0001),01-0001,East,Open Butter Masala Dosa,,38,9200.96,3847.4,5353.56,16,22
Dosa Coffee - Ideal Plaza (01/0001),01-0001,East,Jaggery Cinnamon Filter Coffee,,62,7880.2,3719.92,4160.28,29,33
Dosa Coffee - Ideal Plaza (01/0001),01-0001,East,Black Coffee,,93,7021.5,3716.6,3304.9,49,44
Dosa Coffee - Ideal Plaza (01/0001),01-0001,East,Rasam Idli Plate (2pc),,34,5051.66,3659.99,1391.67,25,9
Dosa Coffee - Ideal Plaza (01/0001),01-0001,East,Cheese Paniyaram (10 Pcs),,29,7277.02,2856.13,4420.89,12,17
Dosa Coffee - Ideal Plaza (01/0001),01-0001,East,Plain Idli Pc,,78,5524.09,2818.13,2705.96,39,39
Dosa Coffee - Ideal Plaza (01/0001),01-0001,East,Cold Coffee-Crunchy Oreo,,33,6441.63,2665.66,3775.97,14,19
Dosa Coffee - Ideal Plaza (01/0001),01-0001,East,Iced Filter Coffee,,40,4467.06,2552.23,1914.83,23,17
Dosa Coffee - Ideal Plaza (01/0001),01-0001,East,Filter Coffee Cappuccino,,55,6025.28,2501.34,3523.94,23,32
Dosa Coffee - Ideal Plaza (01/0001),01-0001,East,Medu Vada Pc,,68,5345.95,2458.15,2887.8,32,36
Dosa Coffee - Ideal Plaza (01/0001),01-0001,East,Sambar Idli Plate (2pc),,32,4851.36,2419.78,2431.58,16,16
Dosa Coffee - Ideal Plaza (01/0001),01-0001,East,Rasam & Papad,,62,4695.49,2337.1,2358.39,31,31
Dosa Coffee - Ideal Plaza (01/0001),01-0001,East,Mango Shake,,21,3723.89,2271.84,1452.05,13,8
Dosa Coffee - Ideal Plaza (01/0001),01-0001,East,Lemon Iced Tea,,50,5552.11,2063.36,3488.75,18,32
Dosa Coffee - Ideal Plaza (01/0001),01-0001,East,Thindi Podi Idli,,18,3096.59,1856.24,1240.35,11,7
Dosa Coffee - Ideal Plaza (01/0001),01-0001,East,Chocolate Filter Coffee,,27,3384.37,1833.16,1551.21,15,12
Dosa Coffee - Ideal Plaza (01/0001),01-0001,East,Dosa Coffee Tiffin @ 249,,9,2292.16,1769.26,522.9,7,2
Dosa Coffee - Ideal Plaza (01/0001),01-0001,East,Thindi Podi Ghee Masala Dosa,,15,3581.36,1642.75,1938.61,7,8
Dosa Coffee - Ideal Plaza (01/0001),01-0001,East,Plain Uttapam,,13,2525.25,1554.0,971.25,8,5
Dosa Coffee - Ideal Plaza (01/0001),01-0001,East,Dosa Batter 1Kg,,22,4274.99,1528.79,2746.2,9,13
Dosa Coffee - Ideal Plaza (01/0001),01-0001,East,Filter Coffee Ice-Cream,,53,5425.92,1330.75,4095.17,13,40
Dosa Coffee - Ideal Plaza (01/0001),01-0001,East,Benne Dosa Batter Kit (1 Kg),,8,3500.26,1320.46,2179.8,3,5
Dosa Coffee - Ideal Plaza (01/0001),01-0001,East,Appalam Papad (1pc),,118,3515.61,1316.71,2198.9,44,74
Dosa Coffee - Ideal Plaza (01/0001),01-0001,East,Malkapodi & Ghee,,44,3697.6,1309.38,2388.22,16,28
Dosa Coffee - Ideal Plaza (01/0001),01-0001,East,Strawberry Shake,,12,2050.23,1261.56,788.67,7,5
Dosa Coffee - Ideal Plaza (01/0001),01-0001,East,Masala Uttapam,,14,3292.0,1203.75,2088.25,5,9
Dosa Coffee - Ideal Plaza (01/0001),01-0001,East,Homemade Lemonade,,46,4248.96,1175.06,3073.9,13,33
Dosa Coffee - Ideal Plaza (01/0001),01-0001,East,Dahi Idli,,14,2291.97,1078.99,1212.98,7,7
Dosa Coffee - Ideal Plaza (01/0001),01-0001,East,Rava Dosa Batter Kit (1 Kg),,2,984.4,984.4,,2,
Dosa Coffee - Ideal Plaza (01/0001),01-0001,East,Rasam Vada Plate (2 Pc),,9,1483.79,963.79,520.0,6,3
Dosa Coffee - Ideal Plaza (01/0001),01-0001,East,Tomato Uttapam,,10,2262.3,856.4,1405.9,4,6
Dosa Coffee - Ideal Plaza (01/0001),01-0001,East,Sambar Vada Pc,,26,2297.81,798.41,1499.4,9,17
Dosa Coffee - Ideal Plaza (01/0001),01-0001,East,Packaging Charge,,112,1620.37,762.88,857.49,53,59
Dosa Coffee - Ideal Plaza (01/0001),01-0001,East,Dahi Vada pc,,13,1274.65,688.36,586.29,7,6
Dosa Coffee - Ideal Plaza (01/0001),01-0001,East,Sambar Idli Pc,,19,1533.49,660.7,872.79,8,11
Dosa Coffee - Ideal Plaza (01/0001),01-0001,East,Malkapodi Idli pc,,18,1633.01,522.83,1110.18,6,12
Dosa Coffee - Ideal Plaza (01/0001),01-0001,East,Coconut Rice,,4,769.36,409.5,359.86,2,2
Dosa Coffee - Ideal Plaza (01/0001),01-0001,East,Extra Paratha(1 Pc),,8,787.55,399.0,388.55,4,4
Dosa Coffee - Ideal Plaza (01/0001),01-0001,East,Dosa Coffee Glass Bottle,,60,821.8,378.08,443.72,20,40
Dosa Coffee - Ideal Plaza (01/0001),01-0001,East,Butter Idli pc,,6,473.17,305.17,168.0,4,2
Dosa Coffee - Ideal Plaza (01/0001),01-0001,East,Rasam Vada pc,,5,454.75,267.75,187.0,3,2
Dosa Coffee - Ideal Plaza (01/0001),01-0001,East,Ghee Idli pc,,7,575.21,260.0,315.21,3,4
Dosa Coffee - Ideal Plaza (01/0001),01-0001,East,Rasam Idli Pc,,7,485.93,252.0,233.93,3,4
Dosa Coffee - Ideal Plaza (01/0001),01-0001,East,Extra Paneer Korma,,3,346.5,173.25,173.25,2,1
Dosa Coffee - Ideal Plaza (01/0001),01-0001,East,Malkapodi Powder,,4,595.99,149.0,446.99,1,3
Dosa Coffee - Ideal Plaza (01/0001),01-0001,East,Thindi Podi Powder,,1,149.0,149.0,,1,
Dosa Coffee - Ideal Plaza (01/0001),01-0001,East,Medu Vada for Combo,,1,89.25,89.25,,1,
Dosa Coffee - Ideal Plaza (01/0001),01-0001,East,Service of Kinley Bottled Water (500ml),,1,35.0,35.0,,1,
Dosa Coffee - Ideal Plaza (01/0001),01-0001,East,Jain Sambar,,1066,0,0.0,0.0,500,566
Dosa Coffee - Ideal Plaza (01/0001),01-0001,East,Filter Coffee (For Combo),,6,0,0.0,0.0,4,2
Dosa Coffee - Ideal Plaza (01/0001),01-0001,East,Regular Sambar,,13336,0,0.0,0.0,6217,7119
Dosa Coffee - Ideal Plaza (01/0001),01-0001,East,Kesari Halwa (Complimentary),,35,0,0.0,0.0,31,4
Dosa Coffee - Ideal Plaza (01/0001),01-0001,East,Buttermilk (For Combo),,3,0,0.0,,3,
Dosa Coffee - Rosedale Plaza(0006),01-0006,East,Masala Dosa,,2425,455126.27,226764.46,228361.81,1199,1226
Dosa Coffee - Rosedale Plaza(0006),01-0006,East,Idli Plate (2 pc),,1208,167695.45,84457.04,83238.41,607,601
Dosa Coffee - Rosedale Plaza(0006),01-0006,East,Benne Masala Dosa,,528,125930.58,63926.6,62003.98,268,260
Dosa Coffee - Rosedale Plaza(0006),01-0006,East,Filter Coffee,,1209,117298.87,57035.67,60263.2,587,622
Dosa Coffee - Rosedale Plaza(0006),01-0006,East,Plain Dosa,,641,99573.76,50497.59,49076.17,323,318
Dosa Coffee - Rosedale Plaza(0006),01-0006,East,Medu Vada Plate (2 pc),,439,69821.38,34096.32,35725.06,211,228
Dosa Coffee - Rosedale Plaza(0006),01-0006,East,Ghee Roast Masala Dosa,,306,76225.31,34095.02,42130.29,138,168
Dosa Coffee - Rosedale Plaza(0006),01-0006,East,Dosa Coffee Tiffin,,219,61334.09,31365.36,29968.73,113,106
Dosa Coffee - Rosedale Plaza(0006),01-0006,East,Garlic Ghee Roast Dosa,,242,56749.83,29489.65,27260.18,124,118
Dosa Coffee - Rosedale Plaza(0006),01-0006,East,Idli Vada Plate,,320,56553.37,28327.59,28225.78,161,159
Dosa Coffee - Rosedale Plaza(0006),01-0006,East,Thatte Idli Plate,,290,51822.27,25909.62,25912.65,144,146
Dosa Coffee - Rosedale Plaza(0006),01-0006,East,Malabar Paratha with Paneer Korma,,237,59492.21,24638.85,34853.36,96,141
Dosa Coffee - Rosedale Plaza(0006),01-0006,East,Rava Plain Dosa,,264,53045.65,24276.69,28768.96,119,145
Dosa Coffee - Rosedale Plaza(0006),01-0006,East,Plain Ghee Roast Dosa,,199,40926.52,20151.5,20775.02,97,102
Dosa Coffee - Rosedale Plaza(0006),01-0006,East,Benne Dosa,,185,37421.33,15594.52,21826.81,78,107
Dosa Coffee - Rosedale Plaza(0006),01-0006,East,Dahi Vada Plate (2 pc),,181,32443.73,15297.63,17146.1,86,95
Dosa Coffee - Rosedale Plaza(0006),01-0006,East,Dosa Coffee Benne Tiffin,,111,28112.45,14061.17,14051.28,55,56
Dosa Coffee - Rosedale Plaza(0006),01-0006,East,Potato Masala,,729,28308.32,13255.07,15053.26,339,390
Dosa Coffee - Rosedale Plaza(0006),01-0006,East,Garlic Benne Dosa,,121,29130.71,12838.59,16292.12,54,67
Dosa Coffee - Rosedale Plaza(0006),01-0006,East,Mysore Dosa,,129,28825.29,12815.68,16009.61,57,72
Dosa Coffee - Rosedale Plaza(0006),01-0006,East,Cold Coffee-Classic,,137,24807.11,12684.98,12122.13,70,67
Dosa Coffee - Rosedale Plaza(0006),01-0006,East,Mysore Ghee Roast Dosa,,124,29351.67,11942.19,17409.48,50,74
Dosa Coffee - Rosedale Plaza(0006),01-0006,East,Cheese,,374,21177.04,11707.73,9469.31,204,170
Dosa Coffee - Rosedale Plaza(0006),01-0006,East,Filter Coffee Flask,,99,20880.81,10294.09,10586.72,48,51
Dosa Coffee - Rosedale Plaza(0006),01-0006,East,Malkapodi Idli Plate (2pc),,79,14373.44,9536.19,4837.25,52,27
Dosa Coffee - Rosedale Plaza(0006),01-0006,East,Spicy Tomato Onion Ghee Roast Dosa,,65,15611.66,9179.26,6432.4,37,28
Dosa Coffee - Rosedale Plaza(0006),01-0006,East,Kesari Halwa,,148,20235.49,8799.25,11436.24,63,85
Dosa Coffee - Rosedale Plaza(0006),01-0006,East,Srivilli Kheer,,167,17651.27,8781.79,8869.48,81,86
Dosa Coffee - Rosedale Plaza(0006),01-0006,East,Schweppes Bottled water (500ml),,259,16584.38,8615.24,7969.14,133,126
Dosa Coffee - Rosedale Plaza(0006),01-0006,East,Malkapodi Dosa,,67,15004.08,8196.68,6807.4,37,30
Dosa Coffee - Rosedale Plaza(0006),01-0006,East,Ghee Idli Plate (2pc),,93,16073.76,8007.1,8066.66,48,45
Dosa Coffee - Rosedale Plaza(0006),01-0006,East,Guntur Karampodi Dosa,,57,16290.43,7651.66,8638.77,26,31
Dosa Coffee - Rosedale Plaza(0006),01-0006,East,Fresh Buttermilk,,143,15160.14,7132.85,8027.29,66,77
Dosa Coffee - Rosedale Plaza(0006),01-0006,East,Butter,,247,14707.5,7048.49,7659.01,119,128
Dosa Coffee - Rosedale Plaza(0006),01-0006,East,Mysore Benne Dosa,,60,14542.15,7026.28,7515.87,29,31
Dosa Coffee - Rosedale Plaza(0006),01-0006,East,Raw Mango Ghee Roast Dosa,,64,15054.53,6823.05,8231.48,29,35
Dosa Coffee - Rosedale Plaza(0006),01-0006,East,Onion,,449,11444.64,6227.39,5217.25,242,207
Dosa Coffee - Rosedale Plaza(0006),01-0006,East,Garlic Dosa,,53,11928.83,5954.24,5974.59,26,27
Dosa Coffee - Rosedale Plaza(0006),01-0006,East,Homemade Sparkling Lemonade,,94,10594.28,5914.3,4679.98,53,41
Dosa Coffee - Rosedale Plaza(0006),01-0006,East,Black Coffee,,130,9988.38,5821.28,4167.1,76,54
Dosa Coffee - Rosedale Plaza(0006),01-0006,East,Paper Plain Dosa,,62,12519.13,5639.08,6880.05,28,34
Dosa Coffee - Rosedale Plaza(0006),01-0006,East,Idli Fries,,83,9946.64,5144.52,4802.12,42,41
Dosa Coffee - Rosedale Plaza(0006),01-0006,East,Open Butter Masala Dosa,,27,6433.27,4040.73,2392.54,17,10
Dosa Coffee - Rosedale Plaza(0006),01-0006,East,Mango Shake,,54,8907.71,4008.85,4898.86,24,30
Dosa Coffee - Rosedale Plaza(0006),01-0006,East,Sambar Vada Plate (2pc),,41,6882.11,3702.91,3179.2,22,19
Dosa Coffee - Rosedale Plaza(0006),01-0006,East,Lemon Iced Tea,,42,4816.3,3447.8,1368.5,30,12
Dosa Coffee - Rosedale Plaza(0006),01-0006,East,Thindi Podi Ghee Masala Dosa,,24,5620.87,3274.27,2346.6,14,10
Dosa Coffee - Rosedale Plaza(0006),01-0006,East,Ghee,,113,6398.75,3259.95,3138.81,57,56
Dosa Coffee - Rosedale Plaza(0006),01-0006,East,Strawberry Shake,,43,7603.47,3214.77,4388.7,18,25
Dosa Coffee - Rosedale Plaza(0006),01-0006,East,Upma,,40,6416.31,2948.05,3468.26,18,22
Dosa Coffee - Rosedale Plaza(0006),01-0006,East,Raw Mango Benne Dosa,,35,8449.58,2856.1,5593.48,12,23
Dosa Coffee - Rosedale Plaza(0006),01-0006,East,Butter Idli Plate (2pc),,32,4935.78,2409.77,2526.01,14,18
Dosa Coffee - Rosedale Plaza(0006),01-0006,East,Spicy Tomato Onion Chutney,,77,4798.45,2361.03,2437.42,39,38
Dosa Coffee - Rosedale Plaza(0006),01-0006,East,Homemade Lemonade,,31,3075.35,1596.0,1479.35,16,15
Dosa Coffee - Rosedale Plaza(0006),01-0006,East,Cold Coffee-Nuttela,,18,3637.95,1385.7,2252.25,7,11
Dosa Coffee - Rosedale Plaza(0006),01-0006,East,Raw Mango Chutney,,40,2516.05,1314.67,1201.38,21,19
Dosa Coffee - Rosedale Plaza(0006),01-0006,East,Cold Coffee-Crunchy Oreo,,13,2650.67,1217.42,1433.25,6,7
Dosa Coffee - Rosedale Plaza(0006),01-0006,East,Dadu`s Special Spicy Chutney,,26,1601.23,1172.99,428.24,19,7
Dosa Coffee - Rosedale Plaza(0006),01-0006,East,Iced Filter Coffee,,18,2079.0,1039.5,1039.5,9,9
Dosa Coffee - Rosedale Plaza(0006),01-0006,East,Dosa Coffee Tiffin @ 249,,7,1754.42,997.37,757.05,4,3
Dosa Coffee - Rosedale Plaza(0006),01-0006,East,Filter Coffee Ice-Cream,,29,2999.97,931.48,2068.49,9,20
Dosa Coffee - Rosedale Plaza(0006),01-0006,East,Homemade Sparkling Lemonade.,,25,2194.52,805.69,1388.84,9,16
Dosa Coffee - Rosedale Plaza(0006),01-0006,East,Special White Coconut Chutney,,30,1841.95,649.31,1192.64,11,19
Dosa Coffee - Rosedale Plaza(0006),01-0006,East,Dahi Idli,,5,760.42,559.17,201.25,4,1
Dosa Coffee - Rosedale Plaza(0006),01-0006,East,Fresh Buttermilk.,,21,1867.79,526.27,1341.52,6,15
Dosa Coffee - Rosedale Plaza(0006),01-0006,East,Sambar Idli Plate (2pc),,11,1732.5,472.5,1260.0,3,8
Dosa Coffee - Rosedale Plaza(0006),01-0006,East,Lemon Iced Tea.,,10,872.39,354.07,518.32,4,6
Dosa Coffee - Rosedale Plaza(0006),01-0006,East,Malkapodi & Ghee,,8,621.33,260.43,360.9,3,5
Dosa Coffee - Rosedale Plaza(0006),01-0006,East,Mixed Uttapam,,1,257.25,257.25,,1,
Dosa Coffee - Rosedale Plaza(0006),01-0006,East,Filter Coffee Cappuccino,,2,231.0,231.0,,2,
Dosa Coffee - Rosedale Plaza(0006),01-0006,East,Homemade Lemonade.,,2,186.9,186.9,,2,
Dosa Coffee - Rosedale Plaza(0006),01-0006,East,Extra Paneer Korma,,1,173.25,173.25,,1,
Dosa Coffee - Rosedale Plaza(0006),01-0006,East,Thindi Podi Idli,,3,522.9,155.4,367.5,1,2
Dosa Coffee - Rosedale Plaza(0006),01-0006,East,Packaging Charge,,20,299.35,135.0,164.35,9,11
Dosa Coffee - Rosedale Plaza(0006),01-0006,East,Dosa Coffee Glass Bottle,,1,20.0,20.0,,1,
Dosa Coffee - Rosedale Plaza(0006),01-0006,East,Jain Sambar,,403,0,0.0,0.0,202,201
Dosa Coffee - Rosedale Plaza(0006),01-0006,East,Filter Coffee (For Combo),,6,0,0.0,0.0,3,3
Dosa Coffee - Rosedale Plaza(0006),01-0006,East,Regular Sambar,,8188,0,0.0,0.0,4031,4157
Dosa Coffee - Rosedale Plaza(0006),01-0006,East,Buttermilk (For Combo),,1,0,0.0,,1,
Dosa Coffee - Rosedale Plaza(0006),01-0006,East,Appalam Papad (1pc),,1,19.2,,19.2,,1
Dosa Coffee - Rangoli Mall (01/0010),01-0010,East,Masala Dosa,,1653,324580.81,153638.47,170942.34,786,867
Dosa Coffee - Rangoli Mall (01/0010),01-0010,East,Garlic Ghee Roast Dosa,,545,131052.76,49899.34,81153.42,209,336
Dosa Coffee - Rangoli Mall (01/0010),01-0010,East,Filter Coffee,,1095,106129.14,48932.68,57196.46,509,586
Dosa Coffee - Rangoli Mall (01/0010),01-0010,East,Idli Plate (2 pc),,588,77492.51,39678.29,37814.22,299,289
Dosa Coffee - Rangoli Mall (01/0010),01-0010,East,Benne Masala Dosa,,354,83755.37,39168.82,44586.55,165,189
Dosa Coffee - Rangoli Mall (01/0010),01-0010,East,Plain Dosa,,368,57760.88,27831.48,29929.4,176,192
Dosa Coffee - Rangoli Mall (01/0010),01-0010,East,Medu Vada Plate (2 pc),,340,52802.33,25065.14,27737.19,162,178
Dosa Coffee - Rangoli Mall (01/0010),01-0010,East,Ghee Roast Masala Dosa,,190,46350.8,22091.22,24259.58,89,101
Dosa Coffee - Rangoli Mall (01/0010),01-0010,East,Malabar Paratha with Paneer Korma,,131,35902.63,19602.13,16300.5,69,62
Dosa Coffee - Rangoli Mall (01/0010),01-0010,East,Cold Coffee-Classic,,172,30983.24,17178.67,13804.57,96,76
Dosa Coffee - Rangoli Mall (01/0010),01-0010,East,Thatte Idli Plate,,173,31150.1,14319.82,16830.28,79,94
Dosa Coffee - Rangoli Mall (01/0010),01-0010,East,Dahi Vada Plate (2 pc),,146,26136.08,12299.96,13836.12,69,77
Dosa Coffee - Rangoli Mall (01/0010),01-0010,East,Mysore Dosa,,89,19496.09,10461.58,9034.51,48,41
Dosa Coffee - Rangoli Mall (01/0010),01-0010,East,Mysore Ghee Roast Dosa,,97,23582.49,9155.31,14427.18,38,59
Dosa Coffee - Rangoli Mall (01/0010),01-0010,East,Cold Coffee-Nuttela,,80,16083.42,8796.88,7286.54,44,36
Dosa Coffee - Rangoli Mall (01/0010),01-0010,East,Cheese,,401,23927.75,8744.37,15183.38,149,252
Dosa Coffee - Rangoli Mall (01/0010),01-0010,East,Fresh Watermelon Juice,,103,15979.22,8461.65,7517.57,56,47
Dosa Coffee - Rangoli Mall (01/0010),01-0010,East,Plain Ghee Roast Dosa,,57,11736.94,8298.49,3438.45,40,17
Dosa Coffee - Rangoli Mall (01/0010),01-0010,East,Open Butter Masala Dosa,,72,17099.59,8212.83,8886.76,35,37
Dosa Coffee - Rangoli Mall (01/0010),01-0010,East,Paper Plain Dosa,,83,16575.84,7978.5,8597.34,40,43
Dosa Coffee - Rangoli Mall (01/0010),01-0010,East,Malkapodi Dosa,,64,14370.68,7456.52,6914.16,33,31
Dosa Coffee - Rangoli Mall (01/0010),01-0010,East,Idli Fries,,129,12935.49,7136.69,5798.8,70,59
Dosa Coffee - Rangoli Mall (01/0010),01-0010,East,Garlic Benne Dosa,,57,13717.6,6869.98,6847.62,29,28
Dosa Coffee - Rangoli Mall (01/0010),01-0010,East,Idli Vada Plate,,100,15507.04,6778.4,8728.64,43,57
Dosa Coffee - Rangoli Mall (01/0010),01-0010,East,Potato Masala,,376,14990.69,6496.49,8494.19,164,212
Dosa Coffee - Rangoli Mall (01/0010),01-0010,East,Rava Plain Dosa,,81,16177.29,6457.87,9719.42,33,48
Dosa Coffee - Rangoli Mall (01/0010),01-0010,East,Cold Coffee-Crunchy Oreo,,61,12294.31,5853.87,6440.44,29,32
Dosa Coffee - Rangoli Mall (01/0010),01-0010,East,Dosa Coffee Tiffin,,31,8339.87,5515.0,2824.87,20,11
Dosa Coffee - Rangoli Mall (01/0010),01-0010,East,Benne Dosa,,60,12205.45,5479.09,6726.36,27,33
Dosa Coffee - Rangoli Mall (01/0010),01-0010,East,Mixed Uttapam,,57,14050.16,5371.73,8678.43,22,35
Dosa Coffee - Rangoli Mall (01/0010),01-0010,East,Sambar Vada Plate (2pc),,66,10696.14,5175.81,5520.33,32,34
Dosa Coffee - Rangoli Mall (01/0010),01-0010,East,Guntur Karampodi Dosa,,24,7059.61,4720.68,2338.93,16,8
Dosa Coffee - Rangoli Mall (01/0010),01-0010,East,Srivilli Kheer,,111,11395.23,4624.37,6770.86,45,66
Dosa Coffee - Rangoli Mall (01/0010),01-0010,East,Kesari Halwa,,95,10308.29,4591.42,5716.87,40,55
Dosa Coffee - Rangoli Mall (01/0010),01-0010,East,Paniyaram (10 Pcs),,35,9063.6,4538.68,4524.92,17,18
Dosa Coffee - Rangoli Mall (01/0010),01-0010,East,Onion Uttapam,,42,9650.46,4497.4,5153.06,20,22
Dosa Coffee - Rangoli Mall (01/0010),01-0010,East,Butter,,155,9254.58,4312.93,4941.65,74,81
Dosa Coffee - Rangoli Mall (01/0010),01-0010,East,Malkapodi Idli Plate (2pc),,46,8293.07,3963.51,4329.56,22,24
Dosa Coffee - Rangoli Mall (01/0010),01-0010,East,Homemade Sparkling Lemonade,,105,11805.39,3942.87,7862.52,36,69
Dosa Coffee - Rangoli Mall (01/0010),01-0010,East,Upma,,42,6834.03,3762.53,3071.5,23,19
Dosa Coffee - Rangoli Mall (01/0010),01-0010,East,Schweppes Bottled water (500ml),,131,8929.49,3435.99,5493.5,51,80
Dosa Coffee - Rangoli Mall (01/0010),01-0010,East,Dosa Coffee Benne Tiffin,,21,5662.73,3285.0,2377.73,12,9
Dosa Coffee - Rangoli Mall (01/0010),01-0010,East,Onion,,345,8878.02,3074.01,5804.02,119,226
Dosa Coffee - Rangoli Mall (01/0010),01-0010,East,Bisbelle Bhaat,,26,4843.6,3039.52,1804.08,16,10
Dosa Coffee - Rangoli Mall (01/0010),01-0010,East,Butter Idli Plate (2pc),,34,5471.91,2905.37,2566.54,19,15
Dosa Coffee - Rangoli Mall (01/0010),01-0010,East,Raw Mango Ghee Roast Dosa,,20,4834.98,2872.44,1962.54,12,8
Dosa Coffee - Rangoli Mall (01/0010),01-0010,East,Vegetable Uttapam,,28,6477.48,2691.31,3786.17,12,16
Dosa Coffee - Rangoli Mall (01/0010),01-0010,East,Garlic Dosa,,19,4135.74,2368.19,1767.55,11,8
Dosa Coffee - Rangoli Mall (01/0010),01-0010,East,Spicy Tomato Onion Ghee Roast Dosa,,24,5845.91,2208.29,3637.62,9,15
Dosa Coffee - Rangoli Mall (01/0010),01-0010,East,Masala Uttapam,,20,4646.9,2107.52,2539.38,9,11
Dosa Coffee - Rangoli Mall (01/0010),01-0010,East,Filter Coffee Flask,,13,2664.15,2084.0,580.15,10,3
Dosa Coffee - Rangoli Mall (01/0010),01-0010,East,Thindi Podi Ghee Masala Dosa,,18,4270.25,2069.97,2200.28,9,9
Dosa Coffee - Rangoli Mall (01/0010),01-0010,East,Fresh Buttermilk,,69,7006.45,2064.93,4941.52,20,49
Dosa Coffee - Rangoli Mall (01/0010),01-0010,East,Mysore Benne Dosa,,22,5168.77,1799.02,3369.75,8,14
Dosa Coffee - Rangoli Mall (01/0010),01-0010,East,Tomato Onion Uttapam,,13,2889.13,1774.63,1114.5,8,5
Dosa Coffee - Rangoli Mall (01/0010),01-0010,East,Mango Shake,,9,1580.9,1580.9,,9,
Dosa Coffee - Rangoli Mall (01/0010),01-0010,East,Black Coffee,,59,4442.64,1452.66,2989.98,19,40
Dosa Coffee - Rangoli Mall (01/0010),01-0010,East,Raw Mango Benne Dosa,,12,2762.47,1409.04,1353.43,6,6
Dosa Coffee - Rangoli Mall (01/0010),01-0010,East,Plain Uttapam,,9,1740.02,1351.52,388.5,7,2
Dosa Coffee - Rangoli Mall (01/0010),01-0010,East,Strawberry Shake,,7,1241.25,1241.25,,7,
Dosa Coffee - Rangoli Mall (01/0010),01-0010,East,Spicy Tomato Onion Chutney,,44,2744.2,1215.68,1528.52,19,25
Dosa Coffee - Rangoli Mall (01/0010),01-0010,East,Rasam Idli Plate (2pc),,12,1900.62,1098.12,802.5,7,5
Dosa Coffee - Rangoli Mall (01/0010),01-0010,East,Lemon Iced Tea,,33,3570.66,1092.25,2478.41,10,23
Dosa Coffee - Rangoli Mall (01/0010),01-0010,East,Tomato Uttapam,,5,1161.45,967.5,193.95,4,1
Dosa Coffee - Rangoli Mall (01/0010),01-0010,East,Ghee Idli Plate (2pc),,26,4143.32,947.59,3195.73,6,20
Dosa Coffee - Rangoli Mall (01/0010),01-0010,East,Thindi Podi Idli,,14,2376.15,936.52,1439.63,6,8
Dosa Coffee - Rangoli Mall (01/0010),01-0010,East,Filter Coffee Ice-Cream,,16,1663.2,935.55,727.65,9,7
Dosa Coffee - Rangoli Mall (01/0010),01-0010,East,Dosa Batter Kit (1 Kg),,6,2490.98,869.64,1621.34,2,4
Dosa Coffee - Rangoli Mall (01/0010),01-0010,East,Curd Rice,,8,1694.61,859.95,834.66,4,4
Dosa Coffee - Rangoli Mall (01/0010),01-0010,East,Cheese Paniyaram (10 Pcs),,8,2106.96,796.87,1310.09,3,5
Dosa Coffee - Rangoli Mall (01/0010),01-0010,East,Sambar Idli Plate (2pc),,10,1590.0,787.5,802.5,5,5
Dosa Coffee - Rangoli Mall (01/0010),01-0010,East,Tomato Rice,,11,2216.65,779.62,1437.03,4,7
Dosa Coffee - Rangoli Mall (01/0010),01-0010,East,Rasam Vada Plate (2 Pc),,8,1329.7,668.24,661.46,4,4
Dosa Coffee - Rangoli Mall (01/0010),01-0010,East,Rasam & Papad,,25,1928.43,615.75,1312.68,8,17
Dosa Coffee - Rangoli Mall (01/0010),01-0010,East,Coconut Rice,,6,1216.44,614.25,602.19,3,3
Dosa Coffee - Rangoli Mall (01/0010),01-0010,East,Packaging Charge,,85,1253.48,559.66,693.82,38,47
Dosa Coffee - Rangoli Mall (01/0010),01-0010,East,Raw Mango Chutney,,35,2231.67,512.85,1718.82,8,27
Dosa Coffee - Rangoli Mall (01/0010),01-0010,East,Ghee,,23,1295.06,502.75,792.31,9,14
Dosa Coffee - Rangoli Mall (01/0010),01-0010,East,Special White Coconut Chutney,,16,1014.88,471.63,543.25,8,8
Dosa Coffee - Rangoli Mall (01/0010),01-0010,East,Homemade Sparkling Lemonade.,,5,459.81,459.81,,5,
Dosa Coffee - Rangoli Mall (01/0010),01-0010,East,Dahi Vada,,3,619.75,425.5,194.25,2,1
Dosa Coffee - Rangoli Mall (01/0010),01-0010,East,Lemon Rice,,10,2073.55,409.5,1664.05,2,8
Dosa Coffee - Rangoli Mall (01/0010),01-0010,East,Extra Paratha(1 Pc),,4,371.54,371.54,,4,
Dosa Coffee - Rangoli Mall (01/0010),01-0010,East,Appalam Papad (1pc),,36,937.26,333.87,603.39,13,23
Dosa Coffee - Rangoli Mall (01/0010),01-0010,East,Homemade Lemonade,,9,897.75,299.25,598.5,3,6
Dosa Coffee - Rangoli Mall (01/0010),01-0010,East,Iced Filter Coffee,,2,231.0,231.0,,2,
Dosa Coffee - Rangoli Mall (01/0010),01-0010,East,Filter Coffee Cappuccino,,2,231.0,231.0,,2,
Dosa Coffee - Rangoli Mall (01/0010),01-0010,East,Dahi Idli,,3,539.3,178.91,360.39,1,2
Dosa Coffee - Rangoli Mall (01/0010),01-0010,East,Extra Paneer Korma,,1,173.25,173.25,,1,
Dosa Coffee - Rangoli Mall (01/0010),01-0010,East,Dadu`s Special Spicy Chutney,,12,780.78,126.0,654.78,2,10
Dosa Coffee - Rangoli Mall (01/0010),01-0010,East,Dosa Coffee Glass Bottle,,9,176.8,96.8,80.0,5,4
Dosa Coffee - Rangoli Mall (01/0010),01-0010,East,Lemon Iced Tea.,,1,93.45,93.45,,1,
Dosa Coffee - Rangoli Mall (01/0010),01-0010,East,Jain Sambar,,386,0,0.0,0.0,176,210
Dosa Coffee - Rangoli Mall (01/0010),01-0010,East,Regular Sambar,,5278,0,0.0,0.0,2485,2793
Dosa Coffee - Rangoli Mall (01/0010),01-0010,East,Benne Dosa Batter Kit (1 Kg),,1,313.95,,313.95,,1
Dosa Coffee - Rangoli Mall (01/0010),01-0010,East,Jaggery Cinnamon Filter Coffee,,2,253.37,,253.37,,2
Dosa Coffee - Rangoli Mall (01/0010),01-0010,East,Chocolate Filter Coffee,,1,131.25,,131.25,,1
Dosa Coffee - Rangoli Mall (01/0010),01-0010,East,Malkapodi & Ghee,,1,84.0,,84.0,,1
Dosa Coffee - James long Sarani (01/0011),01-0011,East,Masala Dosa,,1951,369340.89,169628.4,199712.49,889,1062
Dosa Coffee - James long Sarani (01/0011),01-0011,East,Idli Plate (2 pc),,908,125520.33,64042.59,61477.74,466,442
Dosa Coffee - James long Sarani (01/0011),01-0011,East,Plain Dosa,,628,96624.95,49209.78,47415.17,321,307
Dosa Coffee - James long Sarani (01/0011),01-0011,East,Benne Masala Dosa,,368,87434.24,39165.28,48268.96,166,202
Dosa Coffee - James long Sarani (01/0011),01-0011,East,Filter Coffee,,742,70744.99,33697.74,37047.25,353,389
Dosa Coffee - James long Sarani (01/0011),01-0011,East,Garlic Ghee Roast Dosa,,261,61161.51,31000.72,30160.79,131,130
Dosa Coffee - James long Sarani (01/0011),01-0011,East,Dahi Vada Plate (2 pc),,308,55651.59,30957.57,24694.02,170,138
Dosa Coffee - James long Sarani (01/0011),01-0011,East,Ghee Roast Masala Dosa,,243,59884.64,30818.7,29065.94,124,119
Dosa Coffee - James long Sarani (01/0011),01-0011,East,Medu Vada Plate (2 pc),,435,67366.33,30120.5,37245.83,192,243
Dosa Coffee - James long Sarani (01/0011),01-0011,East,Thatte Idli Plate,,303,53403.13,26579.95,26823.18,149,154
Dosa Coffee - James long Sarani (01/0011),01-0011,East,Rava Plain Dosa,,192,38356.24,17591.68,20764.56,88,104
Dosa Coffee - James long Sarani (01/0011),01-0011,East,Malabar Paratha with Paneer Korma,,157,39539.28,15901.62,23637.66,60,97
Dosa Coffee - James long Sarani (01/0011),01-0011,East,Plain Ghee Roast Dosa,,130,26139.99,14879.46,11260.53,75,55
Dosa Coffee - James long Sarani (01/0011),01-0011,East,Idli Vada Plate,,178,31584.43,12888.61,18695.82,75,103
Dosa Coffee - James long Sarani (01/0011),01-0011,East,Dosa Coffee Tiffin,,78,22960.87,11430.08,11530.79,39,39
Dosa Coffee - James long Sarani (01/0011),01-0011,East,Mysore Ghee Roast Dosa,,104,24456.37,10853.74,13602.63,45,59
Dosa Coffee - James long Sarani (01/0011),01-0011,East,Fresh Watermelon Juice,,170,25608.8,10769.15,14839.65,71,99
Dosa Coffee - James long Sarani (01/0011),01-0011,East,Mixed Uttapam,,82,20401.27,10620.63,9780.64,43,39
Dosa Coffee - James long Sarani (01/0011),01-0011,East,Paniyaram (10 Pcs),,76,18875.29,10607.27,8268.02,42,34
Dosa Coffee - James long Sarani (01/0011),01-0011,East,Mysore Dosa,,77,17638.35,9783.41,7854.94,42,35
Dosa Coffee - James long Sarani (01/0011),01-0011,East,Potato Masala,,506,19358.97,9292.04,10066.92,244,262
Dosa Coffee - James long Sarani (01/0011),01-0011,East,Paper Plain Dosa,,102,20241.4,9157.76,11083.64,46,56
Dosa Coffee - James long Sarani (01/0011),01-0011,East,Benne Dosa,,102,20410.67,8892.44,11518.23,43,59
Dosa Coffee - James long Sarani (01/0011),01-0011,East,Garlic Benne Dosa,,85,19825.17,8487.74,11337.43,37,48
Dosa Coffee - James long Sarani (01/0011),01-0011,East,Tomato Rice,,69,13022.7,8310.15,4712.55,43,26
Dosa Coffee - James long Sarani (01/0011),01-0011,East,Malkapodi Dosa,,68,15344.89,8272.23,7072.66,36,32
Dosa Coffee - James long Sarani (01/0011),01-0011,East,Guntur Karampodi Dosa,,47,13696.38,7672.18,6024.2,26,21
Dosa Coffee - James long Sarani (01/0011),01-0011,East,Raw Mango Benne Dosa,,48,11459.64,7628.06,3831.58,32,16
Dosa Coffee - James long Sarani (01/0011),01-0011,East,Cheese,,272,15402.73,7400.08,8002.65,129,143
Dosa Coffee - James long Sarani (01/0011),01-0011,East,Kesari Halwa,,154,19354.09,7143.04,12211.05,56,98
Dosa Coffee - James long Sarani (01/0011),01-0011,East,Idli Fries,,109,12590.99,6890.43,5700.56,58,51
Dosa Coffee - James long Sarani (01/0011),01-0011,East,Srivilli Kheer,,115,12930.0,6779.27,6150.73,59,56
Dosa Coffee - James long Sarani (01/0011),01-0011,East,Cold Coffee-Classic,,92,16397.83,6669.06,9728.77,38,54
Dosa Coffee - James long Sarani (01/0011),01-0011,East,Ghee Idli Plate (2pc),,76,13135.89,6345.12,6790.77,37,39
Dosa Coffee - James long Sarani (01/0011),01-0011,East,Raw Mango Ghee Roast Dosa,,60,14023.78,6344.45,7679.33,27,33
Dosa Coffee - James long Sarani (01/0011),01-0011,East,Onion Uttapam,,59,12972.28,6077.73,6894.55,28,31
Dosa Coffee - James long Sarani (01/0011),01-0011,East,Malkapodi Idli Plate (2pc),,74,13399.35,5628.85,7770.5,31,43
Dosa Coffee - James long Sarani (01/0011),01-0011,East,Spicy Tomato Onion Ghee Roast Dosa,,44,10578.86,5373.9,5204.96,22,22
Dosa Coffee - James long Sarani (01/0011),01-0011,East,Dosa Coffee Benne Tiffin,,38,9379.59,5343.64,4035.95,22,16
Dosa Coffee - James long Sarani (01/0011),01-0011,East,Fresh Buttermilk,,105,10802.49,5029.6,5772.89,49,56
Dosa Coffee - James long Sarani (01/0011),01-0011,East,Butter,,168,9557.99,4891.62,4666.37,87,81
Dosa Coffee - James long Sarani (01/0011),01-0011,East,Curd Rice,,50,9460.47,4810.59,4649.88,26,24
Dosa Coffee - James long Sarani (01/0011),01-0011,East,Tomato Onion Uttapam,,43,9784.68,4792.22,4992.46,21,22
Dosa Coffee - James long Sarani (01/0011),01-0011,East,Filter Coffee Flask,,46,8972.0,4152.27,4819.73,22,24
Dosa Coffee - James long Sarani (01/0011),01-0011,East,Bisbelle Bhaat,,42,7661.75,4093.0,3568.75,22,20
Dosa Coffee - James long Sarani (01/0011),01-0011,East,Onion,,307,7756.24,3779.83,3976.41,149,158
Dosa Coffee - James long Sarani (01/0011),01-0011,East,Upma,,48,7600.78,3730.85,3869.93,23,25
Dosa Coffee - James long Sarani (01/0011),01-0011,East,Lemon Rice,,36,7001.7,3657.34,3344.36,19,17
Dosa Coffee - James long Sarani (01/0011),01-0011,East,Lemon Iced Tea,,48,5397.24,3568.18,1829.06,32,16
Dosa Coffee - James long Sarani (01/0011),01-0011,East,Open Butter Masala Dosa,,22,5063.34,3459.95,1603.39,15,7
Dosa Coffee - James long Sarani (01/0011),01-0011,East,Cold Coffee-Nuttela,,30,5998.74,3395.76,2602.98,17,13
Dosa Coffee - James long Sarani (01/0011),01-0011,East,Mysore Benne Dosa,,26,6170.64,3395.61,2775.03,14,12
Dosa Coffee - James long Sarani (01/0011),01-0011,East,Black Coffee,,86,6475.65,3273.71,3201.94,44,42
Dosa Coffee - James long Sarani (01/0011),01-0011,East,Spicy Tomato Onion Chutney,,93,5812.02,3059.88,2752.14,48,45
Dosa Coffee - James long Sarani (01/0011),01-0011,East,Butter Idli Plate (2pc),,41,7062.7,3057.19,4005.51,18,23
Dosa Coffee - James long Sarani (01/0011),01-0011,East,Iced Filter Coffee,,28,3093.47,2671.8,421.67,24,4
Dosa Coffee - James long Sarani (01/0011),01-0011,East,Cold Coffee-Crunchy Oreo,,26,5108.61,2530.0,2578.61,13,13
Dosa Coffee - James long Sarani (01/0011),01-0011,East,Jaggery Cinnamon Filter Coffee,,51,6443.98,2468.93,3975.05,20,31
Dosa Coffee - James long Sarani (01/0011),01-0011,East,Mango Shake,,28,4900.72,2457.91,2442.81,14,14
Dosa Coffee - James long Sarani (01/0011),01-0011,East,Garlic Dosa,,30,6500.34,2355.16,4145.18,10,20
Dosa Coffee - James long Sarani (01/0011),01-0011,East,Homemade Sparkling Lemonade,,36,3968.49,2320.66,1647.83,21,15
Dosa Coffee - James long Sarani (01/0011),01-0011,East,Schweppes Bottled water (500ml),,81,5387.02,2209.57,3177.45,33,48
Dosa Coffee - James long Sarani (01/0011),01-0011,East,Filter Coffee Cappuccino,,57,6243.14,1869.2,4373.94,17,40
Dosa Coffee - James long Sarani (01/0011),01-0011,East,Chocolate Filter Coffee,,29,3645.9,1777.77,1868.13,14,15
Dosa Coffee - James long Sarani (01/0011),01-0011,East,Ghee,,60,3434.02,1712.61,1721.41,30,30
Dosa Coffee - James long Sarani (01/0011),01-0011,East,Special White Coconut Chutney,,40,2722.59,1623.72,1098.87,23,17
Dosa Coffee - James long Sarani (01/0011),01-0011,East,Vegetable Uttapam,,16,3676.45,1595.13,2081.32,7,9
Dosa Coffee - James long Sarani (01/0011),01-0011,East,Raw Mango Chutney,,37,2325.16,1487.82,837.34,24,13
Dosa Coffee - James long Sarani (01/0011),01-0011,East,Sambar Vada Plate (2pc),,26,4140.39,1481.89,2658.5,9,17
Dosa Coffee - James long Sarani (01/0011),01-0011,East,Homemade Lemonade,,33,3111.1,1476.93,1634.17,16,17
Dosa Coffee - James long Sarani (01/0011),01-0011,East,Thindi Podi Ghee Masala Dosa,,12,2919.77,1457.4,1462.37,6,6
Dosa Coffee - James long Sarani (01/0011),01-0011,East,Dosa Batter Kit (1 Kg),,7,3301.23,1275.57,2025.66,3,4
Dosa Coffee - James long Sarani (01/0011),01-0011,East,Masala Uttapam,,13,3022.61,1159.87,1862.74,5,8
Dosa Coffee - James long Sarani (01/0011),01-0011,East,Packaging Charge,,185,2672.2,1094.0,1578.2,76,109
Dosa Coffee - James long Sarani (01/0011),01-0011,East,Rasam Idli Plate (2pc),,13,1975.34,1043.11,932.23,7,6
Dosa Coffee - James long Sarani (01/0011),01-0011,East,Rasam & Papad,,30,2254.9,979.11,1275.79,13,17
Dosa Coffee - James long Sarani (01/0011),01-0011,East,Strawberry Shake,,14,2428.06,818.07,1609.99,5,9
Dosa Coffee - James long Sarani (01/0011),01-0011,East,Cheese Paniyaram (10 Pcs),,15,3867.3,787.69,3079.61,3,12
Dosa Coffee - James long Sarani (01/0011),01-0011,East,Plain Uttapam,,8,1529.53,752.53,777.0,4,4
Dosa Coffee - James long Sarani (01/0011),01-0011,East,Rasam Vada Plate (2 Pc),,7,1070.79,601.79,469.0,4,3
Dosa Coffee - James long Sarani (01/0011),01-0011,East,Dadu`s Special Spicy Chutney,,32,1936.26,599.27,1336.99,10,22
Dosa Coffee - James long Sarani (01/0011),01-0011,East,Appalam Papad (1pc),,43,1285.59,537.04,748.55,18,25
Dosa Coffee - James long Sarani (01/0011),01-0011,East,Thindi Podi Idli,,8,1407.98,503.82,904.16,3,5
Dosa Coffee - James long Sarani (01/0011),01-0011,East,Rava Dosa Batter Kit (1 Kg),,1,411.6,411.6,,1,
Dosa Coffee - James long Sarani (01/0011),01-0011,East,Dahi Idli,,15,2623.27,367.5,2255.77,2,13
Dosa Coffee - James long Sarani (01/0011),01-0011,East,Malkapodi & Ghee,,10,841.02,357.69,483.33,4,6
Dosa Coffee - James long Sarani (01/0011),01-0011,East,Filter Coffee Ice-Cream,,29,2890.61,275.3,2615.31,3,26
Dosa Coffee - James long Sarani (01/0011),01-0011,East,Sambar Idli Plate (2pc),,6,945.0,157.5,787.5,1,5
Dosa Coffee - James long Sarani (01/0011),01-0011,East,Extra Paratha(1 Pc),,3,299.25,99.75,199.5,1,2
Dosa Coffee - James long Sarani (01/0011),01-0011,East,Dosa Coffee Glass Bottle,,7,134.22,77.94,56.28,4,3
Dosa Coffee - James long Sarani (01/0011),01-0011,East,Regular Sambar,,6653,0,0.0,0.0,3192,3461
Dosa Coffee - James long Sarani (01/0011),01-0011,East,Jain Sambar,,479,0,0.0,0.0,228,251
Dosa Coffee - James long Sarani (01/0011),01-0011,East,Tomato Uttapam,,2,443.69,,443.69,,2
Dosa Coffee - James long Sarani (01/0011),01-0011,East,Coconut Rice,,1,204.75,,204.75,,1
Dosa Coffee - Santoshpur (01/0012),01-0012,East,Masala Dosa,,1388,261695.17,136742.46,124952.71,715,673
Dosa Coffee - Santoshpur (01/0012),01-0012,East,Idli Plate (2 pc),,567,79813.21,40658.1,39155.11,288,279
Dosa Coffee - Santoshpur (01/0012),01-0012,East,Malabar Paratha with Paneer Korma,,208,57909.22,30174.43,27734.79,105,103
Dosa Coffee - Santoshpur (01/0012),01-0012,East,Filter Coffee,,563,54095.18,29857.36,24237.82,311,252
Dosa Coffee - Santoshpur (01/0012),01-0012,East,Plain Dosa,,377,58918.02,29469.29,29448.73,187,190
Dosa Coffee - Santoshpur (01/0012),01-0012,East,Ghee Roast Masala Dosa,,199,52936.25,29321.4,23614.85,111,88
Dosa Coffee - Santoshpur (01/0012),01-0012,East,Benne Masala Dosa,,261,62992.9,26936.35,36056.55,114,147
Dosa Coffee - Santoshpur (01/0012),01-0012,East,Dahi Vada Plate (2 pc),,267,47977.55,25070.92,22906.63,139,128
Dosa Coffee - Santoshpur (01/0012),01-0012,East,Medu Vada Plate (2 pc),,337,54078.39,24286.48,29791.91,154,183
Dosa Coffee - Santoshpur (01/0012),01-0012,East,Garlic Ghee Roast Dosa,,167,39895.32,21974.77,17920.55,90,77
Dosa Coffee - Santoshpur (01/0012),01-0012,East,Thatte Idli Plate,,154,28506.97,13547.96,14959.01,74,80
Dosa Coffee - Santoshpur (01/0012),01-0012,East,Idli Vada Plate,,150,26813.92,13387.27,13426.65,73,77
Dosa Coffee - Santoshpur (01/0012),01-0012,East,Dosa Coffee Tiffin,,90,24757.53,12856.27,11901.26,48,42
Dosa Coffee - Santoshpur (01/0012),01-0012,East,Rava Plain Dosa,,126,25037.41,12250.48,12786.93,61,65
Dosa Coffee - Santoshpur (01/0012),01-0012,East,Plain Ghee Roast Dosa,,94,18915.43,11364.24,7551.19,55,39
Dosa Coffee - Santoshpur (01/0012),01-0012,East,Benne Dosa,,117,24148.13,11033.91,13114.22,53,64
Dosa Coffee - Santoshpur (01/0012),01-0012,East,Mysore Ghee Roast Dosa,,73,17557.86,10397.45,7160.41,44,29
Dosa Coffee - Santoshpur (01/0012),01-0012,East,Kesari Halwa,,156,20111.9,8587.42,11524.48,68,88
Dosa Coffee - Santoshpur (01/0012),01-0012,East,Fresh Watermelon Juice,,105,15938.18,8307.52,7630.66,53,52
Dosa Coffee - Santoshpur (01/0012),01-0012,East,Guntur Karampodi Dosa,,44,12936.62,8273.11,4663.51,28,16
Dosa Coffee - Santoshpur (01/0012),01-0012,East,Srivilli Kheer,,108,12476.11,7912.88,4563.23,70,38
Dosa Coffee - Santoshpur (01/0012),01-0012,East,Idli Fries,,119,14772.49,7677.82,7094.67,63,56
Dosa Coffee - Santoshpur (01/0012),01-0012,East,Onion Uttapam,,53,12504.39,7069.59,5434.8,29,24
Dosa Coffee - Santoshpur (01/0012),01-0012,East,Malkapodi Idli Plate (2pc),,89,16276.22,7019.5,9256.72,39,50
Dosa Coffee - Santoshpur (01/0012),01-0012,East,Filter Coffee Flask,,78,16254.5,6733.72,9520.78,33,45
Dosa Coffee - Santoshpur (01/0012),01-0012,East,Malkapodi Dosa,,45,10296.2,6694.39,3601.81,29,16
Dosa Coffee - Santoshpur (01/0012),01-0012,East,Mixed Uttapam,,63,15735.26,6426.04,9309.22,25,38
Dosa Coffee - Santoshpur (01/0012),01-0012,East,Paper Plain Dosa,,56,11194.44,5500.84,5693.6,27,29
Dosa Coffee - Santoshpur (01/0012),01-0012,East,Schweppes Bottled water (500ml),,137,9213.78,5329.8,3883.98,78,59
Dosa Coffee - Santoshpur (01/0012),01-0012,East,Raw Mango Ghee Roast Dosa,,43,10178.87,5197.37,4981.5,22,21
Dosa Coffee - Santoshpur (01/0012),01-0012,East,Upma,,54,8433.74,4760.89,3672.85,31,23
Dosa Coffee - Santoshpur (01/0012),01-0012,East,Potato Masala,,233,8865.8,4627.02,4238.79,120,113
Dosa Coffee - Santoshpur (01/0012),01-0012,East,Cheese,,159,8784.37,4429.72,4354.65,79,80
Dosa Coffee - Santoshpur (01/0012),01-0012,East,Mysore Benne Dosa,,34,7906.15,4279.49,3626.66,18,16
Dosa Coffee - Santoshpur (01/0012),01-0012,East,Cold Coffee-Classic,,44,7833.35,4276.55,3556.8,24,20
Dosa Coffee - Santoshpur (01/0012),01-0012,East,Fresh Buttermilk,,85,8875.6,3991.7,4883.9,38,47
Dosa Coffee - Santoshpur (01/0012),01-0012,East,Homemade Sparkling Lemonade,,86,9447.07,3965.19,5481.88,36,50
Dosa Coffee - Santoshpur (01/0012),01-0012,East,Mysore Dosa,,30,6576.53,3674.53,2902.0,17,13
Dosa Coffee - Santoshpur (01/0012),01-0012,East,Mango Shake,,37,6483.8,3653.0,2830.8,21,16
Dosa Coffee - Santoshpur (01/0012),01-0012,East,Dosa Coffee Benne Tiffin,,27,7315.7,3392.1,3923.6,13,14
Dosa Coffee - Santoshpur (01/0012),01-0012,East,Tomato Onion Uttapam,,22,4491.23,3334.67,1156.56,16,6
Dosa Coffee - Santoshpur (01/0012),01-0012,East,Ghee Idli Plate (2pc),,54,9743.57,3322.19,6421.38,19,35
Dosa Coffee - Santoshpur (01/0012),01-0012,East,Black Coffee,,81,6019.06,3280.66,2738.4,44,37
Dosa Coffee - Santoshpur (01/0012),01-0012,East,Butter,,108,5961.37,3014.82,2946.55,55,53
Dosa Coffee - Santoshpur (01/0012),01-0012,East,Garlic Dosa,,29,6505.07,2687.09,3817.98,12,17
Dosa Coffee - Santoshpur (01/0012),01-0012,East,Raw Mango Benne Dosa,,24,5774.12,2588.58,3185.54,11,13
Dosa Coffee - Santoshpur (01/0012),01-0012,East,Onion,,225,5679.73,2513.54,3166.19,102,123
Dosa Coffee - Santoshpur (01/0012),01-0012,East,Iced Filter Coffee,,35,3765.75,2437.28,1328.47,23,12
Dosa Coffee - Santoshpur (01/0012),01-0012,East,Spicy Tomato Onion Chutney,,69,4354.59,2061.09,2293.5,33,36
Dosa Coffee - Santoshpur (01/0012),01-0012,East,Cold Coffee-Crunchy Oreo,,16,3142.14,1968.75,1173.39,10,6
Dosa Coffee - Santoshpur (01/0012),01-0012,East,Garlic Benne Dosa,,34,7954.19,1915.63,6038.56,8,26
Dosa Coffee - Santoshpur (01/0012),01-0012,East,Butter Idli Plate (2pc),,22,3564.58,1596.39,1968.19,11,11
Dosa Coffee - Santoshpur (01/0012),01-0012,East,Jaggery Cinnamon Filter Coffee,,23,2922.6,1534.59,1388.01,12,11
Dosa Coffee - Santoshpur (01/0012),01-0012,East,Thindi Podi Ghee Masala Dosa,,11,2690.28,1503.04,1187.24,6,5
Dosa Coffee - Santoshpur (01/0012),01-0012,East,Filter Coffee Cappuccino,,21,2370.75,1479.17,891.58,13,8
Dosa Coffee - Santoshpur (01/0012),01-0012,East,Raw Mango Chutney,,45,2870.8,1463.38,1407.42,23,22
Dosa Coffee - Santoshpur (01/0012),01-0012,East,Vegetable Uttapam,,15,3254.88,1391.22,1863.66,6,9
Dosa Coffee - Santoshpur (01/0012),01-0012,East,Open Butter Masala Dosa,,22,5112.56,1368.83,3743.73,6,16
Dosa Coffee - Santoshpur (01/0012),01-0012,East,Ghee,,58,3311.05,1331.74,1979.31,23,35
Dosa Coffee - Santoshpur (01/0012),01-0012,East,Spicy Tomato Onion Ghee Roast Dosa,,16,3910.23,1254.11,2656.12,5,11
Dosa Coffee - Santoshpur (01/0012),01-0012,East,Sambar Vada Plate (2pc),,15,2330.64,1097.37,1233.27,7,8
Dosa Coffee - Santoshpur (01/0012),01-0012,East,Thindi Podi Idli,,7,1207.63,1029.09,178.54,6,1
Dosa Coffee - Santoshpur (01/0012),01-0012,East,Dosa Batter Kit (1 Kg),,5,2399.35,975.45,1423.9,2,3
Dosa Coffee - Santoshpur (01/0012),01-0012,East,Cold Coffee-Nuttela,,9,1774.77,965.73,809.04,5,4
Dosa Coffee - Santoshpur (01/0012),01-0012,East,Rasam & Papad,,23,1720.73,959.3,761.43,13,10
Dosa Coffee - Santoshpur (01/0012),01-0012,East,Strawberry Shake,,12,2114.21,918.75,1195.46,5,7
Dosa Coffee - Santoshpur (01/0012),01-0012,East,Dahi Idli,,11,1869.63,846.64,1022.99,5,6
Dosa Coffee - Santoshpur (01/0012),01-0012,East,Homemade Lemonade,,11,1018.46,730.32,288.14,8,3
Dosa Coffee - Santoshpur (01/0012),01-0012,East,Masala Uttapam,,7,1506.89,686.67,820.22,3,4
Dosa Coffee - Santoshpur (01/0012),01-0012,East,Lemon Iced Tea,,15,1617.98,680.81,937.17,6,9
Dosa Coffee - Santoshpur (01/0012),01-0012,East,Rasam Vada Plate (2 Pc),,5,826.05,642.05,184.0,4,1
Dosa Coffee - Santoshpur (01/0012),01-0012,East,Chocolate Filter Coffee,,11,1377.91,522.64,855.27,4,7
Dosa Coffee - Santoshpur (01/0012),01-0012,East,Packaging Charge,,61,885.94,427.46,458.48,29,32
Dosa Coffee - Santoshpur (01/0012),01-0012,East,Appalam Papad (1pc),,20,591.25,412.54,178.71,14,6
Dosa Coffee - Santoshpur (01/0012),01-0012,East,Special White Coconut Chutney,,17,1115.06,391.02,724.04,6,11
Dosa Coffee - Santoshpur (01/0012),01-0012,East,Extra Paratha(1 Pc),,8,798.16,389.66,408.5,4,4
Dosa Coffee - Santoshpur (01/0012),01-0012,East,Dadu`s Special Spicy Chutney,,15,880.25,355.49,524.76,6,9
Dosa Coffee - Santoshpur (01/0012),01-0012,East,Malkapodi & Ghee,,5,441.33,241.83,199.5,3,2
Dosa Coffee - Santoshpur (01/0012),01-0012,East,Plain Uttapam,,3,582.75,194.25,388.5,1,2
Dosa Coffee - Santoshpur (01/0012),01-0012,East,Sambar Idli Plate (2pc),,5,787.5,157.5,630.0,1,4
Dosa Coffee - Santoshpur (01/0012),01-0012,East,Dosa Coffee Glass Bottle,,12,240.02,120.01,120.01,6,6
Dosa Coffee - Santoshpur (01/0012),01-0012,East,Jain Sambar,,278,0,0.0,0.0,149,129
Dosa Coffee - Santoshpur (01/0012),01-0012,East,Regular Sambar,,4658,0,0.0,0.0,2318,2340
Dosa Coffee - Santoshpur (01/0012),01-0012,East,Filter Coffee Ice-Cream,,13,1241.22,,1241.22,,13
Dosa Coffee - Santoshpur (01/0012),01-0012,East,Rasam Idli Plate (2pc),,3,459.32,,459.32,,3
Dosa Coffee - Santoshpur (01/0012),01-0012,East,Tomato Uttapam,,1,236.25,,236.25,,1
Dosa Coffee - New Town - Cloud Kitchen (01/0013),01-0013,East,Masala Dosa,,1009,182404.66,81074.15,101330.51,444,565
Dosa Coffee - New Town - Cloud Kitchen (01/0013),01-0013,East,Idli Plate (2 pc),,563,80946.62,35301.16,45645.46,246,317
Dosa Coffee - New Town - Cloud Kitchen (01/0013),01-0013,East,Benne Masala Dosa,,205,51121.35,23189.77,27931.58,91,114
Dosa Coffee - New Town - Cloud Kitchen (01/0013),01-0013,East,Dosa Coffee Tiffin,,148,42415.09,21782.41,20632.68,77,71
Dosa Coffee - New Town - Cloud Kitchen (01/0013),01-0013,East,Idli Vada Plate,,172,31118.7,14022.05,17096.65,78,94
Dosa Coffee - New Town - Cloud Kitchen (01/0013),01-0013,East,Plain Dosa,,199,30936.75,13937.06,16999.69,88,111
Dosa Coffee - New Town - Cloud Kitchen (01/0013),01-0013,East,Ghee Roast Masala Dosa,,101,26929.8,12006.93,14922.87,44,57
Dosa Coffee - New Town - Cloud Kitchen (01/0013),01-0013,East,Medu Vada Plate (2 pc),,149,23570.88,11235.48,12335.4,71,78
Dosa Coffee - New Town - Cloud Kitchen (01/0013),01-0013,East,Filter Coffee Flask,,95,18707.49,11008.72,7698.77,55,40
Dosa Coffee - New Town - Cloud Kitchen (01/0013),01-0013,East,Thatte Idli Plate,,92,17569.96,7975.4,9594.56,41,51
Dosa Coffee - New Town - Cloud Kitchen (01/0013),01-0013,East,Dahi Vada Plate (2 pc),,108,19461.08,7671.03,11790.05,42,66
Dosa Coffee - New Town - Cloud Kitchen (01/0013),01-0013,East,Paniyaram (10 Pcs),,61,16330.86,6986.94,9343.92,27,34
Dosa Coffee - New Town - Cloud Kitchen (01/0013),01-0013,East,Malabar Paratha with Paneer Korma,,64,15752.37,6573.85,9178.52,25,39
Dosa Coffee - New Town - Cloud Kitchen (01/0013),01-0013,East,Garlic Ghee Roast Dosa,,57,12828.92,5592.72,7236.2,24,33
Dosa Coffee - New Town - Cloud Kitchen (01/0013),01-0013,East,Ghee Idli Plate (2pc),,58,10289.9,5407.37,4882.53,31,27
Dosa Coffee - New Town - Cloud Kitchen (01/0013),01-0013,East,Mixed Uttapam,,44,10717.1,5263.72,5453.38,22,22
Dosa Coffee - New Town - Cloud Kitchen (01/0013),01-0013,East,Rava Plain Dosa,,60,12365.74,4952.39,7413.35,24,36
Dosa Coffee - New Town - Cloud Kitchen (01/0013),01-0013,East,Benne Dosa,,49,9685.01,4732.56,4952.45,24,25
Dosa Coffee - New Town - Cloud Kitchen (01/0013),01-0013,East,Plain Ghee Roast Dosa,,46,10127.47,4728.07,5399.4,21,25
Dosa Coffee - New Town - Cloud Kitchen (01/0013),01-0013,East,Onion Uttapam,,33,7419.39,4110.25,3309.14,18,15
Dosa Coffee - New Town - Cloud Kitchen (01/0013),01-0013,East,Mysore Ghee Roast Dosa,,45,11353.58,3978.83,7374.75,16,29
Dosa Coffee - New Town - Cloud Kitchen (01/0013),01-0013,East,Curd Rice,,41,7472.45,3344.5,4127.95,18,23
Dosa Coffee - New Town - Cloud Kitchen (01/0013),01-0013,East,Butter Idli Plate (2pc),,33,6090.52,3007.06,3083.46,16,17
Dosa Coffee - New Town - Cloud Kitchen (01/0013),01-0013,East,Mysore Dosa,,24,5727.1,2962.79,2764.31,12,12
Dosa Coffee - New Town - Cloud Kitchen (01/0013),01-0013,East,Dosa Coffee Benne Tiffin,,29,7323.55,2883.74,4439.81,12,17
Dosa Coffee - New Town - Cloud Kitchen (01/0013),01-0013,East,Malkapodi Idli Plate (2pc),,51,9275.85,2594.35,6681.5,14,37
Dosa Coffee - New Town - Cloud Kitchen (01/0013),01-0013,East,Lemon Rice,,34,6309.8,2334.02,3975.78,12,22
Dosa Coffee - New Town - Cloud Kitchen (01/0013),01-0013,East,Srivilli Kheer,,32,4479.34,2333.71,2145.63,17,15
Dosa Coffee - New Town - Cloud Kitchen (01/0013),01-0013,East,Malkapodi Dosa,,19,4727.56,2326.04,2401.52,9,10
Dosa Coffee - New Town - Cloud Kitchen (01/0013),01-0013,East,Tomato Rice,,30,6026.68,2296.55,3730.13,11,19
Dosa Coffee - New Town - Cloud Kitchen (01/0013),01-0013,East,Kesari Halwa,,62,9735.16,2250.27,7484.89,13,49
Dosa Coffee - New Town - Cloud Kitchen (01/0013),01-0013,East,Cheese,,105,5049.82,2224.3,2825.52,46,59
Dosa Coffee - New Town - Cloud Kitchen (01/0013),01-0013,East,Garlic Benne Dosa,,22,5568.84,2210.36,3358.48,9,13
Dosa Coffee - New Town - Cloud Kitchen (01/0013),01-0013,East,Raw Mango Ghee Roast Dosa,,17,4103.99,2106.7,1997.29,8,9
Dosa Coffee - New Town - Cloud Kitchen (01/0013),01-0013,East,Mysore Benne Dosa,,9,2152.87,1910.24,242.63,8,1
Dosa Coffee - New Town - Cloud Kitchen (01/0013),01-0013,East,Potato Masala,,105,3719.56,1652.48,2067.08,45,60
Dosa Coffee - New Town - Cloud Kitchen (01/0013),01-0013,East,Tomato Onion Uttapam,,14,3187.9,1650.15,1537.75,7,7
Dosa Coffee - New Town - Cloud Kitchen (01/0013),01-0013,East,Fresh Buttermilk,,33,3892.24,1600.03,2292.21,14,19
Dosa Coffee - New Town - Cloud Kitchen (01/0013),01-0013,East,Onion,,117,2936.05,1549.37,1386.68,60,57
Dosa Coffee - New Town - Cloud Kitchen (01/0013),01-0013,East,Bisbelle Bhaat,,28,5457.04,1521.48,3935.56,9,19
Dosa Coffee - New Town - Cloud Kitchen (01/0013),01-0013,East,Spicy Tomato Onion Ghee Roast Dosa,,13,3038.62,1467.98,1570.64,6,7
Dosa Coffee - New Town - Cloud Kitchen (01/0013),01-0013,East,Butter,,48,2643.57,1334.36,1309.21,23,25
Dosa Coffee - New Town - Cloud Kitchen (01/0013),01-0013,East,Dosa Batter Kit (1 Kg),,6,2512.33,1307.27,1205.06,3,3
Dosa Coffee - New Town - Cloud Kitchen (01/0013),01-0013,East,Ghee,,58,3075.12,1273.07,1802.05,24,34
Dosa Coffee - New Town - Cloud Kitchen (01/0013),01-0013,East,Spicy Tomato Onion Chutney,,35,2317.94,1142.48,1175.46,17,18
Dosa Coffee - New Town - Cloud Kitchen (01/0013),01-0013,East,Garlic Dosa,,7,1782.53,1042.5,740.03,4,3
Dosa Coffee - New Town - Cloud Kitchen (01/0013),01-0013,East,Filter Coffee,,19,1895.25,997.5,897.75,10,9
Dosa Coffee - New Town - Cloud Kitchen (01/0013),01-0013,East,Idli Fries,,19,3054.32,973.74,2080.58,6,13
Dosa Coffee - New Town - Cloud Kitchen (01/0013),01-0013,East,Raw Mango Benne Dosa,,7,1629.84,756.87,872.97,3,4
Dosa Coffee - New Town - Cloud Kitchen (01/0013),01-0013,East,Guntur Karampodi Dosa,,7,1909.06,638.54,1270.52,2,5
Dosa Coffee - New Town - Cloud Kitchen (01/0013),01-0013,East,Raw Mango Chutney,,19,1192.41,575.17,617.24,9,10
Dosa Coffee - New Town - Cloud Kitchen (01/0013),01-0013,East,Dadu`s Special Spicy Chutney,,14,910.44,462.1,448.34,7,7
Dosa Coffee - New Town - Cloud Kitchen (01/0013),01-0013,East,Masala Uttapam,,1,236.25,236.25,,1,
Dosa Coffee - New Town - Cloud Kitchen (01/0013),01-0013,East,Paper Plain Dosa,,1,224.25,224.25,,1,
Dosa Coffee - New Town - Cloud Kitchen (01/0013),01-0013,East,Special White Coconut Chutney,,10,628.66,204.28,424.38,3,7
Dosa Coffee - New Town - Cloud Kitchen (01/0013),01-0013,East,Sambar Vada Plate (2pc),,1,184.0,184.0,,1,
Dosa Coffee - New Town - Cloud Kitchen (01/0013),01-0013,East,Sambar Idli Plate (2pc),,2,330.0,172.5,157.5,1,1
Dosa Coffee - New Town - Cloud Kitchen (01/0013),01-0013,East,Schweppes Bottled water (500ml),,5,325.0,130.0,195.0,2,3
Dosa Coffee - New Town - Cloud Kitchen (01/0013),01-0013,East,Packaging Charge,,1,15.0,15.0,,1,
Dosa Coffee - New Town - Cloud Kitchen (01/0013),01-0013,East,Regular Sambar,,3082,0,0.0,0.0,1366,1716
Dosa Coffee - New Town - Cloud Kitchen (01/0013),01-0013,East,Jain Sambar,,263,0,0.0,0.0,135,128
Dosa Coffee - New Town - Cloud Kitchen (01/0013),01-0013,East,Rava Dosa Batter Kit (1 Kg),,1,515.03,,515.03,,1
Dosa Coffee - New Town - Cloud Kitchen (01/0013),01-0013,East,Benne Dosa Batter Kit (1 Kg),,1,373.55,,373.55,,1
Dosa Coffee - New Town - Cloud Kitchen (01/0013),01-0013,East,Malkapodi & Ghee,,5,371.18,,371.18,,5
Dosa Coffee - New Town - Cloud Kitchen (01/0013),01-0013,East,Vegetable Uttapam,,1,236.25,,236.25,,1
Dosa Coffee - Kalikapur (01/0014),01-0014,East,Masala Dosa,,1548,296522.91,151914.77,144608.14,792,756
Dosa Coffee - Kalikapur (01/0014),01-0014,East,Idli Plate (2 pc),,696,95478.6,48740.48,46738.12,354,342
Dosa Coffee - Kalikapur (01/0014),01-0014,East,Filter Coffee,,817,78410.36,41016.21,37394.15,430,387
Dosa Coffee - Kalikapur (01/0014),01-0014,East,Benne Masala Dosa,,322,77439.35,39672.54,37766.81,165,157
Dosa Coffee - Kalikapur (01/0014),01-0014,East,Medu Vada Plate (2 pc),,396,62318.63,34147.12,28171.51,217,179
Dosa Coffee - Kalikapur (01/0014),01-0014,East,Plain Dosa,,349,54444.66,28890.59,25554.07,183,166
Dosa Coffee - Kalikapur (01/0014),01-0014,East,Malabar Paratha with Paneer Korma,,182,51023.35,25084.98,25938.37,89,93
Dosa Coffee - Kalikapur (01/0014),01-0014,East,Ghee Roast Masala Dosa,,181,44962.85,23354.97,21607.88,94,87
Dosa Coffee - Kalikapur (01/0014),01-0014,East,Garlic Ghee Roast Dosa,,169,40468.57,18866.73,21601.84,79,90
Dosa Coffee - Kalikapur (01/0014),01-0014,East,Thatte Idli Plate,,204,36636.57,16628.79,20007.78,93,111
Dosa Coffee - Kalikapur (01/0014),01-0014,East,Plain Ghee Roast Dosa,,135,28477.74,13542.97,14934.77,64,71
Dosa Coffee - Kalikapur (01/0014),01-0014,East,Dahi Vada Plate (2 pc),,163,30027.71,12792.16,17235.55,69,94
Dosa Coffee - Kalikapur (01/0014),01-0014,East,Idli Vada Plate,,178,31512.28,12692.84,18819.44,73,105
Dosa Coffee - Kalikapur (01/0014),01-0014,East,Dosa Coffee Tiffin,,89,26658.64,12215.32,14443.32,39,50
Dosa Coffee - Kalikapur (01/0014),01-0014,East,Rava Plain Dosa,,153,30537.35,11971.4,18565.95,60,93
Dosa Coffee - Kalikapur (01/0014),01-0014,East,Benne Dosa,,104,20680.05,11667.68,9012.37,60,44
Dosa Coffee - Kalikapur (01/0014),01-0014,East,Garlic Benne Dosa,,79,18277.35,9584.2,8693.15,42,37
Dosa Coffee - Kalikapur (01/0014),01-0014,East,Fresh Watermelon Juice,,130,20675.97,8660.23,12015.74,55,75
Dosa Coffee - Kalikapur (01/0014),01-0014,East,Cold Coffee-Classic,,89,15722.77,8616.17,7106.6,49,40
Dosa Coffee - Kalikapur (01/0014),01-0014,East,Mysore Ghee Roast Dosa,,72,17511.08,8563.55,8947.53,35,37
Dosa Coffee - Kalikapur (01/0014),01-0014,East,Paper Plain Dosa,,81,16174.41,8367.88,7806.53,42,39
Dosa Coffee - Kalikapur (01/0014),01-0014,East,Mixed Uttapam,,64,15503.05,8360.84,7142.21,33,31
Dosa Coffee - Kalikapur (01/0014),01-0014,East,Fresh Buttermilk,,125,12992.24,8251.01,4741.23,80,45
Dosa Coffee - Kalikapur (01/0014),01-0014,East,Filter Coffee Flask,,66,13656.58,8063.81,5592.77,38,28
Dosa Coffee - Kalikapur (01/0014),01-0014,East,Kesari Halwa,,129,15659.77,7909.63,7750.14,68,61
Dosa Coffee - Kalikapur (01/0014),01-0014,East,Onion Uttapam,,55,12495.54,7477.6,5017.94,33,22
Dosa Coffee - Kalikapur (01/0014),01-0014,East,Homemade Sparkling Lemonade,,111,12283.5,6689.57,5593.93,60,51
Dosa Coffee - Kalikapur (01/0014),01-0014,East,Malkapodi Dosa,,57,12697.83,6472.77,6225.06,29,28
Dosa Coffee - Kalikapur (01/0014),01-0014,East,Cheese,,211,12162.16,6426.43,5735.74,111,100
Dosa Coffee - Kalikapur (01/0014),01-0014,East,Malkapodi Idli Plate (2pc),,60,10993.57,6220.06,4773.51,34,26
Dosa Coffee - Kalikapur (01/0014),01-0014,East,Upma,,74,11967.54,6188.92,5778.62,39,35
Dosa Coffee - Kalikapur (01/0014),01-0014,East,Filter Coffee Cappuccino,,85,9569.39,5991.16,3578.23,53,32
Dosa Coffee - Kalikapur (01/0014),01-0014,East,Potato Masala,,366,14282.18,5850.87,8431.31,150,216
Dosa Coffee - Kalikapur (01/0014),01-0014,East,Idli Fries,,90,10292.04,5439.8,4852.24,47,43
Dosa Coffee - Kalikapur (01/0014),01-0014,East,Black Coffee,,184,13630.54,5272.68,8357.86,70,114
Dosa Coffee - Kalikapur (01/0014),01-0014,East,Dosa Coffee Benne Tiffin,,33,8861.19,5043.88,3817.31,18,15
Dosa Coffee - Kalikapur (01/0014),01-0014,East,Schweppes Bottled water (500ml),,141,9643.85,4687.84,4956.01,69,72
Dosa Coffee - Kalikapur (01/0014),01-0014,East,Mysore Dosa,,43,9706.96,4573.96,5133.0,21,22
Dosa Coffee - Kalikapur (01/0014),01-0014,East,Srivilli Kheer,,89,9380.72,4350.29,5030.43,41,48
Dosa Coffee - Kalikapur (01/0014),01-0014,East,Raw Mango Benne Dosa,,38,9059.65,3884.2,5175.45,16,22
Dosa Coffee - Kalikapur (01/0014),01-0014,East,Butter Idli Plate (2pc),,48,7919.73,3835.37,4084.36,24,24
Dosa Coffee - Kalikapur (01/0014),01-0014,East,Ghee Idli Plate (2pc),,43,7237.01,3823.67,3413.34,23,20
Dosa Coffee - Kalikapur (01/0014),01-0014,East,Guntur Karampodi Dosa,,15,4391.24,3504.33,886.91,12,3
Dosa Coffee - Kalikapur (01/0014),01-0014,East,Butter,,138,8065.3,3346.3,4719.0,57,81
Dosa Coffee - Kalikapur (01/0014),01-0014,East,Raw Mango Ghee Roast Dosa,,46,10539.8,3312.03,7227.77,15,31
Dosa Coffee - Kalikapur (01/0014),01-0014,East,Jaggery Cinnamon Filter Coffee,,72,9247.26,3077.01,6170.25,24,48
Dosa Coffee - Kalikapur (01/0014),01-0014,East,Cold Coffee-Crunchy Oreo,,31,5965.62,3030.18,2935.44,16,15
Dosa Coffee - Kalikapur (01/0014),01-0014,East,Mango Shake,,34,6032.33,2976.63,3055.7,17,17
Dosa Coffee - Kalikapur (01/0014),01-0014,East,Tomato Onion Uttapam,,28,6361.05,2907.5,3453.55,13,15
Dosa Coffee - Kalikapur (01/0014),01-0014,East,Onion,,248,6359.72,2734.75,3624.97,105,143
Dosa Coffee - Kalikapur (01/0014),01-0014,East,Spicy Tomato Onion Ghee Roast Dosa,,18,4153.37,2546.38,1606.99,11,7
Dosa Coffee - Kalikapur (01/0014),01-0014,East,Mysore Benne Dosa,,15,3472.81,2221.29,1251.52,9,6
Dosa Coffee - Kalikapur (01/0014),01-0014,East,Ghee,,96,5585.81,2198.93,3386.87,39,57
Dosa Coffee - Kalikapur (01/0014),01-0014,East,Thindi Podi Ghee Masala Dosa,,16,3489.97,1875.8,1614.17,9,7
Dosa Coffee - Kalikapur (01/0014),01-0014,East,Chocolate Filter Coffee,,20,2553.84,1766.34,787.5,14,6
Dosa Coffee - Kalikapur (01/0014),01-0014,East,Open Butter Masala Dosa,,18,4339.61,1727.25,2612.36,7,11
Dosa Coffee - Kalikapur (01/0014),01-0014,East,Homemade Lemonade,,25,2418.96,1541.46,877.5,16,9
Dosa Coffee - Kalikapur (01/0014),01-0014,East,Raw Mango Chutney,,45,2853.95,1493.97,1359.98,24,21
Dosa Coffee - Kalikapur (01/0014),01-0014,East,Dosa Batter Kit (1 Kg),,8,4047.71,1481.51,2566.2,3,5
Dosa Coffee - Kalikapur (01/0014),01-0014,East,Garlic Dosa,,22,5253.53,1480.61,3772.92,6,16
Dosa Coffee - Kalikapur (01/0014),01-0014,East,Sambar Vada Plate (2pc),,24,4003.36,1291.16,2712.2,8,16
Dosa Coffee - Kalikapur (01/0014),01-0014,East,Spicy Tomato Onion Chutney,,41,2625.86,1258.68,1367.18,20,21
Dosa Coffee - Kalikapur (01/0014),01-0014,East,Masala Uttapam,,12,2777.78,1181.25,1596.53,5,7
Dosa Coffee - Kalikapur (01/0014),01-0014,East,Rasam & Papad,,31,2369.47,1086.44,1283.03,14,17
Dosa Coffee - Kalikapur (01/0014),01-0014,East,Strawberry Shake,,14,2506.25,1057.6,1448.65,6,8
Dosa Coffee - Kalikapur (01/0014),01-0014,East,Cold Coffee-Nuttela,,10,2013.65,1010.97,1002.68,5,5
Dosa Coffee - Kalikapur (01/0014),01-0014,East,Vegetable Uttapam,,9,2088.08,940.7,1147.38,4,5
Dosa Coffee - Kalikapur (01/0014),01-0014,East,Packaging Charge,,115,1681.7,914.81,766.89,63,52
Dosa Coffee - Kalikapur (01/0014),01-0014,East,Fresh Sweet Lime Juice,,10,1590.0,645.0,945.0,4,6
Dosa Coffee - Kalikapur (01/0014),01-0014,East,Extra Paratha(1 Pc),,7,694.38,594.63,99.75,6,1
Dosa Coffee - Kalikapur (01/0014),01-0014,East,Iced Filter Coffee,,12,1329.42,540.06,789.36,5,7
Dosa Coffee - Kalikapur (01/0014),01-0014,East,Dadu`s Special Spicy Chutney,,14,854.17,526.84,327.33,9,5
Dosa Coffee - Kalikapur (01/0014),01-0014,East,Special White Coconut Chutney,,13,854.28,505.7,348.58,8,5
Dosa Coffee - Kalikapur (01/0014),01-0014,East,Rasam Vada Plate (2 Pc),,6,983.49,479.49,504.0,3,3
Dosa Coffee - Kalikapur (01/0014),01-0014,East,Filter Coffee Ice-Cream,,20,2001.68,478.33,1523.35,5,15
Dosa Coffee - Kalikapur (01/0014),01-0014,East,Rasam Idli Plate (2pc),,5,787.5,472.5,315.0,3,2
Dosa Coffee - Kalikapur (01/0014),01-0014,East,Malkapodi & Ghee,,12,967.01,453.02,513.99,6,6
Dosa Coffee - Kalikapur (01/0014),01-0014,East,Appalam Papad (1pc),,21,651.64,336.64,315.0,11,10
Dosa Coffee - Kalikapur (01/0014),01-0014,East,Sambar Idli Plate (2pc),,6,945.0,315.0,630.0,2,4
Dosa Coffee - Kalikapur (01/0014),01-0014,East,Tomato Uttapam,,1,236.25,236.25,,1,
Dosa Coffee - Kalikapur (01/0014),01-0014,East,Dahi Idli,,7,1266.2,201.25,1064.95,1,6
Dosa Coffee - Kalikapur (01/0014),01-0014,East,Plain Uttapam,,3,582.75,194.25,388.5,1,2
Dosa Coffee - Kalikapur (01/0014),01-0014,East,Dahi Vada,,4,791.3,194.25,597.05,1,3
Dosa Coffee - Kalikapur (01/0014),01-0014,East,Dosa Coffee Glass Bottle,,27,526.27,78.61,447.66,4,23
Dosa Coffee - Kalikapur (01/0014),01-0014,East,Regular Sambar,,5227,0,0.0,0.0,2624,2603
Dosa Coffee - Kalikapur (01/0014),01-0014,East,Jain Sambar,,303,0,0.0,0.0,160,143
Dosa Coffee - Kalikapur (01/0014),01-0014,East,Lemon Iced Tea,,9,985.23,,985.23,,9
Dosa Coffee - Kalikapur (01/0014),01-0014,East,Thindi Podi Idli,,3,551.25,,551.25,,3
Dosa Coffee - Lake road 01/0015,01-0015,East,Masala Dosa,,1494,280626.32,136151.35,144474.97,716,778
Dosa Coffee - Lake road 01/0015,01-0015,East,Idli Plate (2 pc),,1522,208711.82,107579.15,101132.67,786,736
Dosa Coffee - Lake road 01/0015,01-0015,East,Benne Masala Dosa,,645,155509.83,74130.12,81379.71,304,341
Dosa Coffee - Lake road 01/0015,01-0015,East,Thatte Idli Plate,,777,141373.0,70471.21,70901.79,383,394
Dosa Coffee - Lake road 01/0015,01-0015,East,Filter Coffee,,1108,106833.86,51786.49,55047.37,542,566
Dosa Coffee - Lake road 01/0015,01-0015,East,Plain Dosa,,599,94046.51,47499.76,46546.75,304,295
Dosa Coffee - Lake road 01/0015,01-0015,East,Medu Vada Plate (2 pc),,600,94077.07,46121.95,47955.12,294,306
Dosa Coffee - Lake road 01/0015,01-0015,East,Garlic Ghee Roast Dosa,,357,83544.97,43033.72,40511.25,186,171
Dosa Coffee - Lake road 01/0015,01-0015,East,Benne Dosa,,377,76452.93,38346.21,38106.72,189,188
Dosa Coffee - Lake road 01/0015,01-0015,East,Idli Vada Plate,,417,69298.2,36762.38,32535.82,222,195
Dosa Coffee - Lake road 01/0015,01-0015,East,Rava Plain Dosa,,380,76412.28,35294.04,41118.24,177,203
Dosa Coffee - Lake road 01/0015,01-0015,East,Malabar Paratha with Paneer Korma,,214,57228.31,28511.3,28717.01,109,105
Dosa Coffee - Lake road 01/0015,01-0015,East,Ghee Roast Masala Dosa,,245,59717.29,25912.84,33804.45,108,137
Dosa Coffee - Lake road 01/0015,01-0015,East,Garlic Benne Dosa,,225,53216.72,24107.6,29109.12,101,124
Dosa Coffee - Lake road 01/0015,01-0015,East,Plain Ghee Roast Dosa,,233,46739.28,21263.91,25475.37,106,127
Dosa Coffee - Lake road 01/0015,01-0015,East,Paper Plain Dosa,,181,35896.22,20316.23,15579.99,103,78
Dosa Coffee - Lake road 01/0015,01-0015,East,Cold Coffee-Classic,,194,33827.89,16606.22,17221.67,95,99
Dosa Coffee - Lake road 01/0015,01-0015,East,Dahi Vada Plate (2 pc),,207,37940.4,16493.01,21447.39,90,117
Dosa Coffee - Lake road 01/0015,01-0015,East,Fresh Watermelon Juice,,203,30869.15,16443.41,14425.74,110,93
Dosa Coffee - Lake road 01/0015,01-0015,East,Paniyaram (10 Pcs),,113,29104.14,15981.94,13122.2,61,52
Dosa Coffee - Lake road 01/0015,01-0015,East,Mysore Ghee Roast Dosa,,124,29802.69,14456.37,15346.32,61,63
Dosa Coffee - Lake road 01/0015,01-0015,East,Raw Mango Ghee Roast Dosa,,111,25877.91,13958.63,11919.28,60,51
Dosa Coffee - Lake road 01/0015,01-0015,East,Cheese,,463,26276.95,13784.91,12492.04,243,220
Dosa Coffee - Lake road 01/0015,01-0015,East,Homemade Sparkling Lemonade,,258,28583.7,13323.26,15260.44,120,138
Dosa Coffee - Lake road 01/0015,01-0015,East,Potato Masala,,692,26799.66,12883.12,13916.54,332,360
Dosa Coffee - Lake road 01/0015,01-0015,East,Fresh Buttermilk,,262,26700.94,12719.28,13981.66,125,137
Dosa Coffee - Lake road 01/0015,01-0015,East,Raw Mango Benne Dosa,,127,26673.21,12547.72,14125.49,67,60
Dosa Coffee - Lake road 01/0015,01-0015,East,Malkapodi Dosa,,131,29712.08,12312.42,17399.66,55,76
Dosa Coffee - Lake road 01/0015,01-0015,East,Dosa Coffee Tiffin,,107,29853.67,12169.86,17683.81,42,65
Dosa Coffee - Lake road 01/0015,01-0015,East,Malkapodi Idli Plate (2pc),,151,28532.12,12023.79,16508.33,65,86
Dosa Coffee - Lake road 01/0015,01-0015,East,Onion Uttapam,,89,20404.01,10425.4,9978.61,45,44
Dosa Coffee - Lake road 01/0015,01-0015,East,Mysore Benne Dosa,,102,24132.49,10398.32,13734.17,44,58
Dosa Coffee - Lake road 01/0015,01-0015,East,Idli Fries,,153,17668.74,9872.09,7796.65,85,68
Dosa Coffee - Lake road 01/0015,01-0015,East,Mixed Uttapam,,97,23367.63,9870.79,13496.84,41,56
Dosa Coffee - Lake road 01/0015,01-0015,East,Schweppes Bottled water (500ml),,271,18395.42,9338.66,9056.76,138,133
Dosa Coffee - Lake road 01/0015,01-0015,East,Curd Rice,,104,20662.54,9323.97,11338.57,45,59
Dosa Coffee - Lake road 01/0015,01-0015,East,Kesari Halwa,,202,23693.86,9075.41,14618.45,82,120
Dosa Coffee - Lake road 01/0015,01-0015,East,Srivilli Kheer,,157,17429.04,9055.27,8373.77,83,74
Dosa Coffee - Lake road 01/0015,01-0015,East,Mysore Dosa,,86,19399.29,8947.05,10452.24,40,46
Dosa Coffee - Lake road 01/0015,01-0015,East,Cheese Paniyaram (10 Pcs),,58,15093.48,8928.85,6164.63,34,24
Dosa Coffee - Lake road 01/0015,01-0015,East,Upma,,118,18324.83,8725.49,9599.34,56,62
Dosa Coffee - Lake road 01/0015,01-0015,East,Guntur Karampodi Dosa,,57,15897.94,8240.88,7657.06,30,27
Dosa Coffee - Lake road 01/0015,01-0015,East,Dosa Batter Kit (1 Kg),,33,15463.23,8202.13,7261.1,18,15
Dosa Coffee - Lake road 01/0015,01-0015,East,Tomato Rice,,94,18198.87,7989.88,10208.99,42,52
Dosa Coffee - Lake road 01/0015,01-0015,East,Spicy Tomato Onion Chutney,,254,15488.98,7736.04,7752.94,126,128
Dosa Coffee - Lake road 01/0015,01-0015,East,Spicy Tomato Onion Ghee Roast Dosa,,49,11701.51,6892.86,4808.65,29,20
Dosa Coffee - Lake road 01/0015,01-0015,East,Dosa Coffee Benne Tiffin,,56,13799.84,6889.99,6909.85,28,28
Dosa Coffee - Lake road 01/0015,01-0015,East,Ghee Idli Plate (2pc),,82,13491.56,6420.49,7071.07,39,43
Dosa Coffee - Lake road 01/0015,01-0015,East,Filter Coffee Flask,,65,12713.62,6304.96,6408.66,33,32
Dosa Coffee - Lake road 01/0015,01-0015,East,Bisbelle Bhaat,,61,11922.01,6222.41,5699.6,31,30
Dosa Coffee - Lake road 01/0015,01-0015,East,Tomato Onion Uttapam,,57,12641.0,6168.55,6472.45,28,29
Dosa Coffee - Lake road 01/0015,01-0015,East,Garlic Dosa,,64,14787.81,6040.4,8747.41,26,38
Dosa Coffee - Lake road 01/0015,01-0015,East,Butter,,185,10861.81,5960.78,4901.03,100,85
Dosa Coffee - Lake road 01/0015,01-0015,East,Onion,,502,12726.83,5882.8,6844.03,231,271
Dosa Coffee - Lake road 01/0015,01-0015,East,Ghee,,166,9749.25,5505.6,4243.65,94,72
Dosa Coffee - Lake road 01/0015,01-0015,East,Cold Coffee-Nuttela,,43,8489.24,5282.04,3207.2,27,16
Dosa Coffee - Lake road 01/0015,01-0015,East,Special White Coconut Chutney,,148,9319.59,4668.38,4651.21,74,74
Dosa Coffee - Lake road 01/0015,01-0015,East,Lemon Rice,,52,10283.63,4417.69,5865.94,23,29
Dosa Coffee - Lake road 01/0015,01-0015,East,Cold Coffee-Crunchy Oreo,,38,7498.78,4312.32,3186.46,22,16
Dosa Coffee - Lake road 01/0015,01-0015,East,Raw Mango Chutney,,147,9306.18,3851.55,5454.63,62,85
Dosa Coffee - Lake road 01/0015,01-0015,East,Lemon Iced Tea,,89,9360.72,3798.52,5562.2,36,53
Dosa Coffee - Lake road 01/0015,01-0015,East,Jaggery Cinnamon Filter Coffee,,54,6615.12,3787.11,2828.01,30,24
Dosa Coffee - Lake road 01/0015,01-0015,East,Open Butter Masala Dosa,,32,7608.4,3611.99,3996.41,15,17
Dosa Coffee - Lake road 01/0015,01-0015,East,Sambar Vada Plate (2pc),,33,5387.27,3418.68,1968.59,21,12
Dosa Coffee - Lake road 01/0015,01-0015,East,Butter Idli Plate (2pc),,49,8000.32,3262.18,4738.14,19,30
Dosa Coffee - Lake road 01/0015,01-0015,East,Service of Lemonade,,88,4791.5,3221.05,1570.45,60,28
Dosa Coffee - Lake road 01/0015,01-0015,East,Iced Filter Coffee,,61,6868.11,3184.24,3683.87,28,33
Dosa Coffee - Lake road 01/0015,01-0015,East,Black Coffee,,95,7075.29,3134.7,3940.59,44,51
Dosa Coffee - Lake road 01/0015,01-0015,East,Rasam & Papad,,84,6333.52,2956.53,3376.99,40,44
Dosa Coffee - Lake road 01/0015,01-0015,East,Mango Shake,,21,3776.21,2673.71,1102.5,15,6
Dosa Coffee - Lake road 01/0015,01-0015,East,Thindi Podi Ghee Masala Dosa,,29,6808.3,2579.98,4228.32,11,18
Dosa Coffee - Lake road 01/0015,01-0015,East,Filter Coffee Cappuccino,,43,4774.73,2417.93,2356.8,22,21
Dosa Coffee - Lake road 01/0015,01-0015,East,Malkapodi & Ghee,,55,4504.05,2348.76,2155.29,29,26
Dosa Coffee - Lake road 01/0015,01-0015,East,Vegetable Uttapam,,21,4762.67,2308.67,2454.0,10,11
Dosa Coffee - Lake road 01/0015,01-0015,East,Appalam Papad (1pc),,173,4988.36,2240.09,2748.27,84,89
Dosa Coffee - Lake road 01/0015,01-0015,East,Sambar Idli Plate (2pc),,24,3617.82,2120.76,1497.06,14,10
Dosa Coffee - Lake road 01/0015,01-0015,East,Homemade Lemonade,,50,4708.97,1867.76,2841.21,19,31
Dosa Coffee - Lake road 01/0015,01-0015,East,Dadu`s Special Spicy Chutney,,55,3557.03,1821.95,1735.08,28,27
Dosa Coffee - Lake road 01/0015,01-0015,East,Thindi Podi Idli,,21,3539.48,1776.19,1763.29,11,10
Dosa Coffee - Lake road 01/0015,01-0015,East,Dahi Idli,,14,2366.7,1695.23,671.47,9,5
Dosa Coffee - Lake road 01/0015,01-0015,East,Filter Coffee Ice-Cream,,80,7957.07,1561.61,6395.46,16,64
Dosa Coffee - Lake road 01/0015,01-0015,East,Strawberry Shake,,11,1992.15,1450.71,541.44,8,3
Dosa Coffee - Lake road 01/0015,01-0015,East,Dosa Coffee Tiffin @ 249,,12,2565.68,1436.98,1128.7,7,5
Dosa Coffee - Lake road 01/0015,01-0015,East,Packaging Charge,,175,2499.0,1363.33,1135.67,95,80
Dosa Coffee - Lake road 01/0015,01-0015,East,Rasam Idli Plate (2pc),,19,2788.76,1251.71,1537.05,9,10
Dosa Coffee - Lake road 01/0015,01-0015,East,Extra Paratha(1 Pc),,16,1457.75,1086.24,371.51,12,4
Dosa Coffee - Lake road 01/0015,01-0015,East,Coconut Rice,,9,1810.45,1023.75,786.7,5,4
Dosa Coffee - Lake road 01/0015,01-0015,East,Benne Dosa Batter Kit (1 Kg),,3,1382.57,935.55,447.02,2,1
Dosa Coffee - Lake road 01/0015,01-0015,East,Rasam Vada Plate (2 Pc),,15,2294.28,903.05,1391.23,6,9
Dosa Coffee - Lake road 01/0015,01-0015,East,Masala Uttapam,,8,1863.03,669.08,1193.95,3,5
Dosa Coffee - Lake road 01/0015,01-0015,East,Chocolate Filter Coffee,,14,1691.73,609.98,1081.75,5,9
Dosa Coffee - Lake road 01/0015,01-0015,East,Homemade Sparkling Lemonade.,,10,879.83,452.73,427.1,5,5
Dosa Coffee - Lake road 01/0015,01-0015,East,Fresh Buttermilk.,,12,1079.9,450.47,629.43,5,7
Dosa Coffee - Lake road 01/0015,01-0015,East,Lemon Iced Tea.,,7,634.36,447.46,186.9,5,2
Dosa Coffee - Lake road 01/0015,01-0015,East,Tomato Uttapam,,6,1380.35,412.85,967.5,2,4
Dosa Coffee - Lake road 01/0015,01-0015,East,Plain Uttapam,,3,582.75,388.5,194.25,2,1
Dosa Coffee - Lake road 01/0015,01-0015,East,Thindi Podi Powder,,2,297.99,297.99,,2,
Dosa Coffee - Lake road 01/0015,01-0015,East,Extra Paneer Korma,,2,334.79,161.54,173.25,1,1
Dosa Coffee - Lake road 01/0015,01-0015,East,Dosa Coffee Glass Bottle,,12,237.81,137.81,100.0,7,5
Dosa Coffee - Lake road 01/0015,01-0015,East,Jain Sambar,,680,0,0.0,0.0,417,263
Dosa Coffee - Lake road 01/0015,01-0015,East,Regular Sambar,,9449,0,0.0,0.0,4559,4890
Dosa Coffee - Lake road 01/0015,01-0015,East,Filter Coffee (For Combo),,12,0,0.0,0.0,7,5
Dosa Coffee - Lake road 01/0015,01-0015,East,Homemade Lemonade.,,1,93.45,,93.45,,1
Dosa Coffee - Lake road 01/0015,01-0015,East,Service of Kinley Bottled Water (500ml),,1,35.0,,35.0,,1
Dosa Coffee - Lake road 01/0015,01-0015,East,Kesari Halwa (Complimentary),,1,0,,0.0,,1
Dosa Coffee - Quest Mall (01/0016),01-0016,East,Masala Dosa,,1245,253718.47,118157.76,135560.71,580,665
Dosa Coffee - Quest Mall (01/0016),01-0016,East,Benne Masala Dosa,,463,111359.56,52980.66,58378.9,218,245
Dosa Coffee - Quest Mall (01/0016),01-0016,East,Filter Coffee,,942,93105.37,40861.53,52243.84,414,528
Dosa Coffee - Quest Mall (01/0016),01-0016,East,Plain Dosa,,288,45372.09,21555.43,23816.66,136,152
Dosa Coffee - Quest Mall (01/0016),01-0016,East,Idli Plate (2 pc),,306,38036.89,19545.4,18491.49,157,149
Dosa Coffee - Quest Mall (01/0016),01-0016,East,Ghee Roast Masala Dosa,,158,34988.8,16510.75,18478.05,75,83
Dosa Coffee - Quest Mall (01/0016),01-0016,East,Paper Plain Dosa,,130,26415.9,13318.85,13097.05,66,64
Dosa Coffee - Quest Mall (01/0016),01-0016,East,Schweppes Bottled water (500ml),,442,28435.0,12599.89,15835.11,195,247
Dosa Coffee - Quest Mall (01/0016),01-0016,East,Cold Coffee-Classic,,126,23310.0,12210.0,11100.0,66,60
Dosa Coffee - Quest Mall (01/0016),01-0016,East,Thatte Idli Plate,,118,21202.41,11237.13,9965.28,62,56
Dosa Coffee - Quest Mall (01/0016),01-0016,East,Benne Dosa,,108,21443.8,10651.66,10792.14,53,55
Dosa Coffee - Quest Mall (01/0016),01-0016,East,Cheese,,336,21615.29,10041.85,11573.44,156,180
Dosa Coffee - Quest Mall (01/0016),01-0016,East,Garlic Benne Dosa,,74,18612.42,9620.0,8992.42,38,36
Dosa Coffee - Quest Mall (01/0016),01-0016,East,Rava Plain Dosa,,129,26385.69,9430.0,16955.69,46,83
Dosa Coffee - Quest Mall (01/0016),01-0016,East,Potato Masala,,370,18325.5,9170.46,9155.04,186,184
Dosa Coffee - Quest Mall (01/0016),01-0016,East,Butter,,300,19431.18,8623.47,10807.72,133,167
Dosa Coffee - Quest Mall (01/0016),01-0016,East,Medu Vada Plate (2 pc),,100,15706.36,7949.8,7756.56,50,50
Dosa Coffee - Quest Mall (01/0016),01-0016,East,Filter Coffee Cappuccino,,96,15134.21,7029.68,8104.53,45,51
Dosa Coffee - Quest Mall (01/0016),01-0016,East,Malabar Paratha with Paneer Korma,,40,11960.0,5980.0,5980.0,20,20
Dosa Coffee - Quest Mall (01/0016),01-0016,East,Mysore Dosa,,44,9865.13,5823.41,4041.72,26,18
Dosa Coffee - Quest Mall (01/0016),01-0016,East,Open Butter Masala Dosa,,50,11722.57,5640.0,6082.57,24,26
Dosa Coffee - Quest Mall (01/0016),01-0016,East,Black Coffee,,141,11154.92,5590.47,5564.45,71,70
Dosa Coffee - Quest Mall (01/0016),01-0016,East,Garlic Ghee Roast Dosa,,40,9343.88,5503.88,3840.0,24,16
Dosa Coffee - Quest Mall (01/0016),01-0016,East,Fresh Buttermilk,,94,9300.1,4981.0,4319.1,50,44
Dosa Coffee - Quest Mall (01/0016),01-0016,East,Ghee,,162,10336.69,4825.49,5511.2,75,87
Dosa Coffee - Quest Mall (01/0016),01-0016,East,Mango Shake,,52,9555.0,4593.75,4961.25,25,27
Dosa Coffee - Quest Mall (01/0016),01-0016,East,Mysore Ghee Roast Dosa,,27,6925.73,4585.73,2340.0,18,9
Dosa Coffee - Quest Mall (01/0016),01-0016,East,Raw Mango Benne Dosa,,25,6238.99,4504.68,1734.31,18,7
Dosa Coffee - Quest Mall (01/0016),01-0016,East,Dahi Vada Plate (2 pc),,51,9276.61,4422.84,4853.77,24,27
Dosa Coffee - Quest Mall (01/0016),01-0016,East,Upma,,41,6807.14,4320.23,2486.91,26,15
Dosa Coffee - Quest Mall (01/0016),01-0016,East,Plain Ghee Roast Dosa,,58,11731.88,4037.5,7694.38,20,38
Dosa Coffee - Quest Mall (01/0016),01-0016,East,Onion,,341,8486.9,3710.12,4776.78,149,192
Dosa Coffee - Quest Mall (01/0016),01-0016,East,Mysore Benne Dosa,,24,6152.94,3640.0,2512.94,14,10
Dosa Coffee - Quest Mall (01/0016),01-0016,East,Guntur Karampodi Dosa,,26,7774.0,3588.0,4186.0,12,14
Dosa Coffee - Quest Mall (01/0016),01-0016,East,Garlic Dosa,,28,6287.13,3368.1,2919.03,15,13
Dosa Coffee - Quest Mall (01/0016),01-0016,East,Raw Mango Ghee Roast Dosa,,22,5659.3,3120.0,2539.3,12,10
Dosa Coffee - Quest Mall (01/0016),01-0016,East,Thindi Podi Idli,,30,5236.82,2792.97,2443.85,16,14
Dosa Coffee - Quest Mall (01/0016),01-0016,East,Mixed Uttapam,,26,6110.0,2585.0,3525.0,11,15
Dosa Coffee - Quest Mall (01/0016),01-0016,East,Sambar Vada Plate (2pc),,46,7341.6,2553.6,4788.0,16,30
Dosa Coffee - Quest Mall (01/0016),01-0016,East,Malkapodi Dosa,,22,4939.89,2469.94,2469.95,11,11
Dosa Coffee - Quest Mall (01/0016),01-0016,East,Lemon Iced Tea,,35,3983.89,2390.78,1593.11,21,14
Dosa Coffee - Quest Mall (01/0016),01-0016,East,Strawberry Shake,,35,6431.25,2388.75,4042.5,13,22
Dosa Coffee - Quest Mall (01/0016),01-0016,East,Idli Vada Plate,,47,6979.55,2214.52,4765.03,15,32
Dosa Coffee - Quest Mall (01/0016),01-0016,East,Srivilli Kheer,,43,4216.78,2194.5,2022.28,22,21
Dosa Coffee - Quest Mall (01/0016),01-0016,East,Kesari Halwa,,71,6938.16,2148.43,4789.73,22,49
Dosa Coffee - Quest Mall (01/0016),01-0016,East,Thindi Podi Ghee Masala Dosa,,16,3840.0,1920.0,1920.0,8,8
Dosa Coffee - Quest Mall (01/0016),01-0016,East,Jaggery Cinnamon Filter Coffee,,33,6034.02,1850.0,4184.02,10,23
Dosa Coffee - Quest Mall (01/0016),01-0016,East,Ghee Idli Plate (2pc),,25,3620.25,1755.6,1864.65,11,14
Dosa Coffee - Quest Mall (01/0016),01-0016,East,Onion Uttapam,,16,3760.0,1645.0,2115.0,7,9
Dosa Coffee - Quest Mall (01/0016),01-0016,East,Chocolate Filter Coffee,,21,3863.32,1464.3,2399.02,8,13
Dosa Coffee - Quest Mall (01/0016),01-0016,East,Cold Coffee-Nuttela,,10,2050.0,1435.0,615.0,7,3
Dosa Coffee - Quest Mall (01/0016),01-0016,East,Masala Uttapam,,12,2820.0,1410.0,1410.0,6,6
Dosa Coffee - Quest Mall (01/0016),01-0016,East,Tomato Onion Uttapam,,11,2585.0,1410.0,1175.0,6,5
Dosa Coffee - Quest Mall (01/0016),01-0016,East,Homemade Sparkling Lemonade,,28,3155.01,1261.82,1893.19,11,17
Dosa Coffee - Quest Mall (01/0016),01-0016,East,Idli Fries,,21,3240.92,1244.88,1996.04,8,13
Dosa Coffee - Quest Mall (01/0016),01-0016,East,Packaging Charge,,122,2164.55,1189.15,975.4,67,55
Dosa Coffee - Quest Mall (01/0016),01-0016,East,Malkapodi Idli Plate (2pc),,14,2583.56,1107.24,1476.32,6,8
Dosa Coffee - Quest Mall (01/0016),01-0016,East,Spicy Tomato Onion Ghee Roast Dosa,,6,1560.0,1040.0,520.0,4,2
Dosa Coffee - Quest Mall (01/0016),01-0016,East,Cold Coffee-Crunchy Oreo,,12,2460.0,1025.0,1435.0,5,7
Dosa Coffee - Quest Mall (01/0016),01-0016,East,Plain Uttapam,,5,975.0,975.0,,5,
Dosa Coffee - Quest Mall (01/0016),01-0016,East,Spicy Tomato Onion Chutney,,24,1556.16,842.92,713.24,13,11
Dosa Coffee - Quest Mall (01/0016),01-0016,East,Iced Filter Coffee,,15,1732.5,808.5,924.0,7,8
Dosa Coffee - Quest Mall (01/0016),01-0016,East,Homemade Lemonade,,11,1097.25,598.5,498.75,6,5
Dosa Coffee - Quest Mall (01/0016),01-0016,East,Raw Mango Chutney,,17,1102.28,583.56,518.72,9,8
Dosa Coffee - Quest Mall (01/0016),01-0016,East,Sambar Idli Plate (2pc),,11,1755.6,478.8,1276.8,3,8
Dosa Coffee - Quest Mall (01/0016),01-0016,East,Butter Idli Plate (2pc),,4,638.4,319.2,319.2,2,2
Dosa Coffee - Quest Mall (01/0016),01-0016,East,DC Benne Tiffin,,2,627.9,313.95,313.95,1,1
Dosa Coffee - Quest Mall (01/0016),01-0016,East,Dadu`s Special Spicy Chutney,,7,436.67,255.14,181.53,4,3
Dosa Coffee - Quest Mall (01/0016),01-0016,East,Special White Coconut Chutney,,3,194.52,64.84,129.68,1,2
Dosa Coffee - Quest Mall (01/0016),01-0016,East,Dosa Coffee Glass Bottle,,370,0,0.0,0.0,240,130
Dosa Coffee - Quest Mall (01/0016),01-0016,East,Jain Sambar,,1832,0,0.0,0.0,1145,687
Dosa Coffee - Quest Mall (01/0016),01-0016,East,Regular Sambar,,3822,0,0.0,0.0,1802,2020
Dosa Coffee - Quest Mall (01/0016),01-0016,East,Filter Coffee Ice-Cream,,6,598.5,,598.5,,6
Dosa Coffee - Quest Mall (01/0016),01-0016,East,Dahi Idli,,3,521.07,,521.07,,3
Dosa Coffee - Quest Mall (01/0016),01-0016,East,Tomato Uttapam,,1,235.0,,235.0,,1
Dosa Coffee - Sec 18 Noida (02/0001),02-0001,North,Masala Dosa,,1405,287378.66,141057.6,146321.06,705,700
Dosa Coffee - Sec 18 Noida (02/0001),02-0001,North,Benne Masala Dosa,,623,158792.22,73859.98,84932.24,294,329
Dosa Coffee - Sec 18 Noida (02/0001),02-0001,North,Idli Plate (2 pc),,587,94409.08,42986.75,51422.33,276,311
Dosa Coffee - Sec 18 Noida (02/0001),02-0001,North,Ghee Roast Masala Dosa,,331,83368.98,42635.92,40733.06,174,157
Dosa Coffee - Sec 18 Noida (02/0001),02-0001,North,Thatte Idli Plate,,372,75405.34,39500.49,35904.85,197,175
Dosa Coffee - Sec 18 Noida (02/0001),02-0001,North,Filter Coffee,,569,65127.41,33435.41,31692.0,291,278
Dosa Coffee - Sec 18 Noida (02/0001),02-0001,North,Dosa Coffee Tiffin,,204,50934.98,26956.45,23978.53,109,95
Dosa Coffee - Sec 18 Noida (02/0001),02-0001,North,Mysore Masala Dosa,,183,49371.73,25993.93,23377.8,98,85
Dosa Coffee - Sec 18 Noida (02/0001),02-0001,North,Medu Vada Plate (2 pc),,260,49816.66,25886.4,23930.26,137,123
Dosa Coffee - Sec 18 Noida (02/0001),02-0001,North,Garlic Ghee Roast Dosa,,186,47288.3,25774.64,21513.66,104,82
Dosa Coffee - Sec 18 Noida (02/0001),02-0001,North,Malabar Paratha with Paneer Korma,,180,46310.21,22127.7,24182.51,86,94
Dosa Coffee - Sec 18 Noida (02/0001),02-0001,North,Mixed Uttapam,,157,39721.46,20060.42,19661.04,80,77
Dosa Coffee - Sec 18 Noida (02/0001),02-0001,North,Paniyaram (10 Pcs),,161,40864.81,19717.27,21147.54,82,79
Dosa Coffee - Sec 18 Noida (02/0001),02-0001,North,Mysore Ghee Roast Dosa,,129,32496.11,19375.97,13120.14,78,51
Dosa Coffee - Sec 18 Noida (02/0001),02-0001,North,Idli Vada Plate,,192,39145.87,18820.38,20325.49,96,96
Dosa Coffee - Sec 18 Noida (02/0001),02-0001,North,Plain Dosa,,232,39904.88,17204.23,22700.65,105,127
Dosa Coffee - Sec 18 Noida (02/0001),02-0001,North,Cold Coffee-Classic,,171,35307.46,17152.42,18155.04,84,87
Dosa Coffee - Sec 18 Noida (02/0001),02-0001,North,Rava Plain Dosa,,131,30076.44,15441.86,14634.58,68,63
Dosa Coffee - Sec 18 Noida (02/0001),02-0001,North,Fresh Buttermilk,,182,23153.2,12947.2,10206.0,103,79
Dosa Coffee - Sec 18 Noida (02/0001),02-0001,North,Malkapodi Idli Plate (2pc),,132,25460.02,12458.91,13001.11,66,66
Dosa Coffee - Sec 18 Noida (02/0001),02-0001,North,Dahi Vada Plate (2 pc),,106,21852.14,12206.4,9645.74,59,47
Dosa Coffee - Sec 18 Noida (02/0001),02-0001,North,Benne Dosa,,122,25575.93,11731.68,13844.25,55,67
Dosa Coffee - Sec 18 Noida (02/0001),02-0001,North,Garlic Masala Dosa,,71,19562.44,11130.0,8432.44,40,31
Dosa Coffee - Sec 18 Noida (02/0001),02-0001,North,Paneer Dosa,,61,19980.7,10700.55,9280.15,33,28
Dosa Coffee - Sec 18 Noida (02/0001),02-0001,North,Idli Fries,,111,20359.21,10289.52,10069.69,57,54
Dosa Coffee - Sec 18 Noida (02/0001),02-0001,North,Homemade Sparkling Lemonade,,133,19890.27,9948.32,9941.95,67,66
Dosa Coffee - Sec 18 Noida (02/0001),02-0001,North,Guntur Karampodi Dosa,,53,17106.55,8693.87,8412.68,27,26
Dosa Coffee - Sec 18 Noida (02/0001),02-0001,North,Garlic Benne Dosa,,82,21515.44,8630.92,12884.52,33,49
Dosa Coffee - Sec 18 Noida (02/0001),02-0001,North,Raw Mango Ghee Roast Dosa,,62,15525.14,8363.0,7162.14,35,27
Dosa Coffee - Sec 18 Noida (02/0001),02-0001,North,Dosa Coffee Benne Tiffin,,56,14578.38,8211.05,6367.33,33,23
Dosa Coffee - Sec 18 Noida (02/0001),02-0001,North,Curd Rice,,95,19504.75,8075.32,11429.43,40,55
Dosa Coffee - Sec 18 Noida (02/0001),02-0001,North,Iced Filter Coffee,,103,13417.35,7988.62,5428.73,61,42
Dosa Coffee - Sec 18 Noida (02/0001),02-0001,North,Plain Ghee Roast Dosa,,71,14918.72,7943.09,6975.63,39,32
Dosa Coffee - Sec 18 Noida (02/0001),02-0001,North,Potato Masala,,396,15356.55,7802.58,7553.97,205,191
Dosa Coffee - Sec 18 Noida (02/0001),02-0001,North,Mysore Benne Dosa,,54,13940.38,7016.3,6924.08,28,26
Dosa Coffee - Sec 18 Noida (02/0001),02-0001,North,Lemon Rice,,62,13399.75,6769.76,6629.99,32,30
Dosa Coffee - Sec 18 Noida (02/0001),02-0001,North,Raw Mango Benne Dosa,,49,12927.93,6674.42,6253.51,25,24
Dosa Coffee - Sec 18 Noida (02/0001),02-0001,North,Malkapodi Dosa,,50,12744.62,6361.76,6382.86,25,25
Dosa Coffee - Sec 18 Noida (02/0001),02-0001,North,Garlic Dosa,,46,10692.06,5982.36,4709.7,24,22
Dosa Coffee - Sec 18 Noida (02/0001),02-0001,North,Tomato Rice,,44,10167.11,5851.94,4315.17,26,18
Dosa Coffee - Sec 18 Noida (02/0001),02-0001,North,Fresh Watermelon Juice,,58,9843.32,5791.38,4051.94,35,23
Dosa Coffee - Sec 18 Noida (02/0001),02-0001,North,Mysore Dosa,,44,10258.76,5652.11,4606.65,25,19
Dosa Coffee - Sec 18 Noida (02/0001),02-0001,North,Onion Uttapam,,41,9993.1,5480.06,4513.04,22,19
Dosa Coffee - Sec 18 Noida (02/0001),02-0001,North,Bisbelle Bhaat,,47,9559.63,5354.79,4204.84,27,20
Dosa Coffee - Sec 18 Noida (02/0001),02-0001,North,Ghee Idli Plate (2pc),,59,10440.3,5190.92,5249.38,31,28
Dosa Coffee - Sec 18 Noida (02/0001),02-0001,North,Malkapodi Masala Dosa,,32,8792.05,4618.3,4173.75,17,15
Dosa Coffee - Sec 18 Noida (02/0001),02-0001,North,Filter Coffee Flask (250ml),,43,8783.78,4480.62,4303.16,22,21
Dosa Coffee - Sec 18 Noida (02/0001),02-0001,North,Srivillli Kheer,,73,9798.1,4425.52,5372.58,34,39
Dosa Coffee - Sec 18 Noida (02/0001),02-0001,North,Vegetable Uttapam,,28,7149.59,4081.44,3068.15,16,12
Dosa Coffee - Sec 18 Noida (02/0001),02-0001,North,Rasam & Papad,,88,8614.2,4072.15,4542.05,42,46
Dosa Coffee - Sec 18 Noida (02/0001),02-0001,North,Kesari Halwa,,73,10792.86,3889.08,6903.78,26,47
Dosa Coffee - Sec 18 Noida (02/0001),02-0001,North,Tomato Onion Uttapam,,39,9578.57,3616.22,5962.35,16,23
Dosa Coffee - Sec 18 Noida (02/0001),02-0001,North,Mango Shake,,36,6740.62,3500.21,3240.41,19,17
Dosa Coffee - Sec 18 Noida (02/0001),02-0001,North,Upma,,26,4765.89,3307.8,1458.09,18,8
Dosa Coffee - Sec 18 Noida (02/0001),02-0001,North,Cheese Paniyaram (10 Pcs),,21,6316.52,3292.24,3024.28,11,10
Dosa Coffee - Sec 18 Noida (02/0001),02-0001,North,Thindi Ghee Podi Masala Dosa,,20,5343.41,2945.25,2398.16,11,9
Dosa Coffee - Sec 18 Noida (02/0001),02-0001,North,Open Butter Masala Dosa,,23,6124.74,2945.25,3179.49,11,12
Dosa Coffee - Sec 18 Noida (02/0001),02-0001,North,Jaggery Cinnamon Filter Coffee,,41,5458.61,2352.41,3106.2,18,23
Dosa Coffee - Sec 18 Noida (02/0001),02-0001,North,Cold Coffee-Crunchy Oreo,,16,3572.03,2297.05,1274.98,10,6
Dosa Coffee - Sec 18 Noida (02/0001),02-0001,North,Spicy Tomato Onion Ghee Roast Dosa,,18,4287.06,2225.39,2061.67,10,8
Dosa Coffee - Sec 18 Noida (02/0001),02-0001,North,Filter Coffee Cappuccino,,31,4021.88,2218.13,1803.75,17,14
Dosa Coffee - Sec 18 Noida (02/0001),02-0001,North,Rasam Vada Plate (2 Pc),,16,2914.4,2170.65,743.75,12,4
Dosa Coffee - Sec 18 Noida (02/0001),02-0001,North,Strawberry Shake,,23,4314.64,2019.17,2295.47,11,12
Dosa Coffee - Sec 18 Noida (02/0001),02-0001,North,Packaged Drinking Water-500 ml,,100,3567.96,1916.1,1651.86,54,46
Dosa Coffee - Sec 18 Noida (02/0001),02-0001,North,Butter Idli Plate (2pc),,22,4052.8,1668.89,2383.91,9,13
Dosa Coffee - Sec 18 Noida (02/0001),02-0001,North,Paper Plain Dosa,,15,3543.75,1653.75,1890.0,7,8
Dosa Coffee - Sec 18 Noida (02/0001),02-0001,North,Butter,,60,3428.11,1609.69,1818.42,28,32
Dosa Coffee - Sec 18 Noida (02/0001),02-0001,North,Black Coffee,,29,2588.25,1606.5,981.75,18,11
Dosa Coffee - Sec 18 Noida (02/0001),02-0001,North,Onion,,118,3266.55,1557.49,1709.06,57,61
Dosa Coffee - Sec 18 Noida (02/0001),02-0001,North,Thindi Podi Idli,,12,2491.64,1421.64,1070.0,7,5
Dosa Coffee - Sec 18 Noida (02/0001),02-0001,North,Sambar Vada Plate (2pc),,11,2232.5,1415.5,817.0,7,4
Dosa Coffee - Sec 18 Noida (02/0001),02-0001,North,Rasam Idli Plate (2pc),,16,2772.0,1386.0,1386.0,8,8
Dosa Coffee - Sec 18 Noida (02/0001),02-0001,North,Cheese,,39,2201.59,1177.39,1024.2,21,18
Dosa Coffee - Sec 18 Noida (02/0001),02-0001,North,Homemade Lemonade,,25,3482.11,1123.52,2358.59,8,17
Dosa Coffee - Sec 18 Noida (02/0001),02-0001,North,Appalam Papad (1pc),,62,2279.83,1113.0,1166.83,30,32
Dosa Coffee - Sec 18 Noida (02/0001),02-0001,North,Cold Coffee-Nuttela,,12,3079.97,1105.97,1974.0,4,8
Dosa Coffee - Sec 18 Noida (02/0001),02-0001,North,Rava Dosa Batter Kit (1 Kg),,4,2040.55,1047.9,992.65,2,2
Dosa Coffee - Sec 18 Noida (02/0001),02-0001,North,Chocolate Filter Coffee,,16,2100.0,918.75,1181.25,7,9
Dosa Coffee - Sec 18 Noida (02/0001),02-0001,North,Raw Mango Chutney,,27,1899.81,912.28,987.53,13,14
Dosa Coffee - Sec 18 Noida (02/0001),02-0001,North,Dosa Batter Kit (1 Kg),,2,839.08,839.08,,2,
Dosa Coffee - Sec 18 Noida (02/0001),02-0001,North,Tomato Uttapam,,5,1233.75,740.25,493.5,3,2
Dosa Coffee - Sec 18 Noida (02/0001),02-0001,North,Lemon Iced Tea,,8,1041.6,656.25,385.35,5,3
Dosa Coffee - Sec 18 Noida (02/0001),02-0001,North,Ghee,,25,1343.99,627.75,716.24,12,13
Dosa Coffee - Sec 18 Noida (02/0001),02-0001,North,Special White Coconut Chutney,,19,1365.32,510.4,854.92,7,12
Dosa Coffee - Sec 18 Noida (02/0001),02-0001,North,Spicy Tomato Onion Chutney,,10,730.23,439.53,290.7,6,4
Dosa Coffee - Sec 18 Noida (02/0001),02-0001,North,Special Spicy Coconut Chutney,,9,685.12,382.14,302.98,5,4
Dosa Coffee - Sec 18 Noida (02/0001),02-0001,North,Sambar Idli Plate (2pc),,9,1492.05,279.3,1212.75,2,7
Dosa Coffee - Sec 18 Noida (02/0001),02-0001,North,Coconut Rice,,2,472.5,236.25,236.25,1,1
Dosa Coffee - Sec 18 Noida (02/0001),02-0001,North,Packaging Charge,,34,505.62,208.35,297.27,14,20
Dosa Coffee - Sec 18 Noida (02/0001),02-0001,North,Extra Paratha(1 Pc),,4,357.0,89.25,267.75,1,3
Dosa Coffee - Sec 18 Noida (02/0001),02-0001,North,Dadu`s Special Spicy Chutney,,3,252.0,84.0,168.0,1,2
Dosa Coffee - Sec 18 Noida (02/0001),02-0001,North,Dosa Coffee Glass Bottle,,5,107.57,63.78,43.79,3,2
Dosa Coffee - Sec 18 Noida (02/0001),02-0001,North,Regular Sambar,,6745,0,0.0,0.0,3375,3370
Dosa Coffee - Sec 18 Noida (02/0001),02-0001,North,Jain Sambar,,220,0,0.0,0.0,109,111
Dosa Coffee - Sec 18 Noida (02/0001),02-0001,North,Benne Dosa Batter Kit (1 kg),,1,383.24,,383.24,,1
Dosa Coffee - Sec 18 Noida (02/0001),02-0001,North,Extra Paneer Korma,,2,262.5,,262.5,,2
Dosa Coffee - Sec 18 Noida (02/0001),02-0001,North,Plain Uttapam,,1,236.25,,236.25,,1
Dosa Coffee - Paschim Vihar (02/0003),02-0003,North,Masala Dosa,,787,168808.5,84216.52,84591.98,402,385
Dosa Coffee - Paschim Vihar (02/0003),02-0003,North,Benne Masala Dosa,,425,109116.93,48925.23,60191.7,192,233
Dosa Coffee - Paschim Vihar (02/0003),02-0003,North,Thatte Idli Plate,,352,71459.58,33468.1,37991.48,166,186
Dosa Coffee - Paschim Vihar (02/0003),02-0003,North,Idli Plate (2 pc),,398,64123.52,30957.4,33166.12,196,202
Dosa Coffee - Paschim Vihar (02/0003),02-0003,North,Filter Coffee,,341,38583.16,22151.98,16431.18,196,145
Dosa Coffee - Paschim Vihar (02/0003),02-0003,North,Mixed Uttapam,,156,39585.65,20028.72,19556.93,82,74
Dosa Coffee - Paschim Vihar (02/0003),02-0003,North,Mysore Masala Dosa,,123,33714.74,17565.29,16149.45,64,59
Dosa Coffee - Paschim Vihar (02/0003),02-0003,North,Cold Coffee-Classic,,175,35469.77,17126.58,18343.19,85,90
Dosa Coffee - Paschim Vihar (02/0003),02-0003,North,Ghee Roast Masala Dosa,,115,29578.94,15632.71,13946.23,61,54
Dosa Coffee - Paschim Vihar (02/0003),02-0003,North,Rava Plain Dosa,,160,37336.65,15549.78,21786.87,66,94
Dosa Coffee - Paschim Vihar (02/0003),02-0003,North,Garlic Benne Dosa,,100,26391.07,14794.82,11596.25,56,44
Dosa Coffee - Paschim Vihar (02/0003),02-0003,North,Paniyaram (10 Pcs),,115,29744.32,14746.84,14997.48,58,57
Dosa Coffee - Paschim Vihar (02/0003),02-0003,North,Garlic Ghee Roast Dosa,,113,28369.9,14289.82,14080.08,58,55
Dosa Coffee - Paschim Vihar (02/0003),02-0003,North,Medu Vada Plate (2 pc),,162,30847.25,13763.17,17084.08,73,89
Dosa Coffee - Paschim Vihar (02/0003),02-0003,North,Malabar Paratha with Paneer Korma,,88,23227.86,11843.92,11383.94,45,43
Dosa Coffee - Paschim Vihar (02/0003),02-0003,North,Plain Dosa,,145,25319.62,11542.89,13776.73,70,75
Dosa Coffee - Paschim Vihar (02/0003),02-0003,North,Dosa Coffee Tiffin,,96,24720.93,10907.18,13813.75,44,52
Dosa Coffee - Paschim Vihar (02/0003),02-0003,North,Guntur Karampodi Dosa,,64,21179.16,9608.76,11570.4,29,35
Dosa Coffee - Paschim Vihar (02/0003),02-0003,North,Malkapodi Idli Plate (2pc),,77,14834.04,8966.29,5867.75,46,31
Dosa Coffee - Paschim Vihar (02/0003),02-0003,North,Dahi Vada Plate (2 pc),,89,18268.25,8626.02,9642.23,44,45
Dosa Coffee - Paschim Vihar (02/0003),02-0003,North,Garlic Masala Dosa,,52,13884.68,8384.98,5499.7,31,21
Dosa Coffee - Paschim Vihar (02/0003),02-0003,North,Paneer Dosa,,40,13481.33,7929.42,5551.91,24,16
Dosa Coffee - Paschim Vihar (02/0003),02-0003,North,Homemade Sparkling Lemonade,,105,15902.33,7877.24,8025.09,52,53
Dosa Coffee - Paschim Vihar (02/0003),02-0003,North,Benne Dosa,,70,15031.01,7604.18,7426.83,36,34
Dosa Coffee - Paschim Vihar (02/0003),02-0003,North,Idli Vada Plate,,81,17229.55,7489.78,9739.77,37,44
Dosa Coffee - Paschim Vihar (02/0003),02-0003,North,Dosa Coffee Benne Tiffin,,54,14180.32,7032.8,7147.52,27,27
Dosa Coffee - Paschim Vihar (02/0003),02-0003,North,Mysore Ghee Roast Dosa,,48,12353.87,6425.28,5928.59,25,23
Dosa Coffee - Paschim Vihar (02/0003),02-0003,North,Mysore Dosa,,40,9720.57,6035.4,3685.17,25,15
Dosa Coffee - Paschim Vihar (02/0003),02-0003,North,Potato Masala,,326,12655.12,5635.68,7019.44,149,177
Dosa Coffee - Paschim Vihar (02/0003),02-0003,North,Packaged Drinking Water-500 ml,,315,11203.07,5278.95,5924.12,148,167
Dosa Coffee - Paschim Vihar (02/0003),02-0003,North,Raw Mango Ghee Roast Dosa,,38,9830.79,5278.73,4552.06,21,17
Dosa Coffee - Paschim Vihar (02/0003),02-0003,North,Upma,,46,8254.02,4904.13,3349.89,27,19
Dosa Coffee - Paschim Vihar (02/0003),02-0003,North,Filter Coffee Flask (250ml),,32,6553.55,4754.05,1799.5,23,9
Dosa Coffee - Paschim Vihar (02/0003),02-0003,North,Malkapodi Masala Dosa,,32,8921.32,4200.25,4721.07,15,17
Dosa Coffee - Paschim Vihar (02/0003),02-0003,North,Onion Uttapam,,43,10608.8,4154.25,6454.55,17,26
Dosa Coffee - Paschim Vihar (02/0003),02-0003,North,Idli Fries,,46,8266.78,4149.65,4117.13,23,23
Dosa Coffee - Paschim Vihar (02/0003),02-0003,North,Curd Rice,,36,7780.05,4066.16,3713.89,19,17
Dosa Coffee - Paschim Vihar (02/0003),02-0003,North,Plain Ghee Roast Dosa,,27,5956.32,3817.08,2139.24,17,10
Dosa Coffee - Paschim Vihar (02/0003),02-0003,North,Mysore Benne Dosa,,36,9626.79,3574.6,6052.19,13,23
Dosa Coffee - Paschim Vihar (02/0003),02-0003,North,Fresh Watermelon Juice,,40,7050.88,3472.78,3578.1,19,21
Dosa Coffee - Paschim Vihar (02/0003),02-0003,North,Fresh Buttermilk,,51,6638.08,3464.26,3173.82,27,24
Dosa Coffee - Paschim Vihar (02/0003),02-0003,North,Tomato Onion Uttapam,,26,6266.68,3257.73,3008.95,14,12
Dosa Coffee - Paschim Vihar (02/0003),02-0003,North,Srivillli Kheer,,38,5227.58,3065.07,2162.51,22,16
Dosa Coffee - Paschim Vihar (02/0003),02-0003,North,Malkapodi Dosa,,24,5751.59,3043.02,2708.57,13,11
Dosa Coffee - Paschim Vihar (02/0003),02-0003,North,Raw Mango Benne Dosa,,19,5044.3,2720.63,2323.67,10,9
Dosa Coffee - Paschim Vihar (02/0003),02-0003,North,Sambar Vada Plate (2pc),,26,5071.08,2663.74,2407.34,14,12
Dosa Coffee - Paschim Vihar (02/0003),02-0003,North,Tomato Rice,,18,4265.0,2647.55,1617.45,11,7
Dosa Coffee - Paschim Vihar (02/0003),02-0003,North,Lemon Rice,,23,4854.6,2643.8,2210.8,13,10
Dosa Coffee - Paschim Vihar (02/0003),02-0003,North,Iced Filter Coffee,,32,4154.71,2601.0,1553.71,20,12
Dosa Coffee - Paschim Vihar (02/0003),02-0003,North,Sambar Idli Plate (2pc),,26,4491.85,2425.5,2066.35,14,12
Dosa Coffee - Paschim Vihar (02/0003),02-0003,North,Cold Coffee-Nuttela,,15,3774.75,2220.75,1554.0,9,6
Dosa Coffee - Paschim Vihar (02/0003),02-0003,North,Cold Coffee-Crunchy Oreo,,21,4640.01,2182.95,2457.06,10,11
Dosa Coffee - Paschim Vihar (02/0003),02-0003,North,Thindi Ghee Podi Masala Dosa,,12,3213.0,2142.0,1071.0,8,4
Dosa Coffee - Paschim Vihar (02/0003),02-0003,North,Vegetable Uttapam,,18,4512.74,2010.12,2502.62,8,10
Dosa Coffee - Paschim Vihar (02/0003),02-0003,North,Homemade Lemonade,,24,3322.99,1960.61,1362.38,14,10
Dosa Coffee - Paschim Vihar (02/0003),02-0003,North,Butter,,58,3427.26,1774.13,1653.13,31,27
Dosa Coffee - Paschim Vihar (02/0003),02-0003,North,Rasam & Papad,,35,3466.87,1677.29,1789.58,17,18
Dosa Coffee - Paschim Vihar (02/0003),02-0003,North,Ghee,,53,3088.62,1626.09,1462.52,28,25
Dosa Coffee - Paschim Vihar (02/0003),02-0003,North,Bisbelle Bhaat,,12,2719.28,1607.13,1112.15,7,5
Dosa Coffee - Paschim Vihar (02/0003),02-0003,North,Kesari Halwa,,39,5438.81,1605.13,3833.68,12,27
Dosa Coffee - Paschim Vihar (02/0003),02-0003,North,Garlic Dosa,,16,3620.34,1441.03,2179.31,6,10
Dosa Coffee - Paschim Vihar (02/0003),02-0003,North,Cheese Paniyaram (10 Pcs),,7,2057.54,1438.04,619.5,5,2
Dosa Coffee - Paschim Vihar (02/0003),02-0003,North,Onion,,104,3064.45,1395.27,1669.18,48,56
Dosa Coffee - Paschim Vihar (02/0003),02-0003,North,Mango Shake,,13,2525.25,1359.75,1165.5,7,6
Dosa Coffee - Paschim Vihar (02/0003),02-0003,North,Filter Coffee Cappuccino,,19,2506.25,1325.0,1181.25,10,9
Dosa Coffee - Paschim Vihar (02/0003),02-0003,North,Strawberry Shake,,16,3054.18,1165.5,1888.68,6,10
Dosa Coffee - Paschim Vihar (02/0003),02-0003,North,Butter Idli Plate (2pc),,15,2791.06,1120.14,1670.92,6,9
Dosa Coffee - Paschim Vihar (02/0003),02-0003,North,Open Butter Masala Dosa,,14,3731.36,1078.05,2653.31,4,10
Dosa Coffee - Paschim Vihar (02/0003),02-0003,North,Black Coffee,,25,2167.5,1071.0,1096.5,12,13
Dosa Coffee - Paschim Vihar (02/0003),02-0003,North,Rasam Vada Plate (2 Pc),,8,1473.1,929.29,543.81,5,3
Dosa Coffee - Paschim Vihar (02/0003),02-0003,North,Spicy Tomato Onion Ghee Roast Dosa,,8,1860.65,859.4,1001.25,4,4
Dosa Coffee - Paschim Vihar (02/0003),02-0003,North,Jaggery Cinnamon Filter Coffee,,24,3276.0,819.0,2457.0,6,18
Dosa Coffee - Paschim Vihar (02/0003),02-0003,North,Paper Plain Dosa,,10,2202.33,784.83,1417.5,4,6
Dosa Coffee - Paschim Vihar (02/0003),02-0003,North,Cheese,,29,1587.11,754.54,832.57,13,16
Dosa Coffee - Paschim Vihar (02/0003),02-0003,North,Appalam Papad (1pc),,37,1366.75,591.5,775.25,16,21
Dosa Coffee - Paschim Vihar (02/0003),02-0003,North,Ghee Idli Plate (2pc),,8,1488.08,558.6,929.48,3,5
Dosa Coffee - Paschim Vihar (02/0003),02-0003,North,Special White Coconut Chutney,,24,1613.5,533.21,1080.29,7,17
Dosa Coffee - Paschim Vihar (02/0003),02-0003,North,Dosa Batter Kit (1 Kg),,2,992.65,523.95,468.7,1,1
Dosa Coffee - Paschim Vihar (02/0003),02-0003,North,Rasam Idli Plate (2pc),,5,807.45,460.95,346.5,3,2
Dosa Coffee - Paschim Vihar (02/0003),02-0003,North,Thindi Podi Idli,,4,860.0,440.0,420.0,2,2
Dosa Coffee - Paschim Vihar (02/0003),02-0003,North,Raw Mango Chutney,,17,1151.44,398.66,752.78,6,11
Dosa Coffee - Paschim Vihar (02/0003),02-0003,North,Spicy Tomato Onion Chutney,,13,888.12,310.93,577.19,4,9
Dosa Coffee - Paschim Vihar (02/0003),02-0003,North,Chocolate Filter Coffee,,10,1312.5,262.5,1050.0,2,8
Dosa Coffee - Paschim Vihar (02/0003),02-0003,North,Extra Paratha(1 Pc),,5,445.83,258.83,187.0,3,2
Dosa Coffee - Paschim Vihar (02/0003),02-0003,North,Tomato Uttapam,,1,246.75,246.75,,1,
Dosa Coffee - Paschim Vihar (02/0003),02-0003,North,Packaging Charge,,30,439.46,201.81,237.65,14,16
Dosa Coffee - Paschim Vihar (02/0003),02-0003,North,Special Spicy Coconut Chutney,,5,338.5,157.16,181.34,2,3
Dosa Coffee - Paschim Vihar (02/0003),02-0003,North,Dadu`s Special Spicy Chutney,,4,270.49,132.45,138.04,2,2
Dosa Coffee - Paschim Vihar (02/0003),02-0003,North,Extra Paneer Korma,,1,131.25,131.25,,1,
Dosa Coffee - Paschim Vihar (02/0003),02-0003,North,Dosa Coffee Glass Bottle,,12,257.0,87.56,169.44,4,8
Dosa Coffee - Paschim Vihar (02/0003),02-0003,North,Malkapodi & Ghee,,1,84.0,84.0,,1,
Dosa Coffee - Paschim Vihar (02/0003),02-0003,North,Jain Sambar,,170,0,0.0,0.0,80,90
Dosa Coffee - Paschim Vihar (02/0003),02-0003,North,Regular Sambar,,7568,0,0.0,0.0,3599,3969
Dosa Coffee - Paschim Vihar (02/0003),02-0003,North,Coconut Rice,,1,236.25,,236.25,,1
Dosa Coffee - Paschim Vihar (02/0003),02-0003,North,Filter Coffee @ 80,,2,168.0,,168.0,,2
Kalkaji (02/0004),02-0004,North,Masala Dosa,,1073,221983.08,119642.61,102340.47,581,492
Kalkaji (02/0004),02-0004,North,Benne Masala Dosa,,722,184843.68,95626.93,89216.75,378,344
Kalkaji (02/0004),02-0004,North,Idli Plate (2 pc),,619,99131.54,50315.48,48816.06,315,304
Kalkaji (02/0004),02-0004,North,Thatte Idli Plate,,331,66866.45,34476.73,32389.72,171,160
Kalkaji (02/0004),02-0004,North,Benne Dosa,,265,60253.34,32128.41,28124.93,142,123
Kalkaji (02/0004),02-0004,North,Medu Vada Plate (2 pc),,286,54084.11,29082.36,25001.75,154,132
Kalkaji (02/0004),02-0004,North,Dosa Coffee Tiffin,,208,54238.65,28546.97,25691.68,109,99
Kalkaji (02/0004),02-0004,North,Ghee Roast Masala Dosa,,192,48459.33,28412.09,20047.24,112,80
Kalkaji (02/0004),02-0004,North,Paniyaram (10 Pcs),,210,55045.78,26165.04,28880.74,101,109
Kalkaji (02/0004),02-0004,North,Garlic Ghee Roast Dosa,,190,47489.77,24601.81,22887.96,100,90
Kalkaji (02/0004),02-0004,North,Idli Vada Plate,,243,50893.99,24324.64,26569.35,119,124
Kalkaji (02/0004),02-0004,North,Plain Dosa,,273,45830.11,22662.43,23167.68,136,137
Kalkaji (02/0004),02-0004,North,Filter Coffee,,389,43811.41,20367.3,23444.11,180,209
Kalkaji (02/0004),02-0004,North,Garlic Benne Dosa,,124,32716.17,17571.77,15144.4,65,59
Kalkaji (02/0004),02-0004,North,Malabar Paratha with Paneer Korma,,141,34747.4,16902.47,17844.93,68,73
Kalkaji (02/0004),02-0004,North,Mysore Masala Dosa,,100,27041.03,16314.44,10726.59,59,41
Kalkaji (02/0004),02-0004,North,Malkapodi Idli Plate (2pc),,183,33573.34,15214.44,18358.9,85,98
Kalkaji (02/0004),02-0004,North,Cold Coffee-Classic,,146,29470.15,14850.98,14619.17,73,73
Kalkaji (02/0004),02-0004,North,Curd Rice,,135,28141.54,14786.37,13355.17,72,63
Kalkaji (02/0004),02-0004,North,Dosa Coffee Benne Tiffin,,113,30237.2,13850.35,16386.85,55,58
Kalkaji (02/0004),02-0004,North,Filter Coffee Flask (250ml),,109,21619.58,13466.71,8152.87,68,41
Kalkaji (02/0004),02-0004,North,Plain Ghee Roast Dosa,,108,23377.41,13110.35,10267.06,61,47
Kalkaji (02/0004),02-0004,North,Dahi Vada Plate (2 pc),,129,26079.84,12581.25,13498.59,63,66
Kalkaji (02/0004),02-0004,North,Mixed Uttapam,,98,24219.59,11635.94,12583.65,47,51
Kalkaji (02/0004),02-0004,North,Paneer Dosa,,48,16021.47,11530.75,4490.72,34,14
Kalkaji (02/0004),02-0004,North,Raw Mango Ghee Roast Dosa,,74,19094.76,11142.92,7951.84,43,31
Kalkaji (02/0004),02-0004,North,Mysore Ghee Roast Dosa,,84,21423.32,10368.81,11054.51,41,43
Kalkaji (02/0004),02-0004,North,Rava Plain Dosa,,93,21205.42,9801.42,11404.0,42,51
Kalkaji (02/0004),02-0004,North,Raw Mango Benne Dosa,,88,23167.86,9758.89,13408.97,38,50
Kalkaji (02/0004),02-0004,North,Fresh Buttermilk,,121,15325.61,8798.41,6527.2,68,53
Kalkaji (02/0004),02-0004,North,Mysore Dosa,,72,17699.67,8358.22,9341.45,35,37
Kalkaji (02/0004),02-0004,North,Tomato Rice,,73,14649.7,8241.73,6407.97,40,33
Kalkaji (02/0004),02-0004,North,Mysore Benne Dosa,,62,16145.35,6958.04,9187.31,27,35
Kalkaji (02/0004),02-0004,North,Idli Fries,,81,13931.2,6562.04,7369.16,39,42
Kalkaji (02/0004),02-0004,North,Homemade Sparkling Lemonade,,74,11054.69,6336.06,4718.63,42,32
Kalkaji (02/0004),02-0004,North,Ghee Idli Plate (2pc),,53,9589.52,6035.54,3553.98,32,21
Kalkaji (02/0004),02-0004,North,Onion Uttapam,,39,9429.89,5726.73,3703.16,24,15
Kalkaji (02/0004),02-0004,North,Malkapodi Dosa,,44,10686.63,5381.04,5305.59,22,22
Kalkaji (02/0004),02-0004,North,Potato Masala,,274,9947.45,5145.78,4801.67,141,133
Kalkaji (02/0004),02-0004,North,Iced Filter Coffee,,64,8261.43,4958.42,3303.01,38,26
Kalkaji (02/0004),02-0004,North,Lemon Rice,,40,8629.74,4560.49,4069.25,21,19
Kalkaji (02/0004),02-0004,North,Garlic Masala Dosa,,34,9002.5,4483.29,4519.21,17,17
Kalkaji (02/0004),02-0004,North,Tomato Onion Uttapam,,36,8384.6,4147.03,4237.57,18,18
Kalkaji (02/0004),02-0004,North,Guntur Karampodi Dosa,,27,8495.72,3889.69,4606.03,12,15
Kalkaji (02/0004),02-0004,North,Srivillli Kheer,,66,8806.54,3845.23,4961.31,28,38
Kalkaji (02/0004),02-0004,North,Packaged Drinking Water-500 ml,,177,6084.3,3206.76,2877.54,93,84
Kalkaji (02/0004),02-0004,North,Bisbelle Bhaat,,34,7466.63,2853.73,4612.9,13,21
Kalkaji (02/0004),02-0004,North,Dosa Batter Kit (1 Kg),,7,3699.3,2596.4,1102.9,5,2
Kalkaji (02/0004),02-0004,North,Homemade Lemonade,,24,3304.19,2490.52,813.67,18,6
Kalkaji (02/0004),02-0004,North,Cold Coffee-Nuttela,,21,4795.35,2451.75,2343.6,10,11
Kalkaji (02/0004),02-0004,North,Kesari Halwa,,64,9739.5,2367.05,7372.45,17,47
Kalkaji (02/0004),02-0004,North,Malkapodi Masala Dosa,,21,5594.86,2304.21,3290.65,9,12
Kalkaji (02/0004),02-0004,North,Garlic Dosa,,21,4447.02,2227.2,2219.82,10,11
Kalkaji (02/0004),02-0004,North,Sambar Vada Plate (2pc),,18,3194.79,2164.43,1030.36,11,7
Kalkaji (02/0004),02-0004,North,Rasam & Papad,,41,3999.89,1871.98,2127.91,19,22
Kalkaji (02/0004),02-0004,North,Jaggery Cinnamon Filter Coffee,,27,3598.27,1841.22,1757.05,14,13
Kalkaji (02/0004),02-0004,North,Cold Coffee-Crunchy Oreo,,19,4233.72,1755.36,2478.36,8,11
Kalkaji (02/0004),02-0004,North,Butter,,47,2758.58,1719.22,1039.36,29,18
Kalkaji (02/0004),02-0004,North,Vegetable Uttapam,,14,3518.79,1512.24,2006.55,6,8
Kalkaji (02/0004),02-0004,North,Cheese Paniyaram (10 Pcs),,14,4264.05,1486.84,2777.21,5,9
Kalkaji (02/0004),02-0004,North,Thindi Podi Idli,,12,2511.05,1470.0,1041.05,7,5
Kalkaji (02/0004),02-0004,North,Paper Plain Dosa,,10,2299.43,1416.38,883.05,6,4
Kalkaji (02/0004),02-0004,North,Cheese,,43,2304.19,1353.03,951.15,25,18
Kalkaji (02/0004),02-0004,North,Open Butter Masala Dosa,,10,2623.95,1338.75,1285.2,5,5
Kalkaji (02/0004),02-0004,North,Chocolate Filter Coffee,,15,1913.94,1288.48,625.46,10,5
Kalkaji (02/0004),02-0004,North,Special White Coconut Chutney,,33,2317.75,1283.73,1034.02,18,15
Kalkaji (02/0004),02-0004,North,Onion,,102,2815.69,1279.84,1535.85,47,55
Kalkaji (02/0004),02-0004,North,Butter Idli Plate (2pc),,25,4609.16,1265.76,3343.4,7,18
Kalkaji (02/0004),02-0004,North,Thindi Ghee Podi Masala Dosa,,15,3782.76,1049.58,2733.18,4,11
Kalkaji (02/0004),02-0004,North,Raw Mango Chutney,,36,2425.69,1046.57,1379.12,15,21
Kalkaji (02/0004),02-0004,North,Filter Coffee Cappuccino,,17,2180.92,1044.35,1136.57,8,9
Kalkaji (02/0004),02-0004,North,Black Coffee,,16,1409.64,972.62,437.02,11,5
Kalkaji (02/0004),02-0004,North,Strawberry Shake,,11,2039.63,971.25,1068.38,5,6
Kalkaji (02/0004),02-0004,North,Spicy Tomato Onion Ghee Roast Dosa,,15,3607.81,966.0,2641.81,4,11
Kalkaji (02/0004),02-0004,North,Spicy Tomato Onion Chutney,,25,1833.76,929.97,903.79,12,13
Kalkaji (02/0004),02-0004,North,Mango Shake,,14,2475.9,777.0,1698.9,4,10
Kalkaji (02/0004),02-0004,North,Rasam Vada Plate (2 Pc),,8,1501.68,756.0,745.68,4,4
Kalkaji (02/0004),02-0004,North,Rasam Idli Plate (2pc),,10,1646.62,693.0,953.62,4,6
Kalkaji (02/0004),02-0004,North,Ghee,,27,1560.89,670.83,890.05,11,16
Kalkaji (02/0004),02-0004,North,Appalam Papad (1pc),,42,1450.71,636.38,814.33,19,23
Kalkaji (02/0004),02-0004,North,Dadu`s Special Spicy Chutney,,9,908.13,541.63,366.5,6,3
Kalkaji (02/0004),02-0004,North,Benne Dosa Batter Kit (1 kg),,1,523.95,523.95,,1,
Kalkaji (02/0004),02-0004,North,Sambar Idli Plate (2pc),,8,1353.05,519.75,833.3,3,5
Kalkaji (02/0004),02-0004,North,Upma,,5,918.75,367.5,551.25,2,3
Kalkaji (02/0004),02-0004,North,Special Spicy Coconut Chutney,,12,857.17,359.53,497.64,5,7
Kalkaji (02/0004),02-0004,North,Packaging Charge,,45,666.53,344.05,322.48,23,22
Kalkaji (02/0004),02-0004,North,Malkapodi & Ghee,,4,336.0,336.0,,4,
Kalkaji (02/0004),02-0004,North,Tomato Uttapam,,1,246.75,246.75,,1,
Kalkaji (02/0004),02-0004,North,Fresh Watermelon Juice,,3,573.26,203.71,369.55,1,2
Kalkaji (02/0004),02-0004,North,Extra Paratha(1 Pc),,4,357.0,89.25,267.75,1,3
Kalkaji (02/0004),02-0004,North,Jain Sambar,,368,0,0.0,0.0,232,136
Kalkaji (02/0004),02-0004,North,Regular Sambar,,7371,0,0.0,0.0,3820,3551
Kalkaji (02/0004),02-0004,North,Coconut Rice,,1,236.25,,236.25,,1
Dosa Coffee - Sec 143 Noida (02/0006),02-0006,North,Masala Dosa,,844,175647.45,88706.79,86940.66,431,413
Dosa Coffee - Sec 143 Noida (02/0006),02-0006,North,Benne Masala Dosa,,322,82348.23,40339.18,42009.05,160,162
Dosa Coffee - Sec 143 Noida (02/0006),02-0006,North,Idli Plate (2 pc),,336,54600.19,27724.86,26875.33,174,162
Dosa Coffee - Sec 143 Noida (02/0006),02-0006,North,Dosa Coffee Tiffin,,130,33722.63,20818.55,12904.08,80,50
Dosa Coffee - Sec 143 Noida (02/0006),02-0006,North,Ghee Roast Masala Dosa,,196,49870.19,20384.57,29485.62,80,116
Dosa Coffee - Sec 143 Noida (02/0006),02-0006,North,Paniyaram (10 Pcs),,120,31209.03,16748.74,14460.29,64,56
Dosa Coffee - Sec 143 Noida (02/0006),02-0006,North,Mysore Masala Dosa,,105,27937.06,16332.26,11604.8,61,44
Dosa Coffee - Sec 143 Noida (02/0006),02-0006,North,Malabar Paratha with Paneer Korma,,116,29137.46,15297.83,13839.63,61,55
Dosa Coffee - Sec 143 Noida (02/0006),02-0006,North,Thatte Idli Plate,,146,29367.58,13825.48,15542.1,71,75
Dosa Coffee - Sec 143 Noida (02/0006),02-0006,North,Garlic Ghee Roast Dosa,,119,29034.21,13490.8,15543.41,56,63
Dosa Coffee - Sec 143 Noida (02/0006),02-0006,North,Filter Coffee,,263,30013.08,12773.98,17239.1,112,151
Dosa Coffee - Sec 143 Noida (02/0006),02-0006,North,Idli Vada Plate,,121,24814.42,12697.0,12117.42,63,58
Dosa Coffee - Sec 143 Noida (02/0006),02-0006,North,Malkapodi Idli Plate (2pc),,111,21237.03,11773.96,9463.07,62,49
Dosa Coffee - Sec 143 Noida (02/0006),02-0006,North,Plain Dosa,,114,19917.25,11501.66,8415.59,67,47
Dosa Coffee - Sec 143 Noida (02/0006),02-0006,North,Mixed Uttapam,,88,21815.65,9964.74,11850.91,40,48
Dosa Coffee - Sec 143 Noida (02/0006),02-0006,North,Medu Vada Plate (2 pc),,119,22441.43,9913.19,12528.24,54,65
Dosa Coffee - Sec 143 Noida (02/0006),02-0006,North,Paneer Dosa,,44,14789.49,8701.54,6087.95,26,18
Dosa Coffee - Sec 143 Noida (02/0006),02-0006,North,Guntur Karampodi Dosa,,56,18043.3,8562.92,9480.38,27,29
Dosa Coffee - Sec 143 Noida (02/0006),02-0006,North,Cold Coffee-Classic,,79,15867.55,8240.63,7626.92,41,38
Dosa Coffee - Sec 143 Noida (02/0006),02-0006,North,Plain Ghee Roast Dosa,,64,13636.61,7491.56,6145.05,35,29
Dosa Coffee - Sec 143 Noida (02/0006),02-0006,North,Mysore Ghee Roast Dosa,,56,14307.95,7373.77,6934.18,29,27
Dosa Coffee - Sec 143 Noida (02/0006),02-0006,North,Fresh Buttermilk,,98,12437.24,6802.83,5634.41,53,45
Dosa Coffee - Sec 143 Noida (02/0006),02-0006,North,Benne Dosa,,65,13835.48,5745.81,8089.67,28,37
Dosa Coffee - Sec 143 Noida (02/0006),02-0006,North,Curd Rice,,47,9497.54,5685.89,3811.65,27,20
Dosa Coffee - Sec 143 Noida (02/0006),02-0006,North,Idli Fries,,59,10548.63,5499.69,5048.94,31,28
Dosa Coffee - Sec 143 Noida (02/0006),02-0006,North,Garlic Masala Dosa,,37,9772.84,5184.02,4588.82,19,18
Dosa Coffee - Sec 143 Noida (02/0006),02-0006,North,Rava Plain Dosa,,51,11747.58,4838.7,6908.88,21,30
Dosa Coffee - Sec 143 Noida (02/0006),02-0006,North,Raw Mango Ghee Roast Dosa,,29,7395.74,4828.02,2567.72,19,10
Dosa Coffee - Sec 143 Noida (02/0006),02-0006,North,Homemade Sparkling Lemonade,,45,6704.26,4489.98,2214.28,30,15
Dosa Coffee - Sec 143 Noida (02/0006),02-0006,North,Srivillli Kheer,,54,7526.41,3952.6,3573.81,29,25
Dosa Coffee - Sec 143 Noida (02/0006),02-0006,North,Garlic Benne Dosa,,40,10554.06,3906.8,6647.26,15,25
Dosa Coffee - Sec 143 Noida (02/0006),02-0006,North,Ghee Idli Plate (2pc),,30,5439.85,3713.75,1726.1,20,10
Dosa Coffee - Sec 143 Noida (02/0006),02-0006,North,Dahi Vada Plate (2 pc),,35,6963.29,3464.06,3499.23,18,17
Dosa Coffee - Sec 143 Noida (02/0006),02-0006,North,Lemon Rice,,27,5520.89,3250.61,2270.28,16,11
Dosa Coffee - Sec 143 Noida (02/0006),02-0006,North,Bisbelle Bhaat,,20,4304.62,3174.26,1130.36,15,5
Dosa Coffee - Sec 143 Noida (02/0006),02-0006,North,Dosa Coffee Benne Tiffin,,37,9778.65,3101.61,6677.04,11,26
Dosa Coffee - Sec 143 Noida (02/0006),02-0006,North,Iced Filter Coffee,,38,4785.91,3094.22,1691.69,25,13
Dosa Coffee - Sec 143 Noida (02/0006),02-0006,North,Onion Uttapam,,32,8002.03,3092.99,4909.04,12,20
Dosa Coffee - Sec 143 Noida (02/0006),02-0006,North,Kesari Halwa,,47,6138.82,3075.08,3063.74,25,22
Dosa Coffee - Sec 143 Noida (02/0006),02-0006,North,Malkapodi Dosa,,21,5167.96,2972.81,2195.15,12,9
Dosa Coffee - Sec 143 Noida (02/0006),02-0006,North,Raw Mango Benne Dosa,,20,5097.82,2851.98,2245.84,11,9
Dosa Coffee - Sec 143 Noida (02/0006),02-0006,North,Tomato Rice,,26,5913.53,2842.5,3071.03,12,14
Dosa Coffee - Sec 143 Noida (02/0006),02-0006,North,Upma,,32,5818.19,2373.91,3444.28,13,19
Dosa Coffee - Sec 143 Noida (02/0006),02-0006,North,Potato Masala,,151,5729.95,2124.94,3605.01,57,94
Dosa Coffee - Sec 143 Noida (02/0006),02-0006,North,Mysore Benne Dosa,,25,6482.79,2112.97,4369.82,8,17
Dosa Coffee - Sec 143 Noida (02/0006),02-0006,North,Mysore Dosa,,20,4818.96,1995.67,2823.29,8,12
Dosa Coffee - Sec 143 Noida (02/0006),02-0006,North,Rasam & Papad,,33,3244.01,1858.18,1385.83,19,14
Dosa Coffee - Sec 143 Noida (02/0006),02-0006,North,Tomato Onion Uttapam,,13,3247.14,1852.73,1394.41,7,6
Dosa Coffee - Sec 143 Noida (02/0006),02-0006,North,Cheese Paniyaram (10 Pcs),,12,3247.99,1837.51,1410.48,7,5
Dosa Coffee - Sec 143 Noida (02/0006),02-0006,North,Jaggery Cinnamon Filter Coffee,,19,2592.98,1624.48,968.5,12,7
Dosa Coffee - Sec 143 Noida (02/0006),02-0006,North,Malkapodi Masala Dosa,,22,5974.58,1596.04,4378.54,6,16
Dosa Coffee - Sec 143 Noida (02/0006),02-0006,North,Filter Coffee Flask (250ml),,26,5474.74,1415.03,4059.71,7,19
Dosa Coffee - Sec 143 Noida (02/0006),02-0006,North,Appalam Papad (1pc),,55,1973.62,1385.62,588.0,39,16
Dosa Coffee - Sec 143 Noida (02/0006),02-0006,North,Sambar Idli Plate (2pc),,12,2088.21,1378.71,709.5,8,4
Dosa Coffee - Sec 143 Noida (02/0006),02-0006,North,Lemon Iced Tea,,14,1837.5,1181.25,656.25,9,5
Dosa Coffee - Sec 143 Noida (02/0006),02-0006,North,Cold Coffee-Crunchy Oreo,,12,2833.32,1174.32,1659.0,5,7
Dosa Coffee - Sec 143 Noida (02/0006),02-0006,North,Sambar Vada Plate (2pc),,21,4113.82,1172.8,2941.02,6,15
Dosa Coffee - Sec 143 Noida (02/0006),02-0006,North,Strawberry Shake,,14,2639.32,1133.06,1506.26,6,8
Dosa Coffee - Sec 143 Noida (02/0006),02-0006,North,Vegetable Uttapam,,14,3394.94,1029.0,2365.94,4,10
Dosa Coffee - Sec 143 Noida (02/0006),02-0006,North,Raw Mango Chutney,,21,1507.16,1017.85,489.31,14,7
Dosa Coffee - Sec 143 Noida (02/0006),02-0006,North,Spicy Tomato Onion Ghee Roast Dosa,,9,2215.64,995.24,1220.4,4,5
Dosa Coffee - Sec 143 Noida (02/0006),02-0006,North,Special White Coconut Chutney,,16,1254.51,983.57,270.94,12,4
Dosa Coffee - Sec 143 Noida (02/0006),02-0006,North,Mango Shake,,12,2285.45,971.25,1314.2,5,7
Dosa Coffee - Sec 143 Noida (02/0006),02-0006,North,Garlic Dosa,,16,3411.21,970.36,2440.85,4,12
Dosa Coffee - Sec 143 Noida (02/0006),02-0006,North,Tomato Uttapam,,5,1211.74,964.99,246.75,4,1
Dosa Coffee - Sec 143 Noida (02/0006),02-0006,North,Onion,,62,1669.57,921.28,748.29,36,26
Dosa Coffee - Sec 143 Noida (02/0006),02-0006,North,Paper Plain Dosa,,14,3235.34,893.89,2341.45,4,10
Dosa Coffee - Sec 143 Noida (02/0006),02-0006,North,Open Butter Masala Dosa,,5,1118.61,850.86,267.75,4,1
Dosa Coffee - Sec 143 Noida (02/0006),02-0006,North,Packaged Drinking Water-500 ml,,52,1815.52,783.09,1032.43,23,29
Dosa Coffee - Sec 143 Noida (02/0006),02-0006,North,Cheese,,18,1020.4,671.8,348.6,12,6
Dosa Coffee - Sec 143 Noida (02/0006),02-0006,North,Ghee,,19,1094.59,582.18,512.41,10,9
Dosa Coffee - Sec 143 Noida (02/0006),02-0006,North,Homemade Lemonade,,8,1109.98,567.0,542.98,4,4
Dosa Coffee - Sec 143 Noida (02/0006),02-0006,North,Fresh Watermelon Juice,,6,1045.67,551.25,494.42,3,3
Dosa Coffee - Sec 143 Noida (02/0006),02-0006,North,Butter,,20,1041.43,499.5,541.94,10,10
Dosa Coffee - Sec 143 Noida (02/0006),02-0006,North,Rasam Idli Plate (2pc),,5,690.25,478.5,211.75,3,2
Dosa Coffee - Sec 143 Noida (02/0006),02-0006,North,Chocolate Filter Coffee,,10,1245.05,470.33,774.72,4,6
Dosa Coffee - Sec 143 Noida (02/0006),02-0006,North,Spicy Tomato Onion Chutney,,8,579.58,469.33,110.25,6,2
Dosa Coffee - Sec 143 Noida (02/0006),02-0006,North,Benne Dosa Batter Kit (1 kg),,3,1338.42,447.7,890.72,1,2
Dosa Coffee - Sec 143 Noida (02/0006),02-0006,North,Coconut Rice,,2,424.08,424.08,,2,
Dosa Coffee - Sec 143 Noida (02/0006),02-0006,North,Thindi Podi Idli,,5,1029.0,399.0,630.0,2,3
Dosa Coffee - Sec 143 Noida (02/0006),02-0006,North,Rasam Vada Plate (2 Pc),,2,370.64,370.64,,2,
Dosa Coffee - Sec 143 Noida (02/0006),02-0006,North,Thindi Ghee Podi Masala Dosa,,9,2361.48,293.25,2068.23,1,8
Dosa Coffee - Sec 143 Noida (02/0006),02-0006,North,Black Coffee,,6,535.5,267.75,267.75,3,3
Dosa Coffee - Sec 143 Noida (02/0006),02-0006,North,Filter Coffee Cappuccino,,7,918.75,262.5,656.25,2,5
Dosa Coffee - Sec 143 Noida (02/0006),02-0006,North,Butter Idli Plate (2pc),,5,958.54,204.75,753.79,1,4
Dosa Coffee - Sec 143 Noida (02/0006),02-0006,North,Packaging Charge,,19,276.28,127.83,148.45,9,10
Dosa Coffee - Sec 143 Noida (02/0006),02-0006,North,Special Spicy Coconut Chutney,,2,125.18,125.18,,2,
Dosa Coffee - Sec 143 Noida (02/0006),02-0006,North,Dosa Coffee Glass Bottle,,5,85.2,23.33,61.87,2,3
Dosa Coffee - Sec 143 Noida (02/0006),02-0006,North,Jain Sambar,,171,0,0.0,0.0,95,76
Dosa Coffee - Sec 143 Noida (02/0006),02-0006,North,Regular Sambar,,4138,0,0.0,0.0,2034,2104
Dosa Coffee - Sec 143 Noida (02/0006),02-0006,North,Cold Coffee-Nuttela,,5,1210.37,,1210.37,,5
Dosa Coffee - Sec 143 Noida (02/0006),02-0006,North,Malkapodi & Ghee,,4,344.0,,344.0,,4
Dosa Coffee - Sec 143 Noida (02/0006),02-0006,North,Plain Uttapam,,1,258.75,,258.75,,1
Dosa Coffee - Sec 143 Noida (02/0006),02-0006,North,Dadu`s Special Spicy Chutney,,1,84.0,,84.0,,1
Dosa Coffee - Sec 143 Noida (02/0006),02-0006,North,Extra Paneer Korma,,1,80.38,,80.38,,1
Dosa Coffee - Sec 15 Faridabad (02/0007),02-0007,North,Masala Dosa,,684,140794.76,70534.76,70260.0,354,330
Dosa Coffee - Sec 15 Faridabad (02/0007),02-0007,North,Benne Masala Dosa,,328,84601.24,43767.55,40833.69,170,158
Dosa Coffee - Sec 15 Faridabad (02/0007),02-0007,North,Thatte Idli Plate,,295,59719.16,31223.44,28495.72,156,139
Dosa Coffee - Sec 15 Faridabad (02/0007),02-0007,North,Idli Plate (2 pc),,360,57990.49,30044.22,27946.27,190,170
Dosa Coffee - Sec 15 Faridabad (02/0007),02-0007,North,Ghee Roast Masala Dosa,,170,45052.77,20548.62,24504.15,79,91
Dosa Coffee - Sec 15 Faridabad (02/0007),02-0007,North,Dosa Coffee Tiffin,,112,28557.02,20501.34,8055.68,81,31
Dosa Coffee - Sec 15 Faridabad (02/0007),02-0007,North,Mixed Uttapam,,143,36757.5,19493.43,17264.07,77,66
Dosa Coffee - Sec 15 Faridabad (02/0007),02-0007,North,Paniyaram (10 Pcs),,106,27941.26,16306.26,11635.0,59,47
Dosa Coffee - Sec 15 Faridabad (02/0007),02-0007,North,Idli Vada Plate,,132,26582.77,15903.43,10679.34,80,52
Dosa Coffee - Sec 15 Faridabad (02/0007),02-0007,North,Garlic Ghee Roast Dosa,,91,22769.96,13440.07,9329.89,53,38
Dosa Coffee - Sec 15 Faridabad (02/0007),02-0007,North,Medu Vada Plate (2 pc),,146,27157.78,13302.17,13855.61,72,74
Dosa Coffee - Sec 15 Faridabad (02/0007),02-0007,North,Plain Dosa,,139,24377.88,11530.06,12847.82,68,71
Dosa Coffee - Sec 15 Faridabad (02/0007),02-0007,North,Benne Dosa,,119,26956.94,10876.01,16080.93,50,69
Dosa Coffee - Sec 15 Faridabad (02/0007),02-0007,North,Malkapodi Idli Plate (2pc),,108,20823.85,10257.85,10566.0,54,54
Dosa Coffee - Sec 15 Faridabad (02/0007),02-0007,North,Filter Coffee,,162,18283.04,8912.46,9370.58,80,82
Dosa Coffee - Sec 15 Faridabad (02/0007),02-0007,North,Cold Coffee-Classic,,60,12384.54,8464.0,3920.54,41,19
Dosa Coffee - Sec 15 Faridabad (02/0007),02-0007,North,Mysore Ghee Roast Dosa,,51,13247.77,7297.51,5950.26,28,23
Dosa Coffee - Sec 15 Faridabad (02/0007),02-0007,North,Curd Rice,,49,10816.9,6960.35,3856.55,33,16
Dosa Coffee - Sec 15 Faridabad (02/0007),02-0007,North,Dosa Coffee Benne Tiffin,,39,10051.06,6865.95,3185.11,27,12
Dosa Coffee - Sec 15 Faridabad (02/0007),02-0007,North,Dahi Vada Plate (2 pc),,69,14522.26,6590.88,7931.38,31,38
Dosa Coffee - Sec 15 Faridabad (02/0007),02-0007,North,Rava Plain Dosa,,55,12974.33,6463.88,6510.45,27,28
Dosa Coffee - Sec 15 Faridabad (02/0007),02-0007,North,Malabar Paratha with Paneer Korma,,45,11468.15,6356.5,5111.65,25,20
Dosa Coffee - Sec 15 Faridabad (02/0007),02-0007,North,Garlic Benne Dosa,,46,12192.36,6220.91,5971.45,23,23
Dosa Coffee - Sec 15 Faridabad (02/0007),02-0007,North,Mysore Masala Dosa,,48,13324.35,6146.87,7177.48,22,26
Dosa Coffee - Sec 15 Faridabad (02/0007),02-0007,North,Mysore Benne Dosa,,33,8658.87,6067.41,2591.46,23,10
Dosa Coffee - Sec 15 Faridabad (02/0007),02-0007,North,Paneer Dosa,,26,8588.16,5954.16,2634.0,18,8
Dosa Coffee - Sec 15 Faridabad (02/0007),02-0007,North,Raw Mango Ghee Roast Dosa,,31,8284.61,4880.73,3403.88,18,13
Dosa Coffee - Sec 15 Faridabad (02/0007),02-0007,North,Ghee Idli Plate (2pc),,54,9652.36,4507.45,5144.91,26,28
Dosa Coffee - Sec 15 Faridabad (02/0007),02-0007,North,Idli Fries,,40,6790.15,4384.96,2405.19,26,14
Dosa Coffee - Sec 15 Faridabad (02/0007),02-0007,North,Raw Mango Benne Dosa,,25,6595.04,4288.98,2306.06,16,9
Dosa Coffee - Sec 15 Faridabad (02/0007),02-0007,North,Fresh Buttermilk,,56,7248.01,3779.97,3468.04,29,27
Dosa Coffee - Sec 15 Faridabad (02/0007),02-0007,North,Filter Coffee Flask (250ml),,32,6206.56,3308.09,2898.47,17,15
Dosa Coffee - Sec 15 Faridabad (02/0007),02-0007,North,Guntur Karampodi Dosa,,21,6948.9,3225.9,3723.0,10,11
Dosa Coffee - Sec 15 Faridabad (02/0007),02-0007,North,Mysore Dosa,,19,4864.17,3080.71,1783.46,12,7
Dosa Coffee - Sec 15 Faridabad (02/0007),02-0007,North,Plain Ghee Roast Dosa,,38,8754.08,3019.32,5734.76,13,25
Dosa Coffee - Sec 15 Faridabad (02/0007),02-0007,North,Tomato Rice,,22,4915.68,2884.73,2030.95,13,9
Dosa Coffee - Sec 15 Faridabad (02/0007),02-0007,North,Potato Masala,,146,5413.46,2546.54,2866.92,69,77
Dosa Coffee - Sec 15 Faridabad (02/0007),02-0007,North,Garlic Masala Dosa,,21,5843.25,2504.25,3339.0,9,12
Dosa Coffee - Sec 15 Faridabad (02/0007),02-0007,North,Lemon Rice,,24,5010.04,2485.62,2524.42,11,13
Dosa Coffee - Sec 15 Faridabad (02/0007),02-0007,North,Malkapodi Dosa,,15,3694.52,2454.15,1240.37,10,5
Dosa Coffee - Sec 15 Faridabad (02/0007),02-0007,North,Mango Shake,,14,2507.75,2341.81,165.94,13,1
Dosa Coffee - Sec 15 Faridabad (02/0007),02-0007,North,Sambar Vada Plate (2pc),,20,3829.37,2237.83,1591.54,12,8
Dosa Coffee - Sec 15 Faridabad (02/0007),02-0007,North,Open Butter Masala Dosa,,12,2850.52,2053.25,797.27,9,3
Dosa Coffee - Sec 15 Faridabad (02/0007),02-0007,North,Onion Uttapam,,20,4547.93,2042.6,2505.33,9,11
Dosa Coffee - Sec 15 Faridabad (02/0007),02-0007,North,Srivillli Kheer,,27,4020.03,1899.74,2120.29,12,15
Dosa Coffee - Sec 15 Faridabad (02/0007),02-0007,North,Malkapodi Masala Dosa,,22,6009.51,1875.36,4134.15,7,15
Dosa Coffee - Sec 15 Faridabad (02/0007),02-0007,North,Upma,,13,2343.89,1808.72,535.17,10,3
Dosa Coffee - Sec 15 Faridabad (02/0007),02-0007,North,Benne Dosa Batter Kit (1 kg),,3,1571.85,1571.85,,3,
Dosa Coffee - Sec 15 Faridabad (02/0007),02-0007,North,Bisbelle Bhaat,,13,2722.28,1530.53,1191.75,8,5
Dosa Coffee - Sec 15 Faridabad (02/0007),02-0007,North,Garlic Dosa,,12,2689.53,1492.81,1196.72,7,5
Dosa Coffee - Sec 15 Faridabad (02/0007),02-0007,North,Paper Plain Dosa,,11,2564.32,1417.5,1146.82,6,5
Dosa Coffee - Sec 15 Faridabad (02/0007),02-0007,North,Jaggery Cinnamon Filter Coffee,,21,2756.03,1391.03,1365.0,11,10
Dosa Coffee - Sec 15 Faridabad (02/0007),02-0007,North,Iced Filter Coffee,,18,2269.4,1350.65,918.75,11,7
Dosa Coffee - Sec 15 Faridabad (02/0007),02-0007,North,Tomato Onion Uttapam,,23,5818.78,1254.05,4564.73,5,18
Dosa Coffee - Sec 15 Faridabad (02/0007),02-0007,North,Butter Idli Plate (2pc),,13,2173.15,1057.31,1115.84,7,6
Dosa Coffee - Sec 15 Faridabad (02/0007),02-0007,North,Dosa Batter Kit (1 Kg),,6,2958.24,1051.44,1906.8,2,4
Dosa Coffee - Sec 15 Faridabad (02/0007),02-0007,North,Thindi Ghee Podi Masala Dosa,,9,2335.26,1044.41,1290.85,4,5
Dosa Coffee - Sec 15 Faridabad (02/0007),02-0007,North,Rasam & Papad,,33,3115.55,1041.23,2074.32,11,22
Dosa Coffee - Sec 15 Faridabad (02/0007),02-0007,North,Rasam Idli Plate (2pc),,6,1039.5,1039.5,,6,
Dosa Coffee - Sec 15 Faridabad (02/0007),02-0007,North,Raw Mango Chutney,,23,1514.42,974.41,540.01,15,8
Dosa Coffee - Sec 15 Faridabad (02/0007),02-0007,North,Homemade Sparkling Lemonade,,23,3398.44,913.5,2484.94,6,17
Dosa Coffee - Sec 15 Faridabad (02/0007),02-0007,North,Fresh Watermelon Juice,,9,1479.45,857.25,622.2,5,4
Dosa Coffee - Sec 15 Faridabad (02/0007),02-0007,North,Cold Coffee-Crunchy Oreo,,5,1210.03,730.82,479.21,3,2
Dosa Coffee - Sec 15 Faridabad (02/0007),02-0007,North,Strawberry Shake,,9,1591.48,648.54,942.94,4,5
Dosa Coffee - Sec 15 Faridabad (02/0007),02-0007,North,Homemade Lemonade,,7,902.66,627.13,275.53,5,2
Dosa Coffee - Sec 15 Faridabad (02/0007),02-0007,North,Onion,,52,1410.19,603.7,806.49,22,30
Dosa Coffee - Sec 15 Faridabad (02/0007),02-0007,North,Packaged Drinking Water-500 ml,,40,1346.7,558.89,787.81,17,23
Dosa Coffee - Sec 15 Faridabad (02/0007),02-0007,North,Sambar Idli Plate (2pc),,9,1399.55,533.3,866.25,4,5
Dosa Coffee - Sec 15 Faridabad (02/0007),02-0007,North,Vegetable Uttapam,,7,1778.25,514.5,1263.75,2,5
Dosa Coffee - Sec 15 Faridabad (02/0007),02-0007,North,Cheese,,18,1012.73,488.41,524.32,9,9
Dosa Coffee - Sec 15 Faridabad (02/0007),02-0007,North,Appalam Papad (1pc),,24,833.28,484.33,348.95,14,10
Dosa Coffee - Sec 15 Faridabad (02/0007),02-0007,North,Ghee,,14,694.12,423.86,270.26,9,5
Dosa Coffee - Sec 15 Faridabad (02/0007),02-0007,North,Special White Coconut Chutney,,11,649.79,420.39,229.4,8,3
Dosa Coffee - Sec 15 Faridabad (02/0007),02-0007,North,Spicy Tomato Onion Ghee Roast Dosa,,6,1571.97,267.75,1304.22,1,5
Dosa Coffee - Sec 15 Faridabad (02/0007),02-0007,North,Kesari Halwa,,15,2503.28,265.64,2237.64,2,13
Dosa Coffee - Sec 15 Faridabad (02/0007),02-0007,North,Filter Coffee Cappuccino,,5,578.55,262.5,316.05,2,3
Dosa Coffee - Sec 15 Faridabad (02/0007),02-0007,North,Thindi Podi Idli,,3,630.0,210.0,420.0,1,2
Dosa Coffee - Sec 15 Faridabad (02/0007),02-0007,North,Butter,,13,643.38,195.77,447.61,4,9
Dosa Coffee - Sec 15 Faridabad (02/0007),02-0007,North,Rasam Vada Plate (2 Pc),,1,189.0,189.0,,1,
Dosa Coffee - Sec 15 Faridabad (02/0007),02-0007,North,Spicy Tomato Onion Chutney,,5,361.23,155.9,205.33,2,3
Dosa Coffee - Sec 15 Faridabad (02/0007),02-0007,North,Cheese Paniyaram (10 Pcs),,3,774.38,154.88,619.5,1,2
Dosa Coffee - Sec 15 Faridabad (02/0007),02-0007,North,Thind Podi Powder - 100 gm,,1,149.0,149.0,,1,
Dosa Coffee - Sec 15 Faridabad (02/0007),02-0007,North,Lemon Iced Tea,,1,131.25,131.25,,1,
Dosa Coffee - Sec 15 Faridabad (02/0007),02-0007,North,Packaging Charge,,11,160.03,100.03,60.0,7,4
Dosa Coffee - Sec 15 Faridabad (02/0007),02-0007,North,Dadu`s Special Spicy Chutney,,1,84.0,84.0,,1,
Dosa Coffee - Sec 15 Faridabad (02/0007),02-0007,North,Jain Sambar,,103,0,0.0,0.0,61,42
Dosa Coffee - Sec 15 Faridabad (02/0007),02-0007,North,Regular Sambar,,4893,0,0.0,0.0,2601,2292
Dosa Coffee - Sec 15 Faridabad (02/0007),02-0007,North,Cold Coffee-Nuttela,,1,246.75,,246.75,,1
Dosa Coffee - Sec 15 Faridabad (02/0007),02-0007,North,Plain Uttapam,,1,236.25,,236.25,,1
Dosa Coffee - Sec 15 Faridabad (02/0007),02-0007,North,Black Coffee,,2,178.5,,178.5,,2
Dosa Coffee - Sec 15 Faridabad (02/0007),02-0007,North,Malkapodi & Ghee,,1,84.0,,84.0,,1
Dosa Coffee - Rohini Sec-7 (02/0008),02-0008,North,Masala Dosa,,1570,338022.74,172705.59,165317.15,820,750
Dosa Coffee - Rohini Sec-7 (02/0008),02-0008,North,Benne Masala Dosa,,1033,264722.72,125060.87,139661.85,498,535
Dosa Coffee - Rohini Sec-7 (02/0008),02-0008,North,Thatte Idli Plate,,613,123450.98,59809.94,63641.04,302,311
Dosa Coffee - Rohini Sec-7 (02/0008),02-0008,North,Idli Plate (2 pc),,692,112160.84,58942.45,53218.39,371,321
Dosa Coffee - Rohini Sec-7 (02/0008),02-0008,North,Malabar Paratha with Paneer Korma,,248,69265.45,45550.41,23715.04,159,89
Dosa Coffee - Rohini Sec-7 (02/0008),02-0008,North,Mixed Uttapam,,290,73752.97,35484.48,38268.49,143,147
Dosa Coffee - Rohini Sec-7 (02/0008),02-0008,North,Dosa Coffee Tiffin,,255,66524.09,35283.67,31240.42,136,119
Dosa Coffee - Rohini Sec-7 (02/0008),02-0008,North,Mysore Masala Dosa,,242,66589.06,34238.24,32350.82,124,118
Dosa Coffee - Rohini Sec-7 (02/0008),02-0008,North,Ghee Roast Masala Dosa,,248,63669.21,33268.6,30400.61,131,117
Dosa Coffee - Rohini Sec-7 (02/0008),02-0008,North,Garlic Ghee Roast Dosa,,220,55923.62,29805.44,26118.18,118,102
Dosa Coffee - Rohini Sec-7 (02/0008),02-0008,North,Medu Vada Plate (2 pc),,304,57480.01,29098.44,28381.57,155,149
Dosa Coffee - Rohini Sec-7 (02/0008),02-0008,North,Filter Coffee,,479,54148.6,26521.53,27627.07,236,243
Dosa Coffee - Rohini Sec-7 (02/0008),02-0008,North,Plain Dosa,,289,51721.29,26074.66,25646.63,148,141
Dosa Coffee - Rohini Sec-7 (02/0008),02-0008,North,Rava Plain Dosa,,205,47492.56,24692.23,22800.33,109,96
Dosa Coffee - Rohini Sec-7 (02/0008),02-0008,North,Paniyaram (10 Pcs),,190,49146.41,24549.55,24596.86,94,96
Dosa Coffee - Rohini Sec-7 (02/0008),02-0008,North,Idli Vada Plate,,217,45207.08,22844.14,22362.94,111,106
Dosa Coffee - Rohini Sec-7 (02/0008),02-0008,North,Cold Coffee-Classic,,196,39717.57,21403.03,18314.54,107,89
Dosa Coffee - Rohini Sec-7 (02/0008),02-0008,North,Dahi Vada Plate (2 pc),,180,38213.55,20205.46,18008.09,97,83
Dosa Coffee - Rohini Sec-7 (02/0008),02-0008,North,Garlic Benne Dosa,,149,39224.37,20163.79,19060.58,76,73
Dosa Coffee - Rohini Sec-7 (02/0008),02-0008,North,Benne Dosa,,161,35932.85,18194.0,17738.85,84,77
Dosa Coffee - Rohini Sec-7 (02/0008),02-0008,North,Guntur Karampodi Dosa,,128,41965.44,17113.81,24851.63,53,75
Dosa Coffee - Rohini Sec-7 (02/0008),02-0008,North,Malkapodi Idli Plate (2pc),,150,28211.12,14499.76,13711.36,79,71
Dosa Coffee - Rohini Sec-7 (02/0008),02-0008,North,Mysore Ghee Roast Dosa,,108,28007.04,13420.92,14586.12,52,56
Dosa Coffee - Rohini Sec-7 (02/0008),02-0008,North,Paneer Dosa,,104,34989.93,13387.77,21602.16,40,64
Dosa Coffee - Rohini Sec-7 (02/0008),02-0008,North,Garlic Masala Dosa,,116,31611.87,12946.67,18665.2,48,68
Dosa Coffee - Rohini Sec-7 (02/0008),02-0008,North,Mysore Benne Dosa,,82,21925.44,10036.87,11888.57,38,44
Dosa Coffee - Rohini Sec-7 (02/0008),02-0008,North,Dosa Coffee Benne Tiffin,,89,22431.77,9953.35,12478.42,43,46
Dosa Coffee - Rohini Sec-7 (02/0008),02-0008,North,Plain Ghee Roast Dosa,,81,16979.92,9083.36,7896.56,44,37
Dosa Coffee - Rohini Sec-7 (02/0008),02-0008,North,Onion Uttapam,,68,16745.72,8990.4,7755.32,36,32
Dosa Coffee - Rohini Sec-7 (02/0008),02-0008,North,Raw Mango Benne Dosa,,67,16942.05,8705.84,8236.21,37,30
Dosa Coffee - Rohini Sec-7 (02/0008),02-0008,North,Malkapodi Masala Dosa,,81,22142.32,8586.0,13556.32,32,49
Dosa Coffee - Rohini Sec-7 (02/0008),02-0008,North,Potato Masala,,439,17202.63,8340.23,8862.4,215,224
Dosa Coffee - Rohini Sec-7 (02/0008),02-0008,North,Mysore Dosa,,80,19128.2,8255.83,10872.37,35,45
Dosa Coffee - Rohini Sec-7 (02/0008),02-0008,North,Idli Fries,,82,14815.11,7885.03,6930.08,44,38
Dosa Coffee - Rohini Sec-7 (02/0008),02-0008,North,Vegetable Uttapam,,54,13666.51,7580.17,6086.34,30,24
Dosa Coffee - Rohini Sec-7 (02/0008),02-0008,North,Tomato Onion Uttapam,,54,13767.91,7528.13,6239.78,30,24
Dosa Coffee - Rohini Sec-7 (02/0008),02-0008,North,Homemade Sparkling Lemonade,,76,11354.51,7503.26,3851.25,50,26
Dosa Coffee - Rohini Sec-7 (02/0008),02-0008,North,Fresh Buttermilk,,103,13210.03,6782.59,6427.44,53,50
Dosa Coffee - Rohini Sec-7 (02/0008),02-0008,North,Curd Rice,,61,13097.88,6317.13,6780.75,30,31
Dosa Coffee - Rohini Sec-7 (02/0008),02-0008,North,Raw Mango Ghee Roast Dosa,,47,12216.43,5900.78,6315.65,23,24
Dosa Coffee - Rohini Sec-7 (02/0008),02-0008,North,Upma,,65,12031.08,5751.6,6279.48,31,34
Dosa Coffee - Rohini Sec-7 (02/0008),02-0008,North,Lemon Rice,,50,10941.76,5698.35,5243.41,27,23
Dosa Coffee - Rohini Sec-7 (02/0008),02-0008,North,Malkapodi Dosa,,41,9887.5,5600.24,4287.26,23,18
Dosa Coffee - Rohini Sec-7 (02/0008),02-0008,North,Filter Coffee Flask (250ml),,54,10851.86,5569.46,5282.4,28,26
Dosa Coffee - Rohini Sec-7 (02/0008),02-0008,North,Srivillli Kheer,,74,9628.76,5391.25,4237.51,42,32
Dosa Coffee - Rohini Sec-7 (02/0008),02-0008,North,Ghee Idli Plate (2pc),,53,9330.68,4579.04,4751.64,28,25
Dosa Coffee - Rohini Sec-7 (02/0008),02-0008,North,Iced Filter Coffee,,76,9785.68,4488.6,5297.08,35,41
Dosa Coffee - Rohini Sec-7 (02/0008),02-0008,North,Open Butter Masala Dosa,,29,7310.72,3864.17,3446.55,16,13
Dosa Coffee - Rohini Sec-7 (02/0008),02-0008,North,Thindi Ghee Podi Masala Dosa,,41,10549.49,3799.56,6749.93,15,26
Dosa Coffee - Rohini Sec-7 (02/0008),02-0008,North,Garlic Dosa,,26,6044.51,3634.29,2410.22,16,10
Dosa Coffee - Rohini Sec-7 (02/0008),02-0008,North,Rasam & Papad,,68,6563.83,3627.49,2936.34,38,30
Dosa Coffee - Rohini Sec-7 (02/0008),02-0008,North,Packaged Drinking Water-500 ml,,218,7778.76,3494.03,4284.73,98,120
Dosa Coffee - Rohini Sec-7 (02/0008),02-0008,North,Bisbelle Bhaat,,23,5068.14,3365.11,1703.03,15,8
Dosa Coffee - Rohini Sec-7 (02/0008),02-0008,North,Kesari Halwa,,70,10002.21,3327.9,6674.31,23,47
Dosa Coffee - Rohini Sec-7 (02/0008),02-0008,North,Mango Shake,,27,5114.86,3302.25,1812.61,17,10
Dosa Coffee - Rohini Sec-7 (02/0008),02-0008,North,Thindi Podi Idli,,20,4200.0,3150.0,1050.0,15,5
Dosa Coffee - Rohini Sec-7 (02/0008),02-0008,North,Paper Plain Dosa,,27,6343.45,3052.97,3290.48,13,14
Dosa Coffee - Rohini Sec-7 (02/0008),02-0008,North,Tomato Rice,,40,8504.16,2936.15,5568.01,14,26
Dosa Coffee - Rohini Sec-7 (02/0008),02-0008,North,Spicy Tomato Onion Ghee Roast Dosa,,16,4218.86,2666.55,1552.31,10,6
Dosa Coffee - Rohini Sec-7 (02/0008),02-0008,North,Filter Coffee Cappuccino,,28,3656.39,2475.14,1181.25,19,9
Dosa Coffee - Rohini Sec-7 (02/0008),02-0008,North,Sambar Vada Plate (2pc),,16,3249.0,2451.0,798.0,12,4
Dosa Coffee - Rohini Sec-7 (02/0008),02-0008,North,Cold Coffee-Crunchy Oreo,,21,4638.85,2376.06,2262.79,11,10
Dosa Coffee - Rohini Sec-7 (02/0008),02-0008,North,Strawberry Shake,,23,4354.77,2271.78,2082.99,12,11
Dosa Coffee - Rohini Sec-7 (02/0008),02-0008,North,Onion,,153,4461.24,2231.22,2230.03,78,75
Dosa Coffee - Rohini Sec-7 (02/0008),02-0008,North,Cheese Paniyaram (10 Pcs),,16,4836.42,2103.97,2732.45,7,9
Dosa Coffee - Rohini Sec-7 (02/0008),02-0008,North,Cold Coffee-Nuttela,,16,4017.73,1970.23,2047.5,8,8
Dosa Coffee - Rohini Sec-7 (02/0008),02-0008,North,Lemon Iced Tea,,26,3412.5,1968.75,1443.75,15,11
Dosa Coffee - Rohini Sec-7 (02/0008),02-0008,North,Fresh Watermelon Juice,,44,7474.13,1810.32,5663.81,11,33
Dosa Coffee - Rohini Sec-7 (02/0008),02-0008,North,Butter Idli Plate (2pc),,14,2575.55,1778.98,796.57,10,4
Dosa Coffee - Rohini Sec-7 (02/0008),02-0008,North,Butter,,66,3787.24,1577.53,2209.71,28,38
Dosa Coffee - Rohini Sec-7 (02/0008),02-0008,North,Cheese,,40,2345.39,1363.8,981.59,23,17
Dosa Coffee - Rohini Sec-7 (02/0008),02-0008,North,Homemade Lemonade,,21,2935.93,1104.45,1831.48,8,13
Dosa Coffee - Rohini Sec-7 (02/0008),02-0008,North,Appalam Papad (1pc),,48,1764.0,1029.0,735.0,28,20
Dosa Coffee - Rohini Sec-7 (02/0008),02-0008,North,Rasam Vada Plate (2 Pc),,10,1888.88,945.0,943.88,5,5
Dosa Coffee - Rohini Sec-7 (02/0008),02-0008,North,Jaggery Cinnamon Filter Coffee,,23,3061.09,900.06,2161.03,7,16
Dosa Coffee - Rohini Sec-7 (02/0008),02-0008,North,Raw Mango Chutney,,29,2114.4,897.52,1216.88,13,16
Dosa Coffee - Rohini Sec-7 (02/0008),02-0008,North,Black Coffee,,17,1482.66,857.91,624.75,10,7
Dosa Coffee - Rohini Sec-7 (02/0008),02-0008,North,Special White Coconut Chutney,,25,1766.42,776.76,989.66,12,13
Dosa Coffee - Rohini Sec-7 (02/0008),02-0008,North,Dosa Batter Kit (1 Kg),,5,2135.58,772.76,1362.82,2,3
Dosa Coffee - Rohini Sec-7 (02/0008),02-0008,North,Ghee,,40,2166.53,769.08,1397.44,14,26
Dosa Coffee - Rohini Sec-7 (02/0008),02-0008,North,Tomato Uttapam,,6,1480.5,740.25,740.25,3,3
Dosa Coffee - Rohini Sec-7 (02/0008),02-0008,North,Chocolate Filter Coffee,,10,1312.5,656.25,656.25,5,5
Dosa Coffee - Rohini Sec-7 (02/0008),02-0008,North,Packaging Charge,,70,1032.04,597.9,434.14,40,30
Dosa Coffee - Rohini Sec-7 (02/0008),02-0008,North,Extra Paratha(1 Pc),,11,930.47,594.87,335.6,7,4
Dosa Coffee - Rohini Sec-7 (02/0008),02-0008,North,Spicy Tomato Onion Chutney,,17,1108.61,537.68,570.93,9,8
Dosa Coffee - Rohini Sec-7 (02/0008),02-0008,North,Sambar Idli Plate (2pc),,7,1191.47,519.75,671.72,3,4
Dosa Coffee - Rohini Sec-7 (02/0008),02-0008,North,Special Spicy Coconut Chutney,,15,1084.39,467.26,617.13,7,8
Dosa Coffee - Rohini Sec-7 (02/0008),02-0008,North,Dadu`s Special Spicy Chutney,,7,535.16,368.09,167.07,5,2
Dosa Coffee - Rohini Sec-7 (02/0008),02-0008,North,Malkapodi & Ghee,,4,336.0,252.0,84.0,3,1
Dosa Coffee - Rohini Sec-7 (02/0008),02-0008,North,Plain Uttapam,,7,1653.75,236.25,1417.5,1,6
Dosa Coffee - Rohini Sec-7 (02/0008),02-0008,North,Coconut Rice,,1,232.64,232.64,,1,
Dosa Coffee - Rohini Sec-7 (02/0008),02-0008,North,Rasam Idli Plate (2pc),,6,1022.18,155.93,866.25,1,5
Dosa Coffee - Rohini Sec-7 (02/0008),02-0008,North,Extra Paneer Korma,,1,128.75,128.75,,1,
Dosa Coffee - Rohini Sec-7 (02/0008),02-0008,North,Dosa Coffee Glass Bottle,,3,59.97,19.99,39.98,1,2
Dosa Coffee - Rohini Sec-7 (02/0008),02-0008,North,Regular Sambar,,10026,0,0.0,0.0,4946,5080
Dosa Coffee - Rohini Sec-7 (02/0008),02-0008,North,Jain Sambar,,404,0,0.0,0.0,231,173
Dosa Coffee - Rohini Sec-7 (02/0008),02-0008,North,Benne Dosa Batter Kit (1 kg),,1,523.83,,523.83,,1
Gurgaon DLF (02/0009),02-0009,North,Masala Dosa,,1797,378168.49,198713.0,179455.49,979,818
Gurgaon DLF (02/0009),02-0009,North,Benne Masala Dosa,,764,193599.05,103018.76,90580.29,414,350
Gurgaon DLF (02/0009),02-0009,North,Garlic Ghee Roast Dosa,,382,96193.07,50217.05,45976.02,200,182
Gurgaon DLF (02/0009),02-0009,North,Idli Plate (2 pc),,554,85460.23,47801.49,37658.74,320,234
Gurgaon DLF (02/0009),02-0009,North,Dosa Coffee Tiffin,,268,72143.83,40062.99,32080.84,151,117
Gurgaon DLF (02/0009),02-0009,North,Thatte Idli Plate,,363,75179.31,39437.79,35741.52,193,170
Gurgaon DLF (02/0009),02-0009,North,Mysore Ghee Roast Dosa,,255,65249.43,36983.12,28266.31,146,109
Gurgaon DLF (02/0009),02-0009,North,Idli Vada Plate,,309,63285.65,32372.06,30913.59,162,147
Gurgaon DLF (02/0009),02-0009,North,Filter Coffee,,528,59801.02,30318.32,29482.7,267,261
Gurgaon DLF (02/0009),02-0009,North,Malabar Paratha with Paneer Korma,,221,60487.7,28689.92,31797.78,103,118
Gurgaon DLF (02/0009),02-0009,North,Mysore Benne Dosa,,197,51169.25,27468.27,23700.98,107,90
Gurgaon DLF (02/0009),02-0009,North,Ghee Roast Masala Dosa,,205,53690.7,26774.38,26916.32,105,100
Gurgaon DLF (02/0009),02-0009,North,Cold Coffee-Classic,,213,43350.75,23918.3,19432.45,117,96
Gurgaon DLF (02/0009),02-0009,North,Plain Dosa,,239,42080.12,22291.03,19789.09,128,111
Gurgaon DLF (02/0009),02-0009,North,Malkapodi Idli Plate (2pc),,202,36777.18,20658.31,16118.87,118,84
Gurgaon DLF (02/0009),02-0009,North,Benne Dosa,,227,50027.37,19411.83,30615.54,96,131
Gurgaon DLF (02/0009),02-0009,North,Medu Vada Plate (2 pc),,190,34709.07,17672.51,17036.56,99,91
Gurgaon DLF (02/0009),02-0009,North,Dosa Coffee Benne Tiffin,,116,30850.54,17493.41,13357.13,68,48
Gurgaon DLF (02/0009),02-0009,North,Fresh Buttermilk,,287,36883.95,17405.68,19478.27,136,151
Gurgaon DLF (02/0009),02-0009,North,Plain Ghee Roast Dosa,,146,33276.99,16505.16,16771.83,73,73
Gurgaon DLF (02/0009),02-0009,North,Garlic Benne Dosa,,129,32895.72,16297.97,16597.75,64,65
Gurgaon DLF (02/0009),02-0009,North,Potato Masala,,672,26957.49,14146.48,12811.01,351,321
Gurgaon DLF (02/0009),02-0009,North,Raw Mango Ghee Roast Dosa,,96,24123.89,14030.46,10093.43,55,41
Gurgaon DLF (02/0009),02-0009,North,Curd Rice,,103,21090.5,12288.24,8802.26,62,41
Gurgaon DLF (02/0009),02-0009,North,Raw Mango Benne Dosa,,66,16518.35,8895.76,7622.59,36,30
Gurgaon DLF (02/0009),02-0009,North,Dahi Vada Plate (2 pc),,80,15688.47,8214.05,7474.42,43,37
Gurgaon DLF (02/0009),02-0009,North,Fresh Watermelon Juice,,84,15627.28,8206.11,7421.17,44,40
Gurgaon DLF (02/0009),02-0009,North,Filter Coffee Flask (250ml),,83,17380.45,8035.84,9344.61,39,44
Gurgaon DLF (02/0009),02-0009,North,Sambar Idli Plate (2pc),,96,16308.37,7908.48,8399.89,47,49
Gurgaon DLF (02/0009),02-0009,North,Tomato Rice,,69,14705.08,7776.41,6928.67,37,32
Gurgaon DLF (02/0009),02-0009,North,Idli Fries,,98,16381.88,7696.4,8685.48,46,52
Gurgaon DLF (02/0009),02-0009,North,Lemon Rice,,50,10547.75,7329.44,3218.31,35,15
Gurgaon DLF (02/0009),02-0009,North,Ghee Idli Plate (2pc),,74,12753.99,7247.51,5506.48,43,31
Gurgaon DLF (02/0009),02-0009,North,Bisbelle Bhaat,,54,11528.65,6511.21,5017.44,31,23
Gurgaon DLF (02/0009),02-0009,North,Iced Filter Coffee,,60,7728.35,4564.27,3164.08,35,25
Gurgaon DLF (02/0009),02-0009,North,Kesari Halwa,,64,10227.54,4103.29,6124.25,26,38
Gurgaon DLF (02/0009),02-0009,North,Spicy Tomato Onion Ghee Roast Dosa,,34,8920.66,3918.91,5001.75,16,18
Gurgaon DLF (02/0009),02-0009,North,Upma,,32,5921.81,3848.06,2073.75,21,11
Gurgaon DLF (02/0009),02-0009,North,Sambar Vada Plate (2pc),,39,7261.8,3402.0,3859.8,18,21
Gurgaon DLF (02/0009),02-0009,North,Rasam & Papad,,36,4726.98,2937.5,1789.48,22,14
Gurgaon DLF (02/0009),02-0009,North,Srivillli Kheer,,27,3625.26,2495.64,1129.62,19,8
Gurgaon DLF (02/0009),02-0009,North,Open Butter Masala Dosa,,25,7035.97,2263.04,4772.93,8,17
Gurgaon DLF (02/0009),02-0009,North,Cold Coffee-Nuttela,,18,4252.93,2245.93,2007.0,10,8
Gurgaon DLF (02/0009),02-0009,North,Mango Shake,,28,5273.77,2092.35,3181.42,11,17
Gurgaon DLF (02/0009),02-0009,North,Cold Coffee-Crunchy Oreo,,9,2186.42,1483.39,703.03,6,3
Gurgaon DLF (02/0009),02-0009,North,Cheese,,52,2891.19,1461.91,1429.27,27,25
Gurgaon DLF (02/0009),02-0009,North,Packaged Drinking Water-500 ml,,73,2582.67,1292.31,1290.36,37,36
Gurgaon DLF (02/0009),02-0009,North,Strawberry Shake,,12,2308.78,1159.12,1149.66,6,6
Gurgaon DLF (02/0009),02-0009,North,Onion,,76,1923.2,1092.92,830.28,43,33
Gurgaon DLF (02/0009),02-0009,North,Butter,,26,1411.49,862.25,549.24,16,10
Gurgaon DLF (02/0009),02-0009,North,Special Spicy Coconut Chutney,,14,1004.24,677.24,327.0,10,4
Gurgaon DLF (02/0009),02-0009,North,Raw Mango Chutney,,11,827.71,524.84,302.87,7,4
Gurgaon DLF (02/0009),02-0009,North,Black Coffee,,16,1213.61,417.64,795.97,6,10
Gurgaon DLF (02/0009),02-0009,North,Ghee,,8,448.5,293.93,154.57,5,3
Gurgaon DLF (02/0009),02-0009,North,Dadu`s Special Spicy Chutney,,5,411.47,252.47,159.0,3,2
Gurgaon DLF (02/0009),02-0009,North,Special White Coconut Chutney,,3,222.01,155.47,66.54,2,1
Gurgaon DLF (02/0009),02-0009,North,Spicy Tomato Onion Chutney,,6,427.04,112.73,314.31,2,4
Gurgaon DLF (02/0009),02-0009,North,Packaging Charge,,10,87.0,15.0,72.0,5,5
Gurgaon DLF (02/0009),02-0009,North,Jain Sambar,,834,0,0.0,0.0,390,444
Gurgaon DLF (02/0009),02-0009,North,Regular Sambar,,7352,0,0.0,0.0,3861,3491
Gurgaon Sec-15 (02/0010),02-0010,North,Masala Dosa,,825,179729.79,89756.85,89972.94,418,407
Gurgaon Sec-15 (02/0010),02-0010,North,Benne Masala Dosa,,664,167820.82,81495.45,86325.37,325,339
Gurgaon Sec-15 (02/0010),02-0010,North,Idli Plate (2 pc),,481,79466.45,38903.85,40562.6,241,240
Gurgaon Sec-15 (02/0010),02-0010,North,Thatte Idli Plate,,352,70696.37,35066.17,35630.2,174,178
Gurgaon Sec-15 (02/0010),02-0010,North,Filter Coffee,,637,72556.27,34935.76,37620.51,306,331
Gurgaon Sec-15 (02/0010),02-0010,North,Mysore Masala Dosa,,185,50380.81,27126.78,23254.03,99,86
Gurgaon Sec-15 (02/0010),02-0010,North,DC Tiffin @ 150,,327,51502.5,27090.0,24412.5,172,155
Gurgaon Sec-15 (02/0010),02-0010,North,Paniyaram (10 Pcs),,219,55944.73,26195.1,29749.63,103,116
Gurgaon Sec-15 (02/0010),02-0010,North,Ghee Roast Masala Dosa,,200,52448.05,23802.2,28645.85,92,108
Gurgaon Sec-15 (02/0010),02-0010,North,Malabar Paratha with Paneer Korma,,171,46095.29,23521.61,22573.68,86,85
Gurgaon Sec-15 (02/0010),02-0010,North,Mixed Uttapam,,153,38705.57,22332.99,16372.58,91,62
Gurgaon Sec-15 (02/0010),02-0010,North,Garlic Ghee Roast Dosa,,153,39714.35,21561.19,18153.16,83,70
Gurgaon Sec-15 (02/0010),02-0010,North,Medu Vada Plate (2 pc),,240,45555.97,21095.56,24460.41,112,128
Gurgaon Sec-15 (02/0010),02-0010,North,Cold Coffee-Classic,,181,37134.55,19404.86,17729.69,94,87
Gurgaon Sec-15 (02/0010),02-0010,North,Garlic Benne Dosa,,125,32828.57,17413.93,15414.64,66,59
Gurgaon Sec-15 (02/0010),02-0010,North,Benne Dosa,,156,34065.86,17108.01,16957.85,78,78
Gurgaon Sec-15 (02/0010),02-0010,North,Idli Vada Plate,,158,33177.96,17024.48,16153.48,82,76
Gurgaon Sec-15 (02/0010),02-0010,North,Rava Plain Dosa,,150,34546.79,15505.63,19041.16,68,82
Gurgaon Sec-15 (02/0010),02-0010,North,Guntur Karampodi Dosa,,81,26561.2,14319.2,12242.0,44,37
Gurgaon Sec-15 (02/0010),02-0010,North,Plain Dosa,,150,27359.91,14237.92,13121.99,77,73
Gurgaon Sec-15 (02/0010),02-0010,North,Raw Mango Ghee Roast Dosa,,100,25874.04,14161.51,11712.53,55,45
Gurgaon Sec-15 (02/0010),02-0010,North,Mysore Ghee Roast Dosa,,102,25705.67,11546.05,14159.62,47,55
Gurgaon Sec-15 (02/0010),02-0010,North,Dahi Vada Plate (2 pc),,97,20805.61,11065.93,9739.68,52,45
Gurgaon Sec-15 (02/0010),02-0010,North,Fresh Buttermilk,,162,20378.38,10304.72,10073.66,83,79
Gurgaon Sec-15 (02/0010),02-0010,North,Raw Mango Benne Dosa,,80,19918.01,10132.47,9785.54,41,39
Gurgaon Sec-15 (02/0010),02-0010,North,Malkapodi Idli Plate (2pc),,104,19303.54,9978.95,9324.59,55,49
Gurgaon Sec-15 (02/0010),02-0010,North,Mysore Benne Dosa,,67,17892.94,9785.86,8107.08,37,30
Gurgaon Sec-15 (02/0010),02-0010,North,Garlic Masala Dosa,,62,16916.55,8447.93,8468.62,31,31
Gurgaon Sec-15 (02/0010),02-0010,North,Paneer Dosa,,49,16449.36,7854.19,8595.17,24,25
Gurgaon Sec-15 (02/0010),02-0010,North,Homemade Sparkling Lemonade,,110,16346.86,7779.42,8567.44,52,58
Gurgaon Sec-15 (02/0010),02-0010,North,Fresh Watermelon Juice,,70,11845.59,7053.63,4791.96,41,29
Gurgaon Sec-15 (02/0010),02-0010,North,Idli Fries,,94,17365.35,6995.72,10369.63,39,55
Gurgaon Sec-15 (02/0010),02-0010,North,Curd Rice,,62,13452.17,6704.02,6748.15,32,30
Gurgaon Sec-15 (02/0010),02-0010,North,Thindi Ghee Podi Masala Dosa,,41,10830.48,6520.98,4309.5,25,16
Gurgaon Sec-15 (02/0010),02-0010,North,Dosa Coffee Tiffin,,31,8456.49,6397.03,2059.46,23,8
Gurgaon Sec-15 (02/0010),02-0010,North,Onion Uttapam,,48,11708.62,6106.62,5602.0,25,23
Gurgaon Sec-15 (02/0010),02-0010,North,Plain Ghee Roast Dosa,,51,10997.57,5915.62,5081.95,27,24
Gurgaon Sec-15 (02/0010),02-0010,North,Tomato Rice,,46,9980.57,5473.78,4506.79,25,21
Gurgaon Sec-15 (02/0010),02-0010,North,Potato Masala,,271,10401.93,5361.94,5039.99,142,129
Gurgaon Sec-15 (02/0010),02-0010,North,Rasam & Papad,,112,11010.29,4614.63,6395.66,47,65
Gurgaon Sec-15 (02/0010),02-0010,North,Malkapodi Masala Dosa,,41,11286.21,4200.25,7085.96,15,26
Gurgaon Sec-15 (02/0010),02-0010,North,Cheese Paniyaram (10 Pcs),,25,7142.33,4135.7,3006.63,14,11
Gurgaon Sec-15 (02/0010),02-0010,North,Srivillli Kheer,,68,8738.64,4099.48,4639.16,32,36
Gurgaon Sec-15 (02/0010),02-0010,North,Mysore Dosa,,40,9301.24,3922.72,5378.52,16,24
Gurgaon Sec-15 (02/0010),02-0010,North,Tomato Onion Uttapam,,35,8767.96,3845.75,4922.21,15,20
Gurgaon Sec-15 (02/0010),02-0010,North,Dosa Coffee Benne Tiffin,,25,7195.78,3759.41,3436.37,13,12
Gurgaon Sec-15 (02/0010),02-0010,North,Cold Coffee-Nuttela,,26,6193.29,3739.5,2453.79,15,11
Gurgaon Sec-15 (02/0010),02-0010,North,Upma,,43,7836.87,3428.53,4408.34,19,24
Gurgaon Sec-15 (02/0010),02-0010,North,Lemon Rice,,32,7215.91,3334.16,3881.75,15,17
Gurgaon Sec-15 (02/0010),02-0010,North,Open Butter Masala Dosa,,19,5031.23,3213.0,1818.23,12,7
Gurgaon Sec-15 (02/0010),02-0010,North,Paper Plain Dosa,,31,7064.91,3012.42,4052.49,13,18
Gurgaon Sec-15 (02/0010),02-0010,North,Bisbelle Bhaat,,31,6929.66,3000.36,3929.3,14,17
Gurgaon Sec-15 (02/0010),02-0010,North,Vegetable Uttapam,,32,7920.97,2854.25,5066.72,11,21
Gurgaon Sec-15 (02/0010),02-0010,North,Mango Shake,,31,6021.75,2719.5,3302.25,14,17
Gurgaon Sec-15 (02/0010),02-0010,North,Iced Filter Coffee,,66,8628.44,2459.69,6168.75,19,47
Gurgaon Sec-15 (02/0010),02-0010,North,Ghee Idli Plate (2pc),,30,5406.98,2242.21,3164.77,13,17
Gurgaon Sec-15 (02/0010),02-0010,North,Homemade Lemonade,,34,4751.99,2200.49,2551.5,16,18
Gurgaon Sec-15 (02/0010),02-0010,North,Malkapodi Dosa,,15,3518.12,2198.49,1319.63,9,6
Gurgaon Sec-15 (02/0010),02-0010,North,Filter Coffee Flask (250ml),,21,4223.77,1932.27,2291.5,10,11
Gurgaon Sec-15 (02/0010),02-0010,North,Onion,,122,3579.56,1929.45,1650.11,65,57
Gurgaon Sec-15 (02/0010),02-0010,North,Packaged Drinking Water-500 ml,,120,4191.82,1914.26,2277.56,55,65
Gurgaon Sec-15 (02/0010),02-0010,North,Thindi Podi Idli,,22,4479.39,1868.6,2610.79,9,13
Gurgaon Sec-15 (02/0010),02-0010,North,Jaggery Cinnamon Filter Coffee,,23,3139.5,1774.5,1365.0,13,10
Gurgaon Sec-15 (02/0010),02-0010,North,Garlic Dosa,,25,6075.32,1771.76,4303.56,7,18
Gurgaon Sec-15 (02/0010),02-0010,North,Kesari Halwa,,73,10093.03,1754.21,8338.82,14,59
Gurgaon Sec-15 (02/0010),02-0010,North,Appalam Papad (1pc),,98,3547.74,1710.24,1837.5,48,50
Gurgaon Sec-15 (02/0010),02-0010,North,Strawberry Shake,,14,2667.41,1696.16,971.25,9,5
Gurgaon Sec-15 (02/0010),02-0010,North,Cold Coffee-Crunchy Oreo,,18,3969.0,1543.5,2425.5,7,11
Gurgaon Sec-15 (02/0010),02-0010,North,Butter Idli Plate (2pc),,15,2810.81,1372.42,1438.39,7,8
Gurgaon Sec-15 (02/0010),02-0010,North,Butter,,27,1650.35,1023.45,626.9,17,10
Gurgaon Sec-15 (02/0010),02-0010,North,Sambar Vada Plate (2pc),,11,2079.65,929.93,1149.72,5,6
Gurgaon Sec-15 (02/0010),02-0010,North,Sambar Idli Plate (2pc),,11,1871.42,866.25,1005.17,5,6
Gurgaon Sec-15 (02/0010),02-0010,North,Black Coffee,,18,1606.5,714.0,892.5,8,10
Gurgaon Sec-15 (02/0010),02-0010,North,Chocolate Filter Coffee,,13,1622.96,704.21,918.75,6,7
Gurgaon Sec-15 (02/0010),02-0010,North,Filter Coffee Cappuccino,,16,2100.0,656.25,1443.75,5,11
Gurgaon Sec-15 (02/0010),02-0010,North,Raw Mango Chutney,,26,1882.77,577.94,1304.83,8,18
Gurgaon Sec-15 (02/0010),02-0010,North,Cheese,,25,1445.64,576.71,868.93,10,15
Gurgaon Sec-15 (02/0010),02-0010,North,Special White Coconut Chutney,,19,1336.5,546.69,789.81,8,11
Gurgaon Sec-15 (02/0010),02-0010,North,Rasam Vada Plate (2 Pc),,13,2353.16,539.28,1813.88,3,10
Gurgaon Sec-15 (02/0010),02-0010,North,Rasam Idli Plate (2pc),,11,1922.25,536.25,1386.0,3,8
Gurgaon Sec-15 (02/0010),02-0010,North,Extra Paratha(1 Pc),,17,1510.67,535.5,975.17,6,11
Gurgaon Sec-15 (02/0010),02-0010,North,Lemon Iced Tea,,7,918.75,525.0,393.75,4,3
Gurgaon Sec-15 (02/0010),02-0010,North,Spicy Tomato Onion Ghee Roast Dosa,,7,1809.7,520.96,1288.74,2,5
Gurgaon Sec-15 (02/0010),02-0010,North,Packaging Charge,,73,1075.51,501.06,574.45,34,39
Gurgaon Sec-15 (02/0010),02-0010,North,Plain Uttapam,,3,691.33,472.5,218.83,2,1
Gurgaon Sec-15 (02/0010),02-0010,North,Dosa Batter Kit (1 Kg),,2,866.86,447.7,419.16,1,1
Gurgaon Sec-15 (02/0010),02-0010,North,Ghee,,18,1011.93,388.29,623.64,7,11
Gurgaon Sec-15 (02/0010),02-0010,North,Spicy Tomato Onion Chutney,,10,683.31,277.18,406.13,4,6
Gurgaon Sec-15 (02/0010),02-0010,North,Dosa Coffee Glass Bottle,,39,811.38,257.35,554.03,13,26
Gurgaon Sec-15 (02/0010),02-0010,North,Tomato Uttapam,,4,987.0,246.75,740.25,1,3
Gurgaon Sec-15 (02/0010),02-0010,North,Coconut Rice,,1,236.25,236.25,,1,
Gurgaon Sec-15 (02/0010),02-0010,North,Special Spicy Coconut Chutney,,3,229.24,84.0,145.24,1,2
Gurgaon Sec-15 (02/0010),02-0010,North,Malkapodi & Ghee,,4,336.0,84.0,252.0,1,3
Gurgaon Sec-15 (02/0010),02-0010,North,Dadu`s Special Spicy Chutney,,2,139.83,63.0,76.83,1,1
Gurgaon Sec-15 (02/0010),02-0010,North,Jain Sambar,,235,0,0.0,0.0,116,119
Gurgaon Sec-15 (02/0010),02-0010,North,Regular Sambar,,5601,0,0.0,0.0,2796,2805
"Dosa Coffee - Pacific mall, Jasola",02-0011,North,Masala Dosa,,1342,307468.51,156774.25,150694.26,689,653
"Dosa Coffee - Pacific mall, Jasola",02-0011,North,Benne Masala Dosa,,869,220300.86,100094.3,120206.56,398,471
"Dosa Coffee - Pacific mall, Jasola",02-0011,North,Filter Coffee,,1616,184091.39,88226.46,95864.93,776,840
"Dosa Coffee - Pacific mall, Jasola",02-0011,North,Mysore Masala Dosa,,514,140384.1,64879.38,75504.72,237,277
"Dosa Coffee - Pacific mall, Jasola",02-0011,North,Thatte Idli Plate,,518,103905.24,49096.23,54809.01,246,272
"Dosa Coffee - Pacific mall, Jasola",02-0011,North,Idli Plate (2 pc),,546,92007.8,45577.38,46430.42,269,277
"Dosa Coffee - Pacific mall, Jasola",02-0011,North,Ghee Roast Masala Dosa,,331,84509.58,44076.3,40433.28,173,158
"Dosa Coffee - Pacific mall, Jasola",02-0011,North,Cold Coffee-Classic,,402,81024.46,35068.11,45956.35,176,226
"Dosa Coffee - Pacific mall, Jasola",02-0011,North,Medu Vada Plate (2 pc),,330,63692.78,30561.76,33131.02,158,172
"Dosa Coffee - Pacific mall, Jasola",02-0011,North,Rava Plain Dosa,,276,63711.48,29090.56,34620.92,127,149
"Dosa Coffee - Pacific mall, Jasola",02-0011,North,Garlic Masala Dosa,,194,52575.83,28135.72,24440.11,105,89
"Dosa Coffee - Pacific mall, Jasola",02-0011,North,Homemade Sparkling Lemonade,,355,52506.61,27487.77,25018.84,187,168
"Dosa Coffee - Pacific mall, Jasola",02-0011,North,Malabar Paratha with Paneer Korma,,205,54668.73,26839.87,27828.86,102,103
"Dosa Coffee - Pacific mall, Jasola",02-0011,North,Plain Dosa,,269,50576.93,25336.65,25240.28,135,134
"Dosa Coffee - Pacific mall, Jasola",02-0011,North,Mixed Uttapam,,187,49167.15,23366.47,25800.68,88,99
"Dosa Coffee - Pacific mall, Jasola",02-0011,North,Paneer Dosa,,131,42802.79,20162.7,22640.09,61,70
"Dosa Coffee - Pacific mall, Jasola",02-0011,North,Garlic Ghee Roast Dosa,,125,32242.25,17491.71,14750.54,68,57
"Dosa Coffee - Pacific mall, Jasola",02-0011,North,Paniyaram (10 Pcs),,117,29144.39,16988.47,12155.92,69,48
"Dosa Coffee - Pacific mall, Jasola",02-0011,North,Fresh Buttermilk,,241,30936.89,16864.06,14072.83,131,110
"Dosa Coffee - Pacific mall, Jasola",02-0011,North,Mysore Dosa,,149,28992.33,16680.63,12311.7,86,63
"Dosa Coffee - Pacific mall, Jasola",02-0011,North,Dahi Vada Plate (2 pc),,168,36112.01,16063.99,20048.02,75,93
"Dosa Coffee - Pacific mall, Jasola",02-0011,North,Benne Dosa,,125,26553.6,15062.79,11490.81,70,55
"Dosa Coffee - Pacific mall, Jasola",02-0011,North,Fresh Watermelon Juice,,133,22457.25,14678.46,7778.79,88,45
"Dosa Coffee - Pacific mall, Jasola",02-0011,North,Idli Vada Plate,,118,26704.0,14583.31,12120.69,65,53
"Dosa Coffee - Pacific mall, Jasola",02-0011,North,Plain Ghee Roast Dosa,,106,22835.55,14237.14,8598.41,66,40
"Dosa Coffee - Pacific mall, Jasola",02-0011,North,Guntur Karampodi Dosa,,72,23863.76,11547.06,12316.7,35,37
"Dosa Coffee - Pacific mall, Jasola",02-0011,North,Raw Mango Ghee Roast Dosa,,91,23460.42,11525.25,11935.17,46,45
"Dosa Coffee - Pacific mall, Jasola",02-0011,North,Malkapodi Idli Plate (2pc),,118,22389.67,11510.54,10879.13,63,55
"Dosa Coffee - Pacific mall, Jasola",02-0011,North,Idli Fries,,105,20047.5,10839.02,9208.48,56,49
"Dosa Coffee - Pacific mall, Jasola",02-0011,North,Garlic Benne Dosa,,79,20422.46,10708.11,9714.35,42,37
"Dosa Coffee - Pacific mall, Jasola",02-0011,North,Upma,,88,15878.57,9836.07,6042.5,54,34
"Dosa Coffee - Pacific mall, Jasola",02-0011,North,Mysore Ghee Roast Dosa,,94,24199.85,9713.06,14486.79,38,56
"Dosa Coffee - Pacific mall, Jasola",02-0011,North,Malkapodi Masala Dosa,,65,17794.78,9586.49,8208.29,35,30
"Dosa Coffee - Pacific mall, Jasola",02-0011,North,Srivillli Kheer,,129,16292.26,9320.47,6971.79,73,56
"Dosa Coffee - Pacific mall, Jasola",02-0011,North,Onion Uttapam,,83,20104.54,8959.23,11145.31,37,46
"Dosa Coffee - Pacific mall, Jasola",02-0011,North,Mysore Benne Dosa,,73,19218.21,8944.64,10273.57,34,39
"Dosa Coffee - Pacific mall, Jasola",02-0011,North,Iced Filter Coffee,,134,17144.53,8886.16,8258.37,69,65
"Dosa Coffee - Pacific mall, Jasola",02-0011,North,Curd Rice,,67,15028.25,8551.9,6476.35,38,29
"Dosa Coffee - Pacific mall, Jasola",02-0011,North,Tomato Rice,,71,16127.63,8435.52,7692.11,38,33
"Dosa Coffee - Pacific mall, Jasola",02-0011,North,Rasam & Papad,,163,16039.03,7880.25,8158.78,79,84
"Dosa Coffee - Pacific mall, Jasola",02-0011,North,Thindi Ghee Podi Masala Dosa,,49,12612.32,7826.7,4785.62,31,18
"Dosa Coffee - Pacific mall, Jasola",02-0011,North,Raw Mango Benne Dosa,,64,16990.5,7454.5,9536.0,28,36
"Dosa Coffee - Pacific mall, Jasola",02-0011,North,Jaggery Cinnamon Filter Coffee,,96,12917.54,7098.95,5818.59,53,43
"Dosa Coffee - Pacific mall, Jasola",02-0011,North,Cold Coffee-Nuttela,,52,12726.17,6662.25,6063.92,27,25
"Dosa Coffee - Pacific mall, Jasola",02-0011,North,Packaged Drinking Water-500 ml,,329,11527.73,5705.18,5822.55,162,167
"Dosa Coffee - Pacific mall, Jasola",02-0011,North,Potato Masala,,321,12529.2,5691.57,6837.62,149,172
"Dosa Coffee - Pacific mall, Jasola",02-0011,North,Cheese Paniyaram (10 Pcs),,47,14003.45,5215.93,8787.52,17,30
"Dosa Coffee - Pacific mall, Jasola",02-0011,North,Filter Coffee Cappuccino,,85,11000.93,5105.63,5895.3,39,46
"Dosa Coffee - Pacific mall, Jasola",02-0011,North,Open Butter Masala Dosa,,35,9106.71,5090.46,4016.25,20,15
"Dosa Coffee - Pacific mall, Jasola",02-0011,North,Homemade Lemonade,,50,6934.65,4965.39,1969.26,36,14
"Dosa Coffee - Pacific mall, Jasola",02-0011,North,Bisbelle Bhaat,,38,8862.24,4859.38,4002.86,21,17
"Dosa Coffee - Pacific mall, Jasola",02-0011,North,Vegetable Uttapam,,53,13177.96,4854.43,8323.53,19,34
"Dosa Coffee - Pacific mall, Jasola",02-0011,North,Dosa Coffee Tiffin,,45,12284.26,4823.76,7460.5,19,26
"Dosa Coffee - Pacific mall, Jasola",02-0011,North,Ghee Idli Plate (2pc),,33,6210.12,4650.96,1559.16,25,8
"Dosa Coffee - Pacific mall, Jasola",02-0011,North,Lemon Rice,,42,9465.66,4633.26,4832.4,21,21
"Dosa Coffee - Pacific mall, Jasola",02-0011,North,Mango Shake,,61,11183.72,4529.02,6654.7,25,36
"Dosa Coffee - Pacific mall, Jasola",02-0011,North,Paper Plain Dosa,,37,8617.58,4414.95,4202.63,19,18
"Dosa Coffee - Pacific mall, Jasola",02-0011,North,Lemon Iced Tea,,58,7536.37,4386.37,3150.0,34,24
"Dosa Coffee - Pacific mall, Jasola",02-0011,North,Cold Coffee-Crunchy Oreo,,60,12388.95,4256.66,8132.29,22,38
"Dosa Coffee - Pacific mall, Jasola",02-0011,North,Sambar Vada Plate (2pc),,44,8602.13,4253.03,4349.1,22,22
"Dosa Coffee - Pacific mall, Jasola",02-0011,North,Dosa Coffee Benne Tiffin,,22,6188.86,4096.06,2092.8,15,7
"Dosa Coffee - Pacific mall, Jasola",02-0011,North,Kesari Halwa,,132,17310.06,3801.26,13508.8,30,102
"Dosa Coffee - Pacific mall, Jasola",02-0011,North,Strawberry Shake,,35,6676.83,3576.33,3100.5,19,16
"Dosa Coffee - Pacific mall, Jasola",02-0011,North,Tomato Onion Uttapam,,31,7888.13,3457.88,4430.25,14,17
"Dosa Coffee - Pacific mall, Jasola",02-0011,North,Rasam Vada Plate (2 Pc),,35,6538.54,3325.54,3213.0,18,17
"Dosa Coffee - Pacific mall, Jasola",02-0011,North,Chocolate Filter Coffee,,50,6426.06,2774.98,3651.08,22,28
"Dosa Coffee - Pacific mall, Jasola",02-0011,North,Onion,,156,4725.01,2116.44,2608.57,70,86
"Dosa Coffee - Pacific mall, Jasola",02-0011,North,Garlic Dosa,,25,5643.31,2079.75,3563.56,9,16
"Dosa Coffee - Pacific mall, Jasola",02-0011,North,Black Coffee,,53,4550.51,2073.09,2477.42,24,29
"Dosa Coffee - Pacific mall, Jasola",02-0011,North,Appalam Papad (1pc),,137,4886.25,1989.34,2896.91,57,80
"Dosa Coffee - Pacific mall, Jasola",02-0011,North,Sambar Idli Plate (2pc),,24,4174.5,1749.0,2425.5,10,14
"Dosa Coffee - Pacific mall, Jasola",02-0011,North,Tomato Uttapam,,9,2192.47,1698.97,493.5,7,2
"Dosa Coffee - Pacific mall, Jasola",02-0011,North,Filter Coffee Flask (250ml),,14,2948.14,1696.16,1251.98,8,6
"Dosa Coffee - Pacific mall, Jasola",02-0011,North,Malkapodi Dosa,,23,5236.77,1592.96,3643.81,7,16
"Dosa Coffee - Pacific mall, Jasola",02-0011,North,Rasam Idli Plate (2pc),,19,3208.87,1527.39,1681.48,9,10
"Dosa Coffee - Pacific mall, Jasola",02-0011,North,Thindi Podi Idli,,18,3780.0,1260.0,2520.0,6,12
"Dosa Coffee - Pacific mall, Jasola",02-0011,North,Raw Mango Chutney,,27,2074.32,1249.96,824.36,16,11
"Dosa Coffee - Pacific mall, Jasola",02-0011,North,Plain Uttapam,,6,1417.5,1181.25,236.25,5,1
"Dosa Coffee - Pacific mall, Jasola",02-0011,North,Butter,,31,1903.58,1170.37,733.2,19,12
"Dosa Coffee - Pacific mall, Jasola",02-0011,North,Spicy Tomato Onion Ghee Roast Dosa,,9,2354.63,1044.23,1310.4,4,5
"Dosa Coffee - Pacific mall, Jasola",02-0011,North,Cheese,,21,1219.33,798.65,420.68,14,7
"Dosa Coffee - Pacific mall, Jasola",02-0011,North,Extra Paratha(1 Pc),,20,1746.0,611.36,1134.64,7,13
"Dosa Coffee - Pacific mall, Jasola",02-0011,North,Benne Dosa Batter Kit (1 kg),,1,447.7,447.7,,1,
"Dosa Coffee - Pacific mall, Jasola",02-0011,North,Extra Paneer Korma,,4,540.7,409.45,131.25,3,1
"Dosa Coffee - Pacific mall, Jasola",02-0011,North,Packaging Charge,,65,949.65,375.0,574.65,25,40
"Dosa Coffee - Pacific mall, Jasola",02-0011,North,Butter Idli Plate (2pc),,10,1904.08,365.85,1538.23,2,8
"Dosa Coffee - Pacific mall, Jasola",02-0011,North,Coconut Rice,,5,1181.25,236.25,945.0,1,4
"Dosa Coffee - Pacific mall, Jasola",02-0011,North,Special White Coconut Chutney,,4,289.2,205.2,84.0,3,1
"Dosa Coffee - Pacific mall, Jasola",02-0011,North,Dosa Coffee Glass Bottle,,17,300.17,180.23,119.94,11,6
"Dosa Coffee - Pacific mall, Jasola",02-0011,North,Malkapodi & Ghee,,2,168.0,168.0,,2,
"Dosa Coffee - Pacific mall, Jasola",02-0011,North,Ghee,,12,549.39,167.06,382.33,3,9
"Dosa Coffee - Pacific mall, Jasola",02-0011,North,Spicy Tomato Onion Chutney,,4,268.68,143.24,125.44,2,2
"Dosa Coffee - Pacific mall, Jasola",02-0011,North,Regular Sambar,,8853,0,0.0,0.0,4502,4351
"Dosa Coffee - Pacific mall, Jasola",02-0011,North,Jain Sambar,,167,0,0.0,0.0,79,88
"Dosa Coffee - Pacific mall, Jasola",02-0011,North,Dadu`s Special Spicy Chutney,,2,147.0,,147.0,,2
Connaught place (02/0012),02-0012,North,Benne Masala Dosa,,2253,571979.03,275365.45,296613.58,1088,1165
Connaught place (02/0012),02-0012,North,Masala Dosa,,1395,323890.67,129603.76,194286.91,562,833
Connaught place (02/0012),02-0012,North,Filter Coffee,,2202,251463.37,110989.95,140473.42,975,1227
Connaught place (02/0012),02-0012,North,Thatte Idli Plate,,1133,229516.82,104927.87,124588.95,520,613
Connaught place (02/0012),02-0012,North,Cold Coffee-Classic,,969,196050.3,94440.72,101609.58,466,503
Connaught place (02/0012),02-0012,North,Mysore Masala Dosa,,768,211883.64,76452.32,135431.32,278,490
Connaught place (02/0012),02-0012,North,Ghee Roast Masala Dosa,,415,106328.22,52375.08,53953.14,205,210
Connaught place (02/0012),02-0012,North,Idli Plate (2 pc),,1164,198715.23,50803.81,147911.42,308,856
Connaught place (02/0012),02-0012,North,Garlic Ghee Roast Dosa,,333,86529.62,38092.94,48436.68,149,184
Connaught place (02/0012),02-0012,North,Malabar Paratha with Paneer Korma,,272,73143.01,37054.98,36088.03,139,133
Connaught place (02/0012),02-0012,North,Rava Plain Dosa,,309,71685.66,32567.88,39117.78,142,167
Connaught place (02/0012),02-0012,North,Homemade Sparkling Lemonade,,426,63854.08,31746.02,32108.06,211,215
Connaught place (02/0012),02-0012,North,Medu Vada Plate (2 pc),,388,74394.14,31165.8,43228.34,165,223
Connaught place (02/0012),02-0012,North,Mysore Ghee Roast Dosa,,201,52722.16,28212.91,24509.25,108,93
Connaught place (02/0012),02-0012,North,Garlic Benne Dosa,,274,71531.72,26357.3,45174.42,102,172
Connaught place (02/0012),02-0012,North,Fresh Buttermilk,,396,51244.67,26170.38,25074.29,203,193
Connaught place (02/0012),02-0012,North,Mixed Uttapam,,204,53286.08,25624.8,27661.28,97,107
Connaught place (02/0012),02-0012,North,Guntur Karampodi Dosa,,196,64988.83,24885.39,40103.44,75,121
Connaught place (02/0012),02-0012,North,Raw Mango Benne Dosa,,217,55804.28,24722.39,31081.89,99,118
Connaught place (02/0012),02-0012,North,Benne Dosa,,250,54389.72,24314.86,30074.86,112,138
Connaught place (02/0012),02-0012,North,Raw Mango Ghee Roast Dosa,,186,48556.32,22481.83,26074.49,87,99
Connaught place (02/0012),02-0012,North,Mysore Benne Dosa,,184,48885.41,22241.5,26643.91,84,100
Connaught place (02/0012),02-0012,North,Paniyaram (10 Pcs),,183,45037.4,21135.78,23901.62,87,96
Connaught place (02/0012),02-0012,North,Plain Dosa,,342,65802.35,18502.18,47300.17,98,244
Connaught place (02/0012),02-0012,North,Garlic Masala Dosa,,160,43759.22,17862.19,25897.03,66,94
Connaught place (02/0012),02-0012,North,Paneer Dosa,,117,38285.5,16939.67,21345.83,51,66
Connaught place (02/0012),02-0012,North,Dahi Vada Plate (2 pc),,186,41031.01,16855.86,24175.15,77,109
Connaught place (02/0012),02-0012,North,Packaged Drinking Water-500 ml,,839,29761.13,14907.98,14853.15,423,416
Connaught place (02/0012),02-0012,North,Iced Filter Coffee,,249,32428.32,14626.95,17801.37,112,137
Connaught place (02/0012),02-0012,North,Malkapodi Masala Dosa,,105,28897.09,13322.95,15574.14,48,57
Connaught place (02/0012),02-0012,North,Fresh Watermelon Juice,,196,33081.16,12920.09,20161.07,78,118
Connaught place (02/0012),02-0012,North,Vegetable Uttapam,,96,24643.69,12587.1,12056.59,49,47
Connaught place (02/0012),02-0012,North,Idli Fries,,146,29284.25,12416.78,16867.47,62,84
Connaught place (02/0012),02-0012,North,Malkapodi Idli Plate (2pc),,158,31696.77,12027.96,19668.81,61,97
Connaught place (02/0012),02-0012,North,Homemade Lemonade,,153,21567.99,11833.48,9734.51,84,69
Connaught place (02/0012),02-0012,North,Mango Shake,,113,21308.92,11596.42,9712.5,61,52
Connaught place (02/0012),02-0012,North,Potato Masala,,650,26512.5,11485.66,15026.85,287,363
Connaught place (02/0012),02-0012,North,Open Butter Masala Dosa,,78,20702.51,9778.31,10924.2,37,41
Connaught place (02/0012),02-0012,North,Cold Coffee-Crunchy Oreo,,100,21941.14,9683.17,12257.97,44,56
Connaught place (02/0012),02-0012,North,Onion Uttapam,,79,19426.92,9579.32,9847.6,39,40
Connaught place (02/0012),02-0012,North,Plain Ghee Roast Dosa,,102,21747.98,9395.91,12352.07,44,58
Connaught place (02/0012),02-0012,North,Rasam & Papad,,206,20229.44,9147.01,11082.43,93,113
Connaught place (02/0012),02-0012,North,Tomato Rice,,70,16117.22,9047.93,7069.29,39,31
Connaught place (02/0012),02-0012,North,Idli Vada Plate,,105,23462.84,8997.97,14464.87,41,64
Connaught place (02/0012),02-0012,North,Lemon Rice,,84,19709.5,8383.49,11326.01,36,48
Connaught place (02/0012),02-0012,North,Cold Coffee-Nuttela,,69,16721.06,8364.32,8356.74,34,35
Connaught place (02/0012),02-0012,North,Upma,,117,21317.08,8340.5,12976.58,46,71
Connaught place (02/0012),02-0012,North,Strawberry Shake,,74,13923.95,7964.25,5959.7,41,33
Connaught place (02/0012),02-0012,North,Jaggery Cinnamon Filter Coffee,,128,17334.61,7711.03,9623.58,57,71
Connaught place (02/0012),02-0012,North,Srivillli Kheer,,156,20114.06,7650.65,12463.41,60,96
Connaught place (02/0012),02-0012,North,Kesari Halwa,,209,27836.35,7127.94,20708.41,54,155
Connaught place (02/0012),02-0012,North,Filter Coffee Cappuccino,,118,15054.26,6802.94,8251.32,55,63
Connaught place (02/0012),02-0012,North,Thindi Ghee Podi Masala Dosa,,79,21012.71,6383.98,14628.73,24,55
Connaught place (02/0012),02-0012,North,Curd Rice,,61,13519.26,6339.58,7179.68,29,32
Connaught place (02/0012),02-0012,North,Rasam Vada Plate (2 Pc),,49,9168.96,6191.38,2977.58,33,16
Connaught place (02/0012),02-0012,North,Cheese Paniyaram (10 Pcs),,37,11376.52,6177.51,5199.01,20,17
Connaught place (02/0012),02-0012,North,Dosa Coffee Tiffin,,70,18345.68,5877.24,12468.44,24,46
Connaught place (02/0012),02-0012,North,Mysore Dosa,,58,13634.38,5769.17,7865.21,25,33
Connaught place (02/0012),02-0012,North,Tomato Onion Uttapam,,47,12095.59,5680.5,6415.09,22,25
Connaught place (02/0012),02-0012,North,Ghee Idli Plate (2pc),,57,11008.82,5381.4,5627.42,28,29
Connaught place (02/0012),02-0012,North,Thindi Podi Idli,,47,9870.0,4410.0,5460.0,21,26
Connaught place (02/0012),02-0012,North,Rasam Idli Plate (2pc),,56,9702.0,4158.0,5544.0,24,32
Connaught place (02/0012),02-0012,North,Chocolate Filter Coffee,,97,12654.15,4032.02,8622.13,31,66
Connaught place (02/0012),02-0012,North,Sambar Vada Plate (2pc),,40,7974.97,3766.47,4208.5,19,21
Connaught place (02/0012),02-0012,North,Appalam Papad (1pc),,192,6818.84,3736.71,3082.13,105,87
Connaught place (02/0012),02-0012,North,Malkapodi Dosa,,35,8304.93,3556.67,4748.26,15,20
Connaught place (02/0012),02-0012,North,Paper Plain Dosa,,38,8932.27,3262.27,5670.0,14,24
Connaught place (02/0012),02-0012,North,Black Coffee,,83,7277.21,3105.13,4172.08,36,47
Connaught place (02/0012),02-0012,North,Bisbelle Bhaat,,27,6090.31,3074.04,3016.27,14,13
Connaught place (02/0012),02-0012,North,Spicy Tomato Onion Ghee Roast Dosa,,26,6669.91,2945.25,3724.66,11,15
Connaught place (02/0012),02-0012,North,Sambar Idli Plate (2pc),,32,5520.19,2425.5,3094.69,14,18
Connaught place (02/0012),02-0012,North,Filter Coffee Flask (250ml),,19,3777.06,2371.78,1405.28,12,7
Connaught place (02/0012),02-0012,North,Dosa Coffee Benne Tiffin,,16,4244.61,2332.2,1912.41,9,7
Connaught place (02/0012),02-0012,North,Onion,,171,5113.78,2168.54,2945.24,74,97
Connaught place (02/0012),02-0012,North,Garlic Dosa,,23,5225.17,2153.92,3071.25,10,13
Connaught place (02/0012),02-0012,North,Butter Idli Plate (2pc),,14,2688.14,1713.42,974.72,9,5
Connaught place (02/0012),02-0012,North,Raw Mango Chutney,,44,3130.29,1606.55,1523.74,22,22
Connaught place (02/0012),02-0012,North,Coconut Rice,,9,2052.74,1181.25,871.49,5,4
Connaught place (02/0012),02-0012,North,Cheese,,53,3252.01,1172.98,2079.03,19,34
Connaught place (02/0012),02-0012,North,Extra Paratha(1 Pc),,22,1874.54,1160.54,714.0,14,8
Connaught place (02/0012),02-0012,North,Packaging Charge,,140,2061.11,1053.17,1007.94,72,68
Connaught place (02/0012),02-0012,North,Dosa Batter Kit (1 Kg),,3,1516.6,1047.9,468.7,2,1
Connaught place (02/0012),02-0012,North,Butter,,46,2843.89,848.01,1995.88,14,32
Connaught place (02/0012),02-0012,North,Ghee,,17,990.33,505.09,485.24,9,8
Connaught place (02/0012),02-0012,North,Plain Uttapam,,8,1890.0,472.5,1417.5,2,6
Connaught place (02/0012),02-0012,North,Benne Dosa Batter Kit (1 kg),,1,447.7,447.7,,1,
Connaught place (02/0012),02-0012,North,Malkapodi & Ghee,,7,554.61,302.61,252.0,4,3
Connaught place (02/0012),02-0012,North,Special White Coconut Chutney,,11,734.24,294.21,440.03,4,7
Connaught place (02/0012),02-0012,North,Dadu`s Special Spicy Chutney,,5,324.28,261.28,63.0,4,1
Connaught place (02/0012),02-0012,North,Tomato Uttapam,,6,1455.25,246.75,1208.5,1,5
Connaught place (02/0012),02-0012,North,Dosa Coffee Glass Bottle,,37,768.19,243.68,524.51,12,25
Connaught place (02/0012),02-0012,North,Special Spicy Coconut Chutney,,4,320.37,168.0,152.37,2,2
Connaught place (02/0012),02-0012,North,Spicy Tomato Onion Chutney,,7,486.93,160.3,326.63,2,5
Connaught place (02/0012),02-0012,North,Regular Sambar,,16773,0,0.0,0.0,6883,9890
Connaught place (02/0012),02-0012,North,Jain Sambar,,188,0,0.0,0.0,99,89
Connaught place (02/0012),02-0012,North,Extra Paneer Korma,,1,131.25,,131.25,,1
Dosa Coffee - Model Town (02/0013),02-0013,North,Masala Dosa,,1219,264405.88,131000.27,133405.61,614,605
Dosa Coffee - Model Town (02/0013),02-0013,North,Benne Masala Dosa,,718,182472.0,88977.9,93494.1,353,365
Dosa Coffee - Model Town (02/0013),02-0013,North,Thatte Idli Plate,,563,112437.47,54850.37,57587.1,276,287
Dosa Coffee - Model Town (02/0013),02-0013,North,Idli Plate (2 pc),,657,108280.41,53405.09,54875.32,323,334
Dosa Coffee - Model Town (02/0013),02-0013,North,Rava Plain Dosa,,290,66646.81,31247.73,35399.08,137,153
Dosa Coffee - Model Town (02/0013),02-0013,North,Filter Coffee,,562,63658.29,29522.43,34135.86,263,299
Dosa Coffee - Model Town (02/0013),02-0013,North,Cold Coffee-Classic,,242,49147.05,26850.45,22296.6,132,110
Dosa Coffee - Model Town (02/0013),02-0013,North,Mysore Masala Dosa,,197,54014.18,26291.08,27723.1,97,100
Dosa Coffee - Model Town (02/0013),02-0013,North,Medu Vada Plate (2 pc),,274,52239.09,25937.94,26301.15,135,139
Dosa Coffee - Model Town (02/0013),02-0013,North,Ghee Roast Masala Dosa,,204,51258.06,24913.22,26344.84,100,104
Dosa Coffee - Model Town (02/0013),02-0013,North,Mixed Uttapam,,177,45251.43,23867.93,21383.5,93,84
Dosa Coffee - Model Town (02/0013),02-0013,North,Plain Dosa,,286,50820.36,23325.06,27495.3,134,152
Dosa Coffee - Model Town (02/0013),02-0013,North,Malabar Paratha with Paneer Korma,,170,43874.28,22012.27,21862.01,84,86
Dosa Coffee - Model Town (02/0013),02-0013,North,Garlic Benne Dosa,,152,40226.36,21761.08,18465.28,81,71
Dosa Coffee - Model Town (02/0013),02-0013,North,Garlic Ghee Roast Dosa,,184,46444.77,21577.46,24867.31,87,97
Dosa Coffee - Model Town (02/0013),02-0013,North,Dahi Vada Plate (2 pc),,210,45646.45,21562.34,24084.11,100,110
Dosa Coffee - Model Town (02/0013),02-0013,North,Benne Dosa,,173,36753.01,18660.61,18092.4,89,84
Dosa Coffee - Model Town (02/0013),02-0013,North,Homemade Sparkling Lemonade,,225,33675.24,17031.56,16643.68,114,111
Dosa Coffee - Model Town (02/0013),02-0013,North,Idli Vada Plate,,144,30174.86,15509.56,14665.3,74,70
Dosa Coffee - Model Town (02/0013),02-0013,North,Paniyaram (10 Pcs),,136,34621.49,14974.42,19647.07,60,76
Dosa Coffee - Model Town (02/0013),02-0013,North,Dosa Coffee Tiffin,,110,28328.1,14890.03,13438.07,59,51
Dosa Coffee - Model Town (02/0013),02-0013,North,Mysore Ghee Roast Dosa,,92,24253.7,13723.14,10530.56,52,40
Dosa Coffee - Model Town (02/0013),02-0013,North,Malkapodi Idli Plate (2pc),,122,23041.58,12992.75,10048.83,70,52
Dosa Coffee - Model Town (02/0013),02-0013,North,Thindi Ghee Podi Masala Dosa,,96,25005.19,11711.95,13293.24,45,51
Dosa Coffee - Model Town (02/0013),02-0013,North,Raw Mango Benne Dosa,,72,17766.69,10817.04,6949.65,43,29
Dosa Coffee - Model Town (02/0013),02-0013,North,Dosa Coffee Benne Tiffin,,63,16497.47,10483.02,6014.45,41,22
Dosa Coffee - Model Town (02/0013),02-0013,North,Garlic Masala Dosa,,79,21330.2,10398.2,10932.0,39,40
Dosa Coffee - Model Town (02/0013),02-0013,North,Guntur Karampodi Dosa,,56,18374.27,9882.39,8491.88,30,26
Dosa Coffee - Model Town (02/0013),02-0013,North,Paneer Dosa,,62,21410.09,9671.26,11738.83,28,34
Dosa Coffee - Model Town (02/0013),02-0013,North,Potato Masala,,454,17747.08,8906.09,8840.99,228,226
Dosa Coffee - Model Town (02/0013),02-0013,North,Fresh Buttermilk,,136,17375.02,8835.28,8539.74,69,67
Dosa Coffee - Model Town (02/0013),02-0013,North,Idli Fries,,89,16437.98,8794.51,7643.47,48,41
Dosa Coffee - Model Town (02/0013),02-0013,North,Mysore Benne Dosa,,60,15642.48,8718.23,6924.25,33,27
Dosa Coffee - Model Town (02/0013),02-0013,North,Plain Ghee Roast Dosa,,70,14950.12,7658.78,7291.34,36,34
Dosa Coffee - Model Town (02/0013),02-0013,North,Fresh Watermelon Juice,,74,12775.89,7424.74,5351.15,43,31
Dosa Coffee - Model Town (02/0013),02-0013,North,Vegetable Uttapam,,67,16797.36,7340.76,9456.6,29,38
Dosa Coffee - Model Town (02/0013),02-0013,North,Raw Mango Ghee Roast Dosa,,63,16225.15,7105.03,9120.12,28,35
Dosa Coffee - Model Town (02/0013),02-0013,North,Iced Filter Coffee,,102,12867.4,6387.21,6480.19,51,51
Dosa Coffee - Model Town (02/0013),02-0013,North,Upma,,66,11484.29,5805.46,5678.83,34,32
Dosa Coffee - Model Town (02/0013),02-0013,North,Cheese Paniyaram (10 Pcs),,34,10089.31,5471.57,4617.74,19,15
Dosa Coffee - Model Town (02/0013),02-0013,North,Srivillli Kheer,,66,8841.83,5387.15,3454.68,40,26
Dosa Coffee - Model Town (02/0013),02-0013,North,Onion Uttapam,,55,13464.31,5351.15,8113.16,22,33
Dosa Coffee - Model Town (02/0013),02-0013,North,Tomato Onion Uttapam,,45,11302.8,5259.9,6042.9,21,24
Dosa Coffee - Model Town (02/0013),02-0013,North,Malkapodi Masala Dosa,,46,12415.05,5081.44,7333.61,19,27
Dosa Coffee - Model Town (02/0013),02-0013,North,Packaged Drinking Water-500 ml,,297,10489.03,4981.36,5507.67,140,157
Dosa Coffee - Model Town (02/0013),02-0013,North,Lemon Rice,,43,9372.35,4786.74,4585.61,23,20
Dosa Coffee - Model Town (02/0013),02-0013,North,Malkapodi Dosa,,32,7819.62,4749.51,3070.11,20,12
Dosa Coffee - Model Town (02/0013),02-0013,North,Homemade Lemonade,,45,6148.38,4117.74,2030.64,30,15
Dosa Coffee - Model Town (02/0013),02-0013,North,Curd Rice,,44,9591.2,4032.8,5558.4,19,25
Dosa Coffee - Model Town (02/0013),02-0013,North,Rasam & Papad,,83,8152.99,3944.04,4208.95,40,43
Dosa Coffee - Model Town (02/0013),02-0013,North,Cold Coffee-Nuttela,,31,6999.25,3701.25,3298.0,18,13
Dosa Coffee - Model Town (02/0013),02-0013,North,Open Butter Masala Dosa,,34,8571.03,3530.19,5040.84,15,19
Dosa Coffee - Model Town (02/0013),02-0013,North,Filter Coffee Flask (250ml),,26,5587.66,3415.52,2172.14,16,10
Dosa Coffee - Model Town (02/0013),02-0013,North,Mysore Dosa,,29,6901.42,3415.33,3486.09,14,15
Dosa Coffee - Model Town (02/0013),02-0013,North,Garlic Dosa,,36,8140.8,3408.01,4732.79,14,22
Dosa Coffee - Model Town (02/0013),02-0013,North,Ghee Idli Plate (2pc),,38,6462.27,3400.93,3061.34,21,17
Dosa Coffee - Model Town (02/0013),02-0013,North,Tomato Rice,,34,7759.79,3396.44,4363.35,15,19
Dosa Coffee - Model Town (02/0013),02-0013,North,Jaggery Cinnamon Filter Coffee,,35,4669.39,3310.42,1358.97,25,10
Dosa Coffee - Model Town (02/0013),02-0013,North,Onion,,212,6128.88,3141.05,2987.84,109,103
Dosa Coffee - Model Town (02/0013),02-0013,North,Mango Shake,,38,7193.2,2768.32,4424.88,15,23
Dosa Coffee - Model Town (02/0013),02-0013,North,Paper Plain Dosa,,21,4804.82,2735.31,2069.51,12,9
Dosa Coffee - Model Town (02/0013),02-0013,North,Kesari Halwa,,79,10762.49,2731.76,8030.73,20,59
Dosa Coffee - Model Town (02/0013),02-0013,North,Lemon Iced Tea,,37,4802.21,2591.4,2210.81,20,17
Dosa Coffee - Model Town (02/0013),02-0013,North,Appalam Papad (1pc),,131,4582.77,2551.69,2031.08,72,59
Dosa Coffee - Model Town (02/0013),02-0013,North,Cold Coffee-Crunchy Oreo,,20,4314.49,2329.99,1984.5,11,9
Dosa Coffee - Model Town (02/0013),02-0013,North,Filter Coffee Cappuccino,,35,4539.12,2318.58,2220.54,18,17
Dosa Coffee - Model Town (02/0013),02-0013,North,Bisbelle Bhaat,,23,4939.74,2238.57,2701.17,11,12
Dosa Coffee - Model Town (02/0013),02-0013,North,Sambar Vada Plate (2pc),,19,3790.5,1995.0,1795.5,10,9
Dosa Coffee - Model Town (02/0013),02-0013,North,Spicy Tomato Onion Ghee Roast Dosa,,23,6179.72,1891.22,4288.5,7,16
Dosa Coffee - Model Town (02/0013),02-0013,North,Rasam Idli Plate (2pc),,14,2402.72,1559.25,843.47,9,5
Dosa Coffee - Model Town (02/0013),02-0013,North,Raw Mango Chutney,,43,3039.05,1529.27,1509.78,22,21
Dosa Coffee - Model Town (02/0013),02-0013,North,Chocolate Filter Coffee,,22,2783.85,1488.44,1295.41,12,10
Dosa Coffee - Model Town (02/0013),02-0013,North,Cheese,,55,3093.86,1440.33,1653.53,27,28
Dosa Coffee - Model Town (02/0013),02-0013,North,Black Coffee,,42,3533.97,1309.35,2224.62,16,26
Dosa Coffee - Model Town (02/0013),02-0013,North,Thindi Podi Idli,,13,2708.0,1280.0,1428.0,6,7
Dosa Coffee - Model Town (02/0013),02-0013,North,Strawberry Shake,,36,6573.42,1215.86,5357.56,8,28
Dosa Coffee - Model Town (02/0013),02-0013,North,Sambar Idli Plate (2pc),,10,1732.5,1212.75,519.75,7,3
Dosa Coffee - Model Town (02/0013),02-0013,North,Butter,,63,3691.22,1146.85,2544.37,20,43
Dosa Coffee - Model Town (02/0013),02-0013,North,Rasam Vada Plate (2 Pc),,17,3164.2,1134.0,2030.2,6,11
Dosa Coffee - Model Town (02/0013),02-0013,North,Ghee,,43,2384.47,983.07,1401.39,18,25
Dosa Coffee - Model Town (02/0013),02-0013,North,Special White Coconut Chutney,,19,1273.5,807.54,465.96,12,7
Dosa Coffee - Model Town (02/0013),02-0013,North,Butter Idli Plate (2pc),,8,1514.36,798.0,716.36,4,4
Dosa Coffee - Model Town (02/0013),02-0013,North,Packaging Charge,,82,1200.39,668.98,531.41,45,37
Dosa Coffee - Model Town (02/0013),02-0013,North,Extra Paratha(1 Pc),,16,1288.47,666.59,621.88,8,8
Dosa Coffee - Model Town (02/0013),02-0013,North,Special Spicy Coconut Chutney,,8,625.45,504.0,121.45,6,2
Dosa Coffee - Model Town (02/0013),02-0013,North,Plain Uttapam,,2,495.0,495.0,,2,
Dosa Coffee - Model Town (02/0013),02-0013,North,Dosa Batter Kit (1 Kg),,4,1790.54,483.94,1306.6,1,3
Dosa Coffee - Model Town (02/0013),02-0013,North,Spicy Tomato Onion Chutney,,9,596.17,434.29,161.88,6,3
Dosa Coffee - Model Town (02/0013),02-0013,North,Malkapodi & Ghee,,7,580.26,252.0,328.26,3,4
Dosa Coffee - Model Town (02/0013),02-0013,North,Tomato Uttapam,,3,740.25,246.75,493.5,1,2
Dosa Coffee - Model Town (02/0013),02-0013,North,Coconut Rice,,2,472.5,236.25,236.25,1,1
Dosa Coffee - Model Town (02/0013),02-0013,North,Dosa Coffee Glass Bottle,,16,322.1,198.36,123.74,10,6
Dosa Coffee - Model Town (02/0013),02-0013,North,Dadu`s Special Spicy Chutney,,4,269.2,47.25,221.95,1,3
Dosa Coffee - Model Town (02/0013),02-0013,North,Regular Sambar,,10306,0,0.0,0.0,5033,5273
Dosa Coffee - Model Town (02/0013),02-0013,North,Jain Sambar,,334,0,0.0,0.0,139,195
Dosa Coffee - Model Town (02/0013),02-0013,North,Benne Dosa Batter Kit (1 kg),,2,992.65,,992.65,,2
Dosa Coffee - Model Town (02/0013),02-0013,North,Extra Paneer Korma,,3,393.75,,393.75,,3
Dosa Coffee - Model Town (02/0013),02-0013,North,Filter Coffee @ 80,,2,168.0,,168.0,,2
Gurgaon Sec 10 (02/0014),02-0014,North,Masala Dosa,,490,103267.0,60020.93,43246.07,288,202
Gurgaon Sec 10 (02/0014),02-0014,North,Benne Masala Dosa,,219,56105.44,29346.63,26758.81,117,102
Gurgaon Sec 10 (02/0014),02-0014,North,Idli Plate (2 pc),,209,33778.11,16796.13,16981.98,106,103
Gurgaon Sec 10 (02/0014),02-0014,North,Ghee Roast Masala Dosa,,99,24612.13,12261.03,12351.1,51,48
Gurgaon Sec 10 (02/0014),02-0014,North,Thatte Idli Plate,,115,23223.3,12240.85,10982.45,62,53
Gurgaon Sec 10 (02/0014),02-0014,North,Filter Coffee,,169,19024.73,9222.71,9802.02,81,88
Gurgaon Sec 10 (02/0014),02-0014,North,Mixed Uttapam,,75,18565.99,8218.91,10347.08,32,43
Gurgaon Sec 10 (02/0014),02-0014,North,Plain Dosa,,81,14522.43,7963.68,6558.75,46,35
Gurgaon Sec 10 (02/0014),02-0014,North,Paniyaram (10 Pcs),,53,13784.32,7541.87,6242.45,29,24
Gurgaon Sec 10 (02/0014),02-0014,North,Dosa Coffee Tiffin,,45,11839.21,7388.28,4450.93,28,17
Gurgaon Sec 10 (02/0014),02-0014,North,Garlic Ghee Roast Dosa,,68,16902.37,7355.34,9547.03,30,38
Gurgaon Sec 10 (02/0014),02-0014,North,Mysore Masala Dosa,,51,13741.0,6834.9,6906.1,25,26
Gurgaon Sec 10 (02/0014),02-0014,North,Cold Coffee-Classic,,67,13766.74,6723.12,7043.62,33,34
Gurgaon Sec 10 (02/0014),02-0014,North,Dosa Coffee Tiffin @ 249,,38,9376.71,6611.01,2765.7,27,11
Gurgaon Sec 10 (02/0014),02-0014,North,Malabar Paratha with Paneer Korma,,46,12302.17,6377.68,5924.49,24,22
Gurgaon Sec 10 (02/0014),02-0014,North,Benne Dosa,,46,10246.02,5826.65,4419.37,26,20
Gurgaon Sec 10 (02/0014),02-0014,North,Paneer Dosa,,28,9502.21,5062.81,4439.4,15,13
Gurgaon Sec 10 (02/0014),02-0014,North,Medu Vada Plate (2 pc),,65,12263.97,4829.4,7434.57,26,39
Gurgaon Sec 10 (02/0014),02-0014,North,Dosa Coffee Benne Tiffin,,36,9201.84,4760.0,4441.84,18,18
Gurgaon Sec 10 (02/0014),02-0014,North,Idli Vada Plate,,41,8656.47,4519.22,4137.25,22,19
Gurgaon Sec 10 (02/0014),02-0014,North,Guntur Karampodi Dosa,,24,7849.82,4437.32,3412.5,14,10
Gurgaon Sec 10 (02/0014),02-0014,North,Curd Rice,,30,6310.84,4313.82,1997.02,20,10
Gurgaon Sec 10 (02/0014),02-0014,North,Tomato Onion Uttapam,,24,5489.61,3540.21,1949.4,16,8
Gurgaon Sec 10 (02/0014),02-0014,North,Rava Plain Dosa,,40,9522.49,3471.42,6051.07,15,25
Gurgaon Sec 10 (02/0014),02-0014,North,Malkapodi Idli Plate (2pc),,40,7742.46,3194.49,4547.97,17,23
Gurgaon Sec 10 (02/0014),02-0014,North,Garlic Benne Dosa,,26,7064.1,3136.36,3927.74,12,14
Gurgaon Sec 10 (02/0014),02-0014,North,Idli Fries,,37,6912.78,2999.46,3913.32,17,20
Gurgaon Sec 10 (02/0014),02-0014,North,Malkapodi Masala Dosa,,14,3772.48,2937.73,834.75,11,3
Gurgaon Sec 10 (02/0014),02-0014,North,Raw Mango Ghee Roast Dosa,,19,4984.06,2872.96,2111.1,11,8
Gurgaon Sec 10 (02/0014),02-0014,North,Mysore Ghee Roast Dosa,,29,7536.42,2825.55,4710.87,11,18
Gurgaon Sec 10 (02/0014),02-0014,North,Vegetable Uttapam,,19,4853.26,2513.51,2339.75,10,9
Gurgaon Sec 10 (02/0014),02-0014,North,Homemade Sparkling Lemonade,,33,4872.0,2436.0,2436.0,16,17
Gurgaon Sec 10 (02/0014),02-0014,North,Tomato Rice,,18,3993.03,2435.87,1557.16,11,7
Gurgaon Sec 10 (02/0014),02-0014,North,Garlic Masala Dosa,,18,4650.17,2397.67,2252.5,10,8
Gurgaon Sec 10 (02/0014),02-0014,North,Mysore Dosa,,19,4728.11,2313.11,2415.0,9,10
Gurgaon Sec 10 (02/0014),02-0014,North,Onion Uttapam,,15,3707.78,2292.37,1415.41,9,6
Gurgaon Sec 10 (02/0014),02-0014,North,Ghee Idli Plate (2pc),,26,4674.09,2108.42,2565.67,12,14
Gurgaon Sec 10 (02/0014),02-0014,North,Upma,,13,2183.2,1999.45,183.75,12,1
Gurgaon Sec 10 (02/0014),02-0014,North,Garlic Dosa,,14,3234.78,1856.47,1378.31,8,6
Gurgaon Sec 10 (02/0014),02-0014,North,Fresh Buttermilk,,35,4060.22,1713.43,2346.79,17,18
Gurgaon Sec 10 (02/0014),02-0014,North,Kesari Halwa,,22,3117.87,1701.16,1416.71,12,10
Gurgaon Sec 10 (02/0014),02-0014,North,Raw Mango Benne Dosa,,16,4273.0,1599.95,2673.05,6,10
Gurgaon Sec 10 (02/0014),02-0014,North,Mysore Benne Dosa,,10,2502.25,1281.18,1221.07,5,5
Gurgaon Sec 10 (02/0014),02-0014,North,Dahi Vada Plate (2 pc),,20,4236.5,1239.09,2997.41,6,14
Gurgaon Sec 10 (02/0014),02-0014,North,Sambar Vada Plate (2pc),,7,1374.43,1174.93,199.5,6,1
Gurgaon Sec 10 (02/0014),02-0014,North,Potato Masala,,83,3195.17,1168.11,2027.06,31,52
Gurgaon Sec 10 (02/0014),02-0014,North,Lemon Rice,,18,3941.61,1144.5,2797.11,5,13
Gurgaon Sec 10 (02/0014),02-0014,North,Plain Ghee Roast Dosa,,16,3467.42,1078.33,2389.09,5,11
Gurgaon Sec 10 (02/0014),02-0014,North,Open Butter Masala Dosa,,16,4284.0,1071.0,3213.0,4,12
Gurgaon Sec 10 (02/0014),02-0014,North,Thindi Ghee Podi Masala Dosa,,9,2235.45,1071.0,1164.45,4,5
Gurgaon Sec 10 (02/0014),02-0014,North,Srivillli Kheer,,21,3002.79,1053.55,1949.24,8,13
Gurgaon Sec 10 (02/0014),02-0014,North,Mango Shake,,14,2606.2,1052.2,1554.0,6,8
Gurgaon Sec 10 (02/0014),02-0014,North,Rasam & Papad,,17,1652.18,1044.18,608.0,11,6
Gurgaon Sec 10 (02/0014),02-0014,North,Filter Coffee Flask (250ml),,9,1855.52,1000.95,854.57,5,4
Gurgaon Sec 10 (02/0014),02-0014,North,Bisbelle Bhaat,,6,1207.37,971.12,236.25,5,1
Gurgaon Sec 10 (02/0014),02-0014,North,Filter Coffee Cappuccino,,11,1456.25,931.25,525.0,7,4
Gurgaon Sec 10 (02/0014),02-0014,North,Chocolate Filter Coffee,,8,1050.0,918.75,131.25,7,1
Gurgaon Sec 10 (02/0014),02-0014,North,Sambar Idli Plate (2pc),,9,1559.25,866.25,693.0,5,4
Gurgaon Sec 10 (02/0014),02-0014,North,Black Coffee,,14,1266.5,820.25,446.25,9,5
Gurgaon Sec 10 (02/0014),02-0014,North,Strawberry Shake,,5,971.25,777.0,194.25,4,1
Gurgaon Sec 10 (02/0014),02-0014,North,Butter Idli Plate (2pc),,8,1506.69,698.19,808.5,4,4
Gurgaon Sec 10 (02/0014),02-0014,North,Fresh Watermelon Juice,,10,1790.55,688.05,1102.5,4,6
Gurgaon Sec 10 (02/0014),02-0014,North,Iced Filter Coffee,,9,1175.45,650.45,525.0,5,4
Gurgaon Sec 10 (02/0014),02-0014,North,Packaged Drinking Water-500 ml,,29,1041.39,610.47,430.92,17,12
Gurgaon Sec 10 (02/0014),02-0014,North,Cheese,,12,731.48,605.48,126.0,10,2
Gurgaon Sec 10 (02/0014),02-0014,North,Homemade Lemonade,,7,992.25,567.0,425.25,4,3
Gurgaon Sec 10 (02/0014),02-0014,North,Jaggery Cinnamon Filter Coffee,,13,1766.9,546.0,1220.9,4,9
Gurgaon Sec 10 (02/0014),02-0014,North,Onion,,51,1445.25,542.64,902.61,19,32
Gurgaon Sec 10 (02/0014),02-0014,North,Special White Coconut Chutney,,10,709.59,516.22,193.37,7,3
Gurgaon Sec 10 (02/0014),02-0014,North,Paper Plain Dosa,,4,945.0,472.5,472.5,2,2
Gurgaon Sec 10 (02/0014),02-0014,North,Rasam Vada Plate (2 Pc),,4,756.0,378.0,378.0,2,2
Gurgaon Sec 10 (02/0014),02-0014,North,Dosa Batter Kit (1 Kg),,2,849.48,334.95,514.53,1,1
Gurgaon Sec 10 (02/0014),02-0014,North,Rasam Idli Plate (2pc),,6,1032.63,323.13,709.5,2,4
Gurgaon Sec 10 (02/0014),02-0014,North,Cheese Paniyaram (10 Pcs),,7,2168.25,309.75,1858.5,1,6
Gurgaon Sec 10 (02/0014),02-0014,North,Butter,,13,797.01,305.61,491.4,5,8
Gurgaon Sec 10 (02/0014),02-0014,North,Spicy Tomato Onion Chutney,,7,509.39,284.52,224.87,4,3
Gurgaon Sec 10 (02/0014),02-0014,North,Malkapodi Dosa,,4,946.92,256.17,690.75,1,3
Gurgaon Sec 10 (02/0014),02-0014,North,Cold Coffee-Nuttela,,4,1060.5,246.75,813.75,1,3
Gurgaon Sec 10 (02/0014),02-0014,North,Tomato Uttapam,,1,246.75,246.75,,1,
Gurgaon Sec 10 (02/0014),02-0014,North,Raw Mango Chutney,,6,454.5,243.04,211.46,3,3
Gurgaon Sec 10 (02/0014),02-0014,North,Appalam Papad (1pc),,11,330.75,220.5,110.25,8,3
Gurgaon Sec 10 (02/0014),02-0014,North,Cold Coffee-Crunchy Oreo,,4,916.76,220.5,696.26,1,3
Gurgaon Sec 10 (02/0014),02-0014,North,Thindi Podi Idli,,2,420.0,210.0,210.0,1,1
Gurgaon Sec 10 (02/0014),02-0014,North,Special Spicy Coconut Chutney,,3,204.44,204.44,,3,
Gurgaon Sec 10 (02/0014),02-0014,North,Packaging Charge,,22,328.56,193.56,135.0,13,9
Gurgaon Sec 10 (02/0014),02-0014,North,Extra Paratha(1 Pc),,1,89.25,89.25,,1,
Gurgaon Sec 10 (02/0014),02-0014,North,Ghee,,8,453.26,44.44,408.83,1,7
Gurgaon Sec 10 (02/0014),02-0014,North,Jain Sambar,,47,0,0.0,0.0,27,20
Gurgaon Sec 10 (02/0014),02-0014,North,Regular Sambar,,3279,0,0.0,0.0,1557,1722
Gurgaon Sec 10 (02/0014),02-0014,North,Spicy Tomato Onion Ghee Roast Dosa,,2,535.5,,535.5,,2
Gurgaon Sec 10 (02/0014),02-0014,North,Benne Dosa Batter Kit (1 kg),,1,521.88,,521.88,,1
Dosa Coffee - Shalimar Bagh (02/0015),02-0015,North,Masala Dosa,,846,186865.83,97268.99,89596.84,444,402
Dosa Coffee - Shalimar Bagh (02/0015),02-0015,North,Benne Masala Dosa,,621,157235.79,71174.16,86061.63,283,338
Dosa Coffee - Shalimar Bagh (02/0015),02-0015,North,Thatte Idli Plate,,420,84290.69,40895.09,43395.6,204,216
Dosa Coffee - Shalimar Bagh (02/0015),02-0015,North,Idli Plate (2 pc),,430,69865.59,33800.33,36065.26,209,221
Dosa Coffee - Shalimar Bagh (02/0015),02-0015,North,Filter Coffee,,585,65263.23,28195.07,37068.16,252,333
Dosa Coffee - Shalimar Bagh (02/0015),02-0015,North,Cold Coffee-Classic,,236,47209.88,22873.74,24336.14,114,122
Dosa Coffee - Shalimar Bagh (02/0015),02-0015,North,Rava Plain Dosa,,192,43665.52,22134.98,21530.54,97,95
Dosa Coffee - Shalimar Bagh (02/0015),02-0015,North,Mysore Masala Dosa,,156,42169.51,20081.44,22088.07,74,82
Dosa Coffee - Shalimar Bagh (02/0015),02-0015,North,Medu Vada Plate (2 pc),,210,39282.68,19175.38,20107.3,104,106
Dosa Coffee - Shalimar Bagh (02/0015),02-0015,North,Ghee Roast Masala Dosa,,147,36708.94,16643.46,20065.48,67,80
Dosa Coffee - Shalimar Bagh (02/0015),02-0015,North,Malabar Paratha with Paneer Korma,,119,31379.48,16004.89,15374.59,60,59
Dosa Coffee - Shalimar Bagh (02/0015),02-0015,North,Garlic Benne Dosa,,120,30933.87,15757.85,15176.02,60,60
Dosa Coffee - Shalimar Bagh (02/0015),02-0015,North,Mixed Uttapam,,120,30955.96,14939.71,16016.25,57,63
Dosa Coffee - Shalimar Bagh (02/0015),02-0015,North,Idli Vada Plate,,129,27180.71,13546.61,13634.1,66,63
Dosa Coffee - Shalimar Bagh (02/0015),02-0015,North,Homemade Sparkling Lemonade,,162,23665.61,12728.77,10936.84,88,74
Dosa Coffee - Shalimar Bagh (02/0015),02-0015,North,Dahi Vada Plate (2 pc),,113,23892.14,12390.79,11501.35,59,54
Dosa Coffee - Shalimar Bagh (02/0015),02-0015,North,Benne Dosa,,124,27251.62,12344.75,14906.87,58,66
Dosa Coffee - Shalimar Bagh (02/0015),02-0015,North,Plain Dosa,,135,23810.14,11911.96,11898.18,69,66
Dosa Coffee - Shalimar Bagh (02/0015),02-0015,North,Dosa Coffee Benne Tiffin,,64,17008.81,10784.01,6224.8,40,24
Dosa Coffee - Shalimar Bagh (02/0015),02-0015,North,Guntur Karampodi Dosa,,68,22078.26,10180.93,11897.33,31,37
Dosa Coffee - Shalimar Bagh (02/0015),02-0015,North,Paniyaram (10 Pcs),,71,17690.4,10031.29,7659.11,40,31
Dosa Coffee - Shalimar Bagh (02/0015),02-0015,North,Garlic Ghee Roast Dosa,,73,18780.28,9245.92,9534.36,35,38
Dosa Coffee - Shalimar Bagh (02/0015),02-0015,North,Paneer Dosa,,43,13872.58,8368.27,5504.31,25,18
Dosa Coffee - Shalimar Bagh (02/0015),02-0015,North,Idli Fries,,77,14526.6,8011.98,6514.62,43,34
Dosa Coffee - Shalimar Bagh (02/0015),02-0015,North,Onion Uttapam,,51,12405.27,7039.96,5365.31,29,22
Dosa Coffee - Shalimar Bagh (02/0015),02-0015,North,Raw Mango Benne Dosa,,59,15440.41,6522.68,8917.73,25,34
Dosa Coffee - Shalimar Bagh (02/0015),02-0015,North,Packaged Drinking Water-500 ml,,367,12865.24,6442.81,6422.43,183,184
Dosa Coffee - Shalimar Bagh (02/0015),02-0015,North,Mysore Ghee Roast Dosa,,45,11585.27,6143.61,5441.66,24,21
Dosa Coffee - Shalimar Bagh (02/0015),02-0015,North,Potato Masala,,306,12162.5,5745.65,6416.85,143,163
Dosa Coffee - Shalimar Bagh (02/0015),02-0015,North,Dosa Coffee Tiffin,,46,12094.87,5656.03,6438.84,22,24
Dosa Coffee - Shalimar Bagh (02/0015),02-0015,North,Malkapodi Idli Plate (2pc),,56,10835.03,5588.73,5246.3,30,26
Dosa Coffee - Shalimar Bagh (02/0015),02-0015,North,Mysore Benne Dosa,,48,12351.21,5522.08,6829.13,21,27
Dosa Coffee - Shalimar Bagh (02/0015),02-0015,North,Vegetable Uttapam,,40,10199.33,5053.18,5146.15,20,20
Dosa Coffee - Shalimar Bagh (02/0015),02-0015,North,Iced Filter Coffee,,77,9669.67,5015.32,4654.35,40,37
Dosa Coffee - Shalimar Bagh (02/0015),02-0015,North,Malkapodi Masala Dosa,,34,9155.97,4941.18,4214.79,18,16
Dosa Coffee - Shalimar Bagh (02/0015),02-0015,North,Fresh Buttermilk,,74,9418.7,4894.03,4524.67,38,36
Dosa Coffee - Shalimar Bagh (02/0015),02-0015,North,Tomato Onion Uttapam,,36,8693.73,4860.29,3833.44,19,17
Dosa Coffee - Shalimar Bagh (02/0015),02-0015,North,Cold Coffee-Crunchy Oreo,,28,6138.09,4813.88,1324.21,22,6
Dosa Coffee - Shalimar Bagh (02/0015),02-0015,North,Thindi Ghee Podi Masala Dosa,,42,10754.88,4638.64,6116.24,18,24
Dosa Coffee - Shalimar Bagh (02/0015),02-0015,North,Garlic Masala Dosa,,39,10356.51,4617.12,5739.39,17,22
Dosa Coffee - Shalimar Bagh (02/0015),02-0015,North,Rasam & Papad,,89,8614.36,4514.46,4099.9,47,42
Dosa Coffee - Shalimar Bagh (02/0015),02-0015,North,Mysore Dosa,,36,8492.8,4420.82,4071.98,19,17
Dosa Coffee - Shalimar Bagh (02/0015),02-0015,North,Strawberry Shake,,29,5563.74,4203.99,1359.75,22,7
Dosa Coffee - Shalimar Bagh (02/0015),02-0015,North,Fresh Watermelon Juice,,39,6567.34,4177.34,2390.0,24,15
Dosa Coffee - Shalimar Bagh (02/0015),02-0015,North,Filter Coffee Cappuccino,,40,5163.2,4068.75,1094.45,31,9
Dosa Coffee - Shalimar Bagh (02/0015),02-0015,North,Srivillli Kheer,,59,7628.38,3871.28,3757.1,30,29
Dosa Coffee - Shalimar Bagh (02/0015),02-0015,North,Tomato Rice,,23,5330.57,3713.66,1616.91,16,7
Dosa Coffee - Shalimar Bagh (02/0015),02-0015,North,Upma,,55,9703.13,3699.67,6003.46,21,34
Dosa Coffee - Shalimar Bagh (02/0015),02-0015,North,Raw Mango Ghee Roast Dosa,,22,5510.19,3567.17,1943.02,14,8
Dosa Coffee - Shalimar Bagh (02/0015),02-0015,North,Curd Rice,,31,6948.03,3545.12,3402.91,16,15
Dosa Coffee - Shalimar Bagh (02/0015),02-0015,North,Plain Ghee Roast Dosa,,31,6622.51,3101.96,3520.55,14,17
Dosa Coffee - Shalimar Bagh (02/0015),02-0015,North,Lemon Rice,,23,5079.25,3043.26,2035.99,14,9
Dosa Coffee - Shalimar Bagh (02/0015),02-0015,North,Cheese Paniyaram (10 Pcs),,15,4476.82,2969.48,1507.34,10,5
Dosa Coffee - Shalimar Bagh (02/0015),02-0015,North,Spicy Tomato Onion Ghee Roast Dosa,,18,4635.73,2924.16,1711.57,11,7
Dosa Coffee - Shalimar Bagh (02/0015),02-0015,North,Cold Coffee-Nuttela,,24,6120.57,2714.25,3406.32,11,13
Dosa Coffee - Shalimar Bagh (02/0015),02-0015,North,Kesari Halwa,,85,11302.47,2532.87,8769.6,19,66
Dosa Coffee - Shalimar Bagh (02/0015),02-0015,North,Ghee Idli Plate (2pc),,20,3448.2,2398.71,1049.49,14,6
Dosa Coffee - Shalimar Bagh (02/0015),02-0015,North,Onion,,157,4661.91,2398.06,2263.86,80,77
Dosa Coffee - Shalimar Bagh (02/0015),02-0015,North,Homemade Lemonade,,36,5056.43,2384.85,2671.58,17,19
Dosa Coffee - Shalimar Bagh (02/0015),02-0015,North,Jaggery Cinnamon Filter Coffee,,38,4986.95,2368.22,2618.73,18,20
Dosa Coffee - Shalimar Bagh (02/0015),02-0015,North,Malkapodi Dosa,,21,5013.37,2343.64,2669.73,10,11
Dosa Coffee - Shalimar Bagh (02/0015),02-0015,North,Garlic Dosa,,24,5343.88,2278.91,3064.97,10,14
Dosa Coffee - Shalimar Bagh (02/0015),02-0015,North,Appalam Papad (1pc),,107,3844.19,2108.52,1735.67,59,48
Dosa Coffee - Shalimar Bagh (02/0015),02-0015,North,Thindi Podi Idli,,10,2064.48,1644.48,420.0,8,2
Dosa Coffee - Shalimar Bagh (02/0015),02-0015,North,Open Butter Masala Dosa,,15,3908.24,1606.5,2301.74,6,9
Dosa Coffee - Shalimar Bagh (02/0015),02-0015,North,Filter Coffee Flask (250ml),,20,4041.3,1606.04,2435.26,8,12
Dosa Coffee - Shalimar Bagh (02/0015),02-0015,North,Bisbelle Bhaat,,19,4037.39,1586.26,2451.13,7,12
Dosa Coffee - Shalimar Bagh (02/0015),02-0015,North,Mango Shake,,19,3599.3,1538.72,2060.58,8,11
Dosa Coffee - Shalimar Bagh (02/0015),02-0015,North,Chocolate Filter Coffee,,19,2484.11,1432.5,1051.61,11,8
Dosa Coffee - Shalimar Bagh (02/0015),02-0015,North,Butter,,50,3032.05,1380.21,1651.84,23,27
Dosa Coffee - Shalimar Bagh (02/0015),02-0015,North,Sambar Vada Plate (2pc),,8,1586.54,997.5,589.04,5,3
Dosa Coffee - Shalimar Bagh (02/0015),02-0015,North,Paper Plain Dosa,,9,2126.25,945.0,1181.25,4,5
Dosa Coffee - Shalimar Bagh (02/0015),02-0015,North,Rasam Vada Plate (2 Pc),,16,2889.44,935.82,1953.62,5,11
Dosa Coffee - Shalimar Bagh (02/0015),02-0015,North,Black Coffee,,19,1663.01,879.84,783.17,10,9
Dosa Coffee - Shalimar Bagh (02/0015),02-0015,North,Dosa Batter Kit (1 Kg),,2,837.9,837.9,,2,
Dosa Coffee - Shalimar Bagh (02/0015),02-0015,North,Butter Idli Plate (2pc),,8,1523.55,746.55,777.0,4,4
Dosa Coffee - Shalimar Bagh (02/0015),02-0015,North,Cheese,,34,1968.22,717.42,1250.8,12,22
Dosa Coffee - Shalimar Bagh (02/0015),02-0015,North,Rasam Idli Plate (2pc),,7,1182.22,662.47,519.75,4,3
Dosa Coffee - Shalimar Bagh (02/0015),02-0015,North,Packaging Charge,,84,1220.44,645.23,575.21,44,40
Dosa Coffee - Shalimar Bagh (02/0015),02-0015,North,Extra Paratha(1 Pc),,12,1046.58,618.91,427.67,7,5
Dosa Coffee - Shalimar Bagh (02/0015),02-0015,North,Raw Mango Chutney,,16,1142.57,576.23,566.34,8,8
Dosa Coffee - Shalimar Bagh (02/0015),02-0015,North,Coconut Rice,,2,517.5,517.5,,2,
Dosa Coffee - Shalimar Bagh (02/0015),02-0015,North,Special White Coconut Chutney,,15,1030.79,455.07,575.72,7,8
Dosa Coffee - Shalimar Bagh (02/0015),02-0015,North,Sambar Idli Plate (2pc),,7,1222.44,356.19,866.25,2,5
Dosa Coffee - Shalimar Bagh (02/0015),02-0015,North,Ghee,,16,961.39,337.52,623.87,6,10
Dosa Coffee - Shalimar Bagh (02/0015),02-0015,North,Tomato Uttapam,,2,493.5,246.75,246.75,1,1
Dosa Coffee - Shalimar Bagh (02/0015),02-0015,North,Karam Podi Powder - 100 gm,,3,447.0,149.0,298.0,1,2
Dosa Coffee - Shalimar Bagh (02/0015),02-0015,North,Spicy Tomato Onion Chutney,,4,275.4,126.49,148.91,2,2
Dosa Coffee - Shalimar Bagh (02/0015),02-0015,North,Dosa Coffee Glass Bottle,,15,316.27,85.66,230.61,4,11
Dosa Coffee - Shalimar Bagh (02/0015),02-0015,North,Special Spicy Coconut Chutney,,1,69.59,69.59,,1,
Dosa Coffee - Shalimar Bagh (02/0015),02-0015,North,Regular Sambar,,6545,0,0.0,0.0,3496,3049
Dosa Coffee - Shalimar Bagh (02/0015),02-0015,North,Jain Sambar,,168,0,0.0,0.0,91,77
Dosa Coffee - Shalimar Bagh (02/0015),02-0015,North,Plain Uttapam,,3,708.75,,708.75,,3
Dosa Coffee - Shalimar Bagh (02/0015),02-0015,North,Malgapodi Powder - 100 gm,,1,149.0,,149.0,,1
Dosa Coffee - Shalimar Bagh (02/0015),02-0015,North,Thind Podi Powder - 100 gm,,1,131.43,,131.43,,1
Dosa Coffee - Shalimar Bagh (02/0015),02-0015,North,Extra Paneer Korma,,1,131.25,,131.25,,1
Dosa Coffee - Shalimar Bagh (02/0015),02-0015,North,Dadu`s Special Spicy Chutney,,1,63.0,,63.0,,1
Sec 31 - Gurgaon (02/0016),02-0016,North,Benne Masala Dosa,,517,127957.18,65131.75,62825.43,263,254
Sec 31 - Gurgaon (02/0016),02-0016,North,Masala Dosa,,448,96514.19,50338.3,46175.89,240,208
Sec 31 - Gurgaon (02/0016),02-0016,North,Thatte Idli Plate,,285,57572.59,30754.02,26818.57,151,134
Sec 31 - Gurgaon (02/0016),02-0016,North,Ghee Roast Masala Dosa,,201,50355.34,27933.97,22421.37,113,88
Sec 31 - Gurgaon (02/0016),02-0016,North,Idli Plate (2 pc),,264,43029.96,21655.73,21374.23,135,129
Sec 31 - Gurgaon (02/0016),02-0016,North,Filter Coffee,,341,38420.24,19678.86,18741.38,175,166
Sec 31 - Gurgaon (02/0016),02-0016,North,Garlic Benne Dosa,,110,29429.62,15307.25,14122.37,58,52
Sec 31 - Gurgaon (02/0016),02-0016,North,Malabar Paratha with Paneer Korma,,108,28742.1,14848.81,13893.29,55,53
Sec 31 - Gurgaon (02/0016),02-0016,North,Garlic Ghee Roast Dosa,,120,31783.14,14324.01,17459.13,55,65
Sec 31 - Gurgaon (02/0016),02-0016,North,Mysore Masala Dosa,,107,29250.95,12977.69,16273.26,47,60
Sec 31 - Gurgaon (02/0016),02-0016,North,Benne Dosa,,120,26334.53,12513.47,13821.06,57,63
Sec 31 - Gurgaon (02/0016),02-0016,North,Mysore Ghee Roast Dosa,,86,22384.55,11825.52,10559.03,46,40
Sec 31 - Gurgaon (02/0016),02-0016,North,Cold Coffee-Classic,,99,19815.49,11172.04,8643.45,57,42
Sec 31 - Gurgaon (02/0016),02-0016,North,Idli Vada Plate,,93,19737.95,10082.71,9655.24,49,44
Sec 31 - Gurgaon (02/0016),02-0016,North,Mixed Uttapam,,85,21490.81,9927.02,11563.79,40,45
Sec 31 - Gurgaon (02/0016),02-0016,North,Idli Fries,,81,15187.54,8888.03,6299.51,48,33
Sec 31 - Gurgaon (02/0016),02-0016,North,Rava Plain Dosa,,73,16775.5,8822.65,7952.85,39,34
Sec 31 - Gurgaon (02/0016),02-0016,North,Plain Dosa,,101,18211.78,8668.7,9543.08,48,53
Sec 31 - Gurgaon (02/0016),02-0016,North,Raw Mango Ghee Roast Dosa,,62,15850.71,8613.35,7237.36,34,28
Sec 31 - Gurgaon (02/0016),02-0016,North,Medu Vada Plate (2 pc),,88,17201.96,7694.84,9507.12,40,48
Sec 31 - Gurgaon (02/0016),02-0016,North,Raw Mango Benne Dosa,,61,15468.12,7509.37,7958.75,30,31
Sec 31 - Gurgaon (02/0016),02-0016,North,Iced Filter Coffee,,83,10613.99,7334.01,3279.98,57,26
Sec 31 - Gurgaon (02/0016),02-0016,North,Mysore Benne Dosa,,44,11733.17,6381.42,5351.75,24,20
Sec 31 - Gurgaon (02/0016),02-0016,North,Fresh Buttermilk,,90,11531.81,6078.81,5453.0,48,42
Sec 31 - Gurgaon (02/0016),02-0016,North,Guntur Karampodi Dosa,,35,11693.93,5861.18,5832.75,18,17
Sec 31 - Gurgaon (02/0016),02-0016,North,Plain Ghee Roast Dosa,,49,10483.14,5658.45,4824.69,26,23
Sec 31 - Gurgaon (02/0016),02-0016,North,Dosa Coffee Benne Tiffin,,49,12253.72,5592.05,6661.67,23,26
Sec 31 - Gurgaon (02/0016),02-0016,North,Paneer Dosa,,30,9636.76,5230.97,4405.79,16,14
Sec 31 - Gurgaon (02/0016),02-0016,North,Potato Masala,,229,8898.26,5108.2,3790.07,130,99
Sec 31 - Gurgaon (02/0016),02-0016,North,Dosa Coffee Tiffin,,40,10341.35,5021.62,5319.73,21,19
Sec 31 - Gurgaon (02/0016),02-0016,North,Garlic Masala Dosa,,40,10993.01,4695.92,6297.09,17,23
Sec 31 - Gurgaon (02/0016),02-0016,North,Curd Rice,,33,6888.87,4173.07,2715.8,21,12
Sec 31 - Gurgaon (02/0016),02-0016,North,Malkapodi Masala Dosa,,29,7928.73,4033.23,3895.5,15,14
Sec 31 - Gurgaon (02/0016),02-0016,North,Thindi Ghee Podi Masala Dosa,,43,11181.02,3656.32,7524.7,14,29
Sec 31 - Gurgaon (02/0016),02-0016,North,Malkapodi Idli Plate (2pc),,39,7654.55,3626.52,4028.03,19,20
Sec 31 - Gurgaon (02/0016),02-0016,North,Onion Uttapam,,25,5934.75,3505.14,2429.61,15,10
Sec 31 - Gurgaon (02/0016),02-0016,North,Homemade Lemonade,,44,6249.0,3414.0,2835.0,24,20
Sec 31 - Gurgaon (02/0016),02-0016,North,Vegetable Uttapam,,23,5888.4,3317.29,2571.11,13,10
Sec 31 - Gurgaon (02/0016),02-0016,North,Dahi Vada Plate (2 pc),,37,8065.9,3316.17,4749.73,15,22
Sec 31 - Gurgaon (02/0016),02-0016,North,Mango Shake,,25,4738.55,3274.55,1464.0,17,8
Sec 31 - Gurgaon (02/0016),02-0016,North,Tomato Rice,,23,5005.48,3184.13,1821.35,14,9
Sec 31 - Gurgaon (02/0016),02-0016,North,Lemon Rice,,30,6775.5,2977.55,3797.95,13,17
Sec 31 - Gurgaon (02/0016),02-0016,North,Homemade Sparkling Lemonade,,41,6067.19,2914.38,3152.81,20,21
Sec 31 - Gurgaon (02/0016),02-0016,North,Tomato Onion Uttapam,,21,5072.75,2529.45,2543.3,11,10
Sec 31 - Gurgaon (02/0016),02-0016,North,Srivillli Kheer,,31,4352.02,2388.47,1963.55,17,14
Sec 31 - Gurgaon (02/0016),02-0016,North,Filter Coffee Flask (250ml),,29,6262.28,2187.27,4075.01,10,19
Sec 31 - Gurgaon (02/0016),02-0016,North,Rasam & Papad,,48,4788.0,1995.0,2793.0,20,28
Sec 31 - Gurgaon (02/0016),02-0016,North,Ghee Idli Plate (2pc),,26,4845.61,1954.11,2891.5,11,15
Sec 31 - Gurgaon (02/0016),02-0016,North,Mysore Dosa,,17,4215.75,1942.5,2273.25,8,9
Sec 31 - Gurgaon (02/0016),02-0016,North,Cold Coffee-Crunchy Oreo,,12,2745.16,1863.16,882.0,8,4
Sec 31 - Gurgaon (02/0016),02-0016,North,Bisbelle Bhaat,,27,5522.78,1731.3,3791.48,8,19
Sec 31 - Gurgaon (02/0016),02-0016,North,Kesari Halwa,,29,4016.53,1701.75,2314.78,11,18
Sec 31 - Gurgaon (02/0016),02-0016,North,Cold Coffee-Nuttela,,9,2150.9,1657.4,493.5,7,2
Sec 31 - Gurgaon (02/0016),02-0016,North,Open Butter Masala Dosa,,10,2677.5,1606.5,1071.0,6,4
Sec 31 - Gurgaon (02/0016),02-0016,North,Appalam Papad (1pc),,73,2599.33,1490.2,1109.13,42,31
Sec 31 - Gurgaon (02/0016),02-0016,North,Rasam Idli Plate (2pc),,12,2020.67,1386.0,634.67,8,4
Sec 31 - Gurgaon (02/0016),02-0016,North,Jaggery Cinnamon Filter Coffee,,22,2929.14,1337.1,1592.04,10,12
Sec 31 - Gurgaon (02/0016),02-0016,North,Malkapodi Dosa,,12,2252.61,1255.11,997.5,8,4
Sec 31 - Gurgaon (02/0016),02-0016,North,Upma,,18,3141.37,1198.05,1943.32,7,11
Sec 31 - Gurgaon (02/0016),02-0016,North,Onion,,71,2119.52,1159.23,960.29,39,32
Sec 31 - Gurgaon (02/0016),02-0016,North,Paper Plain Dosa,,8,1890.0,945.0,945.0,4,4
Sec 31 - Gurgaon (02/0016),02-0016,North,Spicy Tomato Onion Ghee Roast Dosa,,12,3026.9,896.04,2130.86,4,8
Sec 31 - Gurgaon (02/0016),02-0016,North,Sambar Idli Plate (2pc),,9,1559.25,866.25,693.0,5,4
Sec 31 - Gurgaon (02/0016),02-0016,North,Black Coffee,,11,981.75,803.25,178.5,9,2
Sec 31 - Gurgaon (02/0016),02-0016,North,Sambar Vada Plate (2pc),,14,2760.13,765.13,1995.0,4,10
Sec 31 - Gurgaon (02/0016),02-0016,North,Rasam Vada Plate (2 Pc),,6,1096.75,740.82,355.93,4,2
Sec 31 - Gurgaon (02/0016),02-0016,North,Packaged Drinking Water-500 ml,,34,1203.16,736.33,466.83,21,13
Sec 31 - Gurgaon (02/0016),02-0016,North,Butter Idli Plate (2pc),,7,1193.31,711.84,481.47,4,3
Sec 31 - Gurgaon (02/0016),02-0016,North,Chocolate Filter Coffee,,12,1575.0,656.25,918.75,5,7
Sec 31 - Gurgaon (02/0016),02-0016,North,Garlic Dosa,,10,2248.57,643.65,1604.92,3,7
Sec 31 - Gurgaon (02/0016),02-0016,North,Cheese,,27,1488.56,560.21,928.36,11,16
Sec 31 - Gurgaon (02/0016),02-0016,North,Filter Coffee Cappuccino,,11,1420.42,525.0,895.42,4,7
Sec 31 - Gurgaon (02/0016),02-0016,North,Dosa Batter Kit (1 Kg),,2,1047.9,523.95,523.95,1,1
Sec 31 - Gurgaon (02/0016),02-0016,North,Paniyaram (10 Pcs),,5,966.39,456.75,509.64,3,2
Sec 31 - Gurgaon (02/0016),02-0016,North,Special White Coconut Chutney,,11,806.26,421.49,384.77,6,5
Sec 31 - Gurgaon (02/0016),02-0016,North,Raw Mango Chutney,,11,761.15,389.32,371.83,6,5
Sec 31 - Gurgaon (02/0016),02-0016,North,Strawberry Shake,,6,1165.5,388.5,777.0,2,4
Sec 31 - Gurgaon (02/0016),02-0016,North,Fresh Watermelon Juice,,2,332.93,332.93,,2,
Sec 31 - Gurgaon (02/0016),02-0016,North,Ghee,,10,609.18,306.02,303.16,5,5
Sec 31 - Gurgaon (02/0016),02-0016,North,Butter,,11,670.52,292.52,378.0,5,6
Sec 31 - Gurgaon (02/0016),02-0016,North,Spicy Tomato Onion Chutney,,6,445.41,277.41,168.0,4,2
Sec 31 - Gurgaon (02/0016),02-0016,North,Tomato Uttapam,,4,943.13,246.75,696.38,1,3
Sec 31 - Gurgaon (02/0016),02-0016,North,Coconut Rice,,1,236.25,236.25,,1,
Sec 31 - Gurgaon (02/0016),02-0016,North,Plain Uttapam,,1,236.25,236.25,,1,
Sec 31 - Gurgaon (02/0016),02-0016,North,Thindi Podi Idli,,8,1502.96,210.0,1292.96,1,7
Sec 31 - Gurgaon (02/0016),02-0016,North,Extra Paratha(1 Pc),,8,714.0,178.5,535.5,2,6
Sec 31 - Gurgaon (02/0016),02-0016,North,Dadu`s Special Spicy Chutney,,3,243.23,168.0,75.23,2,1
Sec 31 - Gurgaon (02/0016),02-0016,North,Special Spicy Coconut Chutney,,3,218.4,151.2,67.2,2,1
Sec 31 - Gurgaon (02/0016),02-0016,North,Packaging Charge,,25,357.4,134.63,222.77,9,16
Sec 31 - Gurgaon (02/0016),02-0016,North,Jain Sambar,,138,0,0.0,0.0,67,71
Sec 31 - Gurgaon (02/0016),02-0016,North,Regular Sambar,,4147,0,0.0,0.0,2061,2086
Sec 31 - Gurgaon (02/0016),02-0016,North,Malkapodi & Ghee,,1,84.0,,84.0,,1
