brand,outlet_name,outlet_address,outlet_area,city,lat,lon,rating,reviews,nearest_dosa_coffee,nearest_dc_dist_m,source,place_id
Barbeque Nation,Barbeque Nation - Kolkata - Lake Mall,"Rash Behari Ave, lake Terrace, Ballygunge, Kolkata, West Bengal 700029","lake Terrace, Ballygunge",Kolkata,22.518328,88.3583165,4.4,,Dosa Coffee - Lake road 01/0015,716,"Google Maps search (public listing), 2026-10-10",ChIJWUuyYuR3AjoRj78Bsvp_9P4
Barbeque Nation,Barbeque Nation-Rajarhat,"2nd Floor, Block M, Shop No, 207, Action Area I, IID, New Town, Rajarhat, West Bengal 700136","Action Area I, IID, New Town",Kolkata,22.6230363,88.4502303,4.4,,"Google listing not in POSist: Dosa Coffee (Tali Park, Action Area 2d, Rajarhat)",1283,"Google Maps search (public listing), 2026-10-10",ChIJt6OEQyOf-DkR_Jx3jwHUITg
Barbeque Nation,"Barbeque Nation- Park Street, Kolkata","Park Center Garmin (Khadi), 1st Floor,, 24, Park St, Kolkata, West Bengal 700016",Park Street area,Kolkata,22.5510199,88.353816,4.5,,Dosa Coffee - Ideal Plaza (01/0001),1331,"Google Maps search (public listing), 2026-10-10",ChIJb93BuRp3AjoRqdxyBozdusM
Barbeque Nation,Fiesta By Barbeque Nation - New Market,"3 & 4, Lindsay St, Fire Brigade Head Quarter, Esplanade, Dharmatala, Taltala, Kolkata, West Bengal 700087","Fire Brigade Head Quarter, Esplanade, Dharmatala, Taltala",Kolkata,22.5598679,88.3518802,4.6,,Dosa Coffee - Calcutta Swiming Club (0007),1339,"Google Maps search (public listing), 2026-10-10",ChIJr3uvYrF3AjoRadygoFqhiQg
Barbeque Nation,Barbeque Nation - Kolkata - Acropolis Mall,"Acropolis mall, 4th floor, Sector 1, Rajdanga Main Rd, Sector 1, East Kolkata Twp, Kolkata, West Bengal 700107","Shantipally, Sector 1, East Kolkata Township",Kolkata,22.515159,88.393419,4.4,,Dosa Coffee - Kalikapur (01/0014),1366,"Google Maps search (public listing), 2026-10-10",ChIJ2R3KaI9zAjoR7qPbfF1nSFo
Barbeque Nation,Barbeque Nation - Behala,"1st Floor, 69/1, Jadu Colony, Behala, Kolkata, West Bengal 700034","Jadu Colony, Behala",Kolkata,22.4930976,88.31867299999999,4.8,,Dosa Coffee - James long Sarani (01/0011),1527,"Google Maps search (public listing), 2026-10-10",ChIJ-VdpyJF7AjoR1Ud6WSO5KDI
Barbeque Nation,Barbeque Nation-Kolkata DC,"JFV8+67C, Gopalpur I, Narayanpur, Rajarhat, Narendranagar, Kolkata, West Bengal 700136","Gopalpur I, Narayanpur, Rajarhat",Kolkata,22.6430625,88.4656345,5.0,,"Google listing not in POSist: Dosa Coffee (Tali Park, Action Area 2d, Rajarhat)",1545,"Google Maps search (public listing), 2026-10-10",ChIJz4JOUwCf-DkRih6r3Lz3t_o
Barbeque Nation,Barbeque Nation,"Unit No-01, 4th Floor, DIAMOND PLAZA, 68, Jessore Rd, Bangur Avenue, Ward Number 23, Satgachi, Kolkata, West Bengal 700055","Bangur Avenue, Ward Number 23, Satgachi",Kolkata,22.6155008,88.4124399,4.5,,Dosa Coffee - Lake Town (0005),1608,"Google Maps search (public listing), 2026-10-10",ChIJVVXBoh2e-DkRKEenw1n---I
Barbeque Nation,Barbeque Nation - Howrah Maidan,"Metro, 5th floor,Platina Mall, Nitydhan, Nityadhan Mukherjee Rd, opposite Howrah, Howrah Railway Station, Maidan, Kolkata, West Bengal 711101","Howrah Railway Station, Maidan",Kolkata,22.5813089,88.3335149,4.3,,Dosa Coffee - Calcutta Swiming Club (0007),1706,"Google Maps search (public listing), 2026-10-10",ChIJ5_j8r8B3AjoRDxzzCSwdZGI
Barbeque Nation,"Barbeque Nation- Salt Lake, Kolkata","RDB Boulevard, K-1, Street Number 25, Block EP&GP, Sector V, Bidhannagar, Kolkata, West Bengal 700091","Block EP&GP, Sector V",Kolkata,22.5690352,88.43314749999999,4.5,,Dosa Coffee - Salt Lake (002),2179,"Google Maps search (public listing), 2026-10-10",ChIJIRC6w611AjoRyNBbBqrcvA4
Barbeque Nation,Barbeque Nation - Garia,"3rd Floor Rashmin building, 92 Raja Subodh Chandra Mullick Road, Mallick Road, near Padmashree cinema hall, Garia, Kolkata, West Bengal 700047","Ramgarh, Garia",Kolkata,22.4725462,88.3763206,4.5,,Dosa Coffee - Santoshpur (01/0012),2535,"Google Maps search (public listing), 2026-10-10",ChIJJ2suDYNxAjoRhQOuoXXwYA0
Barbeque Nation,Fiesta By Barbeque Nation - Hatibagan,"3rd Floor, Ideal Unique Residency, 162, Grey St, Khanna, Shyam Bazar, Kolkata, West Bengal 700006","Khanna, Shyam Bazar",Kolkata,22.5940768,88.37425309999999,3.9,,Dosa Coffee - Manisquare (0004),3245,"Google Maps search (public listing), 2026-10-10",ChIJd4-BBwB3AjoRMRWypXMlVG4
Barbeque Nation,Barbeque Nation Sodepur,"05th Floor, Peerless Nagar, Ramkrishna Pally, Panihati, Khardaha, West Bengal 700114","Peerless Nagar, Ramkrishna Pally, Panihati",Kolkata,22.7014141,88.3746098,4.3,,Dosa Coffee - Rangoli Mall (01/0010),8860,"Google Maps search (public listing), 2026-10-10",ChIJA3pQlU6d-DkRpIxVyHATSlo
Barbeque Nation,Barbeque Nation - Barasat,"Dakbanglow More, Barasat, N-19, Jessore Rd, Digberia, Kolkata, West Bengal 700124","Barowaritola, Digberia",Kolkata,22.7112309,88.4771014,4.3,1780.0,"Google listing not in POSist: Dosa Coffee (Tali Park, Action Area 2d, Rajarhat)",9183,"Google Maps search (public listing), 2026-10-10",ChIJX8QTFfCZ-DkRdIFpL0_JvYo
Blue Tokai,Blue Tokai Coffee Roasters | Lake Market,"35A, Janak Rd, Lake Market, Kalighat, Kolkata, West Bengal 700029","Lake Market, Kalighat",Kolkata,22.5147843,88.34774449999999,4.6,,Dosa Coffee - Lake road 01/0015,461,"Google Maps search (public listing), 2026-10-10",ChIJlQgeUFtxAjoRbdufImbSDno
Blue Tokai,"Blue Tokai Coffee Roasters | Sector 3, Salt Lake City","Ground Floor, IA-83, IA Block, Sector 3, Bidhannagar, Kolkata, West Bengal 700097","IA Block, Sector 3",Kolkata,22.5734887,88.409022,4.6,,Dosa Coffee - Salt Lake (002),538,"Google Maps search (public listing), 2026-10-10",ChIJj__WsgB1AjoRlRj7BsOK_P4
Blue Tokai,Blue Tokai Coffee Roasters | Salt Lake Sector 1,"No DA/138, Salt lake, DA Block, Sector 1, Bidhannagar, Kolkata, West Bengal 700064","DA Block, Sector 1",Kolkata,22.584067,88.40044999999999,4.6,,Dosa Coffee - Manisquare (0004),700,"Google Maps search (public listing), 2026-10-10",ChIJ6UGT6L11AjoRW-slyKF-r7w
Blue Tokai,Blue Tokai Coffee Roasters | Southern Avenue,"Plot No 20, Jatin Bagchi Road, Golpark, Hindustan Park, Gariahat, Kolkata, West Bengal 700029","Golpark, Hindustan Park, Gariahat",Kolkata,22.5168631,88.360141,4.4,,Dosa Coffee - Lake road 01/0015,835,"Google Maps search (public listing), 2026-10-10",ChIJI-8xL29xAjoR-NcNzjsfOrw
Blue Tokai,Blue Tokai Coffee Roasters | Phool Bagan,"Ground Floor, No P/148B, Swarupananda Sarani, Kadapara, Phoolbagan, Kankurgachi, Kolkata, West Bengal 700054","Kadapara, Phoolbagan, Kankurgachi",Kolkata,22.5769167,88.39108329999999,4.7,,Dosa Coffee - Manisquare (0004),968,"Google Maps search (public listing), 2026-10-10",ChIJ3_mPQ9p3AjoRMztJb4-8cI4
Blue Tokai,Blue Tokai Coffee Roasters | Bidhannagar,"Shop No 2 & 3, CF 326, CF Block, Sector 1, Bidhannagar, Kolkata, West Bengal 700064","CF Block, Sector 1",Kolkata,22.5949904,88.419247,4.4,,Dosa Coffee - Salt Lake Sec-1 (0009),1131,"Google Maps search (public listing), 2026-10-10",ChIJDeumXh91AjoR1l0R1Gx8qtg
Blue Tokai,Blue Tokai Coffee Roasters | Ballygunge,"Ground & 1st Floor, No 11, Palit St, Garcha, Ballygunge, Kolkata, West Bengal 700019","Garcha, Ballygunge",Kolkata,22.5271042,88.35359989999999,4.5,,Dosa Coffee - Forum (0003),1274,"Google Maps search (public listing), 2026-10-10",ChIJ8WxVQFx3AjoRD6QOjYcg0yE
Blue Tokai,Blue Tokai Coffee Roasters | Ritchie Road,"42, Pankaj Mullick Sarani, Ballygunge, Kolkata, West Bengal 700029",Ballygunge,Kolkata,22.5265455,88.35549019999999,4.7,,Dosa Coffee - Lake road 01/0015,1303,"Google Maps search (public listing), 2026-10-10",ChIJwS_U9DF3AjoRSc3__YBVBdU
Blue Tokai,Blue Tokai Coffee Roasters | Jodhpur Park,"Ground Floor, Jodhpur Park, No 26, Kolkata, West Bengal 700068",Jodhpur Park,Kolkata,22.5083698,88.3650265,4.6,,Dosa Coffee - Lake road 01/0015,1522,"Google Maps search (public listing), 2026-10-10",ChIJfWmi5bNxAjoRumYTjl209-k
Blue Tokai,Blue Tokai Coffee Roasters | Park Street,"31 Chowringee Road, Taltala, opposite Park Hotel, Park Street area, Kolkata, West Bengal 700016",Park Street area,Kolkata,22.5548009,88.3505576,4.4,,Dosa Coffee - Calcutta Swiming Club (0007),1780,"Google Maps search (public listing), 2026-10-10",ChIJs4wBFwN3AjoR6hIpihpY0rE
Blue Tokai,Blue Tokai Coffee Roasters | Infinity Think Tank,"tower 1, Alumnus Software Ltd, INFINITY THINK TANK, Shop No 8, GP Block, Sector V, Bidhannagar, Kolkata, West Bengal 700091","GP Block, Sector V",Kolkata,22.5691608,88.4318062,4.8,,Dosa Coffee - Salt Lake (002),2041,"Google Maps search (public listing), 2026-10-10",ChIJBfayvrR1AjoR87nHZzYGYjw
Blue Tokai,Blue Tokai Coffee Roasters | Biowonder Ruby,"Biowonder, No 789, Anandapur Main Rd, near Eastern Metropolitan Bypass, Roadx, East Kolkata Twp, Kolkata, West Bengal 700107","Roadx, East Kolkata Township",Kolkata,22.5222053,88.4002678,4.7,,Dosa Coffee - Kalikapur (01/0014),2237,"Google Maps search (public listing), 2026-10-10",ChIJ-9kX1xdzAjoRiF958z7TYps
Blue Tokai,Blue Tokai Coffee Roasters | Alipore Road,"Ground Floor, Unit No D, 17/1E, Alipore Rd, Kolkata, West Bengal 700027",Alipore,Kolkata,22.522444,88.33066699999999,4.9,,Dosa Coffee - Lake road 01/0015,2353,"Google Maps search (public listing), 2026-10-10",ChIJP_rbc7t3AjoRHz1z9f1l6d4
Blue Tokai,Blue Tokai Coffee Roasters | Golf Green,"Ground Floor, Phz 1, No SD/10, Uday Shankar Sarani Rd, Golf Gardens, Golf Green, Kolkata, West Bengal 700095","Golf Gardens, Golf Green",Kolkata,22.4919614,88.3602013,4.3,,Dosa Coffee - Lake road 01/0015,2715,"Google Maps search (public listing), 2026-10-10",ChIJRSb9WwBxAjoRQJ55neh4mKw
Blue Tokai,Blue Tokai Coffee Roasters | New Alipore,"Premises No - 80, Ground Floor, BLOCK-D, Ramtanu Lahiri Rd, Block D, New Alipore, Kolkata, West Bengal 700053","Block D, New Alipore",Kolkata,22.5123233,88.3238903,4.5,,Dosa Coffee - Lake road 01/0015,2927,"Google Maps search (public listing), 2026-10-10",ChIJeZEBj3VxAjoRXWyJ76WcVOU
Blue Tokai,"Blue Tokai Coffee Roasters | Sector 5, Salt Lake","No MB/690, Mahisbathan Rd, near Saltlake Shiksha Niketan, AQ Block, Sector V, Bidhannagar, Kolkata, West Bengal 700102","AQ Block, Sector V",Kolkata,22.5763184,88.4420919,4.4,,Dosa Coffee - Salt Lake (002),3189,"Google Maps search (public listing), 2026-10-10",ChIJd7g4pRd1AjoR03qhh2meYyo
Burger King,Burger King,"3rd Floor, Quest Mall, No 1, Syed Amir Ali Ave, Park Circus, Ballygunge, Kolkata, West Bengal 700017","Park Circus, Ballygunge",Kolkata,22.5390013,88.3658001,4.6,,Dosa Coffee - Quest Mall (01/0016),7,"Google Maps search (public listing), 2026-10-10",ChIJ9WYWb3h3AjoRpJvNvQQGqGg
Burger King,Burger King,"4th Floor, Lake Mall, Unit No F22, 104, Rash Behari Ave, Kolkata, West Bengal 700029","Lake Market, Kalighat",Kolkata,22.51671,88.34900189999999,4.7,,Dosa Coffee - Lake road 01/0015,368,"Google Maps search (public listing), 2026-10-10",ChIJKyBzIOJ3AjoROfneuhWWWAI
Burger King,Burger King,"Ground Floor, 403/1, Alcove Gloria, Unit No 03, Dakshindari Rd, Sreebhumi, Lake Town, Kolkata, South Dumdum, West Bengal 700048","Sreebhumi, Lake Town",Kolkata,22.5979573,88.4017184,4.5,,Dosa Coffee - Lake Town (0005),635,"Google Maps search (public listing), 2026-10-10",ChIJcwKF49t1AjoR8OuIxYe1g18
Burger King,Burger King,"City Centre, Plot No DC/1, 3rd Ave, DC Block, Sector 1, Bidhannagar, Kolkata, West Bengal 700064","DC Block, Sector 1",Kolkata,22.5876065,88.40769209999999,4.5,,Dosa Coffee - Salt Lake Sec-1 (0009),975,"Google Maps search (public listing), 2026-10-10",ChIJKcrmFBp1AjoROloPR7R80c4
Burger King,Burger King,"GF, New, Empire Cinema Building, 3a, Humayun Pl, near New Empire Cinema, New Market Area, Dharmatala, Taltala, Kolkata, West Bengal 700087","New Market Area, Dharmatala, Taltala",Kolkata,22.5605291,88.3522674,4.5,,Dosa Coffee - Calcutta Swiming Club (0007),1303,"Google Maps search (public listing), 2026-10-10",ChIJeWk1-mB3AjoRLtuNbMNSXtU
Burger King,Burger King,"1858/1, 3rd, Food Court, Acropolis Mall, CN T004, Rajdanga Chakraborty Para Rd, Shantipally, Sector B, East Kolkata Twp, Kolkata, West Bengal 700107","Shantipally, Sector B, East Kolkata Township",Kolkata,22.5153064,88.3931751,4.7,,Dosa Coffee - Kalikapur (01/0014),1384,"Google Maps search (public listing), 2026-10-10",ChIJLTCuwqBxAjoRW8gOracpiKY
Burger King,Mr. Burger King,"H9G4+HXP, Bolai Dutta St, Kolutolla, Kolkata, West Bengal 700073",Kolutolla,Kolkata,22.5764713,88.3574445,,,Dosa Coffee - Calcutta Swiming Club (0007),1522,"Google Maps search (public listing), 2026-10-10",ChIJq9K1NAB3AjoRtN95dnH2cd0
Burger King,Royal Burger King,"DE-82, Street Number 322, DE Block(Newtown), Action Area I, New Town, Kolkata, West Bengal 700156","DE Block(Newtown), Action Area I, New Town",Kolkata,22.5717928,88.4737337,4.4,,Dosa Coffee - Rosedale Plaza(0006),2062,"Google Maps search (public listing), 2026-10-10",ChIJs4Qe7nF1AjoRP-xy-3CAUJk
Burger King,Burger King,"No 4 Pramatha, Promotho Choudhary Sarani Rd, Block M, New Alipore, Kolkata, West Bengal 700053","Block M, New Alipore",Kolkata,22.5091006,88.3331048,4.6,,Dosa Coffee - Lake road 01/0015,2077,"Google Maps search (public listing), 2026-10-10",ChIJeUrlt9BxAjoRUf-GgBpDY6Y
Burger King,Burger King,"Shop No R2, Ground Floor, near Techno India University, DN Block, Sector V, Bidhannagar, Kolkata, West Bengal 700091","DN Block, Sector V",Kolkata,22.5765004,88.43070399999999,4.5,,Dosa Coffee - Salt Lake (002),2080,"Google Maps search (public listing), 2026-10-10",ChIJmxzGOn51AjoR8c4WLoFXQ6Y
Burger King,Burger King,"Tower 6 & 7, GF, ASPIRA STARWOOD, SN 2, Hatiara Rd, Chinar Park, Sukanta Pally, Baguiati, Kolkata, West Bengal 700052","Chinar Park, Sukanta Pally, Baguiati",Kolkata,22.6230613,88.440748,4.7,,"Google listing not in POSist: Dosa Coffee (Tali Park, Action Area 2d, Rajarhat)",2134,"Google Maps search (public listing), 2026-10-10",ChIJ3eIwWnKf-DkR3mHH373NUHI
Burger King,Burger King,"3rd Floor, Avni Mall, No 32, Jagat Banerjee Ghat Rd, Choura Bustee, Shibpur, Howrah, West Bengal 711102","Choura Bustee, Shibpur",Kolkata,22.5632179,88.3237015,4.8,,Dosa Coffee - Calcutta Swiming Club (0007),2258,"Google Maps search (public listing), 2026-10-10",ChIJ5ygAFKF5AjoRsTGR1Wzq2bc
Burger King,Mr. Burger King,"H8QM+Q34, Belilious Rd, Kadam Tala, Howrah, West Bengal 711101",Kadam Tala,Kolkata,22.5893976,88.33270739999999,4.0,,Dosa Coffee - Calcutta Swiming Club (0007),2493,"Google Maps search (public listing), 2026-10-10",ChIJ-ZC3NgB3AjoRZVn5yDmXaSc
Burger King,Burger King,"Shop No 7, AXIS MALL, Plot No. CF/9, CF Block(Newtown), Action Area 1C, New Town, Kolkata, West Bengal 700107","CF Block(Newtown), Action Area 1C, New Town",Kolkata,22.5795842,88.4598999,4.7,,Dosa Coffee - Rosedale Plaza(0006),3726,"Google Maps search (public listing), 2026-10-10",ChIJPWnSXBZ1AjoRCubiEvaPusc
Burger King,Burger King,"Food Village, Barrackpore Trunk Rd, near Apollo Clinic, Dunlop, Saket Nagar, Bonhooghly, Baranagar, Kolkata, Baranagar, West Bengal 700108","Dunlop, Saket Nagar, Bonhooghly, Baranagar",Kolkata,22.6525548,88.37749559999999,4.7,,Dosa Coffee - Rangoli Mall (01/0010),3993,"Google Maps search (public listing), 2026-10-10",ChIJz5wnWxGd-DkR2uJd5QJsTBE
Burger King,Burger King,"No 86/2, JMC Prantik, Jessore Rd, Vivekananda Nagar, Madhyamgram, Kolkata, West Bengal 700129","Vivekananda Nagar, Madhyamgram",Kolkata,22.6992926,88.46957839999999,4.6,,"Google listing not in POSist: Dosa Coffee (Tali Park, Action Area 2d, Rajarhat)",7750,"Google Maps search (public listing), 2026-10-10",ChIJM9nY0ymf-DkRHD3ZkP2zSfE
Burger King,Burger King,"Triveni Mall, 449/A/2, GT Rd, Mahesh Bose Para, Serampore, West Bengal 712202","Mahesh Bose Para, Serampore",Kolkata,22.7376179,88.3520485,4.8,,Dosa Coffee - Rangoli Mall (01/0010),12625,"Google Maps search (public listing), 2026-10-10",ChIJkWrOJACb-DkR4wNlt-RxuOg
Cafe Coffee Day,Café Coffee Day,"164 1, Maniktala Main Rd, beside Apollo Hospital, Kadapara, Phoolbagan, Kankurgachi, Kolkata, West Bengal 700054","Kadapara, Phoolbagan, Kankurgachi",Kolkata,22.5777732,88.4004673,3.9,311.0,Dosa Coffee - Manisquare (0004),0,"Google Maps search (public listing), 2026-10-10",ChIJ_ev9lW92AjoRAFj-c5Px2Fk
Cafe Coffee Day,Cafe Coffee day - Action Area III,"BLOCK-3, Rosedale Plaza, Action Area III, New Town, West Bengal 700160","Action Area III, New Town",Kolkata,22.5619018,88.4907059,4.1,180.0,Dosa Coffee - Rosedale Plaza(0006),1,"Google Maps search (public listing), 2026-10-10",ChIJy2GdRSYLAjoRg0K4ytNYNng
Cafe Coffee Day,Café Coffee Day,"6, Kiran Shankar Roy Rd, near Kolkata High Court, Dalhousie, B.B.D. Bagh, Kolkata, West Bengal 700001","Dalhousie, B.B.D. Bagh",Kolkata,22.5696903,88.3450635,4.0,712.0,Dosa Coffee - Calcutta Swiming Club (0007),59,"Google Maps search (public listing), 2026-10-10",ChIJ0fa1I1N2AjoRNiW_Vq5y3a8
Cafe Coffee Day,Cafe Coffee Day Express,"No. 3, Stadium Gate, C-16 & 17, No. 3A, Broadway Rd, opposite Salt Lake, Sector 3, Bidhannagar, Kolkata, West Bengal 700106","JC Block, Sector 3",Kolkata,22.568423,88.41163689999999,,,Dosa Coffee - Salt Lake (002),120,"Google Maps search (public listing), 2026-10-10",ChIJo2BoBgZ1AjoR2nz5yCy_de4
Cafe Coffee Day,Café Coffee Day - Santoshpur,"185, 9A, Santoshpur Ave, near Jora Bridge, Near Mini Bus Stand, Adipally, Santoshpur, Kolkata, West Bengal 700075","Near Mini Bus Stand, Adipally, Santoshpur",Kolkata,22.4932639,88.389156,3.8,119.0,Dosa Coffee - Santoshpur (01/0012),159,"Google Maps search (public listing), 2026-10-10",ChIJKxHqmLhxAjoR2CWOhQ_4FuM
Cafe Coffee Day,Café Coffee Day Lake Road,"P563, Lake Rd, lake Terrace, Ballygunge, Kolkata, West Bengal 700029","lake Terrace, Ballygunge",Kolkata,22.515538,88.3544282,4.1,532.0,Dosa Coffee - Lake road 01/0015,231,"Google Maps search (public listing), 2026-10-10",ChIJZ0iR3CtxAjoR8TN4SV6Oiok
Cafe Coffee Day,Cafe Coffee Day Express,"JC 16 & 17, Broadway Rd, IB Block, Sector 3, Bidhannagar, Kolkata, West Bengal 700106","IB Block, Sector 3",Kolkata,22.5724101,88.4127851,,,Dosa Coffee - Salt Lake (002),338,"Google Maps search (public listing), 2026-10-10",ChIJab-uNgB1AjoR_NsxjTEF1Bg
Cafe Coffee Day,Café Coffee Day,"2352A, AJC Bose Rd, Sreepally, Bhowanipore, Kolkata, West Bengal 700020","Sreepally, Bhowanipore",Kolkata,22.5412758,88.350026,3.2,10.0,Dosa Coffee - Forum (0003),350,"Google Maps search (public listing), 2026-10-10",ChIJb-B81Qx3AjoRl5dTzyWW23s
Cafe Coffee Day,Cafe Coffee day - Rah Behari Avenue,"104, Lake Mall Rah, Rash Behari Ave, West Bengal 700029","Lake Market, Kalighat",Kolkata,22.516555,88.3489853,3.7,,Dosa Coffee - Lake road 01/0015,362,"Google Maps search (public listing), 2026-10-10",ChIJ-_gqUDN3AjoR-CPueZB8N0o
Cafe Coffee Day,Cafe Coffee day - Salt Lake,"Salt Lake City, AD 84, AD Block, Sector 1, Bidhannagar, Kolkata, West Bengal 700064","AD Block, Sector 1",Kolkata,22.5956604,88.4046757,4.2,1005.0,Dosa Coffee - Salt Lake Sec-1 (0009),383,"Google Maps search (public listing), 2026-10-10",ChIJV1E-uON1AjoRPgSoykmapM4
Cafe Coffee Day,Cafe Coffee Day Express,"L&T Chambers, 16, Camac St, Elgin, Kolkata, West Bengal 700017",Elgin,Kolkata,22.5430694,88.3523384,,,Dosa Coffee - Ideal Plaza (01/0001),482,"Google Maps search (public listing), 2026-10-10",ChIJDeeAx-F3AjoRZLGaSdir_Mw
Cafe Coffee Day,Cafe Coffee Day (CCD),"Express Tower 42/A, Rowdan Street, Sarojini Naidu Sarani, opposite A Decore, Kolkata, West Bengal 700017",Elgin,Kolkata,22.5436355,88.3582473,4.0,1952.0,Dosa Coffee - Ideal Plaza (01/0001),664,"Google Maps search (public listing), 2026-10-10",ChIJzUmn_x53AjoRw5cHtw1zp0k
Cafe Coffee Day,CAFE COFFEE DAY,"Tribhuvan Apartment, 137, Shyama Prasad Mukherjee Rd, Lake Range, Kalighat, Kolkata, West Bengal 700026","Lake Range, Kalighat",Kolkata,22.5130254,88.3461963,3.5,12.0,Dosa Coffee - Lake road 01/0015,664,"Google Maps search (public listing), 2026-10-10",ChIJcVfEqctwAjoRNbdjiCRiqVI
Cafe Coffee Day,CAFE COFFEE DAY,"block b, 22, Camac St, Kankaria Estates, Park Street area, Kolkata, West Bengal 700016","Kankaria Estates, Park Street area",Kolkata,22.5465299,88.35379739999999,4.2,355.0,Dosa Coffee - Ideal Plaza (01/0001),832,"Google Maps search (public listing), 2026-10-10",ChIJxcj6Ghp3AjoRV3NtRCl8jq4
Cafe Coffee Day,Café Coffee Day - Nicco Park,"JHEEL MEEL PARK, NICCO PARK, Hm Block, Jheel Meel, Bidhannagar, Kolkata, West Bengal 700106","Hm Block, Jheel Meel",Kolkata,22.57033,88.420322,3.7,,Dosa Coffee - Salt Lake (002),867,"Google Maps search (public listing), 2026-10-10",ChIJPek_Hcp1AjoR2QZ47QJi0Ao
Cafe Coffee Day,Cafe Coffee day,"inside City Centre, DC Block, Sector 1, Bidhannagar, Kolkata, West Bengal 700064","DC Block, Sector 1",Kolkata,22.588529,88.4079733,4.0,1175.0,Dosa Coffee - Salt Lake Sec-1 (0009),871,"Google Maps search (public listing), 2026-10-10",ChIJceH9Y-d1AjoR8V7ka_bWCtQ
Cafe Coffee Day,Cafe Coffee day - Bentick Street,"64, Bentinck St, near Aliha Hotel, Mission Row Extension, Esplanade, Chowringhee North, Bow Barracks, Kolkata, West Bengal 700001","Mission Row Extension, Esplanade, Chowringhee North, Bow Barracks",Kolkata,22.567891,88.352892,4.2,,Dosa Coffee - Calcutta Swiming Club (0007),887,"Google Maps search (public listing), 2026-10-10",ChIJEZ8JJKZ3AjoRxAagpLN8qVI
Cafe Coffee Day,Café Coffee Day - Susrut,"HCG9+538, 1st Cross Rd, HB Block, Sector 3, Bidhannagar, Kolkata, West Bengal 700106","HB Block, Sector 3",Kolkata,22.5754835,88.4177196,3.0,,Dosa Coffee - Salt Lake (002),894,"Google Maps search (public listing), 2026-10-10",ChIJw1ArVf51AjoRfrjm-Bbp5Z8
Cafe Coffee Day,CAFE COFFEE DAY,"Bd-14, Salt Lake Rd, BB Block, Sector 1, Kolkata, Bidhannagar, West Bengal 700064","BB Block, Sector 1",Kolkata,22.5896968,88.40209469999999,,,Dosa Coffee - Salt Lake Sec-1 (0009),979,"Google Maps search (public listing), 2026-10-10",ChIJKdyLIuB1AjoRhtCWm14pQgg
Cafe Coffee Day,Cafe Coffee Day,"3rd Floor, E Mall, 6, Chittaranjan Ave, Esplanade, Chandni Chawk, East Kolkata Twp, Kolkata, West Bengal 700072","Esplanade, Chandni Chawk, East Kolkata Twp",Kolkata,22.5670659,88.35486709999999,4.0,2634.0,Dosa Coffee - Calcutta Swiming Club (0007),1107,"Google Maps search (public listing), 2026-10-10",ChIJd30a96h3AjoRCcSgnYCr348
Cafe Coffee Day,CAFE COFFEE DAY,"Metro Station 35, Chittaranjan Ave, near Chandni Chowk, Bowbazar, Kolkata, West Bengal 700012",Bowbazar,Kolkata,22.5684289,88.356713,1.0,2.0,Dosa Coffee - Calcutta Swiming Club (0007),1263,"Google Maps search (public listing), 2026-10-10",ChIJ7cWJP6l3AjoRomc8-ZAs79E
Cafe Coffee Day,Cafe Coffee day - Salt Lake,"CF 348, near Purta Bhavan, CF Block, Sector 1, Bidhannagar, Kolkata, West Bengal 700064","CF Block, Sector 1",Kolkata,22.5929171,88.4201622,4.1,,Dosa Coffee - Salt Lake Sec-1 (0009),1273,"Google Maps search (public listing), 2026-10-10",ChIJa_blD-t1AjoRVXRV3TRE4dg
Cafe Coffee Day,Café Coffee Day,"No. D001, City Centre 2, Action Area II, Action Area IID, Rajarhat, Kolkata, West Bengal 700161","Action Area II, Action Area IID, Rajarhat",Kolkata,22.6230133,88.4502352,4.0,1325.0,"Google listing not in POSist: Dosa Coffee (Tali Park, Action Area 2d, Rajarhat)",1284,"Google Maps search (public listing), 2026-10-10",ChIJNwXumNqf-DkROMdUc733ysM
Cafe Coffee Day,Café Coffee Day,"Bhupen Bose, 68, 68A/1, James Long Sarani, Satyen Roy Rd, Behala, Kolkata, West Bengal 700034","Jadu Colony, Behala",Kolkata,22.4915082,88.3180783,4.0,1608.0,Dosa Coffee - James long Sarani (01/0011),1341,"Google Maps search (public listing), 2026-10-10",ChIJ4VcQfwt6AjoRe9gBwGjQlao
Cafe Coffee Day,Café Coffee Day,"G9F9+675, Dihi Panchannagram, Gariahat, Sarkar Sarani, Ekdalia, Ballygunge, Kolkata, West Bengal 700019","Ekdalia, Ballygunge",Kolkata,22.5210958,88.3657862,4.1,1186.0,Dosa Coffee - Lake road 01/0015,1540,"Google Maps search (public listing), 2026-10-10",ChIJ6YdxONJ2AjoRzDZ1KvznAfo
Cafe Coffee Day,Café Coffee Day,"KPC Medical College & Hospital Rd, Jadavpur, Kolkata, West Bengal 700032",Jadavpur,Kolkata,22.4941208,88.3727227,3.6,37.0,Dosa Coffee - Santoshpur (01/0012),1546,"Google Maps search (public listing), 2026-10-10",ChIJf_1jHGNxAjoRKSI7mWmpvjA
Cafe Coffee Day,Cafe Coffee Day Express,"781, Eastern Metropolitan Bypass, Sector C, East Kolkata Twp, Kolkata, West Bengal 700107","Sector C, East Kolkata Township",Kolkata,22.5139547,88.4037839,3.9,,Dosa Coffee - Kalikapur (01/0014),1579,"Google Maps search (public listing), 2026-10-10",ChIJZ-z3TGVzAjoR-31fEOZyL1s
Cafe Coffee Day,Cafe Coffee day - Satgachi,"68, DIAMOND PLAZA, Mall, Jessore Rd, Ward Number 23, Satgachi, Kolkata, West Bengal 700055","Ward Number 23, Satgachi",Kolkata,22.615562,88.412514,4.0,2380.0,Dosa Coffee - Lake Town (0005),1617,"Google Maps search (public listing), 2026-10-10",ChIJWUzdoh2e-DkRGlC1bJV_TXw
Cafe Coffee Day,Cafe Coffee day,"DH Block(Newtown), Action Area I, New Town, Chakpachuria, West Bengal 700160","DH Block(Newtown), Action Area I, New Town",Kolkata,22.574376,88.4815012,4.0,,Dosa Coffee - Rosedale Plaza(0006),1680,"Google Maps search (public listing), 2026-10-10",ChIJtR13aAALAjoRkszkjMAu3tc
Cafe Coffee Day,Café Coffee Day,"375, Prince Anwar Shah Rd, South City Complex, Jadavpur, Kolkata, West Bengal 700068","South City Complex, Jadavpur",Kolkata,22.5011582,88.3617108,3.9,565.0,Dosa Coffee - Lake road 01/0015,1844,"Google Maps search (public listing), 2026-10-10",ChIJeXO-SNpwAjoRlvkHDPczSx8
Cafe Coffee Day,Cafe Coffee day - Salt Lake Bypass,"EE-4, Salt Lake Bypass, near Tank No 10, EE Block, Sector 2, Kolkata, Bidhannagar, West Bengal 700091","EE Block, Sector 2",Kolkata,22.5813812,88.4245333,4.2,,Dosa Coffee - Salt Lake (002),1851,"Google Maps search (public listing), 2026-10-10",ChIJU3SlO791AjoReT6YcrySYn8
Cafe Coffee Day,CAFE COFFEE DAY,"12D, Golf Club Rd, Radha Gobindo, Rajendra Prasad Colony, Nath Sarani, Kolkata, West Bengal 700033","Radha Gobindo, Rajendra Prasad Colony, Nath Sarani",Kolkata,22.498051,88.35055799999999,,,Dosa Coffee - Lake road 01/0015,1918,"Google Maps search (public listing), 2026-10-10",ChIJ2ztLgMNwAjoReGzA9ioWseI
Cafe Coffee Day,Café Coffee Day,"183, Bareraipur Road, Anandapally, Bikramgarh, Jadavpur, Kolkata, West Bengal 700095","Anandapally, Bikramgarh, Jadavpur",Kolkata,22.4956351,88.3610806,,,Dosa Coffee - Lake road 01/0015,2362,"Google Maps search (public listing), 2026-10-10",ChIJv0P6CN9wAjoRAYoCW8LMui4
Cafe Coffee Day,Cafe Coffee day - Juli Rd,"Bengal Ambuja, Upohar Condovilla, Juli Rd, Nayabad Ave, 2052, Chak Garia, Pancha Sayar, Kolkata, West Bengal 700094","2052, Chak Garia, Pancha Sayar",Kolkata,22.4749058,88.400756,4.2,298.0,Dosa Coffee - Santoshpur (01/0012),2396,"Google Maps search (public listing), 2026-10-10",ChIJ5_rnon1xAjoRTtgTLSW1NFc
Cafe Coffee Day,Café Coffee Day,"International Airport, Dum Dum, North Dumdum, West Bengal 700052","International Airport, Dum Dum",Kolkata,22.6432681,88.439466,3.9,638.0,"Google listing not in POSist: Dosa Coffee (Tali Park, Action Area 2d, Rajarhat)",2569,"Google Maps search (public listing), 2026-10-10",ChIJO_MZXU2e-DkRvNnmP0Up9T4
Cafe Coffee Day,Cafe Coffee day,"234, After, Dooradarshan bus stop, BUS STAND, Golf Green, Kolkata, West Bengal 700095",Golf Green,Kolkata,22.4931376,88.3621781,3.8,42.0,Dosa Coffee - Santoshpur (01/0012),2623,"Google Maps search (public listing), 2026-10-10",ChIJVVVV5d9wAjoRl9W_VQY3TOY
Cafe Coffee Day,Café Coffee Day,"1, Koyla Vihar, 1/2 Block, near Haldiram, Vasundhara, Kolkata, West Bengal 700052","Arjunpur, Vasundhara",Kolkata,22.6305894,88.4337068,4.1,730.0,"Google listing not in POSist: Dosa Coffee (Tali Park, Action Area 2d, Rajarhat)",2706,"Google Maps search (public listing), 2026-10-10",ChIJI7Zkxzae-DkRkgRqzzSFo1s
Cafe Coffee Day,Café Coffee Day,"23, Ground Floor, BLOCK-B, Nalini Ranjan Ave, Block A, Uttar Raypur, New Alipore, Kolkata, West Bengal 700053","Block A, Uttar Raypur, New Alipore",Kolkata,22.5152766,88.3246843,4.1,2159.0,Dosa Coffee - Lake road 01/0015,2827,"Google Maps search (public listing), 2026-10-10",ChIJK9ltsKpwAjoRQFEIW5zlEL4
Cafe Coffee Day,Cafe Coffee day - Baranagar,"97, Ananya Cinema, 4, Barrackpore Trunk Rd, Ananya, Baranagar, Kolkata, Baranagar, West Bengal 700090","Ananya, Baranagar",Kolkata,22.6413618,88.378104,4.1,,Dosa Coffee - Rangoli Mall (01/0010),3149,"Google Maps search (public listing), 2026-10-10",ChIJN6tfK-ad-DkRKec4Sllg8Cs
Cafe Coffee Day,Cafe Coffee day - Sherwood Estate,"Sherwood Estate, State Highway 1, inside Wood Square Mall, Sahabagan, Ramchandrapur, Narendrapur, Kolkata, West Bengal 700059","Sahabagan, Ramchandrapur, Narendrapur",Kolkata,22.6169967,88.43191209999999,,,Dosa Coffee - Lake Town (0005),3172,"Google Maps search (public listing), 2026-10-10",ChIJhyKgwCie-DkRIgFdNtQ8kmY
Cafe Coffee Day,Cafe Coffee Day Express,"48A, North, Public School North, PWD Rd, Kumar Para Ln, Alambazar, Ariadaha, Baranagar, Kolkata, West Bengal 700035","Bidyayatan Sarani, Alambazar, Ariadaha, Baranagar",Kolkata,22.6508001,88.36726259999999,,,Dosa Coffee - Rangoli Mall (01/0010),3277,"Google Maps search (public listing), 2026-10-10",ChIJRX0zNKid-DkRi5QQq7fCDqw
Cafe Coffee Day,Cafe Coffee day - Naktala Garia,"251a, 41, Netaji Subhas Chandra Bose Rd, Naktala, Garia, Kolkata, West Bengal 700047","Naktala, Garia",Kolkata,22.4735826,88.36232799999999,4.1,2336.0,Dosa Coffee - Santoshpur (01/0012),3369,"Google Maps search (public listing), 2026-10-10",ChIJhbru4QFxAjoR4CuT3WBV_14
Cafe Coffee Day,Cafe Coffee day - Hatibagan,"2/1A, Raja Kali Krishna Ln, Raja Nabakrishna Street, Sovabazar, Hati Bagan, Shyam Bazar, Kolkata, West Bengal 700005","Raja Nabakrishna Street, Sovabazar, Hati Bagan, Shyam Bazar",Kolkata,22.5952889,88.36716799999999,4.2,1751.0,Dosa Coffee - Rangoli Mall (01/0010),3485,"Google Maps search (public listing), 2026-10-10",ChIJWyH13TN2AjoRJ03gQx8JzNc
Cafe Coffee Day,Cafe Coffee day - DLF IT Park,"No. 27B, DLF IT Park, Galleria, AF Block(Newtown), Action Area 1A, New Town, West Bengal 700163","AF Block(Newtown), Action Area 1A, New Town",Kolkata,22.5819729,88.44996499999999,3.9,,Dosa Coffee - Salt Lake (002),4145,"Google Maps search (public listing), 2026-10-10",ChIJV-214A11AjoRzNmNk15cTBU
Cafe Coffee Day,CAFE COFFEE DAY,"Shop No, 25 & 26, Action Area 1A, New Town, West Bengal 700107","Action Area 1A, New Town",Kolkata,22.579033,88.4522403,,,Dosa Coffee - Salt Lake (002),4273,"Google Maps search (public listing), 2026-10-10",ChIJFUEXVxB1AjoRZy7JuUYoOMM
Cafe Coffee Day,CAFE COFFEE DAY LITE,"555, SHIBTALA ROAD, Sonali Park, Kolkata, West Bengal 700070",Sonali Park,Kolkata,22.4615691,88.35145589999999,5.0,,Dosa Coffee - James long Sarani (01/0011),4445,"Google Maps search (public listing), 2026-10-10",ChIJzz0b6m5xAjoRJURV3Dybrbg
Haldiram's,Haldiram Prabhuji franchise,"192A, Sarat Bose Rd, near telephone exchange, lake Terrace, Ballygunge, Kolkata, West Bengal 700029","lake Terrace, Ballygunge",Kolkata,22.5145187,88.3530754,4.1,161.0,Dosa Coffee - Lake road 01/0015,119,"Google Maps search (public listing), 2026-10-10",ChIJTbWFXs1wAjoRIM99DjCpkUs
Haldiram's,Haldiram's,"789, Diamond Harbour Rd, Sakher Bazar, Purba Barisha, Kolkata, West Bengal 700008","Sakher Bazar, Purba Barisha",Kolkata,22.4815733,88.3109027,4.0,423.0,Dosa Coffee - James long Sarani (01/0011),278,"Google Maps search (public listing), 2026-10-10",ChIJIaLL6G16AjoR8fIE7ZpR9GA
Haldiram's,I LOVE HALDIRAM,"9, Camac St, Elgin, Kolkata, West Bengal 700071",Elgin,Kolkata,22.5432027,88.35185659999999,3.9,3021.0,Dosa Coffee - Ideal Plaza (01/0001),516,"Google Maps search (public listing), 2026-10-10",ChIJ8Wg5dxd3AjoRMstzp9LE6-M
Haldiram's,Haldiram home,"G8RX+M23, Haldirams, Kolkata, West Bengal 700071",Haldirams,Kolkata,22.5416471,88.34753189999999,3.7,,Dosa Coffee - Forum (0003),534,"Google Maps search (public listing), 2026-10-10",ChIJo06GJAB3AjoRuYdstzIzN40
Haldiram's,Haldiram,"58, Chowringee Rd, Elgin, Kolkata, West Bengal 700071",Elgin,Kolkata,22.541797,88.34746249999999,4.0,12283.0,Dosa Coffee - Forum (0003),551,"Google Maps search (public listing), 2026-10-10",ChIJ5U-HxBV3AjoRbcekDQDfR9Q
Haldiram's,Haldirams Restaurant,"H9JV+2R9, Bagmari Lane, BRS 10, Kankurgachi, Kolkata, West Bengal 700054","BRS 10, Kankurgachi",Kolkata,22.5800313,88.39461109999999,,,Dosa Coffee - Manisquare (0004),652,"Google Maps search (public listing), 2026-10-10",ChIJebLWCHF2AjoRice9BC32O1Q
Haldiram's,Haldiram Banquets,"24, Ashutosh Chowdary Ave, Ballygunge Park, Ballygunge, Kolkata, West Bengal 700019","Ballygunge Park, Ballygunge",Kolkata,22.5328915,88.3651249,4.3,709.0,Dosa Coffee - Quest Mall (01/0016),677,"Google Maps search (public listing), 2026-10-10",ChIJzSr8Gox3AjoR_fd3M3yR_4Q
Haldiram's,Haldiram Food City,"24, Ashutosh Chowdary Ave, Ballygunge Park, Ballygunge, Kolkata, West Bengal 700019","Ballygunge Park, Ballygunge",Kolkata,22.5328812,88.3649957,4.1,19602.0,Dosa Coffee - Quest Mall (01/0016),680,"Google Maps search (public listing), 2026-10-10",ChIJbYxV3Nh2AjoRA0aYPHhO8OM
Haldiram's,Haldiram's Express,"Gopalpur I, Kalipark, Bablatala, Rajarhat, Kolkata, West Bengal 700136","Gopalpur I, Kalipark, Bablatala, Rajarhat",Kolkata,22.6348385,88.4538772,4.9,,"Google listing not in POSist: Dosa Coffee (Tali Park, Action Area 2d, Rajarhat)",822,"Google Maps search (public listing), 2026-10-10",ChIJVbSwFgCf-DkRiuvm_kxCVgc
Haldiram's,Haldiram & sons Bhujiawala,"62, Bentinck St, Mission Row Extension, Esplanade, Chowringhee North, Bow Barracks, Kolkata, West Bengal 700001","Mission Row Extension, Esplanade, Chowringhee North, Bow Barracks",Kolkata,22.5675129,88.3526794,2.5,,Dosa Coffee - Calcutta Swiming Club (0007),878,"Google Maps search (public listing), 2026-10-10",ChIJ23qKJaZ3AjoRKplIMTKl-cs
Haldiram's,Haldiram's,"P20, CIT Rd, Kankurgachi, Kolkata, West Bengal 700054",Kankurgachi,Kolkata,22.5831237,88.3910606,4.0,1914.0,Dosa Coffee - Manisquare (0004),1134,"Google Maps search (public listing), 2026-10-10",ChIJiVlu8W12AjoRTSkair1-214
Haldiram's,Haldiram’s,"GF, Eat Street, New Empire Cinema, New Market Area, 1, Humayun Pl, Esplanade, Dharmatala, Taltala, Kolkata, West Bengal 700087","Esplanade, Dharmatala, Taltala",Kolkata,22.5602875,88.3516444,2.6,38.0,Dosa Coffee - Calcutta Swiming Club (0007),1287,"Google Maps search (public listing), 2026-10-10",ChIJ-zjVCgB3AjoRR-Y2z8FbwDI
Haldiram's,Haldiram Express,"Ratandeep Building, 101, Rajdanga Nabapally Ln, Rajdanga Nabapalli, Rajdanga, Kasba, Kolkata, West Bengal 700107","Rajdanga Nabapalli, Rajdanga, Kasba",Kolkata,22.5145416,88.3905544,3.2,,Dosa Coffee - Kalikapur (01/0014),1346,"Google Maps search (public listing), 2026-10-10",ChIJv_CTYV5xAjoRNbZv39OnVsA
Haldiram's,Haldiram Bhujiawala,"32, Ganesh Chandra Ave, Chandni Chawk, Bowbazar, Kolkata, West Bengal 700013","Chandni Chawk, Bowbazar",Kolkata,22.5663463,88.3575999,4.1,2666.0,Dosa Coffee - Calcutta Swiming Club (0007),1399,"Google Maps search (public listing), 2026-10-10",ChIJATuwg6l3AjoRTuFvpVI0fVI
Haldiram's,Haldiram Bhujiawala - Sanjay Confectionery,"Acharya Jagadish Chandra Bose Road 46,A.J.C.Bose Rrrooad, near Bamboo Villa, Crossing Corrner, Kolkata, West Bengal 700016",Crossing Corrner,Kolkata,22.5523472,88.36346499999999,3.4,,Dosa Coffee - Quest Mall (01/0016),1508,"Google Maps search (public listing), 2026-10-10",ChIJuz8dUv12AjoRTo-A8WS9kPs
Haldiram's,I Love Haldiram,"Russel St, 12, Park St, Park Street area, Kolkata, West Bengal 700071",Park Street area,Kolkata,22.5528421,88.3511839,4.0,787.0,Dosa Coffee - Ideal Plaza (01/0001),1562,"Google Maps search (public listing), 2026-10-10",ChIJIdop0A93AjoREwLFlVHdfLY
Haldiram's,Haldiram's Sweet Hut,"32, Kustia Masjid Bari Ln, Topsia, Kolkata, West Bengal 700039",Topsia,Kolkata,22.5349654,88.3812868,4.1,,Dosa Coffee - Quest Mall (01/0016),1656,"Google Maps search (public listing), 2026-10-10",ChIJc1BLt8B2AjoRM01FC-BMK5Y
Haldiram's,Haldiram,"8/1b, Chowringhee Ln, Colootola, New Market Area, Dharmatala, Taltala, Kolkata, West Bengal 700016","Colootola, New Market Area, Dharmatala, Taltala",Kolkata,22.5570454,88.3530303,4.1,,Dosa Coffee - Calcutta Swiming Club (0007),1667,"Google Maps search (public listing), 2026-10-10",ChIJMcVaArB3AjoRO4QGTZ54z10
Haldiram's,Bhawani Sweets Haldiram Bhujiawala,"Shop No, Shop No, Police Station, 138, GT Rd, Naora, Shibpur, Howrah, West Bengal 711102","Priya Manna Basti, Naora, Shibpur",Kolkata,22.5739291,88.3283051,4.0,97.0,Dosa Coffee - Calcutta Swiming Club (0007),1725,"Google Maps search (public listing), 2026-10-10",ChIJTdJPC4Z3AjoR4S01VAtYakU
Haldiram's,Haldiram's,"Ground Floor, Building Gate 2, INFINITY THINK TANK, A3, Street Number 18, GP Block, Sector V, Bidhannagar, Kolkata, West Bengal 700091","GP Block, Sector V",Kolkata,22.5694562,88.431212,4.0,1954.0,Dosa Coffee - Salt Lake (002),1979,"Google Maps search (public listing), 2026-10-10",ChIJBdGF8a11AjoRSMQVaFwzKe8
Haldiram's,Haldiram's taltala bazar,"48/1/6, SN Banerjee Road, Taltala, Kolkata, West Bengal 700014",Taltala,Kolkata,22.5604373,88.36122259999999,4.4,25.0,Dosa Coffee - Calcutta Swiming Club (0007),2008,"Google Maps search (public listing), 2026-10-10",ChIJqXJOCJN3AjoRQ_WVNg7lKao
Haldiram's,HALDIRAM PRODUCTS PRIVATE LIMITED,"11 -B, Kalakar St, Radha Kunj, Bara Bazar, Jorasanko, Kolkata, West Bengal 700007","Radha Kunj, Bara Bazar, Jorasanko",Kolkata,22.5858437,88.3550272,3.5,13.0,Dosa Coffee - Calcutta Swiming Club (0007),2086,"Google Maps search (public listing), 2026-10-10",ChIJK_7htrd3AjoRWMGPfay-uBg
Haldiram's,Haldiram's Entally Confectionery,"32a, Girish Chandra Bose Rd, Entally, Kolkata, West Bengal 700014",Entally,Kolkata,22.5583521,88.3665714,4.7,3.0,Dosa Coffee - Quest Mall (01/0016),2159,"Google Maps search (public listing), 2026-10-10",ChIJXT4QdgB3AjoRmcQNDg5rvaI
Haldiram's,Bansal Sweets (Haldiram Bhujiawala),"61, Christopher Rd, near, Brindaban Garden, Seal Lane, Tangra, Kolkata, West Bengal 700046","near, Brindaban Garden, Seal Lane, Tangra",Kolkata,22.5464983,88.38576259999999,4.0,2.0,Dosa Coffee - Quest Mall (01/0016),2220,"Google Maps search (public listing), 2026-10-10",ChIJl7QleuR3AjoRekyqfZR4mEU
Haldiram's,Haldiram Prabhuji,"27/1/1A, Northern Ave, near Bank of Baroda, Tala, Block C, MIG Housing, Paikpara, Kolkata, West Bengal 700037","Tala, Block C, MIG Housing, Paikpara",Kolkata,22.6117292,88.3854322,4.8,,Dosa Coffee - Lake Town (0005),2262,"Google Maps search (public listing), 2026-10-10",ChIJVwy-jHx3AjoRLVzDTD-7QLg
Haldiram's,Prabhuji Haldiram's,"Netaji Subhash Chandra Bose International Airport, Terminal II, Room No: B-327, International Airport, Dum Dum, North Dumdum, West Bengal 700052","International Airport, Dum Dum",Kolkata,22.6424217,88.43912739999999,4.2,,"Google listing not in POSist: Dosa Coffee (Tali Park, Action Area 2d, Rajarhat)",2546,"Google Maps search (public listing), 2026-10-10",ChIJK30XmSyf-DkR512nom250aM
Haldiram's,Haldiram pannalal confectioners,"31, Barrackpore Trunk Rd, Sawdagarh Pally, Satpukur, Kolkata, West Bengal 700002","Sawdagarh Pally, Satpukur",Kolkata,22.6215769,88.3788154,3.5,,Dosa Coffee - Rangoli Mall (01/0010),2584,"Google Maps search (public listing), 2026-10-10",ChIJpfJoH9Wd-DkR1LfhZUjcM6U
Haldiram's,Haldiram's,"136, Karl Marx Sarani Rd, Kidderpore, Kolkata, West Bengal 700023",Kidderpore,Kolkata,22.5416335,88.3260655,3.3,21.0,Dosa Coffee - Forum (0003),2620,"Google Maps search (public listing), 2026-10-10",ChIJQ1KGKuR5AjoRd4An950lFrA
Haldiram's,Haldiram Bhujiawala Shop,"100, Kadam Tala, Howrah, West Bengal 711101",Kadam Tala,Kolkata,22.5860255,88.3254947,4.0,7.0,Dosa Coffee - Calcutta Swiming Club (0007),2658,"Google Maps search (public listing), 2026-10-10",ChIJ1aUhw4p3AjoRAvKuk60P-8A
Haldiram's,HABIB'S HAIR AND BEAUTY HALDIRAM,"Shop No. 5 &6, Ground Floor, VIP Haldiram, Sreeram Nagar, Complex, Kolkata, West Bengal 700052","Sreeram Nagar, Tegharia, Complex",Kolkata,22.6274445,88.4340524,4.7,,"Google listing not in POSist: Dosa Coffee (Tali Park, Action Area 2d, Rajarhat)",2687,"Google Maps search (public listing), 2026-10-10",ChIJIdIQCTGe-DkRBgz7SjCqcms
Haldiram's,Haldiram Auto Stand,"JCGM+VF9, Dhalipara, Tegharia, Kaikhali, West Bengal 700052","Dhalipara, Tegharia, Kaikhali",Kolkata,22.627172,88.4337475,4.0,,"Google listing not in POSist: Dosa Coffee (Tali Park, Action Area 2d, Rajarhat)",2722,"Google Maps search (public listing), 2026-10-10",ChIJ0-Vs0mif-DkR0jZmW-U2juA
Haldiram's,Haldiram,"Narkeldanga Main Rd, Garpar, Machuabazar, Kolkata, West Bengal 700009","Garpar, Machuabazar",Kolkata,22.576425,88.3738126,4.2,1068.0,Dosa Coffee - Manisquare (0004),2741,"Google Maps search (public listing), 2026-10-10",ChIJ5R6SNkV2AjoRPNXDDnyZ8SY
Haldiram's,Haldiram's/Agarwal Confectioners,"67/1B, Landmark, Barrackpore Trunk Rd, Tala, Paikpara, Kolkata, West Bengal 700037","Tala, Paikpara",Kolkata,22.6123774,88.3775519,4.0,,Dosa Coffee - Rangoli Mall (01/0010),2765,"Google Maps search (public listing), 2026-10-10",ChIJM4CKPJWd-DkR1NcnPdmfSys
Haldiram's,Haldiram Banquet by Weddingz.in,"160, VIP Rd, Dhalipara, Tegharia, Kaikhali, Kolkata, West Bengal 700052","Dhalipara, Tegharia, Kaikhali",Kolkata,22.6281709,88.43285809999999,4.1,16148.0,"Google listing not in POSist: Dosa Coffee (Tali Park, Action Area 2d, Rajarhat)",2801,"Google Maps search (public listing), 2026-10-10",ChIJv1WZrTGe-DkRBIa5cEHRNX0
Haldiram's,Haldiram,"7/ M.N, 3, Raghunath Chatterjee St, Simla, Machuabazar, Kolkata, West Bengal 700006","Simla, Machuabazar",Kolkata,22.5823049,88.36898509999999,4.1,,Dosa Coffee - Calcutta Swiming Club (0007),2873,"Google Maps search (public listing), 2026-10-10",ChIJLVGXNkl2AjoRIoYju-WdCQ0
Haldiram's,Haldiram's,"JCGJ+HG3 Haldirams, Arjunpur, Kaikhali, Kolkata, West Bengal 700059","Haldirams, Arjunpur, Kaikhali",Kolkata,22.6263908,88.4313014,,,"Google listing not in POSist: Dosa Coffee (Tali Park, Action Area 2d, Rajarhat)",2982,"Google Maps search (public listing), 2026-10-10",ChIJa-29VQCf-DkRdYWyqDyH51E
Haldiram's,Haldirams,"J928+2P3, Bidhan Sarani, Bhupendra Bose Ave, Kolkata, West Bengal 700003","Sovabazar, Bidhan Sarani",Kolkata,22.6000218,88.3667834,4.0,,Dosa Coffee - Rangoli Mall (01/0010),2990,"Google Maps search (public listing), 2026-10-10",ChIJXTa29i12AjoR4puGaWFj4EM
Haldiram's,HALDIRAM'S Prabuaji Shree Krishna,"81/C/1, B.T. Road,Tobin Road Near Godrej Showroom 48/1R,, Barrackpore Trunk Rd, Baranagar, West Bengal 700090",Baranagar,Kolkata,22.6390953,88.3782308,4.0,,Dosa Coffee - Rangoli Mall (01/0010),3013,"Google Maps search (public listing), 2026-10-10",ChIJM_vYjb6d-DkRulcF7NjxE4s
Haldiram's,Haldirams,"Haldirams, Arjunpur, Kaikhali, West Bengal 700059","Haldirams, Arjunpur, Kaikhali",Kolkata,22.6249885,88.42949329999999,,,"Google listing not in POSist: Dosa Coffee (Tali Park, Action Area 2d, Rajarhat)",3190,"Google Maps search (public listing), 2026-10-10",ChIJS5F0uDqe-DkR7atY7t3WZ2k
Haldiram's,Haldiram Shree Ram Confectioners,"207 4, Barrackpore Trunk Rd, Dunlop, Ananya, Bonhooghly, Baranagar, West Bengal 700036","Dunlop, Ananya, Bonhooghly, Baranagar",Kolkata,22.6427738,88.3776161,4.2,,Dosa Coffee - Rangoli Mall (01/0010),3209,"Google Maps search (public listing), 2026-10-10",ChIJM5kcwECd-DkR4DeoxN3SkOw
Haldiram's,Haldiram's retail auth. Outlate,"3, Boral Main Rd, Garia Bazaar, Hatermore, Garia, Kolkata, West Bengal 700084","Garia Bazaar, Hatermore, Garia",Kolkata,22.4647902,88.3791791,4.1,,Dosa Coffee - Santoshpur (01/0012),3232,"Google Maps search (public listing), 2026-10-10",ChIJq0mnyaNxAjoR5ICVm_lbxLE
Haldiram's,Haldiram,"F97H+CV7, Garia Bazaar, Valley Park, Garia, Rajpur Sonarpur, Kolkata, West Bengal 700084","Garia Bazaar, Valley Park, Garia",Kolkata,22.464464,88.37973439999999,4.0,,Dosa Coffee - Santoshpur (01/0012),3252,"Google Maps search (public listing), 2026-10-10",ChIJATKUpPRxAjoRnfn2nWB_Cdo
Haldiram's,Haldiram Prabhuji,"Topsia Road, Ram Nagar, Topsia, Kolkata, Jiadargot, West Bengal 700154","Ram Nagar, Topsia",Kolkata,22.4516556,88.3366616,4.0,,Dosa Coffee - James long Sarani (01/0011),3993,"Google Maps search (public listing), 2026-10-10",ChIJE3v9Rvp5AjoRqmFurqPgLAI
Haldiram's,Haldiram - Keya Confectionery,"3, SK Para Lane, Carry Rd, Shibpur, Howrah, West Bengal 711104",Shibpur,Kolkata,22.5701169,88.3055315,4.8,,Dosa Coffee - Calcutta Swiming Club (0007),4001,"Google Maps search (public listing), 2026-10-10",ChIJj4GirYt5AjoRc5SqpZEGDqU
Haldiram's,Haldirams,"92/28, Garden Reach Road, B.N.R, Kolkata Port Trust Quarters, Garden Reach, Kolkata, West Bengal 700043","B.N.R, Kolkata Port Trust Quarters, Garden Reach",Kolkata,22.5426313,88.3079751,4.6,9.0,Dosa Coffee - Forum (0003),4478,"Google Maps search (public listing), 2026-10-10",ChIJadQHhaV5AjoRyhMv5blF7dc
Haldiram's,Haldiram's,"Plot No 27, Ramrajatala Station Rd, Near Ram Mandir, Santragachi, Ramrajatala, Howrah, West Bengal 711104","Santragachi, Ramrajatala",Kolkata,22.5880042,88.3011325,4.1,437.0,Dosa Coffee - Calcutta Swiming Club (0007),4891,"Google Maps search (public listing), 2026-10-10",ChIJpavwa2p4AjoR_pLLcsWBlmU
McDonald's,"McDonald's - Mani Square Mall, Kolkata","Mani Square, Kadapara, Phoolbagan, Kankurgachi, Kolkata, West Bengal 700054","Kadapara, Phoolbagan, Kankurgachi",Kolkata,22.5777804,88.4012383,3.5,,Dosa Coffee - Manisquare (0004),79,"Google Maps search (public listing), 2026-10-10",ChIJsS4ilHF3AjoR81cFpEsFzB4
McDonald's,"McDonald's - Lake Mall, Kolkata","4Th, Lake Mall, No. 104, Rash Behari Ave, near Cinepolis, Lake Market, Kalighat, Kolkata, West Bengal 700029","Lake Market, Kalighat",Kolkata,22.5165675,88.3488083,4.3,,Dosa Coffee - Lake road 01/0015,380,"Google Maps search (public listing), 2026-10-10",ChIJraLsYQB3AjoRXt_CDPlXyTg
McDonald's,"McDonald's - Rajdanga, Kolkata","GA-62, opposite Opp:, Sector G, Kasba, Kolkata, West Bengal 700107","Sector G, Kasba",Kolkata,22.5135909,88.3981807,4.0,,Dosa Coffee - Kalikapur (01/0014),1260,"Google Maps search (public listing), 2026-10-10",ChIJT95aWgBxAjoR2WD24DMvuGg
McDonald's,"McDonald's - City Centre New Town, Kolkata","No. 24, City Centre, near Rebook, Dash Drone, Action Area IID, Rajarhat, Kolkata, West Bengal 700161","Dash Drone, Action Area IID, Rajarhat",Kolkata,22.6226095,88.45025849999999,4.2,,"Google listing not in POSist: Dosa Coffee (Tali Park, Action Area 2d, Rajarhat)",1311,"Google Maps search (public listing), 2026-10-10",ChIJU_Czgtqf-DkR3R9i5Nv0wy0
McDonald's,McDonald's,"55, Park St, Taltala, Kolkata, West Bengal 700016",Taltala,Kolkata,22.5530328,88.3527793,4.2,1076.0,Dosa Coffee - Ideal Plaza (01/0001),1560,"Google Maps search (public listing), 2026-10-10",ChIJ33o0YBF3AjoRBaX2UeiO-IA
McDonald's,"McDonald's - South City Mall, Kolkata","G926+HRP, South City Complex, Jadavpur, Kolkata, West Bengal 700068","South City Complex, Jadavpur",Kolkata,22.5014463,88.3621312,3.7,,Dosa Coffee - Lake road 01/0015,1841,"Google Maps search (public listing), 2026-10-10",ChIJ09-iNDhxAjoR4L7-LkQhk4Y
McDonald's,McDonald's,"315, Chinar Park, Atghara, Rajarhat, Kolkata, West Bengal 700136","Chinar Park, Atghara, Rajarhat",Kolkata,22.6234141,88.4423717,4.2,5.0,"Google listing not in POSist: Dosa Coffee (Tali Park, Action Area 2d, Rajarhat)",1965,"Google Maps search (public listing), 2026-10-10",ChIJtUMbsbaf-DkRegm5bZ69-nk
McDonald's,"McDonald's - Salt Lake, Kolkata","EN 6, EN Block, Sector V, Bidhannagar, Kolkata, West Bengal 700091","EN Block, Sector V",Kolkata,22.5731125,88.4325865,4.3,,Dosa Coffee - Salt Lake (002),2159,"Google Maps search (public listing), 2026-10-10",ChIJDcRBGbJ1AjoRRp1ryES6sNs
McDonald's,Mc Donald's,"EN 6, Street Number 10, EP Block, Sector V, Bidhannagar, Kolkata, West Bengal 700091","EP Block, Sector V",Kolkata,22.5730549,88.43301559999999,5.0,,Dosa Coffee - Salt Lake (002),2201,"Google Maps search (public listing), 2026-10-10",ChIJl1lxNwB1AjoR0rsU3KSPumY
McDonald's,"McDonald's - Avani Riverside Mall, Kolkata","No. 2, Avani Riverside Mall, Jagat Banerjee Ghat Rd, near Wudo furniture, Choura Bustee, Shibpur, Howrah, West Bengal 711102","Choura Bustee, Shibpur",Kolkata,22.5632667,88.3239921,4.2,,Dosa Coffee - Calcutta Swiming Club (0007),2228,"Google Maps search (public listing), 2026-10-10",ChIJDxrhUdV5AjoRZfQlP8_TFDg
McDonald's,McDonald's,"H9Q9+FGX, Cornwallis St, Manicktala, Hedua, Kolkata, West Bengal 700006","Manicktala, Hedua",Kolkata,22.5887336,88.3688736,1.0,,Dosa Coffee - Calcutta Swiming Club (0007),3270,"Google Maps search (public listing), 2026-10-10",ChIJ59KDPTZ2AjoRrai97LqtHzs
McDonald's,"McDonald's - Dakshineswar Metro, Kolkata","Rabindranath Tagore Rd, Domestic Area, May Dibas Pally, Dakshineswar, Kolkata, West Bengal 700035","Domestic Area, May Dibas Pally, Dakshineswar",Kolkata,22.6540625,88.3629375,3.8,,Dosa Coffee - Rangoli Mall (01/0010),3463,"Google Maps search (public listing), 2026-10-10",ChIJ9Z7hagCd-DkR2RInxwJw7dA
PVR/INOX,INOX Belur Howrah,"212, Girish Ghosh Rd, Belur Math, Belur, Howrah, West Bengal 711202","Belur Math, Belur",Kolkata,22.6240884,88.3537839,4.4,17274.0,Dosa Coffee - Rangoli Mall (01/0010),0,"Google Maps search (public listing), 2026-10-10",ChIJO6IhCXCd-DkRJH8kcbba_qU
PVR/INOX,PVR,"2ND FLOOR, Forum Rangoli Mall, 212, Girish Ghosh Rd, Belur Math, Belur, Howrah, West Bengal 711202","Belur Math, Belur",Kolkata,22.6240884,88.3537839,3.3,3.0,Dosa Coffee - Rangoli Mall (01/0010),0,"Google Maps search (public listing), 2026-10-10",ChIJExjbD3Cd-DkRiKawGRdL8Fw
PVR/INOX,"INOX Forum Mall, Elgin Road, Kolkata","INOX Leisure Ltd., 6th Floor, Forum Mall, 10/3, Elgin Rd, Sreepally, Bhowanipore, Kolkata, West Bengal 700020","Sreepally, Bhowanipore",Kolkata,22.5384011,88.35133429999999,4.3,11449.0,Dosa Coffee - Forum (0003),4,"Google Maps search (public listing), 2026-10-10",ChIJq6avZud1AjoRB-tvX7Sb3mA
PVR/INOX,PVR,"164/1, Eastern Metropolitan Bypass, Kadapara, Phoolbagan, Kankurgachi, Kolkata, West Bengal 700054","Kadapara, Phoolbagan, Kankurgachi",Kolkata,22.5777334,88.40085169999999,4.5,15172.0,Dosa Coffee - Manisquare (0004),40,"Google Maps search (public listing), 2026-10-10",ChIJwcwlb292AjoRm6n3mKfGT5k
PVR/INOX,Inox,"INOX Leisure Ltd., 4th & 5th Floor, R. D Mall, 269, GT Rd, Liluah, Howrah, West Bengal 711204","Belur Math, Belur, Liluah",Kolkata,22.6211344,88.3490293,4.2,9267.0,Dosa Coffee - Rangoli Mall (01/0010),588,"Google Maps search (public listing), 2026-10-10",ChIJYeSWz2Wd-DkRQHBDAOqz2-M
PVR/INOX,PVR,"PVR INOX Limited, 89C, Maulana Abul Kalam Azad Rd, Sarani, Phoolbagan, Kankurgachi, Kolkata, West Bengal 700054","Sarani, Phoolbagan, Kankurgachi",Kolkata,22.5710774,88.4010888,4.0,3.0,Dosa Coffee - Manisquare (0004),747,"Google Maps search (public listing), 2026-10-10",ChIJJWE8O-p3AjoRVSJ8vHK_fhs
PVR/INOX,Inox - Swabhumi,"89C, Narkeldanga Main Rd, Kadapara, Phoolbagan, Kankurgachi, Kolkata, West Bengal 700054","Kadapara, Phoolbagan, Kankurgachi",Kolkata,22.5710486,88.40112549999999,4.3,18636.0,Dosa Coffee - Manisquare (0004),751,"Google Maps search (public listing), 2026-10-10",ChIJ_2vOpXh2AjoRLuqANMJLxWM
PVR/INOX,Inox City Centre Saltlake Kolkata,"City Centre 1, DC Block, Sector 1, Bidhannagar, Kolkata, West Bengal 700064","DC Block, Sector 1",Kolkata,22.5885417,88.40843749999999,4.3,13472.0,Dosa Coffee - Salt Lake Sec-1 (0009),869,"Google Maps search (public listing), 2026-10-10",ChIJycj8ZOd1AjoRQsJN6ZvCZbo
PVR/INOX,Metro INOX,"Jawaharlal Nehru Rd, Esplanade, Dharmatala, Taltala, Kolkata, West Bengal 700013","Esplanade, Dharmatala, Taltala",Kolkata,22.564132,88.3516944,4.3,3691.0,Dosa Coffee - Calcutta Swiming Club (0007),971,"Google Maps search (public listing), 2026-10-10",ChIJd7mWCmF3AjoRaJSmmFMKTBE
PVR/INOX,"INOX Metropolis Mall, Hiland Park","1925, Eastern Metropolitan Bypass, Hiland Park, Chak Garia, Santoshpur, Kolkata, West Bengal 700094","Hiland Park, Chak Garia, Santoshpur",Kolkata,22.4833577,88.3907365,4.3,14741.0,Dosa Coffee - Santoshpur (01/0012),1092,"Google Maps search (public listing), 2026-10-10",ChIJg1gEn29xAjoRHkYSdSiLwCE
PVR/INOX,"INOX City Centre II, Rajarhat Kolkata","3rd floor, City Center New Town Mall, PVR INOX Limited, Kolkata, West Bengal 700136","Action Area II, Action Area IID, Rajarhat",Kolkata,22.6235035,88.4501123,4.4,13418.0,"Google listing not in POSist: Dosa Coffee (Tali Park, Action Area 2d, Rajarhat)",1261,"Google Maps search (public listing), 2026-10-10",ChIJ4wInpNqf-DkRDkvpyKvAF14
PVR/INOX,INOX Hind - Ganesh Chandra Avenue,"76, Ganesh Chandra Ave, Jadavpur, Chandni Chawk, Bowbazar, Kolkata, West Bengal 700013","Jadavpur, Chandni Chawk, Bowbazar",Kolkata,22.5648885,88.3590735,4.2,19360.0,Dosa Coffee - Calcutta Swiming Club (0007),1593,"Google Maps search (public listing), 2026-10-10",ChIJpRxzhql3AjoRc0JYRMnbqW4
PVR/INOX,PVR Diamond Plaza,"5th Floor, Diamond City Mall, 68, Jessore Rd, Ward Number 23, Satgachi, Kolkata, West Bengal 700055","Ward Number 23, Satgachi",Kolkata,22.6154711,88.4124052,4.5,33692.0,Dosa Coffee - Lake Town (0005),1603,"Google Maps search (public listing), 2026-10-10",ChIJndJ33Bye-DkRkpoJm7j-R2s
PVR/INOX,PVR,"2nd floor, PVR INOX Limited, 375, Prince Anwar Shah Rd, South City Complex, Jadavpur, Kolkata, West Bengal 700068","South City Complex, Jadavpur",Kolkata,22.5015119,88.361723,5.0,1.0,Dosa Coffee - Lake road 01/0015,1812,"Google Maps search (public listing), 2026-10-10",ChIJVVVVYNhwAjoRGUl1alXXLzw
PVR/INOX,INOX South City Mall Kolkata,"2nd Floor, 375, Prince Anwar Shah Rd, South City Complex, Jadavpur, Kolkata, West Bengal 700068","South City Complex, Jadavpur",Kolkata,22.5016441,88.3621902,4.6,22843.0,Dosa Coffee - Lake road 01/0015,1826,"Google Maps search (public listing), 2026-10-10",ChIJQdaFidhwAjoR3C0DtoPwe5w
PVR/INOX,PVR Avani Kolkata,"32, Jagat Banerjee Ghat Rd, Choura Bustee, Shibpur, Howrah, West Bengal 711102","Choura Bustee, Shibpur",Kolkata,22.5636332,88.324011,4.4,20695.0,Dosa Coffee - Calcutta Swiming Club (0007),2213,"Google Maps search (public listing), 2026-10-10",ChIJY6ZQAIB3AjoRUtn3hQ3D-gE
PVR/INOX,Inox Movie,"3rd floor, STAR MALL, INOX Leisure Ltd, 74 1, Jessore Rd, Sisir Kunja, Madhyamgram, Kolkata, West Bengal 700129","Sisir Kunja, Madhyamgram",Kolkata,22.7031656,88.47182749999999,4.5,12132.0,"Google listing not in POSist: Dosa Coffee (Tali Park, Action Area 2d, Rajarhat)",8208,"Google Maps search (public listing), 2026-10-10",ChIJQ7Kg9gOf-DkRIAFr9irahxg
Starbucks,Starbucks Reserve - Quest Mall,"Shop No.09, 6th Floor, Quest Mall, 33, Beck Bagan Row, Park Circus, Ballygunge, Kolkata, West Bengal 700017","Park Circus, Ballygunge",Kolkata,22.5387907,88.3656673,4.8,,Dosa Coffee - Quest Mall (01/0016),20,"Google Maps search (public listing), 2026-10-10",ChIJsdC43aZ3AjoR2iXIrykH6eU
Starbucks,Starbucks,"10, Elgin Ln, near Inox Forum, Sreepally, Bhowanipore, Kolkata, West Bengal 700020","Sreepally, Bhowanipore",Kolkata,22.5386878,88.35125289999999,4.4,,Dosa Coffee - Forum (0003),37,"Google Maps search (public listing), 2026-10-10",ChIJqXbZSEF3AjoRnBHw3Az9Itc
Starbucks,Starbucks - Maniktala Road,"No G26 & 26A, Mani Square Mall EM Bypass, Maniktala Main Rd, Kolkata, West Bengal 700054","Kadapara, Phoolbagan, Kankurgachi",Kolkata,22.5778893,88.4009749,4.7,,Dosa Coffee - Manisquare (0004),54,"Google Maps search (public listing), 2026-10-10",ChIJeTaiWBN3AjoRE-MQAPoMJiY
Starbucks,Starbucks Coffee | Lake Road | Kalighat,"No P 236/1 Lake Road, Deshapriya Park E, Kalighat, Kolkata, West Bengal 700029","lake Terrace, Kalighat",Kolkata,22.5152497,88.35322889999999,4.7,,Dosa Coffee - Lake road 01/0015,105,"Google Maps search (public listing), 2026-10-10",ChIJgQihyDRxAjoRan8mCGIqMDo
Starbucks,Starbucks Coffee | Loudon Street | Kolkata,"No 8/3, Loudon Street, Sir UN Brahmachari Sarani, near Metro Belle Vue Clinic, Elgin, Kolkata, West Bengal 700017",Elgin,Kolkata,22.5427436,88.3557582,4.9,,Dosa Coffee - Ideal Plaza (01/0001),444,"Google Maps search (public listing), 2026-10-10",ChIJ2wAE_ON3AjoRhbg_Y0QxEsk
Starbucks,Starbucks,"Ground Floor, City Centre 1, DC Block, Sector 1, Bidhannagar, Kolkata, West Bengal 700064","DC Block, Sector 1",Kolkata,22.5877032,88.4083009,4.4,,Dosa Coffee - Salt Lake Sec-1 (0009),962,"Google Maps search (public listing), 2026-10-10",ChIJQX4DYLd1AjoRRdA_86OwT1Y
Starbucks,Starbucks - Rajarhat,"Shop No.195, Ground Floor, City Center 2 Newtown, Service Rd, AA II, Action Area IID, Rajarhat, Mall, West Bengal 700136","AA II, Action Area IID, Rajarhat",Kolkata,22.6230363,88.4502303,4.9,,"Google listing not in POSist: Dosa Coffee (Tali Park, Action Area 2d, Rajarhat)",1283,"Google Maps search (public listing), 2026-10-10",ChIJUesiuq-f-DkRI67OLpvirWg
Starbucks,Starbucks - Rajdanga Main Road,"No G016 & G017, Gr Flr No 1858/1, Acropolis Mall, Rajdanga Main Rd, Shantipally, Sector B, East Kolkata Twp, Kolkata, West Bengal 700107","Shantipally, Sector B, East Kolkata Township",Kolkata,22.514938,88.39334699999999,4.5,,Dosa Coffee - Kalikapur (01/0014),1342,"Google Maps search (public listing), 2026-10-10",ChIJFa3WwVJxAjoRjnsXSMNvKco
Starbucks,Starbucks Coffee - Ballygunge,"Ground Floor, 95/2, Dr Amiya Bose Sarani Rd, Ballygunge Place, Ballygunge, Kolkata, West Bengal 700019","Ballygunge Place, Ballygunge",Kolkata,22.5262979,88.3685115,5.0,,Dosa Coffee - Quest Mall (01/0016),1435,"Google Maps search (public listing), 2026-10-10",ChIJB0HlIgB3AjoRasW_EI0HQjo
Starbucks,Starbucks,"Park Mansion, 57A, Park St, Taltala, Kolkata, West Bengal 700016",Taltala,Kolkata,22.5523411,88.35338519999999,4.5,,Dosa Coffee - Ideal Plaza (01/0001),1479,"Google Maps search (public listing), 2026-10-10",ChIJwZlVVgV3AjoRtuyfcEDJP0Q
Starbucks,Starbucks - Prince Anwar Shah Road,"Shop No S002, No 375, Ground Floor, Prince Anwar Shah Rd, South City Complex, Jadavpur, Kolkata, West Bengal 700068","South City Complex, Jadavpur",Kolkata,22.5018312,88.3616375,4.4,,Dosa Coffee - Lake road 01/0015,1777,"Google Maps search (public listing), 2026-10-10",ChIJpZjKfNhwAjoR2gwUc6uGJmE
Starbucks,Starbucks Coffee | New Alipore | Kolkata,"513B, Station Rd, Block M, New Alipore, Kolkata, West Bengal 700053","Block M, New Alipore",Kolkata,22.5090734,88.33422379999999,4.2,,Dosa Coffee - Lake road 01/0015,1970,"Google Maps search (public listing), 2026-10-10",ChIJQ6Y1BQBxAjoRfTxGgE0_7w0
Starbucks,Starbucks - Sector 5,"GF, Block No, DN PS, SN 1, Plot No 18, Sector V, Bidhannagar, Kolkata, West Bengal 700091","DN Block, Sector V",Kolkata,22.5751803,88.4332537,4.7,,Dosa Coffee - Salt Lake (002),2279,"Google Maps search (public listing), 2026-10-10",ChIJSaRXDch1AjoRMnIIVI9xSIg
Starbucks,Starbucks - Action Area 1,"Shop No 8, Marriott New Town, 218, CB Block(Newtown), Action Area I, New Town, Kolkata, West Bengal 700107","CB Block(Newtown), Action Area I, New Town",Kolkata,22.5789651,88.46840159999999,4.5,,Dosa Coffee - Rosedale Plaza(0006),2975,"Google Maps search (public listing), 2026-10-10",ChIJFwPre1Z1AjoR1dE2uvcjhnE
Taco Bell,Taco Bell,"4th Floor, Quest Mall, Outlet No.2, 33, Syed Amir Ali Ave, Park Circus, Ballygunge, Kolkata, West Bengal 700017","Park Circus, Ballygunge",Kolkata,22.538983,88.3656713,3.6,,Dosa Coffee - Quest Mall (01/0016),9,"Google Maps search (public listing), 2026-10-10",ChIJx9ylPr13AjoRHKloA6PEuIk
Taco Bell,Taco Bell,"MUNICIPAL CORPORATION, Lake Mall, 104, RASH BEHARI AVENUE, COUNTER NO-17,18, 19, 4TH FLOOR, Kolkata, West Bengal 700029","Lake Market, Kalighat",Kolkata,22.5163689,88.3487499,3.4,,Dosa Coffee - Lake road 01/0015,377,"Google Maps search (public listing), 2026-10-10",ChIJDxhtGk93AjoRmkhC7e_Sleo
Taco Bell,Taco bell,"City Centre 2, Action Area 2d, Action Area IID, Rajarhat, West Bengal 700136","Action Area 2d, Action Area IID, Rajarhat",Kolkata,22.6232166,88.4500059,3.8,,"Google listing not in POSist: Dosa Coffee (Tali Park, Action Area 2d, Rajarhat)",1289,"Google Maps search (public listing), 2026-10-10",ChIJhXRudQCf-DkRfSmSaNAG4nA
Taco Bell,Taco Bell,"Acropolis Mall, T-003, 3rd Floor, Rajdanga Main Rd, Sector 1, East Kolkata Twp, Kolkata, West Bengal 700107","Shantipally, Sector 1, East Kolkata Township",Kolkata,22.5151418,88.3933428,3.5,,Dosa Coffee - Kalikapur (01/0014),1364,"Google Maps search (public listing), 2026-10-10",ChIJJ6SN2_xxAjoRDZa74VCRmAw
Taco Bell,Taco Bell,"44, PARK STREET, Russel St, Kolkata, West Bengal 700071",Park Street area,Kolkata,22.5540219,88.3511429,4.0,,Dosa Coffee - Ideal Plaza (01/0001),1692,"Google Maps search (public listing), 2026-10-10",ChIJ-acATgB3AjoRZjKE45oYQPQ
Taco Bell,Taco Bell,"4th Floor, South City Mall, 375, Prince Anwar Shah Rd, South City Complex, Jadavpur, Kolkata, West Bengal 700068","South City Complex, Jadavpur",Kolkata,22.5016754,88.3611494,3.8,,Dosa Coffee - Lake road 01/0015,1765,"Google Maps search (public listing), 2026-10-10",ChIJTeHVG-ZxAjoRg6bVY8fmUjs
Taco Bell,Taco Bell,"3rd Floor, Fine Dining, Unit No. 3A, 32, Jagat Banerjee Ghat Rd, Shibpur, Howrah, West Bengal 711102","Choura Bustee, Shibpur",Kolkata,22.5632174,88.3237031,4.1,49.0,Dosa Coffee - Calcutta Swiming Club (0007),2257,"Google Maps search (public listing), 2026-10-10",ChIJ0ZYP6pR5AjoRA0TIDIdjq8s
Taco Bell,Taco Bell,"Street No: 184, Block CF, Taco Bell , Shop No: 6 ; Axis Mall , 4th Floor , Food Court , Plot No: CF 9, 1C, Major Arterial Road(South-East), Action Area I, New Town, Kolkata, West Bengal 700161","Action Area I, Deshbandhu Nagar, New Town",Kolkata,22.5990219,88.4714193,1.9,,"Google listing not in POSist: Dosa Coffee (Tali Park, Action Area 2d, Rajarhat)",3652,"Google Maps search (public listing), 2026-10-10",ChIJq8YU0p11AjoRz9tEgATRyu8
Taco Bell,Taco Bell,"C, 4th, CF Block(Newtown), Action Area I, New Town, West Bengal 700107","CF Block(Newtown), Action Area I, New Town",Kolkata,22.579421,88.459896,3.0,,Dosa Coffee - Rosedale Plaza(0006),3716,"Google Maps search (public listing), 2026-10-10",ChIJgcOCKAB1AjoRguDd7Tc7H0c
Barbeque Nation,Barbeque Nation - Model Town,"2nd & 3rd Floor, B2, Gujranwala Town Part 1, Model town, New Delhi, Delhi, 110033","Gujranwala Town Part 1, Model town",NCR,28.704271,77.18936099999999,4.1,,Model Town (02/0013),200,"Google Maps search (public listing), 2026-10-10",ChIJezmM2NYDDTkRa2I0dNquuwA
Barbeque Nation,"Barbeque Nation - Delhi Connaught Place, Regal Building","1st Floor, Regal Building, Hanuman Road Area, Connaught Place, New Delhi, Delhi 110001","Hanuman Road Area, Connaught Place",NCR,28.630791,77.21724189999999,4.1,,Connaught place (02/0012),222,"Google Maps search (public listing), 2026-10-10",ChIJV86eqPr9DDkRIyjiODcNXBM
Barbeque Nation,Barbeque Nation,"601, 6th Floor, Unity One, MLCP Plot Rohini West Metro Stn Cplx, Rohini, Sector 10, New Delhi, Delhi 110085","Swarn Jayanti Park, Sector 10, Rohini",NCR,28.7150562,77.1162939,4.3,,Rohini Sec-7 (02/0008),867,"Google Maps search (public listing), 2026-10-10",ChIJsU0jC7UBDTkRNkemP9YevI8
Barbeque Nation,Barbeque Nation,"Gr Flr, Hotel Savoy Suites, A79A, Captain Vijyant Thapar Marg, Sector 16, Noida, Uttar Pradesh 201301","A Block, Sector 16",NCR,28.5801739,77.3152551,4.3,,Sec 18 Noida (02/0001),1163,"Google Maps search (public listing), 2026-10-10",ChIJy3fL91vkDDkRE82DgeVeJBo
Barbeque Nation,Barbeque Nation Hospitality,"M5V5+46C, Lawrence Rd, Sector 18, Lawrence Road Industrial Area, Keshav Puram, Tri Nagar, Delhi, 110035","Sector 18, Lawrence Road Industrial Area, Keshav Puram, Tri Nagar",NCR,28.692819,77.1580117,5.0,1.0,Shalimar Bagh (02/0015),1260,"Google Maps search (public listing), 2026-10-10",ChIJPWi-zzACDTkRm3kvQyhOCtU
Barbeque Nation,"Barbeque Nation - Faridabad, Pacific mall","2nd Floor, Pacific Mall, Mathura Rd, Krishna Nagar, New Industrial Township, Faridabad, Sector 20B, Haryana 121007","Krishna Nagar, New Industrial Township",NCR,28.3874588,77.3118312,4.0,,Sec 15 Faridabad (02/0007),1298,"Google Maps search (public listing), 2026-10-10",ChIJObtWf5bdDDkRO_nccjDZETY
Barbeque Nation,Barbeque Nation - Ambience Mall - Gurgaon,"R401, 4th Flr, Gate No 4, Ambience Mall, DLF Phase 3, Sector 24, Gurugram, Haryana 122010","Ambience Island, DLF Phase 3, Sector 24",NCR,28.5025847,77.09716159999999,4.2,,Gurgaon DLF (02/0009),1423,"Google Maps search (public listing), 2026-10-10",ChIJmX2AiE4ZDTkRcTPFcLo6RIA
Barbeque Nation,"Barbeque Nation - MGF Metropolitan Mall, Gurugram","GROUND FLOOR, MGF Metropolitan Mall, Shop No GF FC 06, 07, 07A, 08, 09 & 10, Mehrauli-Gurgaon Rd, Sector 25, Gurugram, Haryana 122009","DLF Phase 2, Sector 25",NCR,28.4809085,77.0802798,4.2,,Gurgaon DLF (02/0009),1600,"Google Maps search (public listing), 2026-10-10",ChIJKwdDJ_0ZDTkRRtlCVfGvokE
Barbeque Nation,Barbeque Nation Regional Office,"M5H2+W8Q, Rampura Industrial Area, Tri Nagar, Delhi, 110035","Rampura Industrial Area, Tri Nagar",NCR,28.6798354,77.15086579999999,4.3,,Shalimar Bagh (02/0015),2851,"Google Maps search (public listing), 2026-10-10",ChIJQRBSgkwCDTkRxEmTbSkapRs
Barbeque Nation,Barbeque Nation - Faridabad- Mansha Vega Street,"2ND FLOOR, MANSHA VEGA STREET, SCO-01, Bhataula Village, Sector 82, Faridabad, Haryana 121007","Bhataula Village, Sector 82",NCR,28.3885414,77.3546085,3.8,,Sec 15 Faridabad (02/0007),3258,"Google Maps search (public listing), 2026-10-10",ChIJC9K6NZvdDDkRG_Kjs57eYXY
Barbeque Nation,Barbeque Nation Rajouri Garden,"3rd Floor, A2/41, Block A, Rajouri Garden, New Delhi, Delhi, 110027","Block A, Rajouri Garden",NCR,28.6484131,77.12225219999999,4.4,,Paschim Vihar (02/0003),3397,"Google Maps search (public listing), 2026-10-10",ChIJ4QwivsUDDTkRugm7OdDEnHY
Barbeque Nation,Barbeque Nation,"SN G85, Gr Flr, Spaze Platinum Tower Gurgaon Sohna Highway,Near Raheja Mall, Sohna - Gurgaon Rd, Malibu Towne, Sector 47, Gurugram, Haryana 122018","Malibu Towne, Sector 47",NCR,28.4212187,77.0404348,4.3,,Sec 31 - Gurgaon (02/0016),3655,"Google Maps search (public listing), 2026-10-10",ChIJBx5-uJ0iDTkRAo7D8XrBGdA
Barbeque Nation,"Barbeque Nation- Southern Park Mall, Saket","GROUND FLOOR, SOUTHERN PARK MALL, UNIT NO-9, 10,11,12 & 14A, PLOT NO D-2, Saket, New Delhi, Delhi 110017","Pamposh Enclave, District Centre, Sector 6, Saket",NCR,28.5273674,77.21923869999999,4.3,,Kalkaji (02/0004),3971,"Google Maps search (public listing), 2026-10-10",ChIJMbz4tfThDDkRGX0zEgCaJNQ
Barbeque Nation,"Barbeque Nation - South Extension, Delhi","D-6, 3rd Floor, above Hazoorilal Legacy Jewellers, Ring Rd, South Extension II, New Delhi, Delhi 110049",South Extension II,NCR,28.5681475,77.2216205,4.4,,Kalkaji (02/0004),4617,"Google Maps search (public listing), 2026-10-10",ChIJIXBLEC3jDDkRurLAi15E2wQ
Barbeque Nation,Barbeque Nation,"Fl 2, Paras One 33, Jaypee Green, C1 D1, near JP Wishtown, Sector 133, Noida, Shahpur Govardhanpur Bangar, Uttar Pradesh 201304",Sector 133,NCR,28.510296,77.36958779999999,4.2,,Sec 143 Noida (02/0006),5255,"Google Maps search (public listing), 2026-10-10",ChIJxcYrQLjnDDkR7rn-K4A86qE
Barbeque Nation,Barbeque Nation - M3M IFC,"M3M International Financial Center, Badshahpur, Sector 66, Gurugram, Haryana 122101","Badshahpur, Sector 66",NCR,28.4047666,77.0581551,3.9,,Sec 31 - Gurgaon (02/0016),5416,"Google Maps search (public listing), 2026-10-10",ChIJQRRa5OwjDTkRGxAAyAgTB3Y
Barbeque Nation,Ubq By Barbeque Nation,"2nd Floor, Sco-86, Huda Market Rd, Block B, Sector 56, Gurugram, Haryana 122011","Block B, Sector 56",NCR,28.4250051,77.09905739999999,,,Sec 31 - Gurgaon (02/0016),5703,"Google Maps search (public listing), 2026-10-10",ChIJ_eYIBQEiDTkRkrmsbqvvaB0
Barbeque Nation,Barbeque Nation,"2nd Floor, Unity One, Najafgarh Rd, Narang Colony, Chander Nagar, Janakpuri, New Delhi, Delhi, 110058","Narang Colony, Chander Nagar, Janakpuri",NCR,28.6286757,77.07646919999999,4.3,,Paschim Vihar (02/0003),5744,"Google Maps search (public listing), 2026-10-10",ChIJq6qqqq8EDTkRyAJbLbc4Q58
Barbeque Nation,Barbeque Nation,"1st Floor, STELLAR IT PARK, Plot No 25, C Block, Phase 2, Industrial Area, Sector 62, Noida, Uttar Pradesh 201309","C Block, Phase 2, Industrial Area, Sector 62",NCR,28.6129583,77.3624639,4.2,,Sec 18 Noida (02/0001),5954,"Google Maps search (public listing), 2026-10-10",ChIJdWr8EhLlDDkR5BwkTu4TDXg
Barbeque Nation,Barbeque Nation - Laxmi Nagar,"1ST FLOOR, B, 126/10, Gurunanak Pura, near V3S MALL, Veer Savarkar Block, Block B, Laxmi Nagar, Delhi, 110092","Veer Savarkar Block, Block B, Laxmi Nagar",NCR,28.636983,77.2850206,4.2,,Connaught place (02/0012),6731,"Google Maps search (public listing), 2026-10-10",ChIJH3VOGeX9DDkRMi8B5TLj7XY
Barbeque Nation,Barbeque Nation - SS Omnia,"1st Floor, Ss Omnia, Badha, Sector 86, Gurugram, Haryana 122012","Badha, Sector 86",NCR,28.4013219,76.9472054,4.1,,Gurgaon Sec 10 (02/0014),7247,"Google Maps search (public listing), 2026-10-10",ChIJT3vKm109DTkRc__6y7HLF3Y
Barbeque Nation,"Barbeque Nation - Pacific D21 Mall, Dwarka","Shop no, Pacific Mall, 2nd Floor, SH/2F/05 and SH/2F/08, Sector 21, Dwarka, New Delhi, Delhi 110077","Sector 21, Dwarka",NCR,28.552446,77.05806659999999,4.4,978.0,Gurgaon DLF (02/0009),7671,"Google Maps search (public listing), 2026-10-10",ChIJ81VO7JEbDTkRFRWseAWl9QQ
Barbeque Nation,Barbeque Nation Kaushambi,"2nd Floor, East Delhi Mall, Anand Vihar, Kaushambi, Ghaziabad, Uttar Pradesh 201010","Anand Vihar, Kaushambi",NCR,28.6413382,77.3169169,4.3,1224.0,Sec 18 Noida (02/0001),7712,"Google Maps search (public listing), 2026-10-10",ChIJZ2V_JlT7DDkR5fqS9GhJl5I
Barbeque Nation,Barbeque Nation,"2nd Floor, Crown Interiorz Mall DLF Ind Area, Sarai Khawaja Rd, Sector 35, Faridabad, Haryana 121003","Ashoka Enclave 3, Subash Nagar, Sector 35",NCR,28.4698676,77.30722639999999,4.3,,"Pacific mall, Jasola (02/0011)",7901,"Google Maps search (public listing), 2026-10-10",ChIJ0UU9Az3nDDkRbYmOXuOlGW4
Barbeque Nation,Barbeque Nation,"4, 2nd Floor, Omaxe, CP Mall Rd, near CNG Filling Station, Block H, Beta II, Noida, Greater Noida, Uttar Pradesh 201310","Block H, Beta II",NCR,28.4889776,77.5146412,4.4,7111.0,Sec 143 Noida (02/0006),9122,"Google Maps search (public listing), 2026-10-10",ChIJFT1JgIrqDDkRAffk6X2jmIk
Barbeque Nation,Barbeque Nation - Ghaziabad-Eros Market Place,"UNIT NO 01, UPPER GROUND FLOOR, EROS MARKET PLACE, PLOT NO 2, opposite DPS, Niti Khand 3, Shakti Khand 2, Indirapuram, Ghaziabad, Uttar Pradesh 201014","Niti Khand 3, Shakti Khand 2, Indirapuram",NCR,28.6472511,77.3747358,4.3,242.0,Sec 18 Noida (02/0001),9760,"Google Maps search (public listing), 2026-10-10",ChIJDaoM9HX7DDkRbPtMrefkhXM
Barbeque Nation,Barbeque Nation,"SHOP NO. R, 5th Floor, Vegas Mall, 05, Pocket 1, Sector 14 Dwarka, New Delhi, Delhi 110078","Pocket 1, Sector 14 Dwarka, Dwarka",NCR,28.6014731,77.02917169999999,4.2,,Paschim Vihar (02/0003),10905,"Google Maps search (public listing), 2026-10-10",ChIJq5euqyIbDTkRdJJZuIvoUk4
Barbeque Nation,Barbeque Nation,"5th Floor, Gaur City Mall, Greater Noida W Rd, Gaur City 1, Sector 4, Greater Noida, Ghaziabad, Uttar Pradesh 201318","Gaur City 1, Sector 4",NCR,28.6060995,77.4301084,4.2,,Sec 18 Noida (02/0001),11123,"Google Maps search (public listing), 2026-10-10",ChIJE-l0UbrvDDkR_w2I1wt9fnc
Barbeque Nation,Barbeque Nation,"Gaur Central Mall, 5th Floor, opposite HDFC Bank, RDC, Block 1, P & T Colony, Raj Nagar, Ghaziabad, Uttar Pradesh 201002","RDC, Block 1, P & T Colony, Raj Nagar",NCR,28.6739963,77.44009729999999,4.3,,Sec 18 Noida (02/0001),16092,"Google Maps search (public listing), 2026-10-10",ChIJQ8_H57vxDDkRC-Urkw88wz4
Bikanervala,Bikanervala | DLF Phase 3 Sector 24 Gurugram,"Unit #20, Food forum, DLF Epitome Building, 5, Street No. 1, U Block, DLF Phase 3, Sector 24, Gurugram, Haryana 122002","U Block, DLF Phase 3, Sector 24",NCR,28.4901163,77.092246,4.8,,Gurgaon DLF (02/0009),46,"Google Maps search (public listing), 2026-10-10",ChIJdTaavTIZDTkR5u1-cZiNTtM
Bikanervala,Bikanervala | Dlf Cyber Hub Sector 24 Gurugram,"GF, Building No. 10C, Dlf Cyber Hub, DLF Cyber City, DLF Phase 3, Sector 24, Gurugram, Haryana 122002","DLF Cyber City, DLF Phase 3, Sector 24",NCR,28.4900083,77.0921852,4.6,,Gurgaon DLF (02/0009),60,"Google Maps search (public listing), 2026-10-10",ChIJSQ5QS0AZDTkR_4XqZh4InRk
Bikanervala,Bikanervala | Sector 15 Gurugram,"SCO NO 24, 25 & 26 53, Sector 15 Part 2, Sector 15, Gurugram, Haryana 122001","Sector 15 Part 2, Sector 15",NCR,28.4578375,77.0443773,4.5,,Gurgaon Sec-15 (02/0010),82,"Google Maps search (public listing), 2026-10-10",ChIJtZQxlwIZDTkRWIr7g9P2An0
Bikanervala,Bikanervala | Sector 18 Noida,"Wave Silver Tower, Plot No. 6, D Block, Block-D, Sector 18, Noida, Uttar Pradesh 201301","D Block, Block-D, Sector 18",NCR,28.5715738,77.32467989999999,4.0,,Sec 18 Noida (02/0001),183,"Google Maps search (public listing), 2026-10-10",ChIJm89Z3U7kDDkRv3gFanqUvXo
Bikanervala,Bikanervala | Cyber Green Gurugram,"Building No.7, DLF Cyber Greens, Shop No. 314/315, Food Court, DLF Cyber City, DLF Phase 2, Sector 24, Gurugram, Haryana 122002","DLF Cyber City, DLF Phase 2, Sector 24",NCR,28.4937257,77.0928041,4.7,,Gurgaon DLF (02/0009),365,"Google Maps search (public listing), 2026-10-10",ChIJU0ExFXEZDTkRznw9n-m_r48
Bikanervala,Bikanervala | Connaught Place,"1st Floor, Rajiv Gandhi Handicraft Bhawan, Baba Kharak Singh Rd, opposite Hanuman Mandir, New Delhi, Delhi 110001","Raja Bazar Road Area, Connaught Place",NCR,28.6302575,77.2129692,4.0,,Connaught place (02/0012),410,"Google Maps search (public listing), 2026-10-10",ChIJWx-3P0n9DDkRWVMx-PVXDw0
Bikanervala,Bikanervala | Janpath Delhi,"Unit No. 60, Ground Floor and First Floor, India Connaught Ln, Atul Grove Road, Janpath, Connaught Place, New Delhi, Delhi 110001","Atul Grove Road, Janpath, Connaught Place",NCR,28.6275696,77.2199322,3.8,,Connaught place (02/0012),664,"Google Maps search (public listing), 2026-10-10",ChIJCUvuJQD9DDkRlkw44iMGCCE
Bikanervala,Bikanervala | Sector 10 Rohini Delhi,"Ground Floor and First Floor Unity One Mall Near Rohini West Metro Station, Sector 10, Rohini, New Delhi, Delhi 110085","Swarn Jayanti Park, Sector 10, Rohini",NCR,28.7146933,77.11646139999999,4.3,,Rohini Sec-7 (02/0008),828,"Google Maps search (public listing), 2026-10-10",ChIJFe528FEBDTkR1EIbgyh2UtA
Bikanervala,Bikanervala | Kalkaji Metro,"KIOSK AT MEZZANINE FLOOR, FOOD COURT, Block 9, Kalkaji, New Delhi, Delhi 110019","Block 9, Kalkaji",NCR,28.5494507,77.259104,3.6,,Kalkaji (02/0004),1005,"Google Maps search (public listing), 2026-10-10",ChIJy_490WHjDDkRbY9jotuU1RE
Bikanervala,Bikanervala Factory,"Plot-61, Block B, Sector 34, Gurugram, Haryana 122004","Block B, Sector 34",NCR,28.4306332,77.0096508,4.0,,Gurgaon Sec 10 (02/0014),1078,"Google Maps search (public listing), 2026-10-10",ChIJFUDWHMwXDTkRc_4gEpauqXM
Bikanervala,Bikanervala | GT Karnal Rd,"256, GT Karnal Rd, Veer Nagar, Industrial Area, Derawal Nagar, Gujranwala Town, New Delhi, Delhi, 110033","Veer Nagar, Industrial Area, Derawal Nagar, Gujranwala Town",NCR,28.6951967,77.1879766,4.2,,Model Town (02/0013),1213,"Google Maps search (public listing), 2026-10-10",ChIJbwMZow4CDTkRtX5JKne8HYM
Bikanervala,Bikanervala | JMD Empire Square Gurugram,"First Floor, JMD Empire Square, Mehrauli-Gurgaon Rd, A Block, DLF Phase 1, Sector 24, Gurugram, Haryana 122002","A Block, DLF Phase 1, Sector 24",NCR,28.4791801,77.09063259999999,4.6,,Gurgaon DLF (02/0009),1267,"Google Maps search (public listing), 2026-10-10",ChIJo1-y_nQZDTkRs5J5bjGnalE
Bikanervala,Bikanervala | Ajmeri Gate Delhi,"Food Forum, Railway Station, Ajmeri Gate, New Delhi, Delhi, 110002",Ajmeri Gate,NCR,28.6424886,77.2229339,4.3,169.0,Connaught place (02/0012),1281,"Google Maps search (public listing), 2026-10-10",ChIJF4kFqkD9DDkRPbMgO2gAHcA
Bikanervala,Bikanervala | Nehru Place Delhi,"Shop No. 9-10, Epicuria Food & Entertainment HUB, Food Court, Metro Station, Nehru Place, New Delhi, Delhi 110019",Nehru Place,NCR,28.5513724,77.2513231,4.0,233.0,Kalkaji (02/0004),1319,"Google Maps search (public listing), 2026-10-10",ChIJieVJyDjjDDkRbJU4dlaJ8Ck
Bikanervala,Bikanerwala Sweets,"N.H.-8, Pataudi Rd, Saraswati Enclave, Kadipur Village, Sector 10, Gurugram, Haryana 122006","Saraswati Enclave, Kadipur Village, Sector 10",NCR,28.4478753,76.9964899,4.0,,Gurgaon Sec 10 (02/0014),1338,"Google Maps search (public listing), 2026-10-10",ChIJByCRj5EXDTkRfHIl87OW5tk
Bikanervala,Bikanervala | Pebbles Mall Faridabad,"Shop No. 06, 3rd Floor, Food court, Pebble Downtown, Sector 12, Faridabad, Haryana 121007",Sector 12,NCR,28.3849013,77.3140078,4.1,209.0,Sec 15 Faridabad (02/0007),1361,"Google Maps search (public listing), 2026-10-10",ChIJx_L-VcHdDDkRql5vsPymttE
Bikanervala,Bikanervala | Sector 3 Rohini Delhi,"Shop No. 9, Ground Floor, Ring Road Mall, M2K Rd, Sector 3, Rohini, New Delhi, Delhi, 110085","Sector 3, Rohini",NCR,28.6980867,77.1159431,4.5,,Rohini Sec-7 (02/0008),1440,"Google Maps search (public listing), 2026-10-10",ChIJc2Oy6-QDDTkRa5V67IE_i10
Bikanervala,Bikanervala | Cyber Park Gurugram,"Ground Floor, Located in, DLF CYBER PARK, Plot No. 405-B, Phase III, Udyog Vihar, Sector 20, Gurugram, Haryana 122016","Phase III, Udyog Vihar, Sector 20",NCR,28.5034227,77.0897801,4.7,,Gurgaon DLF (02/0009),1467,"Google Maps search (public listing), 2026-10-10",ChIJgRApqngZDTkRnRaANGKNDJs
Bikanervala,Bikanervala | Sector 14 Gurugram,"IDC, Plot No. 91, Mehrauli-Gurgaon Rd, Industrial Development Area, Sector 14, Gurugram, Haryana 122007","Industrial Development Area, Sector 14",NCR,28.4716744,77.05171969999999,4.5,,Gurgaon Sec-15 (02/0010),1656,"Google Maps search (public listing), 2026-10-10",ChIJf-4gLwAZDTkREn-kA2jFjTg
Bikanervala,"Bikanervala | Okhla NSIC, Delhi","Ground floor, NSIC Metro station, PD Area, Okhla Industrial Estate Phase 3 Rd, Okhla, New Delhi, Delhi 110020","Shambhu Dayal Bagh, Okhla",NCR,28.5546153,77.26521679999999,4.0,,Kalkaji (02/0004),1752,"Google Maps search (public listing), 2026-10-10",ChIJc3hLdlvhDDkRmqrDZvUjUjI
Bikanervala,Bikanervala | Netaji Subhash Place Delhi,"Shop No. 01 ITL Twin Tower, Netaji Subhash Place, Pitampura, New Delhi, Delhi 110034","Netaji Subhash Place, Pitampura",NCR,28.6911987,77.1522225,4.3,2124.0,Shalimar Bagh (02/0015),1776,"Google Maps search (public listing), 2026-10-10",ChIJVVVVVcEDDTkRSs18zEZLTVs
Bikanervala,OM Bikanerwala,"103-677, Khandsa Rd, Laxmi Garden, Sector 11, Gurugram, Haryana 122001","Laxmi Garden, Sector 11",NCR,28.4518874,77.0192541,4.0,,Gurgaon Sec 10 (02/0014),1794,"Google Maps search (public listing), 2026-10-10",ChIJVZgolAUZDTkRCa4UqG2CTWE
Bikanervala,Bikanervala | GK-II Savitri Cinema Delhi,"7,Masjid Moth ,GK-II Savitri Cinema Main Road,, New Delhi, Delhi 110048","Greater Kailash Part 3, Greater Kailash",NCR,28.5374253,77.2389712,4.1,,Kalkaji (02/0004),1796,"Google Maps search (public listing), 2026-10-10",ChIJgdfiFyviDDkRbIabIALxxUA
Bikanervala,Bikanervala | Punjabi Bagh Delhi,"Shop No. 28, N.W.A, Club Rd, West Punjabi Bagh, Extention, New Delhi, Delhi 110026","West Punjabi Bagh, Extention",NCR,28.6665577,77.121591,4.6,5657.0,Paschim Vihar (02/0003),1932,"Google Maps search (public listing), 2026-10-10",ChIJxT8tFaEDDTkRiyQ-7KhbJGE
Bikanervala,Bikanervala | The Esplanade Mall Sector 37 Gurugram,"Shop No.12, Located in -The Esplanade Mall, Sector 37 C Rd, Sector 37C, Gurugram, Haryana 122006",Sector 37C,NCR,28.4538074,76.99285069999999,4.7,,Gurgaon Sec 10 (02/0014),2056,"Google Maps search (public listing), 2026-10-10",ChIJZxTEhxUXDTkRzgQdU0yocEA
Bikanervala,"Bikanervala | Sector 29, Gurugram","Park, City Center, 3-5, near Leisure Valley Road, DLF, Sector 29, Gurugram, Haryana 122009","DLF, Sector 29",NCR,28.4690341,77.063778,4.3,,Sec 31 - Gurgaon (02/0016),2229,"Google Maps search (public listing), 2026-10-10",ChIJ39bn4QIZDTkRkZYC2vPc3zk
Bikanervala,Bikanervala | East of Kailash Delhi,"Shop No. 1, Community Center, Sapna Cinema Rd, D Block, East of Kailash, New Delhi, Delhi 110065","D Block, East of Kailash",NCR,28.5587762,77.246459,4.0,218.0,Kalkaji (02/0004),2267,"Google Maps search (public listing), 2026-10-10",ChIJw-d1ppzjDDkRv_IibdZ6hb4
Bikanervala,Bikanervala | Marengo Asia Hospital Faridabad,"No.1, Located in-Marengo Asia Hospital, Ambedkar Marg, HUDA Staff Colony, Sector 16, Faridabad, Haryana 121002","HUDA Staff Colony, Sector 16",NCR,28.4157274,77.31874549999999,3.9,63.0,Sec 15 Faridabad (02/0007),2342,"Google Maps search (public listing), 2026-10-10",ChIJaTxUgYHdDDkR8PbGJszD64g
Bikanervala,Bikanervala | Rani Bagh Pitampura Delhi,"Shop No. 01-03, Ground Floor, City Center, Rd Number 44, Saint Nagar Delhi, Rani Bagh, Pitampura, New Delhi, Delhi, 110034","Saint Nagar Delhi, Rani Bagh, Pitampura",NCR,28.6892124,77.13455929999999,4.8,4710.0,Rohini Sec-7 (02/0008),2548,"Google Maps search (public listing), 2026-10-10",ChIJp5fPt8EDDTkRioHdAFHEzL4
Bikanervala,Bikanervala | Sadar Bazaar,"Ground Floor, Devika Sadar, Shop No. G 12, G 14-19 7 G 24 - 44, Qutab Rd, Narain Market, Sadar Bazar, New Delhi, Delhi 110006","Narain Market, Sadar Bazar",NCR,28.6558145,77.2162412,4.4,,Connaught place (02/0012),2584,"Google Maps search (public listing), 2026-10-10",ChIJSUKxsOD9DDkR0L_RvQFo6Mg
Bikanervala,Bikanervala | Chandni Chowk Delhi,"382, Kucha Seth Rd, Gachi Ram, Fatehpuri, Chandni Chowk, Delhi, 110006","Gachi Ram, Fatehpuri, Chandni Chowk",NCR,28.6568578,77.2246693,4.0,,Connaught place (02/0012),2822,"Google Maps search (public listing), 2026-10-10",ChIJ-cCClRH9DDkRxcx9XphWVPo
Bikanervala,"Bikanervala (Angan) | Karol Bagh, Delhi","Shop No.82, Ground Floor, Arya Samaj Rd, near Canara Bank, Block 15, WEA, Karol Bagh, New Delhi, Delhi, 110005","Block 15, WEA, Karol Bagh",NCR,28.6478578,77.19295029999999,4.2,,Connaught place (02/0012),2837,"Google Maps search (public listing), 2026-10-10",ChIJGX-VKJwCDTkRaHDKQROEhTw
Bikanervala,Bikanervala | Karol Bagh,"10181/82 Gurudwara Road, Bikanervala Chowk, Arya Samaj Rd, Karol Bagh, New Delhi, Delhi 110005","Block 15, WEA, Karol Bagh",NCR,28.6479368,77.1928995,4.2,,Connaught place (02/0012),2846,"Google Maps search (public listing), 2026-10-10",ChIJxakNQZ4CDTkRVbHw5O37rEE
Bikanervala,Bikanervala | Kamla Nagar Delhi,"Shop - 158, Maharaja Agarsen Marg, Block D, Kamla Nagar, New Delhi, Delhi, 110007","Block D, Kamla Nagar",NCR,28.6824307,77.20241899999999,4.4,,Model Town (02/0013),2875,"Google Maps search (public listing), 2026-10-10",ChIJWw1X4479DDkRCNKuTyajk44
Bikanervala,Bikanervala | Wave City Center Noida,"Block 3D, Marigold Court HSSC, Shop No 15M,16M, Plot No. CC-01, Wave City Center, Sector 32, Noida, Uttar Pradesh 201307","Wave City Center, Sector 32",NCR,28.5801958,77.3524347,4.0,,Sec 18 Noida (02/0001),3015,"Google Maps search (public listing), 2026-10-10",ChIJA0poZWLlDDkRqUDuQAJY7-0
Bikanervala,Bikanervala | Raja Garden Delhi,"Ground Floor, Food Court, Unit No, F-11, Vishal Cinema Rd, Shivaji Place, Vishal Enclave, Tagore Garden Extension, New Delhi, Delhi 110027","Shivaji Place, Vishal Enclave, Tagore Garden Extension",NCR,28.6515629,77.12107759999999,4.7,,Paschim Vihar (02/0003),3041,"Google Maps search (public listing), 2026-10-10",ChIJPalsbQMFDTkRcQA55bsVd0U
Bikanervala,"Bikanervala | Mansha Vega Street, Faridabad","Ground Floor & 1st Floor, Mansha Vega Street, SCO–33, Omaxe New Height Rd, Bhataula Village, Sector 82, Faridabad, Haryana 121007","Bhataula Village, Sector 82",NCR,28.3881081,77.3537676,4.0,287.0,Sec 15 Faridabad (02/0007),3189,"Google Maps search (public listing), 2026-10-10",ChIJN-saPtzdDDkRgCp2C4zopdY
Bikanervala,Bikanervala | Sohna Road Gurugram,"Ground Floor, ILD Trade Centre, Sohna - Gurgaon Rd, D1 Block, Sector 47, Gurugram, Haryana 122018","D1 Block, Sector 47",NCR,28.4253629,77.0390099,4.4,,Sec 31 - Gurgaon (02/0016),3256,"Google Maps search (public listing), 2026-10-10",ChIJkYxB1HUYDTkRSuS-hEQUSzs
Bikanervala,Bikanervala | Rajouri Garden Delhi,"A-2/43, Rajouri Garden Marg, near Metro Station, Block A, Rajouri Garden, New Delhi, Delhi, 110027","Block A, Rajouri Garden",NCR,28.648531,77.1227682,4.2,,Paschim Vihar (02/0003),3413,"Google Maps search (public listing), 2026-10-10",ChIJ5fK5gW0DDTkRWFkeEG5LQp0
Bikanervala,Bikanervala | Mayur Vihar Delhi,"Shop No.10&11 on Ground Floor, District Center, Metro Station, near Mayur Vihar, Mayur Place, Extention, Mayur Vihar, New Delhi, Delhi, 110091","Mayur Place, Extention, Mayur Vihar",NCR,28.5943258,77.2985556,4.0,949.0,Sec 18 Noida (02/0001),3425,"Google Maps search (public listing), 2026-10-10",ChIJb2xyJJ_lDDkR6mqHpSSh6WY
Bikanervala,Bikanervala | Lajpat Nagar Delhi,"A-80, near Axis Bank, Block A, Lajpat Nagar II, Lajpat Nagar, New Delhi, Delhi 110024","Block A, Lajpat Nagar II, Lajpat Nagar",NCR,28.5708816,77.23909549999999,4.0,,Kalkaji (02/0004),3793,"Google Maps search (public listing), 2026-10-10",ChIJ-_MM4FLiDDkRVtF8XcQhhfQ
Bikanervala,Bikanervala Foods Private Limited,"Plot No 21, Sector 24, Mujesar Village, Sector 24, Faridabad, Haryana 121005","Mujesar Village, Sector 24",NCR,28.3648947,77.30128859999999,3.8,20.0,Sec 15 Faridabad (02/0007),3905,"Google Maps search (public listing), 2026-10-10",ChIJAQAAwPbbDDkRZ2HKoqmoOYQ
Bikanervala,Bikanervala | Liberty Cinema Karol Bagh,"Block No2C, Landmark Liberty Cinema, Plot No-04, New Rohtak Rd, Block 2C, Karol Bagh, Delhi, 110005","Block 2C, Karol Bagh",NCR,28.6606284,77.1876003,4.7,,Connaught place (02/0012),4188,"Google Maps search (public listing), 2026-10-10",ChIJmagZbTIDDTkReZIjckXz_tI
Bikanervala,Bikanervala | Defence Colony Delhi,"D-17, Block D, Defence Colony, New Delhi, Delhi 110024","Block D, Defence Colony",NCR,28.5748765,77.2381202,4.2,,Kalkaji (02/0004),4233,"Google Maps search (public listing), 2026-10-10",ChIJ6eEZ8NXjDDkRgeY4moOQ5KM
Bikanervala,Bikanervala | Gurgaon Sec 71,"M3M Broadway, Golf Course Ext Rd, Sector 71, Gurugram, Haryana 122101",Sector 71,NCR,28.401978,77.0199829,4.9,,Gurgaon Sec 10 (02/0014),4419,"Google Maps search (public listing), 2026-10-10",ChIJ2YDFUU0jDTkRuxABK01AnCU
Bikanervala,BIKANERVALA,"Nangloi, Shani Bazaar Rd, Block C, Shivram Park, Nangloi, Delhi, 110041","Block E-1, Block C, Shivram Park, Nangloi",NCR,28.6656264,77.0593787,4.0,,Paschim Vihar (02/0003),4452,"Google Maps search (public listing), 2026-10-10",ChIJl9AkgE0EDTkRzkS50K2H8wA
Bikanervala,Bikanervala | Sector 132 Noida,"No-3, Entry From Gate, Unit No-1. Ground Floor, Plot No-37, Tower-1 Ace Capitol, Sector 132, Noida, Uttar Pradesh 201304","Block B, Sector 132",NCR,28.5157395,77.3793268,3.9,,Sec 143 Noida (02/0006),4514,"Google Maps search (public listing), 2026-10-10",ChIJH32lwAXpDDkRMvD9VU6IBn8
Bikanervala,Bikanervala | Chand Central Trilokpuri,"Counter No.8,Ground Floor, Chand Cinema Rd, Mayur Vihar Phase I, Part 1, Trilokpuri, New Delhi, Delhi, 110091","Mayur Vihar Phase I, Part 1, Trilokpuri",NCR,28.6122029,77.3109011,4.4,41.0,Sec 18 Noida (02/0001),4603,"Google Maps search (public listing), 2026-10-10",ChIJG9y5c1vlDDkRKqNbPbWO1To
Bikanervala,Bikanervala | Sector 99 Gurugram,"Shop No. 76, TOWER-2, Ocus Medley, Basai Rd, G99, Sector 99, Gurugram, Haryana 122505","G99, Sector 99",NCR,28.4670303,76.9692793,4.4,,Gurgaon Sec 10 (02/0014),4745,"Google Maps search (public listing), 2026-10-10",ChIJeaejJa4XDTkRTjBIXOBM2lY
Bikanervala,Bikanervala | Kirti Nagar Delhi,"Ground Floor, Plot No.7, WHS Block 2, Furniture Market, Kirti Nagar Industrial Area, Kirti Nagar, New Delhi, Delhi 110015","WHS Block 2, Furniture Market, Kirti Nagar Industrial Area, Kirti Nagar",NCR,28.641435,77.1361649,4.6,,Paschim Vihar (02/0003),4830,"Google Maps search (public listing), 2026-10-10",ChIJvUm5iQIDDTkRcHrznHMCY1Y
Bikanervala,Bikanervala Rajasthani Thali | Kirti Nagar,"1st Floor, Plot No. 7, WHS Block 2, Block A, Kirti Nagar Industrial Area, Ramesh Nagar, New Delhi, Delhi, 110015","WHS Block 2, Block A, Kirti Nagar Industrial Area, Ramesh Nagar",NCR,28.6414301,77.136162,4.7,,Paschim Vihar (02/0003),4830,"Google Maps search (public listing), 2026-10-10",ChIJlevp0y0DDTkR6jHhk5GR3Vw
Bikanervala,Bikanervala | Hauz Khas (Metro Station),"Kiosk number 02, Hauz khas Metro Gate no. 2, Hauz Khas Metro Station Jia Sarai, Gamal Abdel Nasser Marg, Block F, Deer Park, Hauz Khas, New Delhi, Delhi 110016","Block F, Deer Park, Hauz Khas",NCR,28.5438987,77.205557,3.8,,Kalkaji (02/0004),5038,"Google Maps search (public listing), 2026-10-10",ChIJ9R7GKh3jDDkRJXBYgd8Q7Dk
Bikanervala,Bikanervala | Saket Delhi,"Shop No. 14 and15, PVR Anupam Saket, Community Center, Ashok Vihar, Saket, New Delhi, Delhi 110017","Ashok Vihar, Saket",NCR,28.5232641,77.2074535,4.4,,Kalkaji (02/0004),5210,"Google Maps search (public listing), 2026-10-10",ChIJ69q06vDhDDkR1YDHei1Jmvw
Bikanervala,Bikanervala | Sector 57 Gurugram,"Shop No. 75, Golf Course Ext Rd, Block F, Sushant Lok 2, Sector 57, Gurugram, Haryana 122011","Block F, Sushant Lok 2, Sector 57",NCR,28.4161819,77.08495909999999,4.4,,Sec 31 - Gurgaon (02/0016),5320,"Google Maps search (public listing), 2026-10-10",ChIJV0domCcjDTkR7X6srE2QgLM
Bikanervala,Bikanervala | Suncity Success Tower,"Ground Floor, Suncity Success Tower, Unit No. 23-A, Golf Course Ext Rd, Sector 65, Gurugram, Haryana 122101",Sector 65,NCR,28.4085379,77.07074949999999,5.0,,Sec 31 - Gurgaon (02/0016),5334,"Google Maps search (public listing), 2026-10-10",ChIJ_ST_JaIjDTkRnuiJiAz6qvE
Bikanervala,Bikanervala | M3M Sector 65,"Unit No.5, Ground Floor, M3M 65th Avenue, Golf Course Ext Rd, Sector 65, Gurugram, Haryana 122101",Sector 65,NCR,28.4052086,77.0640791,4.8,,Sec 31 - Gurgaon (02/0016),5482,"Google Maps search (public listing), 2026-10-10",ChIJy7Va2hMjDTkRHs0OVKFuowQ
Bikanervala,"Bikanervala | Khanna Market, Lodhi Road","Shop No 51, Khanna Market Rd, BK Dutt Colony, New Delhi, Delhi 110003",BK Dutt Colony,NCR,28.5826298,77.22059639999999,4.1,14.0,Connaught place (02/0012),5570,"Google Maps search (public listing), 2026-10-10",ChIJ4_01SgDjDDkRbtPznzSDZ_I
Bikanervala,Bikanervala | IIT Delhi Campus,"Ste, Shopping Complex, isthara smart food court C/o E Ave, IIT Delhi Main Rd, IIT Campus, Indian Institute of Technology Delhi, Hauz Khas, New Delhi, Delhi 110016","IIT Campus, Indian Institute of Technology Delhi, Hauz Khas",NCR,28.5426954,77.1991594,3.7,89.0,Kalkaji (02/0004),5654,"Google Maps search (public listing), 2026-10-10",ChIJN7oduiYdDTkRJSo4k7BzYBE
Bikanervala,Bikanervala | Sector 70 Gurugram,"Unit No.70, Ground Floor, Elan Epic, Southern Peripheral Rd, Sector 70, Gurugram, Haryana 122101",Sector 70,NCR,28.392284,77.0302631,4.9,,Gurgaon Sec 10 (02/0014),5780,"Google Maps search (public listing), 2026-10-10",ChIJJ-B0Nt8jDTkRLdiNbmhO7p8
Bikanervala,Bikanervala | Chanakyapuri Delhi,"Yashwant place, Satya Marg, Chanakyapuri, New Delhi, Delhi 110021",Chanakyapuri,NCR,28.585244,77.19149,4.3,8673.0,Connaught place (02/0012),5791,"Google Maps search (public listing), 2026-10-10",ChIJiTPc3nwdDTkR03acE0OLeWA
Bikanervala,Bikanervala | Golf Course Road Sector 54 Gurugram,"Ground Floor, Suncity Business Tower, Golf Course Rd, Suncity, Sector 54, Gurugram, Haryana 122011","Suncity, Sector 54",NCR,28.4336727,77.10552419999999,4.3,,Sec 31 - Gurgaon (02/0016),5823,"Google Maps search (public listing), 2026-10-10",ChIJkSMHYlQfDTkRhPFqFSx9yhA
Bikanervala,Bikanervala | Naraina Delhi,"Phase-I, Industrial Area, B-225, Goswami Girdhari Lal Marg, Industrial Area Phase I, Block B, Naraina Industrial Area Phase 1, Naraina, New Delhi, Delhi 110028","Industrial Area Phase I, Block B, Naraina Industrial Area Phase 1, Naraina",NCR,28.6308027,77.13788389999999,4.0,,Paschim Vihar (02/0003),5872,"Google Maps search (public listing), 2026-10-10",ChIJNU_O2iQDDTkR00QpA3gQmQg
Bikanervala,"Bikanervala | Stellar IT Park, Noida","Shop No. 5, Food Court, STELLAR IT PARK, C- 25, BHA Millenium Rd, C Block, Phase 2, Industrial Area, Sector 62, Noida, Uttar Pradesh 201309","C Block, Phase 2, Industrial Area, Sector 62",NCR,28.6129632,77.36254629999999,3.4,,Sec 18 Noida (02/0001),5960,"Google Maps search (public listing), 2026-10-10",ChIJFWEJFF7lDDkRKpvvld4atyQ
Bikanervala,Bikanervala Foods,"FFXM+GR2, Ecotech-II, Udyog Vihar, Greater Noida, Uttar Pradesh 201306","Ecotech-II, Udyog Vihar",NCR,28.4987553,77.4845038,4.1,,Sec 143 Noida (02/0006),6086,"Google Maps search (public listing), 2026-10-10",ChIJexF7hzrqDDkRur2lIPmtYvQ
Bikanervala,"Bikanervala | Conscient One Mall, Sector 109 Gurugram","Ground Floor, Conscient One Mall, Bikanervala (बीकानेरवाला, Sector 109, Pawala Khasrupur, Gurugram, Haryana 122006",Sector 109,NCR,28.5029349,77.00737699999999,4.5,,Gurgaon Sec-15 (02/0010),6100,"Google Maps search (public listing), 2026-10-10",ChIJlXRQ1JYXDTkRVrlxtrfD-vY
Bikanervala,Bikanervala | Janakpuri Delhi,"Shop No. C-2, 11, Lal Sai Marg, C-2 Block, Janakpuri, New Delhi, Delhi, 110058","C-2 Block, Janakpuri",NCR,28.6215675,77.0836419,4.5,,Paschim Vihar (02/0003),6197,"Google Maps search (public listing), 2026-10-10",ChIJxx--RiAFDTkRzaE5_LVw7zA
Bikanervala,Bikanervala | Knowledge Park III Greater Noida,"Tower A IT SQUARE, Knowledge Park III, Greater Noida, Uttar Pradesh 201306",Knowledge Park III,NCR,28.4800076,77.4823668,4.0,,Sec 143 Noida (02/0006),6311,"Google Maps search (public listing), 2026-10-10",ChIJVY1_kBDqDDkRlfVKetLAzmg
Bikanervala,"Bikanervala | Downtown, Sarojini Nagar","Upper Ground Floor, Downtown Commercial Complex, Unit No. 64, 65, 66, 77, 78 & 79, Block C, Sarojini Nagar, New Delhi, Delhi 110023","Block C, Sarojini Nagar",NCR,28.5762947,77.1974137,4.6,289.0,Connaught place (02/0012),6523,"Google Maps search (public listing), 2026-10-10",ChIJT_pzrlzjDDkR1h0t5R4br-I
Bikanervala,Bikanervala | Sector 62 Gurugram,"Shop No. 2, Located in, Aipl Business Club, Maidawas Rd, Sector 62, Gurugram, Haryana 122098",Sector 62,NCR,28.4014616,77.08521879999999,4.5,,Sec 31 - Gurgaon (02/0016),6675,"Google Maps search (public listing), 2026-10-10",ChIJjUF48twjDTkRYdb0Cr4RHk0
Bikanervala,Shree Bikaner Wala,"80 Meter Rd, Badshahpur, Sector 66, Gurugram, Haryana 122101","Badshahpur, Sector 66",NCR,28.3894696,77.0498728,3.9,,Gurgaon Sec 10 (02/0014),7021,"Google Maps search (public listing), 2026-10-10",ChIJbYlEwPAiDTkRGp4MuzBfyb8
Bikanervala,Bikanervala | Gaur Biz Park Ghaziabad,"Plot 1, Gaur Biz Park, Abhay Khand 2, Shanti Vihar, Abhay Khand, Indirapuram, Ghaziabad, Uttar Pradesh 201020","Abhay Khand 2, Shanti Vihar, Abhay Khand, Indirapuram",NCR,28.633848,77.3409065,3.9,,Sec 18 Noida (02/0001),7078,"Google Maps search (public listing), 2026-10-10",ChIJwTbv5wvlDDkR0vjgr92DBzE
Bikanervala,"Bikanervala | JP Nagar, Gajraula","M77J+8CF, Azad Nagar, Kaushik Puri, East Old Seelampur, New Delhi, Delhi, 110051","Azad Nagar, Kaushik Puri, East Old Seelampur",NCR,28.6633107,77.281046,5.0,1.0,Connaught place (02/0012),7188,"Google Maps search (public listing), 2026-10-10",ChIJZcNbUAD9DDkRCo3EIRt-7MA
Bikanervala,Bikanervala | ST Micro,"Plote No-1, Knowledge Park III, Greater Noida, Uttar Pradesh 201310",Knowledge Park III,NCR,28.4740082,77.4894979,5.0,,Sec 143 Noida (02/0006),7213,"Google Maps search (public listing), 2026-10-10",ChIJj-U0NGfrDDkRegNPEer-uB0
Bikanervala,Bikanervala | Sector 67 Gurugram,"Ground Floor & First Floor, M3M URBANA, Ramgarh, Sector 67, Gurugram, Haryana 122101","Ramgarh, Sector 67",NCR,28.3897015,77.06744979999999,4.4,,Sec 31 - Gurgaon (02/0016),7235,"Google Maps search (public listing), 2026-10-10",ChIJFWeX09cjDTkRLhtN9uJY3Lg
Bikanervala,Bikanervala | Sector 86 Gurugram,"G1-G2, Ss Omnia, Sector 86, Gurugram, Haryana 122012",Sector 86,NCR,28.4014058,76.9472122,4.4,,Gurgaon Sec 10 (02/0014),7240,"Google Maps search (public listing), 2026-10-10",ChIJVawEE_M9DTkR6Zg5MRfI6v4
Bikanervala,Bikanervala | Aerocity Mahipalpur,"Shop No.2 LGF, Aerocity, Mahipalpur, New Delhi, Delhi 110037","Aerocity, Mahipalpur",NCR,28.5505554,77.1213703,4.4,2782.0,Gurgaon DLF (02/0009),7253,"Google Maps search (public listing), 2026-10-10",ChIJVVVV3GscDTkR9OvaMVIipmE
Bikanervala,Bikanervala IGI Airport Terminal-3,"Unit No.90, Indira Gandhi Int'l Airport, T3 Departure Rd, New Delhi, Delhi, 110037",,NCR,28.5566849,77.0861364,4.9,11.0,Gurgaon DLF (02/0009),7391,"Google Maps search (public listing), 2026-10-10",ChIJldXe7dkbDTkRBVT7pR3H5I0
Bikanervala,Bikanervala | IGI Airport Terminal 2,"Indira Gandhi Int'l Airport, Unit No. SA 15-A, Arrival Forecourt Area Terminal 2 Arrival Rd, Terminal 2, New Delhi, Delhi 110037",,NCR,28.5582729,77.0865092,4.2,,Gurgaon DLF (02/0009),7564,"Google Maps search (public listing), 2026-10-10",ChIJTyrsXXYbDTkR9IZvSbwKeYU
Bikanervala,"Bikanervala | Ocus 24K Sector 68, Gurgaon","Shop No 72/1, Ocus 24K, Badshahpur Sohna Rd, Sector 68, Gurugram, Haryana 122101",Sector 68,NCR,28.3846461,77.0522106,4.7,,Gurgaon Sec 10 (02/0014),7588,"Google Maps search (public listing), 2026-10-10",ChIJD5aahfAiDTkR9KVyifXte-s
Bikanervala,Bikanervala | Sector 153 Noida,"ARBTECH PLOT NO-C1, NPX Tower, UPPER GROUND FLOOR, UNIT NO. - 34,52,53,56,62-74,76-79, Sector 153, Noida, Uttar Pradesh 201304",Sector 153,NCR,28.4486755,77.4727455,4.0,,Sec 143 Noida (02/0006),7609,"Google Maps search (public listing), 2026-10-10",ChIJb9kuVgDBDDkRuKGO6T5fgWc
Bikanervala,Bikanervala | Preet Vihar Delhi,"Shop No. 30, Aditya Arcade, Soumya Rd, C Block, Preet Vihar, New Delhi, Delhi, 110092","C Block, Preet Vihar",NCR,28.6392518,77.2948339,4.3,5139.0,Connaught place (02/0012),7706,"Google Maps search (public listing), 2026-10-10",ChIJk3rGDlH7DDkRBBj584jA0Po
Bikanervala,SHRI BIKANER WALA,"Sector -59, Dayma Rd, Alahawas, Sector 59, Gurugram, Haryana 122098","Alahawas, Sector 59",NCR,28.4047468,77.10717679999999,5.0,,Sec 31 - Gurgaon (02/0016),7735,"Google Maps search (public listing), 2026-10-10",ChIJOyTj0SEhDTkRZn7_UuHdS4E
Bikanervala,Bikanervala | Sector 62 Noida,"Ground Floor, TOWER-A, A-40, Block A, Industrial Area, Sector 62, Noida, Uttar Pradesh 201309","Block A, Industrial Area, Sector 62",NCR,28.6277914,77.37222919999999,4.0,,Sec 18 Noida (02/0001),7836,"Google Maps search (public listing), 2026-10-10",ChIJufIIwWjlDDkRY7jZHnlKopo
Bikanervala,Bikanervala | Vasant Kunj,"Food Court, Located in, Ambience Mall, Kitchen no. 8, 3rd floor, Nelson Mandela Marg, Vasant Kunj, New Delhi, Delhi 110070","Vasant Kunj II, Vasant Kunj",NCR,28.5416605,77.15502699999999,3.4,170.0,Gurgaon DLF (02/0009),8350,"Google Maps search (public listing), 2026-10-10",ChIJqUUUm4cdDTkRUwhGHRXaGfM
Bikanervala,Bikanervala | Sector 80 Gurugram,"Shop No. 48-56, Elan Mercado, Sector 80, Gurugram, Haryana 122012",Sector 80,NCR,28.3766192,76.9593435,4.4,,Gurgaon Sec 10 (02/0014),8441,"Google Maps search (public listing), 2026-10-10",ChIJWe5XDKM9DTkR_HAUuXMA2II
Bikanervala,RAMA KRISHNA BIKANER WALA,"Near, Street No. 2, Block B, Pochanpur Colony, Dwarka, New Delhi, Delhi, 110077","Block B, Pochanpur Colony, Dwarka",NCR,28.5606659,77.04599759999999,4.6,,Gurgaon DLF (02/0009),9034,"Google Maps search (public listing), 2026-10-10",ChIJob6A3VcaDTkR36yMVkj10R0
Bikanervala,Bikanervala | Sahibabad Ghaziabad,"28, 3, Maharajpur, Sahibabad Industrial Area Site 4, Sahibabad, Ghaziabad, Uttar Pradesh 201010","Maharajpur, Sahibabad Industrial Area Site 4, Sahibabad",NCR,28.6531856,77.3426734,3.9,,Sec 18 Noida (02/0001),9211,"Google Maps search (public listing), 2026-10-10",ChIJm3_AvNz6DDkRKn4vELvPs9w
Bikanervala,Bikanervala Party Hall,"3, 1st floor, 28, Maharajpur, Sahibabad Industrial Area Site 4, Sahibabad, Ghaziabad, Uttar Pradesh 201010","Maharajpur, Sahibabad Industrial Area Site 4, Sahibabad",NCR,28.6533075,77.3428193,4.6,28.0,Sec 18 Noida (02/0001),9227,"Google Maps search (public listing), 2026-10-10",ChIJI3UjKRT7DDkRkq6t_qM-25Y
Bikanervala,Bikanervala | Jaipuria Mall Indirapuram,"Ground Floor, Jaipuria Mall, Ahinsa Khand 1, Indirapuram, Ghaziabad, Uttar Pradesh 201014","Ahinsa Khand 1, Indirapuram",NCR,28.6397579,77.378292,4.2,,Sec 18 Noida (02/0001),9256,"Google Maps search (public listing), 2026-10-10",ChIJ0btDnKr6DDkRqy2WgSwXepA
Bikanervala,Bikanervala | Pari Chowk Greater Noida,"Shop No. 29 to 33, NRI City Centre road, Centre, near Pari Chowk, Omega II, Greater Noida, Uttar Pradesh 201315","NRI City, Omega II",NCR,28.4632452,77.51087,4.0,,Sec 143 Noida (02/0006),9613,"Google Maps search (public listing), 2026-10-10",ChIJYRCMItTBDDkRUyrY3muR_3U
Bikanervala,Bikanervala | Alpha-II Greater Noida,"Shop No. 41-50, Krishna Apra's Park Plaza, Alpha-II Commercial Belt, Block F, Sector Alpha II, Greater Noida, Uttar Pradesh 201310","Alpha-II Commercial Belt, Block F, Sector Alpha II",NCR,28.4743971,77.51763559999999,3.8,,Sec 143 Noida (02/0006),9771,"Google Maps search (public listing), 2026-10-10",ChIJuRG5iIPrDDkRvcIjCVaZHYg
Bikanervala,Bikanervala | Jyoti Nagar Shahdara,"B-39, Jyoti Nagar East, Jyoti Nagar, Shahdara, Delhi, 110093","Jyoti Nagar East, Jyoti Nagar, Shahdara",NCR,28.693348,77.292255,4.6,1913.0,Connaught place (02/0012),10034,"Google Maps search (public listing), 2026-10-10",ChIJl1ybybj7DDkRE9Z6jeoAJDk
Bikanervala,Bikanervala | Dwarka Delhi,"Plot No. 10, Block A, Sector 12 Dwarka, Dwarka, New Delhi, Delhi, 110078","Block A, Sector 12 Dwarka, Dwarka",NCR,28.5966087,77.0417524,4.3,,Paschim Vihar (02/0003),10563,"Google Maps search (public listing), 2026-10-10",ChIJO7RsVXIbDTkRALnSUQf7N90
Bikanervala,Bikanervala | Dilshad Garden Delhi,"House No:-ZB-9-10-11/487, Dilshad Garden GT Road, Next To HP Petrol Pump, Dilshad Garden, New Delhi, Delhi 110095","Zulfe Bengal, Dilshad Garden",NCR,28.6764034,77.317025,4.4,6624.0,Connaught place (02/0012),10976,"Google Maps search (public listing), 2026-10-10",ChIJ84bFpQn7DDkRRhQ9FntWi4Q
Bikanervala,"Bikanervala | Ashok Vatika, Ghaziabad","6-7, Ashok Vatika, Plot No. CM, Taj Hwy, near Gaur City, Christian Nagar, Vijay Nagar, Chipyana Khurd Urf Tigri, Ghaziabad, Uttar Pradesh 201009","Christian Nagar, Vijay Nagar",NCR,28.6327137,77.4122636,4.3,361.0,Sec 18 Noida (02/0001),11016,"Google Maps search (public listing), 2026-10-10",ChIJg_8Q9cfvDDkRsQXfCwuBA3I
Bikanervala,Bikanervala | Gaur City Mall,"4th floor, Gaur City, Counter No. 1,2,3, 4, Food 'OF' Quest, Mall, Greater Noida West Link Rd, Gaur City 1, Sector 4, Greater Noida, Uttar Pradesh 201318","Gaur City 1, Sector 4",NCR,28.6064856,77.4298242,4.3,,Sec 18 Noida (02/0001),11112,"Google Maps search (public listing), 2026-10-10",ChIJuaMhF47vDDkRQCXPaFr7M0Y
Bikanervala,Om Bikaner Wala,"H2PV+QH6, Pocket 4, Sector 11 Dwarka, Dwarka, Delhi, 110075","Pocket 4, Sector 11 Dwarka, Dwarka",NCR,28.5869043,77.0438992,3.0,,Paschim Vihar (02/0003),11354,"Google Maps search (public listing), 2026-10-10",ChIJyXHNJsMaDTkRgk0i7A4lGGU
Bikanervala,Bikanervala | Siddharth Vihar Ghaziabad,"First Floor and Ground Floor, Shop No, P101 to P104, Vishwakarma Rd, Siddharth Vihar, Indirapuram, Walk, Ghaziabad, Uttar Pradesh 201009","Siddharth Vihar, Indirapuram",NCR,28.646742,77.40673,4.1,585.0,Sec 18 Noida (02/0001),11647,"Google Maps search (public listing), 2026-10-10",ChIJrwiv8PnxDDkR8d4CvPyMZTM
Bikanervala,Bikanervala,"M98M+M87, Sector 3, Vasundhara, Ghaziabad, Uttar Pradesh 201012","Sector 3, Vasundhara",NCR,28.6667924,77.3832583,4.2,,Sec 18 Noida (02/0001),12056,"Google Maps search (public listing), 2026-10-10",ChIJ05C4HQDxDDkR2_sxapXRDJA
Bikanervala,Bikanervala | Vasundhara Ghaziabad,"Ground, 1st & 2nd Floor, Ksn Square, Plot No. 12/13/14, Main Road, Sector 3, Vasundhara, Ghaziabad, Uttar Pradesh 201012","Sector 3, Vasundhara",NCR,28.6667965,77.3832518,4.7,,Sec 18 Noida (02/0001),12056,"Google Maps search (public listing), 2026-10-10",ChIJbZ9JORLxDDkRUxl3-NOgxWc
Bikanervala,"Bikanervala | Rajendra Nagar, Sahibabad,","Plot No. 12, Rajender Nagar, Sector 5, Rajendra Nagar, Sahibabad, Ghaziabad, Uttar Pradesh 201005","Rajender Nagar, Sector 5, Rajendra Nagar, Sahibabad",NCR,28.6780951,77.3592434,3.9,3845.0,Sec 18 Noida (02/0001),12299,"Google Maps search (public listing), 2026-10-10",ChIJEVoul4v6DDkRvT8i9uVMlEI
Bikanervala,Bikanervala | Crossing Republik Ghaziabad,"Shop No.12, 19&20, Ground Floor, Spectrum Market, Crossings Republik, Ghaziabad, Uttar Pradesh 201016",Crossings Republik,NCR,28.6286128,77.4403896,4.5,,Sec 18 Noida (02/0001),13071,"Google Maps search (public listing), 2026-10-10",ChIJlUhNR17vDDkR7XGLILairrg
Bikanervala,Bikanervala | Choudhary More Ghaziabad,"Shop No, 40, Ambedkar Rd, near Choudhary Morh, New Gandhi Nagar, Maliwara, Nehru Nagar, Ghaziabad, Uttar Pradesh 201001","New Gandhi Nagar, Maliwara, Nehru Nagar",NCR,28.656764,77.4343384,3.9,4138.0,Sec 18 Noida (02/0001),14378,"Google Maps search (public listing), 2026-10-10",ChIJHYeAwc_xDDkRaqoTsjVHqFo
Bikanervala,Bikanervala | The Opulent Mall Ghaziabad,"Located in, The Opulent Mall, Counter no.1,2,3,4, third floor, Food Court, NH 91, New Gandhi Nagar, Ghaziabad, Uttar Pradesh 201001","New Gandhi Nagar, Gandhi Nagar, Nehru Nagar III, Nehru Nagar",NCR,28.6543723,77.4366711,4.1,510.0,Sec 18 Noida (02/0001),14380,"Google Maps search (public listing), 2026-10-10",ChIJoSHBhdbxDDkRyLZiBdQDcls
Bikanervala,Bikanervala | Lal kuan Ghaziabad,"AHS-01-04, Ground Floor Delhi - Meerut Expressway, Sector 13, Bulandshahr Road, Industrial Area, lal kuan, Ghaziabad, Uttar Pradesh 201009","Industrial Area, lal kuan",NCR,28.6346688,77.4571498,3.8,3744.0,Sec 18 Noida (02/0001),14831,"Google Maps search (public listing), 2026-10-10",ChIJy4K1eRruDDkRXTAmoehGOt4
Bikanervala,"Bikanervala | RDC, Ghaziabad","Shop No. 19 and 20, district centre, RDC, Block 1, P & T Colony, Raj Nagar, Ghaziabad, Uttar Pradesh 201002","RDC, Block 1, P & T Colony, Raj Nagar",NCR,28.6752586,77.4425421,4.0,9245.0,Sec 18 Noida (02/0001),16360,"Google Maps search (public listing), 2026-10-10",ChIJgSjCxM_xDDkRkvtgkmYIFAs
Bikanervala,Bikanervala Family Restaurant,"Morta, Ghaziabad, Uttar Pradesh 201003",Morta,NCR,28.703635,77.41460599999999,,,Sec 18 Noida (02/0001),17138,"Google Maps search (public listing), 2026-10-10",ChIJ8-tMv-XwDDkRvxNr_yCjSMQ
Bikanervala,Bikanervala | Raj Nagar Extension Ghaziabad,"Shop No. 542 & 898, The Great Northern Bazaar, Morta, Ghaziabad, Uttar Pradesh 201003",Morta,NCR,28.7041633,77.41467229999999,4.5,,Sec 18 Noida (02/0001),17191,"Google Maps search (public listing), 2026-10-10",ChIJ45E7D4HxDDkRdBePBlsGpPw
Bikanervala,Bikanervala | ATS Khyber Range,"NH 24, near Manipal Hospital, Pandav Nagar, Ghaziabad, Uttar Pradesh 201002",Pandav Nagar,NCR,28.6560364,77.47307459999999,4.4,,Sec 18 Noida (02/0001),17371,"Google Maps search (public listing), 2026-10-10",ChIJJ0LbXgDzDDkRPzeGcIottgQ
Bikanervala,Bikanervala | KW Delhi 6,"Shop No. T13/T14 & T25/T26, 3rd Floor KW Delhi 6 Mall, Vikas Nagar, Ghukna, Ghaziabad, Uttar Pradesh 201003","Vikas Nagar, Ghukna",NCR,28.696452,77.4352816,3.8,,Sec 18 Noida (02/0001),17640,"Google Maps search (public listing), 2026-10-10",ChIJn0C3El7xDDkRUxQs4dgNuiE
Bikanervala,"Bikanervala | The Hub, Raj Nagar Extension","1st Floor, Location in -The Hub, Shop No.8, 11, Ramavtar Tyagi Ln, Raj Nagar Extension, Ghaziabad, Uttar Pradesh 201003",Raj Nagar Extension,NCR,28.7059653,77.4350455,4.8,198.0,Sec 18 Noida (02/0001),18466,"Google Maps search (public listing), 2026-10-10",ChIJ1RpaIyXxDDkRuZwM6n8Br8U
Bikanervala,Bikanervala | Bahadurgarh Haryana,"Shop No.01-10, Ground Floor, AVENUE 37, HL City Rd, Sector 37, Bahadurgarh, Haryana 124508",Sector 37,NCR,28.6719479,76.8991037,4.5,2203.0,Paschim Vihar (02/0003),19982,"Google Maps search (public listing), 2026-10-10",ChIJicbPpbQNDTkRv4GlnTC4WCU
Bikanervala,"Bikanervala | Nilaya Greens, Ghaziabad","Khasra No. 1015 & 1023, Nilaya Green, NH-58, Raj Nagar Extension, near Murad Nagar, Sikrod, Ghaziabad, Uttar Pradesh 201003",Sikrod,NCR,28.7197772,77.45166449999999,4.3,,Sec 18 Noida (02/0001),20668,"Google Maps search (public listing), 2026-10-10",ChIJQbmhdADxDDkR0jLwlmdxwCM
Bikanervala,Bikanervala | Govindpuram Ghaziabad,"Shop No. 01, Ground Floor Signature Street Mall, G-Block, Govindpuram, Ghaziabad, Uttar Pradesh 201013","G-Block, Govindpuram",NCR,28.6910271,77.4864013,4.4,,Sec 18 Noida (02/0001),20716,"Google Maps search (public listing), 2026-10-10",ChIJj6YbV8_zDDkRTAf2JYDvLKI
Bikanervala,Bikanervala | Eastern Peripheral Expressway Ghaziabad,"Kiosk No. 4, Food Court, CH-39-500, Eastern Peripheral Expy, LHS Village, Milak/Milk Chakarpur, Ghaziabad, Uttar Pradesh 201206",LHS Village,NCR,28.7714296,77.450609,4.1,,Sec 18 Noida (02/0001),25417,"Google Maps search (public listing), 2026-10-10",ChIJnSxhgzH3DDkRtuheh-3nDSI
Blue Tokai,Blue Tokai Coffee Roasters | Shalimar Bagh,"Shop No 5, Ground Floor, Metro Station Shalimar Bagh, Wazirpur Industrial Area, Ashok Vihar, New Delhi, Delhi, 110052","Wazirpur Industrial Area, Ashok Vihar",NCR,28.7019344,77.1660302,4.5,54.0,Shalimar Bagh (02/0015),28,"Google Maps search (public listing), 2026-10-10",ChIJz5CbWwADDTkR8ND_PmFY-g4
Blue Tokai,Blue Tokai Coffee Roasters | Kalkaji,"H-5B, No H1/B, Block H, Kalkaji, New Delhi, Delhi 110019","Krishna Market, Block H, Kalkaji",NCR,28.5407855,77.25675249999999,4.6,63.0,Kalkaji (02/0004),31,"Google Maps search (public listing), 2026-10-10",ChIJgbslGwDjDDkRCFzD91OUCxE
Blue Tokai,Blue Tokai Coffee Roasters | Faridabad Sector 15,"1st Floor, Huda Market, Sector 15, Faridabad, Haryana 121007",Sector 15,NCR,28.395001,77.322972,4.4,90.0,Sec 15 Faridabad (02/0007),88,"Google Maps search (public listing), 2026-10-10",ChIJEbRzqUndDDkRMmK8eNvVlhE
Blue Tokai,Blue Tokai Coffee Roasters | Connaught Place H Block,"Shop No 42, Ground Floor, Block H, Connaught Place, New Delhi, Delhi 110001","Block H, Connaught Place",NCR,28.6344444,77.2173889,4.3,,Connaught place (02/0012),236,"Google Maps search (public listing), 2026-10-10",ChIJYRtF6kL9DDkRbNJthPknNHU
Blue Tokai,Blue Tokai Coffee Roasters | Model Town,"Ground Floor Block, No F/14, Plot No 57A, Model Town Phase 2, Model Town Phase I, Model Town, New Delhi, Delhi, 110009","Model Town Phase 2, Model Town Phase I, Model Town",NCR,28.7087603,77.1911159,4.6,69.0,Model Town (02/0013),328,"Google Maps search (public listing), 2026-10-10",ChIJrzAT0xsDDTkRSNDNxIw1cZg
Blue Tokai,Blue Tokai Coffee Roasters | Apollo Jasola,"Gate No 4, Ground Floor, near Apollo Hospital, Sarita Vihar, New Delhi, Delhi 110020",Sarita Vihar,NCR,28.5412073,77.2835743,4.2,29.0,"Pacific mall, Jasola (02/0011)",396,"Google Maps search (public listing), 2026-10-10",ChIJgV0NtoXnDDkRBlDZ69XZBmg
Blue Tokai,Blue Tokai Coffee Roasters | Sector 18 Noida,"P-9, Ground Floor, Sector 18, Before Underpass Entry, near RBL Bank, Noida, Uttar Pradesh 201301","P Block, Pocket I, Sector 18",NCR,28.568531,77.3249178,4.4,383.0,Sec 18 Noida (02/0001),450,"Google Maps search (public listing), 2026-10-10",ChIJv76aBy7lDDkRilA-kMlhzUQ
Blue Tokai,"Blue Tokai Coffee Roasters | Connaught Place, N Block","Shop No 44, Building, N Block, Connaught Cir, Block N, Connaught Place, New Delhi, Delhi 110001","Block N, Connaught Place",NCR,28.6310385,77.22197349999999,4.2,,Connaught place (02/0012),586,"Google Maps search (public listing), 2026-10-10",ChIJG7f2CaIDDTkRL7zKdwHroCk
Blue Tokai,Blue Tokai Coffee Roasters | Cyber Hub,"Ground Floor, Dlf Cyber Hub, No 21A, Gurugram, Haryana 122002","DLF Cyber City, DLF Phase 2, Sector 24",NCR,28.4951464,77.0886317,4.3,99.0,Gurgaon DLF (02/0009),645,"Google Maps search (public listing), 2026-10-10",ChIJ2-p0UrkZDTkRT0x6scYTtHI
Blue Tokai,Blue Tokai Coffee Roasters Origins | Janpath,"Mezzanine & Ground Floor, No 48, Janpath, New Delhi, Delhi 110001","Atul Grove Road, Janpath, Connaught Place",NCR,28.626972,77.21977799999999,4.7,,Connaught place (02/0012),713,"Google Maps search (public listing), 2026-10-10",ChIJIQfLW_39DDkRoOtOI7o5QOo
Blue Tokai,Blue Tokai Coffee Roasters | Sikanderpur,"Platina Tower MG Road, A Block, opposite Bristol Hotel, Sector 28, DLF Phase 1, Gurugram, Haryana 122002","Sector 28, DLF Phase 1",NCR,28.4804701,77.0925178,4.4,,Gurgaon DLF (02/0009),1110,"Google Maps search (public listing), 2026-10-10",ChIJQ1jYMS8ZDTkRKv-ymsy5Wrw
Blue Tokai,Blue Tokai Coffee Roasters | Advant Noida,"PN 7, TOWER-A, Unit No 1/A, Ground Floor, Sector 142, Noida, Uttar Pradesh 201304",Sector 142,NCR,28.5007752,77.4096433,4.5,,Sec 143 Noida (02/0006),1233,"Google Maps search (public listing), 2026-10-10",ChIJCzGgySDpDDkR6Ard3rW2UPU
Blue Tokai,Blue Tokai Coffee Roasters | DLF Cyber Park,"Ground Floor, No GF/23, Gurugram, Haryana 122016","Phase II, Udyog Vihar, Sector 20",NCR,28.502722,77.090639,4.1,17.0,Gurgaon DLF (02/0009),1376,"Google Maps search (public listing), 2026-10-10",ChIJSdDgY1AZDTkRkrWJJw3XwkA
Blue Tokai,Blue Tokai Coffee Roasters | Rohini Sector 14,"DDA Community Centre, Pawa Grand, PN 2, Prashant Vihar, Sector 14, Rohini, New Delhi, Delhi, 110085","Prashant Vihar, Sector 14, Rohini",NCR,28.7158942,77.13515919999999,4.2,123.0,Rohini Sec-7 (02/0008),1405,"Google Maps search (public listing), 2026-10-10",ChIJveAqRwABDTkRDbBsWtlRXHc
Blue Tokai,Blue Tokai Coffee Roasters | Ambience Mall,"Ground Floor, Ambience Mall, opposite Pantaloons, Ambience Island, DLF Phase 3, Sector 24, Gurugram, Haryana 122010","Ambience Island, DLF Phase 3, Sector 24",NCR,28.502561,77.0973084,4.5,,Gurgaon DLF (02/0009),1425,"Google Maps search (public listing), 2026-10-10",ChIJWdVEWBwZDTkRZx-pKLYnAE4
Blue Tokai,Blue Tokai Coffee Roasters | DLF Downtown 4,"Kiosk 1, Ground, DLF DOWNTOWN, 4, Ambience Island, DLF Phase 3, Sector 24, Gurugram, Haryana 122010","Ambience Island, DLF Phase 3, Sector 24",NCR,28.5033056,77.09597219999999,5.0,28.0,Gurgaon DLF (02/0009),1468,"Google Maps search (public listing), 2026-10-10",ChIJ-dpl9v8ZDTkRx_HiWEih6GE
Blue Tokai,Blue Tokai Coffee Roasters | Greater Kailash 2,"Ground Floor, Main Market, No M/71, part 2, Greater Kailash, New Delhi, Delhi 110048","part 2, Block M, Greater Kailash II, Greater Kailash",NCR,28.5329129,77.24356,4.4,418.0,Kalkaji (02/0004),1567,"Google Maps search (public listing), 2026-10-10",ChIJeVL8GtLjDDkRYkzWfzhtOiA
Blue Tokai,Blue Tokai Coffee Roasters,"Ground Floor M, block market, No M/57, Phase 2, Greater Kailash, New Delhi, Delhi 110048","Block M, Phase 2, Greater Kailash",NCR,28.5329623,77.2432864,4.4,158.0,Kalkaji (02/0004),1586,"Google Maps search (public listing), 2026-10-10",ChIJ1U_NiAPhDDkRSjkKTKcv2MY
Blue Tokai,Blue Tokai Coffee Roasters | AIPL Legacy,"Ground Floor, AIPL Legacy, No 42, Phase 3, Okhla Industrial Estate, New Delhi, Delhi 110020","Phase 3, Okhla Industrial Estate",NCR,28.552288,77.2669578,4.7,31.0,Kalkaji (02/0004),1623,"Google Maps search (public listing), 2026-10-10",ChIJvSLK-VPjDDkRJokdSa3Jwjo
Blue Tokai,Blue Tokai Coffee Roasters | GK 1,"53, Hansraj Gupta Rd, Phase 1, Block R, Greater Kailash I, Greater Kailash, New Delhi, Delhi 110048","Phase 1, Block R, Greater Kailash I, Greater Kailash",NCR,28.5483507,77.2417064,4.4,597.0,Kalkaji (02/0004),1724,"Google Maps search (public listing), 2026-10-10",ChIJmfECtIPjDDkRaLeuhC2Or-E
Blue Tokai,Blue Tokai Coffee Roasters | Netaji Subhash Place,"Unit No 21, GF, Aggarwal Millennium Tower-1, Plot No E/1 to 3, Netaji Subhash Place, Shakurpur, New Delhi, Delhi, 110034","Netaji Subhash Place, Shakurpur",NCR,28.693797,77.1498196,4.2,110.0,Shalimar Bagh (02/0015),1796,"Google Maps search (public listing), 2026-10-10",ChIJYaByXLsDDTkRGny_xDOIybI
Blue Tokai,Blue Tokai Coffee Roasters | Noida,"No B/126, The Shop, B-126, Udhyog Marg, B Block, Sector 5, Noida, Uttar Pradesh 201301","B Block, Sector 5",NCR,28.590509,77.3190785,4.4,1103.0,Sec 18 Noida (02/0001),2073,"Google Maps search (public listing), 2026-10-10",ChIJHW0IKcPlDDkRvMkRVc0fqzI
Blue Tokai,Blue Tokai Coffee Roasters | East Of Kailash,"E/261, Kalka Devi Marg, opposite TAGORE INTERNATIONAL SCHOOL, Block E, Amar Colony, East of Kailash, New Delhi, Delhi 110024","Block E, Amar Colony, East of Kailash",NCR,28.5594008,77.24159139999999,4.2,212.0,Kalkaji (02/0004),2575,"Google Maps search (public listing), 2026-10-10",ChIJ0bc_sE3jDDkR_7CPIcqaGSA
Blue Tokai,Blue Tokai Coffee Roasters - New Friends Colony,"Shop No 19, 20, 30 & 31, New Friends Colony, New Delhi, Delhi 110025",New Friends Colony,NCR,28.5613694,77.2687942,4.4,134.0,Kalkaji (02/0004),2580,"Google Maps search (public listing), 2026-10-10",ChIJh9TQALLhDDkRzf0X6WoSNBY
Blue Tokai,Blue Tokai Coffee Roasters | Galleria Market,"2nd floor, Galleria Market, No R/1, DLF Phase IV, Gurugram, Haryana 122009","Galleria Market, Sector 28, DLF Phase IV",NCR,28.4673879,77.0821819,4.4,779.0,Gurgaon DLF (02/0009),2757,"Google Maps search (public listing), 2026-10-10",ChIJZS9tf94YDTkR9vm6gSjCY9c
Blue Tokai,Blue Tokai Coffee Roasters | DLF Galleria 1st Floor,"03 & 04, Galleria Shopping Complex, No 02, opposite DLF City, Galleria Market, Sector 28, DLF Phase IV, Gurugram, Haryana 122009","Galleria Market, Sector 28, DLF Phase IV",NCR,28.4671765,77.08244739999999,4.5,62.0,Gurgaon DLF (02/0009),2770,"Google Maps search (public listing), 2026-10-10",ChIJE-PQsI8ZDTkRpXvBdVg_feU
Blue Tokai,Blue Tokai Coffee Roasters | Rohini Sector 11,"No 2/6, ground floor, Aarambh Library, Rithala Rd, Pocket 1, Sector 11, Rohini, New Delhi, Delhi, 110085","Pocket 1, Sector 11, Rohini",NCR,28.7332627,77.1111109,4.7,,Rohini Sec-7 (02/0008),2861,"Google Maps search (public listing), 2026-10-10",ChIJUwqMMYkBDTkR5pmcytBGUvg
Blue Tokai,Blue Tokai Coffee Roasters | ROF Portico,"Ground Floor, ROF PORTICO, SN 7 & 8, Phase -1, Block C, Sushant Lok Phase I, Sector 43, Gurugram, Haryana 122009","Phase -1, Block C, Sushant Lok Phase I, Sector 43",NCR,28.4530051,77.0822881,4.5,98.0,Sec 31 - Gurgaon (02/0016),3142,"Google Maps search (public listing), 2026-10-10",ChIJnT0EAQAZDTkRQp4YxfSAgPA
Blue Tokai,Blue Tokai Coffee Roasters | Lajpat Nagar,"Ground & 1st Floor, No K/96A, Block K, Lajpat Nagar II, Jal Vihar, New Delhi, Delhi 110024","Block K, Lajpat Nagar II, Jal Vihar",NCR,28.5674985,77.2466731,4.8,153.0,Kalkaji (02/0004),3155,"Google Maps search (public listing), 2026-10-10",ChIJz822dQDjDDkR8UNQdCkce1Q
Blue Tokai,Blue Tokai Coffee Roasters | Rajouri Garden,"No A/27, near Metro Station Rajouri Garden, Vishal Enclave, New Delhi, Delhi 110027","Block A, Vishal Enclave, Tagore Garden Extension",NCR,28.6493058,77.1210133,4.2,,Paschim Vihar (02/0003),3250,"Google Maps search (public listing), 2026-10-10",ChIJx2MIS40DDTkRORsqu1V2OKY
Blue Tokai,Blue Tokai Coffee Roasters | Omaxe World Street,"Gr Flr, OMAXE WORLD STREET, Plot No 261, Sector 79, Faridabad, Haryana 121101",Sector 79,NCR,28.3870515,77.3558395,4.6,261.0,Sec 15 Faridabad (02/0007),3414,"Google Maps search (public listing), 2026-10-10",ChIJCSJobADdDDkRonjpdj1qVo4
Blue Tokai,Blue Tokai Coffee Roasters | RCube Noida,"Unit No 6, Gr Floor, Rcube Monad Mall, Block A, Sector 43, Noida, Uttar Pradesh 201303","Block A, Sector 43",NCR,28.560859,77.3563788,4.5,146.0,Sec 18 Noida (02/0001),3500,"Google Maps search (public listing), 2026-10-10",ChIJtaAZ7uXlDDkRlxOX0DUXomg
Blue Tokai,"Blue Tokai Coffee Roasters | Defence Colony, Delhi","DDA Shopping Complex, No A/57 to A/59, Defence Colony, New Delhi, Delhi 110024","Block F, Defence Colony",NCR,28.5661503,77.23328,4.5,207.0,Kalkaji (02/0004),3665,"Google Maps search (public listing), 2026-10-10",ChIJJfAXQcTjDDkRFWyMill5mHA
Blue Tokai,Blue Tokai Coffee Roasters | Khan Market,"Shop No 6, 1st Floor, opposite Main Gate, Khan Market, Rabindra Nagar, New Delhi, Delhi 110003","Khan Market, Rabindra Nagar",NCR,28.5996589,77.226288,4.3,,Connaught place (02/0012),3790,"Google Maps search (public listing), 2026-10-10",ChIJ75ndzEHjDDkR44wvQSmA5ms
Blue Tokai,Blue Tokai Coffee Roasters | Sector 50 Noida,"Central Market, B 1/49, next to Lenskart, B Block, Sector 50, Noida, Uttar Pradesh 201303","B Block, Sector 50",NCR,28.5702313,77.36226959999999,4.4,237.0,Sec 18 Noida (02/0001),3847,"Google Maps search (public listing), 2026-10-10",ChIJs1cLU5PlDDkRr2EWd7Nbcfw
Blue Tokai,Blue Tokai Coffee Roasters | Spaze Boulevard,"G9,G10 & G30, Spaze Boulevard, GF, Badshahpur Sohna Rd, Malibu Towne, Sector 47, Gurugram, Haryana 122018","Malibu Towne, Sector 47",NCR,28.4185833,77.0408056,4.6,82.0,Sec 31 - Gurgaon (02/0016),3930,"Google Maps search (public listing), 2026-10-10",ChIJ_2yXp7QjDTkRalRcXyTMOP4
Blue Tokai,Blue Tokai Coffee Roasters | Members Only,"2, Safdarjung Rd, near Delhi Gymkhana Club, Tughlak Road Area, New Delhi, Delhi 110011",Tughlak Road Area,NCR,28.598065,77.2051104,4.3,,Connaught place (02/0012),3989,"Google Maps search (public listing), 2026-10-10",ChIJc9qgPnbjDDkRRVGTrBe-uoc
Blue Tokai,Blue Tokai Coffee Roasters | Saket,"Ground Floor, Unit No 1 & 2, Rectangle Building, 1 R-1, South, Saket District Centre, District Centre, Sector 6, Saket, New Delhi, Delhi 110017","Saket District Centre, District Centre, Sector 6, Saket",NCR,28.5273863,77.21663939999999,4.4,468.0,Kalkaji (02/0004),4207,"Google Maps search (public listing), 2026-10-10",ChIJ5wGbOs_hDDkR3YNcDcjgQLQ
Blue Tokai,Blue Tokai Coffee Roasters | Malviya Nagar,"T, 540, Panchsheel Marg, Panchshila Park, Corner Market, Sadhna Enclave, Malviya Nagar, New Delhi, Delhi 110017","Panchshila Park, Corner Market, Sadhna Enclave, Malviya Nagar",NCR,28.539563,77.2131979,4.5,187.0,Kalkaji (02/0004),4280,"Google Maps search (public listing), 2026-10-10",ChIJndAgQl_jDDkRcaGGh5NGhQM
Blue Tokai,Blue Tokai Coffee Roasters | DLF Midtown Plaza,"38, Gr Floor, DLF Midtown Plaza, Shop No, Moti Nagar, New Delhi, Delhi 110015","Moti Nagar, Karampura Industrial Area, Karam Pura",NCR,28.6630954,77.15326499999999,5.0,,Shalimar Bagh (02/0015),4483,"Google Maps search (public listing), 2026-10-10",ChIJ7dj_cewDDTkRLbl-6zBuaX8
Blue Tokai,Blue Tokai Coffee Roasters | Panchsheel Park,"Basement, Ground floor and First floor Building no. 12, Panchsheel Community Centre, Shahpur Jat, Panchsheel Park, New Delhi, Delhi 110017","Shahpur Jat, Panchsheel Park",NCR,28.5480519,77.2114764,4.6,66.0,Kalkaji (02/0004),4523,"Google Maps search (public listing), 2026-10-10",ChIJj3H3M9vjDDkR4AVnof58qdA
Blue Tokai,Blue Tokai Coffee Roasters | Nirvana Courtyard,"Shop No 36 & 37, GF, Nirvana Courtyard, Nirvana Central Rd, C Block, Nirvana Country, Sector 50, Gurugram, Haryana 122018","C Block, Nirvana Country, Sector 50",NCR,28.414425,77.0656084,4.2,231.0,Sec 31 - Gurgaon (02/0016),4544,"Google Maps search (public listing), 2026-10-10",ChIJIWAVKwYjDTkR9KH_V1kbK6Y
Blue Tokai,Blue Tokai Coffee Roasters | M3M Paragon 57,"R5 G, GF, 03/04, Sushant Lok III, Sector 57, Gurugram, Haryana 122011","Block A, Sushant Lok III, Sector 57",NCR,28.4182637,77.0814912,4.7,30.0,Sec 31 - Gurgaon (02/0016),4927,"Google Maps search (public listing), 2026-10-10",ChIJlzFCSiIjDTkRhswoW1NP8SA
Blue Tokai,Blue Tokai Coffee Roasters | Hauz Khas,"15A, opposite Old Dr Dangs Clinic, Block A, Hauz Khas, New Delhi, Delhi 110016","Block A, Hauz Khas",NCR,28.5530484,77.20782369999999,4.2,1369.0,Kalkaji (02/0004),4998,"Google Maps search (public listing), 2026-10-10",ChIJW7mwzRLiDDkRZPouj0tNbHE
Blue Tokai,Blue Tokai Coffee Roasters | Elan Miracle,"Shop No 37 & 38, GF, Elan Miracle Mall, Sector 84, Gurugram, Haryana 122012",Sector 84,NCR,28.4154153,76.9638966,4.7,393.0,Gurgaon Sec 10 (02/0014),5011,"Google Maps search (public listing), 2026-10-10",ChIJ1chrOAAXDTkRRWbKQPK692c
Blue Tokai,Blue Tokai Coffee Roasters | Summit Plaza,"FB 8 & FB 7, 1st Floor, DLF Summit Plaza, Golf Course Rd, Gurugram, Haryana 122009","DLF Phase 5, Sector 54",NCR,28.446444,77.106056,4.8,34.0,Gurgaon DLF (02/0009),5070,"Google Maps search (public listing), 2026-10-10",ChIJTdC8xs0fDTkRojBeJTmT1Ww
Blue Tokai,Blue Tokai Coffee Roasters | Golf Course Road,"Shop No 20, Gr, The Palm Springs, Plaza, Golf Course Rd, DLF Phase 5, Sector 54, Gurugram, Haryana 122009","DLF Phase 5, Sector 54",NCR,28.4453275,77.10145709999999,4.4,,Sec 31 - Gurgaon (02/0016),5087,"Google Maps search (public listing), 2026-10-10",ChIJgVioCOoZDTkRCsCBnlyy_Ug
Blue Tokai,Blue Tokai Coffee Roasters | Saket Community Centre,"Plot No 8, Ground Flr, Community Centre Malviya Nagar, Extension, Saket, New Delhi, Delhi 110017","Extension, Saket",NCR,28.5229167,77.207751,4.4,85.0,Kalkaji (02/0004),5197,"Google Maps search (public listing), 2026-10-10",ChIJbbyMtr_hDDkR-VoXhx9ZUZw
Blue Tokai,Blue Tokai Coffee Roasters | Vatika Atrium,"Ground Floor, BLOCK-B, Vatika Atrium, No GF/018, Golf Course Rd, next to HDFC Bank, Parsvnath Exotica, DLF Phase 5, Sector 53, Gurugram, Haryana 122011","Parsvnath Exotica, DLF Phase 5, Sector 53",NCR,28.4401782,77.1020334,4.3,,Sec 31 - Gurgaon (02/0016),5268,"Google Maps search (public listing), 2026-10-10",ChIJLUCqEX8ZDTkRL-5OdTq6GVk
Blue Tokai,Blue Tokai Coffee Roasters | AIPL Joy Central,"73, GF, AIPL Joy Central, Shop No 69 to, Badshahpur, Sector 65, Gurugram, Haryana 122101","Badshahpur, Sector 65",NCR,28.4050719,77.0605578,4.7,137.0,Sec 31 - Gurgaon (02/0016),5421,"Google Maps search (public listing), 2026-10-10",ChIJ1YN-uEojDTkRMT8lIkjqwB0
Blue Tokai,"Blue Tokai Coffee Roasters | Metro World Mall, Gurgaon","Unit No G14 & G41, Metro World Mall, Huda Market Rd, Block B, Sector 56, Gurugram, Haryana 122011","Block B, Sector 56",NCR,28.4288478,77.0996876,4.6,,Sec 31 - Gurgaon (02/0016),5536,"Google Maps search (public listing), 2026-10-10",ChIJcS-NjhkjDTkRwJyTn2kBjkc
Blue Tokai,Blue Tokai Coffee Roasters | Mehar Chand Market,"Shop No 115, Meharchand Market, Lodi Colony, New Delhi, Delhi 110003","Meharchand Market, Lodi Colony",NCR,28.583111,77.226751,4.5,53.0,Kalkaji (02/0004),5573,"Google Maps search (public listing), 2026-10-10",ChIJoa_chO7jDDkRkdRA0B6k-qI
Blue Tokai,Blue Tokai Coffee Roasters | Global Foyer,"Ground Floor, Global Foyer, S.NO - 5, Choma, Chauma Village, Sector 1, Palam Vihar, Gurugram, Haryana 122017","Choma, Chauma Village, Sector 1, Palam Vihar",NCR,28.5115833,77.0396944,4.8,135.0,Gurgaon DLF (02/0009),5672,"Google Maps search (public listing), 2026-10-10",ChIJY4BnEmUZDTkRK7PLwZmsKjY
Blue Tokai,Blue Tokai Coffee Roasters | Noida Sector 104,"Unit No. UG-01, Starling Mall, Hazipur, Sector 104, Noida, Uttar Pradesh 201304","Hazipur, Sector 104",NCR,28.5420794,77.370002,4.3,126.0,Sec 18 Noida (02/0001),5686,"Google Maps search (public listing), 2026-10-10",ChIJ829PVQLnDDkR_LsfmoaEDrk
Blue Tokai,Blue Tokai Coffee Roasters | Good Earth Sixty 9,"Ground Floor, Good Earth, Unit No 3 & 30, Sector 69, Gurugram, Haryana 122101",Sector 69,NCR,28.391143,77.0313372,4.6,117.0,Gurgaon Sec 10 (02/0014),5938,"Google Maps search (public listing), 2026-10-10",ChIJBeVFmMMjDTkR_E3ck-NBgJ4
Blue Tokai,Blue Tokai Coffee Roasters | Indiabulls Commercial One 09,"Indiabulls Commercial One 09, No 29 & 30, Sector 109, Pawala Khasrupur, Gurugram, Haryana 122006",Sector 109,NCR,28.505361,77.010278,4.7,198.0,Gurgaon Sec-15 (02/0010),6165,"Google Maps search (public listing), 2026-10-10",ChIJIblSqfEXDTkR-llrohel7AU
Blue Tokai,Blue Tokai Coffee Roasters | Deer Park,"Commercial Complex, B6, opposite Deer Park, next to the Piano Man and Mother Dairy, Safdarjung Enclave, New Delhi, Delhi 110029","Block B6, Humayunpur, Safdarjung Enclave",NCR,28.5596117,77.1969458,4.4,977.0,Kalkaji (02/0004),6234,"Google Maps search (public listing), 2026-10-10",ChIJGXV0jQDjDDkRq_y02mpUpCQ
Blue Tokai,Blue Tokai Coffee Roasters | Janakpuri,"2 Ground Floor C1, Shop, 137, Road, Block C1, Janakpuri, New Delhi, Delhi, 110058","Block C1, Janakpuri",NCR,28.6211876,77.082124,4.2,,Paschim Vihar (02/0003),6285,"Google Maps search (public listing), 2026-10-10",ChIJUcJC5ugFDTkRflBKsrztcak
Blue Tokai,Blue Tokai Coffee Roasters | VLPL Sector 83,"83 Avenue, Shop No, G05 to 09, Sector 83, Gurugram, Haryana 122012",Sector 83,NCR,28.397171,76.963501,4.6,69.0,Gurgaon Sec 10 (02/0014),6376,"Google Maps search (public listing), 2026-10-10",ChIJ00OtLwA9DTkRMWImRt45IA0
Blue Tokai,Blue Tokai Coffee Roasters Origins | Ireo Sector 58,"Unit No 11, 1st Floor, Ireo Grand View High Street, Sector 58, Gurugram, Ghata, Haryana 122098",Sector 58,NCR,28.4164638,77.1020087,4.8,231.0,Sec 31 - Gurgaon (02/0016),6495,"Google Maps search (public listing), 2026-10-10",ChIJCWjQX7YjDTkR5yWsSwcxgfU
Blue Tokai,Blue Tokai Coffee Roasters | Origins-The Crescent,"LSC, The Crescent, Plot No 1 to 7, Chatri Wala Kuan, Lado Sarai, New Delhi, Delhi 110030","Chatri Wala Kuan, Lado Sarai",NCR,28.5246172,77.1905572,4.9,34.0,Kalkaji (02/0004),6729,"Google Maps search (public listing), 2026-10-10",ChIJ0Q5z2OAfDTkRno2_coUWHxI
Blue Tokai,Blue Tokai Coffee Roasters | AIPL Joy Street,"Shop No, Ground Floor, AIPL JOY STREET, 97 & 98, Gujjar Rd, Badshahpur, Sector 66, Gurugram, Haryana 122101","Badshahpur, Sector 66",NCR,28.3920944,77.05939579999999,4.5,199.0,Sec 31 - Gurgaon (02/0016),6828,"Google Maps search (public listing), 2026-10-10",ChIJbQ6SnVAjDTkRoZfLMrq3gQ4
Blue Tokai,Blue Tokai Coffee Roasters | Vasant Kunj,"C/9, Mehrauli Mahipalpur Rd, near Cult Fit, Pocket 9, Sector C, Vasant Kunj, New Delhi, Delhi 110070","Pocket 9, Sector C, Vasant Kunj",NCR,28.5380692,77.1428758,4.4,,Gurgaon DLF (02/0009),7227,"Google Maps search (public listing), 2026-10-10",ChIJa0iR-SkdDTkRaNgadwUjAdE
Blue Tokai,Blue Tokai Coffee Roasters | Terminal 3,"Indira Gandhi Int'l Airport, Terminal 3, SHA, Food Court, New Delhi, Delhi 110037",,NCR,28.5550838,77.0844015,4.7,218.0,Gurgaon DLF (02/0009),7230,"Google Maps search (public listing), 2026-10-10",ChIJTTqNiYUbDTkRK8e88Aw4OuQ
Blue Tokai,Blue Tokai Coffee Roasters | Sultanpur,"Unit No 9, Ground Floor, Khasra No 253 & 254, New Manglapuri, Sultanpur, New Delhi, Delhi 110030","New Manglapuri, Sultanpur",NCR,28.5006005,77.16635939999999,4.5,59.0,Gurgaon DLF (02/0009),7303,"Google Maps search (public listing), 2026-10-10",ChIJ48DaCAAfDTkRMEEuB4X4bMY
Blue Tokai,Blue Tokai Coffee Roasters | Aerocity,"No SS/01, GMR Square, Hospitality Road, Aerocity, Cantonment, New Delhi, Delhi 110037","Aerocity, Cantonment",NCR,28.5512533,77.1220046,4.5,,Gurgaon DLF (02/0009),7348,"Google Maps search (public listing), 2026-10-10",ChIJYZnt5j4dDTkRCEAWtGV-ydY
Blue Tokai,Blue Tokai Coffee Roasters | World Mark Aerocity,"Gr Floor, Worldmark 6, No M/17A, Asset Area, LP/1B/03, near Indira Gandhi International Airport, Aerocity, New Delhi, Delhi 110037",Aerocity,NCR,28.552361,77.12391699999999,4.7,22.0,Gurgaon DLF (02/0009),7536,"Google Maps search (public listing), 2026-10-10",ChIJ8RhvhnkdDTkRSaWmKbZQWsw
Blue Tokai,Blue Tokai Coffee Roasters | RPS Faridabad,"No 12/6, RPS 12th Avenue, Pocket C, Sector 27C, Faridabad, Haryana 121003","Pocket C, Sector 27C",NCR,28.4724445,77.3041944,4.9,,"Pacific mall, Jasola (02/0011)",7542,"Google Maps search (public listing), 2026-10-10",ChIJeQk9QzrnDDkRB0OcReY6rYU
Blue Tokai,Blue Tokai Coffee Roasters | Vasant Kunj Sector B,"LSC, Ground Floor, Plot No 10, Pocket 1, Sector B, Vasant Kunj, New Delhi, Delhi 110070","Pocket 1, Sector B, Vasant Kunj",NCR,28.524639,77.159194,4.2,71.0,Gurgaon DLF (02/0009),7542,"Google Maps search (public listing), 2026-10-10",ChIJs6tyk7kfDTkRrtTcw5SCzCs
Blue Tokai,Blue Tokai Coffee Roasters | Central Market Sector 120,"Block B, Central Market, Unit No BG/04, PN C/01, Ground Floor, Sector 120, Noida, Uttar Pradesh 201316",Sector 120,NCR,28.586157,77.3987437,4.5,166.0,Sec 18 Noida (02/0001),7564,"Google Maps search (public listing), 2026-10-10",ChIJMcvthuLvDDkRz3RU_xaXgyk
Blue Tokai,Blue Tokai Coffee Roasters | Ambience Mall Vasant Kunj,"SF, 2, Ambience Mall, No S222/A, near Nelson Mandela Marg, Ambience Island, Vasant Kunj II, Vasant Kunj, New Delhi, Delhi 110070","Ambience Island, Vasant Kunj II, Vasant Kunj",NCR,28.5413882,77.1551319,4.7,71.0,Gurgaon DLF (02/0009),8336,"Google Maps search (public listing), 2026-10-10",ChIJV7aL1nQdDTkRvGD4rnsLvu0
Blue Tokai,Blue Tokai Coffee Roasters | IHC Indirapuram,"Blk A, C, Habitat Center, SN 81A to 84A, 143 & 144, PN 16, Ahinsa Khand 1, Indirapuram, Ghaziabad, Uttar Pradesh 201014","Ahinsa Khand 1, Indirapuram",NCR,28.640194,77.3688394,4.3,,Sec 18 Noida (02/0001),8791,"Google Maps search (public listing), 2026-10-10",ChIJj0hvsIb7DDkRmaR1pDp3Mnk
Blue Tokai,"Blue Tokai Coffee Roasters | Terminal 1, IGI Airport","T-1, Indira Gandhi International Airport, Arrivals, New Delhi, Delhi 110037",,NCR,28.5653859,77.12128469999999,4.4,385.0,Gurgaon DLF (02/0009),8793,"Google Maps search (public listing), 2026-10-10",ChIJffs8bmgdDTkRITlcPSi10jA
Blue Tokai,Blue Tokai Coffee Roasters | India Expo Plaza,"Gr Flr, India Expo Plaza, Shop No, DA/001, Knowledge Park II, Greater Noida, Uttar Pradesh 201310",Knowledge Park II,NCR,28.458389,77.499333,4.5,177.0,Sec 143 Noida (02/0006),8885,"Google Maps search (public listing), 2026-10-10",ChIJjTfRdNbBDDkR-K3Q3oOWj0M
Blue Tokai,Blue Tokai Coffee Roasters | AMB Selfie Street,"AMB, Selfie Street, Sector 92, Gurugram, Meoka, Haryana 122505",Sector 92,NCR,28.407251,76.92219399999999,4.8,78.0,Gurgaon Sec 10 (02/0014),9043,"Google Maps search (public listing), 2026-10-10",ChIJMY8-uvc9DTkRlClwDeSf7VM
Blue Tokai,Blue Tokai Coffee Roasters | Vasant Vihar,"No 59, PVR Priya Complex, Basant Lok, Vasant Vihar, New Delhi, Delhi 110057","Basant Lok, Vasant Vihar",NCR,28.5573714,77.16439729999999,4.4,933.0,Kalkaji (02/0004),9235,"Google Maps search (public listing), 2026-10-10",ChIJHXU9n7sdDTkRtITuIDLGj1Y
Blue Tokai,blue tokai Coffee Roasters,"H574+GGP, E-7, Block E, Vasant Vihar, New Delhi, Delhi 110057","Block E, Vasant Vihar",NCR,28.5638438,77.1563286,4.2,18.0,Connaught place (02/0012),9624,"Google Maps search (public listing), 2026-10-10",ChIJvbYSagAdDTkRUL-F-ll9Ryw
Blue Tokai,Blue Tokai Coffee Roasters | Bhutani City Center 150,"B, Gr Floor, Bhutani City Center 150, Unit No G41, Plot No SC/01, Sector 150, Noida, Uttar Pradesh 201304",Sector 150,NCR,28.430444,77.479861,4.7,62.0,Sec 143 Noida (02/0006),9636,"Google Maps search (public listing), 2026-10-10",ChIJGz-COZHBDDkRxQtNjTxt3D8
Blue Tokai,Blue Tokai Coffee Roasters | Felix Plaza,"Unit No, Ground Floor, Felix Plaza Shikopur, G/09, Sector 82A, Gurugram, Haryana 122012",Sector 82A,NCR,28.3830035,76.93026929999999,4.7,53.0,Gurgaon Sec 10 (02/0014),9811,"Google Maps search (public listing), 2026-10-10",ChIJkY_qdxg9DTkRglRPOhafhpU
Blue Tokai,Blue Tokai Coffee Roasters | Golden I,"Block A, Unit No A/8, A/9 & A/10, UGF, Golden 1, Plot No 1, Tech Zone IV, Greater Noida, Uttar Pradesh 201318","Tech Zone IV, Amrapali Leisure Valley",NCR,28.5904077,77.4324444,4.7,,Sec 143 Noida (02/0006),10017,"Google Maps search (public listing), 2026-10-10",ChIJO4kwvd3vDDkRRIiY9xaGZJM
Blue Tokai,Blue Tokai Coffee Roasters | Sun Twilight,"40&FF/41, Sector-27, Sun Twilight, Sno FF, REP/02A, Jaypee Greens, Greater Noida, Brahmpur Rajraula Urf Nawada, Uttar Pradesh 201315","REP/02A, Jaypee Greens",NCR,28.4780313,77.5264444,4.7,66.0,Sec 143 Noida (02/0006),10491,"Google Maps search (public listing), 2026-10-10",ChIJta3vD7vrDDkRIVPlfm7DT2o
Blue Tokai,Blue Tokai Coffee Roasters | Dwarka Sector 12,"No 4, 5/6, Pocket 2, Sector 12 Dwarka, Dwarka, New Delhi, Delhi, 110078","Pocket 2, Sector 12 Dwarka, Dwarka",NCR,28.5941579,77.0472052,4.4,382.0,Paschim Vihar (02/0003),10498,"Google Maps search (public listing), 2026-10-10",ChIJl0B_picbDTkRzUhgcsD1C7M
Blue Tokai,Blue Tokai Coffee Roasters | Boulevard Walk,"1, Plot No C, Unit No Caf, 02, Greater Noida W Rd, Sector 4, Ghaziabad, Uttar Pradesh 201016","Haibatpur, Sector 4",NCR,28.607333,77.4332501,4.1,13.0,Sec 18 Noida (02/0001),11458,"Google Maps search (public listing), 2026-10-10",ChIJ_ZukjI7vDDkRQYNotwG-4uQ
Blue Tokai,Blue Tokai Coffee Roasters | Dwarka Sector 16B,"Ground Floor, Arambh Library, Pocket 3, Sector 16B Dwarka, Dwarka, New Delhi, Delhi, 110078","Pocket 3, Sector 16B Dwarka, Dwarka",NCR,28.602828,77.0148684,4.6,90.0,Paschim Vihar (02/0003),11782,"Google Maps search (public listing), 2026-10-10",ChIJy3xHW_sbDTkRkEABkLd_tAo
Blue Tokai,Blue Tokai Coffee Roasters | PKS Town Central,"Block A, Town Central, SCO 05, Gr & 1st Floor, Plot No C/04, Sector 16B Rd, Noida, Uttar Pradesh 201318",,NCR,28.604944,77.448306,4.7,116.0,Sec 143 Noida (02/0006),11860,"Google Maps search (public listing), 2026-10-10",ChIJZQ64hx_vDDkRsDa4v78CbA8
Blue Tokai,Blue Tokai Coffee Roasters | RDC Ghaziabad,"Ground Floor, No R/1/78, Sector 1, Extension, Raj Nagar, Ghaziabad, Uttar Pradesh 201002","RDC, Sector 1, Extension, Raj Nagar",NCR,28.677556,77.44238899999999,4.6,167.0,Sec 18 Noida (02/0001),16530,"Google Maps search (public listing), 2026-10-10",ChIJacNa-gvxDDkRbCbzFSSC4Dc
Burger King,Burger King,"Ground Floor, No F14/15, 2nd Main Rd, Model Town Phase 2, Pocket E, Phase 2, Model Town, New Delhi, Delhi, 110009","Model Town Phase 2, Pocket E, Phase 2, Model Town",NCR,28.7058952,77.190246,4.7,,Model Town (02/0013),12,"Google Maps search (public listing), 2026-10-10",ChIJ2WgrGt0DDTkRVJ07c5wqleI
Burger King,Burger King,"Ground & 1st Floor, SCO No 23, Sector 10A, Gurugram, Haryana 122001",Sector 10A,NCR,28.4401107,77.0066393,4.6,,Gurgaon Sec 10 (02/0014),23,"Google Maps search (public listing), 2026-10-10",ChIJt7Ygih0XDTkR49phoNwvw10
Burger King,Burger King,"No FCC2F/01, Pacific Mall, Mathura Rd, near Jasola Apollo Metro Station, Sarita Vihar, New Delhi, Delhi 110020",Sarita Vihar,NCR,28.5374527,77.2832099,4.7,,"Pacific mall, Jasola (02/0011)",29,"Google Maps search (public listing), 2026-10-10",ChIJISw9Kf7jDDkREAdM-bU_WF8
Burger King,Burger King,"Unit No Rck 4, Connaught Place, New Delhi, Delhi 110001",Connaught Place,NCR,28.6330006,77.2189966,4.1,267.0,Connaught place (02/0012),273,"Google Maps search (public listing), 2026-10-10",ChIJT-HIXmT9DDkRCebb_dSTPDI
Burger King,Burger King,"Shop No, RCK 01, Metro Station, near Rajiv Chowk, Connaught Place, New Delhi, Delhi 110001",Connaught Place,NCR,28.6331062,77.21949699999999,4.2,14285.0,Connaught place (02/0012),324,"Google Maps search (public listing), 2026-10-10",ChIJxTzWgAT9DDkRg3PU8AfWPxM
Burger King,Burger King,"4th Floor, Food Court, FC 7, Maharaja Agrasen Marg, Pocket J, Sector 18, Noida, Uttar Pradesh 201301","Pocket J, Sector 18",NCR,28.5683135,77.3220241,4.8,,Sec 18 Noida (02/0001),439,"Google Maps search (public listing), 2026-10-10",ChIJt4xCgUjkDDkR-opDfTrAwbc
Burger King,Burger King,"Unit No 300, The great india place mall, Food Counter D, Maharaja Agrasen Marg, Pocket J, Sector 18, Noida, Uttar Pradesh 201301","Pocket J, Sector 18",NCR,28.5677013,77.3240008,4.2,,Sec 18 Noida (02/0001),509,"Google Maps search (public listing), 2026-10-10",ChIJX8v3SDTlDDkRCQfUMXGOqeE
Burger King,Burger King,"Ground & Mezzanine Floor, No E8, Inner Cir, Inner Circle, Block E, Connaught Place, New Delhi, Delhi 110001","Inner Circle, Block E, Connaught Place",NCR,28.6327,77.2214987,4.2,9586.0,Connaught place (02/0012),514,"Google Maps search (public listing), 2026-10-10",ChIJT9eDG4UDDTkReEi7ATaztkk
Burger King,Burger King,"Ground Floor, No 68, Janpath, Connaught Place, New Delhi, Delhi 110001","Atul Grove Road, Janpath, Connaught Place",NCR,28.627931,77.21994099999999,4.4,,Connaught place (02/0012),631,"Google Maps search (public listing), 2026-10-10",ChIJCabPMZ79DDkRXNo5C4iLUVE
Burger King,Burger King,"Kalkaji Mandir, Metro Station, Kiosk No 1, KJMD/BS Line 8 of DMRC, Bus stand, Kalkaji, New Delhi, Delhi 110019",Kalkaji,NCR,28.5504338,77.2569852,4.6,793.0,Kalkaji (02/0004),1093,"Google Maps search (public listing), 2026-10-10",ChIJP6U5evMdDTkRdO-LZsVjQyI
Burger King,Burger King,"Shop No, M2K Multiplex, 3 to 10 & 16, Mangalam Place, Sector 3, Rohini, New Delhi, Delhi, 110085","Mangalam Place, Sector 3, Rohini",NCR,28.7009553,77.1166851,4.8,1999.0,Rohini Sec-7 (02/0008),1125,"Google Maps search (public listing), 2026-10-10",ChIJX9yxCuIDDTkRTFZtZX21--0
Burger King,Burger King,"Kings Mall, Swarn Jayanti Park, Sector 10, Rohini, Delhi, 110085","Swarn Jayanti Park, Sector 10, Rohini",NCR,28.716514,77.1137445,4.3,,Rohini Sec-7 (02/0008),1160,"Google Maps search (public listing), 2026-10-10",ChIJf-bBrroBDTkRuhNTpXiZKEM
Burger King,Burger King,"Ground Floor, Eldeco Station Mall, SN E45 to 49, Sector 12, Faridabad, Haryana 121007",Sector 12,NCR,28.3867966,77.3140027,4.4,,Sec 15 Faridabad (02/0007),1196,"Google Maps search (public listing), 2026-10-10",ChIJ1WVlWPXdDDkRamO5CLDj4jE
Burger King,Burger King,"Shop No 06 2nd Flr, Pacific Mall, near Metro Station, Krishna Nagar, Bata Chowk, Sector 20B, Faridabad, Haryana 121007","Krishna Nagar, Bata Chowk",NCR,28.3873286,77.31205179999999,4.6,,Sec 15 Faridabad (02/0007),1291,"Google Maps search (public listing), 2026-10-10",ChIJl-sg6WzdDDkRaYCImd6h5fo
Burger King,Burger King,"Unit No OA 1, Epicura Food Court, Metro Station, Astha Kunj Rd, Nehru Place, New Delhi, Delhi 110019",Nehru Place,NCR,28.5513003,77.25169939999999,4.4,,Kalkaji (02/0004),1297,"Google Maps search (public listing), 2026-10-10",ChIJuTo1V8_jDDkRid3OkqJr-qA
Burger King,Burger King,"3rd Flr, Unity One Elegante Mall, MRTS Station, T/008, opposite Wazirpur District Centre, Netaji Subhash Place, Pitampura, New Delhi, Delhi, 110034","Netaji Subhash Place, Pitampura",NCR,28.6956027,77.1526949,4.8,,Shalimar Bagh (02/0015),1453,"Google Maps search (public listing), 2026-10-10",ChIJ_ed_tssDDTkR0dqLoROLGJI
Burger King,Burger King,"Unit No C135, Amaltash Marg, C Block, Sector 2, Noida, Uttar Pradesh 201301","C Block, Sector 2",NCR,28.583048,77.31370299999999,,,Sec 18 Noida (02/0001),1508,"Google Maps search (public listing), 2026-10-10",ChIJD7YDSszlDDkRHrmF3YtKKNI
Burger King,Burger King,"Unit No A003, K Rasa Centrade, Plot No 1, Sector 140, Noida, Uttar Pradesh 201304",Sector 140,NCR,28.5141135,77.4184409,4.5,,Sec 143 Noida (02/0006),1530,"Google Maps search (public listing), 2026-10-10",ChIJfYm86t_pDDkRsoK6or6M0OI
Burger King,Burger King,"No FCC/06, Food Court, DMRC Phase 2, Pacific Mall Rd, Netaji Subhash Place, Pitampura, New Delhi, Delhi, 110034","Netaji Subhash Place, Pitampura",NCR,28.6942928,77.15260119999999,4.2,,Shalimar Bagh (02/0015),1536,"Google Maps search (public listing), 2026-10-10",ChIJ-eJOETMCDTkRB3QPFCtx4Ds
Burger King,Burger King,"Unit No 02, Ground & 1st Floor, Metro Station, near Shaheen Bagh, Block F, Jamia Nagar, Jasola Vihar, New Delhi, Delhi 110025","Block F, Jamia Nagar, Jasola Vihar",NCR,28.5418292,77.2992629,4.5,,"Pacific mall, Jasola (02/0011)",1650,"Google Maps search (public listing), 2026-10-10",ChIJA2_6RjjlDDkRC8BGfkFx_qc
Burger King,Burger King,"Shop No 105, Mall Rd, Kingsway Camp, GTB Nagar, New Delhi, Delhi, 110033","Kingsway Camp, GTB Nagar",NCR,28.6986385,77.20563829999999,4.9,,Model Town (02/0013),1716,"Google Maps search (public listing), 2026-10-10",ChIJD_IVTt39DDkRucStSGr4G3Q
Burger King,Burger King,"No A17, Upper Ground Floor, Indira Nagar, GT Karnal Rd, Block A, Adarsh Nagar, New Delhi, Delhi 110033","Indira Nagar, Block A, Adarsh Nagar",NCR,28.7166977,77.1708003,4.7,,Shalimar Bagh (02/0015),1718,"Google Maps search (public listing), 2026-10-10",ChIJu5PpOJgBDTkR-l0apJiIT40
Burger King,Burger King,"Ground Floor, SCF Site No 87 & 88, DLF Colony, Sector 14, Gurugram, Haryana 122007","DLF Colony, Sector 14",NCR,28.473593,77.047697,4.7,,Gurgaon Sec-15 (02/0010),1724,"Google Maps search (public listing), 2026-10-10",ChIJt_e40qEZDTkRtkElp5Vrrwc
Burger King,Burger King,"Unit No CS24, DLF City Centre, Maruti Housing Col, CS24, Mehrauli-Gurgaon Rd, Sector 28, Maruti Housing Colony, Gurugram, Sarhol, Haryana 122009","Sector 28, Maruti Housing Colony",NCR,28.4789989,77.08050329999999,4.3,,Gurgaon DLF (02/0009),1733,"Google Maps search (public listing), 2026-10-10",ChIJUYwMGiIZDTkRBYPSZE_Dk7A
Burger King,Burger King,"Shop No.B, Ground Floor Botanical Garden Metro, Dadri Main Rd, B Block, Sector 2, Noida, Uttar Pradesh 201301","B Block, Sector 2",NCR,28.5851034,77.31286949999999,4.6,3104.0,Sec 18 Noida (02/0001),1741,"Google Maps search (public listing), 2026-10-10",ChIJXe2dLvnvDDkREdt4C7zSfVE
Burger King,Burger King,"Adventure Island, Metro Walk Rammurti Passi Marg Sector 10, Rohini, near Rithala, Metro, New Delhi, Delhi 110085","Swarn Jayanti Park, Sector 10, Metro",NCR,28.7245964,77.1130969,4.6,,Rohini Sec-7 (02/0008),1909,"Google Maps search (public listing), 2026-10-10",ChIJ7YXfpPYBDTkRMesoReoZJTw
Burger King,Burger King,"Ground & 1st Floor, SBI, Plot No 4, Outer Ring Rd, State Bank Nagar, Paschim Vihar, New Delhi, Delhi, 110063","State Bank Nagar, Paschim Vihar",NCR,28.6608015,77.091841,4.5,2056.0,Paschim Vihar (02/0003),1915,"Google Maps search (public listing), 2026-10-10",ChIJH83nYs0FDTkRcoxpfcihdx4
Burger King,Burger King,"Shop No 1, Gr Flr, Food Court Okhla Bird Sanctuary, Sector 94, Noida, Uttar Pradesh 201313",Sector 94,NCR,28.5527999,77.32160809999999,4.5,,Sec 18 Noida (02/0001),2159,"Google Maps search (public listing), 2026-10-10",ChIJq6qqqlbkDDkRrQk2hcdhbHM
Burger King,Burger King,"Gr Flr, Huda City Centre, Metro Stn, SN 2, Sector 29, Gurugram, Haryana 122009",Sector 29,NCR,28.4586884,77.0720923,4.6,,Sec 31 - Gurgaon (02/0016),2237,"Google Maps search (public listing), 2026-10-10",ChIJ1TkoQu8YDTkR9BTi5oEpAEc
Burger King,Burger King,"No FCC4F/09, Food Court, Pacific Mall, near BK Chowk, Aravalli Golf Course, New Industrial Township, Faridabad, Haryana 121001","Aravalli Golf Course, New Industrial Township",NCR,28.3867236,77.2991326,4.8,,Sec 15 Faridabad (02/0007),2421,"Google Maps search (public listing), 2026-10-10",ChIJJ3UiiFPdDDkRUELnl7TfMjE
Burger King,Burger King,"PP City Centre, Plot No 3, Rd Number 44, Saint Nagar Delhi, Rani Bagh, Pitampura, New Delhi, Delhi, 110034","Saint Nagar Delhi, Rani Bagh, Pitampura",NCR,28.6894005,77.1346106,4.7,,Rohini Sec-7 (02/0008),2532,"Google Maps search (public listing), 2026-10-10",ChIJgcA--Q4DDTkRjw1HITfVtts
Burger King,Burger King,"Ground floor, Amolik Plaza, Sco No. 18, near DPS Chowk, Sector 81, Faridabad, Haryana 121007",Sector 81,NCR,28.389922,77.3496019,4.4,,Sec 15 Faridabad (02/0007),2747,"Google Maps search (public listing), 2026-10-10",ChIJjx43AhfdDDkRiKDGnuNVRzU
Burger King,Burger King,"Unit No 16, Central Market, Vashisht Kumar Gulla Marg, West Punjabi Bagh, Punjabi Bagh, New Delhi, Delhi, 110026","West Punjabi Bagh, Punjabi Bagh",NCR,28.6705018,77.13259939999999,4.6,1979.0,Paschim Vihar (02/0003),2832,"Google Maps search (public listing), 2026-10-10",ChIJB5k-XL0DDTkRWxIqQv2Qoms
Burger King,Burger King,"Unit No 2, 1st Flr, Dreamz Mall, Old Railway Rd, Urban Estate, Sector 4, Gurugram, Haryana 122001","Urban Estate, Sector 4",NCR,28.4729493,77.017714,4.1,950.0,Gurgaon Sec-15 (02/0010),3026,"Google Maps search (public listing), 2026-10-10",ChIJ6dbQFO4ZDTkRWy-0bex0wQg
Burger King,Burger King,"Food Court, Logix City Centre, Plot No, BW/58, Sector 32, Noida, Uttar Pradesh 201307","Wave City Center, Sector 32",NCR,28.5743497,77.35425149999999,4.4,2783.0,Sec 18 Noida (02/0001),3068,"Google Maps search (public listing), 2026-10-10",ChIJ90QN7srlDDkRGwHybXN8SZw
Burger King,Burger King,"No 13/29 & 13/30, Ajmal Khan Rd, Block 13, WEA, Karol Bagh, New Delhi, Delhi, 110005","Block 13, WEA, Karol Bagh",NCR,28.6487009,77.1906965,4.3,10426.0,Connaught place (02/0012),3070,"Google Maps search (public listing), 2026-10-10",ChIJscoQkJ4CDTkRAFPD_HwSBaY
Burger King,Burger King,"2nd Flr, Omaxe Chowk Mall, Food court, Shop No, FC 18, Chandni Chowk, New Delhi, Delhi 110006","Old Delhi, Kaccha Bagh Area, Chandni Chowk",NCR,28.6574547,77.230881,4.7,405.0,Connaught place (02/0012),3113,"Google Maps search (public listing), 2026-10-10",ChIJtQ6z1XL9DDkRCSEiQOu6fKg
Burger King,Burger King,"Unit No 9, 1st Floor, Ardee Mall, Ardee City, Sector 52, Gurugram, Haryana 122003","Ardee City, Sector 52",NCR,28.4451466,77.0807682,4.5,,Sec 31 - Gurgaon (02/0016),3117,"Google Maps search (public listing), 2026-10-10",ChIJsTdPMF8ZDTkRxNI8s62zrDc
Burger King,Burger King,"05, Kiosk, Block A 4, Shop No, FC, near Metro Station, Inderlok, New Delhi, Delhi 110035",Inderlok,NCR,28.6732045,77.17025799999999,4.8,1149.0,Shalimar Bagh (02/0015),3221,"Google Maps search (public listing), 2026-10-10",ChIJcZCgFFsCDTkRZQAZ3I0sU2I
Burger King,Burger King,"No 38, U.A, Bungalow Rd, Block UA, Jawahar Nagar, Kamla Nagar, New Delhi, Delhi, 110007","Block UA, Jawahar Nagar, Kamla Nagar",NCR,28.6806265,77.207933,4.6,1055.0,Model Town (02/0013),3307,"Google Maps search (public listing), 2026-10-10",ChIJhflIPAf9DDkREkmxQCG3lhI
Burger King,Burger King,"J, 1/162, Najafgarh Rd, Block J, Rajouri Garden, New Delhi, Delhi, 110027","Block J, Rajouri Garden",NCR,28.6480996,77.1212022,4.8,5342.0,Paschim Vihar (02/0003),3375,"Google Maps search (public listing), 2026-10-10",ChIJrcj74BADDTkRaxwhSRBpLpA
Burger King,Burger King,"Ground to, 2nd Floor, Shop No, I/1, Lajpat Nagar II, Defence Colony, New Delhi, Delhi 110024","Block I, Lajpat Nagar II, Defence Colony",NCR,28.569094,77.2438116,4.2,,Kalkaji (02/0004),3419,"Google Maps search (public listing), 2026-10-10",ChIJExi2ca3jDDkR7B0mt31oARo
Burger King,Burger King,"FCC04, 2nd Flr, Food Court, Pacific Mall, Najafgarh Rd, near Harbhajan Singh Chandela Marg, Tagore Garden, Tilak Nagar, New Delhi, Delhi, 110018","Tagore Garden, Tilak Nagar",NCR,28.6429015,77.1065005,4.2,5156.0,Paschim Vihar (02/0003),3510,"Google Maps search (public listing), 2026-10-10",ChIJtV3sxmMDDTkR76Eb6-ANdd4
Burger King,Burger King,"Unit No FC 03, Gulshanone 29 Mall, Plot No C3/01, Sector 129, Noida, Uttar Pradesh 201304",Sector 129,NCR,28.5082203,77.3867786,4.7,,Sec 143 Noida (02/0006),3565,"Google Maps search (public listing), 2026-10-10",ChIJZ3A5XjDpDDkRiLzKp2c0We0
Burger King,Burger King,"Unit No 7 to 10 & 38 to 41, Ground Floor Sawasdee 18, near Sawasdee Complex, Block E, Sector 18, Rohini, New Delhi, Delhi 110089","Block E, Sector 18, Rohini",NCR,28.7397998,77.1352409,4.7,,Rohini Sec-7 (02/0008),3574,"Google Maps search (public listing), 2026-10-10",ChIJf8LWN3YBDTkR7ct81kskYbk
Burger King,Burger King,"Element Mall, Park Hospital Rd, Sector 47 & 49, Sector 49, Gurugram, Fatehpur, Haryana 122018","Sector 47 & 49, Sector 49",NCR,28.4206842,77.0514991,4.2,,Sec 31 - Gurgaon (02/0016),3591,"Google Maps search (public listing), 2026-10-10",ChIJCSWOK4IiDTkRWLd8ZK0hZKs
Burger King,Burger King,"2, GF, North Side, Kh No 3045, Old Railway Rd, Kheri, Laxman Vihar Phase 2, Sector 5, Gurugram, Haryana 122006","Kheri, Laxman Vihar Phase 2, Sector 5",NCR,28.4794965,77.0153,4.2,182.0,Gurgaon Sec-15 (02/0010),3646,"Google Maps search (public listing), 2026-10-10",ChIJe96rtmsZDTkR6JT2XGezz00
Burger King,Burger King,"Unit No 1, Pink Line 7, inside Lajpat Nagar Metro Station, Block A, Lajpat Nagar III, Lajpat Nagar, New Delhi, Delhi 110024","Block A, Lajpat Nagar III, Lajpat Nagar",NCR,28.5698669,77.2376888,4.7,,Kalkaji (02/0004),3760,"Google Maps search (public listing), 2026-10-10",ChIJlwaFvevjDDkRUHdx5X0cT20
Burger King,Burger King,"Shop No 1, Metro Station, Uttam Singh Narula Marg, near Rajendra Place, Rajinder Nagar, New Delhi, Delhi 110060",Rajinder Nagar,NCR,28.642807,77.178451,4.0,145.0,Connaught place (02/0012),3859,"Google Maps search (public listing), 2026-10-10",ChIJzz0o_ukDDTkR_SDmPsXs-4Y
Burger King,Burger King,"S01, 2nd Floor, Select Citywalk Mall, No 16, New Delhi, Delhi 110017","Saket District Centre, District Centre, Sector 6, Pushp Vihar",NCR,28.5286699,77.219866,4.6,957.0,Kalkaji (02/0004),3862,"Google Maps search (public listing), 2026-10-10",ChIJNyETbiThDDkRbCpi1EMgdl4
Burger King,Burger King,"Shop No 5, Ground Floor, near Metro Station-Chandni Chowk, Inter State Bus Terminal, Kashmere Gate, New Delhi, Delhi, 110006","Inter State Bus Terminal, Kashmere Gate",NCR,28.6671713,77.2286006,4.6,,Connaught place (02/0012),4031,"Google Maps search (public listing), 2026-10-10",ChIJNfG3qTr9DDkR8cC7HJZ8whs
Burger King,Burger King,"No R2, G01, 02 & 03, M3M Atrium Sushant Lok 3, Block H, Sector 57, Gurugram, Haryana 122011","Block H, Sector 57",NCR,28.4238421,77.0750731,4.3,,Sec 31 - Gurgaon (02/0016),4052,"Google Maps search (public listing), 2026-10-10",ChIJMbgb-JQjDTkREMhnXrrQk4w
Burger King,Burger King,"Ground Floor, A 27, Devli Rd, opposite First Cry, Pocket B, Duggal Colony, Khanpur, New Delhi, Delhi 110080","Pocket B, Duggal Colony, Khanpur",NCR,28.5106709,77.2326594,5.0,105.0,Kalkaji (02/0004),4091,"Google Maps search (public listing), 2026-10-10",ChIJYxcyzgyzDTkRzsuFZOQoMTE
Burger King,Burger King,"31/4A, double story, No 31/4, Najafgarh Rd, Ashok Nagar, New Delhi, Delhi, 110018",Ashok Nagar,NCR,28.63659,77.0973028,4.6,2591.0,Paschim Vihar (02/0003),4252,"Google Maps search (public listing), 2026-10-10",ChIJGwYme7IDDTkRBj_lujgSEF0
Burger King,Burger King,"Shop No 01, 2nd Floor, City Life Mall, Main, Mathura Rd, near Metro Pillar No 619, Rajendra Colony, Sector 28, Faridabad, Haryana 121008","Rajendra Colony, Sector 28",NCR,28.4345749,77.30981969999999,4.9,,Sec 15 Faridabad (02/0007),4575,"Google Maps search (public listing), 2026-10-10",ChIJFaqoySbbDDkRCKJNqfhbdgk
Burger King,Burger King,"Ground Floor, Chand Cinema Building, near Miraj Cinema, Mayur Vihar Phase I, Phase 1, Trilokpuri, New Delhi, Delhi, 110091","Mayur Vihar Phase I, Phase 1, Trilokpuri",NCR,28.6129571,77.3125441,4.6,533.0,Sec 18 Noida (02/0001),4646,"Google Maps search (public listing), 2026-10-10",ChIJbVKU0I3lDDkRlkbGBqqHJQs
Burger King,Burger King,"Shop No 10, Metro Station Kirti Nagar, Patel Rd, Block 1, Kirti Nagar Industrial Area, Kirti Nagar, New Delhi, Delhi, 110015","Block 1, Kirti Nagar Industrial Area, Kirti Nagar",NCR,28.6564989,77.1496478,4.6,4799.0,Paschim Vihar (02/0003),4886,"Google Maps search (public listing), 2026-10-10",ChIJsdUfzOYDDTkROs6avH9mnvc
Burger King,Burger King,"Devika vibe, Lotus Panache, Sector 110, Noida, Uttar Pradesh 201304","Lotus Panache, Sector 110",NCR,28.5303095,77.3842322,4.6,,Sec 143 Noida (02/0006),4960,"Google Maps search (public listing), 2026-10-10",ChIJXQq8QgDpDDkRrkFRTAGrVlE
Burger King,Burger King,"DMRC Metro Stn, Food Counter 1, Margenta Line, Panchsheel Marg, Hauz Khas, New Delhi, Delhi 110016","Block 1, Hauz Khas",NCR,28.5434383,77.2057701,4.6,,Kalkaji (02/0004),5014,"Google Maps search (public listing), 2026-10-10",ChIJSeSS-KvjDDkRYkNsj1lZmg0
Burger King,Burger king,"&3, A93/3, A Block, Sector 58, Noida, Uttar Pradesh 201309","A Block, Sector 58",NCR,28.6043938,77.36009779999999,1.0,1.0,Sec 18 Noida (02/0001),5099,"Google Maps search (public listing), 2026-10-10",ChIJySGALADlDDkRV9l2kiq5AUY
Burger King,Burger King,"GF and FF, Commercial Plotted Colony, Sco No 1/2, Choma, Block B, Sector 2, Palam Vihar, Gurugram, Haryana 122017","Choma, Block B, Sector 2, Palam Vihar",NCR,28.5035298,77.03140239999999,4.7,35.0,Gurgaon Sec-15 (02/0010),5159,"Google Maps search (public listing), 2026-10-10",ChIJnZF5EpUZDTkRpmPBVmUMmWY
Burger King,Burger King,"Plot No 31 & 32, Community Center, Ashok Vihar, Saket, New Delhi, Delhi 110017","Ashok Vihar, Saket",NCR,28.5230967,77.2077394,4.3,7166.0,Kalkaji (02/0004),5191,"Google Maps search (public listing), 2026-10-10",ChIJ1WlY7_ThDDkRVecr0AtvDlo
Burger King,Burger King,"Janakpuri District Centre Metro Station Janakpuri West, Metro Station Janakpuri West, Line Interchange, near Blue & Magenta, DMRC, Janakpuri, New Delhi, Delhi, 110058","DMRC, Janakpuri",NCR,28.6292005,77.07773689999999,4.7,1352.0,Paschim Vihar (02/0003),5636,"Google Maps search (public listing), 2026-10-10",ChIJR1wj6UYFDTkR8Y7ohItnZ70
Burger King,Burger King,"Ground Floor, SP4G & SP5G, Metro Station, Shop No, Patel Rd, near Shadipur, New Delhi, Delhi 110008","DTC Colony, Shadipur",NCR,28.6514991,77.1581008,4.7,2796.0,Shalimar Bagh (02/0015),5654,"Google Maps search (public listing), 2026-10-10",ChIJ28t0y6IDDTkRpbbBAChN4YM
Burger King,Burger King,"Unit No 5, GF, Unity One Mall, West Metro Station, Orchard Road, near Janak Puri, Narang Colony, Chander Nagar, Janakpuri, New Delhi, Delhi, 110058","Narang Colony, Chander Nagar, Janakpuri",NCR,28.6284843,77.07609939999999,4.3,5411.0,Paschim Vihar (02/0003),5780,"Google Maps search (public listing), 2026-10-10",ChIJ8Yr5IcEEDTkR8Afy85Ak4do
Burger King,Burger king,"J8FV+4MG, Mangal Bazar Rd, Indira Vihar, Khora Colony, Sector 62A, Noida, Uttar Pradesh 201020","Indira Vihar, Khora Colony, Sector 62A",NCR,28.6228122,77.3441905,,,Sec 18 Noida (02/0001),6000,"Google Maps search (public listing), 2026-10-10",ChIJvzUaSwDlDDkR0bLmTWMTOVw
Burger King,Burger King,"LGF & UGF, Maitra Cplx, 442, LG1/1 & LG1, opposite Conscient One, Sector 109, Gurugram, Haryana 122006",Sector 109,NCR,28.5038134,77.00502999999999,4.7,,Gurgaon Sec-15 (02/0010),6315,"Google Maps search (public listing), 2026-10-10",ChIJaV3PlVUZDTkR2nfcvmh4Azw
Burger King,Burger King,"G233+GW2, Sector 106, Gurugram, Pawala Khasrupur, Haryana 122006",Sector 106,NCR,28.5038189,77.0049997,3.9,,Gurgaon Sec-15 (02/0010),6317,"Google Maps search (public listing), 2026-10-10",ChIJ1-12IQAXDTkR8EuArC_MyPc
Burger King,Burger King,"G/32 Ground Floor Parsvnath Mall, New Delhi, Delhi 110092",Pandav Nagar,NCR,28.6183892,77.27921649999999,4.2,,Connaught place (02/0012),6346,"Google Maps search (public listing), 2026-10-10",ChIJT6bbjY79DDkRRS6Gak6-J24
Burger King,Burger King,"No G/27, 43, 44 & 22, Parshavnath Mall, Akshardham Metro Station, Pandav Nagar, New Delhi, Delhi, 110092",Pandav Nagar,NCR,28.6184824,77.2792499,4.6,,Connaught place (02/0012),6347,"Google Maps search (public listing), 2026-10-10",ChIJBTR409fjDDkRLMNY4gnMxvg
Burger King,Burger King,"3 & 4, Shop No UGF/2, 3 & 4 & FF/2, Main Rd, Sector 74, Noida, Uttar Pradesh 201316","Supertech Capetown, Sector 74",NCR,28.5722837,77.38829059999999,4.6,,Sec 18 Noida (02/0001),6382,"Google Maps search (public listing), 2026-10-10",ChIJk2MY8rrvDDkRnHs1xvBu7bM
Burger King,Burger King,"Unit No 2, World Mark Tower 3, Food Court, Maidawas Rd, Sector 65, Gurugram, Haryana 122101",Sector 65,NCR,28.3980553,77.072225,4.8,,Sec 31 - Gurgaon (02/0016),6475,"Google Maps search (public listing), 2026-10-10",ChIJnf_82pUjDTkR3SpEt8d3rXQ
Burger King,The Burger King,"Shop No 34, Main Mkt, Amrit Vihar, Indraprasth Colony, Burari, Delhi, New Delhi, Delhi 110084","Amrit Vihar, Indraprasth Colony, Burari",NCR,28.7643219,77.1831125,1.0,,Model Town (02/0013),6528,"Google Maps search (public listing), 2026-10-10",ChIJJ5eWaQ0BDTkRyZ0vU5_2Krc
Burger King,Burger King,"Shop No 102, 1st Floor, DLF South Square Mall, Lane H, Block G, Sarojini Nagar, New Delhi, Delhi 110023","Block G, Sarojini Nagar",NCR,28.5763048,77.19483269999999,4.3,4852.0,Connaught place (02/0012),6597,"Google Maps search (public listing), 2026-10-10",ChIJnWlWGYDiDDkR85d6U0G1eFk
Burger King,Burger King,"A/2, Block B, Milap Nagar, Uttam Nagar, New Delhi, Delhi, 110059","Block B, Milap Nagar, Uttam Nagar",NCR,28.6238031,77.06472339999999,4.5,1782.0,Paschim Vihar (02/0003),6801,"Google Maps search (public listing), 2026-10-10",ChIJE25xBsgFDTkRzpzyv1l5ThU
Burger King,Burger King,"3rd Floor, Vista Square Mall, No T/015, Sector 82A, Gurugram, Haryana 122012",Sector 82A,NCR,28.3870914,76.9713484,3.7,,Gurgaon Sec 10 (02/0014),6831,"Google Maps search (public listing), 2026-10-10",ChIJYVWDUiY9DTkR-POquDnB5Ow
Burger King,Burger King,"Ground Floor, Shop No 1 K/59, Mahipalpur, New Delhi, Delhi 110037","Mahipalpur Extension, Mahipalpur",NCR,28.5435167,77.1285746,4.3,337.0,Gurgaon DLF (02/0009),6872,"Google Maps search (public listing), 2026-10-10",ChIJN97JSq8dDTkR9XdZEQaAhcw
Burger King,Burger King,"GF, V3S MALL, No G46A, 46B, 46C & 46D, Plot No 10, Laxmi Nagar, New Delhi, Delhi 110092",Laxmi Nagar,NCR,28.6373389,77.2866335,4.5,,Connaught place (02/0012),6891,"Google Maps search (public listing), 2026-10-10",ChIJGWbg8wThDDkRLr8lA11IOp0
Burger King,Burger King,"Ground Floor, Metro Station Dhaula Kuan, Food Court Counter, 1, Golden Quadrilateral, New Delhi, Delhi 110010","Dhaula Kuan Enclave I, Dhaula Kuan",NCR,28.5922269,77.1615449,4.6,1537.0,Connaught place (02/0012),6974,"Google Maps search (public listing), 2026-10-10",ChIJqcVwDBcdDTkRsnrUd1l3HKA
Burger King,BURGER KING,"Indira Gandhi Int'l Airport, Terminal 3, New Delhi, Delhi, 110037",,NCR,28.5531492,77.08414309999999,4.2,146.0,Gurgaon DLF (02/0009),7019,"Google Maps search (public listing), 2026-10-10",ChIJVSNVA34bDTkRCxY0m1XWbzg
Burger King,Burger King,"1st Floor, Orris Market, No 35 to 41, Gr Flr, 31 to 35, Sector 89, Gurugram, Haryana 122505",Sector 89,NCR,28.4224297,76.9372226,3.5,,Gurgaon Sec 10 (02/0014),7082,"Google Maps search (public listing), 2026-10-10",ChIJGXUThIUXDTkRVQrF_i5G434
Burger King,Burger King,"Kiosk 1, Janak Cinema Complex, Food Court, C Block Janakpuri Rd, RWA Colony, Janakpuri, New Delhi, Delhi, 110058","RWA Colony, Janakpuri",NCR,28.6110998,77.0937014,4.6,1819.0,Paschim Vihar (02/0003),7107,"Google Maps search (public listing), 2026-10-10",ChIJEWro11IbDTkRJOIMuwjn2Ls
Burger King,Burger King,"3rd Floor, Felix Plaza, Unit No FS/10, Shikohpur, Sector 82A, Gurugram, Haryana 122012","Shikohpur, Sector 82A",NCR,28.3833221,76.9663266,4.1,,Gurgaon Sec 10 (02/0014),7445,"Google Maps search (public listing), 2026-10-10",ChIJMTR_Auw9DTkRjcd0iD_WNBA
Burger King,Burger King,"2nd Flr, Pacific D21 Mall, Food Court, No FCC, 2F/13, Sector 22 Dwarka, New Delhi, Delhi 110077","Sector 22 Dwarka, Dwarka",NCR,28.5516032,77.0577936,4.9,1185.0,Gurgaon DLF (02/0009),7599,"Google Maps search (public listing), 2026-10-10",ChIJ0dhl0uAbDTkRU1MxwSTiwC8
Burger King,Burger King,"Shop No 12, 2nd Floor, AIRIA MALL, 80 Meter Rd, Sector 68, Gurugram, Haryana 122101",Sector 68,NCR,28.3831952,77.0529037,4.6,,Gurgaon Sec 10 (02/0014),7759,"Google Maps search (public listing), 2026-10-10",ChIJR-cU-NMjDTkRBMZryUvdzPM
Burger King,Burger King,"Gr & 1st Flr, Gamma Shopping Mall, PN S/008, Surajpur - Kasna Rd, Amritpuram, Block E, Chandila, Gamma 1, Greater Noida, Uttar Pradesh 201310","Amritpuram, Block E, Chandila, Gamma 1",NCR,28.4813127,77.49880279999999,4.4,,Sec 143 Noida (02/0006),7787,"Google Maps search (public listing), 2026-10-10",ChIJQb-k6WvrDDkRH4RPJLsVVVs
Burger King,Burger King,"2nd Floor, Crown Interiorz Mall, S No SF7, Chennai - Delhi Hwy, Ashoka Enclave 3, Subash Nagar, Sector 35, Faridabad, Haryana 121003","Ashoka Enclave 3, Subash Nagar, Sector 35",NCR,28.4700093,77.30742479999999,4.2,,"Pacific mall, Jasola (02/0011)",7892,"Google Maps search (public listing), 2026-10-10",ChIJP-iiRUDnDDkRgVunCbNEE-s
Burger King,Burger King,"Ground Floor, Plot No H 14/1A, H Block, Sector 63, Noida, Uttar Pradesh 201309","H Block, Sector 63",NCR,28.6283098,77.3756926,4.3,2050.0,Sec 18 Noida (02/0001),8092,"Google Maps search (public listing), 2026-10-10",ChIJlaeYagjlDDkRdQioinEG5as
Burger King,Burger King,"Counter FC 06, Mahagun Metro Mall, Food Court, Gautam Palvi Rd, Sector 3F, Sector 3, Vaishali, Ghaziabad, Uttar Pradesh 201019","Sector 3F, Sector 3, Vaishali",NCR,28.6446955,77.3354805,4.4,1634.0,Sec 18 Noida (02/0001),8156,"Google Maps search (public listing), 2026-10-10",ChIJaydxddf6DDkR0kqMknh9Bx8
Burger King,Burger King,"Chattar Pur Enclave, A366, Phase 1, Chhatarpur Enclave Phase 2, Chattarpur Enclave, Chhatarpur, New Delhi, Delhi 110074","Phase 1, Chhatarpur Enclave Phase 2, Chattarpur Enclave, Chhatarpur",NCR,28.5006545,77.1858306,1.0,2.0,Kalkaji (02/0004),8251,"Google Maps search (public listing), 2026-10-10",ChIJS9OCAAAfDTkRikDfR2VJU1Y
Burger King,Burger King,"Shipra Mall, Unit No FC 04, 3rd Floor, Plot No 9, Vaibhav Khand, Indirapuram, Ghaziabad, Uttar Pradesh 201014","Vaibhav Khand, Indirapuram",NCR,28.6341418,77.3695279,4.2,4392.0,Sec 18 Noida (02/0001),8256,"Google Maps search (public listing), 2026-10-10",ChIJC29HSVLlDDkR40dh6ugs7mk
Burger King,Burger King,"FCC05, 2nd Flr, Pacific Mall, Food Court, Plot Alpha, Sahibabad Industrial Area Site 4, Kaushambi, Ghaziabad, Uttar Pradesh 201010","Plot Alpha, Sahibabad Industrial Area Site 4, Kaushambi",NCR,28.6463833,77.3196379,4.7,851.0,Sec 18 Noida (02/0001),8257,"Google Maps search (public listing), 2026-10-10",ChIJ-cSI_Ff7DDkRWu2RrMW_Ucg
Burger King,Burger King,"1st Floor, Metro Station Chhattarpur, Shop No 01, Kiosk 1, near DMRC, Chhatarpur, New Delhi, Delhi 110074","Andheria Mor Village, Chhatarpur",NCR,28.5069998,77.1755002,4.5,2021.0,Gurgaon DLF (02/0009),8315,"Google Maps search (public listing), 2026-10-10",ChIJIQ8dZA4fDTkRT8k5RtHn8q0
Burger King,Burger King,"3rd Flr, Ambience Mall, Stall No, 9 & 10, Vasant Kunj, New Delhi, Delhi 110070","Ambience Island, Vasant Kunj II, Vasant Kunj",NCR,28.5413873,77.15524959999999,4.3,,Gurgaon DLF (02/0009),8345,"Google Maps search (public listing), 2026-10-10",ChIJVVUFtc4dDTkROcmSxCl-L_0
Burger King,Al Faiz The Burger King,"Mustafabad Extension, Block B, Old Mustafabad, New Mustafabad, Delhi, 110090","Mustafabad Extension, Block B, Old Mustafabad, New Mustafabad",NCR,28.7112103,77.27562619999999,,,Model Town (02/0013),8358,"Google Maps search (public listing), 2026-10-10",ChIJgdRpMAX8DDkR6XoLCNsbdbw
Burger King,Burger King,"Metro Station, Shop, Street No. 1, near Shahdara, Shahdara, New Delhi, Delhi, 110032",Shahdara,NCR,28.6745687,77.2886427,4.6,,Connaught place (02/0012),8469,"Google Maps search (public listing), 2026-10-10",ChIJrWwtgcf9DDkRMUhyJTHm574
Burger King,Burger King,"Unit No 27, GF, Aggarwal Fun City Mall, PN 29/31, Vishwas Nagar Extension, Vishwas Nagar, Shahdara, New Delhi, Delhi, 110032","Vishwas Nagar Extension, Vishwas Nagar, Shahdara",NCR,28.6608688,77.29744989999999,4.6,,Connaught place (02/0012),8527,"Google Maps search (public listing), 2026-10-10",ChIJpzxwolv7DDkR0jdrAjjfkfY
Burger King,Burger King,"Shop No 1, 1st Floor, Part B, near Mtero Station, Sector 4, Vaishali, Ghaziabad, Uttar Pradesh 201019","Sector 4, Vaishali",NCR,28.6498726,77.3397513,4.6,1021.0,Sec 18 Noida (02/0001),8794,"Google Maps search (public listing), 2026-10-10",ChIJ82P1XLv7DDkR4N9Fsnl0b-k
Burger King,Burger King,"Expo Plaza, Plot No C/03/04, near India Expo Mart Circle, Block A, Knowledge Park II, Greater Noida, Uttar Pradesh 201310","Block A, Knowledge Park II",NCR,28.4568149,77.4994194,4.8,,Sec 143 Noida (02/0006),8986,"Google Maps search (public listing), 2026-10-10",ChIJR0G4dW3BDDkRHD3M_nf6Ywc
Burger King,Burger King,"2nd Flr, Omaxe Connaught Place, Restaurant 1, Part of 2A & 3, Beta 2 Sector - Greater Noida -India 201308, Noida, Uttar Pradesh 201310","Beta 2 Sector - Greater Noida -India 201308, Block H, Beta II",NCR,28.4882652,77.51394119999999,4.3,1939.0,Sec 143 Noida (02/0006),9066,"Google Maps search (public listing), 2026-10-10",ChIJUSaJQWDqDDkRqWIKwcEjP7Q
Burger King,Burger King,"No C1/4/5, Basement & Ground Floor Najafgarh Road, Rama Park Rd, Uttam Nagar, New Delhi, Delhi 110059","Block C, Rama Park, Uttam Nagar",NCR,28.6196429,77.0341935,4.6,2073.0,Paschim Vihar (02/0003),9128,"Google Maps search (public listing), 2026-10-10",ChIJFaGiMeAFDTkRmk9OHS8diXw
Burger King,Burger King,"25, Ground Floor, Shop, Shakti Khand 4, Manoj Vihar, Indirapuram, Ghaziabad, Uttar Pradesh 201014","Shakti Khand 4, Manoj Vihar, Indirapuram",NCR,28.6471758,77.3748253,4.7,601.0,Sec 18 Noida (02/0001),9757,"Google Maps search (public listing), 2026-10-10",ChIJA_8ckJT7DDkRll_CaoHndSA
Burger King,Burger King,"1, Gr, Artha Mart, Unit No 10/1 To 15, Plot No 21, Tech Zone IV, Greater Noida, Uttar Pradesh 201318","Tech Zone IV, Amrapali Dream Valley",NCR,28.5912698,77.4369731,4.4,506.0,Sec 143 Noida (02/0006),10166,"Google Maps search (public listing), 2026-10-10",ChIJaSp3eqnpDDkRnK6iDE7w1vs
Burger King,Burger King,"Jaypee Greens Rd, Block B, Jaypee Greens, Brahmpur Rajraula Urf Nawada, Greater Noida, Uttar Pradesh 201315","Block B, Jaypee Greens",NCR,28.4780412,77.5267961,4.5,,Sec 143 Noida (02/0006),10524,"Google Maps search (public listing), 2026-10-10",ChIJ8w6t3KrrDDkRAaUZknr3E34
Burger King,Burger King,"3rd Floor, Vegas Mall, T 316, Pocket 1, Sector 14 Dwarka, Dwarka, New Delhi, Delhi, 110078","Pocket 1, Sector 14 Dwarka, Dwarka",NCR,28.6012316,77.03040399999999,4.7,2896.0,Paschim Vihar (02/0003),10845,"Google Maps search (public listing), 2026-10-10",ChIJwf37BIYbDTkRd-SU4NxITgg
Burger King,Burger King,"City Centre, Metro Station, opposite Sector 12, Pocket 7, Sector 12 Dwarka, Dwarka, New Delhi, Delhi, 110078","Pocket 7, Sector 12 Dwarka, Dwarka",NCR,28.5926284,77.04148719999999,4.4,3555.0,Paschim Vihar (02/0003),10943,"Google Maps search (public listing), 2026-10-10",ChIJCXZGssUaDTkRi4nP9PLU6X8
Burger King,Burger King,"103, Gr & 1st Flr, LSC 2, 1A, 1, 2, 3, 101, 102, Plot No A, Sector 10 Dwarka, Dwarka, New Delhi, Delhi, 110075","Sector 10 Dwarka, Dwarka",NCR,28.5837374,77.05436279999999,3.4,10.0,Gurgaon DLF (02/0009),11022,"Google Maps search (public listing), 2026-10-10",ChIJzU3MuhxDfDkR6L0J7OZsxWY
Burger King,Burger King,"Unit No 3 A, Ground Floor, Grand Trunk Rd, near Dilshad Garden Metro Station Lane, Zulfe Bengal, Dilshad Garden, New Delhi, Delhi, 110095","Zulfe Bengal, Dilshad Garden",NCR,28.6765074,77.3176124,4.3,,Connaught place (02/0012),11032,"Google Maps search (public listing), 2026-10-10",ChIJ-8uCMQb7DDkRPOR2JMOVH0I
Burger King,Burger King,"Unit No FC06, 4th Floor, Gaur City Mall, Food Court, Gaur City 1, Sector 4, Greater Noida, Ghaziabad, Uttar Pradesh 201318","Gaur City 1, Sector 4",NCR,28.6060866,77.4295811,4.3,1538.0,Sec 18 Noida (02/0001),11074,"Google Maps search (public listing), 2026-10-10",ChIJy5e0GfLrDDkRUadFuST-WAc
Burger King,Burger King,"Unit No FC9, 2nd Floor, Venice Mall, Plot No SH3, Site 4, Surajpur - Kasna Rd, Block B, Industrial Area, Surajpur Site 4, Greater Noida, Uttar Pradesh 201315","Block B, Industrial Area, Surajpur Site 4",NCR,28.4537012,77.5261003,4.3,,Sec 143 Noida (02/0006),11419,"Google Maps search (public listing), 2026-10-10",ChIJh9qb6jDADDkRFWJw0eCfzG8
Burger King,Burger King,"Unit No 3 & 4, GF, Town Central Mall, Plot No C4, Sector 16B Rd, Noida, Ghaziabad, Uttar Pradesh 201318",,NCR,28.6046106,77.4483362,4.6,1707.0,Sec 143 Noida (02/0006),11824,"Google Maps search (public listing), 2026-10-10",ChIJx71pWLrvDDkRZmz-MdQsVPg
Burger King,Burger King,"Shop No 3, Sawasdee Center, Sector 2B, Vasundhara, Ghaziabad, Uttar Pradesh 201012","Sector 2B, Vasundhara",NCR,28.670151,77.378098,4.7,225.0,Sec 18 Noida (02/0001),12152,"Google Maps search (public listing), 2026-10-10",ChIJ14-UiAz7DDkRRjgaqE3glpM
Burger King,Burger King,"Ground & 1st Floor, Plot No 1, Grand Trunk Rd, Sector 5, Rajendra Nagar, Sahibabad, Ghaziabad, Uttar Pradesh 201005","Sector 5, Rajendra Nagar, Sahibabad",NCR,28.6780952,77.3588949,4.5,1644.0,Sec 18 Noida (02/0001),12289,"Google Maps search (public listing), 2026-10-10",ChIJj6eV9FB0CzkRpvzV1z0xMhk
Burger King,Burger King,"Tuda Mandi, 554, Shivaji Marg, Dharampura, Najafgarh, New Delhi, Delhi, 110043","Dharampura, Najafgarh",NCR,28.6120633,76.98910099999999,4.6,1644.0,Paschim Vihar (02/0003),13173,"Google Maps search (public listing), 2026-10-10",ChIJtYUR8_APDTkRHNYLWY6eOdU
Burger King,Burger King,"Gr & 1st Flr, City Center Mall, No 1 & 4, Loni Industrial Area, Block B, Ghaziabad, Uttar Pradesh 201007","Loni Industrial Area, Block B, Sahibabad",NCR,28.6791128,77.3819537,4.6,555.0,Sec 18 Noida (02/0001),13212,"Google Maps search (public listing), 2026-10-10",ChIJizOkZwDxDDkRKQddXtQsRpI
Burger King,D PIZZA BURGER KING,"House No 306 Gali No 16 Gagan Vihar, Bhopura, Ghaziabad, Uttar Pradesh 201006","Bhopura, Sahibabad",NCR,28.7035876,77.3281998,5.0,5.0,Model Town (02/0013),13468,"Google Maps search (public listing), 2026-10-10",ChIJya5daZD7DDkRGG_aTUroHrk
Burger King,Burger King,"SN G13, Plot No C115, Opulent Mall, Grand Trunk Rd, East Model Town, Gandhi Nagar, Nehru Nagar III, Nehru Nagar, Ghaziabad, Uttar Pradesh 201001","East Model Town, Gandhi Nagar, Nehru Nagar III, Nehru Nagar",NCR,28.6541314,77.4368356,4.7,1215.0,Sec 18 Noida (02/0001),14376,"Google Maps search (public listing), 2026-10-10",ChIJBX89Jc_xDDkRrkpvaw0OYIE
Burger King,Burger King,"Gr Flr, Corona Arcade Mall, SN 1 & 2A, Nala Rd, chhotu ram nagar, Bahadurgarh, Haryana 124507",chhotu ram nagar,NCR,28.6906998,76.9406004,4.5,1678.0,Paschim Vihar (02/0003),16034,"Google Maps search (public listing), 2026-10-10",ChIJ5Voo6I4JDTkRcZdPPwG4jys
Burger King,Burger King,"Unit No D, district centre, 31, Maharana Pratap Marg, RDC, Block 1, P & T Colony, Raj Nagar, Ghaziabad, Uttar Pradesh 201002","RDC, Block 1, P & T Colony, Raj Nagar",NCR,28.6745031,77.440345,4.3,4146.0,Sec 18 Noida (02/0001),16149,"Google Maps search (public listing), 2026-10-10",ChIJjVGJ6rvxDDkRgbwUUZTMpA8
Burger King,Burger King,"Ground Floor Kh No 1108, VVIP Style, Shop No 30/33, 30 to 33, Raj Nagar Extension, Ghaziabad, Uttar Pradesh 201003",Raj Nagar Extension,NCR,28.6970544,77.4286975,4.7,1598.0,Sec 18 Noida (02/0001),17302,"Google Maps search (public listing), 2026-10-10",ChIJzycjieLxDDkRaLtYb2cS8Ew
Burger King,Burger King,"3rd Flr, Food Court Spotlite Mall, FC1, Noor Nagar, Raj Nagar Extension, Ghaziabad, Uttar Pradesh 201003","Noor Nagar, Raj Nagar Extension",NCR,28.7047217,77.4261855,4.4,47.0,Sec 18 Noida (02/0001),17853,"Google Maps search (public listing), 2026-10-10",ChIJvR6uBZTxDDkRiFOT8hSJ8D8
Cafe Coffee Day,Café Coffee Day - Kalkaji,"E-154, Krishna Market, Kalkaji, New Delhi, Delhi 110019","Krishna Market, Kalkaji",NCR,28.5407026,77.2567633,3.8,352.0,Kalkaji (02/0004),25,"Google Maps search (public listing), 2026-10-10",ChIJ8SFZQNrjDDkRW5btxawM7lM
Cafe Coffee Day,CAFE COFFEE DAY,"B Block, Radial Road, Palika Bazar, Connaught Place, New Delhi, Delhi 110001","Palika Bazar, Connaught Place",NCR,28.631614,77.21763399999999,,,Connaught place (02/0012),174,"Google Maps search (public listing), 2026-10-10",ChIJ--KLKTb9DDkRaw62eFfOCiU
Cafe Coffee Day,Cafe Coffee day - Connaught Place,"Computer Mart, Regal Building, 12, Connaught Place, Delhi, 110001","Hanuman Road Area, Connaught Place",NCR,28.6309108,77.2170186,4.0,,Connaught place (02/0012),201,"Google Maps search (public listing), 2026-10-10",ChIJXztuxUn9DDkRCSrwCIfvapM
Cafe Coffee Day,cafe coffee day,"213, U 60 Rd, U Block, DLF Phase 3, Sector 24, Gurugram, Haryana 122010","U Block, DLF Phase 3, Sector 24",NCR,28.4895208,77.0949957,3.0,2.0,Gurgaon DLF (02/0009),263,"Google Maps search (public listing), 2026-10-10",ChIJ96bwP4kZDTkRDbEIEi89y0E
Cafe Coffee Day,CAFE COFFEE DAY,"Metro Station, 4 Toms, Inner Cir, D Block, Connaught Place, New Delhi, Delhi 110001","D Block, Connaught Place",NCR,28.6340018,77.2185729,3.3,,Connaught place (02/0012),278,"Google Maps search (public listing), 2026-10-10",ChIJ10Gb7jf9DDkRvBlgnV2taiw
Cafe Coffee Day,Cafe Coffee day,"RCK 02, Metro Station, Connaught Place, Delhi, New Delhi, Delhi 110001",Connaught Place,NCR,28.6329525,77.2191437,4.1,,Connaught place (02/0012),287,"Google Maps search (public listing), 2026-10-10",ChIJZXQXsTf9DDkR5dGj_0hJT8c
Cafe Coffee Day,CAFE COFFEE DAY,"Metro Station, 4 Toms, Block F, Connaught Place, New Delhi, Delhi 110001","Block F, Connaught Place",NCR,28.6314684,77.2194418,5.0,,Connaught place (02/0012),336,"Google Maps search (public listing), 2026-10-10",ChIJU9g85TP9DDkRyNswXU_4Vmo
Cafe Coffee Day,Cafe Coffee day - Hotel Chorus,"First Floor, Hotel Chorus, B Block, Inner Cir, Block B, Connaught Place, New Delhi, Delhi 110001","Block B, Connaught Place",NCR,28.634239,77.219442,4.2,,Connaught place (02/0012),363,"Google Maps search (public listing), 2026-10-10",ChIJAVIVEBH9DDkRy_vCAKKfqfE
Cafe Coffee Day,Cafe Coffee day - Connaught Place,"UPPER GR, B Block, B-28, Block B, Connaught Place, New Delhi, Delhi 110001","Block B, Connaught Place",NCR,28.6343394,77.2195139,4.4,,Connaught place (02/0012),375,"Google Maps search (public listing), 2026-10-10",ChIJi07pejf9DDkRWaqqddgsfDc
Cafe Coffee Day,Cafe Coffee day - Connaught Place,"C 14, First Floor, C Block, opp. Oden Cinema, Block C, Connaught Place, New Delhi, Delhi 110001","Block C, Connaught Place",NCR,28.6341728,77.2202765,4.0,,Connaught place (02/0012),432,"Google Maps search (public listing), 2026-10-10",ChIJWYZYgjf9DDkRaxLkxal74_s
Cafe Coffee Day,Cafe Coffee day - Paschim Vihar,"A3/320, Jwala Heri Market, Paschim Vihar, Paschim Vihar, Delhi, 110063","A 3 Block, Paschim Vihar",NCR,28.6700301,77.102642,4.1,1003.0,Paschim Vihar (02/0003),499,"Google Maps search (public listing), 2026-10-10",ChIJ54mSA4gDDTkR5DayjtxEomc
Cafe Coffee Day,Café Coffee Day,"Mezzanine Floor, E Block, E-11, Inner Circle, Block E, Connaught Place, New Delhi, Delhi 110001","Inner Circle, Block E, Connaught Place",NCR,28.6325524,77.2214525,,,Connaught place (02/0012),509,"Google Maps search (public listing), 2026-10-10",ChIJM2oR4Db9DDkRFe3T5U7P2Uw
Cafe Coffee Day,Cafe Coffee day - The Great India Place,"The Great India Place, Shoppers Stop, Plot No. A-2, Sector 38, Noida, Uttar Pradesh 201303",Sector 38,NCR,28.5676109,77.325722,4.2,20.0,Sec 18 Noida (02/0001),576,"Google Maps search (public listing), 2026-10-10",ChIJ74uUnUnkDDkR6V3OIIiy0Vc
Cafe Coffee Day,CAFE COFFEE DAY,"J6MC+2WQ Connaught, Inner Circle, Block M, Connaught Place, New Delhi, Delhi 110001","Inner Circle, Block M, Connaught Place",NCR,28.6325983,77.22237109999999,,,Connaught place (02/0012),599,"Google Maps search (public listing), 2026-10-10",ChIJAQAAJzf9DDkRBi9LvG7CNxc
Cafe Coffee Day,CAFE COFFEE DAY,"Tower, A, Cyber City, 14, DLF Phase 3, Gurugram, Haryana 122002","DLF Cyber City, DLF Phase 3, Sector 24",NCR,28.4954475,77.0895251,,,Gurgaon DLF (02/0009),628,"Google Maps search (public listing), 2026-10-10",ChIJE2BIpc4eDTkRGAqlroqemr0
Cafe Coffee Day,Café Coffee Day,"AM-191, Shaheed Udham Singh Marg, Block AO, Poorbi Shalimar Bag, Shalimar Bagh, New Delhi, Delhi, 110088","Block AO, Poorbi Shalimar Bag, Shalimar Bagh",NCR,28.7028379,77.15845329999999,3.8,,Shalimar Bagh (02/0015),719,"Google Maps search (public listing), 2026-10-10",ChIJbcuOKC8CDTkRJWMiqKIRoSw
Cafe Coffee Day,Cafe Coffee Day Express,"Fc-14/15, Film City, Sector 16A, Noida, Uttar Pradesh 201301","Film City, Sector 16A",NCR,28.5693233,77.3153062,,,Sec 18 Noida (02/0001),810,"Google Maps search (public listing), 2026-10-10",ChIJcy1m6RHlDDkRlS2PeiToT3w
Cafe Coffee Day,Café Coffee Day,"G7JQ+F26, Mathura Rd, inside Indraprastha Apollo Hospital, Pocket B, Sarita Vihar, New Delhi, Delhi 110076","Pocket B, Sarita Vihar",NCR,28.5311527,77.28751199999999,,,"Pacific mall, Jasola (02/0011)",846,"Google Maps search (public listing), 2026-10-10",ChIJg024uKzmDDkRzid_aVUp-o8
Cafe Coffee Day,Café Coffee Day,"Shop No. 14, DDA, H block Market, Cross, near Union Bank, Sarita Vihar, New Delhi, Delhi 110076","Pocket H, Sarita Vihar",NCR,28.5350236,77.2912865,4.0,1042.0,"Pacific mall, Jasola (02/0011)",857,"Google Maps search (public listing), 2026-10-10",ChIJb_zhxavmDDkR6UJwo19nDbs
Cafe Coffee Day,Café Coffee Day,"Ground Floor, Fortis Hospital, near Khela Godown, Poorbi Shalimar Bag, Shalimar Bagh, Delhi, 110088","Poorbi Shalimar Bag, Shalimar Bagh",NCR,28.709225,77.1703544,3.8,,Shalimar Bagh (02/0015),930,"Google Maps search (public listing), 2026-10-10",ChIJGaQRpHAeDTkRdaIiTyOTwH8
Cafe Coffee Day,cafe coffee day,"Pocket No. 9, Plot No. 23, Pocket 2, Sector 7, Rohini, Delhi, 110085","Pocket 2, Sector 7, Rohini",NCR,28.7116908,77.1131475,,,Rohini Sec-7 (02/0008),956,"Google Maps search (public listing), 2026-10-10",ChIJk1njulABDTkRL3SisJXZaEo
Cafe Coffee Day,Café Coffee Day,"No. 36 & 37, opposite CRPF Public School, Prashant Vihar, Sector 14, Rohini, Delhi, 110085","Prashant Vihar, Sector 14, Rohini",NCR,28.7108961,77.1330874,4.2,,Rohini Sec-7 (02/0008),1027,"Google Maps search (public listing), 2026-10-10",ChIJiXud6WMBDTkR3__kVs9Rn-k
Cafe Coffee Day,Cafe Coffee day,"Rapid Metro Station, Sikanderpur, Sikanderpur, Gurugram, Haryana 122002","Sikanderpur, DLF Phase 1",NCR,28.480983,77.094276,4.0,,Gurgaon DLF (02/0009),1067,"Google Maps search (public listing), 2026-10-10",ChIJi6PD3S4ZDTkRrfFyXRek_zE
Cafe Coffee Day,CAFE COFFEE DAY,"H1B, Kalkaji Rd, Block H, Kalkaji, New Delhi, Delhi 110019","Block H, Kalkaji",NCR,28.5504537,77.25954329999999,3.3,,Kalkaji (02/0004),1123,"Google Maps search (public listing), 2026-10-10",ChIJSS-Ho8PjDDkRpJ7IT4O6KI4
Cafe Coffee Day,Café Coffee Day,"Delhi House, Barakhamba Rd, Todermal Road Area, Mandi House, New Delhi, Delhi 110001","Todermal Road Area, Mandi House",NCR,28.6286384,77.2269936,,,Connaught place (02/0012),1138,"Google Maps search (public listing), 2026-10-10",ChIJ4Z5vODL9DDkR06KfiCQRE1w
Cafe Coffee Day,"Cafe Coffee day - Twin District Center,","Twin District Center, Plot No-1B3, Swarn Jayanti Park, Sector 10, Rohini, Delhi, 110085","Swarn Jayanti Park, Sector 10, Rohini",NCR,28.7169452,77.1141013,4.1,,Rohini Sec-7 (02/0008),1167,"Google Maps search (public listing), 2026-10-10",ChIJs2db_08BDTkR8rFKbBERacU
Cafe Coffee Day,CCD Cafe,"C3V4+PXR, Durga Colony, Sector 39, Gurugram, Haryana 122003","Durga Colony, Sector 39",NCR,28.4442305,77.0573206,3.8,,Sec 31 - Gurgaon (02/0016),1197,"Google Maps search (public listing), 2026-10-10",ChIJZxiQv6wZDTkRh-rTOcVoeho
Cafe Coffee Day,Cafe Coffee Day Express,"phase 5, MM Tower, plot no 8, & 9, Udyog Vihar, Sector 18, Gurugram, Shahpur, Haryana 122015","Udyog Vihar, Sector 18",NCR,28.4910778,77.0784137,,,Gurgaon DLF (02/0009),1381,"Google Maps search (public listing), 2026-10-10",ChIJ6eo-oKsZDTkR09m9UliEMFY
Cafe Coffee Day,Café Coffee Day,"PP Tower, C # 1, 2,3, Netaji Subhash Place, Pitampura, Delhi, 110034","Netaji Subhash Place, Pitampura",NCR,28.6945476,77.1537176,4.1,,Shalimar Bagh (02/0015),1430,"Google Maps search (public listing), 2026-10-10",ChIJVVWFyjMCDTkRdICmcEIJVUI
Cafe Coffee Day,Cafe Coffee day - CHANAKYA PURI,"SHOP NO.49, Bengali Market, CHANAKYA PURI, Mandi House, New Delhi, Delhi 110001","Bengali Market, CHANAKYA PURI, Mandi House",NCR,28.6290964,77.2323937,4.2,716.0,Connaught place (02/0012),1624,"Google Maps search (public listing), 2026-10-10",ChIJI0XhNiz9DDkRt_hw7mpOFJs
Cafe Coffee Day,Cafe Coffee Day Express,"Shop No-10, DISTRICT COURT, Food Court, Shaheed Sukhdev Block, Shanti Nagar, Shivaji Nagar, Sector 11, Gurugram, Haryana 122001","Shaheed Sukhdev Block, Shanti Nagar, Shivaji Nagar, Sector 11",NCR,28.449297,77.0305362,,,Gurgaon Sec-15 (02/0010),1657,"Google Maps search (public listing), 2026-10-10",ChIJAek-XAcZDTkRryXp0IWsmMQ
Cafe Coffee Day,Cafe Coffee Day Express,"E - Block, Block D, South City I, Sector 41, Gurugram, Haryana 122003","Block D, South City I, Sector 41",NCR,28.4609696,77.06672379999999,,,Sec 31 - Gurgaon (02/0016),1849,"Google Maps search (public listing), 2026-10-10",ChIJOdSTo_cZDTkRnCYWLUNpAC0
Cafe Coffee Day,Café Coffee Day,"Unitech Infopark, Noida-Greater Noida Expy, Sector 135, Noida, Uttar Pradesh 201304",Sector 135,NCR,28.502363,77.40163059999999,3.7,,Sec 143 Noida (02/0006),2024,"Google Maps search (public listing), 2026-10-10",ChIJj6a0_F_oDDkRQ3kWm5cIlHs
Cafe Coffee Day,CAFE COFFEE DAY,"Metro Station, Sikanderpur, Sector 28, Gurugram, Haryana 122002","Sector 28, Chakkarpur",NCR,28.4728323,77.0864892,,,Gurgaon DLF (02/0009),2046,"Google Maps search (public listing), 2026-10-10",ChIJbyl6odgYDTkRvyarzqoVdgc
Cafe Coffee Day,Café Coffee Day,"SHOP NO, 6, Club Rd, West Punjabi Bagh, Punjabi Bagh, Delhi, 110026","West Punjabi Bagh, Punjabi Bagh",NCR,28.6664285,77.1228577,4.2,,Paschim Vihar (02/0003),2050,"Google Maps search (public listing), 2026-10-10",ChIJ-Tvj1pgDDTkR8EkEKzqt-No
Cafe Coffee Day,Cafe Coffee Day,"G/53, Shaheen Bagh, Jamia Nagar, Okhla, New Delhi, Delhi 110025","Shaheen Bagh, Jamia Nagar, Okhla",NCR,28.5440389,77.3034761,5.0,1.0,"Pacific mall, Jasola (02/0011)",2117,"Google Maps search (public listing), 2026-10-10",ChIJB4JZRgDlDDkR6LRbeLfRc9c
Cafe Coffee Day,Cafe Coffee day - East Of Kailash,"E23, Ground Floor, Hotel Le Cadre, Block E, East of Kailash, Delhi, New Delhi, Delhi 110048","Block E, East of Kailash",NCR,28.5552275,77.2424125,4.1,377.0,Kalkaji (02/0004),2161,"Google Maps search (public listing), 2026-10-10",ChIJVZTJ7crjDDkRc9etpLqXoRU
Cafe Coffee Day,Cafe Coffee day - SCO Market,"SCO Market, opposite Vishal Mega Mart, Sector 14, Gurugram, Haryana 122007",Sector 14,NCR,28.4779302,77.0464647,4.1,486.0,Gurgaon Sec-15 (02/0010),2180,"Google Maps search (public listing), 2026-10-10",ChIJq2eYNq4ZDTkR6SW1xyvYCZ0
Cafe Coffee Day,Cafe Coffee day - Huda City Cente,"Level 2, Huda City Center, Metro Station, Gurgaon - Delhi Expy, Sector 29, Gurugram, Haryana 122009",Sector 29,NCR,28.4586044,77.0721703,4.0,160.0,Sec 31 - Gurgaon (02/0016),2242,"Google Maps search (public listing), 2026-10-10",ChIJO2LBQO8YDTkRrfI2mRI6wxY
Cafe Coffee Day,Cafe Coffee Day Express,"Metro Station, Fortis Hospital Basement, Near Emergency, Sector 44, near Huda City Centre, Pin, Gurugram, Haryana 122003",Pin,NCR,28.4572283,77.07257,,,Sec 31 - Gurgaon (02/0016),2242,"Google Maps search (public listing), 2026-10-10",ChIJEVoLvBsZDTkRuDauoYjc7lU
Cafe Coffee Day,Café Coffee Day,"Building No 26b1 & 27, A1 Del, Tughlakabad Extension, Kamlanagar, Delhi, New Delhi, Delhi 110019","Tughlakabad Extension, Kamlanagar",NCR,28.5203405,77.2564773,4.5,12.0,Kalkaji (02/0004),2254,"Google Maps search (public listing), 2026-10-10",ChIJJdMY3W7hDDkR1YXG6teDZ5g
Cafe Coffee Day,Cafe Coffee day,"SHOP NO.101,GROUND FLOOR, SPICE WORLD I, 2, Town Centre, Sector 25A, Noida, Uttar Pradesh 201307","Town Centre, Sector 25A",NCR,28.5863046,77.344689,4.0,,Sec 18 Noida (02/0001),2642,"Google Maps search (public listing), 2026-10-10",ChIJIezaqqnlDDkRpXLhwxJBmrY
Cafe Coffee Day,Cafe Coffee Day,"10, A Building, Arjun Marg, DLF Phase 3, Sector 26A, Gurugram, Haryana 122002","DLF Phase 3, Sector 26A",NCR,28.4668524,77.0989752,3.0,,Gurgaon DLF (02/0009),2699,"Google Maps search (public listing), 2026-10-10",ChIJB31Zo9MYDTkRX4Rl7WSjSFY
Cafe Coffee Day,Cafe Coffee day - New Friends Colony,"No. 14,Ground Floor, Community Center, Block A, New Friends Colony, New Delhi, Delhi 110025","Block A, New Friends Colony",NCR,28.5626948,77.2689573,4.2,1140.0,Kalkaji (02/0004),2720,"Google Maps search (public listing), 2026-10-10",ChIJWXDTfpTjDDkRGPkHW8c3qbs
Cafe Coffee Day,Cafe Coffee Day,"F3J7+PQ2, Block B, IFFCO Colony, Sector 17, Gurugram, Haryana 122015","Block B, IFFCO Colony, Sector 17",NCR,28.4817733,77.0643924,,,Gurgaon DLF (02/0009),2914,"Google Maps search (public listing), 2026-10-10",ChIJS9P9jwUZDTkRpqZAmJscdps
Cafe Coffee Day,Cafe Coffee Day,"Infospace, Sector 21, Dundahera, Gurugram, Haryana 122016",Sector 21,NCR,28.5096077,77.0717327,4.2,,Gurgaon DLF (02/0009),2943,"Google Maps search (public listing), 2026-10-10",ChIJi-UIymUZDTkRfxT33fkOrbw
Cafe Coffee Day,CAFE COFFEE DAY,"TDI Paragon Mall, Shivaji Place, Vishal Enclave, Rajouri Garden, Delhi, 110027","Shivaji Place, Vishal Enclave, Rajouri Garden",NCR,28.651865,77.12092129999999,,,Paschim Vihar (02/0003),3004,"Google Maps search (public listing), 2026-10-10",ChIJ0R0WyXMDDTkRNHovNGKzCqk
Cafe Coffee Day,Café Coffee Day,"Noida-Greater Noida Expy, Sector 125, Noida, Uttar Pradesh 201313",Sector 125,NCR,28.5463666,77.3349467,4.0,488.0,Sec 18 Noida (02/0001),3101,"Google Maps search (public listing), 2026-10-10",ChIJ8ZizktTlDDkR-W5v5PdnJQo
Cafe Coffee Day,Cafe Coffee Day Express,"HO-01, Extension, Sector 1, Bisrakh Jalalpur, Noida, Uttar Pradesh 201313","Sector 1, Bisrakh Jalalpur",NCR,28.5441347,77.3277521,,,Sec 18 Noida (02/0001),3154,"Google Maps search (public listing), 2026-10-10",ChIJo7DVCQ3lDDkRjBvzWSLoD3Q
Cafe Coffee Day,Cafe Coffee Day Express,"Plot A2-B, Sector 125, Noida, Uttar Pradesh 201313",Sector 125,NCR,28.5433272,77.328963,,,Sec 18 Noida (02/0001),3262,"Google Maps search (public listing), 2026-10-10",ChIJxwQKzSDlDDkRhgIkl2vbirM
Cafe Coffee Day,Café Coffee Day,"Inside Kamla Nagar Market, Kamla Nagar, Opp Hans Raj College, Delhi, 110007","Block UA, Jawahar Nagar, Kamla Nagar",NCR,28.6799315,77.2083167,4.3,,Model Town (02/0013),3392,"Google Maps search (public listing), 2026-10-10",ChIJJU4Yy4_9DDkRmgun9Y8pv_0
Cafe Coffee Day,Café Coffee Day,"33 Ground Floor, Star City Mall, Mayur Place, Mayur Vihar I, Mayur Vihar, New Delhi, Delhi 110091","Mayur Place, Mayur Vihar",NCR,28.5926698,77.29642679999999,4.1,,Sec 18 Noida (02/0001),3448,"Google Maps search (public listing), 2026-10-10",ChIJl7nO2IXkDDkRmyo63jPwY8E
Cafe Coffee Day,Café Coffee Day,"55 - 56, Central Market, Lajpat Nagar II, Lajpat Nagar, New Delhi, Delhi 110024","Central Market, Lajpat Nagar II, Lajpat Nagar",NCR,28.5692398,77.242178,4.1,,Kalkaji (02/0004),3497,"Google Maps search (public listing), 2026-10-10",ChIJ5bXkaK3jDDkRX2MNBD6ki8I
Cafe Coffee Day,Cafe Coffee Day,"Shankar Rd, Block 3, Old Rajinder Nagar, Rajinder Nagar, New Delhi, Delhi, 110060","Block 3, Old Rajinder Nagar, Rajinder Nagar",NCR,28.6385626,77.1802663,4.0,,Connaught place (02/0012),3573,"Google Maps search (public listing), 2026-10-10",ChIJVR7kXrwCDTkRJ6WimXQDhL8
Cafe Coffee Day,CAFE COFFEE DAY,"Airport Metro Express Line, Old Delhi, Mori Gate, New Delhi, Delhi, 110006","Old Delhi, Mori Gate",NCR,28.6610637,77.2346249,,,Connaught place (02/0012),3640,"Google Maps search (public listing), 2026-10-10",ChIJc0VQngT9DDkRg4D9Cl3TDuE
Cafe Coffee Day,Cafe Coffee Day,"A-10, Block A, Part-2, Lajpat Nagar, New Delhi, Delhi 110024","Block A, Part-2, Lajpat Nagar",NCR,28.5698443,77.2385855,4.1,,Kalkaji (02/0004),3715,"Google Maps search (public listing), 2026-10-10",ChIJX5Y67FLiDDkRoqy0atwBsK8
Cafe Coffee Day,Cafe Coffee day,"A-1, 2, Najafgarh Rd, Kailash Park, Namdhari Colony, Kirti Nagar, New Delhi, Delhi, 110015","Kailash Park, Namdhari Colony, Kirti Nagar",NCR,28.6544002,77.1358329,4.1,,Paschim Vihar (02/0003),3826,"Google Maps search (public listing), 2026-10-10",ChIJ5y-UQQ8DDTkRDcP40rBKPBc
Cafe Coffee Day,Café Coffee Day,"Inside D Mall, Ring Rd, Netaji Subhash Place, Delhi, 110006","Old Delhi, Netaji Subhash Place, Kashmere Gate",NCR,28.6645342,77.23486199999999,4.0,804.0,Connaught place (02/0012),3991,"Google Maps search (public listing), 2026-10-10",ChIJBck_-AP9DDkRszFx32LkVKk
Cafe Coffee Day,Café Coffee Day - Dmrc Kashmere Gate,"Dmrc Kashmere Gate, 3 Toms (Scr Site, Delhi 110006","Inter State Bus Terminal, Kashmere Gate",NCR,28.6676699,77.227806,3.9,237.0,Connaught place (02/0012),4062,"Google Maps search (public listing), 2026-10-10",ChIJje6t6gb9DDkR80u1e3-7nXg
Cafe Coffee Day,Café Coffee Day,"Bldg No 13, 57, Block J, Rajouri Garden Extension, Rajouri Garden, New Delhi, Delhi, 110027","Block J, Rajouri Garden Extension, Rajouri Garden",NCR,28.6397614,77.1181383,4.2,,Paschim Vihar (02/0003),4093,"Google Maps search (public listing), 2026-10-10",ChIJkRGsMmoDDTkR5mx39sYtakw
Cafe Coffee Day,Cafe Coffee Day Express,"Dell International Services India Pvt Ltd, Vipul Tech Square, near Golf Course Road, Horizon Colony, Sector 43, Gurugram, Haryana 122009","Horizon Colony, Sector 43",NCR,28.4508354,77.098263,,,Gurgaon DLF (02/0009),4441,"Google Maps search (public listing), 2026-10-10",ChIJ4ctWTK4ZDTkRZZLpqr89bWs
Cafe Coffee Day,Cafe Coffee Day,"M573+2CX, Block C, Najafgarh Road Industrial Area, New Delhi, Delhi, 110015","Block C, Najafgarh Road Industrial Area",NCR,28.66261,77.1536216,4.4,,Shalimar Bagh (02/0015),4526,"Google Maps search (public listing), 2026-10-10",ChIJ-fPlUP8CDTkR1iUgEN8x2BM
Cafe Coffee Day,Cafe Coffee day - Janakpuri,"14, opposite CSB Bank ATM, Block B 2B, Janakpuri, New Delhi, Delhi, 110058","Block B 2B, Janakpuri",NCR,28.6330328,77.09044519999999,4.4,,Paschim Vihar (02/0003),4782,"Google Maps search (public listing), 2026-10-10",ChIJDfRMVIIFDTkRXAOAcb0hVFI
Cafe Coffee Day,Cafe Coffee day - Mansarovar Garden,"B -158, Mansarovar Garden, Kirti Nagar, Delhi, 110015","Rekha Enclave, A - Block, Block B, Kirti Nagar",NCR,28.6419012,77.1360284,4.2,708.0,Paschim Vihar (02/0003),4782,"Google Maps search (public listing), 2026-10-10",ChIJwWD9cxcDDTkRieGtmd7Zd6g
Cafe Coffee Day,cafe coffee day,"V3S East Centre, Plot No. 12, Laxmi Nagar, Saket, New Delhi, Delhi 110017","Laxmi Nagar, Saket",NCR,28.5278337,77.20895349999999,,,Kalkaji (02/0004),4903,"Google Maps search (public listing), 2026-10-10",ChIJSRlWVfbhDDkR8Mv0_viVb0k
Cafe Coffee Day,Café Coffee Day,"G6H5+4HM Fortis Hospital, Press Enclave, Shalimar Bagh, Delhi, New Delhi, Delhi 110017","Press Enclave, Shalimar Bagh",NCR,28.527827,77.20893,4.0,1.0,Kalkaji (02/0004),4906,"Google Maps search (public listing), 2026-10-10",ChIJAQAAAPfhDDkR8s5347c8Me0
Cafe Coffee Day,CAFE COFFEE DAY,"Building No.19, East Of Kailash, Community Center, Ashok Vihar, Saket, New Delhi, Delhi 110017","Ashok Vihar, Saket",NCR,28.5232421,77.2077217,3.7,173.0,Kalkaji (02/0004),5186,"Google Maps search (public listing), 2026-10-10",ChIJbz_K6_DhDDkRoCPk5KK32Zg
Cafe Coffee Day,CAFE COFFEE DAY,"Community Center, B 30, Block B, Janakpuri, New Delhi, Delhi, 110058","Block B, Janakpuri",NCR,28.629159,77.08766299999999,3.9,8.0,Paschim Vihar (02/0003),5273,"Google Maps search (public listing), 2026-10-10",ChIJJTEYZLwEDTkRgjuM0FHHk2M
Cafe Coffee Day,CAFE COFFEE DAY,"Block No. 42, Plot No. 8, Block M, West Patel Nagar, Patel Nagar, New Delhi, Delhi, 110008","Block M, West Patel Nagar, Patel Nagar",NCR,28.652681,77.16125199999999,,,Shalimar Bagh (02/0015),5490,"Google Maps search (public listing), 2026-10-10",ChIJmTDcHvACDTkRSMSBH9es3-w
Cafe Coffee Day,Cafe Coffee day - Green Park,"S-34, Market, Block S, Green Park, New Delhi, Delhi, 110016","Block S, Green Park",NCR,28.5561986,77.2021864,4.2,834.0,Kalkaji (02/0004),5627,"Google Maps search (public listing), 2026-10-10",ChIJ4WHQeXLiDDkR-rVeI_lheAo
Cafe Coffee Day,Cafe Coffee Day,"SG 14 - 15, Stellar IT Park, C 25, Sector 62, Noida, Uttar Pradesh 201309","C Block, Phase 2, Industrial Area, Sector 62",NCR,28.6127565,77.36242659999999,3.8,110.0,Sec 18 Noida (02/0001),5935,"Google Maps search (public listing), 2026-10-10",ChIJ10sJ62nlDDkRzTNvF-iNLfk
Cafe Coffee Day,Cafe Coffee day - Chanakyapuri,"1121, Jhanvi Pallavi, Awwa Arcade, Akhaura Block, Bapu dham, Chanakyapuri, New Delhi, Delhi 110021","Akhaura Block, Bapu dham, Chanakyapuri",NCR,28.5952216,77.1719684,4.5,,Connaught place (02/0012),5994,"Google Maps search (public listing), 2026-10-10",ChIJx7e5opsdDTkRpiuHpoeb0qE
Cafe Coffee Day,Cafe Coffee day - Sunder Complex,"Sunder Complex, Hanuman Marg, Sarfabad, Sector 73, Noida, Uttar Pradesh 201304","Sarfabad, Sector 73",NCR,28.580229,77.38590099999999,2.9,19.0,Sec 18 Noida (02/0001),6213,"Google Maps search (public listing), 2026-10-10",ChIJ0x_EX9jvDDkRxloRcbCuwj8
Cafe Coffee Day,Cafe Coffee day,"GF 26, South, Hauz Khas Village, Deer Park, Hauz Khas, New Delhi, Delhi 110016","Hauz Khas Village, Deer Park, Hauz Khas",NCR,28.5542694,77.19468119999999,4.0,432.0,Kalkaji (02/0004),6273,"Google Maps search (public listing), 2026-10-10",ChIJIVLNhIodDTkRMZ8lIs_e-Ps
Cafe Coffee Day,Cafe Coffee day - Exhibition Hall,"Exhibition Hall, IIT Campus, IIT Delhi, Hauz Khas, New Delhi, Delhi 110016","IIT Campus, IIT Delhi, Hauz Khas",NCR,28.5455502,77.1923068,4.2,,Kalkaji (02/0004),6343,"Google Maps search (public listing), 2026-10-10",ChIJH3RQHvYdDTkRgZw0sHLC0-8
Cafe Coffee Day,Cafe Coffee day - Akshardham Metro Station,"Shop No G 08 & G 09 Parsvanath Mall, Akshardham, Pandav Nagar, Delhi, 110092",Pandav Nagar,NCR,28.6182278,77.2792161,4.0,517.0,Connaught place (02/0012),6351,"Google Maps search (public listing), 2026-10-10",ChIJpS22oVDjDDkRxYd2jTprKbQ
Cafe Coffee Day,Cafe Coffee day - Janakpuri,"C3-78, Major P Srikumar Marg, Block C3A, Block C3, Janakpuri, New Delhi, Delhi, 110058","Block C3A, Block C3, Janakpuri",NCR,28.6157307,77.0879662,4.3,,Paschim Vihar (02/0003),6705,"Google Maps search (public listing), 2026-10-10",ChIJYdYqT9sFDTkR5XwYWh9ifwI
Cafe Coffee Day,Café Coffee Day,"283, Puran Chand Yogi Marg, opposite Venketeshwara College, Moti Bagh II, Satya Niketan, South Moti Bagh, New Delhi, Delhi 110021","Moti Bagh II, Satya Niketan, South Moti Bagh",NCR,28.588306,77.168868,3.6,,Connaught place (02/0012),6754,"Google Maps search (public listing), 2026-10-10",ChIJ3RDQCxMdDTkRYI9FEDHVKRE
Cafe Coffee Day,Cafe Coffee Day,"Sharda University, Knowledge Park III, Noida, Greater Noida, Uttar Pradesh 201310",Knowledge Park III,NCR,28.4724029,77.4852628,4.2,,Sec 143 Noida (02/0006),6918,"Google Maps search (public listing), 2026-10-10",ChIJb_SAVg7qDDkRpgDW5S5h7Oo
Cafe Coffee Day,Cafe Coffee Day,"B22, B Block, Sector 62, Noida, Uttar Pradesh 201309","B Block, Sector 62",NCR,28.612027,77.377661,3.4,30.0,Sec 18 Noida (02/0001),6941,"Google Maps search (public listing), 2026-10-10",ChIJXVVVxWHlDDkR9M5BiJGtnaw
Cafe Coffee Day,CAFE COFFEE DAY,"Pod Food Court, Dhaula Kuan Enclave I, Dhaula Kuan, New Delhi, Delhi 110021","Dhaula Kuan Enclave I, Dhaula Kuan",NCR,28.5919889,77.1619073,3.9,,Connaught place (02/0012),6964,"Google Maps search (public listing), 2026-10-10",ChIJAQBACRcdDTkRe_L7r0Ry2wo
Cafe Coffee Day,Cafe Coffee Day,"H34P+25X, Delhi, 110037",,NCR,28.5551104,77.0854837,2.8,,Gurgaon DLF (02/0009),7222,"Google Maps search (public listing), 2026-10-10",ChIJPbBSJr8bDTkRGrQUe9zsmfA
Cafe Coffee Day,Cafe Coffee Day,"H34J+6M5 Indira Gandhi Int'l Airport, Indira Gandhi Int'l T3 Rd, New Delhi, Delhi, 110037",,NCR,28.5555066,77.0817265,1.0,,Gurgaon DLF (02/0009),7310,"Google Maps search (public listing), 2026-10-10",ChIJ4TrKUJgbDTkRZTIBO7E8jq0
Cafe Coffee Day,Cafe Coffee day - Vasant Kunj,"Vasant Square Mall, Community Center, Plot No A, Pocket 7, Sector B, Vasant Kunj, Delhi, New Delhi, Delhi 110070","Pocket 7, Sector B, Vasant Kunj",NCR,28.524892,77.1566051,3.9,226.0,Gurgaon DLF (02/0009),7340,"Google Maps search (public listing), 2026-10-10",ChIJgyarpTIcDTkRfzCNZ5txbL4
Cafe Coffee Day,Café Coffee Day,"Sikka Complex, Plaza Mayur Vihar, Block C, Bharati Artist Colony, Preet Vihar, Delhi, 110092","Block C, Bharati Artist Colony, Preet Vihar",NCR,28.6362211,77.2922332,,,Connaught place (02/0012),7428,"Google Maps search (public listing), 2026-10-10",ChIJAQAAAFT7DDkRobQsTIkWTOY
Cafe Coffee Day,Cafe Coffee day - Maharaja Surajmal Marg,"No. 9b & 9c, Central Business, Cross River Mall, Maharaja Surajmal Marg, Vishwas Nagar Extension, Vishwas Nagar, Shahdara, New Delhi, Delhi, 110032","Vishwas Nagar Extension, Vishwas Nagar, Shahdara",NCR,28.6571548,77.30227789999999,3.9,309.0,Connaught place (02/0012),8830,"Google Maps search (public listing), 2026-10-10",ChIJdfGPaGn7DDkRg0iq09hKp5c
Cafe Coffee Day,Cafe Coffee day - Delhi Cantt,"Ground Floor, 1B, Shastri Bazaar, Gopi Nath Bazar, Delhi Cantonment, New Delhi, Delhi 110010","Gopi Nath Bazar, Delhi Cantonment",NCR,28.5970805,77.1323393,4.1,,Paschim Vihar (02/0003),9032,"Google Maps search (public listing), 2026-10-10",ChIJWW8jnMMcDTkR49F-0vNnrIQ
Cafe Coffee Day,Cafe Coffee Day Express,"Ground Floor, SITE-IV, Pacific Business Park, Block-A, Sahibabad Industrial Area Site 4, Ghaziabad, Uttar Pradesh 201010","Maharajpur, Sahibabad Industrial Area Site 4, Sahibabad",NCR,28.6540222,77.32715999999999,,,Sec 18 Noida (02/0001),9110,"Google Maps search (public listing), 2026-10-10",ChIJi4E_sPz7DDkRAULt19jWXMA
Cafe Coffee Day,Cafe Coffee day - Ashirwad Chowk,"Shop No, 11, Sector 5 Rd, Ashirwad Chowk, Dwarka, Delhi, 110075","Ashirwad Chowk, Dwarka",NCR,28.5966846,77.05059659999999,4.1,1729.0,Paschim Vihar (02/0003),10085,"Google Maps search (public listing), 2026-10-10",ChIJ8avgnNAaDTkRvVUyhqkGT1A
Cafe Coffee Day,Cafe Coffee day - Sector 10 Dwarka,"Aggarwal Shopping Centre Golak Dham Market, Sector 10 Dwarka, Dwarka, Delhi, 110075","Sector 10 Dwarka, Dwarka",NCR,28.5866195,77.0566863,4.1,,Paschim Vihar (02/0003),10792,"Google Maps search (public listing), 2026-10-10",ChIJ-6oRN54bDTkRLizkDR-r5e0
Cafe Coffee Day,Cafe Coffee Day Express,"Nandgram Rd, Marium Nagar, Sewa Nagar, Ghaziabad, Uttar Pradesh 201003","Marium Nagar, Sewa Nagar",NCR,28.683197,77.4100567,,,Sec 18 Noida (02/0001),14990,"Google Maps search (public listing), 2026-10-10",ChIJCRv9KDDxDDkRhf2_uFcEMSo
Cafe Coffee Day,Café Coffee Day - Raj Nagar,"5, Advocate Chamber, District Center, RDC, Block 1, P & T Colony, Raj Nagar, Ghaziabad, Uttar Pradesh 201002","RDC, Block 1, P & T Colony, Raj Nagar",NCR,28.6746998,77.4423383,3.9,,Sec 18 Noida (02/0001),16303,"Google Maps search (public listing), 2026-10-10",ChIJU8BgT7nxDDkRcNskTV1LiQY
Cafe Coffee Day,Cafe Coffee Day Express,"Site – 3, Meerut Rd Industrial Area, Meerut Road Industrial Area, Ghaziabad, Uttar Pradesh 201017",Meerut Road Industrial Area,NCR,28.6890518,77.4365995,,,Sec 18 Noida (02/0001),17087,"Google Maps search (public listing), 2026-10-10",ChIJoSwehAjxDDkRA7sP8fz0vUI
Chaayos,Chaayos Cafe at DLF Cyber City - Building 5,"No. 5, Tower B, DLF Cyber City, DLF Phase 2, Sector 24, Gurugram, Haryana 122002","DLF Cyber City, DLF Phase 2, Sector 24",NCR,28.4899373,77.09209849999999,4.2,719.0,Gurgaon DLF (02/0009),71,"Google Maps search (public listing), 2026-10-10",ChIJq6qqvzAZDTkRiwGJ9DHzfSs
Chaayos,Chaayos Cafe at Sector 15,"Unit No SCF 42, GF Shopping Centre, Sector 15, Faridabad, Haryana 121007",Sector 15,NCR,28.3952341,77.32359149999999,4.0,,Sec 15 Faridabad (02/0007),153,"Google Maps search (public listing), 2026-10-10",ChIJD6dN6P_dDDkRLQ1kozZuvrY
Chaayos,"Chaayos Cafe at Sector 7, Rohini","2, Ground Floor, C, Unit No, 9, Sector 7, Rohini, New Delhi, Delhi 110085","Pocket 9, Sector 7, Rohini",NCR,28.7086665,77.1240284,4.3,,Rohini Sec-7 (02/0008),170,"Google Maps search (public listing), 2026-10-10",ChIJJWbt1aMBDTkRSNgBl3cND7Y
Chaayos,Chaayos Cafe at Kalkaji,"Unit No. H-19A, Ground Floor, Main Rd, Block H, Kalkaji, New Delhi, Delhi 110019","Block H, Kalkaji",NCR,28.5398561,77.2585342,4.1,,Kalkaji (02/0004),172,"Google Maps search (public listing), 2026-10-10",ChIJGYUy16vjDDkRHIjHGLgNbMo
Chaayos,Chaayos Cafe at Connaught Place,"F-14/15, Inner Cir, Block F, Connaught Place, New Delhi, Delhi 110001","Block F, Connaught Place",NCR,28.6311391,77.2200337,4.1,,Connaught place (02/0012),404,"Google Maps search (public listing), 2026-10-10",ChIJSUtjYMj9DDkRumu77NHBTLo
Chaayos,Chaayos Cafe at DLF Cyber Greens,"Ground Floor, DLF Cyber Greens, DLF Cyber City, DLF Phase 2, Sector 24, Gurugram, Haryana 122002","DLF Cyber City, DLF Phase 2, Sector 24",NCR,28.4941497,77.0929735,4.4,160.0,Gurgaon DLF (02/0009),413,"Google Maps search (public listing), 2026-10-10",ChIJ5cGLudwZDTkRjmZ13YFIYpY
Chaayos,"Chaayos Cafe - DLF Mall of India, LGF","E 18, LGF, DLF Mall of India, Plot No M-03, Sector 18, Noida, Uttar Pradesh 201301",Sector 18,NCR,28.5678816,77.3212643,3.9,2282.0,Sec 18 Noida (02/0001),505,"Google Maps search (public listing), 2026-10-10",ChIJtbzne0jkDDkRGHJpKK750cM
Chaayos,"Chaayos Cafe - Connaught Place, M Block","Plot no 3, 1st Floor, M - 66, Block M, Connaught Place, New Delhi, Delhi 110001","Block M, Connaught Place",NCR,28.6315181,77.2223429,4.1,8508.0,Connaught place (02/0012),608,"Google Maps search (public listing), 2026-10-10",ChIJQ2on-Tb9DDkRd_muXoI-9BQ
Chaayos,Chaayos Cafe at Paschim Vihar,"Unit G, Community Centre, Arss Mall, 04 -05, Friends Tower, Block A, Paschim Vihar, New Delhi, Delhi, 110063","Friends Tower, Block A, Paschim Vihar",NCR,28.66899,77.1016533,4.5,,Paschim Vihar (02/0003),639,"Google Maps search (public listing), 2026-10-10",ChIJJ5-dgWcFDTkRaU35MF7Igb0
Chaayos,Chaayos Cafe at Cyber Hub,"Unit K4B, GF, Cyber Hub, DLF Cyber City, DLF Phase 2, Sector 24, Gurugram, Haryana 122002","DLF Cyber City, DLF Phase 2, Sector 24",NCR,28.4949194,77.08828059999999,4.1,,Gurgaon DLF (02/0009),647,"Google Maps search (public listing), 2026-10-10",ChIJSaRIU64ZDTkRWad52GhGppg
Chaayos,Chaayos Cafe at Infinity tower,"Infinity Tower, DLF Cyber City, DLF Phase 2, Sector 24, Gurugram, Haryana 122002","DLF Cyber City, DLF Phase 2, Sector 24",NCR,28.4962872,77.0910943,4.5,2173.0,Gurgaon DLF (02/0009),663,"Google Maps search (public listing), 2026-10-10",ChIJ5ZU3ATgZDTkRb83BkMI0QTA
Chaayos,Chaayos Cafe at Sector 15,"Tower D, SIGNATURE TOWER-3, Galaxy Rd, Sector 15 Part 2, Sector 15, Gurugram, Haryana 122001","Sector 15 Part 2, Sector 15",NCR,28.4633882,77.04820029999999,4.4,39.0,Gurgaon Sec-15 (02/0010),691,"Google Maps search (public listing), 2026-10-10",ChIJmW_4CQAZDTkRhl0OrD8h2K8
Chaayos,Chaayos Cafe At Shalimar bagh City Center Mall,"Ground Floor, DLF City Centre Mall, Block AO, Poorbi Shalimar Bag, Shalimar Bagh, Delhi, 110088","Block AO, Poorbi Shalimar Bag, Shalimar Bagh",NCR,28.7027025,77.15838049999999,4.8,,Shalimar Bagh (02/0015),724,"Google Maps search (public listing), 2026-10-10",ChIJuwkAXLYDDTkRtwDvtXxPVxY
Chaayos,Chaayos Cafe at Paras Cinema,"Unit No 2,GF, Paras Cinema Building, 1, Nehru Place, New Delhi, Delhi 110019",Nehru Place,NCR,28.5470534,77.25180759999999,4.4,,Kalkaji (02/0004),878,"Google Maps search (public listing), 2026-10-10",ChIJDQqZnITjDDkRK2rvwiaz9R0
Chaayos,Chaayos Cafe at Filmcity,"No. 15&16, TOWER-EXPRESS TRADE, Film City, Sector 16A, Noida, Uttar Pradesh 201301","Film City, Sector 16A",NCR,28.5676187,77.3155007,4.2,348.0,Sec 18 Noida (02/0001),886,"Google Maps search (public listing), 2026-10-10",ChIJCxgzzEbkDDkRfB91-Vh9fak
Chaayos,Chaayos Cafe at Kashmere Gate 2,"Gate No.2, Kashmere Gate Metro, Unit No 07, Shubham Enclave, Reserve Bank Enclave, Paschim Vihar, New Delhi, Delhi, 110063","Shubham Enclave, Reserve Bank Enclave, Paschim Vihar",NCR,28.667757,77.09686789999999,4.1,,Paschim Vihar (02/0003),1007,"Google Maps search (public listing), 2026-10-10",ChIJDUeqZVwDDTkRTbUIP2i4Ko4
Chaayos,Chaayos Cafe at Max Tower,"Max Towers, Sector 16B, Noida, Uttar Pradesh 201301",Sector 16B,NCR,28.5743495,77.3128993,4.4,60.0,Sec 18 Noida (02/0001),1009,"Google Maps search (public listing), 2026-10-10",ChIJx3RvZ17lDDkRFeh2yBIuRGk
Chaayos,Chaayos Experience | Sikanderpur,"We Work, PLATINA TOWER, GRA 132, Mehrauli-Gurgaon Rd, A Block, DLF Phase 1, Gurugram, Haryana 122002","A Block, DLF Phase 1",NCR,28.4804159,77.0926211,4.5,722.0,Gurgaon DLF (02/0009),1116,"Google Maps search (public listing), 2026-10-10",ChIJhzjwlkIZDTkRF3_TIcvQdQ0
Chaayos,Chaayos Cafe at Advant Noida,"Ground Floor, Tower C, Unit No. 8, Sector 142, Noida, Uttar Pradesh 201304",Sector 142,NCR,28.501226,77.4093882,4.2,358.0,Sec 143 Noida (02/0006),1259,"Google Maps search (public listing), 2026-10-10",ChIJ5fYJtMbpDDkRgl0TQ9pPDd8
Chaayos,Chaayos Cafe Pebble downtown,"Unit No.10A, First Floor, Pebbles Downtown Mall, METRO STATION, near Bata Chown, Sector 12, Faridabad, Haryana 121007",Sector 12,NCR,28.385349,77.31419149999999,4.3,,Sec 15 Faridabad (02/0007),1311,"Google Maps search (public listing), 2026-10-10",ChIJHbgOSrjdDDkRJM-4RWm1O4Q
Chaayos,Chaayos Cafe at Epicuria Mall,"Upper Ground Floor, Epicuria Mall, Metro Station, Nehru Place, New Delhi, Delhi 110019",Nehru Place,NCR,28.5514697,77.2517672,4.3,,Kalkaji (02/0004),1311,"Google Maps search (public listing), 2026-10-10",ChIJ3yvjtGTjDDkRhY50rFJ441o
Chaayos,Chaayos Cafe at Botanical Garden,"Sector Rd, Sector 38, Noida, Uttar Pradesh 201303",Sector 38,NCR,28.5639109,77.33460029999999,4.1,356.0,Sec 18 Noida (02/0001),1464,"Google Maps search (public listing), 2026-10-10",ChIJIdOmB0vlDDkRnmFOrGRBB3Y
Chaayos,Chaayos Cafe At Elegante Mall Delhi,"Second Floor, Unity One, Elegante Mall, Shop No, S-03, Netaji Subhash Place, New Delhi, Delhi 110034","Netaji Subhash Place, Pitampura",NCR,28.6954801,77.15235559999999,3.6,,Shalimar Bagh (02/0015),1488,"Google Maps search (public listing), 2026-10-10",ChIJ61dnnekDDTkRAt1xpfVjQww
Chaayos,Chaayos Cafe | DLF Cyberpark,"No. 05, Phase II, Udyog Vihar, Sector 20, Gurugram, Haryana 122016","Phase II, Udyog Vihar, Sector 20",NCR,28.5036323,77.08945179999999,4.6,,Gurgaon DLF (02/0009),1496,"Google Maps search (public listing), 2026-10-10",ChIJF6jDm6oZDTkR6sDWwNg3wZI
Chaayos,"Chaayos Experience | Krasa, Noida sector 140","Ground Floor, TOWER-A, Unit no. A-004, A-004A, A-005B, Plot no. 1, Sector 140, Noida, Uttar Pradesh 201304",Sector 140,NCR,28.5140535,77.4186587,5.0,12.0,Sec 143 Noida (02/0006),1519,"Google Maps search (public listing), 2026-10-10",ChIJMS27UYfpDDkRTntX335VivM
Chaayos,Chaayos Cafe at M Block,"M7, M Block Market, Part 2, Greater Kailash, New Delhi, Delhi 110048","Block M, Part 2, Greater Kailash",NCR,28.5342877,77.2431581,4.2,,Kalkaji (02/0004),1523,"Google Maps search (public listing), 2026-10-10",ChIJCRUL0X_hDDkRDM8AoyvROA8
Chaayos,Chaayos,"Neelam Bata Rd, AC Nagar, New Industrial Township, Faridabad, Haryana 121001","AC Nagar, New Industrial Township",NCR,28.3911617,77.30691759999999,4.9,,Sec 15 Faridabad (02/0007),1540,"Google Maps search (public listing), 2026-10-10",ChIJpf6OZP_dDDkRUbDrmHc7fPI
Chaayos,Chaayos Cafe at Ambience Mall,"Unit No- 160,FF,Ambience Mall, National Highway - 8, Ambience Island, DLF Phase 3, Sector 24, Gurugram, Haryana 122010","Ambience Island, DLF Phase 3, Sector 24",NCR,28.5047166,77.0970095,4.0,,Gurgaon DLF (02/0009),1645,"Google Maps search (public listing), 2026-10-10",ChIJ4_O-RB0ZDTkREqogIeOlAmY
Chaayos,Chaayos Cafe at Netaji Subhash Place,"Shop number 5, Netaji Subhash Place, Pitampura, Delhi, 110034","Netaji Subhash Place, Pitampura",NCR,28.6933011,77.1514035,4.1,,Shalimar Bagh (02/0015),1694,"Google Maps search (public listing), 2026-10-10",ChIJKZeyFjMCDTkRYbCBwSkF3z8
Chaayos,Chaayos Cafe at Candor Tech Space,"FCW3+WF7 Candor TechSpace, Sector 135, Noida, Sector 135, Noida, Bajidpur, Uttar Pradesh 201304",Sector 135,NCR,28.4987661,77.4039703,4.0,458.0,Sec 143 Noida (02/0006),1801,"Google Maps search (public listing), 2026-10-10",ChIJcRTibpPpDDkRwnRT2RVdxmM
Chaayos,"Chaayos Cafe - Community Center, East Of Kailash","Unit No. 17, Ground, Zuari House, D Block, East of Kailash, New Delhi, Delhi 110065","D Block, East of Kailash",NCR,28.557846,77.2453104,3.9,,Kalkaji (02/0004),2231,"Google Maps search (public listing), 2026-10-10",ChIJV9ElhxPjDDkR6PG6RD8kU0w
Chaayos,Chaayos Cafe at Fortis Hospital,"GF, Fortis Memorial Research Institute, Sector 44, Gurugram, Haryana 122003",Sector 44,NCR,28.4567324,77.07273119999999,4.3,30.0,Sec 31 - Gurgaon (02/0016),2247,"Google Maps search (public listing), 2026-10-10",ChIJ_eMK2MMZDTkRJGyF4jUMhh4
Chaayos,"Chaayos Cafe - Galleria Market, Gurgaon","Galleria Market, DLF Galleria Rd, Galleria Market, Sector 28, DLF Phase IV, Gurugram, Haryana 122009","Galleria Market, Sector 28, DLF Phase IV",NCR,28.4673879,77.0821819,4.2,3916.0,Gurgaon DLF (02/0009),2757,"Google Maps search (public listing), 2026-10-10",ChIJ____v-EYDTkRosqIDCcuGKY
Chaayos,Chaayos Experience | Amolik Plaza,"Unit- SCO 3 and 4, Amolik Plaza, Sector 81, Faridabad, Haryana 121007",Sector 81,NCR,28.3883241,77.3500127,4.7,,Sec 15 Faridabad (02/0007),2827,"Google Maps search (public listing), 2026-10-10",ChIJt-cp6cHdDDkRIeM7_XTYD0E
Chaayos,Chaayos Cafe at Unitech Infospace,"Amenity Block-4, Unitech Info Space, Old Delhi Gurgaon Rd, Sector 21, Gurugram, Haryana 122016",Sector 21,NCR,28.5097702,77.0717282,4.5,,Gurgaon DLF (02/0009),2957,"Google Maps search (public listing), 2026-10-10",ChIJgeTyT2QZDTkRH11QDdRYwqE
Chaayos,Chaayos Cafe,"Shop no 17 & 18, Ground Floor Logix City Centre Mall, Wave City Center, Sector 32, Noida, Uttar Pradesh 201307","Wave City Center, Sector 32",NCR,28.5744448,77.3533376,4.1,1445.0,Sec 18 Noida (02/0001),2980,"Google Maps search (public listing), 2026-10-10",ChIJh_eHz73lDDkRosO6KmzDxzE
Chaayos,Chaayos Cafe at TDI Mall,"TDI Mall, Pearl Academy, Unit 11, Epicuria Food Court, Rajouri Garden, New Delhi, Delhi 110027","Shivaji Place, Vishal Enclave, Rajouri Garden",NCR,28.6507562,77.1207307,4.3,,Paschim Vihar (02/0003),3098,"Google Maps search (public listing), 2026-10-10",ChIJ02Lxt_MDDTkRPnS0rVU8UvY
Chaayos,Chaayos Cafe at Ardee Mall,"Unit NO B5, B5A, Ground, Ardee Mall, Ardee City, Sector 52, Gurugram, Haryana 122003","Ardee City, Sector 52",NCR,28.4451466,77.0807682,4.2,452.0,Sec 31 - Gurgaon (02/0016),3117,"Google Maps search (public listing), 2026-10-10",ChIJfcErVEQZDTkRmfbriW9SPiU
Chaayos,Chaayos Cafe Omaxe Faridabad,"Unit No 52,Ground Floor, OMAXE WORLD STREET, Sector 79, Faridabad, Haryana 121101",Sector 79,NCR,28.3873784,77.3530103,4.2,,Sec 15 Faridabad (02/0007),3137,"Google Maps search (public listing), 2026-10-10",ChIJNUdLE7ndDDkR16AGuZW70dI
Chaayos,Chaayos Cafe at ROF Portico,"1540, 1548, Vyapar Kendra Rd, Block C, Sushant Lok Phase I, Sector 43, Gurugram, Haryana 122009","Block C, Sushant Lok Phase I, Sector 43",NCR,28.4530527,77.0824365,4.3,267.0,Sec 31 - Gurgaon (02/0016),3156,"Google Maps search (public listing), 2026-10-10",ChIJ31HpYXoZDTkROCm4k1k2A_I
Chaayos,Chaayos Cafe At Artemis Hospital Gurgaon,"Artemis Hospital, Super Speciality Tertiary Care Hospital At, Sector 51, Gurugram, Haryana 122018",Sector 51,NCR,28.4316368,77.07225609999999,4.5,21.0,Sec 31 - Gurgaon (02/0016),3208,"Google Maps search (public listing), 2026-10-10",ChIJD6LN53QZDTkRVhuApk_U6hM
Chaayos,Chaayos - Good Earth City Center,"Shop No. 71, Ground Floor, Good Earth City Center Malviya Town, Sector 50, Gurugram, Haryana 122018","Pocket H, Nirvana, Sector 50",NCR,28.4214481,77.0531627,4.1,1082.0,Sec 31 - Gurgaon (02/0016),3516,"Google Maps search (public listing), 2026-10-10",ChIJGScfwYMiDTkRPqTIIMObBMs
Chaayos,Chaayos,"GF,Plot no -C3, Gulshan One29 Noida Unit No 19-20, E1, Sector 129, Uttar Pradesh 201304",Sector 129,NCR,28.5084793,77.3870541,4.2,184.0,Sec 143 Noida (02/0006),3546,"Google Maps search (public listing), 2026-10-10",ChIJk3sIIXHBDDkRqXhMLEEc85Q
Chaayos,Chaayos Cafe At Mayur Vihar Extension,"Unit- CPD-129 Mayur Vihar, Extension, Metro, New Delhi, Delhi 110091","Extension, Metro",NCR,28.5941506,77.2947764,4.5,45.0,Sec 18 Noida (02/0001),3678,"Google Maps search (public listing), 2026-10-10",ChIJdW4gER_lDDkRO4jpqF6YcBc
Chaayos,Chaayos Cafe at Sector 50,"50 B Block, Sector 50, Noida, Uttar Pradesh 201303","B Block, Sector 50",NCR,28.5701035,77.3622405,3.0,2.0,Sec 18 Noida (02/0001),3845,"Google Maps search (public listing), 2026-10-10",ChIJW4BCMwvlDDkRMndBzlSkMHU
Chaayos,Chaayos Cafe Sector 50 Noida,"50, Sector 50 Block A Rd, A Block, Sector 50, Noida, Uttar Pradesh 201303","A Block, Sector 50",NCR,28.5730976,77.3628552,4.1,1026.0,Sec 18 Noida (02/0001),3900,"Google Maps search (public listing), 2026-10-10",ChIJ7TKtUYDlDDkRQvWOdGhjUjU
Chaayos,Chaayos Cafe,"Inter State Bus Terminal, Kashmere Gate, New Delhi, Delhi, 110006","Inter State Bus Terminal, Kashmere Gate",NCR,28.6675432,77.22755099999999,4.0,,Connaught place (02/0012),4042,"Google Maps search (public listing), 2026-10-10",ChIJ54QuXgj9DDkRzxkXXWxHkyU
Chaayos,Chaayos Cafe at Malviya Nagar,"1/A, Saket District Centre, District Centre, Khirki Extension, Malviya Nagar, New Delhi, Delhi 110017","Saket District Centre, District Centre, Khirki Extension, Malviya Nagar",NCR,28.5283792,77.2165539,4.3,116.0,Kalkaji (02/0004),4178,"Google Maps search (public listing), 2026-10-10",ChIJU6Vba2_hDDkRezpoettNyV4
Chaayos,Chaayos Cafe at One Horizon Centre,"One Horizon Center, Golf Course Rd, Horizon Colony, DLF Phase 5, Sector 43, Gurugram, Haryana 122009","Horizon Colony, DLF Phase 5, Sector 43",NCR,28.4509678,77.0979383,4.2,,Gurgaon DLF (02/0009),4423,"Google Maps search (public listing), 2026-10-10",ChIJVVV29LUYDTkRjh29_8gWiqg
Chaayos,Chaayos,"131,132, First Floor, DLF Midtown Plaza, Unit No, SH 130, Moti Nagar, New Delhi, Delhi 110015","Moti Nagar, Karampura Industrial Area, Moti Nagar",NCR,28.6634145,77.1538052,4.5,,Shalimar Bagh (02/0015),4435,"Google Maps search (public listing), 2026-10-10",ChIJkTg5OFcDDTkR_lxMCRu2Nmc
Chaayos,Chaayos Cafe at East Patel Nagar,"18/37, Market, Block 18, East Patel Nagar, Patel Nagar, New Delhi, Delhi 110008","Block 18, East Patel Nagar, Patel Nagar",NCR,28.6454697,77.1730537,4.3,,Connaught place (02/0012),4451,"Google Maps search (public listing), 2026-10-10",ChIJR81MBD0DDTkRGk3vfQ4k45Q
Chaayos,Chaayos,"44,GF, Market Block No C, Nirvana Courtyard, Unit No C, 29/43, Gurugram, Haryana 122018","Nirvana Country, Sector 50",NCR,28.4144005,77.0654617,4.5,122.0,Sec 31 - Gurgaon (02/0016),4541,"Google Maps search (public listing), 2026-10-10",ChIJ0X-4_cAjDTkR2VenQ7pj2Aw
Chaayos,Chaayos Cafe at Elan Miracle,"Unit no. 40A, C, GF, Sector 84, Gurugram, Haryana 122012",Sector 84,NCR,28.4149328,76.9637266,4.3,123.0,Gurgaon Sec 10 (02/0014),5054,"Google Maps search (public listing), 2026-10-10",ChIJK955eAA9DTkRxwl72i093YQ
Chaayos,Chaayos Cafe at Central Plaza,"Ground floor, Golf Course Rd, Parsvnath Exotica, DLF Phase 5, Sector 53, Gurugram, Haryana 122011","Parsvnath Exotica, DLF Phase 5, Sector 53",NCR,28.4430101,77.1009004,4.2,3835.0,Sec 31 - Gurgaon (02/0016),5083,"Google Maps search (public listing), 2026-10-10",ChIJDQMgH7MYDTkRIPS_POEvaJE
Chaayos,Chaayos Cafe at Pacific Mall,"Shop No. SH/ 18, LGF, Pacific Mall, Najafgarh Road, Khayala, Nilothi, New Delhi, Delhi, 110041","Khayala, Nilothi",NCR,28.6498669,77.0598557,4.0,,Paschim Vihar (02/0003),5090,"Google Maps search (public listing), 2026-10-10",ChIJA9gXxmMDDTkRgdaec87SiDc
Chaayos,Chaayos Experience | Grand Street Noida,"Shop no. 11, Ground Floor Plot, VILLA-B9, opposite Max Hospital, Block B, Sector 132, Noida, Shahpur Govardhanpur Bangar, Uttar Pradesh 201304","Block B, Sector 132",NCR,28.5125583,77.3709697,4.8,544.0,Sec 143 Noida (02/0006),5181,"Google Maps search (public listing), 2026-10-10",ChIJFeQ4YcjnDDkRrfj0GiJbGkQ
Chaayos,Chaayos Cafe at AIIMS,"Ground Floor, AIIMS Out Patient Department, Aiims Campus, Ansari Nagar East, New Delhi, Delhi 110029","Aiims Campus, Ansari Nagar East",NCR,28.5671082,77.2133664,4.8,,Kalkaji (02/0004),5181,"Google Maps search (public listing), 2026-10-10",ChIJP_-wc4XjDDkRgncylEPJAFE
Chaayos,"Chaayos Cafe - Community Center, Saket","PVR Anupam Saket, Community Center, Ashok Vihar, Saket, New Delhi, Delhi 110017","Ashok Vihar, Saket",NCR,28.5233127,77.20738539999999,4.1,441.0,Kalkaji (02/0004),5214,"Google Maps search (public listing), 2026-10-10",ChIJ2Y827KzhDDkRpRnXwfYX7fA
Chaayos,Chaayos Cafe at Vatika Business Park,"Ground Floor, Block-w, VATIKA BUSINESS PARK, Badshahpur Sohna Rd, Vatika City, Block W, Sector 49, Gurugram, Haryana 122018","Vatika City, Block W, Sector 49",NCR,28.4060331,77.0448114,4.2,563.0,Sec 31 - Gurgaon (02/0016),5244,"Google Maps search (public listing), 2026-10-10",ChIJu9yVAZIiDTkR3zTGboOjiZw
Chaayos,Chaayos cafe at Spectum Mall Noida,"Ground Floor, Spectrum@metro, Unit no. - 40/16, Sector 75, Noida, Uttar Pradesh 201316","Gardenia Gateway, Sector 75",NCR,28.5727039,77.37907589999999,4.2,113.0,Sec 18 Noida (02/0001),5483,"Google Maps search (public listing), 2026-10-10",ChIJfREQKTHvDDkRftcRm_LneRo
Chaayos,Chaayos Cafe at Janakpuri,"B3/172, Dharam Marg, Block B3, Janakpuri, New Delhi, Delhi, 110058","Block B3, Janakpuri",NCR,28.6260359,77.0919449,4.2,,Paschim Vihar (02/0003),5501,"Google Maps search (public listing), 2026-10-10",ChIJ3R9VlEoFDTkRROjqeZRvCvk
Chaayos,Chaayos,"Shop no. G-25, Satya The Hive, Dwarka Expy, Sector 102, Gurugram, Haryana 122505",Sector 102,NCR,28.4714015,76.962975,4.6,41.0,Gurgaon Sec 10 (02/0014),5530,"Google Maps search (public listing), 2026-10-10",ChIJB9FoKLMXDTkRvJbAYJYsHEc
Chaayos,Chaayos,"Ground Floor, Unit No 19,48, Gurugram, Haryana 122011","Block B, Sector 56",NCR,28.4288478,77.0996876,4.0,143.0,Sec 31 - Gurgaon (02/0016),5536,"Google Maps search (public listing), 2026-10-10",ChIJSz9OY-oZDTkRC51TcLgRY88
Chaayos,Chaayos,"Unit no. 85, Ground floor, Global Foyer, Choma, Pocket H, Sector 1, Palam Vihar, Gurugram, Haryana 122017","Choma, Pocket H, Sector 1, Palam Vihar",NCR,28.5111279,77.04017209999999,4.4,29.0,Gurgaon DLF (02/0009),5608,"Google Maps search (public listing), 2026-10-10",ChIJW_gbgc4ZDTkRIN-2WQhx5FM
Chaayos,Chaayos,"Unit no G. Floor, Time Centre, 10A, Golf Course Rd, Suncity, Sector 54, Gurugram, Haryana 122011","Suncity, Sector 54",NCR,28.4352763,77.1046987,4.2,158.0,Sec 31 - Gurgaon (02/0016),5684,"Google Maps search (public listing), 2026-10-10",ChIJJeovFToZDTkRTJJDWrSEO7c
Chaayos,"Chaayos Cafe - Tata Westside, Unity One Mall","Unity One metro station, Najafgarh Rd, adjacent Janakpuri West, Narang Colony, Chander Nagar, Janakpuri, New Delhi, Delhi, 110058","Narang Colony, Chander Nagar, Janakpuri",NCR,28.6286531,77.0762754,5.0,,Paschim Vihar (02/0003),5756,"Google Maps search (public listing), 2026-10-10",ChIJZ0khaDIFDTkR1HfowtsV_9k
Chaayos,Chaayos Experience | Skymark One,"TOWER-10, No. 9, Skymark One, Noida Expressway Service Rd, Sector 98, Noida, Uttar Pradesh 201304",Sector 98,NCR,28.5316735,77.3612576,4.6,664.0,Sec 18 Noida (02/0001),5856,"Google Maps search (public listing), 2026-10-10",ChIJlTO9OpDlDDkRvOzbQwgBUio
Chaayos,Chaayos Cafe at SDA Market,"C14, SDA Market, JNU Gate Road, opposite IIT Delhi, Block C 5, Hauz Khas Enclave, Hauz Khas, New Delhi, Delhi 110016","Block C 5, Hauz Khas Enclave, Hauz Khas",NCR,28.5463574,77.1968429,4.1,,Kalkaji (02/0004),5910,"Google Maps search (public listing), 2026-10-10",ChIJB9vjhQniDDkRVRNlXWjCHf4
Chaayos,Chaayos Cafe at Reach 3,"Unit No 27, Ground Floor, Reach 3 Road, Sector 70, Gurugram, Haryana 122101",Sector 70,NCR,28.3909625,77.0305084,4.3,249.0,Gurgaon Sec 10 (02/0014),5924,"Google Maps search (public listing), 2026-10-10",ChIJByVYg2QjDTkRYx2fMP0W_vk
Chaayos,Chaayos,"G222+74M, Panwala Khusropur, Sector 106, Gurugram, Haryana 122006","Panwala Khusropur, Sector 106",NCR,28.5007088,77.0003067,2.8,5.0,Gurgaon Sec-15 (02/0010),6343,"Google Maps search (public listing), 2026-10-10",ChIJka1zFgAXDTkRylvR8xdbTCc
Chaayos,Chaayos,"KHASRA NO 442, near Northern Peripheral Road, Sector 109, Gurugram, Pawala Khasrupur, Haryana 122006",Sector 109,NCR,28.504069,77.00489499999999,,,Gurgaon Sec-15 (02/0010),6346,"Google Maps search (public listing), 2026-10-10",ChIJ6XdySQAXDTkRukRA_5UbmLg
Chaayos,Chaayos Cafe At VLPL Gurgaon,"2,3,4,10,11, VLPL 83 Avenue, G-01, Sector 83, Gurugram, Haryana 122012",Sector 83,NCR,28.3970404,76.9632194,4.2,130.0,Gurgaon Sec 10 (02/0014),6405,"Google Maps search (public listing), 2026-10-10",ChIJb4iSf209DTkR8R0Ddk9Mx38
Chaayos,Chaayos Anthurium,"Unit No.-123, Plot No.-3, Anthurium, Sector 73, Noida, Basi Bahuddin Nagar, Uttar Pradesh 201316","Anthurium, Sector 73",NCR,28.5928877,77.3842121,4.2,98.0,Sec 18 Noida (02/0001),6411,"Google Maps search (public listing), 2026-10-10",ChIJI7WgdRfvDDkR8H3mVL90dfw
Chaayos,Chaayos Cafe At M3M Route 65 Gurgaon,"Unit no. R3, G 07, and 08, M3M Route 65, Sector 65, Gurugram, Haryana 122101",Sector 65,NCR,28.3988243,77.0750521,4.4,18.0,Sec 31 - Gurgaon (02/0016),6493,"Google Maps search (public listing), 2026-10-10",ChIJ77tFvwUjDTkRNZeuVvA1Pl8
Chaayos,Chaayos Cafe at AIPL Joy Street,"AIPL JOY STREET, No. 54A, Badshahpur, Sector 66, Gurugram, Haryana 122101","Badshahpur, Sector 66",NCR,28.3921489,77.05914709999999,4.2,238.0,Sec 31 - Gurgaon (02/0016),6819,"Google Maps search (public listing), 2026-10-10",ChIJqQUDTiQjDTkRrM6EkBFS-AQ
Chaayos,Chaayos Cafe at IIT Campus,"IIT Delhi Main Rd, near visitors parking, IIT Campus, Indian Institute of Technology Delhi, Katwaria Sarai, New Delhi, Delhi 110016","IIT Campus, Indian Institute of Technology Delhi, Katwaria Sarai",NCR,28.5463313,77.1867177,4.1,,Kalkaji (02/0004),6894,"Google Maps search (public listing), 2026-10-10",ChIJZVMR2vMdDTkRnx3DWu9ay4w
Chaayos,Chaayos Cafe at IRIS Broadway,"Unit No139 & 143, Lower Ground Floor, Block A, Iris Broadway, Sector 85, Gurugram, Haryana 122012",Sector 85,NCR,28.4040275,76.9479222,4.3,391.0,Gurgaon Sec 10 (02/0014),7014,"Google Maps search (public listing), 2026-10-10",ChIJY6K4t849DTkRRPVoMTz1rcs
Chaayos,Chaayos,"Terminal 3, Indira Gandhi International Airport Domestic Arrivals, New Delhi, Delhi 110037",,NCR,28.554395,77.08620499999999,,,Gurgaon DLF (02/0009),7136,"Google Maps search (public listing), 2026-10-10",ChIJ-6VxbYsbDTkRJALp5qIc9a4
Chaayos,Chaayos Experience | Magnum Global Park,"The Boulevard at Magnum Global Park, Sector 58, Gurugram, Haryana 122098",Sector 58,NCR,28.4116083,77.1069559,4.6,291.0,Sec 31 - Gurgaon (02/0016),7211,"Google Maps search (public listing), 2026-10-10",ChIJB7LoOwAhDTkRas73gMYEWsg
Chaayos,Chaayos Cafe at Aerocity,"T3 Domestic Arrivals, Aerocity, Indira Gandhi International Airport, New Delhi, Delhi 110037",Aerocity,NCR,28.5507662,77.121302,4.1,425.0,Gurgaon DLF (02/0009),7272,"Google Maps search (public listing), 2026-10-10",ChIJDR0_VEgdDTkRYJf5VMNfj5s
Chaayos,Chaayos Cafe at The Gallery On MG,"Shop No. 4, The Gallery On Mg Mall, Mehrauli-Gurgaon Rd, near Chattarpur Metro Station, New Manglapuri, Sultanpur, New Delhi, Delhi 110030","New Manglapuri, Sultanpur",NCR,28.5007837,77.1670314,4.1,,Gurgaon DLF (02/0009),7371,"Google Maps search (public listing), 2026-10-10",ChIJG9uZNy0fDTkRlw7jBvWsNLs
Chaayos,Chaayos Vasant Kunj,"Ground Floor LSC, Sector, C-6&7, Plot no. -5, Pocket 6, Sector C, Vasant Kunj, New Delhi, Delhi 110070","Pocket 6, Sector C, Vasant Kunj",NCR,28.5367894,77.1475323,3.9,,Gurgaon DLF (02/0009),7445,"Google Maps search (public listing), 2026-10-10",ChIJvUDeAnkdDTkR16cyYenJUYU
Chaayos,Chaayos Cafe at Felix Plaza,"First floor, Felix Plaza, Unit no, F-28, Mall Village Shikopur, Sector 82A, Gurugram, Haryana 122012",Sector 82A,NCR,28.3829925,76.96665999999999,4.7,23.0,Gurgaon Sec 10 (02/0014),7459,"Google Maps search (public listing), 2026-10-10",ChIJ6f3vNlA9DTkRamc7U_FdZsE
Chaayos,Chaayos,"Unit no, AG -24, Sector 120, Noida, Uttar Pradesh 201316",Sector 120,NCR,28.5864782,77.3987042,4.5,63.0,Sec 18 Noida (02/0001),7568,"Google Maps search (public listing), 2026-10-10",ChIJf69WLGbvDDkR8bYOZs2atQA
Chaayos,"Chaayos Cafe at Pacific Mall, Dwarka","Pacific Mall, Station, Dwarka, New Delhi, Delhi 110077",Dwarka,NCR,28.55283,77.05915,,,Gurgaon DLF (02/0009),7664,"Google Maps search (public listing), 2026-10-10",ChIJH--2lC0bDTkR8LA1GwvFXRY
Chaayos,Chaayos,"Terminal 2, Departures, Delhi 110037",,NCR,28.559738,77.087712,,,Gurgaon DLF (02/0009),7718,"Google Maps search (public listing), 2026-10-10",ChIJt-P8DpYbDTkRsMd7V6X6dec
Chaayos,Chaayos Cafe at Capital Cyberspace,"Unit No - 01,GF, Atrium Area, CAPITAL CYBERSPACE, Sector 59, Gurugram, Haryana 122098",Sector 59,NCR,28.4006649,77.10427,4.3,62.0,Sec 31 - Gurgaon (02/0016),7863,"Google Maps search (public listing), 2026-10-10",ChIJodoEGbohDTkRIsKQd6-yBVs
Chaayos,Chaayos Cafe at Swasthya Vihar,"DDA Commercial Complex, Plot no 10, LSC New, New Rajdhani Enclave, Swasthya Vihar, New Delhi, Delhi 110092","New Rajdhani Enclave, Swasthya Vihar",NCR,28.6425625,77.2960823,4.3,,Connaught place (02/0012),7871,"Google Maps search (public listing), 2026-10-10",ChIJX0n2wOcdDTkRTUcIyDMkvzQ
Chaayos,Chaayos,"Unit no. H1A/24, ground floor, H Block, Sector 63, Noida, Uttar Pradesh 201309","H Block, Sector 63",NCR,28.6276249,77.37531969999999,4.4,78.0,Sec 18 Noida (02/0001),8010,"Google Maps search (public listing), 2026-10-10",ChIJK2XnIMblDDkRE95yJJkjEk4
Chaayos,Chaayos Cafe at Mahagun Metro Mall,"Ground Floor, Mahagun Metro Mall, Sector 3F, Sector 3, Vaishali, Ghaziabad, Uttar Pradesh 201019","Sector 3F, Sector 3, Vaishali",NCR,28.6448235,77.3348279,3.4,,Sec 18 Noida (02/0001),8161,"Google Maps search (public listing), 2026-10-10",ChIJ-asrEK_7DDkRgvZn1E6fYQA
Chaayos,Chaayos Cafe at Shipra Mall,"First floor, Shipra mall, Vaibhav Khand, Indirapuram, Ghaziabad, Uttar Pradesh 201014","Vaibhav Khand, Indirapuram",NCR,28.6337511,77.3703328,4.1,,Sec 18 Noida (02/0001),8263,"Google Maps search (public listing), 2026-10-10",ChIJawEFrpHlDDkRIESX5dDkFcE
Chaayos,Chaayos,"Indira Gandhi Int'l Airport, Terminal 1, Indira Gandhi International Airport, New Delhi, Delhi 110037",Indira Gandhi International Airport,NCR,28.5624072,77.1189162,3.7,51.0,Gurgaon DLF (02/0009),8406,"Google Maps search (public listing), 2026-10-10",ChIJNTKw6X4dDTkRiHgQpMEoUy8
Chaayos,Chaayos Cafe at DLF Promenade,"Shop no 301-B, 2nd Floor, DLF Promenade, Nelson Mandela Marg, Vasant Kunj II, Vasant Kunj, New Delhi, Delhi 110070","Vasant Kunj II, Vasant Kunj",NCR,28.5423617,77.1562647,4.1,,Gurgaon DLF (02/0009),8491,"Google Maps search (public listing), 2026-10-10",ChIJx46dys4dDTkRh2cpJv3dZds
Chaayos,Chaayos Cafe at Indirapuram Habitat Center,"Shop No. 237, 238, 244, Indirapuram Habitat Center, Ahinsa Khand 1, Indirapuram, Ghaziabad, Uttar Pradesh 201014","Ahinsa Khand 1, Indirapuram",NCR,28.6399801,77.3687324,4.0,,Sec 18 Noida (02/0001),8765,"Google Maps search (public listing), 2026-10-10",ChIJBRQVHK36DDkRbXR4yypBFu4
Chaayos,Chaayos,"Ground floor, Ace Medley avenue, Unit no. 22 and 23, Sector 149, Noida, Uttar Pradesh 201310",Sector 149,NCR,28.4424358,77.4838943,4.5,207.0,Sec 143 Noida (02/0006),8852,"Google Maps search (public listing), 2026-10-10",ChIJhyr388rBDDkRpYppl8piS5E
Chaayos,Chaayos Cafe at Basant Lok,"16A, Basant Lok, Vasant Vihar, New Delhi, Delhi 110057","Basant Lok, Vasant Vihar",NCR,28.5585709,77.16412199999999,3.9,440.0,Kalkaji (02/0004),9289,"Google Maps search (public listing), 2026-10-10",ChIJoRTOXPEdDTkRLyo4Gze5cxg
Chaayos,Chaayos,"M7QR+PQG, Durgapuri Extension, Durga Puri, Shahdara, Delhi, 110032","Durgapuri Extension, Durga Puri, Shahdara",NCR,28.6893144,77.2919663,5.0,,Connaught place (02/0012),9716,"Google Maps search (public listing), 2026-10-10",ChIJXTBJFwD7DDkRMdqqwM4f-bE
Chaayos,Chaayos Café Golden I,"E, Plot No: 11, Golden 1, Unit No: 19A, GF, Block D, and, Amrapali Dream Valley, Greater Noida, Uttar Pradesh 201318","Tech Zone IV, Amrapali Dream Valley",NCR,28.5904026,77.435613,3.7,114.0,Sec 143 Noida (02/0006),10052,"Google Maps search (public listing), 2026-10-10",ChIJK_NQq1PvDDkRawtkULRofsM
Chaayos,Chaayos,"Unit No 4A, Plot No, C3 Block, Alpha-II Commercial Belt, Block I, Sector Alpha II, Greater Noida, Brahmpur Rajraula Urf Nawada, Uttar Pradesh 201310","Alpha-II Commercial Belt, Block I, Sector Alpha II",NCR,28.4774856,77.5227936,4.1,127.0,Sec 143 Noida (02/0006),10160,"Google Maps search (public listing), 2026-10-10",ChIJTZhrmA3rDDkRmIGYK6NHAMU
Chaayos,Chaayos Experience | Artha Mart,"Unit No 17,70A,70C, Artha Mart, G 16, Tech Zone IV, Amrapali Dream Valley, Noida, Greater Noida, Uttar Pradesh 201318","Tech Zone IV, Amrapali Dream Valley",NCR,28.5914019,77.4369926,4.6,1057.0,Sec 143 Noida (02/0006),10180,"Google Maps search (public listing), 2026-10-10",ChIJ5elX0WzvDDkRFbRhFLkV4JY
Chaayos,Chaayos,"Ground Floor, Krishna Mall, Unit no. G-18, Plot no. 5, New Delhi, Delhi 110078",,NCR,28.596189,77.049111,,,Paschim Vihar (02/0003),10208,"Google Maps search (public listing), 2026-10-10",ChIJtWB6m9wbDTkRRC-m7BG45Cw
Chaayos,Chaayos Cafe at Vegas Mall,"Vegas Mall, Unit 03/04, Ground Floor, Plot No. 6, Pocket 1, Sector 14 Dwarka, New Delhi, Delhi 110078","Pocket 1, Sector 14 Dwarka",NCR,28.601197,77.029234,,,Paschim Vihar (02/0003),10924,"Google Maps search (public listing), 2026-10-10",ChIJT_PRaOYbDTkR-SGRJt_mlG0
Chaayos,"Chaayos Cafe - Sector 12, Dwarka","Pocket 8, City Center, Block B, Sector 12 Dwarka, Dwarka, New Delhi, Delhi 110078","Sector 12 Dwarka, Dwarka",NCR,28.592437,77.041246,,,Paschim Vihar (02/0003),10974,"Google Maps search (public listing), 2026-10-10",ChIJw_SttsUaDTkRrVx7pX7nQdw
Chaayos,Chaayos Cafe at Gaur City Mall,"Unit No 1-2, Plot No C-1-B-GH-01, Gaur City 1, Sector 4, Greater Noida, Ghaziabad, Uttar Pradesh 201318","Gaur City 1, Sector 4",NCR,28.6065579,77.4295676,4.0,214.0,Sec 18 Noida (02/0001),11091,"Google Maps search (public listing), 2026-10-10",ChIJifFhIirvDDkR3ObRMP9cbfQ
Chaayos,Chaayos cafe at Boulevard Walk,"First Floor, Boulevard Walk, Shop No, 12 And 12A, Greater Noida W Rd, Sector 4, Noida, Uttar Pradesh 201016","Haibatpur, Sector 4",NCR,28.6069917,77.4335589,4.4,,Sec 18 Noida (02/0001),11474,"Google Maps search (public listing), 2026-10-10",ChIJsY_cmtrvDDkRgtGm_e8aQ3g
Chaayos,Chaayos Cafe at The Grand Venice Mall,"Lower Ground Floor, Grand Venice Mall, Plot No SH-03, near Pari Chowk, Block B, Industrial Area, Surajpur Site 4, Greater Noida, Uttar Pradesh 201315","Block B, Industrial Area, Surajpur Site 4",NCR,28.452941,77.5267521,3.9,102.0,Sec 143 Noida (02/0006),11515,"Google Maps search (public listing), 2026-10-10",ChIJ1dyCVdXBDDkR8a-mEScx3fo
Chaayos,Chaayos Cafe at Crossing Republic,"Unit No 6,GF, Global village, Crossings Republik Rd, Crossings Republik, Ghaziabad, Uttar Pradesh 201016",Crossings Republik,NCR,28.6302262,77.4358955,4.5,,Sec 18 Noida (02/0001),12778,"Google Maps search (public listing), 2026-10-10",ChIJfx8tQrzvDDkRI3S6gV9-5gQ
Chaayos,Chaayos Raj Nagar CK Ghaziabad,"MFP2+QM8, Duplex Flats, Block P, Sector 23, Sanjay Nagar, Ghaziabad, Uttar Pradesh 201017","Duplex Flats, Block P, Sector 23, Sanjay Nagar",NCR,28.6869202,77.45170399999999,3.8,4.0,Sec 18 Noida (02/0001),17909,"Google Maps search (public listing), 2026-10-10",ChIJ2TNjcADxDDkRSGr8TVnw0bk
Chaayos,Chaayos cafe at AU Family Hub Ghaziabad,"Ground Floor, AU Family Hub, Shop no. 16,50,51, Ghaziabad, Uttar Pradesh 201015",Wave City,NCR,28.6518637,77.49001229999999,4.5,,Sec 143 Noida (02/0006),18057,"Google Maps search (public listing), 2026-10-10",ChIJrzIluNnzDDkRsWes2bPDVEU
Haldiram's,Haldiram's - Pacific Jasola,"SN FCC/2F/12, CPD No 48, Pacific Mall Food Court, Mathura Road, Station, near Metro Station Jasola Apollo, Sarita Vihar, New Delhi, Delhi 110076","Sarita Vihar, Jasola Vihar",NCR,28.5381213,77.28334579999999,4.8,493.0,"Pacific mall, Jasola (02/0011)",58,"Google Maps search (public listing), 2026-10-10",ChIJaVDg4sjhDDkREYfP2b9Wsmw
Haldiram's,Haldiram's - Noida Sector-18,"No N15 & N16, Lower Ground to 1st Floor, N Block, Pocket K, Sector 18, Noida, Uttar Pradesh 201301","N Block, Pocket K, Sector 18",NCR,28.5718007,77.32362669999999,4.2,7837.0,Sec 18 Noida (02/0001),80,"Google Maps search (public listing), 2026-10-10",ChIJb47qSqjlDDkR4SMXM30PHUo
Haldiram's,Haldiram's - Model Town,"Basement, Ground & 1st Floor, No B/2, opposite Model Town 2, Gujranwala Town Part 1, Gujranwala Town, New Delhi, Delhi 110009","Gujranwala Town Part 1, Gujranwala Town",NCR,28.7043163,77.1894966,4.2,5229.0,Model Town (02/0013),191,"Google Maps search (public listing), 2026-10-10",ChIJxxXoV4EDDTkRWUR50ZIt7ZM
Haldiram's,Haldiram's - Noida Sector-18,"H8CC+4Q2, Pocket L, Sector 18, Noida, Uttar Pradesh 201301","Pocket L, Sector 18",NCR,28.5702504,77.3218878,4.4,19.0,Sec 18 Noida (02/0001),238,"Google Maps search (public listing), 2026-10-10",ChIJC0m_GADlDDkRkcT38n0P6P0
Haldiram's,Haldiram's - Kalkaji,"Ground Floor, No L/43, The Heritage, next to OYO, Block L, Kalkaji, New Delhi, Delhi 110019","Block L, Kalkaji",NCR,28.538861,77.2591904,4.6,3628.0,Kalkaji (02/0004),289,"Google Maps search (public listing), 2026-10-10",ChIJZWbm2qrjDDkRnZeq8LUtiPw
Haldiram's,Haldiram's - Apollo,"Inderprastha, Apollo hospital Sarita vihar, Jasola Vihar, New Delhi, Delhi 110020",Jasola Vihar,NCR,28.5408314,77.2834735,4.6,1605.0,"Pacific mall, Jasola (02/0011)",354,"Google Maps search (public listing), 2026-10-10",ChIJd2eeGGDnDDkRv6Ujazf9Jt8
Haldiram's,Haldiram's - Connaught Place,"6, Connaught Cir, Block L, Connaught Place, New Delhi, Delhi 110001","Block L, Connaught Place",NCR,28.634231,77.2221732,4.1,39704.0,Connaught place (02/0012),608,"Google Maps search (public listing), 2026-10-10",ChIJUZ-i2kn9DDkRiagphJTM52k
Haldiram's,Haldiram's - Janpath Connaught Place,"70, Janpath Rd, Atul Grove Road, Janpath, Connaught Place, New Delhi, Delhi 110001","Atul Grove Road, Janpath, Connaught Place",NCR,28.6281413,77.2198765,4.3,,Connaught place (02/0012),608,"Google Maps search (public listing), 2026-10-10",ChIJg7YD0d_9DDkRgcluULKCP1s
Haldiram's,Haldiram's - DLF Mall Of India,"05, No 41 to 43, Dlf Mall Of India, No C, Sector 18, Noida, Uttar Pradesh 201301",Sector 18,NCR,28.5666012,77.3212312,4.1,,Sec 18 Noida (02/0001),642,"Google Maps search (public listing), 2026-10-10",ChIJIxEQP83lDDkRTRXxAJH5oLU
Haldiram's,"Haldiram's - ARSS Mall, Paschim Vihar","Arss Mall, Market, Friends Tower, Jwalaheri Village, Paschim Vihar, New Delhi, Delhi, 110063","Friends Tower, Jwalaheri Village, Paschim Vihar",NCR,28.6688802,77.10172469999999,4.1,,Paschim Vihar (02/0003),648,"Google Maps search (public listing), 2026-10-10",ChIJ827QEHMEDTkR7wBTZc8aQpw
Haldiram's,"Haldiram's - DLF Tower A, Jasola","A-BLOCK, No JA/001 & JA/005, Tower A, Jasola, Plot No 10, Mall Rd, DFL, Jasola Vihar, New Delhi, Delhi 110025","DFL, Jasola Vihar",NCR,28.5386382,77.28990569999999,4.9,2780.0,"Pacific mall, Jasola (02/0011)",679,"Google Maps search (public listing), 2026-10-10",ChIJE9gJjFrlDDkRGyqMU6SQtPk
Haldiram's,Haldiram Bhujiawala,"A 94/5, Wazirpur Industrial Area Rd, Block A, Wazirpur Industrial Area, Ashok Vihar, New Delhi, Delhi, 110088","Block A, Wazirpur Industrial Area, Ashok Vihar",NCR,28.6999003,77.1588393,3.3,415.0,Shalimar Bagh (02/0015),709,"Google Maps search (public listing), 2026-10-10",ChIJAcFMkS8CDTkRC8R-2QQwgmQ
Haldiram's,Haldiram's - Cyber Hub,"1st Floor, Cyber Hub, Shop No, 114 & 115, DLF Cyber City, Gurugram, Haryana 122002","DLF Cyber City, DLF Phase 2, Sector 24",NCR,28.4964389,77.08919949999999,4.3,3864.0,Gurgaon DLF (02/0009),740,"Google Maps search (public listing), 2026-10-10",ChIJ38h7dzgZDTkRP73mo7g925A
Haldiram's,Haldiram's - Sec-12,"Sco Plot No. S40, Urban Estate, Sector 12, Faridabad, Haryana 121007","Urban Estate, Sector 12",NCR,28.3882401,77.31932599999999,,,Sec 15 Faridabad (02/0007),785,"Google Maps search (public listing), 2026-10-10",ChIJH8MVXxLdDDkRSHrTORUmNgs
Haldiram's,Haldiram's - DLF Tech Park,"Ground Floor, Plot No 1, No HK/01 & 02, Zone 5, Sector 143, Noida, Uttar Pradesh 201304","Zone 5, Sector 143",NCR,28.4965174,77.4289661,4.7,,Sec 143 Noida (02/0006),808,"Google Maps search (public listing), 2026-10-10",ChIJDZpFnTHpDDkRTvPPAyQta_w
Haldiram's,Haldiram's - Nehru Place,"Ground Floor, Pedestrian subway, Plot No 1, near Paras Cinema, Nehru Place, New Delhi, Delhi 110019",Nehru Place,NCR,28.5470676,77.25146889999999,4.5,2393.0,Kalkaji (02/0004),898,"Google Maps search (public listing), 2026-10-10",ChIJnaXuD0fjDDkRbhXa8s6OrYo
Haldiram's,"Haldiram's - D Mall, Rohini Sector 10","B/5, Twin District Center, PN 1, Bhagwan Mahavir Marg, near Rohini West, Swarn Jayanti Park, Sector 10, Rohini, New Delhi, Delhi, 110085","Swarn Jayanti Park, Sector 10, Rohini",NCR,28.7160642,77.11447729999999,4.2,,Rohini Sec-7 (02/0008),1073,"Google Maps search (public listing), 2026-10-10",ChIJT9YFqVoBDTkRU_pb8wjNIUI
Haldiram's,Haldiram's - Sector 15,"Old Judicial Complex, Plot No 1, Mor Chowk, Sector 15, Gurugram, Haryana 122001",Sector 15,NCR,28.4581517,77.0328084,4.3,,Gurgaon Sec-15 (02/0010),1086,"Google Maps search (public listing), 2026-10-10",ChIJ08a1cK0ZDTkRyv9QkQTspyc
Haldiram's,Haldiram's - Madhuban Chowk,"Haldiram - Ground Floor, commercial Complex, RCube Mall, Madhuman Chowk, near Madhuman Chowk, Vats Market, Saraswati Vihar, Pitampura, New Delhi, Delhi, 110034","Vats Market, Saraswati Vihar, Pitampura",NCR,28.7031875,77.1310625,4.5,,Rohini Sec-7 (02/0008),1087,"Google Maps search (public listing), 2026-10-10",ChIJ15TcUQADDTkRQ5LB_Gz7K-Q
Haldiram's,Haldiram's - Advant It Park,"Unit No 15, GF, Tower C, Advant It Park, Noida-Greater Noida Expy, Sector 142, Noida, Uttar Pradesh 201304",Sector 142,NCR,28.501072,77.409093,,,Sec 143 Noida (02/0006),1287,"Google Maps search (public listing), 2026-10-10",ChIJ4Yz-VqPpDDkRksmmvJDBOXE
Haldiram's,Haldiram's,"Hop, IRCTC, Food Plaza, Railway Station, Food Court Counter 11, FF Pop N, New Delhi, Delhi 110002",Ajmeri Gate,NCR,28.6432049,77.2214955,4.5,,Connaught place (02/0012),1288,"Google Maps search (public listing), 2026-10-10",ChIJ48xoxK79DDkRysMGc9rKpFE
Haldiram's,Haldiram,"Ajmeri Gate, New Delhi, Delhi, 110002",Ajmeri Gate,NCR,28.6432523,77.2215865,3.7,,Connaught place (02/0012),1297,"Google Maps search (public listing), 2026-10-10",ChIJk-UdSmb9DDkRKIRiBQkiZN0
Haldiram's,Haldiram's - Sahara Mall Shopping Complex,"BLOCK-A, Shopping Complex, Sahara Mall, Mehrauli-Gurgaon Rd, Gurugram, Haryana 122002","A Block, DLF Phase 1",NCR,28.4797355,77.0867445,4.3,11747.0,Gurgaon DLF (02/0009),1319,"Google Maps search (public listing), 2026-10-10",ChIJVVVVVVUWDTkR4PA1T9nRwsc
Haldiram's,"Haldiram's - Bata NIT, Faridabad","Second Floor, Pacific Mall, Bata Chowk, Krishna Nagar, New Industrial Township, Sector 20B, Faridabad, Haryana 121007","Krishna Nagar, New Industrial Township",NCR,28.3871963,77.31174399999999,4.5,288.0,Sec 15 Faridabad (02/0007),1324,"Google Maps search (public listing), 2026-10-10",ChIJe90NGC3dDDkRc6gIm6LoRDk
Haldiram's,"Haldiram's - Sector 20, Faridabad","Pacific Mall, near Bata Chowk, Krishna Nagar, New Industrial Township, Sector 20B, Faridabad, Haryana 121007","Krishna Nagar, New Industrial Township",NCR,28.38717,77.3116659,4.9,464.0,Sec 15 Faridabad (02/0007),1331,"Google Maps search (public listing), 2026-10-10",ChIJR4vVpCHdDDkRneu4BjIUGM8
Haldiram's,Haldiram's - NSP Pitampura,"Sh/Gh/24, GF, Pacific Mall, NSP Metro Station, Pitampura, New Delhi, Delhi, 110034",Pitampura,NCR,28.6948473,77.1542116,4.5,,Shalimar Bagh (02/0015),1371,"Google Maps search (public listing), 2026-10-10",ChIJ-VyYb5gDDTkRJdlB7j2JDcg
Haldiram's,"Haldiram's - Parsvnath City Mall, Faridabad","Shop No 69-48, Parsavnath City Mall, NH 19, Sector 12, Faridabad, Haryana 121007",Sector 12,NCR,28.3838597,77.3141833,4.4,10433.0,Sec 15 Faridabad (02/0007),1448,"Google Maps search (public listing), 2026-10-10",ChIJcVs78LXdDDkRGcvfvuRHFzk
Haldiram's,Haldiram's - Ambience Mall,"3rd floor, Ambience Mall, No 309 & 310, DLF Phase 3, Gurugram, Haryana 122010","Ambience Island, DLF Phase 3, Sector 24",NCR,28.5030037,77.0969616,4.2,4165.0,Gurgaon DLF (02/0009),1461,"Google Maps search (public listing), 2026-10-10",ChIJG2_nB0wZDTkRN1m35Iu0s_4
Haldiram's,Haldiram's - DLF Down Town,"DT4, DLF DOWNTOWN, Ambience Island, DLF Phase 3, Sector 25, Gurugram, Haryana 122010","Ambience Island, DLF Phase 3, Sector 25",NCR,28.503128,77.096657,4.8,,Gurgaon DLF (02/0009),1466,"Google Maps search (public listing), 2026-10-10",ChIJgZxOdOAZDTkRMuU_zSrg4GM
Haldiram's,Haldiram's - Pacific Mall Pitampura,"GF, Pacific Mall, Metro Station, No EK/GF/15, FCC/01, near Netaji Subhash Place, Netaji Subhash Place, Pitampura, New Delhi, Delhi 110034","Netaji Subhash Place, Pitampura",NCR,28.6935772,77.1536342,4.5,,Shalimar Bagh (02/0015),1501,"Google Maps search (public listing), 2026-10-10",ChIJB4HcVEcDDTkRCO0sEd1-quY
Haldiram's,Haldiram's - Pitampura,"3rd Floor, Unity One Elegante Mall, T12, Netaji Subhash Place, Pitampura, New Delhi, Delhi 110034","Netaji Subhash Place, Pitampura",NCR,28.695331,77.15203199999999,4.5,,Shalimar Bagh (02/0015),1524,"Google Maps search (public listing), 2026-10-10",ChIJ-ec_RnIDDTkRyJH38aiuBf0
Haldiram's,Haldiram's - Tughlakabad,"TA 98, Gali No 3, Road, No 13, Okhla Estate Marg, Tughlakabad Extension, New Delhi, Delhi 110019","Kalkaji Extension, Block A 8, Tughlakabad Extension, Kalkaji",NCR,28.526473,77.257708,4.6,905.0,Kalkaji (02/0004),1573,"Google Maps search (public listing), 2026-10-10",ChIJWzp1hHjhDDkRAUSRs7jS-Mo
Haldiram's,Haldiram's - NIT 5,"Cp1 fruit garden, Unicolors, Railway Rd, near Amrit Jal Factory, New Industrial Twp 5, New Industrial Township, Faridabad, Haryana 121001","New Industrial Township 5, New Industrial Township",NCR,28.3991773,77.30660379999999,4.6,142.0,Sec 15 Faridabad (02/0007),1588,"Google Maps search (public listing), 2026-10-10",ChIJMwOTRQDdDDkR48FhaLNAxWw
Haldiram's,Haldiram's - MGF Metropolitan Mall,"3rd floor, MGF Metropolitan Mall, Mehrauli-Gurgaon Rd, near MGF Metro Station, DLF Phase 2, Sector 25, Gurugram, Sarhol, Haryana 122009","DLF Phase 2, Sector 25",NCR,28.4809652,77.0803792,4.8,,Gurgaon DLF (02/0009),1588,"Google Maps search (public listing), 2026-10-10",ChIJxaLBIYwZDTkRJJ4cVWDPf_I
Haldiram's,Haldiram's - Greater Kailash 2,"M Block Market, Shop No. M-47, Inder Mohan Bhardwaj Marg, New Delhi, Delhi 110048","Block M, Greater Kailash II, Greater Kailash",NCR,28.5336578,77.2426521,5.0,1.0,Kalkaji (02/0004),1600,"Google Maps search (public listing), 2026-10-10",ChIJwez5-NThDDkRYRIJ8vEgHhQ
Haldiram's,"Haldiram's - D Mall, Pitampura","1st Floor, DMALL, Netaji Subhash Place, Pitampura, New Delhi, Delhi, 110034","Netaji Subhash Place, Pitampura",NCR,28.6927385,77.1528641,4.2,,Shalimar Bagh (02/0015),1617,"Google Maps search (public listing), 2026-10-10",ChIJcd8a6zMCDTkR968vHC8RKxY
Haldiram's,Haldiram's - Gurugram Sector 29,"Shop No. 316, Huda Market, near to Rana Motors, Sector 29, Gurugram, Haryana 110019",Sector 29,NCR,28.4635673,77.06521839999999,4.2,5934.0,Sec 31 - Gurgaon (02/0016),1887,"Google Maps search (public listing), 2026-10-10",ChIJq6DDl7oZDTkR4Wr25fpBUp8
Haldiram's,"Haldiram's - Faridabad, Sector 16","SCO No 92, HUDA Staff Colony, Sector 16, Faridabad, Haryana 121002","HUDA Staff Colony, Sector 16",NCR,28.4119324,77.3198985,4.7,1360.0,Sec 15 Faridabad (02/0007),1909,"Google Maps search (public listing), 2026-10-10",ChIJIV-rFwfdDDkRyMyMjbSS7ao
Haldiram's,Haldiram's - Gurugram Sector 14,"SCO 17, Industrial Estate, Sector 14, Gurugram, Haryana 122007","Industrial Estate, Sector 14",NCR,28.4761078,77.0450489,4.4,,Gurgaon Sec-15 (02/0010),1966,"Google Maps search (public listing), 2026-10-10",ChIJ_Uuc2kgZDTkROLLdL0PIVd8
Haldiram's,Haldiram's - Jahangirpuri,"Rajasthani Co Op Indl Estate Ltd, PN 6, GT Karnal Rd, I Block, Rajasthan Udyog Nagar, Jahangirpuri, New Delhi, Delhi, 110033","I Block, Rajasthan Udyog Nagar, Jahangirpuri",NCR,28.7216362,77.1624703,4.0,4.0,Shalimar Bagh (02/0015),2218,"Google Maps search (public listing), 2026-10-10",ChIJG7hFOuIBDTkR9TC2dGPx9yU
Haldiram's,Haldiram's - Greater Kailash 1,"Shop No.M, 35, Greater Kailash-1, M Block, Greater Kailash I, Greater Kailash, New Delhi, Delhi 110048","Greater Kailash-1, M Block, Greater Kailash I, Greater Kailash",NCR,28.5497725,77.2366948,4.7,,Kalkaji (02/0004),2229,"Google Maps search (public listing), 2026-10-10",ChIJeeqLGozjDDkRvPGdYeXt6f4
Haldiram's,Haldiram's - Fortis Hospital Complex,"Food Court, Complex, Fortis Hospital Rd, near Huda City Centre Metro, Sector 44, Gurugram, Haryana 140306",Sector 44,NCR,28.4570767,77.0732603,4.9,,Sec 31 - Gurgaon (02/0016),2305,"Google Maps search (public listing), 2026-10-10",ChIJY9aJSfUZDTkRw4jC3DrD8CA
Haldiram's,Haldiram's - Karol Bagh,"Unit No. 5, Ground Floor, KW Blue Pearl Mall, Desh Bandhu Gupta Rd, near Faiz Chowk, Jhandewalan, Ashoka Pahari, Ashok Nagar, Karol Bagh, New Delhi, Delhi, 110055","Jhandewalan, Ashoka Pahari, Ashok Nagar, Karol Bagh",NCR,28.6482745,77.2001308,4.7,,Connaught place (02/0012),2349,"Google Maps search (public listing), 2026-10-10",ChIJE-pWZ1_9DDkRk_-pPc7KPAw
Haldiram's,Haldiram's - Spice Mall,"Shop No. 108-109, Spice World Mall, Town Centre, Sector 25A, Noida, Uttar Pradesh 201307","Town Centre, Sector 25A",NCR,28.5862615,77.34114629999999,4.2,,Sec 18 Noida (02/0001),2369,"Google Maps search (public listing), 2026-10-10",ChIJqfcc-ajlDDkRQaCAHxDuJnA
Haldiram's,Haldiram's - Mathura Road,"No B, 1/ E-9, Metro Station, Mathura Rd, near Mohan Estate, Block B, Mohan Cooperative Industrial Estate, Badarpur, New Delhi, Delhi 110044","Block B, Mohan Cooperative Industrial Estate, Badarpur",NCR,28.5184458,77.29430119999999,4.3,,"Pacific mall, Jasola (02/0011)",2404,"Google Maps search (public listing), 2026-10-10",ChIJqaqQU6vmDDkRYowe2pA5K4c
Haldiram's,Haldiram's - Punjabi Bagh,"Ground Floor, 2/80-A, Plot No-2, near Road Number 80, West Punjabi Bagh, Punjabi Bagh, New Delhi, Delhi 110026","West Punjabi Bagh, Punjabi Bagh",NCR,28.6659193,77.1270882,4.6,,Paschim Vihar (02/0003),2450,"Google Maps search (public listing), 2026-10-10",ChIJgwQ5f64DDTkRhR72WWo9WZg
Haldiram's,Haldiram's - NIT Faridabad,"4th Floor, Pacific Mall, No FCC/4, F/13, near BK Chowk, New Industrial Township, Faridabad, Haryana 121001","Aravalli Golf Course, New Industrial Township",NCR,28.3865419,77.2988938,4.7,446.0,Sec 15 Faridabad (02/0007),2451,"Google Maps search (public listing), 2026-10-10",ChIJ896gPXLdDDkRON9vNFYLHsI
Haldiram's,Haldiram's - Gurugram pikup,"4, Ashok Puri, Dayanand Colony, Sector 6, Gurugram, Haryana 122001","Ashok Puri, Dayanand Colony, Sector 6",NCR,28.4716225,77.0231256,,,Gurgaon Sec-15 (02/0010),2504,"Google Maps search (public listing), 2026-10-10",ChIJ8TiKTgAZDTkRpB4SHWqZtQg
Haldiram's,Haldiram's - Sector 11D Faridabad,"SCF 24, Sector 11D, Pocket D, Faridabad, Haryana 121006","Sector 11D, Pocket D",NCR,28.372231,77.31970299999999,4.7,427.0,Sec 15 Faridabad (02/0007),2528,"Google Maps search (public listing), 2026-10-10",ChIJhcihVADdDDkRepAQ-4um47s
Haldiram's,Haldiram's - Pusa road 2,"Ground Floor, 11, Pusa Rd, opp. Metro Pillar No.87, Block 17 A, WEA, Karol Bagh, New Delhi, Delhi, 110005","Block 17 A, WEA, Karol Bagh",NCR,28.6450498,77.19302549999999,4.3,,Connaught place (02/0012),2656,"Google Maps search (public listing), 2026-10-10",ChIJE9CbclQDDTkRsOW9wnZDQYY
Haldiram's,Haldiram's - Amolik City Walk Sector 81 Faridabad,"Amolik Plaza, City Walk, Sector 81, Faridabad, Haryana 121007",Sector 81,NCR,28.3888155,77.3489985,4.5,,Sec 15 Faridabad (02/0007),2717,"Google Maps search (public listing), 2026-10-10",ChIJLyKxxZDdDDkRbqmHZ3aF-7o
Haldiram's,Haldiram's - Kalindi Kunj,"Unit No 5, Gr Floor, Commercial complex Kalindi Kunj, near Metro Station, Madanpur Khadar, New Delhi, Delhi 110076",Madanpur Khadar,NCR,28.5431748,77.3102297,4.7,100.0,"Pacific mall, Jasola (02/0011)",2725,"Google Maps search (public listing), 2026-10-10",ChIJ1y5VVQDlDDkRj3HUhQKWceI
Haldiram's,Haldiram's - New Friends Colony,"Trimurti Building, 15, New Friends Colony, Delhi, New Delhi, Delhi 110025","Block A, New Friends Colony",NCR,28.5628262,77.2689406,4.6,2949.0,Kalkaji (02/0004),2732,"Google Maps search (public listing), 2026-10-10",ChIJ6Q45sFzhDDkRWseBqJXCWGM
Haldiram's,Haldiram's - Kamla Nagar,"Shop No. D-48, Ground Floor & First Floor, Satyawati Marg Block 4, Roop Nagar, Kamla Nagar, New Delhi, Delhi 110007","Block D, Kamla Nagar",NCR,28.6828675,77.2005776,4.3,536.0,Model Town (02/0013),2760,"Google Maps search (public listing), 2026-10-10",ChIJb_puYK0DDTkRZ3LLA1GzrZU
Haldiram's,Haldiram's - Pandara Road,"Bikaner House, Man Singh Road Area, New Delhi, Delhi 110003",Man Singh Road Area,NCR,28.609304,77.22894,,,Connaught place (02/0012),2870,"Google Maps search (public listing), 2026-10-10",ChIJoYsg5r3jDDkRNZAER62jAyU
Haldiram's,Haldiram's - Logix City Center Mall Noida Sec,"Ground Floor, Plot No, Logix City Centre, BW 58, Wave City Center, Sector 32, Noida, Uttar Pradesh 201307","Wave City Center, Sector 32",NCR,28.5742892,77.3532338,4.2,,Sec 18 Noida (02/0001),2968,"Google Maps search (public listing), 2026-10-10",ChIJfxWNLMPlDDkRD5p6h6pFMd0
Haldiram's,Haldiram's - Chandni Chowk,"Chandni Chowk Rd, near Gurdwara SIS Ganj Sahib, Old Delhi, Kucha Mahajani, Chandni Chowk, New Delhi, Delhi, 110006","Old Delhi, Kucha Mahajani, Chandni Chowk",NCR,28.656397,77.23172339999999,4.0,,Connaught place (02/0012),3049,"Google Maps search (public listing), 2026-10-10",ChIJowswABv9DDkRlIwWegNm4LA
Haldiram's,"Haldiram's - Raj Nagar, Delhi","Plot No 1, Block L, Raj Nagar, Pitampura, New Delhi, Delhi, 110034","Block L, Raj Nagar, Pitampura",NCR,28.6853741,77.1407151,4.5,,Shalimar Bagh (02/0015),3056,"Google Maps search (public listing), 2026-10-10",ChIJPV1LRnsDDTkRCo7BvpMxD8E
Haldiram's,Haldiram's - Ardee Mall Gurugram Sector 52,"1st Floor, Ardee Mall, Unit No 3 & 4, Ardee City, Sector 52, Gurugram, Haryana 122003","Ardee City, Sector 52",NCR,28.445382,77.08058679999999,4.6,1187.0,Sec 31 - Gurgaon (02/0016),3093,"Google Maps search (public listing), 2026-10-10",ChIJm_wKYskZDTkRvQpAKlcLiFs
Haldiram's,"Haldiram's- Omaxe Mall, Chandni Chowk","SF/51, Omaxe Mall, SF/51A to 56, HC Sen Marg, Old Delhi, Gandhi Maidan, Chandni Chowk, New Delhi, Delhi, 110006","Old Delhi, Gandhi Maidan, Chandni Chowk",NCR,28.6576198,77.23122,4.8,,Connaught place (02/0012),3145,"Google Maps search (public listing), 2026-10-10",ChIJj5AlmYb9DDkRLI7wf6QaoYo
Haldiram's,Haldiram's - Lajpat Nagar,"45, Ring Rd, Block H, Lajpat Nagar III, Lajpat Nagar, New Delhi, Delhi 110024","Block H, Lajpat Nagar III, Lajpat Nagar",NCR,28.5655112,77.2380371,4.2,21269.0,Kalkaji (02/0004),3331,"Google Maps search (public listing), 2026-10-10",ChIJgzPPG4DiDDkRQVtSuAQtNPA
Haldiram's,"Haldiram's - R-Cube Monad Mall, Noida","Stall No 1, 3rd Floor, R Cube Monad Mall, Food Court, Block A, Sector 43, Noida, Uttar Pradesh 201303","Block A, Sector 43",NCR,28.5607029,77.3566668,4.3,,Sec 18 Noida (02/0001),3533,"Google Maps search (public listing), 2026-10-10",ChIJNwYVZTnlDDkRcIG6UGD65HQ
Haldiram's,Haldiram's - Khayala,"Community Centre, Pacific Mall, Najafgarh Rd, Khyala, Tilak Nagar, New Delhi, Delhi, 110018","Khyala, Tilak Nagar",NCR,28.6425336,77.10646369999999,4.1,5689.0,Paschim Vihar (02/0003),3550,"Google Maps search (public listing), 2026-10-10",ChIJP3f0HsEEDTkR-i9B7qkP2Y8
Haldiram's,Haldiram's - Element One Mall,"Ground Floor, Block B, Unit No BG/01, Park Hospital Rd, near Park Hospital, Sector 47 & 49, Sector 49, Gurugram, Fatehpur, Haryana 122018","Sector 47 & 49, Sector 49",NCR,28.4200845,77.05089869999999,4.3,,Sec 31 - Gurgaon (02/0016),3656,"Google Maps search (public listing), 2026-10-10",ChIJyb6wTuQjDTkRagBVlqTMQdM
Haldiram's,Haldiram's - Tis Hazari,"Shop No 3, Ground Floor, Metro Station, PD Area, Kamla Nehru Ridge, Tis Hazari, New Delhi, Delhi, 110054","PD Area, Kamla Nehru Ridge, Tis Hazari",NCR,28.667217,77.216517,4.1,170.0,Connaught place (02/0012),3852,"Google Maps search (public listing), 2026-10-10",ChIJ0-HOSpr9DDkROepGUmGg5ZQ
Haldiram's,Haldiram's - Tilak Nagar,"4B/16, Shivaji Marg, Block 4B, Tilak Nagar, New Delhi, Delhi, 110018","Block 4B, Tilak Nagar",NCR,28.6391839,77.1010313,4.2,2626.0,Paschim Vihar (02/0003),3924,"Google Maps search (public listing), 2026-10-10",ChIJVx5lwWMDDTkR46sGpQmQHXk
Haldiram's,Haldiram's - Rajouri Garden,"Block C, Plot No C/4, Block C, Rajouri Garden, New Delhi, Delhi, 110027","Block C, Rajouri Garden",NCR,28.6445511,77.126961,4.4,3486.0,Paschim Vihar (02/0003),4008,"Google Maps search (public listing), 2026-10-10",ChIJaykGkWEDDTkR5eU-JFCBOxI
Haldiram's,"Haldiram's - M3M Atrium 57, Gurgaon","12 H Block, Shop No to, 03, Sushant Lok Rd, Triga, Gurugram, Haryana 122011","Triga, Sector 57",NCR,28.4235918,77.0752227,4.5,,Sec 31 - Gurgaon (02/0016),4083,"Google Maps search (public listing), 2026-10-10",ChIJ39Kie5wjDTkR5OlaA47pLfs
Haldiram's,Haldiram's - DLF Saket,"DLF saket, Plot no3, Community Center, near Market 99 Store, opposite DLF Avenue, Saket District Centre, District Centre, south Gate, Pushp Vihar, New Delhi, Delhi 110017","Saket District Centre, District Centre, south Gate, Pushp Vihar",NCR,28.5274335,77.2170852,4.5,3082.0,Kalkaji (02/0004),4165,"Google Maps search (public listing), 2026-10-10",ChIJGeqaxfThDDkRTvMoPiChQS0
Haldiram's,Haldiram's - White Land,"Whiteland Corporation Pvt Ltd, A01 & 02, Begumpur Khatola, Sector 71, Gurugram, Haryana 122101","Begumpur Khatola, Sector 71",NCR,28.401768,77.017652,4.4,,Gurgaon Sec 10 (02/0014),4381,"Google Maps search (public listing), 2026-10-10",ChIJW1my5scjDTkRqVceKbkB5Og
Haldiram's,Haldiram's - Kotla,"Plot No 1509, Bhishma Pitamah Marg, South Extension I, Wazir Nagar, New Delhi, Delhi 110003","South Extension I, Wazir Nagar",NCR,28.5700128,77.2262683,4.7,,Kalkaji (02/0004),4438,"Google Maps search (public listing), 2026-10-10",ChIJy0comOrjDDkR-1xvzA17uY0
Haldiram's,Haldiram's - Devli Khanpur,"Shop No, C-197, Devli Rd, Pocket E, Jawahar Park, Khanpur, New Delhi, Delhi 110080","Pocket E, Jawahar Park, Khanpur",NCR,28.5070099,77.2318884,4.6,,Kalkaji (02/0004),4469,"Google Maps search (public listing), 2026-10-10",ChIJK383X9ThDDkRIb5rrEu5FNg
Haldiram's,Haldiram's - Malviya Nagar,"Plot No. C-9, Main Market, Malviya Nagar, New Delhi, Delhi 110017","Old Market, Block C, Malviya Nagar",NCR,28.5363491,77.2113806,4.3,,Kalkaji (02/0004),4481,"Google Maps search (public listing), 2026-10-10",ChIJ4dVaMAb7DDkRHk-rgcglZoE
Haldiram's,"Haldiram's - Sector 28, Faridabad","Amolik City Life Mall, Main, Mathura Rd, near Metro Pillar No 619, Rajendra Colony, Sector 28, Faridabad, Haryana 121008","Rajendra Colony, Sector 28",NCR,28.4346651,77.3098808,4.6,1621.0,Sec 15 Faridabad (02/0007),4583,"Google Maps search (public listing), 2026-10-10",ChIJ_cCiBW3dDDkRWAKmWfntp90
Haldiram's,Haldiram's - Kherki Daula,"Ground Floor, CX2M+VCH, NH 8, Jaipur - Delhi Expy, Kherki Daula, Sector 84, Gurugram, Haryana 122012","Kherki Daula, Sector 84",NCR,28.4017674,76.9892876,4.3,,Gurgaon Sec 10 (02/0014),4585,"Google Maps search (public listing), 2026-10-10",ChIJO-SeP0c8DTkRuxGslGfQwrI
Haldiram's,Haldiram's - Moti Nagar,"Ground Plot, 19A, Shivaji Marg, Moti Nagar, Karampura Industrial Area, Moti Nagar, New Delhi, Delhi, 110015","Moti Nagar, Karampura Industrial Area, Moti Nagar",NCR,28.6615029,77.1499283,4.2,,Paschim Vihar (02/0003),4713,"Google Maps search (public listing), 2026-10-10",ChIJLQxD6P8CDTkRy_t0FdNpQr8
Haldiram's,"Haldiram's - Sector H21 C, Faridabad","Ground, 1st & 2nd Floor, Market, SCO 135, Sector 21C, Faridabad, Haryana 121012",Sector 21C,NCR,28.4306956,77.296199,4.5,444.0,Sec 15 Faridabad (02/0007),4720,"Google Maps search (public listing), 2026-10-10",ChIJC2AW4cndDDkR_OuIWL8OT00
Haldiram's,"Haldiram's - Eros One, Jangpura Extension","Ground Floor, Cinema Plot, Eros Rd, Block H, Jungpura Extension, New Delhi, Delhi 110014","Block H, Jungpura Extension",NCR,28.5811793,77.2421856,4.7,2056.0,Kalkaji (02/0004),4737,"Google Maps search (public listing), 2026-10-10",ChIJ_ZZCSD7jDDkRaLpTT3XE5nc
Haldiram's,"Haldiram's- Elan Miracle Mall, Gurgaon","GF-147A, E Elan Miracle Mall, Northern Peripheral Rd, Sector 84, Gurugram, Haryana 122012",Sector 84,NCR,28.415111,76.9639072,4.3,,Gurgaon Sec 10 (02/0014),5029,"Google Maps search (public listing), 2026-10-10",ChIJyZmtZQA9DTkRbgr1WUOzYdI
Haldiram's,Haldiram's - DLF Summit,"2nd Floor, 2/11, Unit No. SC 1, 12,13 & 14, DLF Summit Rd, Sector 54, Gurugram, Haryana 122009","DLF Phase 5, Sector 54",NCR,28.4460307,77.10597109999999,5.0,,Gurgaon DLF (02/0009),5112,"Google Maps search (public listing), 2026-10-10",ChIJtQ9hSjwfDTkRqxguXUsmLqY
Haldiram's,"Haldiram's - Grand Street, Noida","Ground Floor, Unit No 06 to 09, Grand Street, Zone 1, Sector 132, Noida, Uttar Pradesh 201304","Zone 1, Sector 132",NCR,28.512558,77.371147,,,Sec 143 Noida (02/0006),5164,"Google Maps search (public listing), 2026-10-10",ChIJHWCY-2XnDDkRq8knc2xwn9Y
Haldiram's,Haldiram's - Saket,"PVR Anupam Saket, 13, Community Center, Ashok Vihar, Saket, New Delhi, Delhi 110017","Ashok Vihar, Saket",NCR,28.5232885,77.20750559999999,4.4,1060.0,Kalkaji (02/0004),5204,"Google Maps search (public listing), 2026-10-10",ChIJ-TmiRrHhDDkROQyuElALzes
Haldiram's,Haldiram's - Paras One33,"Paras One33, Shop No 16 to 22 & 29 to 32, Plot No C1 & D1, Sector 133, Noida, Uttar Pradesh 201304",Sector 133,NCR,28.510444,77.369973,,,Sec 143 Noida (02/0006),5222,"Google Maps search (public listing), 2026-10-10",ChIJQf8A7E_nDDkR7EcjFOkQvyI
Haldiram's,Haldiram's - Vatika Business Park Sector 49,"Ground Floor, Block 3, VATIKA BUSINESS PARK, Vatika City, Block W, Sector 49, Gurugram, Haryana 122018","Vatika City, Block W, Sector 49",NCR,28.4061318,77.04528719999999,4.3,,Sec 31 - Gurgaon (02/0016),5229,"Google Maps search (public listing), 2026-10-10",ChIJYSUHcpAiDTkRTZ7F45qBGFM
Haldiram's,Haldiram's godown,"J89J+PQP, Integrated Freight Complex, Gharoli, Delhi, 110096","Integrated Freight Complex, Gharoli",NCR,28.6192327,77.33219079999999,,,Sec 18 Noida (02/0001),5309,"Google Maps search (public listing), 2026-10-10",ChIJdR0afQDlDDkRCjS76kO4Bsk
Haldiram's,Haldiram's - Green Park,"No R/11, Green Park, New Delhi, Delhi 110016","Block D, Green Park",NCR,28.5567456,77.2053644,4.4,,Kalkaji (02/0004),5353,"Google Maps search (public listing), 2026-10-10",ChIJwRjuJTHjDDkRpkJ6u0XYfKw
Haldiram's,"Haldiram's - Spectrum Mall, Noida","Shop No. LGF/14, Tower A, Spectrum metro mall, Gardenia Gateway, Sector 75, Noida, Uttar Pradesh 201316","Gardenia Gateway, Sector 75",NCR,28.5745778,77.3789657,4.2,2742.0,Sec 18 Noida (02/0001),5478,"Google Maps search (public listing), 2026-10-10",ChIJfy7yDejvDDkRrcHIIDHhFBI
Haldiram's,Haldiram's - CBD Surajkund,"Shop No 19, Cbd Commercial, Mall, Badkhal Road, Sector 39, Surajkund, Faridabad, Haryana 121009","Sector 39, Surajkund",NCR,28.488621,77.289501,4.7,431.0,"Pacific mall, Jasola (02/0011)",5491,"Google Maps search (public listing), 2026-10-10",ChIJV0qTOoTnDDkRA0PL36SEyWY
Haldiram's,Haldiram's - Satya Mall,"GF, The Hive, Unit No A2, 17 to 26, Dhankot, Gurugram, Haryana 122505",,NCR,28.4722152,76.96291049999999,4.6,,Gurgaon Sec 10 (02/0014),5592,"Google Maps search (public listing), 2026-10-10",ChIJDzbgZd4XDTkRSAMYOZf6aYM
Haldiram's,Haldiram's - Global Foyer Mall Palam Vihar,"Shop No 58 to 60, Global Foyer Mall, H Block, Pocket H, Sector 1, Palam Vihar, Gurugram, Haryana 122017","H Block, Pocket H, Sector 1, Palam Vihar",NCR,28.511373,77.0400847,4.3,,Gurgaon DLF (02/0009),5627,"Google Maps search (public listing), 2026-10-10",ChIJCwhR604ZDTkRzt5sOLO3LKk
Haldiram's,"Haldiram's - Unity One Mall, Janakpuri","Unity One Mall, West Metro Station, near Janakpuri, Narang Colony, Chander Nagar, Janakpuri, New Delhi, Delhi, 110058","Narang Colony, Chander Nagar, Janakpuri",NCR,28.6287108,77.07660589999999,4.1,1447.0,Paschim Vihar (02/0003),5735,"Google Maps search (public listing), 2026-10-10",ChIJb3GZRf8FDTkRH-HpjNsq1CM
Haldiram's,Haldiram's - Skymark One,"SkymarkOne Sector 98, Plot No H/10A, Noida, Uttar Pradesh 201304",,NCR,28.531877,77.361082,,,Sec 18 Noida (02/0001),5828,"Google Maps search (public listing), 2026-10-10",ChIJa9Vfs0LnDDkRDtDti7x4eQg
Haldiram's,Haldiram's - Gurugram Sector 70,"ground floor, Retail Complex, GF-01A to GF-01E, Three Road, Sector 70, Gurugram, Haryana 122101",Sector 70,NCR,28.3916119,77.03037719999999,4.3,,Gurgaon Sec 10 (02/0014),5853,"Google Maps search (public listing), 2026-10-10",ChIJ28t8kJkjDTkR4W7AgvNTWrQ
Haldiram's,Haldiram's - KLJ Square,"Ground Floor, Tower A, KLJ Square, No 45, NH 8, Shikohpur, Sector 83, Gurugram, Haryana 122012","Shikohpur, Sector 83",NCR,28.390601,76.975081,4.6,,Gurgaon Sec 10 (02/0014),6311,"Google Maps search (public listing), 2026-10-10",ChIJYUnjfBE9DTkRxmnw2cw0l-M
Haldiram's,Haldiram's - Safdarjung,"AB, Plot No-5, Block, Safdarjung Development Scheme, Block A 1, Nauroji Nagar, Safdarjung Enclave, New Delhi, Delhi 110029","Block A 1, Nauroji Nagar, Safdarjung Enclave",NCR,28.5657751,77.19895029999999,1.0,,Kalkaji (02/0004),6322,"Google Maps search (public listing), 2026-10-10",ChIJ4_OTQ07jDDkR4dtO9lSKO0o
Haldiram's,Haldiram's - Akshardham,"Shop No UG/09, Ground Floor, Parsvnath Mall, near Akshardham metro station, Pandav Nagar, New Delhi, Delhi, 110092",Pandav Nagar,NCR,28.6175604,77.2793844,4.2,11588.0,Connaught place (02/0012),6386,"Google Maps search (public listing), 2026-10-10",ChIJ6VywCFrjDDkRxMmaZOmC7Xw
Haldiram's,Haldiram snacks private ltd,"Rani Ramgarh Rd, Block A, Industrial Area, Sector 62, Noida, Uttar Pradesh 201309","Block A, Industrial Area, Sector 62",NCR,28.6214137,77.35788289999999,4.3,796.0,Sec 18 Noida (02/0001),6451,"Google Maps search (public listing), 2026-10-10",ChIJucfjydXlDDkRwcY2NJZtu2U
Haldiram's,Haldiram's- Binge Central,"Binge Central, Plot No B/2, near Candor Techspace, Block B, Industrial Area, Sector 62, Noida, Uttar Pradesh 201309","Block B, Industrial Area, Sector 62",NCR,28.6213175,77.3581939,4.2,,Sec 18 Noida (02/0001),6458,"Google Maps search (public listing), 2026-10-10",ChIJuw4qJLzlDDkR1Ph5OC8kMlg
Haldiram's,HALDIRAM,"First Floor, Bharti Worldmark, Food court, Sector 65, Gurugram, Haryana 122101",Sector 65,NCR,28.3980023,77.0718917,3.5,72.0,Sec 31 - Gurgaon (02/0016),6470,"Google Maps search (public listing), 2026-10-10",ChIJE1mUOkEjDTkRJ7mrmLBlRcc
Haldiram's,Haldiram's - Worldmark Gurugram Sector 65,"1st, World Mark Tower 3, Food Court, 1, Maidawas Rd, Sector 65, Gurugram, Haryana 122101",Sector 65,NCR,28.3979962,77.0718866,4.7,,Sec 31 - Gurgaon (02/0016),6471,"Google Maps search (public listing), 2026-10-10",ChIJp7J32lAjDTkRYtDFwgHhs4s
Haldiram's,Haldiram's - Sarojini Nagar,"Shop No. 31 & 103, DLF South Square, Block G, Sarojini Nagar, New Delhi, Delhi 110023","Block G, Sarojini Nagar",NCR,28.5764695,77.1947898,4.2,,Connaught place (02/0012),6581,"Google Maps search (public listing), 2026-10-10",ChIJa6wzPijjDDkRb7cCaHjHm0U
Haldiram's,Haldiram's - Vikas Marg,"Commercial Complex, No A/67, V3S Mall, Vikas Marg, Laxmi Nagar, Swasthya Vihar, New Delhi, Delhi 110092","Veer Savarkar Block, Laxmi Nagar, Swasthya Vihar",NCR,28.6368795,77.2859493,4.7,460.0,Connaught place (02/0012),6820,"Google Maps search (public listing), 2026-10-10",ChIJA5_dG139DDkRIbaf8Mpl5VY
Haldiram's,Haldiram's - Vista Square,"3rd Floor, Vista Square, Unit NO.87, Food court, Vatika Sector Rd, Sector 82A, Gurugram, Haryana 122012",Sector 82A,NCR,28.3870059,76.9711296,5.0,,Gurgaon Sec 10 (02/0014),6850,"Google Maps search (public listing), 2026-10-10",ChIJsbNYbjs9DTkR8UJIz_cr1vo
Haldiram's,Haldiram's - Gurugram Sector-66,"AIPL JOY STREET, Badshahpur, Sector 66, Gurugram, Haryana 122101","Badshahpur, Sector 66",NCR,28.3917797,77.0588267,4.4,,Sec 31 - Gurgaon (02/0016),6856,"Google Maps search (public listing), 2026-10-10",ChIJ5VhxwZEjDTkRg_AJWu8On18
Haldiram's,Haldiram's - V3S Mall,"Kiosk No 1 Plot No 12, V3S East Centre Laxmi Nagar, near Vikas Marg, Nirman Vihar, Swasthya Vihar, New Delhi, Delhi 110092","Veer Savarkar Block, Nirman Vihar, Swasthya Vihar",NCR,28.6371053,77.286538,4.3,671.0,Connaught place (02/0012),6880,"Google Maps search (public listing), 2026-10-10",ChIJvf8dTzP7DDkR-xm746rrrIk
Haldiram's,Haldiram's - Krishna Nagar,"No C, lal quarter market, 9/14, Block C, Krishna Nagar, New Delhi, Delhi, 110051","Block C, Krishna Nagar",NCR,28.6560001,77.2817116,4.4,,Connaught place (02/0012),6900,"Google Maps search (public listing), 2026-10-10",ChIJwYyiuSH9DDkRmtQxxYPGFmU
Haldiram's,Haldiram's,"F-126 , HDFC BANK main road market Qutub industrial area, Katwaria Sarai, New Delhi, Delhi 110016","Naraina, Block A, Katwaria Sarai",NCR,28.5405791,77.18532069999999,4.5,1744.0,Kalkaji (02/0004),7001,"Google Maps search (public listing), 2026-10-10",ChIJdxWpyCsdDTkRtqND7gTGXNk
Haldiram's,Haldiram's - T3 INT Departure Right A,"INTERNATONAL DEPARTURE, Terminal 3, Unit No IP 11A, New Delhi, Delhi 110037",,NCR,28.5534067,77.0844127,4.7,,Gurgaon DLF (02/0009),7045,"Google Maps search (public listing), 2026-10-10",ChIJndx5xO4ZDTkRkPcnlciBwPw
Haldiram's,"Haldiram's - Janak Cinema Complex, Janakpuri","Cont No. 2, Janak Cinema Complex, Comp, Pankha Rd, RWA Colony, Janakpuri, New Delhi, Delhi, 110058","RWA Colony, Janakpuri",NCR,28.6109938,77.0938834,4.4,955.0,Paschim Vihar (02/0003),7116,"Google Maps search (public listing), 2026-10-10",ChIJdebSXioFDTkRBwVu2W44vEU
Haldiram's,Haldiram Snacks Food Private Limited,"B-2 Block, B Block, Sector 63, Noida, Uttar Pradesh 201309","B Block, Sector 63",NCR,28.6176856,77.37444289999999,4.0,22.0,Sec 18 Noida (02/0001),7134,"Google Maps search (public listing), 2026-10-10",ChIJ8fi9YgDlDDkRnM_kFCUIXZY
Haldiram's,Haldiram's,"Indira Gandhi Int'l Airport, Terminal 3, Domestic Departure, New, Delhi, 110037",,NCR,28.5543501,77.0847106,4.2,,Gurgaon DLF (02/0009),7146,"Google Maps search (public listing), 2026-10-10",ChIJu_EOlu8bDTkREFMU-4Xzt0g
Haldiram's,Haldiram's,"Terminal 3, MS 1-4, Airport Connect Building, New Delhi, Delhi 110037",,NCR,28.5543021,77.08392359999999,4.8,,Gurgaon DLF (02/0009),7149,"Google Maps search (public listing), 2026-10-10",ChIJqTGWbzIbDTkR-_TCSgj1wKQ
Haldiram's,Haldiram’s - Terminal 3 Domestic Departure (DS-05C),"Domestic Departure, Terminal 3, DS-05C, SHA, New Delhi, Delhi, 110037",SHA,NCR,28.554654,77.08581699999999,4.8,,Gurgaon DLF (02/0009),7169,"Google Maps search (public listing), 2026-10-10",ChIJWxPoFlgbDTkRl0pJZLY1-Cs
Haldiram's,Haldiram's- Terminal - 3 Domestic Arrival,"Domestic Arrival, Terminal 3, Unit No, DA07, New Delhi, Delhi 110037",,NCR,28.5549697,77.0856144,4.6,296.0,Gurgaon DLF (02/0009),7205,"Google Maps search (public listing), 2026-10-10",ChIJgbN0xEobDTkRw6dQsM72otk
Haldiram's,"Haldiram's - Paras Trade Centre, Gwal Pahari","Ground & 1st Floor, Paras Trade Center, Sector 2, Gwal Pahari, Faridabad, Bandhwari, Haryana 122003","Sector 2, Gwal Pahari",NCR,28.4364601,77.1345278,4.7,685.0,Gurgaon DLF (02/0009),7274,"Google Maps search (public listing), 2026-10-10",ChIJmS19SgAfDTkRQG2pQWq0JXY
Haldiram's,Haldiram's - Vasant Square Mall,"Vasant Square Mall, Shop No. 19/A, B/21 & 22, Plot No A, Pocket 5, Sector B, Vasant Kunj, New Delhi, Delhi 110070","Pocket 5, Sector B, Vasant Kunj",NCR,28.524892,77.1566051,4.6,1061.0,Gurgaon DLF (02/0009),7340,"Google Maps search (public listing), 2026-10-10",ChIJwXCfrrUfDTkRwlJqAijaNC8
Haldiram's,Haldiram's - INT Arrival M&G 27A,"International Arrival, Terminal 3, M&G 27A, New Delhi, Delhi 110037",,NCR,28.5563889,77.0844444,4.7,,Gurgaon DLF (02/0009),7374,"Google Maps search (public listing), 2026-10-10",ChIJEwMt01kbDTkRS-RO8RbmU9Q
Haldiram's,Haldiram's,"Domestic Departure, Indira Gandhi International Airport, New Delhi, Delhi, 110037",,NCR,28.5567494,77.0832789,4.2,4121.0,Gurgaon DLF (02/0009),7427,"Google Maps search (public listing), 2026-10-10",ChIJ7x52jZkbDTkRe2XapEDedg4
Haldiram's,Haldiram's - T3 INT Departure Right B,"Unit No.15B, (INTERNATONAL DEPARTURE, Terminal 3, New Delhi, Delhi, 110037",,NCR,28.5567529,77.08327919999999,4.7,124.0,Gurgaon DLF (02/0009),7427,"Google Maps search (public listing), 2026-10-10",ChIJD_QNxi4bDTkRDGdKcYiF69s
Haldiram's,Haldiram's - Felix Plaza,"Unit No G08, Food Court, 3rd Floor, Felix Plaza NH 48, Sector 82A, Gurugram, Haryana 122012",Sector 82A,NCR,28.3833053,76.9663447,4.4,,Gurgaon Sec 10 (02/0014),7445,"Google Maps search (public listing), 2026-10-10",ChIJRZWQ4Eg9DTkRqsBpGjMy3zI
Haldiram's,Haldiram Snacks Private Limited,"A-2, B Block Rd, A Block, Sector 65, Noida, Uttar Pradesh 201309","A Block, Sector 65",NCR,28.6141386,77.383558,4.1,121.0,Sec 18 Noida (02/0001),7537,"Google Maps search (public listing), 2026-10-10",ChIJ9XIuQYzvDDkRagLNIFwuhco
Haldiram's,Haldiram's - RPS Sec 27C Faridabad,"RPS 12th Avenue, No 12/6 Milestone, Main, Mathura Rd, Sector 27C, Faridabad, Haryana 121003","Pocket C, Sector 27C",NCR,28.472351,77.304101,4.8,,"Pacific mall, Jasola (02/0011)",7549,"Google Maps search (public listing), 2026-10-10",ChIJiQzCslTnDDkRlH_kwjgr3xs
Haldiram's,Haldiram's - Angel Mega Mall Kaushambi,"CK-I, Angel Mega Mall, Kaushambi, Ghaziabad, Uttar Pradesh 201010",Kaushambi,NCR,28.6402856,77.326779,4.3,,Sec 18 Noida (02/0001),7582,"Google Maps search (public listing), 2026-10-10",ChIJa7xJ7k77DDkR2SnNRx9C_tc
Haldiram's,Haldiram's - T2 ARRIVAL,"IGI Airport, Domestic Arrival, Terminal 2, New Delhi, Delhi 110037",,NCR,28.5586111,77.08749999999999,4.7,56.0,Gurgaon DLF (02/0009),7594,"Google Maps search (public listing), 2026-10-10",ChIJHwEiGfobDTkRlpUv_j6wZ2c
Haldiram's,Haldiram's - Pacific Mall Dwarka Sector 21,"2nd Floor, Food Court, Pacific Mall, Sector 21, Dwarka, New Delhi, Delhi, 110077","Sector 21, Dwarka",NCR,28.5528232,77.0591252,4.5,,Gurgaon DLF (02/0009),7664,"Google Maps search (public listing), 2026-10-10",ChIJ7QvroY4bDTkRD8SiZ79vq3Y
Haldiram's,Haldiram's - East Delhi Mall Kaushambi,"3rd floor, East Delhi Mall, Metro Station, Shop No. FC-16, Food Court, near Anand Vihar, Kaushambi, Ghaziabad, Uttar Pradesh 201010","Anand Vihar, Kaushambi",NCR,28.6411426,77.31710679999999,4.3,,Sec 18 Noida (02/0001),7689,"Google Maps search (public listing), 2026-10-10",ChIJQwbFHzH7DDkRrvtaikEJ7zI
Haldiram's,"Haldiram's- AIRIA MALL, Gurugram","First Floor, Unit NO. FF 5A, 5B, 5C & 5D, Sector 68, Gurugram, Haryana 122101",Sector 68,NCR,28.3829741,77.0524105,4.7,,Gurgaon Sec 10 (02/0014),7751,"Google Maps search (public listing), 2026-10-10",ChIJdUIrYrUjDTkR923jFuINvlQ
Haldiram's,Haldiram's - Hush Food Mall,"Harash Plaza (Dee Mall, Plot No A-154/A, H Block, Sector 63, Noida, Uttar Pradesh 201309","H Block, Sector 63",NCR,28.625999,77.3752118,4.5,2626.0,Sec 18 Noida (02/0001),7865,"Google Maps search (public listing), 2026-10-10",ChIJW5TlBgTlDDkRQPpytdNBhdg
Haldiram's,Haldiram's - Crown Interiorz Mall,"Reliance Mart, Crown Interiorz Mall, No 12/7 & RSM/01, NH 2, Mathura Rd, Sector 35, Faridabad, Haryana 121003","Ashoka Enclave 3, Subash Nagar, Sector 35",NCR,28.469421,77.3069816,4.4,,"Pacific mall, Jasola (02/0011)",7942,"Google Maps search (public listing), 2026-10-10",ChIJ5dlNYUDnDDkRc4pBd4cN4cI
Haldiram's,Haldiram's - Route 63,"Unit No 6A, Ground Floor, 7A, Electronic City Metro Sta Rd, near Noida, H Block, Sector 63, Noida, Uttar Pradesh 201309","H Block, Sector 63",NCR,28.6281415,77.3752647,4.8,,Sec 18 Noida (02/0001),8051,"Google Maps search (public listing), 2026-10-10",ChIJPcxSmGTlDDkRoHQSVkXlbfU
Haldiram's,Haldiram's - Preet Vihar,"Plot No G-15, G-Block, Preet Vihar, New Delhi, Delhi, 110092","G-Block, Preet Vihar",NCR,28.6435561,77.298361,4.4,1371.0,Connaught place (02/0012),8107,"Google Maps search (public listing), 2026-10-10",ChIJpYMVaE37DDkRWdFBskd5pQk
Haldiram's,Haldiram's- Chattarpur,"Shop No, D/92, 100 Feet Rd, Chhatarpur Enclave Phase 2, Chattarpur Enclave, Saket, New Delhi, Delhi 110074","Chhatarpur Enclave Phase 2, Chattarpur Enclave, Saket",NCR,28.5020477,77.18607349999999,4.5,3127.0,Kalkaji (02/0004),8148,"Google Maps search (public listing), 2026-10-10",ChIJqcgd7XAfDTkRkfechX5WtyQ
Haldiram's,Haldiram's - Pacific Mall,"Pacific Mall, Plot Alpha, Sahibabad Industrial Area Site 4, Sahibabad, Ghaziabad, Uttar Pradesh 201010","Plot Alpha, Sahibabad Industrial Area Site 4, Sahibabad",NCR,28.6461915,77.3197485,4.6,,Sec 18 Noida (02/0001),8236,"Google Maps search (public listing), 2026-10-10",ChIJt5tvzAX7DDkRGBcGWhBZIYk
Haldiram's,Haldiram's - Signature Global Mall,"Signature global mall, Sector 3F, Sector 3, Vaishali, Ghaziabad, Uttar Pradesh 201019","Sector 3F, Sector 3, Vaishali",NCR,28.6454615,77.3352728,4.2,,Sec 18 Noida (02/0001),8237,"Google Maps search (public listing), 2026-10-10",ChIJebLfVYf7DDkRohHoF9ZgqHY
Haldiram's,Haldiram's - Shipra Mall,"Shipra Mall, Food Court, Second Floor, Food Forum, Indirapuram, Ghaziabad, Uttar Pradesh 201014","Vaibhav Khand, Indirapuram",NCR,28.6340064,77.37016229999999,4.1,,Sec 18 Noida (02/0001),8278,"Google Maps search (public listing), 2026-10-10",ChIJO8dLtlPlDDkRmLrWL9ootWY
Haldiram's,"Haldiram's - DLF Promenade, Vasant Kunj","Second Floor, DLF Promenade Mall, FC-6, Food Court, Vasant Kunj, New Delhi, Delhi 110070","Vasant Kunj II, Vasant Kunj",NCR,28.5422872,77.1557761,4.3,,Gurgaon DLF (02/0009),8451,"Google Maps search (public listing), 2026-10-10",ChIJlbBLtc4dDTkRcPSj2NYNtFo
Haldiram's,Haldiram's - Terminal 1,"IGI Airport, Unit No.18, Forecourt Arrival Terminal 1, New Delhi, Delhi 110037",,NCR,28.5642479,77.12072719999999,4.9,,Gurgaon DLF (02/0009),8656,"Google Maps search (public listing), 2026-10-10",ChIJOeyscgodDTkRQvzqteaP-ec
Haldiram's,Haldiram's - Cross River Mall Karkardooma,"G 42-48, Cross River Mall, Shop No, Karkardooma, Shahdara, New Delhi, Delhi 110032","Vishwas Nagar Extension, Karkardooma, Shahdara",NCR,28.6575803,77.30247849999999,4.3,4571.0,Connaught place (02/0012),8863,"Google Maps search (public listing), 2026-10-10",ChIJQ-hXdGn7DDkR1C6_POr0ty8
Haldiram's,Haldiram,"M7MR+4G5, Balbir Nagar Main Rd, East Rohtas Nagar, Rohitash Nagar East, Shahdara, Delhi, 110032","East Rohtas Nagar, Rohitash Nagar East, Shahdara",NCR,28.6827695,77.2913506,4.0,,Connaught place (02/0012),9212,"Google Maps search (public listing), 2026-10-10",ChIJ30ZkLwD7DDkRxQYFT2G1n8I
Haldiram's,Haldiram's - DLF Garden City,"Shop No 18 to 20, 5 & 6, DLF Garden City Rd, Sector 92, Gurugram, Haryana 122505",Sector 92,NCR,28.4032891,76.9128441,4.6,,Gurgaon Sec 10 (02/0014),10058,"Google Maps search (public listing), 2026-10-10",ChIJMco1bVw_DTkR6z_llMBK2N4
Haldiram's,Haldiram's - Dwarka Sec 11,"8, Ground Floor, Aakash Tower, Shop No G/1 To, Plot No 4, near Ashirwad Chowk, Sector 11 Dwarka, New Delhi, Delhi 110075","Pocket 1, Sector 11 Dwarka, Dwarka",NCR,28.5959802,77.0500464,4.5,3651.0,Paschim Vihar (02/0003),10180,"Google Maps search (public listing), 2026-10-10",ChIJ0eA-ljUbDTkRXefr4gROTuI
Haldiram's,Haldiram's - Sun Twilight,"Gr Floor REP 2A, Sector-27, Unit No. 51 to 54, 75 to 78, Greater Noida, Uttar Pradesh 201315","Block B, Jaypee Greens",NCR,28.4779806,77.5258468,4.4,212.0,Sec 143 Noida (02/0006),10435,"Google Maps search (public listing), 2026-10-10",ChIJUYUfAwDrDDkRSR7I1rN2eeY
Haldiram's,Haldiram's - Vasundhara,"Plot No- 367, No CP/04, Sector 11, Vasundhara, Ghaziabad, Uttar Pradesh 201012","Sector 11, Vasundhara",NCR,28.6589934,77.36700309999999,4.1,,Sec 18 Noida (02/0001),10568,"Google Maps search (public listing), 2026-10-10",ChIJF7SJ93D7DDkRrI6rspNBrF8
Haldiram's,Near haldiram,"GF-54, Gaur City 1, Sector 4, Greater Noida, Ghaziabad, Uttar Pradesh 201318","Gaur City 1, Sector 4",NCR,28.6070835,77.426417,,,Sec 18 Noida (02/0001),10824,"Google Maps search (public listing), 2026-10-10",ChIJqRhtOwDvDDkR6LG27GGwOjg
Haldiram's,Haldiram's - Vegas Mall Dwarka,"Shop No T, 3rd Floor Plot, 304 & 305, Pocket 1, Sector 14 Dwarka, Dwarka, New Delhi, Delhi, 110078","Pocket 1, Sector 14 Dwarka, Dwarka",NCR,28.6009436,77.0301448,4.2,1424.0,Paschim Vihar (02/0003),10886,"Google Maps search (public listing), 2026-10-10",ChIJZ7vKv-AbDTkRq0nFCrnck1k
Haldiram's,Haldiram's - Dwarka walk,"Plot 4 Centre, beside Radisson Blu, Sector 13, New Delhi, Delhi 110078","Sector 13, Dwarka",NCR,28.5964802,77.0362767,4.8,,Paschim Vihar (02/0003),10890,"Google Maps search (public listing), 2026-10-10",ChIJQ7pMo5gbDTkRY6pv7fg6Sy4
Haldiram's,"Haldiram's - Dwarka, Sector 14","Shop No. 75 & 76, Plot no 6 near Vegas Mall North, Pocket 1, Sector 14 Dwarka, New Delhi, Delhi 110078","Pocket 1, Sector 14 Dwarka, Dwarka",NCR,28.6006049,77.0298081,4.8,539.0,Paschim Vihar (02/0003),10936,"Google Maps search (public listing), 2026-10-10",ChIJeUh_hiAbDTkRNJGIuiw6Lvw
Haldiram's,Haldiram Namkeen Hub | FMCG,"KH NO.-189, PLOT NO. 3-C, G/F, near Metro Station Dwarka Sector 14, Pocket 1, Sector 14 Dwarka, Dwarka, New Delhi, Delhi, 110078","Pocket 1, Sector 14 Dwarka, Dwarka",NCR,28.6016586,77.0284612,,,Paschim Vihar (02/0003),10936,"Google Maps search (public listing), 2026-10-10",ChIJnbk6MNUbDTkRMIUdicdSNrc
Haldiram's,"Haldiram's - City Center, Dwarka Sector 12","G/6 & G/7, City Centre, No G/5, Plot No 5, Sector 12 Dwarka, New Delhi, Delhi 110078","Pocket 8, Block B, Sector 12 Dwarka, Dwarka",NCR,28.5928859,77.0410094,4.2,,Paschim Vihar (02/0003),10945,"Google Maps search (public listing), 2026-10-10",ChIJF9CvtsUaDTkRQ9Xf-SpXdmw
Haldiram's,Haldiram's - Gaur City Centre,"FF/01, Gaur City Center, Shop No. A/GF/01 & A, Dadri, Greater Noida, Uttar Pradesh 201318","Gaur City 1, Dadri",NCR,28.605752,77.428489,4.2,1674.0,Sec 18 Noida (02/0001),10961,"Google Maps search (public listing), 2026-10-10",ChIJxzPVcJrvDDkRy5jY7q-QLjk
Haldiram's,Haldiram,"gaur city mall, Greater Noida W Rd, Gaur City 1, Sector 4, Greater Noida, Ghaziabad, Uttar Pradesh 201318","Gaur City 1, Sector 4",NCR,28.6060356,77.43014509999999,2.5,2.0,Sec 18 Noida (02/0001),11124,"Google Maps search (public listing), 2026-10-10",ChIJWQCdeQDvDDkRzPNEGbV2pVs
Haldiram's,Haldiram's - Dilshad Garden,"No G/3, Dilshad Garden, Jhilmil Industrial Area, Jhilmil Colony, New Delhi, Delhi, 110095","Jhilmil Industrial Area, Jhilmil Colony",NCR,28.6759576,77.32151309999999,4.1,,Connaught place (02/0012),11349,"Google Maps search (public listing), 2026-10-10",ChIJ1746rp37DDkRwVOOFQgWcdI
Haldiram's,Haldiram's - MSX Mall,"Ground Floor, MSX Mall, Shop No, G/12, Industrial Area, Greater Noida, Uttar Pradesh 201315","Block F, Industrial Area, Surajpur Site 4",NCR,28.458078,77.527993,4.1,6444.0,Sec 143 Noida (02/0006),11372,"Google Maps search (public listing), 2026-10-10",ChIJq0WDVyXADDkREDegDSCsXPY
Haldiram's,"Haldiram's - Sector 16B, Noida","Sector 16B, Town Central Mall, Plot No. C-4, Dadri Tehsil-2, G.B Nagar, Greater Noida, Ghaziabad, Uttar Pradesh 201318",G.B Nagar,NCR,28.6045763,77.4488914,4.0,571.0,Sec 143 Noida (02/0006),11832,"Google Maps search (public listing), 2026-10-10",ChIJ3YJWfz3vDDkRYXM_X8ziEmE
Haldiram's,Haldiram's - Ajnara Orbit Plaza,"Anchor No 2, Orbit plaza, Shop No. 49 to 58, Ground Floor, Ajnara, Crossings Republik, Ghaziabad, Uttar Pradesh 201016",Crossings Republik,NCR,28.6310484,77.4350163,4.2,7973.0,Sec 18 Noida (02/0001),12751,"Google Maps search (public listing), 2026-10-10",ChIJR1bQUljlDDkRTrUOkERtZxk
Haldiram's,Haldiram's - World Square Mall,"Katori Mill Market, 160, Loni Industrial Area, Mohan Nagar, Sahibabad, Ghaziabad, Uttar Pradesh 201007","Loni Industrial Area, Mohan Nagar, Sahibabad",NCR,28.6792452,77.3819821,4.2,,Sec 18 Noida (02/0001),13227,"Google Maps search (public listing), 2026-10-10",ChIJHSPg0n7wDDkRVxKuseZSWPA
Haldiram's,Moti Nagar haldiram,"P8GP+GX5, Tila More, Afzalpur, Ghaziabad, Uttar Pradesh 201102",Tila More,NCR,28.7262712,77.3374796,,,Model Town (02/0013),14546,"Google Maps search (public listing), 2026-10-10",ChIJqTI-YwD7DDkRXLSdStSO0fQ
Haldiram's,Haldiram's - Nehru Nagar,"Ghaziabad Towers, Ambedkar Rd, Pocket E, Kallupura, Nehru Nagar, Ghaziabad, Uttar Pradesh 201001","Pocket E, Kallupura, Nehru Nagar",NCR,28.664811,77.434371,4.3,,Sec 18 Noida (02/0001),14980,"Google Maps search (public listing), 2026-10-10",ChIJTxbTBzXxDDkRuTfVnEuBWY0
Haldiram's,Haldiram's - Raj Nagar,"D-12, D-12A RDC, OP Tower, Raj Nagar, Ghaziabad, Uttar Pradesh 201002","RDC, Block 1, P & T Colony, Raj Nagar",NCR,28.6747996,77.4405701,4.2,,Sec 18 Noida (02/0001),16188,"Google Maps search (public listing), 2026-10-10",ChIJ40zNjyLxDDkRLbbTcGe7nOk
Haldiram's,Haldiram's - Ansa City Centre,"FC 04, 2nd Floor, Ansa City Center Rajnagar Extension, Noornagar, Loni, Ghaziabad, Uttar Pradesh 201003","Noornagar, Loni",NCR,28.701011,77.42136099999999,4.7,,Sec 18 Noida (02/0001),17248,"Google Maps search (public listing), 2026-10-10",ChIJExetYwDxDDkRPJHKyMK4t68
Haldiram's,"Haldiram,s","Aditya World City, Wave City, Ghaziabad, Uttar Pradesh 201015",Wave City,NCR,28.6546793,77.4878018,4.8,,Sec 143 Noida (02/0006),18272,"Google Maps search (public listing), 2026-10-10",ChIJy3UzRADtDDkRr5YsFJWmE6M
Haldiram's,Haldiram's - SKA Arcadia,"Plot No 1D, Pinewood Enclave NH 24, Sector 2, Wave City, Ghaziabad, Uttar Pradesh 201015","Sector 2, Wave City",NCR,28.6549568,77.487847,4.5,311.0,Sec 143 Noida (02/0006),18302,"Google Maps search (public listing), 2026-10-10",ChIJ6UsPVQDzDDkROINrAwei3fE
McDonald's,"McDonald's - Pacific Mall Jasola, Delhi","2nd Flr, No 09, CPD-48, Pacific Mall, Mathura Rd, Sarita Vihar, Jasola Vihar, New Delhi, Delhi 110020","Sarita Vihar, Jasola Vihar",NCR,28.5376575,77.2830565,3.6,118.0,"Pacific mall, Jasola (02/0011)",2,"Google Maps search (public listing), 2026-10-10",ChIJoaptC8vhDDkRd6zMQieLbAc
McDonald's,"McDonald's - Shalimar Bagh Metro, Delhi","No: 7, Metro Station Line, Shop No: 1, Ground Floor, Poorbi Shalimar Bag, Shalimar Bagh, New Delhi, Delhi 110052","Poorbi Shalimar Bag, Shalimar Bagh",NCR,28.701791,77.16533299999999,3.9,54.0,Shalimar Bagh (02/0015),42,"Google Maps search (public listing), 2026-10-10",ChIJEVT2RwADDTkRIdje1qiPhH0
McDonald's,"McDonald's - Kalkaji, Delhi","12A, Main Rd, near DESHBANDHU COLLEGE, Block H, Kalkaji, New Delhi, Delhi 110019","Block H, Kalkaji",NCR,28.5402373,77.2577763,4.2,,Kalkaji (02/0004),87,"Google Maps search (public listing), 2026-10-10",ChIJX6_JTNnjDDkREY9Ap1qecCo
McDonald's,"McDonald's - Connaught Place, Delhi","Regal Building, 17A, Hanuman Road Area, Connaught Place, New Delhi, Delhi 110001","Hanuman Road Area, Connaught Place",NCR,28.6306088,77.2172902,3.9,,Connaught place (02/0012),242,"Google Maps search (public listing), 2026-10-10",ChIJy7zLZAD9DDkRzSyz9nM4HNI
McDonald's,"McDonald's - Sector 18, Noida","P-16, Maharaja Agrasen Marg, Atta Market, Pocket I, Sector 18, Noida, Uttar Pradesh 201301","Atta Market, Pocket I, Sector 18",NCR,28.5690764,77.3245206,4.2,,Sec 18 Noida (02/0001),378,"Google Maps search (public listing), 2026-10-10",ChIJ6zO48AHlDDkR5DE6Fpx75Mw
McDonald's,"McDonald's - DLF Phase 3, Gurugram","No. 314/315, Raghvendra Marg, near Blue Dart Office, DLF Cyber City, DLF Phase 2, Sector 24, Gurugram, Haryana 122002","DLF Cyber City, DLF Phase 2, Sector 24",NCR,28.4938968,77.0929787,4.1,,Gurgaon DLF (02/0009),385,"Google Maps search (public listing), 2026-10-10",ChIJj0KBpzcZDTkRo5IycqiWty0
McDonald's,"McDonald's - Connaught Place, Delhi","CONNAUGHT PLACE, 10, near Desi Villagio, Block N, Connaught Place, New Delhi, Delhi 110001","Block N, Connaught Place",NCR,28.6302473,77.2202044,4.2,,Connaught place (02/0012),466,"Google Maps search (public listing), 2026-10-10",ChIJqThc3kn9DDkRM3yuFPlSRq8
McDonald's,"McDonald's - DLF Mall of India, Noida","3rd Floor, Dlf Mall Of India, F461, Sector 18, Noida, Uttar Pradesh 201301",Sector 18,NCR,28.5674102,77.3209443,3.1,,Sec 18 Noida (02/0001),565,"Google Maps search (public listing), 2026-10-10",ChIJ_-IdgBblDDkRytjRnndCAi0
McDonald's,Mc Donald’s,"Dlf Mall Of India, Sector 18, Noida, Uttar Pradesh 201301",Sector 18,NCR,28.5670716,77.321134,4.1,13.0,Sec 18 Noida (02/0001),595,"Google Maps search (public listing), 2026-10-10",ChIJsb7jOgDlDDkRd_15tVcOaB0
McDonald's,McDonald's,"Dasnac Annexe I, ECE House, 28A, KG Marg, Connaught Place, New Delhi, Delhi 110001",Connaught Place,NCR,28.6300664,77.22172719999999,4.3,,Connaught place (02/0012),604,"Google Maps search (public listing), 2026-10-10",ChIJw71rV2n9DDkRWhZgk3gW-ZE
McDonald's,"McDonald's - DLF Cyber Hub, Gurugram","Dlf Cyber Hub, near Cyber Hub, DLF Cyber City, DLF Phase 2, Sector 24, Gurugram, Haryana 122002","DLF Cyber City, DLF Phase 2, Sector 24",NCR,28.4953612,77.0883387,2.5,,Gurgaon DLF (02/0009),682,"Google Maps search (public listing), 2026-10-10",ChIJv_6KSHkZDTkRebJnc8lqqEk
McDonald's,"McDonald's - The Great India Place, Noida","World of Wonder, TZ 101, opp. GIP Mall, Sector 38, Noida, Uttar Pradesh 201303",Sector 38,NCR,28.5662909,77.3255193,4.3,2840.0,Sec 18 Noida (02/0001),702,"Google Maps search (public listing), 2026-10-10",ChIJjy8gXpXlDDkRoW9ZJ7sCXcI
McDonald's,McDonald's India,"17 F, First Floor, The Hub, DLF Cyber City, DLF Phase 3, Sector 24, Gurugram, Haryana 122002","DLF Cyber City, DLF Phase 3, Sector 24",NCR,28.4961693,77.088792,4.2,,Gurgaon DLF (02/0009),732,"Google Maps search (public listing), 2026-10-10",ChIJaeFyYzgZDTkRxSgEeY7L8ZM
McDonald's,"McDonald's - Tolstoy Marg, Delhi","42, Tolstoy Rd, near Indian Oil, Atul Grove Road, Janpath, Connaught Place, New Delhi, Delhi 110001","Atul Grove Road, Janpath, Connaught Place",NCR,28.6266097,77.2197348,4.3,,Connaught place (02/0012),747,"Google Maps search (public listing), 2026-10-10",ChIJvWix2jX9DDkRF6zXobyXRV4
McDonald's,"McDonald's - Sector 15A, Faridabad","02, Ground Floor, Crown Plaza Mall, No. 01, NH-19, near PVR, Azad Colony, Sector 15A, Faridabad, Haryana 121007","Azad Colony, Sector 15A",NCR,28.3976703,77.31300329999999,4.1,,Sec 15 Faridabad (02/0007),942,"Google Maps search (public listing), 2026-10-10",ChIJhwnpa5D9DDkRWTJeSY3oBUA
McDonald's,"McDonald's - Sector 3 Rohini, Delhi","16, near M2k Cinemas, Mangalam Place, Sector-3, Rohini, New Delhi, Delhi 110085","Mangalam Place, Sector-3, Rohini",NCR,28.7010348,77.1169622,4.1,,Rohini Sec-7 (02/0008),1104,"Google Maps search (public listing), 2026-10-10",ChIJHR9IoOMDDTkRdO4zPrnewew
McDonald's,"McDonald's - Sector 16, Noida","No. 79, Savoy Suits, Amaltash Marg, near Statiq Fast5 Charging, A Block, Sector 16, Noida, Uttar Pradesh 201301","A Block, Sector 16",NCR,28.5800636,77.3154242,4.3,,Sec 18 Noida (02/0001),1143,"Google Maps search (public listing), 2026-10-10",ChIJx_DX9lvkDDkR0SxhrxWakbs
McDonald's,"McDonald's - D Mall, Delhi","No. 1B5, D-Mall, Swarn Jayanti Park, Sector 10, Rohini, New Delhi, Delhi, 110085","Swarn Jayanti Park, Sector 10, Rohini",NCR,28.7165434,77.113706,3.9,751.0,Rohini Sec-7 (02/0008),1165,"Google Maps search (public listing), 2026-10-10",ChIJfUYXiT8BDTkRT5pnw9ASmpk
McDonald's,"McDonald's - Nehru Place, Delhi","Shop No. 1, Satyam Cinema Complex, Plot Street Number 45, Nehru Place, New Delhi, Delhi 110019",Nehru Place,NCR,28.5501441,77.2511356,4.2,,Kalkaji (02/0004),1205,"Google Maps search (public listing), 2026-10-10",ChIJ887onc_jDDkRHTnErXdbiU4
McDonald's,"McDonald's - Advant IT Park, Noida","Ground Flr, Advant It Park, Main Rd, near HDFC Bank, Sector 142, Noida, Uttar Pradesh 201304",Sector 142,NCR,28.5009692,77.4092044,4.2,,Sec 143 Noida (02/0006),1276,"Google Maps search (public listing), 2026-10-10",ChIJA5m9Q0DnDDkR5XZ5b-dAJ8M
McDonald's,McDonald's India,"Ground Floor, Metro Station, No. 05, Mathura Rd, near Bata Chowk, Sector 12, Faridabad, Haryana 121007",Sector 12,NCR,28.3862038,77.3134209,4.8,,Sec 15 Faridabad (02/0007),1284,"Google Maps search (public listing), 2026-10-10",ChIJX8yOdI7dDDkRFLhkuzE5dqg
McDonald's,McDonald's,"Metro Station Transport Department Zonal Office, Pitampura, Delhi, 110034",Pitampura,NCR,28.6952169,77.1545708,4.3,,Shalimar Bagh (02/0015),1319,"Google Maps search (public listing), 2026-10-10",ChIJZ5_Ooe4DDTkR1CvJ1m8xdY0
McDonald's,"McDonald's - New Delhi Metro Station, Delhi","1811, Bhavbhuti Marg, Kamla Market, Ajmeri Gate, New Delhi, Delhi, 110002","Kamla Market, Ajmeri Gate",NCR,28.6425948,77.2238453,3.3,,Connaught place (02/0012),1339,"Google Maps search (public listing), 2026-10-10",ChIJGTKHCwD9DDkRA1tuvxIclzM
McDonald's,"McDonald's - Paharganj, Delhi","5, Desh Bandhu Gupta Rd, near Sheila Cinema, Arya Nagar, Paharganj, New Delhi, Delhi 110055","Arya Nagar, Paharganj",NCR,28.6450486,77.2139492,4.1,4927.0,Connaught place (02/0012),1404,"Google Maps search (public listing), 2026-10-10",ChIJlXAEy0H9DDkRBOURQDpXO9I
McDonald's,"McDonald's - Ashok Vihar, Delhi","McDonald's - Ashok Vihar, Delhi",,NCR,28.69625,77.178932,,,Shalimar Bagh (02/0015),1431,"Google Maps search (public listing), 2026-10-10",ChIJX_pKqQgDDTkR72XL7XnJpmQ
McDonald's,"McDonald's - Ambience Mall, Gurugram","Jaipur - Delhi Expy, Ambience Island, DLF Phase 3, Sector 24, Gurugram, Haryana 122010","Ambience Island, DLF Phase 3, Sector 24",NCR,28.5028945,77.0972488,4.2,,Gurgaon DLF (02/0009),1458,"Google Maps search (public listing), 2026-10-10",ChIJUca8BEwZDTkR4W-pcQR7oFA
McDonald's,McDonald's Dessert Parlour Ambience Mall,"Ground Floor, Ambience Mall 3, Ambience Island, DLF Phase 3, Sector 24, Gurugram, Haryana 122010","Ambience Island, DLF Phase 3, Sector 24",NCR,28.5028945,77.0972488,3.1,23.0,Gurgaon DLF (02/0009),1458,"Google Maps search (public listing), 2026-10-10",ChIJdWIRw6AZDTkR__rAbqfPYcw
McDonald's,"McDonald's - Shalimar Bagh, Delhi","No. 2, Park Mall, Jhulelal Mandir Marg, opp. Pyramid Mall, Block BD, West Shalimar Bagh, Shalimar Bagh, New Delhi, Delhi, 110088","Block BD, West Shalimar Bagh, Shalimar Bagh",NCR,28.7133451,77.15783019999999,4.1,4408.0,Shalimar Bagh (02/0015),1488,"Google Maps search (public listing), 2026-10-10",ChIJoad5XIYBDTkR6SSG3ba5nvs
McDonald's,"McDonald's - Unity One Elegante Mall, Delhi","Unity One Elegante, Netaji Subhash Place, Pitampura, New Delhi, Delhi, 110034","Netaji Subhash Place, Pitampura",NCR,28.6949812,77.1519301,3.3,,Shalimar Bagh (02/0015),1552,"Google Maps search (public listing), 2026-10-10",ChIJr6LNlIUDDTkRAEwhXqkm7i0
McDonald's,McDonald's,"Ground Floor, MGF Metropolitan Mall, Mehrauli-Gurgaon Rd, DLF Phase 2, Sector 25, Gurugram, Sarhol, Haryana 122009","DLF Phase 2, Sector 25",NCR,28.4802294,77.0805139,4.1,,Gurgaon DLF (02/0009),1634,"Google Maps search (public listing), 2026-10-10",ChIJuVFEMCIZDTkRTiWCjo7xeAg
McDonald's,"McDonald's - Paschim Vihar, Delhi","1, Outer Ring Rd, near HOTEL D CROWN, Block G, Pushkar Enclave, Paschim Vihar, New Delhi, Delhi, 110063","Block G, Pushkar Enclave, Paschim Vihar",NCR,28.6635095,77.0924256,4.2,6229.0,Paschim Vihar (02/0003),1648,"Google Maps search (public listing), 2026-10-10",ChIJyUho2nwEDTkRVXdRN1vU1aw
McDonald's,"McDonald's - MGF Metropolis, Gurugram","Shop No. UG-039, MGF Metropolis Mall, Mehrauli-Gurgaon Rd, Sector 28, Maruti Housing Colony, Gurugram, Sarhol, Haryana 122009","Sector 28, Maruti Housing Colony",NCR,28.478793,77.0819726,4.1,,Gurgaon DLF (02/0009),1657,"Google Maps search (public listing), 2026-10-10",ChIJp88zLiIZDTkRcJN7JcfK0Sg
McDonald's,"McDonald's - Sector 14, Gurugram","No. 66, Main Rd, near Vodafone Idea Store, DLF Colony, Sector 14, Gurugram, Haryana 122007","DLF Colony, Sector 14",NCR,28.4732459,77.0480147,3.7,,Gurgaon Sec-15 (02/0010),1693,"Google Maps search (public listing), 2026-10-10",ChIJY0Yt_d0ZDTkRs9gVx0hLbRI
McDonald's,"McDonald's - Hudson Lane, Delhi","No. 17, Hudson Central, near Guari Shankar Mandir, Block G, Vijay Nagar, New Delhi, Delhi, 110009","Block G, Vijay Nagar",NCR,28.6946663,77.20387769999999,3.6,208.0,Model Town (02/0013),1835,"Google Maps search (public listing), 2026-10-10",ChIJsfet4Db9DDkRcFOpjuF_FX0
McDonald's,McDonald's,"03, Unitech, Metro walk, Metro Station, No. GA 01, opposite Rithala, Sector 10, Rohini, New Delhi, Delhi 110085","Swarn Jayanti Park, Sector 10, Rohini",NCR,28.724322,77.1125101,3.5,189.0,Rohini Sec-7 (02/0008),1912,"Google Maps search (public listing), 2026-10-10",ChIJc2hkhWYBDTkREqMOnrYzYjE
McDonald's,McDonald's,"Leisure Valley Rd, South City I, Sector 29, Gurugram, Haryana 122009","South City I, Sector 29",NCR,28.4681398,77.0631531,4.2,,Sec 31 - Gurgaon (02/0016),2113,"Google Maps search (public listing), 2026-10-10",ChIJLbZmzf0YDTkRzTXHRHR5ZI4
McDonald's,"McDonald's - Sector 29, Gurugram","Leisure Valley Rd, South City I, Sector 29, Gurugram, Haryana 122009","South City I, Sector 29",NCR,28.4681398,77.0631531,4.0,,Sec 31 - Gurgaon (02/0016),2113,"Google Maps search (public listing), 2026-10-10",ChIJm5v__RYZDTkREHXZO-VaA1U
McDonald's,"McDonald's - Mathura Road, Delhi","E-Block, DELHI METRO HOUSING, Delhi Metro Housing Complex, Ali Extension, Aali Vihar, Sarita Vihar, New Delhi, Delhi 110076","Delhi Metro Housing Complex, Ali Extension, Aali Vihar, Sarita Vihar",NCR,28.52042,77.2952818,4.0,,"Pacific mall, Jasola (02/0011)",2260,"Google Maps search (public listing), 2026-10-10",ChIJ03DFZwDnDDkRO_NRoG5BPGQ
McDonald's,"McDonald's - HUDA City Centre, Gurugram","Ground Floor, Huda City Centre, Metro Station, Restaurant No.1, Food Court, Sector 29, Gurugram, Haryana 122009",Sector 29,NCR,28.4595595,77.0729253,4.2,,Sec 31 - Gurgaon (02/0016),2344,"Google Maps search (public listing), 2026-10-10",ChIJnUMvR4DPDDkRUWnn1GNGEd0
McDonald's,"McDonald's - Pacific Mall, Faridabad","Pacific Mall, near NIT, Aravalli Golf Course, New Industrial Township, Faridabad, Haryana 121001","Aravalli Golf Course, New Industrial Township",NCR,28.3866289,77.2986688,3.7,,Sec 15 Faridabad (02/0007),2467,"Google Maps search (public listing), 2026-10-10",ChIJ-7CrMQDdDDkR4h2R1gIoPGo
McDonald's,"McDonald's - Pitampura, Delhi","M2K Multiplex Community Centre, 44, M2K Rd, near M2K Cinema, Saint Nagar Delhi, Rani Bagh, Pitampura, New Delhi, Delhi, 110034","Saint Nagar Delhi, Rani Bagh, Pitampura",NCR,28.6893784,77.13329829999999,4.0,,Rohini Sec-7 (02/0008),2478,"Google Maps search (public listing), 2026-10-10",ChIJKw8Tm8YDDTkRrJX8Oxw7Q3A
McDonald's,"McDonald's - New Friends Colony, Delhi","Showroom No.- 17-24, Grindlays Cinema, New Friends Colony, New Delhi, Delhi 110025",New Friends Colony,NCR,28.5615364,77.2690807,4.1,,Kalkaji (02/0004),2609,"Google Maps search (public listing), 2026-10-10",ChIJE1XnnJTjDDkRmjgA6eizOQk
McDonald's,"McDonald's - Kalindi Kunj Metro, Delhi","Kalindi Kunj Metro Station, Eco Pk Rd, Madanpur Khadar, New Delhi, Delhi 110076",Madanpur Khadar,NCR,28.5428072,77.3099529,3.9,44.0,"Pacific mall, Jasola (02/0011)",2690,"Google Maps search (public listing), 2026-10-10",ChIJlxdTSzTlDDkR5YMVeRgiq-A
McDonald's,McDonald's,"Amolik Plaza, SCO No. 9 & 10, Omaxe New Height Rd, near DPS Chowk, Sector 81, Faridabad, Haryana 121007",Sector 81,NCR,28.3891,77.34971,3.6,,Sec 15 Faridabad (02/0007),2777,"Google Maps search (public listing), 2026-10-10",ChIJXS9uZp3dDDkRJnhXwMeFQlk
McDonald's,"McDonald's - Punjabi Bagh, Delhi","23, W Ave Rd, near Airtel Store, West Punjabi Bagh, Punjabi Bagh, New Delhi, Delhi, 110026","West Punjabi Bagh, Punjabi Bagh",NCR,28.670442,77.13319349999999,4.2,,Paschim Vihar (02/0003),2891,"Google Maps search (public listing), 2026-10-10",ChIJnd6P8aQDDTkRalM5_y8PGcs
McDonald's,McDonald's,"Ground Floor, Candor TechSpace, Old Delhi Gurgaon Rd, near Ease Ride, Sector 21, Gurugram, Haryana 122016",Sector 21,NCR,28.5091856,77.0717988,3.5,,Gurgaon DLF (02/0009),2905,"Google Maps search (public listing), 2026-10-10",ChIJe-Sx1yYZDTkRBrz-llWXF9A
McDonald's,"McDonald's - Karol Bagh, Delhi","5/76, Padam Singh Rd, near Tanishq Jewellery, Block 5, WEA, Karol Bagh, New Delhi, Delhi, 110005","Block 5, WEA, Karol Bagh",NCR,28.6482083,77.1902764,4.1,8586.0,Connaught place (02/0012),3072,"Google Maps search (public listing), 2026-10-10",ChIJqfK3lJ4CDTkRwJB6d_2GCdM
McDonald's,"McDonald's - Omaxe Chandni Chowk, Delhi","2nd Floor, Omaxe Mall, No. SF-001-003, Old Delhi, Kaccha Bagh Area, Chandni Chowk, New Delhi, Delhi, 110006","Old Delhi, Kaccha Bagh Area, Chandni Chowk",NCR,28.6571356,77.2315831,3.7,115.0,Connaught place (02/0012),3114,"Google Maps search (public listing), 2026-10-10",ChIJsyUfrJf9DDkRQIOiYQQiKfI
McDonald's,"McDonald's - Food Court Sector 125, Noida","Ground Floor, No. 7, Amity Rd, Sector 125, Noida, Uttar Pradesh 201313",Sector 125,NCR,28.5444704,77.3293343,3.8,,Sec 18 Noida (02/0001),3144,"Google Maps search (public listing), 2026-10-10",ChIJW_11m8PlDDkRN57yYEMSaPk
McDonald's,"McDonald's - Chandni Chowk, Delhi","No. 1888-89, Commercial Complex, II, near Maha, Laxmi Market, Chhippy Wada, Chandni Chowk, New Delhi, Delhi, 110006","Laxmi Market, Chhippy Wada, Chandni Chowk",NCR,28.6563103,77.2340892,3.7,,Connaught place (02/0012),3162,"Google Maps search (public listing), 2026-10-10",ChIJY274Hx_9DDkRccXrZYoEaWg
McDonald's,McDonald's,"Ground Floor. 3/1, Najafgarh Road, Vishal Cinema Rd, Rajouri Garden, New Delhi, Delhi 110027","Shivaji Place, Vishal Enclave, Rajouri Garden",NCR,28.6501516,77.1210782,2.0,2.0,Paschim Vihar (02/0003),3173,"Google Maps search (public listing), 2026-10-10",ChIJjTz9JdwDDTkRVgMTD632R74
McDonald's,McDonald's India,"Vishal Cinema Complex, Rajouri Garden, New Delhi- 110027, Delhi, 110027","Shivaji Place, Vishal Enclave, Tagore Garden Extension",NCR,28.6500449,77.1209066,4.0,,Paschim Vihar (02/0003),3174,"Google Maps search (public listing), 2026-10-10",ChIJ____6mwDDTkRuN-DuzBx0JQ
McDonald's,"McDonald's - Kamla Nagar, Delhi","No. 33, 34, Bungalow Rd, near VIP Lounge, Block UA, Jawahar Nagar, Kamla Nagar, Delhi, 110007","Block UA, Jawahar Nagar, Kamla Nagar",NCR,28.6810246,77.2077142,4.2,10847.0,Model Town (02/0013),3258,"Google Maps search (public listing), 2026-10-10",ChIJbfW0a5D9DDkRw75sSi91KTY
McDonald's,Mc Donald's,"Global Foyer Mall, Sector 43, Gurugram, Haryana 122009",Sector 43,NCR,28.4608766,77.09532399999999,3.5,,Gurgaon DLF (02/0009),3300,"Google Maps search (public listing), 2026-10-10",ChIJrSwGCvIZDTkR9ekiXeD63dc
McDonald's,"McDonald's - Lajpat Nagar, Delhi","H69R+4C8 TDI Westside Mall, 15, Firoz Gandhi Marg, Block I, Lajpat Nagar III, Lajpat Nagar, New Delhi, Delhi 110024","Block I, Lajpat Nagar III, Lajpat Nagar",NCR,28.5679335,77.2412092,4.1,,Kalkaji (02/0004),3407,"Google Maps search (public listing), 2026-10-10",ChIJ52vCqLLjDDkRCBDunGZVnA8
McDonald's,"McDonald's - Punjabi Bagh West Metro, Delhi","Metro Station Punjabi Bagh West, Punjabi Bagh Chowk, West Punjabi Bagh, Punjabi Bagh, New Delhi, Delhi, 110026","West Punjabi Bagh, Punjabi Bagh",NCR,28.6724472,77.13926409999999,3.9,,Paschim Vihar (02/0003),3456,"Google Maps search (public listing), 2026-10-10",ChIJl8EDQQADDTkRASgDxIc9sOc
McDonald's,"McDonald's - Rcube Monad Mall, Noida","3rd floor, R Cube Monad Mall, No. 301, Block A, Sector 43, Noida, Uttar Pradesh 201303","Block A, Sector 43",NCR,28.5608544,77.35661859999999,4.0,,Sec 18 Noida (02/0001),3522,"Google Maps search (public listing), 2026-10-10",ChIJ-83PhKvlDDkREKbSHhE9_80
McDonald's,"McDonald's - Pusa Road, Delhi","Param Tower, No. 11/5B, Pusa Rd, opp. MTNL Exchange, Block 11, Old Rajinder Nagar, Rajinder Nagar, New Delhi, Delhi, 110005","Block 11, Old Rajinder Nagar, Rajinder Nagar",NCR,28.6428175,77.18199039999999,4.4,484.0,Connaught place (02/0012),3531,"Google Maps search (public listing), 2026-10-10",ChIJi_dqiYQDDTkRczwNMJSJIRc
McDonald's,McDonald's,"2nd Floor, Pacific Mall, No. 18A, Najafgarh Rd, near BTwin Showroom, Tagore Garden, Tilak Nagar, New Delhi, Delhi, 110018","Tagore Garden, Tilak Nagar",NCR,28.642293,77.10636,2.7,29.0,Paschim Vihar (02/0003),3576,"Google Maps search (public listing), 2026-10-10",ChIJWf8xlvUDDTkRAZzxbq2kT2I
McDonald's,"McDonald's - Tis Hazari Metro, Delhi","Ground Floor, No. 1, GT Karnal Rd, Kamla Nehru Ridge, Civil Lines, Delhi, 110054","Kamla Nehru Ridge, Civil Lines",NCR,28.6671839,77.21592849999999,4.5,,Connaught place (02/0012),3848,"Google Maps search (public listing), 2026-10-10",ChIJedlxvNH9DDkRZ0gwZ3_r3MA
McDonald's,"McDonald's - Nexus Select CityWalk, Delhi","Shop No. 43, 2nd Floor, Select City Walk Mall, A-3, Saket District Centre, District Centre, Sector 6, Pushp Vihar, New Delhi, Delhi 110017","Saket District Centre, District Centre, Sector 6, Pushp Vihar",NCR,28.5294119,77.21922359999999,3.3,,Kalkaji (02/0004),3894,"Google Maps search (public listing), 2026-10-10",ChIJN2jJkrLhDDkRKBAIqW-ehnE
McDonald's,"McDonald's - IRIS Tech Park, Gurugram","Ground Floor, Block-C, IRIS Tech Park, Badshahpur Sohna Rd, Sector 48, Gurugram, Haryana 122018",Sector 48,NCR,28.4180828,77.03934199999999,4.2,,Gurgaon Sec 10 (02/0014),4005,"Google Maps search (public listing), 2026-10-10",ChIJHVeIuG8jDTkRXvVT4gFoyPg
McDonald's,"McDonald's - Rohtak Road, Delhi","7, New Rohtak Rd, Block 3C, Karol Bagh, New Delhi, Delhi, 110005","Block 3C, Karol Bagh",NCR,28.6599825,77.18932439999999,3.7,107.0,Connaught place (02/0012),4023,"Google Maps search (public listing), 2026-10-10",ChIJB6YkYwADDTkR9oMjaQiRb0g
McDonald's,"McDonald's - Khel Gaon, Delhi","No. 2, Ansal Plaza, Andrews Ganj Ext, near Club Mahindra, Hudco Place, Andrews Ganj Extension, Andrews Ganj, New Delhi, Delhi 110049","Hudco Place, Andrews Ganj Extension, Andrews Ganj",NCR,28.5630509,77.2243897,4.0,,Kalkaji (02/0004),4046,"Google Maps search (public listing), 2026-10-10",ChIJ1SEK8kPiDDkRETmLi1Y8qSs
McDonald's,McDonald's,"Expressway, Plot 2, Block C, No. G-1-4, 39-42, 62-66, Ground Floor E-Square, Sector 96, Greater Noida, Uttar Pradesh 201304",Sector 96,NCR,28.5412796,77.3463763,2.5,,Sec 18 Noida (02/0001),4129,"Google Maps search (public listing), 2026-10-10",ChIJV5frHZLnDDkRmrGdMyEbS-s
McDonald's,"McDonald's - Ashok Nagar, Delhi","30/4, 30/4A, Double Storey, Tehar-II, Ashok Nagar, New Delhi, Delhi, 110018","Double Storey, Tehar-II, Ashok Nagar",NCR,28.6364228,77.0973475,4.2,5644.0,Paschim Vihar (02/0003),4269,"Google Maps search (public listing), 2026-10-10",ChIJFWoqlJEEDTkR5W_6uJ1x8sc
McDonald's,"McDonald's - Epicah Mall, Delhi","68, Najafgarh Rd, near Epicah Mall, DLE Industrial Area, Kirti Nagar, New Delhi, Delhi, 110015","DLE Industrial Area, Kirti Nagar",NCR,28.6584019,77.144685,3.9,,Paschim Vihar (02/0003),4357,"Google Maps search (public listing), 2026-10-10",ChIJC7Vw5CUDDTkRMRY8NYgw3c0
McDonald's,"McDonald's - Eros City Square Mall, Gurugram","Ground Floor, Vikas Marg, opp. AYU Health, Sector 49, Gurugram, Haryana 122018",Sector 49,NCR,28.4125935,77.0555376,4.3,,Sec 31 - Gurgaon (02/0016),4519,"Google Maps search (public listing), 2026-10-10",ChIJGW8iq2IiDTkRN6U4AAPfcEc
McDonald's,"McDonald's - Eros Jangpura, Delhi","Ground Floor, Eros Cinema Building, No.2, Eros Rd, near IndusInd Bank, Block H, Jungpura Extension, New Delhi, Delhi 110014","Block H, Jungpura Extension",NCR,28.5812505,77.2419738,4.3,,Kalkaji (02/0004),4751,"Google Maps search (public listing), 2026-10-10",ChIJx2jq7Q7jDDkR_ce_tJVui1g
McDonald's,"McDonald's - South Extension Part 2, Delhi","NDSE-1 E32, Ring Rd, South Extension II, New Delhi, Delhi 110049",South Extension II,NCR,28.5684245,77.2193133,4.1,,Kalkaji (02/0004),4807,"Google Maps search (public listing), 2026-10-10",ChIJ-TneDV3iDDkRNIc-SrZWJVc
McDonald's,McDonald's,"Sonia Cinema Complex, 6A-6B, Block G, Vikas Puri, New Delhi, Delhi, 110018","Block G, Vikas Puri",NCR,28.6389754,77.0749122,4.1,1816.0,Paschim Vihar (02/0003),4848,"Google Maps search (public listing), 2026-10-10",ChIJZVp_DewEDTkRUEQBaElFSkY
McDonald's,McDonald’s India,"Shop No. 6 Ground Floor, Community Centre, Block G, Vikaspuri, New Delhi, Delhi, 110018","Block G, Vikaspuri",NCR,28.638927,77.07485129999999,3.6,31.0,Paschim Vihar (02/0003),4856,"Google Maps search (public listing), 2026-10-10",ChIJrUVjbwDjDDkRMvjT50mwHis
McDonald's,"McDonald's - Sector 61, Noida","Shopprix Mall, No. 134-B, Maharaja Agrasen Marg, near ICICI Bank, Block C, Sector 61, Noida, Uttar Pradesh 201307","Block C, Sector 61",NCR,28.5971558,77.36489379999999,3.9,,Sec 18 Noida (02/0001),4950,"Google Maps search (public listing), 2026-10-10",ChIJuXMJzXDlDDkRRVxG1D4NYkE
McDonald's,"McDonald's - Sector 28 Metro, Faridabad","Ground Floor, Mathura Rd, near Wakefit, HBH Colony, Sector 28, Faridabad, Haryana 121008","HBH Colony, Sector 28",NCR,28.4381157,77.3089978,4.2,,Sec 15 Faridabad (02/0007),4976,"Google Maps search (public listing), 2026-10-10",ChIJN2SydADdDDkRiS_abV8keso
McDonald's,"McDonald's - Elan Miracle, Gurugram","Ground Flr, Elan Miracle, Northern Peripheral Rd, near Zudio, Sector 84, Gurugram, Haryana 122012",Sector 84,NCR,28.415689,76.9632723,3.7,,Gurgaon Sec 10 (02/0014),5046,"Google Maps search (public listing), 2026-10-10",ChIJLZmzQwA9DTkRLGun3SBT1XI
McDonald's,"McDonald's - Eden Walk, Gurugram","No. G15 & F12, Vensej Building, Block A, Sushant Lok III, Sector 57, Gurugram, Haryana 122011","Block A, Sushant Lok III, Sector 57",NCR,28.414995,77.07951489999999,3.9,,Sec 31 - Gurgaon (02/0016),5105,"Google Maps search (public listing), 2026-10-10",ChIJGz02YwAjDTkRcX0RrICPKac
McDonald's,"McDonald's - Sector 132, Noida","No. 10, Grand Street Hospital Rd, near 99acres Office, Block B, Sector 132, Noida, Shahpur Govardhanpur Bangar, Uttar Pradesh 201304","Block B, Sector 132",NCR,28.5129138,77.3713836,4.2,892.0,Sec 143 Noida (02/0006),5152,"Google Maps search (public listing), 2026-10-10",ChIJY5Pa-ZjnDDkRqKjmuTB9yjo
McDonald's,"McDonald's - Ashok Vihar, Delhi","2, Community Center, near Adventure Island Limited, Ashok Vihar, Saket, New Delhi, Delhi 110017","Ashok Vihar, Saket",NCR,28.5234312,77.20740839999999,4.2,,Kalkaji (02/0004),5207,"Google Maps search (public listing), 2026-10-10",ChIJx3jdv_DhDDkRqCTt5HfMpOI
McDonald's,"McDonald's - Palam Vihar, Gurugram","No. 101, Ansal Palam Triangle, Carterpuri Rd, Choma, Block F, Carterpuri Village, Sector 23A, Gurugram, Haryana 122017","Choma, Block F, Carterpuri Village, Sector 23A",NCR,28.505233,77.037941,4.2,,Gurgaon Sec-15 (02/0010),5234,"Google Maps search (public listing), 2026-10-10",ChIJiy9FyI0ZDTkRpursSFEotzI
McDonald's,"McDonald's - Janakpuri, Delhi","Janak Palace R1, Janakpuri District Center, Janakpuri, New Delhi, Delhi, 110058","Janakpuri District Center, Janakpuri",NCR,28.6300598,77.0817544,4.1,,Paschim Vihar (02/0003),5382,"Google Maps search (public listing), 2026-10-10",ChIJY9mZBL8EDTkRul3GxgJ-epw
McDonald's,"McDonald's - Spectrum Metro Mall, Noida","Spectrum Mall, Sector 75 Rd, Gardenia Gateway, Sector 75, Noida, Uttar Pradesh 201316","Gardenia Gateway, Sector 75",NCR,28.5720075,77.3794793,3.2,,Sec 18 Noida (02/0001),5522,"Google Maps search (public listing), 2026-10-10",ChIJJXIsbwDvDDkR0foeaePHG4Y
McDonald's,"McDonald's - Mayur Vihar II Metro, Delhi","Mayur Vihar Phase II, Mayur Vihar, New Delhi, Delhi, 110091","Mayur Vihar Phase II, Mayur Vihar",NCR,28.6199127,77.3056576,3.4,83.0,Sec 18 Noida (02/0001),5569,"Google Maps search (public listing), 2026-10-10",ChIJPeaeKADlDDkR6dfKkx6P6fY
McDonald's,"McDonald's - Global Foyer Mall, Gurugram","Ground Floor, Global Foyer Mall, Golf Course Road, near MGF Toyota, Choma, Pocket H, Sector 43, Palam Vihar, Gurugram, Haryana 122017","Choma, Pocket H, Sector 43, Palam Vihar",NCR,28.5111189,77.0401888,3.2,,Gurgaon DLF (02/0009),5606,"Google Maps search (public listing), 2026-10-10",ChIJUWDNqSgZDTkRlHstxJOlfwU
McDonald's,"McDonald's - Naraina Industrial Area, Delhi","No, 1, Community Center, Goswami Girdhari Lal Marg, near Wonder Miles, Industrial Area Phase I, Block B, Naraina Industrial Area Phase 1, Naraina, New Delhi, Delhi 110028","Industrial Area Phase I, Block B, Naraina Industrial Area Phase 1, Naraina",NCR,28.632717,77.13871329999999,4.2,,Paschim Vihar (02/0003),5745,"Google Maps search (public listing), 2026-10-10",ChIJJ7YnoCQDDTkRMgxuHaZUnok
McDonald's,"McDonald's - Sector 70, Gurugram","No. 22 & 23, 60 Meter Rd, near Croma, Sector 70, Gurugram, Haryana 122101",Sector 70,NCR,28.3908555,77.0301087,4.2,,Gurgaon Sec 10 (02/0014),5920,"Google Maps search (public listing), 2026-10-10",ChIJeSK3tyMjDTkRJ82sIPDiCpM
McDonald's,McDonald's,"GF,FF & 2nd Floor, KLJ SQUARE .NH8, Unit no. 16, 32 &28, GGM, Sector 83, Gurugram, Haryana 122012","GGM, Sector 83",NCR,28.3909235,76.9755337,3.0,,Gurgaon Sec 10 (02/0014),6258,"Google Maps search (public listing), 2026-10-10",ChIJk0UJBXU9DTkRzRiw1XNGw5Q
McDonald's,"McDonald's - Lal Sai Marg, Delhi","Upper Ground Floor, Block A3, No. 23, Lal Sai Marg, Block A3, Janakpuri, New Delhi, Delhi, 110058","Block A3, Janakpuri",NCR,28.6210374,77.08106409999999,3.8,84.0,Paschim Vihar (02/0003),6337,"Google Maps search (public listing), 2026-10-10",ChIJiwu4K3wFDTkR2u2wMUFpD1g
McDonald's,McDonald's,"Street No. 3, Anthurium, Sector 73, Basi Bahuddin Nagar, Noida, Uttar Pradesh 201316","Anthurium, Sector 73",NCR,28.5927263,77.3845829,3.9,461.0,Sec 18 Noida (02/0001),6439,"Google Maps search (public listing), 2026-10-10",ChIJUciybwDvDDkRhqNbMfXbDlM
McDonald's,"McDonald's - DLF South Square Mall, Delhi","No. 34, DLF South Square Mall, Main Rd, near My Jio Store, Block G, Sarojini Nagar, New Delhi, Delhi 110023","Block G, Sarojini Nagar",NCR,28.5763106,77.1947958,4.2,,Connaught place (02/0012),6598,"Google Maps search (public listing), 2026-10-10",ChIJKz1nG4DiDDkR4vTD5ZKdE6s
McDonald's,"McDonald's - V3S Mall, Delhi","P. No. 12, V3S, S. No. 98 & 107, Vikas Marg, Veer Savarkar Block, Swasthya Vihar, New Delhi, Delhi, 110092","Veer Savarkar Block, Swasthya Vihar",NCR,28.6371588,77.2867196,4.1,,Connaught place (02/0012),6898,"Google Maps search (public listing), 2026-10-10",ChIJaboielD7DDkR6onrBCJz7ls
McDonald's,McDonald's,"Indira Gandhi International Airport, New Delhi, Delhi, 110037",,NCR,28.5532045,77.0838564,3.6,,Gurgaon DLF (02/0009),7029,"Google Maps search (public listing), 2026-10-10",ChIJe3Zod5kbDTkRglCFYVP3EDU
McDonald's,"McDonald's - IRIS Broadway, Gurugram","GF1&GF-2, Iris Broadway, Main Road, Sector 85, Gurugram, Haryana 122012",Sector 85,NCR,28.4032963,76.947965,4.1,,Gurgaon Sec 10 (02/0014),7058,"Google Maps search (public listing), 2026-10-10",ChIJHR05Hug9DTkRsm6qBNAz4qE
McDonald's,"McDonald's - Aerocity, Delhi","Ground Floor, 4, No. M7, Worldmark, Aerocity Access Rd, near IGI Road, Aerocity, New Delhi, Delhi 110037",Aerocity,NCR,28.5495742,77.12356419999999,4.1,,Gurgaon DLF (02/0009),7240,"Google Maps search (public listing), 2026-10-10",ChIJgVJJIz0dDTkR0kHjcMtRHV8
McDonald's,"McDonald's - T2 Cargo Airport, Delhi","No. 276, Indira Gandhi Int'l Airport, International Cargo Airport, Public Amenities Complex, Terminal 2, New Delhi, Delhi, 110037",,NCR,28.5553497,77.1013968,3.3,,Gurgaon DLF (02/0009),7268,"Google Maps search (public listing), 2026-10-10",ChIJ0TmZjmAbDTkRjl4VMErxflU
McDonald's,McDonald's,"Indira Gandhi Int'l Airport, No. D-40, Terminal 2, Mahipalpur, New Delhi, Delhi, 110037",Mahipalpur,NCR,28.5557162,77.0994522,4.1,,Gurgaon DLF (02/0009),7288,"Google Maps search (public listing), 2026-10-10",ChIJbfCQIpobDTkRUajByXEjQ1k
McDonald's,McDonalds,"Worldmark 4, Aerocity, New Delhi, Delhi 110037",Aerocity,NCR,28.5500643,77.1236847,3.3,,Gurgaon DLF (02/0009),7294,"Google Maps search (public listing), 2026-10-10",ChIJX0euEQAdDTkRdfq5xLw2iFk
McDonald's,McDonalds,"IN-50, Indira Gandhi Int'l Airport, Terminal 3, New Delhi, Delhi, 110037",,NCR,28.5555895,77.082853,2.9,,Gurgaon DLF (02/0009),7304,"Google Maps search (public listing), 2026-10-10",ChIJTcNardkbDTkRq9tZOHVZL3I
McDonald's,"McDonald's - Najafgarh Road, Delhi","Ground Floor, Kaushik's Tower, No. 1&2, Najafgarh Rd, near DCB Bank, Prem Nagar, Block E, Param Puri, Uttam Nagar, New Delhi, Delhi, 110059","Prem Nagar, Block E, Param Puri, Uttam Nagar",NCR,28.6219539,77.0575654,3.7,313.0,Paschim Vihar (02/0003),7378,"Google Maps search (public listing), 2026-10-10",ChIJ9y8dukgFDTkRRt0peGJ3Y54
McDonald's,"McDonald's - Preet Vihar, Delhi","Ground Floor, No: C 57, Vikas Marg, C Block, Preet Vihar, New Delhi, Delhi, 110092","C Block, Preet Vihar",NCR,28.6388208,77.2917772,3.9,,Connaught place (02/0012),7405,"Google Maps search (public listing), 2026-10-10",ChIJLRL20An7DDkRkwNFZDtJOi8
McDonald's,"McDonald's - East Delhi Mall, Ghaziabad","No. 1, EDM Mall, Kaushambi Rd, Anand Vihar, Kaushambi, Ghaziabad, Uttar Pradesh 201010","Anand Vihar, Kaushambi",NCR,28.6414085,77.31697129999999,4.1,2617.0,Sec 18 Noida (02/0001),7720,"Google Maps search (public listing), 2026-10-10",ChIJX22rx1_7DDkRdAuvwodJBu0
McDonald's,"McDonald's - Sector 63, Noida","No. H-224-I, near Volkswagen Showroom, Rasoolpur, Sector 63, Noida, Uttar Pradesh 201309","Rasoolpur, Sector 63",NCR,28.6246148,77.3751288,4.3,,Sec 18 Noida (02/0001),7743,"Google Maps search (public listing), 2026-10-10",ChIJzWdwrlnlDDkR9DzSmr4EMkY
McDonald's,McDonald's,"A Block, Block A, Industrial Area, Sector 62, Noida, Uttar Pradesh 201309","A Block, Block A, Industrial Area, Sector 62",NCR,28.6282781,77.37039,4.2,,Sec 18 Noida (02/0001),7770,"Google Maps search (public listing), 2026-10-10",ChIJV93cGADlDDkRMgRlYqzF-XA
McDonald's,McDonald's - Crown Interiorz Mall Mathura,"No. 12-14, Crown Interior Mall, Ashoka Enclave 3, Subash Nagar, Sector 35, Faridabad, Haryana 121003","Ashoka Enclave 3, Subash Nagar, Sector 35",NCR,28.469322,77.3074479,4.3,,"Pacific mall, Jasola (02/0011)",7966,"Google Maps search (public listing), 2026-10-10",ChIJgQoYQ0DnDDkR1SMSbny22Lg
McDonald's,"McDonald's - Shopprix Mall, Ghaziabad","Shopprix Mall, Kaling Marg, Sector 5, Vaishali, Ghaziabad, Uttar Pradesh 201019","Sector 5, Vaishali",NCR,28.6429625,77.34124179999999,4.0,,Sec 18 Noida (02/0001),8071,"Google Maps search (public listing), 2026-10-10",ChIJle3d--b6DDkRTEtfut6AVSU
McDonald's,"McDonald's - DMRC Kaushambi, Ghaziabad","Metro, Ground Floor, near Kuwarpal Auto Service, Anand Vihar, Kaushambi, Ghaziabad, Uttar Pradesh 201010","Anand Vihar, Kaushambi",NCR,28.6453092,77.3241345,4.2,3366.0,Sec 18 Noida (02/0001),8132,"Google Maps search (public listing), 2026-10-10",ChIJfVcM4DD7DDkRTzR6ZW0HY_g
McDonald's,"McDonald's - Mahagun Metro Mall, Ghaziabad","Ground Floor, Gautam Palvi Rd, near Vaishali Metro Station, Sector 3F, Sector 3, Vaishali, Ghaziabad, Uttar Pradesh 201019","Sector 3F, Sector 3, Vaishali",NCR,28.6448132,77.33512069999999,3.5,,Sec 18 Noida (02/0001),8164,"Google Maps search (public listing), 2026-10-10",ChIJUx1Vn9f6DDkRCV_fJlMmx70
McDonald's,"McDonald's - Shipra Mall, Ghaziabad","No. 9, Shipra Mall, Vaibhav Khand, Indirapuram, Ghaziabad, Uttar Pradesh 201014","Vaibhav Khand, Indirapuram",NCR,28.6340269,77.37035689999999,4.2,,Sec 18 Noida (02/0001),8290,"Google Maps search (public listing), 2026-10-10",ChIJmWSVq1PlDDkRl8wS-CmkWao
McDonald's,"McDonald's - Ambience Mall, Delhi","phase-2, Ambience Mall, T-310, Nelson Mandela Marg, Ambience Island, Vasant Kunj II, Vasant Kunj, Delhi, New Delhi, Delhi 110070","Ambience Island, Vasant Kunj II, Vasant Kunj",NCR,28.5413897,77.155172,2.2,,Gurgaon DLF (02/0009),8339,"Google Maps search (public listing), 2026-10-10",ChIJ28v1ENUdDTkRJk13rJqW16Y
McDonald's,"McDonald's - DLF Promenade, Delhi","DLF Promenade, Nelson Mandela Marg, Vasant Kunj II, Vasant Kunj, New Delhi, Delhi 110070","Vasant Kunj II, Vasant Kunj",NCR,28.5423572,77.1562433,3.9,,Gurgaon DLF (02/0009),8489,"Google Maps search (public listing), 2026-10-10",ChIJC5nEtM4dDTkRkcustUQscgc
McDonald's,"McDonald's - Unity One Mall, Delhi","8 & 9, Unity One Mall, No. 7, East, Main Rd, near Trends, Vishwas Nagar, Shahdara, Delhi 110032","Vishwas Nagar Extension, Vishwas Nagar, Shahdara",NCR,28.660841,77.2976358,4.1,,Connaught place (02/0012),8542,"Google Maps search (public listing), 2026-10-10",ChIJkdlXbmn7DDkRQpFVtUMc0JA
McDonald's,McDonald's India,"Domestic Departure, No. 16, L4, Ullan Batar Road, Terminal 1 Rd, Mehram Nagar, New Delhi, Delhi 110037",Mehram Nagar,NCR,28.5652992,77.1224022,3.6,,Gurgaon DLF (02/0009),8819,"Google Maps search (public listing), 2026-10-10",ChIJwRC80h0dDTkRIQ46NbxjO2Q
McDonald's,McDonald's,"CFRM+WF8, Sector 149, Noida, Uttar Pradesh 201310",Sector 149,NCR,28.4422884,77.4837137,1.0,,Sec 143 Noida (02/0006),8852,"Google Maps search (public listing), 2026-10-10",ChIJgcIDAADBDDkRxPDp-MZ-obk
McDonald's,McDonald's,"2nd Floor, Cross River Mall, Maharaja Surajmal Marg, Vishwas Nagar Extension, Vishwas Nagar, Shahdara, New Delhi, Delhi, 110032","Vishwas Nagar Extension, Vishwas Nagar, Shahdara",NCR,28.6577841,77.30244259999999,4.1,,Connaught place (02/0012),8867,"Google Maps search (public listing), 2026-10-10",ChIJr7OaVMTKmjkRJh3O0mtaapQ
McDonald's,"McDonald's - Knowledge Park II, Noida","Ground & First Floor, Metro Station, Knowledge Park II, No. G-1 & F-1, Greater Noida, Uttar Pradesh 201310",Knowledge Park II,NCR,28.4570707,77.4998734,3.3,,Sec 143 Noida (02/0006),9008,"Google Maps search (public listing), 2026-10-10",ChIJYSIFNwDBDDkRfX07TSYHRcs
McDonald's,"McDonald's - Sector 80, Gurugram","Ground Flr, Rewari - Delhi Rd, near Tivoli Gardens, Sector 80, Gurugram, Haryana 122012",Sector 80,NCR,28.3739668,76.95320029999999,4.3,,Gurgaon Sec 10 (02/0014),9025,"Google Maps search (public listing), 2026-10-10",ChIJgyYY_609DTkR8BNG3l1vTXY
McDonald's,Mc donalds drive thru,"9XF3+H7G, Golden Quadrilateral, Sector 80, Gurugram, Haryana 122012",Sector 80,NCR,28.3739432,76.9532043,4.4,,Gurgaon Sec 10 (02/0014),9027,"Google Maps search (public listing), 2026-10-10",ChIJZSpTR-o9DTkRaRjN7XXRsds
McDonald's,"McDonald's - Vasant Vihar, Delhi","47, Munirka Marg, near Community Centre, Basant Lok, Vasant Vihar, New Delhi, Delhi 110057","Basant Lok, Vasant Vihar",NCR,28.5574893,77.1635751,4.3,,Kalkaji (02/0004),9316,"Google Maps search (public listing), 2026-10-10",ChIJjRJ0r7sdDTkRQguVsAVKNAA
McDonald's,"McDonald's - Knowledge Park 1, Noida","No, 60, Ansal Plaza, Main Road, near RGS, Amit Nagar, Sadarpur, Tugalpur, Greater Noida, Uttar Pradesh 201310","Amit Nagar, Sadarpur, Tugalpur",NCR,28.4645189,77.50836439999999,4.2,5630.0,Sec 143 Noida (02/0006),9331,"Google Maps search (public listing), 2026-10-10",ChIJVc-jVtbBDDkRIpw_BXzNulA
McDonald's,"McDonald's - Eros Market Place, Ghaziabad","Ground Floor, Eros Market Place, 40, Plot No. 2, Shakti Khand 2, Indirapuram, Ghaziabad, Uttar Pradesh 201014","Niti Khand 3, Shakti Khand 2, Indirapuram",NCR,28.6470959,77.3758368,4.2,4330.0,Sec 18 Noida (02/0001),9801,"Google Maps search (public listing), 2026-10-10",ChIJ7R7Erq76DDkRrzdcU3ZWuVw
McDonald's,"McDonald's - Ramphal Chowk Road, Delhi","No. 1-2, Ramphal Chowk Rd, Block A, Palam Extension, Sector 7 Dwarka, Palam, New Delhi, Delhi, 110077","Block A, Palam Extension, Sector 7 Dwarka, Palam",NCR,28.5897214,77.07160069999999,3.4,,Paschim Vihar (02/0003),9928,"Google Maps search (public listing), 2026-10-10",ChIJQ4fnHAAbDTkRaWSv-Hap2D4
McDonald's,McDonald's,"HCRP+28, Tech Zone IV, Amrapali Leisure Valley, Greater Noida, Uttar Pradesh 201318","Tech Zone IV, Amrapali Leisure Valley",NCR,28.5900611,77.4357265,4.2,6784.0,Sec 143 Noida (02/0006),10016,"Google Maps search (public listing), 2026-10-10",ChIJ7cRyZi7vDDkR7gvezbD8B1g
McDonald's,"McDonald's - Dwarka, Delhi","Ground Flr, Rajlakshmi Plaza, Central Rd, near Bandhan Bank, Sector 5, Dwarka, New Delhi, Delhi, 110075","Sector 5, Dwarka",NCR,28.5947944,77.0533718,4.2,,Paschim Vihar (02/0003),10131,"Google Maps search (public listing), 2026-10-10",ChIJsxniy9kaDTkRnxCSs15sG0M
McDonald's,"McDonald's - City Centre II, Delhi","Ground Floor, City Centre 2, Shop No, G-02, Sector 7 Extension, Sector 12 Dwarka, New Delhi, Delhi 110078","Sector 7 Extension, Pocket 4, Sector 12 Dwarka, Dwarka",NCR,28.59214,77.04605099999999,3.7,,Paschim Vihar (02/0003),10748,"Google Maps search (public listing), 2026-10-10",ChIJLeYGJO4bDTkRogZcWoUE46k
McDonald's,"McDonald's - Dwarka Sector 14, Delhi","Ground Floor, Vegas Business Tower, Sector 14 Rd, near Axis Bank, Pocket 1, Sector 14 Dwarka, Dwarka, New Delhi, Delhi, 110078","Pocket 1, Sector 14 Dwarka, Dwarka",NCR,28.6014629,77.0301058,4.2,,Paschim Vihar (02/0003),10845,"Google Maps search (public listing), 2026-10-10",ChIJw1dJsU4bDTkRjT49Nwnc4QI
McDonald's,"McDonald's - Dwarka Walk Mall, Delhi","No. 11, Lower Ground Floor, Radisson Blu Hotel, Sector 13, New Delhi, Delhi 110078","Sector 13, Dwarka",NCR,28.5964,77.03609999999999,4.2,,Paschim Vihar (02/0003),10908,"Google Maps search (public listing), 2026-10-10",ChIJ23DZ5xEbDTkRwe4G0MaEe3o
McDonald's,McDonalds,"Metro Station Dwarka Sec 12, Pocket 8, Block B, Sector 12 Dwarka, Dwarka, Delhi, 110078","Pocket 8, Block B, Sector 12 Dwarka, Dwarka",NCR,28.5927752,77.04068649999999,2.4,,Paschim Vihar (02/0003),10973,"Google Maps search (public listing), 2026-10-10",ChIJwzyiYQAbDTkRr_wD4ug2CLA
McDonald's,"McDonald's - Eros Metro Mall, Delhi","Ground Floor, Eros Metro Mall, No. 8, Sector 14 Dwarka, Dwarka, New Delhi, Delhi 110078","Pocket 1, Sector 14 Dwarka, Dwarka",NCR,28.6008082,77.02630099999999,4.2,,Paschim Vihar (02/0003),11149,"Google Maps search (public listing), 2026-10-10",ChIJETFKlLMaDTkRSVU6Gut8-y0
McDonald's,"McDonald's - Dilshad Garden, Delhi","No. G-2A, Dilshad Garden Metro, Grand Trunk Rd, near IndusInd Bank, Vivek Vihar, New Delhi, Delhi 110095","Jhilmil Industrial Area, Vivek Vihar",NCR,28.6759707,77.3218361,4.0,959.0,Connaught place (02/0012),11378,"Google Maps search (public listing), 2026-10-10",ChIJM-ohLgb7DDkRkTwghVBU0n0
McDonald's,McDonald's,"Plot F, Sector B-1, Trans Delhi Signature City, Ghaziabad, Sadabad Durgavali, Uttar Pradesh 201103","Sector B-1, Trans Delhi Signature City",NCR,28.7818513,77.2764504,4.9,,Model Town (02/0013),11919,"Google Maps search (public listing), 2026-10-10",ChIJjQiEEQD_DDkR087v9RD6tZw
McDonald's,"McDonald's - Vasundhara, Ghaziabad","Ground Floor, Sector 1, No. C-1, Vasundhara, Ghaziabad, Uttar Pradesh 201012","Sector 1, Vasundhara",NCR,28.6672354,77.3871149,4.4,,Sec 18 Noida (02/0001),12287,"Google Maps search (public listing), 2026-10-10",ChIJV1KPEgDxDDkR4QMNZc1qu40
McDonald's,"McDonald's - Aradhyam Shopping Mall, Ghaziabad","Shalimar City, No: G-34-35 & F-32-36, Aradhyam Shopping Mall, Ahle Bati Rd, Ashok Vatika, Ghaziabad, Uttar Pradesh 201006","Ashok Vatika, Sahibabad",NCR,28.6945775,77.34261599999999,3.0,,Sec 18 Noida (02/0001),13745,"Google Maps search (public listing), 2026-10-10",ChIJC7vCdAD7DDkR-s8JAqOL5DY
McDonald's,"McDonald's - The Opulent Mall, Ghaziabad","20, 21, Oppulent Mall, No. 19, Grand Trunk Rd, near PVR Cinemas, New Gandhi Nagar, Gandhi Nagar, Nehru Nagar III, Nehru Nagar, Ghaziabad, Uttar Pradesh 201001","New Gandhi Nagar, Gandhi Nagar, Nehru Nagar III, Nehru Nagar",NCR,28.6538484,77.4370572,4.0,920.0,Sec 18 Noida (02/0001),14373,"Google Maps search (public listing), 2026-10-10",ChIJV15jltrxDDkRt6Eb4oUncbM
McDonald's,"McDonald's - Gaur Central Mall, Ghaziabad","1, Gaur Central Mall, FF 01, Maharana Pratap Marg, near Woodland, RDC, Block 1, P & T Colony, Raj Nagar, Ghaziabad, Uttar Pradesh 201002","RDC, Block 1, P & T Colony, Raj Nagar",NCR,28.6739652,77.4400508,4.2,4336.0,Sec 18 Noida (02/0001),16086,"Google Maps search (public listing), 2026-10-10",ChIJcz2ewrvxDDkRAK7DEmnsMhs
McDonald's,"McDonald's - Raj Nagar Extension, Ghaziabad","First Floor, No. 8A, Meerut Bypass Rd, near Cresent Mall, Raj Nagar Extension, Ghaziabad, Uttar Pradesh 201003",Raj Nagar Extension,NCR,28.6973688,77.428161,3.1,134.0,Sec 18 Noida (02/0001),17299,"Google Maps search (public listing), 2026-10-10",ChIJj9HyEa_xDDkRxRo32Amd-mM
McDonald's,McDonald's khyber range,"NH 24, near Manipal Hospital, Pandav Nagar, Ghaziabad, Uttar Pradesh 201002",Pandav Nagar,NCR,28.6557052,77.4730162,2.9,54.0,Sec 18 Noida (02/0001),17346,"Google Maps search (public listing), 2026-10-10",ChIJv88XZwDzDDkRSWi2S2Vn6tA
McDonald's,McDonald's Wave City,"MF4P+3PJ, Ghaziabad, Uttar Pradesh 201002",,NCR,28.6552244,77.4867783,,,Sec 143 Noida (02/0006),18294,"Google Maps search (public listing), 2026-10-10",ChIJJYuRAgDzDDkRIbh2Tpxsde8
PVR/INOX,INOX,"G7PM+P7V, Jasola Vihar, New Delhi, Delhi 110020",Jasola Vihar,NCR,28.5373272,77.28278999999999,4.4,,"Pacific mall, Jasola (02/0011)",46,"Google Maps search (public listing), 2026-10-10",ChIJwStPJifhDDkR2DqNdDNCmCk
PVR/INOX,"PVR Rivoli- Connaught Place,Delhi","Regal Building, Baba Kharak Singh Rd, Hanuman Road Area, Connaught Place, New Delhi, Delhi 110001","Hanuman Road Area, Connaught Place",NCR,28.6310718,77.2164621,3.9,,Connaught place (02/0012),169,"Google Maps search (public listing), 2026-10-10",ChIJo3RX3kn9DDkRrwhp3i4I-nU
PVR/INOX,"PVR Plaza-CP,Delhi","Plaza Mall, Connaught Cir, Block H, Connaught Place, New Delhi, Delhi 110001","Block H, Connaught Place",NCR,28.6350113,77.2196112,4.1,,Connaught place (02/0012),426,"Google Maps search (public listing), 2026-10-10",ChIJEV2pKDj9DDkRQLZoWv_ftms
PVR/INOX,Odeon INOX,"23 D Block - Connaught Place - In Old Odeon Building, Delhi, 110001","D Block, Connaught Place",NCR,28.6342859,77.2212153,4.1,,Connaught place (02/0012),522,"Google Maps search (public listing), 2026-10-10",ChIJz254siAbDTkR9jaFZnITOhQ
PVR/INOX,PVR: Superplex Mall Of India,"4th floor, C502, Plot, DLF MOIN, 3, M-Block, Sector 18, Noida, Uttar Pradesh 201301",Sector 18,NCR,28.5667358,77.3210387,4.4,,Sec 18 Noida (02/0001),633,"Google Maps search (public listing), 2026-10-10",ChIJoUTKgEjkDDkRLTLRCTqcIfU
PVR/INOX,PVR Cinemas,"4th floor, Shaheed Udham Singh Marg Shalimar Bagh DLF City Centre Mall, A-Block, Delhi, 110088","Block AO, Poorbi Shalimar Bag, Shalimar Bagh",NCR,28.7028432,77.1584551,4.2,,Shalimar Bagh (02/0015),719,"Google Maps search (public listing), 2026-10-10",ChIJjfTuTe8DDTkRMGWXeuaZZR8
PVR/INOX,PVR Star Mall Gurgaon,"Star Mall - 2nd Floor, opposite 32nd Milestone, Sector 30, Gurugram, Haryana 122001","Block A, Sector 30",NCR,28.46122,77.05245,4.0,,Gurgaon Sec-15 (02/0010),890,"Google Maps search (public listing), 2026-10-10",ChIJf3UOHlcYDTkR3S-XQ2xCyBE
PVR/INOX,INOX Nehru Place,"Tower A, 45, District Centre, Nehru Place, New Delhi, Delhi 110019","District Centre, Nehru Place",NCR,28.550058,77.2511521,4.3,,Kalkaji (02/0004),1196,"Google Maps search (public listing), 2026-10-10",ChIJE771bs_jDDkRcFAOGoW_V2Q
PVR/INOX,INOX: Insignia At Epicuria,"H722+GJH, Nehru Place, New Delhi, Delhi 110019",Nehru Place,NCR,28.5513247,77.25161849999999,3.7,,Kalkaji (02/0004),1302,"Google Maps search (public listing), 2026-10-10",ChIJo_FMDQDjDDkRv_6H1HCY_EM
PVR/INOX,PVR Sahara Gurgaon,"Sahara Mall, Mehrauli-Gurgaon Rd, A Block, DLF Phase 1, Gurugram, Sarhol, Haryana 122002","A Block, DLF Phase 1",NCR,28.4798362,77.08684439999999,3.9,,Gurgaon DLF (02/0009),1305,"Google Maps search (public listing), 2026-10-10",ChIJjT7MfCIZDTkRGoMRXw4bjZI
PVR/INOX,PVR Pebble Faridabad,"4th Floor, Pebble Down Town Mall, Sector 12, Faridabad, Haryana 121007",Sector 12,NCR,28.3854927,77.3140083,4.2,,Sec 15 Faridabad (02/0007),1308,"Google Maps search (public listing), 2026-10-10",ChIJZSTo3SjdDDkR9GFPq8-KHTY
PVR/INOX,PVR Prashant Vihar Delhi,"Fun City Mall, 2nd, Prashant Vihar, Sector 14, Rohini, New Delhi, Delhi 110085","A Block, Prashant Vihar, Sector 14, Rohini",NCR,28.7126082,77.136023,4.2,12262.0,Rohini Sec-7 (02/0008),1345,"Google Maps search (public listing), 2026-10-10",ChIJfXGHW2MBDTkRW_f9gvTEDGM
PVR/INOX,PVR Cinemagic Elegante Mall,"Elegante, Unity One Mall, Netaji Subhash Place, Pitampura, Delhi, 110034","Netaji Subhash Place, Pitampura",NCR,28.6958398,77.1530446,3.5,,Shalimar Bagh (02/0015),1410,"Google Maps search (public listing), 2026-10-10",ChIJS99nlLgDDTkR32xRr1y0y28
PVR/INOX,PVR,"NH- 8, Ambience Island, DLF Phase 3, Sector 24, Gurugram, Haryana 122010","Ambience Island, DLF Phase 3, Sector 24",NCR,28.5040477,77.0974157,4.5,,Gurgaon DLF (02/0009),1585,"Google Maps search (public listing), 2026-10-10",ChIJC_f6_ksZDTkROlUr-3HX9Xw
PVR/INOX,PVR MGF Gurugram,"3rd floor, MGF Metropolitan Mall, Metro Station, near Mehrauli-Gurgaon Road, DLF Phase 2, Sector 25, Gurugram, Sarhol, Haryana 122009","DLF Phase 2, Sector 25",NCR,28.4809085,77.0802798,4.3,,Gurgaon DLF (02/0009),1600,"Google Maps search (public listing), 2026-10-10",ChIJq9JMYyIZDTkRVvAgJqKHPqY
PVR/INOX,PVR Cinemas Pvt Ltd,"Golf Course Rd, Saraswati Vihar, DLF Phase 1, Gurugram, Haryana 122002","Saraswati Vihar, DLF Phase 1",NCR,28.4755556,77.0930556,4.3,,Gurgaon DLF (02/0009),1658,"Google Maps search (public listing), 2026-10-10",ChIJb_UVWigZDTkR0YuExvRn3LM
PVR/INOX,PVR INOX Cinemagic Gurgaon,"4th Floor, Ambience Mall, Ambience Island, DLF Phase 3, Sector 24, Gurugram, Haryana 122010","Ambience Island, DLF Phase 3, Sector 24",NCR,28.5050707,77.09647439999999,3.3,,Gurgaon DLF (02/0009),1670,"Google Maps search (public listing), 2026-10-10",ChIJfXM397QZDTkRfQDBBcoLvKY
PVR/INOX,PVR City Centre Gurgaon,"DLF-City Centre Mall, Mehrauli-Gurgaon Rd, Sector 28, Maruti Housing Colony, Gurugram, Haryana 122009","Sector 28, Maruti Housing Colony",NCR,28.4791179,77.08051429999999,4.3,,Gurgaon DLF (02/0009),1722,"Google Maps search (public listing), 2026-10-10",ChIJUdoCb44ZDTkR9uMsyWO-XGw
PVR/INOX,INOX EF3 Cinema,"3rd Floor, Eros Ef3 Mall, NH-19, Sector 20 A, Faridabad, Haryana 121002",Sector 20 A,NCR,28.4073609,77.31022759999999,4.1,,Sec 15 Faridabad (02/0007),1810,"Google Maps search (public listing), 2026-10-10",ChIJkWlZ9sDdDDkR7uGi6xkv3GM
PVR/INOX,PVR Pacific Mall,"4th Floor, The Mall Of, 01, BUS STAND, KL Mehta Rd, Aravalli Golf Course, New Industrial Township, Faridabad, Haryana 121001","Aravalli Golf Course, New Industrial Township",NCR,28.3863563,77.2986845,4.5,,Sec 15 Faridabad (02/0007),2477,"Google Maps search (public listing), 2026-10-10",ChIJa9J1agDdDDkRlAaWuSiGLKM
PVR/INOX,PVR Piyush Mahendra Faridabad,"PVR Limited, Piyush Mahendra Mall, Narela Rajeev Nagar, Aravalli Golf Course, New Industrial Township, Faridabad, Haryana 121001","Narela Rajeev Nagar, Aravalli Golf Course, New Industrial Township",NCR,28.3896185,77.297326,3.6,,Sec 15 Faridabad (02/0007),2492,"Google Maps search (public listing), 2026-10-10",ChIJk08muwTdDDkRPedi3vAtrdQ
PVR/INOX,PVR Logix Noida,"Logix City Centre, BW-58, near Wave City Center, Wave City Center, Sector 32, Noida, Uttar Pradesh 201307","Wave City Center, Sector 32",NCR,28.5742976,77.3536665,4.5,,Sec 18 Noida (02/0001),3010,"Google Maps search (public listing), 2026-10-10",ChIJPSR4qxzlDDkRSDmFDChHpek
PVR/INOX,INOX Vishal Mall,"FrontVishal Cinema Rd, Shivaji Place, Vishal Enclave, Rajouri Garden, Delhi, 110027","Shivaji Place, Vishal Enclave, Rajouri Garden",NCR,28.6501441,77.1208779,4.4,991.0,Paschim Vihar (02/0003),3163,"Google Maps search (public listing), 2026-10-10",ChIJKQpCHQADDTkR-2AXhYtyk0k
PVR/INOX,INOX Insignia At RCube Monad Mall,"Mall 11, Rcube Monad, Najafgarh Rd, Shivaji Place, Vishal Enclave, Rajouri Garden, New Delhi, Delhi, 110027","Shivaji Place, Vishal Enclave, Rajouri Garden",NCR,28.6504683,77.12167149999999,3.9,,Paschim Vihar (02/0003),3174,"Google Maps search (public listing), 2026-10-10",ChIJPYyKwkMDDTkRE3B-wSj21vI
PVR/INOX,"INOX Insignia Ardee Mall, Gurugram","Ardee Mall, 4th Floor, Ardee City, Sector 52, Gurugram, Haryana 122003","Ardee City, Sector 52",NCR,28.4449704,77.0813312,4.3,,Sec 31 - Gurgaon (02/0016),3175,"Google Maps search (public listing), 2026-10-10",ChIJiasyIL8ZDTkR7JPv2wBgsUA
PVR/INOX,PVR 3C's Lajpat Nagar Delhi,"15, Firoz Gandhi Marg, Block I, Lajpat Nagar III, Lajpat Nagar, New Delhi, Delhi 110024","Block I, Lajpat Nagar III, Lajpat Nagar",NCR,28.5677991,77.24117849999999,3.9,,Kalkaji (02/0004),3395,"Google Maps search (public listing), 2026-10-10",ChIJpU2VqbLjDDkRissjjMz2fUc
PVR/INOX,"PVR Pacific Mall, Subhash Nagar","Level 3, Pacific Mall, Tagore Garden, Subhash Nagar, New Delhi, Delhi, 110018","Tagore Garden, Subhash Nagar",NCR,28.6428034,77.1065663,4.5,,Paschim Vihar (02/0003),3521,"Google Maps search (public listing), 2026-10-10",ChIJE002yGMDDTkR39rvDQ-u9eg
PVR/INOX,PVR Premiere,"Saket District Centre, District Centre, Sector 6, Pushp Vihar, New Delhi, Delhi 110017","Saket District Centre, District Centre, Sector 6, Pushp Vihar",NCR,28.5281246,77.21940699999999,4.5,18798.0,Kalkaji (02/0004),3926,"Google Maps search (public listing), 2026-10-10",ChIJ-3CgEYvhDDkRTD7lI_ZKSts
PVR/INOX,PVR DLF Midtown Plaza,"Dlf Capital Greens, Moti Nagar, Karampura Industrial Area, Karam Pura, Delhi, 110015","Moti Nagar, Karampura Industrial Area, Karam Pura",NCR,28.6633569,77.1534412,4.3,,Shalimar Bagh (02/0015),4451,"Google Maps search (public listing), 2026-10-10",ChIJE-0DUgADDTkRFSTvpaR0cM0
PVR/INOX,PVR Vikaspuri Delhi,"PVR Complex, Office No. 303 Gupta Tower 2, Vikaspuri, Delhi, New Delhi, Delhi 110018","Block G, Vikaspuri",NCR,28.6389067,77.0747184,3.9,26210.0,Paschim Vihar (02/0003),4865,"Google Maps search (public listing), 2026-10-10",ChIJu2nHCOwEDTkRYX60B3arVDQ
PVR/INOX,PVR Cinemas Elan Miracle sector 84,"Elan Miracle, Sector 84, Gurugram, Haryana 122012",Sector 84,NCR,28.4156723,76.96354529999999,4.2,,Gurgaon Sec 10 (02/0014),5024,"Google Maps search (public listing), 2026-10-10",ChIJl9gnLwAXDTkRsanGZzhILGE
PVR/INOX,"PVR Anupam, Saket","PVR Anupam Saket, Kiosk 23/4 ground, Community Center, New Delhi, Delhi 110017","Ashok Vihar, Saket",NCR,28.5237554,77.20714699999999,4.1,55103.0,Kalkaji (02/0004),5218,"Google Maps search (public listing), 2026-10-10",ChIJAQBAk_DhDDkRAhJy3OlQdDE
PVR/INOX,INOX Janak Place West Mall,"19, near McDonald's - Janakpuri, Delhi, Janakpuri District Center, Janak Place, New Delhi, Delhi, 110058","Janakpuri District Center, Janak Place",NCR,28.6297025,77.0818554,3.9,31475.0,Paschim Vihar (02/0003),5414,"Google Maps search (public listing), 2026-10-10",ChIJWf4gG78EDTkRev-EiFneyJo
PVR/INOX,"PVR Naraina, Delhi","Community Center, Goswami Girdhari Lal Marg, Industrial Area Phase I, Block B, Naraina Industrial Area Phase 1, Naraina, New Delhi, Delhi 110028","Industrial Area Phase I, Block B, Naraina Industrial Area Phase 1, Naraina",NCR,28.6332806,77.1385897,3.9,16854.0,Paschim Vihar (02/0003),5687,"Google Maps search (public listing), 2026-10-10",ChIJVz62YSMDDTkRUzT0EM5OpW0
PVR/INOX,INOX Patel Nagar,"Metro Station, Suman Lata Bhadola Marg, behind Shadipur, DTC Colony, Patel Nagar, New Delhi, Delhi, 110008","DTC Colony, Patel Nagar",NCR,28.6504,77.1576999,3.9,24501.0,Shalimar Bagh (02/0015),5780,"Google Maps search (public listing), 2026-10-10",ChIJIWYmJwEDDTkRO9aUurb8Zw8
PVR/INOX,PVR ECX Chanakyapuri Delhi,"YPCC Mall, Yashwant place, Chanakyapuri, Delhi, New Delhi, Delhi 110021",Chanakyapuri,NCR,28.5844367,77.1911092,4.5,10519.0,Connaught place (02/0012),5888,"Google Maps search (public listing), 2026-10-10",ChIJgwGFZwcdDTkRYGkif7NCq6I
PVR/INOX,Inox Sapphire Mall Sector 83,"2nd Floor, Sapphire Mall, NH-8, Sector 83, Gurugram, Haryana 122012",Sector 83,NCR,28.3933316,76.967604,4.3,,Gurgaon Sec 10 (02/0014),6454,"Google Maps search (public listing), 2026-10-10",ChIJY2iYLAs9DTkRs9VqjjkfV_U
PVR/INOX,Inox,"Sector 65, Gurugram, Haryana 122101",Sector 65,NCR,28.3979826,77.0726756,4.3,,Sec 31 - Gurgaon (02/0016),6498,"Google Maps search (public listing), 2026-10-10",ChIJsYIXJEUjDTkR0wil5GlRw2I
PVR/INOX,PVR,"Ground Floor, Tower 5, World Mark Tower 1, Maidawas Rd, Sector 65, Gurugram, Haryana 122101",Sector 65,NCR,28.397128,77.0715156,3.7,,Sec 31 - Gurgaon (02/0016),6550,"Google Maps search (public listing), 2026-10-10",ChIJfw74h0MiDTkRxzLM34bNRkw
PVR/INOX,INOX MX4D,"AIPL JOY STREET, Badshahpur, Sector 66, Gurugram, Haryana 122101","Badshahpur, Sector 66",NCR,28.3921705,77.05914469999999,4.3,,Sec 31 - Gurgaon (02/0016),6816,"Google Maps search (public listing), 2026-10-10",ChIJlTuz3VIjDTkRBxg16H4nwB4
PVR/INOX,INOX IRIS Broadway Gurugram,"Iris Broadway, Sector 85, Gurugram, Haryana 122012",Sector 85,NCR,28.40415,76.9477143,3.5,,Gurgaon Sec 10 (02/0014),7023,"Google Maps search (public listing), 2026-10-10",ChIJH3TfdQA9DTkRijh-bYYt0Ag
PVR/INOX,PVR,"PVR: Elan town centre, Sohna - Gurgaon Rd, Sector 67, Gurugram, Haryana 122101",Sector 67,NCR,28.3843497,77.0535323,4.2,,Sec 31 - Gurgaon (02/0016),7636,"Google Maps search (public listing), 2026-10-10",ChIJAQn23TUjDTkRZ8ZGdSGDJr0
PVR/INOX,PVR Cinemas Dwarka Sector 21,"Pacific Mall Metro station, Sector 21, Dwarka, New Delhi, Delhi 110077","Sector 21, Dwarka",NCR,28.55247,77.0585182,4.3,1311.0,Gurgaon DLF (02/0009),7654,"Google Maps search (public listing), 2026-10-10",ChIJ1YUA7XcbDTkRYnazG4-icZA
PVR/INOX,PVR EDM Ghaziabad,"Plot No.1,EDM Mall Ghazipur, Road, Kaushambi, Ghaziabad, Uttar Pradesh 201010","Anand Vihar, Kaushambi",NCR,28.6411238,77.3170303,4.1,8382.0,Sec 18 Noida (02/0001),7688,"Google Maps search (public listing), 2026-10-10",ChIJc1p5IjH7DDkRCBThE19i6rw
PVR/INOX,PVR Sangam,"Sangam theatre,Complex, Major Somnath Marg, Sector 9 R K Puram, KD Colony, Sector 9, Rama Krishna Puram, New Delhi, Delhi 110022","Sector 9 R K Puram, KD Colony, Sector 9, Rama Krishna Puram",NCR,28.5729458,77.17347,4.3,,Connaught place (02/0012),7836,"Google Maps search (public listing), 2026-10-10",ChIJhYjzxJ8dDTkRFGdwLgpxVTA
PVR/INOX,INOX Crown Interiorz Mall,"INOX Leisure Ltd., 3rd Floor, Crownz Interiorz Mall, NH-19, Sector 35, Faridabad, Haryana 121003","Ashoka Enclave 3, Subash Nagar, Sector 35",NCR,28.4693985,77.3072662,4.2,,"Pacific mall, Jasola (02/0011)",7952,"Google Maps search (public listing), 2026-10-10",ChIJ_W-PREDnDDkR-RTvhP2hpw0
PVR/INOX,"INOX Sapphire Mall, Gurugram","Sapphire 90, Sector 90, Gurugram, Meoka, Haryana 122505",Sector 90,NCR,28.4046916,76.9359436,4.2,,Gurgaon Sec 10 (02/0014),7968,"Google Maps search (public listing), 2026-10-10",ChIJUVMs1QU9DTkRQHhoJLSwJ28
PVR/INOX,"PVR Mahagun Metro Mall Vaishali, Ghaziabad","Mahagun Metro Mall, Sector 3F, VC3, Sector 3, Vaishali, Ghaziabad, Uttar Pradesh 201019","Sector 3F, VC3, Sector 3, Vaishali",NCR,28.6450997,77.33614829999999,4.2,12344.0,Sec 18 Noida (02/0001),8210,"Google Maps search (public listing), 2026-10-10",ChIJzWeMcdf6DDkRtIIuo71FbuE
PVR/INOX,PVR Directors Cut Ambience Mall Delhi,"Ambience Mall, Nelson Mandela Marg, Vasant Kunj, Delhi, 110070","Vasant Kunj II, Vasant Kunj",NCR,28.5407595,77.1546535,4.6,5606.0,Gurgaon DLF (02/0009),8255,"Google Maps search (public listing), 2026-10-10",ChIJYcotmc4dDTkRyO8g9jTgkRw
PVR/INOX,INOX Ghaziabad,"Plot No- 367, INOX Limited, 3rd Floor, Shipra Mall, 9, PVR, Vaibhav Khand, Indirapuram, Ghaziabad, Uttar Pradesh 201014","Vaibhav Khand, Indirapuram",NCR,28.6341418,77.3695279,4.1,10418.0,Sec 18 Noida (02/0001),8256,"Google Maps search (public listing), 2026-10-10",ChIJk_s7TFLlDDkRWm6ijIa1cdY
PVR/INOX,PVR: Elan Mercado,"Pvr, Elan Mercado, Sector 80, Gurugram, Haryana 122012",Sector 80,NCR,28.3768465,76.95980519999999,4.3,,Gurgaon Sec 10 (02/0014),8395,"Google Maps search (public listing), 2026-10-10",ChIJWd0809E9DTkRGw27etSBHl8
PVR/INOX,PVR ICON,"2nd Floor DLF Promenade Mall Nelson Mandela Road, Vasant Kunj Rd, Vasant Kunj II, New Delhi, Delhi 110070","Vasant Kunj II, Vasant Kunj",NCR,28.5428686,77.15546429999999,4.5,,Gurgaon DLF (02/0009),8473,"Google Maps search (public listing), 2026-10-10",ChIJVVUVyM4dDTkRAb-WdnKFe1A
PVR/INOX,INOX Omaxe Connaught Place Mall,"INOX Leisure Ltd, 2nd Floor, Omaxe Connaught Place Mall, H Block, Sector, Beta II, Greater Noida, Uttar Pradesh 201310","Block H, Beta II",NCR,28.4880903,77.5135487,4.3,,Sec 143 Noida (02/0006),9032,"Google Maps search (public listing), 2026-10-10",ChIJA5ifVGDqDDkR0VBdskOn3_Q
PVR/INOX,PVR,"2nd Floor, PVR INOX Limited, OMAXE MALL, Block H, Beta II, Greater Noida, Uttar Pradesh 201310","Block H, Beta II",NCR,28.4884283,77.51392849999999,4.0,8.0,Sec 143 Noida (02/0006),9062,"Google Maps search (public listing), 2026-10-10",ChIJVVVVRWDqDDkRS2X2VL7Y1vs
PVR/INOX,PVR Priya Vasant,"61, Community Center, Basant Lok, Vasant Vihar, New Delhi, Delhi 110057","Basant Lok, Vasant Vihar",NCR,28.5573804,77.1645077,4.3,,Kalkaji (02/0004),9224,"Google Maps search (public listing), 2026-10-10",ChIJtVIdV7AdDTkR36m41RrDJRU
PVR/INOX,PVR Inox Vegas Mall,"Vegas Mall, 3rd floor, Sector 14 Rd, Pocket 1, Sector 14 Dwarka, Dwarka, Delhi, 110078","Pocket 1, Sector 14 Dwarka, Dwarka",NCR,28.6008019,77.0296774,4.5,,Paschim Vihar (02/0003),10928,"Google Maps search (public listing), 2026-10-10",ChIJo0j3g30bDTkRAZIvGIJVUgk
PVR/INOX,PVR Luxe,"J22H+3WW, Unnamed Road, Pocket 1, Sector 14 Dwarka, Dwarka, Delhi, 110078","Pocket 1, Sector 14 Dwarka, Dwarka",NCR,28.6002284,77.0298309,4.4,,Paschim Vihar (02/0003),10966,"Google Maps search (public listing), 2026-10-10",ChIJCQ06hVobDTkR0qcyQDuPaNU
PVR/INOX,PVR Gaur City Greater Noida,"4th floor, GAUR CITY MALL, PLOT NO C-01B, Gaur City 1, GH-01, Sector 4, Greater Noida, Ghaziabad, Uttar Pradesh 201318","Gaur City 1, GH-01, Sector 4",NCR,28.6061834,77.4294003,4.4,,Sec 18 Noida (02/0001),11061,"Google Maps search (public listing), 2026-10-10",ChIJDQ-jwO3vDDkRibyDiIghPEY
PVR/INOX,INOX Cinema,"Gate No. 1, 3rd Floor, MSX Mall, Swarn Nagari, Greater Noida, Uttar Pradesh 201315","Block F, Swarn Nagari, Surajpur Site 4",NCR,28.4575604,77.5284161,4.1,5979.0,Sec 143 Noida (02/0006),11434,"Google Maps search (public listing), 2026-10-10",ChIJDXPWTSXADDkRrKkOE2AgsRE
PVR/INOX,PVR Inox,"Town Central Ek Murti Chowk, Panchsheel Greens, Greater Noida, Ghaziabad, Uttar Pradesh 201318",Panchsheel Greens,NCR,28.6043019,77.4496152,2.5,,Sec 143 Noida (02/0006),11818,"Google Maps search (public listing), 2026-10-10",ChIJH24WIwDvDDkRjWhRveghwPA
PVR/INOX,PVR GHAZIABAD OPULANT,"The Opulent Mall, Grand Trunk Road New Gandhi Nagar, 115, East Model Town, Nehru Nagar III, Nehru Nagar, Ghaziabad, Uttar Pradesh 201001","East Model Town, Gandhi Nagar, Nehru Nagar III, Nehru Nagar",NCR,28.6539506,77.43714279999999,4.1,,Sec 18 Noida (02/0001),14386,"Google Maps search (public listing), 2026-10-10",ChIJacDQ78TxDDkRYRvx_tDehCw
PVR/INOX,PVR VVIP Ghaziabad,"PVR Cinemas, 3 Screen 2nd Floor, NH 58, Raj Nagar Extension, Ghaziabad, Uttar Pradesh 201003",Raj Nagar Extension,NCR,28.6971099,77.4287792,4.2,,Sec 18 Noida (02/0001),17311,"Google Maps search (public listing), 2026-10-10",ChIJR1V-IyXxDDkRHuWhdXuiefU
Starbucks,Starbucks Coffee | Model Town | Delhi,"Shop No 2, No B, 3rd Main Rd, Block B, Market, Model Town, New Delhi, Delhi, 110009","Block B, Market, Model Town",NCR,28.7053629,77.19038139999999,4.9,476.0,Model Town (02/0013),68,"Google Maps search (public listing), 2026-10-10",ChIJl7_mJgADDTkRtWYaUfdYoFc
Starbucks,Starbucks Coffee | Sector 18 | Noida,"No F, 1, F Block, Pocket F, Sector 18, Noida, Uttar Pradesh 201301","F Block, Pocket F, Sector 18",NCR,28.571471,77.32421409999999,4.8,265.0,Sec 18 Noida (02/0001),148,"Google Maps search (public listing), 2026-10-10",ChIJrUmLyYPlDDkRD9J1wm4O25s
Starbucks,Starbucks,"A Block, Palika Parking, Radial Rd Number 2, next to Hamilton House, Palika Bazar, Connaught Place, New Delhi, Delhi 110001","Palika Bazar, Connaught Place",NCR,28.6322045,77.2177545,4.3,18952.0,Connaught place (02/0012),154,"Google Maps search (public listing), 2026-10-10",ChIJ6wvhczf9DDkRPyAIgvvxbPc
Starbucks,Starbucks - Cyber City,"Unit No 14, Gr Floor, Building Number 5, DLF Cyber City, DLF Phase 2, Sector 24, Gurugram, Haryana 122002","DLF Cyber City, DLF Phase 2, Sector 24",NCR,28.4891928,77.0916331,5.0,,Gurgaon DLF (02/0009),165,"Google Maps search (public listing), 2026-10-10",ChIJQQgHu6clDTkR0EV2w45Mp18
Starbucks,Starbucks,"DLF Cyber Greens, DLF Cyber City, DLF Phase 2, Sector 24, Gurugram, Haryana 122002","DLF Cyber City, DLF Phase 2, Sector 24",NCR,28.4938836,77.09291549999999,4.7,108.0,Gurgaon DLF (02/0009),383,"Google Maps search (public listing), 2026-10-10",ChIJoRAFEQAZDTkRJqWaW9ZuUSs
Starbucks,Starbucks - Cannaught Place,"Shop No 16, Connaught Cir, Block N, Connaught Place, New Delhi, Delhi 110001","Block N, Connaught Place",NCR,28.630358,77.220581,4.4,8104.0,Connaught place (02/0012),491,"Google Maps search (public listing), 2026-10-10",ChIJHbDBfDb9DDkR0LuEc0pARFU
Starbucks,Starbucks Coffee | DLF Mall of India | Noida,"3rd Floor, Dlf Mall Of India, No E442, Sector 18, Noida, Uttar Pradesh 201301",Sector 18,NCR,28.567497,77.321174,4.9,116.0,Sec 18 Noida (02/0001),548,"Google Maps search (public listing), 2026-10-10",ChIJVwTe7qjlDDkRn_1a_-fkqXs
Starbucks,Starbucks Coffee | Sector 18 | Noida,"Ground Floor, Dlf Mall Of India, Plot No M03, Sector 18, Noida, Uttar Pradesh 201301",Sector 18,NCR,28.5673638,77.32140609999999,4.4,,Sec 18 Noida (02/0001),556,"Google Maps search (public listing), 2026-10-10",ChIJgwASslXlDDkRgW9JyZkEr6Y
Starbucks,Starbucks - Connaught Place,"Mezzanine Level, Baba Kharak Singh Rd, near Hnuman Mandir, Hanuman Road Area, Connaught Place, New Delhi, Delhi 110001","Hanuman Road Area, Connaught Place",NCR,28.6288147,77.2115479,4.2,371.0,Connaught place (02/0012),620,"Google Maps search (public listing), 2026-10-10",ChIJl46Htof9DDkRkeZgkiR0__w
Starbucks,Starbucks - Sector 15,"32nd Milestone, NH 8, Part 2, Sector 15, Gurugram, Haryana 122001","Part 2, Sector 15",NCR,28.461614,77.04980499999999,4.5,900.0,Gurgaon Sec-15 (02/0010),675,"Google Maps search (public listing), 2026-10-10",ChIJlR-WNNYZDTkR_EBSinPiyDw
Starbucks,Starbucks - Dlf Cyber City,"Shop Nos K6, K7, off Nh 8, near Building Number 8, DLF Cyber City, DLF Phase 2, Sector 24, Gurugram, Haryana 122002","DLF Cyber City, DLF Phase 2, Sector 24",NCR,28.4956832,77.0888688,4.4,,Gurgaon DLF (02/0009),682,"Google Maps search (public listing), 2026-10-10",ChIJnwF-ZTgZDTkRT-y6kWc3ZZ4
Starbucks,Starbucks Coffee | Sector 16B | Noida,"Ground Floor, Berger Tower, near by Noida Sector 16 Metro Station, Sector 16B, Noida, Uttar Pradesh 201301",Sector 16B,NCR,28.574491,77.3134712,5.0,,Sec 18 Noida (02/0001),959,"Google Maps search (public listing), 2026-10-10",ChIJyQMJNo_lDDkRwpBVMRSrldw
Starbucks,Starbucks Coffee | Rohini Sector 7 | Delhi,"E, Pocket, Block, Property No 8, Ground Floor, 1, Sector 7, Rohini, Delhi, 110085","Pocket 2, Sector 7, Rohini",NCR,28.7020348,77.1171142,4.5,,Rohini Sec-7 (02/0008),1001,"Google Maps search (public listing), 2026-10-10",ChIJ1bp_LgADDTkRd5oM-YZdgPw
Starbucks,Starbucks Coffee | MG Road | Gurugram,"GF 20 & 21, PLATINA TOWER, Mehrauli-Gurgaon Rd, Sector 28, DLF Phase 1, Gurugram, Haryana 122002","Sector 28, DLF Phase 1",NCR,28.4803875,77.0926892,4.8,250.0,Gurgaon DLF (02/0009),1120,"Google Maps search (public listing), 2026-10-10",ChIJZ0rRb2MZDTkRhmGktXp6Mdc
Starbucks,Starbucks - Sector 142,"2nd Floor, Tower B, Advant Navis Business Park, Unit No. 203, Plot No. 7, Noida-Greater Noida Expy, Sector 142, Noida, Uttar Pradesh 201304",Sector 142,NCR,28.500741,77.410326,4.3,512.0,Sec 143 Noida (02/0006),1167,"Google Maps search (public listing), 2026-10-10",ChIJecbXFg7pDDkRur9gQJ_jOkw
Starbucks,Starbucks,"Lower Ground Floor, Eros corporate Tower, Metro Station, near Nehru Place, Nehru Place, New Delhi, Delhi 110019",Nehru Place,NCR,28.5510639,77.2517563,4.6,2050.0,Kalkaji (02/0004),1270,"Google Maps search (public listing), 2026-10-10",ChIJZa-3Wc_jDDkRkfW8l3Q7DIg
Starbucks,Starbucks - Sector 12,"Ground Floor, Bata Chowk, Unit No 6 & 7, near Metro Station, Sector 12, Faridabad, Haryana 121007",Sector 12,NCR,28.3850849,77.31452139999999,4.4,606.0,Sec 15 Faridabad (02/0007),1316,"Google Maps search (public listing), 2026-10-10",ChIJ5Yp--eTdDDkRJuNtqPxILZc
Starbucks,Starbucks Coffee | Netaji Subhash Place | Pitampura,"Shop No, Ground Floor, Unity One Elegante, G-022, Lala Jagat Narayan Marg, Netaji Subhash Place, Pitampura, New Delhi, Delhi, 110034","Netaji Subhash Place, Pitampura",NCR,28.6956239,77.1532679,4.6,,Shalimar Bagh (02/0015),1403,"Google Maps search (public listing), 2026-10-10",ChIJuQiJbEIDDTkR42GLHvq3SQI
Starbucks,Starbucks,"Upper Ground floor, Plot No 03, Block J, Reserve Bank Enclave, Paschim Vihar, New Delhi, Delhi, 110063","Block J, Reserve Bank Enclave, Paschim Vihar",NCR,28.666197,77.0927985,4.6,,Paschim Vihar (02/0003),1415,"Google Maps search (public listing), 2026-10-10",ChIJAVNs40QFDTkRL0RMwyKsIlY
Starbucks,Starbucks,"Ground Floor, DLF Cyber Park, Unit No 15, Phase-2, Udyog Vihar, Sector 20, Gurugram, Haryana 122016","Phase-2, Phase II, Udyog Vihar, Sector 20",NCR,28.5031842,77.0898946,4.7,,Gurgaon DLF (02/0009),1438,"Google Maps search (public listing), 2026-10-10",ChIJ3RsuEa4ZDTkRjZAXXdd9dHE
Starbucks,Starbucks,"Unit No 2, Ground, DLF DOWNTOWN, Ambience Island, DLF Phase 3, Sector 24, Gurugram, Haryana 122010","Ambience Island, DLF Phase 3, Sector 24",NCR,28.50346,77.0952132,4.6,,Gurgaon DLF (02/0009),1470,"Google Maps search (public listing), 2026-10-10",ChIJX_nTF1IZDTkRxFqGiley7hk
Starbucks,"Starbucks GK2, Delhi","M11, E Block Road, near M Block Market, Block M, Greater Kailash II, Greater Kailash, New Delhi, Delhi 110048","Block M, Greater Kailash II, Greater Kailash",NCR,28.5341346,77.24297299999999,4.5,,Kalkaji (02/0004),1547,"Google Maps search (public listing), 2026-10-10",ChIJgXDHfdXjDDkRLMTXgH0O-CA
Starbucks,Starbucks Coffee | Netaji Subhash Place | Pitampura,"Flat No G10 & G11, Gr Flr, HB Twin Tower-II, near Max Hospital, Netaji Subhash Place, Pitampura, New Delhi, Delhi, 110034","Netaji Subhash Place, Pitampura",NCR,28.693153,77.151849,4.3,,Shalimar Bagh (02/0015),1668,"Google Maps search (public listing), 2026-10-10",ChIJ9c2JojMCDTkRefKLRz-eADE
Starbucks,Starbucks,"NSP Parking, Netaji Subhash Place, Shakurpur, Delhi, 110034","Netaji Subhash Place, Shakurpur",NCR,28.6930414,77.1506481,,,Shalimar Bagh (02/0015),1772,"Google Maps search (public listing), 2026-10-10",ChIJL8M2UQADDTkRtNLANEr-lIg
Starbucks,Starbucks - Punjabi Bagh West,"Plot No 25, N W Ave Rd, near Club Road, West Punjabi Bagh, Punjabi Bagh, New Delhi, Delhi, 110026","West Punjabi Bagh, Punjabi Bagh",NCR,28.6665955,77.1245339,4.4,3154.0,Paschim Vihar (02/0003),2191,"Google Maps search (public listing), 2026-10-10",ChIJaxAcnZYDDTkRpJzFFi05eUE
Starbucks,Starbucks,"No M33, 1st Floor, Bhandari Marg, M, S Block Rd, near Moti Mahal Delux, New Khanna Market, Greater Kailash, New Delhi, Delhi 110048","New Khanna Market, M Block, Greater Kailash I, Greater Kailash",NCR,28.549637,77.2364221,4.4,2398.0,Kalkaji (02/0004),2246,"Google Maps search (public listing), 2026-10-10",ChIJXY0ojTPiDDkR5cNuANCzhAE
Starbucks,Starbucks - Karol Bagh,"Ground Floor, Plot No 3, Pusa Rd, opposite Bal Bharati Public School, Block 18 A, WEA, Karol Bagh, New Delhi, Delhi, 110005","Block 18 A, WEA, Karol Bagh",NCR,28.6452422,77.1956498,4.7,772.0,Connaught place (02/0012),2453,"Google Maps search (public listing), 2026-10-10",ChIJrYSEbMn9DDkR00VViEWm_GU
Starbucks,Starbucks,"Ground Floor, Plot No 3, Pusa Rd, opposite Bal Bharati Public School, Block 18 A, WEA, Karol Bagh, New Delhi, Delhi, 110005","Block 18 A, WEA, Karol Bagh",NCR,28.6452533,77.195651,4.8,10.0,Connaught place (02/0012),2454,"Google Maps search (public listing), 2026-10-10",ChIJsRaJRQD9DDkRUO-Moa6PdDk
Starbucks,Starbucks - New Friends Colony,"Building No. 8, Frist Floor, Trimurti Building, Pebble Street, Block A, New Friends Colony, New Delhi, Delhi 110025","Block A, New Friends Colony",NCR,28.5623603,77.26894519999999,5.0,20.0,Kalkaji (02/0004),2686,"Google Maps search (public listing), 2026-10-10",ChIJD_ZRmD3jDDkRmca4dFzTGXA
Starbucks,Starbucks - DLF Phase IV,"Shop No. 04, Galleria Market, Sector 28, DLF Phase IV, Gurugram, Haryana 122009","Galleria Market, Sector 28, DLF Phase IV",NCR,28.4675632,77.0822905,4.4,1894.0,Gurgaon DLF (02/0009),2735,"Google Maps search (public listing), 2026-10-10",ChIJ67j2yv0YDTkRxuRnpvLo49E
Starbucks,Starbucks - Civil Lines,"Ground Floor, No 21/31K, Mall Rd, Banarsi Das Estate, Civil Lines, New Delhi, Delhi, 110054","Banarsi Das Estate, Civil Lines",NCR,28.6946227,77.2170685,4.9,267.0,Model Town (02/0013),2913,"Google Maps search (public listing), 2026-10-10",ChIJW4EGWE79DDkRtgg8CcWKMDE
Starbucks,Starbucks Coffee,"UN 2, Add India Tower, Plot No A/6a, Sector 125, Noida, Uttar Pradesh 201313",Sector 125,NCR,28.5457545,77.32873839999999,4.9,,Sec 18 Noida (02/0001),2993,"Google Maps search (public listing), 2026-10-10",ChIJs4k9iCrlDDkRAjUfCsmfWzU
Starbucks,Starbucks - Sector 21,"Unit No 4, GF, New Amenity Block, Candor Tech Space, Dundahera, Sector 21, Gurugram, Haryana 122016","Dundahera, Sector 21",NCR,28.5103738,77.0717233,4.4,113.0,Gurgaon DLF (02/0009),3006,"Google Maps search (public listing), 2026-10-10",ChIJ8XOKAroZDTkRsTsXGEK_xwY
Starbucks,Starbucks - Sector 52,"Ground Floor, Ardee Mall, Shop No, 11, Ardee Mall Rd, Block B, Ardee City, Sector 52, Gurugram, Haryana 122003","Block B, Ardee City, Sector 52",NCR,28.4451799,77.08072949999999,4.7,364.0,Sec 31 - Gurgaon (02/0016),3112,"Google Maps search (public listing), 2026-10-10",ChIJeZMtCrEZDTkREVBFWoPnYwI
Starbucks,Starbucks - Chandni Chowk,"Omaxe Mall, Gandhi Maidan, HC Sen Marg, Old Delhi, Chhippy Wada, Chandni Chowk, New Delhi, Delhi, 110006","Old Delhi, Chhippy Wada, Chandni Chowk",NCR,28.657402,77.231921,4.4,3396.0,Connaught place (02/0012),3156,"Google Maps search (public listing), 2026-10-10",ChIJP--zXQD9DDkRrPu7X_w2tGI
Starbucks,Starbucks - Rajouri Garden,"No Cs003, Gr, Rcube Monad, Bldg, Shivaji Place, Vishal Enclave, Rajouri Garden, New Delhi, Delhi, 110027","Shivaji Place, Vishal Enclave, Rajouri Garden",NCR,28.6504566,77.121791,4.9,257.0,Paschim Vihar (02/0003),3182,"Google Maps search (public listing), 2026-10-10",ChIJUdRzY7UDDTkR2ihde6rXb5E
Starbucks,Starbucks Reserve - Sector 42,"Unit No.9, Ground Floor, Godrej GCR, Golf Course Rd, Sector 42, Gurugram, Haryana 122009",Sector 42,NCR,28.4604161,77.0968303,4.6,564.0,Gurgaon DLF (02/0009),3367,"Google Maps search (public listing), 2026-10-10",ChIJWUlpEgAZDTkROYq6uj5iZr4
Starbucks,Starbucks - Bapa Nagar,"Ground Floor, Delhi High Court, Bapa Nagar, India Gate, New Delhi, Delhi 110003","Bapa Nagar, India Gate",NCR,28.6074216,77.2354598,4.6,78.0,Connaught place (02/0012),3368,"Google Maps search (public listing), 2026-10-10",ChIJL5ikHQDjDDkRwJYK73r1Yk8
Starbucks,Starbucks - Kamla Nagar,"Ground Floor, 25, No Ua, Block UA, Jawahar Nagar, Kamla Nagar, New Delhi, Delhi, 110007","Block UA, Jawahar Nagar, Kamla Nagar",NCR,28.6789838,77.2079751,4.8,1489.0,Model Town (02/0013),3466,"Google Maps search (public listing), 2026-10-10",ChIJpRJ7TXL9DDkRtMrd-ljyii4
Starbucks,Starbucks - Subhash Nagar,"12-13, PACIFIC MALL, Ground Floor, Tagore Garden Rd, New Delhi, Delhi 110018","Block 6, Tilak Nagar",NCR,28.6428865,77.1063774,4.4,3291.0,Paschim Vihar (02/0003),3511,"Google Maps search (public listing), 2026-10-10",ChIJdZDD3GMDDTkRRdO_ZeY_ctw
Starbucks,Starbucks Coffee | Sector 43 | Noida,"RCube Monad, Block A, Sector 43, Noida, Uttar Pradesh 201303","Block A, Sector 43",NCR,28.5604465,77.35679069999999,4.8,259.0,Sec 18 Noida (02/0001),3555,"Google Maps search (public listing), 2026-10-10",ChIJifLJ-TblDDkRST97c1KS0yg
Starbucks,Starbucks Coffee | Sector 49 | Gurugram,"Shop No 30/31, GF, Element One Mall, near Haldiram, Sector 49, Fatehpur, Gurugram, Haryana 122018",Sector 49,NCR,28.4199934,77.05013269999999,4.5,809.0,Sec 31 - Gurgaon (02/0016),3666,"Google Maps search (public listing), 2026-10-10",ChIJg6RhUiUjDTkRMIv4jIFYlcM
Starbucks,Starbucks,"No A45, 1st & 2nd Floor Barsati, Khan Market, Rabindra Nagar, New Delhi, Delhi 110003","Khan Market, Rabindra Nagar",NCR,28.600832,77.227008,4.5,,Connaught place (02/0012),3683,"Google Maps search (public listing), 2026-10-10",ChIJvYBFJOjiDDkRfydOTG4wYtg
Starbucks,Starbucks - Saket,"No G42, 45 & 46, Select City Walk Mall, Saket District Centre, District Centre, Sector 6, Pushp Vihar, New Delhi, Delhi 110017","Saket District Centre, District Centre, Sector 6, Pushp Vihar",NCR,28.5288008,77.2189987,4.4,,Kalkaji (02/0004),3937,"Google Maps search (public listing), 2026-10-10",ChIJW6YKHYvhDDkRyRfjTlOoeVk
Starbucks,Starbucks - Rajouri Garden Extension,"No E15, Shop, Shivaji Marg, near KFC, Rajouri Garden Extension, Rajouri Garden, New Delhi, Delhi, 110027","Rajouri Garden Extension, Rajouri Garden",NCR,28.6420029,77.12264309999999,4.5,833.0,Paschim Vihar (02/0003),4038,"Google Maps search (public listing), 2026-10-10",ChIJq-H1SXIDDTkRh-ezs5IxD5c
Starbucks,Starbucks,"No D 27, Ground Floor, Shiniwas Puri, Block D, Defence Colony, New Delhi, Delhi 110024","Shiniwas Puri, Block D, Defence Colony",NCR,28.572836,77.237061,4.5,960.0,Kalkaji (02/0004),4078,"Google Maps search (public listing), 2026-10-10",ChIJFTF-B4vjDDkRu-kNUep-dts
Starbucks,Starbucks - Sector 43,"Golf Course Rd, Horizon Colony, DLF Phase 5, Sector 43, Gurugram, Haryana 122009","Horizon Colony, DLF Phase 5, Sector 43",NCR,28.4510446,77.098231,4.5,,Gurgaon DLF (02/0009),4418,"Google Maps search (public listing), 2026-10-10",ChIJ6XtJ9bUYDTkRI14ctqPiXqo
Starbucks,Starbucks - Chanakyapuri,"Commercial Complex, No 5/48, Malcha Marg, Block C, Diplomatic Enclave, Chanakyapuri, New Delhi, Delhi 110021","Block C, Diplomatic Enclave, Chanakyapuri",NCR,28.6022179,77.1861534,4.7,421.0,Connaught place (02/0012),4474,"Google Maps search (public listing), 2026-10-10",ChIJX6RgLXIdDTkRCpOT_9agFb4
Starbucks,Starbucks,"Air India Training Academy, Southern Peripheral Rd, Darbaripur, Sector 75, Gurugram, Haryana 122101","Darbaripur, Sector 75",NCR,28.3991809,77.010435,5.0,9.0,Gurgaon Sec 10 (02/0014),4553,"Google Maps search (public listing), 2026-10-10",ChIJo3-8OgA9DTkRlJqYoES1aeg
Starbucks,Starbucks - Malviya Nagar,"Main Market, No 16/223, Malviya Nagar, New Delhi, Delhi 110017","Block E, Malviya Nagar",NCR,28.5348089,77.2096897,4.9,,Kalkaji (02/0004),4666,"Google Maps search (public listing), 2026-10-10",ChIJCb--oOfjDDkRQZvu4mTscc8
Starbucks,Starbucks,"1st Floor Part 2, Plot No E21, South Extension, New Delhi, Delhi 110049",South Extension,NCR,28.5679787,77.2196539,4.4,,Kalkaji (02/0004),4750,"Google Maps search (public listing), 2026-10-10",ChIJNwmUsV3iDDkRem5RTgZqHwM
Starbucks,Starbucks - Sector 132,"No B/9, Block B, Sector 132, Noida, Shahpur Govardhanpur Bangar, Uttar Pradesh 201304","Block B, Sector 132",NCR,28.5123502,77.3711797,4.9,,Sec 143 Noida (02/0006),5155,"Google Maps search (public listing), 2026-10-10",ChIJQbBUDADnDDkRkK750DzmuxY
Starbucks,Starbucks - Sector 75,"Phase 1, Gf48a & Gf49e, Unit No Gf47b, Gf47c, Plot C & d, Sector 75, Noida, Uttar Pradesh 201316","Gardenia Gateway, Sector 75",NCR,28.5729722,77.37920009999999,4.8,1015.0,Sec 18 Noida (02/0001),5495,"Google Maps search (public listing), 2026-10-10",ChIJN1ENSifvDDkRLTAZIpBGPxA
Starbucks,Starbucks - Green Park,"No, C36A, Main Market, Block S, Green Park, New Delhi, Delhi 110016","Block S, Green Park",NCR,28.555807,77.202156,4.5,1631.0,Kalkaji (02/0004),5617,"Google Maps search (public listing), 2026-10-10",ChIJy0u1yHPiDDkRPoRvXaVRCQ0
Starbucks,Starbucks - Sector 54,"Shop No 6, 9 & 10, GF, Time Centre Bldg, Golf Course Rd, Suncity, Sector 54, Haiderpur, Gurugram, Haryana 122011","Suncity, Sector 54",NCR,28.4351267,77.1047784,4.4,2487.0,Sec 31 - Gurgaon (02/0016),5697,"Google Maps search (public listing), 2026-10-10",ChIJ-cZkOGAfDTkRyIGQUpMT0q0
Starbucks,Starbucks Coffee | Sector 98 | Noida,"Shop No 5, Ground Floor, Skymark One, Plot No H/10A, Sector 98, Noida, Uttar Pradesh 201304",Sector 98,NCR,28.5312863,77.3618927,4.6,,Sec 18 Noida (02/0001),5929,"Google Maps search (public listing), 2026-10-10",ChIJDaULhE7nDDkRpOx_QCtO7mo
Starbucks,Starbucks - Janakpuri,"C1/128, Block C1, Janakpuri, New Delhi, Delhi, 110058","Block C1, Janakpuri",NCR,28.6205843,77.0810561,4.8,608.0,Paschim Vihar (02/0003),6384,"Google Maps search (public listing), 2026-10-10",ChIJyTMVI98FDTkR3DH0t649MsA
Starbucks,Starbucks Coffee | Sector 62 | Noida,"Unit No 5, Ground Floor, Tower No 8, It Park, Plot No B/2, near Candor Techspace, Block B, Industrial Area, Sector 62, Noida, Uttar Pradesh 201309","Block B, Industrial Area, Sector 62",NCR,28.6213703,77.3581384,4.6,,Sec 18 Noida (02/0001),6460,"Google Maps search (public listing), 2026-10-10",ChIJwURPYQ3pDDkRq3mTkJIocXQ
Starbucks,Starbucks Coffee | Sector 65 | Gurugram,"Ground Floor, WorldMark, Maidawas Rd, Sector 65, Gurugram, Haryana 122101",Sector 65,NCR,28.3978149,77.0718711,4.6,716.0,Sec 31 - Gurgaon (02/0016),6489,"Google Maps search (public listing), 2026-10-10",ChIJc1G0FmgjDTkR2WGEIRAaCVw
Starbucks,STARBUCKS WorldMark,"GF-11, Tower-2, WorldMark, Sector 65, Gurugram, Haryana 122101",Sector 65,NCR,28.3976241,77.0716528,5.0,1.0,Sec 31 - Gurgaon (02/0016),6502,"Google Maps search (public listing), 2026-10-10",ChIJa1qvIgAjDTkRBvRQws2dfmI
Starbucks,Starbucks Coffee | Golf Course Road | Gurugram,"Shop No A-10 B-10, Ground Floor, Dayma Rd, Golf Course Rd, Sector 58, Gurugram, Haryana 122098",Sector 58,NCR,28.4159355,77.1021856,4.6,52.0,Sec 31 - Gurgaon (02/0016),6545,"Google Maps search (public listing), 2026-10-10",ChIJbZqNGwghDTkRAC2G-6iluw4
Starbucks,Starbucks,"Domestic Airport, Security Hold Area, Gate No 27, Domestic Departure, Delhi, New Delhi, Delhi 110037",,NCR,28.5531901,77.0842365,4.1,66.0,Gurgaon DLF (02/0009),7023,"Google Maps search (public listing), 2026-10-10",ChIJMd3xmQUbDTkROD5adHtR2AA
Starbucks,Starbucks Coffee | Sector 85 | Gurugram,"Iris Broadway, Sector 85, Gurugram, Haryana 122012",Sector 85,NCR,28.4031514,76.94803449999999,4.6,455.0,Gurgaon Sec 10 (02/0014),7061,"Google Maps search (public listing), 2026-10-10",ChIJXYkegUk9DTkRzKnJkYLdoV0
Starbucks,Starbucks,"International Departure, IGI Airport Security Hold Area, T3 Departure Rd, near Surya Sculpture, New Delhi, Delhi, 110037",,NCR,28.5543095,77.0846311,4.2,4882.0,Gurgaon DLF (02/0009),7142,"Google Maps search (public listing), 2026-10-10",ChIJcSwohoYbDTkRd-mnR04zPQw
Starbucks,Starbucks - Aerocity,"Shop No 16, Ground Floor, Worldmark 1, Aerocity, New Delhi, Delhi 110037",Aerocity,NCR,28.550624,77.1216018,4.4,1680.0,Gurgaon DLF (02/0009),7269,"Google Maps search (public listing), 2026-10-10",ChIJVVVV3GscDTkRRyEM7U4pItY
Starbucks,Starbucks,"Domestic Arrivals, Indira Gandhi Int'l Airport, Terminal 3, Unit No, DA02, T3 Departure Rd, Reclaim Area, New Delhi, Delhi 110037",Reclaim Area,NCR,28.5557083,77.0823132,4.2,311.0,Gurgaon DLF (02/0009),7324,"Google Maps search (public listing), 2026-10-10",ChIJe9-x_rcbDTkRCh2bGmarfY4
Starbucks,Starbucks Aerocity,"Asset area, 5 Worldmark, LP- 1B -03, near Indira Gandhi International Airport, Aerocity, New Delhi, Delhi 110037",Aerocity,NCR,28.5505467,77.12412619999999,4.7,23.0,Gurgaon DLF (02/0009),7361,"Google Maps search (public listing), 2026-10-10",ChIJrQnv-r8dDTkRO7GNG3xw2Ow
Starbucks,Starbucks Coffee - Delhi Airport T2 Domestic Departures,"Unit No.6, Domestic Departure, SHA, Terminal 2, Indira Gandhi International Airport, New Delhi, Delhi, 110037",Indira Gandhi International Airport,NCR,28.5597359,77.08779349999999,4.8,41.0,Gurgaon DLF (02/0009),7717,"Google Maps search (public listing), 2026-10-10",ChIJx8xDEgAbDTkRQ0hTZNDoJys
Starbucks,Starbucks,"No G4 & G5, Sangam Courtyard, Major Somnath Marg, Sector 9 R K Puram, KD Colony, Sector 9, Rama Krishna Puram, New Delhi, Delhi 110022","Sector 9 R K Puram, KD Colony, Sector 9, Rama Krishna Puram",NCR,28.572659,77.173599,4.4,,Connaught place (02/0012),7856,"Google Maps search (public listing), 2026-10-10",ChIJk8cexZ8dDTkRg-Cbw-ZOvFw
Starbucks,Starbucks - Vasant Kunj,"No F 120, Ambience Mall, Vasant Kunj II, Vasant Kunj, New Delhi, Delhi 110070","Vasant Kunj II, Vasant Kunj",NCR,28.540747,77.154854,4.9,544.0,Gurgaon DLF (02/0009),8268,"Google Maps search (public listing), 2026-10-10",ChIJWTbXFbAdDTkRRuwcvY7YY0s
Starbucks,Starbucks,"Unit No 1, Ground Floor, Shipra Mall, Plot No 9, Vaibhav Khand, Indirapuram, Ghaziabad, Uttar Pradesh 201014","Vaibhav Khand, Indirapuram",NCR,28.6341982,77.37037699999999,4.5,,Sec 18 Noida (02/0001),8307,"Google Maps search (public listing), 2026-10-10",ChIJ3b_CEfPlDDkRt5NXffC0VIo
Starbucks,Starbucks T1 Departure,"Indira Gandhi International Airport, Unit No. 2, Reclaim Area, 5th Floor, Terminal 1 Departure, Terminal 1D Departure Rd, New Delhi, Delhi 110037",,NCR,28.5626994,77.1202407,4.5,133.0,Gurgaon DLF (02/0009),8477,"Google Maps search (public listing), 2026-10-10",ChIJa1HuS04bDTkRf7vJAzBqFb0
Starbucks,Starbucks - Vasant Kunj,"Shop No.254, DLF Promenade 3, Nelson Mandela Marg, Vasant Kunj II, Vasant Kunj, New Delhi, Delhi 110070","Vasant Kunj II, Vasant Kunj",NCR,28.5424609,77.15606609999999,4.3,1345.0,Gurgaon DLF (02/0009),8484,"Google Maps search (public listing), 2026-10-10",ChIJeyiZts4dDTkRiw2q8YDoGNE
Starbucks,Starbucks - Terminal 1,"Terminal 1, Level 1, T1D, Indira Gandhi Intl Airport, New Delhi, Delhi 110010",,NCR,28.5656102,77.1142933,4.4,336.0,Gurgaon DLF (02/0009),8623,"Google Maps search (public listing), 2026-10-10",ChIJzXYJa30dDTkRyIWPs98wN5g
Starbucks,Starbucks,"Gr & Mezzanine Floor, Priya Complex Market, Basant Lok, Vasant Vihar, New Delhi, Delhi 110057","Basant Lok, Vasant Vihar",NCR,28.5574909,77.164476,4.5,,Kalkaji (02/0004),9230,"Google Maps search (public listing), 2026-10-10",ChIJjWJGKfUdDTkRJ92l9ytFWjE
Starbucks,Starbucks - Noida Extention,"Golden I, Plot No 11, Tech Zone IV, Block E, Extention, Amrapali Leisure Valley, Noida, Greater Noida, Uttar Pradesh 201318","Tech Zone IV, Block E, Extention, Amrapali Leisure Valley",NCR,28.5903715,77.4357612,4.4,,Sec 143 Noida (02/0006),10050,"Google Maps search (public listing), 2026-10-10",ChIJN-lOFDHvDDkR9f8_csmND2w
Starbucks,Starbucks - Galleria Mall,"Shop No.Ground Floor, I-thum's Galleria Mall, Plot No. C, 3, Alpha-II Commercial Belt, Block I, Sector Alpha II, Brahmpur Rajraula Urf Nawada, Greater Noida, Uttar Pradesh 201310","Alpha-II Commercial Belt, Block I, Sector Alpha II",NCR,28.4777215,77.5232927,4.6,604.0,Sec 143 Noida (02/0006),10201,"Google Maps search (public listing), 2026-10-10",ChIJ-8fyPQDrDDkRBMI01BAo5nM
Starbucks,Starbucks - Sector 14,"Ground floor, Vegas Mall, Pocket 1, Sector 14 Dwarka, Dwarka, New Delhi, Delhi, 110078","Pocket 1, Sector 14 Dwarka, Dwarka",NCR,28.600758,77.02978399999999,4.5,2198.0,Paschim Vihar (02/0003),10925,"Google Maps search (public listing), 2026-10-10",ChIJ7QoOZqsbDTkRwu7ZT_OMojY
Starbucks,Starbucks - Dwarka,"Located in, Unity City Centre, Plot No.4, Metro Station Rd, Pocket 8, Block B, Sector 12 Dwarka, Dwarka, New Delhi, Delhi, 110078","Pocket 8, Block B, Sector 12 Dwarka, Dwarka",NCR,28.5931183,77.0407559,4.8,110.0,Paschim Vihar (02/0003),10938,"Google Maps search (public listing), 2026-10-10",ChIJH9pjIiUbDTkRo_ElgaIfUGs
Starbucks,Starbucks - Sector 4,"Greater Noida W Rd, Gaur City 1, Mall, Sector 4, Greater Noida, Ghaziabad, Uttar Pradesh 201318","Gaur City 1, Mall, Sector 4",NCR,28.6060288,77.4293782,4.8,,Sec 18 Noida (02/0001),11053,"Google Maps search (public listing), 2026-10-10",ChIJcdB0lfLvDDkR-moqpumr270
Starbucks,Starbucks - Raj Nagar,"Ground Floor, D/30, RDC, Block 1, RDC, Raj Nagar, Ghaziabad, Uttar Pradesh 201002","RDC, Block 1, RDC, Raj Nagar",NCR,28.6745555,77.4403075,4.8,,Sec 18 Noida (02/0001),16150,"Google Maps search (public listing), 2026-10-10",ChIJCxgkAQDxDDkRsFQQpJKEMnA
Starbucks,Starbucks - Didwari,"Shop No 2, Ground Floor, Rajpur Block, Didwari, Ghaziabad, Uttar Pradesh 201206",,NCR,28.7355049,77.5579118,4.5,,Sec 18 Noida (02/0001),29249,"Google Maps search (public listing), 2026-10-10",ChIJd37lBDvzDDkRYqLE8jWSqM0
Taco Bell,Taco Bell,"GROUND FLOOR, SCO 31, Urban Estate, Sector 10A, Gurugram, Haryana 122001","Urban Estate, Sector 10A",NCR,28.4400907,77.0069412,3.1,,Gurgaon Sec 10 (02/0014),14,"Google Maps search (public listing), 2026-10-10",ChIJe8fUawQXDTkRriMnDuH_UZk
Taco Bell,Taco Bell,"FCC2-F05,2nd Floor, Pacific Mall Jasola, New Delhi, Jasola Vihar, Delhi, 110020",Jasola Vihar,NCR,28.5371288,77.28303679999999,3.3,57.0,"Pacific mall, Jasola (02/0011)",61,"Google Maps search (public listing), 2026-10-10",ChIJJeH0T-HjDDkRH8sAues__C8
Taco Bell,Taco Bell,"Shop No. E-153, Ground Floor, Block E, Kalkaji, New Delhi, Delhi 110019","Block E, Kalkaji",NCR,28.5424605,77.25343579999999,3.6,231.0,Kalkaji (02/0004),404,"Google Maps search (public listing), 2026-10-10",ChIJQYlWQ0XjDDkRVMZ9ARNE_yE
Taco Bell,"Taco Bell - Connaught Place, Delhi","N-11, Connaught Cir, Block N, Connaught Place, New Delhi, Delhi 110001","Block N, Connaught Place",NCR,28.6301803,77.2202671,4.2,,Connaught place (02/0012),475,"Google Maps search (public listing), 2026-10-10",ChIJJ9EDcK39DDkR6pypVBmjLHI
Taco Bell,Taco Bell,"Shop No - FC. 08, Fourth, Dlf Mall Of India, Food Court, Plot no. M-03, Sector 18, Noida, Uttar Pradesh 201301",Sector 18,NCR,28.5670716,77.321134,4.0,3281.0,Sec 18 Noida (02/0001),595,"Google Maps search (public listing), 2026-10-10",ChIJt4xCgUjkDDkRnKAysLdWZ9Y
Taco Bell,Taco Bell,"UNIT NO. 112, FIRST FLOOR, Cyber Hub, DLF Cyber City, DLF Phase 2, Sector 24, Gurugram, Haryana 122002","DLF Cyber City, DLF Phase 2, Sector 24",NCR,28.49589,77.0886743,4.2,,Gurgaon DLF (02/0009),712,"Google Maps search (public listing), 2026-10-10",ChIJ2385XTgZDTkRvGz9kLSHLkc
Taco Bell,Taco Bell,"UNIT NO. 112, FIRST FLOOR, Cyber Hub, DLF Cyber City, DLF Phase 2, Sector 24, Gurugram, Haryana 122002","DLF Cyber City, DLF Phase 2, Sector 24",NCR,28.4963842,77.0889433,,,Gurgaon DLF (02/0009),746,"Google Maps search (public listing), 2026-10-10",ChIJ9c835U8ZDTkRc4067hUAz0w
Taco Bell,Taco Bell,"Unit No – 118, 1ST Floor, Unity One Mall, Rohini, New Delhi, Delhi, 110085","Swarn Jayanti Park, Sector 10, Rohini",NCR,28.714997,77.1160964,3.5,191.0,Rohini Sec-7 (02/0008),877,"Google Maps search (public listing), 2026-10-10",ChIJX-fGe-cBDTkRPCPwY2Yq9XU
Taco Bell,Taco Bell- Advant Navis Business Park,"A-906, Advant Navis Business Park Ground Floor, Unit 8 & 9, Advant IT Park, Plot no 7, Noida-Greater Noida Expy, Sector 142, Noida, Uttar Pradesh 201304",Sector 142,NCR,28.500935,77.410078,2.8,,Sec 143 Noida (02/0006),1191,"Google Maps search (public listing), 2026-10-10",ChIJhc0xpiLpDDkRoKw8qgICnGE
Taco Bell,Taco Bell,"SHOP NO-FCC, LGF/02, Pacific Mall Rd, Netaji Subhash Place, Pitampura, Delhi, 110034","Netaji Subhash Place, Pitampura",NCR,28.694277,77.153815,3.8,458.0,Shalimar Bagh (02/0015),1440,"Google Maps search (public listing), 2026-10-10",ChIJUSBPT68DDTkRxk9zRbwlUCY
Taco Bell,Taco Bell,"Annexe Block, MGF Metropolitan Mall, 3rd Floor, Mehrauli-Gurgaon Rd, DLF Phase 2, Sector 25, Gurugram, Sarhol, Haryana 122009","DLF Phase 2, Sector 25",NCR,28.4809085,77.0802798,3.6,,Gurgaon DLF (02/0009),1600,"Google Maps search (public listing), 2026-10-10",ChIJZ-4EleYZDTkRuhoiU-VPIIg
Taco Bell,Taco Bell,"3rd Floor, Ambience Mall, NH 8, Ambience Island, DLF Phase 3, Sector 24, Gurugram, Haryana 122010","Ambience Island, DLF Phase 3, Sector 24",NCR,28.5056822,77.09593389999999,1.9,,Gurgaon DLF (02/0009),1726,"Google Maps search (public listing), 2026-10-10",ChIJafmP_G0ZDTkRT8c5CyrVCKY
Taco Bell,Taco Bell,"FCC4F04, 4th Floor, The Mall of Faridabad, BUS STAND, KL Mehta Rd, near NIT, Aravalli Golf Course, New Industrial Township, Faridabad, Haryana 121001","Aravalli Golf Course, New Industrial Township",NCR,28.3867665,77.29876,2.7,,Sec 15 Faridabad (02/0007),2453,"Google Maps search (public listing), 2026-10-10",ChIJHXIN87rdDDkRN7RNHgtecms
Taco Bell,Taco Bell - Corporate office,"First Floor, Express Building, Bahadur Shah Zafar Marg, Vikram Nagar, Delhi, 110002","Bahadur Shah Zafar Marg, Vikram Nagar",NCR,28.6330615,77.2415481,3.3,,Connaught place (02/0012),2471,"Google Maps search (public listing), 2026-10-10",ChIJqSEV6pL9DDkRE86sWd0kDBM
Taco Bell,Taco Bell,"UNIT NO. 8, Amolik Plaza, GROUND FLOOR & FIRST FLOOR, SHOP, Sector 81, Faridabad, Haryana 121007",Sector 81,NCR,28.3890017,77.34966949999999,2.8,,Sec 15 Faridabad (02/0007),2776,"Google Maps search (public listing), 2026-10-10",ChIJdQ1-6NbdDDkRewEwmGDabyk
Taco Bell,Taco Bell,"Metro Station, City Centre, 3rd Floor, Logix City Centre Plot No. BW-58 Near, Golf Marg, Sector 32, Noida, Uttar Pradesh 201307","Wave City Center, Sector 32",NCR,28.5743155,77.35359369999999,2.9,200.0,Sec 18 Noida (02/0001),3003,"Google Maps search (public listing), 2026-10-10",ChIJbetWCvblDDkR2aVV7VfP-54
Taco Bell,Taco Bell,"Shop No. A-18, 3rd Floor, Ardee Mall, Block B, Ardee City, Sector 52, Gurugram, Haryana 122003","Block B, Ardee City, Sector 52",NCR,28.4449292,77.0802748,3.8,,Sec 31 - Gurgaon (02/0016),3077,"Google Maps search (public listing), 2026-10-10",ChIJ2Sxt5PUZDTkRp8qcbOIXRKY
Taco Bell,Taco Bell,"O-13, Ground Floor, 14, Block O Lajpat Nagar 2 Rd, Block O, Lajpat Nagar II, Lajpat Nagar, New Delhi, Delhi 110024","Block O, Lajpat Nagar II, Lajpat Nagar",NCR,28.5670511,77.2468435,4.2,523.0,Kalkaji (02/0004),3103,"Google Maps search (public listing), 2026-10-10",ChIJ443gdEfjDDkRFYKD4-SPpzc
Taco Bell,Taco Bell,"Block O, Lajpat Nagar III, Lajpat Nagar, New Delhi, Delhi 110024","Block O, Lajpat Nagar III, Lajpat Nagar",NCR,28.5653088,77.2417128,3.4,8.0,Kalkaji (02/0004),3126,"Google Maps search (public listing), 2026-10-10",ChIJvVAyNu_jDDkRdF1AC1TmyW0
Taco Bell,Taco Bell,"Plot/Shop No. UA27A, Jawahar Nagar - Malka Ganj Rd, Block UA, Punjabi Bagh, Kamla Nagar, Delhi, 110007","Block UA, Punjabi Bagh, Kamla Nagar",NCR,28.6800487,77.2083335,4.1,,Model Town (02/0013),3382,"Google Maps search (public listing), 2026-10-10",ChIJpeN-XNf9DDkRv4kXWdEER0o
Taco Bell,Taco Bell,"Second Floor, PACIFIC MALL, SH/2F/10, Najafgarh Rd, Tagore Garden, Rajouri Garden, New Delhi, Delhi, 110018","Tagore Garden, Rajouri Garden",NCR,28.6422402,77.1057826,3.4,169.0,Paschim Vihar (02/0003),3579,"Google Maps search (public listing), 2026-10-10",ChIJ_3LZhDADDTkRxrwga3fe4K4
Taco Bell,Taco Bell,"A-3, Saket District Centre, District Centre, Sector 6, Pushp Vihar, New Delhi, Delhi 110017","Saket District Centre, District Centre, Sector 6, Pushp Vihar",NCR,28.5294605,77.21957139999999,3.1,,Kalkaji (02/0004),3860,"Google Maps search (public listing), 2026-10-10",ChIJ_2sgg_PhDDkRrzEl-eTHVYY
Taco Bell,Taco Bell,"DLE Industrial Area, Kirti Nagar, Delhi, 110015","DLE Industrial Area, Kirti Nagar",NCR,28.6580164,77.1450352,4.1,40.0,Paschim Vihar (02/0003),4406,"Google Maps search (public listing), 2026-10-10",ChIJyQgcFgADDTkReQAyJ-Iq68s
Taco Bell,Taco Bell,"GROUND FLOOR, SHOP NO, D-38, Acharya Niketan, Mayur Vihar, Delhi, New Delhi, Delhi 110091","Block B, Acharya Niketan, Mayur Vihar",NCR,28.6083563,77.2952973,3.1,,Sec 18 Noida (02/0001),4844,"Google Maps search (public listing), 2026-10-10",ChIJwVEiRgDlDDkR2r1tJedeYBY
Taco Bell,Taco Bell,"M3M International Financial Center, Shop No. R3 023, Ground & Mezzanine Floor, Sector 66, Gurugram, Haryana 122101","Badshahpur, Sector 66",NCR,28.4052646,77.058672,3.6,,Sec 31 - Gurgaon (02/0016),5369,"Google Maps search (public listing), 2026-10-10",ChIJlfqxOu0jDTkRaZ-KX1othto
Taco Bell,Taco Bell,"S-35A, GROUND FLOOR, GREEN PARK MAIN MARKET, GREEN PARK, Malviya Nagar, New Delhi, Delhi 110016","Block S, Malviya Nagar",NCR,28.5561675,77.202415,3.7,,Kalkaji (02/0004),5605,"Google Maps search (public listing), 2026-10-10",ChIJJegcI_HjDDkRD4F9FBy3sWQ
Taco Bell,Taco Bell,"298, JJ Colony, Satya Niketan, South Moti Bagh, New Delhi, Delhi 110021","JJ Colony, Satya Niketan, South Moti Bagh",NCR,28.588707,77.1691797,3.3,12.0,Connaught place (02/0012),6701,"Google Maps search (public listing), 2026-10-10",ChIJmQUxB-UdDTkRhM0-fudCXsw
Taco Bell,Taco Bell,"Metro Station, E 361, Vikas Marg, near Nirman Vihar, Veer Savarkar Block, Block E, Nirman Vihar, Preet Vihar, New Delhi, Delhi, 110092","Veer Savarkar Block, Block E, Nirman Vihar, Preet Vihar",NCR,28.6364324,77.2871318,3.5,,Connaught place (02/0012),6932,"Google Maps search (public listing), 2026-10-10",ChIJ-QZGpi_9DDkRvQflVQA9TWc
Taco Bell,Taco Bell,"C Block Community Centre, Shop no 9 , Ground Floor, Janak Cinema, Pankha Rd, Janakpuri, New Delhi, Delhi 110058","RWA Colony, Janakpuri",NCR,28.6112123,77.0936962,3.5,,Paschim Vihar (02/0003),7095,"Google Maps search (public listing), 2026-10-10",ChIJ7Vqts60FDTkRw8izAAMQI90
Taco Bell,Taco Bell,"THIRD FLOOR, FOOD STALL, Felix Plaza, 9, VILLAGE SHIKOPUR, Sector 82A, Gurugram, Haryana 122012",Sector 82A,NCR,28.3836121,76.9656924,3.7,,Gurgaon Sec 10 (02/0014),7451,"Google Maps search (public listing), 2026-10-10",ChIJC63lGJY9DTkRyMjMAouIzDE
Taco Bell,Taco Bell,"No. FCC/2F/08 & FCC/2F/09 , 2nd Floor, Food Court, Pacific Mall, Sector 21 Dwarka Metro Station of Line - 3 and Airport Express Line, New Delhi, Delhi, 110077","Sector 21, Dwarka",NCR,28.5512538,77.0576753,3.4,,Gurgaon DLF (02/0009),7569,"Google Maps search (public listing), 2026-10-10",ChIJndYFggIbDTkReqDlfVxKQms
Taco Bell,Taco bell,"Food court, AIRIA MALL, Sector 68, Gurugram, Haryana 122101",Sector 68,NCR,28.3828721,77.0520342,3.0,,Gurgaon Sec 10 (02/0014),7739,"Google Maps search (public listing), 2026-10-10",ChIJ214M21cjDTkRXHDCyMwGRVw
Taco Bell,Taco Bell,"Shop No. 32, Crown Interiorz Mall Food Court, 2nd Floor, Mathura Rd, Sector 35, Faridabad, Haryana 121003","Ashoka Enclave 3, Subash Nagar, Sector 35",NCR,28.4699153,77.30717709999999,3.1,,"Pacific mall, Jasola (02/0011)",7895,"Google Maps search (public listing), 2026-10-10",ChIJ-2oTY13dDDkR21n0NzJu6w4
Taco Bell,Taco Bell,"3rd Floor, Ambience Mall, Vasant Kunj, New Delhi, Delhi 110070","Ambience Island, Vasant Kunj II, Vasant Kunj",NCR,28.5416555,77.1551874,4.1,,Gurgaon DLF (02/0009),8361,"Google Maps search (public listing), 2026-10-10",ChIJ9YxvvM4dDTkRpmFEvbZa-Co
Taco Bell,Taco Bell India,"Shop No1, INDIA EXPO PLAZA, knowledge park 2, Food Court, Yamuna Expy, Greater Noida, Uttar Pradesh 201310",Knowledge Park II,NCR,28.4576577,77.4993238,3.7,63.0,Sec 143 Noida (02/0006),8928,"Google Maps search (public listing), 2026-10-10",ChIJ4fc4xO_BDDkRwqQ9XQsXa_s
Taco Bell,Taco Bell,"SB-171, SB-174 – UGF, Jaipuria Sunrise Plaza Jaipuria Sunrise Plaza, Shop no.-SB-169(A)/ SB-169(B)/ SB-169(C)/ SB-169, Plot no 12A, Ahinsa Khand 1, Indirapuram, Ghaziabad, Uttar Pradesh 201014","Ahinsa Khand 1, Indirapuram",NCR,28.6411504,77.37838769999999,4.0,,Sec 18 Noida (02/0001),9387,"Google Maps search (public listing), 2026-10-10",ChIJhy0Gc4z7DDkRRPzFGcMIq7I
Taco Bell,Taco Bell,"Plot No. C, 3, Alpha-II Commercial Belt, Block I, Sector Alpha II, Greater Noida, Brahmpur Rajraula Urf Nawada, Uttar Pradesh 201310","Alpha-II Commercial Belt, Block I, Sector Alpha II",NCR,28.4774278,77.52269559999999,3.2,,Sec 143 Noida (02/0006),10153,"Google Maps search (public listing), 2026-10-10",ChIJeSVnsgrrDDkR9_nlkxAc4GI
Taco Bell,Taco Bell,"T-318, 3rd Floor, Plot no 6, Pocket 1, Sector 14 Dwarka, Dwarka, New Delhi, Delhi, 110078","Pocket 1, Sector 14 Dwarka, Dwarka",NCR,28.6012952,77.029392,4.0,,Paschim Vihar (02/0003),10906,"Google Maps search (public listing), 2026-10-10",ChIJA7m-aVAbDTkRpuyk8t_xKAs
Taco Bell,Taco Bell,"FT11, 4th Floor, gaur city mall, Gaur City 1, Sector 4, Greater Noida, Ghaziabad, Uttar Pradesh 201318","Gaur City 1, Sector 4",NCR,28.6060356,77.43014509999999,2.8,181.0,Sec 18 Noida (02/0001),11124,"Google Maps search (public listing), 2026-10-10",ChIJO5jsm-fvDDkR2r7BfXkfngk
Taco Bell,Taco Bell,"Nigam Zone-14, SHOP NO. D-30, BLOCK-1, P & T Colony, Raj Nagar, RDC, Ghaziabad, Uttar Pradesh 201002","RDC, Block 1, P & T Colony, Raj Nagar",NCR,28.6745399,77.4402157,2.7,54.0,Sec 18 Noida (02/0001),16143,"Google Maps search (public listing), 2026-10-10",ChIJu12Ed2LxDDkR-uxTI52A4k8
Taco Bell,Taco Bell,"PARGANA, 979 AND 981, TEHSIL AND DISTRICT, SHOP NO. FC-02 & FC-03, SECOND FLOOR, ANSA CITY CENTRE, KH. NO. 978, Raj Nagar Extension Rd, Noor Nagar, LONI, Ghaziabad, Uttar Pradesh 201003","Noor Nagar, LONI",NCR,28.7009903,77.4214824,3.7,,Sec 18 Noida (02/0001),17252,"Google Maps search (public listing), 2026-10-10",ChIJF4XCZbTxDDkRku72cYMbenQ
Taco Bell,Taco Bell,"UNIT NOS. 4&5, 2ND FLOOR, ATS KHYBER RANGE, PLOT NO. 136, NH 24, Pandav Nagar, Ghaziabad, Uttar Pradesh 201002",Pandav Nagar,NCR,28.6556794,77.4730555,3.8,,Sec 18 Noida (02/0001),17348,"Google Maps search (public listing), 2026-10-10",ChIJOz1Ta23zDDkRnClugS4KO_o
