city,store,batch_item,unit,period,city_made_qty,issued_qty,issued_amt,returned_qty,consumption_qty,consumption_amt,wastage_qty,wastage_amt,opening_qty,closing_qty,avg_price,status,source
Delhi NCR,Connaught Place,Benne Dosa Batter (Pack Size -3 Kg ),Kg,2026-10-01 to 2026-10-08,,220.0,6718.53,,132.15,4035.7,7.0,213.77,40.0,56.225,30.54,issued_from_CK,entp_consumption_east_north_01-08Oct2026.csv (Indent Receive Qty); no production record in Restroworks [first pass 1-8 Oct; target window 24 Sep-8 Oct]
Delhi NCR,Connaught Place,Boiled & Mashed Potato (1Pkt = 3Kg),Kg,2026-10-01 to 2026-10-08,,162.0,5402.28,,187.6,6255.97,,,15.0,-7.332999999999998,33.35,issued_from_CK,entp_consumption_east_north_01-08Oct2026.csv (Indent Receive Qty); no production record in Restroworks [first pass 1-8 Oct; target window 24 Sep-8 Oct]
Delhi NCR,Connaught Place,Boondi,Kg,2026-10-01 to 2026-10-08,,1.0,59.33,,0.975,57.84,,,0.75,0.6699999999999999,59.33,issued_from_CK,entp_consumption_east_north_01-08Oct2026.csv (Indent Receive Qty); no production record in Restroworks [first pass 1-8 Oct; target window 24 Sep-8 Oct]
Delhi NCR,Connaught Place,Chaat Masala Bucket,Kg,2026-10-01 to 2026-10-08,,0.9,278.63,,0.372,115.17,,,0.05,0.193,309.59,issued_from_CK,entp_consumption_east_north_01-08Oct2026.csv (Indent Receive Qty); no production record in Restroworks [first pass 1-8 Oct; target window 24 Sep-8 Oct]
Delhi NCR,Connaught Place,Coconut Shredded,Kg,2026-10-01 to 2026-10-08,,68.0,16852.16,,208.385,51643.17,,,8.0,-41.112,247.83,issued_from_CK,entp_consumption_east_north_01-08Oct2026.csv (Indent Receive Qty); no production record in Restroworks [first pass 1-8 Oct; target window 24 Sep-8 Oct]
Delhi NCR,Connaught Place,Dahi Bucket Mix (1pkt =105gm),gm,2026-10-01 to 2026-10-08,,2625.0,177.93,,1620.0,109.81,,,1100.0,1170.0,0.07,issued_from_CK,entp_consumption_east_north_01-08Oct2026.csv (Indent Receive Qty); no production record in Restroworks [first pass 1-8 Oct; target window 24 Sep-8 Oct]
Delhi NCR,Connaught Place,Dosa Batter Mix,Kg,2026-10-01 to 2026-10-08,,330.0,10013.65,,211.72,6424.51,22.1,670.61,45.0,63.895,30.34,issued_from_CK,entp_consumption_east_north_01-08Oct2026.csv (Indent Receive Qty); no production record in Restroworks [first pass 1-8 Oct; target window 24 Sep-8 Oct]
Delhi NCR,Connaught Place,Frozen Medu Vada (10pc),Pc,2026-10-01 to 2026-10-08,,,,,443.0,2163.41,,,0.0,-129.0,4.88,consumed_no_issue_record (made in store or untracked),entp_consumption_east_north_01-08Oct2026.csv (Indent Receive Qty); no production record in Restroworks [first pass 1-8 Oct; target window 24 Sep-8 Oct]
Delhi NCR,Connaught Place,Garam Masala Powder Bucket,Kg,2026-10-01 to 2026-10-08,,,,,0.014,20.12,,,0.0,-0.006,1437.1,consumed_no_issue_record (made in store or untracked),entp_consumption_east_north_01-08Oct2026.csv (Indent Receive Qty); no production record in Restroworks [first pass 1-8 Oct; target window 24 Sep-8 Oct]
Delhi NCR,Connaught Place,Garlic Chutney Bucket,Kg,2026-10-01 to 2026-10-08,,15.5,3947.28,,12.22,3111.98,1.1,280.13,1.5,2.0,254.66,issued_from_CK,entp_consumption_east_north_01-08Oct2026.csv (Indent Receive Qty); no production record in Restroworks [first pass 1-8 Oct; target window 24 Sep-8 Oct]
Delhi NCR,Connaught Place,Idli Batter,Kg,2026-10-01 to 2026-10-08,,59.0,1740.25,,,,5.0,147.48,3.0,21.0,29.5,issued_from_CK,entp_consumption_east_north_01-08Oct2026.csv (Indent Receive Qty); no production record in Restroworks [first pass 1-8 Oct; target window 24 Sep-8 Oct]
Delhi NCR,Connaught Place,Idli Pc Raw (1 Pkt =40pc),Pc,2026-10-01 to 2026-10-08,,,,,728.0,1406.23,,,100.0,-116.0,1.93,consumed_no_issue_record (made in store or untracked),entp_consumption_east_north_01-08Oct2026.csv (Indent Receive Qty); no production record in Restroworks [first pass 1-8 Oct; target window 24 Sep-8 Oct]
Delhi NCR,Connaught Place,Imli Water,Ltr,2026-10-01 to 2026-10-08,,11.0,304.17,,10.82,299.19,,,0.0,0.795,27.65,issued_from_CK,entp_consumption_east_north_01-08Oct2026.csv (Indent Receive Qty); no production record in Restroworks [first pass 1-8 Oct; target window 24 Sep-8 Oct]
Delhi NCR,Connaught Place,Jain Sambar - Delhi,Ltr,2026-10-01 to 2026-10-08,,23.0,738.93,,8.4,269.87,,,6.0,10.0,32.13,issued_from_CK,entp_consumption_east_north_01-08Oct2026.csv (Indent Receive Qty); no production record in Restroworks [first pass 1-8 Oct; target window 24 Sep-8 Oct]
Delhi NCR,Connaught Place,Jain Sambar Bucket,Ltr,2026-10-01 to 2026-10-08,,,,,,,10.0,287.37,0.0,-5.0,28.74,wastage_or_return_only,entp_consumption_east_north_01-08Oct2026.csv (Indent Receive Qty); no production record in Restroworks [first pass 1-8 Oct; target window 24 Sep-8 Oct]
Delhi NCR,Connaught Place,Karam Podi Powder Bucket,Kg,2026-10-01 to 2026-10-08,,1.5,288.28,,2.36,453.55,0.1,19.22,1.5,1.44,192.18,issued_from_CK,entp_consumption_east_north_01-08Oct2026.csv (Indent Receive Qty); no production record in Restroworks [first pass 1-8 Oct; target window 24 Sep-8 Oct]
Delhi NCR,Connaught Place,Kesari Halwa Mix  (1pkt = 550gm),Kg,2026-10-01 to 2026-10-08,,7.15,507.48,,4.209,298.74,,,1.6500000000000001,2.677,70.98,issued_from_CK,entp_consumption_east_north_01-08Oct2026.csv (Indent Receive Qty); no production record in Restroworks [first pass 1-8 Oct; target window 24 Sep-8 Oct]
Delhi NCR,Connaught Place,Korma Gravy Mix (1pkt=700gm),Kg,2026-10-01 to 2026-10-08,,23.8,3678.4,,14.14,2185.41,0.3,46.37,2.1,7.119999999999999,154.55,issued_from_CK,entp_consumption_east_north_01-08Oct2026.csv (Indent Receive Qty); no production record in Restroworks [first pass 1-8 Oct; target window 24 Sep-8 Oct]
Delhi NCR,Connaught Place,Lemon Rice Bucket,Kg,2026-10-01 to 2026-10-08,,6.5,497.25,,3.65,279.23,1.45,110.93,1.0,0.85,76.5,issued_from_CK,entp_consumption_east_north_01-08Oct2026.csv (Indent Receive Qty); no production record in Restroworks [first pass 1-8 Oct; target window 24 Sep-8 Oct]
Delhi NCR,Connaught Place,Malabar Paratha  (1pkt= 6Pcs),Pc,2026-10-01 to 2026-10-08,,,,,160.0,1245.39,12.0,93.4,16.0,-27.0,7.78,consumed_no_issue_record (made in store or untracked),entp_consumption_east_north_01-08Oct2026.csv (Indent Receive Qty); no production record in Restroworks [first pass 1-8 Oct; target window 24 Sep-8 Oct]
Delhi NCR,Connaught Place,Malabar Paratha Dough,Pc,2026-10-01 to 2026-10-08,,218.0,1678.21,,,,13.0,100.08,0.0,60.8,7.7,issued_from_CK,entp_consumption_east_north_01-08Oct2026.csv (Indent Receive Qty); no production record in Restroworks [first pass 1-8 Oct; target window 24 Sep-8 Oct]
Delhi NCR,Connaught Place,Malkapodi Bucket,Kg,2026-10-01 to 2026-10-08,,3.5,600.37,,3.4,583.21,0.1,17.15,0.5,0.35,171.53,issued_from_CK,entp_consumption_east_north_01-08Oct2026.csv (Indent Receive Qty); no production record in Restroworks [first pass 1-8 Oct; target window 24 Sep-8 Oct]
Delhi NCR,Connaught Place,Medu Vada Batter,Kg,2026-10-01 to 2026-10-08,,13.0,829.98,,,,2.0,127.69,2.0,6.0,63.84,issued_from_CK,entp_consumption_east_north_01-08Oct2026.csv (Indent Receive Qty); no production record in Restroworks [first pass 1-8 Oct; target window 24 Sep-8 Oct]
Delhi NCR,Connaught Place,Medu Vada Batter Mix,Kg,2026-10-01 to 2026-10-08,,22.0,1596.74,,,,5.0,362.9,2.09,10.0,72.58,issued_from_CK,entp_consumption_east_north_01-08Oct2026.csv (Indent Receive Qty); no production record in Restroworks [first pass 1-8 Oct; target window 24 Sep-8 Oct]
Delhi NCR,Connaught Place,Medu Vada Batter Powder Mix (1 Pkt = 23gm),Kg,2026-10-01 to 2026-10-08,,0.414,94.83,,,,,,0.023,0.138,229.06,issued_from_CK,entp_consumption_east_north_01-08Oct2026.csv (Indent Receive Qty); no production record in Restroworks [first pass 1-8 Oct; target window 24 Sep-8 Oct]
Delhi NCR,Connaught Place,Mysore Chutney Bucket,Kg,2026-10-01 to 2026-10-08,,17.5,3213.08,,14.21,2609.02,0.9,165.24,2.0,3.1399999999999997,183.6,issued_from_CK,entp_consumption_east_north_01-08Oct2026.csv (Indent Receive Qty); no production record in Restroworks [first pass 1-8 Oct; target window 24 Sep-8 Oct]
Delhi NCR,Connaught Place,Potato Masala Bucket,Kg,2026-10-01 to 2026-10-08,,,,,2.1,86.15,,,0.0,-1.2,41.02,consumed_no_issue_record (made in store or untracked),entp_consumption_east_north_01-08Oct2026.csv (Indent Receive Qty); no production record in Restroworks [first pass 1-8 Oct; target window 24 Sep-8 Oct]
Delhi NCR,Connaught Place,Potato Masala Mix (1Pkt = 90Gm),Pkt,2026-10-01 to 2026-10-08,,38.0,397.88,,62.475,654.15,,,0.0,-14.244,10.47,issued_from_CK,entp_consumption_east_north_01-08Oct2026.csv (Indent Receive Qty); no production record in Restroworks [first pass 1-8 Oct; target window 24 Sep-8 Oct]
Delhi NCR,Connaught Place,Rasam Bucket,Ltr,2026-10-01 to 2026-10-08,,,,,11.0,406.49,,,0.0,-3.3,36.95,consumed_no_issue_record (made in store or untracked),entp_consumption_east_north_01-08Oct2026.csv (Indent Receive Qty); no production record in Restroworks [first pass 1-8 Oct; target window 24 Sep-8 Oct]
Delhi NCR,Connaught Place,Rasam Chhoke Pre-Mix (2 Mix -6gm + 42gm)= 48gm,Kg,2026-10-01 to 2026-10-08,,1.184,299.18,,,,,,0.23199999999999998,0.6559999999999999,252.69,issued_from_CK,entp_consumption_east_north_01-08Oct2026.csv (Indent Receive Qty); no production record in Restroworks [first pass 1-8 Oct; target window 24 Sep-8 Oct]
Delhi NCR,Connaught Place,Rasam Mix (1Pkt =15 gm),Kg,2026-10-01 to 2026-10-08,,0.54,162.94,,,,,,0.105,0.315,301.75,issued_from_CK,entp_consumption_east_north_01-08Oct2026.csv (Indent Receive Qty); no production record in Restroworks [first pass 1-8 Oct; target window 24 Sep-8 Oct]
Delhi NCR,Connaught Place,Rava Powder Mix,Kg,2026-10-01 to 2026-10-08,,7.0,653.28,,3.9,363.97,,,2.0,1.95,93.33,issued_from_CK,entp_consumption_east_north_01-08Oct2026.csv (Indent Receive Qty); no production record in Restroworks [first pass 1-8 Oct; target window 24 Sep-8 Oct]
Delhi NCR,Connaught Place,Raw Mango Chutney Bucket,Kg,2026-10-01 to 2026-10-08,,,,,8.91,2008.63,,,0.0,-2.7,225.44,consumed_no_issue_record (made in store or untracked),entp_consumption_east_north_01-08Oct2026.csv (Indent Receive Qty); no production record in Restroworks [first pass 1-8 Oct; target window 24 Sep-8 Oct]
Delhi NCR,Connaught Place,Raw Mango Pickle Bucket,Kg,2026-10-01 to 2026-10-08,,0.25,58.8,,0.185,43.51,,,0.25,0.3,235.21,issued_from_CK,entp_consumption_east_north_01-08Oct2026.csv (Indent Receive Qty); no production record in Restroworks [first pass 1-8 Oct; target window 24 Sep-8 Oct]
Delhi NCR,Connaught Place,Raw mango Powder Mix (1 Pkt = 13gm),Kg,2026-10-01 to 2026-10-08,,0.208,68.49,,,,,,0.039,0.075,329.28,issued_from_CK,entp_consumption_east_north_01-08Oct2026.csv (Indent Receive Qty); no production record in Restroworks [first pass 1-8 Oct; target window 24 Sep-8 Oct]
Delhi NCR,Connaught Place,Sambar Bucket,Ltr,2026-10-01 to 2026-10-08,,,,,1.0,30.48,12.0,365.8,0.0,-1.0,30.48,consumed_no_issue_record (made in store or untracked),entp_consumption_east_north_01-08Oct2026.csv (Indent Receive Qty); no production record in Restroworks [first pass 1-8 Oct; target window 24 Sep-8 Oct]
Delhi NCR,Connaught Place,Sambar Bucket - Delhi,Ltr,2026-10-01 to 2026-10-08,,615.0,20717.32,,821.95,27688.79,5.0,168.43,60.0,26.1,33.69,issued_from_CK,entp_consumption_east_north_01-08Oct2026.csv (Indent Receive Qty); no production record in Restroworks [first pass 1-8 Oct; target window 24 Sep-8 Oct]
Delhi NCR,Connaught Place,Special Daal Bucket,Kg,2026-10-01 to 2026-10-08,,3.0,442.13,,5.739,845.73,,,0.0,-0.71,147.38,issued_from_CK,entp_consumption_east_north_01-08Oct2026.csv (Indent Receive Qty); no production record in Restroworks [first pass 1-8 Oct; target window 24 Sep-8 Oct]
Delhi NCR,Connaught Place,Special White Coconut Chutney Bucket,Kg,2026-10-01 to 2026-10-08,,,,,0.5,43.15,,,10.0,0.5,86.31,consumed_no_issue_record (made in store or untracked),entp_consumption_east_north_01-08Oct2026.csv (Indent Receive Qty); no production record in Restroworks [first pass 1-8 Oct; target window 24 Sep-8 Oct]
Delhi NCR,Connaught Place,Spicy Coconut Chutney Bucket,Kg,2026-10-01 to 2026-10-08,,,,,,,3.0,166.48,10.0,1.0,55.49,wastage_or_return_only,entp_consumption_east_north_01-08Oct2026.csv (Indent Receive Qty); no production record in Restroworks [first pass 1-8 Oct; target window 24 Sep-8 Oct]
Delhi NCR,Connaught Place,Spicy Coconut Chutney Mix 1Pkt (16gm),Kg,2026-10-01 to 2026-10-08,,,,,7.971,1499.61,,,0.0,-2.312,188.13,consumed_no_issue_record (made in store or untracked),entp_consumption_east_north_01-08Oct2026.csv (Indent Receive Qty); no production record in Restroworks [first pass 1-8 Oct; target window 24 Sep-8 Oct]
Delhi NCR,Connaught Place,Srivilli Kheer (1 Pc),Pc,2026-10-01 to 2026-10-08,,82.0,2603.84,,59.0,1873.5,5.0,158.77,0.0,6.0,31.75,issued_from_CK,entp_consumption_east_north_01-08Oct2026.csv (Indent Receive Qty); no production record in Restroworks [first pass 1-8 Oct; target window 24 Sep-8 Oct]
Delhi NCR,Connaught Place,Steam Rice Bucket,Kg,2026-10-01 to 2026-10-08,,14.0,687.24,,5.3,260.17,1.0,49.09,2.0,4.0,49.09,issued_from_CK,entp_consumption_east_north_01-08Oct2026.csv (Indent Receive Qty); no production record in Restroworks [first pass 1-8 Oct; target window 24 Sep-8 Oct]
Delhi NCR,Connaught Place,Sugar Syrup Bucket,Ltr,2026-10-01 to 2026-10-08,,,,,6.75,,,,0.0,-1.6,,consumed_no_issue_record (made in store or untracked),entp_consumption_east_north_01-08Oct2026.csv (Indent Receive Qty); no production record in Restroworks [first pass 1-8 Oct; target window 24 Sep-8 Oct]
Delhi NCR,Connaught Place,Thatte Idli Batter,Kg,2026-10-01 to 2026-10-08,,50.0,1380.98,,,,8.3,229.24,4.0,18.0,27.62,issued_from_CK,entp_consumption_east_north_01-08Oct2026.csv (Indent Receive Qty); no production record in Restroworks [first pass 1-8 Oct; target window 24 Sep-8 Oct]
Delhi NCR,Connaught Place,Thatte Idli Pc Raw,Pc,2026-10-01 to 2026-10-08,,,,,319.0,1514.56,,,40.0,-52.0,4.75,consumed_no_issue_record (made in store or untracked),entp_consumption_east_north_01-08Oct2026.csv (Indent Receive Qty); no production record in Restroworks [first pass 1-8 Oct; target window 24 Sep-8 Oct]
Delhi NCR,Connaught Place,Thindi Malkapodi Powder Bucket,Kg,2026-10-01 to 2026-10-08,,2.5,500.24,,5.695,1139.55,0.1,20.01,0.0,-0.23,200.1,issued_from_CK,entp_consumption_east_north_01-08Oct2026.csv (Indent Receive Qty); no production record in Restroworks [first pass 1-8 Oct; target window 24 Sep-8 Oct]
Delhi NCR,Connaught Place,Tomato Onion Chutney Bucket,Kg,2026-10-01 to 2026-10-08,,,,,165.09,20706.59,,,0.0,-47.36,125.43,consumed_no_issue_record (made in store or untracked),entp_consumption_east_north_01-08Oct2026.csv (Indent Receive Qty); no production record in Restroworks [first pass 1-8 Oct; target window 24 Sep-8 Oct]
Delhi NCR,Connaught Place,Tomato Onion Powder Mix (1 Pkt = 24gm),Kg,2026-10-01 to 2026-10-08,,3.768,1961.39,,0.609,317.01,,,0.12,1.023,520.54,issued_from_CK,entp_consumption_east_north_01-08Oct2026.csv (Indent Receive Qty); no production record in Restroworks [first pass 1-8 Oct; target window 24 Sep-8 Oct]
Delhi NCR,Connaught Place,Upma Mix (1pkt = 300gm),Kg,2026-10-01 to 2026-10-08,,3.6,301.48,,1.8,150.74,0.3,25.12,1.5,0.3,83.74,issued_from_CK,entp_consumption_east_north_01-08Oct2026.csv (Indent Receive Qty); no production record in Restroworks [first pass 1-8 Oct; target window 24 Sep-8 Oct]
Delhi NCR,Gurgaon DLF,Benne Dosa Batter (Pack Size -3 Kg ),Kg,2026-10-01 to 2026-10-08,,,,,56.625,1722.99,,,24.0,-19.425,30.43,consumed_no_issue_record (made in store or untracked),entp_consumption_east_north_01-08Oct2026.csv (Indent Receive Qty); no production record in Restroworks [first pass 1-8 Oct; target window 24 Sep-8 Oct]
Delhi NCR,Gurgaon DLF,Boiled & Mashed Potato (1Pkt = 3Kg),Kg,2026-10-01 to 2026-10-08,,81.0,2700.33,,47.233,1574.64,,,15.0,46.3,33.34,issued_from_CK,entp_consumption_east_north_01-08Oct2026.csv (Indent Receive Qty); no production record in Restroworks [first pass 1-8 Oct; target window 24 Sep-8 Oct]
Delhi NCR,Gurgaon DLF,Boondi,Kg,2026-10-01 to 2026-10-08,,0.25,14.86,,0.27,16.05,,,0.4,0.895,59.45,issued_from_CK,entp_consumption_east_north_01-08Oct2026.csv (Indent Receive Qty); no production record in Restroworks [first pass 1-8 Oct; target window 24 Sep-8 Oct]
Delhi NCR,Gurgaon DLF,Chaat Masala Bucket,Kg,2026-10-01 to 2026-10-08,,,,,0.123,37.87,,,0.2,0.12,307.89,consumed_no_issue_record (made in store or untracked),entp_consumption_east_north_01-08Oct2026.csv (Indent Receive Qty); no production record in Restroworks [first pass 1-8 Oct; target window 24 Sep-8 Oct]
Delhi NCR,Gurgaon DLF,Coconut Shredded,Kg,2026-10-01 to 2026-10-08,,24.0,5955.58,,88.081,21857.19,,,13.0,-21.384,248.15,issued_from_CK,entp_consumption_east_north_01-08Oct2026.csv (Indent Receive Qty); no production record in Restroworks [first pass 1-8 Oct; target window 24 Sep-8 Oct]
Delhi NCR,Gurgaon DLF,Dahi Bucket Mix (1pkt =105gm),gm,2026-10-01 to 2026-10-08,,525.0,35.49,,705.0,47.66,,,315.0,90.0,0.07,issued_from_CK,entp_consumption_east_north_01-08Oct2026.csv (Indent Receive Qty); no production record in Restroworks [first pass 1-8 Oct; target window 24 Sep-8 Oct]
Delhi NCR,Gurgaon DLF,Dosa Batter Mix,Kg,2026-10-01 to 2026-10-08,,105.0,3182.9,,106.76,3236.25,,,37.0,36.120000000000005,30.31,issued_from_CK,entp_consumption_east_north_01-08Oct2026.csv (Indent Receive Qty); no production record in Restroworks [first pass 1-8 Oct; target window 24 Sep-8 Oct]
Delhi NCR,Gurgaon DLF,Frozen Medu Vada (10pc),Pc,2026-10-01 to 2026-10-08,,,,,285.0,1384.17,,,60.0,-64.0,4.86,consumed_no_issue_record (made in store or untracked),entp_consumption_east_north_01-08Oct2026.csv (Indent Receive Qty); no production record in Restroworks [first pass 1-8 Oct; target window 24 Sep-8 Oct]
Delhi NCR,Gurgaon DLF,Garam Masala Powder Bucket,Kg,2026-10-01 to 2026-10-08,,,,,0.019,26.53,,,0.08,0.042,1396.47,consumed_no_issue_record (made in store or untracked),entp_consumption_east_north_01-08Oct2026.csv (Indent Receive Qty); no production record in Restroworks [first pass 1-8 Oct; target window 24 Sep-8 Oct]
Delhi NCR,Gurgaon DLF,Garlic Chutney Bucket,Kg,2026-10-01 to 2026-10-08,,6.5,1652.79,,6.49,1650.25,,,1.8,1.15,254.28,issued_from_CK,entp_consumption_east_north_01-08Oct2026.csv (Indent Receive Qty); no production record in Restroworks [first pass 1-8 Oct; target window 24 Sep-8 Oct]
Delhi NCR,Gurgaon DLF,Idli Pc Raw (1 Pkt =40pc),Pc,2026-10-01 to 2026-10-08,,640.0,1236.65,,613.0,1184.48,37.0,71.49,220.0,181.0,1.93,issued_from_CK,entp_consumption_east_north_01-08Oct2026.csv (Indent Receive Qty); no production record in Restroworks [first pass 1-8 Oct; target window 24 Sep-8 Oct]
Delhi NCR,Gurgaon DLF,Imli Water,Ltr,2026-10-01 to 2026-10-08,,6.0,168.09,,5.006,140.24,,,1.0,2.508,28.01,issued_from_CK,entp_consumption_east_north_01-08Oct2026.csv (Indent Receive Qty); no production record in Restroworks [first pass 1-8 Oct; target window 24 Sep-8 Oct]
Delhi NCR,Gurgaon DLF,Jain Potato Masala Bucket,Kg,2026-10-01 to 2026-10-08,,5.0,275.02,,,,,,1.5,4.5,55.0,issued_from_CK,entp_consumption_east_north_01-08Oct2026.csv (Indent Receive Qty); no production record in Restroworks [first pass 1-8 Oct; target window 24 Sep-8 Oct]
Delhi NCR,Gurgaon DLF,Jain Sambar - Delhi,Ltr,2026-10-01 to 2026-10-08,,30.0,959.25,,46.8,1496.42,,,10.0,-15.0,31.97,issued_from_CK,entp_consumption_east_north_01-08Oct2026.csv (Indent Receive Qty); no production record in Restroworks [first pass 1-8 Oct; target window 24 Sep-8 Oct]
Delhi NCR,Gurgaon DLF,Kesari Halwa Mix  (1pkt = 550gm),Kg,2026-10-01 to 2026-10-08,,1.1,79.02,,1.587,114.01,,,1.1,0.203,71.84,issued_from_CK,entp_consumption_east_north_01-08Oct2026.csv (Indent Receive Qty); no production record in Restroworks [first pass 1-8 Oct; target window 24 Sep-8 Oct]
Delhi NCR,Gurgaon DLF,Korma Gravy Mix (1pkt=700gm),Kg,2026-10-01 to 2026-10-08,,11.2,1731.59,,10.8,1669.75,,,3.2,2.48,154.61,issued_from_CK,entp_consumption_east_north_01-08Oct2026.csv (Indent Receive Qty); no production record in Restroworks [first pass 1-8 Oct; target window 24 Sep-8 Oct]
Delhi NCR,Gurgaon DLF,Lemon Rice Bucket,Kg,2026-10-01 to 2026-10-08,,3.0,229.68,,1.4,107.18,0.8,61.25,1.5,3.05,76.56,issued_from_CK,entp_consumption_east_north_01-08Oct2026.csv (Indent Receive Qty); no production record in Restroworks [first pass 1-8 Oct; target window 24 Sep-8 Oct]
Delhi NCR,Gurgaon DLF,Malabar Paratha  (1pkt= 6Pcs),Pc,2026-10-01 to 2026-10-08,,,,,120.0,949.06,,,30.0,-36.0,7.91,consumed_no_issue_record (made in store or untracked),entp_consumption_east_north_01-08Oct2026.csv (Indent Receive Qty); no production record in Restroworks [first pass 1-8 Oct; target window 24 Sep-8 Oct]
Delhi NCR,Gurgaon DLF,Malabar Paratha Dough,Pc,2026-10-01 to 2026-10-08,,126.0,938.18,,,,,,20.0,74.0,7.45,issued_from_CK,entp_consumption_east_north_01-08Oct2026.csv (Indent Receive Qty); no production record in Restroworks [first pass 1-8 Oct; target window 24 Sep-8 Oct]
Delhi NCR,Gurgaon DLF,Malkapodi Bucket,Kg,2026-10-01 to 2026-10-08,,,,,0.44,75.26,,,0.84,0.3,171.04,consumed_no_issue_record (made in store or untracked),entp_consumption_east_north_01-08Oct2026.csv (Indent Receive Qty); no production record in Restroworks [first pass 1-8 Oct; target window 24 Sep-8 Oct]
Delhi NCR,Gurgaon DLF,Medu Vada Batter,Kg,2026-10-01 to 2026-10-08,,18.0,1143.42,,,,0.5,31.76,4.0,14.0,63.52,issued_from_CK,entp_consumption_east_north_01-08Oct2026.csv (Indent Receive Qty); no production record in Restroworks [first pass 1-8 Oct; target window 24 Sep-8 Oct]
Delhi NCR,Gurgaon DLF,Medu Vada Batter Mix,Kg,2026-10-01 to 2026-10-08,,4.0,290.12,,,,,,0.0,0.0,72.53,issued_from_CK,entp_consumption_east_north_01-08Oct2026.csv (Indent Receive Qty); no production record in Restroworks [first pass 1-8 Oct; target window 24 Sep-8 Oct]
Delhi NCR,Gurgaon DLF,Medu Vada Batter Powder Mix (1 Pkt = 23gm),Kg,2026-10-01 to 2026-10-08,,0.552,125.86,,,,,,0.092,0.41400000000000003,228.01,issued_from_CK,entp_consumption_east_north_01-08Oct2026.csv (Indent Receive Qty); no production record in Restroworks [first pass 1-8 Oct; target window 24 Sep-8 Oct]
Delhi NCR,Gurgaon DLF,Mysore Chutney Bucket,Kg,2026-10-01 to 2026-10-08,,6.5,1194.38,,5.85,1074.94,,,1.3,1.8399999999999999,183.75,issued_from_CK,entp_consumption_east_north_01-08Oct2026.csv (Indent Receive Qty); no production record in Restroworks [first pass 1-8 Oct; target window 24 Sep-8 Oct]
Delhi NCR,Gurgaon DLF,New Bangalore Benne Batter (Pack Size -4 Kg ),Kg,2026-10-01 to 2026-10-08,,62.6,2040.05,,,,,,0.0,38.6,32.59,issued_from_CK,entp_consumption_east_north_01-08Oct2026.csv (Indent Receive Qty); no production record in Restroworks [first pass 1-8 Oct; target window 24 Sep-8 Oct]
Delhi NCR,Gurgaon DLF,Potato Masala Bucket,Kg,2026-10-01 to 2026-10-08,,,,,5.2,220.16,,,0.0,8.0,42.34,consumed_no_issue_record (made in store or untracked),entp_consumption_east_north_01-08Oct2026.csv (Indent Receive Qty); no production record in Restroworks [first pass 1-8 Oct; target window 24 Sep-8 Oct]
Delhi NCR,Gurgaon DLF,Potato Masala Mix (1Pkt = 90Gm),Pkt,2026-10-01 to 2026-10-08,,24.0,251.74,,15.691,164.59,,,6.0,14.459,10.49,issued_from_CK,entp_consumption_east_north_01-08Oct2026.csv (Indent Receive Qty); no production record in Restroworks [first pass 1-8 Oct; target window 24 Sep-8 Oct]
Delhi NCR,Gurgaon DLF,Rasam Bucket,Ltr,2026-10-01 to 2026-10-08,,,,,0.9,33.03,,,0.3,1.3,36.7,consumed_no_issue_record (made in store or untracked),entp_consumption_east_north_01-08Oct2026.csv (Indent Receive Qty); no production record in Restroworks [first pass 1-8 Oct; target window 24 Sep-8 Oct]
Delhi NCR,Gurgaon DLF,Rasam Chhoke Pre-Mix (2 Mix -6gm + 42gm)= 48gm,Kg,2026-10-01 to 2026-10-08,,0.048,12.13,,,,,,0.048,0.048,252.63,issued_from_CK,entp_consumption_east_north_01-08Oct2026.csv (Indent Receive Qty); no production record in Restroworks [first pass 1-8 Oct; target window 24 Sep-8 Oct]
Delhi NCR,Gurgaon DLF,Rasam Mix (1Pkt =15 gm),Kg,2026-10-01 to 2026-10-08,,0.015,4.52,,,,,,0.015,0.015,301.47,issued_from_CK,entp_consumption_east_north_01-08Oct2026.csv (Indent Receive Qty); no production record in Restroworks [first pass 1-8 Oct; target window 24 Sep-8 Oct]
Delhi NCR,Gurgaon DLF,Raw Mango Chutney Bucket,Kg,2026-10-01 to 2026-10-08,,,,,1.88,425.41,,,2.0,-0.03,226.28,consumed_no_issue_record (made in store or untracked),entp_consumption_east_north_01-08Oct2026.csv (Indent Receive Qty); no production record in Restroworks [first pass 1-8 Oct; target window 24 Sep-8 Oct]
Delhi NCR,Gurgaon DLF,Raw Mango Pickle Bucket,Kg,2026-10-01 to 2026-10-08,,0.25,57.78,,0.25,57.78,,,0.5,0.46,231.14,issued_from_CK,entp_consumption_east_north_01-08Oct2026.csv (Indent Receive Qty); no production record in Restroworks [first pass 1-8 Oct; target window 24 Sep-8 Oct]
Delhi NCR,Gurgaon DLF,Raw mango Powder Mix (1 Pkt = 13gm),Kg,2026-10-01 to 2026-10-08,,0.039,12.83,,,,,,0.026,0.026,328.96,issued_from_CK,entp_consumption_east_north_01-08Oct2026.csv (Indent Receive Qty); no production record in Restroworks [first pass 1-8 Oct; target window 24 Sep-8 Oct]
Delhi NCR,Gurgaon DLF,Sambar Bucket - Delhi,Ltr,2026-10-01 to 2026-10-08,,255.0,8522.08,,345.4,11543.24,,,80.0,-7.899999999999999,33.42,issued_from_CK,entp_consumption_east_north_01-08Oct2026.csv (Indent Receive Qty); no production record in Restroworks [first pass 1-8 Oct; target window 24 Sep-8 Oct]
Delhi NCR,Gurgaon DLF,Special Daal Bucket,Kg,2026-10-01 to 2026-10-08,,1.0,147.54,,2.666,393.34,,,2.0,0.036,147.54,issued_from_CK,entp_consumption_east_north_01-08Oct2026.csv (Indent Receive Qty); no production record in Restroworks [first pass 1-8 Oct; target window 24 Sep-8 Oct]
Delhi NCR,Gurgaon DLF,Spicy Coconut Chutney Mix 1Pkt (16gm),Kg,2026-10-01 to 2026-10-08,,,,,3.441,,,,0.0,-1.677,,consumed_no_issue_record (made in store or untracked),entp_consumption_east_north_01-08Oct2026.csv (Indent Receive Qty); no production record in Restroworks [first pass 1-8 Oct; target window 24 Sep-8 Oct]
Delhi NCR,Gurgaon DLF,Srivilli Kheer (1 Pc),Pc,2026-10-01 to 2026-10-08,,6.0,190.65,,2.0,63.55,,,0.0,4.0,31.78,issued_from_CK,entp_consumption_east_north_01-08Oct2026.csv (Indent Receive Qty); no production record in Restroworks [first pass 1-8 Oct; target window 24 Sep-8 Oct]
Delhi NCR,Gurgaon DLF,Steam Rice Bucket,Kg,2026-10-01 to 2026-10-08,,8.5,418.27,,6.8,334.62,0.8,39.37,3.0,5.05,49.21,issued_from_CK,entp_consumption_east_north_01-08Oct2026.csv (Indent Receive Qty); no production record in Restroworks [first pass 1-8 Oct; target window 24 Sep-8 Oct]
Delhi NCR,Gurgaon DLF,Thatte Idli Pc Raw,Pc,2026-10-01 to 2026-10-08,,84.0,417.78,,85.0,422.75,5.0,24.87,26.0,14.0,4.97,issued_from_CK,entp_consumption_east_north_01-08Oct2026.csv (Indent Receive Qty); no production record in Restroworks [first pass 1-8 Oct; target window 24 Sep-8 Oct]
Delhi NCR,Gurgaon DLF,Thindi Malkapodi Powder Bucket,Kg,2026-10-01 to 2026-10-08,,0.5,99.96,,1.635,326.88,,,0.5,-0.065,199.93,issued_from_CK,entp_consumption_east_north_01-08Oct2026.csv (Indent Receive Qty); no production record in Restroworks [first pass 1-8 Oct; target window 24 Sep-8 Oct]
Delhi NCR,Gurgaon DLF,Tomato Onion Chutney Bucket,Kg,2026-10-01 to 2026-10-08,,,,,79.14,10622.39,,,5.0,-36.53,134.22,consumed_no_issue_record (made in store or untracked),entp_consumption_east_north_01-08Oct2026.csv (Indent Receive Qty); no production record in Restroworks [first pass 1-8 Oct; target window 24 Sep-8 Oct]
Delhi NCR,Gurgaon DLF,Tomato Onion Powder Mix (1 Pkt = 24gm),Kg,2026-10-01 to 2026-10-08,,1.92,997.2,,0.309,160.49,,,0.96,1.556,519.38,issued_from_CK,entp_consumption_east_north_01-08Oct2026.csv (Indent Receive Qty); no production record in Restroworks [first pass 1-8 Oct; target window 24 Sep-8 Oct]
Delhi NCR,Gurgaon DLF,Upma Mix (1pkt = 300gm),Kg,2026-10-01 to 2026-10-08,,,,,0.3,25.11,,,0.9,0.22,83.71,consumed_no_issue_record (made in store or untracked),entp_consumption_east_north_01-08Oct2026.csv (Indent Receive Qty); no production record in Restroworks [first pass 1-8 Oct; target window 24 Sep-8 Oct]
Delhi NCR,Gurgaon Sec 10,Benne Dosa Batter (Pack Size -3 Kg ),Kg,2026-10-01 to 2026-10-08,,12.3,382.53,,11.275,350.65,1.8,55.98,1.0,-3.425,31.1,issued_from_CK,entp_consumption_east_north_01-08Oct2026.csv (Indent Receive Qty); no production record in Restroworks [first pass 1-8 Oct; target window 24 Sep-8 Oct]
Delhi NCR,Gurgaon Sec 10,Boiled & Mashed Potato (1Pkt = 3Kg),Kg,2026-10-01 to 2026-10-08,,27.0,892.85,,41.967,1387.78,,,6.0,-9.233,33.07,issued_from_CK,entp_consumption_east_north_01-08Oct2026.csv (Indent Receive Qty); no production record in Restroworks [first pass 1-8 Oct; target window 24 Sep-8 Oct]
Delhi NCR,Gurgaon Sec 10,Boondi,Kg,2026-10-01 to 2026-10-08,,0.25,14.8,,0.12,7.1,,,0.113,0.185,59.2,issued_from_CK,entp_consumption_east_north_01-08Oct2026.csv (Indent Receive Qty); no production record in Restroworks [first pass 1-8 Oct; target window 24 Sep-8 Oct]
Delhi NCR,Gurgaon Sec 10,Chaat Masala Bucket,Kg,2026-10-01 to 2026-10-08,,0.1,30.74,,0.091,27.97,,,0.12,0.111,307.36,issued_from_CK,entp_consumption_east_north_01-08Oct2026.csv (Indent Receive Qty); no production record in Restroworks [first pass 1-8 Oct; target window 24 Sep-8 Oct]
Delhi NCR,Gurgaon Sec 10,Coconut Shredded,Kg,2026-10-01 to 2026-10-08,,9.0,2247.68,,41.876,10458.11,,,2.0,-13.583,249.74,issued_from_CK,entp_consumption_east_north_01-08Oct2026.csv (Indent Receive Qty); no production record in Restroworks [first pass 1-8 Oct; target window 24 Sep-8 Oct]
Delhi NCR,Gurgaon Sec 10,Dahi Bucket Mix (1pkt =105gm),gm,2026-10-01 to 2026-10-08,,,,,330.0,22.17,,,315.0,-15.0,0.07,consumed_no_issue_record (made in store or untracked),entp_consumption_east_north_01-08Oct2026.csv (Indent Receive Qty); no production record in Restroworks [first pass 1-8 Oct; target window 24 Sep-8 Oct]
Delhi NCR,Gurgaon Sec 10,Dosa Batter Mix,Kg,2026-10-01 to 2026-10-08,,51.0,1543.23,,50.0,1512.97,4.6,139.19,20.0,6.92,30.26,issued_from_CK,entp_consumption_east_north_01-08Oct2026.csv (Indent Receive Qty); no production record in Restroworks [first pass 1-8 Oct; target window 24 Sep-8 Oct]
Delhi NCR,Gurgaon Sec 10,Frozen Medu Vada (10pc),Pc,2026-10-01 to 2026-10-08,,,,,71.0,342.28,,,0.0,-27.0,4.82,consumed_no_issue_record (made in store or untracked),entp_consumption_east_north_01-08Oct2026.csv (Indent Receive Qty); no production record in Restroworks [first pass 1-8 Oct; target window 24 Sep-8 Oct]
Delhi NCR,Gurgaon Sec 10,Garam Masala Powder Bucket,Kg,2026-10-01 to 2026-10-08,,,,,0.004,5.53,,,0.02,0.018,1383.52,consumed_no_issue_record (made in store or untracked),entp_consumption_east_north_01-08Oct2026.csv (Indent Receive Qty); no production record in Restroworks [first pass 1-8 Oct; target window 24 Sep-8 Oct]
Delhi NCR,Gurgaon Sec 10,Garlic Chutney Bucket,Kg,2026-10-01 to 2026-10-08,,2.0,505.41,,2.15,543.31,0.2,50.54,0.15,-0.62,252.7,issued_from_CK,entp_consumption_east_north_01-08Oct2026.csv (Indent Receive Qty); no production record in Restroworks [first pass 1-8 Oct; target window 24 Sep-8 Oct]
Delhi NCR,Gurgaon Sec 10,Idli Pc Raw (1 Pkt =40pc),Pc,2026-10-01 to 2026-10-08,,230.0,443.22,,215.0,414.31,35.0,67.45,40.0,-5.0,1.93,issued_from_CK,entp_consumption_east_north_01-08Oct2026.csv (Indent Receive Qty); no production record in Restroworks [first pass 1-8 Oct; target window 24 Sep-8 Oct]
Delhi NCR,Gurgaon Sec 10,Imli Water,Ltr,2026-10-01 to 2026-10-08,,2.0,52.77,,1.697,44.78,,,0.5,0.611,26.39,issued_from_CK,entp_consumption_east_north_01-08Oct2026.csv (Indent Receive Qty); no production record in Restroworks [first pass 1-8 Oct; target window 24 Sep-8 Oct]
Delhi NCR,Gurgaon Sec 10,Jain Sambar - Delhi,Ltr,2026-10-01 to 2026-10-08,,2.0,64.79,,1.4,45.35,0.2,6.48,0.0,0.4,32.4,issued_from_CK,entp_consumption_east_north_01-08Oct2026.csv (Indent Receive Qty); no production record in Restroworks [first pass 1-8 Oct; target window 24 Sep-8 Oct]
Delhi NCR,Gurgaon Sec 10,Karam Podi Powder Bucket,Kg,2026-10-01 to 2026-10-08,,,,,0.32,60.91,,,0.9,0.324,190.36,consumed_no_issue_record (made in store or untracked),entp_consumption_east_north_01-08Oct2026.csv (Indent Receive Qty); no production record in Restroworks [first pass 1-8 Oct; target window 24 Sep-8 Oct]
Delhi NCR,Gurgaon Sec 10,Kesari Halwa Mix  (1pkt = 550gm),Kg,2026-10-01 to 2026-10-08,,,,,0.345,24.79,,,0.55,0.162,71.87,consumed_no_issue_record (made in store or untracked),entp_consumption_east_north_01-08Oct2026.csv (Indent Receive Qty); no production record in Restroworks [first pass 1-8 Oct; target window 24 Sep-8 Oct]
Delhi NCR,Gurgaon Sec 10,Korma Gravy Mix (1pkt=700gm),Kg,2026-10-01 to 2026-10-08,,2.1,323.88,,1.44,222.09,0.2,30.85,0.7,0.16,154.23,issued_from_CK,entp_consumption_east_north_01-08Oct2026.csv (Indent Receive Qty); no production record in Restroworks [first pass 1-8 Oct; target window 24 Sep-8 Oct]
Delhi NCR,Gurgaon Sec 10,Lemon Rice Bucket,Kg,2026-10-01 to 2026-10-08,,1.0,76.6,,1.4,107.24,0.2,15.32,0.25,-0.6,76.6,issued_from_CK,entp_consumption_east_north_01-08Oct2026.csv (Indent Receive Qty); no production record in Restroworks [first pass 1-8 Oct; target window 24 Sep-8 Oct]
Delhi NCR,Gurgaon Sec 10,Malabar Paratha  (1pkt= 6Pcs),Pc,2026-10-01 to 2026-10-08,,,,,16.0,131.38,,,0.0,-6.0,8.21,consumed_no_issue_record (made in store or untracked),entp_consumption_east_north_01-08Oct2026.csv (Indent Receive Qty); no production record in Restroworks [first pass 1-8 Oct; target window 24 Sep-8 Oct]
Delhi NCR,Gurgaon Sec 10,Malabar Paratha Dough,Pc,2026-10-01 to 2026-10-08,,16.0,119.79,,,,5.2,38.93,6.0,4.0,7.49,issued_from_CK,entp_consumption_east_north_01-08Oct2026.csv (Indent Receive Qty); no production record in Restroworks [first pass 1-8 Oct; target window 24 Sep-8 Oct]
Delhi NCR,Gurgaon Sec 10,Malkapodi Bucket,Kg,2026-10-01 to 2026-10-08,,0.5,85.16,,1.07,182.25,,,0.5,0.35,170.32,issued_from_CK,entp_consumption_east_north_01-08Oct2026.csv (Indent Receive Qty); no production record in Restroworks [first pass 1-8 Oct; target window 24 Sep-8 Oct]
Delhi NCR,Gurgaon Sec 10,Medu Vada Batter Mix,Kg,2026-10-01 to 2026-10-08,,7.0,507.48,,0.48,34.8,1.15,83.37,1.3,1.24,72.5,issued_from_CK,entp_consumption_east_north_01-08Oct2026.csv (Indent Receive Qty); no production record in Restroworks [first pass 1-8 Oct; target window 24 Sep-8 Oct]
Delhi NCR,Gurgaon Sec 10,Medu Vada Batter Powder Mix (1 Pkt = 23gm),Kg,2026-10-01 to 2026-10-08,,0.046,10.74,,,,,,0.0,0.046,233.56,issued_from_CK,entp_consumption_east_north_01-08Oct2026.csv (Indent Receive Qty); no production record in Restroworks [first pass 1-8 Oct; target window 24 Sep-8 Oct]
Delhi NCR,Gurgaon Sec 10,Mysore Chutney Bucket,Kg,2026-10-01 to 2026-10-08,,1.5,275.77,,1.66,305.19,,,0.45,0.14,183.85,issued_from_CK,entp_consumption_east_north_01-08Oct2026.csv (Indent Receive Qty); no production record in Restroworks [first pass 1-8 Oct; target window 24 Sep-8 Oct]
Delhi NCR,Gurgaon Sec 10,Potato Masala Bucket,Kg,2026-10-01 to 2026-10-08,,,,,0.9,,,,0.0,-0.2,,consumed_no_issue_record (made in store or untracked),entp_consumption_east_north_01-08Oct2026.csv (Indent Receive Qty); no production record in Restroworks [first pass 1-8 Oct; target window 24 Sep-8 Oct]
Delhi NCR,Gurgaon Sec 10,Potato Masala Mix (1Pkt = 90Gm),Pkt,2026-10-01 to 2026-10-08,,10.0,104.9,,13.978,146.63,,,2.0,-0.741,10.49,issued_from_CK,entp_consumption_east_north_01-08Oct2026.csv (Indent Receive Qty); no production record in Restroworks [first pass 1-8 Oct; target window 24 Sep-8 Oct]
Delhi NCR,Gurgaon Sec 10,Rasam Bucket,Ltr,2026-10-01 to 2026-10-08,,,,,0.5,,,,0.0,-0.2,,consumed_no_issue_record (made in store or untracked),entp_consumption_east_north_01-08Oct2026.csv (Indent Receive Qty); no production record in Restroworks [first pass 1-8 Oct; target window 24 Sep-8 Oct]
Delhi NCR,Gurgaon Sec 10,Rasam Chhoke Pre-Mix (2 Mix -6gm + 42gm)= 48gm,Kg,2026-10-01 to 2026-10-08,,0.048,12.1,,,,,,0.048,0.048,252.11,issued_from_CK,entp_consumption_east_north_01-08Oct2026.csv (Indent Receive Qty); no production record in Restroworks [first pass 1-8 Oct; target window 24 Sep-8 Oct]
Delhi NCR,Gurgaon Sec 10,Rava Powder Mix,Kg,2026-10-01 to 2026-10-08,,,,,0.5,46.15,,,1.5,0.95,92.29,consumed_no_issue_record (made in store or untracked),entp_consumption_east_north_01-08Oct2026.csv (Indent Receive Qty); no production record in Restroworks [first pass 1-8 Oct; target window 24 Sep-8 Oct]
Delhi NCR,Gurgaon Sec 10,Raw Mango Chutney Bucket,Kg,2026-10-01 to 2026-10-08,,,,,0.57,126.49,,,0.0,-0.23,221.92,consumed_no_issue_record (made in store or untracked),entp_consumption_east_north_01-08Oct2026.csv (Indent Receive Qty); no production record in Restroworks [first pass 1-8 Oct; target window 24 Sep-8 Oct]
Delhi NCR,Gurgaon Sec 10,Raw Mango Pickle Bucket,Kg,2026-10-01 to 2026-10-08,,,,,0.065,14.91,,,0.15,0.09,229.37,consumed_no_issue_record (made in store or untracked),entp_consumption_east_north_01-08Oct2026.csv (Indent Receive Qty); no production record in Restroworks [first pass 1-8 Oct; target window 24 Sep-8 Oct]
Delhi NCR,Gurgaon Sec 10,Raw mango Powder Mix (1 Pkt = 13gm),Kg,2026-10-01 to 2026-10-08,,0.026,8.62,,,,,,0.013,0.013,331.42,issued_from_CK,entp_consumption_east_north_01-08Oct2026.csv (Indent Receive Qty); no production record in Restroworks [first pass 1-8 Oct; target window 24 Sep-8 Oct]
Delhi NCR,Gurgaon Sec 10,Sambar Bucket,Ltr,2026-10-01 to 2026-10-08,,,,,2.0,,,,0.0,-1.0,,consumed_no_issue_record (made in store or untracked),entp_consumption_east_north_01-08Oct2026.csv (Indent Receive Qty); no production record in Restroworks [first pass 1-8 Oct; target window 24 Sep-8 Oct]
Delhi NCR,Gurgaon Sec 10,Sambar Bucket - Delhi,Ltr,2026-10-01 to 2026-10-08,,72.0,2419.39,,171.15,5751.08,6.0,201.62,10.0,-45.4,33.6,issued_from_CK,entp_consumption_east_north_01-08Oct2026.csv (Indent Receive Qty); no production record in Restroworks [first pass 1-8 Oct; target window 24 Sep-8 Oct]
Delhi NCR,Gurgaon Sec 10,Special Daal Bucket,Kg,2026-10-01 to 2026-10-08,,,,,0.914,133.85,,,0.8,0.235,146.45,consumed_no_issue_record (made in store or untracked),entp_consumption_east_north_01-08Oct2026.csv (Indent Receive Qty); no production record in Restroworks [first pass 1-8 Oct; target window 24 Sep-8 Oct]
Delhi NCR,Gurgaon Sec 10,Special White Coconut Chutney Bucket,Kg,2026-10-01 to 2026-10-08,,,,,0.5,,,,0.0,0.0,,consumed_no_issue_record (made in store or untracked),entp_consumption_east_north_01-08Oct2026.csv (Indent Receive Qty); no production record in Restroworks [first pass 1-8 Oct; target window 24 Sep-8 Oct]
Delhi NCR,Gurgaon Sec 10,Spicy Coconut Chutney Mix 1Pkt (16gm),Kg,2026-10-01 to 2026-10-08,,,,,1.145,,,,0.0,-0.388,,consumed_no_issue_record (made in store or untracked),entp_consumption_east_north_01-08Oct2026.csv (Indent Receive Qty); no production record in Restroworks [first pass 1-8 Oct; target window 24 Sep-8 Oct]
Delhi NCR,Gurgaon Sec 10,Srivilli Kheer (1 Pc),Pc,2026-10-01 to 2026-10-08,,4.0,128.4,,9.0,288.9,3.0,96.3,3.0,-5.0,32.1,issued_from_CK,entp_consumption_east_north_01-08Oct2026.csv (Indent Receive Qty); no production record in Restroworks [first pass 1-8 Oct; target window 24 Sep-8 Oct]
Delhi NCR,Gurgaon Sec 10,Steam Rice Bucket,Kg,2026-10-01 to 2026-10-08,,2.0,102.89,,1.6,82.31,1.2,61.73,0.4,-0.6,51.44,issued_from_CK,entp_consumption_east_north_01-08Oct2026.csv (Indent Receive Qty); no production record in Restroworks [first pass 1-8 Oct; target window 24 Sep-8 Oct]
Delhi NCR,Gurgaon Sec 10,Sugar Syrup Bucket,Ltr,2026-10-01 to 2026-10-08,,,,,0.5,,,,0.0,-0.2,,consumed_no_issue_record (made in store or untracked),entp_consumption_east_north_01-08Oct2026.csv (Indent Receive Qty); no production record in Restroworks [first pass 1-8 Oct; target window 24 Sep-8 Oct]
Delhi NCR,Gurgaon Sec 10,Thatte Idli Pc Raw,Pc,2026-10-01 to 2026-10-08,,24.0,118.09,,23.0,113.17,15.0,73.81,2.0,-5.0,4.92,issued_from_CK,entp_consumption_east_north_01-08Oct2026.csv (Indent Receive Qty); no production record in Restroworks [first pass 1-8 Oct; target window 24 Sep-8 Oct]
Delhi NCR,Gurgaon Sec 10,Thindi Malkapodi Powder Bucket,Kg,2026-10-01 to 2026-10-08,,,,,0.535,106.97,,,0.45,0.076,199.95,consumed_no_issue_record (made in store or untracked),entp_consumption_east_north_01-08Oct2026.csv (Indent Receive Qty); no production record in Restroworks [first pass 1-8 Oct; target window 24 Sep-8 Oct]
Delhi NCR,Gurgaon Sec 10,Tomato Onion Chutney Bucket,Kg,2026-10-01 to 2026-10-08,,,,,27.24,3021.34,,,0.0,-9.57,110.92,consumed_no_issue_record (made in store or untracked),entp_consumption_east_north_01-08Oct2026.csv (Indent Receive Qty); no production record in Restroworks [first pass 1-8 Oct; target window 24 Sep-8 Oct]
Delhi NCR,Gurgaon Sec 10,Tomato Onion Powder Mix (1 Pkt = 24gm),Kg,2026-10-01 to 2026-10-08,,0.864,447.6,,0.039,20.2,,,0.096,0.268,518.06,issued_from_CK,entp_consumption_east_north_01-08Oct2026.csv (Indent Receive Qty); no production record in Restroworks [first pass 1-8 Oct; target window 24 Sep-8 Oct]
Delhi NCR,Gurgaon Sec-15,Benne Dosa Batter (Pack Size -3 Kg ),Kg,2026-10-01 to 2026-10-08,,52.0,1584.06,,40.425,1231.45,2.5,76.16,1.0,-0.9,30.46,issued_from_CK,entp_consumption_east_north_01-08Oct2026.csv (Indent Receive Qty); no production record in Restroworks [first pass 1-8 Oct; target window 24 Sep-8 Oct]
Delhi NCR,Gurgaon Sec-15,Boiled & Mashed Potato (1Pkt = 3Kg),Kg,2026-10-01 to 2026-10-08,,63.0,2106.86,,68.633,2295.25,,,10.0,4.533,33.44,issued_from_CK,entp_consumption_east_north_01-08Oct2026.csv (Indent Receive Qty); no production record in Restroworks [first pass 1-8 Oct; target window 24 Sep-8 Oct]
Delhi NCR,Gurgaon Sec-15,Boondi,Kg,2026-10-01 to 2026-10-08,,0.5,29.75,,0.345,20.53,,,0.2,0.58,59.5,issued_from_CK,entp_consumption_east_north_01-08Oct2026.csv (Indent Receive Qty); no production record in Restroworks [first pass 1-8 Oct; target window 24 Sep-8 Oct]
Delhi NCR,Gurgaon Sec-15,Chaat Masala Bucket,Kg,2026-10-01 to 2026-10-08,,0.3,92.63,,0.179,55.27,,,0.2,0.229,308.77,issued_from_CK,entp_consumption_east_north_01-08Oct2026.csv (Indent Receive Qty); no production record in Restroworks [first pass 1-8 Oct; target window 24 Sep-8 Oct]
Delhi NCR,Gurgaon Sec-15,Coconut Shredded,Kg,2026-10-01 to 2026-10-08,,22.0,5430.9,,91.659,22626.82,,,3.5,-21.091,246.86,issued_from_CK,entp_consumption_east_north_01-08Oct2026.csv (Indent Receive Qty); no production record in Restroworks [first pass 1-8 Oct; target window 24 Sep-8 Oct]
Delhi NCR,Gurgaon Sec-15,Dahi Bucket Mix (1pkt =105gm),gm,2026-10-01 to 2026-10-08,,1575.0,106.79,,660.0,44.75,,,315.0,2115.0,0.07,issued_from_CK,entp_consumption_east_north_01-08Oct2026.csv (Indent Receive Qty); no production record in Restroworks [first pass 1-8 Oct; target window 24 Sep-8 Oct]
Delhi NCR,Gurgaon Sec-15,Dosa Batter Mix,Kg,2026-10-01 to 2026-10-08,,135.0,4091.96,,113.43,3438.16,18.1,548.63,24.0,0.33000000000000007,30.31,issued_from_CK,entp_consumption_east_north_01-08Oct2026.csv (Indent Receive Qty); no production record in Restroworks [first pass 1-8 Oct; target window 24 Sep-8 Oct]
Delhi NCR,Gurgaon Sec-15,Frozen Medu Vada (10pc),Pc,2026-10-01 to 2026-10-08,,,,,267.0,1299.58,,,0.0,-97.0,4.87,consumed_no_issue_record (made in store or untracked),entp_consumption_east_north_01-08Oct2026.csv (Indent Receive Qty); no production record in Restroworks [first pass 1-8 Oct; target window 24 Sep-8 Oct]
Delhi NCR,Gurgaon Sec-15,Garam Masala Powder Bucket,Kg,2026-10-01 to 2026-10-08,,,,,0.012,16.47,,,0.0,0.005,1372.53,consumed_no_issue_record (made in store or untracked),entp_consumption_east_north_01-08Oct2026.csv (Indent Receive Qty); no production record in Restroworks [first pass 1-8 Oct; target window 24 Sep-8 Oct]
Delhi NCR,Gurgaon Sec-15,Garlic Chutney Bucket,Kg,2026-10-01 to 2026-10-08,,4.5,1148.89,,5.25,1340.37,0.3,76.59,1.7,-0.02,255.31,issued_from_CK,entp_consumption_east_north_01-08Oct2026.csv (Indent Receive Qty); no production record in Restroworks [first pass 1-8 Oct; target window 24 Sep-8 Oct]
Delhi NCR,Gurgaon Sec-15,Idli Pc Raw (1 Pkt =40pc),Pc,2026-10-01 to 2026-10-08,,420.0,809.58,,515.0,992.69,,,133.0,-37.0,1.93,issued_from_CK,entp_consumption_east_north_01-08Oct2026.csv (Indent Receive Qty); no production record in Restroworks [first pass 1-8 Oct; target window 24 Sep-8 Oct]
Delhi NCR,Gurgaon Sec-15,Imli Water,Ltr,2026-10-01 to 2026-10-08,,4.0,113.47,,4.525,128.36,,,1.0,0.446,28.37,issued_from_CK,entp_consumption_east_north_01-08Oct2026.csv (Indent Receive Qty); no production record in Restroworks [first pass 1-8 Oct; target window 24 Sep-8 Oct]
Delhi NCR,Gurgaon Sec-15,Jain Sambar - Delhi,Ltr,2026-10-01 to 2026-10-08,,9.0,290.03,,11.0,354.48,,,1.0,-0.8,32.23,issued_from_CK,entp_consumption_east_north_01-08Oct2026.csv (Indent Receive Qty); no production record in Restroworks [first pass 1-8 Oct; target window 24 Sep-8 Oct]
Delhi NCR,Gurgaon Sec-15,Karam Podi Powder Bucket,Kg,2026-10-01 to 2026-10-08,,1.0,191.66,,0.88,168.66,,,0.15,1.07,191.66,issued_from_CK,entp_consumption_east_north_01-08Oct2026.csv (Indent Receive Qty); no production record in Restroworks [first pass 1-8 Oct; target window 24 Sep-8 Oct]
Delhi NCR,Gurgaon Sec-15,Kesari Halwa Mix  (1pkt = 550gm),Kg,2026-10-01 to 2026-10-08,,2.2,154.73,,2.001,140.73,,,0.35,-0.14,70.33,issued_from_CK,entp_consumption_east_north_01-08Oct2026.csv (Indent Receive Qty); no production record in Restroworks [first pass 1-8 Oct; target window 24 Sep-8 Oct]
Delhi NCR,Gurgaon Sec-15,Korma Gravy Mix (1pkt=700gm),Kg,2026-10-01 to 2026-10-08,,9.8,1514.1,,7.56,1168.02,2.75,424.87,0.75,0.0,154.5,issued_from_CK,entp_consumption_east_north_01-08Oct2026.csv (Indent Receive Qty); no production record in Restroworks [first pass 1-8 Oct; target window 24 Sep-8 Oct]
Delhi NCR,Gurgaon Sec-15,Lemon Rice Bucket,Kg,2026-10-01 to 2026-10-08,,1.0,75.73,,2.0,151.47,,,0.5,-0.8,75.73,issued_from_CK,entp_consumption_east_north_01-08Oct2026.csv (Indent Receive Qty); no production record in Restroworks [first pass 1-8 Oct; target window 24 Sep-8 Oct]
Delhi NCR,Gurgaon Sec-15,Malabar Paratha  (1pkt= 6Pcs),Pc,2026-10-01 to 2026-10-08,,,,,91.0,708.32,,,0.0,-26.0,7.78,consumed_no_issue_record (made in store or untracked),entp_consumption_east_north_01-08Oct2026.csv (Indent Receive Qty); no production record in Restroworks [first pass 1-8 Oct; target window 24 Sep-8 Oct]
Delhi NCR,Gurgaon Sec-15,Malabar Paratha Dough,Pc,2026-10-01 to 2026-10-08,,90.0,671.68,,,,4.0,29.85,2.0,20.0,7.46,issued_from_CK,entp_consumption_east_north_01-08Oct2026.csv (Indent Receive Qty); no production record in Restroworks [first pass 1-8 Oct; target window 24 Sep-8 Oct]
Delhi NCR,Gurgaon Sec-15,Malkapodi Bucket,Kg,2026-10-01 to 2026-10-08,,1.0,171.86,,1.195,205.37,,,0.65,1.06,171.86,issued_from_CK,entp_consumption_east_north_01-08Oct2026.csv (Indent Receive Qty); no production record in Restroworks [first pass 1-8 Oct; target window 24 Sep-8 Oct]
Delhi NCR,Gurgaon Sec-15,Medu Vada Batter Mix,Kg,2026-10-01 to 2026-10-08,,13.0,941.56,,,,,,3.0,4.2,72.43,issued_from_CK,entp_consumption_east_north_01-08Oct2026.csv (Indent Receive Qty); no production record in Restroworks [first pass 1-8 Oct; target window 24 Sep-8 Oct]
Delhi NCR,Gurgaon Sec-15,Medu Vada Batter Powder Mix (1 Pkt = 23gm),Kg,2026-10-01 to 2026-10-08,,0.322,73.85,,,,,,0.069,0.138,229.35,issued_from_CK,entp_consumption_east_north_01-08Oct2026.csv (Indent Receive Qty); no production record in Restroworks [first pass 1-8 Oct; target window 24 Sep-8 Oct]
Delhi NCR,Gurgaon Sec-15,Mysore Chutney Bucket,Kg,2026-10-01 to 2026-10-08,,5.0,915.0,,6.3,1152.9,0.4,73.2,0.7999999999999999,-0.07999999999999999,183.0,issued_from_CK,entp_consumption_east_north_01-08Oct2026.csv (Indent Receive Qty); no production record in Restroworks [first pass 1-8 Oct; target window 24 Sep-8 Oct]
Delhi NCR,Gurgaon Sec-15,Potato Masala Bucket,Kg,2026-10-01 to 2026-10-08,,,,,7.15,293.26,,,0.0,-6.95,41.02,consumed_no_issue_record (made in store or untracked),entp_consumption_east_north_01-08Oct2026.csv (Indent Receive Qty); no production record in Restroworks [first pass 1-8 Oct; target window 24 Sep-8 Oct]
Delhi NCR,Gurgaon Sec-15,Potato Masala Mix (1Pkt = 90Gm),Pkt,2026-10-01 to 2026-10-08,,20.0,208.99,,22.853,238.8,,,2.0,1.52,10.45,issued_from_CK,entp_consumption_east_north_01-08Oct2026.csv (Indent Receive Qty); no production record in Restroworks [first pass 1-8 Oct; target window 24 Sep-8 Oct]
Delhi NCR,Gurgaon Sec-15,Rasam Bucket,Ltr,2026-10-01 to 2026-10-08,,,,,4.2,153.32,,,0.2,-0.6000000000000001,36.51,consumed_no_issue_record (made in store or untracked),entp_consumption_east_north_01-08Oct2026.csv (Indent Receive Qty); no production record in Restroworks [first pass 1-8 Oct; target window 24 Sep-8 Oct]
Delhi NCR,Gurgaon Sec-15,Rasam Chhoke Pre-Mix (2 Mix -6gm + 42gm)= 48gm,Kg,2026-10-01 to 2026-10-08,,0.192,48.75,,,,,,0.048,0.048,253.88,issued_from_CK,entp_consumption_east_north_01-08Oct2026.csv (Indent Receive Qty); no production record in Restroworks [first pass 1-8 Oct; target window 24 Sep-8 Oct]
Delhi NCR,Gurgaon Sec-15,Rasam Mix (1Pkt =15 gm),Kg,2026-10-01 to 2026-10-08,,0.06,18.11,,,,,,0.015,0.015,301.77,issued_from_CK,entp_consumption_east_north_01-08Oct2026.csv (Indent Receive Qty); no production record in Restroworks [first pass 1-8 Oct; target window 24 Sep-8 Oct]
Delhi NCR,Gurgaon Sec-15,Rava Powder Mix,Kg,2026-10-01 to 2026-10-08,,3.0,281.92,,2.55,239.63,,,1.3,0.75,93.97,issued_from_CK,entp_consumption_east_north_01-08Oct2026.csv (Indent Receive Qty); no production record in Restroworks [first pass 1-8 Oct; target window 24 Sep-8 Oct]
Delhi NCR,Gurgaon Sec-15,Raw Mango Chutney Bucket,Kg,2026-10-01 to 2026-10-08,,,,,3.88,876.39,,,0.0,-1.51,225.87,consumed_no_issue_record (made in store or untracked),entp_consumption_east_north_01-08Oct2026.csv (Indent Receive Qty); no production record in Restroworks [first pass 1-8 Oct; target window 24 Sep-8 Oct]
Delhi NCR,Gurgaon Sec-15,Raw Mango Pickle Bucket,Kg,2026-10-01 to 2026-10-08,,0.5,117.49,,0.135,31.72,,,0.25,0.48,234.98,issued_from_CK,entp_consumption_east_north_01-08Oct2026.csv (Indent Receive Qty); no production record in Restroworks [first pass 1-8 Oct; target window 24 Sep-8 Oct]
Delhi NCR,Gurgaon Sec-15,Raw mango Powder Mix (1 Pkt = 13gm),Kg,2026-10-01 to 2026-10-08,,0.052,17.08,,,,,,0.026,0.052,328.49,issued_from_CK,entp_consumption_east_north_01-08Oct2026.csv (Indent Receive Qty); no production record in Restroworks [first pass 1-8 Oct; target window 24 Sep-8 Oct]
Delhi NCR,Gurgaon Sec-15,Sambar Bucket,Ltr,2026-10-01 to 2026-10-08,,,,,9.0,274.4,,,2.0,-7.0,30.49,consumed_no_issue_record (made in store or untracked),entp_consumption_east_north_01-08Oct2026.csv (Indent Receive Qty); no production record in Restroworks [first pass 1-8 Oct; target window 24 Sep-8 Oct]
Delhi NCR,Gurgaon Sec-15,Sambar Bucket - Delhi,Ltr,2026-10-01 to 2026-10-08,,240.0,8085.33,,280.45,9448.04,,,20.0,-6.6,33.69,issued_from_CK,entp_consumption_east_north_01-08Oct2026.csv (Indent Receive Qty); no production record in Restroworks [first pass 1-8 Oct; target window 24 Sep-8 Oct]
Delhi NCR,Gurgaon Sec-15,Special Daal Bucket,Kg,2026-10-01 to 2026-10-08,,1.0,146.79,,2.479,363.9,,,0.5,-0.479,146.79,issued_from_CK,entp_consumption_east_north_01-08Oct2026.csv (Indent Receive Qty); no production record in Restroworks [first pass 1-8 Oct; target window 24 Sep-8 Oct]
Delhi NCR,Gurgaon Sec-15,Spicy Coconut Chutney Mix 1Pkt (16gm),Kg,2026-10-01 to 2026-10-08,,,,,3.183,538.63,,,0.0,-0.938,169.22,consumed_no_issue_record (made in store or untracked),entp_consumption_east_north_01-08Oct2026.csv (Indent Receive Qty); no production record in Restroworks [first pass 1-8 Oct; target window 24 Sep-8 Oct]
Delhi NCR,Gurgaon Sec-15,Srivilli Kheer (1 Pc),Pc,2026-10-01 to 2026-10-08,,15.0,479.09,,21.0,670.72,1.0,31.94,5.0,0.0,31.94,issued_from_CK,entp_consumption_east_north_01-08Oct2026.csv (Indent Receive Qty); no production record in Restroworks [first pass 1-8 Oct; target window 24 Sep-8 Oct]
Delhi NCR,Gurgaon Sec-15,Steam Rice Bucket,Kg,2026-10-01 to 2026-10-08,,4.5,218.0,,3.9,188.93,,,1.0,-0.4,48.44,issued_from_CK,entp_consumption_east_north_01-08Oct2026.csv (Indent Receive Qty); no production record in Restroworks [first pass 1-8 Oct; target window 24 Sep-8 Oct]
Delhi NCR,Gurgaon Sec-15,Sugar Syrup Bucket,Ltr,2026-10-01 to 2026-10-08,,,,,2.45,,,,0.0,-1.0,,consumed_no_issue_record (made in store or untracked),entp_consumption_east_north_01-08Oct2026.csv (Indent Receive Qty); no production record in Restroworks [first pass 1-8 Oct; target window 24 Sep-8 Oct]
Delhi NCR,Gurgaon Sec-15,Thatte Idli Pc Raw,Pc,2026-10-01 to 2026-10-08,,84.0,420.73,,89.0,445.77,8.0,40.07,28.0,21.0,5.01,issued_from_CK,entp_consumption_east_north_01-08Oct2026.csv (Indent Receive Qty); no production record in Restroworks [first pass 1-8 Oct; target window 24 Sep-8 Oct]
Delhi NCR,Gurgaon Sec-15,Thindi Malkapodi Powder Bucket,Kg,2026-10-01 to 2026-10-08,,1.5,300.26,,1.575,315.27,,,0.3,0.99,200.17,issued_from_CK,entp_consumption_east_north_01-08Oct2026.csv (Indent Receive Qty); no production record in Restroworks [first pass 1-8 Oct; target window 24 Sep-8 Oct]
Delhi NCR,Gurgaon Sec-15,Tomato Onion Chutney Bucket,Kg,2026-10-01 to 2026-10-08,,,,,71.91,9651.96,,,0.5,-20.5,134.22,consumed_no_issue_record (made in store or untracked),entp_consumption_east_north_01-08Oct2026.csv (Indent Receive Qty); no production record in Restroworks [first pass 1-8 Oct; target window 24 Sep-8 Oct]
Delhi NCR,Gurgaon Sec-15,Tomato Onion Powder Mix (1 Pkt = 24gm),Kg,2026-10-01 to 2026-10-08,,2.88,1497.3,,0.213,110.74,,,0.384,2.223,519.89,issued_from_CK,entp_consumption_east_north_01-08Oct2026.csv (Indent Receive Qty); no production record in Restroworks [first pass 1-8 Oct; target window 24 Sep-8 Oct]
Delhi NCR,Gurgaon Sec-15,Upma Mix (1pkt = 300gm),Kg,2026-10-01 to 2026-10-08,,0.9,75.24,,0.84,70.23,,,0.5,0.8,83.61,issued_from_CK,entp_consumption_east_north_01-08Oct2026.csv (Indent Receive Qty); no production record in Restroworks [first pass 1-8 Oct; target window 24 Sep-8 Oct]
Delhi NCR,Kalkaji,Benne Dosa Batter (Pack Size -3 Kg ),Kg,2026-10-01 to 2026-10-08,,61.0,1865.65,,47.475,1452.0,2.05,62.7,19.0,22.25,30.58,issued_from_CK,entp_consumption_east_north_01-08Oct2026.csv (Indent Receive Qty); no production record in Restroworks [first pass 1-8 Oct; target window 24 Sep-8 Oct]
Delhi NCR,Kalkaji,Boiled & Mashed Potato (1Pkt = 3Kg),Kg,2026-10-01 to 2026-10-08,,57.0,1900.39,,6.9,230.05,0.8,26.67,21.0,37.1,33.34,issued_from_CK,entp_consumption_east_north_01-08Oct2026.csv (Indent Receive Qty); no production record in Restroworks [first pass 1-8 Oct; target window 24 Sep-8 Oct]
Delhi NCR,Kalkaji,Boondi,Kg,2026-10-01 to 2026-10-08,,0.5,29.68,,0.555,32.94,,,0.45,0.415,59.35,issued_from_CK,entp_consumption_east_north_01-08Oct2026.csv (Indent Receive Qty); no production record in Restroworks [first pass 1-8 Oct; target window 24 Sep-8 Oct]
Delhi NCR,Kalkaji,Chaat Masala Bucket,Kg,2026-10-01 to 2026-10-08,,0.5,155.4,,0.18,55.95,,,0.2,0.443,310.81,issued_from_CK,entp_consumption_east_north_01-08Oct2026.csv (Indent Receive Qty); no production record in Restroworks [first pass 1-8 Oct; target window 24 Sep-8 Oct]
Delhi NCR,Kalkaji,Coconut Shredded,Kg,2026-10-01 to 2026-10-08,,25.0,6191.89,,73.998,18327.37,0.14,34.67,9.0,-7.662000000000001,247.68,issued_from_CK,entp_consumption_east_north_01-08Oct2026.csv (Indent Receive Qty); no production record in Restroworks [first pass 1-8 Oct; target window 24 Sep-8 Oct]
Delhi NCR,Kalkaji,Dahi Bucket Mix (1pkt =105gm),gm,2026-10-01 to 2026-10-08,,1050.0,71.55,,870.0,59.28,,,630.0,480.0,0.07,issued_from_CK,entp_consumption_east_north_01-08Oct2026.csv (Indent Receive Qty); no production record in Restroworks [first pass 1-8 Oct; target window 24 Sep-8 Oct]
Delhi NCR,Kalkaji,Dosa Batter Mix,Kg,2026-10-01 to 2026-10-08,,130.0,3941.33,,104.15,3157.61,7.0,212.23,60.0,62.775,30.32,issued_from_CK,entp_consumption_east_north_01-08Oct2026.csv (Indent Receive Qty); no production record in Restroworks [first pass 1-8 Oct; target window 24 Sep-8 Oct]
Delhi NCR,Kalkaji,Frozen Medu Vada (10pc),Pc,2026-10-01 to 2026-10-08,,,,,363.0,1762.15,,,0.0,-104.0,4.85,consumed_no_issue_record (made in store or untracked),entp_consumption_east_north_01-08Oct2026.csv (Indent Receive Qty); no production record in Restroworks [first pass 1-8 Oct; target window 24 Sep-8 Oct]
Delhi NCR,Kalkaji,Garam Masala Powder Bucket,Kg,2026-10-01 to 2026-10-08,,,,,0.019,26.78,,,0.18,0.08,1409.72,consumed_no_issue_record (made in store or untracked),entp_consumption_east_north_01-08Oct2026.csv (Indent Receive Qty); no production record in Restroworks [first pass 1-8 Oct; target window 24 Sep-8 Oct]
Delhi NCR,Kalkaji,Garlic Chutney Bucket,Kg,2026-10-01 to 2026-10-08,,4.0,1019.94,,4.62,1178.04,0.12,30.6,1.0,0.85,254.99,issued_from_CK,entp_consumption_east_north_01-08Oct2026.csv (Indent Receive Qty); no production record in Restroworks [first pass 1-8 Oct; target window 24 Sep-8 Oct]
Delhi NCR,Kalkaji,Idli Pc Raw (1 Pkt =40pc),Pc,2026-10-01 to 2026-10-08,,760.0,1467.26,,683.0,1318.6,30.0,57.92,210.0,253.0,1.93,issued_from_CK,entp_consumption_east_north_01-08Oct2026.csv (Indent Receive Qty); no production record in Restroworks [first pass 1-8 Oct; target window 24 Sep-8 Oct]
Delhi NCR,Kalkaji,Imli Water,Ltr,2026-10-01 to 2026-10-08,,3.0,83.86,,4.806,134.35,0.05,1.4,2.8,1.321,27.95,issued_from_CK,entp_consumption_east_north_01-08Oct2026.csv (Indent Receive Qty); no production record in Restroworks [first pass 1-8 Oct; target window 24 Sep-8 Oct]
Delhi NCR,Kalkaji,Jain Potato Masala Bucket,Kg,2026-10-01 to 2026-10-08,,4.0,219.97,,,,1.65,90.74,2.5,3.15,54.99,issued_from_CK,entp_consumption_east_north_01-08Oct2026.csv (Indent Receive Qty); no production record in Restroworks [first pass 1-8 Oct; target window 24 Sep-8 Oct]
Delhi NCR,Kalkaji,Jain Sambar - Delhi,Ltr,2026-10-01 to 2026-10-08,,14.0,449.92,,12.2,392.08,2.05,65.88,7.0,7.45,32.14,issued_from_CK,entp_consumption_east_north_01-08Oct2026.csv (Indent Receive Qty); no production record in Restroworks [first pass 1-8 Oct; target window 24 Sep-8 Oct]
Delhi NCR,Kalkaji,Jain Sambar Bucket,Ltr,2026-10-01 to 2026-10-08,,,,,,,1.0,28.72,0.0,-0.5,28.72,wastage_or_return_only,entp_consumption_east_north_01-08Oct2026.csv (Indent Receive Qty); no production record in Restroworks [first pass 1-8 Oct; target window 24 Sep-8 Oct]
Delhi NCR,Kalkaji,Karam Podi Powder Bucket,Kg,2026-10-01 to 2026-10-08,,0.5,96.29,,0.36,69.33,0.1,19.26,1.2,1.14,192.59,issued_from_CK,entp_consumption_east_north_01-08Oct2026.csv (Indent Receive Qty); no production record in Restroworks [first pass 1-8 Oct; target window 24 Sep-8 Oct]
Delhi NCR,Kalkaji,Kesari Halwa Mix  (1pkt = 550gm),Kg,2026-10-01 to 2026-10-08,,1.65,118.52,,1.96,140.75,,,1.55,1.472,71.83,issued_from_CK,entp_consumption_east_north_01-08Oct2026.csv (Indent Receive Qty); no production record in Restroworks [first pass 1-8 Oct; target window 24 Sep-8 Oct]
Delhi NCR,Kalkaji,Korma Gravy Mix (1pkt=700gm),Kg,2026-10-01 to 2026-10-08,,8.4,1297.88,,7.02,1084.66,0.4,61.8,2.4,3.0,154.51,issued_from_CK,entp_consumption_east_north_01-08Oct2026.csv (Indent Receive Qty); no production record in Restroworks [first pass 1-8 Oct; target window 24 Sep-8 Oct]
Delhi NCR,Kalkaji,Lemon Rice Bucket,Kg,2026-10-01 to 2026-10-08,,2.5,191.8,,2.05,157.28,,,0.5,0.6,76.72,issued_from_CK,entp_consumption_east_north_01-08Oct2026.csv (Indent Receive Qty); no production record in Restroworks [first pass 1-8 Oct; target window 24 Sep-8 Oct]
Delhi NCR,Kalkaji,Malabar Paratha  (1pkt= 6Pcs),Pc,2026-10-01 to 2026-10-08,,,,,78.0,611.94,,,0.0,-30.0,7.85,consumed_no_issue_record (made in store or untracked),entp_consumption_east_north_01-08Oct2026.csv (Indent Receive Qty); no production record in Restroworks [first pass 1-8 Oct; target window 24 Sep-8 Oct]
Delhi NCR,Kalkaji,Malabar Paratha Dough,Pc,2026-10-01 to 2026-10-08,,81.0,601.96,,,,2.0,14.86,13.0,44.0,7.43,issued_from_CK,entp_consumption_east_north_01-08Oct2026.csv (Indent Receive Qty); no production record in Restroworks [first pass 1-8 Oct; target window 24 Sep-8 Oct]
Delhi NCR,Kalkaji,Malkapodi Bucket,Kg,2026-10-01 to 2026-10-08,,1.0,171.37,,1.3,222.78,0.27,46.27,1.7,1.4100000000000001,171.37,issued_from_CK,entp_consumption_east_north_01-08Oct2026.csv (Indent Receive Qty); no production record in Restroworks [first pass 1-8 Oct; target window 24 Sep-8 Oct]
Delhi NCR,Kalkaji,Medu Vada Batter Mix,Kg,2026-10-01 to 2026-10-08,,30.0,2176.45,,,,1.8,130.59,10.0,16.35,72.55,issued_from_CK,entp_consumption_east_north_01-08Oct2026.csv (Indent Receive Qty); no production record in Restroworks [first pass 1-8 Oct; target window 24 Sep-8 Oct]
Delhi NCR,Kalkaji,Medu Vada Batter Powder Mix (1 Pkt = 23gm),Kg,2026-10-01 to 2026-10-08,,0.464,106.13,,,,,,0.368,0.46,228.73,issued_from_CK,entp_consumption_east_north_01-08Oct2026.csv (Indent Receive Qty); no production record in Restroworks [first pass 1-8 Oct; target window 24 Sep-8 Oct]
Delhi NCR,Kalkaji,Mysore Chutney Bucket,Kg,2026-10-01 to 2026-10-08,,3.5,642.36,,3.94,723.12,0.17,31.2,1.5,0.95,183.53,issued_from_CK,entp_consumption_east_north_01-08Oct2026.csv (Indent Receive Qty); no production record in Restroworks [first pass 1-8 Oct; target window 24 Sep-8 Oct]
Delhi NCR,Kalkaji,Potato Masala Bucket,Kg,2026-10-01 to 2026-10-08,,,,,4.6,186.64,,,0.0,-1.5,40.57,consumed_no_issue_record (made in store or untracked),entp_consumption_east_north_01-08Oct2026.csv (Indent Receive Qty); no production record in Restroworks [first pass 1-8 Oct; target window 24 Sep-8 Oct]
Delhi NCR,Kalkaji,Potato Masala Mix (1Pkt = 90Gm),Pkt,2026-10-01 to 2026-10-08,,16.0,167.75,,2.277,23.87,,,7.0,5.538,10.48,issued_from_CK,entp_consumption_east_north_01-08Oct2026.csv (Indent Receive Qty); no production record in Restroworks [first pass 1-8 Oct; target window 24 Sep-8 Oct]
Delhi NCR,Kalkaji,Rasam Bucket,Ltr,2026-10-01 to 2026-10-08,,,,,3.238,117.83,0.25,9.1,0.5,0.063,36.4,consumed_no_issue_record (made in store or untracked),entp_consumption_east_north_01-08Oct2026.csv (Indent Receive Qty); no production record in Restroworks [first pass 1-8 Oct; target window 24 Sep-8 Oct]
Delhi NCR,Kalkaji,Rasam Chhoke Pre-Mix (2 Mix -6gm + 42gm)= 48gm,Kg,2026-10-01 to 2026-10-08,,0.096,24.28,,,,,,0.14400000000000002,0.096,252.94,issued_from_CK,entp_consumption_east_north_01-08Oct2026.csv (Indent Receive Qty); no production record in Restroworks [first pass 1-8 Oct; target window 24 Sep-8 Oct]
Delhi NCR,Kalkaji,Rasam Mix (1Pkt =15 gm),Kg,2026-10-01 to 2026-10-08,,0.03,9.05,,,,,,0.045,0.03,301.75,issued_from_CK,entp_consumption_east_north_01-08Oct2026.csv (Indent Receive Qty); no production record in Restroworks [first pass 1-8 Oct; target window 24 Sep-8 Oct]
Delhi NCR,Kalkaji,Rava Powder Mix,Kg,2026-10-01 to 2026-10-08,,1.0,92.74,,1.25,115.92,,,1.5,0.75,92.74,issued_from_CK,entp_consumption_east_north_01-08Oct2026.csv (Indent Receive Qty); no production record in Restroworks [first pass 1-8 Oct; target window 24 Sep-8 Oct]
Delhi NCR,Kalkaji,Raw Mango Chutney Bucket,Kg,2026-10-01 to 2026-10-08,,,,,3.06,692.75,0.3,67.92,0.5,-0.75,226.39,consumed_no_issue_record (made in store or untracked),entp_consumption_east_north_01-08Oct2026.csv (Indent Receive Qty); no production record in Restroworks [first pass 1-8 Oct; target window 24 Sep-8 Oct]
Delhi NCR,Kalkaji,Raw Mango Pickle Bucket,Kg,2026-10-01 to 2026-10-08,,0.75,172.48,,0.36,82.79,0.1,23.0,0.4,0.56,229.98,issued_from_CK,entp_consumption_east_north_01-08Oct2026.csv (Indent Receive Qty); no production record in Restroworks [first pass 1-8 Oct; target window 24 Sep-8 Oct]
Delhi NCR,Kalkaji,Raw mango Powder Mix (1 Pkt = 13gm),Kg,2026-10-01 to 2026-10-08,,0.078,25.83,,,,,,0.052,0.065,331.16,issued_from_CK,entp_consumption_east_north_01-08Oct2026.csv (Indent Receive Qty); no production record in Restroworks [first pass 1-8 Oct; target window 24 Sep-8 Oct]
Delhi NCR,Kalkaji,Sambar Bucket - Delhi,Ltr,2026-10-01 to 2026-10-08,,255.0,8548.28,,348.3,11675.95,6.0,201.14,60.0,40.1,33.52,issued_from_CK,entp_consumption_east_north_01-08Oct2026.csv (Indent Receive Qty); no production record in Restroworks [first pass 1-8 Oct; target window 24 Sep-8 Oct]
Delhi NCR,Kalkaji,Special Daal Bucket,Kg,2026-10-01 to 2026-10-08,,1.0,147.48,,2.848,420.08,,,1.3,-0.998,147.48,issued_from_CK,entp_consumption_east_north_01-08Oct2026.csv (Indent Receive Qty); no production record in Restroworks [first pass 1-8 Oct; target window 24 Sep-8 Oct]
Delhi NCR,Kalkaji,Spicy Coconut Chutney Bucket,Kg,2026-10-01 to 2026-10-08,,,,,,,1.2,69.97,1.0,1.7,58.31,wastage_or_return_only,entp_consumption_east_north_01-08Oct2026.csv (Indent Receive Qty); no production record in Restroworks [first pass 1-8 Oct; target window 24 Sep-8 Oct]
Delhi NCR,Kalkaji,Spicy Coconut Chutney Mix 1Pkt (16gm),Kg,2026-10-01 to 2026-10-08,,,,,3.331,,,,0.0,-1.109,,consumed_no_issue_record (made in store or untracked),entp_consumption_east_north_01-08Oct2026.csv (Indent Receive Qty); no production record in Restroworks [first pass 1-8 Oct; target window 24 Sep-8 Oct]
Delhi NCR,Kalkaji,Srivilli Kheer (1 Pc),Pc,2026-10-01 to 2026-10-08,,20.0,636.44,,24.0,763.73,,,4.0,0.0,31.82,issued_from_CK,entp_consumption_east_north_01-08Oct2026.csv (Indent Receive Qty); no production record in Restroworks [first pass 1-8 Oct; target window 24 Sep-8 Oct]
Delhi NCR,Kalkaji,Steam Rice Bucket,Kg,2026-10-01 to 2026-10-08,,8.5,424.08,,8.65,431.57,1.06,52.89,1.4,1.05,49.89,issued_from_CK,entp_consumption_east_north_01-08Oct2026.csv (Indent Receive Qty); no production record in Restroworks [first pass 1-8 Oct; target window 24 Sep-8 Oct]
Delhi NCR,Kalkaji,Sugar Syrup Bucket,Ltr,2026-10-01 to 2026-10-08,,,,,0.85,,,,0.0,0.3,,consumed_no_issue_record (made in store or untracked),entp_consumption_east_north_01-08Oct2026.csv (Indent Receive Qty); no production record in Restroworks [first pass 1-8 Oct; target window 24 Sep-8 Oct]
Delhi NCR,Kalkaji,Thatte Idli Pc Raw,Pc,2026-10-01 to 2026-10-08,,92.0,457.48,,75.0,372.95,2.0,9.95,34.0,50.0,4.97,issued_from_CK,entp_consumption_east_north_01-08Oct2026.csv (Indent Receive Qty); no production record in Restroworks [first pass 1-8 Oct; target window 24 Sep-8 Oct]
Delhi NCR,Kalkaji,Thindi Malkapodi Powder Bucket,Kg,2026-10-01 to 2026-10-08,,1.0,199.71,,1.285,256.63,0.21,41.94,0.5,0.545,199.71,issued_from_CK,entp_consumption_east_north_01-08Oct2026.csv (Indent Receive Qty); no production record in Restroworks [first pass 1-8 Oct; target window 24 Sep-8 Oct]
Delhi NCR,Kalkaji,Tomato Onion Chutney Bucket,Kg,2026-10-01 to 2026-10-08,,,,,79.813,10709.34,1.6,214.69,6.0,-26.255,134.18,consumed_no_issue_record (made in store or untracked),entp_consumption_east_north_01-08Oct2026.csv (Indent Receive Qty); no production record in Restroworks [first pass 1-8 Oct; target window 24 Sep-8 Oct]
Delhi NCR,Kalkaji,Tomato Onion Powder Mix (1 Pkt = 24gm),Kg,2026-10-01 to 2026-10-08,,1.536,799.69,,0.204,106.21,,,1.56,1.77,520.63,issued_from_CK,entp_consumption_east_north_01-08Oct2026.csv (Indent Receive Qty); no production record in Restroworks [first pass 1-8 Oct; target window 24 Sep-8 Oct]
Delhi NCR,Kalkaji,Upma Mix (1pkt = 300gm),Kg,2026-10-01 to 2026-10-08,,,,,0.009,0.75,,,0.8999999999999999,0.8999999999999999,83.64,consumed_no_issue_record (made in store or untracked),entp_consumption_east_north_01-08Oct2026.csv (Indent Receive Qty); no production record in Restroworks [first pass 1-8 Oct; target window 24 Sep-8 Oct]
Delhi NCR,Model Town,Benne Dosa Batter (Pack Size -3 Kg ),Kg,2026-10-01 to 2026-10-08,,104.0,3225.06,,43.95,1362.9,3.5,108.54,6.8,2.9,31.01,issued_from_CK,entp_consumption_east_north_01-08Oct2026.csv (Indent Receive Qty); no production record in Restroworks [first pass 1-8 Oct; target window 24 Sep-8 Oct]
Delhi NCR,Model Town,Boiled & Mashed Potato (1Pkt = 3Kg),Kg,2026-10-01 to 2026-10-08,,141.0,4706.03,,89.2,2977.15,3.86,128.83,10.0,1.0670000000000002,33.38,issued_from_CK,entp_consumption_east_north_01-08Oct2026.csv (Indent Receive Qty); no production record in Restroworks [first pass 1-8 Oct; target window 24 Sep-8 Oct]
Delhi NCR,Model Town,Boondi,Kg,2026-10-01 to 2026-10-08,,2.0,119.25,,1.05,62.61,,,0.5,0.525,59.62,issued_from_CK,entp_consumption_east_north_01-08Oct2026.csv (Indent Receive Qty); no production record in Restroworks [first pass 1-8 Oct; target window 24 Sep-8 Oct]
Delhi NCR,Model Town,Chaat Masala Bucket,Kg,2026-10-01 to 2026-10-08,,0.9,278.23,,0.297,91.82,,,0.2,0.158,309.14,issued_from_CK,entp_consumption_east_north_01-08Oct2026.csv (Indent Receive Qty); no production record in Restroworks [first pass 1-8 Oct; target window 24 Sep-8 Oct]
Delhi NCR,Model Town,Coconut Shredded,Kg,2026-10-01 to 2026-10-08,,48.0,11853.7,,112.108,27685.19,0.418,103.23,2.0,-13.538,246.95,issued_from_CK,entp_consumption_east_north_01-08Oct2026.csv (Indent Receive Qty); no production record in Restroworks [first pass 1-8 Oct; target window 24 Sep-8 Oct]
Delhi NCR,Model Town,Dahi Bucket Mix (1pkt =105gm),gm,2026-10-01 to 2026-10-08,,3151.05,211.59,,1410.0,94.68,,,180.0,3095.0,0.07,issued_from_CK,entp_consumption_east_north_01-08Oct2026.csv (Indent Receive Qty); no production record in Restroworks [first pass 1-8 Oct; target window 24 Sep-8 Oct]
Delhi NCR,Model Town,Dosa Batter Mix,Kg,2026-10-01 to 2026-10-08,,320.0,9703.82,,143.04,4337.61,10.8,327.5,-3.0,15.135000000000002,30.32,issued_from_CK,entp_consumption_east_north_01-08Oct2026.csv (Indent Receive Qty); no production record in Restroworks [first pass 1-8 Oct; target window 24 Sep-8 Oct]
Delhi NCR,Model Town,Frozen Medu Vada (10pc),Pc,2026-10-01 to 2026-10-08,,,,,384.0,1922.25,,,0.0,-93.0,5.01,consumed_no_issue_record (made in store or untracked),entp_consumption_east_north_01-08Oct2026.csv (Indent Receive Qty); no production record in Restroworks [first pass 1-8 Oct; target window 24 Sep-8 Oct]
Delhi NCR,Model Town,Garam Masala Powder Bucket,Kg,2026-10-01 to 2026-10-08,,,,,0.013,19.09,,,0.4,0.416,1468.46,consumed_no_issue_record (made in store or untracked),entp_consumption_east_north_01-08Oct2026.csv (Indent Receive Qty); no production record in Restroworks [first pass 1-8 Oct; target window 24 Sep-8 Oct]
Delhi NCR,Model Town,Garlic Chutney Bucket,Kg,2026-10-01 to 2026-10-08,,11.0,2811.32,,6.64,1697.02,,,0.7,1.24,255.57,issued_from_CK,entp_consumption_east_north_01-08Oct2026.csv (Indent Receive Qty); no production record in Restroworks [first pass 1-8 Oct; target window 24 Sep-8 Oct]
Delhi NCR,Model Town,Idli Batter,Kg,2026-10-01 to 2026-10-08,,54.0,1602.95,,,,0.9,26.72,1.0,8.0,29.68,issued_from_CK,entp_consumption_east_north_01-08Oct2026.csv (Indent Receive Qty); no production record in Restroworks [first pass 1-8 Oct; target window 24 Sep-8 Oct]
Delhi NCR,Model Town,Idli Pc Raw (1 Pkt =40pc),Pc,2026-10-01 to 2026-10-08,,,,,604.0,1170.84,,,0.0,-127.0,1.94,consumed_no_issue_record (made in store or untracked),entp_consumption_east_north_01-08Oct2026.csv (Indent Receive Qty); no production record in Restroworks [first pass 1-8 Oct; target window 24 Sep-8 Oct]
Delhi NCR,Model Town,Imli Water,Ltr,2026-10-01 to 2026-10-08,,9.0,253.69,,6.016,169.58,,,0.10000000000000009,0.2889999999999999,28.19,issued_from_CK,entp_consumption_east_north_01-08Oct2026.csv (Indent Receive Qty); no production record in Restroworks [first pass 1-8 Oct; target window 24 Sep-8 Oct]
Delhi NCR,Model Town,Jain Sambar - Delhi,Ltr,2026-10-01 to 2026-10-08,,25.0,812.05,,20.8,675.63,1.0,32.48,2.0,1.8,32.48,issued_from_CK,entp_consumption_east_north_01-08Oct2026.csv (Indent Receive Qty); no production record in Restroworks [first pass 1-8 Oct; target window 24 Sep-8 Oct]
Delhi NCR,Model Town,Karam Podi Powder Bucket,Kg,2026-10-01 to 2026-10-08,,1.5,289.12,,0.68,131.07,,,0.7,0.34,192.74,issued_from_CK,entp_consumption_east_north_01-08Oct2026.csv (Indent Receive Qty); no production record in Restroworks [first pass 1-8 Oct; target window 24 Sep-8 Oct]
Delhi NCR,Model Town,Kesari Halwa Mix  (1pkt = 550gm),Kg,2026-10-01 to 2026-10-08,,4.95,348.03,,1.863,130.99,,,0.46,-0.071,70.31,issued_from_CK,entp_consumption_east_north_01-08Oct2026.csv (Indent Receive Qty); no production record in Restroworks [first pass 1-8 Oct; target window 24 Sep-8 Oct]
Delhi NCR,Model Town,Korma Gravy Mix (1pkt=700gm),Kg,2026-10-01 to 2026-10-08,,18.9,2919.37,,8.38,1294.41,,,0.30000000000000004,1.1600000000000001,154.46,issued_from_CK,entp_consumption_east_north_01-08Oct2026.csv (Indent Receive Qty); no production record in Restroworks [first pass 1-8 Oct; target window 24 Sep-8 Oct]
Delhi NCR,Model Town,Lemon Rice Bucket,Kg,2026-10-01 to 2026-10-08,,6.0,456.33,,2.0,152.11,,,0.5,1.0,76.06,issued_from_CK,entp_consumption_east_north_01-08Oct2026.csv (Indent Receive Qty); no production record in Restroworks [first pass 1-8 Oct; target window 24 Sep-8 Oct]
Delhi NCR,Model Town,Malabar Paratha  (1pkt= 6Pcs),Pc,2026-10-01 to 2026-10-08,,48.0,386.36,,94.0,756.62,,,0.0,-10.0,8.05,issued_from_CK,entp_consumption_east_north_01-08Oct2026.csv (Indent Receive Qty); no production record in Restroworks [first pass 1-8 Oct; target window 24 Sep-8 Oct]
Delhi NCR,Model Town,Malabar Paratha Dough,Pc,2026-10-01 to 2026-10-08,,112.0,863.25,,,,2.0,15.42,6.0,24.0,7.71,issued_from_CK,entp_consumption_east_north_01-08Oct2026.csv (Indent Receive Qty); no production record in Restroworks [first pass 1-8 Oct; target window 24 Sep-8 Oct]
Delhi NCR,Model Town,Malkapodi Bucket,Kg,2026-10-01 to 2026-10-08,,4.0,686.3,,2.71,464.97,,,0.4,0.71,171.57,issued_from_CK,entp_consumption_east_north_01-08Oct2026.csv (Indent Receive Qty); no production record in Restroworks [first pass 1-8 Oct; target window 24 Sep-8 Oct]
Delhi NCR,Model Town,Mysore Chutney Bucket,Kg,2026-10-01 to 2026-10-08,,8.5,1556.66,,5.16,944.99,,,0.5,0.29000000000000004,183.14,issued_from_CK,entp_consumption_east_north_01-08Oct2026.csv (Indent Receive Qty); no production record in Restroworks [first pass 1-8 Oct; target window 24 Sep-8 Oct]
Delhi NCR,Model Town,Potato Masala Bucket,Kg,2026-10-01 to 2026-10-08,,,,,3.6,149.41,,,0.0,-1.0,41.5,consumed_no_issue_record (made in store or untracked),entp_consumption_east_north_01-08Oct2026.csv (Indent Receive Qty); no production record in Restroworks [first pass 1-8 Oct; target window 24 Sep-8 Oct]
Delhi NCR,Model Town,Potato Masala Mix (1Pkt = 90Gm),Pkt,2026-10-01 to 2026-10-08,,48.0,502.16,,29.696,310.67,,,4.0,7.529,10.46,issued_from_CK,entp_consumption_east_north_01-08Oct2026.csv (Indent Receive Qty); no production record in Restroworks [first pass 1-8 Oct; target window 24 Sep-8 Oct]
Delhi NCR,Model Town,Rasam Bucket,Ltr,2026-10-01 to 2026-10-08,,,,,3.6,131.16,,,-2.0,-3.2,36.43,consumed_no_issue_record (made in store or untracked),entp_consumption_east_north_01-08Oct2026.csv (Indent Receive Qty); no production record in Restroworks [first pass 1-8 Oct; target window 24 Sep-8 Oct]
Delhi NCR,Model Town,Rasam Chhoke Pre-Mix (2 Mix -6gm + 42gm)= 48gm,Kg,2026-10-01 to 2026-10-08,,0.48,121.22,,,,,,0.0,0.144,252.54,issued_from_CK,entp_consumption_east_north_01-08Oct2026.csv (Indent Receive Qty); no production record in Restroworks [first pass 1-8 Oct; target window 24 Sep-8 Oct]
Delhi NCR,Model Town,Rasam Mix (1Pkt =15 gm),Kg,2026-10-01 to 2026-10-08,,0.165,49.98,,,,0.03,9.09,0.0,0.06,302.92,issued_from_CK,entp_consumption_east_north_01-08Oct2026.csv (Indent Receive Qty); no production record in Restroworks [first pass 1-8 Oct; target window 24 Sep-8 Oct]
Delhi NCR,Model Town,Rava Powder Mix,Kg,2026-10-01 to 2026-10-08,,8.0,745.88,,4.1,382.26,,,0.6,2.5,93.23,issued_from_CK,entp_consumption_east_north_01-08Oct2026.csv (Indent Receive Qty); no production record in Restroworks [first pass 1-8 Oct; target window 24 Sep-8 Oct]
Delhi NCR,Model Town,Raw Mango Pickle Bucket,Kg,2026-10-01 to 2026-10-08,,0.75,174.9,,0.18,41.98,,,0.1,0.21,233.19,issued_from_CK,entp_consumption_east_north_01-08Oct2026.csv (Indent Receive Qty); no production record in Restroworks [first pass 1-8 Oct; target window 24 Sep-8 Oct]
Delhi NCR,Model Town,Raw mango Powder Mix (1 Pkt = 13gm),Kg,2026-10-01 to 2026-10-08,,0.143,47.06,,,,,,0.013,0.052,329.11,issued_from_CK,entp_consumption_east_north_01-08Oct2026.csv (Indent Receive Qty); no production record in Restroworks [first pass 1-8 Oct; target window 24 Sep-8 Oct]
Delhi NCR,Model Town,Sambar Bucket,Ltr,2026-10-01 to 2026-10-08,,,,,2.0,60.95,,,-35.0,-36.0,30.48,consumed_no_issue_record (made in store or untracked),entp_consumption_east_north_01-08Oct2026.csv (Indent Receive Qty); no production record in Restroworks [first pass 1-8 Oct; target window 24 Sep-8 Oct]
Delhi NCR,Model Town,Sambar Bucket - Delhi,Ltr,2026-10-01 to 2026-10-08,,575.0,19385.5,,540.3,18215.63,,,13.0,-2.0,33.71,issued_from_CK,entp_consumption_east_north_01-08Oct2026.csv (Indent Receive Qty); no production record in Restroworks [first pass 1-8 Oct; target window 24 Sep-8 Oct]
Delhi NCR,Model Town,Special Daal Bucket,Kg,2026-10-01 to 2026-10-08,,3.0,441.69,,3.143,462.75,,,0.2,0.328,147.23,issued_from_CK,entp_consumption_east_north_01-08Oct2026.csv (Indent Receive Qty); no production record in Restroworks [first pass 1-8 Oct; target window 24 Sep-8 Oct]
Delhi NCR,Model Town,Special White Coconut Chutney Bucket,Kg,2026-10-01 to 2026-10-08,,,,,1.0,84.24,,,0.0,-0.5,84.24,consumed_no_issue_record (made in store or untracked),entp_consumption_east_north_01-08Oct2026.csv (Indent Receive Qty); no production record in Restroworks [first pass 1-8 Oct; target window 24 Sep-8 Oct]
Delhi NCR,Model Town,Srivilli Kheer (1 Pc),Pc,2026-10-01 to 2026-10-08,,35.0,1114.01,,24.0,763.89,3.0,95.49,6.0,-3.0,31.83,issued_from_CK,entp_consumption_east_north_01-08Oct2026.csv (Indent Receive Qty); no production record in Restroworks [first pass 1-8 Oct; target window 24 Sep-8 Oct]
Delhi NCR,Model Town,Steam Rice Bucket,Kg,2026-10-01 to 2026-10-08,,9.0,428.99,,4.8,228.79,0.5,23.83,0.8999999999999999,-0.09999999999999998,47.67,issued_from_CK,entp_consumption_east_north_01-08Oct2026.csv (Indent Receive Qty); no production record in Restroworks [first pass 1-8 Oct; target window 24 Sep-8 Oct]
Delhi NCR,Model Town,Thatte Idli Batter,Kg,2026-10-01 to 2026-10-08,,35.0,889.66,,,,6.0,152.51,2.3,7.5,25.42,issued_from_CK,entp_consumption_east_north_01-08Oct2026.csv (Indent Receive Qty); no production record in Restroworks [first pass 1-8 Oct; target window 24 Sep-8 Oct]
Delhi NCR,Model Town,Thatte Idli Pc Raw,Pc,2026-10-01 to 2026-10-08,,,,,143.0,763.56,,,-18.0,-54.0,5.34,consumed_no_issue_record (made in store or untracked),entp_consumption_east_north_01-08Oct2026.csv (Indent Receive Qty); no production record in Restroworks [first pass 1-8 Oct; target window 24 Sep-8 Oct]
Delhi NCR,Model Town,Thindi Malkapodi Powder Bucket,Kg,2026-10-01 to 2026-10-08,,2.5,500.82,,2.765,553.91,,,0.9,0.04,200.33,issued_from_CK,entp_consumption_east_north_01-08Oct2026.csv (Indent Receive Qty); no production record in Restroworks [first pass 1-8 Oct; target window 24 Sep-8 Oct]
Delhi NCR,Model Town,Tomato Onion Powder Mix (1 Pkt = 24gm),Kg,2026-10-01 to 2026-10-08,,4.608,2401.05,,0.204,106.3,,,0.3,1.254,521.06,issued_from_CK,entp_consumption_east_north_01-08Oct2026.csv (Indent Receive Qty); no production record in Restroworks [first pass 1-8 Oct; target window 24 Sep-8 Oct]
Delhi NCR,Model Town,Upma Mix (1pkt = 300gm),Kg,2026-10-01 to 2026-10-08,,2.7,225.85,,0.9,75.28,,,0.0,0.78,83.65,issued_from_CK,entp_consumption_east_north_01-08Oct2026.csv (Indent Receive Qty); no production record in Restroworks [first pass 1-8 Oct; target window 24 Sep-8 Oct]
Delhi NCR,"Pacific Mall, Jasola",Benne Dosa Batter (Pack Size -3 Kg ),Kg,2026-10-01 to 2026-10-08,,89.0,2717.18,,51.3,1566.19,,,1.0,6.975,30.53,issued_from_CK,entp_consumption_east_north_01-08Oct2026.csv (Indent Receive Qty); no production record in Restroworks [first pass 1-8 Oct; target window 24 Sep-8 Oct]
Delhi NCR,"Pacific Mall, Jasola",Boiled & Mashed Potato (1Pkt = 3Kg),Kg,2026-10-01 to 2026-10-08,,105.0,3505.58,,81.567,2723.22,,,3.0,3.1,33.39,issued_from_CK,entp_consumption_east_north_01-08Oct2026.csv (Indent Receive Qty); no production record in Restroworks [first pass 1-8 Oct; target window 24 Sep-8 Oct]
Delhi NCR,"Pacific Mall, Jasola",Boondi,Kg,2026-10-01 to 2026-10-08,,0.75,44.5,,0.78,46.28,,,0.25,0.17,59.33,issued_from_CK,entp_consumption_east_north_01-08Oct2026.csv (Indent Receive Qty); no production record in Restroworks [first pass 1-8 Oct; target window 24 Sep-8 Oct]
Delhi NCR,"Pacific Mall, Jasola",Chaat Masala Bucket,Kg,2026-10-01 to 2026-10-08,,0.6,186.18,,0.301,93.4,,,0.1,0.244,310.31,issued_from_CK,entp_consumption_east_north_01-08Oct2026.csv (Indent Receive Qty); no production record in Restroworks [first pass 1-8 Oct; target window 24 Sep-8 Oct]
Delhi NCR,"Pacific Mall, Jasola",Coconut Shredded,Kg,2026-10-01 to 2026-10-08,,33.0,8170.96,,108.874,26957.73,2.8,693.29,4.0,-18.436,247.6,issued_from_CK,entp_consumption_east_north_01-08Oct2026.csv (Indent Receive Qty); no production record in Restroworks [first pass 1-8 Oct; target window 24 Sep-8 Oct]
Delhi NCR,"Pacific Mall, Jasola",Dahi Bucket Mix (1pkt =105gm),gm,2026-10-01 to 2026-10-08,,1155.525,78.19,,1185.0,80.19,,,1050.0,525.0,0.07,issued_from_CK,entp_consumption_east_north_01-08Oct2026.csv (Indent Receive Qty); no production record in Restroworks [first pass 1-8 Oct; target window 24 Sep-8 Oct]
Delhi NCR,"Pacific Mall, Jasola",Dosa Batter Mix,Kg,2026-10-01 to 2026-10-08,,300.0,9090.41,,185.435,5618.93,9.5,287.86,20.0,22.67,30.3,issued_from_CK,entp_consumption_east_north_01-08Oct2026.csv (Indent Receive Qty); no production record in Restroworks [first pass 1-8 Oct; target window 24 Sep-8 Oct]
Delhi NCR,"Pacific Mall, Jasola",Frozen Medu Vada (10pc),Pc,2026-10-01 to 2026-10-08,,,,,371.0,1840.6,,,0.0,-84.0,4.96,consumed_no_issue_record (made in store or untracked),entp_consumption_east_north_01-08Oct2026.csv (Indent Receive Qty); no production record in Restroworks [first pass 1-8 Oct; target window 24 Sep-8 Oct]
Delhi NCR,"Pacific Mall, Jasola",Garam Masala Powder Bucket,Kg,2026-10-01 to 2026-10-08,,0.2,286.26,,0.017,24.33,,,0.01,0.143,1431.3,issued_from_CK,entp_consumption_east_north_01-08Oct2026.csv (Indent Receive Qty); no production record in Restroworks [first pass 1-8 Oct; target window 24 Sep-8 Oct]
Delhi NCR,"Pacific Mall, Jasola",Garlic Chutney Bucket,Kg,2026-10-01 to 2026-10-08,,8.0,2037.39,,6.0,1528.04,0.66,168.08,0.2,0.41,254.67,issued_from_CK,entp_consumption_east_north_01-08Oct2026.csv (Indent Receive Qty); no production record in Restroworks [first pass 1-8 Oct; target window 24 Sep-8 Oct]
Delhi NCR,"Pacific Mall, Jasola",Idli Batter,Kg,2026-10-01 to 2026-10-08,,49.0,1451.6,,,,0.48,14.22,5.0,13.0,29.62,issued_from_CK,entp_consumption_east_north_01-08Oct2026.csv (Indent Receive Qty); no production record in Restroworks [first pass 1-8 Oct; target window 24 Sep-8 Oct]
Delhi NCR,"Pacific Mall, Jasola",Idli Pc Raw (1 Pkt =40pc),Pc,2026-10-01 to 2026-10-08,,,,,585.0,1150.23,,,0.0,-147.0,1.97,consumed_no_issue_record (made in store or untracked),entp_consumption_east_north_01-08Oct2026.csv (Indent Receive Qty); no production record in Restroworks [first pass 1-8 Oct; target window 24 Sep-8 Oct]
Delhi NCR,"Pacific Mall, Jasola",Imli Water,Ltr,2026-10-01 to 2026-10-08,,8.0,229.35,,7.208,206.64,0.1,2.87,0.5,0.639,28.67,issued_from_CK,entp_consumption_east_north_01-08Oct2026.csv (Indent Receive Qty); no production record in Restroworks [first pass 1-8 Oct; target window 24 Sep-8 Oct]
Delhi NCR,"Pacific Mall, Jasola",Jain Potato Masala Bucket,Kg,2026-10-01 to 2026-10-08,,4.3,236.71,,,,0.8,44.04,0.5,1.4,55.05,issued_from_CK,entp_consumption_east_north_01-08Oct2026.csv (Indent Receive Qty); no production record in Restroworks [first pass 1-8 Oct; target window 24 Sep-8 Oct]
Delhi NCR,"Pacific Mall, Jasola",Jain Sambar - Delhi,Ltr,2026-10-01 to 2026-10-08,,17.0,549.65,,9.8,316.86,1.35,43.65,1.0,2.4,32.33,issued_from_CK,entp_consumption_east_north_01-08Oct2026.csv (Indent Receive Qty); no production record in Restroworks [first pass 1-8 Oct; target window 24 Sep-8 Oct]
Delhi NCR,"Pacific Mall, Jasola",Karam Podi Powder Bucket,Kg,2026-10-01 to 2026-10-08,,1.0,191.64,,0.68,130.31,,,1.0,0.84,191.64,issued_from_CK,entp_consumption_east_north_01-08Oct2026.csv (Indent Receive Qty); no production record in Restroworks [first pass 1-8 Oct; target window 24 Sep-8 Oct]
Delhi NCR,"Pacific Mall, Jasola",Kesari Halwa Mix  (1pkt = 550gm),Kg,2026-10-01 to 2026-10-08,,5.46,391.51,,4.485,321.6,,,1.65,1.115,71.71,issued_from_CK,entp_consumption_east_north_01-08Oct2026.csv (Indent Receive Qty); no production record in Restroworks [first pass 1-8 Oct; target window 24 Sep-8 Oct]
Delhi NCR,"Pacific Mall, Jasola",Korma Gravy Mix (1pkt=700gm),Kg,2026-10-01 to 2026-10-08,,16.8,2598.14,,10.0,1546.51,0.28,43.3,0.7,0.98,154.65,issued_from_CK,entp_consumption_east_north_01-08Oct2026.csv (Indent Receive Qty); no production record in Restroworks [first pass 1-8 Oct; target window 24 Sep-8 Oct]
Delhi NCR,"Pacific Mall, Jasola",Lemon Rice Bucket,Kg,2026-10-01 to 2026-10-08,,4.5,344.28,,2.2,168.32,,,0.0,1.0,76.51,issued_from_CK,entp_consumption_east_north_01-08Oct2026.csv (Indent Receive Qty); no production record in Restroworks [first pass 1-8 Oct; target window 24 Sep-8 Oct]
Delhi NCR,"Pacific Mall, Jasola",Malabar Paratha  (1pkt= 6Pcs),Pc,2026-10-01 to 2026-10-08,,,,,114.0,883.48,,,0.0,-28.0,7.75,consumed_no_issue_record (made in store or untracked),entp_consumption_east_north_01-08Oct2026.csv (Indent Receive Qty); no production record in Restroworks [first pass 1-8 Oct; target window 24 Sep-8 Oct]
Delhi NCR,"Pacific Mall, Jasola",Malabar Paratha Dough,Pc,2026-10-01 to 2026-10-08,,130.0,1001.22,,,,2.0,15.4,6.0,36.0,7.7,issued_from_CK,entp_consumption_east_north_01-08Oct2026.csv (Indent Receive Qty); no production record in Restroworks [first pass 1-8 Oct; target window 24 Sep-8 Oct]
Delhi NCR,"Pacific Mall, Jasola",Malkapodi Bucket,Kg,2026-10-01 to 2026-10-08,,2.0,342.68,,2.69,460.91,,,1.0,0.32,171.34,issued_from_CK,entp_consumption_east_north_01-08Oct2026.csv (Indent Receive Qty); no production record in Restroworks [first pass 1-8 Oct; target window 24 Sep-8 Oct]
Delhi NCR,"Pacific Mall, Jasola",Medu Vada Batter Mix,Kg,2026-10-01 to 2026-10-08,,28.0,2056.98,,,,0.48,35.26,2.0,7.0,73.46,issued_from_CK,entp_consumption_east_north_01-08Oct2026.csv (Indent Receive Qty); no production record in Restroworks [first pass 1-8 Oct; target window 24 Sep-8 Oct]
Delhi NCR,"Pacific Mall, Jasola",Medu Vada Batter Powder Mix (1 Pkt = 23gm),Kg,2026-10-01 to 2026-10-08,,0.624,142.75,,,,,,0.023,0.165,228.77,issued_from_CK,entp_consumption_east_north_01-08Oct2026.csv (Indent Receive Qty); no production record in Restroworks [first pass 1-8 Oct; target window 24 Sep-8 Oct]
Delhi NCR,"Pacific Mall, Jasola",Mysore Chutney Bucket,Kg,2026-10-01 to 2026-10-08,,15.0,2760.88,,12.17,2240.0,0.88,161.97,0.2,1.43,184.06,issued_from_CK,entp_consumption_east_north_01-08Oct2026.csv (Indent Receive Qty); no production record in Restroworks [first pass 1-8 Oct; target window 24 Sep-8 Oct]
Delhi NCR,"Pacific Mall, Jasola",Potato Masala Bucket,Kg,2026-10-01 to 2026-10-08,,,,,1.3,,0.1,,0.0,-0.8,,consumed_no_issue_record (made in store or untracked),entp_consumption_east_north_01-08Oct2026.csv (Indent Receive Qty); no production record in Restroworks [first pass 1-8 Oct; target window 24 Sep-8 Oct]
Delhi NCR,"Pacific Mall, Jasola",Potato Masala Mix (1Pkt = 90Gm),Pkt,2026-10-01 to 2026-10-08,,33.0,345.89,,27.153,284.6,,,8.0,1.71,10.48,issued_from_CK,entp_consumption_east_north_01-08Oct2026.csv (Indent Receive Qty); no production record in Restroworks [first pass 1-8 Oct; target window 24 Sep-8 Oct]
Delhi NCR,"Pacific Mall, Jasola",Rasam Bucket,Ltr,2026-10-01 to 2026-10-08,,,,,9.3,339.26,2.08,75.88,0.0,-2.8,36.48,consumed_no_issue_record (made in store or untracked),entp_consumption_east_north_01-08Oct2026.csv (Indent Receive Qty); no production record in Restroworks [first pass 1-8 Oct; target window 24 Sep-8 Oct]
Delhi NCR,"Pacific Mall, Jasola",Rasam Chhoke Pre-Mix (2 Mix -6gm + 42gm)= 48gm,Kg,2026-10-01 to 2026-10-08,,0.624,157.84,,,,,,0.096,0.24,252.94,issued_from_CK,entp_consumption_east_north_01-08Oct2026.csv (Indent Receive Qty); no production record in Restroworks [first pass 1-8 Oct; target window 24 Sep-8 Oct]
Delhi NCR,"Pacific Mall, Jasola",Rasam Mix (1Pkt =15 gm),Kg,2026-10-01 to 2026-10-08,,0.195,59.07,,,,,,0.03,0.09,302.94,issued_from_CK,entp_consumption_east_north_01-08Oct2026.csv (Indent Receive Qty); no production record in Restroworks [first pass 1-8 Oct; target window 24 Sep-8 Oct]
Delhi NCR,"Pacific Mall, Jasola",Rava Powder Mix,Kg,2026-10-01 to 2026-10-08,,7.0,657.54,,4.9,460.28,,,2.0,1.45,93.93,issued_from_CK,entp_consumption_east_north_01-08Oct2026.csv (Indent Receive Qty); no production record in Restroworks [first pass 1-8 Oct; target window 24 Sep-8 Oct]
Delhi NCR,"Pacific Mall, Jasola",Raw Mango Chutney Bucket,Kg,2026-10-01 to 2026-10-08,,,,,3.74,847.14,1.2,271.81,0.0,-1.39,226.51,consumed_no_issue_record (made in store or untracked),entp_consumption_east_north_01-08Oct2026.csv (Indent Receive Qty); no production record in Restroworks [first pass 1-8 Oct; target window 24 Sep-8 Oct]
Delhi NCR,"Pacific Mall, Jasola",Raw Mango Pickle Bucket,Kg,2026-10-01 to 2026-10-08,,0.5,115.59,,0.175,40.46,,,0.25,0.29,231.19,issued_from_CK,entp_consumption_east_north_01-08Oct2026.csv (Indent Receive Qty); no production record in Restroworks [first pass 1-8 Oct; target window 24 Sep-8 Oct]
Delhi NCR,"Pacific Mall, Jasola",Raw mango Powder Mix (1 Pkt = 13gm),Kg,2026-10-01 to 2026-10-08,,0.078,25.75,,,,,,0.039,0.039,330.18,issued_from_CK,entp_consumption_east_north_01-08Oct2026.csv (Indent Receive Qty); no production record in Restroworks [first pass 1-8 Oct; target window 24 Sep-8 Oct]
Delhi NCR,"Pacific Mall, Jasola",Sambar Bucket - Delhi,Ltr,2026-10-01 to 2026-10-08,,480.0,16103.06,,502.05,16842.79,8.0,268.38,30.0,-13.7,33.55,issued_from_CK,entp_consumption_east_north_01-08Oct2026.csv (Indent Receive Qty); no production record in Restroworks [first pass 1-8 Oct; target window 24 Sep-8 Oct]
Delhi NCR,"Pacific Mall, Jasola",Special Daal Bucket,Kg,2026-10-01 to 2026-10-08,,2.0,294.72,,3.687,543.32,,,0.4,-0.946,147.36,issued_from_CK,entp_consumption_east_north_01-08Oct2026.csv (Indent Receive Qty); no production record in Restroworks [first pass 1-8 Oct; target window 24 Sep-8 Oct]
Delhi NCR,"Pacific Mall, Jasola",Spicy Coconut Chutney Mix 1Pkt (16gm),Kg,2026-10-01 to 2026-10-08,,,,,5.208,881.35,,,0.0,-1.267,169.23,consumed_no_issue_record (made in store or untracked),entp_consumption_east_north_01-08Oct2026.csv (Indent Receive Qty); no production record in Restroworks [first pass 1-8 Oct; target window 24 Sep-8 Oct]
Delhi NCR,"Pacific Mall, Jasola",Srivilli Kheer (1 Pc),Pc,2026-10-01 to 2026-10-08,,31.0,987.87,,35.0,1115.33,1.0,31.87,0.0,-5.0,31.87,issued_from_CK,entp_consumption_east_north_01-08Oct2026.csv (Indent Receive Qty); no production record in Restroworks [first pass 1-8 Oct; target window 24 Sep-8 Oct]
Delhi NCR,"Pacific Mall, Jasola",Steam Rice Bucket,Kg,2026-10-01 to 2026-10-08,,12.0,600.08,,5.65,282.54,0.25,12.5,0.5,0.1,50.01,issued_from_CK,entp_consumption_east_north_01-08Oct2026.csv (Indent Receive Qty); no production record in Restroworks [first pass 1-8 Oct; target window 24 Sep-8 Oct]
Delhi NCR,"Pacific Mall, Jasola",Sugar Syrup Bucket,Ltr,2026-10-01 to 2026-10-08,,,,,4.8,,,,0.0,-1.8,,consumed_no_issue_record (made in store or untracked),entp_consumption_east_north_01-08Oct2026.csv (Indent Receive Qty); no production record in Restroworks [first pass 1-8 Oct; target window 24 Sep-8 Oct]
Delhi NCR,"Pacific Mall, Jasola",Thatte Idli Batter,Kg,2026-10-01 to 2026-10-08,,25.0,674.42,,,,0.48,12.95,5.0,10.0,26.98,issued_from_CK,entp_consumption_east_north_01-08Oct2026.csv (Indent Receive Qty); no production record in Restroworks [first pass 1-8 Oct; target window 24 Sep-8 Oct]
Delhi NCR,"Pacific Mall, Jasola",Thatte Idli Pc Raw,Pc,2026-10-01 to 2026-10-08,,,,,142.0,761.35,15.0,80.42,0.0,-43.0,5.36,consumed_no_issue_record (made in store or untracked),entp_consumption_east_north_01-08Oct2026.csv (Indent Receive Qty); no production record in Restroworks [first pass 1-8 Oct; target window 24 Sep-8 Oct]
Delhi NCR,"Pacific Mall, Jasola",Thindi Malkapodi Powder Bucket,Kg,2026-10-01 to 2026-10-08,,2.5,499.58,,2.6,519.57,,,1.0,0.905,199.83,issued_from_CK,entp_consumption_east_north_01-08Oct2026.csv (Indent Receive Qty); no production record in Restroworks [first pass 1-8 Oct; target window 24 Sep-8 Oct]
Delhi NCR,"Pacific Mall, Jasola",Tomato Onion Chutney Bucket,Kg,2026-10-01 to 2026-10-08,,,,,114.21,15324.84,0.38,50.99,0.0,-28.79,134.18,consumed_no_issue_record (made in store or untracked),entp_consumption_east_north_01-08Oct2026.csv (Indent Receive Qty); no production record in Restroworks [first pass 1-8 Oct; target window 24 Sep-8 Oct]
Delhi NCR,"Pacific Mall, Jasola",Tomato Onion Powder Mix (1 Pkt = 24gm),Kg,2026-10-01 to 2026-10-08,,2.976,1547.88,,0.174,90.5,,,0.48,0.654,520.12,issued_from_CK,entp_consumption_east_north_01-08Oct2026.csv (Indent Receive Qty); no production record in Restroworks [first pass 1-8 Oct; target window 24 Sep-8 Oct]
Delhi NCR,"Pacific Mall, Jasola",Upma Mix (1pkt = 300gm),Kg,2026-10-01 to 2026-10-08,,2.4,201.22,,1.32,110.67,,,0.6,1.02,83.84,issued_from_CK,entp_consumption_east_north_01-08Oct2026.csv (Indent Receive Qty); no production record in Restroworks [first pass 1-8 Oct; target window 24 Sep-8 Oct]
Delhi NCR,Paschim Vihar,Benne Dosa Batter (Pack Size -3 Kg ),Kg,2026-10-01 to 2026-10-08,,37.0,1150.66,,29.25,909.64,3.94,122.53,8.0,5.03,31.1,issued_from_CK,entp_consumption_east_north_01-08Oct2026.csv (Indent Receive Qty); no production record in Restroworks [first pass 1-8 Oct; target window 24 Sep-8 Oct]
Delhi NCR,Paschim Vihar,Boiled & Mashed Potato (1Pkt = 3Kg),Kg,2026-10-01 to 2026-10-08,,42.0,1402.87,,48.7,1626.66,,,6.0,2.3,33.4,issued_from_CK,entp_consumption_east_north_01-08Oct2026.csv (Indent Receive Qty); no production record in Restroworks [first pass 1-8 Oct; target window 24 Sep-8 Oct]
Delhi NCR,Paschim Vihar,Boondi,Kg,2026-10-01 to 2026-10-08,,0.25,14.82,,0.39,23.11,,,0.35,0.215,59.26,issued_from_CK,entp_consumption_east_north_01-08Oct2026.csv (Indent Receive Qty); no production record in Restroworks [first pass 1-8 Oct; target window 24 Sep-8 Oct]
Delhi NCR,Paschim Vihar,Chaat Masala Bucket,Kg,2026-10-01 to 2026-10-08,,0.4,123.59,,0.146,45.11,,,0.2,0.163,308.98,issued_from_CK,entp_consumption_east_north_01-08Oct2026.csv (Indent Receive Qty); no production record in Restroworks [first pass 1-8 Oct; target window 24 Sep-8 Oct]
Delhi NCR,Paschim Vihar,Coconut Shredded,Kg,2026-10-01 to 2026-10-08,,18.0,4446.3,,67.658,16712.6,1.0,247.02,2.5,-11.392,247.02,issued_from_CK,entp_consumption_east_north_01-08Oct2026.csv (Indent Receive Qty); no production record in Restroworks [first pass 1-8 Oct; target window 24 Sep-8 Oct]
Delhi NCR,Paschim Vihar,Dahi Bucket Mix (1pkt =105gm),gm,2026-10-01 to 2026-10-08,,420.735,27.91,,555.0,36.82,,,420.0,290.21,0.07,issued_from_CK,entp_consumption_east_north_01-08Oct2026.csv (Indent Receive Qty); no production record in Restroworks [first pass 1-8 Oct; target window 24 Sep-8 Oct]
Delhi NCR,Paschim Vihar,Dosa Batter Mix,Kg,2026-10-01 to 2026-10-08,,110.0,3334.03,,84.72,2567.81,10.9,330.37,20.0,18.595,30.31,issued_from_CK,entp_consumption_east_north_01-08Oct2026.csv (Indent Receive Qty); no production record in Restroworks [first pass 1-8 Oct; target window 24 Sep-8 Oct]
Delhi NCR,Paschim Vihar,Frozen Medu Vada (10pc),Pc,2026-10-01 to 2026-10-08,,,,,231.0,1128.46,,,0.0,-73.0,4.89,consumed_no_issue_record (made in store or untracked),entp_consumption_east_north_01-08Oct2026.csv (Indent Receive Qty); no production record in Restroworks [first pass 1-8 Oct; target window 24 Sep-8 Oct]
Delhi NCR,Paschim Vihar,Garam Masala Powder Bucket,Kg,2026-10-01 to 2026-10-08,,,,,0.006,8.72,,,0.15,0.097,1454.03,consumed_no_issue_record (made in store or untracked),entp_consumption_east_north_01-08Oct2026.csv (Indent Receive Qty); no production record in Restroworks [first pass 1-8 Oct; target window 24 Sep-8 Oct]
Delhi NCR,Paschim Vihar,Garlic Chutney Bucket,Kg,2026-10-01 to 2026-10-08,,3.5,892.75,,3.68,938.66,0.35,89.27,0.75,0.01,255.07,issued_from_CK,entp_consumption_east_north_01-08Oct2026.csv (Indent Receive Qty); no production record in Restroworks [first pass 1-8 Oct; target window 24 Sep-8 Oct]
Delhi NCR,Paschim Vihar,Idli Pc Raw (1 Pkt =40pc),Pc,2026-10-01 to 2026-10-08,,380.0,732.93,,364.0,702.07,23.0,44.36,40.0,32.0,1.93,issued_from_CK,entp_consumption_east_north_01-08Oct2026.csv (Indent Receive Qty); no production record in Restroworks [first pass 1-8 Oct; target window 24 Sep-8 Oct]
Delhi NCR,Paschim Vihar,Imli Water,Ltr,2026-10-01 to 2026-10-08,,3.0,85.48,,3.857,109.9,0.1,2.85,11.0,0.376,28.49,issued_from_CK,entp_consumption_east_north_01-08Oct2026.csv (Indent Receive Qty); no production record in Restroworks [first pass 1-8 Oct; target window 24 Sep-8 Oct]
Delhi NCR,Paschim Vihar,Jain Potato Masala Bucket,Kg,2026-10-01 to 2026-10-08,,4.0,220.02,,,,1.8,99.01,0.0,1.1,55.0,issued_from_CK,entp_consumption_east_north_01-08Oct2026.csv (Indent Receive Qty); no production record in Restroworks [first pass 1-8 Oct; target window 24 Sep-8 Oct]
Delhi NCR,Paschim Vihar,Jain Sambar - Delhi,Ltr,2026-10-01 to 2026-10-08,,8.0,260.18,,9.0,292.7,2.73,88.79,1.0,-3.0,32.52,issued_from_CK,entp_consumption_east_north_01-08Oct2026.csv (Indent Receive Qty); no production record in Restroworks [first pass 1-8 Oct; target window 24 Sep-8 Oct]
Delhi NCR,Paschim Vihar,Jain Sambar Bucket,Ltr,2026-10-01 to 2026-10-08,,,,,,,1.7,48.84,0.0,0.0,28.73,wastage_or_return_only,entp_consumption_east_north_01-08Oct2026.csv (Indent Receive Qty); no production record in Restroworks [first pass 1-8 Oct; target window 24 Sep-8 Oct]
Delhi NCR,Paschim Vihar,Karam Podi Powder Bucket,Kg,2026-10-01 to 2026-10-08,,0.5,96.25,,0.84,161.71,,,1.4,1.04,192.51,issued_from_CK,entp_consumption_east_north_01-08Oct2026.csv (Indent Receive Qty); no production record in Restroworks [first pass 1-8 Oct; target window 24 Sep-8 Oct]
Delhi NCR,Paschim Vihar,Kesari Halwa Mix  (1pkt = 550gm),Kg,2026-10-01 to 2026-10-08,,1.65,116.77,,1.311,92.78,,,0.55,0.824,70.77,issued_from_CK,entp_consumption_east_north_01-08Oct2026.csv (Indent Receive Qty); no production record in Restroworks [first pass 1-8 Oct; target window 24 Sep-8 Oct]
Delhi NCR,Paschim Vihar,Korma Gravy Mix (1pkt=700gm),Kg,2026-10-01 to 2026-10-08,,6.3,973.18,,4.86,750.74,0.85,131.3,0.5,0.41,154.47,issued_from_CK,entp_consumption_east_north_01-08Oct2026.csv (Indent Receive Qty); no production record in Restroworks [first pass 1-8 Oct; target window 24 Sep-8 Oct]
Delhi NCR,Paschim Vihar,Lemon Rice Bucket,Kg,2026-10-01 to 2026-10-08,,2.0,152.36,,0.9,68.56,0.71,54.09,0.5,0.1,76.18,issued_from_CK,entp_consumption_east_north_01-08Oct2026.csv (Indent Receive Qty); no production record in Restroworks [first pass 1-8 Oct; target window 24 Sep-8 Oct]
Delhi NCR,Paschim Vihar,Malabar Paratha  (1pkt= 6Pcs),Pc,2026-10-01 to 2026-10-08,,,,,55.0,435.75,4.0,31.69,0.0,-20.0,7.92,consumed_no_issue_record (made in store or untracked),entp_consumption_east_north_01-08Oct2026.csv (Indent Receive Qty); no production record in Restroworks [first pass 1-8 Oct; target window 24 Sep-8 Oct]
Delhi NCR,Paschim Vihar,Malabar Paratha Dough,Pc,2026-10-01 to 2026-10-08,,54.0,403.97,,,,,,4.0,18.0,7.48,issued_from_CK,entp_consumption_east_north_01-08Oct2026.csv (Indent Receive Qty); no production record in Restroworks [first pass 1-8 Oct; target window 24 Sep-8 Oct]
Delhi NCR,Paschim Vihar,Malkapodi Bucket,Kg,2026-10-01 to 2026-10-08,,1.0,171.94,,1.79,307.77,,,0.9,0.41,171.94,issued_from_CK,entp_consumption_east_north_01-08Oct2026.csv (Indent Receive Qty); no production record in Restroworks [first pass 1-8 Oct; target window 24 Sep-8 Oct]
Delhi NCR,Paschim Vihar,Medu Vada Batter,Kg,2026-10-01 to 2026-10-08,,,,,,,0.4,25.45,0.0,1.5,63.62,wastage_or_return_only,entp_consumption_east_north_01-08Oct2026.csv (Indent Receive Qty); no production record in Restroworks [first pass 1-8 Oct; target window 24 Sep-8 Oct]
Delhi NCR,Paschim Vihar,Medu Vada Batter Mix,Kg,2026-10-01 to 2026-10-08,,,,,,,0.15,10.9,1.0,-0.15,72.64,wastage_or_return_only,entp_consumption_east_north_01-08Oct2026.csv (Indent Receive Qty); no production record in Restroworks [first pass 1-8 Oct; target window 24 Sep-8 Oct]
Delhi NCR,Paschim Vihar,Medu Vada Batter Powder Mix (1 Pkt = 23gm),Kg,2026-10-01 to 2026-10-08,,0.326,74.77,,,,,,0.046,0.138,229.36,issued_from_CK,entp_consumption_east_north_01-08Oct2026.csv (Indent Receive Qty); no production record in Restroworks [first pass 1-8 Oct; target window 24 Sep-8 Oct]
Delhi NCR,Paschim Vihar,Mysore Chutney Bucket,Kg,2026-10-01 to 2026-10-08,,3.0,550.06,,3.27,599.57,0.5,91.68,1.1,0.69,183.35,issued_from_CK,entp_consumption_east_north_01-08Oct2026.csv (Indent Receive Qty); no production record in Restroworks [first pass 1-8 Oct; target window 24 Sep-8 Oct]
Delhi NCR,Paschim Vihar,Potato Masala Bucket,Kg,2026-10-01 to 2026-10-08,,,,,3.3,,1.3,,0.0,-2.6,,consumed_no_issue_record (made in store or untracked),entp_consumption_east_north_01-08Oct2026.csv (Indent Receive Qty); no production record in Restroworks [first pass 1-8 Oct; target window 24 Sep-8 Oct]
Delhi NCR,Paschim Vihar,Potato Masala Mix (1Pkt = 90Gm),Pkt,2026-10-01 to 2026-10-08,,14.0,146.48,,16.201,169.51,,,3.0,2.274,10.46,issued_from_CK,entp_consumption_east_north_01-08Oct2026.csv (Indent Receive Qty); no production record in Restroworks [first pass 1-8 Oct; target window 24 Sep-8 Oct]
Delhi NCR,Paschim Vihar,Rasam Bucket,Ltr,2026-10-01 to 2026-10-08,,,,,0.83,30.4,1.77,64.83,1.0,0.3,36.63,consumed_no_issue_record (made in store or untracked),entp_consumption_east_north_01-08Oct2026.csv (Indent Receive Qty); no production record in Restroworks [first pass 1-8 Oct; target window 24 Sep-8 Oct]
Delhi NCR,Paschim Vihar,Rasam Chhoke Pre-Mix (2 Mix -6gm + 42gm)= 48gm,Kg,2026-10-01 to 2026-10-08,,0.048,12.12,,,,,,0.048,0.048,252.52,issued_from_CK,entp_consumption_east_north_01-08Oct2026.csv (Indent Receive Qty); no production record in Restroworks [first pass 1-8 Oct; target window 24 Sep-8 Oct]
Delhi NCR,Paschim Vihar,Rasam Mix (1Pkt =15 gm),Kg,2026-10-01 to 2026-10-08,,0.015,4.59,,,,,,0.015,0.015,306.14,issued_from_CK,entp_consumption_east_north_01-08Oct2026.csv (Indent Receive Qty); no production record in Restroworks [first pass 1-8 Oct; target window 24 Sep-8 Oct]
Delhi NCR,Paschim Vihar,Rava Powder Mix,Kg,2026-10-01 to 2026-10-08,,3.0,282.58,,2.65,249.61,,,2.0,1.5,94.19,issued_from_CK,entp_consumption_east_north_01-08Oct2026.csv (Indent Receive Qty); no production record in Restroworks [first pass 1-8 Oct; target window 24 Sep-8 Oct]
Delhi NCR,Paschim Vihar,Raw Mango Chutney Bucket,Kg,2026-10-01 to 2026-10-08,,,,,1.56,352.24,,,0.1,-0.19,225.79,consumed_no_issue_record (made in store or untracked),entp_consumption_east_north_01-08Oct2026.csv (Indent Receive Qty); no production record in Restroworks [first pass 1-8 Oct; target window 24 Sep-8 Oct]
Delhi NCR,Paschim Vihar,Raw Mango Pickle Bucket,Kg,2026-10-01 to 2026-10-08,,,,,0.135,31.5,,,0.45,0.4,233.3,consumed_no_issue_record (made in store or untracked),entp_consumption_east_north_01-08Oct2026.csv (Indent Receive Qty); no production record in Restroworks [first pass 1-8 Oct; target window 24 Sep-8 Oct]
Delhi NCR,Paschim Vihar,Raw mango Powder Mix (1 Pkt = 13gm),Kg,2026-10-01 to 2026-10-08,,0.013,4.25,,,,,,0.0,0.013,327.05,issued_from_CK,entp_consumption_east_north_01-08Oct2026.csv (Indent Receive Qty); no production record in Restroworks [first pass 1-8 Oct; target window 24 Sep-8 Oct]
Delhi NCR,Paschim Vihar,Sambar Bucket,Ltr,2026-10-01 to 2026-10-08,,,,,1.0,30.48,,,0.0,0.0,30.48,consumed_no_issue_record (made in store or untracked),entp_consumption_east_north_01-08Oct2026.csv (Indent Receive Qty); no production record in Restroworks [first pass 1-8 Oct; target window 24 Sep-8 Oct]
Delhi NCR,Paschim Vihar,Sambar Bucket - Delhi,Ltr,2026-10-01 to 2026-10-08,,210.0,7080.84,,431.65,14554.5,15.9,536.12,10.0,-27.9,33.72,issued_from_CK,entp_consumption_east_north_01-08Oct2026.csv (Indent Receive Qty); no production record in Restroworks [first pass 1-8 Oct; target window 24 Sep-8 Oct]
Delhi NCR,Paschim Vihar,Special Daal Bucket,Kg,2026-10-01 to 2026-10-08,,1.0,147.51,,2.062,304.17,,,1.0,1.346,147.51,issued_from_CK,entp_consumption_east_north_01-08Oct2026.csv (Indent Receive Qty); no production record in Restroworks [first pass 1-8 Oct; target window 24 Sep-8 Oct]
Delhi NCR,Paschim Vihar,Special White Coconut Chutney Bucket,Kg,2026-10-01 to 2026-10-08,,,,,0.5,,0.43,,0.0,1.0,,consumed_no_issue_record (made in store or untracked),entp_consumption_east_north_01-08Oct2026.csv (Indent Receive Qty); no production record in Restroworks [first pass 1-8 Oct; target window 24 Sep-8 Oct]
Delhi NCR,Paschim Vihar,Spicy Coconut Chutney Mix 1Pkt (16gm),Kg,2026-10-01 to 2026-10-08,,,,,2.842,,,,0.0,-0.769,,consumed_no_issue_record (made in store or untracked),entp_consumption_east_north_01-08Oct2026.csv (Indent Receive Qty); no production record in Restroworks [first pass 1-8 Oct; target window 24 Sep-8 Oct]
Delhi NCR,Paschim Vihar,Srivilli Kheer (1 Pc),Pc,2026-10-01 to 2026-10-08,,18.0,572.56,,7.0,222.66,8.0,254.47,3.0,6.0,31.81,issued_from_CK,entp_consumption_east_north_01-08Oct2026.csv (Indent Receive Qty); no production record in Restroworks [first pass 1-8 Oct; target window 24 Sep-8 Oct]
Delhi NCR,Paschim Vihar,Steam Rice Bucket,Kg,2026-10-01 to 2026-10-08,,4.0,195.48,,3.0,146.61,1.2,58.64,1.0,0.1,48.87,issued_from_CK,entp_consumption_east_north_01-08Oct2026.csv (Indent Receive Qty); no production record in Restroworks [first pass 1-8 Oct; target window 24 Sep-8 Oct]
Delhi NCR,Paschim Vihar,Sugar Syrup Bucket,Ltr,2026-10-01 to 2026-10-08,,,,,1.55,,,,1.0,0.6,,consumed_no_issue_record (made in store or untracked),entp_consumption_east_north_01-08Oct2026.csv (Indent Receive Qty); no production record in Restroworks [first pass 1-8 Oct; target window 24 Sep-8 Oct]
Delhi NCR,Paschim Vihar,Thatte Idli Pc Raw,Pc,2026-10-01 to 2026-10-08,,84.0,417.3,,100.0,496.78,,,13.0,1.0,4.97,issued_from_CK,entp_consumption_east_north_01-08Oct2026.csv (Indent Receive Qty); no production record in Restroworks [first pass 1-8 Oct; target window 24 Sep-8 Oct]
Delhi NCR,Paschim Vihar,Thindi Malkapodi Powder Bucket,Kg,2026-10-01 to 2026-10-08,,1.5,300.46,,1.62,324.5,,,0.0,1.435,200.31,issued_from_CK,entp_consumption_east_north_01-08Oct2026.csv (Indent Receive Qty); no production record in Restroworks [first pass 1-8 Oct; target window 24 Sep-8 Oct]
Delhi NCR,Paschim Vihar,Tomato Onion Chutney Bucket,Kg,2026-10-01 to 2026-10-08,,,,,56.1,6235.96,,,0.0,-10.6,111.16,consumed_no_issue_record (made in store or untracked),entp_consumption_east_north_01-08Oct2026.csv (Indent Receive Qty); no production record in Restroworks [first pass 1-8 Oct; target window 24 Sep-8 Oct]
Delhi NCR,Paschim Vihar,Tomato Onion Powder Mix (1 Pkt = 24gm),Kg,2026-10-01 to 2026-10-08,,1.448,753.81,,0.123,64.03,,,0.766,0.84,520.59,issued_from_CK,entp_consumption_east_north_01-08Oct2026.csv (Indent Receive Qty); no production record in Restroworks [first pass 1-8 Oct; target window 24 Sep-8 Oct]
Delhi NCR,Paschim Vihar,Upma Mix (1pkt = 300gm),Kg,2026-10-01 to 2026-10-08,,1.2,100.43,,0.84,70.3,,,1.2,1.68,83.69,issued_from_CK,entp_consumption_east_north_01-08Oct2026.csv (Indent Receive Qty); no production record in Restroworks [first pass 1-8 Oct; target window 24 Sep-8 Oct]
Delhi NCR,Rohini Sec-7,Benne Dosa Batter (Pack Size -3 Kg ),Kg,2026-10-01 to 2026-10-08,,72.0,2214.11,,63.775,1961.18,6.0,184.51,45.0,47.225,30.75,issued_from_CK,entp_consumption_east_north_01-08Oct2026.csv (Indent Receive Qty); no production record in Restroworks [first pass 1-8 Oct; target window 24 Sep-8 Oct]
Delhi NCR,Rohini Sec-7,Boiled & Mashed Potato (1Pkt = 3Kg),Kg,2026-10-01 to 2026-10-08,,96.0,3204.53,,113.733,3796.47,,,39.0,21.267,33.38,issued_from_CK,entp_consumption_east_north_01-08Oct2026.csv (Indent Receive Qty); no production record in Restroworks [first pass 1-8 Oct; target window 24 Sep-8 Oct]
Delhi NCR,Rohini Sec-7,Boondi,Kg,2026-10-01 to 2026-10-08,,0.5,29.6,,0.615,36.41,,,1.15,1.035,59.21,issued_from_CK,entp_consumption_east_north_01-08Oct2026.csv (Indent Receive Qty); no production record in Restroworks [first pass 1-8 Oct; target window 24 Sep-8 Oct]
Delhi NCR,Rohini Sec-7,Chaat Masala Bucket,Kg,2026-10-01 to 2026-10-08,,0.4,123.4,,0.25,77.13,,,0.7,0.8500000000000001,308.51,issued_from_CK,entp_consumption_east_north_01-08Oct2026.csv (Indent Receive Qty); no production record in Restroworks [first pass 1-8 Oct; target window 24 Sep-8 Oct]
Delhi NCR,Rohini Sec-7,Coconut Shredded,Kg,2026-10-01 to 2026-10-08,,35.0,8670.78,,134.694,33368.76,,,29.0,-70.694,247.74,issued_from_CK,entp_consumption_east_north_01-08Oct2026.csv (Indent Receive Qty); no production record in Restroworks [first pass 1-8 Oct; target window 24 Sep-8 Oct]
Delhi NCR,Rohini Sec-7,Dahi Bucket Mix (1pkt =105gm),gm,2026-10-01 to 2026-10-08,,1050.0,71.12,,825.0,55.88,,,800.0,1025.0,0.07,issued_from_CK,entp_consumption_east_north_01-08Oct2026.csv (Indent Receive Qty); no production record in Restroworks [first pass 1-8 Oct; target window 24 Sep-8 Oct]
Delhi NCR,Rohini Sec-7,Dosa Batter Mix,Kg,2026-10-01 to 2026-10-08,,210.0,6365.32,,165.68,5021.93,26.3,797.18,154.0,172.01999999999998,30.31,issued_from_CK,entp_consumption_east_north_01-08Oct2026.csv (Indent Receive Qty); no production record in Restroworks [first pass 1-8 Oct; target window 24 Sep-8 Oct]
Delhi NCR,Rohini Sec-7,Frozen Medu Vada (10pc),Pc,2026-10-01 to 2026-10-08,,,,,382.0,1854.36,,,90.0,-292.0,4.85,consumed_no_issue_record (made in store or untracked),entp_consumption_east_north_01-08Oct2026.csv (Indent Receive Qty); no production record in Restroworks [first pass 1-8 Oct; target window 24 Sep-8 Oct]
Delhi NCR,Rohini Sec-7,Garam Masala Powder Bucket,Kg,2026-10-01 to 2026-10-08,,,,,0.013,17.53,,,0.1,0.087,1348.54,consumed_no_issue_record (made in store or untracked),entp_consumption_east_north_01-08Oct2026.csv (Indent Receive Qty); no production record in Restroworks [first pass 1-8 Oct; target window 24 Sep-8 Oct]
Delhi NCR,Rohini Sec-7,Garlic Chutney Bucket,Kg,2026-10-01 to 2026-10-08,,7.5,1915.38,,6.58,1680.43,1.1,280.92,3.0,2.82,255.38,issued_from_CK,entp_consumption_east_north_01-08Oct2026.csv (Indent Receive Qty); no production record in Restroworks [first pass 1-8 Oct; target window 24 Sep-8 Oct]
Delhi NCR,Rohini Sec-7,Idli Pc Raw (1 Pkt =40pc),Pc,2026-10-01 to 2026-10-08,,600.0,1157.85,,689.0,1329.59,63.0,121.57,480.0,328.0,1.93,issued_from_CK,entp_consumption_east_north_01-08Oct2026.csv (Indent Receive Qty); no production record in Restroworks [first pass 1-8 Oct; target window 24 Sep-8 Oct]
Delhi NCR,Rohini Sec-7,Imli Water,Ltr,2026-10-01 to 2026-10-08,,9.0,254.6,,7.078,200.23,,,4.7,6.622,28.29,issued_from_CK,entp_consumption_east_north_01-08Oct2026.csv (Indent Receive Qty); no production record in Restroworks [first pass 1-8 Oct; target window 24 Sep-8 Oct]
Delhi NCR,Rohini Sec-7,Jain Sambar - Delhi,Ltr,2026-10-01 to 2026-10-08,,20.0,643.75,,17.6,566.5,,,7.0,9.4,32.19,issued_from_CK,entp_consumption_east_north_01-08Oct2026.csv (Indent Receive Qty); no production record in Restroworks [first pass 1-8 Oct; target window 24 Sep-8 Oct]
Delhi NCR,Rohini Sec-7,Karam Podi Powder Bucket,Kg,2026-10-01 to 2026-10-08,,1.5,288.34,,1.56,299.88,,,2.3,2.24,192.23,issued_from_CK,entp_consumption_east_north_01-08Oct2026.csv (Indent Receive Qty); no production record in Restroworks [first pass 1-8 Oct; target window 24 Sep-8 Oct]
Delhi NCR,Rohini Sec-7,Kesari Halwa Mix  (1pkt = 550gm),Kg,2026-10-01 to 2026-10-08,,1.1,78.43,,1.656,118.07,,,1.3,0.744,71.3,issued_from_CK,entp_consumption_east_north_01-08Oct2026.csv (Indent Receive Qty); no production record in Restroworks [first pass 1-8 Oct; target window 24 Sep-8 Oct]
Delhi NCR,Rohini Sec-7,Korma Gravy Mix (1pkt=700gm),Kg,2026-10-01 to 2026-10-08,,9.8,1515.69,,9.18,1419.8,1.0,154.66,3.8,3.42,154.66,issued_from_CK,entp_consumption_east_north_01-08Oct2026.csv (Indent Receive Qty); no production record in Restroworks [first pass 1-8 Oct; target window 24 Sep-8 Oct]
Delhi NCR,Rohini Sec-7,Lemon Rice Bucket,Kg,2026-10-01 to 2026-10-08,,4.0,306.16,,2.4,183.7,0.2,15.31,4.0,5.4,76.54,issued_from_CK,entp_consumption_east_north_01-08Oct2026.csv (Indent Receive Qty); no production record in Restroworks [first pass 1-8 Oct; target window 24 Sep-8 Oct]
Delhi NCR,Rohini Sec-7,Malabar Paratha  (1pkt= 6Pcs),Pc,2026-10-01 to 2026-10-08,,,,,105.0,823.19,,,0.0,-105.0,7.84,consumed_no_issue_record (made in store or untracked),entp_consumption_east_north_01-08Oct2026.csv (Indent Receive Qty); no production record in Restroworks [first pass 1-8 Oct; target window 24 Sep-8 Oct]
Delhi NCR,Rohini Sec-7,Malabar Paratha Dough,Pc,2026-10-01 to 2026-10-08,,78.0,580.69,,,,4.0,29.78,21.0,95.0,7.44,issued_from_CK,entp_consumption_east_north_01-08Oct2026.csv (Indent Receive Qty); no production record in Restroworks [first pass 1-8 Oct; target window 24 Sep-8 Oct]
Delhi NCR,Rohini Sec-7,Malkapodi Bucket,Kg,2026-10-01 to 2026-10-08,,2.0,343.7,,3.475,597.18,,,2.0,0.525,171.85,issued_from_CK,entp_consumption_east_north_01-08Oct2026.csv (Indent Receive Qty); no production record in Restroworks [first pass 1-8 Oct; target window 24 Sep-8 Oct]
Delhi NCR,Rohini Sec-7,Medu Vada Batter,Kg,2026-10-01 to 2026-10-08,,24.0,1552.62,,,,5.8,375.22,3.0,21.2,64.69,issued_from_CK,entp_consumption_east_north_01-08Oct2026.csv (Indent Receive Qty); no production record in Restroworks [first pass 1-8 Oct; target window 24 Sep-8 Oct]
Delhi NCR,Rohini Sec-7,Mysore Chutney Bucket,Kg,2026-10-01 to 2026-10-08,,6.5,1192.85,,6.47,1187.35,0.6,110.11,2.5,1.93,183.52,issued_from_CK,entp_consumption_east_north_01-08Oct2026.csv (Indent Receive Qty); no production record in Restroworks [first pass 1-8 Oct; target window 24 Sep-8 Oct]
Delhi NCR,Rohini Sec-7,Potato Masala Bucket,Kg,2026-10-01 to 2026-10-08,,,,,8.6,,,,15.0,6.4,,consumed_no_issue_record (made in store or untracked),entp_consumption_east_north_01-08Oct2026.csv (Indent Receive Qty); no production record in Restroworks [first pass 1-8 Oct; target window 24 Sep-8 Oct]
Delhi NCR,Rohini Sec-7,Potato Masala Mix (1Pkt = 90Gm),Pkt,2026-10-01 to 2026-10-08,,20.0,209.46,,37.876,396.67,,,0.0,-17.876,10.47,issued_from_CK,entp_consumption_east_north_01-08Oct2026.csv (Indent Receive Qty); no production record in Restroworks [first pass 1-8 Oct; target window 24 Sep-8 Oct]
Delhi NCR,Rohini Sec-7,Rasam Bucket,Ltr,2026-10-01 to 2026-10-08,,,,,2.3,84.13,,,0.0,-2.3,36.58,consumed_no_issue_record (made in store or untracked),entp_consumption_east_north_01-08Oct2026.csv (Indent Receive Qty); no production record in Restroworks [first pass 1-8 Oct; target window 24 Sep-8 Oct]
Delhi NCR,Rohini Sec-7,Rasam Chhoke Pre-Mix (2 Mix -6gm + 42gm)= 48gm,Kg,2026-10-01 to 2026-10-08,,0.336,84.86,,,,,,0.196,0.532,252.55,issued_from_CK,entp_consumption_east_north_01-08Oct2026.csv (Indent Receive Qty); no production record in Restroworks [first pass 1-8 Oct; target window 24 Sep-8 Oct]
Delhi NCR,Rohini Sec-7,Rasam Mix (1Pkt =15 gm),Kg,2026-10-01 to 2026-10-08,,0.105,31.99,,,,,,0.13,0.235,304.7,issued_from_CK,entp_consumption_east_north_01-08Oct2026.csv (Indent Receive Qty); no production record in Restroworks [first pass 1-8 Oct; target window 24 Sep-8 Oct]
Delhi NCR,Rohini Sec-7,Rava Powder Mix,Kg,2026-10-01 to 2026-10-08,,4.0,373.99,,2.45,229.07,1.1,102.85,3.5,3.95,93.5,issued_from_CK,entp_consumption_east_north_01-08Oct2026.csv (Indent Receive Qty); no production record in Restroworks [first pass 1-8 Oct; target window 24 Sep-8 Oct]
Delhi NCR,Rohini Sec-7,Raw Mango Chutney Bucket,Kg,2026-10-01 to 2026-10-08,,,,,3.05,689.62,,,0.0,-3.05,226.11,consumed_no_issue_record (made in store or untracked),entp_consumption_east_north_01-08Oct2026.csv (Indent Receive Qty); no production record in Restroworks [first pass 1-8 Oct; target window 24 Sep-8 Oct]
Delhi NCR,Rohini Sec-7,Raw Mango Pickle Bucket,Kg,2026-10-01 to 2026-10-08,,0.25,57.98,,0.23,53.34,,,0.25,0.27,231.91,issued_from_CK,entp_consumption_east_north_01-08Oct2026.csv (Indent Receive Qty); no production record in Restroworks [first pass 1-8 Oct; target window 24 Sep-8 Oct]
Delhi NCR,Rohini Sec-7,Raw mango Powder Mix (1 Pkt = 13gm),Kg,2026-10-01 to 2026-10-08,,0.013,4.28,,,,,,0.126,0.139,329.33,issued_from_CK,entp_consumption_east_north_01-08Oct2026.csv (Indent Receive Qty); no production record in Restroworks [first pass 1-8 Oct; target window 24 Sep-8 Oct]
Delhi NCR,Rohini Sec-7,Sambar Bucket,Ltr,2026-10-01 to 2026-10-08,,,,,3.0,91.43,,,30.0,27.0,30.48,consumed_no_issue_record (made in store or untracked),entp_consumption_east_north_01-08Oct2026.csv (Indent Receive Qty); no production record in Restroworks [first pass 1-8 Oct; target window 24 Sep-8 Oct]
Delhi NCR,Rohini Sec-7,Sambar Bucket - Delhi,Ltr,2026-10-01 to 2026-10-08,,445.0,14928.75,,529.0,17746.77,,,150.0,66.0,33.55,issued_from_CK,entp_consumption_east_north_01-08Oct2026.csv (Indent Receive Qty); no production record in Restroworks [first pass 1-8 Oct; target window 24 Sep-8 Oct]
Delhi NCR,Rohini Sec-7,Special Daal Bucket,Kg,2026-10-01 to 2026-10-08,,2.0,294.68,,4.041,595.39,,,1.0,-1.041,147.34,issued_from_CK,entp_consumption_east_north_01-08Oct2026.csv (Indent Receive Qty); no production record in Restroworks [first pass 1-8 Oct; target window 24 Sep-8 Oct]
Delhi NCR,Rohini Sec-7,Special White Coconut Chutney Bucket,Kg,2026-10-01 to 2026-10-08,,,,,1.0,,,,0.0,-1.0,,consumed_no_issue_record (made in store or untracked),entp_consumption_east_north_01-08Oct2026.csv (Indent Receive Qty); no production record in Restroworks [first pass 1-8 Oct; target window 24 Sep-8 Oct]
Delhi NCR,Rohini Sec-7,Spicy Coconut Chutney Mix 1Pkt (16gm),Kg,2026-10-01 to 2026-10-08,,,,,5.138,869.5,,,0.0,-5.138,169.23,consumed_no_issue_record (made in store or untracked),entp_consumption_east_north_01-08Oct2026.csv (Indent Receive Qty); no production record in Restroworks [first pass 1-8 Oct; target window 24 Sep-8 Oct]
Delhi NCR,Rohini Sec-7,Srivilli Kheer (1 Pc),Pc,2026-10-01 to 2026-10-08,,31.0,994.64,,10.0,320.85,7.0,224.6,3.0,17.0,32.09,issued_from_CK,entp_consumption_east_north_01-08Oct2026.csv (Indent Receive Qty); no production record in Restroworks [first pass 1-8 Oct; target window 24 Sep-8 Oct]
Delhi NCR,Rohini Sec-7,Steam Rice Bucket,Kg,2026-10-01 to 2026-10-08,,6.0,291.64,,5.5,267.34,,,2.5,3.0,48.61,issued_from_CK,entp_consumption_east_north_01-08Oct2026.csv (Indent Receive Qty); no production record in Restroworks [first pass 1-8 Oct; target window 24 Sep-8 Oct]
Delhi NCR,Rohini Sec-7,Sugar Syrup Bucket,Ltr,2026-10-01 to 2026-10-08,,,,,1.0,,,,0.0,-1.0,,consumed_no_issue_record (made in store or untracked),entp_consumption_east_north_01-08Oct2026.csv (Indent Receive Qty); no production record in Restroworks [first pass 1-8 Oct; target window 24 Sep-8 Oct]
Delhi NCR,Rohini Sec-7,Thatte Idli Pc Raw,Pc,2026-10-01 to 2026-10-08,,174.0,867.21,,158.0,787.46,19.0,94.69,67.0,64.0,4.98,issued_from_CK,entp_consumption_east_north_01-08Oct2026.csv (Indent Receive Qty); no production record in Restroworks [first pass 1-8 Oct; target window 24 Sep-8 Oct]
Delhi NCR,Rohini Sec-7,Thindi Malkapodi Powder Bucket,Kg,2026-10-01 to 2026-10-08,,1.5,299.93,,2.7,539.87,,,1.0,-0.19999999999999996,199.95,issued_from_CK,entp_consumption_east_north_01-08Oct2026.csv (Indent Receive Qty); no production record in Restroworks [first pass 1-8 Oct; target window 24 Sep-8 Oct]
Delhi NCR,Rohini Sec-7,Tomato Onion Chutney Bucket,Kg,2026-10-01 to 2026-10-08,,,,,107.86,14474.59,,,0.0,-107.86,134.2,consumed_no_issue_record (made in store or untracked),entp_consumption_east_north_01-08Oct2026.csv (Indent Receive Qty); no production record in Restroworks [first pass 1-8 Oct; target window 24 Sep-8 Oct]
Delhi NCR,Rohini Sec-7,Tomato Onion Powder Mix (1 Pkt = 24gm),Kg,2026-10-01 to 2026-10-08,,2.544,1323.74,,0.219,113.95,,,1.6720000000000002,3.9970000000000003,520.34,issued_from_CK,entp_consumption_east_north_01-08Oct2026.csv (Indent Receive Qty); no production record in Restroworks [first pass 1-8 Oct; target window 24 Sep-8 Oct]
Delhi NCR,Rohini Sec-7,Upma Mix (1pkt = 300gm),Kg,2026-10-01 to 2026-10-08,,,,,1.32,110.5,0.7,58.6,1.4,-0.62,83.71,consumed_no_issue_record (made in store or untracked),entp_consumption_east_north_01-08Oct2026.csv (Indent Receive Qty); no production record in Restroworks [first pass 1-8 Oct; target window 24 Sep-8 Oct]
Delhi NCR,Sec 143 Noida,Benne Dosa Batter (Pack Size -3 Kg ),Kg,2026-10-01 to 2026-10-08,,24.0,739.61,,17.025,524.66,,,9.0,10.75,30.82,issued_from_CK,entp_consumption_east_north_01-08Oct2026.csv (Indent Receive Qty); no production record in Restroworks [first pass 1-8 Oct; target window 24 Sep-8 Oct]
Delhi NCR,Sec 143 Noida,Boiled & Mashed Potato (1Pkt = 3Kg),Kg,2026-10-01 to 2026-10-08,,39.0,1301.72,,4.8,160.21,,,18.0,34.7,33.38,issued_from_CK,entp_consumption_east_north_01-08Oct2026.csv (Indent Receive Qty); no production record in Restroworks [first pass 1-8 Oct; target window 24 Sep-8 Oct]
Delhi NCR,Sec 143 Noida,Boondi,Kg,2026-10-01 to 2026-10-08,,0.25,14.85,,0.12,7.13,,,0.25,0.3,59.4,issued_from_CK,entp_consumption_east_north_01-08Oct2026.csv (Indent Receive Qty); no production record in Restroworks [first pass 1-8 Oct; target window 24 Sep-8 Oct]
Delhi NCR,Sec 143 Noida,Chaat Masala Bucket,Kg,2026-10-01 to 2026-10-08,,0.1,30.87,,0.081,25.01,,,0.1,0.181,308.74,issued_from_CK,entp_consumption_east_north_01-08Oct2026.csv (Indent Receive Qty); no production record in Restroworks [first pass 1-8 Oct; target window 24 Sep-8 Oct]
Delhi NCR,Sec 143 Noida,Coconut Shredded,Kg,2026-10-01 to 2026-10-08,,17.0,4203.03,,43.404,10731.09,,,10.5,1.38,247.24,issued_from_CK,entp_consumption_east_north_01-08Oct2026.csv (Indent Receive Qty); no production record in Restroworks [first pass 1-8 Oct; target window 24 Sep-8 Oct]
Delhi NCR,Sec 143 Noida,Dahi Bucket Mix (1pkt =105gm),gm,2026-10-01 to 2026-10-08,,525.0,35.75,,240.0,16.34,,,400.0,620.0,0.07,issued_from_CK,entp_consumption_east_north_01-08Oct2026.csv (Indent Receive Qty); no production record in Restroworks [first pass 1-8 Oct; target window 24 Sep-8 Oct]
Delhi NCR,Sec 143 Noida,Dosa Batter Mix,Kg,2026-10-01 to 2026-10-08,,100.0,3030.64,,74.195,2248.59,,,65.0,69.46000000000001,30.31,issued_from_CK,entp_consumption_east_north_01-08Oct2026.csv (Indent Receive Qty); no production record in Restroworks [first pass 1-8 Oct; target window 24 Sep-8 Oct]
Delhi NCR,Sec 143 Noida,Frozen Medu Vada (10pc),Pc,2026-10-01 to 2026-10-08,,,,,162.0,786.83,,,0.0,-48.0,4.86,consumed_no_issue_record (made in store or untracked),entp_consumption_east_north_01-08Oct2026.csv (Indent Receive Qty); no production record in Restroworks [first pass 1-8 Oct; target window 24 Sep-8 Oct]
Delhi NCR,Sec 143 Noida,Garam Masala Powder Bucket,Kg,2026-10-01 to 2026-10-08,,0.1,139.44,,0.006,8.37,,,0.033,0.126,1394.42,issued_from_CK,entp_consumption_east_north_01-08Oct2026.csv (Indent Receive Qty); no production record in Restroworks [first pass 1-8 Oct; target window 24 Sep-8 Oct]
Delhi NCR,Sec 143 Noida,Garlic Chutney Bucket,Kg,2026-10-01 to 2026-10-08,,3.0,765.8,,2.92,745.38,,,1.5,1.08,255.27,issued_from_CK,entp_consumption_east_north_01-08Oct2026.csv (Indent Receive Qty); no production record in Restroworks [first pass 1-8 Oct; target window 24 Sep-8 Oct]
Delhi NCR,Sec 143 Noida,Idli Pc Raw (1 Pkt =40pc),Pc,2026-10-01 to 2026-10-08,,340.0,655.74,,352.0,678.88,,,290.0,289.0,1.93,issued_from_CK,entp_consumption_east_north_01-08Oct2026.csv (Indent Receive Qty); no production record in Restroworks [first pass 1-8 Oct; target window 24 Sep-8 Oct]
Delhi NCR,Sec 143 Noida,Imli Water,Ltr,2026-10-01 to 2026-10-08,,,,,2.792,79.13,,,3.0,1.571,28.34,consumed_no_issue_record (made in store or untracked),entp_consumption_east_north_01-08Oct2026.csv (Indent Receive Qty); no production record in Restroworks [first pass 1-8 Oct; target window 24 Sep-8 Oct]
Delhi NCR,Sec 143 Noida,Jain Potato Masala Bucket,Kg,2026-10-01 to 2026-10-08,,3.5,192.38,,,,,,1.5,3.0,54.96,issued_from_CK,entp_consumption_east_north_01-08Oct2026.csv (Indent Receive Qty); no production record in Restroworks [first pass 1-8 Oct; target window 24 Sep-8 Oct]
Delhi NCR,Sec 143 Noida,Jain Sambar - Delhi,Ltr,2026-10-01 to 2026-10-08,,7.0,226.4,,9.6,310.49,,,5.0,5.8,32.34,issued_from_CK,entp_consumption_east_north_01-08Oct2026.csv (Indent Receive Qty); no production record in Restroworks [first pass 1-8 Oct; target window 24 Sep-8 Oct]
Delhi NCR,Sec 143 Noida,Karam Podi Powder Bucket,Kg,2026-10-01 to 2026-10-08,,1.0,191.95,,0.4,76.78,,,0.5,0.64,191.95,issued_from_CK,entp_consumption_east_north_01-08Oct2026.csv (Indent Receive Qty); no production record in Restroworks [first pass 1-8 Oct; target window 24 Sep-8 Oct]
Delhi NCR,Sec 143 Noida,Kesari Halwa Mix  (1pkt = 550gm),Kg,2026-10-01 to 2026-10-08,,1.65,116.63,,0.828,58.53,,,1.6500000000000001,1.855,70.68,issued_from_CK,entp_consumption_east_north_01-08Oct2026.csv (Indent Receive Qty); no production record in Restroworks [first pass 1-8 Oct; target window 24 Sep-8 Oct]
Delhi NCR,Sec 143 Noida,Korma Gravy Mix (1pkt=700gm),Kg,2026-10-01 to 2026-10-08,,5.6,865.52,,5.22,806.79,,,4.2,4.859999999999999,154.56,issued_from_CK,entp_consumption_east_north_01-08Oct2026.csv (Indent Receive Qty); no production record in Restroworks [first pass 1-8 Oct; target window 24 Sep-8 Oct]
Delhi NCR,Sec 143 Noida,Lemon Rice Bucket,Kg,2026-10-01 to 2026-10-08,,1.5,115.29,,0.4,30.74,,,3.0,2.3,76.86,issued_from_CK,entp_consumption_east_north_01-08Oct2026.csv (Indent Receive Qty); no production record in Restroworks [first pass 1-8 Oct; target window 24 Sep-8 Oct]
Delhi NCR,Sec 143 Noida,Malabar Paratha  (1pkt= 6Pcs),Pc,2026-10-01 to 2026-10-08,,,,,58.0,454.41,,,0.0,-16.0,7.83,consumed_no_issue_record (made in store or untracked),entp_consumption_east_north_01-08Oct2026.csv (Indent Receive Qty); no production record in Restroworks [first pass 1-8 Oct; target window 24 Sep-8 Oct]
Delhi NCR,Sec 143 Noida,Malabar Paratha Dough,Pc,2026-10-01 to 2026-10-08,,54.0,401.83,,,,,,36.0,58.0,7.44,issued_from_CK,entp_consumption_east_north_01-08Oct2026.csv (Indent Receive Qty); no production record in Restroworks [first pass 1-8 Oct; target window 24 Sep-8 Oct]
Delhi NCR,Sec 143 Noida,Malkapodi Bucket,Kg,2026-10-01 to 2026-10-08,,1.0,171.28,,0.86,147.3,,,1.0,1.15,171.28,issued_from_CK,entp_consumption_east_north_01-08Oct2026.csv (Indent Receive Qty); no production record in Restroworks [first pass 1-8 Oct; target window 24 Sep-8 Oct]
Delhi NCR,Sec 143 Noida,Medu Vada Batter,Kg,2026-10-01 to 2026-10-08,,12.0,761.97,,,,,,7.0,13.0,63.5,issued_from_CK,entp_consumption_east_north_01-08Oct2026.csv (Indent Receive Qty); no production record in Restroworks [first pass 1-8 Oct; target window 24 Sep-8 Oct]
Delhi NCR,Sec 143 Noida,Medu Vada Batter Powder Mix (1 Pkt = 23gm),Kg,2026-10-01 to 2026-10-08,,0.276,62.78,,,,,,0.184,0.322,227.48,issued_from_CK,entp_consumption_east_north_01-08Oct2026.csv (Indent Receive Qty); no production record in Restroworks [first pass 1-8 Oct; target window 24 Sep-8 Oct]
Delhi NCR,Sec 143 Noida,Mysore Chutney Bucket,Kg,2026-10-01 to 2026-10-08,,2.0,366.76,,2.32,425.45,,,2.0,2.6100000000000003,183.38,issued_from_CK,entp_consumption_east_north_01-08Oct2026.csv (Indent Receive Qty); no production record in Restroworks [first pass 1-8 Oct; target window 24 Sep-8 Oct]
Delhi NCR,Sec 143 Noida,Potato Masala Bucket,Kg,2026-10-01 to 2026-10-08,,,,,2.5,,,,0.0,-1.0,,consumed_no_issue_record (made in store or untracked),entp_consumption_east_north_01-08Oct2026.csv (Indent Receive Qty); no production record in Restroworks [first pass 1-8 Oct; target window 24 Sep-8 Oct]
Delhi NCR,Sec 143 Noida,Potato Masala Mix (1Pkt = 90Gm),Pkt,2026-10-01 to 2026-10-08,,6.0,62.76,,1.584,16.57,,,9.0,5.571,10.46,issued_from_CK,entp_consumption_east_north_01-08Oct2026.csv (Indent Receive Qty); no production record in Restroworks [first pass 1-8 Oct; target window 24 Sep-8 Oct]
Delhi NCR,Sec 143 Noida,Rasam Bucket,Ltr,2026-10-01 to 2026-10-08,,,,,1.2,43.49,,,0.0,-0.6,36.25,consumed_no_issue_record (made in store or untracked),entp_consumption_east_north_01-08Oct2026.csv (Indent Receive Qty); no production record in Restroworks [first pass 1-8 Oct; target window 24 Sep-8 Oct]
Delhi NCR,Sec 143 Noida,Rasam Chhoke Pre-Mix (2 Mix -6gm + 42gm)= 48gm,Kg,2026-10-01 to 2026-10-08,,0.048,12.18,,,,,,0.096,0.096,253.69,issued_from_CK,entp_consumption_east_north_01-08Oct2026.csv (Indent Receive Qty); no production record in Restroworks [first pass 1-8 Oct; target window 24 Sep-8 Oct]
Delhi NCR,Sec 143 Noida,Rasam Mix (1Pkt =15 gm),Kg,2026-10-01 to 2026-10-08,,0.015,4.53,,,,,,0.03,0.03,302.12,issued_from_CK,entp_consumption_east_north_01-08Oct2026.csv (Indent Receive Qty); no production record in Restroworks [first pass 1-8 Oct; target window 24 Sep-8 Oct]
Delhi NCR,Sec 143 Noida,Rava Powder Mix,Kg,2026-10-01 to 2026-10-08,,1.5,140.51,,0.5,46.84,,,1.8,1.9,93.67,issued_from_CK,entp_consumption_east_north_01-08Oct2026.csv (Indent Receive Qty); no production record in Restroworks [first pass 1-8 Oct; target window 24 Sep-8 Oct]
Delhi NCR,Sec 143 Noida,Raw Mango Chutney Bucket,Kg,2026-10-01 to 2026-10-08,,,,,1.07,242.48,,,0.0,-0.34,226.62,consumed_no_issue_record (made in store or untracked),entp_consumption_east_north_01-08Oct2026.csv (Indent Receive Qty); no production record in Restroworks [first pass 1-8 Oct; target window 24 Sep-8 Oct]
Delhi NCR,Sec 143 Noida,Raw Mango Pickle Bucket,Kg,2026-10-01 to 2026-10-08,,,,,0.11,25.73,,,0.5,0.175,233.89,consumed_no_issue_record (made in store or untracked),entp_consumption_east_north_01-08Oct2026.csv (Indent Receive Qty); no production record in Restroworks [first pass 1-8 Oct; target window 24 Sep-8 Oct]
Delhi NCR,Sec 143 Noida,Raw mango Powder Mix (1 Pkt = 13gm),Kg,2026-10-01 to 2026-10-08,,0.156,51.61,,,,,,0.182,0.28600000000000003,330.86,issued_from_CK,entp_consumption_east_north_01-08Oct2026.csv (Indent Receive Qty); no production record in Restroworks [first pass 1-8 Oct; target window 24 Sep-8 Oct]
Delhi NCR,Sec 143 Noida,Sambar Bucket - Delhi,Ltr,2026-10-01 to 2026-10-08,,155.0,5216.36,,191.1,6431.26,,,60.0,74.45,33.65,issued_from_CK,entp_consumption_east_north_01-08Oct2026.csv (Indent Receive Qty); no production record in Restroworks [first pass 1-8 Oct; target window 24 Sep-8 Oct]
Delhi NCR,Sec 143 Noida,Special Daal Bucket,Kg,2026-10-01 to 2026-10-08,,,,,1.48,217.82,,,2.0,1.013,147.18,consumed_no_issue_record (made in store or untracked),entp_consumption_east_north_01-08Oct2026.csv (Indent Receive Qty); no production record in Restroworks [first pass 1-8 Oct; target window 24 Sep-8 Oct]
Delhi NCR,Sec 143 Noida,Spicy Coconut Chutney Mix 1Pkt (16gm),Kg,2026-10-01 to 2026-10-08,,,,,1.951,330.15,,,0.0,-0.644,169.22,consumed_no_issue_record (made in store or untracked),entp_consumption_east_north_01-08Oct2026.csv (Indent Receive Qty); no production record in Restroworks [first pass 1-8 Oct; target window 24 Sep-8 Oct]
Delhi NCR,Sec 143 Noida,Srivilli Kheer (1 Pc),Pc,2026-10-01 to 2026-10-08,,18.0,574.58,,11.0,351.13,,,4.0,10.0,31.92,issued_from_CK,entp_consumption_east_north_01-08Oct2026.csv (Indent Receive Qty); no production record in Restroworks [first pass 1-8 Oct; target window 24 Sep-8 Oct]
Delhi NCR,Sec 143 Noida,Steam Rice Bucket,Kg,2026-10-01 to 2026-10-08,,4.5,219.64,,2.6,126.9,,,2.5,3.25,48.81,issued_from_CK,entp_consumption_east_north_01-08Oct2026.csv (Indent Receive Qty); no production record in Restroworks [first pass 1-8 Oct; target window 24 Sep-8 Oct]
Delhi NCR,Sec 143 Noida,Sugar Syrup Bucket,Ltr,2026-10-01 to 2026-10-08,,,,,0.55,,,,0.0,-0.2,,consumed_no_issue_record (made in store or untracked),entp_consumption_east_north_01-08Oct2026.csv (Indent Receive Qty); no production record in Restroworks [first pass 1-8 Oct; target window 24 Sep-8 Oct]
Delhi NCR,Sec 143 Noida,Thatte Idli Pc Raw,Pc,2026-10-01 to 2026-10-08,,30.0,150.16,,37.0,185.19,,,17.0,20.0,5.01,issued_from_CK,entp_consumption_east_north_01-08Oct2026.csv (Indent Receive Qty); no production record in Restroworks [first pass 1-8 Oct; target window 24 Sep-8 Oct]
Delhi NCR,Sec 143 Noida,Thindi Malkapodi Powder Bucket,Kg,2026-10-01 to 2026-10-08,,0.5,100.06,,0.625,125.08,,,1.0,0.8200000000000001,200.13,issued_from_CK,entp_consumption_east_north_01-08Oct2026.csv (Indent Receive Qty); no production record in Restroworks [first pass 1-8 Oct; target window 24 Sep-8 Oct]
Delhi NCR,Sec 143 Noida,Tomato Onion Chutney Bucket,Kg,2026-10-01 to 2026-10-08,,,,,45.16,4742.08,,,0.0,-15.44,105.01,consumed_no_issue_record (made in store or untracked),entp_consumption_east_north_01-08Oct2026.csv (Indent Receive Qty); no production record in Restroworks [first pass 1-8 Oct; target window 24 Sep-8 Oct]
Delhi NCR,Sec 143 Noida,Tomato Onion Powder Mix (1 Pkt = 24gm),Kg,2026-10-01 to 2026-10-08,,1.728,900.85,,0.066,34.41,,,0.288,1.134,521.33,issued_from_CK,entp_consumption_east_north_01-08Oct2026.csv (Indent Receive Qty); no production record in Restroworks [first pass 1-8 Oct; target window 24 Sep-8 Oct]
Delhi NCR,Sec 143 Noida,Upma Mix (1pkt = 300gm),Kg,2026-10-01 to 2026-10-08,,0.9,75.31,,0.48,40.17,,,1.2,1.62,83.68,issued_from_CK,entp_consumption_east_north_01-08Oct2026.csv (Indent Receive Qty); no production record in Restroworks [first pass 1-8 Oct; target window 24 Sep-8 Oct]
Delhi NCR,Sec 15 Faridabad,Benne Dosa Batter (Pack Size -3 Kg ),Kg,2026-10-01 to 2026-10-08,,16.0,493.3,,19.65,605.84,1.0,30.83,5.0,-2.475,30.83,issued_from_CK,entp_consumption_east_north_01-08Oct2026.csv (Indent Receive Qty); no production record in Restroworks [first pass 1-8 Oct; target window 24 Sep-8 Oct]
Delhi NCR,Sec 15 Faridabad,Boiled & Mashed Potato (1Pkt = 3Kg),Kg,2026-10-01 to 2026-10-08,,36.0,1201.42,,37.0,1234.8,,,0.0,-5.367,33.37,issued_from_CK,entp_consumption_east_north_01-08Oct2026.csv (Indent Receive Qty); no production record in Restroworks [first pass 1-8 Oct; target window 24 Sep-8 Oct]
Delhi NCR,Sec 15 Faridabad,Boondi,Kg,2026-10-01 to 2026-10-08,,,,,0.21,12.48,,,0.8,0.205,59.45,consumed_no_issue_record (made in store or untracked),entp_consumption_east_north_01-08Oct2026.csv (Indent Receive Qty); no production record in Restroworks [first pass 1-8 Oct; target window 24 Sep-8 Oct]
Delhi NCR,Sec 15 Faridabad,Chaat Masala Bucket,Kg,2026-10-01 to 2026-10-08,,0.1,30.9,,0.1,30.9,,,0.09,0.064,309.01,issued_from_CK,entp_consumption_east_north_01-08Oct2026.csv (Indent Receive Qty); no production record in Restroworks [first pass 1-8 Oct; target window 24 Sep-8 Oct]
Delhi NCR,Sec 15 Faridabad,Coconut Shredded,Kg,2026-10-01 to 2026-10-08,,12.0,2963.93,,55.579,13727.76,,,2.0,-15.678,246.99,issued_from_CK,entp_consumption_east_north_01-08Oct2026.csv (Indent Receive Qty); no production record in Restroworks [first pass 1-8 Oct; target window 24 Sep-8 Oct]
Delhi NCR,Sec 15 Faridabad,Dahi Bucket Mix (1pkt =105gm),gm,2026-10-01 to 2026-10-08,,315.0,21.39,,270.0,18.34,,,210.0,-105.0,0.07,issued_from_CK,entp_consumption_east_north_01-08Oct2026.csv (Indent Receive Qty); no production record in Restroworks [first pass 1-8 Oct; target window 24 Sep-8 Oct]
Delhi NCR,Sec 15 Faridabad,Dosa Batter Mix,Kg,2026-10-01 to 2026-10-08,,85.0,2576.32,,72.43,2195.33,10.28,311.58,3.0,-16.41,30.31,issued_from_CK,entp_consumption_east_north_01-08Oct2026.csv (Indent Receive Qty); no production record in Restroworks [first pass 1-8 Oct; target window 24 Sep-8 Oct]
Delhi NCR,Sec 15 Faridabad,Frozen Medu Vada (10pc),Pc,2026-10-01 to 2026-10-08,,,,,137.0,665.31,,,0.0,-36.0,4.86,consumed_no_issue_record (made in store or untracked),entp_consumption_east_north_01-08Oct2026.csv (Indent Receive Qty); no production record in Restroworks [first pass 1-8 Oct; target window 24 Sep-8 Oct]
Delhi NCR,Sec 15 Faridabad,Garam Masala Powder Bucket,Kg,2026-10-01 to 2026-10-08,,,,,0.004,5.68,,,0.1,0.0,1420.0,consumed_no_issue_record (made in store or untracked),entp_consumption_east_north_01-08Oct2026.csv (Indent Receive Qty); no production record in Restroworks [first pass 1-8 Oct; target window 24 Sep-8 Oct]
Delhi NCR,Sec 15 Faridabad,Garlic Chutney Bucket,Kg,2026-10-01 to 2026-10-08,,3.0,764.09,,1.74,443.17,0.1,25.47,0.0,-0.11,254.7,issued_from_CK,entp_consumption_east_north_01-08Oct2026.csv (Indent Receive Qty); no production record in Restroworks [first pass 1-8 Oct; target window 24 Sep-8 Oct]
Delhi NCR,Sec 15 Faridabad,Idli Pc Raw (1 Pkt =40pc),Pc,2026-10-01 to 2026-10-08,,320.0,617.36,,368.0,709.97,14.0,27.01,62.0,-23.0,1.93,issued_from_CK,entp_consumption_east_north_01-08Oct2026.csv (Indent Receive Qty); no production record in Restroworks [first pass 1-8 Oct; target window 24 Sep-8 Oct]
Delhi NCR,Sec 15 Faridabad,Imli Water,Ltr,2026-10-01 to 2026-10-08,,2.5,70.64,,3.005,84.91,,,0.0,-0.888,28.26,issued_from_CK,entp_consumption_east_north_01-08Oct2026.csv (Indent Receive Qty); no production record in Restroworks [first pass 1-8 Oct; target window 24 Sep-8 Oct]
Delhi NCR,Sec 15 Faridabad,Jain Potato Masala Bucket,Kg,2026-10-01 to 2026-10-08,,3.0,164.99,,,,,,0.0,0.0,55.0,issued_from_CK,entp_consumption_east_north_01-08Oct2026.csv (Indent Receive Qty); no production record in Restroworks [first pass 1-8 Oct; target window 24 Sep-8 Oct]
Delhi NCR,Sec 15 Faridabad,Jain Sambar - Delhi,Ltr,2026-10-01 to 2026-10-08,,4.0,129.28,,4.8,155.13,0.2,6.46,0.0,1.0,32.32,issued_from_CK,entp_consumption_east_north_01-08Oct2026.csv (Indent Receive Qty); no production record in Restroworks [first pass 1-8 Oct; target window 24 Sep-8 Oct]
Delhi NCR,Sec 15 Faridabad,Karam Podi Powder Bucket,Kg,2026-10-01 to 2026-10-08,,0.5,96.14,,0.2,38.46,,,0.3,0.17,192.28,issued_from_CK,entp_consumption_east_north_01-08Oct2026.csv (Indent Receive Qty); no production record in Restroworks [first pass 1-8 Oct; target window 24 Sep-8 Oct]
Delhi NCR,Sec 15 Faridabad,Kesari Halwa Mix  (1pkt = 550gm),Kg,2026-10-01 to 2026-10-08,,1.1,78.02,,0.759,53.84,,,0.0,0.155,70.93,issued_from_CK,entp_consumption_east_north_01-08Oct2026.csv (Indent Receive Qty); no production record in Restroworks [first pass 1-8 Oct; target window 24 Sep-8 Oct]
Delhi NCR,Sec 15 Faridabad,Korma Gravy Mix (1pkt=700gm),Kg,2026-10-01 to 2026-10-08,,4.2,648.68,,1.62,250.21,,,0.7,-0.02,154.45,issued_from_CK,entp_consumption_east_north_01-08Oct2026.csv (Indent Receive Qty); no production record in Restroworks [first pass 1-8 Oct; target window 24 Sep-8 Oct]
Delhi NCR,Sec 15 Faridabad,Lemon Rice Bucket,Kg,2026-10-01 to 2026-10-08,,1.5,115.32,,1.8,138.38,,,1.0,-0.1,76.88,issued_from_CK,entp_consumption_east_north_01-08Oct2026.csv (Indent Receive Qty); no production record in Restroworks [first pass 1-8 Oct; target window 24 Sep-8 Oct]
Delhi NCR,Sec 15 Faridabad,Malabar Paratha  (1pkt= 6Pcs),Pc,2026-10-01 to 2026-10-08,,6.0,47.38,,18.0,142.13,,,0.0,-8.0,7.9,issued_from_CK,entp_consumption_east_north_01-08Oct2026.csv (Indent Receive Qty); no production record in Restroworks [first pass 1-8 Oct; target window 24 Sep-8 Oct]
Delhi NCR,Sec 15 Faridabad,Malabar Paratha Dough,Pc,2026-10-01 to 2026-10-08,,24.0,178.39,,,,,,0.0,4.0,7.43,issued_from_CK,entp_consumption_east_north_01-08Oct2026.csv (Indent Receive Qty); no production record in Restroworks [first pass 1-8 Oct; target window 24 Sep-8 Oct]
Delhi NCR,Sec 15 Faridabad,Malkapodi Bucket,Kg,2026-10-01 to 2026-10-08,,1.0,171.59,,2.335,400.65,,,0.5,0.27,171.59,issued_from_CK,entp_consumption_east_north_01-08Oct2026.csv (Indent Receive Qty); no production record in Restroworks [first pass 1-8 Oct; target window 24 Sep-8 Oct]
Delhi NCR,Sec 15 Faridabad,Medu Vada Batter,Kg,2026-10-01 to 2026-10-08,,2.0,129.84,,,,0.12,7.79,0.0,0.94,64.92,issued_from_CK,entp_consumption_east_north_01-08Oct2026.csv (Indent Receive Qty); no production record in Restroworks [first pass 1-8 Oct; target window 24 Sep-8 Oct]
Delhi NCR,Sec 15 Faridabad,Medu Vada Batter Mix,Kg,2026-10-01 to 2026-10-08,,6.0,433.8,,,,,,0.0,0.0,72.3,issued_from_CK,entp_consumption_east_north_01-08Oct2026.csv (Indent Receive Qty); no production record in Restroworks [first pass 1-8 Oct; target window 24 Sep-8 Oct]
Delhi NCR,Sec 15 Faridabad,Medu Vada Batter Powder Mix (1 Pkt = 23gm),Kg,2026-10-01 to 2026-10-08,,0.184,42.29,,,,,,0.0,0.023,229.82,issued_from_CK,entp_consumption_east_north_01-08Oct2026.csv (Indent Receive Qty); no production record in Restroworks [first pass 1-8 Oct; target window 24 Sep-8 Oct]
Delhi NCR,Sec 15 Faridabad,Mysore Chutney Bucket,Kg,2026-10-01 to 2026-10-08,,2.5,458.31,,1.59,291.49,0.1,18.33,0.4,0.24,183.32,issued_from_CK,entp_consumption_east_north_01-08Oct2026.csv (Indent Receive Qty); no production record in Restroworks [first pass 1-8 Oct; target window 24 Sep-8 Oct]
Delhi NCR,Sec 15 Faridabad,New Bangalore Benne Batter (Pack Size -4 Kg ),Kg,2026-10-01 to 2026-10-08,,3.0,97.66,,,,,,0.0,0.0,32.55,issued_from_CK,entp_consumption_east_north_01-08Oct2026.csv (Indent Receive Qty); no production record in Restroworks [first pass 1-8 Oct; target window 24 Sep-8 Oct]
Delhi NCR,Sec 15 Faridabad,Potato Masala Bucket,Kg,2026-10-01 to 2026-10-08,,,,,2.7,110.65,0.31,12.7,0.0,0.0,40.98,consumed_no_issue_record (made in store or untracked),entp_consumption_east_north_01-08Oct2026.csv (Indent Receive Qty); no production record in Restroworks [first pass 1-8 Oct; target window 24 Sep-8 Oct]
Delhi NCR,Sec 15 Faridabad,Potato Masala Mix (1Pkt = 90Gm),Pkt,2026-10-01 to 2026-10-08,,7.0,73.41,,12.323,129.24,,,0.0,-2.787,10.49,issued_from_CK,entp_consumption_east_north_01-08Oct2026.csv (Indent Receive Qty); no production record in Restroworks [first pass 1-8 Oct; target window 24 Sep-8 Oct]
Delhi NCR,Sec 15 Faridabad,Rasam Bucket,Ltr,2026-10-01 to 2026-10-08,,,,,1.0,36.55,,,0.0,0.0,36.55,consumed_no_issue_record (made in store or untracked),entp_consumption_east_north_01-08Oct2026.csv (Indent Receive Qty); no production record in Restroworks [first pass 1-8 Oct; target window 24 Sep-8 Oct]
Delhi NCR,Sec 15 Faridabad,Rasam Chhoke Pre-Mix (2 Mix -6gm + 42gm)= 48gm,Kg,2026-10-01 to 2026-10-08,,0.048,12.12,,,,,,0.0,0.048,252.45,issued_from_CK,entp_consumption_east_north_01-08Oct2026.csv (Indent Receive Qty); no production record in Restroworks [first pass 1-8 Oct; target window 24 Sep-8 Oct]
Delhi NCR,Sec 15 Faridabad,Rasam Mix (1Pkt =15 gm),Kg,2026-10-01 to 2026-10-08,,0.015,4.52,,,,,,0.0,0.015,301.31,issued_from_CK,entp_consumption_east_north_01-08Oct2026.csv (Indent Receive Qty); no production record in Restroworks [first pass 1-8 Oct; target window 24 Sep-8 Oct]
Delhi NCR,Sec 15 Faridabad,Rava Powder Mix,Kg,2026-10-01 to 2026-10-08,,1.0,93.95,,0.65,61.07,,,0.0,0.95,93.95,issued_from_CK,entp_consumption_east_north_01-08Oct2026.csv (Indent Receive Qty); no production record in Restroworks [first pass 1-8 Oct; target window 24 Sep-8 Oct]
Delhi NCR,Sec 15 Faridabad,Raw Mango Chutney Bucket,Kg,2026-10-01 to 2026-10-08,,,,,1.25,282.58,,,0.0,-0.5,226.07,consumed_no_issue_record (made in store or untracked),entp_consumption_east_north_01-08Oct2026.csv (Indent Receive Qty); no production record in Restroworks [first pass 1-8 Oct; target window 24 Sep-8 Oct]
Delhi NCR,Sec 15 Faridabad,Raw Mango Pickle Bucket,Kg,2026-10-01 to 2026-10-08,,,,,0.12,27.87,,,0.0,-0.035,232.21,consumed_no_issue_record (made in store or untracked),entp_consumption_east_north_01-08Oct2026.csv (Indent Receive Qty); no production record in Restroworks [first pass 1-8 Oct; target window 24 Sep-8 Oct]
Delhi NCR,Sec 15 Faridabad,Raw mango Powder Mix (1 Pkt = 13gm),Kg,2026-10-01 to 2026-10-08,,0.052,17.15,,,,,,0.0,0.013,329.76,issued_from_CK,entp_consumption_east_north_01-08Oct2026.csv (Indent Receive Qty); no production record in Restroworks [first pass 1-8 Oct; target window 24 Sep-8 Oct]
Delhi NCR,Sec 15 Faridabad,Sambar Bucket,Ltr,2026-10-01 to 2026-10-08,,,,,3.0,91.4,1.0,30.47,0.0,-1.0,30.47,consumed_no_issue_record (made in store or untracked),entp_consumption_east_north_01-08Oct2026.csv (Indent Receive Qty); no production record in Restroworks [first pass 1-8 Oct; target window 24 Sep-8 Oct]
Delhi NCR,Sec 15 Faridabad,Sambar Bucket - Delhi,Ltr,2026-10-01 to 2026-10-08,,165.0,5555.75,,236.2,7953.15,15.5,521.9,20.0,-50.15,33.67,issued_from_CK,entp_consumption_east_north_01-08Oct2026.csv (Indent Receive Qty); no production record in Restroworks [first pass 1-8 Oct; target window 24 Sep-8 Oct]
Delhi NCR,Sec 15 Faridabad,Special Daal Bucket,Kg,2026-10-01 to 2026-10-08,,,,,1.448,212.31,,,0.0,-0.422,146.62,consumed_no_issue_record (made in store or untracked),entp_consumption_east_north_01-08Oct2026.csv (Indent Receive Qty); no production record in Restroworks [first pass 1-8 Oct; target window 24 Sep-8 Oct]
Delhi NCR,Sec 15 Faridabad,Special White Coconut Chutney Bucket,Kg,2026-10-01 to 2026-10-08,,,,,1.5,128.56,0.9,77.14,0.0,0.0,85.71,consumed_no_issue_record (made in store or untracked),entp_consumption_east_north_01-08Oct2026.csv (Indent Receive Qty); no production record in Restroworks [first pass 1-8 Oct; target window 24 Sep-8 Oct]
Delhi NCR,Sec 15 Faridabad,Spicy Coconut Chutney Bucket,Kg,2026-10-01 to 2026-10-08,,,,,,,0.72,38.4,0.0,0.0,53.34,wastage_or_return_only,entp_consumption_east_north_01-08Oct2026.csv (Indent Receive Qty); no production record in Restroworks [first pass 1-8 Oct; target window 24 Sep-8 Oct]
Delhi NCR,Sec 15 Faridabad,Spicy Coconut Chutney Mix 1Pkt (16gm),Kg,2026-10-01 to 2026-10-08,,,,,2.222,376.01,,,0.0,-0.65,169.22,consumed_no_issue_record (made in store or untracked),entp_consumption_east_north_01-08Oct2026.csv (Indent Receive Qty); no production record in Restroworks [first pass 1-8 Oct; target window 24 Sep-8 Oct]
Delhi NCR,Sec 15 Faridabad,Srivilli Kheer (1 Pc),Pc,2026-10-01 to 2026-10-08,,16.0,508.01,,7.0,222.25,,,0.0,3.0,31.75,issued_from_CK,entp_consumption_east_north_01-08Oct2026.csv (Indent Receive Qty); no production record in Restroworks [first pass 1-8 Oct; target window 24 Sep-8 Oct]
Delhi NCR,Sec 15 Faridabad,Steam Rice Bucket,Kg,2026-10-01 to 2026-10-08,,3.5,173.55,,2.5,123.96,,,0.0,-0.05,49.58,issued_from_CK,entp_consumption_east_north_01-08Oct2026.csv (Indent Receive Qty); no production record in Restroworks [first pass 1-8 Oct; target window 24 Sep-8 Oct]
Delhi NCR,Sec 15 Faridabad,Sugar Syrup Bucket,Ltr,2026-10-01 to 2026-10-08,,,,,0.4,,,,0.0,0.0,,consumed_no_issue_record (made in store or untracked),entp_consumption_east_north_01-08Oct2026.csv (Indent Receive Qty); no production record in Restroworks [first pass 1-8 Oct; target window 24 Sep-8 Oct]
Delhi NCR,Sec 15 Faridabad,Thatte Idli Pc Raw,Pc,2026-10-01 to 2026-10-08,,66.0,328.54,,70.0,348.46,5.0,24.89,6.0,-3.0,4.98,issued_from_CK,entp_consumption_east_north_01-08Oct2026.csv (Indent Receive Qty); no production record in Restroworks [first pass 1-8 Oct; target window 24 Sep-8 Oct]
Delhi NCR,Sec 15 Faridabad,Thindi Malkapodi Powder Bucket,Kg,2026-10-01 to 2026-10-08,,1.0,199.9,,1.13,225.89,,,0.5,0.23,199.9,issued_from_CK,entp_consumption_east_north_01-08Oct2026.csv (Indent Receive Qty); no production record in Restroworks [first pass 1-8 Oct; target window 24 Sep-8 Oct]
Delhi NCR,Sec 15 Faridabad,Tomato Onion Chutney Bucket,Kg,2026-10-01 to 2026-10-08,,,,,45.99,5317.14,,,0.0,-14.77,115.62,consumed_no_issue_record (made in store or untracked),entp_consumption_east_north_01-08Oct2026.csv (Indent Receive Qty); no production record in Restroworks [first pass 1-8 Oct; target window 24 Sep-8 Oct]
Delhi NCR,Sec 15 Faridabad,Tomato Onion Powder Mix (1 Pkt = 24gm),Kg,2026-10-01 to 2026-10-08,,0.336,174.73,,0.057,29.64,,,0.0,0.012,520.03,issued_from_CK,entp_consumption_east_north_01-08Oct2026.csv (Indent Receive Qty); no production record in Restroworks [first pass 1-8 Oct; target window 24 Sep-8 Oct]
Delhi NCR,Sec 15 Faridabad,Upma Mix (1pkt = 300gm),Kg,2026-10-01 to 2026-10-08,,,,,0.12,10.04,,,0.3,0.3,83.67,consumed_no_issue_record (made in store or untracked),entp_consumption_east_north_01-08Oct2026.csv (Indent Receive Qty); no production record in Restroworks [first pass 1-8 Oct; target window 24 Sep-8 Oct]
Delhi NCR,Sec 18 Noida,Benne Dosa Batter (Pack Size -3 Kg ),Kg,2026-10-01 to 2026-10-08,,60.0,1838.65,,41.1,1259.47,1.45,44.43,11.8,10.125,30.64,issued_from_CK,entp_consumption_east_north_01-08Oct2026.csv (Indent Receive Qty); no production record in Restroworks [first pass 1-8 Oct; target window 24 Sep-8 Oct]
Delhi NCR,Sec 18 Noida,Boiled & Mashed Potato (1Pkt = 3Kg),Kg,2026-10-01 to 2026-10-08,,87.0,2904.83,,10.0,333.89,7.552,252.15,26.0,38.7,33.39,issued_from_CK,entp_consumption_east_north_01-08Oct2026.csv (Indent Receive Qty); no production record in Restroworks [first pass 1-8 Oct; target window 24 Sep-8 Oct]
Delhi NCR,Sec 18 Noida,Boondi,Kg,2026-10-01 to 2026-10-08,,0.5,29.8,,0.33,19.67,,,0.5,0.5549999999999999,59.6,issued_from_CK,entp_consumption_east_north_01-08Oct2026.csv (Indent Receive Qty); no production record in Restroworks [first pass 1-8 Oct; target window 24 Sep-8 Oct]
Delhi NCR,Sec 18 Noida,Chaat Masala Bucket,Kg,2026-10-01 to 2026-10-08,,0.3,92.89,,0.206,63.78,,,0.7999999999999999,0.855,309.63,issued_from_CK,entp_consumption_east_north_01-08Oct2026.csv (Indent Receive Qty); no production record in Restroworks [first pass 1-8 Oct; target window 24 Sep-8 Oct]
Delhi NCR,Sec 18 Noida,Coconut Shredded,Kg,2026-10-01 to 2026-10-08,,35.0,8661.17,,80.416,19899.91,5.1,1262.06,12.484,-7.619999999999999,247.46,issued_from_CK,entp_consumption_east_north_01-08Oct2026.csv (Indent Receive Qty); no production record in Restroworks [first pass 1-8 Oct; target window 24 Sep-8 Oct]
Delhi NCR,Sec 18 Noida,Dahi Bucket Mix (1pkt =105gm),gm,2026-10-01 to 2026-10-08,,1050.0,71.4,,780.0,53.04,,,1875.9,1960.9,0.07,issued_from_CK,entp_consumption_east_north_01-08Oct2026.csv (Indent Receive Qty); no production record in Restroworks [first pass 1-8 Oct; target window 24 Sep-8 Oct]
Delhi NCR,Sec 18 Noida,Dosa Batter Mix,Kg,2026-10-01 to 2026-10-08,,150.0,4545.19,,133.23,4037.04,10.0,303.01,586.0,572.71,30.3,issued_from_CK,entp_consumption_east_north_01-08Oct2026.csv (Indent Receive Qty); no production record in Restroworks [first pass 1-8 Oct; target window 24 Sep-8 Oct]
Delhi NCR,Sec 18 Noida,Frozen Medu Vada (10pc),Pc,2026-10-01 to 2026-10-08,,,,,259.0,1265.01,,,0.0,-68.0,4.88,consumed_no_issue_record (made in store or untracked),entp_consumption_east_north_01-08Oct2026.csv (Indent Receive Qty); no production record in Restroworks [first pass 1-8 Oct; target window 24 Sep-8 Oct]
Delhi NCR,Sec 18 Noida,Garam Masala Powder Bucket,Kg,2026-10-01 to 2026-10-08,,,,,0.011,15.39,,,0.12,0.106,1399.07,consumed_no_issue_record (made in store or untracked),entp_consumption_east_north_01-08Oct2026.csv (Indent Receive Qty); no production record in Restroworks [first pass 1-8 Oct; target window 24 Sep-8 Oct]
Delhi NCR,Sec 18 Noida,Garlic Chutney Bucket,Kg,2026-10-01 to 2026-10-08,,5.0,1276.58,,5.67,1447.64,,,9.0,8.02,255.32,issued_from_CK,entp_consumption_east_north_01-08Oct2026.csv (Indent Receive Qty); no production record in Restroworks [first pass 1-8 Oct; target window 24 Sep-8 Oct]
Delhi NCR,Sec 18 Noida,Idli Pc Raw (1 Pkt =40pc),Pc,2026-10-01 to 2026-10-08,,640.0,1234.22,,642.0,1238.08,,,2726.0,2660.0,1.93,issued_from_CK,entp_consumption_east_north_01-08Oct2026.csv (Indent Receive Qty); no production record in Restroworks [first pass 1-8 Oct; target window 24 Sep-8 Oct]
Delhi NCR,Sec 18 Noida,Imli Water,Ltr,2026-10-01 to 2026-10-08,,2.5,70.96,,5.264,149.42,,,2.0,0.22699999999999998,28.39,issued_from_CK,entp_consumption_east_north_01-08Oct2026.csv (Indent Receive Qty); no production record in Restroworks [first pass 1-8 Oct; target window 24 Sep-8 Oct]
Delhi NCR,Sec 18 Noida,Jain Potato Masala Bucket,Kg,2026-10-01 to 2026-10-08,,3.5,192.71,,,,,,1.0,2.0,55.06,issued_from_CK,entp_consumption_east_north_01-08Oct2026.csv (Indent Receive Qty); no production record in Restroworks [first pass 1-8 Oct; target window 24 Sep-8 Oct]
Delhi NCR,Sec 18 Noida,Jain Sambar - Delhi,Ltr,2026-10-01 to 2026-10-08,,16.0,516.99,,12.8,413.59,,,5.0,4.8,32.31,issued_from_CK,entp_consumption_east_north_01-08Oct2026.csv (Indent Receive Qty); no production record in Restroworks [first pass 1-8 Oct; target window 24 Sep-8 Oct]
Delhi NCR,Sec 18 Noida,Karam Podi Powder Bucket,Kg,2026-10-01 to 2026-10-08,,0.5,96.07,,0.52,99.92,,,17.0,16.42,192.15,issued_from_CK,entp_consumption_east_north_01-08Oct2026.csv (Indent Receive Qty); no production record in Restroworks [first pass 1-8 Oct; target window 24 Sep-8 Oct]
Delhi NCR,Sec 18 Noida,Kesari Halwa Mix  (1pkt = 550gm),Kg,2026-10-01 to 2026-10-08,,2.2,155.97,,1.794,127.19,,,1.6500000000000001,1.6480000000000001,70.9,issued_from_CK,entp_consumption_east_north_01-08Oct2026.csv (Indent Receive Qty); no production record in Restroworks [first pass 1-8 Oct; target window 24 Sep-8 Oct]
Delhi NCR,Sec 18 Noida,Korma Gravy Mix (1pkt=700gm),Kg,2026-10-01 to 2026-10-08,,14.0,2163.75,,8.64,1335.34,0.8,123.64,4.65,5.81,154.55,issued_from_CK,entp_consumption_east_north_01-08Oct2026.csv (Indent Receive Qty); no production record in Restroworks [first pass 1-8 Oct; target window 24 Sep-8 Oct]
Delhi NCR,Sec 18 Noida,Lemon Rice Bucket,Kg,2026-10-01 to 2026-10-08,,5.5,419.36,,3.0,228.74,,,15.6,16.2,76.25,issued_from_CK,entp_consumption_east_north_01-08Oct2026.csv (Indent Receive Qty); no production record in Restroworks [first pass 1-8 Oct; target window 24 Sep-8 Oct]
Delhi NCR,Sec 18 Noida,Malabar Paratha  (1pkt= 6Pcs),Pc,2026-10-01 to 2026-10-08,,12.0,94.13,,97.0,760.9,,,112.0,86.0,7.84,issued_from_CK,entp_consumption_east_north_01-08Oct2026.csv (Indent Receive Qty); no production record in Restroworks [first pass 1-8 Oct; target window 24 Sep-8 Oct]
Delhi NCR,Sec 18 Noida,Malabar Paratha Dough,Pc,2026-10-01 to 2026-10-08,,91.0,680.85,,,,1.0,7.48,22.0,50.0,7.48,issued_from_CK,entp_consumption_east_north_01-08Oct2026.csv (Indent Receive Qty); no production record in Restroworks [first pass 1-8 Oct; target window 24 Sep-8 Oct]
Delhi NCR,Sec 18 Noida,Malkapodi Bucket,Kg,2026-10-01 to 2026-10-08,,1.0,171.45,,1.54,264.03,,,7.0,6.33,171.45,issued_from_CK,entp_consumption_east_north_01-08Oct2026.csv (Indent Receive Qty); no production record in Restroworks [first pass 1-8 Oct; target window 24 Sep-8 Oct]
Delhi NCR,Sec 18 Noida,Medu Vada Batter,Kg,2026-10-01 to 2026-10-08,,17.0,1090.57,,,,4.3,275.85,8.5,11.0,64.15,issued_from_CK,entp_consumption_east_north_01-08Oct2026.csv (Indent Receive Qty); no production record in Restroworks [first pass 1-8 Oct; target window 24 Sep-8 Oct]
Delhi NCR,Sec 18 Noida,Medu Vada Batter Powder Mix (1 Pkt = 23gm),Kg,2026-10-01 to 2026-10-08,,0.276,63.6,,,,,,0.148,0.143,230.43,issued_from_CK,entp_consumption_east_north_01-08Oct2026.csv (Indent Receive Qty); no production record in Restroworks [first pass 1-8 Oct; target window 24 Sep-8 Oct]
Delhi NCR,Sec 18 Noida,Mysore Chutney Bucket,Kg,2026-10-01 to 2026-10-08,,5.0,917.41,,4.36,799.98,,,17.85,17.87,183.48,issued_from_CK,entp_consumption_east_north_01-08Oct2026.csv (Indent Receive Qty); no production record in Restroworks [first pass 1-8 Oct; target window 24 Sep-8 Oct]
Delhi NCR,Sec 18 Noida,Potato Masala Bucket,Kg,2026-10-01 to 2026-10-08,,,,,5.3,,,,332.0,330.0,,consumed_no_issue_record (made in store or untracked),entp_consumption_east_north_01-08Oct2026.csv (Indent Receive Qty); no production record in Restroworks [first pass 1-8 Oct; target window 24 Sep-8 Oct]
Delhi NCR,Sec 18 Noida,Potato Masala Mix (1Pkt = 90Gm),Pkt,2026-10-01 to 2026-10-08,,20.0,209.44,,3.3,34.56,,,12.0,14.911,10.47,issued_from_CK,entp_consumption_east_north_01-08Oct2026.csv (Indent Receive Qty); no production record in Restroworks [first pass 1-8 Oct; target window 24 Sep-8 Oct]
Delhi NCR,Sec 18 Noida,Rasam Bucket,Ltr,2026-10-01 to 2026-10-08,,,,,3.3,120.28,,,44.0,42.6,36.45,consumed_no_issue_record (made in store or untracked),entp_consumption_east_north_01-08Oct2026.csv (Indent Receive Qty); no production record in Restroworks [first pass 1-8 Oct; target window 24 Sep-8 Oct]
Delhi NCR,Sec 18 Noida,Rasam Chhoke Pre-Mix (2 Mix -6gm + 42gm)= 48gm,Kg,2026-10-01 to 2026-10-08,,0.288,72.82,,,,,,0.096,0.24,252.85,issued_from_CK,entp_consumption_east_north_01-08Oct2026.csv (Indent Receive Qty); no production record in Restroworks [first pass 1-8 Oct; target window 24 Sep-8 Oct]
Delhi NCR,Sec 18 Noida,Rasam Mix (1Pkt =15 gm),Kg,2026-10-01 to 2026-10-08,,0.09,27.16,,,,,,0.06,0.075,301.74,issued_from_CK,entp_consumption_east_north_01-08Oct2026.csv (Indent Receive Qty); no production record in Restroworks [first pass 1-8 Oct; target window 24 Sep-8 Oct]
Delhi NCR,Sec 18 Noida,Rava Powder Mix,Kg,2026-10-01 to 2026-10-08,,2.0,187.79,,2.05,192.48,,,6.1,5.9,93.89,issued_from_CK,entp_consumption_east_north_01-08Oct2026.csv (Indent Receive Qty); no production record in Restroworks [first pass 1-8 Oct; target window 24 Sep-8 Oct]
Delhi NCR,Sec 18 Noida,Raw Mango Chutney Bucket,Kg,2026-10-01 to 2026-10-08,,,,,2.15,486.01,,,5.0,4.55,226.05,consumed_no_issue_record (made in store or untracked),entp_consumption_east_north_01-08Oct2026.csv (Indent Receive Qty); no production record in Restroworks [first pass 1-8 Oct; target window 24 Sep-8 Oct]
Delhi NCR,Sec 18 Noida,Raw Mango Pickle Bucket,Kg,2026-10-01 to 2026-10-08,,0.5,116.21,,0.345,80.18,,,2.15,2.11,232.42,issued_from_CK,entp_consumption_east_north_01-08Oct2026.csv (Indent Receive Qty); no production record in Restroworks [first pass 1-8 Oct; target window 24 Sep-8 Oct]
Delhi NCR,Sec 18 Noida,Raw mango Powder Mix (1 Pkt = 13gm),Kg,2026-10-01 to 2026-10-08,,0.052,17.12,,,,,,0.036,0.065,329.32,issued_from_CK,entp_consumption_east_north_01-08Oct2026.csv (Indent Receive Qty); no production record in Restroworks [first pass 1-8 Oct; target window 24 Sep-8 Oct]
Delhi NCR,Sec 18 Noida,Sambar Bucket,Ltr,2026-10-01 to 2026-10-08,,,,,1.0,30.47,,,645.0,645.0,30.47,consumed_no_issue_record (made in store or untracked),entp_consumption_east_north_01-08Oct2026.csv (Indent Receive Qty); no production record in Restroworks [first pass 1-8 Oct; target window 24 Sep-8 Oct]
Delhi NCR,Sec 18 Noida,Sambar Bucket - Delhi,Ltr,2026-10-01 to 2026-10-08,,285.0,9577.63,,353.65,11884.67,,,80.0,52.2,33.61,issued_from_CK,entp_consumption_east_north_01-08Oct2026.csv (Indent Receive Qty); no production record in Restroworks [first pass 1-8 Oct; target window 24 Sep-8 Oct]
Delhi NCR,Sec 18 Noida,Special Daal Bucket,Kg,2026-10-01 to 2026-10-08,,1.0,147.37,,2.932,432.09,,,6.3,5.07,147.37,issued_from_CK,entp_consumption_east_north_01-08Oct2026.csv (Indent Receive Qty); no production record in Restroworks [first pass 1-8 Oct; target window 24 Sep-8 Oct]
Delhi NCR,Sec 18 Noida,Special White Coconut Chutney Bucket,Kg,2026-10-01 to 2026-10-08,,,,,0.5,,,,172.0,172.0,,consumed_no_issue_record (made in store or untracked),entp_consumption_east_north_01-08Oct2026.csv (Indent Receive Qty); no production record in Restroworks [first pass 1-8 Oct; target window 24 Sep-8 Oct]
Delhi NCR,Sec 18 Noida,Spicy Coconut Chutney Mix 1Pkt (16gm),Kg,2026-10-01 to 2026-10-08,,,,,3.718,629.16,,,0.0,-1.061,169.22,consumed_no_issue_record (made in store or untracked),entp_consumption_east_north_01-08Oct2026.csv (Indent Receive Qty); no production record in Restroworks [first pass 1-8 Oct; target window 24 Sep-8 Oct]
Delhi NCR,Sec 18 Noida,Srivilli Kheer (1 Pc),Pc,2026-10-01 to 2026-10-08,,31.0,989.86,,20.0,638.62,,,4.0,4.0,31.93,issued_from_CK,entp_consumption_east_north_01-08Oct2026.csv (Indent Receive Qty); no production record in Restroworks [first pass 1-8 Oct; target window 24 Sep-8 Oct]
Delhi NCR,Sec 18 Noida,Steam Rice Bucket,Kg,2026-10-01 to 2026-10-08,,11.0,539.03,,7.1,347.92,0.85,41.65,23.0,23.8,49.0,issued_from_CK,entp_consumption_east_north_01-08Oct2026.csv (Indent Receive Qty); no production record in Restroworks [first pass 1-8 Oct; target window 24 Sep-8 Oct]
Delhi NCR,Sec 18 Noida,Thatte Idli Pc Raw,Pc,2026-10-01 to 2026-10-08,,76.0,381.03,,88.0,441.2,2.0,10.03,48.0,35.0,5.01,issued_from_CK,entp_consumption_east_north_01-08Oct2026.csv (Indent Receive Qty); no production record in Restroworks [first pass 1-8 Oct; target window 24 Sep-8 Oct]
Delhi NCR,Sec 18 Noida,Thindi Malkapodi Powder Bucket,Kg,2026-10-01 to 2026-10-08,,1.0,200.07,,1.56,312.11,,,1.5,1.255,200.07,issued_from_CK,entp_consumption_east_north_01-08Oct2026.csv (Indent Receive Qty); no production record in Restroworks [first pass 1-8 Oct; target window 24 Sep-8 Oct]
Delhi NCR,Sec 18 Noida,Tomato Onion Chutney Bucket,Kg,2026-10-01 to 2026-10-08,,,,,85.07,11414.8,,,63.0,36.739999999999995,134.18,consumed_no_issue_record (made in store or untracked),entp_consumption_east_north_01-08Oct2026.csv (Indent Receive Qty); no production record in Restroworks [first pass 1-8 Oct; target window 24 Sep-8 Oct]
Delhi NCR,Sec 18 Noida,Tomato Onion Powder Mix (1 Pkt = 24gm),Kg,2026-10-01 to 2026-10-08,,1.54,801.83,,0.156,81.22,,,0.764,0.929,520.67,issued_from_CK,entp_consumption_east_north_01-08Oct2026.csv (Indent Receive Qty); no production record in Restroworks [first pass 1-8 Oct; target window 24 Sep-8 Oct]
Delhi NCR,Sec 18 Noida,Upma Mix (1pkt = 300gm),Kg,2026-10-01 to 2026-10-08,,0.3,25.11,,0.3,25.11,,,0.8999999999999999,0.78,83.68,issued_from_CK,entp_consumption_east_north_01-08Oct2026.csv (Indent Receive Qty); no production record in Restroworks [first pass 1-8 Oct; target window 24 Sep-8 Oct]
Delhi NCR,Sec 31 - Gurgaon,Benne Dosa Batter (Pack Size -3 Kg ),Kg,2026-10-01 to 2026-10-08,,62.0,1764.52,,31.65,900.76,6.25,177.88,3.0,12.775,28.46,issued_from_CK,entp_consumption_east_north_01-08Oct2026.csv (Indent Receive Qty); no production record in Restroworks [first pass 1-8 Oct; target window 24 Sep-8 Oct]
Delhi NCR,Sec 31 - Gurgaon,Boiled & Mashed Potato (1Pkt = 3Kg),Kg,2026-10-01 to 2026-10-08,,51.0,1685.47,,54.342,1795.9,,,8.0,2.525,33.05,issued_from_CK,entp_consumption_east_north_01-08Oct2026.csv (Indent Receive Qty); no production record in Restroworks [first pass 1-8 Oct; target window 24 Sep-8 Oct]
Delhi NCR,Sec 31 - Gurgaon,Boondi,Kg,2026-10-01 to 2026-10-08,,0.25,14.81,,0.135,8.0,,,0.2,0.22,59.25,issued_from_CK,entp_consumption_east_north_01-08Oct2026.csv (Indent Receive Qty); no production record in Restroworks [first pass 1-8 Oct; target window 24 Sep-8 Oct]
Delhi NCR,Sec 31 - Gurgaon,Chaat Masala Bucket,Kg,2026-10-01 to 2026-10-08,,0.1,30.92,,0.109,33.7,,,0.03,-0.014,309.15,issued_from_CK,entp_consumption_east_north_01-08Oct2026.csv (Indent Receive Qty); no production record in Restroworks [first pass 1-8 Oct; target window 24 Sep-8 Oct]
Delhi NCR,Sec 31 - Gurgaon,Coconut Shredded,Kg,2026-10-01 to 2026-10-08,,15.0,3802.46,,68.333,17322.22,,,2.0,-16.18,253.5,issued_from_CK,entp_consumption_east_north_01-08Oct2026.csv (Indent Receive Qty); no production record in Restroworks [first pass 1-8 Oct; target window 24 Sep-8 Oct]
Delhi NCR,Sec 31 - Gurgaon,Dahi Bucket Mix (1pkt =105gm),gm,2026-10-01 to 2026-10-08,,315.63,22.74,,375.0,27.02,,,0.0,390.21,0.07,issued_from_CK,entp_consumption_east_north_01-08Oct2026.csv (Indent Receive Qty); no production record in Restroworks [first pass 1-8 Oct; target window 24 Sep-8 Oct]
Delhi NCR,Sec 31 - Gurgaon,Dosa Batter Mix,Kg,2026-10-01 to 2026-10-08,,95.0,2846.12,,61.12,1831.11,5.25,157.29,14.0,20.21,29.96,issued_from_CK,entp_consumption_east_north_01-08Oct2026.csv (Indent Receive Qty); no production record in Restroworks [first pass 1-8 Oct; target window 24 Sep-8 Oct]
Delhi NCR,Sec 31 - Gurgaon,Frozen Medu Vada (10pc),Pc,2026-10-01 to 2026-10-08,,,,,138.0,,,,0.0,-47.0,,consumed_no_issue_record (made in store or untracked),entp_consumption_east_north_01-08Oct2026.csv (Indent Receive Qty); no production record in Restroworks [first pass 1-8 Oct; target window 24 Sep-8 Oct]
Delhi NCR,Sec 31 - Gurgaon,Garam Masala Powder Bucket,Kg,2026-10-01 to 2026-10-08,,,,,0.005,7.05,,,0.0,0.019,1409.13,consumed_no_issue_record (made in store or untracked),entp_consumption_east_north_01-08Oct2026.csv (Indent Receive Qty); no production record in Restroworks [first pass 1-8 Oct; target window 24 Sep-8 Oct]
Delhi NCR,Sec 31 - Gurgaon,Garlic Chutney Bucket,Kg,2026-10-01 to 2026-10-08,,5.0,1253.5,,4.3,1078.01,0.19,47.63,0.7,0.67,250.7,issued_from_CK,entp_consumption_east_north_01-08Oct2026.csv (Indent Receive Qty); no production record in Restroworks [first pass 1-8 Oct; target window 24 Sep-8 Oct]
Delhi NCR,Sec 31 - Gurgaon,Idli Batter,Kg,2026-10-01 to 2026-10-08,,,,,,,2.0,60.48,0.0,0.0,30.24,wastage_or_return_only,entp_consumption_east_north_01-08Oct2026.csv (Indent Receive Qty); no production record in Restroworks [first pass 1-8 Oct; target window 24 Sep-8 Oct]
Delhi NCR,Sec 31 - Gurgaon,Idli Pc Raw (1 Pkt =40pc),Pc,2026-10-01 to 2026-10-08,,330.0,641.21,,297.0,577.09,21.0,40.8,0.0,19.0,1.94,issued_from_CK,entp_consumption_east_north_01-08Oct2026.csv (Indent Receive Qty); no production record in Restroworks [first pass 1-8 Oct; target window 24 Sep-8 Oct]
Delhi NCR,Sec 31 - Gurgaon,Imli Water,Ltr,2026-10-01 to 2026-10-08,,4.0,107.48,,2.986,80.22,,,0.5,1.435,26.87,issued_from_CK,entp_consumption_east_north_01-08Oct2026.csv (Indent Receive Qty); no production record in Restroworks [first pass 1-8 Oct; target window 24 Sep-8 Oct]
Delhi NCR,Sec 31 - Gurgaon,Jain Sambar - Delhi,Ltr,2026-10-01 to 2026-10-08,,9.0,282.15,,6.4,200.64,,,0.0,0.2,31.35,issued_from_CK,entp_consumption_east_north_01-08Oct2026.csv (Indent Receive Qty); no production record in Restroworks [first pass 1-8 Oct; target window 24 Sep-8 Oct]
Delhi NCR,Sec 31 - Gurgaon,Karam Podi Powder Bucket,Kg,2026-10-01 to 2026-10-08,,0.5,93.97,,0.36,67.65,,,0.8,0.47,187.93,issued_from_CK,entp_consumption_east_north_01-08Oct2026.csv (Indent Receive Qty); no production record in Restroworks [first pass 1-8 Oct; target window 24 Sep-8 Oct]
Delhi NCR,Sec 31 - Gurgaon,Kesari Halwa Mix  (1pkt = 550gm),Kg,2026-10-01 to 2026-10-08,,2.2,165.02,,0.966,72.46,,,0.7,1.312,75.01,issued_from_CK,entp_consumption_east_north_01-08Oct2026.csv (Indent Receive Qty); no production record in Restroworks [first pass 1-8 Oct; target window 24 Sep-8 Oct]
Delhi NCR,Sec 31 - Gurgaon,Korma Gravy Mix (1pkt=700gm),Kg,2026-10-01 to 2026-10-08,,7.7,1197.19,,4.5,699.66,,,0.2,1.54,155.48,issued_from_CK,entp_consumption_east_north_01-08Oct2026.csv (Indent Receive Qty); no production record in Restroworks [first pass 1-8 Oct; target window 24 Sep-8 Oct]
Delhi NCR,Sec 31 - Gurgaon,Lemon Rice Bucket,Kg,2026-10-01 to 2026-10-08,,2.5,199.1,,1.8,143.35,,,0.25,0.2,79.64,issued_from_CK,entp_consumption_east_north_01-08Oct2026.csv (Indent Receive Qty); no production record in Restroworks [first pass 1-8 Oct; target window 24 Sep-8 Oct]
Delhi NCR,Sec 31 - Gurgaon,Malabar Paratha  (1pkt= 6Pcs),Pc,2026-10-01 to 2026-10-08,,12.0,100.52,,53.0,443.96,,,0.0,-14.0,8.38,issued_from_CK,entp_consumption_east_north_01-08Oct2026.csv (Indent Receive Qty); no production record in Restroworks [first pass 1-8 Oct; target window 24 Sep-8 Oct]
Delhi NCR,Sec 31 - Gurgaon,Malabar Paratha Dough,Pc,2026-10-01 to 2026-10-08,,58.0,435.98,,,,,,0.0,22.0,7.52,issued_from_CK,entp_consumption_east_north_01-08Oct2026.csv (Indent Receive Qty); no production record in Restroworks [first pass 1-8 Oct; target window 24 Sep-8 Oct]
Delhi NCR,Sec 31 - Gurgaon,Malkapodi Bucket,Kg,2026-10-01 to 2026-10-08,,1.0,169.61,,1.185,200.99,,,0.15,0.15,169.61,issued_from_CK,entp_consumption_east_north_01-08Oct2026.csv (Indent Receive Qty); no production record in Restroworks [first pass 1-8 Oct; target window 24 Sep-8 Oct]
Delhi NCR,Sec 31 - Gurgaon,Medu Vada Batter Mix,Kg,2026-10-01 to 2026-10-08,,6.0,437.47,,,,,,1.5,2.5,72.91,issued_from_CK,entp_consumption_east_north_01-08Oct2026.csv (Indent Receive Qty); no production record in Restroworks [first pass 1-8 Oct; target window 24 Sep-8 Oct]
Delhi NCR,Sec 31 - Gurgaon,Medu Vada Batter Powder Mix (1 Pkt = 23gm),Kg,2026-10-01 to 2026-10-08,,0.069,15.72,,,,,,0.0,0.046,227.86,issued_from_CK,entp_consumption_east_north_01-08Oct2026.csv (Indent Receive Qty); no production record in Restroworks [first pass 1-8 Oct; target window 24 Sep-8 Oct]
Delhi NCR,Sec 31 - Gurgaon,Mysore Chutney Bucket,Kg,2026-10-01 to 2026-10-08,,5.0,932.43,,3.9,727.3,0.19,35.43,0.0,0.8,186.49,issued_from_CK,entp_consumption_east_north_01-08Oct2026.csv (Indent Receive Qty); no production record in Restroworks [first pass 1-8 Oct; target window 24 Sep-8 Oct]
Delhi NCR,Sec 31 - Gurgaon,Potato Masala Bucket,Kg,2026-10-01 to 2026-10-08,,,,,2.1,,,,0.0,-0.8,,consumed_no_issue_record (made in store or untracked),entp_consumption_east_north_01-08Oct2026.csv (Indent Receive Qty); no production record in Restroworks [first pass 1-8 Oct; target window 24 Sep-8 Oct]
Delhi NCR,Sec 31 - Gurgaon,Potato Masala Mix (1Pkt = 90Gm),Pkt,2026-10-01 to 2026-10-08,,14.0,148.41,,18.095,191.82,,,0.0,0.348,10.6,issued_from_CK,entp_consumption_east_north_01-08Oct2026.csv (Indent Receive Qty); no production record in Restroworks [first pass 1-8 Oct; target window 24 Sep-8 Oct]
Delhi NCR,Sec 31 - Gurgaon,Rasam Bucket,Ltr,2026-10-01 to 2026-10-08,,,,,2.9,,,,0.0,-1.2,,consumed_no_issue_record (made in store or untracked),entp_consumption_east_north_01-08Oct2026.csv (Indent Receive Qty); no production record in Restroworks [first pass 1-8 Oct; target window 24 Sep-8 Oct]
Delhi NCR,Sec 31 - Gurgaon,Rasam Chhoke Pre-Mix (2 Mix -6gm + 42gm)= 48gm,Kg,2026-10-01 to 2026-10-08,,0.144,36.36,,,,,,0.048,0.096,252.5,issued_from_CK,entp_consumption_east_north_01-08Oct2026.csv (Indent Receive Qty); no production record in Restroworks [first pass 1-8 Oct; target window 24 Sep-8 Oct]
Delhi NCR,Sec 31 - Gurgaon,Rasam Mix (1Pkt =15 gm),Kg,2026-10-01 to 2026-10-08,,0.06,18.12,,,,,,0.015,0.03,302.0,issued_from_CK,entp_consumption_east_north_01-08Oct2026.csv (Indent Receive Qty); no production record in Restroworks [first pass 1-8 Oct; target window 24 Sep-8 Oct]
Delhi NCR,Sec 31 - Gurgaon,Rava Powder Mix,Kg,2026-10-01 to 2026-10-08,,2.0,182.97,,1.2,109.78,,,1.0,1.05,91.48,issued_from_CK,entp_consumption_east_north_01-08Oct2026.csv (Indent Receive Qty); no production record in Restroworks [first pass 1-8 Oct; target window 24 Sep-8 Oct]
Delhi NCR,Sec 31 - Gurgaon,Raw Mango Chutney Bucket,Kg,2026-10-01 to 2026-10-08,,,,,2.4,,,,0.0,-0.59,,consumed_no_issue_record (made in store or untracked),entp_consumption_east_north_01-08Oct2026.csv (Indent Receive Qty); no production record in Restroworks [first pass 1-8 Oct; target window 24 Sep-8 Oct]
Delhi NCR,Sec 31 - Gurgaon,Raw Mango Pickle Bucket,Kg,2026-10-01 to 2026-10-08,,0.25,56.09,,0.13,29.17,,,0.2,0.195,224.36,issued_from_CK,entp_consumption_east_north_01-08Oct2026.csv (Indent Receive Qty); no production record in Restroworks [first pass 1-8 Oct; target window 24 Sep-8 Oct]
Delhi NCR,Sec 31 - Gurgaon,Raw mango Powder Mix (1 Pkt = 13gm),Kg,2026-10-01 to 2026-10-08,,0.026,8.81,,,,,,0.026,0.026,338.88,issued_from_CK,entp_consumption_east_north_01-08Oct2026.csv (Indent Receive Qty); no production record in Restroworks [first pass 1-8 Oct; target window 24 Sep-8 Oct]
Delhi NCR,Sec 31 - Gurgaon,Sambar Bucket,Ltr,2026-10-01 to 2026-10-08,,,,,1.0,,,,0.0,0.0,,consumed_no_issue_record (made in store or untracked),entp_consumption_east_north_01-08Oct2026.csv (Indent Receive Qty); no production record in Restroworks [first pass 1-8 Oct; target window 24 Sep-8 Oct]
Delhi NCR,Sec 31 - Gurgaon,Sambar Bucket - Delhi,Ltr,2026-10-01 to 2026-10-08,,200.0,6507.3,,217.7,7083.2,,,0.0,1.05,32.54,issued_from_CK,entp_consumption_east_north_01-08Oct2026.csv (Indent Receive Qty); no production record in Restroworks [first pass 1-8 Oct; target window 24 Sep-8 Oct]
Delhi NCR,Sec 31 - Gurgaon,Special Daal Bucket,Kg,2026-10-01 to 2026-10-08,,2.0,300.94,,1.61,242.18,,,0.0,0.54,150.47,issued_from_CK,entp_consumption_east_north_01-08Oct2026.csv (Indent Receive Qty); no production record in Restroworks [first pass 1-8 Oct; target window 24 Sep-8 Oct]
Delhi NCR,Sec 31 - Gurgaon,Special White Coconut Chutney Bucket,Kg,2026-10-01 to 2026-10-08,,,,,0.5,,,,0.0,0.0,,consumed_no_issue_record (made in store or untracked),entp_consumption_east_north_01-08Oct2026.csv (Indent Receive Qty); no production record in Restroworks [first pass 1-8 Oct; target window 24 Sep-8 Oct]
Delhi NCR,Sec 31 - Gurgaon,Spicy Coconut Chutney Mix 1Pkt (16gm),Kg,2026-10-01 to 2026-10-08,,,,,2.121,,,,0.0,-0.676,,consumed_no_issue_record (made in store or untracked),entp_consumption_east_north_01-08Oct2026.csv (Indent Receive Qty); no production record in Restroworks [first pass 1-8 Oct; target window 24 Sep-8 Oct]
Delhi NCR,Sec 31 - Gurgaon,Srivilli Kheer (1 Pc),Pc,2026-10-01 to 2026-10-08,,15.0,485.66,,7.0,226.64,,,2.0,4.0,32.38,issued_from_CK,entp_consumption_east_north_01-08Oct2026.csv (Indent Receive Qty); no production record in Restroworks [first pass 1-8 Oct; target window 24 Sep-8 Oct]
Delhi NCR,Sec 31 - Gurgaon,Steam Rice Bucket,Kg,2026-10-01 to 2026-10-08,,4.0,219.82,,3.05,167.61,,,1.0,0.4,54.95,issued_from_CK,entp_consumption_east_north_01-08Oct2026.csv (Indent Receive Qty); no production record in Restroworks [first pass 1-8 Oct; target window 24 Sep-8 Oct]
Delhi NCR,Sec 31 - Gurgaon,Sugar Syrup Bucket,Ltr,2026-10-01 to 2026-10-08,,,,,1.4,,,,0.0,-0.35,,consumed_no_issue_record (made in store or untracked),entp_consumption_east_north_01-08Oct2026.csv (Indent Receive Qty); no production record in Restroworks [first pass 1-8 Oct; target window 24 Sep-8 Oct]
Delhi NCR,Sec 31 - Gurgaon,Thatte Idli Pc Raw,Pc,2026-10-01 to 2026-10-08,,72.0,374.12,,64.0,332.55,15.0,77.94,20.0,13.0,5.2,issued_from_CK,entp_consumption_east_north_01-08Oct2026.csv (Indent Receive Qty); no production record in Restroworks [first pass 1-8 Oct; target window 24 Sep-8 Oct]
Delhi NCR,Sec 31 - Gurgaon,Thindi Malkapodi Powder Bucket,Kg,2026-10-01 to 2026-10-08,,1.0,198.32,,1.2,237.98,,,0.0,0.16,198.32,issued_from_CK,entp_consumption_east_north_01-08Oct2026.csv (Indent Receive Qty); no production record in Restroworks [first pass 1-8 Oct; target window 24 Sep-8 Oct]
Delhi NCR,Sec 31 - Gurgaon,Tomato Onion Chutney Bucket,Kg,2026-10-01 to 2026-10-08,,,,,45.58,4749.46,,,0.0,-15.34,104.2,consumed_no_issue_record (made in store or untracked),entp_consumption_east_north_01-08Oct2026.csv (Indent Receive Qty); no production record in Restroworks [first pass 1-8 Oct; target window 24 Sep-8 Oct]
Delhi NCR,Sec 31 - Gurgaon,Tomato Onion Powder Mix (1 Pkt = 24gm),Kg,2026-10-01 to 2026-10-08,,1.824,947.45,,0.156,81.03,,,0.288,0.829,519.44,issued_from_CK,entp_consumption_east_north_01-08Oct2026.csv (Indent Receive Qty); no production record in Restroworks [first pass 1-8 Oct; target window 24 Sep-8 Oct]
Delhi NCR,Sec 31 - Gurgaon,Upma Mix (1pkt = 300gm),Kg,2026-10-01 to 2026-10-08,,0.3,25.28,,0.18,15.17,,,0.6,0.54,84.27,issued_from_CK,entp_consumption_east_north_01-08Oct2026.csv (Indent Receive Qty); no production record in Restroworks [first pass 1-8 Oct; target window 24 Sep-8 Oct]
Delhi NCR,Shalimar Bagh,Benne Dosa Batter (Pack Size -3 Kg ),Kg,2026-10-01 to 2026-10-08,,68.0,1965.36,,45.075,1302.78,10.0,289.02,10.0,17.75,28.9,issued_from_CK,entp_consumption_east_north_01-08Oct2026.csv (Indent Receive Qty); no production record in Restroworks [first pass 1-8 Oct; target window 24 Sep-8 Oct]
Delhi NCR,Shalimar Bagh,Boiled & Mashed Potato (1Pkt = 3Kg),Kg,2026-10-01 to 2026-10-08,,75.0,2468.06,,90.883,2990.73,,,6.0,4.233,32.91,issued_from_CK,entp_consumption_east_north_01-08Oct2026.csv (Indent Receive Qty); no production record in Restroworks [first pass 1-8 Oct; target window 24 Sep-8 Oct]
Delhi NCR,Shalimar Bagh,Boondi,Kg,2026-10-01 to 2026-10-08,,0.5,29.48,,0.345,20.34,,,0.4,0.485,58.97,issued_from_CK,entp_consumption_east_north_01-08Oct2026.csv (Indent Receive Qty); no production record in Restroworks [first pass 1-8 Oct; target window 24 Sep-8 Oct]
Delhi NCR,Shalimar Bagh,Chaat Masala Bucket,Kg,2026-10-01 to 2026-10-08,,0.3,92.01,,0.166,50.91,,,0.2,0.131,306.71,issued_from_CK,entp_consumption_east_north_01-08Oct2026.csv (Indent Receive Qty); no production record in Restroworks [first pass 1-8 Oct; target window 24 Sep-8 Oct]
Delhi NCR,Shalimar Bagh,Coconut Shredded,Kg,2026-10-01 to 2026-10-08,,18.0,4540.19,,85.261,21505.69,2.9,731.47,3.0,-20.256,252.23,issued_from_CK,entp_consumption_east_north_01-08Oct2026.csv (Indent Receive Qty); no production record in Restroworks [first pass 1-8 Oct; target window 24 Sep-8 Oct]
Delhi NCR,Shalimar Bagh,Dahi Bucket Mix (1pkt =105gm),gm,2026-10-01 to 2026-10-08,,525.525,37.1,,645.0,45.53,,,300.0,130.525,0.07,issued_from_CK,entp_consumption_east_north_01-08Oct2026.csv (Indent Receive Qty); no production record in Restroworks [first pass 1-8 Oct; target window 24 Sep-8 Oct]
Delhi NCR,Shalimar Bagh,Dosa Batter Mix,Kg,2026-10-01 to 2026-10-08,,140.0,4236.81,,80.52,2436.77,14.7,444.87,12.0,39.69,30.26,issued_from_CK,entp_consumption_east_north_01-08Oct2026.csv (Indent Receive Qty); no production record in Restroworks [first pass 1-8 Oct; target window 24 Sep-8 Oct]
Delhi NCR,Shalimar Bagh,Frozen Medu Vada (10pc),Pc,2026-10-01 to 2026-10-08,,,,,230.0,,,,0.0,-88.0,,consumed_no_issue_record (made in store or untracked),entp_consumption_east_north_01-08Oct2026.csv (Indent Receive Qty); no production record in Restroworks [first pass 1-8 Oct; target window 24 Sep-8 Oct]
Delhi NCR,Shalimar Bagh,Garam Masala Powder Bucket,Kg,2026-10-01 to 2026-10-08,,,,,0.003,4.51,,,0.0,0.099,1410.8,consumed_no_issue_record (made in store or untracked),entp_consumption_east_north_01-08Oct2026.csv (Indent Receive Qty); no production record in Restroworks [first pass 1-8 Oct; target window 24 Sep-8 Oct]
Delhi NCR,Shalimar Bagh,Garlic Chutney Bucket,Kg,2026-10-01 to 2026-10-08,,4.5,1127.37,,3.61,904.41,0.65,162.84,0.0,-0.22,250.53,issued_from_CK,entp_consumption_east_north_01-08Oct2026.csv (Indent Receive Qty); no production record in Restroworks [first pass 1-8 Oct; target window 24 Sep-8 Oct]
Delhi NCR,Shalimar Bagh,Idli Pc Raw (1 Pkt =40pc),Pc,2026-10-01 to 2026-10-08,,400.0,778.26,,425.0,826.91,15.0,29.18,50.0,-1.0,1.95,issued_from_CK,entp_consumption_east_north_01-08Oct2026.csv (Indent Receive Qty); no production record in Restroworks [first pass 1-8 Oct; target window 24 Sep-8 Oct]
Delhi NCR,Shalimar Bagh,Imli Water,Ltr,2026-10-01 to 2026-10-08,,4.0,113.31,,4.147,117.47,,,0.5,0.562,28.33,issued_from_CK,entp_consumption_east_north_01-08Oct2026.csv (Indent Receive Qty); no production record in Restroworks [first pass 1-8 Oct; target window 24 Sep-8 Oct]
Delhi NCR,Shalimar Bagh,Jain Sambar - Delhi,Ltr,2026-10-01 to 2026-10-08,,10.0,316.88,,7.4,234.49,0.5,15.84,1.0,1.3,31.69,issued_from_CK,entp_consumption_east_north_01-08Oct2026.csv (Indent Receive Qty); no production record in Restroworks [first pass 1-8 Oct; target window 24 Sep-8 Oct]
Delhi NCR,Shalimar Bagh,Karam Podi Powder Bucket,Kg,2026-10-01 to 2026-10-08,,1.5,283.52,,0.72,136.09,,,0.7,1.26,189.02,issued_from_CK,entp_consumption_east_north_01-08Oct2026.csv (Indent Receive Qty); no production record in Restroworks [first pass 1-8 Oct; target window 24 Sep-8 Oct]
Delhi NCR,Shalimar Bagh,Kesari Halwa Mix  (1pkt = 550gm),Kg,2026-10-01 to 2026-10-08,,3.3,244.92,,2.277,168.99,,,1.1,1.51,74.22,issued_from_CK,entp_consumption_east_north_01-08Oct2026.csv (Indent Receive Qty); no production record in Restroworks [first pass 1-8 Oct; target window 24 Sep-8 Oct]
Delhi NCR,Shalimar Bagh,Korma Gravy Mix (1pkt=700gm),Kg,2026-10-01 to 2026-10-08,,9.1,1408.37,,5.68,879.07,,,1.4,1.58,154.77,issued_from_CK,entp_consumption_east_north_01-08Oct2026.csv (Indent Receive Qty); no production record in Restroworks [first pass 1-8 Oct; target window 24 Sep-8 Oct]
Delhi NCR,Shalimar Bagh,Lemon Rice Bucket,Kg,2026-10-01 to 2026-10-08,,3.0,235.5,,0.8,62.8,0.5,39.25,0.5,0.6,78.5,issued_from_CK,entp_consumption_east_north_01-08Oct2026.csv (Indent Receive Qty); no production record in Restroworks [first pass 1-8 Oct; target window 24 Sep-8 Oct]
Delhi NCR,Shalimar Bagh,Malabar Paratha  (1pkt= 6Pcs),Pc,2026-10-01 to 2026-10-08,,,,,63.0,521.45,6.0,49.66,0.0,-12.0,8.28,consumed_no_issue_record (made in store or untracked),entp_consumption_east_north_01-08Oct2026.csv (Indent Receive Qty); no production record in Restroworks [first pass 1-8 Oct; target window 24 Sep-8 Oct]
Delhi NCR,Shalimar Bagh,Malabar Paratha Dough,Pc,2026-10-01 to 2026-10-08,,78.0,583.24,,,,6.0,44.86,4.0,22.0,7.48,issued_from_CK,entp_consumption_east_north_01-08Oct2026.csv (Indent Receive Qty); no production record in Restroworks [first pass 1-8 Oct; target window 24 Sep-8 Oct]
Delhi NCR,Shalimar Bagh,Malkapodi Bucket,Kg,2026-10-01 to 2026-10-08,,1.5,254.28,,0.95,161.04,,,0.5,0.86,169.52,issued_from_CK,entp_consumption_east_north_01-08Oct2026.csv (Indent Receive Qty); no production record in Restroworks [first pass 1-8 Oct; target window 24 Sep-8 Oct]
Delhi NCR,Shalimar Bagh,Medu Vada Batter,Kg,2026-10-01 to 2026-10-08,,,,,,,0.4,,0.0,-0.4,,wastage_or_return_only,entp_consumption_east_north_01-08Oct2026.csv (Indent Receive Qty); no production record in Restroworks [first pass 1-8 Oct; target window 24 Sep-8 Oct]
Delhi NCR,Shalimar Bagh,Medu Vada Batter Mix,Kg,2026-10-01 to 2026-10-08,,,,,,,0.8,57.65,0.0,-0.4,72.06,wastage_or_return_only,entp_consumption_east_north_01-08Oct2026.csv (Indent Receive Qty); no production record in Restroworks [first pass 1-8 Oct; target window 24 Sep-8 Oct]
Delhi NCR,Shalimar Bagh,Medu Vada Batter Powder Mix (1 Pkt = 23gm),Kg,2026-10-01 to 2026-10-08,,0.11,25.2,,,,,,0.1,0.686,229.06,issued_from_CK,entp_consumption_east_north_01-08Oct2026.csv (Indent Receive Qty); no production record in Restroworks [first pass 1-8 Oct; target window 24 Sep-8 Oct]
Delhi NCR,Shalimar Bagh,Mysore Chutney Bucket,Kg,2026-10-01 to 2026-10-08,,4.0,742.27,,4.07,755.26,0.5,92.78,0.5,0.27,185.57,issued_from_CK,entp_consumption_east_north_01-08Oct2026.csv (Indent Receive Qty); no production record in Restroworks [first pass 1-8 Oct; target window 24 Sep-8 Oct]
Delhi NCR,Shalimar Bagh,Potato Masala Bucket,Kg,2026-10-01 to 2026-10-08,,,,,1.4,,,,3.0,-0.4,,consumed_no_issue_record (made in store or untracked),entp_consumption_east_north_01-08Oct2026.csv (Indent Receive Qty); no production record in Restroworks [first pass 1-8 Oct; target window 24 Sep-8 Oct]
Delhi NCR,Shalimar Bagh,Potato Masala Mix (1Pkt = 90Gm),Pkt,2026-10-01 to 2026-10-08,,16.0,169.12,,30.269,319.95,,,5.0,-1.582,10.57,issued_from_CK,entp_consumption_east_north_01-08Oct2026.csv (Indent Receive Qty); no production record in Restroworks [first pass 1-8 Oct; target window 24 Sep-8 Oct]
Delhi NCR,Shalimar Bagh,Rasam Bucket,Ltr,2026-10-01 to 2026-10-08,,,,,3.8,,,,0.0,-1.5,,consumed_no_issue_record (made in store or untracked),entp_consumption_east_north_01-08Oct2026.csv (Indent Receive Qty); no production record in Restroworks [first pass 1-8 Oct; target window 24 Sep-8 Oct]
Delhi NCR,Shalimar Bagh,Rasam Chhoke Pre-Mix (2 Mix -6gm + 42gm)= 48gm,Kg,2026-10-01 to 2026-10-08,,0.384,96.59,,,,,,0.2,0.192,251.53,issued_from_CK,entp_consumption_east_north_01-08Oct2026.csv (Indent Receive Qty); no production record in Restroworks [first pass 1-8 Oct; target window 24 Sep-8 Oct]
Delhi NCR,Shalimar Bagh,Rasam Mix (1Pkt =15 gm),Kg,2026-10-01 to 2026-10-08,,0.135,40.25,,,,,,0.045,0.06,298.17,issued_from_CK,entp_consumption_east_north_01-08Oct2026.csv (Indent Receive Qty); no production record in Restroworks [first pass 1-8 Oct; target window 24 Sep-8 Oct]
Delhi NCR,Shalimar Bagh,Rava Powder Mix,Kg,2026-10-01 to 2026-10-08,,3.0,274.25,,2.45,223.97,,,1.0,1.3,91.42,issued_from_CK,entp_consumption_east_north_01-08Oct2026.csv (Indent Receive Qty); no production record in Restroworks [first pass 1-8 Oct; target window 24 Sep-8 Oct]
Delhi NCR,Shalimar Bagh,Raw Mango Chutney Bucket,Kg,2026-10-01 to 2026-10-08,,,,,1.94,,,,0.2,-0.5,,consumed_no_issue_record (made in store or untracked),entp_consumption_east_north_01-08Oct2026.csv (Indent Receive Qty); no production record in Restroworks [first pass 1-8 Oct; target window 24 Sep-8 Oct]
Delhi NCR,Shalimar Bagh,Raw Mango Pickle Bucket,Kg,2026-10-01 to 2026-10-08,,,,,0.125,28.05,,,0.2,0.45,224.4,consumed_no_issue_record (made in store or untracked),entp_consumption_east_north_01-08Oct2026.csv (Indent Receive Qty); no production record in Restroworks [first pass 1-8 Oct; target window 24 Sep-8 Oct]
Delhi NCR,Shalimar Bagh,Raw mango Powder Mix (1 Pkt = 13gm),Kg,2026-10-01 to 2026-10-08,,0.052,17.28,,,,,,0.0,0.052,332.37,issued_from_CK,entp_consumption_east_north_01-08Oct2026.csv (Indent Receive Qty); no production record in Restroworks [first pass 1-8 Oct; target window 24 Sep-8 Oct]
Delhi NCR,Shalimar Bagh,Sambar Bucket,Ltr,2026-10-01 to 2026-10-08,,,,,2.1,,,,0.0,0.0,,consumed_no_issue_record (made in store or untracked),entp_consumption_east_north_01-08Oct2026.csv (Indent Receive Qty); no production record in Restroworks [first pass 1-8 Oct; target window 24 Sep-8 Oct]
Delhi NCR,Shalimar Bagh,Sambar Bucket - Delhi,Ltr,2026-10-01 to 2026-10-08,,252.0,8271.13,,308.75,10133.77,20.25,664.64,12.0,-14.05,32.82,issued_from_CK,entp_consumption_east_north_01-08Oct2026.csv (Indent Receive Qty); no production record in Restroworks [first pass 1-8 Oct; target window 24 Sep-8 Oct]
Delhi NCR,Shalimar Bagh,Special Daal Bucket,Kg,2026-10-01 to 2026-10-08,,2.0,299.93,,2.326,348.78,,,0.0,1.216,149.96,issued_from_CK,entp_consumption_east_north_01-08Oct2026.csv (Indent Receive Qty); no production record in Restroworks [first pass 1-8 Oct; target window 24 Sep-8 Oct]
Delhi NCR,Shalimar Bagh,Special White Coconut Chutney Bucket,Kg,2026-10-01 to 2026-10-08,,,,,,,1.2,,0.0,0.0,,wastage_or_return_only,entp_consumption_east_north_01-08Oct2026.csv (Indent Receive Qty); no production record in Restroworks [first pass 1-8 Oct; target window 24 Sep-8 Oct]
Delhi NCR,Shalimar Bagh,Spicy Coconut Chutney Bucket,Kg,2026-10-01 to 2026-10-08,,,,,,,0.9,,0.0,0.0,,wastage_or_return_only,entp_consumption_east_north_01-08Oct2026.csv (Indent Receive Qty); no production record in Restroworks [first pass 1-8 Oct; target window 24 Sep-8 Oct]
Delhi NCR,Shalimar Bagh,Spicy Coconut Chutney Mix 1Pkt (16gm),Kg,2026-10-01 to 2026-10-08,,,,,3.002,,,,0.0,-1.037,,consumed_no_issue_record (made in store or untracked),entp_consumption_east_north_01-08Oct2026.csv (Indent Receive Qty); no production record in Restroworks [first pass 1-8 Oct; target window 24 Sep-8 Oct]
Delhi NCR,Shalimar Bagh,Srivilli Kheer (1 Pc),Pc,2026-10-01 to 2026-10-08,,25.0,799.77,,18.0,575.84,5.0,159.95,3.0,4.0,31.99,issued_from_CK,entp_consumption_east_north_01-08Oct2026.csv (Indent Receive Qty); no production record in Restroworks [first pass 1-8 Oct; target window 24 Sep-8 Oct]
Delhi NCR,Shalimar Bagh,Steam Rice Bucket,Kg,2026-10-01 to 2026-10-08,,3.0,159.15,,2.48,131.56,0.95,50.4,0.5,-0.18,53.05,issued_from_CK,entp_consumption_east_north_01-08Oct2026.csv (Indent Receive Qty); no production record in Restroworks [first pass 1-8 Oct; target window 24 Sep-8 Oct]
Delhi NCR,Shalimar Bagh,Sugar Syrup Bucket,Ltr,2026-10-01 to 2026-10-08,,,,,3.1,,,,0.0,-1.35,,consumed_no_issue_record (made in store or untracked),entp_consumption_east_north_01-08Oct2026.csv (Indent Receive Qty); no production record in Restroworks [first pass 1-8 Oct; target window 24 Sep-8 Oct]
Delhi NCR,Shalimar Bagh,Thatte Idli Pc Raw,Pc,2026-10-01 to 2026-10-08,,120.0,599.67,,102.0,509.72,19.0,94.95,18.0,17.0,5.0,issued_from_CK,entp_consumption_east_north_01-08Oct2026.csv (Indent Receive Qty); no production record in Restroworks [first pass 1-8 Oct; target window 24 Sep-8 Oct]
Delhi NCR,Shalimar Bagh,Thindi Malkapodi Powder Bucket,Kg,2026-10-01 to 2026-10-08,,1.0,198.69,,1.83,363.6,,,0.7,-0.075,198.69,issued_from_CK,entp_consumption_east_north_01-08Oct2026.csv (Indent Receive Qty); no production record in Restroworks [first pass 1-8 Oct; target window 24 Sep-8 Oct]
Delhi NCR,Shalimar Bagh,Tomato Onion Chutney Bucket,Kg,2026-10-01 to 2026-10-08,,,,,63.22,,0.8,,0.0,-21.3,,consumed_no_issue_record (made in store or untracked),entp_consumption_east_north_01-08Oct2026.csv (Indent Receive Qty); no production record in Restroworks [first pass 1-8 Oct; target window 24 Sep-8 Oct]
Delhi NCR,Shalimar Bagh,Tomato Onion Powder Mix (1 Pkt = 24gm),Kg,2026-10-01 to 2026-10-08,,1.44,743.28,,0.195,100.65,,,0.0,0.817,516.16,issued_from_CK,entp_consumption_east_north_01-08Oct2026.csv (Indent Receive Qty); no production record in Restroworks [first pass 1-8 Oct; target window 24 Sep-8 Oct]
Delhi NCR,Shalimar Bagh,Upma Mix (1pkt = 300gm),Kg,2026-10-01 to 2026-10-08,,0.9,75.65,,0.84,70.61,,,0.6,0.24,84.06,issued_from_CK,entp_consumption_east_north_01-08Oct2026.csv (Indent Receive Qty); no production record in Restroworks [first pass 1-8 Oct; target window 24 Sep-8 Oct]
Kolkata,Calcutta Swimming Club,Benne Dosa Batter (Pack Size -3 Kg ),Kg,2026-10-01 to 2026-10-08,,2.8,92.23,,3.3,108.7,,,0.3,-0.6,32.94,issued_from_CK,entp_consumption_east_north_01-08Oct2026.csv (Indent Receive Qty); no production record in Restroworks [first pass 1-8 Oct; target window 24 Sep-8 Oct]
Kolkata,Calcutta Swimming Club,Boiled & Mashed Potato (1Pkt = 3Kg),Kg,2026-10-01 to 2026-10-08,,,,,6.0,187.59,,,0.0,0.0,31.27,consumed_no_issue_record (made in store or untracked),entp_consumption_east_north_01-08Oct2026.csv (Indent Receive Qty); no production record in Restroworks [first pass 1-8 Oct; target window 24 Sep-8 Oct]
Kolkata,Calcutta Swimming Club,Chaat Masala Bucket,Kg,2026-10-01 to 2026-10-08,,,,,0.005,1.79,,,0.1,0.097,357.3,consumed_no_issue_record (made in store or untracked),entp_consumption_east_north_01-08Oct2026.csv (Indent Receive Qty); no production record in Restroworks [first pass 1-8 Oct; target window 24 Sep-8 Oct]
Kolkata,Calcutta Swimming Club,Coconut Shredded,Kg,2026-10-01 to 2026-10-08,,6.0,1173.96,,14.528,2842.52,,,1.0,-0.158,195.66,issued_from_CK,entp_consumption_east_north_01-08Oct2026.csv (Indent Receive Qty); no production record in Restroworks [first pass 1-8 Oct; target window 24 Sep-8 Oct]
Kolkata,Calcutta Swimming Club,Dosa Batter Mix,Kg,2026-10-01 to 2026-10-08,,17.0,557.07,,21.293,697.75,,,4.0,0.615,32.77,issued_from_CK,entp_consumption_east_north_01-08Oct2026.csv (Indent Receive Qty); no production record in Restroworks [first pass 1-8 Oct; target window 24 Sep-8 Oct]
Kolkata,Calcutta Swimming Club,Frozen Medu Vada (10pc),Pc,2026-10-01 to 2026-10-08,,30.0,149.09,,,,,,19.0,20.0,4.97,issued_from_CK,entp_consumption_east_north_01-08Oct2026.csv (Indent Receive Qty); no production record in Restroworks [first pass 1-8 Oct; target window 24 Sep-8 Oct]
Kolkata,Calcutta Swimming Club,Garlic Chutney Bucket,Kg,2026-10-01 to 2026-10-08,,0.9,228.3,,1.095,277.76,,,0.114,0.08,253.66,issued_from_CK,entp_consumption_east_north_01-08Oct2026.csv (Indent Receive Qty); no production record in Restroworks [first pass 1-8 Oct; target window 24 Sep-8 Oct]
Kolkata,Calcutta Swimming Club,Idli Pc Raw (1 Pkt =40pc),Pc,2026-10-01 to 2026-10-08,,280.0,566.52,,240.0,485.59,13.0,26.3,24.0,51.0,2.02,issued_from_CK,entp_consumption_east_north_01-08Oct2026.csv (Indent Receive Qty); no production record in Restroworks [first pass 1-8 Oct; target window 24 Sep-8 Oct]
Kolkata,Calcutta Swimming Club,Imli Water,Ltr,2026-10-01 to 2026-10-08,,,,,0.272,7.28,,,0.05,-0.07,26.74,consumed_no_issue_record (made in store or untracked),entp_consumption_east_north_01-08Oct2026.csv (Indent Receive Qty); no production record in Restroworks [first pass 1-8 Oct; target window 24 Sep-8 Oct]
Kolkata,Calcutta Swimming Club,Jain Sambar Bucket,Ltr,2026-10-01 to 2026-10-08,,9.0,223.79,,8.8,218.82,,,0.0,1.0,24.87,issued_from_CK,entp_consumption_east_north_01-08Oct2026.csv (Indent Receive Qty); no production record in Restroworks [first pass 1-8 Oct; target window 24 Sep-8 Oct]
Kolkata,Calcutta Swimming Club,Karam Podi Powder Bucket,Kg,2026-10-01 to 2026-10-08,,,,,0.04,7.54,,,0.5,0.46,188.38,consumed_no_issue_record (made in store or untracked),entp_consumption_east_north_01-08Oct2026.csv (Indent Receive Qty); no production record in Restroworks [first pass 1-8 Oct; target window 24 Sep-8 Oct]
Kolkata,Calcutta Swimming Club,Malkapodi Bucket,Kg,2026-10-01 to 2026-10-08,,1.0,169.97,,0.85,144.47,,,0.1,0.4,169.97,issued_from_CK,entp_consumption_east_north_01-08Oct2026.csv (Indent Receive Qty); no production record in Restroworks [first pass 1-8 Oct; target window 24 Sep-8 Oct]
Kolkata,Calcutta Swimming Club,Medu Vada Batter Mix,Kg,2026-10-01 to 2026-10-08,,,,,1.368,103.85,,,0.0,-0.435,75.91,consumed_no_issue_record (made in store or untracked),entp_consumption_east_north_01-08Oct2026.csv (Indent Receive Qty); no production record in Restroworks [first pass 1-8 Oct; target window 24 Sep-8 Oct]
Kolkata,Calcutta Swimming Club,Mysore Chutney Bucket,Kg,2026-10-01 to 2026-10-08,,0.3,50.94,,0.3,50.94,,,0.263,0.3,169.81,issued_from_CK,entp_consumption_east_north_01-08Oct2026.csv (Indent Receive Qty); no production record in Restroworks [first pass 1-8 Oct; target window 24 Sep-8 Oct]
Kolkata,Calcutta Swimming Club,Potato Masala Mix (1Pkt = 90Gm),Pkt,2026-10-01 to 2026-10-08,,2.0,21.84,,2.0,21.84,,,0.5,1.0,10.92,issued_from_CK,entp_consumption_east_north_01-08Oct2026.csv (Indent Receive Qty); no production record in Restroworks [first pass 1-8 Oct; target window 24 Sep-8 Oct]
Kolkata,Calcutta Swimming Club,Rava Powder Mix,Kg,2026-10-01 to 2026-10-08,,1.0,96.45,,0.7,67.52,,,0.9,1.15,96.45,issued_from_CK,entp_consumption_east_north_01-08Oct2026.csv (Indent Receive Qty); no production record in Restroworks [first pass 1-8 Oct; target window 24 Sep-8 Oct]
Kolkata,Calcutta Swimming Club,Raw Mango Chutney Bucket,Kg,2026-10-01 to 2026-10-08,,0.6,100.45,,,,,,0.185,0.3,167.42,issued_from_CK,entp_consumption_east_north_01-08Oct2026.csv (Indent Receive Qty); no production record in Restroworks [first pass 1-8 Oct; target window 24 Sep-8 Oct]
Kolkata,Calcutta Swimming Club,Raw mango Powder Mix (1 Pkt = 13gm),Kg,2026-10-01 to 2026-10-08,,,,,0.042,,,,0.0,-0.01,,consumed_no_issue_record (made in store or untracked),entp_consumption_east_north_01-08Oct2026.csv (Indent Receive Qty); no production record in Restroworks [first pass 1-8 Oct; target window 24 Sep-8 Oct]
Kolkata,Calcutta Swimming Club,Sambar Bucket,Ltr,2026-10-01 to 2026-10-08,,39.0,1025.81,,63.0,1657.07,,,3.0,-4.2,26.3,issued_from_CK,entp_consumption_east_north_01-08Oct2026.csv (Indent Receive Qty); no production record in Restroworks [first pass 1-8 Oct; target window 24 Sep-8 Oct]
Kolkata,Calcutta Swimming Club,Special Daal Bucket,Kg,2026-10-01 to 2026-10-08,,1.0,153.45,,1.043,160.04,,,0.3,0.589,153.45,issued_from_CK,entp_consumption_east_north_01-08Oct2026.csv (Indent Receive Qty); no production record in Restroworks [first pass 1-8 Oct; target window 24 Sep-8 Oct]
Kolkata,Calcutta Swimming Club,Special White Coconut Chutney Bucket,Kg,2026-10-01 to 2026-10-08,,,,,0.15,,,,0.0,0.0,,consumed_no_issue_record (made in store or untracked),entp_consumption_east_north_01-08Oct2026.csv (Indent Receive Qty); no production record in Restroworks [first pass 1-8 Oct; target window 24 Sep-8 Oct]
Kolkata,Calcutta Swimming Club,Spicy Coconut Chutney Mix 1Pkt (16gm),Kg,2026-10-01 to 2026-10-08,,,,,0.225,,,,0.0,-0.063,,consumed_no_issue_record (made in store or untracked),entp_consumption_east_north_01-08Oct2026.csv (Indent Receive Qty); no production record in Restroworks [first pass 1-8 Oct; target window 24 Sep-8 Oct]
Kolkata,Calcutta Swimming Club,Thatte Idli Pc Raw,Pc,2026-10-01 to 2026-10-08,,30.0,149.89,,25.0,124.91,5.0,24.98,0.0,0.0,5.0,issued_from_CK,entp_consumption_east_north_01-08Oct2026.csv (Indent Receive Qty); no production record in Restroworks [first pass 1-8 Oct; target window 24 Sep-8 Oct]
Kolkata,Calcutta Swimming Club,Thindi Malkapodi Powder Bucket,Kg,2026-10-01 to 2026-10-08,,0.5,97.47,,0.375,73.1,,,0.5,0.695,194.94,issued_from_CK,entp_consumption_east_north_01-08Oct2026.csv (Indent Receive Qty); no production record in Restroworks [first pass 1-8 Oct; target window 24 Sep-8 Oct]
Kolkata,Calcutta Swimming Club,Tomato Onion Chutney Bucket,Kg,2026-10-01 to 2026-10-08,,1.2,146.42,,,,,,0.0,0.6,122.02,issued_from_CK,entp_consumption_east_north_01-08Oct2026.csv (Indent Receive Qty); no production record in Restroworks [first pass 1-8 Oct; target window 24 Sep-8 Oct]
Kolkata,Calcutta Swimming Club,Tomato Onion Powder Mix (1 Pkt = 24gm),Kg,2026-10-01 to 2026-10-08,,,,,0.079,,,,0.0,-0.015,,consumed_no_issue_record (made in store or untracked),entp_consumption_east_north_01-08Oct2026.csv (Indent Receive Qty); no production record in Restroworks [first pass 1-8 Oct; target window 24 Sep-8 Oct]
Kolkata,Calcutta Swimming Club,Upma Mix (1pkt = 300gm),Kg,2026-10-01 to 2026-10-08,,0.6,52.0,,0.66,57.2,,,0.1,0.14,86.67,issued_from_CK,entp_consumption_east_north_01-08Oct2026.csv (Indent Receive Qty); no production record in Restroworks [first pass 1-8 Oct; target window 24 Sep-8 Oct]
Kolkata,Food Truck - 1,Chaat Masala Bucket,Kg,2026-10-01 to 2026-10-08,,0.1,35.81,,0.012,4.3,,,0.015,0.103,358.06,issued_from_CK,entp_consumption_east_north_01-08Oct2026.csv (Indent Receive Qty); no production record in Restroworks [first pass 1-8 Oct; target window 24 Sep-8 Oct]
Kolkata,Food Truck - 1,Coconut Shredded,Kg,2026-10-01 to 2026-10-08,,,,,4.784,,,,0.0,-4.784,,consumed_no_issue_record (made in store or untracked),entp_consumption_east_north_01-08Oct2026.csv (Indent Receive Qty); no production record in Restroworks [first pass 1-8 Oct; target window 24 Sep-8 Oct]
Kolkata,Food Truck - 1,Dahi Bucket Mix (1pkt =105gm),gm,2026-10-01 to 2026-10-08,,,,,125.0,7.9,,,0.0,-125.0,0.06,consumed_no_issue_record (made in store or untracked),entp_consumption_east_north_01-08Oct2026.csv (Indent Receive Qty); no production record in Restroworks [first pass 1-8 Oct; target window 24 Sep-8 Oct]
Kolkata,Food Truck - 1,Dosa Batter Mix,Kg,2026-10-01 to 2026-10-08,,7.0,230.36,,8.66,284.99,,,0.5,-1.16,32.91,issued_from_CK,entp_consumption_east_north_01-08Oct2026.csv (Indent Receive Qty); no production record in Restroworks [first pass 1-8 Oct; target window 24 Sep-8 Oct]
Kolkata,Food Truck - 1,Frozen Medu Vada (10pc),Pc,2026-10-01 to 2026-10-08,,30.0,149.14,,,,,,6.0,36.0,4.97,issued_from_CK,entp_consumption_east_north_01-08Oct2026.csv (Indent Receive Qty); no production record in Restroworks [first pass 1-8 Oct; target window 24 Sep-8 Oct]
Kolkata,Food Truck - 1,Idli Pc Raw (1 Pkt =40pc),Pc,2026-10-01 to 2026-10-08,,115.0,232.88,,88.0,178.21,13.0,26.33,0.0,14.0,2.03,issued_from_CK,entp_consumption_east_north_01-08Oct2026.csv (Indent Receive Qty); no production record in Restroworks [first pass 1-8 Oct; target window 24 Sep-8 Oct]
Kolkata,Food Truck - 1,Jain Potato Masala Bucket,Kg,2026-10-01 to 2026-10-08,,7.7,409.89,,,,1.5,79.85,0.0,6.2,53.23,issued_from_CK,entp_consumption_east_north_01-08Oct2026.csv (Indent Receive Qty); no production record in Restroworks [first pass 1-8 Oct; target window 24 Sep-8 Oct]
Kolkata,Food Truck - 1,Jain Sambar Bucket,Ltr,2026-10-01 to 2026-10-08,,15.0,372.77,,23.2,576.55,,,0.0,-8.2,24.85,issued_from_CK,entp_consumption_east_north_01-08Oct2026.csv (Indent Receive Qty); no production record in Restroworks [first pass 1-8 Oct; target window 24 Sep-8 Oct]
Kolkata,Food Truck - 1,Medu Vada Batter Mix,Kg,2026-10-01 to 2026-10-08,,,,,1.56,120.67,,,0.0,-1.56,77.35,consumed_no_issue_record (made in store or untracked),entp_consumption_east_north_01-08Oct2026.csv (Indent Receive Qty); no production record in Restroworks [first pass 1-8 Oct; target window 24 Sep-8 Oct]
Kolkata,Food Truck - 1,Special Daal Bucket,Kg,2026-10-01 to 2026-10-08,,,,,0.345,53.09,,,0.0,-0.345,153.87,consumed_no_issue_record (made in store or untracked),entp_consumption_east_north_01-08Oct2026.csv (Indent Receive Qty); no production record in Restroworks [first pass 1-8 Oct; target window 24 Sep-8 Oct]
Kolkata,Food Truck - 1,Special White Coconut Chutney Bucket,Kg,2026-10-01 to 2026-10-08,,9.3,630.52,,,,1.6,108.48,0.0,7.7,67.8,issued_from_CK,entp_consumption_east_north_01-08Oct2026.csv (Indent Receive Qty); no production record in Restroworks [first pass 1-8 Oct; target window 24 Sep-8 Oct]
Kolkata,Forum,Benne Dosa Batter (Pack Size -3 Kg ),Kg,2026-10-01 to 2026-10-08,,24.0,809.42,,17.25,581.77,5.59,188.53,4.0,3.55,33.73,issued_from_CK,entp_consumption_east_north_01-08Oct2026.csv (Indent Receive Qty); no production record in Restroworks [first pass 1-8 Oct; target window 24 Sep-8 Oct]
Kolkata,Forum,Boiled & Mashed Potato (1Pkt = 3Kg),Kg,2026-10-01 to 2026-10-08,,,,,29.0,905.15,,,0.0,0.0,31.21,consumed_no_issue_record (made in store or untracked),entp_consumption_east_north_01-08Oct2026.csv (Indent Receive Qty); no production record in Restroworks [first pass 1-8 Oct; target window 24 Sep-8 Oct]
Kolkata,Forum,Chaat Masala Bucket,Kg,2026-10-01 to 2026-10-08,,0.1,36.12,,0.084,30.34,,,0.1,0.125,361.21,issued_from_CK,entp_consumption_east_north_01-08Oct2026.csv (Indent Receive Qty); no production record in Restroworks [first pass 1-8 Oct; target window 24 Sep-8 Oct]
Kolkata,Forum,Coconut Shredded,Kg,2026-10-01 to 2026-10-08,,19.0,3708.8,,34.272,6689.86,,,-1.0,-5.183,195.2,issued_from_CK,entp_consumption_east_north_01-08Oct2026.csv (Indent Receive Qty); no production record in Restroworks [first pass 1-8 Oct; target window 24 Sep-8 Oct]
Kolkata,Forum,Dahi Bucket Mix (1pkt =105gm),gm,2026-10-01 to 2026-10-08,,315.0,19.88,,320.0,20.2,,,105.0,140.0,0.06,issued_from_CK,entp_consumption_east_north_01-08Oct2026.csv (Indent Receive Qty); no production record in Restroworks [first pass 1-8 Oct; target window 24 Sep-8 Oct]
Kolkata,Forum,Dosa Batter Mix,Kg,2026-10-01 to 2026-10-08,,78.0,2547.07,,69.32,2263.63,7.6,248.18,5.0,2.752,32.65,issued_from_CK,entp_consumption_east_north_01-08Oct2026.csv (Indent Receive Qty); no production record in Restroworks [first pass 1-8 Oct; target window 24 Sep-8 Oct]
Kolkata,Forum,Filter Coffee Ice Cream (700gm= 1 Bucket),Kg,2026-10-01 to 2026-10-08,,1.4,313.24,,0.24,53.7,0.6,134.25,0.3,0.7,223.74,issued_from_CK,entp_consumption_east_north_01-08Oct2026.csv (Indent Receive Qty); no production record in Restroworks [first pass 1-8 Oct; target window 24 Sep-8 Oct]
Kolkata,Forum,Garlic Chutney Bucket,Kg,2026-10-01 to 2026-10-08,,2.1,532.05,,2.16,547.26,0.63,159.62,0.0,-0.195,253.36,issued_from_CK,entp_consumption_east_north_01-08Oct2026.csv (Indent Receive Qty); no production record in Restroworks [first pass 1-8 Oct; target window 24 Sep-8 Oct]
Kolkata,Forum,Idli Pc Raw (1 Pkt =40pc),Pc,2026-10-01 to 2026-10-08,,280.0,565.3,,305.0,615.78,15.0,30.28,-9.0,-47.0,2.02,issued_from_CK,entp_consumption_east_north_01-08Oct2026.csv (Indent Receive Qty); no production record in Restroworks [first pass 1-8 Oct; target window 24 Sep-8 Oct]
Kolkata,Forum,Imli Water,Ltr,2026-10-01 to 2026-10-08,,0.6,13.12,,0.273,5.97,,,0.3,0.423,21.86,issued_from_CK,entp_consumption_east_north_01-08Oct2026.csv (Indent Receive Qty); no production record in Restroworks [first pass 1-8 Oct; target window 24 Sep-8 Oct]
Kolkata,Forum,Jain Sambar Bucket,Ltr,2026-10-01 to 2026-10-08,,18.0,445.95,,4.0,99.1,,,0.0,1.4,24.77,issued_from_CK,entp_consumption_east_north_01-08Oct2026.csv (Indent Receive Qty); no production record in Restroworks [first pass 1-8 Oct; target window 24 Sep-8 Oct]
Kolkata,Forum,Karam Podi Powder Bucket,Kg,2026-10-01 to 2026-10-08,,0.5,94.26,,0.04,7.54,,,1.0,0.983,188.53,issued_from_CK,entp_consumption_east_north_01-08Oct2026.csv (Indent Receive Qty); no production record in Restroworks [first pass 1-8 Oct; target window 24 Sep-8 Oct]
Kolkata,Forum,Kesari Halwa Mix  (1pkt = 550gm),Kg,2026-10-01 to 2026-10-08,,1.65,115.01,,0.897,62.52,0.818,57.02,0.55,0.731,69.7,issued_from_CK,entp_consumption_east_north_01-08Oct2026.csv (Indent Receive Qty); no production record in Restroworks [first pass 1-8 Oct; target window 24 Sep-8 Oct]
Kolkata,Forum,Korma Gravy Mix (1pkt=700gm),Kg,2026-10-01 to 2026-10-08,,2.8,424.48,,3.6,545.75,0.7,106.12,0.35,0.0,151.6,issued_from_CK,entp_consumption_east_north_01-08Oct2026.csv (Indent Receive Qty); no production record in Restroworks [first pass 1-8 Oct; target window 24 Sep-8 Oct]
Kolkata,Forum,Malabar Paratha  (1pkt= 6Pcs),Pc,2026-10-01 to 2026-10-08,,,,,40.0,314.28,,,0.0,-10.0,7.86,consumed_no_issue_record (made in store or untracked),entp_consumption_east_north_01-08Oct2026.csv (Indent Receive Qty); no production record in Restroworks [first pass 1-8 Oct; target window 24 Sep-8 Oct]
Kolkata,Forum,Malabar Paratha Dough,Pc,2026-10-01 to 2026-10-08,,40.0,348.89,,,,,,6.0,12.0,8.72,issued_from_CK,entp_consumption_east_north_01-08Oct2026.csv (Indent Receive Qty); no production record in Restroworks [first pass 1-8 Oct; target window 24 Sep-8 Oct]
Kolkata,Forum,Malkapodi Bucket,Kg,2026-10-01 to 2026-10-08,,,,,0.41,70.59,,,1.0,0.787,172.16,consumed_no_issue_record (made in store or untracked),entp_consumption_east_north_01-08Oct2026.csv (Indent Receive Qty); no production record in Restroworks [first pass 1-8 Oct; target window 24 Sep-8 Oct]
Kolkata,Forum,Medu Vada Batter Mix,Kg,2026-10-01 to 2026-10-08,,,,,5.552,417.72,,,0.0,-1.623,75.24,consumed_no_issue_record (made in store or untracked),entp_consumption_east_north_01-08Oct2026.csv (Indent Receive Qty); no production record in Restroworks [first pass 1-8 Oct; target window 24 Sep-8 Oct]
Kolkata,Forum,Medu Vada Batter Powder Mix (1 Pkt = 23gm),Kg,2026-10-01 to 2026-10-08,,0.092,24.46,,,,,,0.069,0.069,265.84,issued_from_CK,entp_consumption_east_north_01-08Oct2026.csv (Indent Receive Qty); no production record in Restroworks [first pass 1-8 Oct; target window 24 Sep-8 Oct]
Kolkata,Forum,Mysore Chutney Bucket,Kg,2026-10-01 to 2026-10-08,,1.5,255.03,,1.36,231.23,0.502,85.35,0.0,0.32,170.02,issued_from_CK,entp_consumption_east_north_01-08Oct2026.csv (Indent Receive Qty); no production record in Restroworks [first pass 1-8 Oct; target window 24 Sep-8 Oct]
Kolkata,Forum,Potato Masala Mix (1Pkt = 90Gm),Pkt,2026-10-01 to 2026-10-08,,10.0,108.64,,9.667,105.02,,,0.27,4.0,10.86,issued_from_CK,entp_consumption_east_north_01-08Oct2026.csv (Indent Receive Qty); no production record in Restroworks [first pass 1-8 Oct; target window 24 Sep-8 Oct]
Kolkata,Forum,Rava Powder Mix,Kg,2026-10-01 to 2026-10-08,,1.0,96.7,,1.45,140.22,,,2.0,1.2,96.7,issued_from_CK,entp_consumption_east_north_01-08Oct2026.csv (Indent Receive Qty); no production record in Restroworks [first pass 1-8 Oct; target window 24 Sep-8 Oct]
Kolkata,Forum,Raw Mango Chutney Bucket,Kg,2026-10-01 to 2026-10-08,,,,,0.18,29.83,1.496,247.9,0.0,-0.36,165.71,consumed_no_issue_record (made in store or untracked),entp_consumption_east_north_01-08Oct2026.csv (Indent Receive Qty); no production record in Restroworks [first pass 1-8 Oct; target window 24 Sep-8 Oct]
Kolkata,Forum,Raw mango Powder Mix (1 Pkt = 13gm),Kg,2026-10-01 to 2026-10-08,,0.065,18.98,,0.012,3.61,,,0.026,0.039,292.08,issued_from_CK,entp_consumption_east_north_01-08Oct2026.csv (Indent Receive Qty); no production record in Restroworks [first pass 1-8 Oct; target window 24 Sep-8 Oct]
Kolkata,Forum,Sambar Bucket,Ltr,2026-10-01 to 2026-10-08,,100.0,2649.91,,162.2,4298.16,,,-10.0,-22.4,26.5,issued_from_CK,entp_consumption_east_north_01-08Oct2026.csv (Indent Receive Qty); no production record in Restroworks [first pass 1-8 Oct; target window 24 Sep-8 Oct]
Kolkata,Forum,Special Daal Bucket,Kg,2026-10-01 to 2026-10-08,,3.0,459.37,2.0,2.375,363.67,,,1.0,0.32600000000000007,153.12,issued_from_CK,entp_consumption_east_north_01-08Oct2026.csv (Indent Receive Qty); no production record in Restroworks [first pass 1-8 Oct; target window 24 Sep-8 Oct]
Kolkata,Forum,Special White Coconut Chutney Bucket,Kg,2026-10-01 to 2026-10-08,,,,,0.15,,,,0.0,0.0,,consumed_no_issue_record (made in store or untracked),entp_consumption_east_north_01-08Oct2026.csv (Indent Receive Qty); no production record in Restroworks [first pass 1-8 Oct; target window 24 Sep-8 Oct]
Kolkata,Forum,Spicy Coconut Chutney Mix 1Pkt (16gm),Kg,2026-10-01 to 2026-10-08,,,,,0.226,38.14,,,0.0,-0.066,168.77,consumed_no_issue_record (made in store or untracked),entp_consumption_east_north_01-08Oct2026.csv (Indent Receive Qty); no production record in Restroworks [first pass 1-8 Oct; target window 24 Sep-8 Oct]
Kolkata,Forum,Srivilli Kheer (1 Pc),Pc,2026-10-01 to 2026-10-08,,9.0,237.5,,6.0,158.33,3.0,79.17,1.0,-2.0,26.39,issued_from_CK,entp_consumption_east_north_01-08Oct2026.csv (Indent Receive Qty); no production record in Restroworks [first pass 1-8 Oct; target window 24 Sep-8 Oct]
Kolkata,Forum,Thatte Idli Batter,Kg,2026-10-01 to 2026-10-08,,5.0,130.11,,,,,,0.5,1.7,26.02,issued_from_CK,entp_consumption_east_north_01-08Oct2026.csv (Indent Receive Qty); no production record in Restroworks [first pass 1-8 Oct; target window 24 Sep-8 Oct]
Kolkata,Forum,Thatte Idli Pc Raw,Pc,2026-10-01 to 2026-10-08,,,,,20.0,102.65,,,0.0,-5.0,5.13,consumed_no_issue_record (made in store or untracked),entp_consumption_east_north_01-08Oct2026.csv (Indent Receive Qty); no production record in Restroworks [first pass 1-8 Oct; target window 24 Sep-8 Oct]
Kolkata,Forum,Thindi Malkapodi Powder Bucket,Kg,2026-10-01 to 2026-10-08,,0.5,97.32,,1.79,348.4,,,1.0,-0.093,194.64,issued_from_CK,entp_consumption_east_north_01-08Oct2026.csv (Indent Receive Qty); no production record in Restroworks [first pass 1-8 Oct; target window 24 Sep-8 Oct]
Kolkata,Forum,Tomato Onion Chutney Bucket,Kg,2026-10-01 to 2026-10-08,,,,,,,1.536,197.79,0.0,-0.4,128.77,wastage_or_return_only,entp_consumption_east_north_01-08Oct2026.csv (Indent Receive Qty); no production record in Restroworks [first pass 1-8 Oct; target window 24 Sep-8 Oct]
Kolkata,Forum,Tomato Onion Powder Mix (1 Pkt = 24gm),Kg,2026-10-01 to 2026-10-08,,0.096,49.94,,0.045,23.41,,,0.048,0.043,520.22,issued_from_CK,entp_consumption_east_north_01-08Oct2026.csv (Indent Receive Qty); no production record in Restroworks [first pass 1-8 Oct; target window 24 Sep-8 Oct]
Kolkata,Forum,Upma Mix (1pkt = 300gm),Kg,2026-10-01 to 2026-10-08,,0.6,51.85,,0.54,46.66,0.82,70.86,0.45,0.09,86.41,issued_from_CK,entp_consumption_east_north_01-08Oct2026.csv (Indent Receive Qty); no production record in Restroworks [first pass 1-8 Oct; target window 24 Sep-8 Oct]
Kolkata,Ideal Plaza,Benne Dosa Batter (Pack Size -3 Kg ),Kg,2026-10-01 to 2026-10-08,,96.825,3180.93,,88.6,2910.72,10.5,344.95,12.0,10.125,32.85,issued_from_CK,entp_consumption_east_north_01-08Oct2026.csv (Indent Receive Qty); no production record in Restroworks [first pass 1-8 Oct; target window 24 Sep-8 Oct]
Kolkata,Ideal Plaza,Boiled & Mashed Potato (1Pkt = 3Kg),Kg,2026-10-01 to 2026-10-08,,9.0,278.38,,198.333,6134.69,,,0.0,-63.333,30.93,issued_from_CK,entp_consumption_east_north_01-08Oct2026.csv (Indent Receive Qty); no production record in Restroworks [first pass 1-8 Oct; target window 24 Sep-8 Oct]
Kolkata,Ideal Plaza,Chaat Masala Bucket,Kg,2026-10-01 to 2026-10-08,,0.4,143.25,,0.382,136.8,,,0.1,0.202,358.12,issued_from_CK,entp_consumption_east_north_01-08Oct2026.csv (Indent Receive Qty); no production record in Restroworks [first pass 1-8 Oct; target window 24 Sep-8 Oct]
Kolkata,Ideal Plaza,Coconut Shredded,Kg,2026-10-01 to 2026-10-08,,,,,170.228,24088.58,,,5.5,-47.419,141.51,consumed_no_issue_record (made in store or untracked),entp_consumption_east_north_01-08Oct2026.csv (Indent Receive Qty); no production record in Restroworks [first pass 1-8 Oct; target window 24 Sep-8 Oct]
Kolkata,Ideal Plaza,Dahi Bucket Mix (1pkt =105gm),gm,2026-10-01 to 2026-10-08,,1890.0,119.62,,2605.0,164.88,,,420.0,240.0,0.06,issued_from_CK,entp_consumption_east_north_01-08Oct2026.csv (Indent Receive Qty); no production record in Restroworks [first pass 1-8 Oct; target window 24 Sep-8 Oct]
Kolkata,Ideal Plaza,Dosa Batter Mix,Kg,2026-10-01 to 2026-10-08,,320.0,10494.07,,290.136,9514.71,20.0,655.88,55.2,41.373000000000005,32.79,issued_from_CK,entp_consumption_east_north_01-08Oct2026.csv (Indent Receive Qty); no production record in Restroworks [first pass 1-8 Oct; target window 24 Sep-8 Oct]
Kolkata,Ideal Plaza,Filter Coffee Ice Cream (700gm= 1 Bucket),Kg,2026-10-01 to 2026-10-08,,2.1,486.18,,1.92,444.5,0.15,34.73,0.15,0.27,231.51,issued_from_CK,entp_consumption_east_north_01-08Oct2026.csv (Indent Receive Qty); no production record in Restroworks [first pass 1-8 Oct; target window 24 Sep-8 Oct]
Kolkata,Ideal Plaza,Garam Masala Powder Bucket,Kg,2026-10-01 to 2026-10-08,,,,,0.037,46.9,,,0.1,0.104,1267.7,consumed_no_issue_record (made in store or untracked),entp_consumption_east_north_01-08Oct2026.csv (Indent Receive Qty); no production record in Restroworks [first pass 1-8 Oct; target window 24 Sep-8 Oct]
Kolkata,Ideal Plaza,Garlic Chutney Bucket,Kg,2026-10-01 to 2026-10-08,,14.7,3724.22,,16.41,4157.45,,,0.5,0.5850000000000001,253.35,issued_from_CK,entp_consumption_east_north_01-08Oct2026.csv (Indent Receive Qty); no production record in Restroworks [first pass 1-8 Oct; target window 24 Sep-8 Oct]
Kolkata,Ideal Plaza,Idli Pc Raw (1 Pkt =40pc),Pc,2026-10-01 to 2026-10-08,,2160.0,4361.65,,2108.0,4256.65,62.0,125.2,510.0,503.0,2.02,issued_from_CK,entp_consumption_east_north_01-08Oct2026.csv (Indent Receive Qty); no production record in Restroworks [first pass 1-8 Oct; target window 24 Sep-8 Oct]
Kolkata,Ideal Plaza,Imli Water,Ltr,2026-10-01 to 2026-10-08,,2.7,68.79,,2.926,74.56,,,0.3,0.046,25.48,issued_from_CK,entp_consumption_east_north_01-08Oct2026.csv (Indent Receive Qty); no production record in Restroworks [first pass 1-8 Oct; target window 24 Sep-8 Oct]
Kolkata,Ideal Plaza,Jain Sambar Bucket,Ltr,2026-10-01 to 2026-10-08,,388.0,9574.12,,67.8,1673.0,,,53.0,145.0,24.68,issued_from_CK,entp_consumption_east_north_01-08Oct2026.csv (Indent Receive Qty); no production record in Restroworks [first pass 1-8 Oct; target window 24 Sep-8 Oct]
Kolkata,Ideal Plaza,Karam Podi Powder Bucket,Kg,2026-10-01 to 2026-10-08,,1.0,189.8,,0.68,129.07,0.1,18.98,0.57,0.72,189.8,issued_from_CK,entp_consumption_east_north_01-08Oct2026.csv (Indent Receive Qty); no production record in Restroworks [first pass 1-8 Oct; target window 24 Sep-8 Oct]
Kolkata,Ideal Plaza,Kesari Halwa Mix  (1pkt = 550gm),Kg,2026-10-01 to 2026-10-08,,8.25,570.89,,7.728,534.77,0.8,55.36,1.1,0.844,69.2,issued_from_CK,entp_consumption_east_north_01-08Oct2026.csv (Indent Receive Qty); no production record in Restroworks [first pass 1-8 Oct; target window 24 Sep-8 Oct]
Kolkata,Ideal Plaza,Korma Gravy Mix (1pkt=700gm),Kg,2026-10-01 to 2026-10-08,,10.5,1591.27,,10.548,1598.55,1.923,291.43,3.5,2.468,151.55,issued_from_CK,entp_consumption_east_north_01-08Oct2026.csv (Indent Receive Qty); no production record in Restroworks [first pass 1-8 Oct; target window 24 Sep-8 Oct]
Kolkata,Ideal Plaza,Lemon Rice Bucket,Kg,2026-10-01 to 2026-10-08,,7.5,653.61,,7.5,653.61,0.25,21.79,1.0,1.0,87.15,issued_from_CK,entp_consumption_east_north_01-08Oct2026.csv (Indent Receive Qty); no production record in Restroworks [first pass 1-8 Oct; target window 24 Sep-8 Oct]
Kolkata,Ideal Plaza,Malabar Paratha  (1pkt= 6Pcs),Pc,2026-10-01 to 2026-10-08,,,,,116.0,934.74,,,0.0,-34.0,8.06,consumed_no_issue_record (made in store or untracked),entp_consumption_east_north_01-08Oct2026.csv (Indent Receive Qty); no production record in Restroworks [first pass 1-8 Oct; target window 24 Sep-8 Oct]
Kolkata,Ideal Plaza,Malabar Paratha Dough,Pc,2026-10-01 to 2026-10-08,,126.0,1088.94,4.0,,,12.0,103.71,24.0,54.0,8.64,issued_from_CK,entp_consumption_east_north_01-08Oct2026.csv (Indent Receive Qty); no production record in Restroworks [first pass 1-8 Oct; target window 24 Sep-8 Oct]
Kolkata,Ideal Plaza,Malkapodi Bucket,Kg,2026-10-01 to 2026-10-08,,3.0,508.08,,4.56,772.27,,,1.3,0.935,169.36,issued_from_CK,entp_consumption_east_north_01-08Oct2026.csv (Indent Receive Qty); no production record in Restroworks [first pass 1-8 Oct; target window 24 Sep-8 Oct]
Kolkata,Ideal Plaza,Malkapodi Powder (1 Box = 100Gm),Pc,2026-10-01 to 2026-10-08,,,,,3.0,78.09,,,0.0,-2.0,26.03,consumed_no_issue_record (made in store or untracked),entp_consumption_east_north_01-08Oct2026.csv (Indent Receive Qty); no production record in Restroworks [first pass 1-8 Oct; target window 24 Sep-8 Oct]
Kolkata,Ideal Plaza,Medu Vada Batter Mix,Kg,2026-10-01 to 2026-10-08,,,,,56.146,4228.8,,,7.2,-14.181,75.32,consumed_no_issue_record (made in store or untracked),entp_consumption_east_north_01-08Oct2026.csv (Indent Receive Qty); no production record in Restroworks [first pass 1-8 Oct; target window 24 Sep-8 Oct]
Kolkata,Ideal Plaza,Mysore Chutney Bucket,Kg,2026-10-01 to 2026-10-08,,6.6,1119.98,,8.24,1398.28,0.71,120.48,0.8,0.04999999999999993,169.69,issued_from_CK,entp_consumption_east_north_01-08Oct2026.csv (Indent Receive Qty); no production record in Restroworks [first pass 1-8 Oct; target window 24 Sep-8 Oct]
Kolkata,Ideal Plaza,Potato Masala Mix (1Pkt = 90Gm),Pkt,2026-10-01 to 2026-10-08,,63.0,684.03,,66.111,717.81,,,10.0,12.889,10.86,issued_from_CK,entp_consumption_east_north_01-08Oct2026.csv (Indent Receive Qty); no production record in Restroworks [first pass 1-8 Oct; target window 24 Sep-8 Oct]
Kolkata,Ideal Plaza,Rasam Bucket,Ltr,2026-10-01 to 2026-10-08,,,,,4.6,160.65,,,0.8,-0.9,34.92,consumed_no_issue_record (made in store or untracked),entp_consumption_east_north_01-08Oct2026.csv (Indent Receive Qty); no production record in Restroworks [first pass 1-8 Oct; target window 24 Sep-8 Oct]
Kolkata,Ideal Plaza,Rasam Chhoke Pre-Mix (2 Mix -6gm + 42gm)= 48gm,Kg,2026-10-01 to 2026-10-08,,0.096,21.91,,,,,,0.24,0.192,228.27,issued_from_CK,entp_consumption_east_north_01-08Oct2026.csv (Indent Receive Qty); no production record in Restroworks [first pass 1-8 Oct; target window 24 Sep-8 Oct]
Kolkata,Ideal Plaza,Rasam Mix (1Pkt =15 gm),Kg,2026-10-01 to 2026-10-08,,0.03,10.85,,,,,,0.075,0.045,361.69,issued_from_CK,entp_consumption_east_north_01-08Oct2026.csv (Indent Receive Qty); no production record in Restroworks [first pass 1-8 Oct; target window 24 Sep-8 Oct]
Kolkata,Ideal Plaza,Rava Powder Mix,Kg,2026-10-01 to 2026-10-08,,7.0,673.07,,6.1,586.53,0.95,91.34,2.5,2.45,96.15,issued_from_CK,entp_consumption_east_north_01-08Oct2026.csv (Indent Receive Qty); no production record in Restroworks [first pass 1-8 Oct; target window 24 Sep-8 Oct]
Kolkata,Ideal Plaza,Raw Mango Chutney Bucket,Kg,2026-10-01 to 2026-10-08,,,,,1.86,302.74,,,1.8,0.84,162.76,consumed_no_issue_record (made in store or untracked),entp_consumption_east_north_01-08Oct2026.csv (Indent Receive Qty); no production record in Restroworks [first pass 1-8 Oct; target window 24 Sep-8 Oct]
Kolkata,Ideal Plaza,Raw Mango Pickle Bucket,Kg,2026-10-01 to 2026-10-08,,0.75,130.69,,0.37,64.48,,,0.15000000000000002,0.44,174.26,issued_from_CK,entp_consumption_east_north_01-08Oct2026.csv (Indent Receive Qty); no production record in Restroworks [first pass 1-8 Oct; target window 24 Sep-8 Oct]
Kolkata,Ideal Plaza,Raw mango Powder Mix (1 Pkt = 13gm),Kg,2026-10-01 to 2026-10-08,,0.221,64.09,,0.175,50.7,,,0.16899999999999998,0.129,289.99,issued_from_CK,entp_consumption_east_north_01-08Oct2026.csv (Indent Receive Qty); no production record in Restroworks [first pass 1-8 Oct; target window 24 Sep-8 Oct]
Kolkata,Ideal Plaza,Sambar Bucket,Ltr,2026-10-01 to 2026-10-08,,465.0,12259.78,,784.4,20680.8,,,65.0,-7.399999999999999,26.37,issued_from_CK,entp_consumption_east_north_01-08Oct2026.csv (Indent Receive Qty); no production record in Restroworks [first pass 1-8 Oct; target window 24 Sep-8 Oct]
Kolkata,Ideal Plaza,Special Daal Bucket,Kg,2026-10-01 to 2026-10-08,,10.0,1533.4,,11.936,1830.27,,,1.5,2.334,153.34,issued_from_CK,entp_consumption_east_north_01-08Oct2026.csv (Indent Receive Qty); no production record in Restroworks [first pass 1-8 Oct; target window 24 Sep-8 Oct]
Kolkata,Ideal Plaza,Special White Coconut Chutney Bucket,Kg,2026-10-01 to 2026-10-08,,,,,21.65,1565.47,,,1.0,-5.8,72.31,consumed_no_issue_record (made in store or untracked),entp_consumption_east_north_01-08Oct2026.csv (Indent Receive Qty); no production record in Restroworks [first pass 1-8 Oct; target window 24 Sep-8 Oct]
Kolkata,Ideal Plaza,Spicy Coconut Chutney Mix 1Pkt (16gm),Kg,2026-10-01 to 2026-10-08,,,,,2.317,362.61,,,0.0,-0.693,156.53,consumed_no_issue_record (made in store or untracked),entp_consumption_east_north_01-08Oct2026.csv (Indent Receive Qty); no production record in Restroworks [first pass 1-8 Oct; target window 24 Sep-8 Oct]
Kolkata,Ideal Plaza,Srivilli Kheer (1 Pc),Pc,2026-10-01 to 2026-10-08,,57.0,1498.0,,60.0,1576.84,10.0,262.81,17.0,4.0,26.28,issued_from_CK,entp_consumption_east_north_01-08Oct2026.csv (Indent Receive Qty); no production record in Restroworks [first pass 1-8 Oct; target window 24 Sep-8 Oct]
Kolkata,Ideal Plaza,Steam Rice Bucket,Kg,2026-10-01 to 2026-10-08,,16.0,900.59,,10.513,591.74,7.787,438.31,4.5,2.19,56.29,issued_from_CK,entp_consumption_east_north_01-08Oct2026.csv (Indent Receive Qty); no production record in Restroworks [first pass 1-8 Oct; target window 24 Sep-8 Oct]
Kolkata,Ideal Plaza,Thatte Idli Batter,Kg,2026-10-01 to 2026-10-08,,26.8,687.34,,,,0.9,23.08,-4.0,6.0,25.65,issued_from_CK,entp_consumption_east_north_01-08Oct2026.csv (Indent Receive Qty); no production record in Restroworks [first pass 1-8 Oct; target window 24 Sep-8 Oct]
Kolkata,Ideal Plaza,Thatte Idli Pc Raw,Pc,2026-10-01 to 2026-10-08,,,,,239.0,1213.15,,,72.0,-11.0,5.08,consumed_no_issue_record (made in store or untracked),entp_consumption_east_north_01-08Oct2026.csv (Indent Receive Qty); no production record in Restroworks [first pass 1-8 Oct; target window 24 Sep-8 Oct]
Kolkata,Ideal Plaza,Thindi Malkapodi Powder Bucket,Kg,2026-10-01 to 2026-10-08,,2.5,486.93,,4.275,832.65,,,0.8999999999999999,0.55,194.77,issued_from_CK,entp_consumption_east_north_01-08Oct2026.csv (Indent Receive Qty); no production record in Restroworks [first pass 1-8 Oct; target window 24 Sep-8 Oct]
Kolkata,Ideal Plaza,Tomato Onion Powder Mix (1 Pkt = 24gm),Kg,2026-10-01 to 2026-10-08,,0.672,352.24,,0.607,318.07,,,0.172,0.056,524.17,issued_from_CK,entp_consumption_east_north_01-08Oct2026.csv (Indent Receive Qty); no production record in Restroworks [first pass 1-8 Oct; target window 24 Sep-8 Oct]
Kolkata,Ideal Plaza,Upma Mix (1pkt = 300gm),Kg,2026-10-01 to 2026-10-08,,2.4,207.93,,1.74,150.75,0.15,13.0,1.4000000000000001,1.96,86.64,issued_from_CK,entp_consumption_east_north_01-08Oct2026.csv (Indent Receive Qty); no production record in Restroworks [first pass 1-8 Oct; target window 24 Sep-8 Oct]
Kolkata,James Long Sarani,Benne Dosa Batter (Pack Size -3 Kg ),Kg,2026-10-01 to 2026-10-08,,40.0,1329.72,,31.425,1044.66,13.0,432.16,4.0,1.4,33.24,issued_from_CK,entp_consumption_east_north_01-08Oct2026.csv (Indent Receive Qty); no production record in Restroworks [first pass 1-8 Oct; target window 24 Sep-8 Oct]
Kolkata,James Long Sarani,Boiled & Mashed Potato (1Pkt = 3Kg),Kg,2026-10-01 to 2026-10-08,,,,,97.15,3023.33,,,0.0,-31.483,31.12,consumed_no_issue_record (made in store or untracked),entp_consumption_east_north_01-08Oct2026.csv (Indent Receive Qty); no production record in Restroworks [first pass 1-8 Oct; target window 24 Sep-8 Oct]
Kolkata,James Long Sarani,Chaat Masala Bucket,Kg,2026-10-01 to 2026-10-08,,0.2,71.5,,0.342,122.27,,,0.25,0.215,357.51,issued_from_CK,entp_consumption_east_north_01-08Oct2026.csv (Indent Receive Qty); no production record in Restroworks [first pass 1-8 Oct; target window 24 Sep-8 Oct]
Kolkata,James Long Sarani,Coconut Shredded,Kg,2026-10-01 to 2026-10-08,,60.0,11750.23,,87.358,17107.9,,,5.0,-0.374,195.84,issued_from_CK,entp_consumption_east_north_01-08Oct2026.csv (Indent Receive Qty); no production record in Restroworks [first pass 1-8 Oct; target window 24 Sep-8 Oct]
Kolkata,James Long Sarani,Dahi Bucket Mix (1pkt =105gm),gm,2026-10-01 to 2026-10-08,,2100.0,132.71,,2570.0,162.42,,,315.0,125.0,0.06,issued_from_CK,entp_consumption_east_north_01-08Oct2026.csv (Indent Receive Qty); no production record in Restroworks [first pass 1-8 Oct; target window 24 Sep-8 Oct]
Kolkata,James Long Sarani,Dosa Batter Mix,Kg,2026-10-01 to 2026-10-08,,198.48,6505.53,,170.926,5602.4,21.3,698.14,30.0,32.482,32.78,issued_from_CK,entp_consumption_east_north_01-08Oct2026.csv (Indent Receive Qty); no production record in Restroworks [first pass 1-8 Oct; target window 24 Sep-8 Oct]
Kolkata,James Long Sarani,Filter Coffee Ice Cream (700gm= 1 Bucket),Kg,2026-10-01 to 2026-10-08,,1.4,328.59,,1.32,309.81,0.3,70.41,1.0,0.92,234.7,issued_from_CK,entp_consumption_east_north_01-08Oct2026.csv (Indent Receive Qty); no production record in Restroworks [first pass 1-8 Oct; target window 24 Sep-8 Oct]
Kolkata,James Long Sarani,Garam Masala Powder Bucket,Kg,2026-10-01 to 2026-10-08,,,,,0.007,8.75,,,0.06,0.048,1250.5,consumed_no_issue_record (made in store or untracked),entp_consumption_east_north_01-08Oct2026.csv (Indent Receive Qty); no production record in Restroworks [first pass 1-8 Oct; target window 24 Sep-8 Oct]
Kolkata,James Long Sarani,Garlic Chutney Bucket,Kg,2026-10-01 to 2026-10-08,,6.3,1594.07,,7.125,1802.82,1.2,303.63,0.6,-0.24,253.03,issued_from_CK,entp_consumption_east_north_01-08Oct2026.csv (Indent Receive Qty); no production record in Restroworks [first pass 1-8 Oct; target window 24 Sep-8 Oct]
Kolkata,James Long Sarani,Idli Pc Raw (1 Pkt =40pc),Pc,2026-10-01 to 2026-10-08,,900.0,1817.61,,838.0,1692.4,62.0,125.21,93.0,125.0,2.02,issued_from_CK,entp_consumption_east_north_01-08Oct2026.csv (Indent Receive Qty); no production record in Restroworks [first pass 1-8 Oct; target window 24 Sep-8 Oct]
Kolkata,James Long Sarani,Imli Water,Ltr,2026-10-01 to 2026-10-08,,1.8,45.97,,1.138,29.05,0.3,7.66,0.1,0.283,25.54,issued_from_CK,entp_consumption_east_north_01-08Oct2026.csv (Indent Receive Qty); no production record in Restroworks [first pass 1-8 Oct; target window 24 Sep-8 Oct]
Kolkata,James Long Sarani,Jain Sambar Bucket,Ltr,2026-10-01 to 2026-10-08,,29.0,716.84,,27.8,687.18,,,2.0,0.2,24.72,issued_from_CK,entp_consumption_east_north_01-08Oct2026.csv (Indent Receive Qty); no production record in Restroworks [first pass 1-8 Oct; target window 24 Sep-8 Oct]
Kolkata,James Long Sarani,Karam Podi Powder Bucket,Kg,2026-10-01 to 2026-10-08,,,,,0.48,91.17,,,1.0,0.5,189.93,consumed_no_issue_record (made in store or untracked),entp_consumption_east_north_01-08Oct2026.csv (Indent Receive Qty); no production record in Restroworks [first pass 1-8 Oct; target window 24 Sep-8 Oct]
Kolkata,James Long Sarani,Kesari Halwa Mix  (1pkt = 550gm),Kg,2026-10-01 to 2026-10-08,,4.95,345.18,,3.45,240.58,1.675,116.8,2.75,1.008,69.73,issued_from_CK,entp_consumption_east_north_01-08Oct2026.csv (Indent Receive Qty); no production record in Restroworks [first pass 1-8 Oct; target window 24 Sep-8 Oct]
Kolkata,James Long Sarani,Korma Gravy Mix (1pkt=700gm),Kg,2026-10-01 to 2026-10-08,,8.4,1273.28,,9.54,1446.09,3.02,457.78,0.7,-0.53,151.58,issued_from_CK,entp_consumption_east_north_01-08Oct2026.csv (Indent Receive Qty); no production record in Restroworks [first pass 1-8 Oct; target window 24 Sep-8 Oct]
Kolkata,James Long Sarani,Lemon Rice Bucket,Kg,2026-10-01 to 2026-10-08,,4.5,394.23,,2.25,197.12,2.143,187.74,0.4,0.5,87.61,issued_from_CK,entp_consumption_east_north_01-08Oct2026.csv (Indent Receive Qty); no production record in Restroworks [first pass 1-8 Oct; target window 24 Sep-8 Oct]
Kolkata,James Long Sarani,Malabar Paratha  (1pkt= 6Pcs),Pc,2026-10-01 to 2026-10-08,,,,,108.0,840.6,,,0.0,-22.0,7.78,consumed_no_issue_record (made in store or untracked),entp_consumption_east_north_01-08Oct2026.csv (Indent Receive Qty); no production record in Restroworks [first pass 1-8 Oct; target window 24 Sep-8 Oct]
Kolkata,James Long Sarani,Malabar Paratha Dough,Pc,2026-10-01 to 2026-10-08,,120.0,1037.02,,,,12.0,103.7,4.0,28.0,8.64,issued_from_CK,entp_consumption_east_north_01-08Oct2026.csv (Indent Receive Qty); no production record in Restroworks [first pass 1-8 Oct; target window 24 Sep-8 Oct]
Kolkata,James Long Sarani,Malkapodi Bucket,Kg,2026-10-01 to 2026-10-08,,0.5,83.78,,1.22,204.43,,,1.1,0.65,167.57,issued_from_CK,entp_consumption_east_north_01-08Oct2026.csv (Indent Receive Qty); no production record in Restroworks [first pass 1-8 Oct; target window 24 Sep-8 Oct]
Kolkata,James Long Sarani,Medu Vada Batter Mix,Kg,2026-10-01 to 2026-10-08,,,,,34.265,2580.9,,,0.0,-10.854,75.32,consumed_no_issue_record (made in store or untracked),entp_consumption_east_north_01-08Oct2026.csv (Indent Receive Qty); no production record in Restroworks [first pass 1-8 Oct; target window 24 Sep-8 Oct]
Kolkata,James Long Sarani,Medu Vada Batter Powder Mix (1 Pkt = 23gm),Kg,2026-10-01 to 2026-10-08,,0.621,164.39,,,,,,0.138,0.345,264.72,issued_from_CK,entp_consumption_east_north_01-08Oct2026.csv (Indent Receive Qty); no production record in Restroworks [first pass 1-8 Oct; target window 24 Sep-8 Oct]
Kolkata,James Long Sarani,Mysore Chutney Bucket,Kg,2026-10-01 to 2026-10-08,,4.2,713.65,,3.54,601.5,1.9,322.84,0.4,0.0,169.92,issued_from_CK,entp_consumption_east_north_01-08Oct2026.csv (Indent Receive Qty); no production record in Restroworks [first pass 1-8 Oct; target window 24 Sep-8 Oct]
Kolkata,James Long Sarani,Potato Masala Mix (1Pkt = 90Gm),Pkt,2026-10-01 to 2026-10-08,,32.0,347.61,,32.383,351.78,,,4.0,3.506,10.86,issued_from_CK,entp_consumption_east_north_01-08Oct2026.csv (Indent Receive Qty); no production record in Restroworks [first pass 1-8 Oct; target window 24 Sep-8 Oct]
Kolkata,James Long Sarani,Rasam Bucket,Ltr,2026-10-01 to 2026-10-08,,,,,2.9,100.65,,,0.0,-0.45,34.71,consumed_no_issue_record (made in store or untracked),entp_consumption_east_north_01-08Oct2026.csv (Indent Receive Qty); no production record in Restroworks [first pass 1-8 Oct; target window 24 Sep-8 Oct]
Kolkata,James Long Sarani,Rasam Chhoke Pre-Mix (2 Mix -6gm + 42gm)= 48gm,Kg,2026-10-01 to 2026-10-08,,0.24,54.87,,,,,,0.048,1.008,228.61,issued_from_CK,entp_consumption_east_north_01-08Oct2026.csv (Indent Receive Qty); no production record in Restroworks [first pass 1-8 Oct; target window 24 Sep-8 Oct]
Kolkata,James Long Sarani,Rasam Mix (1Pkt =15 gm),Kg,2026-10-01 to 2026-10-08,,0.06,21.62,,,,,,0.015,0.045,360.37,issued_from_CK,entp_consumption_east_north_01-08Oct2026.csv (Indent Receive Qty); no production record in Restroworks [first pass 1-8 Oct; target window 24 Sep-8 Oct]
Kolkata,James Long Sarani,Rava Powder Mix,Kg,2026-10-01 to 2026-10-08,,4.0,385.26,,3.1,298.58,,,0.5,1.4,96.31,issued_from_CK,entp_consumption_east_north_01-08Oct2026.csv (Indent Receive Qty); no production record in Restroworks [first pass 1-8 Oct; target window 24 Sep-8 Oct]
Kolkata,James Long Sarani,Raw Mango Chutney Bucket,Kg,2026-10-01 to 2026-10-08,,,,,0.42,66.9,,,0.0,-0.18,159.3,consumed_no_issue_record (made in store or untracked),entp_consumption_east_north_01-08Oct2026.csv (Indent Receive Qty); no production record in Restroworks [first pass 1-8 Oct; target window 24 Sep-8 Oct]
Kolkata,James Long Sarani,Raw Mango Pickle Bucket,Kg,2026-10-01 to 2026-10-08,,0.5,87.22,,0.225,39.25,,,0.13,0.315,174.44,issued_from_CK,entp_consumption_east_north_01-08Oct2026.csv (Indent Receive Qty); no production record in Restroworks [first pass 1-8 Oct; target window 24 Sep-8 Oct]
Kolkata,James Long Sarani,Raw mango Powder Mix (1 Pkt = 13gm),Kg,2026-10-01 to 2026-10-08,,0.156,45.39,,0.066,19.29,,,0.026,0.08,290.94,issued_from_CK,entp_consumption_east_north_01-08Oct2026.csv (Indent Receive Qty); no production record in Restroworks [first pass 1-8 Oct; target window 24 Sep-8 Oct]
Kolkata,James Long Sarani,Sambar Bucket,Ltr,2026-10-01 to 2026-10-08,,280.0,7391.77,,397.0,10480.47,8.0,211.19,8.0,-23.8,26.4,issued_from_CK,entp_consumption_east_north_01-08Oct2026.csv (Indent Receive Qty); no production record in Restroworks [first pass 1-8 Oct; target window 24 Sep-8 Oct]
Kolkata,James Long Sarani,Special Daal Bucket,Kg,2026-10-01 to 2026-10-08,,1.0,153.13,,6.011,920.48,,,1.0,-0.869,153.13,issued_from_CK,entp_consumption_east_north_01-08Oct2026.csv (Indent Receive Qty); no production record in Restroworks [first pass 1-8 Oct; target window 24 Sep-8 Oct]
Kolkata,James Long Sarani,Special White Coconut Chutney Bucket,Kg,2026-10-01 to 2026-10-08,,,,,2.65,151.11,,,0.0,-0.3,57.02,consumed_no_issue_record (made in store or untracked),entp_consumption_east_north_01-08Oct2026.csv (Indent Receive Qty); no production record in Restroworks [first pass 1-8 Oct; target window 24 Sep-8 Oct]
Kolkata,James Long Sarani,Spicy Coconut Chutney Mix 1Pkt (16gm),Kg,2026-10-01 to 2026-10-08,,,,,0.915,150.25,,,0.0,-0.27,164.24,consumed_no_issue_record (made in store or untracked),entp_consumption_east_north_01-08Oct2026.csv (Indent Receive Qty); no production record in Restroworks [first pass 1-8 Oct; target window 24 Sep-8 Oct]
Kolkata,James Long Sarani,Srivilli Kheer (1 Pc),Pc,2026-10-01 to 2026-10-08,,39.0,1028.42,,26.0,685.61,13.0,342.81,2.0,2.0,26.37,issued_from_CK,entp_consumption_east_north_01-08Oct2026.csv (Indent Receive Qty); no production record in Restroworks [first pass 1-8 Oct; target window 24 Sep-8 Oct]
Kolkata,James Long Sarani,Steam Rice Bucket,Kg,2026-10-01 to 2026-10-08,,10.0,563.45,,4.383,246.96,5.7,321.17,1.5,1.287,56.35,issued_from_CK,entp_consumption_east_north_01-08Oct2026.csv (Indent Receive Qty); no production record in Restroworks [first pass 1-8 Oct; target window 24 Sep-8 Oct]
Kolkata,James Long Sarani,Thatte Idli Pc Raw,Pc,2026-10-01 to 2026-10-08,,102.0,507.9,,95.0,473.05,8.0,39.84,6.0,15.0,4.98,issued_from_CK,entp_consumption_east_north_01-08Oct2026.csv (Indent Receive Qty); no production record in Restroworks [first pass 1-8 Oct; target window 24 Sep-8 Oct]
Kolkata,James Long Sarani,Thindi Malkapodi Powder Bucket,Kg,2026-10-01 to 2026-10-08,,1.0,194.9,,1.885,367.39,,,0.6,0.47,194.9,issued_from_CK,entp_consumption_east_north_01-08Oct2026.csv (Indent Receive Qty); no production record in Restroworks [first pass 1-8 Oct; target window 24 Sep-8 Oct]
Kolkata,James Long Sarani,Tomato Onion Powder Mix (1 Pkt = 24gm),Kg,2026-10-01 to 2026-10-08,,0.36,188.25,,0.163,85.39,,,0.048,0.123,522.93,issued_from_CK,entp_consumption_east_north_01-08Oct2026.csv (Indent Receive Qty); no production record in Restroworks [first pass 1-8 Oct; target window 24 Sep-8 Oct]
Kolkata,James Long Sarani,Upma Mix (1pkt = 300gm),Kg,2026-10-01 to 2026-10-08,,1.8,155.72,,0.66,57.1,1.425,123.28,0.6,0.275,86.51,issued_from_CK,entp_consumption_east_north_01-08Oct2026.csv (Indent Receive Qty); no production record in Restroworks [first pass 1-8 Oct; target window 24 Sep-8 Oct]
Kolkata,Kalikapur,Benne Dosa Batter (Pack Size -3 Kg ),Kg,2026-10-01 to 2026-10-08,,35.0,1168.78,,20.25,676.22,13.5,450.81,1.5,2.6,33.39,issued_from_CK,entp_consumption_east_north_01-08Oct2026.csv (Indent Receive Qty); no production record in Restroworks [first pass 1-8 Oct; target window 24 Sep-8 Oct]
Kolkata,Kalikapur,Boiled & Mashed Potato (1Pkt = 3Kg),Kg,2026-10-01 to 2026-10-08,,,,,45.667,1421.46,,,0.0,-13.667,31.13,consumed_no_issue_record (made in store or untracked),entp_consumption_east_north_01-08Oct2026.csv (Indent Receive Qty); no production record in Restroworks [first pass 1-8 Oct; target window 24 Sep-8 Oct]
Kolkata,Kalikapur,Chaat Masala Bucket,Kg,2026-10-01 to 2026-10-08,,0.1,36.04,,0.223,80.37,,,0.25,0.192,360.38,issued_from_CK,entp_consumption_east_north_01-08Oct2026.csv (Indent Receive Qty); no production record in Restroworks [first pass 1-8 Oct; target window 24 Sep-8 Oct]
Kolkata,Kalikapur,Coconut Shredded,Kg,2026-10-01 to 2026-10-08,,48.0,9402.67,2.0,60.941,11937.64,,,5.0,0.054,195.89,issued_from_CK,entp_consumption_east_north_01-08Oct2026.csv (Indent Receive Qty); no production record in Restroworks [first pass 1-8 Oct; target window 24 Sep-8 Oct]
Kolkata,Kalikapur,Dahi Bucket Mix (1pkt =105gm),gm,2026-10-01 to 2026-10-08,,1260.0,79.5,,1590.0,100.32,,,420.0,340.0,0.06,issued_from_CK,entp_consumption_east_north_01-08Oct2026.csv (Indent Receive Qty); no production record in Restroworks [first pass 1-8 Oct; target window 24 Sep-8 Oct]
Kolkata,Kalikapur,Dosa Batter Mix,Kg,2026-10-01 to 2026-10-08,,140.0,4590.38,,109.214,3580.95,25.5,836.1,17.0,18.143,32.79,issued_from_CK,entp_consumption_east_north_01-08Oct2026.csv (Indent Receive Qty); no production record in Restroworks [first pass 1-8 Oct; target window 24 Sep-8 Oct]
Kolkata,Kalikapur,Filter Coffee Ice Cream (700gm= 1 Bucket),Kg,2026-10-01 to 2026-10-08,,1.4,330.49,,1.32,311.61,,,0.0,0.34,236.07,issued_from_CK,entp_consumption_east_north_01-08Oct2026.csv (Indent Receive Qty); no production record in Restroworks [first pass 1-8 Oct; target window 24 Sep-8 Oct]
Kolkata,Kalikapur,Garlic Chutney Bucket,Kg,2026-10-01 to 2026-10-08,,4.2,1064.01,,4.815,1219.81,0.6,152.0,0.3,-0.345,253.33,issued_from_CK,entp_consumption_east_north_01-08Oct2026.csv (Indent Receive Qty); no production record in Restroworks [first pass 1-8 Oct; target window 24 Sep-8 Oct]
Kolkata,Kalikapur,Idli Pc Raw (1 Pkt =40pc),Pc,2026-10-01 to 2026-10-08,,660.0,1334.37,,678.0,1370.77,16.0,32.35,110.0,57.0,2.02,issued_from_CK,entp_consumption_east_north_01-08Oct2026.csv (Indent Receive Qty); no production record in Restroworks [first pass 1-8 Oct; target window 24 Sep-8 Oct]
Kolkata,Kalikapur,Imli Water,Ltr,2026-10-01 to 2026-10-08,,0.9,22.56,,0.629,15.77,,,0.15,0.414,25.07,issued_from_CK,entp_consumption_east_north_01-08Oct2026.csv (Indent Receive Qty); no production record in Restroworks [first pass 1-8 Oct; target window 24 Sep-8 Oct]
Kolkata,Kalikapur,Jain Sambar Bucket,Ltr,2026-10-01 to 2026-10-08,,67.0,1620.35,,16.0,386.95,4.0,96.74,3.0,15.2,24.18,issued_from_CK,entp_consumption_east_north_01-08Oct2026.csv (Indent Receive Qty); no production record in Restroworks [first pass 1-8 Oct; target window 24 Sep-8 Oct]
Kolkata,Kalikapur,Karam Podi Powder Bucket,Kg,2026-10-01 to 2026-10-08,,0.5,95.7,,0.08,15.31,0.2,38.28,0.45,0.675,191.4,issued_from_CK,entp_consumption_east_north_01-08Oct2026.csv (Indent Receive Qty); no production record in Restroworks [first pass 1-8 Oct; target window 24 Sep-8 Oct]
Kolkata,Kalikapur,Kesari Halwa Mix  (1pkt = 550gm),Kg,2026-10-01 to 2026-10-08,,3.3,229.81,,2.139,148.96,0.8,55.71,0.55,0.236,69.64,issued_from_CK,entp_consumption_east_north_01-08Oct2026.csv (Indent Receive Qty); no production record in Restroworks [first pass 1-8 Oct; target window 24 Sep-8 Oct]
Kolkata,Kalikapur,Korma Gravy Mix (1pkt=700gm),Kg,2026-10-01 to 2026-10-08,,6.77,1026.56,,10.8,1637.64,,,2.1,-0.82,151.63,issued_from_CK,entp_consumption_east_north_01-08Oct2026.csv (Indent Receive Qty); no production record in Restroworks [first pass 1-8 Oct; target window 24 Sep-8 Oct]
Kolkata,Kalikapur,Malabar Paratha  (1pkt= 6Pcs),Pc,2026-10-01 to 2026-10-08,,,,,120.0,947.46,,,0.0,-48.0,7.9,consumed_no_issue_record (made in store or untracked),entp_consumption_east_north_01-08Oct2026.csv (Indent Receive Qty); no production record in Restroworks [first pass 1-8 Oct; target window 24 Sep-8 Oct]
Kolkata,Kalikapur,Malabar Paratha Dough,Pc,2026-10-01 to 2026-10-08,,114.0,984.33,,,,2.0,17.27,6.0,12.0,8.63,issued_from_CK,entp_consumption_east_north_01-08Oct2026.csv (Indent Receive Qty); no production record in Restroworks [first pass 1-8 Oct; target window 24 Sep-8 Oct]
Kolkata,Kalikapur,Malkapodi Bucket,Kg,2026-10-01 to 2026-10-08,,1.0,168.36,,0.655,110.28,,,0.4,0.665,168.36,issued_from_CK,entp_consumption_east_north_01-08Oct2026.csv (Indent Receive Qty); no production record in Restroworks [first pass 1-8 Oct; target window 24 Sep-8 Oct]
Kolkata,Kalikapur,Medu Vada Batter,Kg,2026-10-01 to 2026-10-08,,34.0,2174.85,,,,7.5,479.75,0.0,8.0,63.97,issued_from_CK,entp_consumption_east_north_01-08Oct2026.csv (Indent Receive Qty); no production record in Restroworks [first pass 1-8 Oct; target window 24 Sep-8 Oct]
Kolkata,Kalikapur,Medu Vada Batter Mix,Kg,2026-10-01 to 2026-10-08,,,,,26.37,1979.13,,,0.0,-8.347,75.05,consumed_no_issue_record (made in store or untracked),entp_consumption_east_north_01-08Oct2026.csv (Indent Receive Qty); no production record in Restroworks [first pass 1-8 Oct; target window 24 Sep-8 Oct]
Kolkata,Kalikapur,Medu Vada Batter Powder Mix (1 Pkt = 23gm),Kg,2026-10-01 to 2026-10-08,,0.621,164.58,,,,,,0.046,0.207,265.02,issued_from_CK,entp_consumption_east_north_01-08Oct2026.csv (Indent Receive Qty); no production record in Restroworks [first pass 1-8 Oct; target window 24 Sep-8 Oct]
Kolkata,Kalikapur,Mysore Chutney Bucket,Kg,2026-10-01 to 2026-10-08,,2.1,355.61,,2.41,408.11,0.3,50.8,0.6,0.42,169.34,issued_from_CK,entp_consumption_east_north_01-08Oct2026.csv (Indent Receive Qty); no production record in Restroworks [first pass 1-8 Oct; target window 24 Sep-8 Oct]
Kolkata,Kalikapur,Potato Masala Mix (1Pkt = 90Gm),Pkt,2026-10-01 to 2026-10-08,,20.0,217.54,,15.222,165.57,,,4.0,6.444,10.88,issued_from_CK,entp_consumption_east_north_01-08Oct2026.csv (Indent Receive Qty); no production record in Restroworks [first pass 1-8 Oct; target window 24 Sep-8 Oct]
Kolkata,Kalikapur,Rasam Bucket,Ltr,2026-10-01 to 2026-10-08,,,,,2.25,78.58,,,-1.0,-1.65,34.92,consumed_no_issue_record (made in store or untracked),entp_consumption_east_north_01-08Oct2026.csv (Indent Receive Qty); no production record in Restroworks [first pass 1-8 Oct; target window 24 Sep-8 Oct]
Kolkata,Kalikapur,Rasam Chhoke Pre-Mix (2 Mix -6gm + 42gm)= 48gm,Kg,2026-10-01 to 2026-10-08,,0.576,131.55,,,,,,0.048,0.096,228.39,issued_from_CK,entp_consumption_east_north_01-08Oct2026.csv (Indent Receive Qty); no production record in Restroworks [first pass 1-8 Oct; target window 24 Sep-8 Oct]
Kolkata,Kalikapur,Rasam Mix (1Pkt =15 gm),Kg,2026-10-01 to 2026-10-08,,0.045,16.25,,,,,,0.015,0.03,361.17,issued_from_CK,entp_consumption_east_north_01-08Oct2026.csv (Indent Receive Qty); no production record in Restroworks [first pass 1-8 Oct; target window 24 Sep-8 Oct]
Kolkata,Kalikapur,Rava Powder Mix,Kg,2026-10-01 to 2026-10-08,,4.0,384.63,,2.9,278.86,,,1.4,2.45,96.16,issued_from_CK,entp_consumption_east_north_01-08Oct2026.csv (Indent Receive Qty); no production record in Restroworks [first pass 1-8 Oct; target window 24 Sep-8 Oct]
Kolkata,Kalikapur,Raw Mango Chutney Bucket,Kg,2026-10-01 to 2026-10-08,,,,,0.72,116.22,,,0.0,-0.18,161.42,consumed_no_issue_record (made in store or untracked),entp_consumption_east_north_01-08Oct2026.csv (Indent Receive Qty); no production record in Restroworks [first pass 1-8 Oct; target window 24 Sep-8 Oct]
Kolkata,Kalikapur,Raw mango Powder Mix (1 Pkt = 13gm),Kg,2026-10-01 to 2026-10-08,,0.091,26.35,,0.081,23.43,,,0.039,0.033,289.55,issued_from_CK,entp_consumption_east_north_01-08Oct2026.csv (Indent Receive Qty); no production record in Restroworks [first pass 1-8 Oct; target window 24 Sep-8 Oct]
Kolkata,Kalikapur,Sambar Bucket,Ltr,2026-10-01 to 2026-10-08,,215.0,5674.36,,275.8,7279.02,,,-22.0,-48.4,26.39,issued_from_CK,entp_consumption_east_north_01-08Oct2026.csv (Indent Receive Qty); no production record in Restroworks [first pass 1-8 Oct; target window 24 Sep-8 Oct]
Kolkata,Kalikapur,Special Daal Bucket,Kg,2026-10-01 to 2026-10-08,,3.0,459.86,,4.227,647.93,,,0.8,1.374,153.29,issued_from_CK,entp_consumption_east_north_01-08Oct2026.csv (Indent Receive Qty); no production record in Restroworks [first pass 1-8 Oct; target window 24 Sep-8 Oct]
Kolkata,Kalikapur,Special White Coconut Chutney Bucket,Kg,2026-10-01 to 2026-10-08,,,,,0.3,19.3,,,0.0,-0.15,64.33,consumed_no_issue_record (made in store or untracked),entp_consumption_east_north_01-08Oct2026.csv (Indent Receive Qty); no production record in Restroworks [first pass 1-8 Oct; target window 24 Sep-8 Oct]
Kolkata,Kalikapur,Spicy Coconut Chutney Mix 1Pkt (16gm),Kg,2026-10-01 to 2026-10-08,,,,,0.558,87.29,,,0.0,-0.264,156.53,consumed_no_issue_record (made in store or untracked),entp_consumption_east_north_01-08Oct2026.csv (Indent Receive Qty); no production record in Restroworks [first pass 1-8 Oct; target window 24 Sep-8 Oct]
Kolkata,Kalikapur,Srivilli Kheer (1 Pc),Pc,2026-10-01 to 2026-10-08,,37.0,972.76,,28.0,736.14,8.0,210.33,5.0,5.0,26.29,issued_from_CK,entp_consumption_east_north_01-08Oct2026.csv (Indent Receive Qty); no production record in Restroworks [first pass 1-8 Oct; target window 24 Sep-8 Oct]
Kolkata,Kalikapur,Thatte Idli Pc Raw,Pc,2026-10-01 to 2026-10-08,,54.0,269.6,,52.0,259.61,7.0,34.95,7.0,10.0,4.99,issued_from_CK,entp_consumption_east_north_01-08Oct2026.csv (Indent Receive Qty); no production record in Restroworks [first pass 1-8 Oct; target window 24 Sep-8 Oct]
Kolkata,Kalikapur,Thindi Malkapodi Powder Bucket,Kg,2026-10-01 to 2026-10-08,,0.5,97.41,,1.25,243.53,,,0.46,-0.205,194.83,issued_from_CK,entp_consumption_east_north_01-08Oct2026.csv (Indent Receive Qty); no production record in Restroworks [first pass 1-8 Oct; target window 24 Sep-8 Oct]
Kolkata,Kalikapur,Tomato Onion Powder Mix (1 Pkt = 24gm),Kg,2026-10-01 to 2026-10-08,,0.096,50.2,,0.062,32.63,0.024,12.55,0.072,0.053,522.96,issued_from_CK,entp_consumption_east_north_01-08Oct2026.csv (Indent Receive Qty); no production record in Restroworks [first pass 1-8 Oct; target window 24 Sep-8 Oct]
Kolkata,Kalikapur,Upma Mix (1pkt = 300gm),Kg,2026-10-01 to 2026-10-08,,2.1,181.77,,1.14,98.67,1.65,142.82,0.3,0.08,86.56,issued_from_CK,entp_consumption_east_north_01-08Oct2026.csv (Indent Receive Qty); no production record in Restroworks [first pass 1-8 Oct; target window 24 Sep-8 Oct]
Kolkata,Lake Road,Benne Dosa Batter (Pack Size -3 Kg ),Kg,2026-10-01 to 2026-10-08,,89.256,2911.77,,67.15,2190.61,11.5,375.16,2.0,13.431,32.62,issued_from_CK,entp_consumption_east_north_01-08Oct2026.csv (Indent Receive Qty); no production record in Restroworks [first pass 1-8 Oct; target window 24 Sep-8 Oct]
Kolkata,Lake Road,Boiled & Mashed Potato (1Pkt = 3Kg),Kg,2026-10-01 to 2026-10-08,,,,,112.667,3511.91,,,20.0,-35.333,31.17,consumed_no_issue_record (made in store or untracked),entp_consumption_east_north_01-08Oct2026.csv (Indent Receive Qty); no production record in Restroworks [first pass 1-8 Oct; target window 24 Sep-8 Oct]
Kolkata,Lake Road,Chaat Masala Bucket,Kg,2026-10-01 to 2026-10-08,,0.3,107.38,,0.317,113.47,,,0.17,0.226,357.94,issued_from_CK,entp_consumption_east_north_01-08Oct2026.csv (Indent Receive Qty); no production record in Restroworks [first pass 1-8 Oct; target window 24 Sep-8 Oct]
Kolkata,Lake Road,Coconut Shredded,Kg,2026-10-01 to 2026-10-08,,92.0,18019.33,,207.171,40576.94,,,4.5,-27.139,195.86,issued_from_CK,entp_consumption_east_north_01-08Oct2026.csv (Indent Receive Qty); no production record in Restroworks [first pass 1-8 Oct; target window 24 Sep-8 Oct]
Kolkata,Lake Road,Dahi Bucket Mix (1pkt =105gm),gm,2026-10-01 to 2026-10-08,,1785.0,112.83,,1880.0,118.83,,,262.0,345.0,0.06,issued_from_CK,entp_consumption_east_north_01-08Oct2026.csv (Indent Receive Qty); no production record in Restroworks [first pass 1-8 Oct; target window 24 Sep-8 Oct]
Kolkata,Lake Road,Dosa Batter Mix,Kg,2026-10-01 to 2026-10-08,,214.237,7028.05,,182.106,5973.99,50.0,1640.25,19.5,16.456,32.81,issued_from_CK,entp_consumption_east_north_01-08Oct2026.csv (Indent Receive Qty); no production record in Restroworks [first pass 1-8 Oct; target window 24 Sep-8 Oct]
Kolkata,Lake Road,Filter Coffee Ice Cream (700gm= 1 Bucket),Kg,2026-10-01 to 2026-10-08,,4.2,948.26,,4.56,1029.54,,,0.52,0.2,225.78,issued_from_CK,entp_consumption_east_north_01-08Oct2026.csv (Indent Receive Qty); no production record in Restroworks [first pass 1-8 Oct; target window 24 Sep-8 Oct]
Kolkata,Lake Road,Garam Masala Powder Bucket,Kg,2026-10-01 to 2026-10-08,,0.1,126.93,,0.031,39.35,,,0.06,0.134,1269.31,issued_from_CK,entp_consumption_east_north_01-08Oct2026.csv (Indent Receive Qty); no production record in Restroworks [first pass 1-8 Oct; target window 24 Sep-8 Oct]
Kolkata,Lake Road,Garlic Chutney Bucket,Kg,2026-10-01 to 2026-10-08,,9.6,2433.32,0.3,11.055,2802.12,0.9,228.12,0.6,0.32,253.47,issued_from_CK,entp_consumption_east_north_01-08Oct2026.csv (Indent Receive Qty); no production record in Restroworks [first pass 1-8 Oct; target window 24 Sep-8 Oct]
Kolkata,Lake Road,Idli Pc Raw (1 Pkt =40pc),Pc,2026-10-01 to 2026-10-08,,1400.0,2828.21,40.0,1279.0,2583.77,50.0,101.01,112.0,111.0,2.02,issued_from_CK,entp_consumption_east_north_01-08Oct2026.csv (Indent Receive Qty); no production record in Restroworks [first pass 1-8 Oct; target window 24 Sep-8 Oct]
Kolkata,Lake Road,Imli Water,Ltr,2026-10-01 to 2026-10-08,,3.0,76.56,,2.398,61.19,,,0.3,0.818,25.52,issued_from_CK,entp_consumption_east_north_01-08Oct2026.csv (Indent Receive Qty); no production record in Restroworks [first pass 1-8 Oct; target window 24 Sep-8 Oct]
Kolkata,Lake Road,Jain Sambar Bucket,Ltr,2026-10-01 to 2026-10-08,,95.0,2346.56,,30.8,760.78,,,5.0,26.2,24.7,issued_from_CK,entp_consumption_east_north_01-08Oct2026.csv (Indent Receive Qty); no production record in Restroworks [first pass 1-8 Oct; target window 24 Sep-8 Oct]
Kolkata,Lake Road,Karam Podi Powder Bucket,Kg,2026-10-01 to 2026-10-08,,1.0,190.33,,0.64,121.81,,,0.3,0.56,190.33,issued_from_CK,entp_consumption_east_north_01-08Oct2026.csv (Indent Receive Qty); no production record in Restroworks [first pass 1-8 Oct; target window 24 Sep-8 Oct]
Kolkata,Lake Road,Kesari Halwa Mix  (1pkt = 550gm),Kg,2026-10-01 to 2026-10-08,,6.05,421.06,,4.968,345.75,1.2,83.52,0.55,0.52,69.6,issued_from_CK,entp_consumption_east_north_01-08Oct2026.csv (Indent Receive Qty); no production record in Restroworks [first pass 1-8 Oct; target window 24 Sep-8 Oct]
Kolkata,Lake Road,Korma Gravy Mix (1pkt=700gm),Kg,2026-10-01 to 2026-10-08,,7.7,1167.34,,9.54,1446.29,0.7,106.12,0.7,0.41,151.6,issued_from_CK,entp_consumption_east_north_01-08Oct2026.csv (Indent Receive Qty); no production record in Restroworks [first pass 1-8 Oct; target window 24 Sep-8 Oct]
Kolkata,Lake Road,Lemon Rice Bucket,Kg,2026-10-01 to 2026-10-08,,6.0,523.82,0.5,3.75,327.39,0.5,43.65,0.5,2.5,87.3,issued_from_CK,entp_consumption_east_north_01-08Oct2026.csv (Indent Receive Qty); no production record in Restroworks [first pass 1-8 Oct; target window 24 Sep-8 Oct]
Kolkata,Lake Road,Malabar Paratha  (1pkt= 6Pcs),Pc,2026-10-01 to 2026-10-08,,,,,109.0,882.05,,,0.0,-28.0,8.09,consumed_no_issue_record (made in store or untracked),entp_consumption_east_north_01-08Oct2026.csv (Indent Receive Qty); no production record in Restroworks [first pass 1-8 Oct; target window 24 Sep-8 Oct]
Kolkata,Lake Road,Malabar Paratha Dough,Pc,2026-10-01 to 2026-10-08,,132.0,1137.74,6.0,,,13.0,112.05,0.0,32.0,8.62,issued_from_CK,entp_consumption_east_north_01-08Oct2026.csv (Indent Receive Qty); no production record in Restroworks [first pass 1-8 Oct; target window 24 Sep-8 Oct]
Kolkata,Lake Road,Malkapodi Bucket,Kg,2026-10-01 to 2026-10-08,,2.5,423.25,,2.775,469.8,,,0.9,0.89,169.3,issued_from_CK,entp_consumption_east_north_01-08Oct2026.csv (Indent Receive Qty); no production record in Restroworks [first pass 1-8 Oct; target window 24 Sep-8 Oct]
Kolkata,Lake Road,Medu Vada Batter Mix,Kg,2026-10-01 to 2026-10-08,,,,,41.066,3097.52,,,0.0,-11.588,75.43,consumed_no_issue_record (made in store or untracked),entp_consumption_east_north_01-08Oct2026.csv (Indent Receive Qty); no production record in Restroworks [first pass 1-8 Oct; target window 24 Sep-8 Oct]
Kolkata,Lake Road,Medu Vada Batter Powder Mix (1 Pkt = 23gm),Kg,2026-10-01 to 2026-10-08,,0.828,219.01,,,,,,0.046,0.391,264.5,issued_from_CK,entp_consumption_east_north_01-08Oct2026.csv (Indent Receive Qty); no production record in Restroworks [first pass 1-8 Oct; target window 24 Sep-8 Oct]
Kolkata,Lake Road,Mysore Chutney Bucket,Kg,2026-10-01 to 2026-10-08,,5.1,867.16,0.3,6.26,1064.4,0.9,153.03,0.9,-0.3,170.03,issued_from_CK,entp_consumption_east_north_01-08Oct2026.csv (Indent Receive Qty); no production record in Restroworks [first pass 1-8 Oct; target window 24 Sep-8 Oct]
Kolkata,Lake Road,Potato Masala Mix (1Pkt = 90Gm),Pkt,2026-10-01 to 2026-10-08,,33.0,358.45,,37.556,407.93,,,2.0,3.222,10.86,issued_from_CK,entp_consumption_east_north_01-08Oct2026.csv (Indent Receive Qty); no production record in Restroworks [first pass 1-8 Oct; target window 24 Sep-8 Oct]
Kolkata,Lake Road,Rasam Bucket,Ltr,2026-10-01 to 2026-10-08,,,,,4.25,148.46,,,0.0,-1.45,34.93,consumed_no_issue_record (made in store or untracked),entp_consumption_east_north_01-08Oct2026.csv (Indent Receive Qty); no production record in Restroworks [first pass 1-8 Oct; target window 24 Sep-8 Oct]
Kolkata,Lake Road,Rasam Chhoke Pre-Mix (2 Mix -6gm + 42gm)= 48gm,Kg,2026-10-01 to 2026-10-08,,0.336,76.86,,,,,,0.048,0.192,228.76,issued_from_CK,entp_consumption_east_north_01-08Oct2026.csv (Indent Receive Qty); no production record in Restroworks [first pass 1-8 Oct; target window 24 Sep-8 Oct]
Kolkata,Lake Road,Rasam Mix (1Pkt =15 gm),Kg,2026-10-01 to 2026-10-08,,0.105,37.81,,,,,,0.015,0.06,360.08,issued_from_CK,entp_consumption_east_north_01-08Oct2026.csv (Indent Receive Qty); no production record in Restroworks [first pass 1-8 Oct; target window 24 Sep-8 Oct]
Kolkata,Lake Road,Rava Powder Mix,Kg,2026-10-01 to 2026-10-08,,8.0,766.86,1.0,5.25,503.25,1.7,162.96,1.0,1.65,95.86,issued_from_CK,entp_consumption_east_north_01-08Oct2026.csv (Indent Receive Qty); no production record in Restroworks [first pass 1-8 Oct; target window 24 Sep-8 Oct]
Kolkata,Lake Road,Raw Mango Chutney Bucket,Kg,2026-10-01 to 2026-10-08,,,,,2.04,333.0,,,0.0,-0.48,163.24,consumed_no_issue_record (made in store or untracked),entp_consumption_east_north_01-08Oct2026.csv (Indent Receive Qty); no production record in Restroworks [first pass 1-8 Oct; target window 24 Sep-8 Oct]
Kolkata,Lake Road,Raw Mango Pickle Bucket,Kg,2026-10-01 to 2026-10-08,,0.75,130.8,,0.455,79.35,,,0.25,0.38,174.4,issued_from_CK,entp_consumption_east_north_01-08Oct2026.csv (Indent Receive Qty); no production record in Restroworks [first pass 1-8 Oct; target window 24 Sep-8 Oct]
Kolkata,Lake Road,Raw mango Powder Mix (1 Pkt = 13gm),Kg,2026-10-01 to 2026-10-08,,0.364,105.59,,0.194,56.19,,,0.104,0.187,290.09,issued_from_CK,entp_consumption_east_north_01-08Oct2026.csv (Indent Receive Qty); no production record in Restroworks [first pass 1-8 Oct; target window 24 Sep-8 Oct]
Kolkata,Lake Road,Sambar Bucket,Ltr,2026-10-01 to 2026-10-08,,435.0,11470.11,,546.2,14402.24,,,12.0,-21.2,26.37,issued_from_CK,entp_consumption_east_north_01-08Oct2026.csv (Indent Receive Qty); no production record in Restroworks [first pass 1-8 Oct; target window 24 Sep-8 Oct]
Kolkata,Lake Road,Special Daal Bucket,Kg,2026-10-01 to 2026-10-08,,5.0,766.64,,7.931,1216.05,,,1.0,0.623,153.33,issued_from_CK,entp_consumption_east_north_01-08Oct2026.csv (Indent Receive Qty); no production record in Restroworks [first pass 1-8 Oct; target window 24 Sep-8 Oct]
Kolkata,Lake Road,Special White Coconut Chutney Bucket,Kg,2026-10-01 to 2026-10-08,,,,,11.75,664.01,,,0.0,-3.75,56.51,consumed_no_issue_record (made in store or untracked),entp_consumption_east_north_01-08Oct2026.csv (Indent Receive Qty); no production record in Restroworks [first pass 1-8 Oct; target window 24 Sep-8 Oct]
Kolkata,Lake Road,Spicy Coconut Chutney Mix 1Pkt (16gm),Kg,2026-10-01 to 2026-10-08,,,,,2.05,335.22,,,0.0,-0.565,163.5,consumed_no_issue_record (made in store or untracked),entp_consumption_east_north_01-08Oct2026.csv (Indent Receive Qty); no production record in Restroworks [first pass 1-8 Oct; target window 24 Sep-8 Oct]
Kolkata,Lake Road,Srivilli Kheer (1 Pc),Pc,2026-10-01 to 2026-10-08,,57.0,1509.74,,42.0,1112.44,9.0,238.38,2.0,9.0,26.49,issued_from_CK,entp_consumption_east_north_01-08Oct2026.csv (Indent Receive Qty); no production record in Restroworks [first pass 1-8 Oct; target window 24 Sep-8 Oct]
Kolkata,Lake Road,Steam Rice Bucket,Kg,2026-10-01 to 2026-10-08,,14.0,786.53,,10.586,594.73,4.2,235.96,1.5,0.107,56.18,issued_from_CK,entp_consumption_east_north_01-08Oct2026.csv (Indent Receive Qty); no production record in Restroworks [first pass 1-8 Oct; target window 24 Sep-8 Oct]
Kolkata,Lake Road,Thatte Idli Batter,Kg,2026-10-01 to 2026-10-08,,9.0,227.47,,,,0.2,5.05,4.0,7.8,25.27,issued_from_CK,entp_consumption_east_north_01-08Oct2026.csv (Indent Receive Qty); no production record in Restroworks [first pass 1-8 Oct; target window 24 Sep-8 Oct]
Kolkata,Lake Road,Thatte Idli Pc Raw,Pc,2026-10-01 to 2026-10-08,,138.0,693.77,6.0,214.0,1075.85,14.0,70.38,0.0,-41.0,5.03,issued_from_CK,entp_consumption_east_north_01-08Oct2026.csv (Indent Receive Qty); no production record in Restroworks [first pass 1-8 Oct; target window 24 Sep-8 Oct]
Kolkata,Lake Road,Thindi Malkapodi Powder Bucket,Kg,2026-10-01 to 2026-10-08,,3.0,584.43,,4.36,849.37,,,0.6,0.73,194.81,issued_from_CK,entp_consumption_east_north_01-08Oct2026.csv (Indent Receive Qty); no production record in Restroworks [first pass 1-8 Oct; target window 24 Sep-8 Oct]
Kolkata,Lake Road,Tomato Onion Powder Mix (1 Pkt = 24gm),Kg,2026-10-01 to 2026-10-08,,0.48,251.95,,0.398,208.96,,,0.144,0.146,524.9,issued_from_CK,entp_consumption_east_north_01-08Oct2026.csv (Indent Receive Qty); no production record in Restroworks [first pass 1-8 Oct; target window 24 Sep-8 Oct]
Kolkata,Lake Road,Upma Mix (1pkt = 300gm),Kg,2026-10-01 to 2026-10-08,,3.0,259.8,,1.92,166.27,1.15,99.59,0.3,0.42,86.6,issued_from_CK,entp_consumption_east_north_01-08Oct2026.csv (Indent Receive Qty); no production record in Restroworks [first pass 1-8 Oct; target window 24 Sep-8 Oct]
Kolkata,Lake Town,Benne Dosa Batter (Pack Size -3 Kg ),Kg,2026-10-01 to 2026-10-08,,23.0,754.98,,27.975,918.28,2.64,86.66,4.2,-5.875,32.83,issued_from_CK,entp_consumption_east_north_01-08Oct2026.csv (Indent Receive Qty); no production record in Restroworks [first pass 1-8 Oct; target window 24 Sep-8 Oct]
Kolkata,Lake Town,Boiled & Mashed Potato (1Pkt = 3Kg),Kg,2026-10-01 to 2026-10-08,,60.0,1804.56,,77.0,2315.86,,,3.0,-11.0,30.08,issued_from_CK,entp_consumption_east_north_01-08Oct2026.csv (Indent Receive Qty); no production record in Restroworks [first pass 1-8 Oct; target window 24 Sep-8 Oct]
Kolkata,Lake Town,Chaat Masala Bucket,Kg,2026-10-01 to 2026-10-08,,0.3,107.31,,0.215,76.9,,,0.06,0.125,357.69,issued_from_CK,entp_consumption_east_north_01-08Oct2026.csv (Indent Receive Qty); no production record in Restroworks [first pass 1-8 Oct; target window 24 Sep-8 Oct]
Kolkata,Lake Town,Coconut Shredded,Kg,2026-10-01 to 2026-10-08,,38.0,7436.04,,69.394,13579.38,,,4.0,-12.525,195.69,issued_from_CK,entp_consumption_east_north_01-08Oct2026.csv (Indent Receive Qty); no production record in Restroworks [first pass 1-8 Oct; target window 24 Sep-8 Oct]
Kolkata,Lake Town,Dadu`s Special Spicy Chutney,Kg,2026-10-01 to 2026-10-08,,,,,,,0.2,,0.0,0.0,,wastage_or_return_only,entp_consumption_east_north_01-08Oct2026.csv (Indent Receive Qty); no production record in Restroworks [first pass 1-8 Oct; target window 24 Sep-8 Oct]
Kolkata,Lake Town,Dahi Bucket Mix (1pkt =105gm),gm,2026-10-01 to 2026-10-08,,1155.0,72.92,,1430.0,90.28,,,210.0,190.0,0.06,issued_from_CK,entp_consumption_east_north_01-08Oct2026.csv (Indent Receive Qty); no production record in Restroworks [first pass 1-8 Oct; target window 24 Sep-8 Oct]
Kolkata,Lake Town,Dosa Batter Mix,Kg,2026-10-01 to 2026-10-08,,113.745,3727.55,,124.881,4092.49,10.9,357.2,12.0,-9.849,32.77,issued_from_CK,entp_consumption_east_north_01-08Oct2026.csv (Indent Receive Qty); no production record in Restroworks [first pass 1-8 Oct; target window 24 Sep-8 Oct]
Kolkata,Lake Town,Garlic Chutney Bucket,Kg,2026-10-01 to 2026-10-08,,3.6,912.03,,4.995,1265.45,0.15,38.0,0.9,-0.46,253.34,issued_from_CK,entp_consumption_east_north_01-08Oct2026.csv (Indent Receive Qty); no production record in Restroworks [first pass 1-8 Oct; target window 24 Sep-8 Oct]
Kolkata,Lake Town,Idli Pc Raw (1 Pkt =40pc),Pc,2026-10-01 to 2026-10-08,,680.0,1374.02,,768.0,1551.83,18.0,36.37,37.0,-79.0,2.02,issued_from_CK,entp_consumption_east_north_01-08Oct2026.csv (Indent Receive Qty); no production record in Restroworks [first pass 1-8 Oct; target window 24 Sep-8 Oct]
Kolkata,Lake Town,Imli Water,Ltr,2026-10-01 to 2026-10-08,,0.6,15.4,,1.225,31.43,,,0.4,-0.016,25.66,issued_from_CK,entp_consumption_east_north_01-08Oct2026.csv (Indent Receive Qty); no production record in Restroworks [first pass 1-8 Oct; target window 24 Sep-8 Oct]
Kolkata,Lake Town,Jain Sambar Bucket,Ltr,2026-10-01 to 2026-10-08,,105.0,2595.13,,19.8,489.37,,,5.0,16.0,24.72,issued_from_CK,entp_consumption_east_north_01-08Oct2026.csv (Indent Receive Qty); no production record in Restroworks [first pass 1-8 Oct; target window 24 Sep-8 Oct]
Kolkata,Lake Town,Karam Podi Powder Bucket,Kg,2026-10-01 to 2026-10-08,,0.5,95.57,,0.28,53.52,,,0.8,0.92,191.13,issued_from_CK,entp_consumption_east_north_01-08Oct2026.csv (Indent Receive Qty); no production record in Restroworks [first pass 1-8 Oct; target window 24 Sep-8 Oct]
Kolkata,Lake Town,Kesari Halwa Mix  (1pkt = 550gm),Kg,2026-10-01 to 2026-10-08,,1.65,114.63,,2.767,192.23,0.3,20.84,3.025,1.16,69.47,issued_from_CK,entp_consumption_east_north_01-08Oct2026.csv (Indent Receive Qty); no production record in Restroworks [first pass 1-8 Oct; target window 24 Sep-8 Oct]
Kolkata,Lake Town,Korma Gravy Mix (1pkt=700gm),Kg,2026-10-01 to 2026-10-08,,6.3,955.05,,10.62,1609.93,,,1.4,-2.38,151.59,issued_from_CK,entp_consumption_east_north_01-08Oct2026.csv (Indent Receive Qty); no production record in Restroworks [first pass 1-8 Oct; target window 24 Sep-8 Oct]
Kolkata,Lake Town,Malabar Paratha  (1pkt= 6Pcs),Pc,2026-10-01 to 2026-10-08,,90.0,812.94,,120.0,1083.92,,,8.0,-16.0,9.03,issued_from_CK,entp_consumption_east_north_01-08Oct2026.csv (Indent Receive Qty); no production record in Restroworks [first pass 1-8 Oct; target window 24 Sep-8 Oct]
Kolkata,Lake Town,Malabar Paratha Dough,Pc,2026-10-01 to 2026-10-08,,6.0,51.22,,,,,,0.0,0.0,8.54,issued_from_CK,entp_consumption_east_north_01-08Oct2026.csv (Indent Receive Qty); no production record in Restroworks [first pass 1-8 Oct; target window 24 Sep-8 Oct]
Kolkata,Lake Town,Malkapodi Bucket,Kg,2026-10-01 to 2026-10-08,,0.5,84.57,,1.03,174.21,,,0.9,0.14,169.13,issued_from_CK,entp_consumption_east_north_01-08Oct2026.csv (Indent Receive Qty); no production record in Restroworks [first pass 1-8 Oct; target window 24 Sep-8 Oct]
Kolkata,Lake Town,Medu Vada Batter,Kg,2026-10-01 to 2026-10-08,,18.0,1150.46,,,,0.5,31.96,0.0,4.0,63.91,issued_from_CK,entp_consumption_east_north_01-08Oct2026.csv (Indent Receive Qty); no production record in Restroworks [first pass 1-8 Oct; target window 24 Sep-8 Oct]
Kolkata,Lake Town,Medu Vada Batter Mix,Kg,2026-10-01 to 2026-10-08,,,,,21.009,1546.5,,,0.0,-7.487,73.61,consumed_no_issue_record (made in store or untracked),entp_consumption_east_north_01-08Oct2026.csv (Indent Receive Qty); no production record in Restroworks [first pass 1-8 Oct; target window 24 Sep-8 Oct]
Kolkata,Lake Town,Medu Vada Batter Powder Mix (1 Pkt = 23gm),Kg,2026-10-01 to 2026-10-08,,0.414,107.8,,,,,,0.023,0.115,260.39,issued_from_CK,entp_consumption_east_north_01-08Oct2026.csv (Indent Receive Qty); no production record in Restroworks [first pass 1-8 Oct; target window 24 Sep-8 Oct]
Kolkata,Lake Town,Mysore Chutney Bucket,Kg,2026-10-01 to 2026-10-08,,2.7,458.68,,3.94,669.33,,,0.3,-0.2,169.88,issued_from_CK,entp_consumption_east_north_01-08Oct2026.csv (Indent Receive Qty); no production record in Restroworks [first pass 1-8 Oct; target window 24 Sep-8 Oct]
Kolkata,Lake Town,Potato Masala Mix (1Pkt = 90Gm),Pkt,2026-10-01 to 2026-10-08,,20.0,217.18,,25.667,278.71,,,2.0,-2.667,10.86,issued_from_CK,entp_consumption_east_north_01-08Oct2026.csv (Indent Receive Qty); no production record in Restroworks [first pass 1-8 Oct; target window 24 Sep-8 Oct]
Kolkata,Lake Town,Rava Powder Mix,Kg,2026-10-01 to 2026-10-08,,3.0,289.11,,2.7,260.2,0.4,38.55,0.5,0.25,96.37,issued_from_CK,entp_consumption_east_north_01-08Oct2026.csv (Indent Receive Qty); no production record in Restroworks [first pass 1-8 Oct; target window 24 Sep-8 Oct]
Kolkata,Lake Town,Raw Mango Chutney Bucket,Kg,2026-10-01 to 2026-10-08,,,,,0.54,87.28,,,0.435,0.24,161.63,consumed_no_issue_record (made in store or untracked),entp_consumption_east_north_01-08Oct2026.csv (Indent Receive Qty); no production record in Restroworks [first pass 1-8 Oct; target window 24 Sep-8 Oct]
Kolkata,Lake Town,Raw mango Powder Mix (1 Pkt = 13gm),Kg,2026-10-01 to 2026-10-08,,0.104,30.1,,0.095,27.47,,,0.026,0.02,289.46,issued_from_CK,entp_consumption_east_north_01-08Oct2026.csv (Indent Receive Qty); no production record in Restroworks [first pass 1-8 Oct; target window 24 Sep-8 Oct]
Kolkata,Lake Town,Regular White Chutney Bucket,Kg,2026-10-01 to 2026-10-08,,,,,,,0.5,,0.0,0.0,,wastage_or_return_only,entp_consumption_east_north_01-08Oct2026.csv (Indent Receive Qty); no production record in Restroworks [first pass 1-8 Oct; target window 24 Sep-8 Oct]
Kolkata,Lake Town,Sambar Bucket,Ltr,2026-10-01 to 2026-10-08,,180.0,4737.43,,316.6,8332.62,,,10.0,-74.6,26.32,issued_from_CK,entp_consumption_east_north_01-08Oct2026.csv (Indent Receive Qty); no production record in Restroworks [first pass 1-8 Oct; target window 24 Sep-8 Oct]
Kolkata,Lake Town,Special Daal Bucket,Kg,2026-10-01 to 2026-10-08,,2.0,306.7,,4.776,732.4,,,0.5,-0.489,153.35,issued_from_CK,entp_consumption_east_north_01-08Oct2026.csv (Indent Receive Qty); no production record in Restroworks [first pass 1-8 Oct; target window 24 Sep-8 Oct]
Kolkata,Lake Town,Special White Coconut Chutney Bucket,Kg,2026-10-01 to 2026-10-08,,,,,3.15,181.45,,,0.0,-1.1,57.6,consumed_no_issue_record (made in store or untracked),entp_consumption_east_north_01-08Oct2026.csv (Indent Receive Qty); no production record in Restroworks [first pass 1-8 Oct; target window 24 Sep-8 Oct]
Kolkata,Lake Town,Spicy Coconut Chutney Mix 1Pkt (16gm),Kg,2026-10-01 to 2026-10-08,,,,,1.006,165.96,,,0.0,-0.323,165.04,consumed_no_issue_record (made in store or untracked),entp_consumption_east_north_01-08Oct2026.csv (Indent Receive Qty); no production record in Restroworks [first pass 1-8 Oct; target window 24 Sep-8 Oct]
Kolkata,Lake Town,Srivilli Kheer (1 Pc),Pc,2026-10-01 to 2026-10-08,,27.0,714.81,,27.0,714.81,,,0.0,0.0,26.47,issued_from_CK,entp_consumption_east_north_01-08Oct2026.csv (Indent Receive Qty); no production record in Restroworks [first pass 1-8 Oct; target window 24 Sep-8 Oct]
Kolkata,Lake Town,Thatte Idli Pc Raw,Pc,2026-10-01 to 2026-10-08,,78.0,386.33,,101.0,500.25,2.0,9.91,11.0,-16.0,4.95,issued_from_CK,entp_consumption_east_north_01-08Oct2026.csv (Indent Receive Qty); no production record in Restroworks [first pass 1-8 Oct; target window 24 Sep-8 Oct]
Kolkata,Lake Town,Thindi Malkapodi Powder Bucket,Kg,2026-10-01 to 2026-10-08,,1.0,194.85,,2.295,447.17,,,0.45,-0.495,194.85,issued_from_CK,entp_consumption_east_north_01-08Oct2026.csv (Indent Receive Qty); no production record in Restroworks [first pass 1-8 Oct; target window 24 Sep-8 Oct]
Kolkata,Lake Town,Tomato Onion Powder Mix (1 Pkt = 24gm),Kg,2026-10-01 to 2026-10-08,,0.168,87.71,,0.197,102.74,,,0.048,-0.013,522.08,issued_from_CK,entp_consumption_east_north_01-08Oct2026.csv (Indent Receive Qty); no production record in Restroworks [first pass 1-8 Oct; target window 24 Sep-8 Oct]
Kolkata,Lake Town,Upma Bucket,Kg,2026-10-01 to 2026-10-08,,,,,,,0.4,50.14,0.0,-0.2,125.34,wastage_or_return_only,entp_consumption_east_north_01-08Oct2026.csv (Indent Receive Qty); no production record in Restroworks [first pass 1-8 Oct; target window 24 Sep-8 Oct]
Kolkata,Lake Town,Upma Mix (1pkt = 300gm),Kg,2026-10-01 to 2026-10-08,,0.9,77.97,,1.02,88.37,0.4,34.66,0.45,0.18,86.64,issued_from_CK,entp_consumption_east_north_01-08Oct2026.csv (Indent Receive Qty); no production record in Restroworks [first pass 1-8 Oct; target window 24 Sep-8 Oct]
Kolkata,Manisquare,Benne Dosa Batter (Pack Size -3 Kg ),Kg,2026-10-01 to 2026-10-08,,37.0,1226.37,,33.15,1098.76,7.025,232.84,5.1,3.507,33.15,issued_from_CK,entp_consumption_east_north_01-08Oct2026.csv (Indent Receive Qty); no production record in Restroworks [first pass 1-8 Oct; target window 24 Sep-8 Oct]
Kolkata,Manisquare,Boiled & Mashed Potato (1Pkt = 3Kg),Kg,2026-10-01 to 2026-10-08,,99.0,2989.72,,97.5,2944.42,,,6.0,7.5,30.2,issued_from_CK,entp_consumption_east_north_01-08Oct2026.csv (Indent Receive Qty); no production record in Restroworks [first pass 1-8 Oct; target window 24 Sep-8 Oct]
Kolkata,Manisquare,Chaat Masala Bucket,Kg,2026-10-01 to 2026-10-08,,0.1,35.86,,0.149,53.43,,,0.1,0.062,358.6,issued_from_CK,entp_consumption_east_north_01-08Oct2026.csv (Indent Receive Qty); no production record in Restroworks [first pass 1-8 Oct; target window 24 Sep-8 Oct]
Kolkata,Manisquare,Coconut Shredded,Kg,2026-10-01 to 2026-10-08,,52.0,10199.3,,80.178,15726.11,,,7.0,2.614,196.14,issued_from_CK,entp_consumption_east_north_01-08Oct2026.csv (Indent Receive Qty); no production record in Restroworks [first pass 1-8 Oct; target window 24 Sep-8 Oct]
Kolkata,Manisquare,Dahi Bucket Mix (1pkt =105gm),gm,2026-10-01 to 2026-10-08,,1470.0,92.83,,970.0,61.26,,,210.0,645.0,0.06,issued_from_CK,entp_consumption_east_north_01-08Oct2026.csv (Indent Receive Qty); no production record in Restroworks [first pass 1-8 Oct; target window 24 Sep-8 Oct]
Kolkata,Manisquare,Dosa Batter Mix,Kg,2026-10-01 to 2026-10-08,,212.091,6947.9,,184.702,6050.66,32.945,1079.25,34.150999999999996,33.846000000000004,32.76,issued_from_CK,entp_consumption_east_north_01-08Oct2026.csv (Indent Receive Qty); no production record in Restroworks [first pass 1-8 Oct; target window 24 Sep-8 Oct]
Kolkata,Manisquare,Filter Coffee Ice Cream (700gm= 1 Bucket),Kg,2026-10-01 to 2026-10-08,,0.7,163.71,,0.36,84.19,,,0.4,0.46,233.87,issued_from_CK,entp_consumption_east_north_01-08Oct2026.csv (Indent Receive Qty); no production record in Restroworks [first pass 1-8 Oct; target window 24 Sep-8 Oct]
Kolkata,Manisquare,Garlic Chutney Bucket,Kg,2026-10-01 to 2026-10-08,,2.7,684.88,,3.33,844.69,,,0.92,0.675,253.66,issued_from_CK,entp_consumption_east_north_01-08Oct2026.csv (Indent Receive Qty); no production record in Restroworks [first pass 1-8 Oct; target window 24 Sep-8 Oct]
Kolkata,Manisquare,Idli Pc Raw (1 Pkt =40pc),Pc,2026-10-01 to 2026-10-08,,600.0,1211.32,,509.0,1027.6,21.0,42.4,71.0,141.0,2.02,issued_from_CK,entp_consumption_east_north_01-08Oct2026.csv (Indent Receive Qty); no production record in Restroworks [first pass 1-8 Oct; target window 24 Sep-8 Oct]
Kolkata,Manisquare,Imli Water,Ltr,2026-10-01 to 2026-10-08,,0.9,23.32,,0.661,17.11,,,0.124,0.348,25.91,issued_from_CK,entp_consumption_east_north_01-08Oct2026.csv (Indent Receive Qty); no production record in Restroworks [first pass 1-8 Oct; target window 24 Sep-8 Oct]
Kolkata,Manisquare,Jain Sambar Bucket,Ltr,2026-10-01 to 2026-10-08,,32.0,794.89,,36.4,904.19,,,4.0,-0.40000000000000036,24.84,issued_from_CK,entp_consumption_east_north_01-08Oct2026.csv (Indent Receive Qty); no production record in Restroworks [first pass 1-8 Oct; target window 24 Sep-8 Oct]
Kolkata,Manisquare,Karam Podi Powder Bucket,Kg,2026-10-01 to 2026-10-08,,0.5,94.57,,0.2,37.83,,,0.5,0.71,189.14,issued_from_CK,entp_consumption_east_north_01-08Oct2026.csv (Indent Receive Qty); no production record in Restroworks [first pass 1-8 Oct; target window 24 Sep-8 Oct]
Kolkata,Manisquare,Kesari Halwa Mix  (1pkt = 550gm),Kg,2026-10-01 to 2026-10-08,,1.65,114.31,,1.587,109.94,0.4,27.71,0.55,0.81,69.28,issued_from_CK,entp_consumption_east_north_01-08Oct2026.csv (Indent Receive Qty); no production record in Restroworks [first pass 1-8 Oct; target window 24 Sep-8 Oct]
Kolkata,Manisquare,Korma Gravy Mix (1pkt=700gm),Kg,2026-10-01 to 2026-10-08,,3.5,530.26,,4.14,627.22,,,0.7,0.48,151.5,issued_from_CK,entp_consumption_east_north_01-08Oct2026.csv (Indent Receive Qty); no production record in Restroworks [first pass 1-8 Oct; target window 24 Sep-8 Oct]
Kolkata,Manisquare,Malabar Paratha  (1pkt= 6Pcs),Pc,2026-10-01 to 2026-10-08,,48.0,435.92,2.0,46.0,417.76,,,4.0,4.0,9.08,issued_from_CK,entp_consumption_east_north_01-08Oct2026.csv (Indent Receive Qty); no production record in Restroworks [first pass 1-8 Oct; target window 24 Sep-8 Oct]
Kolkata,Manisquare,Malkapodi Bucket,Kg,2026-10-01 to 2026-10-08,,0.5,84.32,,0.36,60.71,,,1.3,1.38,168.63,issued_from_CK,entp_consumption_east_north_01-08Oct2026.csv (Indent Receive Qty); no production record in Restroworks [first pass 1-8 Oct; target window 24 Sep-8 Oct]
Kolkata,Manisquare,Medu Vada Batter,Kg,2026-10-01 to 2026-10-08,,18.0,1152.72,,,,0.932,59.69,3.0,8.525,64.04,issued_from_CK,entp_consumption_east_north_01-08Oct2026.csv (Indent Receive Qty); no production record in Restroworks [first pass 1-8 Oct; target window 24 Sep-8 Oct]
Kolkata,Manisquare,Medu Vada Batter Mix,Kg,2026-10-01 to 2026-10-08,,,,,13.604,1024.74,,,0.0,-4.806,75.33,consumed_no_issue_record (made in store or untracked),entp_consumption_east_north_01-08Oct2026.csv (Indent Receive Qty); no production record in Restroworks [first pass 1-8 Oct; target window 24 Sep-8 Oct]
Kolkata,Manisquare,Medu Vada Batter Powder Mix (1 Pkt = 23gm),Kg,2026-10-01 to 2026-10-08,,0.414,109.2,,,,,,0.069,0.22999999999999998,263.77,issued_from_CK,entp_consumption_east_north_01-08Oct2026.csv (Indent Receive Qty); no production record in Restroworks [first pass 1-8 Oct; target window 24 Sep-8 Oct]
Kolkata,Manisquare,Mysore Chutney Bucket,Kg,2026-10-01 to 2026-10-08,,2.4,407.1,,2.8,474.95,,,0.5,0.47,169.63,issued_from_CK,entp_consumption_east_north_01-08Oct2026.csv (Indent Receive Qty); no production record in Restroworks [first pass 1-8 Oct; target window 24 Sep-8 Oct]
Kolkata,Manisquare,Potato Masala Mix (1Pkt = 90Gm),Pkt,2026-10-01 to 2026-10-08,,34.0,369.42,,32.5,353.12,,,7.0,10.5,10.87,issued_from_CK,entp_consumption_east_north_01-08Oct2026.csv (Indent Receive Qty); no production record in Restroworks [first pass 1-8 Oct; target window 24 Sep-8 Oct]
Kolkata,Manisquare,Rava Powder Mix,Kg,2026-10-01 to 2026-10-08,,2.0,192.95,,0.85,82.0,,,1.0,1.2,96.47,issued_from_CK,entp_consumption_east_north_01-08Oct2026.csv (Indent Receive Qty); no production record in Restroworks [first pass 1-8 Oct; target window 24 Sep-8 Oct]
Kolkata,Manisquare,Raw Curd Bucket,Kg,2026-10-01 to 2026-10-08,,,,,,,0.625,,0.0,0.0,,wastage_or_return_only,entp_consumption_east_north_01-08Oct2026.csv (Indent Receive Qty); no production record in Restroworks [first pass 1-8 Oct; target window 24 Sep-8 Oct]
Kolkata,Manisquare,Raw Mango Chutney Bucket,Kg,2026-10-01 to 2026-10-08,,,,,0.72,118.67,0.6,98.89,0.0,-0.48,164.82,consumed_no_issue_record (made in store or untracked),entp_consumption_east_north_01-08Oct2026.csv (Indent Receive Qty); no production record in Restroworks [first pass 1-8 Oct; target window 24 Sep-8 Oct]
Kolkata,Manisquare,Raw mango Powder Mix (1 Pkt = 13gm),Kg,2026-10-01 to 2026-10-08,,0.065,19.0,,0.075,21.93,,,0.039,0.036,292.32,issued_from_CK,entp_consumption_east_north_01-08Oct2026.csv (Indent Receive Qty); no production record in Restroworks [first pass 1-8 Oct; target window 24 Sep-8 Oct]
Kolkata,Manisquare,Sambar Bucket,Ltr,2026-10-01 to 2026-10-08,,192.0,5066.8,,351.2,9268.02,,,18.0,-10.8,26.39,issued_from_CK,entp_consumption_east_north_01-08Oct2026.csv (Indent Receive Qty); no production record in Restroworks [first pass 1-8 Oct; target window 24 Sep-8 Oct]
Kolkata,Manisquare,Special Daal Bucket,Kg,2026-10-01 to 2026-10-08,,4.0,613.55,,5.501,843.76,,,1.0,1.386,153.39,issued_from_CK,entp_consumption_east_north_01-08Oct2026.csv (Indent Receive Qty); no production record in Restroworks [first pass 1-8 Oct; target window 24 Sep-8 Oct]
Kolkata,Manisquare,Special White Coconut Chutney Bucket,Kg,2026-10-01 to 2026-10-08,,,,,0.45,,,,0.0,-0.15,,consumed_no_issue_record (made in store or untracked),entp_consumption_east_north_01-08Oct2026.csv (Indent Receive Qty); no production record in Restroworks [first pass 1-8 Oct; target window 24 Sep-8 Oct]
Kolkata,Manisquare,Spicy Coconut Chutney Mix 1Pkt (16gm),Kg,2026-10-01 to 2026-10-08,,,,,0.611,95.6,,,0.0,-0.165,156.53,consumed_no_issue_record (made in store or untracked),entp_consumption_east_north_01-08Oct2026.csv (Indent Receive Qty); no production record in Restroworks [first pass 1-8 Oct; target window 24 Sep-8 Oct]
Kolkata,Manisquare,Srivilli Kheer (1 Pc),Pc,2026-10-01 to 2026-10-08,,30.0,793.0,,27.0,713.7,,,2.0,5.0,26.43,issued_from_CK,entp_consumption_east_north_01-08Oct2026.csv (Indent Receive Qty); no production record in Restroworks [first pass 1-8 Oct; target window 24 Sep-8 Oct]
Kolkata,Manisquare,Thatte Idli Pc Raw,Pc,2026-10-01 to 2026-10-08,,72.0,357.76,,63.0,313.04,2.0,9.94,20.0,27.0,4.97,issued_from_CK,entp_consumption_east_north_01-08Oct2026.csv (Indent Receive Qty); no production record in Restroworks [first pass 1-8 Oct; target window 24 Sep-8 Oct]
Kolkata,Manisquare,Thindi Malkapodi Powder Bucket,Kg,2026-10-01 to 2026-10-08,,1.0,194.82,,1.825,355.55,,,0.52,-0.07,194.82,issued_from_CK,entp_consumption_east_north_01-08Oct2026.csv (Indent Receive Qty); no production record in Restroworks [first pass 1-8 Oct; target window 24 Sep-8 Oct]
Kolkata,Manisquare,Tomato Onion Chutney Bucket,Kg,2026-10-01 to 2026-10-08,,,,,,,0.6,78.19,0.0,-0.3,130.32,wastage_or_return_only,entp_consumption_east_north_01-08Oct2026.csv (Indent Receive Qty); no production record in Restroworks [first pass 1-8 Oct; target window 24 Sep-8 Oct]
Kolkata,Manisquare,Tomato Onion Powder Mix (1 Pkt = 24gm),Kg,2026-10-01 to 2026-10-08,,0.096,49.87,,0.076,39.44,,,0.072,0.064,519.48,issued_from_CK,entp_consumption_east_north_01-08Oct2026.csv (Indent Receive Qty); no production record in Restroworks [first pass 1-8 Oct; target window 24 Sep-8 Oct]
Kolkata,Manisquare,Upma Mix (1pkt = 300gm),Kg,2026-10-01 to 2026-10-08,,0.9,77.9,,0.48,41.55,0.4,34.62,0.6,0.81,86.56,issued_from_CK,entp_consumption_east_north_01-08Oct2026.csv (Indent Receive Qty); no production record in Restroworks [first pass 1-8 Oct; target window 24 Sep-8 Oct]
Kolkata,New Town - Cloud Kitchen,Benne Dosa Batter (Pack Size -3 Kg ),Kg,2026-10-01 to 2026-10-08,,16.0,524.17,,14.425,472.57,1.75,57.33,9.0,9.55,32.76,issued_from_CK,entp_consumption_east_north_01-08Oct2026.csv (Indent Receive Qty); no production record in Restroworks [first pass 1-8 Oct; target window 24 Sep-8 Oct]
Kolkata,New Town - Cloud Kitchen,Boiled & Mashed Potato (1Pkt = 3Kg),Kg,2026-10-01 to 2026-10-08,,,,,48.533,1512.15,,,13.0,-4.7,31.16,consumed_no_issue_record (made in store or untracked),entp_consumption_east_north_01-08Oct2026.csv (Indent Receive Qty); no production record in Restroworks [first pass 1-8 Oct; target window 24 Sep-8 Oct]
Kolkata,New Town - Cloud Kitchen,Chaat Masala Bucket,Kg,2026-10-01 to 2026-10-08,,,,,0.106,37.91,,,0.2,0.122,357.6,consumed_no_issue_record (made in store or untracked),entp_consumption_east_north_01-08Oct2026.csv (Indent Receive Qty); no production record in Restroworks [first pass 1-8 Oct; target window 24 Sep-8 Oct]
Kolkata,New Town - Cloud Kitchen,Coconut Shredded,Kg,2026-10-01 to 2026-10-08,,36.0,7043.87,,43.904,8590.44,,,16.0,14.703,195.66,issued_from_CK,entp_consumption_east_north_01-08Oct2026.csv (Indent Receive Qty); no production record in Restroworks [first pass 1-8 Oct; target window 24 Sep-8 Oct]
Kolkata,New Town - Cloud Kitchen,Dahi Bucket Mix (1pkt =105gm),gm,2026-10-01 to 2026-10-08,,840.0,52.92,,900.0,56.7,,,420.0,555.0,0.06,issued_from_CK,entp_consumption_east_north_01-08Oct2026.csv (Indent Receive Qty); no production record in Restroworks [first pass 1-8 Oct; target window 24 Sep-8 Oct]
Kolkata,New Town - Cloud Kitchen,Dosa Batter Mix,Kg,2026-10-01 to 2026-10-08,,87.0,2849.78,,82.722,2709.65,7.8,255.5,52.0,44.010999999999996,32.76,issued_from_CK,entp_consumption_east_north_01-08Oct2026.csv (Indent Receive Qty); no production record in Restroworks [first pass 1-8 Oct; target window 24 Sep-8 Oct]
Kolkata,New Town - Cloud Kitchen,Garam Masala Powder Bucket,Kg,2026-10-01 to 2026-10-08,,,,,0.009,11.72,,,0.123,0.109,1301.69,consumed_no_issue_record (made in store or untracked),entp_consumption_east_north_01-08Oct2026.csv (Indent Receive Qty); no production record in Restroworks [first pass 1-8 Oct; target window 24 Sep-8 Oct]
Kolkata,New Town - Cloud Kitchen,Garlic Chutney Bucket,Kg,2026-10-01 to 2026-10-08,,1.8,456.12,,1.65,418.11,0.35,88.69,1.1,0.9550000000000001,253.4,issued_from_CK,entp_consumption_east_north_01-08Oct2026.csv (Indent Receive Qty); no production record in Restroworks [first pass 1-8 Oct; target window 24 Sep-8 Oct]
Kolkata,New Town - Cloud Kitchen,Idli Pc Raw (1 Pkt =40pc),Pc,2026-10-01 to 2026-10-08,,550.0,1110.27,,601.0,1213.22,2.0,4.04,267.0,218.0,2.02,issued_from_CK,entp_consumption_east_north_01-08Oct2026.csv (Indent Receive Qty); no production record in Restroworks [first pass 1-8 Oct; target window 24 Sep-8 Oct]
Kolkata,New Town - Cloud Kitchen,Imli Water,Ltr,2026-10-01 to 2026-10-08,,0.6,14.99,,0.443,11.07,0.2,5.0,0.3,0.406,24.99,issued_from_CK,entp_consumption_east_north_01-08Oct2026.csv (Indent Receive Qty); no production record in Restroworks [first pass 1-8 Oct; target window 24 Sep-8 Oct]
Kolkata,New Town - Cloud Kitchen,Jain Sambar Bucket,Ltr,2026-10-01 to 2026-10-08,,40.0,994.47,,14.0,348.07,,,13.0,23.4,24.86,issued_from_CK,entp_consumption_east_north_01-08Oct2026.csv (Indent Receive Qty); no production record in Restroworks [first pass 1-8 Oct; target window 24 Sep-8 Oct]
Kolkata,New Town - Cloud Kitchen,Karam Podi Powder Bucket,Kg,2026-10-01 to 2026-10-08,,,,,0.08,15.19,,,0.77,0.41,189.82,consumed_no_issue_record (made in store or untracked),entp_consumption_east_north_01-08Oct2026.csv (Indent Receive Qty); no production record in Restroworks [first pass 1-8 Oct; target window 24 Sep-8 Oct]
Kolkata,New Town - Cloud Kitchen,Kesari Halwa Mix  (1pkt = 550gm),Kg,2026-10-01 to 2026-10-08,,2.2,152.28,,2.139,148.06,0.13,9.0,1.375,1.304,69.22,issued_from_CK,entp_consumption_east_north_01-08Oct2026.csv (Indent Receive Qty); no production record in Restroworks [first pass 1-8 Oct; target window 24 Sep-8 Oct]
Kolkata,New Town - Cloud Kitchen,Korma Gravy Mix (1pkt=700gm),Kg,2026-10-01 to 2026-10-08,,4.9,742.79,,5.58,845.87,0.1,15.16,1.25,1.3599999999999999,151.59,issued_from_CK,entp_consumption_east_north_01-08Oct2026.csv (Indent Receive Qty); no production record in Restroworks [first pass 1-8 Oct; target window 24 Sep-8 Oct]
Kolkata,New Town - Cloud Kitchen,Lemon Rice Bucket,Kg,2026-10-01 to 2026-10-08,,4.0,349.58,,3.25,284.03,0.45,39.33,1.725,1.75,87.4,issued_from_CK,entp_consumption_east_north_01-08Oct2026.csv (Indent Receive Qty); no production record in Restroworks [first pass 1-8 Oct; target window 24 Sep-8 Oct]
Kolkata,New Town - Cloud Kitchen,Malabar Paratha  (1pkt= 6Pcs),Pc,2026-10-01 to 2026-10-08,,4.0,34.39,,62.0,533.12,,,0.0,-16.0,8.6,issued_from_CK,entp_consumption_east_north_01-08Oct2026.csv (Indent Receive Qty); no production record in Restroworks [first pass 1-8 Oct; target window 24 Sep-8 Oct]
Kolkata,New Town - Cloud Kitchen,Malabar Paratha Dough,Pc,2026-10-01 to 2026-10-08,,60.0,515.76,,,,,,4.0,26.0,8.6,issued_from_CK,entp_consumption_east_north_01-08Oct2026.csv (Indent Receive Qty); no production record in Restroworks [first pass 1-8 Oct; target window 24 Sep-8 Oct]
Kolkata,New Town - Cloud Kitchen,Malkapodi Bucket,Kg,2026-10-01 to 2026-10-08,,0.5,84.94,,0.595,101.07,,,0.45,0.57,169.87,issued_from_CK,entp_consumption_east_north_01-08Oct2026.csv (Indent Receive Qty); no production record in Restroworks [first pass 1-8 Oct; target window 24 Sep-8 Oct]
Kolkata,New Town - Cloud Kitchen,Medu Vada Batter,Kg,2026-10-01 to 2026-10-08,,17.0,1088.42,,,,,,6.0,11.0,64.02,issued_from_CK,entp_consumption_east_north_01-08Oct2026.csv (Indent Receive Qty); no production record in Restroworks [first pass 1-8 Oct; target window 24 Sep-8 Oct]
Kolkata,New Town - Cloud Kitchen,Medu Vada Batter Mix,Kg,2026-10-01 to 2026-10-08,,,,,16.25,1245.22,,,0.0,-5.11,76.63,consumed_no_issue_record (made in store or untracked),entp_consumption_east_north_01-08Oct2026.csv (Indent Receive Qty); no production record in Restroworks [first pass 1-8 Oct; target window 24 Sep-8 Oct]
Kolkata,New Town - Cloud Kitchen,Medu Vada Batter Powder Mix (1 Pkt = 23gm),Kg,2026-10-01 to 2026-10-08,,0.391,101.94,,,,,,0.115,0.253,260.71,issued_from_CK,entp_consumption_east_north_01-08Oct2026.csv (Indent Receive Qty); no production record in Restroworks [first pass 1-8 Oct; target window 24 Sep-8 Oct]
Kolkata,New Town - Cloud Kitchen,Mysore Chutney Bucket,Kg,2026-10-01 to 2026-10-08,,2.1,355.6,,1.44,243.84,0.45,76.2,0.8999999999999999,1.06,169.33,issued_from_CK,entp_consumption_east_north_01-08Oct2026.csv (Indent Receive Qty); no production record in Restroworks [first pass 1-8 Oct; target window 24 Sep-8 Oct]
Kolkata,New Town - Cloud Kitchen,Potato Masala Mix (1Pkt = 90Gm),Pkt,2026-10-01 to 2026-10-08,,17.0,185.03,,16.178,176.08,,,7.0,8.6,10.88,issued_from_CK,entp_consumption_east_north_01-08Oct2026.csv (Indent Receive Qty); no production record in Restroworks [first pass 1-8 Oct; target window 24 Sep-8 Oct]
Kolkata,New Town - Cloud Kitchen,Rava Powder Mix,Kg,2026-10-01 to 2026-10-08,,1.0,95.51,,1.15,109.84,0.3,28.65,0.8,0.6,95.51,issued_from_CK,entp_consumption_east_north_01-08Oct2026.csv (Indent Receive Qty); no production record in Restroworks [first pass 1-8 Oct; target window 24 Sep-8 Oct]
Kolkata,New Town - Cloud Kitchen,Raw Mango Chutney Bucket,Kg,2026-10-01 to 2026-10-08,,,,,0.18,30.02,,,0.6,0.94,166.78,consumed_no_issue_record (made in store or untracked),entp_consumption_east_north_01-08Oct2026.csv (Indent Receive Qty); no production record in Restroworks [first pass 1-8 Oct; target window 24 Sep-8 Oct]
Kolkata,New Town - Cloud Kitchen,Raw Mango Pickle Bucket,Kg,2026-10-01 to 2026-10-08,,0.5,86.88,,0.14,24.33,,,0.18,0.43,173.75,issued_from_CK,entp_consumption_east_north_01-08Oct2026.csv (Indent Receive Qty); no production record in Restroworks [first pass 1-8 Oct; target window 24 Sep-8 Oct]
Kolkata,New Town - Cloud Kitchen,Raw mango Powder Mix (1 Pkt = 13gm),Kg,2026-10-01 to 2026-10-08,,0.039,11.52,,0.037,11.04,,,0.026,0.005,295.37,issued_from_CK,entp_consumption_east_north_01-08Oct2026.csv (Indent Receive Qty); no production record in Restroworks [first pass 1-8 Oct; target window 24 Sep-8 Oct]
Kolkata,New Town - Cloud Kitchen,Sambar Bucket,Ltr,2026-10-01 to 2026-10-08,,185.0,4857.7,,201.6,5293.58,,,61.0,55.0,26.26,issued_from_CK,entp_consumption_east_north_01-08Oct2026.csv (Indent Receive Qty); no production record in Restroworks [first pass 1-8 Oct; target window 24 Sep-8 Oct]
Kolkata,New Town - Cloud Kitchen,Special Daal Bucket,Kg,2026-10-01 to 2026-10-08,,2.0,306.52,,3.054,468.06,,,0.5,0.37,153.26,issued_from_CK,entp_consumption_east_north_01-08Oct2026.csv (Indent Receive Qty); no production record in Restroworks [first pass 1-8 Oct; target window 24 Sep-8 Oct]
Kolkata,New Town - Cloud Kitchen,Special White Coconut Chutney Bucket,Kg,2026-10-01 to 2026-10-08,,,,,1.45,81.92,,,0.0,0.0,56.5,consumed_no_issue_record (made in store or untracked),entp_consumption_east_north_01-08Oct2026.csv (Indent Receive Qty); no production record in Restroworks [first pass 1-8 Oct; target window 24 Sep-8 Oct]
Kolkata,New Town - Cloud Kitchen,Spicy Coconut Chutney Mix 1Pkt (16gm),Kg,2026-10-01 to 2026-10-08,,,,,0.301,49.88,,,0.0,-0.093,165.56,consumed_no_issue_record (made in store or untracked),entp_consumption_east_north_01-08Oct2026.csv (Indent Receive Qty); no production record in Restroworks [first pass 1-8 Oct; target window 24 Sep-8 Oct]
Kolkata,New Town - Cloud Kitchen,Srivilli Kheer (1 Pc),Pc,2026-10-01 to 2026-10-08,,21.0,554.72,,11.0,290.57,7.0,184.91,3.0,6.0,26.42,issued_from_CK,entp_consumption_east_north_01-08Oct2026.csv (Indent Receive Qty); no production record in Restroworks [first pass 1-8 Oct; target window 24 Sep-8 Oct]
Kolkata,New Town - Cloud Kitchen,Steam Rice Bucket,Kg,2026-10-01 to 2026-10-08,,5.0,282.87,,3.35,189.52,1.95,110.32,3.6,2.98,56.57,issued_from_CK,entp_consumption_east_north_01-08Oct2026.csv (Indent Receive Qty); no production record in Restroworks [first pass 1-8 Oct; target window 24 Sep-8 Oct]
Kolkata,New Town - Cloud Kitchen,Thatte Idli Pc Raw,Pc,2026-10-01 to 2026-10-08,,18.0,89.68,,23.0,114.6,,,13.0,8.0,4.98,issued_from_CK,entp_consumption_east_north_01-08Oct2026.csv (Indent Receive Qty); no production record in Restroworks [first pass 1-8 Oct; target window 24 Sep-8 Oct]
Kolkata,New Town - Cloud Kitchen,Thindi Malkapodi Powder Bucket,Kg,2026-10-01 to 2026-10-08,,0.5,97.11,,0.345,67.0,,,0.75,1.045,194.21,issued_from_CK,entp_consumption_east_north_01-08Oct2026.csv (Indent Receive Qty); no production record in Restroworks [first pass 1-8 Oct; target window 24 Sep-8 Oct]
Kolkata,New Town - Cloud Kitchen,Tomato Onion Powder Mix (1 Pkt = 24gm),Kg,2026-10-01 to 2026-10-08,,0.048,24.85,,0.07,36.13,,,0.048,0.021,517.69,issued_from_CK,entp_consumption_east_north_01-08Oct2026.csv (Indent Receive Qty); no production record in Restroworks [first pass 1-8 Oct; target window 24 Sep-8 Oct]
Kolkata,Quest Mall,Benne Dosa Batter (Pack Size -3 Kg ),Kg,2026-10-01 to 2026-10-08,,39.0,1320.56,,29.85,1010.74,9.6,325.06,8.5,8.25,33.86,issued_from_CK,entp_consumption_east_north_01-08Oct2026.csv (Indent Receive Qty); no production record in Restroworks [first pass 1-8 Oct; target window 24 Sep-8 Oct]
Kolkata,Quest Mall,Boiled & Mashed Potato (1Pkt = 3Kg),Kg,2026-10-01 to 2026-10-08,,,,,88.0,2749.94,,,0.0,-21.333,31.25,consumed_no_issue_record (made in store or untracked),entp_consumption_east_north_01-08Oct2026.csv (Indent Receive Qty); no production record in Restroworks [first pass 1-8 Oct; target window 24 Sep-8 Oct]
Kolkata,Quest Mall,Chaat Masala Bucket,Kg,2026-10-01 to 2026-10-08,,0.1,35.36,,0.069,24.4,,,0.1,0.168,353.62,issued_from_CK,entp_consumption_east_north_01-08Oct2026.csv (Indent Receive Qty); no production record in Restroworks [first pass 1-8 Oct; target window 24 Sep-8 Oct]
Kolkata,Quest Mall,Coconut Shredded,Kg,2026-10-01 to 2026-10-08,,30.0,5871.37,,77.702,15207.25,,,3.5,-9.301,195.71,issued_from_CK,entp_consumption_east_north_01-08Oct2026.csv (Indent Receive Qty); no production record in Restroworks [first pass 1-8 Oct; target window 24 Sep-8 Oct]
Kolkata,Quest Mall,Dahi Bucket Mix (1pkt =105gm),gm,2026-10-01 to 2026-10-08,,945.0,59.86,,420.0,26.61,,,210.0,265.0,0.06,issued_from_CK,entp_consumption_east_north_01-08Oct2026.csv (Indent Receive Qty); no production record in Restroworks [first pass 1-8 Oct; target window 24 Sep-8 Oct]
Kolkata,Quest Mall,Dosa Batter Mix,Kg,2026-10-01 to 2026-10-08,,129.0,4192.77,,94.101,3058.48,38.0,1235.08,27.12,21.662,32.5,issued_from_CK,entp_consumption_east_north_01-08Oct2026.csv (Indent Receive Qty); no production record in Restroworks [first pass 1-8 Oct; target window 24 Sep-8 Oct]
Kolkata,Quest Mall,Filter Coffee Ice Cream (700gm= 1 Bucket),Kg,2026-10-01 to 2026-10-08,,1.4,320.54,,0.6,137.37,0.36,82.42,0.6,1.06,228.96,issued_from_CK,entp_consumption_east_north_01-08Oct2026.csv (Indent Receive Qty); no production record in Restroworks [first pass 1-8 Oct; target window 24 Sep-8 Oct]
Kolkata,Quest Mall,Garlic Chutney Bucket,Kg,2026-10-01 to 2026-10-08,,2.1,531.38,,1.845,466.85,0.48,121.46,0.0,-0.015,253.04,issued_from_CK,entp_consumption_east_north_01-08Oct2026.csv (Indent Receive Qty); no production record in Restroworks [first pass 1-8 Oct; target window 24 Sep-8 Oct]
Kolkata,Quest Mall,Idli Pc Raw (1 Pkt =40pc),Pc,2026-10-01 to 2026-10-08,,300.0,605.84,,258.0,521.02,65.0,131.26,38.0,15.0,2.02,issued_from_CK,entp_consumption_east_north_01-08Oct2026.csv (Indent Receive Qty); no production record in Restroworks [first pass 1-8 Oct; target window 24 Sep-8 Oct]
Kolkata,Quest Mall,Imli Water,Ltr,2026-10-01 to 2026-10-08,,0.6,15.65,,0.422,11.01,,,0.316,0.36,26.08,issued_from_CK,entp_consumption_east_north_01-08Oct2026.csv (Indent Receive Qty); no production record in Restroworks [first pass 1-8 Oct; target window 24 Sep-8 Oct]
Kolkata,Quest Mall,Jain Sambar Bucket,Ltr,2026-10-01 to 2026-10-08,,28.0,691.62,,51.4,1269.61,,,2.0,2.0,24.7,issued_from_CK,entp_consumption_east_north_01-08Oct2026.csv (Indent Receive Qty); no production record in Restroworks [first pass 1-8 Oct; target window 24 Sep-8 Oct]
Kolkata,Quest Mall,Karam Podi Powder Bucket,Kg,2026-10-01 to 2026-10-08,,0.5,92.75,,0.28,51.94,,,0.73,0.98,185.49,issued_from_CK,entp_consumption_east_north_01-08Oct2026.csv (Indent Receive Qty); no production record in Restroworks [first pass 1-8 Oct; target window 24 Sep-8 Oct]
Kolkata,Quest Mall,Kesari Halwa Mix  (1pkt = 550gm),Kg,2026-10-01 to 2026-10-08,,3.3,228.71,,2.277,157.81,1.311,90.86,0.55,0.5,69.31,issued_from_CK,entp_consumption_east_north_01-08Oct2026.csv (Indent Receive Qty); no production record in Restroworks [first pass 1-8 Oct; target window 24 Sep-8 Oct]
Kolkata,Quest Mall,Korma Gravy Mix (1pkt=700gm),Kg,2026-10-01 to 2026-10-08,,3.5,530.66,,2.34,354.78,1.34,203.17,0.7,0.45,151.62,issued_from_CK,entp_consumption_east_north_01-08Oct2026.csv (Indent Receive Qty); no production record in Restroworks [first pass 1-8 Oct; target window 24 Sep-8 Oct]
Kolkata,Quest Mall,Malabar Paratha  (1pkt= 6Pcs),Pc,2026-10-01 to 2026-10-08,,,,,26.0,213.25,,,0.0,-10.0,8.2,consumed_no_issue_record (made in store or untracked),entp_consumption_east_north_01-08Oct2026.csv (Indent Receive Qty); no production record in Restroworks [first pass 1-8 Oct; target window 24 Sep-8 Oct]
Kolkata,Quest Mall,Malabar Paratha Dough,Pc,2026-10-01 to 2026-10-08,,42.0,363.84,,,,16.0,138.61,6.0,16.0,8.66,issued_from_CK,entp_consumption_east_north_01-08Oct2026.csv (Indent Receive Qty); no production record in Restroworks [first pass 1-8 Oct; target window 24 Sep-8 Oct]
Kolkata,Quest Mall,Malkapodi Bucket,Kg,2026-10-01 to 2026-10-08,,,,,0.28,47.1,,,0.5,0.34,168.21,consumed_no_issue_record (made in store or untracked),entp_consumption_east_north_01-08Oct2026.csv (Indent Receive Qty); no production record in Restroworks [first pass 1-8 Oct; target window 24 Sep-8 Oct]
Kolkata,Quest Mall,Medu Vada Batter,Kg,2026-10-01 to 2026-10-08,,11.0,703.98,,,,2.25,144.0,0.0,2.3,64.0,issued_from_CK,entp_consumption_east_north_01-08Oct2026.csv (Indent Receive Qty); no production record in Restroworks [first pass 1-8 Oct; target window 24 Sep-8 Oct]
Kolkata,Quest Mall,Medu Vada Batter Mix,Kg,2026-10-01 to 2026-10-08,,,,,8.492,637.45,,,0.0,-2.372,75.06,consumed_no_issue_record (made in store or untracked),entp_consumption_east_north_01-08Oct2026.csv (Indent Receive Qty); no production record in Restroworks [first pass 1-8 Oct; target window 24 Sep-8 Oct]
Kolkata,Quest Mall,Medu Vada Batter Powder Mix (1 Pkt = 23gm),Kg,2026-10-01 to 2026-10-08,,0.23,60.89,,,,,,0.0,0.092,264.76,issued_from_CK,entp_consumption_east_north_01-08Oct2026.csv (Indent Receive Qty); no production record in Restroworks [first pass 1-8 Oct; target window 24 Sep-8 Oct]
Kolkata,Quest Mall,Mysore Chutney Bucket,Kg,2026-10-01 to 2026-10-08,,2.1,355.0,,1.68,284.0,1.083,183.08,0.3,0.137,169.05,issued_from_CK,entp_consumption_east_north_01-08Oct2026.csv (Indent Receive Qty); no production record in Restroworks [first pass 1-8 Oct; target window 24 Sep-8 Oct]
Kolkata,Quest Mall,Potato Masala Mix (1Pkt = 90Gm),Pkt,2026-10-01 to 2026-10-08,,26.0,282.33,,29.333,318.52,,,8.0,6.889,10.86,issued_from_CK,entp_consumption_east_north_01-08Oct2026.csv (Indent Receive Qty); no production record in Restroworks [first pass 1-8 Oct; target window 24 Sep-8 Oct]
Kolkata,Quest Mall,Rava Powder Mix,Kg,2026-10-01 to 2026-10-08,,3.0,287.64,,2.35,225.32,0.15,14.38,2.0,2.325,95.88,issued_from_CK,entp_consumption_east_north_01-08Oct2026.csv (Indent Receive Qty); no production record in Restroworks [first pass 1-8 Oct; target window 24 Sep-8 Oct]
Kolkata,Quest Mall,Raw Mango Chutney Bucket,Kg,2026-10-01 to 2026-10-08,,,,,0.3,50.28,,,0.0,-0.24,167.61,consumed_no_issue_record (made in store or untracked),entp_consumption_east_north_01-08Oct2026.csv (Indent Receive Qty); no production record in Restroworks [first pass 1-8 Oct; target window 24 Sep-8 Oct]
Kolkata,Quest Mall,Raw mango Powder Mix (1 Pkt = 13gm),Kg,2026-10-01 to 2026-10-08,,0.104,30.87,,0.041,12.16,,,0.013,0.033,296.85,issued_from_CK,entp_consumption_east_north_01-08Oct2026.csv (Indent Receive Qty); no production record in Restroworks [first pass 1-8 Oct; target window 24 Sep-8 Oct]
Kolkata,Quest Mall,Sambar Bucket,Ltr,2026-10-01 to 2026-10-08,,145.0,3828.68,,230.4,6083.64,,,23.0,-0.5999999999999996,26.4,issued_from_CK,entp_consumption_east_north_01-08Oct2026.csv (Indent Receive Qty); no production record in Restroworks [first pass 1-8 Oct; target window 24 Sep-8 Oct]
Kolkata,Quest Mall,Special Daal Bucket,Kg,2026-10-01 to 2026-10-08,,2.0,306.19,,3.261,499.24,,,1.0,0.714,153.09,issued_from_CK,entp_consumption_east_north_01-08Oct2026.csv (Indent Receive Qty); no production record in Restroworks [first pass 1-8 Oct; target window 24 Sep-8 Oct]
Kolkata,Quest Mall,Spicy Coconut Chutney Mix 1Pkt (16gm),Kg,2026-10-01 to 2026-10-08,,,,,0.39,,,,0.0,-0.054,,consumed_no_issue_record (made in store or untracked),entp_consumption_east_north_01-08Oct2026.csv (Indent Receive Qty); no production record in Restroworks [first pass 1-8 Oct; target window 24 Sep-8 Oct]
Kolkata,Quest Mall,Srivilli Kheer (1 Pc),Pc,2026-10-01 to 2026-10-08,,16.0,424.24,,12.0,318.18,6.0,159.09,4.0,2.0,26.52,issued_from_CK,entp_consumption_east_north_01-08Oct2026.csv (Indent Receive Qty); no production record in Restroworks [first pass 1-8 Oct; target window 24 Sep-8 Oct]
Kolkata,Quest Mall,Thatte Idli Pc Raw,Pc,2026-10-01 to 2026-10-08,,59.0,298.24,,38.0,192.09,15.0,75.82,8.0,14.0,5.05,issued_from_CK,entp_consumption_east_north_01-08Oct2026.csv (Indent Receive Qty); no production record in Restroworks [first pass 1-8 Oct; target window 24 Sep-8 Oct]
Kolkata,Quest Mall,Thindi Malkapodi Powder Bucket,Kg,2026-10-01 to 2026-10-08,,0.5,97.55,,1.28,249.72,,,0.22,-0.096,195.1,issued_from_CK,entp_consumption_east_north_01-08Oct2026.csv (Indent Receive Qty); no production record in Restroworks [first pass 1-8 Oct; target window 24 Sep-8 Oct]
Kolkata,Quest Mall,Tomato Onion Powder Mix (1 Pkt = 24gm),Kg,2026-10-01 to 2026-10-08,,0.192,99.45,,0.039,20.05,,,0.024,0.062,517.99,issued_from_CK,entp_consumption_east_north_01-08Oct2026.csv (Indent Receive Qty); no production record in Restroworks [first pass 1-8 Oct; target window 24 Sep-8 Oct]
Kolkata,Quest Mall,Upma Mix (1pkt = 300gm),Kg,2026-10-01 to 2026-10-08,,1.5,129.24,,0.48,41.36,1.622,139.75,0.452,0.3,86.16,issued_from_CK,entp_consumption_east_north_01-08Oct2026.csv (Indent Receive Qty); no production record in Restroworks [first pass 1-8 Oct; target window 24 Sep-8 Oct]
Kolkata,Rangoli Mall,Benne Dosa Batter (Pack Size -3 Kg ),Kg,2026-10-01 to 2026-10-08,,36.0,1204.52,,26.425,884.15,8.0,267.67,6.0,9.15,33.46,issued_from_CK,entp_consumption_east_north_01-08Oct2026.csv (Indent Receive Qty); no production record in Restroworks [first pass 1-8 Oct; target window 24 Sep-8 Oct]
Kolkata,Rangoli Mall,Boiled & Mashed Potato (1Pkt = 3Kg),Kg,2026-10-01 to 2026-10-08,,,,,78.333,2434.99,,,0.0,-26.333,31.09,consumed_no_issue_record (made in store or untracked),entp_consumption_east_north_01-08Oct2026.csv (Indent Receive Qty); no production record in Restroworks [first pass 1-8 Oct; target window 24 Sep-8 Oct]
Kolkata,Rangoli Mall,Chaat Masala Bucket,Kg,2026-10-01 to 2026-10-08,,0.3,108.17,,0.244,87.98,,,0.2,0.383,360.56,issued_from_CK,entp_consumption_east_north_01-08Oct2026.csv (Indent Receive Qty); no production record in Restroworks [first pass 1-8 Oct; target window 24 Sep-8 Oct]
Kolkata,Rangoli Mall,Coconut Shredded,Kg,2026-10-01 to 2026-10-08,,62.0,12151.25,,74.658,14632.07,,,6.0,12.019,195.99,issued_from_CK,entp_consumption_east_north_01-08Oct2026.csv (Indent Receive Qty); no production record in Restroworks [first pass 1-8 Oct; target window 24 Sep-8 Oct]
Kolkata,Rangoli Mall,Dahi Bucket Mix (1pkt =105gm),gm,2026-10-01 to 2026-10-08,,525.0,33.18,,1505.0,95.11,,,1680.0,620.0,0.06,issued_from_CK,entp_consumption_east_north_01-08Oct2026.csv (Indent Receive Qty); no production record in Restroworks [first pass 1-8 Oct; target window 24 Sep-8 Oct]
Kolkata,Rangoli Mall,Dosa Batter Mix,Kg,2026-10-01 to 2026-10-08,,170.0,5585.5,,158.45,5206.02,13.0,427.13,19.0,27.66,32.86,issued_from_CK,entp_consumption_east_north_01-08Oct2026.csv (Indent Receive Qty); no production record in Restroworks [first pass 1-8 Oct; target window 24 Sep-8 Oct]
Kolkata,Rangoli Mall,Filter Coffee Ice Cream (700gm= 1 Bucket),Kg,2026-10-01 to 2026-10-08,,0.7,160.13,,0.24,54.9,,,0.35,0.7,228.75,issued_from_CK,entp_consumption_east_north_01-08Oct2026.csv (Indent Receive Qty); no production record in Restroworks [first pass 1-8 Oct; target window 24 Sep-8 Oct]
Kolkata,Rangoli Mall,Garam Masala Powder Bucket,Kg,2026-10-01 to 2026-10-08,,,,,0.005,6.43,,,0.2,0.181,1285.89,consumed_no_issue_record (made in store or untracked),entp_consumption_east_north_01-08Oct2026.csv (Indent Receive Qty); no production record in Restroworks [first pass 1-8 Oct; target window 24 Sep-8 Oct]
Kolkata,Rangoli Mall,Garlic Chutney Bucket,Kg,2026-10-01 to 2026-10-08,,9.6,2433.24,,11.775,2984.52,0.7,177.42,0.9,1.025,253.46,issued_from_CK,entp_consumption_east_north_01-08Oct2026.csv (Indent Receive Qty); no production record in Restroworks [first pass 1-8 Oct; target window 24 Sep-8 Oct]
Kolkata,Rangoli Mall,Idli Pc Raw (1 Pkt =40pc),Pc,2026-10-01 to 2026-10-08,,600.0,1211.91,,574.0,1159.4,72.0,145.43,90.0,53.0,2.02,issued_from_CK,entp_consumption_east_north_01-08Oct2026.csv (Indent Receive Qty); no production record in Restroworks [first pass 1-8 Oct; target window 24 Sep-8 Oct]
Kolkata,Rangoli Mall,Imli Water,Ltr,2026-10-01 to 2026-10-08,,1.5,37.36,,0.674,16.78,,,0.0,0.56,24.91,issued_from_CK,entp_consumption_east_north_01-08Oct2026.csv (Indent Receive Qty); no production record in Restroworks [first pass 1-8 Oct; target window 24 Sep-8 Oct]
Kolkata,Rangoli Mall,Jain Sambar Bucket,Ltr,2026-10-01 to 2026-10-08,,150.0,3669.47,,26.6,650.72,,,15.0,60.4,24.46,issued_from_CK,entp_consumption_east_north_01-08Oct2026.csv (Indent Receive Qty); no production record in Restroworks [first pass 1-8 Oct; target window 24 Sep-8 Oct]
Kolkata,Rangoli Mall,Karam Podi Powder Bucket,Kg,2026-10-01 to 2026-10-08,,0.5,94.97,,0.24,45.59,,,0.6,0.82,189.94,issued_from_CK,entp_consumption_east_north_01-08Oct2026.csv (Indent Receive Qty); no production record in Restroworks [first pass 1-8 Oct; target window 24 Sep-8 Oct]
Kolkata,Rangoli Mall,Kesari Halwa Bucket,Kg,2026-10-01 to 2026-10-08,,,,,,,0.8,76.3,0.0,0.0,95.37,wastage_or_return_only,entp_consumption_east_north_01-08Oct2026.csv (Indent Receive Qty); no production record in Restroworks [first pass 1-8 Oct; target window 24 Sep-8 Oct]
Kolkata,Rangoli Mall,Kesari Halwa Mix  (1pkt = 550gm),Kg,2026-10-01 to 2026-10-08,,3.3,229.51,,2.622,182.35,,,1.1,1.098,69.55,issued_from_CK,entp_consumption_east_north_01-08Oct2026.csv (Indent Receive Qty); no production record in Restroworks [first pass 1-8 Oct; target window 24 Sep-8 Oct]
Kolkata,Rangoli Mall,Korma Gravy Mix (1pkt=700gm),Kg,2026-10-01 to 2026-10-08,,7.0,1061.64,,6.48,982.78,0.85,128.91,0.7,1.74,151.66,issued_from_CK,entp_consumption_east_north_01-08Oct2026.csv (Indent Receive Qty); no production record in Restroworks [first pass 1-8 Oct; target window 24 Sep-8 Oct]
Kolkata,Rangoli Mall,Lemon Rice Bucket,Kg,2026-10-01 to 2026-10-08,,,,,1.5,123.64,,,0.0,0.0,82.43,consumed_no_issue_record (made in store or untracked),entp_consumption_east_north_01-08Oct2026.csv (Indent Receive Qty); no production record in Restroworks [first pass 1-8 Oct; target window 24 Sep-8 Oct]
Kolkata,Rangoli Mall,Malabar Paratha  (1pkt= 6Pcs),Pc,2026-10-01 to 2026-10-08,,,,,72.0,575.46,,,0.0,-14.0,7.99,consumed_no_issue_record (made in store or untracked),entp_consumption_east_north_01-08Oct2026.csv (Indent Receive Qty); no production record in Restroworks [first pass 1-8 Oct; target window 24 Sep-8 Oct]
Kolkata,Rangoli Mall,Malabar Paratha Dough,Pc,2026-10-01 to 2026-10-08,,90.0,777.07,,,,32.0,276.29,4.0,20.0,8.63,issued_from_CK,entp_consumption_east_north_01-08Oct2026.csv (Indent Receive Qty); no production record in Restroworks [first pass 1-8 Oct; target window 24 Sep-8 Oct]
Kolkata,Rangoli Mall,Malkapodi Bucket,Kg,2026-10-01 to 2026-10-08,,0.5,84.72,,1.105,187.23,,,1.05,0.88,169.44,issued_from_CK,entp_consumption_east_north_01-08Oct2026.csv (Indent Receive Qty); no production record in Restroworks [first pass 1-8 Oct; target window 24 Sep-8 Oct]
Kolkata,Rangoli Mall,Medu Vada Batter Mix,Kg,2026-10-01 to 2026-10-08,,,,,26.899,2025.61,,,0.0,-7.554,75.3,consumed_no_issue_record (made in store or untracked),entp_consumption_east_north_01-08Oct2026.csv (Indent Receive Qty); no production record in Restroworks [first pass 1-8 Oct; target window 24 Sep-8 Oct]
Kolkata,Rangoli Mall,Medu Vada Batter Powder Mix (1 Pkt = 23gm),Kg,2026-10-01 to 2026-10-08,,0.464,122.88,,,,,,0.069,0.184,264.83,issued_from_CK,entp_consumption_east_north_01-08Oct2026.csv (Indent Receive Qty); no production record in Restroworks [first pass 1-8 Oct; target window 24 Sep-8 Oct]
Kolkata,Rangoli Mall,Mysore Chutney Bucket,Kg,2026-10-01 to 2026-10-08,,3.6,611.2,,4.72,801.36,,,0.0,0.14,169.78,issued_from_CK,entp_consumption_east_north_01-08Oct2026.csv (Indent Receive Qty); no production record in Restroworks [first pass 1-8 Oct; target window 24 Sep-8 Oct]
Kolkata,Rangoli Mall,Potato Masala Mix (1Pkt = 90Gm),Pkt,2026-10-01 to 2026-10-08,,22.0,239.43,,26.111,284.18,,,10.0,1.222,10.88,issued_from_CK,entp_consumption_east_north_01-08Oct2026.csv (Indent Receive Qty); no production record in Restroworks [first pass 1-8 Oct; target window 24 Sep-8 Oct]
Kolkata,Rangoli Mall,Rasam Bucket,Ltr,2026-10-01 to 2026-10-08,,,,,2.85,98.93,,,1.5,0.15,34.71,consumed_no_issue_record (made in store or untracked),entp_consumption_east_north_01-08Oct2026.csv (Indent Receive Qty); no production record in Restroworks [first pass 1-8 Oct; target window 24 Sep-8 Oct]
Kolkata,Rangoli Mall,Rasam Chhoke Pre-Mix (2 Mix -6gm + 42gm)= 48gm,Kg,2026-10-01 to 2026-10-08,,0.288,65.93,,,,,,0.0,0.144,228.93,issued_from_CK,entp_consumption_east_north_01-08Oct2026.csv (Indent Receive Qty); no production record in Restroworks [first pass 1-8 Oct; target window 24 Sep-8 Oct]
Kolkata,Rangoli Mall,Rasam Mix (1Pkt =15 gm),Kg,2026-10-01 to 2026-10-08,,0.09,32.4,,,,,,0.0,0.045,360.03,issued_from_CK,entp_consumption_east_north_01-08Oct2026.csv (Indent Receive Qty); no production record in Restroworks [first pass 1-8 Oct; target window 24 Sep-8 Oct]
Kolkata,Rangoli Mall,Rava Powder Mix,Kg,2026-10-01 to 2026-10-08,,1.0,96.13,,1.15,110.55,,,1.5,0.675,96.13,issued_from_CK,entp_consumption_east_north_01-08Oct2026.csv (Indent Receive Qty); no production record in Restroworks [first pass 1-8 Oct; target window 24 Sep-8 Oct]
Kolkata,Rangoli Mall,Raw Mango Chutney Bucket,Kg,2026-10-01 to 2026-10-08,,,,,0.12,19.37,1.4,225.93,0.0,-0.9,161.38,consumed_no_issue_record (made in store or untracked),entp_consumption_east_north_01-08Oct2026.csv (Indent Receive Qty); no production record in Restroworks [first pass 1-8 Oct; target window 24 Sep-8 Oct]
Kolkata,Rangoli Mall,Raw Mango Pickle Bucket,Kg,2026-10-01 to 2026-10-08,,0.25,43.67,,0.055,9.61,,,0.2,0.25,174.69,issued_from_CK,entp_consumption_east_north_01-08Oct2026.csv (Indent Receive Qty); no production record in Restroworks [first pass 1-8 Oct; target window 24 Sep-8 Oct]
Kolkata,Rangoli Mall,Raw mango Powder Mix (1 Pkt = 13gm),Kg,2026-10-01 to 2026-10-08,,0.117,33.97,,0.072,20.95,,,0.039,0.059,290.3,issued_from_CK,entp_consumption_east_north_01-08Oct2026.csv (Indent Receive Qty); no production record in Restroworks [first pass 1-8 Oct; target window 24 Sep-8 Oct]
Kolkata,Rangoli Mall,Sambar Bucket,Ltr,2026-10-01 to 2026-10-08,,190.0,5069.11,,336.8,8985.67,,,0.0,-28.8,26.68,issued_from_CK,entp_consumption_east_north_01-08Oct2026.csv (Indent Receive Qty); no production record in Restroworks [first pass 1-8 Oct; target window 24 Sep-8 Oct]
Kolkata,Rangoli Mall,Special Daal Bucket,Kg,2026-10-01 to 2026-10-08,,2.0,306.99,,5.191,796.79,,,2.0,1.736,153.49,issued_from_CK,entp_consumption_east_north_01-08Oct2026.csv (Indent Receive Qty); no production record in Restroworks [first pass 1-8 Oct; target window 24 Sep-8 Oct]
Kolkata,Rangoli Mall,Special White Coconut Chutney Bucket,Kg,2026-10-01 to 2026-10-08,,,,,2.3,,,,0.0,0.0,,consumed_no_issue_record (made in store or untracked),entp_consumption_east_north_01-08Oct2026.csv (Indent Receive Qty); no production record in Restroworks [first pass 1-8 Oct; target window 24 Sep-8 Oct]
Kolkata,Rangoli Mall,Spicy Coconut Chutney Mix 1Pkt (16gm),Kg,2026-10-01 to 2026-10-08,,,,,0.561,91.72,,,0.0,-0.128,163.4,consumed_no_issue_record (made in store or untracked),entp_consumption_east_north_01-08Oct2026.csv (Indent Receive Qty); no production record in Restroworks [first pass 1-8 Oct; target window 24 Sep-8 Oct]
Kolkata,Rangoli Mall,Srivilli Kheer (1 Pc),Pc,2026-10-01 to 2026-10-08,,59.0,1563.8,,44.0,1166.22,,,0.0,20.0,26.51,issued_from_CK,entp_consumption_east_north_01-08Oct2026.csv (Indent Receive Qty); no production record in Restroworks [first pass 1-8 Oct; target window 24 Sep-8 Oct]
Kolkata,Rangoli Mall,Steam Rice Bucket,Kg,2026-10-01 to 2026-10-08,,7.0,396.54,,1.966,111.37,1.6,90.64,0.0,1.05,56.65,issued_from_CK,entp_consumption_east_north_01-08Oct2026.csv (Indent Receive Qty); no production record in Restroworks [first pass 1-8 Oct; target window 24 Sep-8 Oct]
Kolkata,Rangoli Mall,Thatte Idli Pc Raw,Pc,2026-10-01 to 2026-10-08,,66.0,329.91,,57.0,284.93,7.0,34.99,11.0,17.0,5.0,issued_from_CK,entp_consumption_east_north_01-08Oct2026.csv (Indent Receive Qty); no production record in Restroworks [first pass 1-8 Oct; target window 24 Sep-8 Oct]
Kolkata,Rangoli Mall,Thindi Malkapodi Powder Bucket,Kg,2026-10-01 to 2026-10-08,,1.5,292.48,,1.415,275.91,,,1.36,1.79,194.99,issued_from_CK,entp_consumption_east_north_01-08Oct2026.csv (Indent Receive Qty); no production record in Restroworks [first pass 1-8 Oct; target window 24 Sep-8 Oct]
Kolkata,Rangoli Mall,Tomato Onion Chutney Bucket,Kg,2026-10-01 to 2026-10-08,,,,,,,1.15,160.04,0.0,-0.45,139.16,wastage_or_return_only,entp_consumption_east_north_01-08Oct2026.csv (Indent Receive Qty); no production record in Restroworks [first pass 1-8 Oct; target window 24 Sep-8 Oct]
Kolkata,Rangoli Mall,Tomato Onion Powder Mix (1 Pkt = 24gm),Kg,2026-10-01 to 2026-10-08,,0.288,150.04,,0.113,59.03,,,0.048,0.093,520.97,issued_from_CK,entp_consumption_east_north_01-08Oct2026.csv (Indent Receive Qty); no production record in Restroworks [first pass 1-8 Oct; target window 24 Sep-8 Oct]
Kolkata,Rangoli Mall,Upma Bucket,Kg,2026-10-01 to 2026-10-08,,,,,,,2.4,299.3,0.0,-0.7,124.71,wastage_or_return_only,entp_consumption_east_north_01-08Oct2026.csv (Indent Receive Qty); no production record in Restroworks [first pass 1-8 Oct; target window 24 Sep-8 Oct]
Kolkata,Rangoli Mall,Upma Mix (1pkt = 300gm),Kg,2026-10-01 to 2026-10-08,,1.8,155.8,,0.54,46.74,,,0.3,0.72,86.55,issued_from_CK,entp_consumption_east_north_01-08Oct2026.csv (Indent Receive Qty); no production record in Restroworks [first pass 1-8 Oct; target window 24 Sep-8 Oct]
Kolkata,Rosedale Plaza,Benne Dosa Batter (Pack Size -3 Kg ),Kg,2026-10-01 to 2026-10-08,,49.0,1600.79,,38.925,1271.65,5.7,186.21,19.5,21.275,32.67,issued_from_CK,entp_consumption_east_north_01-08Oct2026.csv (Indent Receive Qty); no production record in Restroworks [first pass 1-8 Oct; target window 24 Sep-8 Oct]
Kolkata,Rosedale Plaza,Boiled & Mashed Potato (1Pkt = 3Kg),Kg,2026-10-01 to 2026-10-08,,123.0,3703.18,,143.333,4315.36,,,10.5,7.333,30.11,issued_from_CK,entp_consumption_east_north_01-08Oct2026.csv (Indent Receive Qty); no production record in Restroworks [first pass 1-8 Oct; target window 24 Sep-8 Oct]
Kolkata,Rosedale Plaza,Chaat Masala Bucket,Kg,2026-10-01 to 2026-10-08,,0.1,36.0,,0.173,62.28,,,0.13,0.182,360.0,issued_from_CK,entp_consumption_east_north_01-08Oct2026.csv (Indent Receive Qty); no production record in Restroworks [first pass 1-8 Oct; target window 24 Sep-8 Oct]
Kolkata,Rosedale Plaza,Coconut Shredded,Kg,2026-10-01 to 2026-10-08,,67.0,13112.21,,93.004,18201.35,,,33.5,27.101,195.7,issued_from_CK,entp_consumption_east_north_01-08Oct2026.csv (Indent Receive Qty); no production record in Restroworks [first pass 1-8 Oct; target window 24 Sep-8 Oct]
Kolkata,Rosedale Plaza,Dahi Bucket Mix (1pkt =105gm),gm,2026-10-01 to 2026-10-08,,1155.0,72.88,,1585.0,100.01,,,525.0,440.0,0.06,issued_from_CK,entp_consumption_east_north_01-08Oct2026.csv (Indent Receive Qty); no production record in Restroworks [first pass 1-8 Oct; target window 24 Sep-8 Oct]
Kolkata,Rosedale Plaza,Dosa Batter Mix,Kg,2026-10-01 to 2026-10-08,,205.0,6732.82,5.0,165.932,5449.71,27.5,903.18,93.0,92.806,32.84,issued_from_CK,entp_consumption_east_north_01-08Oct2026.csv (Indent Receive Qty); no production record in Restroworks [first pass 1-8 Oct; target window 24 Sep-8 Oct]
Kolkata,Rosedale Plaza,Filter Coffee Ice Cream (700gm= 1 Bucket),Kg,2026-10-01 to 2026-10-08,,2.1,476.37,,1.44,326.65,,,0.6,0.98,226.84,issued_from_CK,entp_consumption_east_north_01-08Oct2026.csv (Indent Receive Qty); no production record in Restroworks [first pass 1-8 Oct; target window 24 Sep-8 Oct]
Kolkata,Rosedale Plaza,Garlic Chutney Bucket,Kg,2026-10-01 to 2026-10-08,,7.8,1975.98,,6.84,1732.78,0.4,101.33,3.0999999999999996,3.01,253.33,issued_from_CK,entp_consumption_east_north_01-08Oct2026.csv (Indent Receive Qty); no production record in Restroworks [first pass 1-8 Oct; target window 24 Sep-8 Oct]
Kolkata,Rosedale Plaza,Idli Pc Raw (1 Pkt =40pc),Pc,2026-10-01 to 2026-10-08,,1040.0,2102.18,,954.0,1928.35,18.0,36.38,362.0,443.0,2.02,issued_from_CK,entp_consumption_east_north_01-08Oct2026.csv (Indent Receive Qty); no production record in Restroworks [first pass 1-8 Oct; target window 24 Sep-8 Oct]
Kolkata,Rosedale Plaza,Imli Water,Ltr,2026-10-01 to 2026-10-08,,1.2,30.28,,1.053,26.57,,,0.3,0.569,25.24,issued_from_CK,entp_consumption_east_north_01-08Oct2026.csv (Indent Receive Qty); no production record in Restroworks [first pass 1-8 Oct; target window 24 Sep-8 Oct]
Kolkata,Rosedale Plaza,Jain Sambar Bucket,Ltr,2026-10-01 to 2026-10-08,,49.0,1217.84,,22.4,556.73,,,20.0,24.2,24.85,issued_from_CK,entp_consumption_east_north_01-08Oct2026.csv (Indent Receive Qty); no production record in Restroworks [first pass 1-8 Oct; target window 24 Sep-8 Oct]
Kolkata,Rosedale Plaza,Karam Podi Powder Bucket,Kg,2026-10-01 to 2026-10-08,,1.0,190.4,,0.48,91.39,,,1.58,2.56,190.4,issued_from_CK,entp_consumption_east_north_01-08Oct2026.csv (Indent Receive Qty); no production record in Restroworks [first pass 1-8 Oct; target window 24 Sep-8 Oct]
Kolkata,Rosedale Plaza,Kesari Halwa Mix  (1pkt = 550gm),Kg,2026-10-01 to 2026-10-08,,3.3,228.22,,3.036,209.97,0.075,5.19,3.2,3.3600000000000003,69.16,issued_from_CK,entp_consumption_east_north_01-08Oct2026.csv (Indent Receive Qty); no production record in Restroworks [first pass 1-8 Oct; target window 24 Sep-8 Oct]
Kolkata,Rosedale Plaza,Korma Gravy Mix (1pkt=700gm),Kg,2026-10-01 to 2026-10-08,,15.4,2334.6,,16.38,2483.17,,,6.3,5.62,151.6,issued_from_CK,entp_consumption_east_north_01-08Oct2026.csv (Indent Receive Qty); no production record in Restroworks [first pass 1-8 Oct; target window 24 Sep-8 Oct]
Kolkata,Rosedale Plaza,Malabar Paratha  (1pkt= 6Pcs),Pc,2026-10-01 to 2026-10-08,,72.0,638.7,4.0,182.0,1614.5,,,12.0,-50.0,8.87,issued_from_CK,entp_consumption_east_north_01-08Oct2026.csv (Indent Receive Qty); no production record in Restroworks [first pass 1-8 Oct; target window 24 Sep-8 Oct]
Kolkata,Rosedale Plaza,Malabar Paratha Dough,Pc,2026-10-01 to 2026-10-08,,120.0,1035.19,,,,,,10.0,78.0,8.63,issued_from_CK,entp_consumption_east_north_01-08Oct2026.csv (Indent Receive Qty); no production record in Restroworks [first pass 1-8 Oct; target window 24 Sep-8 Oct]
Kolkata,Rosedale Plaza,Malkapodi Bucket,Kg,2026-10-01 to 2026-10-08,,1.0,168.75,,0.705,118.97,,,0.66,0.875,168.75,issued_from_CK,entp_consumption_east_north_01-08Oct2026.csv (Indent Receive Qty); no production record in Restroworks [first pass 1-8 Oct; target window 24 Sep-8 Oct]
Kolkata,Rosedale Plaza,Medu Vada Batter,Kg,2026-10-01 to 2026-10-08,,41.0,2628.1,,,,,,12.0,24.0,64.1,issued_from_CK,entp_consumption_east_north_01-08Oct2026.csv (Indent Receive Qty); no production record in Restroworks [first pass 1-8 Oct; target window 24 Sep-8 Oct]
Kolkata,Rosedale Plaza,Medu Vada Batter Mix,Kg,2026-10-01 to 2026-10-08,,,,,35.346,2704.88,,,0.0,-10.385,76.53,consumed_no_issue_record (made in store or untracked),entp_consumption_east_north_01-08Oct2026.csv (Indent Receive Qty); no production record in Restroworks [first pass 1-8 Oct; target window 24 Sep-8 Oct]
Kolkata,Rosedale Plaza,Medu Vada Batter Powder Mix (1 Pkt = 23gm),Kg,2026-10-01 to 2026-10-08,,0.874,227.2,,,,,,0.299,0.721,259.95,issued_from_CK,entp_consumption_east_north_01-08Oct2026.csv (Indent Receive Qty); no production record in Restroworks [first pass 1-8 Oct; target window 24 Sep-8 Oct]
Kolkata,Rosedale Plaza,Mysore Chutney Bucket,Kg,2026-10-01 to 2026-10-08,,5.7,967.96,,5.94,1008.71,,,1.1,1.4,169.82,issued_from_CK,entp_consumption_east_north_01-08Oct2026.csv (Indent Receive Qty); no production record in Restroworks [first pass 1-8 Oct; target window 24 Sep-8 Oct]
Kolkata,Rosedale Plaza,Potato Masala Mix (1Pkt = 90Gm),Pkt,2026-10-01 to 2026-10-08,,46.0,500.04,,47.778,519.36,,,9.0,9.443999999999999,10.87,issued_from_CK,entp_consumption_east_north_01-08Oct2026.csv (Indent Receive Qty); no production record in Restroworks [first pass 1-8 Oct; target window 24 Sep-8 Oct]
Kolkata,Rosedale Plaza,Rava Powder Mix,Kg,2026-10-01 to 2026-10-08,,4.0,384.88,,3.6,346.39,1.01,97.18,3.0,2.24,96.22,issued_from_CK,entp_consumption_east_north_01-08Oct2026.csv (Indent Receive Qty); no production record in Restroworks [first pass 1-8 Oct; target window 24 Sep-8 Oct]
Kolkata,Rosedale Plaza,Raw Mango Chutney Bucket,Kg,2026-10-01 to 2026-10-08,,,,,0.54,88.36,,,0.0,-0.24,163.63,consumed_no_issue_record (made in store or untracked),entp_consumption_east_north_01-08Oct2026.csv (Indent Receive Qty); no production record in Restroworks [first pass 1-8 Oct; target window 24 Sep-8 Oct]
Kolkata,Rosedale Plaza,Raw mango Powder Mix (1 Pkt = 13gm),Kg,2026-10-01 to 2026-10-08,,0.078,22.64,,0.071,20.66,,,0.026,0.031,290.32,issued_from_CK,entp_consumption_east_north_01-08Oct2026.csv (Indent Receive Qty); no production record in Restroworks [first pass 1-8 Oct; target window 24 Sep-8 Oct]
Kolkata,Rosedale Plaza,Sambar Bucket,Ltr,2026-10-01 to 2026-10-08,,356.0,9379.46,,425.2,11202.66,,,124.0,114.6,26.35,issued_from_CK,entp_consumption_east_north_01-08Oct2026.csv (Indent Receive Qty); no production record in Restroworks [first pass 1-8 Oct; target window 24 Sep-8 Oct]
Kolkata,Rosedale Plaza,Special Daal Bucket,Kg,2026-10-01 to 2026-10-08,,3.0,460.33,,6.45,989.7,,,2.0,1.146,153.44,issued_from_CK,entp_consumption_east_north_01-08Oct2026.csv (Indent Receive Qty); no production record in Restroworks [first pass 1-8 Oct; target window 24 Sep-8 Oct]
Kolkata,Rosedale Plaza,Special White Coconut Chutney Bucket,Kg,2026-10-01 to 2026-10-08,,,,,0.9,51.95,,,0.0,-0.3,57.72,consumed_no_issue_record (made in store or untracked),entp_consumption_east_north_01-08Oct2026.csv (Indent Receive Qty); no production record in Restroworks [first pass 1-8 Oct; target window 24 Sep-8 Oct]
Kolkata,Rosedale Plaza,Spicy Coconut Chutney Mix 1Pkt (16gm),Kg,2026-10-01 to 2026-10-08,,,,,0.87,142.59,,,0.0,-0.289,163.99,consumed_no_issue_record (made in store or untracked),entp_consumption_east_north_01-08Oct2026.csv (Indent Receive Qty); no production record in Restroworks [first pass 1-8 Oct; target window 24 Sep-8 Oct]
Kolkata,Rosedale Plaza,Srivilli Kheer (1 Pc),Pc,2026-10-01 to 2026-10-08,,55.0,1440.92,,42.0,1100.34,2.0,52.4,0.0,11.0,26.2,issued_from_CK,entp_consumption_east_north_01-08Oct2026.csv (Indent Receive Qty); no production record in Restroworks [first pass 1-8 Oct; target window 24 Sep-8 Oct]
Kolkata,Rosedale Plaza,Thatte Idli Pc Raw,Pc,2026-10-01 to 2026-10-08,,102.0,509.57,,80.0,399.66,3.0,14.99,21.0,38.0,5.0,issued_from_CK,entp_consumption_east_north_01-08Oct2026.csv (Indent Receive Qty); no production record in Restroworks [first pass 1-8 Oct; target window 24 Sep-8 Oct]
Kolkata,Rosedale Plaza,Thindi Malkapodi Powder Bucket,Kg,2026-10-01 to 2026-10-08,,0.5,97.56,,1.75,341.46,,,1.1,0.585,195.12,issued_from_CK,entp_consumption_east_north_01-08Oct2026.csv (Indent Receive Qty); no production record in Restroworks [first pass 1-8 Oct; target window 24 Sep-8 Oct]
Kolkata,Rosedale Plaza,Tomato Onion Powder Mix (1 Pkt = 24gm),Kg,2026-10-01 to 2026-10-08,,0.192,99.89,,0.145,75.7,,,0.048,0.066,520.27,issued_from_CK,entp_consumption_east_north_01-08Oct2026.csv (Indent Receive Qty); no production record in Restroworks [first pass 1-8 Oct; target window 24 Sep-8 Oct]
Kolkata,Rosedale Plaza,Upma Mix (1pkt = 300gm),Kg,2026-10-01 to 2026-10-08,,0.9,77.98,,0.54,46.79,0.11,9.53,1.05,1.3199999999999998,86.64,issued_from_CK,entp_consumption_east_north_01-08Oct2026.csv (Indent Receive Qty); no production record in Restroworks [first pass 1-8 Oct; target window 24 Sep-8 Oct]
Kolkata,Salt Lake,Benne Dosa Batter (Pack Size -3 Kg ),Kg,2026-10-01 to 2026-10-08,,53.0,1754.75,,41.55,1375.66,7.6,251.62,0.0,-1.425,33.11,issued_from_CK,entp_consumption_east_north_01-08Oct2026.csv (Indent Receive Qty); no production record in Restroworks [first pass 1-8 Oct; target window 24 Sep-8 Oct]
Kolkata,Salt Lake,Boiled & Mashed Potato (1Pkt = 3Kg),Kg,2026-10-01 to 2026-10-08,,123.0,3709.96,,135.0,4071.91,,,7.5,3.0,30.16,issued_from_CK,entp_consumption_east_north_01-08Oct2026.csv (Indent Receive Qty); no production record in Restroworks [first pass 1-8 Oct; target window 24 Sep-8 Oct]
Kolkata,Salt Lake,Chaat Masala Bucket,Kg,2026-10-01 to 2026-10-08,,0.2,71.68,,0.353,126.52,,,0.5,0.396,358.4,issued_from_CK,entp_consumption_east_north_01-08Oct2026.csv (Indent Receive Qty); no production record in Restroworks [first pass 1-8 Oct; target window 24 Sep-8 Oct]
Kolkata,Salt Lake,Coconut Shredded,Kg,2026-10-01 to 2026-10-08,,68.0,13299.1,,124.3,24309.9,,,6.0,-12.012,195.57,issued_from_CK,entp_consumption_east_north_01-08Oct2026.csv (Indent Receive Qty); no production record in Restroworks [first pass 1-8 Oct; target window 24 Sep-8 Oct]
Kolkata,Salt Lake,Dahi Bucket Mix (1pkt =105gm),gm,2026-10-01 to 2026-10-08,,2730.0,172.39,,2675.0,168.92,,,840.0,625.0,0.06,issued_from_CK,entp_consumption_east_north_01-08Oct2026.csv (Indent Receive Qty); no production record in Restroworks [first pass 1-8 Oct; target window 24 Sep-8 Oct]
Kolkata,Salt Lake,Dosa Batter Mix,Kg,2026-10-01 to 2026-10-08,,260.0,8527.54,,234.106,7678.26,26.3,862.59,46.4,43.563,32.8,issued_from_CK,entp_consumption_east_north_01-08Oct2026.csv (Indent Receive Qty); no production record in Restroworks [first pass 1-8 Oct; target window 24 Sep-8 Oct]
Kolkata,Salt Lake,Filter Coffee Ice Cream (700gm= 1 Bucket),Kg,2026-10-01 to 2026-10-08,,2.8,633.15,,2.16,488.43,,,0.7,1.38,226.13,issued_from_CK,entp_consumption_east_north_01-08Oct2026.csv (Indent Receive Qty); no production record in Restroworks [first pass 1-8 Oct; target window 24 Sep-8 Oct]
Kolkata,Salt Lake,Garlic Chutney Bucket,Kg,2026-10-01 to 2026-10-08,,7.2,1822.64,,7.08,1792.26,0.75,189.86,1.5,1.33,253.14,issued_from_CK,entp_consumption_east_north_01-08Oct2026.csv (Indent Receive Qty); no production record in Restroworks [first pass 1-8 Oct; target window 24 Sep-8 Oct]
Kolkata,Salt Lake,Idli Pc Raw (1 Pkt =40pc),Pc,2026-10-01 to 2026-10-08,,1160.0,2344.09,,1126.0,2275.38,37.0,74.77,165.0,165.0,2.02,issued_from_CK,entp_consumption_east_north_01-08Oct2026.csv (Indent Receive Qty); no production record in Restroworks [first pass 1-8 Oct; target window 24 Sep-8 Oct]
Kolkata,Salt Lake,Imli Water,Ltr,2026-10-01 to 2026-10-08,,1.5,38.01,,2.029,51.41,,,0.3,0.082,25.34,issued_from_CK,entp_consumption_east_north_01-08Oct2026.csv (Indent Receive Qty); no production record in Restroworks [first pass 1-8 Oct; target window 24 Sep-8 Oct]
Kolkata,Salt Lake,Jain Sambar Bucket,Ltr,2026-10-01 to 2026-10-08,,80.0,1988.26,,30.2,750.57,,,15.0,37.4,24.85,issued_from_CK,entp_consumption_east_north_01-08Oct2026.csv (Indent Receive Qty); no production record in Restroworks [first pass 1-8 Oct; target window 24 Sep-8 Oct]
Kolkata,Salt Lake,Karam Podi Powder Bucket,Kg,2026-10-01 to 2026-10-08,,1.0,190.39,,1.28,243.7,,,0.7,0.76,190.39,issued_from_CK,entp_consumption_east_north_01-08Oct2026.csv (Indent Receive Qty); no production record in Restroworks [first pass 1-8 Oct; target window 24 Sep-8 Oct]
Kolkata,Salt Lake,Kesari Halwa Mix  (1pkt = 550gm),Kg,2026-10-01 to 2026-10-08,,3.85,266.46,,4.347,300.86,0.95,65.75,1.65,-0.063,69.21,issued_from_CK,entp_consumption_east_north_01-08Oct2026.csv (Indent Receive Qty); no production record in Restroworks [first pass 1-8 Oct; target window 24 Sep-8 Oct]
Kolkata,Salt Lake,Korma Gravy Mix (1pkt=700gm),Kg,2026-10-01 to 2026-10-08,,18.2,2760.25,,19.728,2991.99,0.07,10.62,1.4,0.07,151.66,issued_from_CK,entp_consumption_east_north_01-08Oct2026.csv (Indent Receive Qty); no production record in Restroworks [first pass 1-8 Oct; target window 24 Sep-8 Oct]
Kolkata,Salt Lake,Malabar Paratha  (1pkt= 6Pcs),Pc,2026-10-01 to 2026-10-08,,230.0,2060.7,,228.0,2042.78,,,12.0,12.0,8.96,issued_from_CK,entp_consumption_east_north_01-08Oct2026.csv (Indent Receive Qty); no production record in Restroworks [first pass 1-8 Oct; target window 24 Sep-8 Oct]
Kolkata,Salt Lake,Malkapodi Bucket,Kg,2026-10-01 to 2026-10-08,,2.0,339.24,,1.98,335.85,,,0.5,0.52,169.62,issued_from_CK,entp_consumption_east_north_01-08Oct2026.csv (Indent Receive Qty); no production record in Restroworks [first pass 1-8 Oct; target window 24 Sep-8 Oct]
Kolkata,Salt Lake,Medu Vada Batter,Kg,2026-10-01 to 2026-10-08,,42.0,2686.28,,,,0.56,35.82,4.0,16.0,63.96,issued_from_CK,entp_consumption_east_north_01-08Oct2026.csv (Indent Receive Qty); no production record in Restroworks [first pass 1-8 Oct; target window 24 Sep-8 Oct]
Kolkata,Salt Lake,Medu Vada Batter Mix,Kg,2026-10-01 to 2026-10-08,,,,,44.217,3259.08,,,0.0,-15.026,73.71,consumed_no_issue_record (made in store or untracked),entp_consumption_east_north_01-08Oct2026.csv (Indent Receive Qty); no production record in Restroworks [first pass 1-8 Oct; target window 24 Sep-8 Oct]
Kolkata,Salt Lake,Medu Vada Batter Powder Mix (1 Pkt = 23gm),Kg,2026-10-01 to 2026-10-08,,1.012,263.91,,,,,,0.092,0.483,260.78,issued_from_CK,entp_consumption_east_north_01-08Oct2026.csv (Indent Receive Qty); no production record in Restroworks [first pass 1-8 Oct; target window 24 Sep-8 Oct]
Kolkata,Salt Lake,Mysore Chutney Bucket,Kg,2026-10-01 to 2026-10-08,,6.3,1068.95,,7.5,1272.56,0.65,110.29,0.9,0.15,169.67,issued_from_CK,entp_consumption_east_north_01-08Oct2026.csv (Indent Receive Qty); no production record in Restroworks [first pass 1-8 Oct; target window 24 Sep-8 Oct]
Kolkata,Salt Lake,Potato Masala Mix (1Pkt = 90Gm),Pkt,2026-10-01 to 2026-10-08,,39.0,424.3,,45.0,489.58,,,8.0,5.0,10.88,issued_from_CK,entp_consumption_east_north_01-08Oct2026.csv (Indent Receive Qty); no production record in Restroworks [first pass 1-8 Oct; target window 24 Sep-8 Oct]
Kolkata,Salt Lake,Rasam Bucket,Ltr,2026-10-01 to 2026-10-08,,,,,4.85,169.65,,,1.8,-0.4,34.98,consumed_no_issue_record (made in store or untracked),entp_consumption_east_north_01-08Oct2026.csv (Indent Receive Qty); no production record in Restroworks [first pass 1-8 Oct; target window 24 Sep-8 Oct]
Kolkata,Salt Lake,Rasam Chhoke Pre-Mix (2 Mix -6gm + 42gm)= 48gm,Kg,2026-10-01 to 2026-10-08,,0.24,54.63,,,,,,0.0,0.144,227.61,issued_from_CK,entp_consumption_east_north_01-08Oct2026.csv (Indent Receive Qty); no production record in Restroworks [first pass 1-8 Oct; target window 24 Sep-8 Oct]
Kolkata,Salt Lake,Rasam Mix (1Pkt =15 gm),Kg,2026-10-01 to 2026-10-08,,0.075,27.1,,,,,,0.0,0.045,361.28,issued_from_CK,entp_consumption_east_north_01-08Oct2026.csv (Indent Receive Qty); no production record in Restroworks [first pass 1-8 Oct; target window 24 Sep-8 Oct]
Kolkata,Salt Lake,Rava Powder Mix,Kg,2026-10-01 to 2026-10-08,,6.0,575.02,,4.5,431.26,1.0,95.84,1.0,0.2,95.84,issued_from_CK,entp_consumption_east_north_01-08Oct2026.csv (Indent Receive Qty); no production record in Restroworks [first pass 1-8 Oct; target window 24 Sep-8 Oct]
Kolkata,Salt Lake,Raw Mango Chutney Bucket,Kg,2026-10-01 to 2026-10-08,,,,,0.3,48.15,0.5,80.25,0.45,-0.17,160.49,consumed_no_issue_record (made in store or untracked),entp_consumption_east_north_01-08Oct2026.csv (Indent Receive Qty); no production record in Restroworks [first pass 1-8 Oct; target window 24 Sep-8 Oct]
Kolkata,Salt Lake,Raw mango Powder Mix (1 Pkt = 13gm),Kg,2026-10-01 to 2026-10-08,,0.156,44.94,,0.14,40.36,,,0.013,0.032,288.1,issued_from_CK,entp_consumption_east_north_01-08Oct2026.csv (Indent Receive Qty); no production record in Restroworks [first pass 1-8 Oct; target window 24 Sep-8 Oct]
Kolkata,Salt Lake,Sambar Bucket,Ltr,2026-10-01 to 2026-10-08,,395.0,10441.65,,569.8,15062.41,,,28.0,-38.0,26.43,issued_from_CK,entp_consumption_east_north_01-08Oct2026.csv (Indent Receive Qty); no production record in Restroworks [first pass 1-8 Oct; target window 24 Sep-8 Oct]
Kolkata,Salt Lake,Special Daal Bucket,Kg,2026-10-01 to 2026-10-08,,3.0,459.96,,8.597,1318.08,,,1.4,-1.216,153.32,issued_from_CK,entp_consumption_east_north_01-08Oct2026.csv (Indent Receive Qty); no production record in Restroworks [first pass 1-8 Oct; target window 24 Sep-8 Oct]
Kolkata,Salt Lake,Special White Coconut Chutney Bucket,Kg,2026-10-01 to 2026-10-08,,,,,5.05,,,,2.0,0.5,,consumed_no_issue_record (made in store or untracked),entp_consumption_east_north_01-08Oct2026.csv (Indent Receive Qty); no production record in Restroworks [first pass 1-8 Oct; target window 24 Sep-8 Oct]
Kolkata,Salt Lake,Spicy Coconut Chutney Mix 1Pkt (16gm),Kg,2026-10-01 to 2026-10-08,,,,,1.884,309.64,,,0.128,-0.55,164.37,consumed_no_issue_record (made in store or untracked),entp_consumption_east_north_01-08Oct2026.csv (Indent Receive Qty); no production record in Restroworks [first pass 1-8 Oct; target window 24 Sep-8 Oct]
Kolkata,Salt Lake,Srivilli Kheer (1 Pc),Pc,2026-10-01 to 2026-10-08,,53.0,1394.72,,62.0,1631.55,1.0,26.32,12.0,1.0,26.32,issued_from_CK,entp_consumption_east_north_01-08Oct2026.csv (Indent Receive Qty); no production record in Restroworks [first pass 1-8 Oct; target window 24 Sep-8 Oct]
Kolkata,Salt Lake,Thatte Idli Pc Raw,Pc,2026-10-01 to 2026-10-08,,186.0,926.75,,195.0,971.59,2.0,9.97,22.0,10.0,4.98,issued_from_CK,entp_consumption_east_north_01-08Oct2026.csv (Indent Receive Qty); no production record in Restroworks [first pass 1-8 Oct; target window 24 Sep-8 Oct]
Kolkata,Salt Lake,Thindi Malkapodi Powder Bucket,Kg,2026-10-01 to 2026-10-08,,2.0,389.86,,6.015,1172.49,,,1.0,-1.215,194.93,issued_from_CK,entp_consumption_east_north_01-08Oct2026.csv (Indent Receive Qty); no production record in Restroworks [first pass 1-8 Oct; target window 24 Sep-8 Oct]
Kolkata,Salt Lake,Tomato Onion Chutney Bucket,Kg,2026-10-01 to 2026-10-08,,,,,,,0.3,42.14,0.65,0.95,140.46,wastage_or_return_only,entp_consumption_east_north_01-08Oct2026.csv (Indent Receive Qty); no production record in Restroworks [first pass 1-8 Oct; target window 24 Sep-8 Oct]
Kolkata,Salt Lake,Tomato Onion Powder Mix (1 Pkt = 24gm),Kg,2026-10-01 to 2026-10-08,,0.264,138.83,,0.259,136.31,,,0.096,0.102,525.88,issued_from_CK,entp_consumption_east_north_01-08Oct2026.csv (Indent Receive Qty); no production record in Restroworks [first pass 1-8 Oct; target window 24 Sep-8 Oct]
Kolkata,Salt Lake,Upma Mix (1pkt = 300gm),Kg,2026-10-01 to 2026-10-08,,4.2,363.76,,2.82,244.24,0.96,83.14,1.7999999999999998,1.69,86.61,issued_from_CK,entp_consumption_east_north_01-08Oct2026.csv (Indent Receive Qty); no production record in Restroworks [first pass 1-8 Oct; target window 24 Sep-8 Oct]
Kolkata,Salt Lake Sec-1,Benne Dosa Batter (Pack Size -3 Kg ),Kg,2026-10-01 to 2026-10-08,,65.0,2102.9,,51.15,1654.82,9.4,304.11,7.0,5.685,32.35,issued_from_CK,entp_consumption_east_north_01-08Oct2026.csv (Indent Receive Qty); no production record in Restroworks [first pass 1-8 Oct; target window 24 Sep-8 Oct]
Kolkata,Salt Lake Sec-1,Boiled & Mashed Potato (1Pkt = 3Kg),Kg,2026-10-01 to 2026-10-08,,,,,128.0,3989.16,,,0.0,-39.0,31.17,consumed_no_issue_record (made in store or untracked),entp_consumption_east_north_01-08Oct2026.csv (Indent Receive Qty); no production record in Restroworks [first pass 1-8 Oct; target window 24 Sep-8 Oct]
Kolkata,Salt Lake Sec-1,Chaat Masala Bucket,Kg,2026-10-01 to 2026-10-08,,0.2,71.58,,0.373,133.5,,,0.2,0.258,357.92,issued_from_CK,entp_consumption_east_north_01-08Oct2026.csv (Indent Receive Qty); no production record in Restroworks [first pass 1-8 Oct; target window 24 Sep-8 Oct]
Kolkata,Salt Lake Sec-1,Coconut Shredded,Kg,2026-10-01 to 2026-10-08,,84.0,16438.6,,118.78,23245.02,,,5.5,-2.354,195.7,issued_from_CK,entp_consumption_east_north_01-08Oct2026.csv (Indent Receive Qty); no production record in Restroworks [first pass 1-8 Oct; target window 24 Sep-8 Oct]
Kolkata,Salt Lake Sec-1,Dahi Bucket Mix (1pkt =105gm),gm,2026-10-01 to 2026-10-08,,2310.0,146.24,,2205.0,139.59,,,105.0,615.0,0.06,issued_from_CK,entp_consumption_east_north_01-08Oct2026.csv (Indent Receive Qty); no production record in Restroworks [first pass 1-8 Oct; target window 24 Sep-8 Oct]
Kolkata,Salt Lake Sec-1,Dosa Batter Mix,Kg,2026-10-01 to 2026-10-08,,255.0,8371.09,,203.527,6681.34,38.4,1260.59,32.0,37.572,32.83,issued_from_CK,entp_consumption_east_north_01-08Oct2026.csv (Indent Receive Qty); no production record in Restroworks [first pass 1-8 Oct; target window 24 Sep-8 Oct]
Kolkata,Salt Lake Sec-1,Filter Coffee Ice Cream (700gm= 1 Bucket),Kg,2026-10-01 to 2026-10-08,,4.9,1133.33,,2.76,638.37,,,0.8,2.66,231.29,issued_from_CK,entp_consumption_east_north_01-08Oct2026.csv (Indent Receive Qty); no production record in Restroworks [first pass 1-8 Oct; target window 24 Sep-8 Oct]
Kolkata,Salt Lake Sec-1,Garam Masala Powder Bucket,Kg,2026-10-01 to 2026-10-08,,,,,0.015,19.01,,,0.12,0.116,1267.22,consumed_no_issue_record (made in store or untracked),entp_consumption_east_north_01-08Oct2026.csv (Indent Receive Qty); no production record in Restroworks [first pass 1-8 Oct; target window 24 Sep-8 Oct]
Kolkata,Salt Lake Sec-1,Garlic Chutney Bucket,Kg,2026-10-01 to 2026-10-08,,9.3,2354.84,,10.455,2647.29,0.28,70.9,0.7,0.46,253.21,issued_from_CK,entp_consumption_east_north_01-08Oct2026.csv (Indent Receive Qty); no production record in Restroworks [first pass 1-8 Oct; target window 24 Sep-8 Oct]
Kolkata,Salt Lake Sec-1,Idli Pc Raw (1 Pkt =40pc),Pc,2026-10-01 to 2026-10-08,,1440.0,2908.78,40.0,1313.0,2652.24,49.0,98.98,128.0,172.0,2.02,issued_from_CK,entp_consumption_east_north_01-08Oct2026.csv (Indent Receive Qty); no production record in Restroworks [first pass 1-8 Oct; target window 24 Sep-8 Oct]
Kolkata,Salt Lake Sec-1,Imli Water,Ltr,2026-10-01 to 2026-10-08,,2.4,60.87,,2.037,51.66,,,0.0,0.687,25.36,issued_from_CK,entp_consumption_east_north_01-08Oct2026.csv (Indent Receive Qty); no production record in Restroworks [first pass 1-8 Oct; target window 24 Sep-8 Oct]
Kolkata,Salt Lake Sec-1,Jain Sambar Bucket,Ltr,2026-10-01 to 2026-10-08,,240.0,5930.13,,29.0,716.56,,,10.0,80.6,24.71,issued_from_CK,entp_consumption_east_north_01-08Oct2026.csv (Indent Receive Qty); no production record in Restroworks [first pass 1-8 Oct; target window 24 Sep-8 Oct]
Kolkata,Salt Lake Sec-1,Karam Podi Powder Bucket,Kg,2026-10-01 to 2026-10-08,,1.0,189.46,,0.92,174.3,,,0.9,1.18,189.46,issued_from_CK,entp_consumption_east_north_01-08Oct2026.csv (Indent Receive Qty); no production record in Restroworks [first pass 1-8 Oct; target window 24 Sep-8 Oct]
Kolkata,Salt Lake Sec-1,Kesari Halwa Mix  (1pkt = 550gm),Kg,2026-10-01 to 2026-10-08,,6.05,417.49,,5.106,352.35,0.45,31.05,1.1,1.151,69.01,issued_from_CK,entp_consumption_east_north_01-08Oct2026.csv (Indent Receive Qty); no production record in Restroworks [first pass 1-8 Oct; target window 24 Sep-8 Oct]
Kolkata,Salt Lake Sec-1,Korma Gravy Mix (1pkt=700gm),Kg,2026-10-01 to 2026-10-08,,9.1,1380.6,,8.46,1283.5,1.82,276.12,1.4,0.08,151.71,issued_from_CK,entp_consumption_east_north_01-08Oct2026.csv (Indent Receive Qty); no production record in Restroworks [first pass 1-8 Oct; target window 24 Sep-8 Oct]
Kolkata,Salt Lake Sec-1,Lemon Rice Bucket,Kg,2026-10-01 to 2026-10-08,,7.0,613.63,0.5,4.5,394.48,1.58,138.51,0.8,1.95,87.66,issued_from_CK,entp_consumption_east_north_01-08Oct2026.csv (Indent Receive Qty); no production record in Restroworks [first pass 1-8 Oct; target window 24 Sep-8 Oct]
Kolkata,Salt Lake Sec-1,Malabar Paratha  (1pkt= 6Pcs),Pc,2026-10-01 to 2026-10-08,,,,,95.0,749.52,,,0.0,-38.0,7.89,consumed_no_issue_record (made in store or untracked),entp_consumption_east_north_01-08Oct2026.csv (Indent Receive Qty); no production record in Restroworks [first pass 1-8 Oct; target window 24 Sep-8 Oct]
Kolkata,Salt Lake Sec-1,Malabar Paratha Dough,Pc,2026-10-01 to 2026-10-08,,108.0,932.88,6.0,,,,,0.0,44.0,8.64,issued_from_CK,entp_consumption_east_north_01-08Oct2026.csv (Indent Receive Qty); no production record in Restroworks [first pass 1-8 Oct; target window 24 Sep-8 Oct]
Kolkata,Salt Lake Sec-1,Malkapodi Bucket,Kg,2026-10-01 to 2026-10-08,,3.0,508.51,,2.63,445.8,,,1.6,1.615,169.5,issued_from_CK,entp_consumption_east_north_01-08Oct2026.csv (Indent Receive Qty); no production record in Restroworks [first pass 1-8 Oct; target window 24 Sep-8 Oct]
Kolkata,Salt Lake Sec-1,Medu Vada Batter Mix,Kg,2026-10-01 to 2026-10-08,,,,,40.361,3086.57,0.85,65.0,4.0,-10.007,76.47,consumed_no_issue_record (made in store or untracked),entp_consumption_east_north_01-08Oct2026.csv (Indent Receive Qty); no production record in Restroworks [first pass 1-8 Oct; target window 24 Sep-8 Oct]
Kolkata,Salt Lake Sec-1,Medu Vada Batter Powder Mix (1 Pkt = 23gm),Kg,2026-10-01 to 2026-10-08,,0.69,180.06,,,,,,0.069,0.299,260.96,issued_from_CK,entp_consumption_east_north_01-08Oct2026.csv (Indent Receive Qty); no production record in Restroworks [first pass 1-8 Oct; target window 24 Sep-8 Oct]
Kolkata,Salt Lake Sec-1,Mysore Chutney Bucket,Kg,2026-10-01 to 2026-10-08,,4.5,764.0,,5.86,994.9,0.41,69.61,1.2,0.09,169.78,issued_from_CK,entp_consumption_east_north_01-08Oct2026.csv (Indent Receive Qty); no production record in Restroworks [first pass 1-8 Oct; target window 24 Sep-8 Oct]
Kolkata,Salt Lake Sec-1,Potato Masala Mix (1Pkt = 90Gm),Pkt,2026-10-01 to 2026-10-08,,39.0,424.3,,42.667,464.2,,,6.0,5.0,10.88,issued_from_CK,entp_consumption_east_north_01-08Oct2026.csv (Indent Receive Qty); no production record in Restroworks [first pass 1-8 Oct; target window 24 Sep-8 Oct]
Kolkata,Salt Lake Sec-1,Rasam Bucket,Ltr,2026-10-01 to 2026-10-08,,,,,4.45,155.87,,,2.0,-1.4,35.03,consumed_no_issue_record (made in store or untracked),entp_consumption_east_north_01-08Oct2026.csv (Indent Receive Qty); no production record in Restroworks [first pass 1-8 Oct; target window 24 Sep-8 Oct]
Kolkata,Salt Lake Sec-1,Rasam Chhoke Pre-Mix (2 Mix -6gm + 42gm)= 48gm,Kg,2026-10-01 to 2026-10-08,,0.288,65.82,,,,,,0.048,0.192,228.53,issued_from_CK,entp_consumption_east_north_01-08Oct2026.csv (Indent Receive Qty); no production record in Restroworks [first pass 1-8 Oct; target window 24 Sep-8 Oct]
Kolkata,Salt Lake Sec-1,Rasam Mix (1Pkt =15 gm),Kg,2026-10-01 to 2026-10-08,,0.09,32.45,,,,,,0.015,0.06,360.52,issued_from_CK,entp_consumption_east_north_01-08Oct2026.csv (Indent Receive Qty); no production record in Restroworks [first pass 1-8 Oct; target window 24 Sep-8 Oct]
Kolkata,Salt Lake Sec-1,Rava Powder Mix,Kg,2026-10-01 to 2026-10-08,,9.0,862.94,,5.55,532.15,1.0,95.88,1.2,2.3,95.88,issued_from_CK,entp_consumption_east_north_01-08Oct2026.csv (Indent Receive Qty); no production record in Restroworks [first pass 1-8 Oct; target window 24 Sep-8 Oct]
Kolkata,Salt Lake Sec-1,Raw Mango Chutney Bucket,Kg,2026-10-01 to 2026-10-08,,,,,1.02,163.72,0.18,28.89,0.5,-0.14,160.51,consumed_no_issue_record (made in store or untracked),entp_consumption_east_north_01-08Oct2026.csv (Indent Receive Qty); no production record in Restroworks [first pass 1-8 Oct; target window 24 Sep-8 Oct]
Kolkata,Salt Lake Sec-1,Raw Mango Pickle Bucket,Kg,2026-10-01 to 2026-10-08,,0.5,87.04,,0.285,49.61,,,0.3,0.41,174.09,issued_from_CK,entp_consumption_east_north_01-08Oct2026.csv (Indent Receive Qty); no production record in Restroworks [first pass 1-8 Oct; target window 24 Sep-8 Oct]
Kolkata,Salt Lake Sec-1,Raw mango Powder Mix (1 Pkt = 13gm),Kg,2026-10-01 to 2026-10-08,,0.195,56.63,,0.192,55.69,,,0.039,0.059,290.41,issued_from_CK,entp_consumption_east_north_01-08Oct2026.csv (Indent Receive Qty); no production record in Restroworks [first pass 1-8 Oct; target window 24 Sep-8 Oct]
Kolkata,Salt Lake Sec-1,Sambar Bucket,Ltr,2026-10-01 to 2026-10-08,,275.0,7268.67,,553.4,14627.21,,,15.0,-62.4,26.43,issued_from_CK,entp_consumption_east_north_01-08Oct2026.csv (Indent Receive Qty); no production record in Restroworks [first pass 1-8 Oct; target window 24 Sep-8 Oct]
Kolkata,Salt Lake Sec-1,Special Daal Bucket,Kg,2026-10-01 to 2026-10-08,,4.0,613.56,,8.376,1284.75,,,2.4,0.891,153.39,issued_from_CK,entp_consumption_east_north_01-08Oct2026.csv (Indent Receive Qty); no production record in Restroworks [first pass 1-8 Oct; target window 24 Sep-8 Oct]
Kolkata,Salt Lake Sec-1,Special White Coconut Chutney Bucket,Kg,2026-10-01 to 2026-10-08,,,,2.5,7.2,,,,0.0,-1.85,,consumed_no_issue_record (made in store or untracked),entp_consumption_east_north_01-08Oct2026.csv (Indent Receive Qty); no production record in Restroworks [first pass 1-8 Oct; target window 24 Sep-8 Oct]
Kolkata,Salt Lake Sec-1,Spicy Coconut Chutney Mix 1Pkt (16gm),Kg,2026-10-01 to 2026-10-08,,,,,1.62,,,,0.0,-0.556,,consumed_no_issue_record (made in store or untracked),entp_consumption_east_north_01-08Oct2026.csv (Indent Receive Qty); no production record in Restroworks [first pass 1-8 Oct; target window 24 Sep-8 Oct]
Kolkata,Salt Lake Sec-1,Srivilli Kheer (1 Pc),Pc,2026-10-01 to 2026-10-08,,42.0,1106.52,,45.0,1185.56,3.0,79.04,6.0,2.0,26.35,issued_from_CK,entp_consumption_east_north_01-08Oct2026.csv (Indent Receive Qty); no production record in Restroworks [first pass 1-8 Oct; target window 24 Sep-8 Oct]
Kolkata,Salt Lake Sec-1,Steam Rice Bucket,Kg,2026-10-01 to 2026-10-08,,12.0,675.65,1.0,6.183,348.13,2.49,140.2,1.8,4.16,56.3,issued_from_CK,entp_consumption_east_north_01-08Oct2026.csv (Indent Receive Qty); no production record in Restroworks [first pass 1-8 Oct; target window 24 Sep-8 Oct]
Kolkata,Salt Lake Sec-1,Thatte Idli Batter,Kg,2026-10-01 to 2026-10-08,,22.0,561.55,,,,5.38,137.32,3.4,6.7,25.52,issued_from_CK,entp_consumption_east_north_01-08Oct2026.csv (Indent Receive Qty); no production record in Restroworks [first pass 1-8 Oct; target window 24 Sep-8 Oct]
Kolkata,Salt Lake Sec-1,Thatte Idli Pc Raw,Pc,2026-10-01 to 2026-10-08,,,,,171.0,861.33,2.0,10.07,45.0,-18.0,5.04,consumed_no_issue_record (made in store or untracked),entp_consumption_east_north_01-08Oct2026.csv (Indent Receive Qty); no production record in Restroworks [first pass 1-8 Oct; target window 24 Sep-8 Oct]
Kolkata,Salt Lake Sec-1,Thindi Malkapodi Powder Bucket,Kg,2026-10-01 to 2026-10-08,,1.0,194.83,,3.205,624.44,,,1.5,0.98,194.83,issued_from_CK,entp_consumption_east_north_01-08Oct2026.csv (Indent Receive Qty); no production record in Restroworks [first pass 1-8 Oct; target window 24 Sep-8 Oct]
Kolkata,Salt Lake Sec-1,Tomato Onion Powder Mix (1 Pkt = 24gm),Kg,2026-10-01 to 2026-10-08,,0.504,263.13,,0.439,229.16,,,0.072,-0.036,522.07,issued_from_CK,entp_consumption_east_north_01-08Oct2026.csv (Indent Receive Qty); no production record in Restroworks [first pass 1-8 Oct; target window 24 Sep-8 Oct]
Kolkata,Salt Lake Sec-1,Upma Mix (1pkt = 300gm),Kg,2026-10-01 to 2026-10-08,,3.6,311.78,,2.4,207.86,0.46,39.84,1.2,1.48,86.61,issued_from_CK,entp_consumption_east_north_01-08Oct2026.csv (Indent Receive Qty); no production record in Restroworks [first pass 1-8 Oct; target window 24 Sep-8 Oct]
Kolkata,Santoshpur,Benne Dosa Batter (Pack Size -3 Kg ),Kg,2026-10-01 to 2026-10-08,,24.535,820.53,,22.875,765.01,8.435,282.09,5.5,-1.26,33.44,issued_from_CK,entp_consumption_east_north_01-08Oct2026.csv (Indent Receive Qty); no production record in Restroworks [first pass 1-8 Oct; target window 24 Sep-8 Oct]
Kolkata,Santoshpur,Boiled & Mashed Potato (1Pkt = 3Kg),Kg,2026-10-01 to 2026-10-08,,,,,61.667,1921.47,,,0.0,-18.667,31.16,consumed_no_issue_record (made in store or untracked),entp_consumption_east_north_01-08Oct2026.csv (Indent Receive Qty); no production record in Restroworks [first pass 1-8 Oct; target window 24 Sep-8 Oct]
Kolkata,Santoshpur,Chaat Masala Bucket,Kg,2026-10-01 to 2026-10-08,,0.1,35.79,,0.268,95.93,,,0.353,0.145,357.93,issued_from_CK,entp_consumption_east_north_01-08Oct2026.csv (Indent Receive Qty); no production record in Restroworks [first pass 1-8 Oct; target window 24 Sep-8 Oct]
Kolkata,Santoshpur,Coconut Shredded,Kg,2026-10-01 to 2026-10-08,,34.9,6812.96,,53.865,10515.28,0.5,97.61,3.0,-5.263,195.21,issued_from_CK,entp_consumption_east_north_01-08Oct2026.csv (Indent Receive Qty); no production record in Restroworks [first pass 1-8 Oct; target window 24 Sep-8 Oct]
Kolkata,Santoshpur,Dahi Bucket Mix (1pkt =105gm),gm,2026-10-01 to 2026-10-08,,1680.0,106.09,,2135.0,134.83,,,370.0,235.0,0.06,issued_from_CK,entp_consumption_east_north_01-08Oct2026.csv (Indent Receive Qty); no production record in Restroworks [first pass 1-8 Oct; target window 24 Sep-8 Oct]
Kolkata,Santoshpur,Dosa Batter Mix,Kg,2026-10-01 to 2026-10-08,,112.885,3703.73,,99.756,3272.97,27.315,896.2,27.8,13.962,32.81,issued_from_CK,entp_consumption_east_north_01-08Oct2026.csv (Indent Receive Qty); no production record in Restroworks [first pass 1-8 Oct; target window 24 Sep-8 Oct]
Kolkata,Santoshpur,Filter Coffee Ice Cream (700gm= 1 Bucket),Kg,2026-10-01 to 2026-10-08,,0.7,163.24,,0.6,139.92,,,0.4,0.46,233.2,issued_from_CK,entp_consumption_east_north_01-08Oct2026.csv (Indent Receive Qty); no production record in Restroworks [first pass 1-8 Oct; target window 24 Sep-8 Oct]
Kolkata,Santoshpur,Garlic Chutney Bucket,Kg,2026-10-01 to 2026-10-08,,3.0,759.01,,3.42,865.27,,,0.45,0.105,253.0,issued_from_CK,entp_consumption_east_north_01-08Oct2026.csv (Indent Receive Qty); no production record in Restroworks [first pass 1-8 Oct; target window 24 Sep-8 Oct]
Kolkata,Santoshpur,Idli Pc Raw (1 Pkt =40pc),Pc,2026-10-01 to 2026-10-08,,520.0,1049.09,,567.0,1143.91,30.0,60.52,40.0,-37.0,2.02,issued_from_CK,entp_consumption_east_north_01-08Oct2026.csv (Indent Receive Qty); no production record in Restroworks [first pass 1-8 Oct; target window 24 Sep-8 Oct]
Kolkata,Santoshpur,Imli Water,Ltr,2026-10-01 to 2026-10-08,,0.9,22.61,,0.612,15.38,,,0.1,200.166,25.12,issued_from_CK,entp_consumption_east_north_01-08Oct2026.csv (Indent Receive Qty); no production record in Restroworks [first pass 1-8 Oct; target window 24 Sep-8 Oct]
Kolkata,Santoshpur,Jain Sambar Bucket,Ltr,2026-10-01 to 2026-10-08,,18.0,443.22,,13.8,339.8,,,0.0,0.8,24.62,issued_from_CK,entp_consumption_east_north_01-08Oct2026.csv (Indent Receive Qty); no production record in Restroworks [first pass 1-8 Oct; target window 24 Sep-8 Oct]
Kolkata,Santoshpur,Karam Podi Powder Bucket,Kg,2026-10-01 to 2026-10-08,,,,,0.36,68.37,,,0.79,0.53,189.91,consumed_no_issue_record (made in store or untracked),entp_consumption_east_north_01-08Oct2026.csv (Indent Receive Qty); no production record in Restroworks [first pass 1-8 Oct; target window 24 Sep-8 Oct]
Kolkata,Santoshpur,Kesari Halwa Mix  (1pkt = 550gm),Kg,2026-10-01 to 2026-10-08,,3.85,266.91,,3.174,220.04,0.4,27.73,0.3,0.488,69.33,issued_from_CK,entp_consumption_east_north_01-08Oct2026.csv (Indent Receive Qty); no production record in Restroworks [first pass 1-8 Oct; target window 24 Sep-8 Oct]
Kolkata,Santoshpur,Korma Gravy Mix (1pkt=700gm),Kg,2026-10-01 to 2026-10-08,,6.3,955.28,,10.62,1610.33,,,0.7,-0.6,151.63,issued_from_CK,entp_consumption_east_north_01-08Oct2026.csv (Indent Receive Qty); no production record in Restroworks [first pass 1-8 Oct; target window 24 Sep-8 Oct]
Kolkata,Santoshpur,Malabar Paratha  (1pkt= 6Pcs),Pc,2026-10-01 to 2026-10-08,,,,,121.0,958.08,,,0.0,-31.0,7.92,consumed_no_issue_record (made in store or untracked),entp_consumption_east_north_01-08Oct2026.csv (Indent Receive Qty); no production record in Restroworks [first pass 1-8 Oct; target window 24 Sep-8 Oct]
Kolkata,Santoshpur,Malabar Paratha Dough,Pc,2026-10-01 to 2026-10-08,,102.0,880.87,,,,,,4.0,16.0,8.64,issued_from_CK,entp_consumption_east_north_01-08Oct2026.csv (Indent Receive Qty); no production record in Restroworks [first pass 1-8 Oct; target window 24 Sep-8 Oct]
Kolkata,Santoshpur,Malkapodi Bucket,Kg,2026-10-01 to 2026-10-08,,0.5,84.23,,0.645,108.65,,,0.5,0.38,168.45,issued_from_CK,entp_consumption_east_north_01-08Oct2026.csv (Indent Receive Qty); no production record in Restroworks [first pass 1-8 Oct; target window 24 Sep-8 Oct]
Kolkata,Santoshpur,Medu Vada Batter Mix,Kg,2026-10-01 to 2026-10-08,,,,,23.511,1767.17,,,0.0,-5.797,75.16,consumed_no_issue_record (made in store or untracked),entp_consumption_east_north_01-08Oct2026.csv (Indent Receive Qty); no production record in Restroworks [first pass 1-8 Oct; target window 24 Sep-8 Oct]
Kolkata,Santoshpur,Medu Vada Batter Powder Mix (1 Pkt = 23gm),Kg,2026-10-01 to 2026-10-08,,0.345,91.51,,,,,,0.069,0.092,265.24,issued_from_CK,entp_consumption_east_north_01-08Oct2026.csv (Indent Receive Qty); no production record in Restroworks [first pass 1-8 Oct; target window 24 Sep-8 Oct]
Kolkata,Santoshpur,Mysore Chutney Bucket,Kg,2026-10-01 to 2026-10-08,,1.8,304.97,,1.74,294.8,,,0.38,0.3,169.43,issued_from_CK,entp_consumption_east_north_01-08Oct2026.csv (Indent Receive Qty); no production record in Restroworks [first pass 1-8 Oct; target window 24 Sep-8 Oct]
Kolkata,Santoshpur,Potato Masala Mix (1Pkt = 90Gm),Pkt,2026-10-01 to 2026-10-08,,14.0,152.5,,20.556,223.9,,,3.0,-1.222,10.89,issued_from_CK,entp_consumption_east_north_01-08Oct2026.csv (Indent Receive Qty); no production record in Restroworks [first pass 1-8 Oct; target window 24 Sep-8 Oct]
Kolkata,Santoshpur,Rasam Bucket,Ltr,2026-10-01 to 2026-10-08,,,,,0.6,21.16,,,0.0,-0.3,35.26,consumed_no_issue_record (made in store or untracked),entp_consumption_east_north_01-08Oct2026.csv (Indent Receive Qty); no production record in Restroworks [first pass 1-8 Oct; target window 24 Sep-8 Oct]
Kolkata,Santoshpur,Rasam Chhoke Pre-Mix (2 Mix -6gm + 42gm)= 48gm,Kg,2026-10-01 to 2026-10-08,,0.192,43.85,,,,,,0.048,0.096,228.39,issued_from_CK,entp_consumption_east_north_01-08Oct2026.csv (Indent Receive Qty); no production record in Restroworks [first pass 1-8 Oct; target window 24 Sep-8 Oct]
Kolkata,Santoshpur,Rasam Mix (1Pkt =15 gm),Kg,2026-10-01 to 2026-10-08,,0.06,21.42,,,,,,0.015,0.03,356.93,issued_from_CK,entp_consumption_east_north_01-08Oct2026.csv (Indent Receive Qty); no production record in Restroworks [first pass 1-8 Oct; target window 24 Sep-8 Oct]
Kolkata,Santoshpur,Rava Powder Mix,Kg,2026-10-01 to 2026-10-08,,3.0,287.9,,2.2,211.13,,,1.0,1.5,95.97,issued_from_CK,entp_consumption_east_north_01-08Oct2026.csv (Indent Receive Qty); no production record in Restroworks [first pass 1-8 Oct; target window 24 Sep-8 Oct]
Kolkata,Santoshpur,Raw Mango Chutney Bucket,Kg,2026-10-01 to 2026-10-08,,,,,0.36,57.23,,,0.0,-0.18,158.96,consumed_no_issue_record (made in store or untracked),entp_consumption_east_north_01-08Oct2026.csv (Indent Receive Qty); no production record in Restroworks [first pass 1-8 Oct; target window 24 Sep-8 Oct]
Kolkata,Santoshpur,Raw mango Powder Mix (1 Pkt = 13gm),Kg,2026-10-01 to 2026-10-08,,0.078,22.58,,0.075,21.64,,,0.013,0.01,289.54,issued_from_CK,entp_consumption_east_north_01-08Oct2026.csv (Indent Receive Qty); no production record in Restroworks [first pass 1-8 Oct; target window 24 Sep-8 Oct]
Kolkata,Santoshpur,Sambar Bucket,Ltr,2026-10-01 to 2026-10-08,,175.0,4632.51,,245.6,6501.39,,,15.0,-50.6,26.47,issued_from_CK,entp_consumption_east_north_01-08Oct2026.csv (Indent Receive Qty); no production record in Restroworks [first pass 1-8 Oct; target window 24 Sep-8 Oct]
Kolkata,Santoshpur,Special Daal Bucket,Kg,2026-10-01 to 2026-10-08,,2.0,306.53,,3.767,577.34,,,1.0,0.01,153.26,issued_from_CK,entp_consumption_east_north_01-08Oct2026.csv (Indent Receive Qty); no production record in Restroworks [first pass 1-8 Oct; target window 24 Sep-8 Oct]
Kolkata,Santoshpur,Special White Coconut Chutney Bucket,Kg,2026-10-01 to 2026-10-08,,,,,1.9,108.56,,,0.0,-0.65,57.13,consumed_no_issue_record (made in store or untracked),entp_consumption_east_north_01-08Oct2026.csv (Indent Receive Qty); no production record in Restroworks [first pass 1-8 Oct; target window 24 Sep-8 Oct]
Kolkata,Santoshpur,Spicy Coconut Chutney Mix 1Pkt (16gm),Kg,2026-10-01 to 2026-10-08,,,,,0.453,71.09,,,0.0,-0.102,156.75,consumed_no_issue_record (made in store or untracked),entp_consumption_east_north_01-08Oct2026.csv (Indent Receive Qty); no production record in Restroworks [first pass 1-8 Oct; target window 24 Sep-8 Oct]
Kolkata,Santoshpur,Srivilli Kheer (1 Pc),Pc,2026-10-01 to 2026-10-08,,22.0,578.52,,22.0,578.52,10.0,262.96,0.0,-7.0,26.3,issued_from_CK,entp_consumption_east_north_01-08Oct2026.csv (Indent Receive Qty); no production record in Restroworks [first pass 1-8 Oct; target window 24 Sep-8 Oct]
Kolkata,Santoshpur,Thatte Idli Pc Raw,Pc,2026-10-01 to 2026-10-08,,42.0,211.47,,44.0,221.54,15.0,75.52,6.0,-10.0,5.03,issued_from_CK,entp_consumption_east_north_01-08Oct2026.csv (Indent Receive Qty); no production record in Restroworks [first pass 1-8 Oct; target window 24 Sep-8 Oct]
Kolkata,Santoshpur,Thindi Malkapodi Powder Bucket,Kg,2026-10-01 to 2026-10-08,,1.0,194.85,,1.23,239.66,,,0.71,0.735,194.85,issued_from_CK,entp_consumption_east_north_01-08Oct2026.csv (Indent Receive Qty); no production record in Restroworks [first pass 1-8 Oct; target window 24 Sep-8 Oct]
Kolkata,Santoshpur,Tomato Onion Powder Mix (1 Pkt = 24gm),Kg,2026-10-01 to 2026-10-08,,0.12,62.85,,0.125,65.36,,,0.072,0.0,523.72,issued_from_CK,entp_consumption_east_north_01-08Oct2026.csv (Indent Receive Qty); no production record in Restroworks [first pass 1-8 Oct; target window 24 Sep-8 Oct]
Kolkata,Santoshpur,Upma Mix (1pkt = 300gm),Kg,2026-10-01 to 2026-10-08,,1.5,129.84,,0.72,62.32,1.135,98.24,0.6,0.24,86.56,issued_from_CK,entp_consumption_east_north_01-08Oct2026.csv (Indent Receive Qty); no production record in Restroworks [first pass 1-8 Oct; target window 24 Sep-8 Oct]
