store,batch_item,period,made_qty,issued_qty,unit,source
Central Kitchen - Delhi,Benne Dosa Batter (Pack Size -3 Kg ),2026-09-24 to 2026-10-08,1803.0,1723.8,Kg,"ck_production_intermediate_delhi_24Sep-08Oct2026.csv (Production Qty); ck_indent_delhi_24Sep-08Oct2026.csv (CK indent dispatch, all stores) [24 Sep-8 Oct]"
Central Kitchen - Delhi,Boiled & Mashed Potato (1Pkt = 3Kg),2026-09-24 to 2026-10-08,2085.0,2095.5,Kg,"ck_production_intermediate_delhi_24Sep-08Oct2026.csv (Production Qty); ck_indent_delhi_24Sep-08Oct2026.csv (CK indent dispatch, all stores) [24 Sep-8 Oct]"
Central Kitchen - Delhi,Boondi,2026-09-24 to 2026-10-08,13.02,14.5,Kg,"ck_production_intermediate_delhi_24Sep-08Oct2026.csv (Production Qty); ck_indent_delhi_24Sep-08Oct2026.csv (CK indent dispatch, all stores) [24 Sep-8 Oct]"
Central Kitchen - Delhi,Chaat Masala Bucket,2026-09-24 to 2026-10-08,11.0,8.1,Kg,"ck_production_intermediate_delhi_24Sep-08Oct2026.csv (Production Qty); ck_indent_delhi_24Sep-08Oct2026.csv (CK indent dispatch, all stores) [24 Sep-8 Oct]"
Central Kitchen - Delhi,Coconut Shredded,2026-09-24 to 2026-10-08,840.0,755.5,Kg,"ck_production_intermediate_delhi_24Sep-08Oct2026.csv (Production Qty); ck_indent_delhi_24Sep-08Oct2026.csv (CK indent dispatch, all stores) [24 Sep-8 Oct]"
Central Kitchen - Delhi,Dahi Bucket Mix (1pkt =105gm),2026-09-24 to 2026-10-08,31500.0,24470.775,gm,"ck_production_intermediate_delhi_24Sep-08Oct2026.csv (Production Qty); ck_indent_delhi_24Sep-08Oct2026.csv (CK indent dispatch, all stores) [24 Sep-8 Oct]"
Central Kitchen - Delhi,Dosa Batter Mix,2026-09-24 to 2026-10-08,4625.0,4450.0,Kg,"ck_production_intermediate_delhi_24Sep-08Oct2026.csv (Production Qty); ck_indent_delhi_24Sep-08Oct2026.csv (CK indent dispatch, all stores) [24 Sep-8 Oct]"
Central Kitchen - Delhi,Frozen Medu Vada (10pc),2026-09-24 to 2026-10-08,225.0,145.0,Pc,"ck_production_intermediate_delhi_24Sep-08Oct2026.csv (Production Qty); ck_indent_delhi_24Sep-08Oct2026.csv (CK indent dispatch, all stores) [24 Sep-8 Oct]"
Central Kitchen - Delhi,Garam Masala Powder Bucket,2026-09-24 to 2026-10-08,,0.5,Kg,"ck_production_intermediate_delhi_24Sep-08Oct2026.csv (Production Qty); ck_indent_delhi_24Sep-08Oct2026.csv (CK indent dispatch, all stores) [24 Sep-8 Oct]"
Central Kitchen - Delhi,Garlic Chutney Bucket,2026-09-24 to 2026-10-08,163.0,161.0,Kg,"ck_production_intermediate_delhi_24Sep-08Oct2026.csv (Production Qty); ck_indent_delhi_24Sep-08Oct2026.csv (CK indent dispatch, all stores) [24 Sep-8 Oct]"
Central Kitchen - Delhi,Gravy Bucket,2026-09-24 to 2026-10-08,149.0,,Kg,ck_production_intermediate_delhi_24Sep-08Oct2026.csv (Production Qty); Stock Out Qty from same report [24 Sep-8 Oct]
Central Kitchen - Delhi,Idli Batter,2026-09-24 to 2026-10-08,887.0,264.0,Kg,"ck_production_intermediate_delhi_24Sep-08Oct2026.csv (Production Qty); ck_indent_delhi_24Sep-08Oct2026.csv (CK indent dispatch, all stores) [24 Sep-8 Oct]"
Central Kitchen - Delhi,Idli Pc Raw (1 Pkt =40pc),2026-09-24 to 2026-10-08,11340.0,11590.0,Pc,"ck_production_intermediate_delhi_24Sep-08Oct2026.csv (Production Qty); ck_indent_delhi_24Sep-08Oct2026.csv (CK indent dispatch, all stores) [24 Sep-8 Oct]"
Central Kitchen - Delhi,Imli Water,2026-09-24 to 2026-10-08,398.0,133.5,Ltr,"ck_production_intermediate_delhi_24Sep-08Oct2026.csv (Production Qty); ck_indent_delhi_24Sep-08Oct2026.csv (CK indent dispatch, all stores) [24 Sep-8 Oct]"
Central Kitchen - Delhi,Jain Potato Masala Bucket,2026-09-24 to 2026-10-08,50.0,56.1,Kg,"ck_production_intermediate_delhi_24Sep-08Oct2026.csv (Production Qty); ck_indent_delhi_24Sep-08Oct2026.csv (CK indent dispatch, all stores) [24 Sep-8 Oct]"
Central Kitchen - Delhi,Jain Sambar - Delhi,2026-09-24 to 2026-10-08,378.0,386.0,Ltr,"ck_production_intermediate_delhi_24Sep-08Oct2026.csv (Production Qty); ck_indent_delhi_24Sep-08Oct2026.csv (CK indent dispatch, all stores) [24 Sep-8 Oct]"
Central Kitchen - Delhi,Karam Podi Powder Bucket,2026-09-24 to 2026-10-08,51.0,25.0,Kg,"ck_production_intermediate_delhi_24Sep-08Oct2026.csv (Production Qty); ck_indent_delhi_24Sep-08Oct2026.csv (CK indent dispatch, all stores) [24 Sep-8 Oct]"
Central Kitchen - Delhi,Kesari Halwa Mix  (1pkt = 550gm),2026-09-24 to 2026-10-08,87.5,70.885,Kg,"ck_production_intermediate_delhi_24Sep-08Oct2026.csv (Production Qty); ck_indent_delhi_24Sep-08Oct2026.csv (CK indent dispatch, all stores) [24 Sep-8 Oct]"
Central Kitchen - Delhi,Korma Gravy Mix (1pkt=700gm),2026-09-24 to 2026-10-08,265.9,273.7,Kg,"ck_production_intermediate_delhi_24Sep-08Oct2026.csv (Production Qty); ck_indent_delhi_24Sep-08Oct2026.csv (CK indent dispatch, all stores) [24 Sep-8 Oct]"
Central Kitchen - Delhi,Lemon Rice Bucket,2026-09-24 to 2026-10-08,91.0,96.21,Kg,"ck_production_intermediate_delhi_24Sep-08Oct2026.csv (Production Qty); ck_indent_delhi_24Sep-08Oct2026.csv (CK indent dispatch, all stores) [24 Sep-8 Oct]"
Central Kitchen - Delhi,Malabar Paratha  (1pkt= 6Pcs),2026-09-24 to 2026-10-08,110.0,110.0,Pc,"ck_production_intermediate_delhi_24Sep-08Oct2026.csv (Production Qty); ck_indent_delhi_24Sep-08Oct2026.csv (CK indent dispatch, all stores) [24 Sep-8 Oct]"
Central Kitchen - Delhi,Malabar Paratha Dough,2026-09-24 to 2026-10-08,2436.0,2345.0,Pc,"ck_production_intermediate_delhi_24Sep-08Oct2026.csv (Production Qty); ck_indent_delhi_24Sep-08Oct2026.csv (CK indent dispatch, all stores) [24 Sep-8 Oct]"
Central Kitchen - Delhi,Malkapodi Bucket,2026-09-24 to 2026-10-08,49.0,40.5,Kg,"ck_production_intermediate_delhi_24Sep-08Oct2026.csv (Production Qty); ck_indent_delhi_24Sep-08Oct2026.csv (CK indent dispatch, all stores) [24 Sep-8 Oct]"
Central Kitchen - Delhi,Medu Vada Batter,2026-09-24 to 2026-10-08,391.0,185.0,Kg,"ck_production_intermediate_delhi_24Sep-08Oct2026.csv (Production Qty); ck_indent_delhi_24Sep-08Oct2026.csv (CK indent dispatch, all stores) [24 Sep-8 Oct]"
Central Kitchen - Delhi,Medu Vada Batter Mix,2026-09-24 to 2026-10-08,215.0,215.0,Kg,"ck_production_intermediate_delhi_24Sep-08Oct2026.csv (Production Qty); ck_indent_delhi_24Sep-08Oct2026.csv (CK indent dispatch, all stores) [24 Sep-8 Oct]"
Central Kitchen - Delhi,Medu Vada Batter Powder Mix (1 Pkt = 23gm),2026-09-24 to 2026-10-08,7.8,7.361,Kg,"ck_production_intermediate_delhi_24Sep-08Oct2026.csv (Production Qty); ck_indent_delhi_24Sep-08Oct2026.csv (CK indent dispatch, all stores) [24 Sep-8 Oct]"
Central Kitchen - Delhi,Mysore Chutney Bucket,2026-09-24 to 2026-10-08,154.0,158.36,Kg,"ck_production_intermediate_delhi_24Sep-08Oct2026.csv (Production Qty); ck_indent_delhi_24Sep-08Oct2026.csv (CK indent dispatch, all stores) [24 Sep-8 Oct]"
Central Kitchen - Delhi,New Bangalore Benne Batter (Pack Size -4 Kg ),2026-09-24 to 2026-10-08,160.0,125.6,Kg,"ck_production_intermediate_delhi_24Sep-08Oct2026.csv (Production Qty); ck_indent_delhi_24Sep-08Oct2026.csv (CK indent dispatch, all stores) [24 Sep-8 Oct]"
Central Kitchen - Delhi,Palkova (Dessert),2026-09-24 to 2026-10-08,68.7,,Kg,ck_production_intermediate_delhi_24Sep-08Oct2026.csv (Production Qty); Stock Out Qty from same report [24 Sep-8 Oct]
Central Kitchen - Delhi,Potato Masala Bucket,2026-09-24 to 2026-10-08,30.0,25.0,Kg,"ck_production_intermediate_delhi_24Sep-08Oct2026.csv (Production Qty); ck_indent_delhi_24Sep-08Oct2026.csv (CK indent dispatch, all stores) [24 Sep-8 Oct]"
Central Kitchen - Delhi,Potato Masala Mix (1Pkt = 90Gm),2026-09-24 to 2026-10-08,600.0,569.0,Pkt,"ck_production_intermediate_delhi_24Sep-08Oct2026.csv (Production Qty); ck_indent_delhi_24Sep-08Oct2026.csv (CK indent dispatch, all stores) [24 Sep-8 Oct]"
Central Kitchen - Delhi,Rasam Chhoke Pre-Mix (2 Mix -6gm + 42gm)= 48gm,2026-09-24 to 2026-10-08,7.5,7.507,Kg,"ck_production_intermediate_delhi_24Sep-08Oct2026.csv (Production Qty); ck_indent_delhi_24Sep-08Oct2026.csv (CK indent dispatch, all stores) [24 Sep-8 Oct]"
Central Kitchen - Delhi,Rasam Mix (1Pkt =15 gm),2026-09-24 to 2026-10-08,5.0,2.61,Kg,"ck_production_intermediate_delhi_24Sep-08Oct2026.csv (Production Qty); ck_indent_delhi_24Sep-08Oct2026.csv (CK indent dispatch, all stores) [24 Sep-8 Oct]"
Central Kitchen - Delhi,Rava Powder Mix,2026-09-24 to 2026-10-08,62.0,77.5,Kg,"ck_production_intermediate_delhi_24Sep-08Oct2026.csv (Production Qty); ck_indent_delhi_24Sep-08Oct2026.csv (CK indent dispatch, all stores) [24 Sep-8 Oct]"
Central Kitchen - Delhi,Raw Mango Pickle Bucket,2026-09-24 to 2026-10-08,10.5,9.75,Kg,"ck_production_intermediate_delhi_24Sep-08Oct2026.csv (Production Qty); ck_indent_delhi_24Sep-08Oct2026.csv (CK indent dispatch, all stores) [24 Sep-8 Oct]"
Central Kitchen - Delhi,Raw mango Powder Mix (1 Pkt = 13gm),2026-09-24 to 2026-10-08,1.62,1.995,Kg,"ck_production_intermediate_delhi_24Sep-08Oct2026.csv (Production Qty); ck_indent_delhi_24Sep-08Oct2026.csv (CK indent dispatch, all stores) [24 Sep-8 Oct]"
Central Kitchen - Delhi,Sambar Bucket - Delhi,2026-09-24 to 2026-10-08,8049.0,8206.0,Ltr,"ck_production_intermediate_delhi_24Sep-08Oct2026.csv (Production Qty); ck_indent_delhi_24Sep-08Oct2026.csv (CK indent dispatch, all stores) [24 Sep-8 Oct]"
Central Kitchen - Delhi,Sambar Masala Bucket,2026-09-24 to 2026-10-08,1675.0,,Kg,ck_production_intermediate_delhi_24Sep-08Oct2026.csv (Production Qty); Stock Out Qty from same report [24 Sep-8 Oct]
Central Kitchen - Delhi,Special Daal Bucket,2026-09-24 to 2026-10-08,32.0,41.0,Kg,"ck_production_intermediate_delhi_24Sep-08Oct2026.csv (Production Qty); ck_indent_delhi_24Sep-08Oct2026.csv (CK indent dispatch, all stores) [24 Sep-8 Oct]"
Central Kitchen - Delhi,Special White Coconut Chutney Bucket,2026-09-24 to 2026-10-08,10.0,10.0,Kg,"ck_production_intermediate_delhi_24Sep-08Oct2026.csv (Production Qty); ck_indent_delhi_24Sep-08Oct2026.csv (CK indent dispatch, all stores) [24 Sep-8 Oct]"
Central Kitchen - Delhi,Spicy Coconut Chutney Bucket,2026-09-24 to 2026-10-08,6.3,9.3,Kg,"ck_production_intermediate_delhi_24Sep-08Oct2026.csv (Production Qty); ck_indent_delhi_24Sep-08Oct2026.csv (CK indent dispatch, all stores) [24 Sep-8 Oct]"
Central Kitchen - Delhi,Srivilli Kheer (1 Pc),2026-09-24 to 2026-10-08,687.0,680.0,Pc,"ck_production_intermediate_delhi_24Sep-08Oct2026.csv (Production Qty); ck_indent_delhi_24Sep-08Oct2026.csv (CK indent dispatch, all stores) [24 Sep-8 Oct]"
Central Kitchen - Delhi,Steam Rice Bucket,2026-09-24 to 2026-10-08,248.0,224.7,Kg,"ck_production_intermediate_delhi_24Sep-08Oct2026.csv (Production Qty); ck_indent_delhi_24Sep-08Oct2026.csv (CK indent dispatch, all stores) [24 Sep-8 Oct]"
Central Kitchen - Delhi,Thatte Idli Batter,2026-09-24 to 2026-10-08,402.0,192.0,Kg,"ck_production_intermediate_delhi_24Sep-08Oct2026.csv (Production Qty); ck_indent_delhi_24Sep-08Oct2026.csv (CK indent dispatch, all stores) [24 Sep-8 Oct]"
Central Kitchen - Delhi,Thatte Idli Pc Raw,2026-09-24 to 2026-10-08,2146.0,2176.0,Pc,"ck_production_intermediate_delhi_24Sep-08Oct2026.csv (Production Qty); ck_indent_delhi_24Sep-08Oct2026.csv (CK indent dispatch, all stores) [24 Sep-8 Oct]"
Central Kitchen - Delhi,Thindi Malkapodi Powder Bucket,2026-09-24 to 2026-10-08,18.5,35.0,Kg,"ck_production_intermediate_delhi_24Sep-08Oct2026.csv (Production Qty); ck_indent_delhi_24Sep-08Oct2026.csv (CK indent dispatch, all stores) [24 Sep-8 Oct]"
Central Kitchen - Delhi,Tomato Onion Powder Mix (1 Pkt = 24gm),2026-09-24 to 2026-10-08,64.889,59.664,Kg,"ck_production_intermediate_delhi_24Sep-08Oct2026.csv (Production Qty); ck_indent_delhi_24Sep-08Oct2026.csv (CK indent dispatch, all stores) [24 Sep-8 Oct]"
Central Kitchen - Delhi,Upma Mix (1pkt = 300gm),2026-09-24 to 2026-10-08,31.3,25.8,Kg,"ck_production_intermediate_delhi_24Sep-08Oct2026.csv (Production Qty); ck_indent_delhi_24Sep-08Oct2026.csv (CK indent dispatch, all stores) [24 Sep-8 Oct]"
Central Kitchen - Kolkata,Benne Dosa Batter (Pack Size -3 Kg ),2026-09-24 to 2026-10-08,1224.117,1194.116,Kg,"ck_production_intermediate_kolkata_24Sep-08Oct2026.csv (Production Qty); ck_indent_kolkata_24Sep-08Oct2026.csv (CK indent dispatch, all stores) [24 Sep-8 Oct]"
Central Kitchen - Kolkata,Boiled & Mashed Potato (1Pkt = 3Kg),2026-09-24 to 2026-10-08,818.906,816.0,Kg,"ck_production_intermediate_kolkata_24Sep-08Oct2026.csv (Production Qty); ck_indent_kolkata_24Sep-08Oct2026.csv (CK indent dispatch, all stores) [24 Sep-8 Oct]"
Central Kitchen - Kolkata,Chaat Masala Bucket,2026-09-24 to 2026-10-08,,5.3,Kg,"ck_production_intermediate_kolkata_24Sep-08Oct2026.csv (Production Qty); ck_indent_kolkata_24Sep-08Oct2026.csv (CK indent dispatch, all stores) [24 Sep-8 Oct]"
Central Kitchen - Kolkata,Coconut Shredded,2026-09-24 to 2026-10-08,1358.235,1310.9,Kg,"ck_production_intermediate_kolkata_24Sep-08Oct2026.csv (Production Qty); ck_indent_kolkata_24Sep-08Oct2026.csv (CK indent dispatch, all stores) [24 Sep-8 Oct]"
Central Kitchen - Kolkata,Dadu`s Special Spicy Chutney,2026-09-24 to 2026-10-08,2.0,2.0,Kg,"ck_production_intermediate_kolkata_24Sep-08Oct2026.csv (Production Qty); ck_indent_kolkata_24Sep-08Oct2026.csv (CK indent dispatch, all stores) [24 Sep-8 Oct]"
Central Kitchen - Kolkata,Dahi Bucket,2026-09-24 to 2026-10-08,,,Kg,ck_production_intermediate_kolkata_24Sep-08Oct2026.csv (Production Qty); Stock Out Qty from same report [24 Sep-8 Oct]
Central Kitchen - Kolkata,Dahi Bucket Mix (1pkt =105gm),2026-09-24 to 2026-10-08,37.6,39.795,Kg,"ck_production_intermediate_kolkata_24Sep-08Oct2026.csv (Production Qty); ck_indent_kolkata_24Sep-08Oct2026.csv (CK indent dispatch, all stores) [24 Sep-8 Oct]"
Central Kitchen - Kolkata,Dosa Batter Mix,2026-09-24 to 2026-10-08,4764.84,4741.492,Kg,"ck_production_intermediate_kolkata_24Sep-08Oct2026.csv (Production Qty); ck_indent_kolkata_24Sep-08Oct2026.csv (CK indent dispatch, all stores) [24 Sep-8 Oct]"
Central Kitchen - Kolkata,Filter Coffee Decoction,2026-09-24 to 2026-10-08,3.601,,Ltr,ck_production_intermediate_kolkata_24Sep-08Oct2026.csv (Production Qty); Stock Out Qty from same report [24 Sep-8 Oct]
Central Kitchen - Kolkata,Filter Coffee Ice Cream (700gm= 1 Bucket),2026-09-24 to 2026-10-08,40.6,42.0,Kg,"ck_production_intermediate_kolkata_24Sep-08Oct2026.csv (Production Qty); ck_indent_kolkata_24Sep-08Oct2026.csv (CK indent dispatch, all stores) [24 Sep-8 Oct]"
Central Kitchen - Kolkata,Frozen Medu Vada (10pc),2026-09-24 to 2026-10-08,134.3,110.0,Pc,"ck_production_intermediate_kolkata_24Sep-08Oct2026.csv (Production Qty); ck_indent_kolkata_24Sep-08Oct2026.csv (CK indent dispatch, all stores) [24 Sep-8 Oct]"
Central Kitchen - Kolkata,Garam Masala Powder Bucket,2026-09-24 to 2026-10-08,,0.1,Kg,"ck_production_intermediate_kolkata_24Sep-08Oct2026.csv (Production Qty); ck_indent_kolkata_24Sep-08Oct2026.csv (CK indent dispatch, all stores) [24 Sep-8 Oct]"
Central Kitchen - Kolkata,Garlic Chutney Bucket,2026-09-24 to 2026-10-08,161.1,160.2,Kg,"ck_production_intermediate_kolkata_24Sep-08Oct2026.csv (Production Qty); ck_indent_kolkata_24Sep-08Oct2026.csv (CK indent dispatch, all stores) [24 Sep-8 Oct]"
Central Kitchen - Kolkata,Gravy Bucket,2026-09-24 to 2026-10-08,104.7,,Kg,ck_production_intermediate_kolkata_24Sep-08Oct2026.csv (Production Qty); Stock Out Qty from same report [24 Sep-8 Oct]
Central Kitchen - Kolkata,Idli Batter,2026-09-24 to 2026-10-08,1213.705,,Kg,ck_production_intermediate_kolkata_24Sep-08Oct2026.csv (Production Qty); Stock Out Qty from same report [24 Sep-8 Oct]
Central Kitchen - Kolkata,Idli Pc Raw (1 Pkt =40pc),2026-09-24 to 2026-10-08,23210.0,22960.0,Pc,"ck_production_intermediate_kolkata_24Sep-08Oct2026.csv (Production Qty); ck_indent_kolkata_24Sep-08Oct2026.csv (CK indent dispatch, all stores) [24 Sep-8 Oct]"
Central Kitchen - Kolkata,Imli Water,2026-09-24 to 2026-10-08,375.0,37.2,Ltr,"ck_production_intermediate_kolkata_24Sep-08Oct2026.csv (Production Qty); ck_indent_kolkata_24Sep-08Oct2026.csv (CK indent dispatch, all stores) [24 Sep-8 Oct]"
Central Kitchen - Kolkata,Jain Potato Masala Bucket,2026-09-24 to 2026-10-08,15.5,15.2,Kg,"ck_production_intermediate_kolkata_24Sep-08Oct2026.csv (Production Qty); ck_indent_kolkata_24Sep-08Oct2026.csv (CK indent dispatch, all stores) [24 Sep-8 Oct]"
Central Kitchen - Kolkata,Jain Sambar Bucket,2026-09-24 to 2026-10-08,2723.5,2594.0,Ltr,"ck_production_intermediate_kolkata_24Sep-08Oct2026.csv (Production Qty); ck_indent_kolkata_24Sep-08Oct2026.csv (CK indent dispatch, all stores) [24 Sep-8 Oct]"
Central Kitchen - Kolkata,Karam Podi Powder Bucket,2026-09-24 to 2026-10-08,,11.0,Kg,"ck_production_intermediate_kolkata_24Sep-08Oct2026.csv (Production Qty); ck_indent_kolkata_24Sep-08Oct2026.csv (CK indent dispatch, all stores) [24 Sep-8 Oct]"
Central Kitchen - Kolkata,Kesari Halwa Mix  (1pkt = 550gm),2026-09-24 to 2026-10-08,,94.6,Kg,"ck_production_intermediate_kolkata_24Sep-08Oct2026.csv (Production Qty); ck_indent_kolkata_24Sep-08Oct2026.csv (CK indent dispatch, all stores) [24 Sep-8 Oct]"
Central Kitchen - Kolkata,Korma Gravy Mix (1pkt=700gm),2026-09-24 to 2026-10-08,209.547,204.57,Kg,"ck_production_intermediate_kolkata_24Sep-08Oct2026.csv (Production Qty); ck_indent_kolkata_24Sep-08Oct2026.csv (CK indent dispatch, all stores) [24 Sep-8 Oct]"
Central Kitchen - Kolkata,Lemon Rice Bucket,2026-09-24 to 2026-10-08,56.95,49.0,Kg,"ck_production_intermediate_kolkata_24Sep-08Oct2026.csv (Production Qty); ck_indent_kolkata_24Sep-08Oct2026.csv (CK indent dispatch, all stores) [24 Sep-8 Oct]"
Central Kitchen - Kolkata,Malabar Paratha  (1pkt= 6Pcs),2026-09-24 to 2026-10-08,737.0,810.0,Pc,"ck_production_intermediate_kolkata_24Sep-08Oct2026.csv (Production Qty); ck_indent_kolkata_24Sep-08Oct2026.csv (CK indent dispatch, all stores) [24 Sep-8 Oct]"
Central Kitchen - Kolkata,Malabar Paratha Dough,2026-09-24 to 2026-10-08,2754.0,1872.0,Pc,"ck_production_intermediate_kolkata_24Sep-08Oct2026.csv (Production Qty); ck_indent_kolkata_24Sep-08Oct2026.csv (CK indent dispatch, all stores) [24 Sep-8 Oct]"
Central Kitchen - Kolkata,Malkapodi Bucket,2026-09-24 to 2026-10-08,96.6,29.39,Kg,"ck_production_intermediate_kolkata_24Sep-08Oct2026.csv (Production Qty); ck_indent_kolkata_24Sep-08Oct2026.csv (CK indent dispatch, all stores) [24 Sep-8 Oct]"
Central Kitchen - Kolkata,Medu Vada Batter,2026-09-24 to 2026-10-08,345.551,353.0,Kg,"ck_production_intermediate_kolkata_24Sep-08Oct2026.csv (Production Qty); ck_indent_kolkata_24Sep-08Oct2026.csv (CK indent dispatch, all stores) [24 Sep-8 Oct]"
Central Kitchen - Kolkata,Medu Vada Batter Mix,2026-09-24 to 2026-10-08,10.67,4.0,Kg,"ck_production_intermediate_kolkata_24Sep-08Oct2026.csv (Production Qty); ck_indent_kolkata_24Sep-08Oct2026.csv (CK indent dispatch, all stores) [24 Sep-8 Oct]"
Central Kitchen - Kolkata,Medu Vada Batter Powder Mix (1 Pkt = 23gm),2026-09-24 to 2026-10-08,8.218,13.505,Kg,"ck_production_intermediate_kolkata_24Sep-08Oct2026.csv (Production Qty); ck_indent_kolkata_24Sep-08Oct2026.csv (CK indent dispatch, all stores) [24 Sep-8 Oct]"
Central Kitchen - Kolkata,Mysore Chutney Bucket,2026-09-24 to 2026-10-08,110.4,96.3,Kg,"ck_production_intermediate_kolkata_24Sep-08Oct2026.csv (Production Qty); ck_indent_kolkata_24Sep-08Oct2026.csv (CK indent dispatch, all stores) [24 Sep-8 Oct]"
Central Kitchen - Kolkata,New Bangalore Benne Batter (Pack Size -4 Kg ),2026-09-24 to 2026-10-08,,,Kg,ck_production_intermediate_kolkata_24Sep-08Oct2026.csv (Production Qty); Stock Out Qty from same report [24 Sep-8 Oct]
Central Kitchen - Kolkata,Palkova (Dessert),2026-09-24 to 2026-10-08,100.5,,Kg,ck_production_intermediate_kolkata_24Sep-08Oct2026.csv (Production Qty); Stock Out Qty from same report [24 Sep-8 Oct]
Central Kitchen - Kolkata,Potato Masala Mix (1Pkt = 90Gm),2026-09-24 to 2026-10-08,560.0,783.0,Pkt,"ck_production_intermediate_kolkata_24Sep-08Oct2026.csv (Production Qty); ck_indent_kolkata_24Sep-08Oct2026.csv (CK indent dispatch, all stores) [24 Sep-8 Oct]"
Central Kitchen - Kolkata,Rasam Chhoke Pre-Mix (2 Mix -6gm + 42gm)= 48gm,2026-09-24 to 2026-10-08,2.28,3.834,Kg,"ck_production_intermediate_kolkata_24Sep-08Oct2026.csv (Production Qty); ck_indent_kolkata_24Sep-08Oct2026.csv (CK indent dispatch, all stores) [24 Sep-8 Oct]"
Central Kitchen - Kolkata,Rasam Mix (1Pkt =15 gm),2026-09-24 to 2026-10-08,1.05,1.05,Kg,"ck_production_intermediate_kolkata_24Sep-08Oct2026.csv (Production Qty); ck_indent_kolkata_24Sep-08Oct2026.csv (CK indent dispatch, all stores) [24 Sep-8 Oct]"
Central Kitchen - Kolkata,Rava Powder Mix,2026-09-24 to 2026-10-08,79.0,102.0,Kg,"ck_production_intermediate_kolkata_24Sep-08Oct2026.csv (Production Qty); ck_indent_kolkata_24Sep-08Oct2026.csv (CK indent dispatch, all stores) [24 Sep-8 Oct]"
Central Kitchen - Kolkata,Raw Mango Chutney Bucket,2026-09-24 to 2026-10-08,1.9,1.9,Kg,"ck_production_intermediate_kolkata_24Sep-08Oct2026.csv (Production Qty); ck_indent_kolkata_24Sep-08Oct2026.csv (CK indent dispatch, all stores) [24 Sep-8 Oct]"
Central Kitchen - Kolkata,Raw Mango Pickle Bucket,2026-09-24 to 2026-10-08,8.6,5.5,Kg,"ck_production_intermediate_kolkata_24Sep-08Oct2026.csv (Production Qty); ck_indent_kolkata_24Sep-08Oct2026.csv (CK indent dispatch, all stores) [24 Sep-8 Oct]"
Central Kitchen - Kolkata,Raw mango Powder Mix (1 Pkt = 13gm),2026-09-24 to 2026-10-08,3.0,3.679,Kg,"ck_production_intermediate_kolkata_24Sep-08Oct2026.csv (Production Qty); ck_indent_kolkata_24Sep-08Oct2026.csv (CK indent dispatch, all stores) [24 Sep-8 Oct]"
Central Kitchen - Kolkata,Sambar Bucket,2026-09-24 to 2026-10-08,7206.0,6875.0,Ltr,"ck_production_intermediate_kolkata_24Sep-08Oct2026.csv (Production Qty); ck_indent_kolkata_24Sep-08Oct2026.csv (CK indent dispatch, all stores) [24 Sep-8 Oct]"
Central Kitchen - Kolkata,Sambar Masala Bucket,2026-09-24 to 2026-10-08,1287.5,,Kg,ck_production_intermediate_kolkata_24Sep-08Oct2026.csv (Production Qty); Stock Out Qty from same report [24 Sep-8 Oct]
Central Kitchen - Kolkata,Special Daal Bucket,2026-09-24 to 2026-10-08,62.7,72.0,Kg,"ck_production_intermediate_kolkata_24Sep-08Oct2026.csv (Production Qty); ck_indent_kolkata_24Sep-08Oct2026.csv (CK indent dispatch, all stores) [24 Sep-8 Oct]"
Central Kitchen - Kolkata,Special White Coconut Chutney Bucket,2026-09-24 to 2026-10-08,20.7,17.1,Kg,"ck_production_intermediate_kolkata_24Sep-08Oct2026.csv (Production Qty); ck_indent_kolkata_24Sep-08Oct2026.csv (CK indent dispatch, all stores) [24 Sep-8 Oct]"
Central Kitchen - Kolkata,Srivilli Kheer (1 Pc),2026-09-24 to 2026-10-08,1005.0,985.0,Pc,"ck_production_intermediate_kolkata_24Sep-08Oct2026.csv (Production Qty); ck_indent_kolkata_24Sep-08Oct2026.csv (CK indent dispatch, all stores) [24 Sep-8 Oct]"
Central Kitchen - Kolkata,Steam Rice Bucket,2026-09-24 to 2026-10-08,140.987,122.0,Kg,"ck_production_intermediate_kolkata_24Sep-08Oct2026.csv (Production Qty); ck_indent_kolkata_24Sep-08Oct2026.csv (CK indent dispatch, all stores) [24 Sep-8 Oct]"
Central Kitchen - Kolkata,Thatte Idli Batter,2026-09-24 to 2026-10-08,301.1,129.8,Kg,"ck_production_intermediate_kolkata_24Sep-08Oct2026.csv (Production Qty); ck_indent_kolkata_24Sep-08Oct2026.csv (CK indent dispatch, all stores) [24 Sep-8 Oct]"
Central Kitchen - Kolkata,Thatte Idli Pc Raw,2026-09-24 to 2026-10-08,1720.0,1691.0,Pc,"ck_production_intermediate_kolkata_24Sep-08Oct2026.csv (Production Qty); ck_indent_kolkata_24Sep-08Oct2026.csv (CK indent dispatch, all stores) [24 Sep-8 Oct]"
Central Kitchen - Kolkata,Thindi Malkapodi Powder Bucket,2026-09-24 to 2026-10-08,,31.0,Kg,"ck_production_intermediate_kolkata_24Sep-08Oct2026.csv (Production Qty); ck_indent_kolkata_24Sep-08Oct2026.csv (CK indent dispatch, all stores) [24 Sep-8 Oct]"
Central Kitchen - Kolkata,Tomato Onion Chutney Bucket,2026-09-24 to 2026-10-08,4.613,2.1,Kg,"ck_production_intermediate_kolkata_24Sep-08Oct2026.csv (Production Qty); ck_indent_kolkata_24Sep-08Oct2026.csv (CK indent dispatch, all stores) [24 Sep-8 Oct]"
Central Kitchen - Kolkata,Tomato Onion Powder Mix (1 Pkt = 24gm),2026-09-24 to 2026-10-08,6.07,7.272,Kg,"ck_production_intermediate_kolkata_24Sep-08Oct2026.csv (Production Qty); ck_indent_kolkata_24Sep-08Oct2026.csv (CK indent dispatch, all stores) [24 Sep-8 Oct]"
Central Kitchen - Kolkata,Upma Mix (1pkt = 300gm),2026-09-24 to 2026-10-08,,45.6,Kg,"ck_production_intermediate_kolkata_24Sep-08Oct2026.csv (Production Qty); ck_indent_kolkata_24Sep-08Oct2026.csv (CK indent dispatch, all stores) [24 Sep-8 Oct]"
Connaught Place,Benne Dosa Batter (Pack Size -3 Kg ),2026-09-24 to 2026-10-08,,431.5,Kg,"ck_indent_delhi_24Sep-08Oct2026.csv (CK indent dispatch, net of returns); made_qty is CK-level (see Central Kitchen rows), not per store [24 Sep-8 Oct]"
Connaught Place,Boiled & Mashed Potato (1Pkt = 3Kg),2026-09-24 to 2026-10-08,,297.0,Kg,"ck_indent_delhi_24Sep-08Oct2026.csv (CK indent dispatch, net of returns); made_qty is CK-level (see Central Kitchen rows), not per store [24 Sep-8 Oct]"
Connaught Place,Boondi,2026-09-24 to 2026-10-08,,1.75,Kg,"ck_indent_delhi_24Sep-08Oct2026.csv (CK indent dispatch, net of returns); made_qty is CK-level (see Central Kitchen rows), not per store [24 Sep-8 Oct]"
Connaught Place,Chaat Masala Bucket,2026-09-24 to 2026-10-08,,1.3,Kg,"ck_indent_delhi_24Sep-08Oct2026.csv (CK indent dispatch, net of returns); made_qty is CK-level (see Central Kitchen rows), not per store [24 Sep-8 Oct]"
Connaught Place,Coconut Shredded,2026-09-24 to 2026-10-08,,123.0,Kg,"ck_indent_delhi_24Sep-08Oct2026.csv (CK indent dispatch, net of returns); made_qty is CK-level (see Central Kitchen rows), not per store [24 Sep-8 Oct]"
Connaught Place,Dahi Bucket Mix (1pkt =105gm),2026-09-24 to 2026-10-08,,4935.0,gm,"ck_indent_delhi_24Sep-08Oct2026.csv (CK indent dispatch, net of returns); made_qty is CK-level (see Central Kitchen rows), not per store [24 Sep-8 Oct]"
Connaught Place,Dosa Batter Mix,2026-09-24 to 2026-10-08,,625.0,Kg,"ck_indent_delhi_24Sep-08Oct2026.csv (CK indent dispatch, net of returns); made_qty is CK-level (see Central Kitchen rows), not per store [24 Sep-8 Oct]"
Connaught Place,Frozen Medu Vada (10pc),2026-09-24 to 2026-10-08,,44.0,Pc,"entp_consumption_east_north_24Sep-08Oct2026.csv (Indent Receive Qty); made_qty is CK-level (see Central Kitchen rows), not per store [24 Sep-8 Oct]"
Connaught Place,Garam Masala Powder Bucket,2026-09-24 to 2026-10-08,,,Kg,"entp_consumption_east_north_24Sep-08Oct2026.csv (Indent Receive Qty); made_qty is CK-level (see Central Kitchen rows), not per store [24 Sep-8 Oct]"
Connaught Place,Garlic Chutney Bucket,2026-09-24 to 2026-10-08,,29.5,Kg,"ck_indent_delhi_24Sep-08Oct2026.csv (CK indent dispatch, net of returns); made_qty is CK-level (see Central Kitchen rows), not per store [24 Sep-8 Oct]"
Connaught Place,Idli Batter,2026-09-24 to 2026-10-08,,107.0,Kg,"ck_indent_delhi_24Sep-08Oct2026.csv (CK indent dispatch, net of returns); made_qty is CK-level (see Central Kitchen rows), not per store [24 Sep-8 Oct]"
Connaught Place,Idli Pc Raw (1 Pkt =40pc),2026-09-24 to 2026-10-08,,1370.0,Pc,"entp_consumption_east_north_24Sep-08Oct2026.csv (Indent Receive Qty); made_qty is CK-level (see Central Kitchen rows), not per store [24 Sep-8 Oct]"
Connaught Place,Imli Water,2026-09-24 to 2026-10-08,,23.5,Ltr,"ck_indent_delhi_24Sep-08Oct2026.csv (CK indent dispatch, net of returns); made_qty is CK-level (see Central Kitchen rows), not per store [24 Sep-8 Oct]"
Connaught Place,Jain Sambar - Delhi,2026-09-24 to 2026-10-08,,44.0,Ltr,"ck_indent_delhi_24Sep-08Oct2026.csv (CK indent dispatch, net of returns); made_qty is CK-level (see Central Kitchen rows), not per store [24 Sep-8 Oct]"
Connaught Place,Jain Sambar Bucket,2026-09-24 to 2026-10-08,,,Ltr,"entp_consumption_east_north_24Sep-08Oct2026.csv (Indent Receive Qty); made_qty is CK-level (see Central Kitchen rows), not per store [24 Sep-8 Oct]"
Connaught Place,Karam Podi Powder Bucket,2026-09-24 to 2026-10-08,,4.5,Kg,"ck_indent_delhi_24Sep-08Oct2026.csv (CK indent dispatch, net of returns); made_qty is CK-level (see Central Kitchen rows), not per store [24 Sep-8 Oct]"
Connaught Place,Kesari Halwa Mix  (1pkt = 550gm),2026-09-24 to 2026-10-08,,15.4,Kg,"ck_indent_delhi_24Sep-08Oct2026.csv (CK indent dispatch, net of returns); made_qty is CK-level (see Central Kitchen rows), not per store [24 Sep-8 Oct]"
Connaught Place,Korma Gravy Mix (1pkt=700gm),2026-09-24 to 2026-10-08,,42.0,Kg,"ck_indent_delhi_24Sep-08Oct2026.csv (CK indent dispatch, net of returns); made_qty is CK-level (see Central Kitchen rows), not per store [24 Sep-8 Oct]"
Connaught Place,Lemon Rice Bucket,2026-09-24 to 2026-10-08,,15.5,Kg,"ck_indent_delhi_24Sep-08Oct2026.csv (CK indent dispatch, net of returns); made_qty is CK-level (see Central Kitchen rows), not per store [24 Sep-8 Oct]"
Connaught Place,Malabar Paratha  (1pkt= 6Pcs),2026-09-24 to 2026-10-08,,,Pc,"entp_consumption_east_north_24Sep-08Oct2026.csv (Indent Receive Qty); made_qty is CK-level (see Central Kitchen rows), not per store [24 Sep-8 Oct]"
Connaught Place,Malabar Paratha Dough,2026-09-24 to 2026-10-08,,386.0,Pc,"ck_indent_delhi_24Sep-08Oct2026.csv (CK indent dispatch, net of returns); made_qty is CK-level (see Central Kitchen rows), not per store [24 Sep-8 Oct]"
Connaught Place,Malkapodi Bucket,2026-09-24 to 2026-10-08,,6.0,Kg,"ck_indent_delhi_24Sep-08Oct2026.csv (CK indent dispatch, net of returns); made_qty is CK-level (see Central Kitchen rows), not per store [24 Sep-8 Oct]"
Connaught Place,Medu Vada Batter,2026-09-24 to 2026-10-08,,24.0,Kg,"ck_indent_delhi_24Sep-08Oct2026.csv (CK indent dispatch, net of returns); made_qty is CK-level (see Central Kitchen rows), not per store [24 Sep-8 Oct]"
Connaught Place,Medu Vada Batter Mix,2026-09-24 to 2026-10-08,,36.0,Kg,"ck_indent_delhi_24Sep-08Oct2026.csv (CK indent dispatch, net of returns); made_qty is CK-level (see Central Kitchen rows), not per store [24 Sep-8 Oct]"
Connaught Place,Medu Vada Batter Powder Mix (1 Pkt = 23gm),2026-09-24 to 2026-10-08,,0.782,Kg,"ck_indent_delhi_24Sep-08Oct2026.csv (CK indent dispatch, net of returns); made_qty is CK-level (see Central Kitchen rows), not per store [24 Sep-8 Oct]"
Connaught Place,Mysore Chutney Bucket,2026-09-24 to 2026-10-08,,31.5,Kg,"ck_indent_delhi_24Sep-08Oct2026.csv (CK indent dispatch, net of returns); made_qty is CK-level (see Central Kitchen rows), not per store [24 Sep-8 Oct]"
Connaught Place,Potato Masala Bucket,2026-09-24 to 2026-10-08,,15.0,Kg,"ck_indent_delhi_24Sep-08Oct2026.csv (CK indent dispatch, net of returns); made_qty is CK-level (see Central Kitchen rows), not per store [24 Sep-8 Oct]"
Connaught Place,Potato Masala Mix (1Pkt = 90Gm),2026-09-24 to 2026-10-08,,75.0,Pkt,"ck_indent_delhi_24Sep-08Oct2026.csv (CK indent dispatch, net of returns); made_qty is CK-level (see Central Kitchen rows), not per store [24 Sep-8 Oct]"
Connaught Place,Rasam Bucket,2026-09-24 to 2026-10-08,,,Ltr,"entp_consumption_east_north_24Sep-08Oct2026.csv (Indent Receive Qty); made_qty is CK-level (see Central Kitchen rows), not per store [24 Sep-8 Oct]"
Connaught Place,Rasam Chhoke Pre-Mix (2 Mix -6gm + 42gm)= 48gm,2026-09-24 to 2026-10-08,,2.227,Kg,"ck_indent_delhi_24Sep-08Oct2026.csv (CK indent dispatch, net of returns); made_qty is CK-level (see Central Kitchen rows), not per store [24 Sep-8 Oct]"
Connaught Place,Rasam Mix (1Pkt =15 gm),2026-09-24 to 2026-10-08,,0.945,Kg,"ck_indent_delhi_24Sep-08Oct2026.csv (CK indent dispatch, net of returns); made_qty is CK-level (see Central Kitchen rows), not per store [24 Sep-8 Oct]"
Connaught Place,Rava Powder Mix,2026-09-24 to 2026-10-08,,14.0,Kg,"ck_indent_delhi_24Sep-08Oct2026.csv (CK indent dispatch, net of returns); made_qty is CK-level (see Central Kitchen rows), not per store [24 Sep-8 Oct]"
Connaught Place,Raw Mango Chutney Bucket,2026-09-24 to 2026-10-08,,,Kg,"entp_consumption_east_north_24Sep-08Oct2026.csv (Indent Receive Qty); made_qty is CK-level (see Central Kitchen rows), not per store [24 Sep-8 Oct]"
Connaught Place,Raw Mango Pickle Bucket,2026-09-24 to 2026-10-08,,1.0,Kg,"ck_indent_delhi_24Sep-08Oct2026.csv (CK indent dispatch, net of returns); made_qty is CK-level (see Central Kitchen rows), not per store [24 Sep-8 Oct]"
Connaught Place,Raw mango Powder Mix (1 Pkt = 13gm),2026-09-24 to 2026-10-08,,0.377,Kg,"ck_indent_delhi_24Sep-08Oct2026.csv (CK indent dispatch, net of returns); made_qty is CK-level (see Central Kitchen rows), not per store [24 Sep-8 Oct]"
Connaught Place,Sambar Bucket,2026-09-24 to 2026-10-08,,,Ltr,"entp_consumption_east_north_24Sep-08Oct2026.csv (Indent Receive Qty); made_qty is CK-level (see Central Kitchen rows), not per store [24 Sep-8 Oct]"
Connaught Place,Sambar Bucket - Delhi,2026-09-24 to 2026-10-08,,1165.0,Ltr,"ck_indent_delhi_24Sep-08Oct2026.csv (CK indent dispatch, net of returns); made_qty is CK-level (see Central Kitchen rows), not per store [24 Sep-8 Oct]"
Connaught Place,Special Daal Bucket,2026-09-24 to 2026-10-08,,7.0,Kg,"ck_indent_delhi_24Sep-08Oct2026.csv (CK indent dispatch, net of returns); made_qty is CK-level (see Central Kitchen rows), not per store [24 Sep-8 Oct]"
Connaught Place,Special White Coconut Chutney Bucket,2026-09-24 to 2026-10-08,,10.0,Kg,"ck_indent_delhi_24Sep-08Oct2026.csv (CK indent dispatch, net of returns); made_qty is CK-level (see Central Kitchen rows), not per store [24 Sep-8 Oct]"
Connaught Place,Spicy Coconut Chutney Bucket,2026-09-24 to 2026-10-08,,9.3,Kg,"ck_indent_delhi_24Sep-08Oct2026.csv (CK indent dispatch, net of returns); made_qty is CK-level (see Central Kitchen rows), not per store [24 Sep-8 Oct]"
Connaught Place,Spicy Coconut Chutney Mix 1Pkt (16gm),2026-09-24 to 2026-10-08,,,Kg,"entp_consumption_east_north_24Sep-08Oct2026.csv (Indent Receive Qty); made_qty is CK-level (see Central Kitchen rows), not per store [24 Sep-8 Oct]"
Connaught Place,Srivilli Kheer (1 Pc),2026-09-24 to 2026-10-08,,130.0,Pc,"ck_indent_delhi_24Sep-08Oct2026.csv (CK indent dispatch, net of returns); made_qty is CK-level (see Central Kitchen rows), not per store [24 Sep-8 Oct]"
Connaught Place,Steam Rice Bucket,2026-09-24 to 2026-10-08,,26.5,Kg,"ck_indent_delhi_24Sep-08Oct2026.csv (CK indent dispatch, net of returns); made_qty is CK-level (see Central Kitchen rows), not per store [24 Sep-8 Oct]"
Connaught Place,Sugar Syrup Bucket,2026-09-24 to 2026-10-08,,,Ltr,"entp_consumption_east_north_24Sep-08Oct2026.csv (Indent Receive Qty); made_qty is CK-level (see Central Kitchen rows), not per store [24 Sep-8 Oct]"
Connaught Place,Thatte Idli Batter,2026-09-24 to 2026-10-08,,97.0,Kg,"ck_indent_delhi_24Sep-08Oct2026.csv (CK indent dispatch, net of returns); made_qty is CK-level (see Central Kitchen rows), not per store [24 Sep-8 Oct]"
Connaught Place,Thatte Idli Pc Raw,2026-09-24 to 2026-10-08,,176.0,Pc,"ck_indent_delhi_24Sep-08Oct2026.csv (CK indent dispatch, net of returns); made_qty is CK-level (see Central Kitchen rows), not per store [24 Sep-8 Oct]"
Connaught Place,Thindi Malkapodi Powder Bucket,2026-09-24 to 2026-10-08,,6.5,Kg,"ck_indent_delhi_24Sep-08Oct2026.csv (CK indent dispatch, net of returns); made_qty is CK-level (see Central Kitchen rows), not per store [24 Sep-8 Oct]"
Connaught Place,Tomato Onion Chutney Bucket,2026-09-24 to 2026-10-08,,,Kg,"entp_consumption_east_north_24Sep-08Oct2026.csv (Indent Receive Qty); made_qty is CK-level (see Central Kitchen rows), not per store [24 Sep-8 Oct]"
Connaught Place,Tomato Onion Powder Mix (1 Pkt = 24gm),2026-09-24 to 2026-10-08,,7.424,Kg,"ck_indent_delhi_24Sep-08Oct2026.csv (CK indent dispatch, net of returns); made_qty is CK-level (see Central Kitchen rows), not per store [24 Sep-8 Oct]"
Connaught Place,Upma Mix (1pkt = 300gm),2026-09-24 to 2026-10-08,,6.3,Kg,"ck_indent_delhi_24Sep-08Oct2026.csv (CK indent dispatch, net of returns); made_qty is CK-level (see Central Kitchen rows), not per store [24 Sep-8 Oct]"
Gurgaon DLF,Benne Dosa Batter (Pack Size -3 Kg ),2026-09-24 to 2026-10-08,,10.0,Kg,"ck_indent_delhi_24Sep-08Oct2026.csv (CK indent dispatch, net of returns); made_qty is CK-level (see Central Kitchen rows), not per store [24 Sep-8 Oct]"
Gurgaon DLF,Boiled & Mashed Potato (1Pkt = 3Kg),2026-09-24 to 2026-10-08,,156.0,Kg,"ck_indent_delhi_24Sep-08Oct2026.csv (CK indent dispatch, net of returns); made_qty is CK-level (see Central Kitchen rows), not per store [24 Sep-8 Oct]"
Gurgaon DLF,Boondi,2026-09-24 to 2026-10-08,,0.5,Kg,"ck_indent_delhi_24Sep-08Oct2026.csv (CK indent dispatch, net of returns); made_qty is CK-level (see Central Kitchen rows), not per store [24 Sep-8 Oct]"
Gurgaon DLF,Chaat Masala Bucket,2026-09-24 to 2026-10-08,,,Kg,"entp_consumption_east_north_24Sep-08Oct2026.csv (Indent Receive Qty); made_qty is CK-level (see Central Kitchen rows), not per store [24 Sep-8 Oct]"
Gurgaon DLF,Coconut Shredded,2026-09-24 to 2026-10-08,,49.0,Kg,"ck_indent_delhi_24Sep-08Oct2026.csv (CK indent dispatch, net of returns); made_qty is CK-level (see Central Kitchen rows), not per store [24 Sep-8 Oct]"
Gurgaon DLF,Dahi Bucket Mix (1pkt =105gm),2026-09-24 to 2026-10-08,,840.0,gm,"ck_indent_delhi_24Sep-08Oct2026.csv (CK indent dispatch, net of returns); made_qty is CK-level (see Central Kitchen rows), not per store [24 Sep-8 Oct]"
Gurgaon DLF,Dosa Batter Mix,2026-09-24 to 2026-10-08,,205.0,Kg,"ck_indent_delhi_24Sep-08Oct2026.csv (CK indent dispatch, net of returns); made_qty is CK-level (see Central Kitchen rows), not per store [24 Sep-8 Oct]"
Gurgaon DLF,Frozen Medu Vada (10pc),2026-09-24 to 2026-10-08,,,Pc,"entp_consumption_east_north_24Sep-08Oct2026.csv (Indent Receive Qty); made_qty is CK-level (see Central Kitchen rows), not per store [24 Sep-8 Oct]"
Gurgaon DLF,Garam Masala Powder Bucket,2026-09-24 to 2026-10-08,,,Kg,"entp_consumption_east_north_24Sep-08Oct2026.csv (Indent Receive Qty); made_qty is CK-level (see Central Kitchen rows), not per store [24 Sep-8 Oct]"
Gurgaon DLF,Garlic Chutney Bucket,2026-09-24 to 2026-10-08,,12.0,Kg,"ck_indent_delhi_24Sep-08Oct2026.csv (CK indent dispatch, net of returns); made_qty is CK-level (see Central Kitchen rows), not per store [24 Sep-8 Oct]"
Gurgaon DLF,Idli Pc Raw (1 Pkt =40pc),2026-09-24 to 2026-10-08,,1440.0,Pc,"ck_indent_delhi_24Sep-08Oct2026.csv (CK indent dispatch, net of returns); made_qty is CK-level (see Central Kitchen rows), not per store [24 Sep-8 Oct]"
Gurgaon DLF,Imli Water,2026-09-24 to 2026-10-08,,11.0,Ltr,"ck_indent_delhi_24Sep-08Oct2026.csv (CK indent dispatch, net of returns); made_qty is CK-level (see Central Kitchen rows), not per store [24 Sep-8 Oct]"
Gurgaon DLF,Jain Potato Masala Bucket,2026-09-24 to 2026-10-08,,11.0,Kg,"ck_indent_delhi_24Sep-08Oct2026.csv (CK indent dispatch, net of returns); made_qty is CK-level (see Central Kitchen rows), not per store [24 Sep-8 Oct]"
Gurgaon DLF,Jain Sambar - Delhi,2026-09-24 to 2026-10-08,,68.0,Ltr,"ck_indent_delhi_24Sep-08Oct2026.csv (CK indent dispatch, net of returns); made_qty is CK-level (see Central Kitchen rows), not per store [24 Sep-8 Oct]"
Gurgaon DLF,Kesari Halwa Mix  (1pkt = 550gm),2026-09-24 to 2026-10-08,,3.825,Kg,"ck_indent_delhi_24Sep-08Oct2026.csv (CK indent dispatch, net of returns); made_qty is CK-level (see Central Kitchen rows), not per store [24 Sep-8 Oct]"
Gurgaon DLF,Korma Gravy Mix (1pkt=700gm),2026-09-24 to 2026-10-08,,23.1,Kg,"ck_indent_delhi_24Sep-08Oct2026.csv (CK indent dispatch, net of returns); made_qty is CK-level (see Central Kitchen rows), not per store [24 Sep-8 Oct]"
Gurgaon DLF,Lemon Rice Bucket,2026-09-24 to 2026-10-08,,6.5,Kg,"ck_indent_delhi_24Sep-08Oct2026.csv (CK indent dispatch, net of returns); made_qty is CK-level (see Central Kitchen rows), not per store [24 Sep-8 Oct]"
Gurgaon DLF,Malabar Paratha  (1pkt= 6Pcs),2026-09-24 to 2026-10-08,,,Pc,"entp_consumption_east_north_24Sep-08Oct2026.csv (Indent Receive Qty); made_qty is CK-level (see Central Kitchen rows), not per store [24 Sep-8 Oct]"
Gurgaon DLF,Malabar Paratha Dough,2026-09-24 to 2026-10-08,,266.0,Pc,"ck_indent_delhi_24Sep-08Oct2026.csv (CK indent dispatch, net of returns); made_qty is CK-level (see Central Kitchen rows), not per store [24 Sep-8 Oct]"
Gurgaon DLF,Malkapodi Bucket,2026-09-24 to 2026-10-08,,,Kg,"entp_consumption_east_north_24Sep-08Oct2026.csv (Indent Receive Qty); made_qty is CK-level (see Central Kitchen rows), not per store [24 Sep-8 Oct]"
Gurgaon DLF,Medu Vada Batter,2026-09-24 to 2026-10-08,,40.0,Kg,"ck_indent_delhi_24Sep-08Oct2026.csv (CK indent dispatch, net of returns); made_qty is CK-level (see Central Kitchen rows), not per store [24 Sep-8 Oct]"
Gurgaon DLF,Medu Vada Batter Mix,2026-09-24 to 2026-10-08,,4.0,Kg,"ck_indent_delhi_24Sep-08Oct2026.csv (CK indent dispatch, net of returns); made_qty is CK-level (see Central Kitchen rows), not per store [24 Sep-8 Oct]"
Gurgaon DLF,Medu Vada Batter Powder Mix (1 Pkt = 23gm),2026-09-24 to 2026-10-08,,0.966,Kg,"ck_indent_delhi_24Sep-08Oct2026.csv (CK indent dispatch, net of returns); made_qty is CK-level (see Central Kitchen rows), not per store [24 Sep-8 Oct]"
Gurgaon DLF,Mysore Chutney Bucket,2026-09-24 to 2026-10-08,,10.0,Kg,"ck_indent_delhi_24Sep-08Oct2026.csv (CK indent dispatch, net of returns); made_qty is CK-level (see Central Kitchen rows), not per store [24 Sep-8 Oct]"
Gurgaon DLF,New Bangalore Benne Batter (Pack Size -4 Kg ),2026-09-24 to 2026-10-08,,118.6,Kg,"ck_indent_delhi_24Sep-08Oct2026.csv (CK indent dispatch, net of returns); made_qty is CK-level (see Central Kitchen rows), not per store [24 Sep-8 Oct]"
Gurgaon DLF,Potato Masala Bucket,2026-09-24 to 2026-10-08,,,Kg,"entp_consumption_east_north_24Sep-08Oct2026.csv (Indent Receive Qty); made_qty is CK-level (see Central Kitchen rows), not per store [24 Sep-8 Oct]"
Gurgaon DLF,Potato Masala Mix (1Pkt = 90Gm),2026-09-24 to 2026-10-08,,47.0,Pkt,"ck_indent_delhi_24Sep-08Oct2026.csv (CK indent dispatch, net of returns); made_qty is CK-level (see Central Kitchen rows), not per store [24 Sep-8 Oct]"
Gurgaon DLF,Rasam Bucket,2026-09-24 to 2026-10-08,,,Ltr,"entp_consumption_east_north_24Sep-08Oct2026.csv (Indent Receive Qty); made_qty is CK-level (see Central Kitchen rows), not per store [24 Sep-8 Oct]"
Gurgaon DLF,Rasam Chhoke Pre-Mix (2 Mix -6gm + 42gm)= 48gm,2026-09-24 to 2026-10-08,,0.096,Kg,"ck_indent_delhi_24Sep-08Oct2026.csv (CK indent dispatch, net of returns); made_qty is CK-level (see Central Kitchen rows), not per store [24 Sep-8 Oct]"
Gurgaon DLF,Rasam Mix (1Pkt =15 gm),2026-09-24 to 2026-10-08,,0.03,Kg,"ck_indent_delhi_24Sep-08Oct2026.csv (CK indent dispatch, net of returns); made_qty is CK-level (see Central Kitchen rows), not per store [24 Sep-8 Oct]"
Gurgaon DLF,Raw Mango Chutney Bucket,2026-09-24 to 2026-10-08,,,Kg,"entp_consumption_east_north_24Sep-08Oct2026.csv (Indent Receive Qty); made_qty is CK-level (see Central Kitchen rows), not per store [24 Sep-8 Oct]"
Gurgaon DLF,Raw Mango Pickle Bucket,2026-09-24 to 2026-10-08,,0.75,Kg,"ck_indent_delhi_24Sep-08Oct2026.csv (CK indent dispatch, net of returns); made_qty is CK-level (see Central Kitchen rows), not per store [24 Sep-8 Oct]"
Gurgaon DLF,Raw mango Powder Mix (1 Pkt = 13gm),2026-09-24 to 2026-10-08,,0.091,Kg,"ck_indent_delhi_24Sep-08Oct2026.csv (CK indent dispatch, net of returns); made_qty is CK-level (see Central Kitchen rows), not per store [24 Sep-8 Oct]"
Gurgaon DLF,Sambar Bucket - Delhi,2026-09-24 to 2026-10-08,,545.0,Ltr,"ck_indent_delhi_24Sep-08Oct2026.csv (CK indent dispatch, net of returns); made_qty is CK-level (see Central Kitchen rows), not per store [24 Sep-8 Oct]"
Gurgaon DLF,Special Daal Bucket,2026-09-24 to 2026-10-08,,1.0,Kg,"ck_indent_delhi_24Sep-08Oct2026.csv (CK indent dispatch, net of returns); made_qty is CK-level (see Central Kitchen rows), not per store [24 Sep-8 Oct]"
Gurgaon DLF,Spicy Coconut Chutney Mix 1Pkt (16gm),2026-09-24 to 2026-10-08,,,Kg,"entp_consumption_east_north_24Sep-08Oct2026.csv (Indent Receive Qty); made_qty is CK-level (see Central Kitchen rows), not per store [24 Sep-8 Oct]"
Gurgaon DLF,Srivilli Kheer (1 Pc),2026-09-24 to 2026-10-08,,12.0,Pc,"ck_indent_delhi_24Sep-08Oct2026.csv (CK indent dispatch, net of returns); made_qty is CK-level (see Central Kitchen rows), not per store [24 Sep-8 Oct]"
Gurgaon DLF,Steam Rice Bucket,2026-09-24 to 2026-10-08,,15.0,Kg,"ck_indent_delhi_24Sep-08Oct2026.csv (CK indent dispatch, net of returns); made_qty is CK-level (see Central Kitchen rows), not per store [24 Sep-8 Oct]"
Gurgaon DLF,Thatte Idli Pc Raw,2026-09-24 to 2026-10-08,,186.0,Pc,"ck_indent_delhi_24Sep-08Oct2026.csv (CK indent dispatch, net of returns); made_qty is CK-level (see Central Kitchen rows), not per store [24 Sep-8 Oct]"
Gurgaon DLF,Thindi Malkapodi Powder Bucket,2026-09-24 to 2026-10-08,,1.5,Kg,"ck_indent_delhi_24Sep-08Oct2026.csv (CK indent dispatch, net of returns); made_qty is CK-level (see Central Kitchen rows), not per store [24 Sep-8 Oct]"
Gurgaon DLF,Tomato Onion Chutney Bucket,2026-09-24 to 2026-10-08,,,Kg,"entp_consumption_east_north_24Sep-08Oct2026.csv (Indent Receive Qty); made_qty is CK-level (see Central Kitchen rows), not per store [24 Sep-8 Oct]"
Gurgaon DLF,Tomato Onion Powder Mix (1 Pkt = 24gm),2026-09-24 to 2026-10-08,,4.32,Kg,"ck_indent_delhi_24Sep-08Oct2026.csv (CK indent dispatch, net of returns); made_qty is CK-level (see Central Kitchen rows), not per store [24 Sep-8 Oct]"
Gurgaon DLF,Upma Mix (1pkt = 300gm),2026-09-24 to 2026-10-08,,0.9,Kg,"ck_indent_delhi_24Sep-08Oct2026.csv (CK indent dispatch, net of returns); made_qty is CK-level (see Central Kitchen rows), not per store [24 Sep-8 Oct]"
Gurgaon Sec 10,Benne Dosa Batter (Pack Size -3 Kg ),2026-09-24 to 2026-10-08,,37.3,Kg,"ck_indent_delhi_24Sep-08Oct2026.csv (CK indent dispatch, net of returns); made_qty is CK-level (see Central Kitchen rows), not per store [24 Sep-8 Oct]"
Gurgaon Sec 10,Boiled & Mashed Potato (1Pkt = 3Kg),2026-09-24 to 2026-10-08,,78.0,Kg,"ck_indent_delhi_24Sep-08Oct2026.csv (CK indent dispatch, net of returns); made_qty is CK-level (see Central Kitchen rows), not per store [24 Sep-8 Oct]"
Gurgaon Sec 10,Boondi,2026-09-24 to 2026-10-08,,0.25,Kg,"ck_indent_delhi_24Sep-08Oct2026.csv (CK indent dispatch, net of returns); made_qty is CK-level (see Central Kitchen rows), not per store [24 Sep-8 Oct]"
Gurgaon Sec 10,Chaat Masala Bucket,2026-09-24 to 2026-10-08,,0.2,Kg,"ck_indent_delhi_24Sep-08Oct2026.csv (CK indent dispatch, net of returns); made_qty is CK-level (see Central Kitchen rows), not per store [24 Sep-8 Oct]"
Gurgaon Sec 10,Coconut Shredded,2026-09-24 to 2026-10-08,,25.5,Kg,"ck_indent_delhi_24Sep-08Oct2026.csv (CK indent dispatch, net of returns); made_qty is CK-level (see Central Kitchen rows), not per store [24 Sep-8 Oct]"
Gurgaon Sec 10,Dahi Bucket Mix (1pkt =105gm),2026-09-24 to 2026-10-08,,630.0,gm,"ck_indent_delhi_24Sep-08Oct2026.csv (CK indent dispatch, net of returns); made_qty is CK-level (see Central Kitchen rows), not per store [24 Sep-8 Oct]"
Gurgaon Sec 10,Dosa Batter Mix,2026-09-24 to 2026-10-08,,133.0,Kg,"ck_indent_delhi_24Sep-08Oct2026.csv (CK indent dispatch, net of returns); made_qty is CK-level (see Central Kitchen rows), not per store [24 Sep-8 Oct]"
Gurgaon Sec 10,Frozen Medu Vada (10pc),2026-09-24 to 2026-10-08,,,Pc,"entp_consumption_east_north_24Sep-08Oct2026.csv (Indent Receive Qty); made_qty is CK-level (see Central Kitchen rows), not per store [24 Sep-8 Oct]"
Gurgaon Sec 10,Garam Masala Powder Bucket,2026-09-24 to 2026-10-08,,,Kg,"entp_consumption_east_north_24Sep-08Oct2026.csv (Indent Receive Qty); made_qty is CK-level (see Central Kitchen rows), not per store [24 Sep-8 Oct]"
Gurgaon Sec 10,Garlic Chutney Bucket,2026-09-24 to 2026-10-08,,5.0,Kg,"ck_indent_delhi_24Sep-08Oct2026.csv (CK indent dispatch, net of returns); made_qty is CK-level (see Central Kitchen rows), not per store [24 Sep-8 Oct]"
Gurgaon Sec 10,Idli Pc Raw (1 Pkt =40pc),2026-09-24 to 2026-10-08,,510.0,Pc,"ck_indent_delhi_24Sep-08Oct2026.csv (CK indent dispatch, net of returns); made_qty is CK-level (see Central Kitchen rows), not per store [24 Sep-8 Oct]"
Gurgaon Sec 10,Imli Water,2026-09-24 to 2026-10-08,,4.0,Ltr,"ck_indent_delhi_24Sep-08Oct2026.csv (CK indent dispatch, net of returns); made_qty is CK-level (see Central Kitchen rows), not per store [24 Sep-8 Oct]"
Gurgaon Sec 10,Jain Sambar - Delhi,2026-09-24 to 2026-10-08,,4.0,Ltr,"ck_indent_delhi_24Sep-08Oct2026.csv (CK indent dispatch, net of returns); made_qty is CK-level (see Central Kitchen rows), not per store [24 Sep-8 Oct]"
Gurgaon Sec 10,Karam Podi Powder Bucket,2026-09-24 to 2026-10-08,,0.5,Kg,"ck_indent_delhi_24Sep-08Oct2026.csv (CK indent dispatch, net of returns); made_qty is CK-level (see Central Kitchen rows), not per store [24 Sep-8 Oct]"
Gurgaon Sec 10,Kesari Halwa Mix  (1pkt = 550gm),2026-09-24 to 2026-10-08,,0.55,Kg,"ck_indent_delhi_24Sep-08Oct2026.csv (CK indent dispatch, net of returns); made_qty is CK-level (see Central Kitchen rows), not per store [24 Sep-8 Oct]"
Gurgaon Sec 10,Korma Gravy Mix (1pkt=700gm),2026-09-24 to 2026-10-08,,7.7,Kg,"ck_indent_delhi_24Sep-08Oct2026.csv (CK indent dispatch, net of returns); made_qty is CK-level (see Central Kitchen rows), not per store [24 Sep-8 Oct]"
Gurgaon Sec 10,Lemon Rice Bucket,2026-09-24 to 2026-10-08,,3.5,Kg,"ck_indent_delhi_24Sep-08Oct2026.csv (CK indent dispatch, net of returns); made_qty is CK-level (see Central Kitchen rows), not per store [24 Sep-8 Oct]"
Gurgaon Sec 10,Malabar Paratha  (1pkt= 6Pcs),2026-09-24 to 2026-10-08,,6.0,Pc,"ck_indent_delhi_24Sep-08Oct2026.csv (CK indent dispatch, net of returns); made_qty is CK-level (see Central Kitchen rows), not per store [24 Sep-8 Oct]"
Gurgaon Sec 10,Malabar Paratha Dough,2026-09-24 to 2026-10-08,,50.0,Pc,"ck_indent_delhi_24Sep-08Oct2026.csv (CK indent dispatch, net of returns); made_qty is CK-level (see Central Kitchen rows), not per store [24 Sep-8 Oct]"
Gurgaon Sec 10,Malkapodi Bucket,2026-09-24 to 2026-10-08,,1.0,Kg,"ck_indent_delhi_24Sep-08Oct2026.csv (CK indent dispatch, net of returns); made_qty is CK-level (see Central Kitchen rows), not per store [24 Sep-8 Oct]"
Gurgaon Sec 10,Medu Vada Batter Mix,2026-09-24 to 2026-10-08,,18.0,Kg,"ck_indent_delhi_24Sep-08Oct2026.csv (CK indent dispatch, net of returns); made_qty is CK-level (see Central Kitchen rows), not per store [24 Sep-8 Oct]"
Gurgaon Sec 10,Medu Vada Batter Powder Mix (1 Pkt = 23gm),2026-09-24 to 2026-10-08,,0.046,Kg,"ck_indent_delhi_24Sep-08Oct2026.csv (CK indent dispatch, net of returns); made_qty is CK-level (see Central Kitchen rows), not per store [24 Sep-8 Oct]"
Gurgaon Sec 10,Mysore Chutney Bucket,2026-09-24 to 2026-10-08,,3.5,Kg,"ck_indent_delhi_24Sep-08Oct2026.csv (CK indent dispatch, net of returns); made_qty is CK-level (see Central Kitchen rows), not per store [24 Sep-8 Oct]"
Gurgaon Sec 10,Potato Masala Bucket,2026-09-24 to 2026-10-08,,,Kg,"entp_consumption_east_north_24Sep-08Oct2026.csv (Indent Receive Qty); made_qty is CK-level (see Central Kitchen rows), not per store [24 Sep-8 Oct]"
Gurgaon Sec 10,Potato Masala Mix (1Pkt = 90Gm),2026-09-24 to 2026-10-08,,20.0,Pkt,"ck_indent_delhi_24Sep-08Oct2026.csv (CK indent dispatch, net of returns); made_qty is CK-level (see Central Kitchen rows), not per store [24 Sep-8 Oct]"
Gurgaon Sec 10,Rasam Bucket,2026-09-24 to 2026-10-08,,,Ltr,"entp_consumption_east_north_24Sep-08Oct2026.csv (Indent Receive Qty); made_qty is CK-level (see Central Kitchen rows), not per store [24 Sep-8 Oct]"
Gurgaon Sec 10,Rasam Chhoke Pre-Mix (2 Mix -6gm + 42gm)= 48gm,2026-09-24 to 2026-10-08,,0.096,Kg,"ck_indent_delhi_24Sep-08Oct2026.csv (CK indent dispatch, net of returns); made_qty is CK-level (see Central Kitchen rows), not per store [24 Sep-8 Oct]"
Gurgaon Sec 10,Rasam Mix (1Pkt =15 gm),2026-09-24 to 2026-10-08,,0.015,Kg,"ck_indent_delhi_24Sep-08Oct2026.csv (CK indent dispatch, net of returns); made_qty is CK-level (see Central Kitchen rows), not per store [24 Sep-8 Oct]"
Gurgaon Sec 10,Rava Powder Mix,2026-09-24 to 2026-10-08,,2.0,Kg,"ck_indent_delhi_24Sep-08Oct2026.csv (CK indent dispatch, net of returns); made_qty is CK-level (see Central Kitchen rows), not per store [24 Sep-8 Oct]"
Gurgaon Sec 10,Raw Mango Chutney Bucket,2026-09-24 to 2026-10-08,,,Kg,"entp_consumption_east_north_24Sep-08Oct2026.csv (Indent Receive Qty); made_qty is CK-level (see Central Kitchen rows), not per store [24 Sep-8 Oct]"
Gurgaon Sec 10,Raw Mango Pickle Bucket,2026-09-24 to 2026-10-08,,0.25,Kg,"entp_consumption_east_north_24Sep-08Oct2026.csv (Indent Receive Qty); made_qty is CK-level (see Central Kitchen rows), not per store [24 Sep-8 Oct]"
Gurgaon Sec 10,Raw mango Powder Mix (1 Pkt = 13gm),2026-09-24 to 2026-10-08,,0.039,Kg,"ck_indent_delhi_24Sep-08Oct2026.csv (CK indent dispatch, net of returns); made_qty is CK-level (see Central Kitchen rows), not per store [24 Sep-8 Oct]"
Gurgaon Sec 10,Sambar Bucket,2026-09-24 to 2026-10-08,,,Ltr,"entp_consumption_east_north_24Sep-08Oct2026.csv (Indent Receive Qty); made_qty is CK-level (see Central Kitchen rows), not per store [24 Sep-8 Oct]"
Gurgaon Sec 10,Sambar Bucket - Delhi,2026-09-24 to 2026-10-08,,203.0,Ltr,"ck_indent_delhi_24Sep-08Oct2026.csv (CK indent dispatch, net of returns); made_qty is CK-level (see Central Kitchen rows), not per store [24 Sep-8 Oct]"
Gurgaon Sec 10,Special Daal Bucket,2026-09-24 to 2026-10-08,,1.0,Kg,"ck_indent_delhi_24Sep-08Oct2026.csv (CK indent dispatch, net of returns); made_qty is CK-level (see Central Kitchen rows), not per store [24 Sep-8 Oct]"
Gurgaon Sec 10,Special White Coconut Chutney Bucket,2026-09-24 to 2026-10-08,,,Kg,"entp_consumption_east_north_24Sep-08Oct2026.csv (Indent Receive Qty); made_qty is CK-level (see Central Kitchen rows), not per store [24 Sep-8 Oct]"
Gurgaon Sec 10,Spicy Coconut Chutney Mix 1Pkt (16gm),2026-09-24 to 2026-10-08,,,Kg,"entp_consumption_east_north_24Sep-08Oct2026.csv (Indent Receive Qty); made_qty is CK-level (see Central Kitchen rows), not per store [24 Sep-8 Oct]"
Gurgaon Sec 10,Srivilli Kheer (1 Pc),2026-09-24 to 2026-10-08,,22.0,Pc,"ck_indent_delhi_24Sep-08Oct2026.csv (CK indent dispatch, net of returns); made_qty is CK-level (see Central Kitchen rows), not per store [24 Sep-8 Oct]"
Gurgaon Sec 10,Steam Rice Bucket,2026-09-24 to 2026-10-08,,5.0,Kg,"ck_indent_delhi_24Sep-08Oct2026.csv (CK indent dispatch, net of returns); made_qty is CK-level (see Central Kitchen rows), not per store [24 Sep-8 Oct]"
Gurgaon Sec 10,Sugar Syrup Bucket,2026-09-24 to 2026-10-08,,,Ltr,"entp_consumption_east_north_24Sep-08Oct2026.csv (Indent Receive Qty); made_qty is CK-level (see Central Kitchen rows), not per store [24 Sep-8 Oct]"
Gurgaon Sec 10,Thatte Idli Pc Raw,2026-09-24 to 2026-10-08,,48.0,Pc,"ck_indent_delhi_24Sep-08Oct2026.csv (CK indent dispatch, net of returns); made_qty is CK-level (see Central Kitchen rows), not per store [24 Sep-8 Oct]"
Gurgaon Sec 10,Thindi Malkapodi Powder Bucket,2026-09-24 to 2026-10-08,,0.5,Kg,"ck_indent_delhi_24Sep-08Oct2026.csv (CK indent dispatch, net of returns); made_qty is CK-level (see Central Kitchen rows), not per store [24 Sep-8 Oct]"
Gurgaon Sec 10,Tomato Onion Chutney Bucket,2026-09-24 to 2026-10-08,,,Kg,"entp_consumption_east_north_24Sep-08Oct2026.csv (Indent Receive Qty); made_qty is CK-level (see Central Kitchen rows), not per store [24 Sep-8 Oct]"
Gurgaon Sec 10,Tomato Onion Powder Mix (1 Pkt = 24gm),2026-09-24 to 2026-10-08,,2.016,Kg,"ck_indent_delhi_24Sep-08Oct2026.csv (CK indent dispatch, net of returns); made_qty is CK-level (see Central Kitchen rows), not per store [24 Sep-8 Oct]"
Gurgaon Sec 10,Upma Mix (1pkt = 300gm),2026-09-24 to 2026-10-08,,,Kg,"entp_consumption_east_north_24Sep-08Oct2026.csv (Indent Receive Qty); made_qty is CK-level (see Central Kitchen rows), not per store [24 Sep-8 Oct]"
Gurgaon Sec-15,Benne Dosa Batter (Pack Size -3 Kg ),2026-09-24 to 2026-10-08,,113.0,Kg,"ck_indent_delhi_24Sep-08Oct2026.csv (CK indent dispatch, net of returns); made_qty is CK-level (see Central Kitchen rows), not per store [24 Sep-8 Oct]"
Gurgaon Sec-15,Boiled & Mashed Potato (1Pkt = 3Kg),2026-09-24 to 2026-10-08,,135.0,Kg,"ck_indent_delhi_24Sep-08Oct2026.csv (CK indent dispatch, net of returns); made_qty is CK-level (see Central Kitchen rows), not per store [24 Sep-8 Oct]"
Gurgaon Sec-15,Boondi,2026-09-24 to 2026-10-08,,0.75,Kg,"ck_indent_delhi_24Sep-08Oct2026.csv (CK indent dispatch, net of returns); made_qty is CK-level (see Central Kitchen rows), not per store [24 Sep-8 Oct]"
Gurgaon Sec-15,Chaat Masala Bucket,2026-09-24 to 2026-10-08,,0.6,Kg,"ck_indent_delhi_24Sep-08Oct2026.csv (CK indent dispatch, net of returns); made_qty is CK-level (see Central Kitchen rows), not per store [24 Sep-8 Oct]"
Gurgaon Sec-15,Coconut Shredded,2026-09-24 to 2026-10-08,,51.0,Kg,"ck_indent_delhi_24Sep-08Oct2026.csv (CK indent dispatch, net of returns); made_qty is CK-level (see Central Kitchen rows), not per store [24 Sep-8 Oct]"
Gurgaon Sec-15,Dahi Bucket Mix (1pkt =105gm),2026-09-24 to 2026-10-08,,1575.0,gm,"ck_indent_delhi_24Sep-08Oct2026.csv (CK indent dispatch, net of returns); made_qty is CK-level (see Central Kitchen rows), not per store [24 Sep-8 Oct]"
Gurgaon Sec-15,Dosa Batter Mix,2026-09-24 to 2026-10-08,,321.0,Kg,"ck_indent_delhi_24Sep-08Oct2026.csv (CK indent dispatch, net of returns); made_qty is CK-level (see Central Kitchen rows), not per store [24 Sep-8 Oct]"
Gurgaon Sec-15,Frozen Medu Vada (10pc),2026-09-24 to 2026-10-08,,145.0,Pc,"ck_indent_delhi_24Sep-08Oct2026.csv (CK indent dispatch, net of returns); made_qty is CK-level (see Central Kitchen rows), not per store [24 Sep-8 Oct]"
Gurgaon Sec-15,Garam Masala Powder Bucket,2026-09-24 to 2026-10-08,,0.1,Kg,"ck_indent_delhi_24Sep-08Oct2026.csv (CK indent dispatch, net of returns); made_qty is CK-level (see Central Kitchen rows), not per store [24 Sep-8 Oct]"
Gurgaon Sec-15,Garlic Chutney Bucket,2026-09-24 to 2026-10-08,,10.0,Kg,"ck_indent_delhi_24Sep-08Oct2026.csv (CK indent dispatch, net of returns); made_qty is CK-level (see Central Kitchen rows), not per store [24 Sep-8 Oct]"
Gurgaon Sec-15,Idli Pc Raw (1 Pkt =40pc),2026-09-24 to 2026-10-08,,980.0,Pc,"ck_indent_delhi_24Sep-08Oct2026.csv (CK indent dispatch, net of returns); made_qty is CK-level (see Central Kitchen rows), not per store [24 Sep-8 Oct]"
Gurgaon Sec-15,Imli Water,2026-09-24 to 2026-10-08,,10.0,Ltr,"ck_indent_delhi_24Sep-08Oct2026.csv (CK indent dispatch, net of returns); made_qty is CK-level (see Central Kitchen rows), not per store [24 Sep-8 Oct]"
Gurgaon Sec-15,Jain Sambar - Delhi,2026-09-24 to 2026-10-08,,19.0,Ltr,"ck_indent_delhi_24Sep-08Oct2026.csv (CK indent dispatch, net of returns); made_qty is CK-level (see Central Kitchen rows), not per store [24 Sep-8 Oct]"
Gurgaon Sec-15,Karam Podi Powder Bucket,2026-09-24 to 2026-10-08,,2.0,Kg,"ck_indent_delhi_24Sep-08Oct2026.csv (CK indent dispatch, net of returns); made_qty is CK-level (see Central Kitchen rows), not per store [24 Sep-8 Oct]"
Gurgaon Sec-15,Kesari Halwa Mix  (1pkt = 550gm),2026-09-24 to 2026-10-08,,6.05,Kg,"ck_indent_delhi_24Sep-08Oct2026.csv (CK indent dispatch, net of returns); made_qty is CK-level (see Central Kitchen rows), not per store [24 Sep-8 Oct]"
Gurgaon Sec-15,Korma Gravy Mix (1pkt=700gm),2026-09-24 to 2026-10-08,,20.3,Kg,"ck_indent_delhi_24Sep-08Oct2026.csv (CK indent dispatch, net of returns); made_qty is CK-level (see Central Kitchen rows), not per store [24 Sep-8 Oct]"
Gurgaon Sec-15,Lemon Rice Bucket,2026-09-24 to 2026-10-08,,4.5,Kg,"ck_indent_delhi_24Sep-08Oct2026.csv (CK indent dispatch, net of returns); made_qty is CK-level (see Central Kitchen rows), not per store [24 Sep-8 Oct]"
Gurgaon Sec-15,Malabar Paratha  (1pkt= 6Pcs),2026-09-24 to 2026-10-08,,,Pc,"entp_consumption_east_north_24Sep-08Oct2026.csv (Indent Receive Qty); made_qty is CK-level (see Central Kitchen rows), not per store [24 Sep-8 Oct]"
Gurgaon Sec-15,Malabar Paratha Dough,2026-09-24 to 2026-10-08,,192.0,Pc,"ck_indent_delhi_24Sep-08Oct2026.csv (CK indent dispatch, net of returns); made_qty is CK-level (see Central Kitchen rows), not per store [24 Sep-8 Oct]"
Gurgaon Sec-15,Malkapodi Bucket,2026-09-24 to 2026-10-08,,2.0,Kg,"ck_indent_delhi_24Sep-08Oct2026.csv (CK indent dispatch, net of returns); made_qty is CK-level (see Central Kitchen rows), not per store [24 Sep-8 Oct]"
Gurgaon Sec-15,Medu Vada Batter Mix,2026-09-24 to 2026-10-08,,29.0,Kg,"ck_indent_delhi_24Sep-08Oct2026.csv (CK indent dispatch, net of returns); made_qty is CK-level (see Central Kitchen rows), not per store [24 Sep-8 Oct]"
Gurgaon Sec-15,Medu Vada Batter Powder Mix (1 Pkt = 23gm),2026-09-24 to 2026-10-08,,0.644,Kg,"ck_indent_delhi_24Sep-08Oct2026.csv (CK indent dispatch, net of returns); made_qty is CK-level (see Central Kitchen rows), not per store [24 Sep-8 Oct]"
Gurgaon Sec-15,Mysore Chutney Bucket,2026-09-24 to 2026-10-08,,10.0,Kg,"ck_indent_delhi_24Sep-08Oct2026.csv (CK indent dispatch, net of returns); made_qty is CK-level (see Central Kitchen rows), not per store [24 Sep-8 Oct]"
Gurgaon Sec-15,Potato Masala Bucket,2026-09-24 to 2026-10-08,,10.0,Kg,"ck_indent_delhi_24Sep-08Oct2026.csv (CK indent dispatch, net of returns); made_qty is CK-level (see Central Kitchen rows), not per store [24 Sep-8 Oct]"
Gurgaon Sec-15,Potato Masala Mix (1Pkt = 90Gm),2026-09-24 to 2026-10-08,,45.0,Pkt,"ck_indent_delhi_24Sep-08Oct2026.csv (CK indent dispatch, net of returns); made_qty is CK-level (see Central Kitchen rows), not per store [24 Sep-8 Oct]"
Gurgaon Sec-15,Rasam Bucket,2026-09-24 to 2026-10-08,,,Ltr,"entp_consumption_east_north_24Sep-08Oct2026.csv (Indent Receive Qty); made_qty is CK-level (see Central Kitchen rows), not per store [24 Sep-8 Oct]"
Gurgaon Sec-15,Rasam Chhoke Pre-Mix (2 Mix -6gm + 42gm)= 48gm,2026-09-24 to 2026-10-08,,0.432,Kg,"ck_indent_delhi_24Sep-08Oct2026.csv (CK indent dispatch, net of returns); made_qty is CK-level (see Central Kitchen rows), not per store [24 Sep-8 Oct]"
Gurgaon Sec-15,Rasam Mix (1Pkt =15 gm),2026-09-24 to 2026-10-08,,0.135,Kg,"ck_indent_delhi_24Sep-08Oct2026.csv (CK indent dispatch, net of returns); made_qty is CK-level (see Central Kitchen rows), not per store [24 Sep-8 Oct]"
Gurgaon Sec-15,Rava Powder Mix,2026-09-24 to 2026-10-08,,6.0,Kg,"ck_indent_delhi_24Sep-08Oct2026.csv (CK indent dispatch, net of returns); made_qty is CK-level (see Central Kitchen rows), not per store [24 Sep-8 Oct]"
Gurgaon Sec-15,Raw Mango Chutney Bucket,2026-09-24 to 2026-10-08,,,Kg,"entp_consumption_east_north_24Sep-08Oct2026.csv (Indent Receive Qty); made_qty is CK-level (see Central Kitchen rows), not per store [24 Sep-8 Oct]"
Gurgaon Sec-15,Raw Mango Pickle Bucket,2026-09-24 to 2026-10-08,,0.5,Kg,"ck_indent_delhi_24Sep-08Oct2026.csv (CK indent dispatch, net of returns); made_qty is CK-level (see Central Kitchen rows), not per store [24 Sep-8 Oct]"
Gurgaon Sec-15,Raw mango Powder Mix (1 Pkt = 13gm),2026-09-24 to 2026-10-08,,0.13,Kg,"ck_indent_delhi_24Sep-08Oct2026.csv (CK indent dispatch, net of returns); made_qty is CK-level (see Central Kitchen rows), not per store [24 Sep-8 Oct]"
Gurgaon Sec-15,Sambar Bucket,2026-09-24 to 2026-10-08,,,Ltr,"entp_consumption_east_north_24Sep-08Oct2026.csv (Indent Receive Qty); made_qty is CK-level (see Central Kitchen rows), not per store [24 Sep-8 Oct]"
Gurgaon Sec-15,Sambar Bucket - Delhi,2026-09-24 to 2026-10-08,,526.0,Ltr,"ck_indent_delhi_24Sep-08Oct2026.csv (CK indent dispatch, net of returns); made_qty is CK-level (see Central Kitchen rows), not per store [24 Sep-8 Oct]"
Gurgaon Sec-15,Special Daal Bucket,2026-09-24 to 2026-10-08,,3.0,Kg,"ck_indent_delhi_24Sep-08Oct2026.csv (CK indent dispatch, net of returns); made_qty is CK-level (see Central Kitchen rows), not per store [24 Sep-8 Oct]"
Gurgaon Sec-15,Special White Coconut Chutney Bucket,2026-09-24 to 2026-10-08,,,Kg,"entp_consumption_east_north_24Sep-08Oct2026.csv (Indent Receive Qty); made_qty is CK-level (see Central Kitchen rows), not per store [24 Sep-8 Oct]"
Gurgaon Sec-15,Spicy Coconut Chutney Mix 1Pkt (16gm),2026-09-24 to 2026-10-08,,,Kg,"entp_consumption_east_north_24Sep-08Oct2026.csv (Indent Receive Qty); made_qty is CK-level (see Central Kitchen rows), not per store [24 Sep-8 Oct]"
Gurgaon Sec-15,Srivilli Kheer (1 Pc),2026-09-24 to 2026-10-08,,37.0,Pc,"ck_indent_delhi_24Sep-08Oct2026.csv (CK indent dispatch, net of returns); made_qty is CK-level (see Central Kitchen rows), not per store [24 Sep-8 Oct]"
Gurgaon Sec-15,Steam Rice Bucket,2026-09-24 to 2026-10-08,,47.5,Kg,"ck_indent_delhi_24Sep-08Oct2026.csv (CK indent dispatch, net of returns); made_qty is CK-level (see Central Kitchen rows), not per store [24 Sep-8 Oct]"
Gurgaon Sec-15,Sugar Syrup Bucket,2026-09-24 to 2026-10-08,,,Ltr,"entp_consumption_east_north_24Sep-08Oct2026.csv (Indent Receive Qty); made_qty is CK-level (see Central Kitchen rows), not per store [24 Sep-8 Oct]"
Gurgaon Sec-15,Thatte Idli Pc Raw,2026-09-24 to 2026-10-08,,180.0,Pc,"ck_indent_delhi_24Sep-08Oct2026.csv (CK indent dispatch, net of returns); made_qty is CK-level (see Central Kitchen rows), not per store [24 Sep-8 Oct]"
Gurgaon Sec-15,Thindi Malkapodi Powder Bucket,2026-09-24 to 2026-10-08,,2.0,Kg,"ck_indent_delhi_24Sep-08Oct2026.csv (CK indent dispatch, net of returns); made_qty is CK-level (see Central Kitchen rows), not per store [24 Sep-8 Oct]"
Gurgaon Sec-15,Tomato Onion Chutney Bucket,2026-09-24 to 2026-10-08,,,Kg,"entp_consumption_east_north_24Sep-08Oct2026.csv (Indent Receive Qty); made_qty is CK-level (see Central Kitchen rows), not per store [24 Sep-8 Oct]"
Gurgaon Sec-15,Tomato Onion Powder Mix (1 Pkt = 24gm),2026-09-24 to 2026-10-08,,4.416,Kg,"ck_indent_delhi_24Sep-08Oct2026.csv (CK indent dispatch, net of returns); made_qty is CK-level (see Central Kitchen rows), not per store [24 Sep-8 Oct]"
Gurgaon Sec-15,Upma Mix (1pkt = 300gm),2026-09-24 to 2026-10-08,,1.8,Kg,"ck_indent_delhi_24Sep-08Oct2026.csv (CK indent dispatch, net of returns); made_qty is CK-level (see Central Kitchen rows), not per store [24 Sep-8 Oct]"
Kalkaji,Benne Dosa Batter (Pack Size -3 Kg ),2026-09-24 to 2026-10-08,,123.0,Kg,"ck_indent_delhi_24Sep-08Oct2026.csv (CK indent dispatch, net of returns); made_qty is CK-level (see Central Kitchen rows), not per store [24 Sep-8 Oct]"
Kalkaji,Boiled & Mashed Potato (1Pkt = 3Kg),2026-09-24 to 2026-10-08,,117.0,Kg,"ck_indent_delhi_24Sep-08Oct2026.csv (CK indent dispatch, net of returns); made_qty is CK-level (see Central Kitchen rows), not per store [24 Sep-8 Oct]"
Kalkaji,Boondi,2026-09-24 to 2026-10-08,,1.0,Kg,"ck_indent_delhi_24Sep-08Oct2026.csv (CK indent dispatch, net of returns); made_qty is CK-level (see Central Kitchen rows), not per store [24 Sep-8 Oct]"
Kalkaji,Chaat Masala Bucket,2026-09-24 to 2026-10-08,,0.5,Kg,"ck_indent_delhi_24Sep-08Oct2026.csv (CK indent dispatch, net of returns); made_qty is CK-level (see Central Kitchen rows), not per store [24 Sep-8 Oct]"
Kalkaji,Coconut Shredded,2026-09-24 to 2026-10-08,,50.0,Kg,"ck_indent_delhi_24Sep-08Oct2026.csv (CK indent dispatch, net of returns); made_qty is CK-level (see Central Kitchen rows), not per store [24 Sep-8 Oct]"
Kalkaji,Dadu`s Special Spicy Chutney,2026-09-24 to 2026-10-08,,,Kg,"entp_consumption_east_north_24Sep-08Oct2026.csv (Indent Receive Qty); made_qty is CK-level (see Central Kitchen rows), not per store [24 Sep-8 Oct]"
Kalkaji,Dahi Bucket Mix (1pkt =105gm),2026-09-24 to 2026-10-08,,2205.0,gm,"ck_indent_delhi_24Sep-08Oct2026.csv (CK indent dispatch, net of returns); made_qty is CK-level (see Central Kitchen rows), not per store [24 Sep-8 Oct]"
Kalkaji,Dosa Batter Mix,2026-09-24 to 2026-10-08,,280.0,Kg,"ck_indent_delhi_24Sep-08Oct2026.csv (CK indent dispatch, net of returns); made_qty is CK-level (see Central Kitchen rows), not per store [24 Sep-8 Oct]"
Kalkaji,Frozen Medu Vada (10pc),2026-09-24 to 2026-10-08,,,Pc,"entp_consumption_east_north_24Sep-08Oct2026.csv (Indent Receive Qty); made_qty is CK-level (see Central Kitchen rows), not per store [24 Sep-8 Oct]"
Kalkaji,Garam Masala Powder Bucket,2026-09-24 to 2026-10-08,,,Kg,"entp_consumption_east_north_24Sep-08Oct2026.csv (Indent Receive Qty); made_qty is CK-level (see Central Kitchen rows), not per store [24 Sep-8 Oct]"
Kalkaji,Garlic Chutney Bucket,2026-09-24 to 2026-10-08,,8.5,Kg,"ck_indent_delhi_24Sep-08Oct2026.csv (CK indent dispatch, net of returns); made_qty is CK-level (see Central Kitchen rows), not per store [24 Sep-8 Oct]"
Kalkaji,Idli Pc Raw (1 Pkt =40pc),2026-09-24 to 2026-10-08,,1530.0,Pc,"ck_indent_delhi_24Sep-08Oct2026.csv (CK indent dispatch, net of returns); made_qty is CK-level (see Central Kitchen rows), not per store [24 Sep-8 Oct]"
Kalkaji,Imli Water,2026-09-24 to 2026-10-08,,7.0,Ltr,"ck_indent_delhi_24Sep-08Oct2026.csv (CK indent dispatch, net of returns); made_qty is CK-level (see Central Kitchen rows), not per store [24 Sep-8 Oct]"
Kalkaji,Jain Potato Masala Bucket,2026-09-24 to 2026-10-08,,8.0,Kg,"ck_indent_delhi_24Sep-08Oct2026.csv (CK indent dispatch, net of returns); made_qty is CK-level (see Central Kitchen rows), not per store [24 Sep-8 Oct]"
Kalkaji,Jain Sambar - Delhi,2026-09-24 to 2026-10-08,,30.0,Ltr,"ck_indent_delhi_24Sep-08Oct2026.csv (CK indent dispatch, net of returns); made_qty is CK-level (see Central Kitchen rows), not per store [24 Sep-8 Oct]"
Kalkaji,Jain Sambar Bucket,2026-09-24 to 2026-10-08,,,Ltr,"entp_consumption_east_north_24Sep-08Oct2026.csv (Indent Receive Qty); made_qty is CK-level (see Central Kitchen rows), not per store [24 Sep-8 Oct]"
Kalkaji,Karam Podi Powder Bucket,2026-09-24 to 2026-10-08,,1.0,Kg,"ck_indent_delhi_24Sep-08Oct2026.csv (CK indent dispatch, net of returns); made_qty is CK-level (see Central Kitchen rows), not per store [24 Sep-8 Oct]"
Kalkaji,Kesari Halwa Mix  (1pkt = 550gm),2026-09-24 to 2026-10-08,,2.75,Kg,"ck_indent_delhi_24Sep-08Oct2026.csv (CK indent dispatch, net of returns); made_qty is CK-level (see Central Kitchen rows), not per store [24 Sep-8 Oct]"
Kalkaji,Korma Gravy Mix (1pkt=700gm),2026-09-24 to 2026-10-08,,15.4,Kg,"ck_indent_delhi_24Sep-08Oct2026.csv (CK indent dispatch, net of returns); made_qty is CK-level (see Central Kitchen rows), not per store [24 Sep-8 Oct]"
Kalkaji,Lemon Rice Bucket,2026-09-24 to 2026-10-08,,5.33,Kg,"ck_indent_delhi_24Sep-08Oct2026.csv (CK indent dispatch, net of returns); made_qty is CK-level (see Central Kitchen rows), not per store [24 Sep-8 Oct]"
Kalkaji,Malabar Paratha  (1pkt= 6Pcs),2026-09-24 to 2026-10-08,,,Pc,"entp_consumption_east_north_24Sep-08Oct2026.csv (Indent Receive Qty); made_qty is CK-level (see Central Kitchen rows), not per store [24 Sep-8 Oct]"
Kalkaji,Malabar Paratha Dough,2026-09-24 to 2026-10-08,,153.0,Pc,"ck_indent_delhi_24Sep-08Oct2026.csv (CK indent dispatch, net of returns); made_qty is CK-level (see Central Kitchen rows), not per store [24 Sep-8 Oct]"
Kalkaji,Malkapodi Bucket,2026-09-24 to 2026-10-08,,2.5,Kg,"ck_indent_delhi_24Sep-08Oct2026.csv (CK indent dispatch, net of returns); made_qty is CK-level (see Central Kitchen rows), not per store [24 Sep-8 Oct]"
Kalkaji,Medu Vada Batter Mix,2026-09-24 to 2026-10-08,,56.0,Kg,"ck_indent_delhi_24Sep-08Oct2026.csv (CK indent dispatch, net of returns); made_qty is CK-level (see Central Kitchen rows), not per store [24 Sep-8 Oct]"
Kalkaji,Medu Vada Batter Powder Mix (1 Pkt = 23gm),2026-09-24 to 2026-10-08,,1.269,Kg,"ck_indent_delhi_24Sep-08Oct2026.csv (CK indent dispatch, net of returns); made_qty is CK-level (see Central Kitchen rows), not per store [24 Sep-8 Oct]"
Kalkaji,Mysore Chutney Bucket,2026-09-24 to 2026-10-08,,7.0,Kg,"ck_indent_delhi_24Sep-08Oct2026.csv (CK indent dispatch, net of returns); made_qty is CK-level (see Central Kitchen rows), not per store [24 Sep-8 Oct]"
Kalkaji,Potato Masala Bucket,2026-09-24 to 2026-10-08,,,Kg,"entp_consumption_east_north_24Sep-08Oct2026.csv (Indent Receive Qty); made_qty is CK-level (see Central Kitchen rows), not per store [24 Sep-8 Oct]"
Kalkaji,Potato Masala Mix (1Pkt = 90Gm),2026-09-24 to 2026-10-08,,35.0,Pkt,"ck_indent_delhi_24Sep-08Oct2026.csv (CK indent dispatch, net of returns); made_qty is CK-level (see Central Kitchen rows), not per store [24 Sep-8 Oct]"
Kalkaji,Rasam Bucket,2026-09-24 to 2026-10-08,,,Ltr,"entp_consumption_east_north_24Sep-08Oct2026.csv (Indent Receive Qty); made_qty is CK-level (see Central Kitchen rows), not per store [24 Sep-8 Oct]"
Kalkaji,Rasam Chhoke Pre-Mix (2 Mix -6gm + 42gm)= 48gm,2026-09-24 to 2026-10-08,,0.192,Kg,"ck_indent_delhi_24Sep-08Oct2026.csv (CK indent dispatch, net of returns); made_qty is CK-level (see Central Kitchen rows), not per store [24 Sep-8 Oct]"
Kalkaji,Rasam Mix (1Pkt =15 gm),2026-09-24 to 2026-10-08,,0.06,Kg,"ck_indent_delhi_24Sep-08Oct2026.csv (CK indent dispatch, net of returns); made_qty is CK-level (see Central Kitchen rows), not per store [24 Sep-8 Oct]"
Kalkaji,Rava Powder Mix,2026-09-24 to 2026-10-08,,2.0,Kg,"ck_indent_delhi_24Sep-08Oct2026.csv (CK indent dispatch, net of returns); made_qty is CK-level (see Central Kitchen rows), not per store [24 Sep-8 Oct]"
Kalkaji,Raw Mango Chutney Bucket,2026-09-24 to 2026-10-08,,,Kg,"entp_consumption_east_north_24Sep-08Oct2026.csv (Indent Receive Qty); made_qty is CK-level (see Central Kitchen rows), not per store [24 Sep-8 Oct]"
Kalkaji,Raw Mango Pickle Bucket,2026-09-24 to 2026-10-08,,1.25,Kg,"ck_indent_delhi_24Sep-08Oct2026.csv (CK indent dispatch, net of returns); made_qty is CK-level (see Central Kitchen rows), not per store [24 Sep-8 Oct]"
Kalkaji,Raw mango Powder Mix (1 Pkt = 13gm),2026-09-24 to 2026-10-08,,0.169,Kg,"ck_indent_delhi_24Sep-08Oct2026.csv (CK indent dispatch, net of returns); made_qty is CK-level (see Central Kitchen rows), not per store [24 Sep-8 Oct]"
Kalkaji,Sambar Bucket,2026-09-24 to 2026-10-08,,,Ltr,"entp_consumption_east_north_24Sep-08Oct2026.csv (Indent Receive Qty); made_qty is CK-level (see Central Kitchen rows), not per store [24 Sep-8 Oct]"
Kalkaji,Sambar Bucket - Delhi,2026-09-24 to 2026-10-08,,530.0,Ltr,"ck_indent_delhi_24Sep-08Oct2026.csv (CK indent dispatch, net of returns); made_qty is CK-level (see Central Kitchen rows), not per store [24 Sep-8 Oct]"
Kalkaji,Special Daal Bucket,2026-09-24 to 2026-10-08,,3.0,Kg,"ck_indent_delhi_24Sep-08Oct2026.csv (CK indent dispatch, net of returns); made_qty is CK-level (see Central Kitchen rows), not per store [24 Sep-8 Oct]"
Kalkaji,Special White Coconut Chutney Bucket,2026-09-24 to 2026-10-08,,,Kg,"entp_consumption_east_north_24Sep-08Oct2026.csv (Indent Receive Qty); made_qty is CK-level (see Central Kitchen rows), not per store [24 Sep-8 Oct]"
Kalkaji,Spicy Coconut Chutney Bucket,2026-09-24 to 2026-10-08,,,Kg,"entp_consumption_east_north_24Sep-08Oct2026.csv (Indent Receive Qty); made_qty is CK-level (see Central Kitchen rows), not per store [24 Sep-8 Oct]"
Kalkaji,Spicy Coconut Chutney Mix 1Pkt (16gm),2026-09-24 to 2026-10-08,,,Kg,"entp_consumption_east_north_24Sep-08Oct2026.csv (Indent Receive Qty); made_qty is CK-level (see Central Kitchen rows), not per store [24 Sep-8 Oct]"
Kalkaji,Srivilli Kheer (1 Pc),2026-09-24 to 2026-10-08,,36.0,Pc,"ck_indent_delhi_24Sep-08Oct2026.csv (CK indent dispatch, net of returns); made_qty is CK-level (see Central Kitchen rows), not per store [24 Sep-8 Oct]"
Kalkaji,Steam Rice Bucket,2026-09-24 to 2026-10-08,,17.7,Kg,"ck_indent_delhi_24Sep-08Oct2026.csv (CK indent dispatch, net of returns); made_qty is CK-level (see Central Kitchen rows), not per store [24 Sep-8 Oct]"
Kalkaji,Sugar Syrup Bucket,2026-09-24 to 2026-10-08,,,Ltr,"entp_consumption_east_north_24Sep-08Oct2026.csv (Indent Receive Qty); made_qty is CK-level (see Central Kitchen rows), not per store [24 Sep-8 Oct]"
Kalkaji,Thatte Idli Pc Raw,2026-09-24 to 2026-10-08,,176.0,Pc,"ck_indent_delhi_24Sep-08Oct2026.csv (CK indent dispatch, net of returns); made_qty is CK-level (see Central Kitchen rows), not per store [24 Sep-8 Oct]"
Kalkaji,Thindi Malkapodi Powder Bucket,2026-09-24 to 2026-10-08,,1.5,Kg,"ck_indent_delhi_24Sep-08Oct2026.csv (CK indent dispatch, net of returns); made_qty is CK-level (see Central Kitchen rows), not per store [24 Sep-8 Oct]"
Kalkaji,Tomato Onion Chutney Bucket,2026-09-24 to 2026-10-08,,,Kg,"entp_consumption_east_north_24Sep-08Oct2026.csv (Indent Receive Qty); made_qty is CK-level (see Central Kitchen rows), not per store [24 Sep-8 Oct]"
Kalkaji,Tomato Onion Powder Mix (1 Pkt = 24gm),2026-09-24 to 2026-10-08,,3.456,Kg,"ck_indent_delhi_24Sep-08Oct2026.csv (CK indent dispatch, net of returns); made_qty is CK-level (see Central Kitchen rows), not per store [24 Sep-8 Oct]"
Kalkaji,Upma Mix (1pkt = 300gm),2026-09-24 to 2026-10-08,,,Kg,"entp_consumption_east_north_24Sep-08Oct2026.csv (Indent Receive Qty); made_qty is CK-level (see Central Kitchen rows), not per store [24 Sep-8 Oct]"
Model Town,Benne Dosa Batter (Pack Size -3 Kg ),2026-09-24 to 2026-10-08,,133.0,Kg,"ck_indent_delhi_24Sep-08Oct2026.csv (CK indent dispatch, net of returns); made_qty is CK-level (see Central Kitchen rows), not per store [24 Sep-8 Oct]"
Model Town,Boiled & Mashed Potato (1Pkt = 3Kg),2026-09-24 to 2026-10-08,,183.0,Kg,"ck_indent_delhi_24Sep-08Oct2026.csv (CK indent dispatch, net of returns); made_qty is CK-level (see Central Kitchen rows), not per store [24 Sep-8 Oct]"
Model Town,Boondi,2026-09-24 to 2026-10-08,,2.25,Kg,"ck_indent_delhi_24Sep-08Oct2026.csv (CK indent dispatch, net of returns); made_qty is CK-level (see Central Kitchen rows), not per store [24 Sep-8 Oct]"
Model Town,Chaat Masala Bucket,2026-09-24 to 2026-10-08,,1.0,Kg,"ck_indent_delhi_24Sep-08Oct2026.csv (CK indent dispatch, net of returns); made_qty is CK-level (see Central Kitchen rows), not per store [24 Sep-8 Oct]"
Model Town,Coconut Shredded,2026-09-24 to 2026-10-08,,60.0,Kg,"ck_indent_delhi_24Sep-08Oct2026.csv (CK indent dispatch, net of returns); made_qty is CK-level (see Central Kitchen rows), not per store [24 Sep-8 Oct]"
Model Town,Dahi Bucket Mix (1pkt =105gm),2026-09-24 to 2026-10-08,,3151.05,gm,"ck_indent_delhi_24Sep-08Oct2026.csv (CK indent dispatch, net of returns); made_qty is CK-level (see Central Kitchen rows), not per store [24 Sep-8 Oct]"
Model Town,Dosa Batter Mix,2026-09-24 to 2026-10-08,,395.0,Kg,"ck_indent_delhi_24Sep-08Oct2026.csv (CK indent dispatch, net of returns); made_qty is CK-level (see Central Kitchen rows), not per store [24 Sep-8 Oct]"
Model Town,Frozen Medu Vada (10pc),2026-09-24 to 2026-10-08,,,Pc,"entp_consumption_east_north_24Sep-08Oct2026.csv (Indent Receive Qty); made_qty is CK-level (see Central Kitchen rows), not per store [24 Sep-8 Oct]"
Model Town,Garam Masala Powder Bucket,2026-09-24 to 2026-10-08,,,Kg,"entp_consumption_east_north_24Sep-08Oct2026.csv (Indent Receive Qty); made_qty is CK-level (see Central Kitchen rows), not per store [24 Sep-8 Oct]"
Model Town,Garlic Chutney Bucket,2026-09-24 to 2026-10-08,,13.5,Kg,"ck_indent_delhi_24Sep-08Oct2026.csv (CK indent dispatch, net of returns); made_qty is CK-level (see Central Kitchen rows), not per store [24 Sep-8 Oct]"
Model Town,Idli Batter,2026-09-24 to 2026-10-08,,68.0,Kg,"ck_indent_delhi_24Sep-08Oct2026.csv (CK indent dispatch, net of returns); made_qty is CK-level (see Central Kitchen rows), not per store [24 Sep-8 Oct]"
Model Town,Idli Pc Raw (1 Pkt =40pc),2026-09-24 to 2026-10-08,,,Pc,"entp_consumption_east_north_24Sep-08Oct2026.csv (Indent Receive Qty); made_qty is CK-level (see Central Kitchen rows), not per store [24 Sep-8 Oct]"
Model Town,Imli Water,2026-09-24 to 2026-10-08,,12.0,Ltr,"ck_indent_delhi_24Sep-08Oct2026.csv (CK indent dispatch, net of returns); made_qty is CK-level (see Central Kitchen rows), not per store [24 Sep-8 Oct]"
Model Town,Jain Sambar - Delhi,2026-09-24 to 2026-10-08,,30.0,Ltr,"ck_indent_delhi_24Sep-08Oct2026.csv (CK indent dispatch, net of returns); made_qty is CK-level (see Central Kitchen rows), not per store [24 Sep-8 Oct]"
Model Town,Karam Podi Powder Bucket,2026-09-24 to 2026-10-08,,1.5,Kg,"ck_indent_delhi_24Sep-08Oct2026.csv (CK indent dispatch, net of returns); made_qty is CK-level (see Central Kitchen rows), not per store [24 Sep-8 Oct]"
Model Town,Kesari Halwa Mix  (1pkt = 550gm),2026-09-24 to 2026-10-08,,5.5,Kg,"ck_indent_delhi_24Sep-08Oct2026.csv (CK indent dispatch, net of returns); made_qty is CK-level (see Central Kitchen rows), not per store [24 Sep-8 Oct]"
Model Town,Korma Gravy Mix (1pkt=700gm),2026-09-24 to 2026-10-08,,21.7,Kg,"ck_indent_delhi_24Sep-08Oct2026.csv (CK indent dispatch, net of returns); made_qty is CK-level (see Central Kitchen rows), not per store [24 Sep-8 Oct]"
Model Town,Lemon Rice Bucket,2026-09-24 to 2026-10-08,,7.0,Kg,"ck_indent_delhi_24Sep-08Oct2026.csv (CK indent dispatch, net of returns); made_qty is CK-level (see Central Kitchen rows), not per store [24 Sep-8 Oct]"
Model Town,Malabar Paratha  (1pkt= 6Pcs),2026-09-24 to 2026-10-08,,48.0,Pc,"ck_indent_delhi_24Sep-08Oct2026.csv (CK indent dispatch, net of returns); made_qty is CK-level (see Central Kitchen rows), not per store [24 Sep-8 Oct]"
Model Town,Malabar Paratha Dough,2026-09-24 to 2026-10-08,,140.0,Pc,"ck_indent_delhi_24Sep-08Oct2026.csv (CK indent dispatch, net of returns); made_qty is CK-level (see Central Kitchen rows), not per store [24 Sep-8 Oct]"
Model Town,Malkapodi Bucket,2026-09-24 to 2026-10-08,,4.5,Kg,"ck_indent_delhi_24Sep-08Oct2026.csv (CK indent dispatch, net of returns); made_qty is CK-level (see Central Kitchen rows), not per store [24 Sep-8 Oct]"
Model Town,Mysore Chutney Bucket,2026-09-24 to 2026-10-08,,10.5,Kg,"ck_indent_delhi_24Sep-08Oct2026.csv (CK indent dispatch, net of returns); made_qty is CK-level (see Central Kitchen rows), not per store [24 Sep-8 Oct]"
Model Town,Potato Masala Bucket,2026-09-24 to 2026-10-08,,,Kg,"entp_consumption_east_north_24Sep-08Oct2026.csv (Indent Receive Qty); made_qty is CK-level (see Central Kitchen rows), not per store [24 Sep-8 Oct]"
Model Town,Potato Masala Mix (1Pkt = 90Gm),2026-09-24 to 2026-10-08,,48.0,Pkt,"ck_indent_delhi_24Sep-08Oct2026.csv (CK indent dispatch, net of returns); made_qty is CK-level (see Central Kitchen rows), not per store [24 Sep-8 Oct]"
Model Town,Rasam Bucket,2026-09-24 to 2026-10-08,,,Ltr,"entp_consumption_east_north_24Sep-08Oct2026.csv (Indent Receive Qty); made_qty is CK-level (see Central Kitchen rows), not per store [24 Sep-8 Oct]"
Model Town,Rasam Chhoke Pre-Mix (2 Mix -6gm + 42gm)= 48gm,2026-09-24 to 2026-10-08,,0.672,Kg,"ck_indent_delhi_24Sep-08Oct2026.csv (CK indent dispatch, net of returns); made_qty is CK-level (see Central Kitchen rows), not per store [24 Sep-8 Oct]"
Model Town,Rasam Mix (1Pkt =15 gm),2026-09-24 to 2026-10-08,,0.225,Kg,"ck_indent_delhi_24Sep-08Oct2026.csv (CK indent dispatch, net of returns); made_qty is CK-level (see Central Kitchen rows), not per store [24 Sep-8 Oct]"
Model Town,Rava Powder Mix,2026-09-24 to 2026-10-08,,10.0,Kg,"ck_indent_delhi_24Sep-08Oct2026.csv (CK indent dispatch, net of returns); made_qty is CK-level (see Central Kitchen rows), not per store [24 Sep-8 Oct]"
Model Town,Raw Mango Pickle Bucket,2026-09-24 to 2026-10-08,,1.0,Kg,"ck_indent_delhi_24Sep-08Oct2026.csv (CK indent dispatch, net of returns); made_qty is CK-level (see Central Kitchen rows), not per store [24 Sep-8 Oct]"
Model Town,Raw mango Powder Mix (1 Pkt = 13gm),2026-09-24 to 2026-10-08,,0.169,Kg,"ck_indent_delhi_24Sep-08Oct2026.csv (CK indent dispatch, net of returns); made_qty is CK-level (see Central Kitchen rows), not per store [24 Sep-8 Oct]"
Model Town,Sambar Bucket,2026-09-24 to 2026-10-08,,,Ltr,"entp_consumption_east_north_24Sep-08Oct2026.csv (Indent Receive Qty); made_qty is CK-level (see Central Kitchen rows), not per store [24 Sep-8 Oct]"
Model Town,Sambar Bucket - Delhi,2026-09-24 to 2026-10-08,,710.0,Ltr,"ck_indent_delhi_24Sep-08Oct2026.csv (CK indent dispatch, net of returns); made_qty is CK-level (see Central Kitchen rows), not per store [24 Sep-8 Oct]"
Model Town,Special Daal Bucket,2026-09-24 to 2026-10-08,,3.0,Kg,"ck_indent_delhi_24Sep-08Oct2026.csv (CK indent dispatch, net of returns); made_qty is CK-level (see Central Kitchen rows), not per store [24 Sep-8 Oct]"
Model Town,Special White Coconut Chutney Bucket,2026-09-24 to 2026-10-08,,,Kg,"entp_consumption_east_north_24Sep-08Oct2026.csv (Indent Receive Qty); made_qty is CK-level (see Central Kitchen rows), not per store [24 Sep-8 Oct]"
Model Town,Srivilli Kheer (1 Pc),2026-09-24 to 2026-10-08,,45.0,Pc,"ck_indent_delhi_24Sep-08Oct2026.csv (CK indent dispatch, net of returns); made_qty is CK-level (see Central Kitchen rows), not per store [24 Sep-8 Oct]"
Model Town,Steam Rice Bucket,2026-09-24 to 2026-10-08,,10.5,Kg,"ck_indent_delhi_24Sep-08Oct2026.csv (CK indent dispatch, net of returns); made_qty is CK-level (see Central Kitchen rows), not per store [24 Sep-8 Oct]"
Model Town,Thatte Idli Batter,2026-09-24 to 2026-10-08,,43.0,Kg,"ck_indent_delhi_24Sep-08Oct2026.csv (CK indent dispatch, net of returns); made_qty is CK-level (see Central Kitchen rows), not per store [24 Sep-8 Oct]"
Model Town,Thatte Idli Pc Raw,2026-09-24 to 2026-10-08,,,Pc,"entp_consumption_east_north_24Sep-08Oct2026.csv (Indent Receive Qty); made_qty is CK-level (see Central Kitchen rows), not per store [24 Sep-8 Oct]"
Model Town,Thindi Malkapodi Powder Bucket,2026-09-24 to 2026-10-08,,3.0,Kg,"ck_indent_delhi_24Sep-08Oct2026.csv (CK indent dispatch, net of returns); made_qty is CK-level (see Central Kitchen rows), not per store [24 Sep-8 Oct]"
Model Town,Tomato Onion Powder Mix (1 Pkt = 24gm),2026-09-24 to 2026-10-08,,6.336,Kg,"ck_indent_delhi_24Sep-08Oct2026.csv (CK indent dispatch, net of returns); made_qty is CK-level (see Central Kitchen rows), not per store [24 Sep-8 Oct]"
Model Town,Upma Mix (1pkt = 300gm),2026-09-24 to 2026-10-08,,3.0,Kg,"ck_indent_delhi_24Sep-08Oct2026.csv (CK indent dispatch, net of returns); made_qty is CK-level (see Central Kitchen rows), not per store [24 Sep-8 Oct]"
"Pacific Mall, Jasola",Benne Dosa Batter (Pack Size -3 Kg ),2026-09-24 to 2026-10-08,,163.0,Kg,"ck_indent_delhi_24Sep-08Oct2026.csv (CK indent dispatch, net of returns); made_qty is CK-level (see Central Kitchen rows), not per store [24 Sep-8 Oct]"
"Pacific Mall, Jasola",Boiled & Mashed Potato (1Pkt = 3Kg),2026-09-24 to 2026-10-08,,193.5,Kg,"ck_indent_delhi_24Sep-08Oct2026.csv (CK indent dispatch, net of returns); made_qty is CK-level (see Central Kitchen rows), not per store [24 Sep-8 Oct]"
"Pacific Mall, Jasola",Boondi,2026-09-24 to 2026-10-08,,1.5,Kg,"ck_indent_delhi_24Sep-08Oct2026.csv (CK indent dispatch, net of returns); made_qty is CK-level (see Central Kitchen rows), not per store [24 Sep-8 Oct]"
"Pacific Mall, Jasola",Chaat Masala Bucket,2026-09-24 to 2026-10-08,,0.9,Kg,"ck_indent_delhi_24Sep-08Oct2026.csv (CK indent dispatch, net of returns); made_qty is CK-level (see Central Kitchen rows), not per store [24 Sep-8 Oct]"
"Pacific Mall, Jasola",Coconut Shredded,2026-09-24 to 2026-10-08,,63.0,Kg,"ck_indent_delhi_24Sep-08Oct2026.csv (CK indent dispatch, net of returns); made_qty is CK-level (see Central Kitchen rows), not per store [24 Sep-8 Oct]"
"Pacific Mall, Jasola",Dahi Bucket Mix (1pkt =105gm),2026-09-24 to 2026-10-08,,2940.525,gm,"ck_indent_delhi_24Sep-08Oct2026.csv (CK indent dispatch, net of returns); made_qty is CK-level (see Central Kitchen rows), not per store [24 Sep-8 Oct]"
"Pacific Mall, Jasola",Dosa Batter Mix,2026-09-24 to 2026-10-08,,540.0,Kg,"ck_indent_delhi_24Sep-08Oct2026.csv (CK indent dispatch, net of returns); made_qty is CK-level (see Central Kitchen rows), not per store [24 Sep-8 Oct]"
"Pacific Mall, Jasola",Frozen Medu Vada (10pc),2026-09-24 to 2026-10-08,,,Pc,"entp_consumption_east_north_24Sep-08Oct2026.csv (Indent Receive Qty); made_qty is CK-level (see Central Kitchen rows), not per store [24 Sep-8 Oct]"
"Pacific Mall, Jasola",Garam Masala Powder Bucket,2026-09-24 to 2026-10-08,,0.2,Kg,"ck_indent_delhi_24Sep-08Oct2026.csv (CK indent dispatch, net of returns); made_qty is CK-level (see Central Kitchen rows), not per store [24 Sep-8 Oct]"
"Pacific Mall, Jasola",Garlic Chutney Bucket,2026-09-24 to 2026-10-08,,15.0,Kg,"ck_indent_delhi_24Sep-08Oct2026.csv (CK indent dispatch, net of returns); made_qty is CK-level (see Central Kitchen rows), not per store [24 Sep-8 Oct]"
"Pacific Mall, Jasola",Idli Batter,2026-09-24 to 2026-10-08,,89.0,Kg,"ck_indent_delhi_24Sep-08Oct2026.csv (CK indent dispatch, net of returns); made_qty is CK-level (see Central Kitchen rows), not per store [24 Sep-8 Oct]"
"Pacific Mall, Jasola",Idli Pc Raw (1 Pkt =40pc),2026-09-24 to 2026-10-08,,,Pc,"entp_consumption_east_north_24Sep-08Oct2026.csv (Indent Receive Qty); made_qty is CK-level (see Central Kitchen rows), not per store [24 Sep-8 Oct]"
"Pacific Mall, Jasola",Imli Water,2026-09-24 to 2026-10-08,,15.0,Ltr,"ck_indent_delhi_24Sep-08Oct2026.csv (CK indent dispatch, net of returns); made_qty is CK-level (see Central Kitchen rows), not per store [24 Sep-8 Oct]"
"Pacific Mall, Jasola",Jain Potato Masala Bucket,2026-09-24 to 2026-10-08,,8.1,Kg,"ck_indent_delhi_24Sep-08Oct2026.csv (CK indent dispatch, net of returns); made_qty is CK-level (see Central Kitchen rows), not per store [24 Sep-8 Oct]"
"Pacific Mall, Jasola",Jain Sambar - Delhi,2026-09-24 to 2026-10-08,,32.0,Ltr,"ck_indent_delhi_24Sep-08Oct2026.csv (CK indent dispatch, net of returns); made_qty is CK-level (see Central Kitchen rows), not per store [24 Sep-8 Oct]"
"Pacific Mall, Jasola",Karam Podi Powder Bucket,2026-09-24 to 2026-10-08,,2.0,Kg,"ck_indent_delhi_24Sep-08Oct2026.csv (CK indent dispatch, net of returns); made_qty is CK-level (see Central Kitchen rows), not per store [24 Sep-8 Oct]"
"Pacific Mall, Jasola",Kesari Halwa Mix  (1pkt = 550gm),2026-09-24 to 2026-10-08,,9.31,Kg,"ck_indent_delhi_24Sep-08Oct2026.csv (CK indent dispatch, net of returns); made_qty is CK-level (see Central Kitchen rows), not per store [24 Sep-8 Oct]"
"Pacific Mall, Jasola",Korma Gravy Mix (1pkt=700gm),2026-09-24 to 2026-10-08,,30.8,Kg,"ck_indent_delhi_24Sep-08Oct2026.csv (CK indent dispatch, net of returns); made_qty is CK-level (see Central Kitchen rows), not per store [24 Sep-8 Oct]"
"Pacific Mall, Jasola",Lemon Rice Bucket,2026-09-24 to 2026-10-08,,8.5,Kg,"ck_indent_delhi_24Sep-08Oct2026.csv (CK indent dispatch, net of returns); made_qty is CK-level (see Central Kitchen rows), not per store [24 Sep-8 Oct]"
"Pacific Mall, Jasola",Malabar Paratha  (1pkt= 6Pcs),2026-09-24 to 2026-10-08,,12.0,Pc,"ck_indent_delhi_24Sep-08Oct2026.csv (CK indent dispatch, net of returns); made_qty is CK-level (see Central Kitchen rows), not per store [24 Sep-8 Oct]"
"Pacific Mall, Jasola",Malabar Paratha Dough,2026-09-24 to 2026-10-08,,245.0,Pc,"ck_indent_delhi_24Sep-08Oct2026.csv (CK indent dispatch, net of returns); made_qty is CK-level (see Central Kitchen rows), not per store [24 Sep-8 Oct]"
"Pacific Mall, Jasola",Malkapodi Bucket,2026-09-24 to 2026-10-08,,4.5,Kg,"ck_indent_delhi_24Sep-08Oct2026.csv (CK indent dispatch, net of returns); made_qty is CK-level (see Central Kitchen rows), not per store [24 Sep-8 Oct]"
"Pacific Mall, Jasola",Medu Vada Batter,2026-09-24 to 2026-10-08,,,Kg,"entp_consumption_east_north_24Sep-08Oct2026.csv (Indent Receive Qty); made_qty is CK-level (see Central Kitchen rows), not per store [24 Sep-8 Oct]"
"Pacific Mall, Jasola",Medu Vada Batter Mix,2026-09-24 to 2026-10-08,,53.0,Kg,"ck_indent_delhi_24Sep-08Oct2026.csv (CK indent dispatch, net of returns); made_qty is CK-level (see Central Kitchen rows), not per store [24 Sep-8 Oct]"
"Pacific Mall, Jasola",Medu Vada Batter Powder Mix (1 Pkt = 23gm),2026-09-24 to 2026-10-08,,1.1,Kg,"ck_indent_delhi_24Sep-08Oct2026.csv (CK indent dispatch, net of returns); made_qty is CK-level (see Central Kitchen rows), not per store [24 Sep-8 Oct]"
"Pacific Mall, Jasola",Mysore Chutney Bucket,2026-09-24 to 2026-10-08,,26.0,Kg,"ck_indent_delhi_24Sep-08Oct2026.csv (CK indent dispatch, net of returns); made_qty is CK-level (see Central Kitchen rows), not per store [24 Sep-8 Oct]"
"Pacific Mall, Jasola",Potato Masala Bucket,2026-09-24 to 2026-10-08,,,Kg,"entp_consumption_east_north_24Sep-08Oct2026.csv (Indent Receive Qty); made_qty is CK-level (see Central Kitchen rows), not per store [24 Sep-8 Oct]"
"Pacific Mall, Jasola",Potato Masala Mix (1Pkt = 90Gm),2026-09-24 to 2026-10-08,,61.0,Pkt,"ck_indent_delhi_24Sep-08Oct2026.csv (CK indent dispatch, net of returns); made_qty is CK-level (see Central Kitchen rows), not per store [24 Sep-8 Oct]"
"Pacific Mall, Jasola",Rasam Bucket,2026-09-24 to 2026-10-08,,,Ltr,"entp_consumption_east_north_24Sep-08Oct2026.csv (Indent Receive Qty); made_qty is CK-level (see Central Kitchen rows), not per store [24 Sep-8 Oct]"
"Pacific Mall, Jasola",Rasam Chhoke Pre-Mix (2 Mix -6gm + 42gm)= 48gm,2026-09-24 to 2026-10-08,,1.008,Kg,"ck_indent_delhi_24Sep-08Oct2026.csv (CK indent dispatch, net of returns); made_qty is CK-level (see Central Kitchen rows), not per store [24 Sep-8 Oct]"
"Pacific Mall, Jasola",Rasam Mix (1Pkt =15 gm),2026-09-24 to 2026-10-08,,0.315,Kg,"ck_indent_delhi_24Sep-08Oct2026.csv (CK indent dispatch, net of returns); made_qty is CK-level (see Central Kitchen rows), not per store [24 Sep-8 Oct]"
"Pacific Mall, Jasola",Rava Powder Mix,2026-09-24 to 2026-10-08,,12.0,Kg,"ck_indent_delhi_24Sep-08Oct2026.csv (CK indent dispatch, net of returns); made_qty is CK-level (see Central Kitchen rows), not per store [24 Sep-8 Oct]"
"Pacific Mall, Jasola",Raw Mango Chutney Bucket,2026-09-24 to 2026-10-08,,,Kg,"entp_consumption_east_north_24Sep-08Oct2026.csv (Indent Receive Qty); made_qty is CK-level (see Central Kitchen rows), not per store [24 Sep-8 Oct]"
"Pacific Mall, Jasola",Raw Mango Pickle Bucket,2026-09-24 to 2026-10-08,,1.25,Kg,"ck_indent_delhi_24Sep-08Oct2026.csv (CK indent dispatch, net of returns); made_qty is CK-level (see Central Kitchen rows), not per store [24 Sep-8 Oct]"
"Pacific Mall, Jasola",Raw mango Powder Mix (1 Pkt = 13gm),2026-09-24 to 2026-10-08,,0.221,Kg,"ck_indent_delhi_24Sep-08Oct2026.csv (CK indent dispatch, net of returns); made_qty is CK-level (see Central Kitchen rows), not per store [24 Sep-8 Oct]"
"Pacific Mall, Jasola",Sambar Bucket - Delhi,2026-09-24 to 2026-10-08,,915.0,Ltr,"ck_indent_delhi_24Sep-08Oct2026.csv (CK indent dispatch, net of returns); made_qty is CK-level (see Central Kitchen rows), not per store [24 Sep-8 Oct]"
"Pacific Mall, Jasola",Special Daal Bucket,2026-09-24 to 2026-10-08,,3.0,Kg,"ck_indent_delhi_24Sep-08Oct2026.csv (CK indent dispatch, net of returns); made_qty is CK-level (see Central Kitchen rows), not per store [24 Sep-8 Oct]"
"Pacific Mall, Jasola",Spicy Coconut Chutney Mix 1Pkt (16gm),2026-09-24 to 2026-10-08,,,Kg,"entp_consumption_east_north_24Sep-08Oct2026.csv (Indent Receive Qty); made_qty is CK-level (see Central Kitchen rows), not per store [24 Sep-8 Oct]"
"Pacific Mall, Jasola",Srivilli Kheer (1 Pc),2026-09-24 to 2026-10-08,,67.0,Pc,"ck_indent_delhi_24Sep-08Oct2026.csv (CK indent dispatch, net of returns); made_qty is CK-level (see Central Kitchen rows), not per store [24 Sep-8 Oct]"
"Pacific Mall, Jasola",Steam Rice Bucket,2026-09-24 to 2026-10-08,,24.0,Kg,"ck_indent_delhi_24Sep-08Oct2026.csv (CK indent dispatch, net of returns); made_qty is CK-level (see Central Kitchen rows), not per store [24 Sep-8 Oct]"
"Pacific Mall, Jasola",Sugar Syrup Bucket,2026-09-24 to 2026-10-08,,,Ltr,"entp_consumption_east_north_24Sep-08Oct2026.csv (Indent Receive Qty); made_qty is CK-level (see Central Kitchen rows), not per store [24 Sep-8 Oct]"
"Pacific Mall, Jasola",Thatte Idli Batter,2026-09-24 to 2026-10-08,,52.0,Kg,"ck_indent_delhi_24Sep-08Oct2026.csv (CK indent dispatch, net of returns); made_qty is CK-level (see Central Kitchen rows), not per store [24 Sep-8 Oct]"
"Pacific Mall, Jasola",Thatte Idli Pc Raw,2026-09-24 to 2026-10-08,,,Pc,"entp_consumption_east_north_24Sep-08Oct2026.csv (Indent Receive Qty); made_qty is CK-level (see Central Kitchen rows), not per store [24 Sep-8 Oct]"
"Pacific Mall, Jasola",Thindi Malkapodi Powder Bucket,2026-09-24 to 2026-10-08,,4.5,Kg,"ck_indent_delhi_24Sep-08Oct2026.csv (CK indent dispatch, net of returns); made_qty is CK-level (see Central Kitchen rows), not per store [24 Sep-8 Oct]"
"Pacific Mall, Jasola",Tomato Onion Chutney Bucket,2026-09-24 to 2026-10-08,,,Kg,"entp_consumption_east_north_24Sep-08Oct2026.csv (Indent Receive Qty); made_qty is CK-level (see Central Kitchen rows), not per store [24 Sep-8 Oct]"
"Pacific Mall, Jasola",Tomato Onion Powder Mix (1 Pkt = 24gm),2026-09-24 to 2026-10-08,,5.184,Kg,"ck_indent_delhi_24Sep-08Oct2026.csv (CK indent dispatch, net of returns); made_qty is CK-level (see Central Kitchen rows), not per store [24 Sep-8 Oct]"
"Pacific Mall, Jasola",Upma Mix (1pkt = 300gm),2026-09-24 to 2026-10-08,,4.5,Kg,"ck_indent_delhi_24Sep-08Oct2026.csv (CK indent dispatch, net of returns); made_qty is CK-level (see Central Kitchen rows), not per store [24 Sep-8 Oct]"
Paschim Vihar,Benne Dosa Batter (Pack Size -3 Kg ),2026-09-24 to 2026-10-08,,75.0,Kg,"ck_indent_delhi_24Sep-08Oct2026.csv (CK indent dispatch, net of returns); made_qty is CK-level (see Central Kitchen rows), not per store [24 Sep-8 Oct]"
Paschim Vihar,Boiled & Mashed Potato (1Pkt = 3Kg),2026-09-24 to 2026-10-08,,93.0,Kg,"ck_indent_delhi_24Sep-08Oct2026.csv (CK indent dispatch, net of returns); made_qty is CK-level (see Central Kitchen rows), not per store [24 Sep-8 Oct]"
Paschim Vihar,Boondi,2026-09-24 to 2026-10-08,,1.0,Kg,"ck_indent_delhi_24Sep-08Oct2026.csv (CK indent dispatch, net of returns); made_qty is CK-level (see Central Kitchen rows), not per store [24 Sep-8 Oct]"
Paschim Vihar,Chaat Masala Bucket,2026-09-24 to 2026-10-08,,0.5,Kg,"ck_indent_delhi_24Sep-08Oct2026.csv (CK indent dispatch, net of returns); made_qty is CK-level (see Central Kitchen rows), not per store [24 Sep-8 Oct]"
Paschim Vihar,Coconut Shredded,2026-09-24 to 2026-10-08,,37.0,Kg,"ck_indent_delhi_24Sep-08Oct2026.csv (CK indent dispatch, net of returns); made_qty is CK-level (see Central Kitchen rows), not per store [24 Sep-8 Oct]"
Paschim Vihar,Dahi Bucket Mix (1pkt =105gm),2026-09-24 to 2026-10-08,,421.47,gm,"ck_indent_delhi_24Sep-08Oct2026.csv (CK indent dispatch, net of returns); made_qty is CK-level (see Central Kitchen rows), not per store [24 Sep-8 Oct]"
Paschim Vihar,Dosa Batter Mix,2026-09-24 to 2026-10-08,,235.0,Kg,"ck_indent_delhi_24Sep-08Oct2026.csv (CK indent dispatch, net of returns); made_qty is CK-level (see Central Kitchen rows), not per store [24 Sep-8 Oct]"
Paschim Vihar,Frozen Medu Vada (10pc),2026-09-24 to 2026-10-08,,,Pc,"entp_consumption_east_north_24Sep-08Oct2026.csv (Indent Receive Qty); made_qty is CK-level (see Central Kitchen rows), not per store [24 Sep-8 Oct]"
Paschim Vihar,Garam Masala Powder Bucket,2026-09-24 to 2026-10-08,,,Kg,"entp_consumption_east_north_24Sep-08Oct2026.csv (Indent Receive Qty); made_qty is CK-level (see Central Kitchen rows), not per store [24 Sep-8 Oct]"
Paschim Vihar,Garlic Chutney Bucket,2026-09-24 to 2026-10-08,,8.0,Kg,"ck_indent_delhi_24Sep-08Oct2026.csv (CK indent dispatch, net of returns); made_qty is CK-level (see Central Kitchen rows), not per store [24 Sep-8 Oct]"
Paschim Vihar,Idli Pc Raw (1 Pkt =40pc),2026-09-24 to 2026-10-08,,800.0,Pc,"ck_indent_delhi_24Sep-08Oct2026.csv (CK indent dispatch, net of returns); made_qty is CK-level (see Central Kitchen rows), not per store [24 Sep-8 Oct]"
Paschim Vihar,Imli Water,2026-09-24 to 2026-10-08,,7.0,Ltr,"ck_indent_delhi_24Sep-08Oct2026.csv (CK indent dispatch, net of returns); made_qty is CK-level (see Central Kitchen rows), not per store [24 Sep-8 Oct]"
Paschim Vihar,Jain Potato Masala Bucket,2026-09-24 to 2026-10-08,,8.0,Kg,"ck_indent_delhi_24Sep-08Oct2026.csv (CK indent dispatch, net of returns); made_qty is CK-level (see Central Kitchen rows), not per store [24 Sep-8 Oct]"
Paschim Vihar,Jain Sambar - Delhi,2026-09-24 to 2026-10-08,,16.0,Ltr,"ck_indent_delhi_24Sep-08Oct2026.csv (CK indent dispatch, net of returns); made_qty is CK-level (see Central Kitchen rows), not per store [24 Sep-8 Oct]"
Paschim Vihar,Jain Sambar Bucket,2026-09-24 to 2026-10-08,,,Ltr,"entp_consumption_east_north_24Sep-08Oct2026.csv (Indent Receive Qty); made_qty is CK-level (see Central Kitchen rows), not per store [24 Sep-8 Oct]"
Paschim Vihar,Karam Podi Powder Bucket,2026-09-24 to 2026-10-08,,2.0,Kg,"ck_indent_delhi_24Sep-08Oct2026.csv (CK indent dispatch, net of returns); made_qty is CK-level (see Central Kitchen rows), not per store [24 Sep-8 Oct]"
Paschim Vihar,Kesari Halwa Mix  (1pkt = 550gm),2026-09-24 to 2026-10-08,,2.2,Kg,"ck_indent_delhi_24Sep-08Oct2026.csv (CK indent dispatch, net of returns); made_qty is CK-level (see Central Kitchen rows), not per store [24 Sep-8 Oct]"
Paschim Vihar,Korma Gravy Mix (1pkt=700gm),2026-09-24 to 2026-10-08,,11.2,Kg,"ck_indent_delhi_24Sep-08Oct2026.csv (CK indent dispatch, net of returns); made_qty is CK-level (see Central Kitchen rows), not per store [24 Sep-8 Oct]"
Paschim Vihar,Lemon Rice Bucket,2026-09-24 to 2026-10-08,,3.5,Kg,"ck_indent_delhi_24Sep-08Oct2026.csv (CK indent dispatch, net of returns); made_qty is CK-level (see Central Kitchen rows), not per store [24 Sep-8 Oct]"
Paschim Vihar,Malabar Paratha  (1pkt= 6Pcs),2026-09-24 to 2026-10-08,,,Pc,"entp_consumption_east_north_24Sep-08Oct2026.csv (Indent Receive Qty); made_qty is CK-level (see Central Kitchen rows), not per store [24 Sep-8 Oct]"
Paschim Vihar,Malabar Paratha Dough,2026-09-24 to 2026-10-08,,96.0,Pc,"ck_indent_delhi_24Sep-08Oct2026.csv (CK indent dispatch, net of returns); made_qty is CK-level (see Central Kitchen rows), not per store [24 Sep-8 Oct]"
Paschim Vihar,Malkapodi Bucket,2026-09-24 to 2026-10-08,,3.0,Kg,"ck_indent_delhi_24Sep-08Oct2026.csv (CK indent dispatch, net of returns); made_qty is CK-level (see Central Kitchen rows), not per store [24 Sep-8 Oct]"
Paschim Vihar,Medu Vada Batter,2026-09-24 to 2026-10-08,,,Kg,"entp_consumption_east_north_24Sep-08Oct2026.csv (Indent Receive Qty); made_qty is CK-level (see Central Kitchen rows), not per store [24 Sep-8 Oct]"
Paschim Vihar,Medu Vada Batter Mix,2026-09-24 to 2026-10-08,,,Kg,"entp_consumption_east_north_24Sep-08Oct2026.csv (Indent Receive Qty); made_qty is CK-level (see Central Kitchen rows), not per store [24 Sep-8 Oct]"
Paschim Vihar,Medu Vada Batter Powder Mix (1 Pkt = 23gm),2026-09-24 to 2026-10-08,,0.512,Kg,"ck_indent_delhi_24Sep-08Oct2026.csv (CK indent dispatch, net of returns); made_qty is CK-level (see Central Kitchen rows), not per store [24 Sep-8 Oct]"
Paschim Vihar,Mysore Chutney Bucket,2026-09-24 to 2026-10-08,,7.0,Kg,"ck_indent_delhi_24Sep-08Oct2026.csv (CK indent dispatch, net of returns); made_qty is CK-level (see Central Kitchen rows), not per store [24 Sep-8 Oct]"
Paschim Vihar,Potato Masala Bucket,2026-09-24 to 2026-10-08,,,Kg,"entp_consumption_east_north_24Sep-08Oct2026.csv (Indent Receive Qty); made_qty is CK-level (see Central Kitchen rows), not per store [24 Sep-8 Oct]"
Paschim Vihar,Potato Masala Mix (1Pkt = 90Gm),2026-09-24 to 2026-10-08,,31.0,Pkt,"ck_indent_delhi_24Sep-08Oct2026.csv (CK indent dispatch, net of returns); made_qty is CK-level (see Central Kitchen rows), not per store [24 Sep-8 Oct]"
Paschim Vihar,Rasam Bucket,2026-09-24 to 2026-10-08,,,Ltr,"entp_consumption_east_north_24Sep-08Oct2026.csv (Indent Receive Qty); made_qty is CK-level (see Central Kitchen rows), not per store [24 Sep-8 Oct]"
Paschim Vihar,Rasam Chhoke Pre-Mix (2 Mix -6gm + 42gm)= 48gm,2026-09-24 to 2026-10-08,,0.192,Kg,"ck_indent_delhi_24Sep-08Oct2026.csv (CK indent dispatch, net of returns); made_qty is CK-level (see Central Kitchen rows), not per store [24 Sep-8 Oct]"
Paschim Vihar,Rasam Mix (1Pkt =15 gm),2026-09-24 to 2026-10-08,,0.06,Kg,"ck_indent_delhi_24Sep-08Oct2026.csv (CK indent dispatch, net of returns); made_qty is CK-level (see Central Kitchen rows), not per store [24 Sep-8 Oct]"
Paschim Vihar,Rava Powder Mix,2026-09-24 to 2026-10-08,,7.0,Kg,"ck_indent_delhi_24Sep-08Oct2026.csv (CK indent dispatch, net of returns); made_qty is CK-level (see Central Kitchen rows), not per store [24 Sep-8 Oct]"
Paschim Vihar,Raw Mango Chutney Bucket,2026-09-24 to 2026-10-08,,,Kg,"entp_consumption_east_north_24Sep-08Oct2026.csv (Indent Receive Qty); made_qty is CK-level (see Central Kitchen rows), not per store [24 Sep-8 Oct]"
Paschim Vihar,Raw Mango Pickle Bucket,2026-09-24 to 2026-10-08,,0.5,Kg,"ck_indent_delhi_24Sep-08Oct2026.csv (CK indent dispatch, net of returns); made_qty is CK-level (see Central Kitchen rows), not per store [24 Sep-8 Oct]"
Paschim Vihar,Raw mango Powder Mix (1 Pkt = 13gm),2026-09-24 to 2026-10-08,,0.013,Kg,"ck_indent_delhi_24Sep-08Oct2026.csv (CK indent dispatch, net of returns); made_qty is CK-level (see Central Kitchen rows), not per store [24 Sep-8 Oct]"
Paschim Vihar,Sambar Bucket,2026-09-24 to 2026-10-08,,,Ltr,"entp_consumption_east_north_24Sep-08Oct2026.csv (Indent Receive Qty); made_qty is CK-level (see Central Kitchen rows), not per store [24 Sep-8 Oct]"
Paschim Vihar,Sambar Bucket - Delhi,2026-09-24 to 2026-10-08,,440.0,Ltr,"ck_indent_delhi_24Sep-08Oct2026.csv (CK indent dispatch, net of returns); made_qty is CK-level (see Central Kitchen rows), not per store [24 Sep-8 Oct]"
Paschim Vihar,Special Daal Bucket,2026-09-24 to 2026-10-08,,3.0,Kg,"ck_indent_delhi_24Sep-08Oct2026.csv (CK indent dispatch, net of returns); made_qty is CK-level (see Central Kitchen rows), not per store [24 Sep-8 Oct]"
Paschim Vihar,Special White Coconut Chutney Bucket,2026-09-24 to 2026-10-08,,,Kg,"entp_consumption_east_north_24Sep-08Oct2026.csv (Indent Receive Qty); made_qty is CK-level (see Central Kitchen rows), not per store [24 Sep-8 Oct]"
Paschim Vihar,Spicy Coconut Chutney Mix 1Pkt (16gm),2026-09-24 to 2026-10-08,,,Kg,"entp_consumption_east_north_24Sep-08Oct2026.csv (Indent Receive Qty); made_qty is CK-level (see Central Kitchen rows), not per store [24 Sep-8 Oct]"
Paschim Vihar,Srivilli Kheer (1 Pc),2026-09-24 to 2026-10-08,,30.0,Pc,"ck_indent_delhi_24Sep-08Oct2026.csv (CK indent dispatch, net of returns); made_qty is CK-level (see Central Kitchen rows), not per store [24 Sep-8 Oct]"
Paschim Vihar,Steam Rice Bucket,2026-09-24 to 2026-10-08,,7.5,Kg,"ck_indent_delhi_24Sep-08Oct2026.csv (CK indent dispatch, net of returns); made_qty is CK-level (see Central Kitchen rows), not per store [24 Sep-8 Oct]"
Paschim Vihar,Sugar Syrup Bucket,2026-09-24 to 2026-10-08,,,Ltr,"entp_consumption_east_north_24Sep-08Oct2026.csv (Indent Receive Qty); made_qty is CK-level (see Central Kitchen rows), not per store [24 Sep-8 Oct]"
Paschim Vihar,Thatte Idli Pc Raw,2026-09-24 to 2026-10-08,,182.0,Pc,"ck_indent_delhi_24Sep-08Oct2026.csv (CK indent dispatch, net of returns); made_qty is CK-level (see Central Kitchen rows), not per store [24 Sep-8 Oct]"
Paschim Vihar,Thindi Malkapodi Powder Bucket,2026-09-24 to 2026-10-08,,2.0,Kg,"ck_indent_delhi_24Sep-08Oct2026.csv (CK indent dispatch, net of returns); made_qty is CK-level (see Central Kitchen rows), not per store [24 Sep-8 Oct]"
Paschim Vihar,Tomato Onion Chutney Bucket,2026-09-24 to 2026-10-08,,,Kg,"entp_consumption_east_north_24Sep-08Oct2026.csv (Indent Receive Qty); made_qty is CK-level (see Central Kitchen rows), not per store [24 Sep-8 Oct]"
Paschim Vihar,Tomato Onion Powder Mix (1 Pkt = 24gm),2026-09-24 to 2026-10-08,,3.272,Kg,"ck_indent_delhi_24Sep-08Oct2026.csv (CK indent dispatch, net of returns); made_qty is CK-level (see Central Kitchen rows), not per store [24 Sep-8 Oct]"
Paschim Vihar,Upma Mix (1pkt = 300gm),2026-09-24 to 2026-10-08,,2.1,Kg,"ck_indent_delhi_24Sep-08Oct2026.csv (CK indent dispatch, net of returns); made_qty is CK-level (see Central Kitchen rows), not per store [24 Sep-8 Oct]"
Rohini Sec-7,Benne Dosa Batter (Pack Size -3 Kg ),2026-09-24 to 2026-10-08,,153.0,Kg,"ck_indent_delhi_24Sep-08Oct2026.csv (CK indent dispatch, net of returns); made_qty is CK-level (see Central Kitchen rows), not per store [24 Sep-8 Oct]"
Rohini Sec-7,Boiled & Mashed Potato (1Pkt = 3Kg),2026-09-24 to 2026-10-08,,213.0,Kg,"ck_indent_delhi_24Sep-08Oct2026.csv (CK indent dispatch, net of returns); made_qty is CK-level (see Central Kitchen rows), not per store [24 Sep-8 Oct]"
Rohini Sec-7,Boondi,2026-09-24 to 2026-10-08,,1.0,Kg,"ck_indent_delhi_24Sep-08Oct2026.csv (CK indent dispatch, net of returns); made_qty is CK-level (see Central Kitchen rows), not per store [24 Sep-8 Oct]"
Rohini Sec-7,Chaat Masala Bucket,2026-09-24 to 2026-10-08,,1.0,Kg,"ck_indent_delhi_24Sep-08Oct2026.csv (CK indent dispatch, net of returns); made_qty is CK-level (see Central Kitchen rows), not per store [24 Sep-8 Oct]"
Rohini Sec-7,Coconut Shredded,2026-09-24 to 2026-10-08,,78.0,Kg,"ck_indent_delhi_24Sep-08Oct2026.csv (CK indent dispatch, net of returns); made_qty is CK-level (see Central Kitchen rows), not per store [24 Sep-8 Oct]"
Rohini Sec-7,Dahi Bucket Mix (1pkt =105gm),2026-09-24 to 2026-10-08,,2100.0,gm,"ck_indent_delhi_24Sep-08Oct2026.csv (CK indent dispatch, net of returns); made_qty is CK-level (see Central Kitchen rows), not per store [24 Sep-8 Oct]"
Rohini Sec-7,Dosa Batter Mix,2026-09-24 to 2026-10-08,,455.0,Kg,"ck_indent_delhi_24Sep-08Oct2026.csv (CK indent dispatch, net of returns); made_qty is CK-level (see Central Kitchen rows), not per store [24 Sep-8 Oct]"
Rohini Sec-7,Frozen Medu Vada (10pc),2026-09-24 to 2026-10-08,,,Pc,"entp_consumption_east_north_24Sep-08Oct2026.csv (Indent Receive Qty); made_qty is CK-level (see Central Kitchen rows), not per store [24 Sep-8 Oct]"
Rohini Sec-7,Garam Masala Powder Bucket,2026-09-24 to 2026-10-08,,,Kg,"entp_consumption_east_north_24Sep-08Oct2026.csv (Indent Receive Qty); made_qty is CK-level (see Central Kitchen rows), not per store [24 Sep-8 Oct]"
Rohini Sec-7,Garlic Chutney Bucket,2026-09-24 to 2026-10-08,,15.5,Kg,"ck_indent_delhi_24Sep-08Oct2026.csv (CK indent dispatch, net of returns); made_qty is CK-level (see Central Kitchen rows), not per store [24 Sep-8 Oct]"
Rohini Sec-7,Idli Pc Raw (1 Pkt =40pc),2026-09-24 to 2026-10-08,,1580.0,Pc,"ck_indent_delhi_24Sep-08Oct2026.csv (CK indent dispatch, net of returns); made_qty is CK-level (see Central Kitchen rows), not per store [24 Sep-8 Oct]"
Rohini Sec-7,Imli Water,2026-09-24 to 2026-10-08,,17.0,Ltr,"ck_indent_delhi_24Sep-08Oct2026.csv (CK indent dispatch, net of returns); made_qty is CK-level (see Central Kitchen rows), not per store [24 Sep-8 Oct]"
Rohini Sec-7,Jain Sambar - Delhi,2026-09-24 to 2026-10-08,,45.0,Ltr,"ck_indent_delhi_24Sep-08Oct2026.csv (CK indent dispatch, net of returns); made_qty is CK-level (see Central Kitchen rows), not per store [24 Sep-8 Oct]"
Rohini Sec-7,Karam Podi Powder Bucket,2026-09-24 to 2026-10-08,,3.5,Kg,"ck_indent_delhi_24Sep-08Oct2026.csv (CK indent dispatch, net of returns); made_qty is CK-level (see Central Kitchen rows), not per store [24 Sep-8 Oct]"
Rohini Sec-7,Kesari Halwa Mix  (1pkt = 550gm),2026-09-24 to 2026-10-08,,4.4,Kg,"ck_indent_delhi_24Sep-08Oct2026.csv (CK indent dispatch, net of returns); made_qty is CK-level (see Central Kitchen rows), not per store [24 Sep-8 Oct]"
Rohini Sec-7,Korma Gravy Mix (1pkt=700gm),2026-09-24 to 2026-10-08,,21.0,Kg,"ck_indent_delhi_24Sep-08Oct2026.csv (CK indent dispatch, net of returns); made_qty is CK-level (see Central Kitchen rows), not per store [24 Sep-8 Oct]"
Rohini Sec-7,Lemon Rice Bucket,2026-09-24 to 2026-10-08,,8.0,Kg,"ck_indent_delhi_24Sep-08Oct2026.csv (CK indent dispatch, net of returns); made_qty is CK-level (see Central Kitchen rows), not per store [24 Sep-8 Oct]"
Rohini Sec-7,Malabar Paratha  (1pkt= 6Pcs),2026-09-24 to 2026-10-08,,,Pc,"entp_consumption_east_north_24Sep-08Oct2026.csv (Indent Receive Qty); made_qty is CK-level (see Central Kitchen rows), not per store [24 Sep-8 Oct]"
Rohini Sec-7,Malabar Paratha Dough,2026-09-24 to 2026-10-08,,186.0,Pc,"ck_indent_delhi_24Sep-08Oct2026.csv (CK indent dispatch, net of returns); made_qty is CK-level (see Central Kitchen rows), not per store [24 Sep-8 Oct]"
Rohini Sec-7,Malkapodi Bucket,2026-09-24 to 2026-10-08,,5.5,Kg,"ck_indent_delhi_24Sep-08Oct2026.csv (CK indent dispatch, net of returns); made_qty is CK-level (see Central Kitchen rows), not per store [24 Sep-8 Oct]"
Rohini Sec-7,Medu Vada Batter,2026-09-24 to 2026-10-08,,47.0,Kg,"ck_indent_delhi_24Sep-08Oct2026.csv (CK indent dispatch, net of returns); made_qty is CK-level (see Central Kitchen rows), not per store [24 Sep-8 Oct]"
Rohini Sec-7,Mysore Chutney Bucket,2026-09-24 to 2026-10-08,,13.5,Kg,"ck_indent_delhi_24Sep-08Oct2026.csv (CK indent dispatch, net of returns); made_qty is CK-level (see Central Kitchen rows), not per store [24 Sep-8 Oct]"
Rohini Sec-7,Potato Masala Bucket,2026-09-24 to 2026-10-08,,,Kg,"entp_consumption_east_north_24Sep-08Oct2026.csv (Indent Receive Qty); made_qty is CK-level (see Central Kitchen rows), not per store [24 Sep-8 Oct]"
Rohini Sec-7,Potato Masala Mix (1Pkt = 90Gm),2026-09-24 to 2026-10-08,,48.0,Pkt,"ck_indent_delhi_24Sep-08Oct2026.csv (CK indent dispatch, net of returns); made_qty is CK-level (see Central Kitchen rows), not per store [24 Sep-8 Oct]"
Rohini Sec-7,Rasam Bucket,2026-09-24 to 2026-10-08,,,Ltr,"entp_consumption_east_north_24Sep-08Oct2026.csv (Indent Receive Qty); made_qty is CK-level (see Central Kitchen rows), not per store [24 Sep-8 Oct]"
Rohini Sec-7,Rasam Chhoke Pre-Mix (2 Mix -6gm + 42gm)= 48gm,2026-09-24 to 2026-10-08,,0.576,Kg,"ck_indent_delhi_24Sep-08Oct2026.csv (CK indent dispatch, net of returns); made_qty is CK-level (see Central Kitchen rows), not per store [24 Sep-8 Oct]"
Rohini Sec-7,Rasam Mix (1Pkt =15 gm),2026-09-24 to 2026-10-08,,0.18,Kg,"ck_indent_delhi_24Sep-08Oct2026.csv (CK indent dispatch, net of returns); made_qty is CK-level (see Central Kitchen rows), not per store [24 Sep-8 Oct]"
Rohini Sec-7,Rava Powder Mix,2026-09-24 to 2026-10-08,,7.0,Kg,"ck_indent_delhi_24Sep-08Oct2026.csv (CK indent dispatch, net of returns); made_qty is CK-level (see Central Kitchen rows), not per store [24 Sep-8 Oct]"
Rohini Sec-7,Raw Mango Chutney Bucket,2026-09-24 to 2026-10-08,,,Kg,"entp_consumption_east_north_24Sep-08Oct2026.csv (Indent Receive Qty); made_qty is CK-level (see Central Kitchen rows), not per store [24 Sep-8 Oct]"
Rohini Sec-7,Raw Mango Pickle Bucket,2026-09-24 to 2026-10-08,,0.75,Kg,"ck_indent_delhi_24Sep-08Oct2026.csv (CK indent dispatch, net of returns); made_qty is CK-level (see Central Kitchen rows), not per store [24 Sep-8 Oct]"
Rohini Sec-7,Raw mango Powder Mix (1 Pkt = 13gm),2026-09-24 to 2026-10-08,,0.11,Kg,"ck_indent_delhi_24Sep-08Oct2026.csv (CK indent dispatch, net of returns); made_qty is CK-level (see Central Kitchen rows), not per store [24 Sep-8 Oct]"
Rohini Sec-7,Sambar Bucket,2026-09-24 to 2026-10-08,,,Ltr,"entp_consumption_east_north_24Sep-08Oct2026.csv (Indent Receive Qty); made_qty is CK-level (see Central Kitchen rows), not per store [24 Sep-8 Oct]"
Rohini Sec-7,Sambar Bucket - Delhi,2026-09-24 to 2026-10-08,,930.0,Ltr,"ck_indent_delhi_24Sep-08Oct2026.csv (CK indent dispatch, net of returns); made_qty is CK-level (see Central Kitchen rows), not per store [24 Sep-8 Oct]"
Rohini Sec-7,Special Daal Bucket,2026-09-24 to 2026-10-08,,5.0,Kg,"ck_indent_delhi_24Sep-08Oct2026.csv (CK indent dispatch, net of returns); made_qty is CK-level (see Central Kitchen rows), not per store [24 Sep-8 Oct]"
Rohini Sec-7,Special White Coconut Chutney Bucket,2026-09-24 to 2026-10-08,,,Kg,"entp_consumption_east_north_24Sep-08Oct2026.csv (Indent Receive Qty); made_qty is CK-level (see Central Kitchen rows), not per store [24 Sep-8 Oct]"
Rohini Sec-7,Spicy Coconut Chutney Mix 1Pkt (16gm),2026-09-24 to 2026-10-08,,,Kg,"entp_consumption_east_north_24Sep-08Oct2026.csv (Indent Receive Qty); made_qty is CK-level (see Central Kitchen rows), not per store [24 Sep-8 Oct]"
Rohini Sec-7,Srivilli Kheer (1 Pc),2026-09-24 to 2026-10-08,,67.0,Pc,"ck_indent_delhi_24Sep-08Oct2026.csv (CK indent dispatch, net of returns); made_qty is CK-level (see Central Kitchen rows), not per store [24 Sep-8 Oct]"
Rohini Sec-7,Steam Rice Bucket,2026-09-24 to 2026-10-08,,13.5,Kg,"ck_indent_delhi_24Sep-08Oct2026.csv (CK indent dispatch, net of returns); made_qty is CK-level (see Central Kitchen rows), not per store [24 Sep-8 Oct]"
Rohini Sec-7,Sugar Syrup Bucket,2026-09-24 to 2026-10-08,,,Ltr,"entp_consumption_east_north_24Sep-08Oct2026.csv (Indent Receive Qty); made_qty is CK-level (see Central Kitchen rows), not per store [24 Sep-8 Oct]"
Rohini Sec-7,Thatte Idli Pc Raw,2026-09-24 to 2026-10-08,,360.0,Pc,"ck_indent_delhi_24Sep-08Oct2026.csv (CK indent dispatch, net of returns); made_qty is CK-level (see Central Kitchen rows), not per store [24 Sep-8 Oct]"
Rohini Sec-7,Thindi Malkapodi Powder Bucket,2026-09-24 to 2026-10-08,,3.5,Kg,"ck_indent_delhi_24Sep-08Oct2026.csv (CK indent dispatch, net of returns); made_qty is CK-level (see Central Kitchen rows), not per store [24 Sep-8 Oct]"
Rohini Sec-7,Tomato Onion Chutney Bucket,2026-09-24 to 2026-10-08,,,Kg,"entp_consumption_east_north_24Sep-08Oct2026.csv (Indent Receive Qty); made_qty is CK-level (see Central Kitchen rows), not per store [24 Sep-8 Oct]"
Rohini Sec-7,Tomato Onion Powder Mix (1 Pkt = 24gm),2026-09-24 to 2026-10-08,,6.384,Kg,"ck_indent_delhi_24Sep-08Oct2026.csv (CK indent dispatch, net of returns); made_qty is CK-level (see Central Kitchen rows), not per store [24 Sep-8 Oct]"
Rohini Sec-7,Upma Mix (1pkt = 300gm),2026-09-24 to 2026-10-08,,,Kg,"entp_consumption_east_north_24Sep-08Oct2026.csv (Indent Receive Qty); made_qty is CK-level (see Central Kitchen rows), not per store [24 Sep-8 Oct]"
Sec 143 Noida,Benne Dosa Batter (Pack Size -3 Kg ),2026-09-24 to 2026-10-08,,57.0,Kg,"ck_indent_delhi_24Sep-08Oct2026.csv (CK indent dispatch, net of returns); made_qty is CK-level (see Central Kitchen rows), not per store [24 Sep-8 Oct]"
Sec 143 Noida,Boiled & Mashed Potato (1Pkt = 3Kg),2026-09-24 to 2026-10-08,,93.0,Kg,"ck_indent_delhi_24Sep-08Oct2026.csv (CK indent dispatch, net of returns); made_qty is CK-level (see Central Kitchen rows), not per store [24 Sep-8 Oct]"
Sec 143 Noida,Boondi,2026-09-24 to 2026-10-08,,0.25,Kg,"ck_indent_delhi_24Sep-08Oct2026.csv (CK indent dispatch, net of returns); made_qty is CK-level (see Central Kitchen rows), not per store [24 Sep-8 Oct]"
Sec 143 Noida,Chaat Masala Bucket,2026-09-24 to 2026-10-08,,0.3,Kg,"ck_indent_delhi_24Sep-08Oct2026.csv (CK indent dispatch, net of returns); made_qty is CK-level (see Central Kitchen rows), not per store [24 Sep-8 Oct]"
Sec 143 Noida,Coconut Shredded,2026-09-24 to 2026-10-08,,40.0,Kg,"ck_indent_delhi_24Sep-08Oct2026.csv (CK indent dispatch, net of returns); made_qty is CK-level (see Central Kitchen rows), not per store [24 Sep-8 Oct]"
Sec 143 Noida,Dahi Bucket Mix (1pkt =105gm),2026-09-24 to 2026-10-08,,1155.0,gm,"ck_indent_delhi_24Sep-08Oct2026.csv (CK indent dispatch, net of returns); made_qty is CK-level (see Central Kitchen rows), not per store [24 Sep-8 Oct]"
Sec 143 Noida,Dosa Batter Mix,2026-09-24 to 2026-10-08,,245.0,Kg,"ck_indent_delhi_24Sep-08Oct2026.csv (CK indent dispatch, net of returns); made_qty is CK-level (see Central Kitchen rows), not per store [24 Sep-8 Oct]"
Sec 143 Noida,Frozen Medu Vada (10pc),2026-09-24 to 2026-10-08,,,Pc,"entp_consumption_east_north_24Sep-08Oct2026.csv (Indent Receive Qty); made_qty is CK-level (see Central Kitchen rows), not per store [24 Sep-8 Oct]"
Sec 143 Noida,Garam Masala Powder Bucket,2026-09-24 to 2026-10-08,,0.1,Kg,"ck_indent_delhi_24Sep-08Oct2026.csv (CK indent dispatch, net of returns); made_qty is CK-level (see Central Kitchen rows), not per store [24 Sep-8 Oct]"
Sec 143 Noida,Garlic Chutney Bucket,2026-09-24 to 2026-10-08,,7.0,Kg,"ck_indent_delhi_24Sep-08Oct2026.csv (CK indent dispatch, net of returns); made_qty is CK-level (see Central Kitchen rows), not per store [24 Sep-8 Oct]"
Sec 143 Noida,Idli Pc Raw (1 Pkt =40pc),2026-09-24 to 2026-10-08,,780.0,Pc,"ck_indent_delhi_24Sep-08Oct2026.csv (CK indent dispatch, net of returns); made_qty is CK-level (see Central Kitchen rows), not per store [24 Sep-8 Oct]"
Sec 143 Noida,Imli Water,2026-09-24 to 2026-10-08,,1.0,Ltr,"ck_indent_delhi_24Sep-08Oct2026.csv (CK indent dispatch, net of returns); made_qty is CK-level (see Central Kitchen rows), not per store [24 Sep-8 Oct]"
Sec 143 Noida,Jain Potato Masala Bucket,2026-09-24 to 2026-10-08,,8.0,Kg,"ck_indent_delhi_24Sep-08Oct2026.csv (CK indent dispatch, net of returns); made_qty is CK-level (see Central Kitchen rows), not per store [24 Sep-8 Oct]"
Sec 143 Noida,Jain Sambar - Delhi,2026-09-24 to 2026-10-08,,16.0,Ltr,"ck_indent_delhi_24Sep-08Oct2026.csv (CK indent dispatch, net of returns); made_qty is CK-level (see Central Kitchen rows), not per store [24 Sep-8 Oct]"
Sec 143 Noida,Karam Podi Powder Bucket,2026-09-24 to 2026-10-08,,1.5,Kg,"ck_indent_delhi_24Sep-08Oct2026.csv (CK indent dispatch, net of returns); made_qty is CK-level (see Central Kitchen rows), not per store [24 Sep-8 Oct]"
Sec 143 Noida,Kesari Halwa Mix  (1pkt = 550gm),2026-09-24 to 2026-10-08,,3.3,Kg,"ck_indent_delhi_24Sep-08Oct2026.csv (CK indent dispatch, net of returns); made_qty is CK-level (see Central Kitchen rows), not per store [24 Sep-8 Oct]"
Sec 143 Noida,Korma Gravy Mix (1pkt=700gm),2026-09-24 to 2026-10-08,,14.7,Kg,"ck_indent_delhi_24Sep-08Oct2026.csv (CK indent dispatch, net of returns); made_qty is CK-level (see Central Kitchen rows), not per store [24 Sep-8 Oct]"
Sec 143 Noida,Lemon Rice Bucket,2026-09-24 to 2026-10-08,,5.5,Kg,"ck_indent_delhi_24Sep-08Oct2026.csv (CK indent dispatch, net of returns); made_qty is CK-level (see Central Kitchen rows), not per store [24 Sep-8 Oct]"
Sec 143 Noida,Malabar Paratha  (1pkt= 6Pcs),2026-09-24 to 2026-10-08,,,Pc,"entp_consumption_east_north_24Sep-08Oct2026.csv (Indent Receive Qty); made_qty is CK-level (see Central Kitchen rows), not per store [24 Sep-8 Oct]"
Sec 143 Noida,Malabar Paratha Dough,2026-09-24 to 2026-10-08,,134.0,Pc,"ck_indent_delhi_24Sep-08Oct2026.csv (CK indent dispatch, net of returns); made_qty is CK-level (see Central Kitchen rows), not per store [24 Sep-8 Oct]"
Sec 143 Noida,Malkapodi Bucket,2026-09-24 to 2026-10-08,,2.0,Kg,"ck_indent_delhi_24Sep-08Oct2026.csv (CK indent dispatch, net of returns); made_qty is CK-level (see Central Kitchen rows), not per store [24 Sep-8 Oct]"
Sec 143 Noida,Medu Vada Batter,2026-09-24 to 2026-10-08,,22.0,Kg,"ck_indent_delhi_24Sep-08Oct2026.csv (CK indent dispatch, net of returns); made_qty is CK-level (see Central Kitchen rows), not per store [24 Sep-8 Oct]"
Sec 143 Noida,Medu Vada Batter Powder Mix (1 Pkt = 23gm),2026-09-24 to 2026-10-08,,0.552,Kg,"ck_indent_delhi_24Sep-08Oct2026.csv (CK indent dispatch, net of returns); made_qty is CK-level (see Central Kitchen rows), not per store [24 Sep-8 Oct]"
Sec 143 Noida,Mysore Chutney Bucket,2026-09-24 to 2026-10-08,,5.5,Kg,"ck_indent_delhi_24Sep-08Oct2026.csv (CK indent dispatch, net of returns); made_qty is CK-level (see Central Kitchen rows), not per store [24 Sep-8 Oct]"
Sec 143 Noida,Potato Masala Bucket,2026-09-24 to 2026-10-08,,,Kg,"entp_consumption_east_north_24Sep-08Oct2026.csv (Indent Receive Qty); made_qty is CK-level (see Central Kitchen rows), not per store [24 Sep-8 Oct]"
Sec 143 Noida,Potato Masala Mix (1Pkt = 90Gm),2026-09-24 to 2026-10-08,,24.0,Pkt,"ck_indent_delhi_24Sep-08Oct2026.csv (CK indent dispatch, net of returns); made_qty is CK-level (see Central Kitchen rows), not per store [24 Sep-8 Oct]"
Sec 143 Noida,Rasam Bucket,2026-09-24 to 2026-10-08,,,Ltr,"entp_consumption_east_north_24Sep-08Oct2026.csv (Indent Receive Qty); made_qty is CK-level (see Central Kitchen rows), not per store [24 Sep-8 Oct]"
Sec 143 Noida,Rasam Chhoke Pre-Mix (2 Mix -6gm + 42gm)= 48gm,2026-09-24 to 2026-10-08,,0.144,Kg,"ck_indent_delhi_24Sep-08Oct2026.csv (CK indent dispatch, net of returns); made_qty is CK-level (see Central Kitchen rows), not per store [24 Sep-8 Oct]"
Sec 143 Noida,Rasam Mix (1Pkt =15 gm),2026-09-24 to 2026-10-08,,0.045,Kg,"ck_indent_delhi_24Sep-08Oct2026.csv (CK indent dispatch, net of returns); made_qty is CK-level (see Central Kitchen rows), not per store [24 Sep-8 Oct]"
Sec 143 Noida,Rava Powder Mix,2026-09-24 to 2026-10-08,,1.5,Kg,"ck_indent_delhi_24Sep-08Oct2026.csv (CK indent dispatch, net of returns); made_qty is CK-level (see Central Kitchen rows), not per store [24 Sep-8 Oct]"
Sec 143 Noida,Raw Mango Chutney Bucket,2026-09-24 to 2026-10-08,,,Kg,"entp_consumption_east_north_24Sep-08Oct2026.csv (Indent Receive Qty); made_qty is CK-level (see Central Kitchen rows), not per store [24 Sep-8 Oct]"
Sec 143 Noida,Raw Mango Pickle Bucket,2026-09-24 to 2026-10-08,,0.5,Kg,"ck_indent_delhi_24Sep-08Oct2026.csv (CK indent dispatch, net of returns); made_qty is CK-level (see Central Kitchen rows), not per store [24 Sep-8 Oct]"
Sec 143 Noida,Raw mango Powder Mix (1 Pkt = 13gm),2026-09-24 to 2026-10-08,,0.299,Kg,"ck_indent_delhi_24Sep-08Oct2026.csv (CK indent dispatch, net of returns); made_qty is CK-level (see Central Kitchen rows), not per store [24 Sep-8 Oct]"
Sec 143 Noida,Sambar Bucket,2026-09-24 to 2026-10-08,,,Ltr,"entp_consumption_east_north_24Sep-08Oct2026.csv (Indent Receive Qty); made_qty is CK-level (see Central Kitchen rows), not per store [24 Sep-8 Oct]"
Sec 143 Noida,Sambar Bucket - Delhi,2026-09-24 to 2026-10-08,,350.0,Ltr,"ck_indent_delhi_24Sep-08Oct2026.csv (CK indent dispatch, net of returns); made_qty is CK-level (see Central Kitchen rows), not per store [24 Sep-8 Oct]"
Sec 143 Noida,Special Daal Bucket,2026-09-24 to 2026-10-08,,1.0,Kg,"ck_indent_delhi_24Sep-08Oct2026.csv (CK indent dispatch, net of returns); made_qty is CK-level (see Central Kitchen rows), not per store [24 Sep-8 Oct]"
Sec 143 Noida,Spicy Coconut Chutney Mix 1Pkt (16gm),2026-09-24 to 2026-10-08,,,Kg,"entp_consumption_east_north_24Sep-08Oct2026.csv (Indent Receive Qty); made_qty is CK-level (see Central Kitchen rows), not per store [24 Sep-8 Oct]"
Sec 143 Noida,Srivilli Kheer (1 Pc),2026-09-24 to 2026-10-08,,54.0,Pc,"ck_indent_delhi_24Sep-08Oct2026.csv (CK indent dispatch, net of returns); made_qty is CK-level (see Central Kitchen rows), not per store [24 Sep-8 Oct]"
Sec 143 Noida,Steam Rice Bucket,2026-09-24 to 2026-10-08,,9.0,Kg,"ck_indent_delhi_24Sep-08Oct2026.csv (CK indent dispatch, net of returns); made_qty is CK-level (see Central Kitchen rows), not per store [24 Sep-8 Oct]"
Sec 143 Noida,Sugar Syrup Bucket,2026-09-24 to 2026-10-08,,,Ltr,"entp_consumption_east_north_24Sep-08Oct2026.csv (Indent Receive Qty); made_qty is CK-level (see Central Kitchen rows), not per store [24 Sep-8 Oct]"
Sec 143 Noida,Thatte Idli Pc Raw,2026-09-24 to 2026-10-08,,78.0,Pc,"ck_indent_delhi_24Sep-08Oct2026.csv (CK indent dispatch, net of returns); made_qty is CK-level (see Central Kitchen rows), not per store [24 Sep-8 Oct]"
Sec 143 Noida,Thindi Malkapodi Powder Bucket,2026-09-24 to 2026-10-08,,1.0,Kg,"ck_indent_delhi_24Sep-08Oct2026.csv (CK indent dispatch, net of returns); made_qty is CK-level (see Central Kitchen rows), not per store [24 Sep-8 Oct]"
Sec 143 Noida,Tomato Onion Chutney Bucket,2026-09-24 to 2026-10-08,,,Kg,"entp_consumption_east_north_24Sep-08Oct2026.csv (Indent Receive Qty); made_qty is CK-level (see Central Kitchen rows), not per store [24 Sep-8 Oct]"
Sec 143 Noida,Tomato Onion Powder Mix (1 Pkt = 24gm),2026-09-24 to 2026-10-08,,3.456,Kg,"ck_indent_delhi_24Sep-08Oct2026.csv (CK indent dispatch, net of returns); made_qty is CK-level (see Central Kitchen rows), not per store [24 Sep-8 Oct]"
Sec 143 Noida,Upma Mix (1pkt = 300gm),2026-09-24 to 2026-10-08,,1.5,Kg,"ck_indent_delhi_24Sep-08Oct2026.csv (CK indent dispatch, net of returns); made_qty is CK-level (see Central Kitchen rows), not per store [24 Sep-8 Oct]"
Sec 15 Faridabad,Benne Dosa Batter (Pack Size -3 Kg ),2026-09-24 to 2026-10-08,,52.0,Kg,"ck_indent_delhi_24Sep-08Oct2026.csv (CK indent dispatch, net of returns); made_qty is CK-level (see Central Kitchen rows), not per store [24 Sep-8 Oct]"
Sec 15 Faridabad,Boiled & Mashed Potato (1Pkt = 3Kg),2026-09-24 to 2026-10-08,,96.0,Kg,"ck_indent_delhi_24Sep-08Oct2026.csv (CK indent dispatch, net of returns); made_qty is CK-level (see Central Kitchen rows), not per store [24 Sep-8 Oct]"
Sec 15 Faridabad,Boondi,2026-09-24 to 2026-10-08,,1.25,Kg,"ck_indent_delhi_24Sep-08Oct2026.csv (CK indent dispatch, net of returns); made_qty is CK-level (see Central Kitchen rows), not per store [24 Sep-8 Oct]"
Sec 15 Faridabad,Chaat Masala Bucket,2026-09-24 to 2026-10-08,,0.3,Kg,"ck_indent_delhi_24Sep-08Oct2026.csv (CK indent dispatch, net of returns); made_qty is CK-level (see Central Kitchen rows), not per store [24 Sep-8 Oct]"
Sec 15 Faridabad,Coconut Shredded,2026-09-24 to 2026-10-08,,30.0,Kg,"ck_indent_delhi_24Sep-08Oct2026.csv (CK indent dispatch, net of returns); made_qty is CK-level (see Central Kitchen rows), not per store [24 Sep-8 Oct]"
Sec 15 Faridabad,Dahi Bucket Mix (1pkt =105gm),2026-09-24 to 2026-10-08,,840.21,gm,"ck_indent_delhi_24Sep-08Oct2026.csv (CK indent dispatch, net of returns); made_qty is CK-level (see Central Kitchen rows), not per store [24 Sep-8 Oct]"
Sec 15 Faridabad,Dosa Batter Mix,2026-09-24 to 2026-10-08,,187.0,Kg,"ck_indent_delhi_24Sep-08Oct2026.csv (CK indent dispatch, net of returns); made_qty is CK-level (see Central Kitchen rows), not per store [24 Sep-8 Oct]"
Sec 15 Faridabad,Frozen Medu Vada (10pc),2026-09-24 to 2026-10-08,,,Pc,"entp_consumption_east_north_24Sep-08Oct2026.csv (Indent Receive Qty); made_qty is CK-level (see Central Kitchen rows), not per store [24 Sep-8 Oct]"
Sec 15 Faridabad,Garam Masala Powder Bucket,2026-09-24 to 2026-10-08,,0.1,Kg,"ck_indent_delhi_24Sep-08Oct2026.csv (CK indent dispatch, net of returns); made_qty is CK-level (see Central Kitchen rows), not per store [24 Sep-8 Oct]"
Sec 15 Faridabad,Garlic Chutney Bucket,2026-09-24 to 2026-10-08,,6.5,Kg,"ck_indent_delhi_24Sep-08Oct2026.csv (CK indent dispatch, net of returns); made_qty is CK-level (see Central Kitchen rows), not per store [24 Sep-8 Oct]"
Sec 15 Faridabad,Idli Pc Raw (1 Pkt =40pc),2026-09-24 to 2026-10-08,,820.0,Pc,"ck_indent_delhi_24Sep-08Oct2026.csv (CK indent dispatch, net of returns); made_qty is CK-level (see Central Kitchen rows), not per store [24 Sep-8 Oct]"
Sec 15 Faridabad,Imli Water,2026-09-24 to 2026-10-08,,5.5,Ltr,"ck_indent_delhi_24Sep-08Oct2026.csv (CK indent dispatch, net of returns); made_qty is CK-level (see Central Kitchen rows), not per store [24 Sep-8 Oct]"
Sec 15 Faridabad,Jain Potato Masala Bucket,2026-09-24 to 2026-10-08,,5.0,Kg,"ck_indent_delhi_24Sep-08Oct2026.csv (CK indent dispatch, net of returns); made_qty is CK-level (see Central Kitchen rows), not per store [24 Sep-8 Oct]"
Sec 15 Faridabad,Jain Sambar - Delhi,2026-09-24 to 2026-10-08,,12.0,Ltr,"ck_indent_delhi_24Sep-08Oct2026.csv (CK indent dispatch, net of returns); made_qty is CK-level (see Central Kitchen rows), not per store [24 Sep-8 Oct]"
Sec 15 Faridabad,Karam Podi Powder Bucket,2026-09-24 to 2026-10-08,,0.5,Kg,"ck_indent_delhi_24Sep-08Oct2026.csv (CK indent dispatch, net of returns); made_qty is CK-level (see Central Kitchen rows), not per store [24 Sep-8 Oct]"
Sec 15 Faridabad,Kesari Halwa Mix  (1pkt = 550gm),2026-09-24 to 2026-10-08,,1.65,Kg,"ck_indent_delhi_24Sep-08Oct2026.csv (CK indent dispatch, net of returns); made_qty is CK-level (see Central Kitchen rows), not per store [24 Sep-8 Oct]"
Sec 15 Faridabad,Korma Gravy Mix (1pkt=700gm),2026-09-24 to 2026-10-08,,9.1,Kg,"ck_indent_delhi_24Sep-08Oct2026.csv (CK indent dispatch, net of returns); made_qty is CK-level (see Central Kitchen rows), not per store [24 Sep-8 Oct]"
Sec 15 Faridabad,Lemon Rice Bucket,2026-09-24 to 2026-10-08,,4.5,Kg,"ck_indent_delhi_24Sep-08Oct2026.csv (CK indent dispatch, net of returns); made_qty is CK-level (see Central Kitchen rows), not per store [24 Sep-8 Oct]"
Sec 15 Faridabad,Malabar Paratha  (1pkt= 6Pcs),2026-09-24 to 2026-10-08,,6.0,Pc,"ck_indent_delhi_24Sep-08Oct2026.csv (CK indent dispatch, net of returns); made_qty is CK-level (see Central Kitchen rows), not per store [24 Sep-8 Oct]"
Sec 15 Faridabad,Malabar Paratha Dough,2026-09-24 to 2026-10-08,,64.0,Pc,"ck_indent_delhi_24Sep-08Oct2026.csv (CK indent dispatch, net of returns); made_qty is CK-level (see Central Kitchen rows), not per store [24 Sep-8 Oct]"
Sec 15 Faridabad,Malkapodi Bucket,2026-09-24 to 2026-10-08,,2.5,Kg,"ck_indent_delhi_24Sep-08Oct2026.csv (CK indent dispatch, net of returns); made_qty is CK-level (see Central Kitchen rows), not per store [24 Sep-8 Oct]"
Sec 15 Faridabad,Medu Vada Batter,2026-09-24 to 2026-10-08,,11.0,Kg,"ck_indent_delhi_24Sep-08Oct2026.csv (CK indent dispatch, net of returns); made_qty is CK-level (see Central Kitchen rows), not per store [24 Sep-8 Oct]"
Sec 15 Faridabad,Medu Vada Batter Mix,2026-09-24 to 2026-10-08,,8.0,Kg,"ck_indent_delhi_24Sep-08Oct2026.csv (CK indent dispatch, net of returns); made_qty is CK-level (see Central Kitchen rows), not per store [24 Sep-8 Oct]"
Sec 15 Faridabad,Medu Vada Batter Powder Mix (1 Pkt = 23gm),2026-09-24 to 2026-10-08,,0.368,Kg,"ck_indent_delhi_24Sep-08Oct2026.csv (CK indent dispatch, net of returns); made_qty is CK-level (see Central Kitchen rows), not per store [24 Sep-8 Oct]"
Sec 15 Faridabad,Mysore Chutney Bucket,2026-09-24 to 2026-10-08,,5.5,Kg,"ck_indent_delhi_24Sep-08Oct2026.csv (CK indent dispatch, net of returns); made_qty is CK-level (see Central Kitchen rows), not per store [24 Sep-8 Oct]"
Sec 15 Faridabad,New Bangalore Benne Batter (Pack Size -4 Kg ),2026-09-24 to 2026-10-08,,7.0,Kg,"ck_indent_delhi_24Sep-08Oct2026.csv (CK indent dispatch, net of returns); made_qty is CK-level (see Central Kitchen rows), not per store [24 Sep-8 Oct]"
Sec 15 Faridabad,Potato Masala Bucket,2026-09-24 to 2026-10-08,,,Kg,"entp_consumption_east_north_24Sep-08Oct2026.csv (Indent Receive Qty); made_qty is CK-level (see Central Kitchen rows), not per store [24 Sep-8 Oct]"
Sec 15 Faridabad,Potato Masala Mix (1Pkt = 90Gm),2026-09-24 to 2026-10-08,,16.0,Pkt,"ck_indent_delhi_24Sep-08Oct2026.csv (CK indent dispatch, net of returns); made_qty is CK-level (see Central Kitchen rows), not per store [24 Sep-8 Oct]"
Sec 15 Faridabad,Rasam Bucket,2026-09-24 to 2026-10-08,,,Ltr,"entp_consumption_east_north_24Sep-08Oct2026.csv (Indent Receive Qty); made_qty is CK-level (see Central Kitchen rows), not per store [24 Sep-8 Oct]"
Sec 15 Faridabad,Rasam Chhoke Pre-Mix (2 Mix -6gm + 42gm)= 48gm,2026-09-24 to 2026-10-08,,0.192,Kg,"ck_indent_delhi_24Sep-08Oct2026.csv (CK indent dispatch, net of returns); made_qty is CK-level (see Central Kitchen rows), not per store [24 Sep-8 Oct]"
Sec 15 Faridabad,Rasam Mix (1Pkt =15 gm),2026-09-24 to 2026-10-08,,0.075,Kg,"ck_indent_delhi_24Sep-08Oct2026.csv (CK indent dispatch, net of returns); made_qty is CK-level (see Central Kitchen rows), not per store [24 Sep-8 Oct]"
Sec 15 Faridabad,Rava Powder Mix,2026-09-24 to 2026-10-08,,2.0,Kg,"ck_indent_delhi_24Sep-08Oct2026.csv (CK indent dispatch, net of returns); made_qty is CK-level (see Central Kitchen rows), not per store [24 Sep-8 Oct]"
Sec 15 Faridabad,Raw Mango Chutney Bucket,2026-09-24 to 2026-10-08,,,Kg,"entp_consumption_east_north_24Sep-08Oct2026.csv (Indent Receive Qty); made_qty is CK-level (see Central Kitchen rows), not per store [24 Sep-8 Oct]"
Sec 15 Faridabad,Raw Mango Pickle Bucket,2026-09-24 to 2026-10-08,,0.25,Kg,"ck_indent_delhi_24Sep-08Oct2026.csv (CK indent dispatch, net of returns); made_qty is CK-level (see Central Kitchen rows), not per store [24 Sep-8 Oct]"
Sec 15 Faridabad,Raw mango Powder Mix (1 Pkt = 13gm),2026-09-24 to 2026-10-08,,0.065,Kg,"ck_indent_delhi_24Sep-08Oct2026.csv (CK indent dispatch, net of returns); made_qty is CK-level (see Central Kitchen rows), not per store [24 Sep-8 Oct]"
Sec 15 Faridabad,Sambar Bucket,2026-09-24 to 2026-10-08,,,Ltr,"entp_consumption_east_north_24Sep-08Oct2026.csv (Indent Receive Qty); made_qty is CK-level (see Central Kitchen rows), not per store [24 Sep-8 Oct]"
Sec 15 Faridabad,Sambar Bucket - Delhi,2026-09-24 to 2026-10-08,,385.0,Ltr,"ck_indent_delhi_24Sep-08Oct2026.csv (CK indent dispatch, net of returns); made_qty is CK-level (see Central Kitchen rows), not per store [24 Sep-8 Oct]"
Sec 15 Faridabad,Special Daal Bucket,2026-09-24 to 2026-10-08,,1.0,Kg,"entp_consumption_east_north_24Sep-08Oct2026.csv (Indent Receive Qty); made_qty is CK-level (see Central Kitchen rows), not per store [24 Sep-8 Oct]"
Sec 15 Faridabad,Special White Coconut Chutney Bucket,2026-09-24 to 2026-10-08,,,Kg,"entp_consumption_east_north_24Sep-08Oct2026.csv (Indent Receive Qty); made_qty is CK-level (see Central Kitchen rows), not per store [24 Sep-8 Oct]"
Sec 15 Faridabad,Spicy Coconut Chutney Bucket,2026-09-24 to 2026-10-08,,,Kg,"entp_consumption_east_north_24Sep-08Oct2026.csv (Indent Receive Qty); made_qty is CK-level (see Central Kitchen rows), not per store [24 Sep-8 Oct]"
Sec 15 Faridabad,Spicy Coconut Chutney Mix 1Pkt (16gm),2026-09-24 to 2026-10-08,,,Kg,"entp_consumption_east_north_24Sep-08Oct2026.csv (Indent Receive Qty); made_qty is CK-level (see Central Kitchen rows), not per store [24 Sep-8 Oct]"
Sec 15 Faridabad,Srivilli Kheer (1 Pc),2026-09-24 to 2026-10-08,,32.0,Pc,"ck_indent_delhi_24Sep-08Oct2026.csv (CK indent dispatch, net of returns); made_qty is CK-level (see Central Kitchen rows), not per store [24 Sep-8 Oct]"
Sec 15 Faridabad,Steam Rice Bucket,2026-09-24 to 2026-10-08,,8.0,Kg,"ck_indent_delhi_24Sep-08Oct2026.csv (CK indent dispatch, net of returns); made_qty is CK-level (see Central Kitchen rows), not per store [24 Sep-8 Oct]"
Sec 15 Faridabad,Sugar Syrup Bucket,2026-09-24 to 2026-10-08,,,Ltr,"entp_consumption_east_north_24Sep-08Oct2026.csv (Indent Receive Qty); made_qty is CK-level (see Central Kitchen rows), not per store [24 Sep-8 Oct]"
Sec 15 Faridabad,Thatte Idli Pc Raw,2026-09-24 to 2026-10-08,,156.0,Pc,"ck_indent_delhi_24Sep-08Oct2026.csv (CK indent dispatch, net of returns); made_qty is CK-level (see Central Kitchen rows), not per store [24 Sep-8 Oct]"
Sec 15 Faridabad,Thindi Malkapodi Powder Bucket,2026-09-24 to 2026-10-08,,1.5,Kg,"ck_indent_delhi_24Sep-08Oct2026.csv (CK indent dispatch, net of returns); made_qty is CK-level (see Central Kitchen rows), not per store [24 Sep-8 Oct]"
Sec 15 Faridabad,Tomato Onion Chutney Bucket,2026-09-24 to 2026-10-08,,,Kg,"entp_consumption_east_north_24Sep-08Oct2026.csv (Indent Receive Qty); made_qty is CK-level (see Central Kitchen rows), not per store [24 Sep-8 Oct]"
Sec 15 Faridabad,Tomato Onion Powder Mix (1 Pkt = 24gm),2026-09-24 to 2026-10-08,,1.968,Kg,"ck_indent_delhi_24Sep-08Oct2026.csv (CK indent dispatch, net of returns); made_qty is CK-level (see Central Kitchen rows), not per store [24 Sep-8 Oct]"
Sec 15 Faridabad,Upma Mix (1pkt = 300gm),2026-09-24 to 2026-10-08,,,Kg,"entp_consumption_east_north_24Sep-08Oct2026.csv (Indent Receive Qty); made_qty is CK-level (see Central Kitchen rows), not per store [24 Sep-8 Oct]"
Sec 18 Noida,Benne Dosa Batter (Pack Size -3 Kg ),2026-09-24 to 2026-10-08,,125.0,Kg,"ck_indent_delhi_24Sep-08Oct2026.csv (CK indent dispatch, net of returns); made_qty is CK-level (see Central Kitchen rows), not per store [24 Sep-8 Oct]"
Sec 18 Noida,Boiled & Mashed Potato (1Pkt = 3Kg),2026-09-24 to 2026-10-08,,198.0,Kg,"ck_indent_delhi_24Sep-08Oct2026.csv (CK indent dispatch, net of returns); made_qty is CK-level (see Central Kitchen rows), not per store [24 Sep-8 Oct]"
Sec 18 Noida,Boondi,2026-09-24 to 2026-10-08,,1.0,Kg,"ck_indent_delhi_24Sep-08Oct2026.csv (CK indent dispatch, net of returns); made_qty is CK-level (see Central Kitchen rows), not per store [24 Sep-8 Oct]"
Sec 18 Noida,Chaat Masala Bucket,2026-09-24 to 2026-10-08,,0.6,Kg,"ck_indent_delhi_24Sep-08Oct2026.csv (CK indent dispatch, net of returns); made_qty is CK-level (see Central Kitchen rows), not per store [24 Sep-8 Oct]"
Sec 18 Noida,Coconut Shredded,2026-09-24 to 2026-10-08,,79.0,Kg,"ck_indent_delhi_24Sep-08Oct2026.csv (CK indent dispatch, net of returns); made_qty is CK-level (see Central Kitchen rows), not per store [24 Sep-8 Oct]"
Sec 18 Noida,Dahi Bucket Mix (1pkt =105gm),2026-09-24 to 2026-10-08,,2415.0,gm,"ck_indent_delhi_24Sep-08Oct2026.csv (CK indent dispatch, net of returns); made_qty is CK-level (see Central Kitchen rows), not per store [24 Sep-8 Oct]"
Sec 18 Noida,Dosa Batter Mix,2026-09-24 to 2026-10-08,,362.0,Kg,"ck_indent_delhi_24Sep-08Oct2026.csv (CK indent dispatch, net of returns); made_qty is CK-level (see Central Kitchen rows), not per store [24 Sep-8 Oct]"
Sec 18 Noida,Frozen Medu Vada (10pc),2026-09-24 to 2026-10-08,,,Pc,"entp_consumption_east_north_24Sep-08Oct2026.csv (Indent Receive Qty); made_qty is CK-level (see Central Kitchen rows), not per store [24 Sep-8 Oct]"
Sec 18 Noida,Garam Masala Powder Bucket,2026-09-24 to 2026-10-08,,,Kg,"entp_consumption_east_north_24Sep-08Oct2026.csv (Indent Receive Qty); made_qty is CK-level (see Central Kitchen rows), not per store [24 Sep-8 Oct]"
Sec 18 Noida,Garlic Chutney Bucket,2026-09-24 to 2026-10-08,,11.0,Kg,"ck_indent_delhi_24Sep-08Oct2026.csv (CK indent dispatch, net of returns); made_qty is CK-level (see Central Kitchen rows), not per store [24 Sep-8 Oct]"
Sec 18 Noida,Idli Pc Raw (1 Pkt =40pc),2026-09-24 to 2026-10-08,,1560.0,Pc,"ck_indent_delhi_24Sep-08Oct2026.csv (CK indent dispatch, net of returns); made_qty is CK-level (see Central Kitchen rows), not per store [24 Sep-8 Oct]"
Sec 18 Noida,Imli Water,2026-09-24 to 2026-10-08,,6.5,Ltr,"ck_indent_delhi_24Sep-08Oct2026.csv (CK indent dispatch, net of returns); made_qty is CK-level (see Central Kitchen rows), not per store [24 Sep-8 Oct]"
Sec 18 Noida,Jain Potato Masala Bucket,2026-09-24 to 2026-10-08,,8.0,Kg,"ck_indent_delhi_24Sep-08Oct2026.csv (CK indent dispatch, net of returns); made_qty is CK-level (see Central Kitchen rows), not per store [24 Sep-8 Oct]"
Sec 18 Noida,Jain Sambar - Delhi,2026-09-24 to 2026-10-08,,36.0,Ltr,"ck_indent_delhi_24Sep-08Oct2026.csv (CK indent dispatch, net of returns); made_qty is CK-level (see Central Kitchen rows), not per store [24 Sep-8 Oct]"
Sec 18 Noida,Karam Podi Powder Bucket,2026-09-24 to 2026-10-08,,1.5,Kg,"ck_indent_delhi_24Sep-08Oct2026.csv (CK indent dispatch, net of returns); made_qty is CK-level (see Central Kitchen rows), not per store [24 Sep-8 Oct]"
Sec 18 Noida,Kesari Halwa Mix  (1pkt = 550gm),2026-09-24 to 2026-10-08,,4.95,Kg,"ck_indent_delhi_24Sep-08Oct2026.csv (CK indent dispatch, net of returns); made_qty is CK-level (see Central Kitchen rows), not per store [24 Sep-8 Oct]"
Sec 18 Noida,Korma Gravy Mix (1pkt=700gm),2026-09-24 to 2026-10-08,,26.6,Kg,"ck_indent_delhi_24Sep-08Oct2026.csv (CK indent dispatch, net of returns); made_qty is CK-level (see Central Kitchen rows), not per store [24 Sep-8 Oct]"
Sec 18 Noida,Lemon Rice Bucket,2026-09-24 to 2026-10-08,,12.88,Kg,"ck_indent_delhi_24Sep-08Oct2026.csv (CK indent dispatch, net of returns); made_qty is CK-level (see Central Kitchen rows), not per store [24 Sep-8 Oct]"
Sec 18 Noida,Malabar Paratha  (1pkt= 6Pcs),2026-09-24 to 2026-10-08,,26.0,Pc,"ck_indent_delhi_24Sep-08Oct2026.csv (CK indent dispatch, net of returns); made_qty is CK-level (see Central Kitchen rows), not per store [24 Sep-8 Oct]"
Sec 18 Noida,Malabar Paratha Dough,2026-09-24 to 2026-10-08,,171.0,Pc,"ck_indent_delhi_24Sep-08Oct2026.csv (CK indent dispatch, net of returns); made_qty is CK-level (see Central Kitchen rows), not per store [24 Sep-8 Oct]"
Sec 18 Noida,Malkapodi Bucket,2026-09-24 to 2026-10-08,,3.0,Kg,"ck_indent_delhi_24Sep-08Oct2026.csv (CK indent dispatch, net of returns); made_qty is CK-level (see Central Kitchen rows), not per store [24 Sep-8 Oct]"
Sec 18 Noida,Medu Vada Batter,2026-09-24 to 2026-10-08,,40.0,Kg,"ck_indent_delhi_24Sep-08Oct2026.csv (CK indent dispatch, net of returns); made_qty is CK-level (see Central Kitchen rows), not per store [24 Sep-8 Oct]"
Sec 18 Noida,Medu Vada Batter Powder Mix (1 Pkt = 23gm),2026-09-24 to 2026-10-08,,0.736,Kg,"ck_indent_delhi_24Sep-08Oct2026.csv (CK indent dispatch, net of returns); made_qty is CK-level (see Central Kitchen rows), not per store [24 Sep-8 Oct]"
Sec 18 Noida,Mysore Chutney Bucket,2026-09-24 to 2026-10-08,,11.86,Kg,"ck_indent_delhi_24Sep-08Oct2026.csv (CK indent dispatch, net of returns); made_qty is CK-level (see Central Kitchen rows), not per store [24 Sep-8 Oct]"
Sec 18 Noida,Potato Masala Bucket,2026-09-24 to 2026-10-08,,,Kg,"entp_consumption_east_north_24Sep-08Oct2026.csv (Indent Receive Qty); made_qty is CK-level (see Central Kitchen rows), not per store [24 Sep-8 Oct]"
Sec 18 Noida,Potato Masala Mix (1Pkt = 90Gm),2026-09-24 to 2026-10-08,,49.0,Pkt,"ck_indent_delhi_24Sep-08Oct2026.csv (CK indent dispatch, net of returns); made_qty is CK-level (see Central Kitchen rows), not per store [24 Sep-8 Oct]"
Sec 18 Noida,Rasam Bucket,2026-09-24 to 2026-10-08,,,Ltr,"entp_consumption_east_north_24Sep-08Oct2026.csv (Indent Receive Qty); made_qty is CK-level (see Central Kitchen rows), not per store [24 Sep-8 Oct]"
Sec 18 Noida,Rasam Chhoke Pre-Mix (2 Mix -6gm + 42gm)= 48gm,2026-09-24 to 2026-10-08,,0.672,Kg,"ck_indent_delhi_24Sep-08Oct2026.csv (CK indent dispatch, net of returns); made_qty is CK-level (see Central Kitchen rows), not per store [24 Sep-8 Oct]"
Sec 18 Noida,Rasam Mix (1Pkt =15 gm),2026-09-24 to 2026-10-08,,0.195,Kg,"ck_indent_delhi_24Sep-08Oct2026.csv (CK indent dispatch, net of returns); made_qty is CK-level (see Central Kitchen rows), not per store [24 Sep-8 Oct]"
Sec 18 Noida,Rava Powder Mix,2026-09-24 to 2026-10-08,,4.0,Kg,"ck_indent_delhi_24Sep-08Oct2026.csv (CK indent dispatch, net of returns); made_qty is CK-level (see Central Kitchen rows), not per store [24 Sep-8 Oct]"
Sec 18 Noida,Raw Mango Chutney Bucket,2026-09-24 to 2026-10-08,,,Kg,"entp_consumption_east_north_24Sep-08Oct2026.csv (Indent Receive Qty); made_qty is CK-level (see Central Kitchen rows), not per store [24 Sep-8 Oct]"
Sec 18 Noida,Raw Mango Pickle Bucket,2026-09-24 to 2026-10-08,,1.25,Kg,"ck_indent_delhi_24Sep-08Oct2026.csv (CK indent dispatch, net of returns); made_qty is CK-level (see Central Kitchen rows), not per store [24 Sep-8 Oct]"
Sec 18 Noida,Raw mango Powder Mix (1 Pkt = 13gm),2026-09-24 to 2026-10-08,,0.13,Kg,"ck_indent_delhi_24Sep-08Oct2026.csv (CK indent dispatch, net of returns); made_qty is CK-level (see Central Kitchen rows), not per store [24 Sep-8 Oct]"
Sec 18 Noida,Sambar Bucket,2026-09-24 to 2026-10-08,,,Ltr,"entp_consumption_east_north_24Sep-08Oct2026.csv (Indent Receive Qty); made_qty is CK-level (see Central Kitchen rows), not per store [24 Sep-8 Oct]"
Sec 18 Noida,Sambar Bucket - Delhi,2026-09-24 to 2026-10-08,,650.0,Ltr,"ck_indent_delhi_24Sep-08Oct2026.csv (CK indent dispatch, net of returns); made_qty is CK-level (see Central Kitchen rows), not per store [24 Sep-8 Oct]"
Sec 18 Noida,Special Daal Bucket,2026-09-24 to 2026-10-08,,4.0,Kg,"ck_indent_delhi_24Sep-08Oct2026.csv (CK indent dispatch, net of returns); made_qty is CK-level (see Central Kitchen rows), not per store [24 Sep-8 Oct]"
Sec 18 Noida,Special White Coconut Chutney Bucket,2026-09-24 to 2026-10-08,,,Kg,"entp_consumption_east_north_24Sep-08Oct2026.csv (Indent Receive Qty); made_qty is CK-level (see Central Kitchen rows), not per store [24 Sep-8 Oct]"
Sec 18 Noida,Spicy Coconut Chutney Mix 1Pkt (16gm),2026-09-24 to 2026-10-08,,,Kg,"entp_consumption_east_north_24Sep-08Oct2026.csv (Indent Receive Qty); made_qty is CK-level (see Central Kitchen rows), not per store [24 Sep-8 Oct]"
Sec 18 Noida,Srivilli Kheer (1 Pc),2026-09-24 to 2026-10-08,,71.0,Pc,"ck_indent_delhi_24Sep-08Oct2026.csv (CK indent dispatch, net of returns); made_qty is CK-level (see Central Kitchen rows), not per store [24 Sep-8 Oct]"
Sec 18 Noida,Steam Rice Bucket,2026-09-24 to 2026-10-08,,25.0,Kg,"ck_indent_delhi_24Sep-08Oct2026.csv (CK indent dispatch, net of returns); made_qty is CK-level (see Central Kitchen rows), not per store [24 Sep-8 Oct]"
Sec 18 Noida,Thatte Idli Pc Raw,2026-09-24 to 2026-10-08,,202.0,Pc,"ck_indent_delhi_24Sep-08Oct2026.csv (CK indent dispatch, net of returns); made_qty is CK-level (see Central Kitchen rows), not per store [24 Sep-8 Oct]"
Sec 18 Noida,Thindi Malkapodi Powder Bucket,2026-09-24 to 2026-10-08,,2.5,Kg,"ck_indent_delhi_24Sep-08Oct2026.csv (CK indent dispatch, net of returns); made_qty is CK-level (see Central Kitchen rows), not per store [24 Sep-8 Oct]"
Sec 18 Noida,Tomato Onion Chutney Bucket,2026-09-24 to 2026-10-08,,,Kg,"entp_consumption_east_north_24Sep-08Oct2026.csv (Indent Receive Qty); made_qty is CK-level (see Central Kitchen rows), not per store [24 Sep-8 Oct]"
Sec 18 Noida,Tomato Onion Powder Mix (1 Pkt = 24gm),2026-09-24 to 2026-10-08,,4.24,Kg,"ck_indent_delhi_24Sep-08Oct2026.csv (CK indent dispatch, net of returns); made_qty is CK-level (see Central Kitchen rows), not per store [24 Sep-8 Oct]"
Sec 18 Noida,Upma Mix (1pkt = 300gm),2026-09-24 to 2026-10-08,,1.2,Kg,"ck_indent_delhi_24Sep-08Oct2026.csv (CK indent dispatch, net of returns); made_qty is CK-level (see Central Kitchen rows), not per store [24 Sep-8 Oct]"
Sec 31 - Gurgaon,Benne Dosa Batter (Pack Size -3 Kg ),2026-09-24 to 2026-10-08,,120.0,Kg,"ck_indent_delhi_24Sep-08Oct2026.csv (CK indent dispatch, net of returns); made_qty is CK-level (see Central Kitchen rows), not per store [24 Sep-8 Oct]"
Sec 31 - Gurgaon,Boiled & Mashed Potato (1Pkt = 3Kg),2026-09-24 to 2026-10-08,,102.0,Kg,"ck_indent_delhi_24Sep-08Oct2026.csv (CK indent dispatch, net of returns); made_qty is CK-level (see Central Kitchen rows), not per store [24 Sep-8 Oct]"
Sec 31 - Gurgaon,Boondi,2026-09-24 to 2026-10-08,,0.5,Kg,"ck_indent_delhi_24Sep-08Oct2026.csv (CK indent dispatch, net of returns); made_qty is CK-level (see Central Kitchen rows), not per store [24 Sep-8 Oct]"
Sec 31 - Gurgaon,Chaat Masala Bucket,2026-09-24 to 2026-10-08,,0.2,Kg,"ck_indent_delhi_24Sep-08Oct2026.csv (CK indent dispatch, net of returns); made_qty is CK-level (see Central Kitchen rows), not per store [24 Sep-8 Oct]"
Sec 31 - Gurgaon,Coconut Shredded,2026-09-24 to 2026-10-08,,31.0,Kg,"ck_indent_delhi_24Sep-08Oct2026.csv (CK indent dispatch, net of returns); made_qty is CK-level (see Central Kitchen rows), not per store [24 Sep-8 Oct]"
Sec 31 - Gurgaon,Dahi Bucket Mix (1pkt =105gm),2026-09-24 to 2026-10-08,,316.47,gm,"ck_indent_delhi_24Sep-08Oct2026.csv (CK indent dispatch, net of returns); made_qty is CK-level (see Central Kitchen rows), not per store [24 Sep-8 Oct]"
Sec 31 - Gurgaon,Dosa Batter Mix,2026-09-24 to 2026-10-08,,192.0,Kg,"ck_indent_delhi_24Sep-08Oct2026.csv (CK indent dispatch, net of returns); made_qty is CK-level (see Central Kitchen rows), not per store [24 Sep-8 Oct]"
Sec 31 - Gurgaon,Frozen Medu Vada (10pc),2026-09-24 to 2026-10-08,,,Pc,"entp_consumption_east_north_24Sep-08Oct2026.csv (Indent Receive Qty); made_qty is CK-level (see Central Kitchen rows), not per store [24 Sep-8 Oct]"
Sec 31 - Gurgaon,Garam Masala Powder Bucket,2026-09-24 to 2026-10-08,,,Kg,"entp_consumption_east_north_24Sep-08Oct2026.csv (Indent Receive Qty); made_qty is CK-level (see Central Kitchen rows), not per store [24 Sep-8 Oct]"
Sec 31 - Gurgaon,Garlic Chutney Bucket,2026-09-24 to 2026-10-08,,10.0,Kg,"ck_indent_delhi_24Sep-08Oct2026.csv (CK indent dispatch, net of returns); made_qty is CK-level (see Central Kitchen rows), not per store [24 Sep-8 Oct]"
Sec 31 - Gurgaon,Idli Batter,2026-09-24 to 2026-10-08,,,Kg,"entp_consumption_east_north_24Sep-08Oct2026.csv (Indent Receive Qty); made_qty is CK-level (see Central Kitchen rows), not per store [24 Sep-8 Oct]"
Sec 31 - Gurgaon,Idli Pc Raw (1 Pkt =40pc),2026-09-24 to 2026-10-08,,710.0,Pc,"ck_indent_delhi_24Sep-08Oct2026.csv (CK indent dispatch, net of returns); made_qty is CK-level (see Central Kitchen rows), not per store [24 Sep-8 Oct]"
Sec 31 - Gurgaon,Imli Water,2026-09-24 to 2026-10-08,,7.0,Ltr,"ck_indent_delhi_24Sep-08Oct2026.csv (CK indent dispatch, net of returns); made_qty is CK-level (see Central Kitchen rows), not per store [24 Sep-8 Oct]"
Sec 31 - Gurgaon,Jain Sambar - Delhi,2026-09-24 to 2026-10-08,,15.0,Ltr,"ck_indent_delhi_24Sep-08Oct2026.csv (CK indent dispatch, net of returns); made_qty is CK-level (see Central Kitchen rows), not per store [24 Sep-8 Oct]"
Sec 31 - Gurgaon,Karam Podi Powder Bucket,2026-09-24 to 2026-10-08,,1.5,Kg,"ck_indent_delhi_24Sep-08Oct2026.csv (CK indent dispatch, net of returns); made_qty is CK-level (see Central Kitchen rows), not per store [24 Sep-8 Oct]"
Sec 31 - Gurgaon,Kesari Halwa Mix  (1pkt = 550gm),2026-09-24 to 2026-10-08,,3.85,Kg,"ck_indent_delhi_24Sep-08Oct2026.csv (CK indent dispatch, net of returns); made_qty is CK-level (see Central Kitchen rows), not per store [24 Sep-8 Oct]"
Sec 31 - Gurgaon,Korma Gravy Mix (1pkt=700gm),2026-09-24 to 2026-10-08,,14.0,Kg,"ck_indent_delhi_24Sep-08Oct2026.csv (CK indent dispatch, net of returns); made_qty is CK-level (see Central Kitchen rows), not per store [24 Sep-8 Oct]"
Sec 31 - Gurgaon,Lemon Rice Bucket,2026-09-24 to 2026-10-08,,4.5,Kg,"ck_indent_delhi_24Sep-08Oct2026.csv (CK indent dispatch, net of returns); made_qty is CK-level (see Central Kitchen rows), not per store [24 Sep-8 Oct]"
Sec 31 - Gurgaon,Malabar Paratha  (1pkt= 6Pcs),2026-09-24 to 2026-10-08,,12.0,Pc,"ck_indent_delhi_24Sep-08Oct2026.csv (CK indent dispatch, net of returns); made_qty is CK-level (see Central Kitchen rows), not per store [24 Sep-8 Oct]"
Sec 31 - Gurgaon,Malabar Paratha Dough,2026-09-24 to 2026-10-08,,118.0,Pc,"ck_indent_delhi_24Sep-08Oct2026.csv (CK indent dispatch, net of returns); made_qty is CK-level (see Central Kitchen rows), not per store [24 Sep-8 Oct]"
Sec 31 - Gurgaon,Malkapodi Bucket,2026-09-24 to 2026-10-08,,1.5,Kg,"ck_indent_delhi_24Sep-08Oct2026.csv (CK indent dispatch, net of returns); made_qty is CK-level (see Central Kitchen rows), not per store [24 Sep-8 Oct]"
Sec 31 - Gurgaon,Medu Vada Batter,2026-09-24 to 2026-10-08,,1.0,Kg,"ck_indent_delhi_24Sep-08Oct2026.csv (CK indent dispatch, net of returns); made_qty is CK-level (see Central Kitchen rows), not per store [24 Sep-8 Oct]"
Sec 31 - Gurgaon,Medu Vada Batter Mix,2026-09-24 to 2026-10-08,,11.0,Kg,"ck_indent_delhi_24Sep-08Oct2026.csv (CK indent dispatch, net of returns); made_qty is CK-level (see Central Kitchen rows), not per store [24 Sep-8 Oct]"
Sec 31 - Gurgaon,Medu Vada Batter Powder Mix (1 Pkt = 23gm),2026-09-24 to 2026-10-08,,0.115,Kg,"ck_indent_delhi_24Sep-08Oct2026.csv (CK indent dispatch, net of returns); made_qty is CK-level (see Central Kitchen rows), not per store [24 Sep-8 Oct]"
Sec 31 - Gurgaon,Mysore Chutney Bucket,2026-09-24 to 2026-10-08,,8.5,Kg,"ck_indent_delhi_24Sep-08Oct2026.csv (CK indent dispatch, net of returns); made_qty is CK-level (see Central Kitchen rows), not per store [24 Sep-8 Oct]"
Sec 31 - Gurgaon,Potato Masala Bucket,2026-09-24 to 2026-10-08,,,Kg,"entp_consumption_east_north_24Sep-08Oct2026.csv (Indent Receive Qty); made_qty is CK-level (see Central Kitchen rows), not per store [24 Sep-8 Oct]"
Sec 31 - Gurgaon,Potato Masala Mix (1Pkt = 90Gm),2026-09-24 to 2026-10-08,,24.0,Pkt,"ck_indent_delhi_24Sep-08Oct2026.csv (CK indent dispatch, net of returns); made_qty is CK-level (see Central Kitchen rows), not per store [24 Sep-8 Oct]"
Sec 31 - Gurgaon,Rasam Bucket,2026-09-24 to 2026-10-08,,,Ltr,"entp_consumption_east_north_24Sep-08Oct2026.csv (Indent Receive Qty); made_qty is CK-level (see Central Kitchen rows), not per store [24 Sep-8 Oct]"
Sec 31 - Gurgaon,Rasam Chhoke Pre-Mix (2 Mix -6gm + 42gm)= 48gm,2026-09-24 to 2026-10-08,,0.24,Kg,"ck_indent_delhi_24Sep-08Oct2026.csv (CK indent dispatch, net of returns); made_qty is CK-level (see Central Kitchen rows), not per store [24 Sep-8 Oct]"
Sec 31 - Gurgaon,Rasam Mix (1Pkt =15 gm),2026-09-24 to 2026-10-08,,0.075,Kg,"ck_indent_delhi_24Sep-08Oct2026.csv (CK indent dispatch, net of returns); made_qty is CK-level (see Central Kitchen rows), not per store [24 Sep-8 Oct]"
Sec 31 - Gurgaon,Rava Powder Mix,2026-09-24 to 2026-10-08,,3.0,Kg,"ck_indent_delhi_24Sep-08Oct2026.csv (CK indent dispatch, net of returns); made_qty is CK-level (see Central Kitchen rows), not per store [24 Sep-8 Oct]"
Sec 31 - Gurgaon,Raw Mango Chutney Bucket,2026-09-24 to 2026-10-08,,,Kg,"entp_consumption_east_north_24Sep-08Oct2026.csv (Indent Receive Qty); made_qty is CK-level (see Central Kitchen rows), not per store [24 Sep-8 Oct]"
Sec 31 - Gurgaon,Raw Mango Pickle Bucket,2026-09-24 to 2026-10-08,,0.25,Kg,"ck_indent_delhi_24Sep-08Oct2026.csv (CK indent dispatch, net of returns); made_qty is CK-level (see Central Kitchen rows), not per store [24 Sep-8 Oct]"
Sec 31 - Gurgaon,Raw mango Powder Mix (1 Pkt = 13gm),2026-09-24 to 2026-10-08,,0.078,Kg,"ck_indent_delhi_24Sep-08Oct2026.csv (CK indent dispatch, net of returns); made_qty is CK-level (see Central Kitchen rows), not per store [24 Sep-8 Oct]"
Sec 31 - Gurgaon,Sambar Bucket,2026-09-24 to 2026-10-08,,,Ltr,"entp_consumption_east_north_24Sep-08Oct2026.csv (Indent Receive Qty); made_qty is CK-level (see Central Kitchen rows), not per store [24 Sep-8 Oct]"
Sec 31 - Gurgaon,Sambar Bucket - Delhi,2026-09-24 to 2026-10-08,,375.0,Ltr,"ck_indent_delhi_24Sep-08Oct2026.csv (CK indent dispatch, net of returns); made_qty is CK-level (see Central Kitchen rows), not per store [24 Sep-8 Oct]"
Sec 31 - Gurgaon,Special Daal Bucket,2026-09-24 to 2026-10-08,,3.0,Kg,"ck_indent_delhi_24Sep-08Oct2026.csv (CK indent dispatch, net of returns); made_qty is CK-level (see Central Kitchen rows), not per store [24 Sep-8 Oct]"
Sec 31 - Gurgaon,Special White Coconut Chutney Bucket,2026-09-24 to 2026-10-08,,,Kg,"entp_consumption_east_north_24Sep-08Oct2026.csv (Indent Receive Qty); made_qty is CK-level (see Central Kitchen rows), not per store [24 Sep-8 Oct]"
Sec 31 - Gurgaon,Spicy Coconut Chutney Mix 1Pkt (16gm),2026-09-24 to 2026-10-08,,,Kg,"entp_consumption_east_north_24Sep-08Oct2026.csv (Indent Receive Qty); made_qty is CK-level (see Central Kitchen rows), not per store [24 Sep-8 Oct]"
Sec 31 - Gurgaon,Srivilli Kheer (1 Pc),2026-09-24 to 2026-10-08,,25.0,Pc,"ck_indent_delhi_24Sep-08Oct2026.csv (CK indent dispatch, net of returns); made_qty is CK-level (see Central Kitchen rows), not per store [24 Sep-8 Oct]"
Sec 31 - Gurgaon,Steam Rice Bucket,2026-09-24 to 2026-10-08,,8.5,Kg,"ck_indent_delhi_24Sep-08Oct2026.csv (CK indent dispatch, net of returns); made_qty is CK-level (see Central Kitchen rows), not per store [24 Sep-8 Oct]"
Sec 31 - Gurgaon,Sugar Syrup Bucket,2026-09-24 to 2026-10-08,,,Ltr,"entp_consumption_east_north_24Sep-08Oct2026.csv (Indent Receive Qty); made_qty is CK-level (see Central Kitchen rows), not per store [24 Sep-8 Oct]"
Sec 31 - Gurgaon,Thatte Idli Pc Raw,2026-09-24 to 2026-10-08,,162.0,Pc,"ck_indent_delhi_24Sep-08Oct2026.csv (CK indent dispatch, net of returns); made_qty is CK-level (see Central Kitchen rows), not per store [24 Sep-8 Oct]"
Sec 31 - Gurgaon,Thindi Malkapodi Powder Bucket,2026-09-24 to 2026-10-08,,1.5,Kg,"ck_indent_delhi_24Sep-08Oct2026.csv (CK indent dispatch, net of returns); made_qty is CK-level (see Central Kitchen rows), not per store [24 Sep-8 Oct]"
Sec 31 - Gurgaon,Tomato Onion Chutney Bucket,2026-09-24 to 2026-10-08,,,Kg,"entp_consumption_east_north_24Sep-08Oct2026.csv (Indent Receive Qty); made_qty is CK-level (see Central Kitchen rows), not per store [24 Sep-8 Oct]"
Sec 31 - Gurgaon,Tomato Onion Powder Mix (1 Pkt = 24gm),2026-09-24 to 2026-10-08,,3.552,Kg,"ck_indent_delhi_24Sep-08Oct2026.csv (CK indent dispatch, net of returns); made_qty is CK-level (see Central Kitchen rows), not per store [24 Sep-8 Oct]"
Sec 31 - Gurgaon,Upma Mix (1pkt = 300gm),2026-09-24 to 2026-10-08,,1.5,Kg,"ck_indent_delhi_24Sep-08Oct2026.csv (CK indent dispatch, net of returns); made_qty is CK-level (see Central Kitchen rows), not per store [24 Sep-8 Oct]"
Shalimar Bagh,Benne Dosa Batter (Pack Size -3 Kg ),2026-09-24 to 2026-10-08,,131.0,Kg,"ck_indent_delhi_24Sep-08Oct2026.csv (CK indent dispatch, net of returns); made_qty is CK-level (see Central Kitchen rows), not per store [24 Sep-8 Oct]"
Shalimar Bagh,Boiled & Mashed Potato (1Pkt = 3Kg),2026-09-24 to 2026-10-08,,141.0,Kg,"ck_indent_delhi_24Sep-08Oct2026.csv (CK indent dispatch, net of returns); made_qty is CK-level (see Central Kitchen rows), not per store [24 Sep-8 Oct]"
Shalimar Bagh,Boondi,2026-09-24 to 2026-10-08,,1.5,Kg,"ck_indent_delhi_24Sep-08Oct2026.csv (CK indent dispatch, net of returns); made_qty is CK-level (see Central Kitchen rows), not per store [24 Sep-8 Oct]"
Shalimar Bagh,Chaat Masala Bucket,2026-09-24 to 2026-10-08,,0.7,Kg,"ck_indent_delhi_24Sep-08Oct2026.csv (CK indent dispatch, net of returns); made_qty is CK-level (see Central Kitchen rows), not per store [24 Sep-8 Oct]"
Shalimar Bagh,Coconut Shredded,2026-09-24 to 2026-10-08,,39.0,Kg,"ck_indent_delhi_24Sep-08Oct2026.csv (CK indent dispatch, net of returns); made_qty is CK-level (see Central Kitchen rows), not per store [24 Sep-8 Oct]"
Shalimar Bagh,Dahi Bucket Mix (1pkt =105gm),2026-09-24 to 2026-10-08,,946.05,gm,"ck_indent_delhi_24Sep-08Oct2026.csv (CK indent dispatch, net of returns); made_qty is CK-level (see Central Kitchen rows), not per store [24 Sep-8 Oct]"
Shalimar Bagh,Dosa Batter Mix,2026-09-24 to 2026-10-08,,275.0,Kg,"ck_indent_delhi_24Sep-08Oct2026.csv (CK indent dispatch, net of returns); made_qty is CK-level (see Central Kitchen rows), not per store [24 Sep-8 Oct]"
Shalimar Bagh,Frozen Medu Vada (10pc),2026-09-24 to 2026-10-08,,,Pc,"entp_consumption_east_north_24Sep-08Oct2026.csv (Indent Receive Qty); made_qty is CK-level (see Central Kitchen rows), not per store [24 Sep-8 Oct]"
Shalimar Bagh,Garam Masala Powder Bucket,2026-09-24 to 2026-10-08,,,Kg,"entp_consumption_east_north_24Sep-08Oct2026.csv (Indent Receive Qty); made_qty is CK-level (see Central Kitchen rows), not per store [24 Sep-8 Oct]"
Shalimar Bagh,Garlic Chutney Bucket,2026-09-24 to 2026-10-08,,9.5,Kg,"ck_indent_delhi_24Sep-08Oct2026.csv (CK indent dispatch, net of returns); made_qty is CK-level (see Central Kitchen rows), not per store [24 Sep-8 Oct]"
Shalimar Bagh,Idli Pc Raw (1 Pkt =40pc),2026-09-24 to 2026-10-08,,880.0,Pc,"ck_indent_delhi_24Sep-08Oct2026.csv (CK indent dispatch, net of returns); made_qty is CK-level (see Central Kitchen rows), not per store [24 Sep-8 Oct]"
Shalimar Bagh,Imli Water,2026-09-24 to 2026-10-08,,7.0,Ltr,"ck_indent_delhi_24Sep-08Oct2026.csv (CK indent dispatch, net of returns); made_qty is CK-level (see Central Kitchen rows), not per store [24 Sep-8 Oct]"
Shalimar Bagh,Jain Sambar - Delhi,2026-09-24 to 2026-10-08,,19.0,Ltr,"ck_indent_delhi_24Sep-08Oct2026.csv (CK indent dispatch, net of returns); made_qty is CK-level (see Central Kitchen rows), not per store [24 Sep-8 Oct]"
Shalimar Bagh,Karam Podi Powder Bucket,2026-09-24 to 2026-10-08,,3.0,Kg,"ck_indent_delhi_24Sep-08Oct2026.csv (CK indent dispatch, net of returns); made_qty is CK-level (see Central Kitchen rows), not per store [24 Sep-8 Oct]"
Shalimar Bagh,Kesari Halwa Mix  (1pkt = 550gm),2026-09-24 to 2026-10-08,,7.15,Kg,"ck_indent_delhi_24Sep-08Oct2026.csv (CK indent dispatch, net of returns); made_qty is CK-level (see Central Kitchen rows), not per store [24 Sep-8 Oct]"
Shalimar Bagh,Korma Gravy Mix (1pkt=700gm),2026-09-24 to 2026-10-08,,16.1,Kg,"ck_indent_delhi_24Sep-08Oct2026.csv (CK indent dispatch, net of returns); made_qty is CK-level (see Central Kitchen rows), not per store [24 Sep-8 Oct]"
Shalimar Bagh,Lemon Rice Bucket,2026-09-24 to 2026-10-08,,6.5,Kg,"ck_indent_delhi_24Sep-08Oct2026.csv (CK indent dispatch, net of returns); made_qty is CK-level (see Central Kitchen rows), not per store [24 Sep-8 Oct]"
Shalimar Bagh,Malabar Paratha  (1pkt= 6Pcs),2026-09-24 to 2026-10-08,,,Pc,"entp_consumption_east_north_24Sep-08Oct2026.csv (Indent Receive Qty); made_qty is CK-level (see Central Kitchen rows), not per store [24 Sep-8 Oct]"
Shalimar Bagh,Malabar Paratha Dough,2026-09-24 to 2026-10-08,,144.0,Pc,"ck_indent_delhi_24Sep-08Oct2026.csv (CK indent dispatch, net of returns); made_qty is CK-level (see Central Kitchen rows), not per store [24 Sep-8 Oct]"
Shalimar Bagh,Malkapodi Bucket,2026-09-24 to 2026-10-08,,2.5,Kg,"ck_indent_delhi_24Sep-08Oct2026.csv (CK indent dispatch, net of returns); made_qty is CK-level (see Central Kitchen rows), not per store [24 Sep-8 Oct]"
Shalimar Bagh,Medu Vada Batter,2026-09-24 to 2026-10-08,,,Kg,"entp_consumption_east_north_24Sep-08Oct2026.csv (Indent Receive Qty); made_qty is CK-level (see Central Kitchen rows), not per store [24 Sep-8 Oct]"
Shalimar Bagh,Medu Vada Batter Mix,2026-09-24 to 2026-10-08,,,Kg,"entp_consumption_east_north_24Sep-08Oct2026.csv (Indent Receive Qty); made_qty is CK-level (see Central Kitchen rows), not per store [24 Sep-8 Oct]"
Shalimar Bagh,Medu Vada Batter Powder Mix (1 Pkt = 23gm),2026-09-24 to 2026-10-08,,0.271,Kg,"ck_indent_delhi_24Sep-08Oct2026.csv (CK indent dispatch, net of returns); made_qty is CK-level (see Central Kitchen rows), not per store [24 Sep-8 Oct]"
Shalimar Bagh,Mysore Chutney Bucket,2026-09-24 to 2026-10-08,,8.0,Kg,"ck_indent_delhi_24Sep-08Oct2026.csv (CK indent dispatch, net of returns); made_qty is CK-level (see Central Kitchen rows), not per store [24 Sep-8 Oct]"
Shalimar Bagh,Potato Masala Bucket,2026-09-24 to 2026-10-08,,,Kg,"entp_consumption_east_north_24Sep-08Oct2026.csv (Indent Receive Qty); made_qty is CK-level (see Central Kitchen rows), not per store [24 Sep-8 Oct]"
Shalimar Bagh,Potato Masala Mix (1Pkt = 90Gm),2026-09-24 to 2026-10-08,,46.0,Pkt,"ck_indent_delhi_24Sep-08Oct2026.csv (CK indent dispatch, net of returns); made_qty is CK-level (see Central Kitchen rows), not per store [24 Sep-8 Oct]"
Shalimar Bagh,Rasam Bucket,2026-09-24 to 2026-10-08,,,Ltr,"entp_consumption_east_north_24Sep-08Oct2026.csv (Indent Receive Qty); made_qty is CK-level (see Central Kitchen rows), not per store [24 Sep-8 Oct]"
Shalimar Bagh,Rasam Chhoke Pre-Mix (2 Mix -6gm + 42gm)= 48gm,2026-09-24 to 2026-10-08,,0.768,Kg,"ck_indent_delhi_24Sep-08Oct2026.csv (CK indent dispatch, net of returns); made_qty is CK-level (see Central Kitchen rows), not per store [24 Sep-8 Oct]"
Shalimar Bagh,Rasam Mix (1Pkt =15 gm),2026-09-24 to 2026-10-08,,0.255,Kg,"ck_indent_delhi_24Sep-08Oct2026.csv (CK indent dispatch, net of returns); made_qty is CK-level (see Central Kitchen rows), not per store [24 Sep-8 Oct]"
Shalimar Bagh,Rava Powder Mix,2026-09-24 to 2026-10-08,,7.0,Kg,"ck_indent_delhi_24Sep-08Oct2026.csv (CK indent dispatch, net of returns); made_qty is CK-level (see Central Kitchen rows), not per store [24 Sep-8 Oct]"
Shalimar Bagh,Raw Mango Chutney Bucket,2026-09-24 to 2026-10-08,,,Kg,"entp_consumption_east_north_24Sep-08Oct2026.csv (Indent Receive Qty); made_qty is CK-level (see Central Kitchen rows), not per store [24 Sep-8 Oct]"
Shalimar Bagh,Raw Mango Pickle Bucket,2026-09-24 to 2026-10-08,,0.5,Kg,"ck_indent_delhi_24Sep-08Oct2026.csv (CK indent dispatch, net of returns); made_qty is CK-level (see Central Kitchen rows), not per store [24 Sep-8 Oct]"
Shalimar Bagh,Raw mango Powder Mix (1 Pkt = 13gm),2026-09-24 to 2026-10-08,,0.104,Kg,"ck_indent_delhi_24Sep-08Oct2026.csv (CK indent dispatch, net of returns); made_qty is CK-level (see Central Kitchen rows), not per store [24 Sep-8 Oct]"
Shalimar Bagh,Sambar Bucket,2026-09-24 to 2026-10-08,,,Ltr,"entp_consumption_east_north_24Sep-08Oct2026.csv (Indent Receive Qty); made_qty is CK-level (see Central Kitchen rows), not per store [24 Sep-8 Oct]"
Shalimar Bagh,Sambar Bucket - Delhi,2026-09-24 to 2026-10-08,,482.0,Ltr,"ck_indent_delhi_24Sep-08Oct2026.csv (CK indent dispatch, net of returns); made_qty is CK-level (see Central Kitchen rows), not per store [24 Sep-8 Oct]"
Shalimar Bagh,Special Daal Bucket,2026-09-24 to 2026-10-08,,4.0,Kg,"ck_indent_delhi_24Sep-08Oct2026.csv (CK indent dispatch, net of returns); made_qty is CK-level (see Central Kitchen rows), not per store [24 Sep-8 Oct]"
Shalimar Bagh,Special White Coconut Chutney Bucket,2026-09-24 to 2026-10-08,,,Kg,"entp_consumption_east_north_24Sep-08Oct2026.csv (Indent Receive Qty); made_qty is CK-level (see Central Kitchen rows), not per store [24 Sep-8 Oct]"
Shalimar Bagh,Spicy Coconut Chutney Bucket,2026-09-24 to 2026-10-08,,,Kg,"entp_consumption_east_north_24Sep-08Oct2026.csv (Indent Receive Qty); made_qty is CK-level (see Central Kitchen rows), not per store [24 Sep-8 Oct]"
Shalimar Bagh,Spicy Coconut Chutney Mix 1Pkt (16gm),2026-09-24 to 2026-10-08,,,Kg,"entp_consumption_east_north_24Sep-08Oct2026.csv (Indent Receive Qty); made_qty is CK-level (see Central Kitchen rows), not per store [24 Sep-8 Oct]"
Shalimar Bagh,Srivilli Kheer (1 Pc),2026-09-24 to 2026-10-08,,52.0,Pc,"ck_indent_delhi_24Sep-08Oct2026.csv (CK indent dispatch, net of returns); made_qty is CK-level (see Central Kitchen rows), not per store [24 Sep-8 Oct]"
Shalimar Bagh,Steam Rice Bucket,2026-09-24 to 2026-10-08,,7.0,Kg,"ck_indent_delhi_24Sep-08Oct2026.csv (CK indent dispatch, net of returns); made_qty is CK-level (see Central Kitchen rows), not per store [24 Sep-8 Oct]"
Shalimar Bagh,Sugar Syrup Bucket,2026-09-24 to 2026-10-08,,,Ltr,"entp_consumption_east_north_24Sep-08Oct2026.csv (Indent Receive Qty); made_qty is CK-level (see Central Kitchen rows), not per store [24 Sep-8 Oct]"
Shalimar Bagh,Thatte Idli Pc Raw,2026-09-24 to 2026-10-08,,270.0,Pc,"ck_indent_delhi_24Sep-08Oct2026.csv (CK indent dispatch, net of returns); made_qty is CK-level (see Central Kitchen rows), not per store [24 Sep-8 Oct]"
Shalimar Bagh,Thindi Malkapodi Powder Bucket,2026-09-24 to 2026-10-08,,3.5,Kg,"ck_indent_delhi_24Sep-08Oct2026.csv (CK indent dispatch, net of returns); made_qty is CK-level (see Central Kitchen rows), not per store [24 Sep-8 Oct]"
Shalimar Bagh,Tomato Onion Chutney Bucket,2026-09-24 to 2026-10-08,,,Kg,"entp_consumption_east_north_24Sep-08Oct2026.csv (Indent Receive Qty); made_qty is CK-level (see Central Kitchen rows), not per store [24 Sep-8 Oct]"
Shalimar Bagh,Tomato Onion Powder Mix (1 Pkt = 24gm),2026-09-24 to 2026-10-08,,3.64,Kg,"ck_indent_delhi_24Sep-08Oct2026.csv (CK indent dispatch, net of returns); made_qty is CK-level (see Central Kitchen rows), not per store [24 Sep-8 Oct]"
Shalimar Bagh,Upma Mix (1pkt = 300gm),2026-09-24 to 2026-10-08,,3.0,Kg,"ck_indent_delhi_24Sep-08Oct2026.csv (CK indent dispatch, net of returns); made_qty is CK-level (see Central Kitchen rows), not per store [24 Sep-8 Oct]"
Calcutta Swimming Club,Benne Dosa Batter (Pack Size -3 Kg ),2026-09-24 to 2026-10-08,,4.8,Kg,"ck_indent_kolkata_24Sep-08Oct2026.csv (CK indent dispatch, net of returns); made_qty is CK-level (see Central Kitchen rows), not per store [24 Sep-8 Oct]"
Calcutta Swimming Club,Boiled & Mashed Potato (1Pkt = 3Kg),2026-09-24 to 2026-10-08,,,Kg,"entp_consumption_east_north_24Sep-08Oct2026.csv (Indent Receive Qty); made_qty is CK-level (see Central Kitchen rows), not per store [24 Sep-8 Oct]"
Calcutta Swimming Club,Chaat Masala Bucket,2026-09-24 to 2026-10-08,,,Kg,"entp_consumption_east_north_24Sep-08Oct2026.csv (Indent Receive Qty); made_qty is CK-level (see Central Kitchen rows), not per store [24 Sep-8 Oct]"
Calcutta Swimming Club,Coconut Shredded,2026-09-24 to 2026-10-08,,12.0,Kg,"ck_indent_kolkata_24Sep-08Oct2026.csv (CK indent dispatch, net of returns); made_qty is CK-level (see Central Kitchen rows), not per store [24 Sep-8 Oct]"
Calcutta Swimming Club,Dahi Bucket Mix (1pkt =105gm),2026-09-24 to 2026-10-08,,,gm,"entp_consumption_east_north_24Sep-08Oct2026.csv (Indent Receive Qty); made_qty is CK-level (see Central Kitchen rows), not per store [24 Sep-8 Oct]"
Calcutta Swimming Club,Dosa Batter Mix,2026-09-24 to 2026-10-08,,36.0,Kg,"ck_indent_kolkata_24Sep-08Oct2026.csv (CK indent dispatch, net of returns); made_qty is CK-level (see Central Kitchen rows), not per store [24 Sep-8 Oct]"
Calcutta Swimming Club,Frozen Medu Vada (10pc),2026-09-24 to 2026-10-08,,60.0,Pc,"ck_indent_kolkata_24Sep-08Oct2026.csv (CK indent dispatch, net of returns); made_qty is CK-level (see Central Kitchen rows), not per store [24 Sep-8 Oct]"
Calcutta Swimming Club,Garlic Chutney Bucket,2026-09-24 to 2026-10-08,,1.2,Kg,"ck_indent_kolkata_24Sep-08Oct2026.csv (CK indent dispatch, net of returns); made_qty is CK-level (see Central Kitchen rows), not per store [24 Sep-8 Oct]"
Calcutta Swimming Club,Idli Pc Raw (1 Pkt =40pc),2026-09-24 to 2026-10-08,,360.0,Pc,"ck_indent_kolkata_24Sep-08Oct2026.csv (CK indent dispatch, net of returns); made_qty is CK-level (see Central Kitchen rows), not per store [24 Sep-8 Oct]"
Calcutta Swimming Club,Imli Water,2026-09-24 to 2026-10-08,,0.15,Ltr,"ck_indent_kolkata_24Sep-08Oct2026.csv (CK indent dispatch, net of returns); made_qty is CK-level (see Central Kitchen rows), not per store [24 Sep-8 Oct]"
Calcutta Swimming Club,Jain Sambar Bucket,2026-09-24 to 2026-10-08,,16.0,Ltr,"ck_indent_kolkata_24Sep-08Oct2026.csv (CK indent dispatch, net of returns); made_qty is CK-level (see Central Kitchen rows), not per store [24 Sep-8 Oct]"
Calcutta Swimming Club,Karam Podi Powder Bucket,2026-09-24 to 2026-10-08,,,Kg,"entp_consumption_east_north_24Sep-08Oct2026.csv (Indent Receive Qty); made_qty is CK-level (see Central Kitchen rows), not per store [24 Sep-8 Oct]"
Calcutta Swimming Club,Malkapodi Bucket,2026-09-24 to 2026-10-08,,1.0,Kg,"ck_indent_kolkata_24Sep-08Oct2026.csv (CK indent dispatch, net of returns); made_qty is CK-level (see Central Kitchen rows), not per store [24 Sep-8 Oct]"
Calcutta Swimming Club,Medu Vada Batter Mix,2026-09-24 to 2026-10-08,,,Kg,"entp_consumption_east_north_24Sep-08Oct2026.csv (Indent Receive Qty); made_qty is CK-level (see Central Kitchen rows), not per store [24 Sep-8 Oct]"
Calcutta Swimming Club,Mysore Chutney Bucket,2026-09-24 to 2026-10-08,,0.9,Kg,"ck_indent_kolkata_24Sep-08Oct2026.csv (CK indent dispatch, net of returns); made_qty is CK-level (see Central Kitchen rows), not per store [24 Sep-8 Oct]"
Calcutta Swimming Club,Potato Masala Mix (1Pkt = 90Gm),2026-09-24 to 2026-10-08,,4.0,Pkt,"ck_indent_kolkata_24Sep-08Oct2026.csv (CK indent dispatch, net of returns); made_qty is CK-level (see Central Kitchen rows), not per store [24 Sep-8 Oct]"
Calcutta Swimming Club,Rava Powder Mix,2026-09-24 to 2026-10-08,,2.0,Kg,"ck_indent_kolkata_24Sep-08Oct2026.csv (CK indent dispatch, net of returns); made_qty is CK-level (see Central Kitchen rows), not per store [24 Sep-8 Oct]"
Calcutta Swimming Club,Raw Mango Chutney Bucket,2026-09-24 to 2026-10-08,,0.9,Kg,"ck_indent_kolkata_24Sep-08Oct2026.csv (CK indent dispatch, net of returns); made_qty is CK-level (see Central Kitchen rows), not per store [24 Sep-8 Oct]"
Calcutta Swimming Club,Raw mango Powder Mix (1 Pkt = 13gm),2026-09-24 to 2026-10-08,,,Kg,"entp_consumption_east_north_24Sep-08Oct2026.csv (Indent Receive Qty); made_qty is CK-level (see Central Kitchen rows), not per store [24 Sep-8 Oct]"
Calcutta Swimming Club,Sambar Bucket,2026-09-24 to 2026-10-08,,63.0,Ltr,"ck_indent_kolkata_24Sep-08Oct2026.csv (CK indent dispatch, net of returns); made_qty is CK-level (see Central Kitchen rows), not per store [24 Sep-8 Oct]"
Calcutta Swimming Club,Special Daal Bucket,2026-09-24 to 2026-10-08,,1.0,Kg,"ck_indent_kolkata_24Sep-08Oct2026.csv (CK indent dispatch, net of returns); made_qty is CK-level (see Central Kitchen rows), not per store [24 Sep-8 Oct]"
Calcutta Swimming Club,Special White Coconut Chutney Bucket,2026-09-24 to 2026-10-08,,,Kg,"entp_consumption_east_north_24Sep-08Oct2026.csv (Indent Receive Qty); made_qty is CK-level (see Central Kitchen rows), not per store [24 Sep-8 Oct]"
Calcutta Swimming Club,Spicy Coconut Chutney Mix 1Pkt (16gm),2026-09-24 to 2026-10-08,,,Kg,"entp_consumption_east_north_24Sep-08Oct2026.csv (Indent Receive Qty); made_qty is CK-level (see Central Kitchen rows), not per store [24 Sep-8 Oct]"
Calcutta Swimming Club,Srivilli Kheer (1 Pc),2026-09-24 to 2026-10-08,,1.0,Pc,"ck_indent_kolkata_24Sep-08Oct2026.csv (CK indent dispatch, net of returns); made_qty is CK-level (see Central Kitchen rows), not per store [24 Sep-8 Oct]"
Calcutta Swimming Club,Thatte Idli Pc Raw,2026-09-24 to 2026-10-08,,42.0,Pc,"ck_indent_kolkata_24Sep-08Oct2026.csv (CK indent dispatch, net of returns); made_qty is CK-level (see Central Kitchen rows), not per store [24 Sep-8 Oct]"
Calcutta Swimming Club,Thindi Malkapodi Powder Bucket,2026-09-24 to 2026-10-08,,1.0,Kg,"ck_indent_kolkata_24Sep-08Oct2026.csv (CK indent dispatch, net of returns); made_qty is CK-level (see Central Kitchen rows), not per store [24 Sep-8 Oct]"
Calcutta Swimming Club,Tomato Onion Chutney Bucket,2026-09-24 to 2026-10-08,,2.1,Kg,"ck_indent_kolkata_24Sep-08Oct2026.csv (CK indent dispatch, net of returns); made_qty is CK-level (see Central Kitchen rows), not per store [24 Sep-8 Oct]"
Calcutta Swimming Club,Tomato Onion Powder Mix (1 Pkt = 24gm),2026-09-24 to 2026-10-08,,,Kg,"entp_consumption_east_north_24Sep-08Oct2026.csv (Indent Receive Qty); made_qty is CK-level (see Central Kitchen rows), not per store [24 Sep-8 Oct]"
Calcutta Swimming Club,Upma Mix (1pkt = 300gm),2026-09-24 to 2026-10-08,,0.6,Kg,"ck_indent_kolkata_24Sep-08Oct2026.csv (CK indent dispatch, net of returns); made_qty is CK-level (see Central Kitchen rows), not per store [24 Sep-8 Oct]"
Food Truck - 1,Chaat Masala Bucket,2026-09-24 to 2026-10-08,,0.1,Kg,"ck_indent_kolkata_24Sep-08Oct2026.csv (CK indent dispatch, net of returns); made_qty is CK-level (see Central Kitchen rows), not per store [24 Sep-8 Oct]"
Food Truck - 1,Coconut Shredded,2026-09-24 to 2026-10-08,,,Kg,"entp_consumption_east_north_24Sep-08Oct2026.csv (Indent Receive Qty); made_qty is CK-level (see Central Kitchen rows), not per store [24 Sep-8 Oct]"
Food Truck - 1,Dahi Bucket Mix (1pkt =105gm),2026-09-24 to 2026-10-08,,105.0,gm,"ck_indent_kolkata_24Sep-08Oct2026.csv (CK indent dispatch, net of returns); made_qty is CK-level (see Central Kitchen rows), not per store [24 Sep-8 Oct]"
Food Truck - 1,Dosa Batter Mix,2026-09-24 to 2026-10-08,,17.0,Kg,"ck_indent_kolkata_24Sep-08Oct2026.csv (CK indent dispatch, net of returns); made_qty is CK-level (see Central Kitchen rows), not per store [24 Sep-8 Oct]"
Food Truck - 1,Frozen Medu Vada (10pc),2026-09-24 to 2026-10-08,,50.0,Pc,"ck_indent_kolkata_24Sep-08Oct2026.csv (CK indent dispatch, net of returns); made_qty is CK-level (see Central Kitchen rows), not per store [24 Sep-8 Oct]"
Food Truck - 1,Idli Pc Raw (1 Pkt =40pc),2026-09-24 to 2026-10-08,,150.0,Pc,"ck_indent_kolkata_24Sep-08Oct2026.csv (CK indent dispatch, net of returns); made_qty is CK-level (see Central Kitchen rows), not per store [24 Sep-8 Oct]"
Food Truck - 1,Jain Potato Masala Bucket,2026-09-24 to 2026-10-08,,15.2,Kg,"ck_indent_kolkata_24Sep-08Oct2026.csv (CK indent dispatch, net of returns); made_qty is CK-level (see Central Kitchen rows), not per store [24 Sep-8 Oct]"
Food Truck - 1,Jain Sambar Bucket,2026-09-24 to 2026-10-08,,30.0,Ltr,"ck_indent_kolkata_24Sep-08Oct2026.csv (CK indent dispatch, net of returns); made_qty is CK-level (see Central Kitchen rows), not per store [24 Sep-8 Oct]"
Food Truck - 1,Medu Vada Batter Mix,2026-09-24 to 2026-10-08,,,Kg,"entp_consumption_east_north_24Sep-08Oct2026.csv (Indent Receive Qty); made_qty is CK-level (see Central Kitchen rows), not per store [24 Sep-8 Oct]"
Food Truck - 1,Sambar Bucket,2026-09-24 to 2026-10-08,,,Ltr,"entp_consumption_east_north_24Sep-08Oct2026.csv (Indent Receive Qty); made_qty is CK-level (see Central Kitchen rows), not per store [24 Sep-8 Oct]"
Food Truck - 1,Special Daal Bucket,2026-09-24 to 2026-10-08,,,Kg,"entp_consumption_east_north_24Sep-08Oct2026.csv (Indent Receive Qty); made_qty is CK-level (see Central Kitchen rows), not per store [24 Sep-8 Oct]"
Food Truck - 1,Special White Coconut Chutney Bucket,2026-09-24 to 2026-10-08,,15.1,Kg,"ck_indent_kolkata_24Sep-08Oct2026.csv (CK indent dispatch, net of returns); made_qty is CK-level (see Central Kitchen rows), not per store [24 Sep-8 Oct]"
Forum,Benne Dosa Batter (Pack Size -3 Kg ),2026-09-24 to 2026-10-08,,53.0,Kg,"ck_indent_kolkata_24Sep-08Oct2026.csv (CK indent dispatch, net of returns); made_qty is CK-level (see Central Kitchen rows), not per store [24 Sep-8 Oct]"
Forum,Boiled & Mashed Potato (1Pkt = 3Kg),2026-09-24 to 2026-10-08,,,Kg,"entp_consumption_east_north_24Sep-08Oct2026.csv (Indent Receive Qty); made_qty is CK-level (see Central Kitchen rows), not per store [24 Sep-8 Oct]"
Forum,Chaat Masala Bucket,2026-09-24 to 2026-10-08,,0.2,Kg,"ck_indent_kolkata_24Sep-08Oct2026.csv (CK indent dispatch, net of returns); made_qty is CK-level (see Central Kitchen rows), not per store [24 Sep-8 Oct]"
Forum,Coconut Shredded,2026-09-24 to 2026-10-08,,38.0,Kg,"ck_indent_kolkata_24Sep-08Oct2026.csv (CK indent dispatch, net of returns); made_qty is CK-level (see Central Kitchen rows), not per store [24 Sep-8 Oct]"
Forum,Dahi Bucket Mix (1pkt =105gm),2026-09-24 to 2026-10-08,,735.0,gm,"ck_indent_kolkata_24Sep-08Oct2026.csv (CK indent dispatch, net of returns); made_qty is CK-level (see Central Kitchen rows), not per store [24 Sep-8 Oct]"
Forum,Dosa Batter Mix,2026-09-24 to 2026-10-08,,155.0,Kg,"ck_indent_kolkata_24Sep-08Oct2026.csv (CK indent dispatch, net of returns); made_qty is CK-level (see Central Kitchen rows), not per store [24 Sep-8 Oct]"
Forum,Filter Coffee Ice Cream (700gm= 1 Bucket),2026-09-24 to 2026-10-08,,2.1,Kg,"ck_indent_kolkata_24Sep-08Oct2026.csv (CK indent dispatch, net of returns); made_qty is CK-level (see Central Kitchen rows), not per store [24 Sep-8 Oct]"
Forum,Garlic Chutney Bucket,2026-09-24 to 2026-10-08,,4.5,Kg,"ck_indent_kolkata_24Sep-08Oct2026.csv (CK indent dispatch, net of returns); made_qty is CK-level (see Central Kitchen rows), not per store [24 Sep-8 Oct]"
Forum,Idli Pc Raw (1 Pkt =40pc),2026-09-24 to 2026-10-08,,520.0,Pc,"ck_indent_kolkata_24Sep-08Oct2026.csv (CK indent dispatch, net of returns); made_qty is CK-level (see Central Kitchen rows), not per store [24 Sep-8 Oct]"
Forum,Imli Water,2026-09-24 to 2026-10-08,,1.2,Ltr,"ck_indent_kolkata_24Sep-08Oct2026.csv (CK indent dispatch, net of returns); made_qty is CK-level (see Central Kitchen rows), not per store [24 Sep-8 Oct]"
Forum,Jain Sambar Bucket,2026-09-24 to 2026-10-08,,38.0,Ltr,"ck_indent_kolkata_24Sep-08Oct2026.csv (CK indent dispatch, net of returns); made_qty is CK-level (see Central Kitchen rows), not per store [24 Sep-8 Oct]"
Forum,Karam Podi Powder Bucket,2026-09-24 to 2026-10-08,,0.5,Kg,"ck_indent_kolkata_24Sep-08Oct2026.csv (CK indent dispatch, net of returns); made_qty is CK-level (see Central Kitchen rows), not per store [24 Sep-8 Oct]"
Forum,Kesari Halwa Mix  (1pkt = 550gm),2026-09-24 to 2026-10-08,,3.3,Kg,"ck_indent_kolkata_24Sep-08Oct2026.csv (CK indent dispatch, net of returns); made_qty is CK-level (see Central Kitchen rows), not per store [24 Sep-8 Oct]"
Forum,Korma Gravy Mix (1pkt=700gm),2026-09-24 to 2026-10-08,,4.9,Kg,"ck_indent_kolkata_24Sep-08Oct2026.csv (CK indent dispatch, net of returns); made_qty is CK-level (see Central Kitchen rows), not per store [24 Sep-8 Oct]"
Forum,Malabar Paratha  (1pkt= 6Pcs),2026-09-24 to 2026-10-08,,,Pc,"entp_consumption_east_north_24Sep-08Oct2026.csv (Indent Receive Qty); made_qty is CK-level (see Central Kitchen rows), not per store [24 Sep-8 Oct]"
Forum,Malabar Paratha Dough,2026-09-24 to 2026-10-08,,66.0,Pc,"ck_indent_kolkata_24Sep-08Oct2026.csv (CK indent dispatch, net of returns); made_qty is CK-level (see Central Kitchen rows), not per store [24 Sep-8 Oct]"
Forum,Malkapodi Bucket,2026-09-24 to 2026-10-08,,0.5,Kg,"ck_indent_kolkata_24Sep-08Oct2026.csv (CK indent dispatch, net of returns); made_qty is CK-level (see Central Kitchen rows), not per store [24 Sep-8 Oct]"
Forum,Medu Vada Batter,2026-09-24 to 2026-10-08,,,Kg,"entp_consumption_east_north_24Sep-08Oct2026.csv (Indent Receive Qty); made_qty is CK-level (see Central Kitchen rows), not per store [24 Sep-8 Oct]"
Forum,Medu Vada Batter Mix,2026-09-24 to 2026-10-08,,,Kg,"entp_consumption_east_north_24Sep-08Oct2026.csv (Indent Receive Qty); made_qty is CK-level (see Central Kitchen rows), not per store [24 Sep-8 Oct]"
Forum,Medu Vada Batter Powder Mix (1 Pkt = 23gm),2026-09-24 to 2026-10-08,,0.253,Kg,"ck_indent_kolkata_24Sep-08Oct2026.csv (CK indent dispatch, net of returns); made_qty is CK-level (see Central Kitchen rows), not per store [24 Sep-8 Oct]"
Forum,Mysore Chutney Bucket,2026-09-24 to 2026-10-08,,3.6,Kg,"ck_indent_kolkata_24Sep-08Oct2026.csv (CK indent dispatch, net of returns); made_qty is CK-level (see Central Kitchen rows), not per store [24 Sep-8 Oct]"
Forum,Potato Masala Mix (1Pkt = 90Gm),2026-09-24 to 2026-10-08,,21.0,Pkt,"ck_indent_kolkata_24Sep-08Oct2026.csv (CK indent dispatch, net of returns); made_qty is CK-level (see Central Kitchen rows), not per store [24 Sep-8 Oct]"
Forum,Rava Powder Mix,2026-09-24 to 2026-10-08,,4.0,Kg,"ck_indent_kolkata_24Sep-08Oct2026.csv (CK indent dispatch, net of returns); made_qty is CK-level (see Central Kitchen rows), not per store [24 Sep-8 Oct]"
Forum,Raw Mango Chutney Bucket,2026-09-24 to 2026-10-08,,,Kg,"entp_consumption_east_north_24Sep-08Oct2026.csv (Indent Receive Qty); made_qty is CK-level (see Central Kitchen rows), not per store [24 Sep-8 Oct]"
Forum,Raw mango Powder Mix (1 Pkt = 13gm),2026-09-24 to 2026-10-08,,0.182,Kg,"ck_indent_kolkata_24Sep-08Oct2026.csv (CK indent dispatch, net of returns); made_qty is CK-level (see Central Kitchen rows), not per store [24 Sep-8 Oct]"
Forum,Sambar Bucket,2026-09-24 to 2026-10-08,,214.0,Ltr,"ck_indent_kolkata_24Sep-08Oct2026.csv (CK indent dispatch, net of returns); made_qty is CK-level (see Central Kitchen rows), not per store [24 Sep-8 Oct]"
Forum,Special Daal Bucket,2026-09-24 to 2026-10-08,,5.0,Kg,"ck_indent_kolkata_24Sep-08Oct2026.csv (CK indent dispatch, net of returns); made_qty is CK-level (see Central Kitchen rows), not per store [24 Sep-8 Oct]"
Forum,Special White Coconut Chutney Bucket,2026-09-24 to 2026-10-08,,,Kg,"entp_consumption_east_north_24Sep-08Oct2026.csv (Indent Receive Qty); made_qty is CK-level (see Central Kitchen rows), not per store [24 Sep-8 Oct]"
Forum,Spicy Coconut Chutney Mix 1Pkt (16gm),2026-09-24 to 2026-10-08,,,Kg,"entp_consumption_east_north_24Sep-08Oct2026.csv (Indent Receive Qty); made_qty is CK-level (see Central Kitchen rows), not per store [24 Sep-8 Oct]"
Forum,Srivilli Kheer (1 Pc),2026-09-24 to 2026-10-08,,20.0,Pc,"ck_indent_kolkata_24Sep-08Oct2026.csv (CK indent dispatch, net of returns); made_qty is CK-level (see Central Kitchen rows), not per store [24 Sep-8 Oct]"
Forum,Thatte Idli Batter,2026-09-24 to 2026-10-08,,8.0,Kg,"ck_indent_kolkata_24Sep-08Oct2026.csv (CK indent dispatch, net of returns); made_qty is CK-level (see Central Kitchen rows), not per store [24 Sep-8 Oct]"
Forum,Thatte Idli Pc Raw,2026-09-24 to 2026-10-08,,,Pc,"entp_consumption_east_north_24Sep-08Oct2026.csv (Indent Receive Qty); made_qty is CK-level (see Central Kitchen rows), not per store [24 Sep-8 Oct]"
Forum,Thindi Malkapodi Powder Bucket,2026-09-24 to 2026-10-08,,1.0,Kg,"ck_indent_kolkata_24Sep-08Oct2026.csv (CK indent dispatch, net of returns); made_qty is CK-level (see Central Kitchen rows), not per store [24 Sep-8 Oct]"
Forum,Tomato Onion Chutney Bucket,2026-09-24 to 2026-10-08,,,Kg,"entp_consumption_east_north_24Sep-08Oct2026.csv (Indent Receive Qty); made_qty is CK-level (see Central Kitchen rows), not per store [24 Sep-8 Oct]"
Forum,Tomato Onion Powder Mix (1 Pkt = 24gm),2026-09-24 to 2026-10-08,,0.288,Kg,"ck_indent_kolkata_24Sep-08Oct2026.csv (CK indent dispatch, net of returns); made_qty is CK-level (see Central Kitchen rows), not per store [24 Sep-8 Oct]"
Forum,Upma Mix (1pkt = 300gm),2026-09-24 to 2026-10-08,,1.8,Kg,"ck_indent_kolkata_24Sep-08Oct2026.csv (CK indent dispatch, net of returns); made_qty is CK-level (see Central Kitchen rows), not per store [24 Sep-8 Oct]"
Ideal Plaza,Benne Dosa Batter (Pack Size -3 Kg ),2026-09-24 to 2026-10-08,,182.725,Kg,"ck_indent_kolkata_24Sep-08Oct2026.csv (CK indent dispatch, net of returns); made_qty is CK-level (see Central Kitchen rows), not per store [24 Sep-8 Oct]"
Ideal Plaza,Boiled & Mashed Potato (1Pkt = 3Kg),2026-09-24 to 2026-10-08,,18.0,Kg,"ck_indent_kolkata_24Sep-08Oct2026.csv (CK indent dispatch, net of returns); made_qty is CK-level (see Central Kitchen rows), not per store [24 Sep-8 Oct]"
Ideal Plaza,Chaat Masala Bucket,2026-09-24 to 2026-10-08,,0.7,Kg,"ck_indent_kolkata_24Sep-08Oct2026.csv (CK indent dispatch, net of returns); made_qty is CK-level (see Central Kitchen rows), not per store [24 Sep-8 Oct]"
Ideal Plaza,Coconut Shredded,2026-09-24 to 2026-10-08,,,Kg,"entp_consumption_east_north_24Sep-08Oct2026.csv (Indent Receive Qty); made_qty is CK-level (see Central Kitchen rows), not per store [24 Sep-8 Oct]"
Ideal Plaza,Dadu`s Special Spicy Chutney,2026-09-24 to 2026-10-08,,2.0,Kg,"ck_indent_kolkata_24Sep-08Oct2026.csv (CK indent dispatch, net of returns); made_qty is CK-level (see Central Kitchen rows), not per store [24 Sep-8 Oct]"
Ideal Plaza,Dahi Bucket Mix (1pkt =105gm),2026-09-24 to 2026-10-08,,5250.0,gm,"ck_indent_kolkata_24Sep-08Oct2026.csv (CK indent dispatch, net of returns); made_qty is CK-level (see Central Kitchen rows), not per store [24 Sep-8 Oct]"
Ideal Plaza,Dosa Batter Mix,2026-09-24 to 2026-10-08,,590.0,Kg,"ck_indent_kolkata_24Sep-08Oct2026.csv (CK indent dispatch, net of returns); made_qty is CK-level (see Central Kitchen rows), not per store [24 Sep-8 Oct]"
Ideal Plaza,Filter Coffee Ice Cream (700gm= 1 Bucket),2026-09-24 to 2026-10-08,,4.2,Kg,"ck_indent_kolkata_24Sep-08Oct2026.csv (CK indent dispatch, net of returns); made_qty is CK-level (see Central Kitchen rows), not per store [24 Sep-8 Oct]"
Ideal Plaza,Garam Masala Powder Bucket,2026-09-24 to 2026-10-08,,,Kg,"entp_consumption_east_north_24Sep-08Oct2026.csv (Indent Receive Qty); made_qty is CK-level (see Central Kitchen rows), not per store [24 Sep-8 Oct]"
Ideal Plaza,Garlic Chutney Bucket,2026-09-24 to 2026-10-08,,26.4,Kg,"ck_indent_kolkata_24Sep-08Oct2026.csv (CK indent dispatch, net of returns); made_qty is CK-level (see Central Kitchen rows), not per store [24 Sep-8 Oct]"
Ideal Plaza,Idli Pc Raw (1 Pkt =40pc),2026-09-24 to 2026-10-08,,4040.0,Pc,"ck_indent_kolkata_24Sep-08Oct2026.csv (CK indent dispatch, net of returns); made_qty is CK-level (see Central Kitchen rows), not per store [24 Sep-8 Oct]"
Ideal Plaza,Imli Water,2026-09-24 to 2026-10-08,,5.1,Ltr,"ck_indent_kolkata_24Sep-08Oct2026.csv (CK indent dispatch, net of returns); made_qty is CK-level (see Central Kitchen rows), not per store [24 Sep-8 Oct]"
Ideal Plaza,Jain Sambar Bucket,2026-09-24 to 2026-10-08,,739.0,Ltr,"ck_indent_kolkata_24Sep-08Oct2026.csv (CK indent dispatch, net of returns); made_qty is CK-level (see Central Kitchen rows), not per store [24 Sep-8 Oct]"
Ideal Plaza,Karam Podi Powder Bucket,2026-09-24 to 2026-10-08,,1.0,Kg,"ck_indent_kolkata_24Sep-08Oct2026.csv (CK indent dispatch, net of returns); made_qty is CK-level (see Central Kitchen rows), not per store [24 Sep-8 Oct]"
Ideal Plaza,Kesari Halwa Mix  (1pkt = 550gm),2026-09-24 to 2026-10-08,,13.2,Kg,"ck_indent_kolkata_24Sep-08Oct2026.csv (CK indent dispatch, net of returns); made_qty is CK-level (see Central Kitchen rows), not per store [24 Sep-8 Oct]"
Ideal Plaza,Korma Gravy Mix (1pkt=700gm),2026-09-24 to 2026-10-08,,18.8,Kg,"ck_indent_kolkata_24Sep-08Oct2026.csv (CK indent dispatch, net of returns); made_qty is CK-level (see Central Kitchen rows), not per store [24 Sep-8 Oct]"
Ideal Plaza,Lemon Rice Bucket,2026-09-24 to 2026-10-08,,12.5,Kg,"ck_indent_kolkata_24Sep-08Oct2026.csv (CK indent dispatch, net of returns); made_qty is CK-level (see Central Kitchen rows), not per store [24 Sep-8 Oct]"
Ideal Plaza,Malabar Paratha  (1pkt= 6Pcs),2026-09-24 to 2026-10-08,,,Pc,"entp_consumption_east_north_24Sep-08Oct2026.csv (Indent Receive Qty); made_qty is CK-level (see Central Kitchen rows), not per store [24 Sep-8 Oct]"
Ideal Plaza,Malabar Paratha Dough,2026-09-24 to 2026-10-08,,246.0,Pc,"ck_indent_kolkata_24Sep-08Oct2026.csv (CK indent dispatch, net of returns); made_qty is CK-level (see Central Kitchen rows), not per store [24 Sep-8 Oct]"
Ideal Plaza,Malkapodi Bucket,2026-09-24 to 2026-10-08,,5.5,Kg,"ck_indent_kolkata_24Sep-08Oct2026.csv (CK indent dispatch, net of returns); made_qty is CK-level (see Central Kitchen rows), not per store [24 Sep-8 Oct]"
Ideal Plaza,Malkapodi Powder (1 Box = 100Gm),2026-09-24 to 2026-10-08,,,Pc,"entp_consumption_east_north_24Sep-08Oct2026.csv (Indent Receive Qty); made_qty is CK-level (see Central Kitchen rows), not per store [24 Sep-8 Oct]"
Ideal Plaza,Medu Vada Batter Mix,2026-09-24 to 2026-10-08,,4.0,Kg,"ck_indent_kolkata_24Sep-08Oct2026.csv (CK indent dispatch, net of returns); made_qty is CK-level (see Central Kitchen rows), not per store [24 Sep-8 Oct]"
Ideal Plaza,Mysore Chutney Bucket,2026-09-24 to 2026-10-08,,11.4,Kg,"ck_indent_kolkata_24Sep-08Oct2026.csv (CK indent dispatch, net of returns); made_qty is CK-level (see Central Kitchen rows), not per store [24 Sep-8 Oct]"
Ideal Plaza,Potato Masala Mix (1Pkt = 90Gm),2026-09-24 to 2026-10-08,,109.0,Pkt,"ck_indent_kolkata_24Sep-08Oct2026.csv (CK indent dispatch, net of returns); made_qty is CK-level (see Central Kitchen rows), not per store [24 Sep-8 Oct]"
Ideal Plaza,Rasam Bucket,2026-09-24 to 2026-10-08,,,Ltr,"entp_consumption_east_north_24Sep-08Oct2026.csv (Indent Receive Qty); made_qty is CK-level (see Central Kitchen rows), not per store [24 Sep-8 Oct]"
Ideal Plaza,Rasam Chhoke Pre-Mix (2 Mix -6gm + 42gm)= 48gm,2026-09-24 to 2026-10-08,,0.336,Kg,"ck_indent_kolkata_24Sep-08Oct2026.csv (CK indent dispatch, net of returns); made_qty is CK-level (see Central Kitchen rows), not per store [24 Sep-8 Oct]"
Ideal Plaza,Rasam Mix (1Pkt =15 gm),2026-09-24 to 2026-10-08,,0.105,Kg,"ck_indent_kolkata_24Sep-08Oct2026.csv (CK indent dispatch, net of returns); made_qty is CK-level (see Central Kitchen rows), not per store [24 Sep-8 Oct]"
Ideal Plaza,Rava Powder Mix,2026-09-24 to 2026-10-08,,13.0,Kg,"ck_indent_kolkata_24Sep-08Oct2026.csv (CK indent dispatch, net of returns); made_qty is CK-level (see Central Kitchen rows), not per store [24 Sep-8 Oct]"
Ideal Plaza,Raw Mango Chutney Bucket,2026-09-24 to 2026-10-08,,1.0,Kg,"ck_indent_kolkata_24Sep-08Oct2026.csv (CK indent dispatch, net of returns); made_qty is CK-level (see Central Kitchen rows), not per store [24 Sep-8 Oct]"
Ideal Plaza,Raw Mango Pickle Bucket,2026-09-24 to 2026-10-08,,1.25,Kg,"ck_indent_kolkata_24Sep-08Oct2026.csv (CK indent dispatch, net of returns); made_qty is CK-level (see Central Kitchen rows), not per store [24 Sep-8 Oct]"
Ideal Plaza,Raw mango Powder Mix (1 Pkt = 13gm),2026-09-24 to 2026-10-08,,0.611,Kg,"ck_indent_kolkata_24Sep-08Oct2026.csv (CK indent dispatch, net of returns); made_qty is CK-level (see Central Kitchen rows), not per store [24 Sep-8 Oct]"
Ideal Plaza,Sambar Bucket,2026-09-24 to 2026-10-08,,865.0,Ltr,"ck_indent_kolkata_24Sep-08Oct2026.csv (CK indent dispatch, net of returns); made_qty is CK-level (see Central Kitchen rows), not per store [24 Sep-8 Oct]"
Ideal Plaza,Special Daal Bucket,2026-09-24 to 2026-10-08,,12.0,Kg,"ck_indent_kolkata_24Sep-08Oct2026.csv (CK indent dispatch, net of returns); made_qty is CK-level (see Central Kitchen rows), not per store [24 Sep-8 Oct]"
Ideal Plaza,Special White Coconut Chutney Bucket,2026-09-24 to 2026-10-08,,2.0,Kg,"ck_indent_kolkata_24Sep-08Oct2026.csv (CK indent dispatch, net of returns); made_qty is CK-level (see Central Kitchen rows), not per store [24 Sep-8 Oct]"
Ideal Plaza,Spicy Coconut Chutney Mix 1Pkt (16gm),2026-09-24 to 2026-10-08,,,Kg,"entp_consumption_east_north_24Sep-08Oct2026.csv (Indent Receive Qty); made_qty is CK-level (see Central Kitchen rows), not per store [24 Sep-8 Oct]"
Ideal Plaza,Srivilli Kheer (1 Pc),2026-09-24 to 2026-10-08,,117.0,Pc,"ck_indent_kolkata_24Sep-08Oct2026.csv (CK indent dispatch, net of returns); made_qty is CK-level (see Central Kitchen rows), not per store [24 Sep-8 Oct]"
Ideal Plaza,Steam Rice Bucket,2026-09-24 to 2026-10-08,,34.0,Kg,"ck_indent_kolkata_24Sep-08Oct2026.csv (CK indent dispatch, net of returns); made_qty is CK-level (see Central Kitchen rows), not per store [24 Sep-8 Oct]"
Ideal Plaza,Thatte Idli Batter,2026-09-24 to 2026-10-08,,54.8,Kg,"ck_indent_kolkata_24Sep-08Oct2026.csv (CK indent dispatch, net of returns); made_qty is CK-level (see Central Kitchen rows), not per store [24 Sep-8 Oct]"
Ideal Plaza,Thatte Idli Pc Raw,2026-09-24 to 2026-10-08,,,Pc,"entp_consumption_east_north_24Sep-08Oct2026.csv (Indent Receive Qty); made_qty is CK-level (see Central Kitchen rows), not per store [24 Sep-8 Oct]"
Ideal Plaza,Thindi Malkapodi Powder Bucket,2026-09-24 to 2026-10-08,,4.5,Kg,"ck_indent_kolkata_24Sep-08Oct2026.csv (CK indent dispatch, net of returns); made_qty is CK-level (see Central Kitchen rows), not per store [24 Sep-8 Oct]"
Ideal Plaza,Tomato Onion Powder Mix (1 Pkt = 24gm),2026-09-24 to 2026-10-08,,1.488,Kg,"ck_indent_kolkata_24Sep-08Oct2026.csv (CK indent dispatch, net of returns); made_qty is CK-level (see Central Kitchen rows), not per store [24 Sep-8 Oct]"
Ideal Plaza,Upma Mix (1pkt = 300gm),2026-09-24 to 2026-10-08,,4.2,Kg,"ck_indent_kolkata_24Sep-08Oct2026.csv (CK indent dispatch, net of returns); made_qty is CK-level (see Central Kitchen rows), not per store [24 Sep-8 Oct]"
James Long Sarani,Benne Dosa Batter (Pack Size -3 Kg ),2026-09-24 to 2026-10-08,,70.0,Kg,"ck_indent_kolkata_24Sep-08Oct2026.csv (CK indent dispatch, net of returns); made_qty is CK-level (see Central Kitchen rows), not per store [24 Sep-8 Oct]"
James Long Sarani,Boiled & Mashed Potato (1Pkt = 3Kg),2026-09-24 to 2026-10-08,,,Kg,"entp_consumption_east_north_24Sep-08Oct2026.csv (Indent Receive Qty); made_qty is CK-level (see Central Kitchen rows), not per store [24 Sep-8 Oct]"
James Long Sarani,Chaat Masala Bucket,2026-09-24 to 2026-10-08,,0.4,Kg,"ck_indent_kolkata_24Sep-08Oct2026.csv (CK indent dispatch, net of returns); made_qty is CK-level (see Central Kitchen rows), not per store [24 Sep-8 Oct]"
James Long Sarani,Coconut Shredded,2026-09-24 to 2026-10-08,,106.0,Kg,"ck_indent_kolkata_24Sep-08Oct2026.csv (CK indent dispatch, net of returns); made_qty is CK-level (see Central Kitchen rows), not per store [24 Sep-8 Oct]"
James Long Sarani,Dahi Bucket Mix (1pkt =105gm),2026-09-24 to 2026-10-08,,3255.0,gm,"ck_indent_kolkata_24Sep-08Oct2026.csv (CK indent dispatch, net of returns); made_qty is CK-level (see Central Kitchen rows), not per store [24 Sep-8 Oct]"
James Long Sarani,Dosa Batter Mix,2026-09-24 to 2026-10-08,,352.48,Kg,"ck_indent_kolkata_24Sep-08Oct2026.csv (CK indent dispatch, net of returns); made_qty is CK-level (see Central Kitchen rows), not per store [24 Sep-8 Oct]"
James Long Sarani,Filter Coffee Ice Cream (700gm= 1 Bucket),2026-09-24 to 2026-10-08,,2.8,Kg,"ck_indent_kolkata_24Sep-08Oct2026.csv (CK indent dispatch, net of returns); made_qty is CK-level (see Central Kitchen rows), not per store [24 Sep-8 Oct]"
James Long Sarani,Garam Masala Powder Bucket,2026-09-24 to 2026-10-08,,,Kg,"entp_consumption_east_north_24Sep-08Oct2026.csv (Indent Receive Qty); made_qty is CK-level (see Central Kitchen rows), not per store [24 Sep-8 Oct]"
James Long Sarani,Garlic Chutney Bucket,2026-09-24 to 2026-10-08,,11.4,Kg,"ck_indent_kolkata_24Sep-08Oct2026.csv (CK indent dispatch, net of returns); made_qty is CK-level (see Central Kitchen rows), not per store [24 Sep-8 Oct]"
James Long Sarani,Idli Pc Raw (1 Pkt =40pc),2026-09-24 to 2026-10-08,,1520.0,Pc,"ck_indent_kolkata_24Sep-08Oct2026.csv (CK indent dispatch, net of returns); made_qty is CK-level (see Central Kitchen rows), not per store [24 Sep-8 Oct]"
James Long Sarani,Imli Water,2026-09-24 to 2026-10-08,,3.3,Ltr,"ck_indent_kolkata_24Sep-08Oct2026.csv (CK indent dispatch, net of returns); made_qty is CK-level (see Central Kitchen rows), not per store [24 Sep-8 Oct]"
James Long Sarani,Jain Sambar Bucket,2026-09-24 to 2026-10-08,,51.0,Ltr,"ck_indent_kolkata_24Sep-08Oct2026.csv (CK indent dispatch, net of returns); made_qty is CK-level (see Central Kitchen rows), not per store [24 Sep-8 Oct]"
James Long Sarani,Karam Podi Powder Bucket,2026-09-24 to 2026-10-08,,0.5,Kg,"ck_indent_kolkata_24Sep-08Oct2026.csv (CK indent dispatch, net of returns); made_qty is CK-level (see Central Kitchen rows), not per store [24 Sep-8 Oct]"
James Long Sarani,Kesari Halwa Mix  (1pkt = 550gm),2026-09-24 to 2026-10-08,,8.25,Kg,"ck_indent_kolkata_24Sep-08Oct2026.csv (CK indent dispatch, net of returns); made_qty is CK-level (see Central Kitchen rows), not per store [24 Sep-8 Oct]"
James Long Sarani,Korma Gravy Mix (1pkt=700gm),2026-09-24 to 2026-10-08,,15.4,Kg,"ck_indent_kolkata_24Sep-08Oct2026.csv (CK indent dispatch, net of returns); made_qty is CK-level (see Central Kitchen rows), not per store [24 Sep-8 Oct]"
James Long Sarani,Lemon Rice Bucket,2026-09-24 to 2026-10-08,,8.5,Kg,"ck_indent_kolkata_24Sep-08Oct2026.csv (CK indent dispatch, net of returns); made_qty is CK-level (see Central Kitchen rows), not per store [24 Sep-8 Oct]"
James Long Sarani,Malabar Paratha  (1pkt= 6Pcs),2026-09-24 to 2026-10-08,,,Pc,"entp_consumption_east_north_24Sep-08Oct2026.csv (Indent Receive Qty); made_qty is CK-level (see Central Kitchen rows), not per store [24 Sep-8 Oct]"
James Long Sarani,Malabar Paratha Dough,2026-09-24 to 2026-10-08,,210.0,Pc,"ck_indent_kolkata_24Sep-08Oct2026.csv (CK indent dispatch, net of returns); made_qty is CK-level (see Central Kitchen rows), not per store [24 Sep-8 Oct]"
James Long Sarani,Malkapodi Bucket,2026-09-24 to 2026-10-08,,1.5,Kg,"ck_indent_kolkata_24Sep-08Oct2026.csv (CK indent dispatch, net of returns); made_qty is CK-level (see Central Kitchen rows), not per store [24 Sep-8 Oct]"
James Long Sarani,Medu Vada Batter Mix,2026-09-24 to 2026-10-08,,,Kg,"entp_consumption_east_north_24Sep-08Oct2026.csv (Indent Receive Qty); made_qty is CK-level (see Central Kitchen rows), not per store [24 Sep-8 Oct]"
James Long Sarani,Medu Vada Batter Powder Mix (1 Pkt = 23gm),2026-09-24 to 2026-10-08,,1.081,Kg,"ck_indent_kolkata_24Sep-08Oct2026.csv (CK indent dispatch, net of returns); made_qty is CK-level (see Central Kitchen rows), not per store [24 Sep-8 Oct]"
James Long Sarani,Mysore Chutney Bucket,2026-09-24 to 2026-10-08,,8.1,Kg,"ck_indent_kolkata_24Sep-08Oct2026.csv (CK indent dispatch, net of returns); made_qty is CK-level (see Central Kitchen rows), not per store [24 Sep-8 Oct]"
James Long Sarani,Potato Masala Mix (1Pkt = 90Gm),2026-09-24 to 2026-10-08,,56.0,Pkt,"ck_indent_kolkata_24Sep-08Oct2026.csv (CK indent dispatch, net of returns); made_qty is CK-level (see Central Kitchen rows), not per store [24 Sep-8 Oct]"
James Long Sarani,Rasam Bucket,2026-09-24 to 2026-10-08,,,Ltr,"entp_consumption_east_north_24Sep-08Oct2026.csv (Indent Receive Qty); made_qty is CK-level (see Central Kitchen rows), not per store [24 Sep-8 Oct]"
James Long Sarani,Rasam Chhoke Pre-Mix (2 Mix -6gm + 42gm)= 48gm,2026-09-24 to 2026-10-08,,0.336,Kg,"ck_indent_kolkata_24Sep-08Oct2026.csv (CK indent dispatch, net of returns); made_qty is CK-level (see Central Kitchen rows), not per store [24 Sep-8 Oct]"
James Long Sarani,Rasam Mix (1Pkt =15 gm),2026-09-24 to 2026-10-08,,0.09,Kg,"ck_indent_kolkata_24Sep-08Oct2026.csv (CK indent dispatch, net of returns); made_qty is CK-level (see Central Kitchen rows), not per store [24 Sep-8 Oct]"
James Long Sarani,Rava Powder Mix,2026-09-24 to 2026-10-08,,5.0,Kg,"ck_indent_kolkata_24Sep-08Oct2026.csv (CK indent dispatch, net of returns); made_qty is CK-level (see Central Kitchen rows), not per store [24 Sep-8 Oct]"
James Long Sarani,Raw Mango Chutney Bucket,2026-09-24 to 2026-10-08,,,Kg,"entp_consumption_east_north_24Sep-08Oct2026.csv (Indent Receive Qty); made_qty is CK-level (see Central Kitchen rows), not per store [24 Sep-8 Oct]"
James Long Sarani,Raw Mango Pickle Bucket,2026-09-24 to 2026-10-08,,0.5,Kg,"ck_indent_kolkata_24Sep-08Oct2026.csv (CK indent dispatch, net of returns); made_qty is CK-level (see Central Kitchen rows), not per store [24 Sep-8 Oct]"
James Long Sarani,Raw mango Powder Mix (1 Pkt = 13gm),2026-09-24 to 2026-10-08,,0.286,Kg,"ck_indent_kolkata_24Sep-08Oct2026.csv (CK indent dispatch, net of returns); made_qty is CK-level (see Central Kitchen rows), not per store [24 Sep-8 Oct]"
James Long Sarani,Sambar Bucket,2026-09-24 to 2026-10-08,,515.0,Ltr,"ck_indent_kolkata_24Sep-08Oct2026.csv (CK indent dispatch, net of returns); made_qty is CK-level (see Central Kitchen rows), not per store [24 Sep-8 Oct]"
James Long Sarani,Special Daal Bucket,2026-09-24 to 2026-10-08,,1.0,Kg,"ck_indent_kolkata_24Sep-08Oct2026.csv (CK indent dispatch, net of returns); made_qty is CK-level (see Central Kitchen rows), not per store [24 Sep-8 Oct]"
James Long Sarani,Special White Coconut Chutney Bucket,2026-09-24 to 2026-10-08,,,Kg,"entp_consumption_east_north_24Sep-08Oct2026.csv (Indent Receive Qty); made_qty is CK-level (see Central Kitchen rows), not per store [24 Sep-8 Oct]"
James Long Sarani,Spicy Coconut Chutney Mix 1Pkt (16gm),2026-09-24 to 2026-10-08,,,Kg,"entp_consumption_east_north_24Sep-08Oct2026.csv (Indent Receive Qty); made_qty is CK-level (see Central Kitchen rows), not per store [24 Sep-8 Oct]"
James Long Sarani,Srivilli Kheer (1 Pc),2026-09-24 to 2026-10-08,,74.0,Pc,"ck_indent_kolkata_24Sep-08Oct2026.csv (CK indent dispatch, net of returns); made_qty is CK-level (see Central Kitchen rows), not per store [24 Sep-8 Oct]"
James Long Sarani,Steam Rice Bucket,2026-09-24 to 2026-10-08,,19.0,Kg,"ck_indent_kolkata_24Sep-08Oct2026.csv (CK indent dispatch, net of returns); made_qty is CK-level (see Central Kitchen rows), not per store [24 Sep-8 Oct]"
James Long Sarani,Thatte Idli Pc Raw,2026-09-24 to 2026-10-08,,150.0,Pc,"ck_indent_kolkata_24Sep-08Oct2026.csv (CK indent dispatch, net of returns); made_qty is CK-level (see Central Kitchen rows), not per store [24 Sep-8 Oct]"
James Long Sarani,Thindi Malkapodi Powder Bucket,2026-09-24 to 2026-10-08,,1.5,Kg,"ck_indent_kolkata_24Sep-08Oct2026.csv (CK indent dispatch, net of returns); made_qty is CK-level (see Central Kitchen rows), not per store [24 Sep-8 Oct]"
James Long Sarani,Tomato Onion Powder Mix (1 Pkt = 24gm),2026-09-24 to 2026-10-08,,0.6,Kg,"ck_indent_kolkata_24Sep-08Oct2026.csv (CK indent dispatch, net of returns); made_qty is CK-level (see Central Kitchen rows), not per store [24 Sep-8 Oct]"
James Long Sarani,Upma Mix (1pkt = 300gm),2026-09-24 to 2026-10-08,,3.6,Kg,"ck_indent_kolkata_24Sep-08Oct2026.csv (CK indent dispatch, net of returns); made_qty is CK-level (see Central Kitchen rows), not per store [24 Sep-8 Oct]"
Kalikapur,Benne Dosa Batter (Pack Size -3 Kg ),2026-09-24 to 2026-10-08,,70.0,Kg,"ck_indent_kolkata_24Sep-08Oct2026.csv (CK indent dispatch, net of returns); made_qty is CK-level (see Central Kitchen rows), not per store [24 Sep-8 Oct]"
Kalikapur,Boiled & Mashed Potato (1Pkt = 3Kg),2026-09-24 to 2026-10-08,,,Kg,"entp_consumption_east_north_24Sep-08Oct2026.csv (Indent Receive Qty); made_qty is CK-level (see Central Kitchen rows), not per store [24 Sep-8 Oct]"
Kalikapur,Chaat Masala Bucket,2026-09-24 to 2026-10-08,,0.2,Kg,"ck_indent_kolkata_24Sep-08Oct2026.csv (CK indent dispatch, net of returns); made_qty is CK-level (see Central Kitchen rows), not per store [24 Sep-8 Oct]"
Kalikapur,Coconut Shredded,2026-09-24 to 2026-10-08,,89.0,Kg,"ck_indent_kolkata_24Sep-08Oct2026.csv (CK indent dispatch, net of returns); made_qty is CK-level (see Central Kitchen rows), not per store [24 Sep-8 Oct]"
Kalikapur,Dahi Bucket Mix (1pkt =105gm),2026-09-24 to 2026-10-08,,2310.0,gm,"ck_indent_kolkata_24Sep-08Oct2026.csv (CK indent dispatch, net of returns); made_qty is CK-level (see Central Kitchen rows), not per store [24 Sep-8 Oct]"
Kalikapur,Dosa Batter Mix,2026-09-24 to 2026-10-08,,265.0,Kg,"ck_indent_kolkata_24Sep-08Oct2026.csv (CK indent dispatch, net of returns); made_qty is CK-level (see Central Kitchen rows), not per store [24 Sep-8 Oct]"
Kalikapur,Filter Coffee Ice Cream (700gm= 1 Bucket),2026-09-24 to 2026-10-08,,2.1,Kg,"ck_indent_kolkata_24Sep-08Oct2026.csv (CK indent dispatch, net of returns); made_qty is CK-level (see Central Kitchen rows), not per store [24 Sep-8 Oct]"
Kalikapur,Garlic Chutney Bucket,2026-09-24 to 2026-10-08,,8.1,Kg,"ck_indent_kolkata_24Sep-08Oct2026.csv (CK indent dispatch, net of returns); made_qty is CK-level (see Central Kitchen rows), not per store [24 Sep-8 Oct]"
Kalikapur,Idli Pc Raw (1 Pkt =40pc),2026-09-24 to 2026-10-08,,1180.0,Pc,"ck_indent_kolkata_24Sep-08Oct2026.csv (CK indent dispatch, net of returns); made_qty is CK-level (see Central Kitchen rows), not per store [24 Sep-8 Oct]"
Kalikapur,Imli Water,2026-09-24 to 2026-10-08,,1.75,Ltr,"ck_indent_kolkata_24Sep-08Oct2026.csv (CK indent dispatch, net of returns); made_qty is CK-level (see Central Kitchen rows), not per store [24 Sep-8 Oct]"
Kalikapur,Jain Sambar Bucket,2026-09-24 to 2026-10-08,,127.0,Ltr,"ck_indent_kolkata_24Sep-08Oct2026.csv (CK indent dispatch, net of returns); made_qty is CK-level (see Central Kitchen rows), not per store [24 Sep-8 Oct]"
Kalikapur,Karam Podi Powder Bucket,2026-09-24 to 2026-10-08,,0.5,Kg,"ck_indent_kolkata_24Sep-08Oct2026.csv (CK indent dispatch, net of returns); made_qty is CK-level (see Central Kitchen rows), not per store [24 Sep-8 Oct]"
Kalikapur,Kesari Halwa Mix  (1pkt = 550gm),2026-09-24 to 2026-10-08,,6.6,Kg,"ck_indent_kolkata_24Sep-08Oct2026.csv (CK indent dispatch, net of returns); made_qty is CK-level (see Central Kitchen rows), not per store [24 Sep-8 Oct]"
Kalikapur,Korma Gravy Mix (1pkt=700gm),2026-09-24 to 2026-10-08,,12.87,Kg,"ck_indent_kolkata_24Sep-08Oct2026.csv (CK indent dispatch, net of returns); made_qty is CK-level (see Central Kitchen rows), not per store [24 Sep-8 Oct]"
Kalikapur,Malabar Paratha  (1pkt= 6Pcs),2026-09-24 to 2026-10-08,,,Pc,"entp_consumption_east_north_24Sep-08Oct2026.csv (Indent Receive Qty); made_qty is CK-level (see Central Kitchen rows), not per store [24 Sep-8 Oct]"
Kalikapur,Malabar Paratha Dough,2026-09-24 to 2026-10-08,,210.0,Pc,"ck_indent_kolkata_24Sep-08Oct2026.csv (CK indent dispatch, net of returns); made_qty is CK-level (see Central Kitchen rows), not per store [24 Sep-8 Oct]"
Kalikapur,Malkapodi Bucket,2026-09-24 to 2026-10-08,,1.39,Kg,"ck_indent_kolkata_24Sep-08Oct2026.csv (CK indent dispatch, net of returns); made_qty is CK-level (see Central Kitchen rows), not per store [24 Sep-8 Oct]"
Kalikapur,Medu Vada Batter,2026-09-24 to 2026-10-08,,66.0,Kg,"ck_indent_kolkata_24Sep-08Oct2026.csv (CK indent dispatch, net of returns); made_qty is CK-level (see Central Kitchen rows), not per store [24 Sep-8 Oct]"
Kalikapur,Medu Vada Batter Mix,2026-09-24 to 2026-10-08,,,Kg,"entp_consumption_east_north_24Sep-08Oct2026.csv (Indent Receive Qty); made_qty is CK-level (see Central Kitchen rows), not per store [24 Sep-8 Oct]"
Kalikapur,Medu Vada Batter Powder Mix (1 Pkt = 23gm),2026-09-24 to 2026-10-08,,1.058,Kg,"ck_indent_kolkata_24Sep-08Oct2026.csv (CK indent dispatch, net of returns); made_qty is CK-level (see Central Kitchen rows), not per store [24 Sep-8 Oct]"
Kalikapur,Mysore Chutney Bucket,2026-09-24 to 2026-10-08,,4.2,Kg,"ck_indent_kolkata_24Sep-08Oct2026.csv (CK indent dispatch, net of returns); made_qty is CK-level (see Central Kitchen rows), not per store [24 Sep-8 Oct]"
Kalikapur,Potato Masala Mix (1Pkt = 90Gm),2026-09-24 to 2026-10-08,,41.0,Pkt,"ck_indent_kolkata_24Sep-08Oct2026.csv (CK indent dispatch, net of returns); made_qty is CK-level (see Central Kitchen rows), not per store [24 Sep-8 Oct]"
Kalikapur,Rasam Bucket,2026-09-24 to 2026-10-08,,,Ltr,"entp_consumption_east_north_24Sep-08Oct2026.csv (Indent Receive Qty); made_qty is CK-level (see Central Kitchen rows), not per store [24 Sep-8 Oct]"
Kalikapur,Rasam Chhoke Pre-Mix (2 Mix -6gm + 42gm)= 48gm,2026-09-24 to 2026-10-08,,0.672,Kg,"ck_indent_kolkata_24Sep-08Oct2026.csv (CK indent dispatch, net of returns); made_qty is CK-level (see Central Kitchen rows), not per store [24 Sep-8 Oct]"
Kalikapur,Rasam Mix (1Pkt =15 gm),2026-09-24 to 2026-10-08,,0.075,Kg,"ck_indent_kolkata_24Sep-08Oct2026.csv (CK indent dispatch, net of returns); made_qty is CK-level (see Central Kitchen rows), not per store [24 Sep-8 Oct]"
Kalikapur,Rava Powder Mix,2026-09-24 to 2026-10-08,,5.0,Kg,"ck_indent_kolkata_24Sep-08Oct2026.csv (CK indent dispatch, net of returns); made_qty is CK-level (see Central Kitchen rows), not per store [24 Sep-8 Oct]"
Kalikapur,Raw Mango Chutney Bucket,2026-09-24 to 2026-10-08,,,Kg,"entp_consumption_east_north_24Sep-08Oct2026.csv (Indent Receive Qty); made_qty is CK-level (see Central Kitchen rows), not per store [24 Sep-8 Oct]"
Kalikapur,Raw mango Powder Mix (1 Pkt = 13gm),2026-09-24 to 2026-10-08,,0.182,Kg,"ck_indent_kolkata_24Sep-08Oct2026.csv (CK indent dispatch, net of returns); made_qty is CK-level (see Central Kitchen rows), not per store [24 Sep-8 Oct]"
Kalikapur,Sambar Bucket,2026-09-24 to 2026-10-08,,415.0,Ltr,"ck_indent_kolkata_24Sep-08Oct2026.csv (CK indent dispatch, net of returns); made_qty is CK-level (see Central Kitchen rows), not per store [24 Sep-8 Oct]"
Kalikapur,Special Daal Bucket,2026-09-24 to 2026-10-08,,4.0,Kg,"ck_indent_kolkata_24Sep-08Oct2026.csv (CK indent dispatch, net of returns); made_qty is CK-level (see Central Kitchen rows), not per store [24 Sep-8 Oct]"
Kalikapur,Special White Coconut Chutney Bucket,2026-09-24 to 2026-10-08,,,Kg,"entp_consumption_east_north_24Sep-08Oct2026.csv (Indent Receive Qty); made_qty is CK-level (see Central Kitchen rows), not per store [24 Sep-8 Oct]"
Kalikapur,Spicy Coconut Chutney Mix 1Pkt (16gm),2026-09-24 to 2026-10-08,,,Kg,"entp_consumption_east_north_24Sep-08Oct2026.csv (Indent Receive Qty); made_qty is CK-level (see Central Kitchen rows), not per store [24 Sep-8 Oct]"
Kalikapur,Srivilli Kheer (1 Pc),2026-09-24 to 2026-10-08,,73.0,Pc,"ck_indent_kolkata_24Sep-08Oct2026.csv (CK indent dispatch, net of returns); made_qty is CK-level (see Central Kitchen rows), not per store [24 Sep-8 Oct]"
Kalikapur,Thatte Idli Pc Raw,2026-09-24 to 2026-10-08,,120.0,Pc,"ck_indent_kolkata_24Sep-08Oct2026.csv (CK indent dispatch, net of returns); made_qty is CK-level (see Central Kitchen rows), not per store [24 Sep-8 Oct]"
Kalikapur,Thindi Malkapodi Powder Bucket,2026-09-24 to 2026-10-08,,1.0,Kg,"ck_indent_kolkata_24Sep-08Oct2026.csv (CK indent dispatch, net of returns); made_qty is CK-level (see Central Kitchen rows), not per store [24 Sep-8 Oct]"
Kalikapur,Tomato Onion Powder Mix (1 Pkt = 24gm),2026-09-24 to 2026-10-08,,0.264,Kg,"ck_indent_kolkata_24Sep-08Oct2026.csv (CK indent dispatch, net of returns); made_qty is CK-level (see Central Kitchen rows), not per store [24 Sep-8 Oct]"
Kalikapur,Upma Mix (1pkt = 300gm),2026-09-24 to 2026-10-08,,3.6,Kg,"ck_indent_kolkata_24Sep-08Oct2026.csv (CK indent dispatch, net of returns); made_qty is CK-level (see Central Kitchen rows), not per store [24 Sep-8 Oct]"
Lake Road,Benne Dosa Batter (Pack Size -3 Kg ),2026-09-24 to 2026-10-08,,153.056,Kg,"ck_indent_kolkata_24Sep-08Oct2026.csv (CK indent dispatch, net of returns); made_qty is CK-level (see Central Kitchen rows), not per store [24 Sep-8 Oct]"
Lake Road,Boiled & Mashed Potato (1Pkt = 3Kg),2026-09-24 to 2026-10-08,,,Kg,"entp_consumption_east_north_24Sep-08Oct2026.csv (Indent Receive Qty); made_qty is CK-level (see Central Kitchen rows), not per store [24 Sep-8 Oct]"
Lake Road,Chaat Masala Bucket,2026-09-24 to 2026-10-08,,0.6,Kg,"ck_indent_kolkata_24Sep-08Oct2026.csv (CK indent dispatch, net of returns); made_qty is CK-level (see Central Kitchen rows), not per store [24 Sep-8 Oct]"
Lake Road,Coconut Shredded,2026-09-24 to 2026-10-08,,170.0,Kg,"ck_indent_kolkata_24Sep-08Oct2026.csv (CK indent dispatch, net of returns); made_qty is CK-level (see Central Kitchen rows), not per store [24 Sep-8 Oct]"
Lake Road,Dahi Bucket Mix (1pkt =105gm),2026-09-24 to 2026-10-08,,3255.0,gm,"ck_indent_kolkata_24Sep-08Oct2026.csv (CK indent dispatch, net of returns); made_qty is CK-level (see Central Kitchen rows), not per store [24 Sep-8 Oct]"
Lake Road,Dosa Batter Mix,2026-09-24 to 2026-10-08,,394.007,Kg,"ck_indent_kolkata_24Sep-08Oct2026.csv (CK indent dispatch, net of returns); made_qty is CK-level (see Central Kitchen rows), not per store [24 Sep-8 Oct]"
Lake Road,Filter Coffee Ice Cream (700gm= 1 Bucket),2026-09-24 to 2026-10-08,,7.7,Kg,"ck_indent_kolkata_24Sep-08Oct2026.csv (CK indent dispatch, net of returns); made_qty is CK-level (see Central Kitchen rows), not per store [24 Sep-8 Oct]"
Lake Road,Garam Masala Powder Bucket,2026-09-24 to 2026-10-08,,0.1,Kg,"ck_indent_kolkata_24Sep-08Oct2026.csv (CK indent dispatch, net of returns); made_qty is CK-level (see Central Kitchen rows), not per store [24 Sep-8 Oct]"
Lake Road,Garlic Chutney Bucket,2026-09-24 to 2026-10-08,,18.9,Kg,"ck_indent_kolkata_24Sep-08Oct2026.csv (CK indent dispatch, net of returns); made_qty is CK-level (see Central Kitchen rows), not per store [24 Sep-8 Oct]"
Lake Road,Idli Pc Raw (1 Pkt =40pc),2026-09-24 to 2026-10-08,,2520.0,Pc,"ck_indent_kolkata_24Sep-08Oct2026.csv (CK indent dispatch, net of returns); made_qty is CK-level (see Central Kitchen rows), not per store [24 Sep-8 Oct]"
Lake Road,Imli Water,2026-09-24 to 2026-10-08,,6.3,Ltr,"ck_indent_kolkata_24Sep-08Oct2026.csv (CK indent dispatch, net of returns); made_qty is CK-level (see Central Kitchen rows), not per store [24 Sep-8 Oct]"
Lake Road,Jain Sambar Bucket,2026-09-24 to 2026-10-08,,175.0,Ltr,"ck_indent_kolkata_24Sep-08Oct2026.csv (CK indent dispatch, net of returns); made_qty is CK-level (see Central Kitchen rows), not per store [24 Sep-8 Oct]"
Lake Road,Karam Podi Powder Bucket,2026-09-24 to 2026-10-08,,1.0,Kg,"ck_indent_kolkata_24Sep-08Oct2026.csv (CK indent dispatch, net of returns); made_qty is CK-level (see Central Kitchen rows), not per store [24 Sep-8 Oct]"
Lake Road,Kesari Halwa Mix  (1pkt = 550gm),2026-09-24 to 2026-10-08,,9.35,Kg,"ck_indent_kolkata_24Sep-08Oct2026.csv (CK indent dispatch, net of returns); made_qty is CK-level (see Central Kitchen rows), not per store [24 Sep-8 Oct]"
Lake Road,Korma Gravy Mix (1pkt=700gm),2026-09-24 to 2026-10-08,,14.7,Kg,"ck_indent_kolkata_24Sep-08Oct2026.csv (CK indent dispatch, net of returns); made_qty is CK-level (see Central Kitchen rows), not per store [24 Sep-8 Oct]"
Lake Road,Lemon Rice Bucket,2026-09-24 to 2026-10-08,,11.0,Kg,"ck_indent_kolkata_24Sep-08Oct2026.csv (CK indent dispatch, net of returns); made_qty is CK-level (see Central Kitchen rows), not per store [24 Sep-8 Oct]"
Lake Road,Malabar Paratha  (1pkt= 6Pcs),2026-09-24 to 2026-10-08,,,Pc,"entp_consumption_east_north_24Sep-08Oct2026.csv (Indent Receive Qty); made_qty is CK-level (see Central Kitchen rows), not per store [24 Sep-8 Oct]"
Lake Road,Malabar Paratha Dough,2026-09-24 to 2026-10-08,,234.0,Pc,"ck_indent_kolkata_24Sep-08Oct2026.csv (CK indent dispatch, net of returns); made_qty is CK-level (see Central Kitchen rows), not per store [24 Sep-8 Oct]"
Lake Road,Malkapodi Bucket,2026-09-24 to 2026-10-08,,4.0,Kg,"ck_indent_kolkata_24Sep-08Oct2026.csv (CK indent dispatch, net of returns); made_qty is CK-level (see Central Kitchen rows), not per store [24 Sep-8 Oct]"
Lake Road,Medu Vada Batter Mix,2026-09-24 to 2026-10-08,,,Kg,"entp_consumption_east_north_24Sep-08Oct2026.csv (Indent Receive Qty); made_qty is CK-level (see Central Kitchen rows), not per store [24 Sep-8 Oct]"
Lake Road,Medu Vada Batter Powder Mix (1 Pkt = 23gm),2026-09-24 to 2026-10-08,,1.541,Kg,"ck_indent_kolkata_24Sep-08Oct2026.csv (CK indent dispatch, net of returns); made_qty is CK-level (see Central Kitchen rows), not per store [24 Sep-8 Oct]"
Lake Road,Mysore Chutney Bucket,2026-09-24 to 2026-10-08,,10.2,Kg,"ck_indent_kolkata_24Sep-08Oct2026.csv (CK indent dispatch, net of returns); made_qty is CK-level (see Central Kitchen rows), not per store [24 Sep-8 Oct]"
Lake Road,New Bangalore Benne Batter (Pack Size -4 Kg ),2026-09-24 to 2026-10-08,,,Kg,"entp_consumption_east_north_24Sep-08Oct2026.csv (Indent Receive Qty); made_qty is CK-level (see Central Kitchen rows), not per store [24 Sep-8 Oct]"
Lake Road,Potato Masala Mix (1Pkt = 90Gm),2026-09-24 to 2026-10-08,,57.0,Pkt,"ck_indent_kolkata_24Sep-08Oct2026.csv (CK indent dispatch, net of returns); made_qty is CK-level (see Central Kitchen rows), not per store [24 Sep-8 Oct]"
Lake Road,Rasam Bucket,2026-09-24 to 2026-10-08,,,Ltr,"entp_consumption_east_north_24Sep-08Oct2026.csv (Indent Receive Qty); made_qty is CK-level (see Central Kitchen rows), not per store [24 Sep-8 Oct]"
Lake Road,Rasam Chhoke Pre-Mix (2 Mix -6gm + 42gm)= 48gm,2026-09-24 to 2026-10-08,,0.72,Kg,"ck_indent_kolkata_24Sep-08Oct2026.csv (CK indent dispatch, net of returns); made_qty is CK-level (see Central Kitchen rows), not per store [24 Sep-8 Oct]"
Lake Road,Rasam Mix (1Pkt =15 gm),2026-09-24 to 2026-10-08,,0.225,Kg,"ck_indent_kolkata_24Sep-08Oct2026.csv (CK indent dispatch, net of returns); made_qty is CK-level (see Central Kitchen rows), not per store [24 Sep-8 Oct]"
Lake Road,Rava Powder Mix,2026-09-24 to 2026-10-08,,13.0,Kg,"ck_indent_kolkata_24Sep-08Oct2026.csv (CK indent dispatch, net of returns); made_qty is CK-level (see Central Kitchen rows), not per store [24 Sep-8 Oct]"
Lake Road,Raw Mango Chutney Bucket,2026-09-24 to 2026-10-08,,,Kg,"entp_consumption_east_north_24Sep-08Oct2026.csv (Indent Receive Qty); made_qty is CK-level (see Central Kitchen rows), not per store [24 Sep-8 Oct]"
Lake Road,Raw Mango Pickle Bucket,2026-09-24 to 2026-10-08,,1.25,Kg,"ck_indent_kolkata_24Sep-08Oct2026.csv (CK indent dispatch, net of returns); made_qty is CK-level (see Central Kitchen rows), not per store [24 Sep-8 Oct]"
Lake Road,Raw mango Powder Mix (1 Pkt = 13gm),2026-09-24 to 2026-10-08,,0.676,Kg,"ck_indent_kolkata_24Sep-08Oct2026.csv (CK indent dispatch, net of returns); made_qty is CK-level (see Central Kitchen rows), not per store [24 Sep-8 Oct]"
Lake Road,Sambar Bucket,2026-09-24 to 2026-10-08,,820.0,Ltr,"ck_indent_kolkata_24Sep-08Oct2026.csv (CK indent dispatch, net of returns); made_qty is CK-level (see Central Kitchen rows), not per store [24 Sep-8 Oct]"
Lake Road,Special Daal Bucket,2026-09-24 to 2026-10-08,,9.0,Kg,"ck_indent_kolkata_24Sep-08Oct2026.csv (CK indent dispatch, net of returns); made_qty is CK-level (see Central Kitchen rows), not per store [24 Sep-8 Oct]"
Lake Road,Special White Coconut Chutney Bucket,2026-09-24 to 2026-10-08,,,Kg,"entp_consumption_east_north_24Sep-08Oct2026.csv (Indent Receive Qty); made_qty is CK-level (see Central Kitchen rows), not per store [24 Sep-8 Oct]"
Lake Road,Spicy Coconut Chutney Mix 1Pkt (16gm),2026-09-24 to 2026-10-08,,,Kg,"entp_consumption_east_north_24Sep-08Oct2026.csv (Indent Receive Qty); made_qty is CK-level (see Central Kitchen rows), not per store [24 Sep-8 Oct]"
Lake Road,Srivilli Kheer (1 Pc),2026-09-24 to 2026-10-08,,100.0,Pc,"ck_indent_kolkata_24Sep-08Oct2026.csv (CK indent dispatch, net of returns); made_qty is CK-level (see Central Kitchen rows), not per store [24 Sep-8 Oct]"
Lake Road,Steam Rice Bucket,2026-09-24 to 2026-10-08,,24.0,Kg,"ck_indent_kolkata_24Sep-08Oct2026.csv (CK indent dispatch, net of returns); made_qty is CK-level (see Central Kitchen rows), not per store [24 Sep-8 Oct]"
Lake Road,Thatte Idli Batter,2026-09-24 to 2026-10-08,,22.0,Kg,"ck_indent_kolkata_24Sep-08Oct2026.csv (CK indent dispatch, net of returns); made_qty is CK-level (see Central Kitchen rows), not per store [24 Sep-8 Oct]"
Lake Road,Thatte Idli Pc Raw,2026-09-24 to 2026-10-08,,222.0,Pc,"ck_indent_kolkata_24Sep-08Oct2026.csv (CK indent dispatch, net of returns); made_qty is CK-level (see Central Kitchen rows), not per store [24 Sep-8 Oct]"
Lake Road,Thindi Malkapodi Powder Bucket,2026-09-24 to 2026-10-08,,5.0,Kg,"ck_indent_kolkata_24Sep-08Oct2026.csv (CK indent dispatch, net of returns); made_qty is CK-level (see Central Kitchen rows), not per store [24 Sep-8 Oct]"
Lake Road,Tomato Onion Powder Mix (1 Pkt = 24gm),2026-09-24 to 2026-10-08,,0.864,Kg,"ck_indent_kolkata_24Sep-08Oct2026.csv (CK indent dispatch, net of returns); made_qty is CK-level (see Central Kitchen rows), not per store [24 Sep-8 Oct]"
Lake Road,Upma Mix (1pkt = 300gm),2026-09-24 to 2026-10-08,,5.1,Kg,"ck_indent_kolkata_24Sep-08Oct2026.csv (CK indent dispatch, net of returns); made_qty is CK-level (see Central Kitchen rows), not per store [24 Sep-8 Oct]"
Lake Town,Benne Dosa Batter (Pack Size -3 Kg ),2026-09-24 to 2026-10-08,,57.0,Kg,"ck_indent_kolkata_24Sep-08Oct2026.csv (CK indent dispatch, net of returns); made_qty is CK-level (see Central Kitchen rows), not per store [24 Sep-8 Oct]"
Lake Town,Boiled & Mashed Potato (1Pkt = 3Kg),2026-09-24 to 2026-10-08,,144.0,Kg,"ck_indent_kolkata_24Sep-08Oct2026.csv (CK indent dispatch, net of returns); made_qty is CK-level (see Central Kitchen rows), not per store [24 Sep-8 Oct]"
Lake Town,Chaat Masala Bucket,2026-09-24 to 2026-10-08,,0.4,Kg,"ck_indent_kolkata_24Sep-08Oct2026.csv (CK indent dispatch, net of returns); made_qty is CK-level (see Central Kitchen rows), not per store [24 Sep-8 Oct]"
Lake Town,Coconut Shredded,2026-09-24 to 2026-10-08,,90.0,Kg,"ck_indent_kolkata_24Sep-08Oct2026.csv (CK indent dispatch, net of returns); made_qty is CK-level (see Central Kitchen rows), not per store [24 Sep-8 Oct]"
Lake Town,Dadu`s Special Spicy Chutney,2026-09-24 to 2026-10-08,,,Kg,"entp_consumption_east_north_24Sep-08Oct2026.csv (Indent Receive Qty); made_qty is CK-level (see Central Kitchen rows), not per store [24 Sep-8 Oct]"
Lake Town,Dahi Bucket Mix (1pkt =105gm),2026-09-24 to 2026-10-08,,2205.0,gm,"ck_indent_kolkata_24Sep-08Oct2026.csv (CK indent dispatch, net of returns); made_qty is CK-level (see Central Kitchen rows), not per store [24 Sep-8 Oct]"
Lake Town,Dosa Batter Mix,2026-09-24 to 2026-10-08,,263.8,Kg,"ck_indent_kolkata_24Sep-08Oct2026.csv (CK indent dispatch, net of returns); made_qty is CK-level (see Central Kitchen rows), not per store [24 Sep-8 Oct]"
Lake Town,Garlic Chutney Bucket,2026-09-24 to 2026-10-08,,8.1,Kg,"ck_indent_kolkata_24Sep-08Oct2026.csv (CK indent dispatch, net of returns); made_qty is CK-level (see Central Kitchen rows), not per store [24 Sep-8 Oct]"
Lake Town,Idli Pc Raw (1 Pkt =40pc),2026-09-24 to 2026-10-08,,1440.0,Pc,"ck_indent_kolkata_24Sep-08Oct2026.csv (CK indent dispatch, net of returns); made_qty is CK-level (see Central Kitchen rows), not per store [24 Sep-8 Oct]"
Lake Town,Imli Water,2026-09-24 to 2026-10-08,,1.5,Ltr,"ck_indent_kolkata_24Sep-08Oct2026.csv (CK indent dispatch, net of returns); made_qty is CK-level (see Central Kitchen rows), not per store [24 Sep-8 Oct]"
Lake Town,Jain Sambar Bucket,2026-09-24 to 2026-10-08,,252.0,Ltr,"ck_indent_kolkata_24Sep-08Oct2026.csv (CK indent dispatch, net of returns); made_qty is CK-level (see Central Kitchen rows), not per store [24 Sep-8 Oct]"
Lake Town,Karam Podi Powder Bucket,2026-09-24 to 2026-10-08,,0.5,Kg,"ck_indent_kolkata_24Sep-08Oct2026.csv (CK indent dispatch, net of returns); made_qty is CK-level (see Central Kitchen rows), not per store [24 Sep-8 Oct]"
Lake Town,Kesari Halwa Mix  (1pkt = 550gm),2026-09-24 to 2026-10-08,,3.3,Kg,"ck_indent_kolkata_24Sep-08Oct2026.csv (CK indent dispatch, net of returns); made_qty is CK-level (see Central Kitchen rows), not per store [24 Sep-8 Oct]"
Lake Town,Korma Gravy Mix (1pkt=700gm),2026-09-24 to 2026-10-08,,15.4,Kg,"ck_indent_kolkata_24Sep-08Oct2026.csv (CK indent dispatch, net of returns); made_qty is CK-level (see Central Kitchen rows), not per store [24 Sep-8 Oct]"
Lake Town,Malabar Paratha  (1pkt= 6Pcs),2026-09-24 to 2026-10-08,,210.0,Pc,"ck_indent_kolkata_24Sep-08Oct2026.csv (CK indent dispatch, net of returns); made_qty is CK-level (see Central Kitchen rows), not per store [24 Sep-8 Oct]"
Lake Town,Malabar Paratha Dough,2026-09-24 to 2026-10-08,,6.0,Pc,"entp_consumption_east_north_24Sep-08Oct2026.csv (Indent Receive Qty); made_qty is CK-level (see Central Kitchen rows), not per store [24 Sep-8 Oct]"
Lake Town,Malkapodi Bucket,2026-09-24 to 2026-10-08,,1.5,Kg,"ck_indent_kolkata_24Sep-08Oct2026.csv (CK indent dispatch, net of returns); made_qty is CK-level (see Central Kitchen rows), not per store [24 Sep-8 Oct]"
Lake Town,Medu Vada Batter,2026-09-24 to 2026-10-08,,46.0,Kg,"ck_indent_kolkata_24Sep-08Oct2026.csv (CK indent dispatch, net of returns); made_qty is CK-level (see Central Kitchen rows), not per store [24 Sep-8 Oct]"
Lake Town,Medu Vada Batter Mix,2026-09-24 to 2026-10-08,,,Kg,"entp_consumption_east_north_24Sep-08Oct2026.csv (Indent Receive Qty); made_qty is CK-level (see Central Kitchen rows), not per store [24 Sep-8 Oct]"
Lake Town,Medu Vada Batter Powder Mix (1 Pkt = 23gm),2026-09-24 to 2026-10-08,,1.058,Kg,"ck_indent_kolkata_24Sep-08Oct2026.csv (CK indent dispatch, net of returns); made_qty is CK-level (see Central Kitchen rows), not per store [24 Sep-8 Oct]"
Lake Town,Mysore Chutney Bucket,2026-09-24 to 2026-10-08,,5.4,Kg,"ck_indent_kolkata_24Sep-08Oct2026.csv (CK indent dispatch, net of returns); made_qty is CK-level (see Central Kitchen rows), not per store [24 Sep-8 Oct]"
Lake Town,Potato Masala Mix (1Pkt = 90Gm),2026-09-24 to 2026-10-08,,48.0,Pkt,"ck_indent_kolkata_24Sep-08Oct2026.csv (CK indent dispatch, net of returns); made_qty is CK-level (see Central Kitchen rows), not per store [24 Sep-8 Oct]"
Lake Town,Rava Powder Mix,2026-09-24 to 2026-10-08,,6.0,Kg,"ck_indent_kolkata_24Sep-08Oct2026.csv (CK indent dispatch, net of returns); made_qty is CK-level (see Central Kitchen rows), not per store [24 Sep-8 Oct]"
Lake Town,Raw Mango Chutney Bucket,2026-09-24 to 2026-10-08,,,Kg,"entp_consumption_east_north_24Sep-08Oct2026.csv (Indent Receive Qty); made_qty is CK-level (see Central Kitchen rows), not per store [24 Sep-8 Oct]"
Lake Town,Raw mango Powder Mix (1 Pkt = 13gm),2026-09-24 to 2026-10-08,,0.182,Kg,"ck_indent_kolkata_24Sep-08Oct2026.csv (CK indent dispatch, net of returns); made_qty is CK-level (see Central Kitchen rows), not per store [24 Sep-8 Oct]"
Lake Town,Regular White Chutney Bucket,2026-09-24 to 2026-10-08,,,Kg,"entp_consumption_east_north_24Sep-08Oct2026.csv (Indent Receive Qty); made_qty is CK-level (see Central Kitchen rows), not per store [24 Sep-8 Oct]"
Lake Town,Sambar Bucket,2026-09-24 to 2026-10-08,,390.0,Ltr,"ck_indent_kolkata_24Sep-08Oct2026.csv (CK indent dispatch, net of returns); made_qty is CK-level (see Central Kitchen rows), not per store [24 Sep-8 Oct]"
Lake Town,Special Daal Bucket,2026-09-24 to 2026-10-08,,3.0,Kg,"ck_indent_kolkata_24Sep-08Oct2026.csv (CK indent dispatch, net of returns); made_qty is CK-level (see Central Kitchen rows), not per store [24 Sep-8 Oct]"
Lake Town,Special White Coconut Chutney Bucket,2026-09-24 to 2026-10-08,,,Kg,"entp_consumption_east_north_24Sep-08Oct2026.csv (Indent Receive Qty); made_qty is CK-level (see Central Kitchen rows), not per store [24 Sep-8 Oct]"
Lake Town,Spicy Coconut Chutney Mix 1Pkt (16gm),2026-09-24 to 2026-10-08,,,Kg,"entp_consumption_east_north_24Sep-08Oct2026.csv (Indent Receive Qty); made_qty is CK-level (see Central Kitchen rows), not per store [24 Sep-8 Oct]"
Lake Town,Srivilli Kheer (1 Pc),2026-09-24 to 2026-10-08,,54.0,Pc,"ck_indent_kolkata_24Sep-08Oct2026.csv (CK indent dispatch, net of returns); made_qty is CK-level (see Central Kitchen rows), not per store [24 Sep-8 Oct]"
Lake Town,Thatte Idli Pc Raw,2026-09-24 to 2026-10-08,,198.0,Pc,"ck_indent_kolkata_24Sep-08Oct2026.csv (CK indent dispatch, net of returns); made_qty is CK-level (see Central Kitchen rows), not per store [24 Sep-8 Oct]"
Lake Town,Thindi Malkapodi Powder Bucket,2026-09-24 to 2026-10-08,,2.0,Kg,"ck_indent_kolkata_24Sep-08Oct2026.csv (CK indent dispatch, net of returns); made_qty is CK-level (see Central Kitchen rows), not per store [24 Sep-8 Oct]"
Lake Town,Tomato Onion Powder Mix (1 Pkt = 24gm),2026-09-24 to 2026-10-08,,0.408,Kg,"ck_indent_kolkata_24Sep-08Oct2026.csv (CK indent dispatch, net of returns); made_qty is CK-level (see Central Kitchen rows), not per store [24 Sep-8 Oct]"
Lake Town,Upma Bucket,2026-09-24 to 2026-10-08,,,Kg,"entp_consumption_east_north_24Sep-08Oct2026.csv (Indent Receive Qty); made_qty is CK-level (see Central Kitchen rows), not per store [24 Sep-8 Oct]"
Lake Town,Upma Mix (1pkt = 300gm),2026-09-24 to 2026-10-08,,2.1,Kg,"ck_indent_kolkata_24Sep-08Oct2026.csv (CK indent dispatch, net of returns); made_qty is CK-level (see Central Kitchen rows), not per store [24 Sep-8 Oct]"
Manisquare,Benne Dosa Batter (Pack Size -3 Kg ),2026-09-24 to 2026-10-08,,64.0,Kg,"ck_indent_kolkata_24Sep-08Oct2026.csv (CK indent dispatch, net of returns); made_qty is CK-level (see Central Kitchen rows), not per store [24 Sep-8 Oct]"
Manisquare,Boiled & Mashed Potato (1Pkt = 3Kg),2026-09-24 to 2026-10-08,,189.0,Kg,"ck_indent_kolkata_24Sep-08Oct2026.csv (CK indent dispatch, net of returns); made_qty is CK-level (see Central Kitchen rows), not per store [24 Sep-8 Oct]"
Manisquare,Chaat Masala Bucket,2026-09-24 to 2026-10-08,,0.2,Kg,"ck_indent_kolkata_24Sep-08Oct2026.csv (CK indent dispatch, net of returns); made_qty is CK-level (see Central Kitchen rows), not per store [24 Sep-8 Oct]"
Manisquare,Coconut Shredded,2026-09-24 to 2026-10-08,,93.0,Kg,"ck_indent_kolkata_24Sep-08Oct2026.csv (CK indent dispatch, net of returns); made_qty is CK-level (see Central Kitchen rows), not per store [24 Sep-8 Oct]"
Manisquare,Dahi Bucket Mix (1pkt =105gm),2026-09-24 to 2026-10-08,,2415.0,gm,"ck_indent_kolkata_24Sep-08Oct2026.csv (CK indent dispatch, net of returns); made_qty is CK-level (see Central Kitchen rows), not per store [24 Sep-8 Oct]"
Manisquare,Dosa Batter Mix,2026-09-24 to 2026-10-08,,387.0,Kg,"ck_indent_kolkata_24Sep-08Oct2026.csv (CK indent dispatch, net of returns); made_qty is CK-level (see Central Kitchen rows), not per store [24 Sep-8 Oct]"
Manisquare,Filter Coffee Ice Cream (700gm= 1 Bucket),2026-09-24 to 2026-10-08,,1.4,Kg,"ck_indent_kolkata_24Sep-08Oct2026.csv (CK indent dispatch, net of returns); made_qty is CK-level (see Central Kitchen rows), not per store [24 Sep-8 Oct]"
Manisquare,Garlic Chutney Bucket,2026-09-24 to 2026-10-08,,5.7,Kg,"ck_indent_kolkata_24Sep-08Oct2026.csv (CK indent dispatch, net of returns); made_qty is CK-level (see Central Kitchen rows), not per store [24 Sep-8 Oct]"
Manisquare,Idli Pc Raw (1 Pkt =40pc),2026-09-24 to 2026-10-08,,1000.0,Pc,"ck_indent_kolkata_24Sep-08Oct2026.csv (CK indent dispatch, net of returns); made_qty is CK-level (see Central Kitchen rows), not per store [24 Sep-8 Oct]"
Manisquare,Imli Water,2026-09-24 to 2026-10-08,,1.5,Ltr,"ck_indent_kolkata_24Sep-08Oct2026.csv (CK indent dispatch, net of returns); made_qty is CK-level (see Central Kitchen rows), not per store [24 Sep-8 Oct]"
Manisquare,Jain Sambar Bucket,2026-09-24 to 2026-10-08,,60.0,Ltr,"ck_indent_kolkata_24Sep-08Oct2026.csv (CK indent dispatch, net of returns); made_qty is CK-level (see Central Kitchen rows), not per store [24 Sep-8 Oct]"
Manisquare,Karam Podi Powder Bucket,2026-09-24 to 2026-10-08,,0.5,Kg,"ck_indent_kolkata_24Sep-08Oct2026.csv (CK indent dispatch, net of returns); made_qty is CK-level (see Central Kitchen rows), not per store [24 Sep-8 Oct]"
Manisquare,Kesari Halwa Mix  (1pkt = 550gm),2026-09-24 to 2026-10-08,,3.3,Kg,"ck_indent_kolkata_24Sep-08Oct2026.csv (CK indent dispatch, net of returns); made_qty is CK-level (see Central Kitchen rows), not per store [24 Sep-8 Oct]"
Manisquare,Korma Gravy Mix (1pkt=700gm),2026-09-24 to 2026-10-08,,7.0,Kg,"ck_indent_kolkata_24Sep-08Oct2026.csv (CK indent dispatch, net of returns); made_qty is CK-level (see Central Kitchen rows), not per store [24 Sep-8 Oct]"
Manisquare,Malabar Paratha  (1pkt= 6Pcs),2026-09-24 to 2026-10-08,,90.0,Pc,"ck_indent_kolkata_24Sep-08Oct2026.csv (CK indent dispatch, net of returns); made_qty is CK-level (see Central Kitchen rows), not per store [24 Sep-8 Oct]"
Manisquare,Malkapodi Bucket,2026-09-24 to 2026-10-08,,1.0,Kg,"ck_indent_kolkata_24Sep-08Oct2026.csv (CK indent dispatch, net of returns); made_qty is CK-level (see Central Kitchen rows), not per store [24 Sep-8 Oct]"
Manisquare,Medu Vada Batter,2026-09-24 to 2026-10-08,,36.0,Kg,"ck_indent_kolkata_24Sep-08Oct2026.csv (CK indent dispatch, net of returns); made_qty is CK-level (see Central Kitchen rows), not per store [24 Sep-8 Oct]"
Manisquare,Medu Vada Batter Mix,2026-09-24 to 2026-10-08,,,Kg,"entp_consumption_east_north_24Sep-08Oct2026.csv (Indent Receive Qty); made_qty is CK-level (see Central Kitchen rows), not per store [24 Sep-8 Oct]"
Manisquare,Medu Vada Batter Powder Mix (1 Pkt = 23gm),2026-09-24 to 2026-10-08,,0.828,Kg,"ck_indent_kolkata_24Sep-08Oct2026.csv (CK indent dispatch, net of returns); made_qty is CK-level (see Central Kitchen rows), not per store [24 Sep-8 Oct]"
Manisquare,Mysore Chutney Bucket,2026-09-24 to 2026-10-08,,4.2,Kg,"ck_indent_kolkata_24Sep-08Oct2026.csv (CK indent dispatch, net of returns); made_qty is CK-level (see Central Kitchen rows), not per store [24 Sep-8 Oct]"
Manisquare,Potato Masala Mix (1Pkt = 90Gm),2026-09-24 to 2026-10-08,,61.0,Pkt,"ck_indent_kolkata_24Sep-08Oct2026.csv (CK indent dispatch, net of returns); made_qty is CK-level (see Central Kitchen rows), not per store [24 Sep-8 Oct]"
Manisquare,Rava Powder Mix,2026-09-24 to 2026-10-08,,3.0,Kg,"ck_indent_kolkata_24Sep-08Oct2026.csv (CK indent dispatch, net of returns); made_qty is CK-level (see Central Kitchen rows), not per store [24 Sep-8 Oct]"
Manisquare,Raw Curd Bucket,2026-09-24 to 2026-10-08,,,Kg,"entp_consumption_east_north_24Sep-08Oct2026.csv (Indent Receive Qty); made_qty is CK-level (see Central Kitchen rows), not per store [24 Sep-8 Oct]"
Manisquare,Raw Mango Chutney Bucket,2026-09-24 to 2026-10-08,,,Kg,"entp_consumption_east_north_24Sep-08Oct2026.csv (Indent Receive Qty); made_qty is CK-level (see Central Kitchen rows), not per store [24 Sep-8 Oct]"
Manisquare,Raw mango Powder Mix (1 Pkt = 13gm),2026-09-24 to 2026-10-08,,0.13,Kg,"ck_indent_kolkata_24Sep-08Oct2026.csv (CK indent dispatch, net of returns); made_qty is CK-level (see Central Kitchen rows), not per store [24 Sep-8 Oct]"
Manisquare,Sambar Bucket,2026-09-24 to 2026-10-08,,351.0,Ltr,"ck_indent_kolkata_24Sep-08Oct2026.csv (CK indent dispatch, net of returns); made_qty is CK-level (see Central Kitchen rows), not per store [24 Sep-8 Oct]"
Manisquare,Special Daal Bucket,2026-09-24 to 2026-10-08,,7.0,Kg,"ck_indent_kolkata_24Sep-08Oct2026.csv (CK indent dispatch, net of returns); made_qty is CK-level (see Central Kitchen rows), not per store [24 Sep-8 Oct]"
Manisquare,Special White Coconut Chutney Bucket,2026-09-24 to 2026-10-08,,,Kg,"entp_consumption_east_north_24Sep-08Oct2026.csv (Indent Receive Qty); made_qty is CK-level (see Central Kitchen rows), not per store [24 Sep-8 Oct]"
Manisquare,Spicy Coconut Chutney Mix 1Pkt (16gm),2026-09-24 to 2026-10-08,,,Kg,"entp_consumption_east_north_24Sep-08Oct2026.csv (Indent Receive Qty); made_qty is CK-level (see Central Kitchen rows), not per store [24 Sep-8 Oct]"
Manisquare,Srivilli Kheer (1 Pc),2026-09-24 to 2026-10-08,,56.0,Pc,"ck_indent_kolkata_24Sep-08Oct2026.csv (CK indent dispatch, net of returns); made_qty is CK-level (see Central Kitchen rows), not per store [24 Sep-8 Oct]"
Manisquare,Thatte Idli Pc Raw,2026-09-24 to 2026-10-08,,120.0,Pc,"ck_indent_kolkata_24Sep-08Oct2026.csv (CK indent dispatch, net of returns); made_qty is CK-level (see Central Kitchen rows), not per store [24 Sep-8 Oct]"
Manisquare,Thindi Malkapodi Powder Bucket,2026-09-24 to 2026-10-08,,2.0,Kg,"ck_indent_kolkata_24Sep-08Oct2026.csv (CK indent dispatch, net of returns); made_qty is CK-level (see Central Kitchen rows), not per store [24 Sep-8 Oct]"
Manisquare,Tomato Onion Chutney Bucket,2026-09-24 to 2026-10-08,,,Kg,"entp_consumption_east_north_24Sep-08Oct2026.csv (Indent Receive Qty); made_qty is CK-level (see Central Kitchen rows), not per store [24 Sep-8 Oct]"
Manisquare,Tomato Onion Powder Mix (1 Pkt = 24gm),2026-09-24 to 2026-10-08,,0.216,Kg,"ck_indent_kolkata_24Sep-08Oct2026.csv (CK indent dispatch, net of returns); made_qty is CK-level (see Central Kitchen rows), not per store [24 Sep-8 Oct]"
Manisquare,Upma Mix (1pkt = 300gm),2026-09-24 to 2026-10-08,,1.8,Kg,"ck_indent_kolkata_24Sep-08Oct2026.csv (CK indent dispatch, net of returns); made_qty is CK-level (see Central Kitchen rows), not per store [24 Sep-8 Oct]"
New Town - Cloud Kitchen,Benne Dosa Batter (Pack Size -3 Kg ),2026-09-24 to 2026-10-08,,28.0,Kg,"ck_indent_kolkata_24Sep-08Oct2026.csv (CK indent dispatch, net of returns); made_qty is CK-level (see Central Kitchen rows), not per store [24 Sep-8 Oct]"
New Town - Cloud Kitchen,Boiled & Mashed Potato (1Pkt = 3Kg),2026-09-24 to 2026-10-08,,,Kg,"entp_consumption_east_north_24Sep-08Oct2026.csv (Indent Receive Qty); made_qty is CK-level (see Central Kitchen rows), not per store [24 Sep-8 Oct]"
New Town - Cloud Kitchen,Chaat Masala Bucket,2026-09-24 to 2026-10-08,,0.1,Kg,"ck_indent_kolkata_24Sep-08Oct2026.csv (CK indent dispatch, net of returns); made_qty is CK-level (see Central Kitchen rows), not per store [24 Sep-8 Oct]"
New Town - Cloud Kitchen,Coconut Shredded,2026-09-24 to 2026-10-08,,68.0,Kg,"ck_indent_kolkata_24Sep-08Oct2026.csv (CK indent dispatch, net of returns); made_qty is CK-level (see Central Kitchen rows), not per store [24 Sep-8 Oct]"
New Town - Cloud Kitchen,Dahi Bucket Mix (1pkt =105gm),2026-09-24 to 2026-10-08,,1470.0,gm,"ck_indent_kolkata_24Sep-08Oct2026.csv (CK indent dispatch, net of returns); made_qty is CK-level (see Central Kitchen rows), not per store [24 Sep-8 Oct]"
New Town - Cloud Kitchen,Dosa Batter Mix,2026-09-24 to 2026-10-08,,166.0,Kg,"ck_indent_kolkata_24Sep-08Oct2026.csv (CK indent dispatch, net of returns); made_qty is CK-level (see Central Kitchen rows), not per store [24 Sep-8 Oct]"
New Town - Cloud Kitchen,Garam Masala Powder Bucket,2026-09-24 to 2026-10-08,,,Kg,"entp_consumption_east_north_24Sep-08Oct2026.csv (Indent Receive Qty); made_qty is CK-level (see Central Kitchen rows), not per store [24 Sep-8 Oct]"
New Town - Cloud Kitchen,Garlic Chutney Bucket,2026-09-24 to 2026-10-08,,3.6,Kg,"ck_indent_kolkata_24Sep-08Oct2026.csv (CK indent dispatch, net of returns); made_qty is CK-level (see Central Kitchen rows), not per store [24 Sep-8 Oct]"
New Town - Cloud Kitchen,Idli Pc Raw (1 Pkt =40pc),2026-09-24 to 2026-10-08,,1090.0,Pc,"ck_indent_kolkata_24Sep-08Oct2026.csv (CK indent dispatch, net of returns); made_qty is CK-level (see Central Kitchen rows), not per store [24 Sep-8 Oct]"
New Town - Cloud Kitchen,Imli Water,2026-09-24 to 2026-10-08,,1.2,Ltr,"ck_indent_kolkata_24Sep-08Oct2026.csv (CK indent dispatch, net of returns); made_qty is CK-level (see Central Kitchen rows), not per store [24 Sep-8 Oct]"
New Town - Cloud Kitchen,Jain Sambar Bucket,2026-09-24 to 2026-10-08,,70.0,Ltr,"ck_indent_kolkata_24Sep-08Oct2026.csv (CK indent dispatch, net of returns); made_qty is CK-level (see Central Kitchen rows), not per store [24 Sep-8 Oct]"
New Town - Cloud Kitchen,Karam Podi Powder Bucket,2026-09-24 to 2026-10-08,,0.5,Kg,"ck_indent_kolkata_24Sep-08Oct2026.csv (CK indent dispatch, net of returns); made_qty is CK-level (see Central Kitchen rows), not per store [24 Sep-8 Oct]"
New Town - Cloud Kitchen,Kesari Halwa Mix  (1pkt = 550gm),2026-09-24 to 2026-10-08,,3.85,Kg,"ck_indent_kolkata_24Sep-08Oct2026.csv (CK indent dispatch, net of returns); made_qty is CK-level (see Central Kitchen rows), not per store [24 Sep-8 Oct]"
New Town - Cloud Kitchen,Korma Gravy Mix (1pkt=700gm),2026-09-24 to 2026-10-08,,7.0,Kg,"ck_indent_kolkata_24Sep-08Oct2026.csv (CK indent dispatch, net of returns); made_qty is CK-level (see Central Kitchen rows), not per store [24 Sep-8 Oct]"
New Town - Cloud Kitchen,Lemon Rice Bucket,2026-09-24 to 2026-10-08,,6.5,Kg,"ck_indent_kolkata_24Sep-08Oct2026.csv (CK indent dispatch, net of returns); made_qty is CK-level (see Central Kitchen rows), not per store [24 Sep-8 Oct]"
New Town - Cloud Kitchen,Malabar Paratha  (1pkt= 6Pcs),2026-09-24 to 2026-10-08,,4.0,Pc,"entp_consumption_east_north_24Sep-08Oct2026.csv (Indent Receive Qty); made_qty is CK-level (see Central Kitchen rows), not per store [24 Sep-8 Oct]"
New Town - Cloud Kitchen,Malabar Paratha Dough,2026-09-24 to 2026-10-08,,90.0,Pc,"ck_indent_kolkata_24Sep-08Oct2026.csv (CK indent dispatch, net of returns); made_qty is CK-level (see Central Kitchen rows), not per store [24 Sep-8 Oct]"
New Town - Cloud Kitchen,Malkapodi Bucket,2026-09-24 to 2026-10-08,,1.0,Kg,"ck_indent_kolkata_24Sep-08Oct2026.csv (CK indent dispatch, net of returns); made_qty is CK-level (see Central Kitchen rows), not per store [24 Sep-8 Oct]"
New Town - Cloud Kitchen,Medu Vada Batter,2026-09-24 to 2026-10-08,,32.0,Kg,"ck_indent_kolkata_24Sep-08Oct2026.csv (CK indent dispatch, net of returns); made_qty is CK-level (see Central Kitchen rows), not per store [24 Sep-8 Oct]"
New Town - Cloud Kitchen,Medu Vada Batter Mix,2026-09-24 to 2026-10-08,,,Kg,"entp_consumption_east_north_24Sep-08Oct2026.csv (Indent Receive Qty); made_qty is CK-level (see Central Kitchen rows), not per store [24 Sep-8 Oct]"
New Town - Cloud Kitchen,Medu Vada Batter Powder Mix (1 Pkt = 23gm),2026-09-24 to 2026-10-08,,0.736,Kg,"ck_indent_kolkata_24Sep-08Oct2026.csv (CK indent dispatch, net of returns); made_qty is CK-level (see Central Kitchen rows), not per store [24 Sep-8 Oct]"
New Town - Cloud Kitchen,Mysore Chutney Bucket,2026-09-24 to 2026-10-08,,3.3,Kg,"ck_indent_kolkata_24Sep-08Oct2026.csv (CK indent dispatch, net of returns); made_qty is CK-level (see Central Kitchen rows), not per store [24 Sep-8 Oct]"
New Town - Cloud Kitchen,Potato Masala Mix (1Pkt = 90Gm),2026-09-24 to 2026-10-08,,29.0,Pkt,"ck_indent_kolkata_24Sep-08Oct2026.csv (CK indent dispatch, net of returns); made_qty is CK-level (see Central Kitchen rows), not per store [24 Sep-8 Oct]"
New Town - Cloud Kitchen,Rava Powder Mix,2026-09-24 to 2026-10-08,,2.0,Kg,"ck_indent_kolkata_24Sep-08Oct2026.csv (CK indent dispatch, net of returns); made_qty is CK-level (see Central Kitchen rows), not per store [24 Sep-8 Oct]"
New Town - Cloud Kitchen,Raw Mango Chutney Bucket,2026-09-24 to 2026-10-08,,,Kg,"entp_consumption_east_north_24Sep-08Oct2026.csv (Indent Receive Qty); made_qty is CK-level (see Central Kitchen rows), not per store [24 Sep-8 Oct]"
New Town - Cloud Kitchen,Raw Mango Pickle Bucket,2026-09-24 to 2026-10-08,,0.75,Kg,"ck_indent_kolkata_24Sep-08Oct2026.csv (CK indent dispatch, net of returns); made_qty is CK-level (see Central Kitchen rows), not per store [24 Sep-8 Oct]"
New Town - Cloud Kitchen,Raw mango Powder Mix (1 Pkt = 13gm),2026-09-24 to 2026-10-08,,0.065,Kg,"ck_indent_kolkata_24Sep-08Oct2026.csv (CK indent dispatch, net of returns); made_qty is CK-level (see Central Kitchen rows), not per store [24 Sep-8 Oct]"
New Town - Cloud Kitchen,Sambar Bucket,2026-09-24 to 2026-10-08,,350.0,Ltr,"ck_indent_kolkata_24Sep-08Oct2026.csv (CK indent dispatch, net of returns); made_qty is CK-level (see Central Kitchen rows), not per store [24 Sep-8 Oct]"
New Town - Cloud Kitchen,Special Daal Bucket,2026-09-24 to 2026-10-08,,3.0,Kg,"ck_indent_kolkata_24Sep-08Oct2026.csv (CK indent dispatch, net of returns); made_qty is CK-level (see Central Kitchen rows), not per store [24 Sep-8 Oct]"
New Town - Cloud Kitchen,Special White Coconut Chutney Bucket,2026-09-24 to 2026-10-08,,,Kg,"entp_consumption_east_north_24Sep-08Oct2026.csv (Indent Receive Qty); made_qty is CK-level (see Central Kitchen rows), not per store [24 Sep-8 Oct]"
New Town - Cloud Kitchen,Spicy Coconut Chutney Mix 1Pkt (16gm),2026-09-24 to 2026-10-08,,,Kg,"entp_consumption_east_north_24Sep-08Oct2026.csv (Indent Receive Qty); made_qty is CK-level (see Central Kitchen rows), not per store [24 Sep-8 Oct]"
New Town - Cloud Kitchen,Srivilli Kheer (1 Pc),2026-09-24 to 2026-10-08,,35.0,Pc,"ck_indent_kolkata_24Sep-08Oct2026.csv (CK indent dispatch, net of returns); made_qty is CK-level (see Central Kitchen rows), not per store [24 Sep-8 Oct]"
New Town - Cloud Kitchen,Steam Rice Bucket,2026-09-24 to 2026-10-08,,10.0,Kg,"ck_indent_kolkata_24Sep-08Oct2026.csv (CK indent dispatch, net of returns); made_qty is CK-level (see Central Kitchen rows), not per store [24 Sep-8 Oct]"
New Town - Cloud Kitchen,Thatte Idli Pc Raw,2026-09-24 to 2026-10-08,,48.0,Pc,"ck_indent_kolkata_24Sep-08Oct2026.csv (CK indent dispatch, net of returns); made_qty is CK-level (see Central Kitchen rows), not per store [24 Sep-8 Oct]"
New Town - Cloud Kitchen,Thindi Malkapodi Powder Bucket,2026-09-24 to 2026-10-08,,0.5,Kg,"ck_indent_kolkata_24Sep-08Oct2026.csv (CK indent dispatch, net of returns); made_qty is CK-level (see Central Kitchen rows), not per store [24 Sep-8 Oct]"
New Town - Cloud Kitchen,Tomato Onion Powder Mix (1 Pkt = 24gm),2026-09-24 to 2026-10-08,,0.12,Kg,"ck_indent_kolkata_24Sep-08Oct2026.csv (CK indent dispatch, net of returns); made_qty is CK-level (see Central Kitchen rows), not per store [24 Sep-8 Oct]"
Quest Mall,Benne Dosa Batter (Pack Size -3 Kg ),2026-09-24 to 2026-10-08,,71.0,Kg,"ck_indent_kolkata_24Sep-08Oct2026.csv (CK indent dispatch, net of returns); made_qty is CK-level (see Central Kitchen rows), not per store [24 Sep-8 Oct]"
Quest Mall,Boiled & Mashed Potato (1Pkt = 3Kg),2026-09-24 to 2026-10-08,,,Kg,"entp_consumption_east_north_24Sep-08Oct2026.csv (Indent Receive Qty); made_qty is CK-level (see Central Kitchen rows), not per store [24 Sep-8 Oct]"
Quest Mall,Chaat Masala Bucket,2026-09-24 to 2026-10-08,,0.1,Kg,"ck_indent_kolkata_24Sep-08Oct2026.csv (CK indent dispatch, net of returns); made_qty is CK-level (see Central Kitchen rows), not per store [24 Sep-8 Oct]"
Quest Mall,Coconut Shredded,2026-09-24 to 2026-10-08,,54.0,Kg,"ck_indent_kolkata_24Sep-08Oct2026.csv (CK indent dispatch, net of returns); made_qty is CK-level (see Central Kitchen rows), not per store [24 Sep-8 Oct]"
Quest Mall,Dahi Bucket Mix (1pkt =105gm),2026-09-24 to 2026-10-08,,1890.0,gm,"ck_indent_kolkata_24Sep-08Oct2026.csv (CK indent dispatch, net of returns); made_qty is CK-level (see Central Kitchen rows), not per store [24 Sep-8 Oct]"
Quest Mall,Dosa Batter Mix,2026-09-24 to 2026-10-08,,256.0,Kg,"ck_indent_kolkata_24Sep-08Oct2026.csv (CK indent dispatch, net of returns); made_qty is CK-level (see Central Kitchen rows), not per store [24 Sep-8 Oct]"
Quest Mall,Filter Coffee Ice Cream (700gm= 1 Bucket),2026-09-24 to 2026-10-08,,2.1,Kg,"ck_indent_kolkata_24Sep-08Oct2026.csv (CK indent dispatch, net of returns); made_qty is CK-level (see Central Kitchen rows), not per store [24 Sep-8 Oct]"
Quest Mall,Garlic Chutney Bucket,2026-09-24 to 2026-10-08,,4.2,Kg,"ck_indent_kolkata_24Sep-08Oct2026.csv (CK indent dispatch, net of returns); made_qty is CK-level (see Central Kitchen rows), not per store [24 Sep-8 Oct]"
Quest Mall,Idli Pc Raw (1 Pkt =40pc),2026-09-24 to 2026-10-08,,560.0,Pc,"ck_indent_kolkata_24Sep-08Oct2026.csv (CK indent dispatch, net of returns); made_qty is CK-level (see Central Kitchen rows), not per store [24 Sep-8 Oct]"
Quest Mall,Imli Water,2026-09-24 to 2026-10-08,,0.9,Ltr,"ck_indent_kolkata_24Sep-08Oct2026.csv (CK indent dispatch, net of returns); made_qty is CK-level (see Central Kitchen rows), not per store [24 Sep-8 Oct]"
Quest Mall,Jain Sambar Bucket,2026-09-24 to 2026-10-08,,52.0,Ltr,"ck_indent_kolkata_24Sep-08Oct2026.csv (CK indent dispatch, net of returns); made_qty is CK-level (see Central Kitchen rows), not per store [24 Sep-8 Oct]"
Quest Mall,Karam Podi Powder Bucket,2026-09-24 to 2026-10-08,,0.5,Kg,"ck_indent_kolkata_24Sep-08Oct2026.csv (CK indent dispatch, net of returns); made_qty is CK-level (see Central Kitchen rows), not per store [24 Sep-8 Oct]"
Quest Mall,Kesari Halwa Mix  (1pkt = 550gm),2026-09-24 to 2026-10-08,,4.95,Kg,"ck_indent_kolkata_24Sep-08Oct2026.csv (CK indent dispatch, net of returns); made_qty is CK-level (see Central Kitchen rows), not per store [24 Sep-8 Oct]"
Quest Mall,Korma Gravy Mix (1pkt=700gm),2026-09-24 to 2026-10-08,,7.0,Kg,"ck_indent_kolkata_24Sep-08Oct2026.csv (CK indent dispatch, net of returns); made_qty is CK-level (see Central Kitchen rows), not per store [24 Sep-8 Oct]"
Quest Mall,Malabar Paratha  (1pkt= 6Pcs),2026-09-24 to 2026-10-08,,,Pc,"entp_consumption_east_north_24Sep-08Oct2026.csv (Indent Receive Qty); made_qty is CK-level (see Central Kitchen rows), not per store [24 Sep-8 Oct]"
Quest Mall,Malabar Paratha Dough,2026-09-24 to 2026-10-08,,78.0,Pc,"ck_indent_kolkata_24Sep-08Oct2026.csv (CK indent dispatch, net of returns); made_qty is CK-level (see Central Kitchen rows), not per store [24 Sep-8 Oct]"
Quest Mall,Malkapodi Bucket,2026-09-24 to 2026-10-08,,,Kg,"entp_consumption_east_north_24Sep-08Oct2026.csv (Indent Receive Qty); made_qty is CK-level (see Central Kitchen rows), not per store [24 Sep-8 Oct]"
Quest Mall,Medu Vada Batter,2026-09-24 to 2026-10-08,,21.0,Kg,"ck_indent_kolkata_24Sep-08Oct2026.csv (CK indent dispatch, net of returns); made_qty is CK-level (see Central Kitchen rows), not per store [24 Sep-8 Oct]"
Quest Mall,Medu Vada Batter Mix,2026-09-24 to 2026-10-08,,,Kg,"entp_consumption_east_north_24Sep-08Oct2026.csv (Indent Receive Qty); made_qty is CK-level (see Central Kitchen rows), not per store [24 Sep-8 Oct]"
Quest Mall,Medu Vada Batter Powder Mix (1 Pkt = 23gm),2026-09-24 to 2026-10-08,,0.46,Kg,"ck_indent_kolkata_24Sep-08Oct2026.csv (CK indent dispatch, net of returns); made_qty is CK-level (see Central Kitchen rows), not per store [24 Sep-8 Oct]"
Quest Mall,Mysore Chutney Bucket,2026-09-24 to 2026-10-08,,3.9,Kg,"ck_indent_kolkata_24Sep-08Oct2026.csv (CK indent dispatch, net of returns); made_qty is CK-level (see Central Kitchen rows), not per store [24 Sep-8 Oct]"
Quest Mall,Potato Masala Mix (1Pkt = 90Gm),2026-09-24 to 2026-10-08,,49.0,Pkt,"ck_indent_kolkata_24Sep-08Oct2026.csv (CK indent dispatch, net of returns); made_qty is CK-level (see Central Kitchen rows), not per store [24 Sep-8 Oct]"
Quest Mall,Rava Powder Mix,2026-09-24 to 2026-10-08,,7.0,Kg,"ck_indent_kolkata_24Sep-08Oct2026.csv (CK indent dispatch, net of returns); made_qty is CK-level (see Central Kitchen rows), not per store [24 Sep-8 Oct]"
Quest Mall,Raw Mango Chutney Bucket,2026-09-24 to 2026-10-08,,,Kg,"entp_consumption_east_north_24Sep-08Oct2026.csv (Indent Receive Qty); made_qty is CK-level (see Central Kitchen rows), not per store [24 Sep-8 Oct]"
Quest Mall,Raw mango Powder Mix (1 Pkt = 13gm),2026-09-24 to 2026-10-08,,0.195,Kg,"ck_indent_kolkata_24Sep-08Oct2026.csv (CK indent dispatch, net of returns); made_qty is CK-level (see Central Kitchen rows), not per store [24 Sep-8 Oct]"
Quest Mall,Sambar Bucket,2026-09-24 to 2026-10-08,,263.0,Ltr,"ck_indent_kolkata_24Sep-08Oct2026.csv (CK indent dispatch, net of returns); made_qty is CK-level (see Central Kitchen rows), not per store [24 Sep-8 Oct]"
Quest Mall,Special Daal Bucket,2026-09-24 to 2026-10-08,,3.0,Kg,"ck_indent_kolkata_24Sep-08Oct2026.csv (CK indent dispatch, net of returns); made_qty is CK-level (see Central Kitchen rows), not per store [24 Sep-8 Oct]"
Quest Mall,Special White Coconut Chutney Bucket,2026-09-24 to 2026-10-08,,,Kg,"entp_consumption_east_north_24Sep-08Oct2026.csv (Indent Receive Qty); made_qty is CK-level (see Central Kitchen rows), not per store [24 Sep-8 Oct]"
Quest Mall,Spicy Coconut Chutney Mix 1Pkt (16gm),2026-09-24 to 2026-10-08,,,Kg,"entp_consumption_east_north_24Sep-08Oct2026.csv (Indent Receive Qty); made_qty is CK-level (see Central Kitchen rows), not per store [24 Sep-8 Oct]"
Quest Mall,Srivilli Kheer (1 Pc),2026-09-24 to 2026-10-08,,30.0,Pc,"ck_indent_kolkata_24Sep-08Oct2026.csv (CK indent dispatch, net of returns); made_qty is CK-level (see Central Kitchen rows), not per store [24 Sep-8 Oct]"
Quest Mall,Thatte Idli Pc Raw,2026-09-24 to 2026-10-08,,95.0,Pc,"ck_indent_kolkata_24Sep-08Oct2026.csv (CK indent dispatch, net of returns); made_qty is CK-level (see Central Kitchen rows), not per store [24 Sep-8 Oct]"
Quest Mall,Thindi Malkapodi Powder Bucket,2026-09-24 to 2026-10-08,,1.0,Kg,"ck_indent_kolkata_24Sep-08Oct2026.csv (CK indent dispatch, net of returns); made_qty is CK-level (see Central Kitchen rows), not per store [24 Sep-8 Oct]"
Quest Mall,Tomato Onion Chutney Bucket,2026-09-24 to 2026-10-08,,,Kg,"entp_consumption_east_north_24Sep-08Oct2026.csv (Indent Receive Qty); made_qty is CK-level (see Central Kitchen rows), not per store [24 Sep-8 Oct]"
Quest Mall,Tomato Onion Powder Mix (1 Pkt = 24gm),2026-09-24 to 2026-10-08,,0.36,Kg,"ck_indent_kolkata_24Sep-08Oct2026.csv (CK indent dispatch, net of returns); made_qty is CK-level (see Central Kitchen rows), not per store [24 Sep-8 Oct]"
Quest Mall,Upma Mix (1pkt = 300gm),2026-09-24 to 2026-10-08,,2.4,Kg,"ck_indent_kolkata_24Sep-08Oct2026.csv (CK indent dispatch, net of returns); made_qty is CK-level (see Central Kitchen rows), not per store [24 Sep-8 Oct]"
Rangoli Mall,Benne Dosa Batter (Pack Size -3 Kg ),2026-09-24 to 2026-10-08,,64.0,Kg,"ck_indent_kolkata_24Sep-08Oct2026.csv (CK indent dispatch, net of returns); made_qty is CK-level (see Central Kitchen rows), not per store [24 Sep-8 Oct]"
Rangoli Mall,Boiled & Mashed Potato (1Pkt = 3Kg),2026-09-24 to 2026-10-08,,,Kg,"entp_consumption_east_north_24Sep-08Oct2026.csv (Indent Receive Qty); made_qty is CK-level (see Central Kitchen rows), not per store [24 Sep-8 Oct]"
Rangoli Mall,Chaat Masala Bucket,2026-09-24 to 2026-10-08,,0.5,Kg,"ck_indent_kolkata_24Sep-08Oct2026.csv (CK indent dispatch, net of returns); made_qty is CK-level (see Central Kitchen rows), not per store [24 Sep-8 Oct]"
Rangoli Mall,Coconut Shredded,2026-09-24 to 2026-10-08,,104.0,Kg,"ck_indent_kolkata_24Sep-08Oct2026.csv (CK indent dispatch, net of returns); made_qty is CK-level (see Central Kitchen rows), not per store [24 Sep-8 Oct]"
Rangoli Mall,Dahi Bucket Mix (1pkt =105gm),2026-09-24 to 2026-10-08,,2205.0,gm,"ck_indent_kolkata_24Sep-08Oct2026.csv (CK indent dispatch, net of returns); made_qty is CK-level (see Central Kitchen rows), not per store [24 Sep-8 Oct]"
Rangoli Mall,Dosa Batter Mix,2026-09-24 to 2026-10-08,,285.0,Kg,"ck_indent_kolkata_24Sep-08Oct2026.csv (CK indent dispatch, net of returns); made_qty is CK-level (see Central Kitchen rows), not per store [24 Sep-8 Oct]"
Rangoli Mall,Filter Coffee Ice Cream (700gm= 1 Bucket),2026-09-24 to 2026-10-08,,1.4,Kg,"ck_indent_kolkata_24Sep-08Oct2026.csv (CK indent dispatch, net of returns); made_qty is CK-level (see Central Kitchen rows), not per store [24 Sep-8 Oct]"
Rangoli Mall,Garam Masala Powder Bucket,2026-09-24 to 2026-10-08,,,Kg,"entp_consumption_east_north_24Sep-08Oct2026.csv (Indent Receive Qty); made_qty is CK-level (see Central Kitchen rows), not per store [24 Sep-8 Oct]"
Rangoli Mall,Garlic Chutney Bucket,2026-09-24 to 2026-10-08,,18.0,Kg,"ck_indent_kolkata_24Sep-08Oct2026.csv (CK indent dispatch, net of returns); made_qty is CK-level (see Central Kitchen rows), not per store [24 Sep-8 Oct]"
Rangoli Mall,Idli Pc Raw (1 Pkt =40pc),2026-09-24 to 2026-10-08,,1020.0,Pc,"ck_indent_kolkata_24Sep-08Oct2026.csv (CK indent dispatch, net of returns); made_qty is CK-level (see Central Kitchen rows), not per store [24 Sep-8 Oct]"
Rangoli Mall,Imli Water,2026-09-24 to 2026-10-08,,2.7,Ltr,"ck_indent_kolkata_24Sep-08Oct2026.csv (CK indent dispatch, net of returns); made_qty is CK-level (see Central Kitchen rows), not per store [24 Sep-8 Oct]"
Rangoli Mall,Jain Sambar Bucket,2026-09-24 to 2026-10-08,,255.0,Ltr,"ck_indent_kolkata_24Sep-08Oct2026.csv (CK indent dispatch, net of returns); made_qty is CK-level (see Central Kitchen rows), not per store [24 Sep-8 Oct]"
Rangoli Mall,Karam Podi Powder Bucket,2026-09-24 to 2026-10-08,,0.5,Kg,"ck_indent_kolkata_24Sep-08Oct2026.csv (CK indent dispatch, net of returns); made_qty is CK-level (see Central Kitchen rows), not per store [24 Sep-8 Oct]"
Rangoli Mall,Kesari Halwa Bucket,2026-09-24 to 2026-10-08,,,Kg,"entp_consumption_east_north_24Sep-08Oct2026.csv (Indent Receive Qty); made_qty is CK-level (see Central Kitchen rows), not per store [24 Sep-8 Oct]"
Rangoli Mall,Kesari Halwa Mix  (1pkt = 550gm),2026-09-24 to 2026-10-08,,4.95,Kg,"ck_indent_kolkata_24Sep-08Oct2026.csv (CK indent dispatch, net of returns); made_qty is CK-level (see Central Kitchen rows), not per store [24 Sep-8 Oct]"
Rangoli Mall,Korma Gravy Mix (1pkt=700gm),2026-09-24 to 2026-10-08,,13.3,Kg,"ck_indent_kolkata_24Sep-08Oct2026.csv (CK indent dispatch, net of returns); made_qty is CK-level (see Central Kitchen rows), not per store [24 Sep-8 Oct]"
Rangoli Mall,Lemon Rice Bucket,2026-09-24 to 2026-10-08,,,Kg,"entp_consumption_east_north_24Sep-08Oct2026.csv (Indent Receive Qty); made_qty is CK-level (see Central Kitchen rows), not per store [24 Sep-8 Oct]"
Rangoli Mall,Malabar Paratha  (1pkt= 6Pcs),2026-09-24 to 2026-10-08,,,Pc,"entp_consumption_east_north_24Sep-08Oct2026.csv (Indent Receive Qty); made_qty is CK-level (see Central Kitchen rows), not per store [24 Sep-8 Oct]"
Rangoli Mall,Malabar Paratha Dough,2026-09-24 to 2026-10-08,,156.0,Pc,"ck_indent_kolkata_24Sep-08Oct2026.csv (CK indent dispatch, net of returns); made_qty is CK-level (see Central Kitchen rows), not per store [24 Sep-8 Oct]"
Rangoli Mall,Malkapodi Bucket,2026-09-24 to 2026-10-08,,1.5,Kg,"ck_indent_kolkata_24Sep-08Oct2026.csv (CK indent dispatch, net of returns); made_qty is CK-level (see Central Kitchen rows), not per store [24 Sep-8 Oct]"
Rangoli Mall,Medu Vada Batter Mix,2026-09-24 to 2026-10-08,,,Kg,"entp_consumption_east_north_24Sep-08Oct2026.csv (Indent Receive Qty); made_qty is CK-level (see Central Kitchen rows), not per store [24 Sep-8 Oct]"
Rangoli Mall,Medu Vada Batter Powder Mix (1 Pkt = 23gm),2026-09-24 to 2026-10-08,,0.763,Kg,"ck_indent_kolkata_24Sep-08Oct2026.csv (CK indent dispatch, net of returns); made_qty is CK-level (see Central Kitchen rows), not per store [24 Sep-8 Oct]"
Rangoli Mall,Mysore Chutney Bucket,2026-09-24 to 2026-10-08,,6.0,Kg,"ck_indent_kolkata_24Sep-08Oct2026.csv (CK indent dispatch, net of returns); made_qty is CK-level (see Central Kitchen rows), not per store [24 Sep-8 Oct]"
Rangoli Mall,Potato Masala Mix (1Pkt = 90Gm),2026-09-24 to 2026-10-08,,42.0,Pkt,"ck_indent_kolkata_24Sep-08Oct2026.csv (CK indent dispatch, net of returns); made_qty is CK-level (see Central Kitchen rows), not per store [24 Sep-8 Oct]"
Rangoli Mall,Rasam Bucket,2026-09-24 to 2026-10-08,,,Ltr,"entp_consumption_east_north_24Sep-08Oct2026.csv (Indent Receive Qty); made_qty is CK-level (see Central Kitchen rows), not per store [24 Sep-8 Oct]"
Rangoli Mall,Rasam Chhoke Pre-Mix (2 Mix -6gm + 42gm)= 48gm,2026-09-24 to 2026-10-08,,0.384,Kg,"ck_indent_kolkata_24Sep-08Oct2026.csv (CK indent dispatch, net of returns); made_qty is CK-level (see Central Kitchen rows), not per store [24 Sep-8 Oct]"
Rangoli Mall,Rasam Mix (1Pkt =15 gm),2026-09-24 to 2026-10-08,,0.12,Kg,"ck_indent_kolkata_24Sep-08Oct2026.csv (CK indent dispatch, net of returns); made_qty is CK-level (see Central Kitchen rows), not per store [24 Sep-8 Oct]"
Rangoli Mall,Rava Powder Mix,2026-09-24 to 2026-10-08,,3.0,Kg,"ck_indent_kolkata_24Sep-08Oct2026.csv (CK indent dispatch, net of returns); made_qty is CK-level (see Central Kitchen rows), not per store [24 Sep-8 Oct]"
Rangoli Mall,Raw Mango Chutney Bucket,2026-09-24 to 2026-10-08,,,Kg,"entp_consumption_east_north_24Sep-08Oct2026.csv (Indent Receive Qty); made_qty is CK-level (see Central Kitchen rows), not per store [24 Sep-8 Oct]"
Rangoli Mall,Raw Mango Pickle Bucket,2026-09-24 to 2026-10-08,,0.25,Kg,"ck_indent_kolkata_24Sep-08Oct2026.csv (CK indent dispatch, net of returns); made_qty is CK-level (see Central Kitchen rows), not per store [24 Sep-8 Oct]"
Rangoli Mall,Raw mango Powder Mix (1 Pkt = 13gm),2026-09-24 to 2026-10-08,,0.221,Kg,"ck_indent_kolkata_24Sep-08Oct2026.csv (CK indent dispatch, net of returns); made_qty is CK-level (see Central Kitchen rows), not per store [24 Sep-8 Oct]"
Rangoli Mall,Sambar Bucket,2026-09-24 to 2026-10-08,,345.0,Ltr,"ck_indent_kolkata_24Sep-08Oct2026.csv (CK indent dispatch, net of returns); made_qty is CK-level (see Central Kitchen rows), not per store [24 Sep-8 Oct]"
Rangoli Mall,Special Daal Bucket,2026-09-24 to 2026-10-08,,3.0,Kg,"ck_indent_kolkata_24Sep-08Oct2026.csv (CK indent dispatch, net of returns); made_qty is CK-level (see Central Kitchen rows), not per store [24 Sep-8 Oct]"
Rangoli Mall,Special White Coconut Chutney Bucket,2026-09-24 to 2026-10-08,,,Kg,"entp_consumption_east_north_24Sep-08Oct2026.csv (Indent Receive Qty); made_qty is CK-level (see Central Kitchen rows), not per store [24 Sep-8 Oct]"
Rangoli Mall,Spicy Coconut Chutney Mix 1Pkt (16gm),2026-09-24 to 2026-10-08,,,Kg,"entp_consumption_east_north_24Sep-08Oct2026.csv (Indent Receive Qty); made_qty is CK-level (see Central Kitchen rows), not per store [24 Sep-8 Oct]"
Rangoli Mall,Srivilli Kheer (1 Pc),2026-09-24 to 2026-10-08,,88.0,Pc,"ck_indent_kolkata_24Sep-08Oct2026.csv (CK indent dispatch, net of returns); made_qty is CK-level (see Central Kitchen rows), not per store [24 Sep-8 Oct]"
Rangoli Mall,Steam Rice Bucket,2026-09-24 to 2026-10-08,,10.0,Kg,"ck_indent_kolkata_24Sep-08Oct2026.csv (CK indent dispatch, net of returns); made_qty is CK-level (see Central Kitchen rows), not per store [24 Sep-8 Oct]"
Rangoli Mall,Thatte Idli Pc Raw,2026-09-24 to 2026-10-08,,108.0,Pc,"ck_indent_kolkata_24Sep-08Oct2026.csv (CK indent dispatch, net of returns); made_qty is CK-level (see Central Kitchen rows), not per store [24 Sep-8 Oct]"
Rangoli Mall,Thindi Malkapodi Powder Bucket,2026-09-24 to 2026-10-08,,2.5,Kg,"ck_indent_kolkata_24Sep-08Oct2026.csv (CK indent dispatch, net of returns); made_qty is CK-level (see Central Kitchen rows), not per store [24 Sep-8 Oct]"
Rangoli Mall,Tomato Onion Chutney Bucket,2026-09-24 to 2026-10-08,,,Kg,"entp_consumption_east_north_24Sep-08Oct2026.csv (Indent Receive Qty); made_qty is CK-level (see Central Kitchen rows), not per store [24 Sep-8 Oct]"
Rangoli Mall,Tomato Onion Powder Mix (1 Pkt = 24gm),2026-09-24 to 2026-10-08,,0.528,Kg,"ck_indent_kolkata_24Sep-08Oct2026.csv (CK indent dispatch, net of returns); made_qty is CK-level (see Central Kitchen rows), not per store [24 Sep-8 Oct]"
Rangoli Mall,Upma Bucket,2026-09-24 to 2026-10-08,,,Kg,"entp_consumption_east_north_24Sep-08Oct2026.csv (Indent Receive Qty); made_qty is CK-level (see Central Kitchen rows), not per store [24 Sep-8 Oct]"
Rangoli Mall,Upma Mix (1pkt = 300gm),2026-09-24 to 2026-10-08,,2.4,Kg,"ck_indent_kolkata_24Sep-08Oct2026.csv (CK indent dispatch, net of returns); made_qty is CK-level (see Central Kitchen rows), not per store [24 Sep-8 Oct]"
Rosedale Plaza,Benne Dosa Batter (Pack Size -3 Kg ),2026-09-24 to 2026-10-08,,97.0,Kg,"ck_indent_kolkata_24Sep-08Oct2026.csv (CK indent dispatch, net of returns); made_qty is CK-level (see Central Kitchen rows), not per store [24 Sep-8 Oct]"
Rosedale Plaza,Boiled & Mashed Potato (1Pkt = 3Kg),2026-09-24 to 2026-10-08,,234.0,Kg,"ck_indent_kolkata_24Sep-08Oct2026.csv (CK indent dispatch, net of returns); made_qty is CK-level (see Central Kitchen rows), not per store [24 Sep-8 Oct]"
Rosedale Plaza,Chaat Masala Bucket,2026-09-24 to 2026-10-08,,0.1,Kg,"ck_indent_kolkata_24Sep-08Oct2026.csv (CK indent dispatch, net of returns); made_qty is CK-level (see Central Kitchen rows), not per store [24 Sep-8 Oct]"
Rosedale Plaza,Coconut Shredded,2026-09-24 to 2026-10-08,,133.0,Kg,"ck_indent_kolkata_24Sep-08Oct2026.csv (CK indent dispatch, net of returns); made_qty is CK-level (see Central Kitchen rows), not per store [24 Sep-8 Oct]"
Rosedale Plaza,Dahi Bucket Mix (1pkt =105gm),2026-09-24 to 2026-10-08,,2415.0,gm,"ck_indent_kolkata_24Sep-08Oct2026.csv (CK indent dispatch, net of returns); made_qty is CK-level (see Central Kitchen rows), not per store [24 Sep-8 Oct]"
Rosedale Plaza,Dosa Batter Mix,2026-09-24 to 2026-10-08,,380.0,Kg,"ck_indent_kolkata_24Sep-08Oct2026.csv (CK indent dispatch, net of returns); made_qty is CK-level (see Central Kitchen rows), not per store [24 Sep-8 Oct]"
Rosedale Plaza,Filter Coffee Ice Cream (700gm= 1 Bucket),2026-09-24 to 2026-10-08,,3.5,Kg,"ck_indent_kolkata_24Sep-08Oct2026.csv (CK indent dispatch, net of returns); made_qty is CK-level (see Central Kitchen rows), not per store [24 Sep-8 Oct]"
Rosedale Plaza,Garlic Chutney Bucket,2026-09-24 to 2026-10-08,,14.7,Kg,"ck_indent_kolkata_24Sep-08Oct2026.csv (CK indent dispatch, net of returns); made_qty is CK-level (see Central Kitchen rows), not per store [24 Sep-8 Oct]"
Rosedale Plaza,Idli Pc Raw (1 Pkt =40pc),2026-09-24 to 2026-10-08,,1960.0,Pc,"ck_indent_kolkata_24Sep-08Oct2026.csv (CK indent dispatch, net of returns); made_qty is CK-level (see Central Kitchen rows), not per store [24 Sep-8 Oct]"
Rosedale Plaza,Imli Water,2026-09-24 to 2026-10-08,,2.1,Ltr,"ck_indent_kolkata_24Sep-08Oct2026.csv (CK indent dispatch, net of returns); made_qty is CK-level (see Central Kitchen rows), not per store [24 Sep-8 Oct]"
Rosedale Plaza,Jain Sambar Bucket,2026-09-24 to 2026-10-08,,88.0,Ltr,"ck_indent_kolkata_24Sep-08Oct2026.csv (CK indent dispatch, net of returns); made_qty is CK-level (see Central Kitchen rows), not per store [24 Sep-8 Oct]"
Rosedale Plaza,Karam Podi Powder Bucket,2026-09-24 to 2026-10-08,,1.5,Kg,"ck_indent_kolkata_24Sep-08Oct2026.csv (CK indent dispatch, net of returns); made_qty is CK-level (see Central Kitchen rows), not per store [24 Sep-8 Oct]"
Rosedale Plaza,Kesari Halwa Mix  (1pkt = 550gm),2026-09-24 to 2026-10-08,,6.05,Kg,"ck_indent_kolkata_24Sep-08Oct2026.csv (CK indent dispatch, net of returns); made_qty is CK-level (see Central Kitchen rows), not per store [24 Sep-8 Oct]"
Rosedale Plaza,Korma Gravy Mix (1pkt=700gm),2026-09-24 to 2026-10-08,,25.9,Kg,"ck_indent_kolkata_24Sep-08Oct2026.csv (CK indent dispatch, net of returns); made_qty is CK-level (see Central Kitchen rows), not per store [24 Sep-8 Oct]"
Rosedale Plaza,Malabar Paratha  (1pkt= 6Pcs),2026-09-24 to 2026-10-08,,126.0,Pc,"ck_indent_kolkata_24Sep-08Oct2026.csv (CK indent dispatch, net of returns); made_qty is CK-level (see Central Kitchen rows), not per store [24 Sep-8 Oct]"
Rosedale Plaza,Malabar Paratha Dough,2026-09-24 to 2026-10-08,,168.0,Pc,"ck_indent_kolkata_24Sep-08Oct2026.csv (CK indent dispatch, net of returns); made_qty is CK-level (see Central Kitchen rows), not per store [24 Sep-8 Oct]"
Rosedale Plaza,Malkapodi Bucket,2026-09-24 to 2026-10-08,,1.5,Kg,"ck_indent_kolkata_24Sep-08Oct2026.csv (CK indent dispatch, net of returns); made_qty is CK-level (see Central Kitchen rows), not per store [24 Sep-8 Oct]"
Rosedale Plaza,Medu Vada Batter,2026-09-24 to 2026-10-08,,74.0,Kg,"ck_indent_kolkata_24Sep-08Oct2026.csv (CK indent dispatch, net of returns); made_qty is CK-level (see Central Kitchen rows), not per store [24 Sep-8 Oct]"
Rosedale Plaza,Medu Vada Batter Mix,2026-09-24 to 2026-10-08,,,Kg,"entp_consumption_east_north_24Sep-08Oct2026.csv (Indent Receive Qty); made_qty is CK-level (see Central Kitchen rows), not per store [24 Sep-8 Oct]"
Rosedale Plaza,Medu Vada Batter Powder Mix (1 Pkt = 23gm),2026-09-24 to 2026-10-08,,1.61,Kg,"ck_indent_kolkata_24Sep-08Oct2026.csv (CK indent dispatch, net of returns); made_qty is CK-level (see Central Kitchen rows), not per store [24 Sep-8 Oct]"
Rosedale Plaza,Mysore Chutney Bucket,2026-09-24 to 2026-10-08,,10.8,Kg,"ck_indent_kolkata_24Sep-08Oct2026.csv (CK indent dispatch, net of returns); made_qty is CK-level (see Central Kitchen rows), not per store [24 Sep-8 Oct]"
Rosedale Plaza,Potato Masala Mix (1Pkt = 90Gm),2026-09-24 to 2026-10-08,,81.0,Pkt,"ck_indent_kolkata_24Sep-08Oct2026.csv (CK indent dispatch, net of returns); made_qty is CK-level (see Central Kitchen rows), not per store [24 Sep-8 Oct]"
Rosedale Plaza,Rava Powder Mix,2026-09-24 to 2026-10-08,,8.0,Kg,"ck_indent_kolkata_24Sep-08Oct2026.csv (CK indent dispatch, net of returns); made_qty is CK-level (see Central Kitchen rows), not per store [24 Sep-8 Oct]"
Rosedale Plaza,Raw Mango Chutney Bucket,2026-09-24 to 2026-10-08,,,Kg,"entp_consumption_east_north_24Sep-08Oct2026.csv (Indent Receive Qty); made_qty is CK-level (see Central Kitchen rows), not per store [24 Sep-8 Oct]"
Rosedale Plaza,Raw mango Powder Mix (1 Pkt = 13gm),2026-09-24 to 2026-10-08,,0.156,Kg,"ck_indent_kolkata_24Sep-08Oct2026.csv (CK indent dispatch, net of returns); made_qty is CK-level (see Central Kitchen rows), not per store [24 Sep-8 Oct]"
Rosedale Plaza,Sambar Bucket,2026-09-24 to 2026-10-08,,699.0,Ltr,"ck_indent_kolkata_24Sep-08Oct2026.csv (CK indent dispatch, net of returns); made_qty is CK-level (see Central Kitchen rows), not per store [24 Sep-8 Oct]"
Rosedale Plaza,Special Daal Bucket,2026-09-24 to 2026-10-08,,5.0,Kg,"ck_indent_kolkata_24Sep-08Oct2026.csv (CK indent dispatch, net of returns); made_qty is CK-level (see Central Kitchen rows), not per store [24 Sep-8 Oct]"
Rosedale Plaza,Special White Coconut Chutney Bucket,2026-09-24 to 2026-10-08,,,Kg,"entp_consumption_east_north_24Sep-08Oct2026.csv (Indent Receive Qty); made_qty is CK-level (see Central Kitchen rows), not per store [24 Sep-8 Oct]"
Rosedale Plaza,Spicy Coconut Chutney Mix 1Pkt (16gm),2026-09-24 to 2026-10-08,,,Kg,"entp_consumption_east_north_24Sep-08Oct2026.csv (Indent Receive Qty); made_qty is CK-level (see Central Kitchen rows), not per store [24 Sep-8 Oct]"
Rosedale Plaza,Srivilli Kheer (1 Pc),2026-09-24 to 2026-10-08,,98.0,Pc,"ck_indent_kolkata_24Sep-08Oct2026.csv (CK indent dispatch, net of returns); made_qty is CK-level (see Central Kitchen rows), not per store [24 Sep-8 Oct]"
Rosedale Plaza,Thatte Idli Pc Raw,2026-09-24 to 2026-10-08,,174.0,Pc,"ck_indent_kolkata_24Sep-08Oct2026.csv (CK indent dispatch, net of returns); made_qty is CK-level (see Central Kitchen rows), not per store [24 Sep-8 Oct]"
Rosedale Plaza,Thindi Malkapodi Powder Bucket,2026-09-24 to 2026-10-08,,1.5,Kg,"ck_indent_kolkata_24Sep-08Oct2026.csv (CK indent dispatch, net of returns); made_qty is CK-level (see Central Kitchen rows), not per store [24 Sep-8 Oct]"
Rosedale Plaza,Tomato Onion Powder Mix (1 Pkt = 24gm),2026-09-24 to 2026-10-08,,0.384,Kg,"ck_indent_kolkata_24Sep-08Oct2026.csv (CK indent dispatch, net of returns); made_qty is CK-level (see Central Kitchen rows), not per store [24 Sep-8 Oct]"
Rosedale Plaza,Upma Mix (1pkt = 300gm),2026-09-24 to 2026-10-08,,1.5,Kg,"ck_indent_kolkata_24Sep-08Oct2026.csv (CK indent dispatch, net of returns); made_qty is CK-level (see Central Kitchen rows), not per store [24 Sep-8 Oct]"
Salt Lake,Benne Dosa Batter (Pack Size -3 Kg ),2026-09-24 to 2026-10-08,,101.0,Kg,"ck_indent_kolkata_24Sep-08Oct2026.csv (CK indent dispatch, net of returns); made_qty is CK-level (see Central Kitchen rows), not per store [24 Sep-8 Oct]"
Salt Lake,Boiled & Mashed Potato (1Pkt = 3Kg),2026-09-24 to 2026-10-08,,231.0,Kg,"ck_indent_kolkata_24Sep-08Oct2026.csv (CK indent dispatch, net of returns); made_qty is CK-level (see Central Kitchen rows), not per store [24 Sep-8 Oct]"
Salt Lake,Chaat Masala Bucket,2026-09-24 to 2026-10-08,,0.6,Kg,"ck_indent_kolkata_24Sep-08Oct2026.csv (CK indent dispatch, net of returns); made_qty is CK-level (see Central Kitchen rows), not per store [24 Sep-8 Oct]"
Salt Lake,Coconut Shredded,2026-09-24 to 2026-10-08,,124.0,Kg,"ck_indent_kolkata_24Sep-08Oct2026.csv (CK indent dispatch, net of returns); made_qty is CK-level (see Central Kitchen rows), not per store [24 Sep-8 Oct]"
Salt Lake,Dahi Bucket Mix (1pkt =105gm),2026-09-24 to 2026-10-08,,4620.0,gm,"ck_indent_kolkata_24Sep-08Oct2026.csv (CK indent dispatch, net of returns); made_qty is CK-level (see Central Kitchen rows), not per store [24 Sep-8 Oct]"
Salt Lake,Dosa Batter Mix,2026-09-24 to 2026-10-08,,468.0,Kg,"ck_indent_kolkata_24Sep-08Oct2026.csv (CK indent dispatch, net of returns); made_qty is CK-level (see Central Kitchen rows), not per store [24 Sep-8 Oct]"
Salt Lake,Filter Coffee Ice Cream (700gm= 1 Bucket),2026-09-24 to 2026-10-08,,4.9,Kg,"ck_indent_kolkata_24Sep-08Oct2026.csv (CK indent dispatch, net of returns); made_qty is CK-level (see Central Kitchen rows), not per store [24 Sep-8 Oct]"
Salt Lake,Garlic Chutney Bucket,2026-09-24 to 2026-10-08,,13.5,Kg,"ck_indent_kolkata_24Sep-08Oct2026.csv (CK indent dispatch, net of returns); made_qty is CK-level (see Central Kitchen rows), not per store [24 Sep-8 Oct]"
Salt Lake,Idli Pc Raw (1 Pkt =40pc),2026-09-24 to 2026-10-08,,2080.0,Pc,"ck_indent_kolkata_24Sep-08Oct2026.csv (CK indent dispatch, net of returns); made_qty is CK-level (see Central Kitchen rows), not per store [24 Sep-8 Oct]"
Salt Lake,Imli Water,2026-09-24 to 2026-10-08,,2.4,Ltr,"ck_indent_kolkata_24Sep-08Oct2026.csv (CK indent dispatch, net of returns); made_qty is CK-level (see Central Kitchen rows), not per store [24 Sep-8 Oct]"
Salt Lake,Jain Sambar Bucket,2026-09-24 to 2026-10-08,,150.0,Ltr,"ck_indent_kolkata_24Sep-08Oct2026.csv (CK indent dispatch, net of returns); made_qty is CK-level (see Central Kitchen rows), not per store [24 Sep-8 Oct]"
Salt Lake,Karam Podi Powder Bucket,2026-09-24 to 2026-10-08,,1.5,Kg,"ck_indent_kolkata_24Sep-08Oct2026.csv (CK indent dispatch, net of returns); made_qty is CK-level (see Central Kitchen rows), not per store [24 Sep-8 Oct]"
Salt Lake,Kesari Halwa Mix  (1pkt = 550gm),2026-09-24 to 2026-10-08,,9.35,Kg,"ck_indent_kolkata_24Sep-08Oct2026.csv (CK indent dispatch, net of returns); made_qty is CK-level (see Central Kitchen rows), not per store [24 Sep-8 Oct]"
Salt Lake,Korma Gravy Mix (1pkt=700gm),2026-09-24 to 2026-10-08,,31.5,Kg,"ck_indent_kolkata_24Sep-08Oct2026.csv (CK indent dispatch, net of returns); made_qty is CK-level (see Central Kitchen rows), not per store [24 Sep-8 Oct]"
Salt Lake,Malabar Paratha  (1pkt= 6Pcs),2026-09-24 to 2026-10-08,,384.0,Pc,"ck_indent_kolkata_24Sep-08Oct2026.csv (CK indent dispatch, net of returns); made_qty is CK-level (see Central Kitchen rows), not per store [24 Sep-8 Oct]"
Salt Lake,Malabar Paratha Dough,2026-09-24 to 2026-10-08,,4.0,Pc,"entp_consumption_east_north_24Sep-08Oct2026.csv (Indent Receive Qty); made_qty is CK-level (see Central Kitchen rows), not per store [24 Sep-8 Oct]"
Salt Lake,Malkapodi Bucket,2026-09-24 to 2026-10-08,,3.5,Kg,"ck_indent_kolkata_24Sep-08Oct2026.csv (CK indent dispatch, net of returns); made_qty is CK-level (see Central Kitchen rows), not per store [24 Sep-8 Oct]"
Salt Lake,Medu Vada Batter,2026-09-24 to 2026-10-08,,78.0,Kg,"ck_indent_kolkata_24Sep-08Oct2026.csv (CK indent dispatch, net of returns); made_qty is CK-level (see Central Kitchen rows), not per store [24 Sep-8 Oct]"
Salt Lake,Medu Vada Batter Mix,2026-09-24 to 2026-10-08,,,Kg,"entp_consumption_east_north_24Sep-08Oct2026.csv (Indent Receive Qty); made_qty is CK-level (see Central Kitchen rows), not per store [24 Sep-8 Oct]"
Salt Lake,Medu Vada Batter Powder Mix (1 Pkt = 23gm),2026-09-24 to 2026-10-08,,1.863,Kg,"ck_indent_kolkata_24Sep-08Oct2026.csv (CK indent dispatch, net of returns); made_qty is CK-level (see Central Kitchen rows), not per store [24 Sep-8 Oct]"
Salt Lake,Mysore Chutney Bucket,2026-09-24 to 2026-10-08,,10.8,Kg,"ck_indent_kolkata_24Sep-08Oct2026.csv (CK indent dispatch, net of returns); made_qty is CK-level (see Central Kitchen rows), not per store [24 Sep-8 Oct]"
Salt Lake,Potato Masala Mix (1Pkt = 90Gm),2026-09-24 to 2026-10-08,,77.0,Pkt,"ck_indent_kolkata_24Sep-08Oct2026.csv (CK indent dispatch, net of returns); made_qty is CK-level (see Central Kitchen rows), not per store [24 Sep-8 Oct]"
Salt Lake,Rasam Bucket,2026-09-24 to 2026-10-08,,,Ltr,"entp_consumption_east_north_24Sep-08Oct2026.csv (Indent Receive Qty); made_qty is CK-level (see Central Kitchen rows), not per store [24 Sep-8 Oct]"
Salt Lake,Rasam Chhoke Pre-Mix (2 Mix -6gm + 42gm)= 48gm,2026-09-24 to 2026-10-08,,0.336,Kg,"ck_indent_kolkata_24Sep-08Oct2026.csv (CK indent dispatch, net of returns); made_qty is CK-level (see Central Kitchen rows), not per store [24 Sep-8 Oct]"
Salt Lake,Rasam Mix (1Pkt =15 gm),2026-09-24 to 2026-10-08,,0.105,Kg,"ck_indent_kolkata_24Sep-08Oct2026.csv (CK indent dispatch, net of returns); made_qty is CK-level (see Central Kitchen rows), not per store [24 Sep-8 Oct]"
Salt Lake,Rava Powder Mix,2026-09-24 to 2026-10-08,,11.0,Kg,"ck_indent_kolkata_24Sep-08Oct2026.csv (CK indent dispatch, net of returns); made_qty is CK-level (see Central Kitchen rows), not per store [24 Sep-8 Oct]"
Salt Lake,Raw Mango Chutney Bucket,2026-09-24 to 2026-10-08,,,Kg,"entp_consumption_east_north_24Sep-08Oct2026.csv (Indent Receive Qty); made_qty is CK-level (see Central Kitchen rows), not per store [24 Sep-8 Oct]"
Salt Lake,Raw mango Powder Mix (1 Pkt = 13gm),2026-09-24 to 2026-10-08,,0.26,Kg,"ck_indent_kolkata_24Sep-08Oct2026.csv (CK indent dispatch, net of returns); made_qty is CK-level (see Central Kitchen rows), not per store [24 Sep-8 Oct]"
Salt Lake,Sambar Bucket,2026-09-24 to 2026-10-08,,705.0,Ltr,"ck_indent_kolkata_24Sep-08Oct2026.csv (CK indent dispatch, net of returns); made_qty is CK-level (see Central Kitchen rows), not per store [24 Sep-8 Oct]"
Salt Lake,Special Daal Bucket,2026-09-24 to 2026-10-08,,6.0,Kg,"ck_indent_kolkata_24Sep-08Oct2026.csv (CK indent dispatch, net of returns); made_qty is CK-level (see Central Kitchen rows), not per store [24 Sep-8 Oct]"
Salt Lake,Special White Coconut Chutney Bucket,2026-09-24 to 2026-10-08,,,Kg,"entp_consumption_east_north_24Sep-08Oct2026.csv (Indent Receive Qty); made_qty is CK-level (see Central Kitchen rows), not per store [24 Sep-8 Oct]"
Salt Lake,Spicy Coconut Chutney Mix 1Pkt (16gm),2026-09-24 to 2026-10-08,,,Kg,"entp_consumption_east_north_24Sep-08Oct2026.csv (Indent Receive Qty); made_qty is CK-level (see Central Kitchen rows), not per store [24 Sep-8 Oct]"
Salt Lake,Srivilli Kheer (1 Pc),2026-09-24 to 2026-10-08,,96.0,Pc,"ck_indent_kolkata_24Sep-08Oct2026.csv (CK indent dispatch, net of returns); made_qty is CK-level (see Central Kitchen rows), not per store [24 Sep-8 Oct]"
Salt Lake,Thatte Idli Pc Raw,2026-09-24 to 2026-10-08,,318.0,Pc,"ck_indent_kolkata_24Sep-08Oct2026.csv (CK indent dispatch, net of returns); made_qty is CK-level (see Central Kitchen rows), not per store [24 Sep-8 Oct]"
Salt Lake,Thindi Malkapodi Powder Bucket,2026-09-24 to 2026-10-08,,4.0,Kg,"ck_indent_kolkata_24Sep-08Oct2026.csv (CK indent dispatch, net of returns); made_qty is CK-level (see Central Kitchen rows), not per store [24 Sep-8 Oct]"
Salt Lake,Tomato Onion Chutney Bucket,2026-09-24 to 2026-10-08,,,Kg,"entp_consumption_east_north_24Sep-08Oct2026.csv (Indent Receive Qty); made_qty is CK-level (see Central Kitchen rows), not per store [24 Sep-8 Oct]"
Salt Lake,Tomato Onion Powder Mix (1 Pkt = 24gm),2026-09-24 to 2026-10-08,,0.48,Kg,"ck_indent_kolkata_24Sep-08Oct2026.csv (CK indent dispatch, net of returns); made_qty is CK-level (see Central Kitchen rows), not per store [24 Sep-8 Oct]"
Salt Lake,Upma Mix (1pkt = 300gm),2026-09-24 to 2026-10-08,,7.5,Kg,"ck_indent_kolkata_24Sep-08Oct2026.csv (CK indent dispatch, net of returns); made_qty is CK-level (see Central Kitchen rows), not per store [24 Sep-8 Oct]"
Salt Lake Sec-1,Benne Dosa Batter (Pack Size -3 Kg ),2026-09-24 to 2026-10-08,,125.0,Kg,"ck_indent_kolkata_24Sep-08Oct2026.csv (CK indent dispatch, net of returns); made_qty is CK-level (see Central Kitchen rows), not per store [24 Sep-8 Oct]"
Salt Lake Sec-1,Boiled & Mashed Potato (1Pkt = 3Kg),2026-09-24 to 2026-10-08,,,Kg,"entp_consumption_east_north_24Sep-08Oct2026.csv (Indent Receive Qty); made_qty is CK-level (see Central Kitchen rows), not per store [24 Sep-8 Oct]"
Salt Lake Sec-1,Chaat Masala Bucket,2026-09-24 to 2026-10-08,,0.7,Kg,"ck_indent_kolkata_24Sep-08Oct2026.csv (CK indent dispatch, net of returns); made_qty is CK-level (see Central Kitchen rows), not per store [24 Sep-8 Oct]"
Salt Lake Sec-1,Coconut Shredded,2026-09-24 to 2026-10-08,,154.0,Kg,"ck_indent_kolkata_24Sep-08Oct2026.csv (CK indent dispatch, net of returns); made_qty is CK-level (see Central Kitchen rows), not per store [24 Sep-8 Oct]"
Salt Lake Sec-1,Dahi Bucket Mix (1pkt =105gm),2026-09-24 to 2026-10-08,,3990.0,gm,"ck_indent_kolkata_24Sep-08Oct2026.csv (CK indent dispatch, net of returns); made_qty is CK-level (see Central Kitchen rows), not per store [24 Sep-8 Oct]"
Salt Lake Sec-1,Dosa Batter Mix,2026-09-24 to 2026-10-08,,450.0,Kg,"ck_indent_kolkata_24Sep-08Oct2026.csv (CK indent dispatch, net of returns); made_qty is CK-level (see Central Kitchen rows), not per store [24 Sep-8 Oct]"
Salt Lake Sec-1,Filter Coffee Ice Cream (700gm= 1 Bucket),2026-09-24 to 2026-10-08,,7.7,Kg,"ck_indent_kolkata_24Sep-08Oct2026.csv (CK indent dispatch, net of returns); made_qty is CK-level (see Central Kitchen rows), not per store [24 Sep-8 Oct]"
Salt Lake Sec-1,Garam Masala Powder Bucket,2026-09-24 to 2026-10-08,,,Kg,"entp_consumption_east_north_24Sep-08Oct2026.csv (Indent Receive Qty); made_qty is CK-level (see Central Kitchen rows), not per store [24 Sep-8 Oct]"
Salt Lake Sec-1,Garlic Chutney Bucket,2026-09-24 to 2026-10-08,,15.9,Kg,"ck_indent_kolkata_24Sep-08Oct2026.csv (CK indent dispatch, net of returns); made_qty is CK-level (see Central Kitchen rows), not per store [24 Sep-8 Oct]"
Salt Lake Sec-1,Idli Pc Raw (1 Pkt =40pc),2026-09-24 to 2026-10-08,,2440.0,Pc,"ck_indent_kolkata_24Sep-08Oct2026.csv (CK indent dispatch, net of returns); made_qty is CK-level (see Central Kitchen rows), not per store [24 Sep-8 Oct]"
Salt Lake Sec-1,Imli Water,2026-09-24 to 2026-10-08,,4.7,Ltr,"ck_indent_kolkata_24Sep-08Oct2026.csv (CK indent dispatch, net of returns); made_qty is CK-level (see Central Kitchen rows), not per store [24 Sep-8 Oct]"
Salt Lake Sec-1,Jain Sambar Bucket,2026-09-24 to 2026-10-08,,443.0,Ltr,"ck_indent_kolkata_24Sep-08Oct2026.csv (CK indent dispatch, net of returns); made_qty is CK-level (see Central Kitchen rows), not per store [24 Sep-8 Oct]"
Salt Lake Sec-1,Karam Podi Powder Bucket,2026-09-24 to 2026-10-08,,1.5,Kg,"ck_indent_kolkata_24Sep-08Oct2026.csv (CK indent dispatch, net of returns); made_qty is CK-level (see Central Kitchen rows), not per store [24 Sep-8 Oct]"
Salt Lake Sec-1,Kesari Halwa Mix  (1pkt = 550gm),2026-09-24 to 2026-10-08,,10.45,Kg,"ck_indent_kolkata_24Sep-08Oct2026.csv (CK indent dispatch, net of returns); made_qty is CK-level (see Central Kitchen rows), not per store [24 Sep-8 Oct]"
Salt Lake Sec-1,Korma Gravy Mix (1pkt=700gm),2026-09-24 to 2026-10-08,,16.8,Kg,"ck_indent_kolkata_24Sep-08Oct2026.csv (CK indent dispatch, net of returns); made_qty is CK-level (see Central Kitchen rows), not per store [24 Sep-8 Oct]"
Salt Lake Sec-1,Lemon Rice Bucket,2026-09-24 to 2026-10-08,,10.5,Kg,"ck_indent_kolkata_24Sep-08Oct2026.csv (CK indent dispatch, net of returns); made_qty is CK-level (see Central Kitchen rows), not per store [24 Sep-8 Oct]"
Salt Lake Sec-1,Malabar Paratha  (1pkt= 6Pcs),2026-09-24 to 2026-10-08,,,Pc,"entp_consumption_east_north_24Sep-08Oct2026.csv (Indent Receive Qty); made_qty is CK-level (see Central Kitchen rows), not per store [24 Sep-8 Oct]"
Salt Lake Sec-1,Malabar Paratha Dough,2026-09-24 to 2026-10-08,,192.0,Pc,"ck_indent_kolkata_24Sep-08Oct2026.csv (CK indent dispatch, net of returns); made_qty is CK-level (see Central Kitchen rows), not per store [24 Sep-8 Oct]"
Salt Lake Sec-1,Malkapodi Bucket,2026-09-24 to 2026-10-08,,4.5,Kg,"ck_indent_kolkata_24Sep-08Oct2026.csv (CK indent dispatch, net of returns); made_qty is CK-level (see Central Kitchen rows), not per store [24 Sep-8 Oct]"
Salt Lake Sec-1,Medu Vada Batter Mix,2026-09-24 to 2026-10-08,,,Kg,"entp_consumption_east_north_24Sep-08Oct2026.csv (Indent Receive Qty); made_qty is CK-level (see Central Kitchen rows), not per store [24 Sep-8 Oct]"
Salt Lake Sec-1,Medu Vada Batter Powder Mix (1 Pkt = 23gm),2026-09-24 to 2026-10-08,,1.38,Kg,"ck_indent_kolkata_24Sep-08Oct2026.csv (CK indent dispatch, net of returns); made_qty is CK-level (see Central Kitchen rows), not per store [24 Sep-8 Oct]"
Salt Lake Sec-1,Mysore Chutney Bucket,2026-09-24 to 2026-10-08,,9.3,Kg,"ck_indent_kolkata_24Sep-08Oct2026.csv (CK indent dispatch, net of returns); made_qty is CK-level (see Central Kitchen rows), not per store [24 Sep-8 Oct]"
Salt Lake Sec-1,Potato Masala Mix (1Pkt = 90Gm),2026-09-24 to 2026-10-08,,74.0,Pkt,"ck_indent_kolkata_24Sep-08Oct2026.csv (CK indent dispatch, net of returns); made_qty is CK-level (see Central Kitchen rows), not per store [24 Sep-8 Oct]"
Salt Lake Sec-1,Rasam Bucket,2026-09-24 to 2026-10-08,,,Ltr,"entp_consumption_east_north_24Sep-08Oct2026.csv (Indent Receive Qty); made_qty is CK-level (see Central Kitchen rows), not per store [24 Sep-8 Oct]"
Salt Lake Sec-1,Rasam Chhoke Pre-Mix (2 Mix -6gm + 42gm)= 48gm,2026-09-24 to 2026-10-08,,0.474,Kg,"ck_indent_kolkata_24Sep-08Oct2026.csv (CK indent dispatch, net of returns); made_qty is CK-level (see Central Kitchen rows), not per store [24 Sep-8 Oct]"
Salt Lake Sec-1,Rasam Mix (1Pkt =15 gm),2026-09-24 to 2026-10-08,,0.15,Kg,"ck_indent_kolkata_24Sep-08Oct2026.csv (CK indent dispatch, net of returns); made_qty is CK-level (see Central Kitchen rows), not per store [24 Sep-8 Oct]"
Salt Lake Sec-1,Rava Powder Mix,2026-09-24 to 2026-10-08,,15.0,Kg,"ck_indent_kolkata_24Sep-08Oct2026.csv (CK indent dispatch, net of returns); made_qty is CK-level (see Central Kitchen rows), not per store [24 Sep-8 Oct]"
Salt Lake Sec-1,Raw Mango Chutney Bucket,2026-09-24 to 2026-10-08,,,Kg,"entp_consumption_east_north_24Sep-08Oct2026.csv (Indent Receive Qty); made_qty is CK-level (see Central Kitchen rows), not per store [24 Sep-8 Oct]"
Salt Lake Sec-1,Raw Mango Pickle Bucket,2026-09-24 to 2026-10-08,,1.5,Kg,"ck_indent_kolkata_24Sep-08Oct2026.csv (CK indent dispatch, net of returns); made_qty is CK-level (see Central Kitchen rows), not per store [24 Sep-8 Oct]"
Salt Lake Sec-1,Raw mango Powder Mix (1 Pkt = 13gm),2026-09-24 to 2026-10-08,,0.325,Kg,"ck_indent_kolkata_24Sep-08Oct2026.csv (CK indent dispatch, net of returns); made_qty is CK-level (see Central Kitchen rows), not per store [24 Sep-8 Oct]"
Salt Lake Sec-1,Sambar Bucket,2026-09-24 to 2026-10-08,,495.0,Ltr,"ck_indent_kolkata_24Sep-08Oct2026.csv (CK indent dispatch, net of returns); made_qty is CK-level (see Central Kitchen rows), not per store [24 Sep-8 Oct]"
Salt Lake Sec-1,Special Daal Bucket,2026-09-24 to 2026-10-08,,8.0,Kg,"ck_indent_kolkata_24Sep-08Oct2026.csv (CK indent dispatch, net of returns); made_qty is CK-level (see Central Kitchen rows), not per store [24 Sep-8 Oct]"
Salt Lake Sec-1,Special White Coconut Chutney Bucket,2026-09-24 to 2026-10-08,,,Kg,"entp_consumption_east_north_24Sep-08Oct2026.csv (Indent Receive Qty); made_qty is CK-level (see Central Kitchen rows), not per store [24 Sep-8 Oct]"
Salt Lake Sec-1,Spicy Coconut Chutney Mix 1Pkt (16gm),2026-09-24 to 2026-10-08,,,Kg,"entp_consumption_east_north_24Sep-08Oct2026.csv (Indent Receive Qty); made_qty is CK-level (see Central Kitchen rows), not per store [24 Sep-8 Oct]"
Salt Lake Sec-1,Srivilli Kheer (1 Pc),2026-09-24 to 2026-10-08,,84.0,Pc,"ck_indent_kolkata_24Sep-08Oct2026.csv (CK indent dispatch, net of returns); made_qty is CK-level (see Central Kitchen rows), not per store [24 Sep-8 Oct]"
Salt Lake Sec-1,Steam Rice Bucket,2026-09-24 to 2026-10-08,,25.0,Kg,"ck_indent_kolkata_24Sep-08Oct2026.csv (CK indent dispatch, net of returns); made_qty is CK-level (see Central Kitchen rows), not per store [24 Sep-8 Oct]"
Salt Lake Sec-1,Thatte Idli Batter,2026-09-24 to 2026-10-08,,45.0,Kg,"ck_indent_kolkata_24Sep-08Oct2026.csv (CK indent dispatch, net of returns); made_qty is CK-level (see Central Kitchen rows), not per store [24 Sep-8 Oct]"
Salt Lake Sec-1,Thatte Idli Pc Raw,2026-09-24 to 2026-10-08,,,Pc,"entp_consumption_east_north_24Sep-08Oct2026.csv (Indent Receive Qty); made_qty is CK-level (see Central Kitchen rows), not per store [24 Sep-8 Oct]"
Salt Lake Sec-1,Thindi Malkapodi Powder Bucket,2026-09-24 to 2026-10-08,,2.0,Kg,"ck_indent_kolkata_24Sep-08Oct2026.csv (CK indent dispatch, net of returns); made_qty is CK-level (see Central Kitchen rows), not per store [24 Sep-8 Oct]"
Salt Lake Sec-1,Tomato Onion Chutney Bucket,2026-09-24 to 2026-10-08,,,Kg,"entp_consumption_east_north_24Sep-08Oct2026.csv (Indent Receive Qty); made_qty is CK-level (see Central Kitchen rows), not per store [24 Sep-8 Oct]"
Salt Lake Sec-1,Tomato Onion Powder Mix (1 Pkt = 24gm),2026-09-24 to 2026-10-08,,0.888,Kg,"ck_indent_kolkata_24Sep-08Oct2026.csv (CK indent dispatch, net of returns); made_qty is CK-level (see Central Kitchen rows), not per store [24 Sep-8 Oct]"
Salt Lake Sec-1,Upma Mix (1pkt = 300gm),2026-09-24 to 2026-10-08,,6.0,Kg,"ck_indent_kolkata_24Sep-08Oct2026.csv (CK indent dispatch, net of returns); made_qty is CK-level (see Central Kitchen rows), not per store [24 Sep-8 Oct]"
Santoshpur,Benne Dosa Batter (Pack Size -3 Kg ),2026-09-24 to 2026-10-08,,53.535,Kg,"ck_indent_kolkata_24Sep-08Oct2026.csv (CK indent dispatch, net of returns); made_qty is CK-level (see Central Kitchen rows), not per store [24 Sep-8 Oct]"
Santoshpur,Boiled & Mashed Potato (1Pkt = 3Kg),2026-09-24 to 2026-10-08,,,Kg,"entp_consumption_east_north_24Sep-08Oct2026.csv (Indent Receive Qty); made_qty is CK-level (see Central Kitchen rows), not per store [24 Sep-8 Oct]"
Santoshpur,Chaat Masala Bucket,2026-09-24 to 2026-10-08,,0.4,Kg,"ck_indent_kolkata_24Sep-08Oct2026.csv (CK indent dispatch, net of returns); made_qty is CK-level (see Central Kitchen rows), not per store [24 Sep-8 Oct]"
Santoshpur,Coconut Shredded,2026-09-24 to 2026-10-08,,75.9,Kg,"ck_indent_kolkata_24Sep-08Oct2026.csv (CK indent dispatch, net of returns); made_qty is CK-level (see Central Kitchen rows), not per store [24 Sep-8 Oct]"
Santoshpur,Dahi Bucket Mix (1pkt =105gm),2026-09-24 to 2026-10-08,,3675.0,gm,"ck_indent_kolkata_24Sep-08Oct2026.csv (CK indent dispatch, net of returns); made_qty is CK-level (see Central Kitchen rows), not per store [24 Sep-8 Oct]"
Santoshpur,Dosa Batter Mix,2026-09-24 to 2026-10-08,,276.205,Kg,"ck_indent_kolkata_24Sep-08Oct2026.csv (CK indent dispatch, net of returns); made_qty is CK-level (see Central Kitchen rows), not per store [24 Sep-8 Oct]"
Santoshpur,Filter Coffee Ice Cream (700gm= 1 Bucket),2026-09-24 to 2026-10-08,,2.1,Kg,"ck_indent_kolkata_24Sep-08Oct2026.csv (CK indent dispatch, net of returns); made_qty is CK-level (see Central Kitchen rows), not per store [24 Sep-8 Oct]"
Santoshpur,Garlic Chutney Bucket,2026-09-24 to 2026-10-08,,6.0,Kg,"ck_indent_kolkata_24Sep-08Oct2026.csv (CK indent dispatch, net of returns); made_qty is CK-level (see Central Kitchen rows), not per store [24 Sep-8 Oct]"
Santoshpur,Idli Pc Raw (1 Pkt =40pc),2026-09-24 to 2026-10-08,,1080.0,Pc,"ck_indent_kolkata_24Sep-08Oct2026.csv (CK indent dispatch, net of returns); made_qty is CK-level (see Central Kitchen rows), not per store [24 Sep-8 Oct]"
Santoshpur,Imli Water,2026-09-24 to 2026-10-08,,2.4,Ltr,"ck_indent_kolkata_24Sep-08Oct2026.csv (CK indent dispatch, net of returns); made_qty is CK-level (see Central Kitchen rows), not per store [24 Sep-8 Oct]"
Santoshpur,Jain Sambar Bucket,2026-09-24 to 2026-10-08,,48.0,Ltr,"ck_indent_kolkata_24Sep-08Oct2026.csv (CK indent dispatch, net of returns); made_qty is CK-level (see Central Kitchen rows), not per store [24 Sep-8 Oct]"
Santoshpur,Karam Podi Powder Bucket,2026-09-24 to 2026-10-08,,0.5,Kg,"ck_indent_kolkata_24Sep-08Oct2026.csv (CK indent dispatch, net of returns); made_qty is CK-level (see Central Kitchen rows), not per store [24 Sep-8 Oct]"
Santoshpur,Kesari Halwa Mix  (1pkt = 550gm),2026-09-24 to 2026-10-08,,7.7,Kg,"ck_indent_kolkata_24Sep-08Oct2026.csv (CK indent dispatch, net of returns); made_qty is CK-level (see Central Kitchen rows), not per store [24 Sep-8 Oct]"
Santoshpur,Korma Gravy Mix (1pkt=700gm),2026-09-24 to 2026-10-08,,14.0,Kg,"ck_indent_kolkata_24Sep-08Oct2026.csv (CK indent dispatch, net of returns); made_qty is CK-level (see Central Kitchen rows), not per store [24 Sep-8 Oct]"
Santoshpur,Malabar Paratha  (1pkt= 6Pcs),2026-09-24 to 2026-10-08,,,Pc,"entp_consumption_east_north_24Sep-08Oct2026.csv (Indent Receive Qty); made_qty is CK-level (see Central Kitchen rows), not per store [24 Sep-8 Oct]"
Santoshpur,Malabar Paratha Dough,2026-09-24 to 2026-10-08,,222.0,Pc,"ck_indent_kolkata_24Sep-08Oct2026.csv (CK indent dispatch, net of returns); made_qty is CK-level (see Central Kitchen rows), not per store [24 Sep-8 Oct]"
Santoshpur,Malkapodi Bucket,2026-09-24 to 2026-10-08,,1.0,Kg,"ck_indent_kolkata_24Sep-08Oct2026.csv (CK indent dispatch, net of returns); made_qty is CK-level (see Central Kitchen rows), not per store [24 Sep-8 Oct]"
Santoshpur,Medu Vada Batter Mix,2026-09-24 to 2026-10-08,,,Kg,"entp_consumption_east_north_24Sep-08Oct2026.csv (Indent Receive Qty); made_qty is CK-level (see Central Kitchen rows), not per store [24 Sep-8 Oct]"
Santoshpur,Medu Vada Batter Powder Mix (1 Pkt = 23gm),2026-09-24 to 2026-10-08,,0.874,Kg,"ck_indent_kolkata_24Sep-08Oct2026.csv (CK indent dispatch, net of returns); made_qty is CK-level (see Central Kitchen rows), not per store [24 Sep-8 Oct]"
Santoshpur,Mysore Chutney Bucket,2026-09-24 to 2026-10-08,,4.2,Kg,"ck_indent_kolkata_24Sep-08Oct2026.csv (CK indent dispatch, net of returns); made_qty is CK-level (see Central Kitchen rows), not per store [24 Sep-8 Oct]"
Santoshpur,Potato Masala Mix (1Pkt = 90Gm),2026-09-24 to 2026-10-08,,34.0,Pkt,"ck_indent_kolkata_24Sep-08Oct2026.csv (CK indent dispatch, net of returns); made_qty is CK-level (see Central Kitchen rows), not per store [24 Sep-8 Oct]"
Santoshpur,Rasam Bucket,2026-09-24 to 2026-10-08,,,Ltr,"entp_consumption_east_north_24Sep-08Oct2026.csv (Indent Receive Qty); made_qty is CK-level (see Central Kitchen rows), not per store [24 Sep-8 Oct]"
Santoshpur,Rasam Chhoke Pre-Mix (2 Mix -6gm + 42gm)= 48gm,2026-09-24 to 2026-10-08,,0.576,Kg,"ck_indent_kolkata_24Sep-08Oct2026.csv (CK indent dispatch, net of returns); made_qty is CK-level (see Central Kitchen rows), not per store [24 Sep-8 Oct]"
Santoshpur,Rasam Mix (1Pkt =15 gm),2026-09-24 to 2026-10-08,,0.18,Kg,"ck_indent_kolkata_24Sep-08Oct2026.csv (CK indent dispatch, net of returns); made_qty is CK-level (see Central Kitchen rows), not per store [24 Sep-8 Oct]"
Santoshpur,Rava Powder Mix,2026-09-24 to 2026-10-08,,5.0,Kg,"ck_indent_kolkata_24Sep-08Oct2026.csv (CK indent dispatch, net of returns); made_qty is CK-level (see Central Kitchen rows), not per store [24 Sep-8 Oct]"
Santoshpur,Raw Mango Chutney Bucket,2026-09-24 to 2026-10-08,,,Kg,"entp_consumption_east_north_24Sep-08Oct2026.csv (Indent Receive Qty); made_qty is CK-level (see Central Kitchen rows), not per store [24 Sep-8 Oct]"
Santoshpur,Raw mango Powder Mix (1 Pkt = 13gm),2026-09-24 to 2026-10-08,,0.208,Kg,"ck_indent_kolkata_24Sep-08Oct2026.csv (CK indent dispatch, net of returns); made_qty is CK-level (see Central Kitchen rows), not per store [24 Sep-8 Oct]"
Santoshpur,Sambar Bucket,2026-09-24 to 2026-10-08,,385.0,Ltr,"ck_indent_kolkata_24Sep-08Oct2026.csv (CK indent dispatch, net of returns); made_qty is CK-level (see Central Kitchen rows), not per store [24 Sep-8 Oct]"
Santoshpur,Special Daal Bucket,2026-09-24 to 2026-10-08,,2.0,Kg,"ck_indent_kolkata_24Sep-08Oct2026.csv (CK indent dispatch, net of returns); made_qty is CK-level (see Central Kitchen rows), not per store [24 Sep-8 Oct]"
Santoshpur,Special White Coconut Chutney Bucket,2026-09-24 to 2026-10-08,,,Kg,"entp_consumption_east_north_24Sep-08Oct2026.csv (Indent Receive Qty); made_qty is CK-level (see Central Kitchen rows), not per store [24 Sep-8 Oct]"
Santoshpur,Spicy Coconut Chutney Mix 1Pkt (16gm),2026-09-24 to 2026-10-08,,,Kg,"entp_consumption_east_north_24Sep-08Oct2026.csv (Indent Receive Qty); made_qty is CK-level (see Central Kitchen rows), not per store [24 Sep-8 Oct]"
Santoshpur,Srivilli Kheer (1 Pc),2026-09-24 to 2026-10-08,,59.0,Pc,"ck_indent_kolkata_24Sep-08Oct2026.csv (CK indent dispatch, net of returns); made_qty is CK-level (see Central Kitchen rows), not per store [24 Sep-8 Oct]"
Santoshpur,Thatte Idli Pc Raw,2026-09-24 to 2026-10-08,,96.0,Pc,"ck_indent_kolkata_24Sep-08Oct2026.csv (CK indent dispatch, net of returns); made_qty is CK-level (see Central Kitchen rows), not per store [24 Sep-8 Oct]"
Santoshpur,Thindi Malkapodi Powder Bucket,2026-09-24 to 2026-10-08,,1.5,Kg,"ck_indent_kolkata_24Sep-08Oct2026.csv (CK indent dispatch, net of returns); made_qty is CK-level (see Central Kitchen rows), not per store [24 Sep-8 Oct]"
Santoshpur,Tomato Onion Powder Mix (1 Pkt = 24gm),2026-09-24 to 2026-10-08,,0.384,Kg,"ck_indent_kolkata_24Sep-08Oct2026.csv (CK indent dispatch, net of returns); made_qty is CK-level (see Central Kitchen rows), not per store [24 Sep-8 Oct]"
Santoshpur,Upma Mix (1pkt = 300gm),2026-09-24 to 2026-10-08,,3.0,Kg,"ck_indent_kolkata_24Sep-08Oct2026.csv (CK indent dispatch, net of returns); made_qty is CK-level (see Central Kitchen rows), not per store [24 Sep-8 Oct]"
