Date,Store/Kitchen,Supplier,Receiver,Item Name,Unit,Unit Price,Stock In Reference,Stock In Qty,Subtotal,Stock Out Reference,Stock Out Qty,Subtotal
01-10-2026,Central Warehouse -Kolkata,Central Warehouse -Kolkata,Dosa Coffee - Calcutta Swiming Club (0007),Opening / Closing Checklist,Pc,100,-,0,0,IN-1509,3,300
01-10-2026,Central Warehouse -Kolkata,Central Warehouse -Kolkata,Dosa Coffee - Calcutta Swiming Club (0007),Milk (Adya Dairy),Ltr,61.85,-,0,0,IN-1509,0.5,30.93
01-10-2026,Central Warehouse -Kolkata,Central Warehouse -Kolkata,Dosa Coffee - Calcutta Swiming Club (0007),Milk - Tetra 1Ltr,Ltr,77.06,-,0,0,IN-1509,2,154.12
01-10-2026,Central Warehouse -Kolkata,Central Warehouse -Kolkata,Dosa Coffee - Calcutta Swiming Club (0007),Coriander Leaves,Kg,99.99,-,0,0,IN-1509,0.1,10
01-10-2026,Central Warehouse -Kolkata,Central Warehouse -Kolkata,Dosa Coffee - Calcutta Swiming Club (0007),Raw Potato,Kg,18.8,-,0,0,IN-1509,1.64,30.83
01-10-2026,Central Warehouse -Kolkata,Central Warehouse -Kolkata,Dosa Coffee - Calcutta Swiming Club (0007),Sunflower Refined Oil  ( 1pkt = 868 Ml ),Ltr,167.48,-,0,0,IN-1509,0.868,145.37
01-10-2026,Central Warehouse -Kolkata,Central Warehouse -Kolkata,Dosa Coffee - Calcutta Swiming Club (0007),Fried Chana Daal,Kg,97.59,-,0,0,IN-1509,2,195.18
01-10-2026,Central Warehouse -Kolkata,Central Warehouse -Kolkata,Dosa Coffee - Calcutta Swiming Club (0007),Cothas Coffee Powder,Kg,859.17,-,0,0,IN-1509,0.5,429.58
01-10-2026,Central Warehouse -Kolkata,Central Warehouse -Kolkata,Dosa Coffee - Rangoli Mall (01/0010),Fried Chana Daal,Kg,97.59,-,0,0,IN-1627,4,390.37
01-10-2026,Central Warehouse -Kolkata,Central Warehouse -Kolkata,Dosa Coffee - Rangoli Mall (01/0010),Milk - Tetra 1Ltr,Ltr,77.06,-,0,0,IN-1627,12,924.73
01-10-2026,Central Warehouse -Kolkata,Central Warehouse -Kolkata,Dosa Coffee - Rangoli Mall (01/0010),Schweppes Water - 500ml,Pc,25.28,-,0,0,IN-1627,12,303.4
01-10-2026,Central Warehouse -Kolkata,Central Warehouse -Kolkata,Dosa Coffee - Rangoli Mall (01/0010),Kinley Soda 750ml Pet,Pc,15.88,-,0,0,IN-1627,12,190.54
01-10-2026,Central Warehouse -Kolkata,Central Warehouse -Kolkata,Dosa Coffee - Rangoli Mall (01/0010),Butane Gas Cartridge 235GM (1box=28pc),Pc,117.17,-,0,0,IN-1627,4,468.67
01-10-2026,Central Warehouse -Kolkata,Central Warehouse -Kolkata,Dosa Coffee - Rangoli Mall (01/0010),Hairnet (Comfort Cap 1pkt=100 pc),Pc,0.78,-,0,0,IN-1627,100,78.23
01-10-2026,Central Warehouse -Kolkata,Central Warehouse -Kolkata,Dosa Coffee - Rangoli Mall (01/0010),Sponge Wipe,Pkt,132.64,-,0,0,IN-1627,1,132.64
01-10-2026,Central Warehouse -Kolkata,Central Warehouse -Kolkata,Dosa Coffee - Rangoli Mall (01/0010),Ecolab-Grill Cleaner Pluss (1can = 5ltr),Can,1546.07,-,0,0,IN-1627,1,1546.07
01-10-2026,Central Warehouse -Kolkata,Central Warehouse -Kolkata,Dosa Coffee - Rangoli Mall (01/0010),Take Away Packing Box - Small (1bundle = 50pc),Pc,4.31,-,0,0,IN-1627,100,430.65
01-10-2026,Central Warehouse -Kolkata,Central Warehouse -Kolkata,Dosa Coffee - Rangoli Mall (01/0010),Paper Napkin (1pkt = 100pc),Pc,0.23,-,0,0,IN-1627,500,117.46
01-10-2026,Central Warehouse -Kolkata,Central Warehouse -Kolkata,Dosa Coffee - Rangoli Mall (01/0010),Bio-Degradable Spoon (1pkt = 50pc),Pc,1.25,-,0,0,IN-1627,50,62.4
01-10-2026,Central Warehouse -Kolkata,Central Warehouse -Kolkata,Dosa Coffee - Rangoli Mall (01/0010),Carry Bag - Small (1pkt = 100pc),Pc,7.08,-,0,0,IN-1627,50,353.93
01-10-2026,Central Warehouse -Kolkata,Central Warehouse -Kolkata,Dosa Coffee - Rangoli Mall (01/0010),Jaggery,Kg,61.29,-,0,0,IN-1627,1,61.29
01-10-2026,Central Warehouse -Kolkata,Central Warehouse -Kolkata,Dosa Coffee - Rangoli Mall (01/0010),White Butter,Kg,576.7,-,0,0,IN-1627,1,576.7
01-10-2026,Central Warehouse -Kolkata,Central Warehouse -Kolkata,Dosa Coffee - Rangoli Mall (01/0010),Amul Butter,Kg,557.94,-,0,0,IN-1627,1,557.94
01-10-2026,Central Warehouse -Kolkata,Central Warehouse -Kolkata,Dosa Coffee - Rangoli Mall (01/0010),Ghee,Kg,750.15,-,0,0,IN-1627,1.81,1357.77
01-10-2026,Central Warehouse -Kolkata,Central Warehouse -Kolkata,Dosa Coffee - Rangoli Mall (01/0010),Sugar,Kg,51.88,-,0,0,IN-1627,2,103.75
01-10-2026,Central Warehouse -Kolkata,Central Warehouse -Kolkata,Dosa Coffee - Rangoli Mall (01/0010),Salt,Kg,27.05,-,0,0,IN-1627,1,27.05
01-10-2026,Central Warehouse -Kolkata,Central Warehouse -Kolkata,Dosa Coffee - Rangoli Mall (01/0010),Sunflower Refined Oil  ( 1pkt = 868 Ml ),Ltr,167.48,-,0,0,IN-1627,13.888,2325.96
01-10-2026,Central Warehouse -Kolkata,Central Warehouse -Kolkata,Dosa Coffee - Rangoli Mall (01/0010),Banana Leaf Small (1bundle = 50pc),Pc,1.25,-,0,0,IN-1627,50,62.49
01-10-2026,Central Warehouse -Kolkata,Central Warehouse -Kolkata,Dosa Coffee - Rangoli Mall (01/0010),Raw Mango,Kg,85.09,-,0,0,IN-1627,0.996,84.74
01-10-2026,Central Warehouse -Kolkata,Central Warehouse -Kolkata,Dosa Coffee - Rangoli Mall (01/0010),Amada,Kg,70.24,-,0,0,IN-1627,0.25,17.56
01-10-2026,Central Warehouse -Kolkata,Central Warehouse -Kolkata,Dosa Coffee - Rangoli Mall (01/0010),Beans,Kg,76.23,-,0,0,IN-1627,0.2,15.25
01-10-2026,Central Warehouse -Kolkata,Central Warehouse -Kolkata,Dosa Coffee - Rangoli Mall (01/0010),Garlic,Kg,139.99,-,0,0,IN-1627,0.25,35
01-10-2026,Central Warehouse -Kolkata,Central Warehouse -Kolkata,Dosa Coffee - Rangoli Mall (01/0010),Coriander Leaves,Kg,99.99,-,0,0,IN-1627,0.5,50
01-10-2026,Central Warehouse -Kolkata,Central Warehouse -Kolkata,Dosa Coffee - Rangoli Mall (01/0010),Carrot,Kg,40.99,-,0,0,IN-1627,1.076,44.11
01-10-2026,Central Warehouse -Kolkata,Central Warehouse -Kolkata,Dosa Coffee - Rangoli Mall (01/0010),Tomato,Kg,40,-,0,0,IN-1627,1.037,41.48
01-10-2026,Central Warehouse -Kolkata,Central Warehouse -Kolkata,Dosa Coffee - Rangoli Mall (01/0010),Onion,Kg,36.26,-,0,0,IN-1627,5.03,182.37
01-10-2026,Central Warehouse -Kolkata,Central Warehouse -Kolkata,Dosa Coffee - Rangoli Mall (01/0010),Lime,Pc,3.5,-,0,0,IN-1627,30,105
01-10-2026,Central Warehouse -Kolkata,Central Warehouse -Kolkata,Dosa Coffee - Rangoli Mall (01/0010),Watermelon,Kg,34.89,-,0,0,IN-1627,2.028,70.76
01-10-2026,Central Warehouse -Kolkata,Central Warehouse -Kolkata,Dosa Coffee - Rangoli Mall (01/0010),Idli Daal (Rajkot),Kg,156.17,-,0,0,IN-1627,2,312.33
01-10-2026,Central Warehouse -Kolkata,Central Warehouse -Kolkata,Dosa Coffee - Rangoli Mall (01/0010),Raw Potato,Kg,18.8,-,0,0,IN-1627,15,281.97
01-10-2026,Central Warehouse -Kolkata,Central Warehouse -Kolkata,Dosa Coffee - Rangoli Mall (01/0010),Milk (Adya Dairy),Ltr,61.85,-,0,0,IN-1627,1,61.85
01-10-2026,Central Warehouse -Kolkata,Central Warehouse -Kolkata,Dosa Coffee - Forum (0003),Opening / Closing Checklist,Pc,100,-,0,0,IN-1707,3,300
01-10-2026,Central Warehouse -Kolkata,Central Warehouse -Kolkata,Dosa Coffee - Forum (0003),Glen Container With Lid - 250ml (1pkt = 50pc),Pc,3.86,-,0,0,IN-1706,50,192.96
01-10-2026,Central Warehouse -Kolkata,Central Warehouse -Kolkata,Dosa Coffee - Forum (0003),Lime,Pc,3.5,-,0,0,IN-1706,15,52.5
01-10-2026,Central Warehouse -Kolkata,Central Warehouse -Kolkata,Dosa Coffee - Forum (0003),White Sugar Sachet (1pkt = 200pc),Pc,0.42,-,0,0,IN-1706,200,84.64
01-10-2026,Central Warehouse -Kolkata,Central Warehouse -Kolkata,Dosa Coffee - Forum (0003),Ecolab-Multi Purpose SINK Detergent (1can = 1ltr),Can,403.18,-,0,0,IN-1706,1,403.18
01-10-2026,Central Warehouse -Kolkata,Central Warehouse -Kolkata,Dosa Coffee - Forum (0003),Take Away Packing Box - Small (1bundle = 50pc),Pc,4.31,-,0,0,IN-1706,100,430.65
01-10-2026,Central Warehouse -Kolkata,Central Warehouse -Kolkata,Dosa Coffee - Forum (0003),Carry Bag - Small (1pkt = 100pc),Pc,7.08,-,0,0,IN-1706,50,353.93
01-10-2026,Central Warehouse -Kolkata,Central Warehouse -Kolkata,Dosa Coffee - Forum (0003),Sugar,Kg,51.88,-,0,0,IN-1706,1,51.88
01-10-2026,Central Warehouse -Kolkata,Central Warehouse -Kolkata,Dosa Coffee - Forum (0003),Idli Daal (Rajkot),Kg,156.17,-,0,0,IN-1706,1,156.17
01-10-2026,Central Warehouse -Kolkata,Central Warehouse -Kolkata,Dosa Coffee - Forum (0003),Milk (Adya Dairy),Ltr,61.85,-,0,0,IN-1706,0.5,30.93
01-10-2026,Central Warehouse -Kolkata,Central Warehouse -Kolkata,Dosa Coffee - Forum (0003),Raw Curd,Kg,71.4,-,0,0,IN-1706,1,71.4
01-10-2026,Central Warehouse -Kolkata,Central Warehouse -Kolkata,Dosa Coffee - Forum (0003),Coriander Leaves,Kg,99.99,-,0,0,IN-1706,0.2,20
01-10-2026,Central Warehouse -Kolkata,Central Warehouse -Kolkata,Dosa Coffee - Forum (0003),Tomato,Kg,40,-,0,0,IN-1706,0.538,21.52
01-10-2026,Central Warehouse -Kolkata,Central Warehouse -Kolkata,Dosa Coffee - Forum (0003),Jaggery,Kg,61.29,-,0,0,IN-1706,0.5,30.64
01-10-2026,Central Warehouse -Kolkata,Central Warehouse -Kolkata,Dosa Coffee - Forum (0003),Amada,Kg,70.24,-,0,0,IN-1706,0.1,7.02
01-10-2026,Central Warehouse -Kolkata,Central Warehouse -Kolkata,Dosa Coffee - Forum (0003),Raw Potato,Kg,18.8,-,0,0,IN-1706,3.02,56.77
01-10-2026,Central Warehouse -Kolkata,Central Warehouse -Kolkata,Dosa Coffee - Forum (0003),Banana Leaf Big (1bundle = 50pc),Pc,1.79,-,0,0,IN-1706,50,89.68
01-10-2026,Central Warehouse -Kolkata,Central Warehouse -Kolkata,Dosa Coffee - Forum (0003),Raw Green Chili,Kg,74.93,-,0,0,IN-1706,0.5,37.47
01-10-2026,Central Warehouse -Kolkata,Central Warehouse -Kolkata,Dosa Coffee - Forum (0003),Ginger,Kg,131.09,-,0,0,IN-1706,0.5,65.55
01-10-2026,Central Warehouse -Kolkata,Central Warehouse -Kolkata,Dosa Coffee - Forum (0003),Fried Chana Daal,Kg,97.59,-,0,0,IN-1706,1,97.59
01-10-2026,Central Warehouse -Kolkata,Central Warehouse -Kolkata,Dosa Coffee - Kalikapur (01/0014),Milk - Tetra 1Ltr,Ltr,77.06,-,0,0,IN-1508,12,924.73
01-10-2026,Central Warehouse -Kolkata,Central Warehouse -Kolkata,Dosa Coffee - Kalikapur (01/0014),Silver Foil,Pc,348.93,-,0,0,IN-1508,1,348.93
01-10-2026,Central Warehouse -Kolkata,Central Warehouse -Kolkata,Dosa Coffee - Kalikapur (01/0014),White Butter,Kg,576.7,-,0,0,IN-1508,0.5,288.35
01-10-2026,Central Warehouse -Kolkata,Central Warehouse -Kolkata,Dosa Coffee - Kalikapur (01/0014),Wooden Stirrer (1pkt = 100pc),Pc,0.13,-,0,0,IN-1508,1000,131.69
01-10-2026,Central Warehouse -Kolkata,Central Warehouse -Kolkata,Dosa Coffee - Kalikapur (01/0014),Turmeric Powder,gm,0.34,-,0,0,IN-1508,500,170.13
01-10-2026,Central Warehouse -Kolkata,Central Warehouse -Kolkata,Dosa Coffee - Kalikapur (01/0014),Tomato,Kg,40,-,0,0,IN-1508,0.544,21.76
01-10-2026,Central Warehouse -Kolkata,Central Warehouse -Kolkata,Dosa Coffee - Kalikapur (01/0014),Take Away Packing Box - Small (1bundle = 50pc),Pc,4.31,-,0,0,IN-1508,100,430.65
01-10-2026,Central Warehouse -Kolkata,Central Warehouse -Kolkata,Dosa Coffee - Kalikapur (01/0014),Sunflower Refined Oil  ( 1pkt = 868 Ml ),Ltr,167.48,-,0,0,IN-1508,3.472,581.49
01-10-2026,Central Warehouse -Kolkata,Central Warehouse -Kolkata,Dosa Coffee - Kalikapur (01/0014),Sugar,Kg,51.88,-,0,0,IN-1508,1,51.88
01-10-2026,Central Warehouse -Kolkata,Central Warehouse -Kolkata,Dosa Coffee - Kalikapur (01/0014),Schweppes Water - 500ml,Pc,25.28,-,0,0,IN-1508,12,303.4
01-10-2026,Central Warehouse -Kolkata,Central Warehouse -Kolkata,Dosa Coffee - Kalikapur (01/0014),Raw Mango,Kg,85.09,-,0,0,IN-1508,0.53,45.1
01-10-2026,Central Warehouse -Kolkata,Central Warehouse -Kolkata,Dosa Coffee - Kalikapur (01/0014),Raw Green Chili,Kg,74.93,-,0,0,IN-1508,0.5,37.47
01-10-2026,Central Warehouse -Kolkata,Central Warehouse -Kolkata,Dosa Coffee - Kalikapur (01/0014),Paper Napkin (1pkt = 100pc),Pc,0.23,-,0,0,IN-1508,400,93.97
01-10-2026,Central Warehouse -Kolkata,Central Warehouse -Kolkata,Dosa Coffee - Kalikapur (01/0014),Onion,Kg,36.26,-,0,0,IN-1508,3.047,110.48
01-10-2026,Central Warehouse -Kolkata,Central Warehouse -Kolkata,Dosa Coffee - Kalikapur (01/0014),Mint leaf,Kg,189.7,-,0,0,IN-1508,0.1,18.97
01-10-2026,Central Warehouse -Kolkata,Central Warehouse -Kolkata,Dosa Coffee - Kalikapur (01/0014),Milk (Adya Dairy),Ltr,61.85,-,0,0,IN-1508,0.5,30.93
01-10-2026,Central Warehouse -Kolkata,Central Warehouse -Kolkata,Dosa Coffee - Kalikapur (01/0014),Jaggery,Kg,61.29,-,0,0,IN-1508,0.5,30.64
01-10-2026,Central Warehouse -Kolkata,Central Warehouse -Kolkata,Dosa Coffee - Kalikapur (01/0014),Glen Container With Lid - 500ml (1pkt = 50pc),Pc,4.29,-,0,0,IN-1508,100,428.58
01-10-2026,Central Warehouse -Kolkata,Central Warehouse -Kolkata,Dosa Coffee - Kalikapur (01/0014),Ginger,Kg,131.09,-,0,0,IN-1508,0.5,65.55
01-10-2026,Central Warehouse -Kolkata,Central Warehouse -Kolkata,Dosa Coffee - Kalikapur (01/0014),Ghee,Kg,750.15,-,0,0,IN-1508,0.905,678.88
01-10-2026,Central Warehouse -Kolkata,Central Warehouse -Kolkata,Dosa Coffee - Kalikapur (01/0014),Garbage Bag Large (36 X 42),Pkt,69.46,-,0,0,IN-1508,1,69.46
01-10-2026,Central Warehouse -Kolkata,Central Warehouse -Kolkata,Dosa Coffee - Kalikapur (01/0014),Garbage Bag Small (20 X 24),Pkt,53.62,-,0,0,IN-1508,1,53.62
01-10-2026,Central Warehouse -Kolkata,Central Warehouse -Kolkata,Dosa Coffee - Kalikapur (01/0014),Opening / Closing Checklist,Pc,100,-,0,0,IN-1508,3,300
01-10-2026,Central Warehouse -Kolkata,Central Warehouse -Kolkata,Dosa Coffee - Kalikapur (01/0014),Fried Chana Daal,Kg,97.59,-,0,0,IN-1508,3,292.77
01-10-2026,Central Warehouse -Kolkata,Central Warehouse -Kolkata,Dosa Coffee - Kalikapur (01/0014),Curry Leaves,Kg,71.14,-,0,0,IN-1508,0.1,7.11
01-10-2026,Central Warehouse -Kolkata,Central Warehouse -Kolkata,Dosa Coffee - Kalikapur (01/0014),Coriander Leaves,Kg,99.99,-,0,0,IN-1508,0.4,40
01-10-2026,Central Warehouse -Kolkata,Central Warehouse -Kolkata,Dosa Coffee - Kalikapur (01/0014),Carry Bag - Large(1pkt = 100pc),Pc,10.52,-,0,0,IN-1508,300,3156.65
01-10-2026,Central Warehouse -Kolkata,Central Warehouse -Kolkata,Dosa Coffee - Kalikapur (01/0014),Carrot,Kg,40.99,-,0,0,IN-1508,0.56,22.96
01-10-2026,Central Warehouse -Kolkata,Central Warehouse -Kolkata,Dosa Coffee - Kalikapur (01/0014),Brown Sugar Sachet  (1pkt = 200pc),Pc,0.49,-,0,0,IN-1508,200,97.85
01-10-2026,Central Warehouse -Kolkata,Central Warehouse -Kolkata,Dosa Coffee - Kalikapur (01/0014),Raw Potato,Kg,18.8,-,0,0,IN-1508,9,169.18
01-10-2026,Central Warehouse -Kolkata,Central Warehouse -Kolkata,Dosa Coffee - Kalikapur (01/0014),Banana Leaf Small (1bundle = 50pc),Pc,1.25,-,0,0,IN-1508,50,62.49
01-10-2026,Central Warehouse -Kolkata,Central Warehouse -Kolkata,Dosa Coffee - Kalikapur (01/0014),Banana Leaf Big (1bundle = 50pc),Pc,1.79,-,0,0,IN-1508,100,179.37
01-10-2026,Central Warehouse -Kolkata,Central Warehouse -Kolkata,Dosa Coffee - Santoshpur (01/0012),Fried Chana Daal,Kg,97.59,-,0,0,IN-1652,4,390.37
01-10-2026,Central Warehouse -Kolkata,Central Warehouse -Kolkata,Dosa Coffee - Santoshpur (01/0012),Cothas Coffee Powder,Kg,859.17,-,0,0,IN-1652,0.5,429.58
01-10-2026,Central Warehouse -Kolkata,Central Warehouse -Kolkata,Dosa Coffee - Santoshpur (01/0012),Milk - Tetra 1Ltr,Ltr,77.06,-,0,0,IN-1652,12,924.73
01-10-2026,Central Warehouse -Kolkata,Central Warehouse -Kolkata,Dosa Coffee - Santoshpur (01/0012),Kinley Soda 750ml Pet,Pc,15.88,-,0,0,IN-1652,2,31.76
01-10-2026,Central Warehouse -Kolkata,Central Warehouse -Kolkata,Dosa Coffee - Santoshpur (01/0012),Garbage Bag Large (36 X 42),Pkt,69.46,-,0,0,IN-1652,2,138.93
01-10-2026,Central Warehouse -Kolkata,Central Warehouse -Kolkata,Dosa Coffee - Santoshpur (01/0012),Garbage Bag Small (20 X 24),Pkt,53.62,-,0,0,IN-1652,2,107.25
01-10-2026,Central Warehouse -Kolkata,Central Warehouse -Kolkata,Dosa Coffee - Santoshpur (01/0012),Sponge Wipe,Pkt,132.64,-,0,0,IN-1652,1,132.64
01-10-2026,Central Warehouse -Kolkata,Central Warehouse -Kolkata,Dosa Coffee - Santoshpur (01/0012),Hot Coffee Cup 150ml (1pkt=25pc),Pc,1.23,-,0,0,IN-1652,25,30.68
01-10-2026,Central Warehouse -Kolkata,Central Warehouse -Kolkata,Dosa Coffee - Santoshpur (01/0012),Take Away Packing Box - Small (1bundle = 50pc),Pc,4.31,-,0,0,IN-1652,100,430.65
01-10-2026,Central Warehouse -Kolkata,Central Warehouse -Kolkata,Dosa Coffee - Santoshpur (01/0012),Paper Napkin (1pkt = 100pc),Pc,0.23,-,0,0,IN-1652,300,70.48
01-10-2026,Central Warehouse -Kolkata,Central Warehouse -Kolkata,Dosa Coffee - Santoshpur (01/0012),Bio-Degradable Spoon (1pkt = 50pc),Pc,1.25,-,0,0,IN-1652,200,249.61
01-10-2026,Central Warehouse -Kolkata,Central Warehouse -Kolkata,Dosa Coffee - Santoshpur (01/0012),Glen Container With Lid - 250ml (1pkt = 50pc),Pc,3.86,-,0,0,IN-1652,500,1929.57
01-10-2026,Central Warehouse -Kolkata,Central Warehouse -Kolkata,Dosa Coffee - Santoshpur (01/0012),C Fold Tissue (Toilet Tissue),Pkt,49.48,-,0,0,IN-1652,2,98.96
01-10-2026,Central Warehouse -Kolkata,Central Warehouse -Kolkata,Dosa Coffee - Santoshpur (01/0012),Jaggery,Kg,61.29,-,0,0,IN-1652,0.5,30.64
01-10-2026,Central Warehouse -Kolkata,Central Warehouse -Kolkata,Dosa Coffee - Santoshpur (01/0012),White Butter,Kg,576.7,-,0,0,IN-1652,0.5,288.35
01-10-2026,Central Warehouse -Kolkata,Central Warehouse -Kolkata,Dosa Coffee - Santoshpur (01/0012),Amul Butter,Kg,557.94,-,0,0,IN-1652,0.5,278.97
01-10-2026,Central Warehouse -Kolkata,Central Warehouse -Kolkata,Dosa Coffee - Santoshpur (01/0012),Sunflower Refined Oil  ( 1pkt = 868 Ml ),Ltr,167.48,-,0,0,IN-1652,13.888,2325.96
01-10-2026,Central Warehouse -Kolkata,Central Warehouse -Kolkata,Dosa Coffee - Santoshpur (01/0012),Banana Leaf Small (1bundle = 50pc),Pc,1.25,-,0,0,IN-1652,50,62.49
01-10-2026,Central Warehouse -Kolkata,Central Warehouse -Kolkata,Dosa Coffee - Santoshpur (01/0012),Banana Leaf Big (1bundle = 50pc),Pc,1.79,-,0,0,IN-1652,100,179.37
01-10-2026,Central Warehouse -Kolkata,Central Warehouse -Kolkata,Dosa Coffee - Santoshpur (01/0012),Raw Mango,Kg,85.09,-,0,0,IN-1652,0.668,56.84
01-10-2026,Central Warehouse -Kolkata,Central Warehouse -Kolkata,Dosa Coffee - Santoshpur (01/0012),Amada,Kg,70.24,-,0,0,IN-1652,0.1,7.02
01-10-2026,Central Warehouse -Kolkata,Central Warehouse -Kolkata,Dosa Coffee - Santoshpur (01/0012),Beans,Kg,76.23,-,0,0,IN-1652,0.1,7.62
01-10-2026,Central Warehouse -Kolkata,Central Warehouse -Kolkata,Dosa Coffee - Santoshpur (01/0012),Ginger,Kg,131.09,-,0,0,IN-1652,0.5,65.55
01-10-2026,Central Warehouse -Kolkata,Central Warehouse -Kolkata,Dosa Coffee - Santoshpur (01/0012),Garlic,Kg,139.99,-,0,0,IN-1652,0.05,7
01-10-2026,Central Warehouse -Kolkata,Central Warehouse -Kolkata,Dosa Coffee - Santoshpur (01/0012),Raw Green Chili,Kg,74.93,-,0,0,IN-1652,0.5,37.47
01-10-2026,Central Warehouse -Kolkata,Central Warehouse -Kolkata,Dosa Coffee - Santoshpur (01/0012),Tomato,Kg,40,-,0,0,IN-1652,1.06,42.4
01-10-2026,Central Warehouse -Kolkata,Central Warehouse -Kolkata,Dosa Coffee - Santoshpur (01/0012),Onion,Kg,36.26,-,0,0,IN-1652,4.06,147.2
01-10-2026,Central Warehouse -Kolkata,Central Warehouse -Kolkata,Dosa Coffee - Santoshpur (01/0012),Watermelon,Kg,34.89,-,0,0,IN-1652,4.44,154.91
01-10-2026,Central Warehouse -Kolkata,Central Warehouse -Kolkata,Dosa Coffee - Santoshpur (01/0012),Idli Daal (Rajkot),Kg,156.17,-,0,0,IN-1652,1,156.17
01-10-2026,Central Warehouse -Kolkata,Central Warehouse -Kolkata,Dosa Coffee - Santoshpur (01/0012),Raw Curd,Kg,71.4,-,0,0,IN-1652,3,214.2
01-10-2026,Central Warehouse -Kolkata,Central Warehouse -Kolkata,Dosa Coffee - Santoshpur (01/0012),Paneer,Kg,299,-,0,0,IN-1652,1,299
01-10-2026,Central Warehouse -Kolkata,Central Warehouse -Kolkata,Dosa Coffee - Santoshpur (01/0012),Milk (Adya Dairy),Ltr,61.85,-,0,0,IN-1652,0.5,30.93
01-10-2026,Central Warehouse -Kolkata,Central Warehouse -Kolkata,Dosa Coffee - Santoshpur (01/0012),Raw Potato,Kg,18.8,-,0,0,IN-1652,10,187.98
01-10-2026,Central Warehouse -Kolkata,Central Warehouse -Kolkata,Dosa Coffee - Lake road 01/0015,Sambar Sticker (DIY) Cap Cover,Pc,2.47,-,0,0,IN-1311,28,69.26
01-10-2026,Central Warehouse -Kolkata,Central Warehouse -Kolkata,Dosa Coffee - Lake road 01/0015,Coconut Chutney Sticker (DIY),Pc,2.18,-,0,0,IN-1311,32,69.63
01-10-2026,Central Warehouse -Kolkata,Central Warehouse -Kolkata,Dosa Coffee - Lake road 01/0015,Potato Masala Sticker (DIY),Pc,2.16,-,0,0,IN-1311,32,69.11
01-10-2026,Central Warehouse -Kolkata,Central Warehouse -Kolkata,Dosa Coffee - Lake road 01/0015,Idli Cloth (Markin Cloth),Pc,25.04,-,0,0,IN-1311,4,100.16
01-10-2026,Central Warehouse -Kolkata,Central Warehouse -Kolkata,Dosa Coffee - Lake road 01/0015,Amada,Kg,70.24,-,0,0,IN-1311,0.1,7.02
01-10-2026,Central Warehouse -Kolkata,Central Warehouse -Kolkata,Dosa Coffee - Lake road 01/0015,White Butter,Kg,576.7,-,0,0,IN-1311,1.5,865.06
01-10-2026,Central Warehouse -Kolkata,Central Warehouse -Kolkata,Dosa Coffee - Lake road 01/0015,Watermelon,Kg,34.89,-,0,0,IN-1311,8.44,294.48
01-10-2026,Central Warehouse -Kolkata,Central Warehouse -Kolkata,Dosa Coffee - Lake road 01/0015,Tomato,Kg,40,-,0,0,IN-1311,2.13,85.19
01-10-2026,Central Warehouse -Kolkata,Central Warehouse -Kolkata,Dosa Coffee - Lake road 01/0015,Thermal Printer Roll - Posiflex,Pc,46.02,-,0,0,IN-1311,5,230.1
01-10-2026,Central Warehouse -Kolkata,Central Warehouse -Kolkata,Dosa Coffee - Lake road 01/0015,Take Away Packing Box - Small (1bundle = 50pc),Pc,4.31,-,0,0,IN-1311,100,430.65
01-10-2026,Central Warehouse -Kolkata,Central Warehouse -Kolkata,Dosa Coffee - Lake road 01/0015,Sunflower Refined Oil  ( 1pkt = 868 Ml ),Ltr,167.48,-,0,0,IN-1311,13.888,2325.96
01-10-2026,Central Warehouse -Kolkata,Central Warehouse -Kolkata,Dosa Coffee - Lake road 01/0015,Sugar,Kg,51.88,-,0,0,IN-1311,1,51.88
01-10-2026,Central Warehouse -Kolkata,Central Warehouse -Kolkata,Dosa Coffee - Lake road 01/0015,Supari,Pkt,148.81,-,0,0,IN-1311,10,1488.06
01-10-2026,Central Warehouse -Kolkata,Central Warehouse -Kolkata,Dosa Coffee - Lake road 01/0015,Sponge Wipe,Pkt,132.64,-,0,0,IN-1311,1,132.64
01-10-2026,Central Warehouse -Kolkata,Central Warehouse -Kolkata,Dosa Coffee - Lake road 01/0015,Silver Foil,Pc,348.93,-,0,0,IN-1311,1,348.93
01-10-2026,Central Warehouse -Kolkata,Central Warehouse -Kolkata,Dosa Coffee - Lake road 01/0015,Scrubber - Scotch Brite,Pc,12.26,-,0,0,IN-1311,2,24.53
01-10-2026,Central Warehouse -Kolkata,Central Warehouse -Kolkata,Dosa Coffee - Lake road 01/0015,Salt,Kg,27.05,-,0,0,IN-1311,1,27.05
01-10-2026,Central Warehouse -Kolkata,Central Warehouse -Kolkata,Dosa Coffee - Lake road 01/0015,Rubber Hand Gloves (1pkt=100pc),Pc,2.72,-,0,0,IN-1311,100,271.79
01-10-2026,Central Warehouse -Kolkata,Central Warehouse -Kolkata,Dosa Coffee - Lake road 01/0015,Room Freshner,Pc,77.62,-,0,0,IN-1311,1,77.62
01-10-2026,Central Warehouse -Kolkata,Central Warehouse -Kolkata,Dosa Coffee - Lake road 01/0015,Raw Mango,Kg,85.09,-,0,0,IN-1311,1.059,90.11
01-10-2026,Central Warehouse -Kolkata,Central Warehouse -Kolkata,Dosa Coffee - Lake road 01/0015,Raw Green Chili,Kg,74.93,-,0,0,IN-1311,1,74.93
01-10-2026,Central Warehouse -Kolkata,Central Warehouse -Kolkata,Dosa Coffee - Lake road 01/0015,Raw Curd,Kg,71.4,-,0,0,IN-1311,4,285.6
01-10-2026,Central Warehouse -Kolkata,Central Warehouse -Kolkata,Dosa Coffee - Lake road 01/0015,Paper Straw (1pkt = 100pc),Pc,0.39,-,0,0,IN-1311,100,38.67
01-10-2026,Central Warehouse -Kolkata,Central Warehouse -Kolkata,Dosa Coffee - Lake road 01/0015,Paper Napkin (1pkt = 100pc),Pc,0.23,-,0,0,IN-1311,1000,234.92
01-10-2026,Central Warehouse -Kolkata,Central Warehouse -Kolkata,Dosa Coffee - Lake road 01/0015,Paneer,Kg,299,-,0,0,IN-1311,1,299
01-10-2026,Central Warehouse -Kolkata,Central Warehouse -Kolkata,Dosa Coffee - Lake road 01/0015,Onion,Kg,36.26,-,0,0,IN-1311,6.087,220.7
01-10-2026,Central Warehouse -Kolkata,Central Warehouse -Kolkata,Dosa Coffee - Lake road 01/0015,Mint leaf,Kg,189.7,-,0,0,IN-1311,0.1,18.97
01-10-2026,Central Warehouse -Kolkata,Central Warehouse -Kolkata,Dosa Coffee - Lake road 01/0015,Milk (Adya Dairy),Ltr,61.85,-,0,0,IN-1311,0.5,30.93
01-10-2026,Central Warehouse -Kolkata,Central Warehouse -Kolkata,Dosa Coffee - Lake road 01/0015,Malkapodi Powder Sticker (DIY),Pc,1.8,-,0,0,IN-1311,54,97.2
01-10-2026,Central Warehouse -Kolkata,Central Warehouse -Kolkata,Dosa Coffee - Lake road 01/0015,Lime,Pc,3.5,-,0,0,IN-1311,40,140.01
01-10-2026,Central Warehouse -Kolkata,Central Warehouse -Kolkata,Dosa Coffee - Lake road 01/0015,kitchen Paper Roll,Piece,299.82,-,0,0,IN-1311,1,299.82
01-10-2026,Central Warehouse -Kolkata,Central Warehouse -Kolkata,Dosa Coffee - Lake road 01/0015,Kinley Soda 750ml Pet,Pc,15.88,-,0,0,IN-1311,10,158.78
01-10-2026,Central Warehouse -Kolkata,Central Warehouse -Kolkata,Dosa Coffee - Lake road 01/0015,Jaggery,Kg,61.29,-,0,0,IN-1311,0.5,30.64
01-10-2026,Central Warehouse -Kolkata,Central Warehouse -Kolkata,Dosa Coffee - Lake road 01/0015,Glen Container With Lid - 750ml (1pkt = 50pc),Pc,6.37,-,0,0,IN-1311,50,318.75
01-10-2026,Central Warehouse -Kolkata,Central Warehouse -Kolkata,Dosa Coffee - Lake road 01/0015,Glen Container With Lid - 250ml (1pkt = 50pc),Pc,3.86,-,0,0,IN-1311,500,1929.57
01-10-2026,Central Warehouse -Kolkata,Central Warehouse -Kolkata,Dosa Coffee - Lake road 01/0015,Ginger,Kg,131.09,-,0,0,IN-1311,1.5,196.64
01-10-2026,Central Warehouse -Kolkata,Central Warehouse -Kolkata,Dosa Coffee - Lake road 01/0015,Ghee,Kg,750.15,-,0,0,IN-1311,1.81,1357.77
01-10-2026,Central Warehouse -Kolkata,Central Warehouse -Kolkata,Dosa Coffee - Lake road 01/0015,Garbage Bag Large (36 X 42),Pkt,69.46,-,0,0,IN-1311,2,138.93
01-10-2026,Central Warehouse -Kolkata,Central Warehouse -Kolkata,Dosa Coffee - Lake road 01/0015,Garbage Bag Small (20 X 24),Pkt,53.62,-,0,0,IN-1311,2,107.25
01-10-2026,Central Warehouse -Kolkata,Central Warehouse -Kolkata,Dosa Coffee - Lake road 01/0015,Fried Chana Daal,Kg,97.59,-,0,0,IN-1311,6,585.55
01-10-2026,Central Warehouse -Kolkata,Central Warehouse -Kolkata,Dosa Coffee - Lake road 01/0015,Ecolab-Multi Purpose SINK Detergent (1can = 1ltr),Can,403.18,-,0,0,IN-1311,1,403.18
01-10-2026,Central Warehouse -Kolkata,Central Warehouse -Kolkata,Dosa Coffee - Lake road 01/0015,Idli Daal (Rajkot),Kg,156.17,-,0,0,IN-1311,1,156.17
01-10-2026,Central Warehouse -Kolkata,Central Warehouse -Kolkata,Dosa Coffee - Lake road 01/0015,Curry Leaves,Kg,71.14,-,0,0,IN-1311,0.1,7.11
01-10-2026,Central Warehouse -Kolkata,Central Warehouse -Kolkata,Dosa Coffee - Lake road 01/0015,Cottons Lemonade,Pc,17.44,-,0,0,IN-1311,24,418.62
01-10-2026,Central Warehouse -Kolkata,Central Warehouse -Kolkata,Dosa Coffee - Lake road 01/0015,Coriander Leaves,Kg,99.99,-,0,0,IN-1311,0.5,50
01-10-2026,Central Warehouse -Kolkata,Central Warehouse -Kolkata,Dosa Coffee - Lake road 01/0015,Cothas Coffee Powder,Kg,859.17,-,0,0,IN-1311,1,859.17
01-10-2026,Central Warehouse -Kolkata,Central Warehouse -Kolkata,Dosa Coffee - Lake road 01/0015,Compartment Tray With Lid - 2CP (1pkt = 25pc),Pc,7.63,-,0,0,IN-1311,25,190.77
01-10-2026,Central Warehouse -Kolkata,Central Warehouse -Kolkata,Dosa Coffee - Lake road 01/0015,Cling Wrap,Pc,537.42,-,0,0,IN-1311,1,537.42
01-10-2026,Central Warehouse -Kolkata,Central Warehouse -Kolkata,Dosa Coffee - Lake road 01/0015,Carry Bag - Small (1pkt = 100pc),Pc,7.08,-,0,0,IN-1311,100,707.85
01-10-2026,Central Warehouse -Kolkata,Central Warehouse -Kolkata,Dosa Coffee - Lake road 01/0015,Carry Bag - Large(1pkt = 100pc),Pc,10.52,-,0,0,IN-1311,25,263.05
01-10-2026,Central Warehouse -Kolkata,Central Warehouse -Kolkata,Dosa Coffee - Lake road 01/0015,Carrot,Kg,40.99,-,0,0,IN-1311,0.55,22.55
01-10-2026,Central Warehouse -Kolkata,Central Warehouse -Kolkata,Dosa Coffee - Lake road 01/0015,C Fold Tissue (Toilet Tissue),Pkt,49.48,-,0,0,IN-1311,2,98.96
01-10-2026,Central Warehouse -Kolkata,Central Warehouse -Kolkata,Dosa Coffee - Lake road 01/0015,Butane Gas Cartridge 235GM (1box=28pc),Pc,117.17,-,0,0,IN-1311,4,468.67
01-10-2026,Central Warehouse -Kolkata,Central Warehouse -Kolkata,Dosa Coffee - Lake road 01/0015,Brown Sugar Sachet  (1pkt = 200pc),Pc,0.49,-,0,0,IN-1311,200,97.85
01-10-2026,Central Warehouse -Kolkata,Central Warehouse -Kolkata,Dosa Coffee - Lake road 01/0015,Raw Potato,Kg,18.8,-,0,0,IN-1311,15.7,295.13
01-10-2026,Central Warehouse -Kolkata,Central Warehouse -Kolkata,Dosa Coffee - Lake road 01/0015,Bio-Degradable Spoon (1pkt = 50pc),Pc,1.25,-,0,0,IN-1311,300,374.41
01-10-2026,Central Warehouse -Kolkata,Central Warehouse -Kolkata,Dosa Coffee - Lake road 01/0015,Beans,Kg,76.23,-,0,0,IN-1311,0.1,7.62
01-10-2026,Central Warehouse -Kolkata,Central Warehouse -Kolkata,Dosa Coffee - Lake road 01/0015,Banana Leaf Small (1bundle = 50pc),Pc,1.25,-,0,0,IN-1311,150,187.48
01-10-2026,Central Warehouse -Kolkata,Central Warehouse -Kolkata,Dosa Coffee - Lake road 01/0015,Banana Leaf Big (1bundle = 50pc),Pc,1.79,-,0,0,IN-1311,150,269.05
01-10-2026,Central Warehouse -Kolkata,Central Warehouse -Kolkata,Dosa Coffee - Lake road 01/0015,Appalam Papad (1pkt = 47pc),Pc,3.78,-,0,0,IN-1311,47,177.71
01-10-2026,Central Warehouse -Kolkata,Central Warehouse -Kolkata,Dosa Coffee - Lake road 01/0015,Amul IC BP Vanilla (5L) CF,Ltr,97.65,-,0,0,IN-1311,5,488.25
01-10-2026,Central Warehouse -Kolkata,Central Warehouse -Kolkata,Dosa Coffee - Lake road 01/0015,Amul Cheese,Kg,509.05,-,0,0,IN-1311,0.5,254.53
01-10-2026,Central Warehouse -Kolkata,Central Warehouse -Kolkata,Dosa Coffee - Lake road 01/0015,Amul Butter,Kg,557.94,-,0,0,IN-1311,0.5,278.97
01-10-2026,Central Warehouse -Kolkata,Central Warehouse -Kolkata,Dosa Coffee - Ideal Plaza (01/0001),C Fold Tissue (Toilet Tissue),Pkt,49.48,-,0,0,IN-3215,4,197.92
01-10-2026,Central Warehouse -Kolkata,Central Warehouse -Kolkata,Dosa Coffee - Ideal Plaza (01/0001),Room Freshner,Pc,77.62,-,0,0,IN-3215,2,155.23
01-10-2026,Central Warehouse -Kolkata,Central Warehouse -Kolkata,Dosa Coffee - Ideal Plaza (01/0001),Wooden Stirrer (1pkt = 100pc),Pc,0.13,-,0,0,IN-3215,500,65.84
01-10-2026,Central Warehouse -Kolkata,Central Warehouse -Kolkata,Dosa Coffee - Ideal Plaza (01/0001),Cothas Coffee Powder,Kg,859.17,-,0,0,IN-3215,0.5,429.58
01-10-2026,Central Warehouse -Kolkata,Central Warehouse -Kolkata,Dosa Coffee - Ideal Plaza (01/0001),Milk - Tetra 1Ltr,Ltr,77.06,-,0,0,IN-3215,24,1849.46
01-10-2026,Central Warehouse -Kolkata,Central Warehouse -Kolkata,Dosa Coffee - Ideal Plaza (01/0001),Oreo Buiscuits,Pkt,9.71,-,0,0,IN-3215,4,38.84
01-10-2026,Central Warehouse -Kolkata,Central Warehouse -Kolkata,Dosa Coffee - Ideal Plaza (01/0001),Schweppes Water - 500ml,Pc,25.28,-,0,0,IN-3215,12,303.4
01-10-2026,Central Warehouse -Kolkata,Central Warehouse -Kolkata,Dosa Coffee - Ideal Plaza (01/0001),Paper Napkin (1pkt = 100pc),Pc,0.23,-,0,0,IN-3215,2000,469.84
01-10-2026,Central Warehouse -Kolkata,Central Warehouse -Kolkata,Dosa Coffee - Ideal Plaza (01/0001),Cottons Lemonade,Pc,17.44,-,0,0,IN-3215,24,418.62
01-10-2026,Central Warehouse -Kolkata,Central Warehouse -Kolkata,Dosa Coffee - Ideal Plaza (01/0001),Kinley Soda 750ml Pet,Pc,15.88,-,0,0,IN-3215,6,95.27
01-10-2026,Central Warehouse -Kolkata,Central Warehouse -Kolkata,Dosa Coffee - Ideal Plaza (01/0001),Amul IC BP Vanilla (5L) CF,Ltr,97.65,-,0,0,IN-3215,5,488.25
01-10-2026,Central Warehouse -Kolkata,Central Warehouse -Kolkata,Dosa Coffee - Ideal Plaza (01/0001),Brown Sugar Sachet  (1pkt = 200pc),Pc,0.49,-,0,0,IN-3215,200,97.85
01-10-2026,Central Warehouse -Kolkata,Central Warehouse -Kolkata,Dosa Coffee - Ideal Plaza (01/0001),Sunflower Refined Oil  ( 1pkt = 868 Ml ),Ltr,167.48,-,0,0,IN-3215,13.888,2325.96
01-10-2026,Central Warehouse -Kolkata,Central Warehouse -Kolkata,Dosa Coffee - Ideal Plaza (01/0001),Banana Leaf Small (1bundle = 50pc),Pc,1.25,-,0,0,IN-3215,150,187.48
01-10-2026,Central Warehouse -Kolkata,Central Warehouse -Kolkata,Dosa Coffee - Ideal Plaza (01/0001),Banana Leaf Big (1bundle = 50pc),Pc,1.79,-,0,0,IN-3215,200,358.74
01-10-2026,Central Warehouse -Kolkata,Central Warehouse -Kolkata,Dosa Coffee - Ideal Plaza (01/0001),Lime,Pc,3.5,-,0,0,IN-3215,50,175.01
01-10-2026,Central Warehouse -Kolkata,Central Warehouse -Kolkata,Dosa Coffee - Ideal Plaza (01/0001),Watermelon,Kg,34.89,-,0,0,IN-3215,6.6,230.28
01-10-2026,Central Warehouse -Kolkata,Central Warehouse -Kolkata,Dosa Coffee - Ideal Plaza (01/0001),Raw Coconut,Pc,38.98,-,0,0,IN-3215,100,3897.85
01-10-2026,Central Warehouse -Kolkata,Central Warehouse -Kolkata,Dosa Coffee - Ideal Plaza (01/0001),Fried Chana Daal,Kg,97.59,-,0,0,IN-3215,10,975.91
01-10-2026,Central Warehouse -Kolkata,Central Warehouse -Kolkata,Dosa Coffee - Ideal Plaza (01/0001),Sugar,Kg,51.88,-,0,0,IN-3215,1,51.88
01-10-2026,Central Warehouse -Kolkata,Central Warehouse -Kolkata,Dosa Coffee - Ideal Plaza (01/0001),Salt,Kg,27.05,-,0,0,IN-3215,1,27.05
01-10-2026,Central Warehouse -Kolkata,Central Warehouse -Kolkata,Dosa Coffee - Ideal Plaza (01/0001),Raisin,Kg,457.74,-,0,0,IN-3215,0.1,45.77
01-10-2026,Central Warehouse -Kolkata,Central Warehouse -Kolkata,Dosa Coffee - Ideal Plaza (01/0001),Cashew,Kg,837.61,-,0,0,IN-3215,0.1,83.76
01-10-2026,Central Warehouse -Kolkata,Central Warehouse -Kolkata,Dosa Coffee - Ideal Plaza (01/0001),1000ml Round Bucket (DIY),Piece,14.28,-,0,0,IN-3215,25,357.11
01-10-2026,Central Warehouse -Kolkata,Central Warehouse -Kolkata,Dosa Coffee - Ideal Plaza (01/0001),Compartment Tray With Lid - 2CP (1pkt = 25pc),Pc,7.63,-,0,0,IN-3215,25,190.77
01-10-2026,Central Warehouse -Kolkata,Central Warehouse -Kolkata,Dosa Coffee - Ideal Plaza (01/0001),Pet Paggi Can 350ml (1Box =256 Pcs),Pc,11.1,-,0,0,IN-3215,10,110.98
01-10-2026,Central Warehouse -Kolkata,Central Warehouse -Kolkata,Dosa Coffee - Ideal Plaza (01/0001),Silver Foil,Pc,348.93,-,0,0,IN-3215,2,697.87
01-10-2026,Central Warehouse -Kolkata,Central Warehouse -Kolkata,Dosa Coffee - Ideal Plaza (01/0001),Take Away Packing Box - Small (1bundle = 50pc),Pc,4.31,-,0,0,IN-3215,100,430.65
01-10-2026,Central Warehouse -Kolkata,Central Warehouse -Kolkata,Dosa Coffee - Ideal Plaza (01/0001),Bio-Degradable Spoon (1pkt = 50pc),Pc,1.25,-,0,0,IN-3215,200,249.61
01-10-2026,Central Warehouse -Kolkata,Central Warehouse -Kolkata,Dosa Coffee - Ideal Plaza (01/0001),Carry Bag - Large(1pkt = 100pc),Pc,10.52,-,0,0,IN-3215,200,2104.44
01-10-2026,Central Warehouse -Kolkata,Central Warehouse -Kolkata,Dosa Coffee - Ideal Plaza (01/0001),Carry Bag - Small (1pkt = 100pc),Pc,7.08,-,0,0,IN-3215,300,2123.56
01-10-2026,Central Warehouse -Kolkata,Central Warehouse -Kolkata,Dosa Coffee - Ideal Plaza (01/0001),Glen Container With Lid - 500ml (1pkt = 50pc),Pc,4.29,-,0,0,IN-3215,500,2142.88
01-10-2026,Central Warehouse -Kolkata,Central Warehouse -Kolkata,Dosa Coffee - Ideal Plaza (01/0001),Glen Container With Lid - 250ml (1pkt = 50pc),Pc,3.86,-,0,0,IN-3215,500,1929.57
01-10-2026,Central Warehouse -Kolkata,Central Warehouse -Kolkata,Dosa Coffee - Ideal Plaza (01/0001),Glen Container With Lid - 100ml (1pkt = 50pc),Pc,1.76,-,0,0,IN-3215,100,175.52
01-10-2026,Central Warehouse -Kolkata,Central Warehouse -Kolkata,Dosa Coffee - Ideal Plaza (01/0001),Idli Daal (Rajkot),Kg,156.17,-,0,0,IN-3215,2,312.33
01-10-2026,Central Warehouse -Kolkata,Central Warehouse -Kolkata,Dosa Coffee - Ideal Plaza (01/0001),Ghee,Kg,750.15,-,0,0,IN-3215,3.62,2715.54
01-10-2026,Central Warehouse -Kolkata,Central Warehouse -Kolkata,Dosa Coffee - Ideal Plaza (01/0001),Raw Potato,Kg,18.8,-,0,0,IN-3215,29.6,556.43
01-10-2026,Central Warehouse -Kolkata,Central Warehouse -Kolkata,Dosa Coffee - Ideal Plaza (01/0001),Ginger,Kg,131.09,-,0,0,IN-3215,2,262.19
01-10-2026,Central Warehouse -Kolkata,Central Warehouse -Kolkata,Dosa Coffee - Ideal Plaza (01/0001),Onion,Kg,36.26,-,0,0,IN-3215,10,362.57
01-10-2026,Central Warehouse -Kolkata,Central Warehouse -Kolkata,Dosa Coffee - Ideal Plaza (01/0001),Hairnet (Comfort Cap 1pkt=100 pc),Pc,0.78,-,0,0,IN-3215,100,78.23
01-10-2026,Central Warehouse -Kolkata,Central Warehouse -Kolkata,Dosa Coffee - Ideal Plaza (01/0001),Malkapodi Powder Sticker (DIY),Pc,1.8,-,0,0,IN-3215,54,97.2
01-10-2026,Central Warehouse -Kolkata,Central Warehouse -Kolkata,Dosa Coffee - Ideal Plaza (01/0001),Rubber Hand Gloves (1pkt=100pc),Pc,2.72,-,0,0,IN-3215,100,271.79
01-10-2026,Central Warehouse -Kolkata,Central Warehouse -Kolkata,Dosa Coffee - Ideal Plaza (01/0001),Paper Sleeve (1pkt = 50pc),Pc,3,-,0,0,IN-3215,50,150.06
01-10-2026,Central Warehouse -Kolkata,Central Warehouse -Kolkata,Dosa Coffee - Ideal Plaza (01/0001),White Butter,Kg,576.7,-,0,0,IN-3215,2,1153.41
01-10-2026,Central Warehouse -Kolkata,Central Warehouse -Kolkata,Dosa Coffee - Ideal Plaza (01/0001),Amul Butter,Kg,557.94,-,0,0,IN-3215,1,557.94
01-10-2026,Central Warehouse -Kolkata,Central Warehouse -Kolkata,Dosa Coffee - Ideal Plaza (01/0001),Amul Cheese,Kg,509.05,-,0,0,IN-3215,2,1018.11
01-10-2026,Central Warehouse -Kolkata,Central Warehouse -Kolkata,Dosa Coffee - Ideal Plaza (01/0001),Jaggery,Kg,61.29,-,0,0,IN-3215,0.5,30.64
01-10-2026,Central Warehouse -Kolkata,Central Warehouse -Kolkata,Dosa Coffee - Ideal Plaza (01/0001),Raw Mango,Kg,85.09,-,0,0,IN-3215,1.135,96.57
01-10-2026,Central Warehouse -Kolkata,Central Warehouse -Kolkata,Dosa Coffee - Ideal Plaza (01/0001),Amada,Kg,70.24,-,0,0,IN-3215,0.1,7.02
01-10-2026,Central Warehouse -Kolkata,Central Warehouse -Kolkata,Dosa Coffee - Ideal Plaza (01/0001),Beans,Kg,76.23,-,0,0,IN-3215,0.5,38.12
01-10-2026,Central Warehouse -Kolkata,Central Warehouse -Kolkata,Dosa Coffee - Ideal Plaza (01/0001),Mint leaf,Kg,189.7,-,0,0,IN-3215,0.1,18.97
01-10-2026,Central Warehouse -Kolkata,Central Warehouse -Kolkata,Dosa Coffee - Ideal Plaza (01/0001),Coriander Leaves,Kg,99.99,-,0,0,IN-3215,1,99.99
01-10-2026,Central Warehouse -Kolkata,Central Warehouse -Kolkata,Dosa Coffee - Ideal Plaza (01/0001),Carrot,Kg,40.99,-,0,0,IN-3215,2.13,87.32
01-10-2026,Central Warehouse -Kolkata,Central Warehouse -Kolkata,Dosa Coffee - Ideal Plaza (01/0001),Raw Green Chili,Kg,74.93,-,0,0,IN-3215,1,74.93
01-10-2026,Central Warehouse -Kolkata,Central Warehouse -Kolkata,Dosa Coffee - Ideal Plaza (01/0001),Tomato,Kg,40,-,0,0,IN-3215,2.017,80.67
01-10-2026,Central Warehouse -Kolkata,Central Warehouse -Kolkata,Dosa Coffee - Ideal Plaza (01/0001),Raw Curd,Kg,71.4,-,0,0,IN-3215,3,214.2
01-10-2026,Central Warehouse -Kolkata,Central Warehouse -Kolkata,Dosa Coffee - Ideal Plaza (01/0001),Paneer,Kg,299,-,0,0,IN-3215,1,299
01-10-2026,Central Warehouse -Kolkata,Central Warehouse -Kolkata,Dosa Coffee - Ideal Plaza (01/0001),Milk (Adya Dairy),Ltr,61.85,-,0,0,IN-3215,3,185.56
01-10-2026,Central Warehouse -Kolkata,Central Warehouse -Kolkata,Dosa Coffee - James long Sarani (01/0011),Glen Container With Lid - 250ml (1pkt = 50pc),Pc,3.86,-,0,0,IN-1501,500,1929.57
01-10-2026,Central Warehouse -Kolkata,Central Warehouse -Kolkata,Dosa Coffee - James long Sarani (01/0011),Cothas Coffee Powder,Kg,859.17,-,0,0,IN-1501,1,859.17
01-10-2026,Central Warehouse -Kolkata,Central Warehouse -Kolkata,Dosa Coffee - James long Sarani (01/0011),Onion,Kg,36.26,-,0,0,IN-1501,4.02,145.75
01-10-2026,Central Warehouse -Kolkata,Central Warehouse -Kolkata,Dosa Coffee - James long Sarani (01/0011),Ginger,Kg,131.09,-,0,0,IN-1501,1,131.09
01-10-2026,Central Warehouse -Kolkata,Central Warehouse -Kolkata,Dosa Coffee - James long Sarani (01/0011),Ghee,Kg,750.15,-,0,0,IN-1501,1.81,1357.77
01-10-2026,Central Warehouse -Kolkata,Central Warehouse -Kolkata,Dosa Coffee - James long Sarani (01/0011),Green Capsicum,Kg,66.06,-,0,0,IN-1501,0.175,11.56
01-10-2026,Central Warehouse -Kolkata,Central Warehouse -Kolkata,Dosa Coffee - James long Sarani (01/0011),Coriander Leaves,Kg,99.99,-,0,0,IN-1501,0.3,30
01-10-2026,Central Warehouse -Kolkata,Central Warehouse -Kolkata,Dosa Coffee - James long Sarani (01/0011),Beans,Kg,76.23,-,0,0,IN-1501,0.3,22.87
01-10-2026,Central Warehouse -Kolkata,Central Warehouse -Kolkata,Dosa Coffee - James long Sarani (01/0011),Mint leaf,Kg,189.7,-,0,0,IN-1501,0.1,18.97
01-10-2026,Central Warehouse -Kolkata,Central Warehouse -Kolkata,Dosa Coffee - James long Sarani (01/0011),Carrot,Kg,40.99,-,0,0,IN-1501,0.57,23.37
01-10-2026,Central Warehouse -Kolkata,Central Warehouse -Kolkata,Dosa Coffee - James long Sarani (01/0011),Tomato,Kg,40,-,0,0,IN-1501,0.54,21.6
01-10-2026,Central Warehouse -Kolkata,Central Warehouse -Kolkata,Dosa Coffee - James long Sarani (01/0011),Raw Green Chili,Kg,74.93,-,0,0,IN-1501,1,74.93
01-10-2026,Central Warehouse -Kolkata,Central Warehouse -Kolkata,Dosa Coffee - James long Sarani (01/0011),Garlic,Kg,139.99,-,0,0,IN-1501,0.15,21
01-10-2026,Central Warehouse -Kolkata,Central Warehouse -Kolkata,Dosa Coffee - James long Sarani (01/0011),Raw Curd,Kg,71.4,-,0,0,IN-1501,5,357
01-10-2026,Central Warehouse -Kolkata,Central Warehouse -Kolkata,Dosa Coffee - James long Sarani (01/0011),Paper Straw (1pkt = 100pc),Pc,0.39,-,0,0,IN-1501,100,38.67
01-10-2026,Central Warehouse -Kolkata,Central Warehouse -Kolkata,Dosa Coffee - James long Sarani (01/0011),Amul Cheese,Kg,509.05,-,0,0,IN-1501,1,509.05
01-10-2026,Central Warehouse -Kolkata,Central Warehouse -Kolkata,Dosa Coffee - James long Sarani (01/0011),Watermelon,Kg,34.89,-,0,0,IN-1501,4.63,161.54
01-10-2026,Central Warehouse -Kolkata,Central Warehouse -Kolkata,Dosa Coffee - James long Sarani (01/0011),Banana Leaf Small (1bundle = 50pc),Pc,1.25,-,0,0,IN-1501,50,62.49
01-10-2026,Central Warehouse -Kolkata,Central Warehouse -Kolkata,Dosa Coffee - James long Sarani (01/0011),Banana Leaf Big (1bundle = 50pc),Pc,1.79,-,0,0,IN-1501,100,179.37
01-10-2026,Central Warehouse -Kolkata,Central Warehouse -Kolkata,Dosa Coffee - James long Sarani (01/0011),Lime,Pc,3.5,-,0,0,IN-1501,20,70
01-10-2026,Central Warehouse -Kolkata,Central Warehouse -Kolkata,Dosa Coffee - James long Sarani (01/0011),Milk (Adya Dairy),Ltr,61.85,-,0,0,IN-1501,0.5,30.93
01-10-2026,Central Warehouse -Kolkata,Central Warehouse -Kolkata,Dosa Coffee - James long Sarani (01/0011),Paper Napkin (1pkt = 100pc),Pc,0.23,-,0,0,IN-1501,500,117.46
01-10-2026,Central Warehouse -Kolkata,Central Warehouse -Kolkata,Dosa Coffee - James long Sarani (01/0011),Raw Potato,Kg,18.8,-,0,0,IN-1501,18,338.37
01-10-2026,Central Warehouse -Kolkata,Central Warehouse -Kolkata,Dosa Coffee - James long Sarani (01/0011),Sticker - MRD (1sheet=108pc),Pc,0.13,-,0,0,IN-1501,1080,140.03
01-10-2026,Central Warehouse -Kolkata,Central Warehouse -Kolkata,Dosa Coffee - James long Sarani (01/0011),Milk - Tetra 1Ltr,Ltr,77.06,-,0,0,IN-1501,5,385.3
01-10-2026,Central Warehouse -Kolkata,Central Warehouse -Kolkata,Dosa Coffee - James long Sarani (01/0011),Carry Bag - Small (1pkt = 100pc),Pc,7.08,-,0,0,IN-1501,100,707.85
01-10-2026,Central Warehouse -Kolkata,Central Warehouse -Kolkata,Dosa Coffee - James long Sarani (01/0011),Carry Bag - Large(1pkt = 100pc),Pc,10.52,-,0,0,IN-1501,50,526.11
01-10-2026,Central Warehouse -Kolkata,Central Warehouse -Kolkata,Dosa Coffee - James long Sarani (01/0011),Silver Foil,Pc,348.93,-,0,0,IN-1501,2,697.87
01-10-2026,Central Warehouse -Kolkata,Central Warehouse -Kolkata,Dosa Coffee - James long Sarani (01/0011),C Fold Tissue (Toilet Tissue),Pkt,49.48,-,0,0,IN-1501,3,148.44
01-10-2026,Central Warehouse -Kolkata,Central Warehouse -Kolkata,Dosa Coffee - James long Sarani (01/0011),Garbage Bag Large (36 X 42),Pkt,69.46,-,0,0,IN-1501,2,138.93
01-10-2026,Central Warehouse -Kolkata,Central Warehouse -Kolkata,Dosa Coffee - James long Sarani (01/0011),Compartment Tray With Lid - 2CP (1pkt = 25pc),Pc,7.63,-,0,0,IN-1501,25,190.77
01-10-2026,Central Warehouse -Kolkata,Central Warehouse -Kolkata,Dosa Coffee - James long Sarani (01/0011),Take Away Packing Box - Small (1bundle = 50pc),Pc,4.31,-,0,0,IN-1501,200,861.3
01-10-2026,Central Warehouse -Kolkata,Central Warehouse -Kolkata,Dosa Coffee - James long Sarani (01/0011),Sunflower Refined Oil  ( 1pkt = 868 Ml ),Ltr,167.48,-,0,0,IN-1501,13.888,2325.96
01-10-2026,Central Warehouse -Kolkata,Central Warehouse -Kolkata,Dosa Coffee - James long Sarani (01/0011),Bio-Degradable Spoon (1pkt = 50pc),Pc,1.25,-,0,0,IN-1501,200,249.61
01-10-2026,Central Warehouse -Kolkata,Central Warehouse -Kolkata,Dosa Coffee - James long Sarani (01/0011),Idli Daal (Rajkot),Kg,156.17,-,0,0,IN-1501,2,312.33
01-10-2026,Central Warehouse -Kolkata,Central Warehouse -Kolkata,Dosa Coffee - James long Sarani (01/0011),Dosa Coffee Taps,Pc,142.15,-,0,0,IN-1501,4,568.58
01-10-2026,Central Warehouse -Kolkata,Central Warehouse -Kolkata,Dosa Coffee - James long Sarani (01/0011),Butane Gas Cartridge 235GM (1box=28pc),Pc,117.17,-,0,0,IN-1501,4,468.67
01-10-2026,Central Warehouse -Kolkata,Central Warehouse -Kolkata,Dosa Coffee - James long Sarani (01/0011),White Sugar Sachet (1pkt = 200pc),Pc,0.42,-,0,0,IN-1501,200,84.64
01-10-2026,Central Warehouse -Kolkata,Central Warehouse -Kolkata,Dosa Coffee - James long Sarani (01/0011),Sugar,Kg,51.88,-,0,0,IN-1501,1,51.88
01-10-2026,Central Warehouse -Kolkata,Central Warehouse -Kolkata,Dosa Coffee - James long Sarani (01/0011),Fried Chana Daal,Kg,97.59,-,0,0,IN-1501,8,780.73
01-10-2026,Central Warehouse -Kolkata,Central Warehouse -Kolkata,Dosa Coffee - Food Truck - 1 (0008),Thermal Printer Roll 50ml - ATPOS,Pc,14.16,-,0,0,IN-986,5,70.8
01-10-2026,Central Warehouse -Kolkata,Central Warehouse -Kolkata,Dosa Coffee - Food Truck - 1 (0008),Bio-Degradable Spoon (1pkt = 50pc),Pc,1.25,-,0,0,IN-986,50,62.4
01-10-2026,Central Warehouse -Kolkata,Central Warehouse -Kolkata,Dosa Coffee - Food Truck - 1 (0008),Hot Coffee Cup 150ml (1pkt=25pc),Pc,1.23,-,0,0,IN-986,50,61.37
01-10-2026,Central Warehouse -Kolkata,Central Warehouse -Kolkata,Dosa Coffee - Food Truck - 1 (0008),Cothas Coffee Powder,Kg,859.17,-,0,0,IN-986,0.5,429.58
01-10-2026,Central Warehouse -Kolkata,Central Warehouse -Kolkata,Dosa Coffee - Food Truck - 1 (0008),Milk - Tetra 1Ltr,Ltr,77.06,-,0,0,IN-986,3,231.18
01-10-2026,Central Warehouse -Kolkata,Central Warehouse -Kolkata,Dosa Coffee - Rosedale Plaza(0006),Carrot,Kg,40.99,-,0,0,IN-2055,1.5,61.49
01-10-2026,Central Warehouse -Kolkata,Central Warehouse -Kolkata,Dosa Coffee - Rosedale Plaza(0006),Schweppes Water - 500ml,Pc,25.28,-,0,0,IN-2055,12,303.4
01-10-2026,Central Warehouse -Kolkata,Central Warehouse -Kolkata,Dosa Coffee - Rosedale Plaza(0006),Cottons Lemonade,Pc,17.44,-,0,0,IN-2055,24,418.62
01-10-2026,Central Warehouse -Kolkata,Central Warehouse -Kolkata,Dosa Coffee - Rosedale Plaza(0006),Cothas Coffee Powder,Kg,859.17,-,0,0,IN-2055,1,859.17
01-10-2026,Central Warehouse -Kolkata,Central Warehouse -Kolkata,Dosa Coffee - Rosedale Plaza(0006),White Sugar Sachet (1pkt = 200pc),Pc,0.42,-,0,0,IN-2055,200,84.64
01-10-2026,Central Warehouse -Kolkata,Central Warehouse -Kolkata,Dosa Coffee - Rosedale Plaza(0006),Garbage Bag Large (36 X 42),Pkt,69.46,-,0,0,IN-2055,2,138.93
01-10-2026,Central Warehouse -Kolkata,Central Warehouse -Kolkata,Dosa Coffee - Rosedale Plaza(0006),Garbage Bag Small (20 X 24),Pkt,53.62,-,0,0,IN-2055,2,107.25
01-10-2026,Central Warehouse -Kolkata,Central Warehouse -Kolkata,Dosa Coffee - Rosedale Plaza(0006),Bio-Degradable Spoon (1pkt = 50pc),Pc,1.25,-,0,0,IN-2055,300,374.41
01-10-2026,Central Warehouse -Kolkata,Central Warehouse -Kolkata,Dosa Coffee - Rosedale Plaza(0006),Paper Straw (1pkt = 100pc),Pc,0.39,-,0,0,IN-2055,100,38.67
01-10-2026,Central Warehouse -Kolkata,Central Warehouse -Kolkata,Dosa Coffee - Rosedale Plaza(0006),Paper Napkin (1pkt = 100pc),Pc,0.23,-,0,0,IN-2055,500,117.46
01-10-2026,Central Warehouse -Kolkata,Central Warehouse -Kolkata,Dosa Coffee - Rosedale Plaza(0006),Compartment Tray With Lid - 2CP (1pkt = 25pc),Pc,7.63,-,0,0,IN-2055,25,190.77
01-10-2026,Central Warehouse -Kolkata,Central Warehouse -Kolkata,Dosa Coffee - Rosedale Plaza(0006),Glen Container With Lid - 500ml (1pkt = 50pc),Pc,4.29,-,0,0,IN-2055,100,428.58
01-10-2026,Central Warehouse -Kolkata,Central Warehouse -Kolkata,Dosa Coffee - Rosedale Plaza(0006),Glen Container With Lid - 250ml (1pkt = 50pc),Pc,3.86,-,0,0,IN-2055,200,771.83
01-10-2026,Central Warehouse -Kolkata,Central Warehouse -Kolkata,Dosa Coffee - Rosedale Plaza(0006),Carry Bag - Large(1pkt = 100pc),Pc,10.52,-,0,0,IN-2055,50,526.11
01-10-2026,Central Warehouse -Kolkata,Central Warehouse -Kolkata,Dosa Coffee - Rosedale Plaza(0006),Carry Bag - Small (1pkt = 100pc),Pc,7.08,-,0,0,IN-2055,150,1061.78
01-10-2026,Central Warehouse -Kolkata,Central Warehouse -Kolkata,Dosa Coffee - Rosedale Plaza(0006),Take Away Packing Box - Big (1bundle = 50pc),Pc,6.9,-,0,0,IN-2055,100,690.29
01-10-2026,Central Warehouse -Kolkata,Central Warehouse -Kolkata,Dosa Coffee - Rosedale Plaza(0006),Take Away Packing Box - Small (1bundle = 50pc),Pc,4.31,-,0,0,IN-2055,100,430.65
01-10-2026,Central Warehouse -Kolkata,Central Warehouse -Kolkata,Dosa Coffee - Rosedale Plaza(0006),Salt,Kg,27.05,-,0,0,IN-2055,1,27.05
01-10-2026,Central Warehouse -Kolkata,Central Warehouse -Kolkata,Dosa Coffee - Rosedale Plaza(0006),Fried Chana Daal,Kg,97.59,-,0,0,IN-2055,5,487.96
01-10-2026,Central Warehouse -Kolkata,Central Warehouse -Kolkata,Dosa Coffee - Rosedale Plaza(0006),Curry Leaves,Kg,71.14,-,0,0,IN-2055,0.1,7.11
01-10-2026,Central Warehouse -Kolkata,Central Warehouse -Kolkata,Dosa Coffee - Rosedale Plaza(0006),Banana Leaf Small (1bundle = 50pc),Pc,1.25,-,0,0,IN-2055,100,124.98
01-10-2026,Central Warehouse -Kolkata,Central Warehouse -Kolkata,Dosa Coffee - Rosedale Plaza(0006),Amada,Kg,70.24,-,0,0,IN-2055,0.05,3.51
01-10-2026,Central Warehouse -Kolkata,Central Warehouse -Kolkata,Dosa Coffee - Rosedale Plaza(0006),Beans,Kg,76.23,-,0,0,IN-2055,0.3,22.87
01-10-2026,Central Warehouse -Kolkata,Central Warehouse -Kolkata,Dosa Coffee - Rosedale Plaza(0006),Coriander Leaves,Kg,99.99,-,0,0,IN-2055,0.5,50
01-10-2026,Central Warehouse -Kolkata,Central Warehouse -Kolkata,Dosa Coffee - Rosedale Plaza(0006),Onion,Kg,36.26,-,0,0,IN-2055,5.042,182.81
01-10-2026,Central Warehouse -Kolkata,Central Warehouse -Kolkata,Dosa Coffee - Rosedale Plaza(0006),Tomato,Kg,40,-,0,0,IN-2055,0.515,20.6
01-10-2026,Central Warehouse -Kolkata,Central Warehouse -Kolkata,Dosa Coffee - Rosedale Plaza(0006),Ginger,Kg,131.09,-,0,0,IN-2055,1.5,196.64
01-10-2026,Central Warehouse -Kolkata,Central Warehouse -Kolkata,Dosa Coffee - Rosedale Plaza(0006),Raw Green Chili,Kg,74.93,-,0,0,IN-2055,1,74.93
01-10-2026,Central Warehouse -Kolkata,Central Warehouse -Kolkata,Dosa Coffee - Rosedale Plaza(0006),Milk - Tetra 1Ltr,Ltr,77.06,-,0,0,IN-2055,6,462.37
01-10-2026,Central Warehouse -Kolkata,Central Warehouse -Kolkata,Dosa Coffee - Rosedale Plaza(0006),Milk (Adya Dairy),Ltr,61.85,-,0,0,IN-2055,0.5,30.93
01-10-2026,Central Warehouse -Kolkata,Central Warehouse -Kolkata,Dosa Coffee - Rosedale Plaza(0006),Ghee,Kg,750.15,-,0,0,IN-2055,0.905,678.88
01-10-2026,Central Warehouse -Kolkata,Central Warehouse -Kolkata,Dosa Coffee - Rosedale Plaza(0006),Amul Cheese,Kg,509.05,-,0,0,IN-2055,1,509.05
01-10-2026,Central Warehouse -Kolkata,Central Warehouse -Kolkata,Dosa Coffee - Rosedale Plaza(0006),White Butter,Kg,576.7,-,0,0,IN-2055,1,576.7
01-10-2026,Central Warehouse -Kolkata,Central Warehouse -Kolkata,Dosa Coffee - Rosedale Plaza(0006),Raw Curd,Kg,71.4,-,0,0,IN-2055,2,142.8
01-10-2026,Central Warehouse -Kolkata,Central Warehouse -Kolkata,Dosa Coffee - New Town - Cloud Kitchen (01/0013),Carrot,Kg,40.99,-,0,0,IN-1334,0.55,22.55
01-10-2026,Central Warehouse -Kolkata,Central Warehouse -Kolkata,Dosa Coffee - New Town - Cloud Kitchen (01/0013),Opening / Closing Checklist,Pc,100,-,0,0,IN-1334,3,300
01-10-2026,Central Warehouse -Kolkata,Central Warehouse -Kolkata,Dosa Coffee - New Town - Cloud Kitchen (01/0013),Hairnet (Comfort Cap 1pkt=100 pc),Pc,0.78,-,0,0,IN-1334,100,78.23
01-10-2026,Central Warehouse -Kolkata,Central Warehouse -Kolkata,Dosa Coffee - New Town - Cloud Kitchen (01/0013),Bio-Degradable Spoon (1pkt = 50pc),Pc,1.25,-,0,0,IN-1334,100,124.8
01-10-2026,Central Warehouse -Kolkata,Central Warehouse -Kolkata,Dosa Coffee - New Town - Cloud Kitchen (01/0013),Paper Napkin (1pkt = 100pc),Pc,0.23,-,0,0,IN-1334,100,23.49
01-10-2026,Central Warehouse -Kolkata,Central Warehouse -Kolkata,Dosa Coffee - New Town - Cloud Kitchen (01/0013),Compartment Tray With Lid - 2CP (1pkt = 25pc),Pc,7.63,-,0,0,IN-1334,25,190.77
01-10-2026,Central Warehouse -Kolkata,Central Warehouse -Kolkata,Dosa Coffee - New Town - Cloud Kitchen (01/0013),Glen Container With Lid - 500ml (1pkt = 50pc),Pc,4.29,-,0,0,IN-1334,50,214.29
01-10-2026,Central Warehouse -Kolkata,Central Warehouse -Kolkata,Dosa Coffee - New Town - Cloud Kitchen (01/0013),Glen Container With Lid - 250ml (1pkt = 50pc),Pc,3.86,-,0,0,IN-1334,100,385.91
01-10-2026,Central Warehouse -Kolkata,Central Warehouse -Kolkata,Dosa Coffee - New Town - Cloud Kitchen (01/0013),Carry Bag - Small (1pkt = 100pc),Pc,7.08,-,0,0,IN-1334,50,353.93
01-10-2026,Central Warehouse -Kolkata,Central Warehouse -Kolkata,Dosa Coffee - New Town - Cloud Kitchen (01/0013),Take Away Packing Box - Small (1bundle = 50pc),Pc,4.31,-,0,0,IN-1334,100,430.65
01-10-2026,Central Warehouse -Kolkata,Central Warehouse -Kolkata,Dosa Coffee - New Town - Cloud Kitchen (01/0013),Thermal Printer Roll - Posiflex,Pc,46.02,-,0,0,IN-1334,2,92.04
01-10-2026,Central Warehouse -Kolkata,Central Warehouse -Kolkata,Dosa Coffee - New Town - Cloud Kitchen (01/0013),Raw Potato,Kg,18.8,-,0,0,IN-1334,10.1,189.86
01-10-2026,Central Warehouse -Kolkata,Central Warehouse -Kolkata,Dosa Coffee - New Town - Cloud Kitchen (01/0013),Beans,Kg,76.23,-,0,0,IN-1334,0.3,22.87
01-10-2026,Central Warehouse -Kolkata,Central Warehouse -Kolkata,Dosa Coffee - New Town - Cloud Kitchen (01/0013),Coriander Leaves,Kg,99.99,-,0,0,IN-1334,0.25,25
01-10-2026,Central Warehouse -Kolkata,Central Warehouse -Kolkata,Dosa Coffee - New Town - Cloud Kitchen (01/0013),Tomato,Kg,40,-,0,0,IN-1334,0.519,20.76
01-10-2026,Central Warehouse -Kolkata,Central Warehouse -Kolkata,Dosa Coffee - New Town - Cloud Kitchen (01/0013),Ginger,Kg,131.09,-,0,0,IN-1334,0.5,65.55
01-10-2026,Central Warehouse -Kolkata,Central Warehouse -Kolkata,Dosa Coffee - New Town - Cloud Kitchen (01/0013),Onion,Kg,36.26,-,0,0,IN-1334,2.017,73.13
01-10-2026,Central Warehouse -Kolkata,Central Warehouse -Kolkata,Dosa Coffee - New Town - Cloud Kitchen (01/0013),Milk (Adya Dairy),Ltr,61.85,-,0,0,IN-1334,1,61.85
01-10-2026,Central Warehouse -Kolkata,Central Warehouse -Kolkata,Dosa Coffee - New Town - Cloud Kitchen (01/0013),Sunflower Refined Oil  ( 1pkt = 868 Ml ),Ltr,167.48,-,0,0,IN-1334,3.472,581.49
01-10-2026,Central Warehouse -Kolkata,Central Warehouse -Kolkata,Dosa Coffee - Quest Mall (01/0016),Amul Cheese,Kg,509.05,-,0,0,IN-859,1,509.05
01-10-2026,Central Warehouse -Kolkata,Central Warehouse -Kolkata,Dosa Coffee - Quest Mall (01/0016),Amul Butter,Kg,557.94,-,0,0,IN-859,0.5,278.97
01-10-2026,Central Warehouse -Kolkata,Central Warehouse -Kolkata,Dosa Coffee - Quest Mall (01/0016),Beans,Kg,76.23,-,0,0,IN-859,0.2,15.25
01-10-2026,Central Warehouse -Kolkata,Central Warehouse -Kolkata,Dosa Coffee - Quest Mall (01/0016),Tomato,Kg,40,-,0,0,IN-859,0.53,21.2
01-10-2026,Central Warehouse -Kolkata,Central Warehouse -Kolkata,Dosa Coffee - Quest Mall (01/0016),Raw Mango,Kg,85.09,-,0,0,IN-859,0.538,45.78
01-10-2026,Central Warehouse -Kolkata,Central Warehouse -Kolkata,Dosa Coffee - Quest Mall (01/0016),Raw Curd,Kg,71.4,-,0,0,IN-859,2,142.8
01-10-2026,Central Warehouse -Kolkata,Central Warehouse -Kolkata,Dosa Coffee - Quest Mall (01/0016),Sunflower Refined Oil  ( 1pkt = 868 Ml ),Ltr,167.48,-,0,0,IN-859,1.736,290.74
01-10-2026,Central Warehouse -Kolkata,Central Warehouse -Kolkata,Dosa Coffee - Quest Mall (01/0016),Raw Potato,Kg,18.8,-,0,0,IN-859,12.1,227.46
01-10-2026,Central Warehouse -Kolkata,Central Warehouse -Kolkata,Dosa Coffee - Quest Mall (01/0016),Ginger,Kg,131.09,-,0,0,IN-859,0.5,65.55
01-10-2026,Central Warehouse -Kolkata,Central Warehouse -Kolkata,Dosa Coffee - Quest Mall (01/0016),Onion,Kg,36.26,-,0,0,IN-859,4.04,146.48
01-10-2026,Central Warehouse -Kolkata,Central Warehouse -Kolkata,Dosa Coffee - Quest Mall (01/0016),Coriander Leaves,Kg,99.99,-,0,0,IN-859,0.2,20
01-10-2026,Central Warehouse -Kolkata,Central Warehouse -Kolkata,Dosa Coffee - Quest Mall (01/0016),Carrot,Kg,40.99,-,0,0,IN-859,0.559,22.92
01-10-2026,Central Warehouse -Kolkata,Central Warehouse -Kolkata,Dosa Coffee - Quest Mall (01/0016),Fried Chana Daal,Kg,97.59,-,0,0,IN-859,2,195.18
01-10-2026,Central Warehouse -Kolkata,Central Warehouse -Kolkata,Dosa Coffee - Quest Mall (01/0016),White Butter,Kg,576.7,-,0,0,IN-859,1,576.7
01-10-2026,Central Warehouse -Kolkata,Central Warehouse -Kolkata,Dosa Coffee - Quest Mall (01/0016),Ecolab-Multi Purpose SINK Detergent (1can = 1ltr),Can,403.18,-,0,0,IN-859,1,403.18
01-10-2026,Central Warehouse -Kolkata,Central Warehouse -Kolkata,Dosa Coffee - Quest Mall (01/0016),Garbage Bag Large (36 X 42),Pkt,69.46,-,0,0,IN-859,5,347.32
01-10-2026,Central Warehouse -Kolkata,Central Warehouse -Kolkata,Dosa Coffee - Quest Mall (01/0016),Mango Crush -750ml,Ltr,197.67,-,0,0,IN-859,0.75,148.25
01-10-2026,Central Warehouse -Kolkata,Central Warehouse -Kolkata,Dosa Coffee - Quest Mall (01/0016),White Sugar Sachet (1pkt = 200pc),Pc,0.42,-,0,0,IN-859,200,84.64
01-10-2026,Central Warehouse -Kolkata,Central Warehouse -Kolkata,Dosa Coffee - Quest Mall (01/0016),Glass Bottle 300ml W/Cap (1box = 48pc),Pc,12.43,-,0,0,IN-859,48,596.5
01-10-2026,Central Warehouse -Kolkata,Central Warehouse -Kolkata,Dosa Coffee - Quest Mall (01/0016),Paper Napkin (1pkt = 100pc),Pc,0.23,-,0,0,IN-859,500,117.46
01-10-2026,Central Warehouse -Kolkata,Central Warehouse -Kolkata,Dosa Coffee - Quest Mall (01/0016),Paper Food Container - 100ml (1pkt = 50pc),Pc,1.79,-,0,0,IN-859,1000,1786.37
01-10-2026,Central Warehouse -Kolkata,Central Warehouse -Kolkata,Dosa Coffee - Quest Mall (01/0016),Paper Food Container - 150ml (1pkt = 50pc),Pc,2,-,0,0,IN-859,500,999.9
01-10-2026,Central Warehouse -Kolkata,Central Warehouse -Kolkata,Dosa Coffee - Quest Mall (01/0016),Cothas Coffee Powder,Kg,859.17,-,0,0,IN-859,0.5,429.58
01-10-2026,Central Warehouse -Kolkata,Central Warehouse -Kolkata,Dosa Coffee - Quest Mall (01/0016),Banana Leaf Small (1bundle = 50pc),Pc,1.25,-,0,0,IN-859,100,124.98
01-10-2026,Central Warehouse -Kolkata,Central Warehouse -Kolkata,Dosa Coffee - Quest Mall (01/0016),Milk (Adya Dairy),Ltr,61.85,-,0,0,IN-859,0.5,30.93
01-10-2026,Central Warehouse -Kolkata,Central Warehouse -Kolkata,Dosa Coffee - Quest Mall (01/0016),Amada,Kg,70.24,-,0,0,IN-859,0.1,7.02
01-10-2026,Central Warehouse -Kolkata,Central Warehouse -Kolkata,Dosa Coffee - Lake Town (0005),Take Away Packing Box - Small (1bundle = 50pc),Pc,4.31,-,0,0,IN-2145,100,430.65
01-10-2026,Central Warehouse -Kolkata,Central Warehouse -Kolkata,Dosa Coffee - Lake Town (0005),Salt,Kg,27.05,-,0,0,IN-2145,1,27.05
01-10-2026,Central Warehouse -Kolkata,Central Warehouse -Kolkata,Dosa Coffee - Lake Town (0005),Raw Curd,Kg,71.4,-,0,0,IN-2145,2,142.8
01-10-2026,Central Warehouse -Kolkata,Central Warehouse -Kolkata,Dosa Coffee - Lake Town (0005),Paper Napkin (1pkt = 100pc),Pc,0.23,-,0,0,IN-2145,300,70.48
01-10-2026,Central Warehouse -Kolkata,Central Warehouse -Kolkata,Dosa Coffee - Lake Town (0005),Onion,Kg,36.26,-,0,0,IN-2145,3.038,110.15
01-10-2026,Central Warehouse -Kolkata,Central Warehouse -Kolkata,Dosa Coffee - Lake Town (0005),Mint leaf,Kg,189.7,-,0,0,IN-2145,0.1,18.97
01-10-2026,Central Warehouse -Kolkata,Central Warehouse -Kolkata,Dosa Coffee - Lake Town (0005),Milk (Adya Dairy),Ltr,61.85,-,0,0,IN-2145,0.5,30.93
01-10-2026,Central Warehouse -Kolkata,Central Warehouse -Kolkata,Dosa Coffee - Lake Town (0005),Ginger,Kg,131.09,-,0,0,IN-2145,0.5,65.55
01-10-2026,Central Warehouse -Kolkata,Central Warehouse -Kolkata,Dosa Coffee - Lake Town (0005),Ghee,Kg,750.15,-,0,0,IN-2145,0.905,678.88
01-10-2026,Central Warehouse -Kolkata,Central Warehouse -Kolkata,Dosa Coffee - Lake Town (0005),Fried Chana Daal,Kg,97.59,-,0,0,IN-2145,3,292.77
01-10-2026,Central Warehouse -Kolkata,Central Warehouse -Kolkata,Dosa Coffee - Lake Town (0005),Curry Leaves,Kg,71.14,-,0,0,IN-2145,0.1,7.11
01-10-2026,Central Warehouse -Kolkata,Central Warehouse -Kolkata,Dosa Coffee - Lake Town (0005),Coriander Leaves,Kg,99.99,-,0,0,IN-2145,0.3,30
01-10-2026,Central Warehouse -Kolkata,Central Warehouse -Kolkata,Dosa Coffee - Lake Town (0005),Bio-Degradable Spoon (1pkt = 50pc),Pc,1.25,-,0,0,IN-2145,100,124.8
01-10-2026,Central Warehouse -Kolkata,Central Warehouse -Kolkata,Dosa Coffee - Lake Town (0005),Beans,Kg,76.23,-,0,0,IN-2145,0.3,22.87
01-10-2026,Central Warehouse -Kolkata,Central Warehouse -Kolkata,Dosa Coffee - Lake Town (0005),Banana Leaf Small (1bundle = 50pc),Pc,1.25,-,0,0,IN-2145,50,62.49
01-10-2026,Central Warehouse -Kolkata,Central Warehouse -Kolkata,Dosa Coffee - Salt Lake Sec-1 (0009),Thermal Printer Roll - Posiflex,Pc,46.02,-,0,0,IN-2008,15,690.3
01-10-2026,Central Warehouse -Kolkata,Central Warehouse -Kolkata,Dosa Coffee - Salt Lake Sec-1 (0009),C Fold Tissue (Toilet Tissue),Pkt,49.48,-,0,0,IN-2008,3,148.44
01-10-2026,Central Warehouse -Kolkata,Central Warehouse -Kolkata,Dosa Coffee - Salt Lake Sec-1 (0009),Scrubber - Scotch Brite,Pc,12.26,-,0,0,IN-2008,3,36.79
01-10-2026,Central Warehouse -Kolkata,Central Warehouse -Kolkata,Dosa Coffee - Salt Lake Sec-1 (0009),Schweppes Water - 500ml,Pc,25.28,-,0,0,IN-2008,12,303.4
01-10-2026,Central Warehouse -Kolkata,Central Warehouse -Kolkata,Dosa Coffee - Salt Lake Sec-1 (0009),Cothas Coffee Powder,Kg,859.17,-,0,0,IN-2008,1,859.17
01-10-2026,Central Warehouse -Kolkata,Central Warehouse -Kolkata,Dosa Coffee - Salt Lake Sec-1 (0009),White Sugar Sachet (1pkt = 200pc),Pc,0.42,-,0,0,IN-2008,200,84.64
01-10-2026,Central Warehouse -Kolkata,Central Warehouse -Kolkata,Dosa Coffee - Salt Lake Sec-1 (0009),Supari,Pkt,148.81,-,0,0,IN-2008,1,148.81
01-10-2026,Central Warehouse -Kolkata,Central Warehouse -Kolkata,Dosa Coffee - Salt Lake Sec-1 (0009),Silver Foil,Pc,348.93,-,0,0,IN-2008,1,348.93
01-10-2026,Central Warehouse -Kolkata,Central Warehouse -Kolkata,Dosa Coffee - Salt Lake Sec-1 (0009),Bio-Degradable Spoon (1pkt = 50pc),Pc,1.25,-,0,0,IN-2008,200,249.61
01-10-2026,Central Warehouse -Kolkata,Central Warehouse -Kolkata,Dosa Coffee - Salt Lake Sec-1 (0009),Paper Napkin (1pkt = 100pc),Pc,0.23,-,0,0,IN-2008,600,140.95
01-10-2026,Central Warehouse -Kolkata,Central Warehouse -Kolkata,Dosa Coffee - Salt Lake Sec-1 (0009),Glen Container With Lid - 500ml (1pkt = 50pc),Pc,4.29,-,0,0,IN-2008,500,2142.88
01-10-2026,Central Warehouse -Kolkata,Central Warehouse -Kolkata,Dosa Coffee - Salt Lake Sec-1 (0009),Glen Container With Lid - 250ml (1pkt = 50pc),Pc,3.86,-,0,0,IN-2008,500,1929.57
01-10-2026,Central Warehouse -Kolkata,Central Warehouse -Kolkata,Dosa Coffee - Salt Lake Sec-1 (0009),Carry Bag - Small (1pkt = 100pc),Pc,7.08,-,0,0,IN-2008,100,707.85
01-10-2026,Central Warehouse -Kolkata,Central Warehouse -Kolkata,Dosa Coffee - Salt Lake Sec-1 (0009),Take Away Packing Box - Small (1bundle = 50pc),Pc,4.31,-,0,0,IN-2008,100,430.65
01-10-2026,Central Warehouse -Kolkata,Central Warehouse -Kolkata,Dosa Coffee - Salt Lake Sec-1 (0009),Salt,Kg,27.05,-,0,0,IN-2008,1,27.05
01-10-2026,Central Warehouse -Kolkata,Central Warehouse -Kolkata,Dosa Coffee - Salt Lake Sec-1 (0009),Sugar,Kg,51.88,-,0,0,IN-2008,2,103.75
01-10-2026,Central Warehouse -Kolkata,Central Warehouse -Kolkata,Dosa Coffee - Salt Lake Sec-1 (0009),Fried Chana Daal,Kg,97.59,-,0,0,IN-2008,7,683.14
01-10-2026,Central Warehouse -Kolkata,Central Warehouse -Kolkata,Dosa Coffee - Salt Lake Sec-1 (0009),Idli Daal (Rajkot),Kg,156.17,-,0,0,IN-2008,1,156.17
01-10-2026,Central Warehouse -Kolkata,Central Warehouse -Kolkata,Dosa Coffee - Salt Lake Sec-1 (0009),Mint leaf,Kg,189.7,-,0,0,IN-2008,0.1,18.97
01-10-2026,Central Warehouse -Kolkata,Central Warehouse -Kolkata,Dosa Coffee - Salt Lake Sec-1 (0009),Curry Leaves,Kg,71.14,-,0,0,IN-2008,0.2,14.23
01-10-2026,Central Warehouse -Kolkata,Central Warehouse -Kolkata,Dosa Coffee - Salt Lake Sec-1 (0009),Banana Leaf Small (1bundle = 50pc),Pc,1.25,-,0,0,IN-2008,150,187.48
01-10-2026,Central Warehouse -Kolkata,Central Warehouse -Kolkata,Dosa Coffee - Salt Lake Sec-1 (0009),Banana Leaf Big (1bundle = 50pc),Pc,1.79,-,0,0,IN-2008,200,358.74
01-10-2026,Central Warehouse -Kolkata,Central Warehouse -Kolkata,Dosa Coffee - Salt Lake Sec-1 (0009),Green Capsicum,Kg,66.06,-,0,0,IN-2008,0.194,12.82
01-10-2026,Central Warehouse -Kolkata,Central Warehouse -Kolkata,Dosa Coffee - Salt Lake Sec-1 (0009),Lime,Pc,3.5,-,0,0,IN-2008,40,140.01
01-10-2026,Central Warehouse -Kolkata,Central Warehouse -Kolkata,Dosa Coffee - Salt Lake Sec-1 (0009),Coriander Leaves,Kg,99.99,-,0,0,IN-2008,0.5,50
01-10-2026,Central Warehouse -Kolkata,Central Warehouse -Kolkata,Dosa Coffee - Salt Lake Sec-1 (0009),Tomato,Kg,40,-,0,0,IN-2008,1.545,61.79
01-10-2026,Central Warehouse -Kolkata,Central Warehouse -Kolkata,Dosa Coffee - Salt Lake Sec-1 (0009),Ginger,Kg,131.09,-,0,0,IN-2008,1.5,196.64
01-10-2026,Central Warehouse -Kolkata,Central Warehouse -Kolkata,Dosa Coffee - Salt Lake Sec-1 (0009),Onion,Kg,36.26,-,0,0,IN-2008,7.018,254.45
01-10-2026,Central Warehouse -Kolkata,Central Warehouse -Kolkata,Dosa Coffee - Salt Lake Sec-1 (0009),Raw Green Chili,Kg,74.93,-,0,0,IN-2008,1,74.93
01-10-2026,Central Warehouse -Kolkata,Central Warehouse -Kolkata,Dosa Coffee - Salt Lake Sec-1 (0009),Milk - Tetra 1Ltr,Ltr,77.06,-,0,0,IN-2008,12,924.73
01-10-2026,Central Warehouse -Kolkata,Central Warehouse -Kolkata,Dosa Coffee - Salt Lake Sec-1 (0009),Milk (Adya Dairy),Ltr,61.85,-,0,0,IN-2008,1,61.85
01-10-2026,Central Warehouse -Kolkata,Central Warehouse -Kolkata,Dosa Coffee - Salt Lake Sec-1 (0009),Sunflower Refined Oil  ( 1pkt = 868 Ml ),Ltr,167.48,-,0,0,IN-2008,5.208,872.23
01-10-2026,Central Warehouse -Kolkata,Central Warehouse -Kolkata,Dosa Coffee - Salt Lake Sec-1 (0009),Ghee,Kg,750.15,-,0,0,IN-2008,1.81,1357.77
01-10-2026,Central Warehouse -Kolkata,Central Warehouse -Kolkata,Dosa Coffee - Salt Lake Sec-1 (0009),Amul Butter,Kg,557.94,-,0,0,IN-2008,0.5,278.97
01-10-2026,Central Warehouse -Kolkata,Central Warehouse -Kolkata,Dosa Coffee - Salt Lake Sec-1 (0009),White Butter,Kg,576.7,-,0,0,IN-2008,1.5,865.06
01-10-2026,Central Warehouse -Kolkata,Central Warehouse -Kolkata,Dosa Coffee - Salt Lake Sec-1 (0009),Beans,Kg,76.23,-,0,0,IN-2008,0.5,38.12
01-10-2026,Central Warehouse -Kolkata,Central Warehouse -Kolkata,Dosa Coffee - Salt Lake Sec-1 (0009),Watermelon,Kg,34.89,-,0,0,IN-2008,4.948,172.64
01-10-2026,Central Warehouse -Kolkata,Central Warehouse -Kolkata,Dosa Coffee - Salt Lake Sec-1 (0009),Carrot,Kg,40.99,-,0,0,IN-2008,1.542,63.21
01-10-2026,Central Warehouse -Kolkata,Central Warehouse -Kolkata,Dosa Coffee - Salt Lake Sec-1 (0009),Raw Curd,Kg,71.4,-,0,0,IN-2008,5,357
01-10-2026,Central Warehouse -Kolkata,Central Warehouse -Kolkata,Dosa Coffee - Salt Lake Sec-1 (0009),Raw Potato,Kg,18.8,-,0,0,IN-2008,24.5,460.56
01-10-2026,Central Warehouse -Kolkata,Central Warehouse -Kolkata,Dosa Coffee - Salt Lake (002),Tea Leaf,Kg,202.9,-,0,0,IN-2238,0.5,101.45
01-10-2026,Central Warehouse -Kolkata,Central Warehouse -Kolkata,Dosa Coffee - Salt Lake (002),Milk (Adya Dairy),Ltr,61.85,-,0,0,IN-2238,0.5,30.93
01-10-2026,Central Warehouse -Kolkata,Central Warehouse -Kolkata,Dosa Coffee - Salt Lake (002),Watermelon,Kg,34.89,-,0,0,IN-2238,8.384,292.52
01-10-2026,Central Warehouse -Kolkata,Central Warehouse -Kolkata,Dosa Coffee - Salt Lake (002),Salt,Kg,27.05,-,0,0,IN-2238,2,54.09
01-10-2026,Central Warehouse -Kolkata,Central Warehouse -Kolkata,Dosa Coffee - Salt Lake (002),White Sugar Sachet (1pkt = 200pc),Pc,0.42,-,0,0,IN-2238,200,84.64
01-10-2026,Central Warehouse -Kolkata,Central Warehouse -Kolkata,Dosa Coffee - Salt Lake (002),Amul Butter,Kg,557.94,-,0,0,IN-2238,0.5,278.97
01-10-2026,Central Warehouse -Kolkata,Central Warehouse -Kolkata,Dosa Coffee - Salt Lake (002),Sunflower Refined Oil  ( 1pkt = 868 Ml ),Ltr,167.48,-,0,0,IN-2238,5.208,872.23
01-10-2026,Central Warehouse -Kolkata,Central Warehouse -Kolkata,Dosa Coffee - Salt Lake (002),Sugar,Kg,51.88,-,0,0,IN-2238,2,103.75
01-10-2026,Central Warehouse -Kolkata,Central Warehouse -Kolkata,Dosa Coffee - Salt Lake (002),Cothas Coffee Powder,Kg,859.17,-,0,0,IN-2238,1.5,1288.75
01-10-2026,Central Warehouse -Kolkata,Central Warehouse -Kolkata,Dosa Coffee - Salt Lake (002),Fried Chana Daal,Kg,97.59,-,0,0,IN-2238,5,487.96
01-10-2026,Central Warehouse -Kolkata,Central Warehouse -Kolkata,Dosa Coffee - Salt Lake (002),Rubber Hand Gloves (1pkt=100pc),Pc,2.72,-,0,0,IN-2238,100,271.79
01-10-2026,Central Warehouse -Kolkata,Central Warehouse -Kolkata,Dosa Coffee - Salt Lake (002),Silver Foil,Pc,348.93,-,0,0,IN-2238,1,348.93
01-10-2026,Central Warehouse -Kolkata,Central Warehouse -Kolkata,Dosa Coffee - Salt Lake (002),Carry Bag - Small (1pkt = 100pc),Pc,7.08,-,0,0,IN-2238,75,530.89
01-10-2026,Central Warehouse -Kolkata,Central Warehouse -Kolkata,Dosa Coffee - Salt Lake (002),Paper Napkin (1pkt = 100pc),Pc,0.23,-,0,0,IN-2238,600,140.95
01-10-2026,Central Warehouse -Kolkata,Central Warehouse -Kolkata,Dosa Coffee - Salt Lake (002),Bio-Degradable Spoon (1pkt = 50pc),Pc,1.25,-,0,0,IN-2238,150,187.2
01-10-2026,Central Warehouse -Kolkata,Central Warehouse -Kolkata,Dosa Coffee - Salt Lake (002),Banana Leaf Small (1bundle = 50pc),Pc,1.25,-,0,0,IN-2238,100,124.98
01-10-2026,Central Warehouse -Kolkata,Central Warehouse -Kolkata,Dosa Coffee - Salt Lake (002),Banana Leaf Big (1bundle = 50pc),Pc,1.79,-,0,0,IN-2238,200,358.74
01-10-2026,Central Warehouse -Kolkata,Central Warehouse -Kolkata,Dosa Coffee - Salt Lake (002),Opening / Closing Checklist,Pc,100,-,0,0,IN-2238,3,300
01-10-2026,Central Warehouse -Kolkata,Central Warehouse -Kolkata,Dosa Coffee - Salt Lake (002),Mint leaf,Kg,189.72,-,0,0,IN-2238,0.1,18.97
01-10-2026,Central Warehouse -Kolkata,Central Warehouse -Kolkata,Dosa Coffee - Salt Lake (002),Tomato,Kg,40,-,0,0,IN-2238,0.51,20.4
01-10-2026,Central Warehouse -Kolkata,Central Warehouse -Kolkata,Dosa Coffee - Salt Lake (002),Raw Green Chili,Kg,74.93,-,0,0,IN-2238,1,74.93
01-10-2026,Central Warehouse -Kolkata,Central Warehouse -Kolkata,Dosa Coffee - Salt Lake (002),Onion,Kg,36.21,-,0,0,IN-2238,6,217.26
01-10-2026,Central Warehouse -Kolkata,Central Warehouse -Kolkata,Dosa Coffee - Salt Lake (002),Ginger,Kg,131.09,-,0,0,IN-2238,1,131.09
01-10-2026,Central Warehouse -Kolkata,Central Warehouse -Kolkata,Dosa Coffee - Salt Lake (002),Curry Leaves,Kg,71.13,-,0,0,IN-2238,0.2,14.23
01-10-2026,Central Warehouse -Kolkata,Central Warehouse -Kolkata,Dosa Coffee - Salt Lake (002),Coriander Leaves,Kg,99.99,-,0,0,IN-2238,0.5,50
01-10-2026,Central Warehouse -Kolkata,Central Warehouse -Kolkata,Dosa Coffee - Salt Lake (002),Carrot,Kg,40.99,-,0,0,IN-2238,1.659,68.01
01-10-2026,Central Warehouse -Kolkata,Central Warehouse -Kolkata,Dosa Coffee - Salt Lake (002),Thermal Printer Roll - Posiflex,Pc,46.02,-,0,0,IN-2238,2,92.04
01-10-2026,Central Warehouse -Kolkata,Central Warehouse -Kolkata,Dosa Coffee - Salt Lake (002),Supari,Pkt,148.81,-,0,0,IN-2238,5,744.03
01-10-2026,Central Warehouse -Kolkata,Central Warehouse -Kolkata,Dosa Coffee - Salt Lake (002),White Butter,Kg,576.7,-,0,0,IN-2238,1.5,865.06
01-10-2026,Central Warehouse -Kolkata,Central Warehouse -Kolkata,Dosa Coffee - Salt Lake (002),Raw Curd,Kg,71.4,-,0,0,IN-2238,2,142.8
01-10-2026,Central Warehouse -Kolkata,Central Warehouse -Kolkata,Dosa Coffee - Salt Lake (002),Milk - Tetra 1Ltr,Ltr,77.06,-,0,0,IN-2238,12,924.73
01-10-2026,Central Warehouse -Kolkata,Central Warehouse -Kolkata,Dosa Coffee - Salt Lake (002),Ghee,Kg,750.15,-,0,0,IN-2238,1.81,1357.77
01-10-2026,Central Warehouse -Kolkata,Central Warehouse -Kolkata,Dosa Coffee - Manisquare (0004),Opening / Closing Checklist,Pc,100,-,0,0,IN-1859,3,300
01-10-2026,Central Warehouse -Kolkata,Central Warehouse -Kolkata,Dosa Coffee - Manisquare (0004),Paper Tray Mat (1pkt = 500pc),Pc,0.95,-,0,0,IN-1859,100,94.66
01-10-2026,Central Warehouse -Kolkata,Central Warehouse -Kolkata,Dosa Coffee - Manisquare (0004),Amul IC BP Vanilla (5L) CF,Ltr,97.65,-,0,0,IN-1859,5,488.25
01-10-2026,Central Warehouse -Kolkata,Central Warehouse -Kolkata,Dosa Coffee - Manisquare (0004),White Sugar Sachet (1pkt = 200pc),Pc,0.42,-,0,0,IN-1859,200,84.64
01-10-2026,Central Warehouse -Kolkata,Central Warehouse -Kolkata,Dosa Coffee - Manisquare (0004),Sunflower Refined Oil  ( 1pkt = 868 Ml ),Ltr,167.48,-,0,0,IN-1859,4.34,726.86
01-10-2026,Central Warehouse -Kolkata,Central Warehouse -Kolkata,Dosa Coffee - Manisquare (0004),Sugar Free Sachet (1box=100pc),Pkt,57.77,-,0,0,IN-1859,1,57.77
01-10-2026,Central Warehouse -Kolkata,Central Warehouse -Kolkata,Dosa Coffee - Manisquare (0004),Cothas Coffee Powder,Kg,859.17,-,0,0,IN-1859,2,1718.34
01-10-2026,Central Warehouse -Kolkata,Central Warehouse -Kolkata,Dosa Coffee - Manisquare (0004),Fried Chana Daal,Kg,97.59,-,0,0,IN-1859,4,390.37
01-10-2026,Central Warehouse -Kolkata,Central Warehouse -Kolkata,Dosa Coffee - Manisquare (0004),Paper Food Container - 100ml (1pkt = 50pc),Pc,1.79,-,0,0,IN-1859,100,178.64
01-10-2026,Central Warehouse -Kolkata,Central Warehouse -Kolkata,Dosa Coffee - Manisquare (0004),Paper Food Container - 150ml (1pkt = 50pc),Pc,2,-,0,0,IN-1859,50,99.99
01-10-2026,Central Warehouse -Kolkata,Central Warehouse -Kolkata,Dosa Coffee - Manisquare (0004),Coffee Cup Lid (1pkt =50Pics),Pc,1.64,-,0,0,IN-1859,50,82.21
01-10-2026,Central Warehouse -Kolkata,Central Warehouse -Kolkata,Dosa Coffee - Manisquare (0004),Coffee Cup (1Pkt = 50Pics),Pc,3.96,-,0,0,IN-1859,50,198.18
01-10-2026,Central Warehouse -Kolkata,Central Warehouse -Kolkata,Dosa Coffee - Manisquare (0004),Wooden Stirrer (1pkt = 100pc),Pc,0.13,-,0,0,IN-1859,500,65.84
01-10-2026,Central Warehouse -Kolkata,Central Warehouse -Kolkata,Dosa Coffee - Manisquare (0004),Silver Foil,Pc,348.93,-,0,0,IN-1859,1,348.93
01-10-2026,Central Warehouse -Kolkata,Central Warehouse -Kolkata,Dosa Coffee - Manisquare (0004),Carry Bag - Small (1pkt = 100pc),Pc,7.08,-,0,0,IN-1859,50,353.93
01-10-2026,Central Warehouse -Kolkata,Central Warehouse -Kolkata,Dosa Coffee - Manisquare (0004),Carry Bag - Large(1pkt = 100pc),Pc,10.52,-,0,0,IN-1859,50,526.11
01-10-2026,Central Warehouse -Kolkata,Central Warehouse -Kolkata,Dosa Coffee - Manisquare (0004),Paper Straw (1pkt = 100pc),Pc,0.39,-,0,0,IN-1859,100,38.67
01-10-2026,Central Warehouse -Kolkata,Central Warehouse -Kolkata,Dosa Coffee - Manisquare (0004),Paper Napkin (1pkt = 100pc),Pc,0.23,-,0,0,IN-1859,500,117.46
01-10-2026,Central Warehouse -Kolkata,Central Warehouse -Kolkata,Dosa Coffee - Manisquare (0004),Hot Coffee Cup 150ml (1pkt=25pc),Pc,1.23,-,0,0,IN-1859,100,122.74
01-10-2026,Central Warehouse -Kolkata,Central Warehouse -Kolkata,Dosa Coffee - Manisquare (0004),Glen Container With Lid - 100ml (1pkt = 50pc),Pc,1.76,-,0,0,IN-1859,50,87.76
01-10-2026,Central Warehouse -Kolkata,Central Warehouse -Kolkata,Dosa Coffee - Manisquare (0004),Glen Container With Lid - 500ml (1pkt = 50pc),Pc,4.29,-,0,0,IN-1859,50,214.29
01-10-2026,Central Warehouse -Kolkata,Central Warehouse -Kolkata,Dosa Coffee - Manisquare (0004),Glen Container With Lid - 250ml (1pkt = 50pc),Pc,3.86,-,0,0,IN-1859,50,192.96
01-10-2026,Central Warehouse -Kolkata,Central Warehouse -Kolkata,Dosa Coffee - Manisquare (0004),Compartment Tray With Lid - 5CP (1pkt = 25pc),Pc,10.66,-,0,0,IN-1859,25,266.38
01-10-2026,Central Warehouse -Kolkata,Central Warehouse -Kolkata,Dosa Coffee - Manisquare (0004),Compartment Tray With Lid - 2CP (1pkt = 25pc),Pc,7.63,-,0,0,IN-1859,25,190.77
01-10-2026,Central Warehouse -Kolkata,Central Warehouse -Kolkata,Dosa Coffee - Manisquare (0004),Take Away Packing Box - Small (1bundle = 50pc),Pc,4.31,-,0,0,IN-1859,100,430.65
01-10-2026,Central Warehouse -Kolkata,Central Warehouse -Kolkata,Dosa Coffee - Manisquare (0004),Bio-Degradable Spoon (1pkt = 50pc),Pc,1.25,-,0,0,IN-1859,400,499.21
01-10-2026,Central Warehouse -Kolkata,Central Warehouse -Kolkata,Dosa Coffee - Manisquare (0004),Banana Leaf Small (1bundle = 50pc),Pc,1.25,-,0,0,IN-1859,200,249.97
01-10-2026,Central Warehouse -Kolkata,Central Warehouse -Kolkata,Dosa Coffee - Manisquare (0004),Raw Mango,Kg,85.09,-,0,0,IN-1859,0.577,49.09
01-10-2026,Central Warehouse -Kolkata,Central Warehouse -Kolkata,Dosa Coffee - Manisquare (0004),Beans,Kg,76.24,-,0,0,IN-1859,0.3,22.87
01-10-2026,Central Warehouse -Kolkata,Central Warehouse -Kolkata,Dosa Coffee - Manisquare (0004),Raw Green Chili,Kg,74.93,-,0,0,IN-1859,0.5,37.47
01-10-2026,Central Warehouse -Kolkata,Central Warehouse -Kolkata,Dosa Coffee - Manisquare (0004),Onion,Kg,36.21,-,0,0,IN-1859,3,108.63
01-10-2026,Central Warehouse -Kolkata,Central Warehouse -Kolkata,Dosa Coffee - Manisquare (0004),Ginger,Kg,131.09,-,0,0,IN-1859,0.5,65.55
01-10-2026,Central Warehouse -Kolkata,Central Warehouse -Kolkata,Dosa Coffee - Manisquare (0004),Curry Leaves,Kg,71.13,-,0,0,IN-1859,0.1,7.11
01-10-2026,Central Warehouse -Kolkata,Central Warehouse -Kolkata,Dosa Coffee - Manisquare (0004),Coriander Leaves,Kg,99.99,-,0,0,IN-1859,0.3,30
01-10-2026,Central Warehouse -Kolkata,Central Warehouse -Kolkata,Dosa Coffee - Manisquare (0004),Carrot,Kg,40.99,-,0,0,IN-1859,0.876,35.91
01-10-2026,Central Warehouse -Kolkata,Central Warehouse -Kolkata,Dosa Coffee - Manisquare (0004),Supari,Pkt,148.81,-,0,0,IN-1859,2,297.61
01-10-2026,Central Warehouse -Kolkata,Central Warehouse -Kolkata,Dosa Coffee - Manisquare (0004),Hairnet (Comfort Cap 1pkt=100 pc),Pc,0.78,-,0,0,IN-1859,100,78.23
01-10-2026,Central Warehouse -Kolkata,Central Warehouse -Kolkata,Dosa Coffee - Manisquare (0004),White Butter,Kg,576.7,-,0,0,IN-1859,1,576.7
01-10-2026,Central Warehouse -Kolkata,Central Warehouse -Kolkata,Dosa Coffee - Manisquare (0004),Raw Curd,Kg,71.4,-,0,0,IN-1859,1,71.4
01-10-2026,Central Warehouse -Kolkata,Central Warehouse -Kolkata,Dosa Coffee - Manisquare (0004),Milk - Tetra 1Ltr,Ltr,77.06,-,0,0,IN-1859,6,462.37
01-10-2026,Central Warehouse -Kolkata,Central Warehouse -Kolkata,Dosa Coffee - Manisquare (0004),Milk (Adya Dairy),Ltr,61.85,-,0,0,IN-1859,0.5,30.93
01-10-2026,Central Warehouse -Kolkata,Central Warehouse -Kolkata,Dosa Coffee - Manisquare (0004),Ghee,Kg,750.15,-,0,0,IN-1859,0.905,678.88
01-10-2026,Central Warehouse -Kolkata,Central Warehouse -Kolkata,Dosa Coffee - Manisquare (0004),Amul Cheese,Kg,509.05,-,0,0,IN-1859,0.5,254.53
01-10-2026,Central Warehouse -Kolkata,Central Warehouse -Kolkata,Dosa Coffee - Manisquare (0004),Scrubber - Scotch Brite,Pc,12.26,-,0,0,IN-1859,2,24.53
01-10-2026,Central Warehouse -Kolkata,Central Warehouse -Kolkata,Dosa Coffee - Manisquare (0004),Idli Cloth (Markin Cloth),Pc,25.04,-,0,0,IN-1859,4,100.16
01-10-2026,Central Warehouse -Kolkata,Central Warehouse -Kolkata,Dosa Coffee - Manisquare (0004),Garbage Bag Small (20 X 24),Pkt,53.56,-,0,0,IN-1859,1,53.56
01-10-2026,Central Warehouse -Kolkata,Central Warehouse -Kolkata,Dosa Coffee - Manisquare (0004),Garbage Bag Large (36 X 42),Pkt,69.39,-,0,0,IN-1859,1,69.39
01-10-2026,Central Warehouse -Kolkata,Central Warehouse -Kolkata,Dosa Coffee - Manisquare (0004),Ecolab-Grill Cleaner Pluss (1can = 5ltr),Can,1546.07,-,0,0,IN-1859,1,1546.07
01-10-2026,Central Warehouse -Kolkata,Central Warehouse -Kolkata,Dosa Coffee - Manisquare (0004),Dosa Duster,Pc,28,-,0,0,IN-1859,4,112
01-10-2026,Central Warehouse -Kolkata,Central Warehouse -Kolkata,Dosa Coffee - Manisquare (0004),Check Cloth,Pc,18.37,-,0,0,IN-1859,4,73.49
01-10-2026,Central Warehouse -Kolkata,Central Warehouse -Kolkata,Dosa Coffee - Manisquare (0004),Schweppes Water - 500ml,Pc,25.28,-,0,0,IN-1859,12,303.4
02-10-2026,Central Warehouse -Kolkata,Central Warehouse -Kolkata,Dosa Coffee - Santoshpur (01/0012),Turmeric Powder,gm,0.34,-,0,0,IN-1653,500,170.13
02-10-2026,Central Warehouse -Kolkata,Central Warehouse -Kolkata,Dosa Coffee - Santoshpur (01/0012),Fried Chana Daal,Kg,97.59,-,0,0,IN-1653,5,487.96
02-10-2026,Central Warehouse -Kolkata,Central Warehouse -Kolkata,Dosa Coffee - Santoshpur (01/0012),Cothas Coffee Powder,Kg,859.17,-,0,0,IN-1653,0.5,429.58
02-10-2026,Central Warehouse -Kolkata,Central Warehouse -Kolkata,Dosa Coffee - Santoshpur (01/0012),Hairnet (Comfort Cap 1pkt=100 pc),Pc,0.78,-,0,0,IN-1653,100,78.23
02-10-2026,Central Warehouse -Kolkata,Central Warehouse -Kolkata,Dosa Coffee - Santoshpur (01/0012),Ecolab-Grill Cleaner Pluss (1can = 5ltr),Can,1546.07,-,0,0,IN-1653,1,1546.07
02-10-2026,Central Warehouse -Kolkata,Central Warehouse -Kolkata,Dosa Coffee - Santoshpur (01/0012),kitchen Paper Roll,Piece,299.82,-,0,0,IN-1653,1,299.82
02-10-2026,Central Warehouse -Kolkata,Central Warehouse -Kolkata,Dosa Coffee - Santoshpur (01/0012),Ecolab-Multi Purpose SINK Detergent (1can = 1ltr),Can,403.18,-,0,0,IN-1653,1,403.18
02-10-2026,Central Warehouse -Kolkata,Central Warehouse -Kolkata,Dosa Coffee - Santoshpur (01/0012),Paper Sleeve (1pkt = 50pc),Pc,3.53,-,0,0,IN-1653,50,176.64
02-10-2026,Central Warehouse -Kolkata,Central Warehouse -Kolkata,Dosa Coffee - Santoshpur (01/0012),Scrubber - Scotch Brite,Pc,12.26,-,0,0,IN-1653,2,24.53
02-10-2026,Central Warehouse -Kolkata,Central Warehouse -Kolkata,Dosa Coffee - Santoshpur (01/0012),Silver Foil,Pc,348.93,-,0,0,IN-1653,1,348.93
02-10-2026,Central Warehouse -Kolkata,Central Warehouse -Kolkata,Dosa Coffee - Santoshpur (01/0012),Take Away Packing Box - Small (1bundle = 50pc),Pc,4.31,-,0,0,IN-1653,100,430.65
02-10-2026,Central Warehouse -Kolkata,Central Warehouse -Kolkata,Dosa Coffee - Santoshpur (01/0012),Paper Napkin (1pkt = 100pc),Pc,0.23,-,0,0,IN-1653,400,93.97
02-10-2026,Central Warehouse -Kolkata,Central Warehouse -Kolkata,Dosa Coffee - Santoshpur (01/0012),Bio-Degradable Spoon (1pkt = 50pc),Pc,1.25,-,0,0,IN-1653,300,374.41
02-10-2026,Central Warehouse -Kolkata,Central Warehouse -Kolkata,Dosa Coffee - Santoshpur (01/0012),Carry Bag - Large(1pkt = 100pc),Pc,10.52,-,0,0,IN-1653,50,526.11
02-10-2026,Central Warehouse -Kolkata,Central Warehouse -Kolkata,Dosa Coffee - Santoshpur (01/0012),Carry Bag - Small (1pkt = 100pc),Pc,7.08,-,0,0,IN-1653,100,707.85
02-10-2026,Central Warehouse -Kolkata,Central Warehouse -Kolkata,Dosa Coffee - Santoshpur (01/0012),Glen Container With Lid - 250ml (1pkt = 50pc),Pc,3.86,-,0,0,IN-1653,500,1929.57
02-10-2026,Central Warehouse -Kolkata,Central Warehouse -Kolkata,Dosa Coffee - Santoshpur (01/0012),Sticker - MRD (1sheet=108pc),Pc,0.13,-,0,0,IN-1653,540,70.02
02-10-2026,Central Warehouse -Kolkata,Central Warehouse -Kolkata,Dosa Coffee - Santoshpur (01/0012),White Butter,Kg,576.7,-,0,0,IN-1653,0.5,288.35
02-10-2026,Central Warehouse -Kolkata,Central Warehouse -Kolkata,Dosa Coffee - Santoshpur (01/0012),Amul Butter,Kg,558.83,-,0,0,IN-1653,0.5,279.41
02-10-2026,Central Warehouse -Kolkata,Central Warehouse -Kolkata,Dosa Coffee - Santoshpur (01/0012),Amul Cheese,Kg,509.4,-,0,0,IN-1653,1,509.4
02-10-2026,Central Warehouse -Kolkata,Central Warehouse -Kolkata,Dosa Coffee - Santoshpur (01/0012),Ghee,Kg,750.15,-,0,0,IN-1653,0.905,678.88
02-10-2026,Central Warehouse -Kolkata,Central Warehouse -Kolkata,Dosa Coffee - Santoshpur (01/0012),Sugar,Kg,51.88,-,0,0,IN-1653,1,51.88
02-10-2026,Central Warehouse -Kolkata,Central Warehouse -Kolkata,Dosa Coffee - Santoshpur (01/0012),Toilet Paper Roll Round,Pc,20.14,-,0,0,IN-1653,2,40.28
02-10-2026,Central Warehouse -Kolkata,Central Warehouse -Kolkata,Dosa Coffee - Santoshpur (01/0012),Jaggery Powder (250gm=1pkt),Kg,109.81,-,0,0,IN-1653,0.25,27.45
02-10-2026,Central Warehouse -Kolkata,Central Warehouse -Kolkata,Dosa Coffee - Santoshpur (01/0012),Banana Leaf Small (1bundle = 50pc),Pc,1.25,-,0,0,IN-1653,50,62.49
02-10-2026,Central Warehouse -Kolkata,Central Warehouse -Kolkata,Dosa Coffee - Santoshpur (01/0012),Banana Leaf Big (1bundle = 50pc),Pc,1.79,-,0,0,IN-1653,100,179.45
02-10-2026,Central Warehouse -Kolkata,Central Warehouse -Kolkata,Dosa Coffee - Santoshpur (01/0012),Beans,Kg,76.24,-,0,0,IN-1653,0.1,7.62
02-10-2026,Central Warehouse -Kolkata,Central Warehouse -Kolkata,Dosa Coffee - Santoshpur (01/0012),Mint leaf,Kg,189.66,-,0,0,IN-1653,0.1,18.97
02-10-2026,Central Warehouse -Kolkata,Central Warehouse -Kolkata,Dosa Coffee - Santoshpur (01/0012),Ginger,Kg,131.1,-,0,0,IN-1653,1.5,196.65
02-10-2026,Central Warehouse -Kolkata,Central Warehouse -Kolkata,Dosa Coffee - Santoshpur (01/0012),Coriander Leaves,Kg,99.99,-,0,0,IN-1653,0.3,30
02-10-2026,Central Warehouse -Kolkata,Central Warehouse -Kolkata,Dosa Coffee - Santoshpur (01/0012),Carrot,Kg,40.99,-,0,0,IN-1653,1.06,43.45
02-10-2026,Central Warehouse -Kolkata,Central Warehouse -Kolkata,Dosa Coffee - Santoshpur (01/0012),Green Capsicum,Kg,65.51,-,0,0,IN-1653,0.213,13.95
02-10-2026,Central Warehouse -Kolkata,Central Warehouse -Kolkata,Dosa Coffee - Santoshpur (01/0012),Raw Green Chili,Kg,74.93,-,0,0,IN-1653,0.5,37.47
02-10-2026,Central Warehouse -Kolkata,Central Warehouse -Kolkata,Dosa Coffee - Santoshpur (01/0012),Curry Leaves,Kg,71.14,-,0,0,IN-1653,0.2,14.23
02-10-2026,Central Warehouse -Kolkata,Central Warehouse -Kolkata,Dosa Coffee - Santoshpur (01/0012),Tomato,Kg,40,-,0,0,IN-1653,1.55,61.99
02-10-2026,Central Warehouse -Kolkata,Central Warehouse -Kolkata,Dosa Coffee - Santoshpur (01/0012),Onion,Kg,36.18,-,0,0,IN-1653,6,217.11
02-10-2026,Central Warehouse -Kolkata,Central Warehouse -Kolkata,Dosa Coffee - Santoshpur (01/0012),Lime,Pc,3.5,-,0,0,IN-1653,20,70
02-10-2026,Central Warehouse -Kolkata,Central Warehouse -Kolkata,Dosa Coffee - Santoshpur (01/0012),Watermelon,Kg,34.89,-,0,0,IN-1653,4.57,159.45
02-10-2026,Central Warehouse -Kolkata,Central Warehouse -Kolkata,Dosa Coffee - Santoshpur (01/0012),Idli Daal (Rajkot),Kg,156.17,-,0,0,IN-1653,2,312.33
02-10-2026,Central Warehouse -Kolkata,Central Warehouse -Kolkata,Dosa Coffee - Santoshpur (01/0012),Raw Curd,Kg,71.4,-,0,0,IN-1653,5,357
02-10-2026,Central Warehouse -Kolkata,Central Warehouse -Kolkata,Dosa Coffee - Santoshpur (01/0012),Paneer,Kg,299,-,0,0,IN-1653,1,299
02-10-2026,Central Warehouse -Kolkata,Central Warehouse -Kolkata,Dosa Coffee - Santoshpur (01/0012),Milk (Adya Dairy),Ltr,61.85,-,0,0,IN-1653,0.5,30.93
02-10-2026,Central Warehouse -Kolkata,Central Warehouse -Kolkata,Dosa Coffee - Santoshpur (01/0012),Raw Potato,Kg,18.78,-,0,0,IN-1653,20,375.65
02-10-2026,Central Warehouse -Kolkata,Central Warehouse -Kolkata,Dosa Coffee - Ideal Plaza (01/0001),Ecolab-Grill Cleaner Pluss (1can = 5ltr),Can,1546.07,-,0,0,IN-3217,1,1546.07
02-10-2026,Central Warehouse -Kolkata,Central Warehouse -Kolkata,Dosa Coffee - Ideal Plaza (01/0001),Ecolab-Multi Purpose SINK Detergent (1can = 1ltr),Can,403.18,-,0,0,IN-3217,1,403.18
02-10-2026,Central Warehouse -Kolkata,Central Warehouse -Kolkata,Dosa Coffee - Ideal Plaza (01/0001),Garbage Bag Large (36 X 42),Pkt,69.46,-,0,0,IN-3217,2,138.93
02-10-2026,Central Warehouse -Kolkata,Central Warehouse -Kolkata,Dosa Coffee - Ideal Plaza (01/0001),Sponge Wipe,Pkt,132.64,-,0,0,IN-3217,4,530.57
02-10-2026,Central Warehouse -Kolkata,Central Warehouse -Kolkata,Dosa Coffee - Ideal Plaza (01/0001),C Fold Tissue (Toilet Tissue),Pkt,49.48,-,0,0,IN-3217,4,197.92
02-10-2026,Central Warehouse -Kolkata,Central Warehouse -Kolkata,Dosa Coffee - Ideal Plaza (01/0001),Mango Crush -750ml,Ltr,197.67,-,0,0,IN-3217,0.75,148.25
02-10-2026,Central Warehouse -Kolkata,Central Warehouse -Kolkata,Dosa Coffee - Ideal Plaza (01/0001),Wooden Stirrer (1pkt = 100pc),Pc,0.13,-,0,0,IN-3217,500,65.84
02-10-2026,Central Warehouse -Kolkata,Central Warehouse -Kolkata,Dosa Coffee - Ideal Plaza (01/0001),Cothas Coffee Powder,Kg,859.17,-,0,0,IN-3217,0.5,429.58
02-10-2026,Central Warehouse -Kolkata,Central Warehouse -Kolkata,Dosa Coffee - Ideal Plaza (01/0001),White Sugar Sachet (1pkt = 200pc),Pc,0.42,-,0,0,IN-3217,200,84.64
02-10-2026,Central Warehouse -Kolkata,Central Warehouse -Kolkata,Dosa Coffee - Ideal Plaza (01/0001),Schweppes Water - 500ml,Pc,25.28,-,0,0,IN-3217,24,606.79
02-10-2026,Central Warehouse -Kolkata,Central Warehouse -Kolkata,Dosa Coffee - Ideal Plaza (01/0001),Paper Straw (1pkt = 100pc),Pc,0.39,-,0,0,IN-3217,100,38.67
02-10-2026,Central Warehouse -Kolkata,Central Warehouse -Kolkata,Dosa Coffee - Ideal Plaza (01/0001),Paper Napkin (1pkt = 100pc),Pc,0.23,-,0,0,IN-3217,1000,234.92
02-10-2026,Central Warehouse -Kolkata,Central Warehouse -Kolkata,Dosa Coffee - Ideal Plaza (01/0001),Cottons Lemonade,Pc,17.44,-,0,0,IN-3217,24,418.62
02-10-2026,Central Warehouse -Kolkata,Central Warehouse -Kolkata,Dosa Coffee - Ideal Plaza (01/0001),Kinley Soda 750ml Pet,Pc,15.81,-,0,0,IN-3217,4,63.24
02-10-2026,Central Warehouse -Kolkata,Central Warehouse -Kolkata,Dosa Coffee - Ideal Plaza (01/0001),Brown Sugar Sachet  (1pkt = 200pc),Pc,0.49,-,0,0,IN-3217,200,97.85
02-10-2026,Central Warehouse -Kolkata,Central Warehouse -Kolkata,Dosa Coffee - Ideal Plaza (01/0001),Sunflower Refined Oil  ( 1pkt = 868 Ml ),Ltr,167.48,-,0,0,IN-3217,13.888,2325.96
02-10-2026,Central Warehouse -Kolkata,Central Warehouse -Kolkata,Dosa Coffee - Ideal Plaza (01/0001),Banana Leaf Small (1bundle = 50pc),Pc,1.25,-,0,0,IN-3217,50,62.49
02-10-2026,Central Warehouse -Kolkata,Central Warehouse -Kolkata,Dosa Coffee - Ideal Plaza (01/0001),Banana Leaf Big (1bundle = 50pc),Pc,1.79,-,0,0,IN-3217,150,269.17
02-10-2026,Central Warehouse -Kolkata,Central Warehouse -Kolkata,Dosa Coffee - Ideal Plaza (01/0001),Lime,Pc,3.5,-,0,0,IN-3217,30,105
02-10-2026,Central Warehouse -Kolkata,Central Warehouse -Kolkata,Dosa Coffee - Ideal Plaza (01/0001),Watermelon,Kg,34.89,-,0,0,IN-3217,6.686,233.28
02-10-2026,Central Warehouse -Kolkata,Central Warehouse -Kolkata,Dosa Coffee - Ideal Plaza (01/0001),Raw Coconut,Pc,38.98,-,0,0,IN-3217,100,3897.85
02-10-2026,Central Warehouse -Kolkata,Central Warehouse -Kolkata,Dosa Coffee - Ideal Plaza (01/0001),Fried Chana Daal,Kg,97.59,-,0,0,IN-3217,10,975.91
02-10-2026,Central Warehouse -Kolkata,Central Warehouse -Kolkata,Dosa Coffee - Ideal Plaza (01/0001),Sugar,Kg,51.88,-,0,0,IN-3217,1,51.88
02-10-2026,Central Warehouse -Kolkata,Central Warehouse -Kolkata,Dosa Coffee - Ideal Plaza (01/0001),Chana Daal,Kg,78.56,-,0,0,IN-3217,0.25,19.64
02-10-2026,Central Warehouse -Kolkata,Central Warehouse -Kolkata,Dosa Coffee - Ideal Plaza (01/0001),Compartment Tray With Lid - 5CP (1pkt = 25pc),Pc,10.66,-,0,0,IN-3217,25,266.38
02-10-2026,Central Warehouse -Kolkata,Central Warehouse -Kolkata,Dosa Coffee - Ideal Plaza (01/0001),Pet Paggi Can 350ml (1Box =256 Pcs),Pc,11.1,-,0,0,IN-3217,10,110.98
02-10-2026,Central Warehouse -Kolkata,Central Warehouse -Kolkata,Dosa Coffee - Ideal Plaza (01/0001),Take Away Packing Box - Big (1bundle = 50pc),Pc,6.9,-,0,0,IN-3217,200,1380.57
02-10-2026,Central Warehouse -Kolkata,Central Warehouse -Kolkata,Dosa Coffee - Ideal Plaza (01/0001),Bio-Degradable Spoon (1pkt = 50pc),Pc,1.25,-,0,0,IN-3217,200,249.61
02-10-2026,Central Warehouse -Kolkata,Central Warehouse -Kolkata,Dosa Coffee - Ideal Plaza (01/0001),Carry Bag - Large(1pkt = 100pc),Pc,10.52,-,0,0,IN-3217,100,1052.22
02-10-2026,Central Warehouse -Kolkata,Central Warehouse -Kolkata,Dosa Coffee - Ideal Plaza (01/0001),Glen Container With Lid - 750ml (1pkt = 50pc),Pc,6.37,-,0,0,IN-3217,50,318.75
02-10-2026,Central Warehouse -Kolkata,Central Warehouse -Kolkata,Dosa Coffee - Ideal Plaza (01/0001),Glen Container With Lid - 500ml (1pkt = 50pc),Pc,4.29,-,0,0,IN-3217,500,2142.88
02-10-2026,Central Warehouse -Kolkata,Central Warehouse -Kolkata,Dosa Coffee - Ideal Plaza (01/0001),Glen Container With Lid - 250ml (1pkt = 50pc),Pc,3.86,-,0,0,IN-3217,500,1929.57
02-10-2026,Central Warehouse -Kolkata,Central Warehouse -Kolkata,Dosa Coffee - Ideal Plaza (01/0001),Idli Daal (Rajkot),Kg,156.17,-,0,0,IN-3217,3,468.5
02-10-2026,Central Warehouse -Kolkata,Central Warehouse -Kolkata,Dosa Coffee - Ideal Plaza (01/0001),Ghee,Kg,750.15,-,0,0,IN-3217,3.62,2715.54
02-10-2026,Central Warehouse -Kolkata,Central Warehouse -Kolkata,Dosa Coffee - Ideal Plaza (01/0001),Raw Potato,Kg,18.78,-,0,0,IN-3217,5.06,95.04
02-10-2026,Central Warehouse -Kolkata,Central Warehouse -Kolkata,Dosa Coffee - Ideal Plaza (01/0001),Ginger,Kg,131.1,-,0,0,IN-3217,1,131.1
02-10-2026,Central Warehouse -Kolkata,Central Warehouse -Kolkata,Dosa Coffee - Ideal Plaza (01/0001),Onion,Kg,36.18,-,0,0,IN-3217,10.046,363.51
02-10-2026,Central Warehouse -Kolkata,Central Warehouse -Kolkata,Dosa Coffee - Ideal Plaza (01/0001),Round Bucket Dosa Batter Front Sticker (DIY),Pc,2.48,-,0,0,IN-3217,16,39.68
02-10-2026,Central Warehouse -Kolkata,Central Warehouse -Kolkata,Dosa Coffee - Ideal Plaza (01/0001),Dosa Batter Sticker (DIY) Cap Cover,Pc,2.47,-,0,0,IN-3217,21,51.95
02-10-2026,Central Warehouse -Kolkata,Central Warehouse -Kolkata,Dosa Coffee - Ideal Plaza (01/0001),Paper Sleeve (1pkt = 50pc),Pc,3.53,-,0,0,IN-3217,25,88.32
02-10-2026,Central Warehouse -Kolkata,Central Warehouse -Kolkata,Dosa Coffee - Ideal Plaza (01/0001),Sticker - MRD (1sheet=108pc),Pc,0.13,-,0,0,IN-3217,1080,140.03
02-10-2026,Central Warehouse -Kolkata,Central Warehouse -Kolkata,Dosa Coffee - Ideal Plaza (01/0001),White Butter,Kg,576.7,-,0,0,IN-3217,1,576.7
02-10-2026,Central Warehouse -Kolkata,Central Warehouse -Kolkata,Dosa Coffee - Ideal Plaza (01/0001),Amul Butter,Kg,558.83,-,0,0,IN-3217,0.5,279.41
02-10-2026,Central Warehouse -Kolkata,Central Warehouse -Kolkata,Dosa Coffee - Ideal Plaza (01/0001),Garlic,Kg,139.99,-,0,0,IN-3217,0.25,35
02-10-2026,Central Warehouse -Kolkata,Central Warehouse -Kolkata,Dosa Coffee - Ideal Plaza (01/0001),Jaggery,Kg,61.29,-,0,0,IN-3217,0.5,30.64
02-10-2026,Central Warehouse -Kolkata,Central Warehouse -Kolkata,Dosa Coffee - Ideal Plaza (01/0001),Mint leaf,Kg,189.66,-,0,0,IN-3217,0.2,37.93
02-10-2026,Central Warehouse -Kolkata,Central Warehouse -Kolkata,Dosa Coffee - Ideal Plaza (01/0001),Coriander Leaves,Kg,99.99,-,0,0,IN-3217,1,99.99
02-10-2026,Central Warehouse -Kolkata,Central Warehouse -Kolkata,Dosa Coffee - Ideal Plaza (01/0001),Carrot,Kg,40.99,-,0,0,IN-3217,1,40.99
02-10-2026,Central Warehouse -Kolkata,Central Warehouse -Kolkata,Dosa Coffee - Ideal Plaza (01/0001),Green Capsicum,Kg,65.51,-,0,0,IN-3217,0.35,22.93
02-10-2026,Central Warehouse -Kolkata,Central Warehouse -Kolkata,Dosa Coffee - Ideal Plaza (01/0001),Raw Green Chili,Kg,74.93,-,0,0,IN-3217,2,149.87
02-10-2026,Central Warehouse -Kolkata,Central Warehouse -Kolkata,Dosa Coffee - Ideal Plaza (01/0001),Curry Leaves,Kg,71.14,-,0,0,IN-3217,0.2,14.23
02-10-2026,Central Warehouse -Kolkata,Central Warehouse -Kolkata,Dosa Coffee - Ideal Plaza (01/0001),Tomato,Kg,40,-,0,0,IN-3217,1.513,60.51
02-10-2026,Central Warehouse -Kolkata,Central Warehouse -Kolkata,Dosa Coffee - Ideal Plaza (01/0001),Raw Curd,Kg,71.4,-,0,0,IN-3217,3,214.2
02-10-2026,Central Warehouse -Kolkata,Central Warehouse -Kolkata,Dosa Coffee - Ideal Plaza (01/0001),Milk (Adya Dairy),Ltr,61.85,-,0,0,IN-3217,3,185.56
02-10-2026,Central Warehouse -Kolkata,Central Warehouse -Kolkata,Dosa Coffee - Lake road 01/0015,Brown Sugar Sachet  (1pkt = 200pc),Pc,0.49,-,0,0,IN-1312,200,97.85
02-10-2026,Central Warehouse -Kolkata,Central Warehouse -Kolkata,Dosa Coffee - Lake road 01/0015,Cothas Coffee Powder,Kg,859.17,-,0,0,IN-1312,1,859.17
02-10-2026,Central Warehouse -Kolkata,Central Warehouse -Kolkata,Dosa Coffee - Lake road 01/0015,Bio-Degradable Spoon (1pkt = 50pc),Pc,1.25,-,0,0,IN-1312,200,249.61
02-10-2026,Central Warehouse -Kolkata,Central Warehouse -Kolkata,Dosa Coffee - Lake road 01/0015,Beans,Kg,76.24,-,0,0,IN-1312,0.2,15.25
02-10-2026,Central Warehouse -Kolkata,Central Warehouse -Kolkata,Dosa Coffee - Lake road 01/0015,Amada,Kg,70.24,-,0,0,IN-1312,0.2,14.05
02-10-2026,Central Warehouse -Kolkata,Central Warehouse -Kolkata,Dosa Coffee - Lake road 01/0015,White Butter,Kg,576.7,-,0,0,IN-1312,2.5,1441.76
02-10-2026,Central Warehouse -Kolkata,Central Warehouse -Kolkata,Dosa Coffee - Lake road 01/0015,Watermelon,Kg,34.89,-,0,0,IN-1312,11.6,404.73
02-10-2026,Central Warehouse -Kolkata,Central Warehouse -Kolkata,Dosa Coffee - Lake road 01/0015,Tomato,Kg,40,-,0,0,IN-1312,1.541,61.63
02-10-2026,Central Warehouse -Kolkata,Central Warehouse -Kolkata,Dosa Coffee - Lake road 01/0015,Toilet Paper Roll Round,Pc,20.14,-,0,0,IN-1312,2,40.28
02-10-2026,Central Warehouse -Kolkata,Central Warehouse -Kolkata,Dosa Coffee - Lake road 01/0015,Take Away Packing Box - Small (1bundle = 50pc),Pc,4.31,-,0,0,IN-1312,100,430.65
02-10-2026,Central Warehouse -Kolkata,Central Warehouse -Kolkata,Dosa Coffee - Lake road 01/0015,Sugar,Kg,51.88,-,0,0,IN-1312,2,103.75
02-10-2026,Central Warehouse -Kolkata,Central Warehouse -Kolkata,Dosa Coffee - Lake road 01/0015,Silver Foil,Pc,348.93,-,0,0,IN-1312,1,348.93
02-10-2026,Central Warehouse -Kolkata,Central Warehouse -Kolkata,Dosa Coffee - Lake road 01/0015,Salt,Kg,27.05,-,0,0,IN-1312,2,54.09
02-10-2026,Central Warehouse -Kolkata,Central Warehouse -Kolkata,Dosa Coffee - Lake road 01/0015,Raw Mango,Kg,85.09,-,0,0,IN-1312,0.98,83.38
02-10-2026,Central Warehouse -Kolkata,Central Warehouse -Kolkata,Dosa Coffee - Lake road 01/0015,Raw Green Chili,Kg,74.93,-,0,0,IN-1312,1.5,112.4
02-10-2026,Central Warehouse -Kolkata,Central Warehouse -Kolkata,Dosa Coffee - Lake road 01/0015,Raw Curd,Kg,71.4,-,0,0,IN-1312,6,428.4
02-10-2026,Central Warehouse -Kolkata,Central Warehouse -Kolkata,Dosa Coffee - Lake road 01/0015,Raisin,Kg,457.74,-,0,0,IN-1312,0.1,45.77
02-10-2026,Central Warehouse -Kolkata,Central Warehouse -Kolkata,Dosa Coffee - Lake road 01/0015,Paper Straw (1pkt = 100pc),Pc,0.39,-,0,0,IN-1312,100,38.67
02-10-2026,Central Warehouse -Kolkata,Central Warehouse -Kolkata,Dosa Coffee - Lake road 01/0015,Paper Sleeve (1pkt = 50pc),Pc,3.53,-,0,0,IN-1312,50,176.64
02-10-2026,Central Warehouse -Kolkata,Central Warehouse -Kolkata,Dosa Coffee - Lake road 01/0015,Paper Napkin (1pkt = 100pc),Pc,0.23,-,0,0,IN-1312,500,117.46
02-10-2026,Central Warehouse -Kolkata,Central Warehouse -Kolkata,Dosa Coffee - Lake road 01/0015,Oreo Buiscuits,Pkt,9.71,-,0,0,IN-1312,5,48.55
02-10-2026,Central Warehouse -Kolkata,Central Warehouse -Kolkata,Dosa Coffee - Lake road 01/0015,Onion,Kg,36.18,-,0,0,IN-1312,10,361.84
02-10-2026,Central Warehouse -Kolkata,Central Warehouse -Kolkata,Dosa Coffee - Lake road 01/0015,Mint leaf,Kg,189.66,-,0,0,IN-1312,0.1,18.97
02-10-2026,Central Warehouse -Kolkata,Central Warehouse -Kolkata,Dosa Coffee - Lake road 01/0015,Milk - Tetra 1Ltr,Ltr,77.06,-,0,0,IN-1312,12,924.73
02-10-2026,Central Warehouse -Kolkata,Central Warehouse -Kolkata,Dosa Coffee - Lake road 01/0015,Milk (Adya Dairy),Ltr,61.85,-,0,0,IN-1312,1.5,92.78
02-10-2026,Central Warehouse -Kolkata,Central Warehouse -Kolkata,Dosa Coffee - Lake road 01/0015,Lime,Pc,3.5,-,0,0,IN-1312,60,210.01
02-10-2026,Central Warehouse -Kolkata,Central Warehouse -Kolkata,Dosa Coffee - Lake road 01/0015,kitchen Paper Roll,Piece,299.82,-,0,0,IN-1312,1,299.82
02-10-2026,Central Warehouse -Kolkata,Central Warehouse -Kolkata,Dosa Coffee - Lake road 01/0015,Schweppes Water - 500ml,Pc,25.28,-,0,0,IN-1312,24,606.79
02-10-2026,Central Warehouse -Kolkata,Central Warehouse -Kolkata,Dosa Coffee - Lake road 01/0015,Jaggery,Kg,61.29,-,0,0,IN-1312,0.5,30.64
02-10-2026,Central Warehouse -Kolkata,Central Warehouse -Kolkata,Dosa Coffee - Lake road 01/0015,Green Capsicum,Kg,65.51,-,0,0,IN-1312,0.097,6.35
02-10-2026,Central Warehouse -Kolkata,Central Warehouse -Kolkata,Dosa Coffee - Lake road 01/0015,Glen Container With Lid - 750ml (1pkt = 50pc),Pc,6.37,-,0,0,IN-1312,50,318.75
02-10-2026,Central Warehouse -Kolkata,Central Warehouse -Kolkata,Dosa Coffee - Lake road 01/0015,Glen Container With Lid - 100ml (1pkt = 50pc),Pc,1.76,-,0,0,IN-1312,50,87.76
02-10-2026,Central Warehouse -Kolkata,Central Warehouse -Kolkata,Dosa Coffee - Lake road 01/0015,Ginger,Kg,131.1,-,0,0,IN-1312,2,262.2
02-10-2026,Central Warehouse -Kolkata,Central Warehouse -Kolkata,Dosa Coffee - Lake road 01/0015,Ghee,Kg,750.15,-,0,0,IN-1312,0.905,678.88
02-10-2026,Central Warehouse -Kolkata,Central Warehouse -Kolkata,Dosa Coffee - Lake road 01/0015,Garlic,Kg,139.99,-,0,0,IN-1312,0.2,28
02-10-2026,Central Warehouse -Kolkata,Central Warehouse -Kolkata,Dosa Coffee - Lake road 01/0015,Fried Chana Daal,Kg,97.59,-,0,0,IN-1312,12,1171.1
02-10-2026,Central Warehouse -Kolkata,Central Warehouse -Kolkata,Dosa Coffee - Lake road 01/0015,Idli Daal (Rajkot),Kg,156.17,-,0,0,IN-1312,3,468.5
02-10-2026,Central Warehouse -Kolkata,Central Warehouse -Kolkata,Dosa Coffee - Lake road 01/0015,Curry Leaves,Kg,71.14,-,0,0,IN-1312,0.2,14.23
02-10-2026,Central Warehouse -Kolkata,Central Warehouse -Kolkata,Dosa Coffee - Lake road 01/0015,Cottons Lemonade,Pc,17.44,-,0,0,IN-1312,24,418.62
02-10-2026,Central Warehouse -Kolkata,Central Warehouse -Kolkata,Dosa Coffee - Lake road 01/0015,Coriander Leaves,Kg,99.99,-,0,0,IN-1312,1,99.99
02-10-2026,Central Warehouse -Kolkata,Central Warehouse -Kolkata,Dosa Coffee - Lake road 01/0015,Compartment Tray With Lid - 5CP (1pkt = 25pc),Pc,10.66,-,0,0,IN-1312,25,266.38
02-10-2026,Central Warehouse -Kolkata,Central Warehouse -Kolkata,Dosa Coffee - Lake road 01/0015,Compartment Tray With Lid - 2CP (1pkt = 25pc),Pc,7.63,-,0,0,IN-1312,25,190.77
02-10-2026,Central Warehouse -Kolkata,Central Warehouse -Kolkata,Dosa Coffee - Lake road 01/0015,Chana Daal,Kg,78.56,-,0,0,IN-1312,0.25,19.64
02-10-2026,Central Warehouse -Kolkata,Central Warehouse -Kolkata,Dosa Coffee - Lake road 01/0015,Cashew,Kg,837.61,-,0,0,IN-1312,0.1,83.76
02-10-2026,Central Warehouse -Kolkata,Central Warehouse -Kolkata,Dosa Coffee - Lake road 01/0015,Carry Bag - Small (1pkt = 100pc),Pc,7.08,-,0,0,IN-1312,300,2123.56
02-10-2026,Central Warehouse -Kolkata,Central Warehouse -Kolkata,Dosa Coffee - Lake road 01/0015,Carry Bag - Large(1pkt = 100pc),Pc,10.52,-,0,0,IN-1312,25,263.05
02-10-2026,Central Warehouse -Kolkata,Central Warehouse -Kolkata,Dosa Coffee - Lake road 01/0015,Carrot,Kg,40.99,-,0,0,IN-1312,1.644,67.39
02-10-2026,Central Warehouse -Kolkata,Central Warehouse -Kolkata,Dosa Coffee - Lake road 01/0015,C Fold Tissue (Toilet Tissue),Pkt,49.48,-,0,0,IN-1312,4,197.92
02-10-2026,Central Warehouse -Kolkata,Central Warehouse -Kolkata,Dosa Coffee - Lake road 01/0015,Raw Potato,Kg,18.78,-,0,0,IN-1312,20.3,381.29
02-10-2026,Central Warehouse -Kolkata,Central Warehouse -Kolkata,Dosa Coffee - Lake road 01/0015,Banana Leaf Big (1bundle = 50pc),Pc,1.79,-,0,0,IN-1312,200,358.9
02-10-2026,Central Warehouse -Kolkata,Central Warehouse -Kolkata,Dosa Coffee - Lake road 01/0015,Banana Leaf Small (1bundle = 50pc),Pc,1.25,-,0,0,IN-1312,200,249.97
02-10-2026,Central Warehouse -Kolkata,Central Warehouse -Kolkata,Dosa Coffee - Lake road 01/0015,Amul Cheese,Kg,509.4,-,0,0,IN-1312,1,509.4
02-10-2026,Central Warehouse -Kolkata,Central Warehouse -Kolkata,Dosa Coffee - Lake road 01/0015,Amul Butter,Kg,558.83,-,0,0,IN-1312,0.5,279.41
02-10-2026,Central Warehouse -Kolkata,Central Warehouse -Kolkata,Dosa Coffee - James long Sarani (01/0011),Amul IC BP Vanilla (5L) CF,Ltr,97.67,-,0,0,IN-1502,5,488.34
02-10-2026,Central Warehouse -Kolkata,Central Warehouse -Kolkata,Dosa Coffee - James long Sarani (01/0011),Watermelon,Kg,34.89,-,0,0,IN-1502,5.7,198.87
02-10-2026,Central Warehouse -Kolkata,Central Warehouse -Kolkata,Dosa Coffee - James long Sarani (01/0011),Banana Leaf Big (1bundle = 50pc),Pc,1.79,-,0,0,IN-1502,50,89.72
02-10-2026,Central Warehouse -Kolkata,Central Warehouse -Kolkata,Dosa Coffee - James long Sarani (01/0011),Banana Leaf Small (1bundle = 50pc),Pc,1.25,-,0,0,IN-1502,100,124.98
02-10-2026,Central Warehouse -Kolkata,Central Warehouse -Kolkata,Dosa Coffee - James long Sarani (01/0011),Raw Potato,Kg,18.78,-,0,0,IN-1502,22.2,416.98
02-10-2026,Central Warehouse -Kolkata,Central Warehouse -Kolkata,Dosa Coffee - James long Sarani (01/0011),Raisin,Kg,457.74,-,0,0,IN-1502,0.1,45.77
02-10-2026,Central Warehouse -Kolkata,Central Warehouse -Kolkata,Dosa Coffee - James long Sarani (01/0011),Cashew,Kg,837.61,-,0,0,IN-1502,0.1,83.76
02-10-2026,Central Warehouse -Kolkata,Central Warehouse -Kolkata,Dosa Coffee - James long Sarani (01/0011),Onion,Kg,36.18,-,0,0,IN-1502,5.113,185.01
02-10-2026,Central Warehouse -Kolkata,Central Warehouse -Kolkata,Dosa Coffee - James long Sarani (01/0011),Lime,Pc,3.5,-,0,0,IN-1502,20,70
02-10-2026,Central Warehouse -Kolkata,Central Warehouse -Kolkata,Dosa Coffee - James long Sarani (01/0011),Carrot,Kg,40.99,-,0,0,IN-1502,0.5,20.5
02-10-2026,Central Warehouse -Kolkata,Central Warehouse -Kolkata,Dosa Coffee - James long Sarani (01/0011),Tomato,Kg,40,-,0,0,IN-1502,1.5,59.99
02-10-2026,Central Warehouse -Kolkata,Central Warehouse -Kolkata,Dosa Coffee - James long Sarani (01/0011),Coriander Leaves,Kg,99.99,-,0,0,IN-1502,0.3,30
02-10-2026,Central Warehouse -Kolkata,Central Warehouse -Kolkata,Dosa Coffee - James long Sarani (01/0011),Curry Leaves,Kg,71.14,-,0,0,IN-1502,0.2,14.23
02-10-2026,Central Warehouse -Kolkata,Central Warehouse -Kolkata,Dosa Coffee - James long Sarani (01/0011),Garlic,Kg,139.99,-,0,0,IN-1502,0.25,35
02-10-2026,Central Warehouse -Kolkata,Central Warehouse -Kolkata,Dosa Coffee - James long Sarani (01/0011),Raw Green Chili,Kg,74.93,-,0,0,IN-1502,1,74.93
02-10-2026,Central Warehouse -Kolkata,Central Warehouse -Kolkata,Dosa Coffee - James long Sarani (01/0011),Beans,Kg,76.24,-,0,0,IN-1502,0.3,22.87
02-10-2026,Central Warehouse -Kolkata,Central Warehouse -Kolkata,Dosa Coffee - James long Sarani (01/0011),Amada,Kg,70.24,-,0,0,IN-1502,0.2,14.05
02-10-2026,Central Warehouse -Kolkata,Central Warehouse -Kolkata,Dosa Coffee - James long Sarani (01/0011),Raw Mango,Kg,85.09,-,0,0,IN-1502,0.984,83.72
02-10-2026,Central Warehouse -Kolkata,Central Warehouse -Kolkata,Dosa Coffee - James long Sarani (01/0011),Amul Cheese,Kg,509.4,-,0,0,IN-1502,1,509.4
02-10-2026,Central Warehouse -Kolkata,Central Warehouse -Kolkata,Dosa Coffee - James long Sarani (01/0011),Amul Butter,Kg,558.83,-,0,0,IN-1502,0.5,279.41
02-10-2026,Central Warehouse -Kolkata,Central Warehouse -Kolkata,Dosa Coffee - James long Sarani (01/0011),White Butter,Kg,576.7,-,0,0,IN-1502,0.5,288.35
02-10-2026,Central Warehouse -Kolkata,Central Warehouse -Kolkata,Dosa Coffee - James long Sarani (01/0011),Milk (Adya Dairy),Ltr,61.85,-,0,0,IN-1502,1,61.85
02-10-2026,Central Warehouse -Kolkata,Central Warehouse -Kolkata,Dosa Coffee - James long Sarani (01/0011),Paneer,Kg,299,-,0,0,IN-1502,1,299
02-10-2026,Central Warehouse -Kolkata,Central Warehouse -Kolkata,Dosa Coffee - James long Sarani (01/0011),Kinley Soda 750ml Pet,Pc,15.81,-,0,0,IN-1502,2,31.62
02-10-2026,Central Warehouse -Kolkata,Central Warehouse -Kolkata,Dosa Coffee - James long Sarani (01/0011),Glen Container With Lid - 250ml (1pkt = 50pc),Pc,3.86,-,0,0,IN-1502,500,1929.57
02-10-2026,Central Warehouse -Kolkata,Central Warehouse -Kolkata,Dosa Coffee - James long Sarani (01/0011),Take Away Packing Box - Small (1bundle = 50pc),Pc,4.31,-,0,0,IN-1502,100,430.65
02-10-2026,Central Warehouse -Kolkata,Central Warehouse -Kolkata,Dosa Coffee - James long Sarani (01/0011),Milk - Tetra 1Ltr,Ltr,77.06,-,0,0,IN-1502,12,924.73
02-10-2026,Central Warehouse -Kolkata,Central Warehouse -Kolkata,Dosa Coffee - James long Sarani (01/0011),Cottons Lemonade,Pc,17.44,-,0,0,IN-1502,24,418.62
02-10-2026,Central Warehouse -Kolkata,Central Warehouse -Kolkata,Dosa Coffee - James long Sarani (01/0011),Check Cloth,Pc,18.37,-,0,0,IN-1502,2,36.74
02-10-2026,Central Warehouse -Kolkata,Central Warehouse -Kolkata,Dosa Coffee - James long Sarani (01/0011),Sticker - MRD (1sheet=108pc),Pc,0.13,-,0,0,IN-1502,648,84.02
02-10-2026,Central Warehouse -Kolkata,Central Warehouse -Kolkata,Dosa Coffee - James long Sarani (01/0011),Toilet Paper Roll Round,Pc,20.14,-,0,0,IN-1502,2,40.28
02-10-2026,Central Warehouse -Kolkata,Central Warehouse -Kolkata,Dosa Coffee - James long Sarani (01/0011),Paper Napkin (1pkt = 100pc),Pc,0.23,-,0,0,IN-1502,500,117.46
02-10-2026,Central Warehouse -Kolkata,Central Warehouse -Kolkata,Dosa Coffee - James long Sarani (01/0011),Fried Chana Daal,Kg,97.59,-,0,0,IN-1502,2,195.18
02-10-2026,Central Warehouse -Kolkata,Central Warehouse -Kolkata,Dosa Coffee - James long Sarani (01/0011),Room Freshner,Pc,77.62,-,0,0,IN-1502,1,77.62
02-10-2026,Central Warehouse -Kolkata,Central Warehouse -Kolkata,Dosa Coffee - James long Sarani (01/0011),Sponge Wipe,Pkt,132.64,-,0,0,IN-1502,1,132.64
02-10-2026,Central Warehouse -Kolkata,Central Warehouse -Kolkata,Dosa Coffee - James long Sarani (01/0011),Garbage Bag Large (36 X 42),Pkt,69.46,-,0,0,IN-1502,2,138.93
02-10-2026,Central Warehouse -Kolkata,Central Warehouse -Kolkata,Dosa Coffee - James long Sarani (01/0011),Ecolab-Clean & SoftAB (1can = 5ltr),Can,584.19,-,0,0,IN-1502,1,584.19
02-10-2026,Central Warehouse -Kolkata,Central Warehouse -Kolkata,Dosa Coffee - James long Sarani (01/0011),Ecolab-Grill Cleaner Pluss (1can = 5ltr),Can,1546.07,-,0,0,IN-1502,1,1546.07
02-10-2026,Central Warehouse -Kolkata,Central Warehouse -Kolkata,Dosa Coffee - James long Sarani (01/0011),Ecolab-Multi Purpose SINK Detergent (1can = 1ltr),Can,403.18,-,0,0,IN-1502,1,403.18
02-10-2026,Central Warehouse -Kolkata,Central Warehouse -Kolkata,Dosa Coffee - James long Sarani (01/0011),Idli Daal (Rajkot),Kg,156.17,-,0,0,IN-1502,2,312.33
02-10-2026,Central Warehouse -Kolkata,Central Warehouse -Kolkata,Dosa Coffee - Calcutta Swiming Club (0007),Banana Leaf Small (1bundle = 50pc),Pc,1.25,-,0,0,IN-1510,50,62.49
02-10-2026,Central Warehouse -Kolkata,Central Warehouse -Kolkata,Dosa Coffee - Calcutta Swiming Club (0007),Ghee,Kg,750.15,-,0,0,IN-1510,0.905,678.88
02-10-2026,Central Warehouse -Kolkata,Central Warehouse -Kolkata,Dosa Coffee - Calcutta Swiming Club (0007),Sticker - MRD (1sheet=108pc),Pc,0.13,-,0,0,IN-1510,108,14
02-10-2026,Central Warehouse -Kolkata,Central Warehouse -Kolkata,Dosa Coffee - Forum (0003),Raw Mango,Kg,85.09,-,0,0,IN-1708,0.6,51.05
02-10-2026,Central Warehouse -Kolkata,Central Warehouse -Kolkata,Dosa Coffee - Forum (0003),Thermal Printer Roll - Posiflex,Pc,46.02,-,0,0,IN-1708,4,184.08
02-10-2026,Central Warehouse -Kolkata,Central Warehouse -Kolkata,Dosa Coffee - Forum (0003),Brown Sugar Sachet  (1pkt = 200pc),Pc,0.49,-,0,0,IN-1708,200,97.85
02-10-2026,Central Warehouse -Kolkata,Central Warehouse -Kolkata,Dosa Coffee - Forum (0003),Bio-Degradable Spoon (1pkt = 50pc),Pc,1.25,-,0,0,IN-1708,200,249.61
02-10-2026,Central Warehouse -Kolkata,Central Warehouse -Kolkata,Dosa Coffee - Forum (0003),Paper Napkin (1pkt = 100pc),Pc,0.23,-,0,0,IN-1708,400,93.97
02-10-2026,Central Warehouse -Kolkata,Central Warehouse -Kolkata,Dosa Coffee - Forum (0003),Paneer,Kg,299,-,0,0,IN-1708,1,299
02-10-2026,Central Warehouse -Kolkata,Central Warehouse -Kolkata,Dosa Coffee - Forum (0003),Lime,Pc,3.5,-,0,0,IN-1708,20,70
02-10-2026,Central Warehouse -Kolkata,Central Warehouse -Kolkata,Dosa Coffee - Forum (0003),Coffee Cup (1Pkt = 50Pics),Pc,3.96,-,0,0,IN-1708,50,198.18
02-10-2026,Central Warehouse -Kolkata,Central Warehouse -Kolkata,Dosa Coffee - Forum (0003),Milk (Adya Dairy),Ltr,61.85,-,0,0,IN-1708,0.5,30.93
02-10-2026,Central Warehouse -Kolkata,Central Warehouse -Kolkata,Dosa Coffee - Forum (0003),Paper Food Container - 100ml (1pkt = 50pc),Pc,1.79,-,0,0,IN-1708,100,178.64
02-10-2026,Central Warehouse -Kolkata,Central Warehouse -Kolkata,Dosa Coffee - Forum (0003),Idli Daal (Rajkot),Kg,156.17,-,0,0,IN-1708,1,156.17
02-10-2026,Central Warehouse -Kolkata,Central Warehouse -Kolkata,Dosa Coffee - Forum (0003),Glass Bottle 300ml W/Cap (1box = 48pc),Pc,12.43,-,0,0,IN-1708,48,596.5
02-10-2026,Central Warehouse -Kolkata,Central Warehouse -Kolkata,Dosa Coffee - Forum (0003),Cothas Coffee Powder,Kg,859.17,-,0,0,IN-1708,1,859.17
02-10-2026,Central Warehouse -Kolkata,Central Warehouse -Kolkata,Dosa Coffee - Forum (0003),Raw Curd,Kg,71.4,-,0,0,IN-1708,1,71.4
02-10-2026,Central Warehouse -Kolkata,Central Warehouse -Kolkata,Dosa Coffee - Forum (0003),Ghee,Kg,750.15,-,0,0,IN-1708,0.905,678.88
02-10-2026,Central Warehouse -Kolkata,Central Warehouse -Kolkata,Dosa Coffee - Forum (0003),Sunflower Refined Oil  ( 1pkt = 868 Ml ),Ltr,167.48,-,0,0,IN-1708,13.888,2325.96
02-10-2026,Central Warehouse -Kolkata,Central Warehouse -Kolkata,Dosa Coffee - Forum (0003),Amul Butter,Kg,558.83,-,0,0,IN-1708,0.5,279.41
02-10-2026,Central Warehouse -Kolkata,Central Warehouse -Kolkata,Dosa Coffee - Forum (0003),Amul Cheese,Kg,509.4,-,0,0,IN-1708,1,509.4
02-10-2026,Central Warehouse -Kolkata,Central Warehouse -Kolkata,Dosa Coffee - Forum (0003),White Butter,Kg,576.7,-,0,0,IN-1708,1,576.7
02-10-2026,Central Warehouse -Kolkata,Central Warehouse -Kolkata,Dosa Coffee - Forum (0003),Banana Leaf Big (1bundle = 50pc),Pc,1.79,-,0,0,IN-1708,100,179.45
02-10-2026,Central Warehouse -Kolkata,Central Warehouse -Kolkata,Dosa Coffee - Forum (0003),Curry Leaves,Kg,71.14,-,0,0,IN-1708,0.05,3.56
02-10-2026,Central Warehouse -Kolkata,Central Warehouse -Kolkata,Dosa Coffee - Forum (0003),Mint leaf,Kg,189.66,-,0,0,IN-1708,0.05,9.48
02-10-2026,Central Warehouse -Kolkata,Central Warehouse -Kolkata,Dosa Coffee - Forum (0003),Coriander Leaves,Kg,99.99,-,0,0,IN-1708,0.3,30
02-10-2026,Central Warehouse -Kolkata,Central Warehouse -Kolkata,Dosa Coffee - Forum (0003),Tomato,Kg,40,-,0,0,IN-1708,0.518,20.72
02-10-2026,Central Warehouse -Kolkata,Central Warehouse -Kolkata,Dosa Coffee - Forum (0003),Carrot,Kg,40.99,-,0,0,IN-1708,0.53,21.73
02-10-2026,Central Warehouse -Kolkata,Central Warehouse -Kolkata,Dosa Coffee - Forum (0003),Onion,Kg,36.18,-,0,0,IN-1708,3.165,114.52
02-10-2026,Central Warehouse -Kolkata,Central Warehouse -Kolkata,Dosa Coffee - Forum (0003),Raw Potato,Kg,18.78,-,0,0,IN-1708,10,187.83
02-10-2026,Central Warehouse -Kolkata,Central Warehouse -Kolkata,Dosa Coffee - Forum (0003),Raw Green Chili,Kg,74.93,-,0,0,IN-1708,0.5,37.47
02-10-2026,Central Warehouse -Kolkata,Central Warehouse -Kolkata,Dosa Coffee - Forum (0003),Ginger,Kg,131.1,-,0,0,IN-1708,0.5,65.55
02-10-2026,Central Warehouse -Kolkata,Central Warehouse -Kolkata,Dosa Coffee - Forum (0003),Fried Chana Daal,Kg,97.59,-,0,0,IN-1708,3,292.77
02-10-2026,Central Warehouse -Kolkata,Central Warehouse -Kolkata,Dosa Coffee - Rangoli Mall (01/0010),Black T Shirt,Pc,378.19,-,0,0,IN-1628,2,756.38
02-10-2026,Central Warehouse -Kolkata,Central Warehouse -Kolkata,Dosa Coffee - Rangoli Mall (01/0010),Black Cap,Pc,139.93,-,0,0,IN-1628,1,139.93
02-10-2026,Central Warehouse -Kolkata,Central Warehouse -Kolkata,Dosa Coffee - Rangoli Mall (01/0010),Tea Leaf,Kg,202.9,-,0,0,IN-1629,1,202.9
02-10-2026,Central Warehouse -Kolkata,Central Warehouse -Kolkata,Dosa Coffee - Rangoli Mall (01/0010),Ghee,Kg,750.15,-,0,0,IN-1629,0.905,678.88
02-10-2026,Central Warehouse -Kolkata,Central Warehouse -Kolkata,Dosa Coffee - Rangoli Mall (01/0010),Carrot,Kg,40.99,-,0,0,IN-1629,1.108,45.42
02-10-2026,Central Warehouse -Kolkata,Central Warehouse -Kolkata,Dosa Coffee - Rangoli Mall (01/0010),Rubber Hand Gloves (1pkt=100pc),Pc,2.72,-,0,0,IN-1629,100,271.79
02-10-2026,Central Warehouse -Kolkata,Central Warehouse -Kolkata,Dosa Coffee - Rangoli Mall (01/0010),Banana Leaf Small (1bundle = 50pc),Pc,1.25,-,0,0,IN-1629,100,124.98
02-10-2026,Central Warehouse -Kolkata,Central Warehouse -Kolkata,Dosa Coffee - Rangoli Mall (01/0010),Banana Leaf Big (1bundle = 50pc),Pc,1.79,-,0,0,IN-1629,200,358.9
02-10-2026,Central Warehouse -Kolkata,Central Warehouse -Kolkata,Dosa Coffee - Rangoli Mall (01/0010),Ecolab-Multi Purpose SINK Detergent (1can = 1ltr),Can,403.18,-,0,0,IN-1629,5,2015.92
02-10-2026,Central Warehouse -Kolkata,Central Warehouse -Kolkata,Dosa Coffee - Rangoli Mall (01/0010),Silver Foil,Pc,348.93,-,0,0,IN-1629,1,348.93
02-10-2026,Central Warehouse -Kolkata,Central Warehouse -Kolkata,Dosa Coffee - Rangoli Mall (01/0010),Watermelon,Kg,34.89,-,0,0,IN-1629,4.588,160.08
02-10-2026,Central Warehouse -Kolkata,Central Warehouse -Kolkata,Dosa Coffee - Rangoli Mall (01/0010),Mint leaf,Kg,189.66,-,0,0,IN-1629,0.3,56.9
02-10-2026,Central Warehouse -Kolkata,Central Warehouse -Kolkata,Dosa Coffee - Rangoli Mall (01/0010),Coriander Leaves,Kg,99.99,-,0,0,IN-1629,0.5,50
02-10-2026,Central Warehouse -Kolkata,Central Warehouse -Kolkata,Dosa Coffee - Rangoli Mall (01/0010),Lime,Pc,3.5,-,0,0,IN-1629,30,105
02-10-2026,Central Warehouse -Kolkata,Central Warehouse -Kolkata,Dosa Coffee - Rangoli Mall (01/0010),Beans,Kg,76.24,-,0,0,IN-1629,0.5,38.12
02-10-2026,Central Warehouse -Kolkata,Central Warehouse -Kolkata,Dosa Coffee - Rangoli Mall (01/0010),Tomato,Kg,40,-,0,0,IN-1629,1.04,41.6
02-10-2026,Central Warehouse -Kolkata,Central Warehouse -Kolkata,Dosa Coffee - Rangoli Mall (01/0010),Onion,Kg,36.18,-,0,0,IN-1629,5.068,183.38
02-10-2026,Central Warehouse -Kolkata,Central Warehouse -Kolkata,Dosa Coffee - Rangoli Mall (01/0010),Ginger,Kg,131.1,-,0,0,IN-1629,1,131.1
02-10-2026,Central Warehouse -Kolkata,Central Warehouse -Kolkata,Dosa Coffee - Rangoli Mall (01/0010),Amul IC BP Vanilla (5L) CF,Ltr,97.67,-,0,0,IN-1629,5,488.34
02-10-2026,Central Warehouse -Kolkata,Central Warehouse -Kolkata,Dosa Coffee - Rangoli Mall (01/0010),Paper Napkin (1pkt = 100pc),Pc,0.23,-,0,0,IN-1629,500,117.46
02-10-2026,Central Warehouse -Kolkata,Central Warehouse -Kolkata,Dosa Coffee - Rangoli Mall (01/0010),Amul Cheese,Kg,509.4,-,0,0,IN-1629,1,509.4
02-10-2026,Central Warehouse -Kolkata,Central Warehouse -Kolkata,Dosa Coffee - Rangoli Mall (01/0010),Milk (Adya Dairy),Ltr,61.85,-,0,0,IN-1629,1.5,92.78
02-10-2026,Central Warehouse -Kolkata,Central Warehouse -Kolkata,Dosa Coffee - Rangoli Mall (01/0010),Glen Container With Lid - 250ml (1pkt = 50pc),Pc,3.86,-,0,0,IN-1629,500,1929.57
02-10-2026,Central Warehouse -Kolkata,Central Warehouse -Kolkata,Dosa Coffee - Rangoli Mall (01/0010),Raw Curd,Kg,71.4,-,0,0,IN-1629,5,357
02-10-2026,Central Warehouse -Kolkata,Central Warehouse -Kolkata,Dosa Coffee - Rangoli Mall (01/0010),Cothas Coffee Powder,Kg,859.17,-,0,0,IN-1629,1,859.17
02-10-2026,Central Warehouse -Kolkata,Central Warehouse -Kolkata,Dosa Coffee - Rangoli Mall (01/0010),Salt,Kg,27.05,-,0,0,IN-1629,1,27.05
02-10-2026,Central Warehouse -Kolkata,Central Warehouse -Kolkata,Dosa Coffee - Rangoli Mall (01/0010),Fried Chana Daal,Kg,97.59,-,0,0,IN-1629,5,487.96
02-10-2026,Central Warehouse -Kolkata,Central Warehouse -Kolkata,Dosa Coffee - Kalikapur (01/0014),Raw Potato,Kg,18.78,-,0,0,IN-1510,15,281.74
02-10-2026,Central Warehouse -Kolkata,Central Warehouse -Kolkata,Dosa Coffee - Kalikapur (01/0014),Cothas Coffee Powder,Kg,859.17,-,0,0,IN-1510,0.5,429.58
02-10-2026,Central Warehouse -Kolkata,Central Warehouse -Kolkata,Dosa Coffee - Kalikapur (01/0014),White Butter,Kg,576.7,-,0,0,IN-1510,0.5,288.35
02-10-2026,Central Warehouse -Kolkata,Central Warehouse -Kolkata,Dosa Coffee - Kalikapur (01/0014),Watermelon,Kg,34.89,-,0,0,IN-1510,5,174.45
02-10-2026,Central Warehouse -Kolkata,Central Warehouse -Kolkata,Dosa Coffee - Kalikapur (01/0014),Tomato,Kg,40,-,0,0,IN-1510,1,40
02-10-2026,Central Warehouse -Kolkata,Central Warehouse -Kolkata,Dosa Coffee - Kalikapur (01/0014),Thermal Printer Roll - Posiflex,Pc,46.02,-,0,0,IN-1510,3,138.06
02-10-2026,Central Warehouse -Kolkata,Central Warehouse -Kolkata,Dosa Coffee - Kalikapur (01/0014),Take Away Packing Box - Small (1bundle = 50pc),Pc,4.31,-,0,0,IN-1510,100,430.65
02-10-2026,Central Warehouse -Kolkata,Central Warehouse -Kolkata,Dosa Coffee - Kalikapur (01/0014),Sunflower Refined Oil  ( 1pkt = 868 Ml ),Ltr,167.48,-,0,0,IN-1510,1.736,290.74
02-10-2026,Central Warehouse -Kolkata,Central Warehouse -Kolkata,Dosa Coffee - Kalikapur (01/0014),Scrubber - Scotch Brite,Pc,12.26,-,0,0,IN-1510,2,24.53
02-10-2026,Central Warehouse -Kolkata,Central Warehouse -Kolkata,Dosa Coffee - Kalikapur (01/0014),Salt,Kg,27.05,-,0,0,IN-1510,1,27.05
02-10-2026,Central Warehouse -Kolkata,Central Warehouse -Kolkata,Dosa Coffee - Kalikapur (01/0014),Raw Mango,Kg,85.09,-,0,0,IN-1510,0.5,42.54
02-10-2026,Central Warehouse -Kolkata,Central Warehouse -Kolkata,Dosa Coffee - Kalikapur (01/0014),Raw Green Chili,Kg,74.93,-,0,0,IN-1510,0.5,37.47
02-10-2026,Central Warehouse -Kolkata,Central Warehouse -Kolkata,Dosa Coffee - Kalikapur (01/0014),Raw Curd,Kg,71.4,-,0,0,IN-1510,4,285.6
02-10-2026,Central Warehouse -Kolkata,Central Warehouse -Kolkata,Dosa Coffee - Kalikapur (01/0014),Onion,Kg,36.18,-,0,0,IN-1510,3,108.55
02-10-2026,Central Warehouse -Kolkata,Central Warehouse -Kolkata,Dosa Coffee - Kalikapur (01/0014),Mint leaf,Kg,189.66,-,0,0,IN-1510,0.2,37.93
02-10-2026,Central Warehouse -Kolkata,Central Warehouse -Kolkata,Dosa Coffee - Kalikapur (01/0014),Milk (Adya Dairy),Ltr,61.85,-,0,0,IN-1510,1,61.85
02-10-2026,Central Warehouse -Kolkata,Central Warehouse -Kolkata,Dosa Coffee - Kalikapur (01/0014),Kinley Soda 750ml Pet,Pc,15.81,-,0,0,IN-1510,3,47.43
02-10-2026,Central Warehouse -Kolkata,Central Warehouse -Kolkata,Dosa Coffee - Kalikapur (01/0014),Idli Cloth (Markin Cloth),Pc,25.04,-,0,0,IN-1510,4,100.16
02-10-2026,Central Warehouse -Kolkata,Central Warehouse -Kolkata,Dosa Coffee - Kalikapur (01/0014),Glen Container With Lid - 250ml (1pkt = 50pc),Pc,3.86,-,0,0,IN-1510,500,1929.57
02-10-2026,Central Warehouse -Kolkata,Central Warehouse -Kolkata,Dosa Coffee - Kalikapur (01/0014),Ginger,Kg,131.1,-,0,0,IN-1510,1,131.1
02-10-2026,Central Warehouse -Kolkata,Central Warehouse -Kolkata,Dosa Coffee - Kalikapur (01/0014),Ghee,Kg,750.15,-,0,0,IN-1510,0.905,678.88
02-10-2026,Central Warehouse -Kolkata,Central Warehouse -Kolkata,Dosa Coffee - Kalikapur (01/0014),Fried Chana Daal,Kg,97.59,-,0,0,IN-1510,4,390.37
02-10-2026,Central Warehouse -Kolkata,Central Warehouse -Kolkata,Dosa Coffee - Kalikapur (01/0014),Ecolab-Grill Cleaner Pluss (1can = 5ltr),Can,1546.07,-,0,0,IN-1510,1,1546.07
02-10-2026,Central Warehouse -Kolkata,Central Warehouse -Kolkata,Dosa Coffee - Kalikapur (01/0014),DIY Kits Box,Pc,28.35,-,0,0,IN-1510,5,141.75
02-10-2026,Central Warehouse -Kolkata,Central Warehouse -Kolkata,Dosa Coffee - Kalikapur (01/0014),Cottons Lemonade,Pc,17.44,-,0,0,IN-1510,24,418.62
02-10-2026,Central Warehouse -Kolkata,Central Warehouse -Kolkata,Dosa Coffee - Kalikapur (01/0014),Coriander Leaves,Kg,99.99,-,0,0,IN-1510,0.4,40
02-10-2026,Central Warehouse -Kolkata,Central Warehouse -Kolkata,Dosa Coffee - Kalikapur (01/0014),Compartment Tray With Lid - 5CP (1pkt = 25pc),Pc,10.66,-,0,0,IN-1510,25,266.38
02-10-2026,Central Warehouse -Kolkata,Central Warehouse -Kolkata,Dosa Coffee - Kalikapur (01/0014),Carrot,Kg,40.99,-,0,0,IN-1510,1.183,48.5
02-10-2026,Central Warehouse -Kolkata,Central Warehouse -Kolkata,Dosa Coffee - Kalikapur (01/0014),Black Salt,gm,0.03,-,0,0,IN-1510,1000,29.63
02-10-2026,Central Warehouse -Kolkata,Central Warehouse -Kolkata,Dosa Coffee - Kalikapur (01/0014),Bio-Degradable Spoon (1pkt = 50pc),Pc,1.25,-,0,0,IN-1510,200,249.61
02-10-2026,Central Warehouse -Kolkata,Central Warehouse -Kolkata,Dosa Coffee - Kalikapur (01/0014),Beans,Kg,76.24,-,0,0,IN-1510,0.2,15.25
02-10-2026,Central Warehouse -Kolkata,Central Warehouse -Kolkata,Dosa Coffee - Kalikapur (01/0014),Banana Leaf Small (1bundle = 50pc),Pc,1.25,-,0,0,IN-1510,50,62.49
02-10-2026,Central Warehouse -Kolkata,Central Warehouse -Kolkata,Dosa Coffee - Kalikapur (01/0014),Banana Leaf Big (1bundle = 50pc),Pc,1.79,-,0,0,IN-1510,100,179.45
02-10-2026,Central Warehouse -Kolkata,Central Warehouse -Kolkata,Dosa Coffee - Kalikapur (01/0014),1000ml Round Bucket (DIY),Piece,14.28,-,0,0,IN-1510,10,142.85
02-10-2026,Central Warehouse -Kolkata,Central Warehouse -Kolkata,Dosa Coffee - Lake Town (0005),Hot Coffee Cup 150ml (1pkt=25pc),Pc,1.23,-,0,0,IN-2147,25,30.68
02-10-2026,Central Warehouse -Kolkata,Central Warehouse -Kolkata,Dosa Coffee - Lake Town (0005),White Butter,Kg,576.7,-,0,0,IN-2147,1,576.7
02-10-2026,Central Warehouse -Kolkata,Central Warehouse -Kolkata,Dosa Coffee - Lake Town (0005),Tomato,Kg,40,-,0,0,IN-2147,0.5,20
02-10-2026,Central Warehouse -Kolkata,Central Warehouse -Kolkata,Dosa Coffee - Lake Town (0005),Take Away Packing Box - Small (1bundle = 50pc),Pc,4.31,-,0,0,IN-2147,100,430.65
02-10-2026,Central Warehouse -Kolkata,Central Warehouse -Kolkata,Dosa Coffee - Lake Town (0005),Supari,Pkt,148.81,-,0,0,IN-2147,1,148.81
02-10-2026,Central Warehouse -Kolkata,Central Warehouse -Kolkata,Dosa Coffee - Lake Town (0005),Sunflower Refined Oil  ( 1pkt = 868 Ml ),Ltr,167.48,-,0,0,IN-2147,13.888,2325.96
02-10-2026,Central Warehouse -Kolkata,Central Warehouse -Kolkata,Dosa Coffee - Lake Town (0005),Sticker - MRD (1sheet=108pc),Pc,0.13,-,0,0,IN-2147,432,56.01
02-10-2026,Central Warehouse -Kolkata,Central Warehouse -Kolkata,Dosa Coffee - Lake Town (0005),Silver Foil,Pc,348.93,-,0,0,IN-2147,1,348.93
02-10-2026,Central Warehouse -Kolkata,Central Warehouse -Kolkata,Dosa Coffee - Lake Town (0005),Schweppes Water - 500ml,Pc,25.28,-,0,0,IN-2147,24,606.79
02-10-2026,Central Warehouse -Kolkata,Central Warehouse -Kolkata,Dosa Coffee - Lake Town (0005),Raw Green Chili,Kg,74.93,-,0,0,IN-2147,0.5,37.47
02-10-2026,Central Warehouse -Kolkata,Central Warehouse -Kolkata,Dosa Coffee - Lake Town (0005),Raw Mango,Kg,85.09,-,0,0,IN-2147,0.536,45.61
02-10-2026,Central Warehouse -Kolkata,Central Warehouse -Kolkata,Dosa Coffee - Lake Town (0005),Paper Napkin (1pkt = 100pc),Pc,0.23,-,0,0,IN-2147,300,70.48
02-10-2026,Central Warehouse -Kolkata,Central Warehouse -Kolkata,Dosa Coffee - Lake Town (0005),Onion,Kg,36.18,-,0,0,IN-2147,3.03,109.64
02-10-2026,Central Warehouse -Kolkata,Central Warehouse -Kolkata,Dosa Coffee - Lake Town (0005),Milk - Tetra 1Ltr,Ltr,77.06,-,0,0,IN-2147,12,924.73
02-10-2026,Central Warehouse -Kolkata,Central Warehouse -Kolkata,Dosa Coffee - Lake Town (0005),Milk (Adya Dairy),Ltr,61.85,-,0,0,IN-2147,0.5,30.93
02-10-2026,Central Warehouse -Kolkata,Central Warehouse -Kolkata,Dosa Coffee - Lake Town (0005),Hairnet (Comfort Cap 1pkt=100 pc),Pc,0.78,-,0,0,IN-2147,100,78.23
02-10-2026,Central Warehouse -Kolkata,Central Warehouse -Kolkata,Dosa Coffee - Lake Town (0005),Green Capsicum,Kg,65.51,-,0,0,IN-2147,0.2,13.1
02-10-2026,Central Warehouse -Kolkata,Central Warehouse -Kolkata,Dosa Coffee - Lake Town (0005),Glen Container With Lid - 500ml (1pkt = 50pc),Pc,4.29,-,0,0,IN-2147,500,2142.88
02-10-2026,Central Warehouse -Kolkata,Central Warehouse -Kolkata,Dosa Coffee - Lake Town (0005),Ginger,Kg,131.1,-,0,0,IN-2147,1,131.1
02-10-2026,Central Warehouse -Kolkata,Central Warehouse -Kolkata,Dosa Coffee - Lake Town (0005),Ghee,Kg,750.15,-,0,0,IN-2147,0.905,678.88
02-10-2026,Central Warehouse -Kolkata,Central Warehouse -Kolkata,Dosa Coffee - Lake Town (0005),Garbage Bag Small (20 X 24),Pkt,53.62,-,0,0,IN-2147,2,107.25
02-10-2026,Central Warehouse -Kolkata,Central Warehouse -Kolkata,Dosa Coffee - Lake Town (0005),Fried Chana Daal,Kg,97.59,-,0,0,IN-2147,5,487.96
02-10-2026,Central Warehouse -Kolkata,Central Warehouse -Kolkata,Dosa Coffee - Lake Town (0005),Ecolab-Multi Purpose SINK Detergent (1can = 1ltr),Can,403.18,-,0,0,IN-2147,2,806.37
02-10-2026,Central Warehouse -Kolkata,Central Warehouse -Kolkata,Dosa Coffee - Lake Town (0005),Coriander Leaves,Kg,99.99,-,0,0,IN-2147,1,99.99
02-10-2026,Central Warehouse -Kolkata,Central Warehouse -Kolkata,Dosa Coffee - Lake Town (0005),Carry Bag - Small (1pkt = 100pc),Pc,7.08,-,0,0,IN-2147,300,2123.56
02-10-2026,Central Warehouse -Kolkata,Central Warehouse -Kolkata,Dosa Coffee - Lake Town (0005),Carry Bag - Large(1pkt = 100pc),Pc,10.52,-,0,0,IN-2147,100,1052.22
02-10-2026,Central Warehouse -Kolkata,Central Warehouse -Kolkata,Dosa Coffee - Lake Town (0005),Carrot,Kg,40.99,-,0,0,IN-2147,0.83,34.03
02-10-2026,Central Warehouse -Kolkata,Central Warehouse -Kolkata,Dosa Coffee - Lake Town (0005),Bio-Degradable Spoon (1pkt = 50pc),Pc,1.25,-,0,0,IN-2147,150,187.2
02-10-2026,Central Warehouse -Kolkata,Central Warehouse -Kolkata,Dosa Coffee - Lake Town (0005),Beans,Kg,76.24,-,0,0,IN-2147,0.3,22.87
02-10-2026,Central Warehouse -Kolkata,Central Warehouse -Kolkata,Dosa Coffee - Lake Town (0005),Banana Leaf Small (1bundle = 50pc),Pc,1.25,-,0,0,IN-2147,100,124.98
02-10-2026,Central Warehouse -Kolkata,Central Warehouse -Kolkata,Dosa Coffee - Lake Town (0005),Amada,Kg,70.24,-,0,0,IN-2147,0.05,3.51
02-10-2026,Central Warehouse -Kolkata,Central Warehouse -Kolkata,Dosa Coffee - Lake Town (0005),Cothas Coffee Powder,Kg,859.17,-,0,0,IN-2147,1,859.17
02-10-2026,Central Warehouse -Kolkata,Central Warehouse -Kolkata,Dosa Coffee - Salt Lake Sec-1 (0009),Amada,Kg,70.24,-,0,0,IN-2009,0.1,7.02
02-10-2026,Central Warehouse -Kolkata,Central Warehouse -Kolkata,Dosa Coffee - Salt Lake Sec-1 (0009),DIY Kits Box,Pc,28.35,-,0,0,IN-2009,4,113.4
02-10-2026,Central Warehouse -Kolkata,Central Warehouse -Kolkata,Dosa Coffee - Salt Lake Sec-1 (0009),Toilet Paper Roll Round,Pc,20.14,-,0,0,IN-2009,3,60.42
02-10-2026,Central Warehouse -Kolkata,Central Warehouse -Kolkata,Dosa Coffee - Salt Lake Sec-1 (0009),C Fold Tissue (Toilet Tissue),Pkt,49.48,-,0,0,IN-2009,3,148.44
02-10-2026,Central Warehouse -Kolkata,Central Warehouse -Kolkata,Dosa Coffee - Salt Lake Sec-1 (0009),Raw Mango,Kg,85.09,-,0,0,IN-2009,1.547,131.63
02-10-2026,Central Warehouse -Kolkata,Central Warehouse -Kolkata,Dosa Coffee - Salt Lake Sec-1 (0009),Strawberry Crush - 750ml,Ltr,197.95,-,0,0,IN-2009,0.75,148.46
02-10-2026,Central Warehouse -Kolkata,Central Warehouse -Kolkata,Dosa Coffee - Salt Lake Sec-1 (0009),Mango Crush -750ml,Ltr,197.67,-,0,0,IN-2009,0.75,148.25
02-10-2026,Central Warehouse -Kolkata,Central Warehouse -Kolkata,Dosa Coffee - Salt Lake Sec-1 (0009),Ecolab-Grill Cleaner Pluss (1can = 5ltr),Can,1546.07,-,0,0,IN-2009,1,1546.07
02-10-2026,Central Warehouse -Kolkata,Central Warehouse -Kolkata,Dosa Coffee - Salt Lake Sec-1 (0009),Ecolab-Multi Purpose SINK Detergent (1can = 1ltr),Can,403.18,-,0,0,IN-2009,1,403.18
02-10-2026,Central Warehouse -Kolkata,Central Warehouse -Kolkata,Dosa Coffee - Salt Lake Sec-1 (0009),Schweppes Water - 500ml,Pc,25.28,-,0,0,IN-2009,24,606.79
02-10-2026,Central Warehouse -Kolkata,Central Warehouse -Kolkata,Dosa Coffee - Salt Lake Sec-1 (0009),Kinley Soda 750ml Pet,Pc,15.81,-,0,0,IN-2009,10,158.09
02-10-2026,Central Warehouse -Kolkata,Central Warehouse -Kolkata,Dosa Coffee - Salt Lake Sec-1 (0009),Cothas Coffee Powder,Kg,859.17,-,0,0,IN-2009,1,859.17
02-10-2026,Central Warehouse -Kolkata,Central Warehouse -Kolkata,Dosa Coffee - Salt Lake Sec-1 (0009),Jaggery Powder (250gm=1pkt),Kg,109.81,-,0,0,IN-2009,0.25,27.45
02-10-2026,Central Warehouse -Kolkata,Central Warehouse -Kolkata,Dosa Coffee - Salt Lake Sec-1 (0009),Garbage Bag Small (20 X 24),Pkt,53.62,-,0,0,IN-2009,1,53.62
02-10-2026,Central Warehouse -Kolkata,Central Warehouse -Kolkata,Dosa Coffee - Salt Lake Sec-1 (0009),Garbage Bag Large (36 X 42),Pkt,69.46,-,0,0,IN-2009,1,69.46
02-10-2026,Central Warehouse -Kolkata,Central Warehouse -Kolkata,Dosa Coffee - Salt Lake Sec-1 (0009),Idli Cloth (Markin Cloth),Pc,25.04,-,0,0,IN-2009,4,100.16
02-10-2026,Central Warehouse -Kolkata,Central Warehouse -Kolkata,Dosa Coffee - Salt Lake Sec-1 (0009),Silver Foil,Pc,348.93,-,0,0,IN-2009,1,348.93
02-10-2026,Central Warehouse -Kolkata,Central Warehouse -Kolkata,Dosa Coffee - Salt Lake Sec-1 (0009),Paper Straw (1pkt = 100pc),Pc,0.39,-,0,0,IN-2009,100,38.67
02-10-2026,Central Warehouse -Kolkata,Central Warehouse -Kolkata,Dosa Coffee - Salt Lake Sec-1 (0009),Paper Napkin (1pkt = 100pc),Pc,0.23,-,0,0,IN-2009,600,140.95
02-10-2026,Central Warehouse -Kolkata,Central Warehouse -Kolkata,Dosa Coffee - Salt Lake Sec-1 (0009),Compartment Tray With Lid - 5CP (1pkt = 25pc),Pc,10.66,-,0,0,IN-2009,25,266.38
02-10-2026,Central Warehouse -Kolkata,Central Warehouse -Kolkata,Dosa Coffee - Salt Lake Sec-1 (0009),Compartment Tray With Lid - 2CP (1pkt = 25pc),Pc,7.63,-,0,0,IN-2009,25,190.77
02-10-2026,Central Warehouse -Kolkata,Central Warehouse -Kolkata,Dosa Coffee - Salt Lake Sec-1 (0009),Carry Bag - Small (1pkt = 100pc),Pc,7.08,-,0,0,IN-2009,50,353.93
02-10-2026,Central Warehouse -Kolkata,Central Warehouse -Kolkata,Dosa Coffee - Salt Lake Sec-1 (0009),Sticker - MRD (1sheet=108pc),Pc,0.13,-,0,0,IN-2009,216,28.01
02-10-2026,Central Warehouse -Kolkata,Central Warehouse -Kolkata,Dosa Coffee - Salt Lake Sec-1 (0009),Jaggery,Kg,61.29,-,0,0,IN-2009,0.5,30.64
02-10-2026,Central Warehouse -Kolkata,Central Warehouse -Kolkata,Dosa Coffee - Salt Lake Sec-1 (0009),Salt,Kg,27.05,-,0,0,IN-2009,1,27.05
02-10-2026,Central Warehouse -Kolkata,Central Warehouse -Kolkata,Dosa Coffee - Salt Lake Sec-1 (0009),Fried Chana Daal,Kg,97.59,-,0,0,IN-2009,7,683.14
02-10-2026,Central Warehouse -Kolkata,Central Warehouse -Kolkata,Dosa Coffee - Salt Lake Sec-1 (0009),Raisin,Kg,457.74,-,0,0,IN-2009,0.1,45.77
02-10-2026,Central Warehouse -Kolkata,Central Warehouse -Kolkata,Dosa Coffee - Salt Lake Sec-1 (0009),Idli Daal (Rajkot),Kg,156.17,-,0,0,IN-2009,2,312.33
02-10-2026,Central Warehouse -Kolkata,Central Warehouse -Kolkata,Dosa Coffee - Salt Lake Sec-1 (0009),Mustard Seed,gm,0.19,-,0,0,IN-2009,500,94.92
02-10-2026,Central Warehouse -Kolkata,Central Warehouse -Kolkata,Dosa Coffee - Salt Lake Sec-1 (0009),Mint leaf,Kg,189.66,-,0,0,IN-2009,0.15,28.45
02-10-2026,Central Warehouse -Kolkata,Central Warehouse -Kolkata,Dosa Coffee - Salt Lake Sec-1 (0009),Curry Leaves,Kg,71.14,-,0,0,IN-2009,0.2,14.23
02-10-2026,Central Warehouse -Kolkata,Central Warehouse -Kolkata,Dosa Coffee - Salt Lake Sec-1 (0009),Banana Leaf Small (1bundle = 50pc),Pc,1.25,-,0,0,IN-2009,150,187.48
02-10-2026,Central Warehouse -Kolkata,Central Warehouse -Kolkata,Dosa Coffee - Salt Lake Sec-1 (0009),Banana Leaf Big (1bundle = 50pc),Pc,1.79,-,0,0,IN-2009,200,358.9
02-10-2026,Central Warehouse -Kolkata,Central Warehouse -Kolkata,Dosa Coffee - Salt Lake Sec-1 (0009),Green Capsicum,Kg,65.51,-,0,0,IN-2009,0.269,17.62
02-10-2026,Central Warehouse -Kolkata,Central Warehouse -Kolkata,Dosa Coffee - Salt Lake Sec-1 (0009),Lime,Pc,3.5,-,0,0,IN-2009,40,140.01
02-10-2026,Central Warehouse -Kolkata,Central Warehouse -Kolkata,Dosa Coffee - Salt Lake Sec-1 (0009),Coriander Leaves,Kg,99.99,-,0,0,IN-2009,0.7,69.99
02-10-2026,Central Warehouse -Kolkata,Central Warehouse -Kolkata,Dosa Coffee - Salt Lake Sec-1 (0009),Tomato,Kg,40,-,0,0,IN-2009,1.5,59.99
02-10-2026,Central Warehouse -Kolkata,Central Warehouse -Kolkata,Dosa Coffee - Salt Lake Sec-1 (0009),Ginger,Kg,131.1,-,0,0,IN-2009,2,262.2
02-10-2026,Central Warehouse -Kolkata,Central Warehouse -Kolkata,Dosa Coffee - Salt Lake Sec-1 (0009),Onion,Kg,36.18,-,0,0,IN-2009,8.09,292.73
02-10-2026,Central Warehouse -Kolkata,Central Warehouse -Kolkata,Dosa Coffee - Salt Lake Sec-1 (0009),Raw Green Chili,Kg,74.93,-,0,0,IN-2009,1.5,112.4
02-10-2026,Central Warehouse -Kolkata,Central Warehouse -Kolkata,Dosa Coffee - Salt Lake Sec-1 (0009),Milk - Tetra 1Ltr,Ltr,77.06,-,0,0,IN-2009,12,924.73
02-10-2026,Central Warehouse -Kolkata,Central Warehouse -Kolkata,Dosa Coffee - Salt Lake Sec-1 (0009),Milk (Adya Dairy),Ltr,61.85,-,0,0,IN-2009,1,61.85
02-10-2026,Central Warehouse -Kolkata,Central Warehouse -Kolkata,Dosa Coffee - Salt Lake Sec-1 (0009),Sunflower Refined Oil  ( 1pkt = 868 Ml ),Ltr,167.48,-,0,0,IN-2009,6.076,1017.61
02-10-2026,Central Warehouse -Kolkata,Central Warehouse -Kolkata,Dosa Coffee - Salt Lake Sec-1 (0009),Ghee,Kg,750.15,-,0,0,IN-2009,0.905,678.88
02-10-2026,Central Warehouse -Kolkata,Central Warehouse -Kolkata,Dosa Coffee - Salt Lake Sec-1 (0009),Amul Cheese,Kg,509.4,-,0,0,IN-2009,1,509.4
02-10-2026,Central Warehouse -Kolkata,Central Warehouse -Kolkata,Dosa Coffee - Salt Lake Sec-1 (0009),White Butter,Kg,576.7,-,0,0,IN-2009,1.5,865.06
02-10-2026,Central Warehouse -Kolkata,Central Warehouse -Kolkata,Dosa Coffee - Salt Lake Sec-1 (0009),Watermelon,Kg,34.89,-,0,0,IN-2009,3.788,132.16
02-10-2026,Central Warehouse -Kolkata,Central Warehouse -Kolkata,Dosa Coffee - Salt Lake Sec-1 (0009),Carrot,Kg,40.99,-,0,0,IN-2009,1.5,61.49
02-10-2026,Central Warehouse -Kolkata,Central Warehouse -Kolkata,Dosa Coffee - Salt Lake Sec-1 (0009),Raw Potato,Kg,18.78,-,0,0,IN-2009,24.6,462.06
02-10-2026,Central Warehouse -Kolkata,Central Warehouse -Kolkata,Dosa Coffee - Salt Lake (002),Glen Container With Lid - 250ml (1pkt = 50pc),Pc,3.86,-,0,0,IN-2239,150,578.87
02-10-2026,Central Warehouse -Kolkata,Central Warehouse -Kolkata,Dosa Coffee - Salt Lake (002),Glen Container With Lid - 500ml (1pkt = 50pc),Pc,4.29,-,0,0,IN-2239,50,214.29
02-10-2026,Central Warehouse -Kolkata,Central Warehouse -Kolkata,Dosa Coffee - Salt Lake (002),Glen Container With Lid - 750ml (1pkt = 50pc),Pc,6.37,-,0,0,IN-2239,50,318.75
02-10-2026,Central Warehouse -Kolkata,Central Warehouse -Kolkata,Dosa Coffee - Salt Lake (002),Watermelon,Kg,34.89,-,0,0,IN-2239,9.363,326.68
02-10-2026,Central Warehouse -Kolkata,Central Warehouse -Kolkata,Dosa Coffee - Salt Lake (002),White Sugar Sachet (1pkt = 200pc),Pc,0.42,-,0,0,IN-2239,400,169.28
02-10-2026,Central Warehouse -Kolkata,Central Warehouse -Kolkata,Dosa Coffee - Salt Lake (002),Amul Butter,Kg,558.83,-,0,0,IN-2239,0.5,279.41
02-10-2026,Central Warehouse -Kolkata,Central Warehouse -Kolkata,Dosa Coffee - Salt Lake (002),Sunflower Refined Oil  ( 1pkt = 868 Ml ),Ltr,167.48,-,0,0,IN-2239,5.208,872.23
02-10-2026,Central Warehouse -Kolkata,Central Warehouse -Kolkata,Dosa Coffee - Salt Lake (002),Cothas Coffee Powder,Kg,859.17,-,0,0,IN-2239,1.5,1288.75
02-10-2026,Central Warehouse -Kolkata,Central Warehouse -Kolkata,Dosa Coffee - Salt Lake (002),Jaggery,Kg,61.29,-,0,0,IN-2239,0.5,30.64
02-10-2026,Central Warehouse -Kolkata,Central Warehouse -Kolkata,Dosa Coffee - Salt Lake (002),Fried Chana Daal,Kg,97.59,-,0,0,IN-2239,5,487.96
02-10-2026,Central Warehouse -Kolkata,Central Warehouse -Kolkata,Dosa Coffee - Salt Lake (002),Carry Bag - Small (1pkt = 100pc),Pc,7.08,-,0,0,IN-2239,75,530.89
02-10-2026,Central Warehouse -Kolkata,Central Warehouse -Kolkata,Dosa Coffee - Salt Lake (002),Carry Bag - Large(1pkt = 100pc),Pc,10.52,-,0,0,IN-2239,50,526.11
02-10-2026,Central Warehouse -Kolkata,Central Warehouse -Kolkata,Dosa Coffee - Salt Lake (002),Paper Napkin (1pkt = 100pc),Pc,0.23,-,0,0,IN-2239,600,140.95
02-10-2026,Central Warehouse -Kolkata,Central Warehouse -Kolkata,Dosa Coffee - Salt Lake (002),Glen Container With Lid - 100ml (1pkt = 50pc),Pc,1.76,-,0,0,IN-2239,100,175.52
02-10-2026,Central Warehouse -Kolkata,Central Warehouse -Kolkata,Dosa Coffee - Salt Lake (002),Take Away Packing Box - Small (1bundle = 50pc),Pc,4.31,-,0,0,IN-2239,100,430.65
02-10-2026,Central Warehouse -Kolkata,Central Warehouse -Kolkata,Dosa Coffee - Salt Lake (002),Bio-Degradable Spoon (1pkt = 50pc),Pc,1.25,-,0,0,IN-2239,100,124.8
02-10-2026,Central Warehouse -Kolkata,Central Warehouse -Kolkata,Dosa Coffee - Salt Lake (002),Banana Leaf Small (1bundle = 50pc),Pc,1.25,-,0,0,IN-2239,100,124.98
02-10-2026,Central Warehouse -Kolkata,Central Warehouse -Kolkata,Dosa Coffee - Salt Lake (002),Banana Leaf Big (1bundle = 50pc),Pc,1.79,-,0,0,IN-2239,250,448.62
02-10-2026,Central Warehouse -Kolkata,Central Warehouse -Kolkata,Dosa Coffee - Salt Lake (002),Garlic,Kg,139.99,-,0,0,IN-2239,0.1,14
02-10-2026,Central Warehouse -Kolkata,Central Warehouse -Kolkata,Dosa Coffee - Salt Lake (002),Raw Mango,Kg,85.09,-,0,0,IN-2239,0.986,83.89
02-10-2026,Central Warehouse -Kolkata,Central Warehouse -Kolkata,Dosa Coffee - Salt Lake (002),Amada,Kg,70.24,-,0,0,IN-2239,0.1,7.02
02-10-2026,Central Warehouse -Kolkata,Central Warehouse -Kolkata,Dosa Coffee - Salt Lake (002),Mint leaf,Kg,189.66,-,0,0,IN-2239,0.1,18.97
02-10-2026,Central Warehouse -Kolkata,Central Warehouse -Kolkata,Dosa Coffee - Salt Lake (002),Beans,Kg,76.24,-,0,0,IN-2239,0.15,11.44
02-10-2026,Central Warehouse -Kolkata,Central Warehouse -Kolkata,Dosa Coffee - Salt Lake (002),Tomato,Kg,40,-,0,0,IN-2239,1.5,59.99
02-10-2026,Central Warehouse -Kolkata,Central Warehouse -Kolkata,Dosa Coffee - Salt Lake (002),Lime,Pc,3.5,-,0,0,IN-2239,80,280.01
02-10-2026,Central Warehouse -Kolkata,Central Warehouse -Kolkata,Dosa Coffee - Salt Lake (002),Raw Green Chili,Kg,74.93,-,0,0,IN-2239,1,74.93
02-10-2026,Central Warehouse -Kolkata,Central Warehouse -Kolkata,Dosa Coffee - Salt Lake (002),Onion,Kg,36.18,-,0,0,IN-2239,7.188,260.09
02-10-2026,Central Warehouse -Kolkata,Central Warehouse -Kolkata,Dosa Coffee - Salt Lake (002),Ginger,Kg,131.1,-,0,0,IN-2239,1.5,196.65
02-10-2026,Central Warehouse -Kolkata,Central Warehouse -Kolkata,Dosa Coffee - Salt Lake (002),Curry Leaves,Kg,71.14,-,0,0,IN-2239,0.2,14.23
02-10-2026,Central Warehouse -Kolkata,Central Warehouse -Kolkata,Dosa Coffee - Salt Lake (002),Coriander Leaves,Kg,99.99,-,0,0,IN-2239,0.5,50
02-10-2026,Central Warehouse -Kolkata,Central Warehouse -Kolkata,Dosa Coffee - Salt Lake (002),Carrot,Kg,40.99,-,0,0,IN-2239,1.647,67.52
02-10-2026,Central Warehouse -Kolkata,Central Warehouse -Kolkata,Dosa Coffee - Salt Lake (002),White Butter,Kg,576.7,-,0,0,IN-2239,1,576.7
02-10-2026,Central Warehouse -Kolkata,Central Warehouse -Kolkata,Dosa Coffee - Salt Lake (002),Raw Curd,Kg,71.4,-,0,0,IN-2239,5,357
02-10-2026,Central Warehouse -Kolkata,Central Warehouse -Kolkata,Dosa Coffee - Salt Lake (002),Paneer,Kg,299,-,0,0,IN-2239,1,299
02-10-2026,Central Warehouse -Kolkata,Central Warehouse -Kolkata,Dosa Coffee - Salt Lake (002),Milk - Tetra 1Ltr,Ltr,77.06,-,0,0,IN-2239,12,924.73
02-10-2026,Central Warehouse -Kolkata,Central Warehouse -Kolkata,Dosa Coffee - Salt Lake (002),Milk (Adya Dairy),Ltr,61.85,-,0,0,IN-2239,1.5,92.78
02-10-2026,Central Warehouse -Kolkata,Central Warehouse -Kolkata,Dosa Coffee - Salt Lake (002),Ghee,Kg,750.15,-,0,0,IN-2239,0.905,678.88
02-10-2026,Central Warehouse -Kolkata,Central Warehouse -Kolkata,Dosa Coffee - Salt Lake (002),Amul Cheese,Kg,509.4,-,0,0,IN-2239,1,509.4
02-10-2026,Central Warehouse -Kolkata,Central Warehouse -Kolkata,Dosa Coffee - Salt Lake (002),kitchen Paper Roll,Piece,299.82,-,0,0,IN-2239,1,299.82
02-10-2026,Central Warehouse -Kolkata,Central Warehouse -Kolkata,Dosa Coffee - Salt Lake (002),C Fold Tissue (Toilet Tissue),Pkt,49.48,-,0,0,IN-2239,2,98.96
02-10-2026,Central Warehouse -Kolkata,Central Warehouse -Kolkata,Dosa Coffee - Salt Lake (002),Kinley Soda 750ml Pet,Pc,15.81,-,0,0,IN-2239,2,31.62
02-10-2026,Central Warehouse -Kolkata,Central Warehouse -Kolkata,Dosa Coffee - Manisquare (0004),Sticker - MRD (1sheet=108pc),Pc,0.13,-,0,0,IN-1860,540,70.02
02-10-2026,Central Warehouse -Kolkata,Central Warehouse -Kolkata,Dosa Coffee - Manisquare (0004),Salt,Kg,27.05,-,0,0,IN-1860,1,27.05
02-10-2026,Central Warehouse -Kolkata,Central Warehouse -Kolkata,Dosa Coffee - Manisquare (0004),White Sugar Sachet (1pkt = 200pc),Pc,0.42,-,0,0,IN-1860,200,84.64
02-10-2026,Central Warehouse -Kolkata,Central Warehouse -Kolkata,Dosa Coffee - Manisquare (0004),Amul Butter,Kg,558.83,-,0,0,IN-1860,1.5,838.24
02-10-2026,Central Warehouse -Kolkata,Central Warehouse -Kolkata,Dosa Coffee - Manisquare (0004),Sunflower Refined Oil  ( 1pkt = 868 Ml ),Ltr,167.48,-,0,0,IN-1860,3.472,581.49
02-10-2026,Central Warehouse -Kolkata,Central Warehouse -Kolkata,Dosa Coffee - Manisquare (0004),Oreo Buiscuits,Pkt,9.71,-,0,0,IN-1860,2,19.42
02-10-2026,Central Warehouse -Kolkata,Central Warehouse -Kolkata,Dosa Coffee - Manisquare (0004),Fried Chana Daal,Kg,97.59,-,0,0,IN-1860,4,390.37
02-10-2026,Central Warehouse -Kolkata,Central Warehouse -Kolkata,Dosa Coffee - Manisquare (0004),Paper Napkin (1pkt = 100pc),Pc,0.23,-,0,0,IN-1860,500,117.46
02-10-2026,Central Warehouse -Kolkata,Central Warehouse -Kolkata,Dosa Coffee - Manisquare (0004),Hot Coffee Cup 150ml (1pkt=25pc),Pc,1.23,-,0,0,IN-1860,75,92.05
02-10-2026,Central Warehouse -Kolkata,Central Warehouse -Kolkata,Dosa Coffee - Manisquare (0004),Banana Leaf Small (1bundle = 50pc),Pc,1.25,-,0,0,IN-1860,300,374.95
02-10-2026,Central Warehouse -Kolkata,Central Warehouse -Kolkata,Dosa Coffee - Manisquare (0004),Bio-Degradable Spoon (1pkt = 50pc),Pc,1.25,-,0,0,IN-1860,300,374.41
02-10-2026,Central Warehouse -Kolkata,Central Warehouse -Kolkata,Dosa Coffee - Manisquare (0004),Lime,Pc,3.5,-,0,0,IN-1860,10,35
02-10-2026,Central Warehouse -Kolkata,Central Warehouse -Kolkata,Dosa Coffee - Manisquare (0004),Raw Green Chili,Kg,74.93,-,0,0,IN-1860,0.5,37.47
02-10-2026,Central Warehouse -Kolkata,Central Warehouse -Kolkata,Dosa Coffee - Manisquare (0004),Onion,Kg,36.18,-,0,0,IN-1860,4.07,147.27
02-10-2026,Central Warehouse -Kolkata,Central Warehouse -Kolkata,Dosa Coffee - Manisquare (0004),Ginger,Kg,131.1,-,0,0,IN-1860,0.5,65.55
02-10-2026,Central Warehouse -Kolkata,Central Warehouse -Kolkata,Dosa Coffee - Manisquare (0004),Curry Leaves,Kg,71.14,-,0,0,IN-1860,0.1,7.11
02-10-2026,Central Warehouse -Kolkata,Central Warehouse -Kolkata,Dosa Coffee - Manisquare (0004),Coriander Leaves,Kg,99.99,-,0,0,IN-1860,0.3,30
02-10-2026,Central Warehouse -Kolkata,Central Warehouse -Kolkata,Dosa Coffee - Manisquare (0004),Carrot,Kg,40.99,-,0,0,IN-1860,0.94,38.53
02-10-2026,Central Warehouse -Kolkata,Central Warehouse -Kolkata,Dosa Coffee - Manisquare (0004),Supari,Pkt,148.81,-,0,0,IN-1860,1,148.81
02-10-2026,Central Warehouse -Kolkata,Central Warehouse -Kolkata,Dosa Coffee - Manisquare (0004),White Butter,Kg,576.7,-,0,0,IN-1860,0.5,288.35
02-10-2026,Central Warehouse -Kolkata,Central Warehouse -Kolkata,Dosa Coffee - Manisquare (0004),Raw Curd,Kg,71.4,-,0,0,IN-1860,1,71.4
02-10-2026,Central Warehouse -Kolkata,Central Warehouse -Kolkata,Dosa Coffee - Manisquare (0004),Milk - Tetra 1Ltr,Ltr,77.06,-,0,0,IN-1860,12,924.73
02-10-2026,Central Warehouse -Kolkata,Central Warehouse -Kolkata,Dosa Coffee - Manisquare (0004),Milk (Adya Dairy),Ltr,61.85,-,0,0,IN-1860,0.5,30.93
02-10-2026,Central Warehouse -Kolkata,Central Warehouse -Kolkata,Dosa Coffee - Manisquare (0004),Ghee,Kg,750.15,-,0,0,IN-1860,0.905,678.88
02-10-2026,Central Warehouse -Kolkata,Central Warehouse -Kolkata,Dosa Coffee - Manisquare (0004),Amul Cheese,Kg,509.4,-,0,0,IN-1860,1,509.4
02-10-2026,Central Warehouse -Kolkata,Central Warehouse -Kolkata,Dosa Coffee - Manisquare (0004),Schweppes Water - 500ml,Pc,25.28,-,0,0,IN-1860,24,606.79
02-10-2026,Central Warehouse -Kolkata,Central Warehouse -Kolkata,Dosa Coffee - Rosedale Plaza(0006),Jaggery,Kg,61.29,-,0,0,IN-2056,0.5,30.64
02-10-2026,Central Warehouse -Kolkata,Central Warehouse -Kolkata,Dosa Coffee - Rosedale Plaza(0006),Kinley Soda 750ml Pet,Pc,15.81,-,0,0,IN-2056,5,79.04
02-10-2026,Central Warehouse -Kolkata,Central Warehouse -Kolkata,Dosa Coffee - Rosedale Plaza(0006),Mango Ice Cream,Ltr,121.5,-,0,0,IN-2056,5,607.49
02-10-2026,Central Warehouse -Kolkata,Central Warehouse -Kolkata,Dosa Coffee - Rosedale Plaza(0006),Mango Crush -750ml,Ltr,197.67,-,0,0,IN-2056,0.75,148.25
02-10-2026,Central Warehouse -Kolkata,Central Warehouse -Kolkata,Dosa Coffee - Rosedale Plaza(0006),Cottons Lemonade,Pc,17.44,-,0,0,IN-2056,24,418.62
02-10-2026,Central Warehouse -Kolkata,Central Warehouse -Kolkata,Dosa Coffee - Rosedale Plaza(0006),Bio-Degradable Spoon (1pkt = 50pc),Pc,1.25,-,0,0,IN-2056,400,499.21
02-10-2026,Central Warehouse -Kolkata,Central Warehouse -Kolkata,Dosa Coffee - Rosedale Plaza(0006),Paper Napkin (1pkt = 100pc),Pc,0.23,-,0,0,IN-2056,700,164.44
02-10-2026,Central Warehouse -Kolkata,Central Warehouse -Kolkata,Dosa Coffee - Rosedale Plaza(0006),Compartment Tray With Lid - 5CP (1pkt = 25pc),Pc,10.66,-,0,0,IN-2056,25,266.38
02-10-2026,Central Warehouse -Kolkata,Central Warehouse -Kolkata,Dosa Coffee - Rosedale Plaza(0006),Compartment Tray With Lid - 2CP (1pkt = 25pc),Pc,7.63,-,0,0,IN-2056,25,190.77
02-10-2026,Central Warehouse -Kolkata,Central Warehouse -Kolkata,Dosa Coffee - Rosedale Plaza(0006),Glen Container With Lid - 250ml (1pkt = 50pc),Pc,3.86,-,0,0,IN-2056,250,964.79
02-10-2026,Central Warehouse -Kolkata,Central Warehouse -Kolkata,Dosa Coffee - Rosedale Plaza(0006),Carry Bag - Small (1pkt = 100pc),Pc,7.08,-,0,0,IN-2056,100,707.85
02-10-2026,Central Warehouse -Kolkata,Central Warehouse -Kolkata,Dosa Coffee - Rosedale Plaza(0006),Sticker - MRD (1sheet=108pc),Pc,0.13,-,0,0,IN-2056,216,28.01
02-10-2026,Central Warehouse -Kolkata,Central Warehouse -Kolkata,Dosa Coffee - Rosedale Plaza(0006),Dosa Coffee Taps,Pc,142.15,-,0,0,IN-2056,2,284.29
02-10-2026,Central Warehouse -Kolkata,Central Warehouse -Kolkata,Dosa Coffee - Rosedale Plaza(0006),Thermal Printer Roll - Posiflex,Pc,46.02,-,0,0,IN-2056,5,230.1
02-10-2026,Central Warehouse -Kolkata,Central Warehouse -Kolkata,Dosa Coffee - Rosedale Plaza(0006),Sugar,Kg,51.88,-,0,0,IN-2056,1,51.88
02-10-2026,Central Warehouse -Kolkata,Central Warehouse -Kolkata,Dosa Coffee - Rosedale Plaza(0006),Fried Chana Daal,Kg,97.59,-,0,0,IN-2056,5,487.96
02-10-2026,Central Warehouse -Kolkata,Central Warehouse -Kolkata,Dosa Coffee - Rosedale Plaza(0006),Mint leaf,Kg,189.66,-,0,0,IN-2056,0.1,18.97
02-10-2026,Central Warehouse -Kolkata,Central Warehouse -Kolkata,Dosa Coffee - Rosedale Plaza(0006),Curry Leaves,Kg,71.14,-,0,0,IN-2056,0.2,14.23
02-10-2026,Central Warehouse -Kolkata,Central Warehouse -Kolkata,Dosa Coffee - Rosedale Plaza(0006),Banana Leaf Small (1bundle = 50pc),Pc,1.25,-,0,0,IN-2056,200,249.97
02-10-2026,Central Warehouse -Kolkata,Central Warehouse -Kolkata,Dosa Coffee - Rosedale Plaza(0006),Raw Mango,Kg,85.09,-,0,0,IN-2056,1.06,90.19
02-10-2026,Central Warehouse -Kolkata,Central Warehouse -Kolkata,Dosa Coffee - Rosedale Plaza(0006),Beans,Kg,76.24,-,0,0,IN-2056,0.2,15.25
02-10-2026,Central Warehouse -Kolkata,Central Warehouse -Kolkata,Dosa Coffee - Rosedale Plaza(0006),Lime,Pc,3.5,-,0,0,IN-2056,100,350.02
02-10-2026,Central Warehouse -Kolkata,Central Warehouse -Kolkata,Dosa Coffee - Rosedale Plaza(0006),Carrot,Kg,40.99,-,0,0,IN-2056,0.57,23.37
02-10-2026,Central Warehouse -Kolkata,Central Warehouse -Kolkata,Dosa Coffee - Rosedale Plaza(0006),Coriander Leaves,Kg,99.99,-,0,0,IN-2056,0.5,50
02-10-2026,Central Warehouse -Kolkata,Central Warehouse -Kolkata,Dosa Coffee - Rosedale Plaza(0006),Tomato,Kg,40,-,0,0,IN-2056,1,40
02-10-2026,Central Warehouse -Kolkata,Central Warehouse -Kolkata,Dosa Coffee - Rosedale Plaza(0006),Ginger,Kg,131.1,-,0,0,IN-2056,2,262.2
02-10-2026,Central Warehouse -Kolkata,Central Warehouse -Kolkata,Dosa Coffee - Rosedale Plaza(0006),Onion,Kg,36.18,-,0,0,IN-2056,5.012,181.36
02-10-2026,Central Warehouse -Kolkata,Central Warehouse -Kolkata,Dosa Coffee - Rosedale Plaza(0006),Raw Green Chili,Kg,74.93,-,0,0,IN-2056,1.5,112.4
02-10-2026,Central Warehouse -Kolkata,Central Warehouse -Kolkata,Dosa Coffee - Rosedale Plaza(0006),Milk - Tetra 1Ltr,Ltr,77.06,-,0,0,IN-2056,12,924.73
02-10-2026,Central Warehouse -Kolkata,Central Warehouse -Kolkata,Dosa Coffee - Rosedale Plaza(0006),Milk (Adya Dairy),Ltr,61.85,-,0,0,IN-2056,0.5,30.93
02-10-2026,Central Warehouse -Kolkata,Central Warehouse -Kolkata,Dosa Coffee - Rosedale Plaza(0006),Sunflower Refined Oil  ( 1pkt = 868 Ml ),Ltr,167.48,-,0,0,IN-2056,8.68,1453.72
02-10-2026,Central Warehouse -Kolkata,Central Warehouse -Kolkata,Dosa Coffee - Rosedale Plaza(0006),Amul Butter,Kg,558.83,-,0,0,IN-2056,0.5,279.41
02-10-2026,Central Warehouse -Kolkata,Central Warehouse -Kolkata,Dosa Coffee - Rosedale Plaza(0006),White Butter,Kg,576.7,-,0,0,IN-2056,1,576.7
02-10-2026,Central Warehouse -Kolkata,Central Warehouse -Kolkata,Dosa Coffee - Rosedale Plaza(0006),Raw Curd,Kg,71.4,-,0,0,IN-2056,2,142.8
02-10-2026,Central Warehouse -Kolkata,Central Warehouse -Kolkata,Dosa Coffee - Rosedale Plaza(0006),Paneer,Kg,299,-,0,0,IN-2056,1,299
02-10-2026,Central Warehouse -Kolkata,Central Warehouse -Kolkata,Dosa Coffee - New Town - Cloud Kitchen (01/0013),Carrot,Kg,40.99,-,0,0,IN-1336,0.6,24.6
02-10-2026,Central Warehouse -Kolkata,Central Warehouse -Kolkata,Dosa Coffee - New Town - Cloud Kitchen (01/0013),Cottons Lemonade,Pc,17.44,-,0,0,IN-1336,24,418.62
02-10-2026,Central Warehouse -Kolkata,Central Warehouse -Kolkata,Dosa Coffee - New Town - Cloud Kitchen (01/0013),Garbage Bag Small (20 X 24),Pkt,53.62,-,0,0,IN-1336,1,53.62
02-10-2026,Central Warehouse -Kolkata,Central Warehouse -Kolkata,Dosa Coffee - New Town - Cloud Kitchen (01/0013),Silver Foil,Pc,348.93,-,0,0,IN-1336,1,348.93
02-10-2026,Central Warehouse -Kolkata,Central Warehouse -Kolkata,Dosa Coffee - New Town - Cloud Kitchen (01/0013),Bio-Degradable Spoon (1pkt = 50pc),Pc,1.25,-,0,0,IN-1336,150,187.2
02-10-2026,Central Warehouse -Kolkata,Central Warehouse -Kolkata,Dosa Coffee - New Town - Cloud Kitchen (01/0013),Paper Straw (1pkt = 100pc),Pc,0.39,-,0,0,IN-1336,100,38.67
02-10-2026,Central Warehouse -Kolkata,Central Warehouse -Kolkata,Dosa Coffee - New Town - Cloud Kitchen (01/0013),Paper Napkin (1pkt = 100pc),Pc,0.23,-,0,0,IN-1336,200,46.98
02-10-2026,Central Warehouse -Kolkata,Central Warehouse -Kolkata,Dosa Coffee - New Town - Cloud Kitchen (01/0013),Glen Container With Lid - 750ml (1pkt = 50pc),Pc,6.37,-,0,0,IN-1336,50,318.75
02-10-2026,Central Warehouse -Kolkata,Central Warehouse -Kolkata,Dosa Coffee - New Town - Cloud Kitchen (01/0013),Glen Container With Lid - 500ml (1pkt = 50pc),Pc,4.29,-,0,0,IN-1336,50,214.29
02-10-2026,Central Warehouse -Kolkata,Central Warehouse -Kolkata,Dosa Coffee - New Town - Cloud Kitchen (01/0013),Glen Container With Lid - 250ml (1pkt = 50pc),Pc,3.86,-,0,0,IN-1336,150,578.87
02-10-2026,Central Warehouse -Kolkata,Central Warehouse -Kolkata,Dosa Coffee - New Town - Cloud Kitchen (01/0013),Carry Bag - Small (1pkt = 100pc),Pc,7.08,-,0,0,IN-1336,100,707.85
02-10-2026,Central Warehouse -Kolkata,Central Warehouse -Kolkata,Dosa Coffee - New Town - Cloud Kitchen (01/0013),Take Away Packing Box - Small (1bundle = 50pc),Pc,4.31,-,0,0,IN-1336,100,430.65
02-10-2026,Central Warehouse -Kolkata,Central Warehouse -Kolkata,Dosa Coffee - New Town - Cloud Kitchen (01/0013),Sticker - MRD (1sheet=108pc),Pc,0.13,-,0,0,IN-1336,216,28.01
02-10-2026,Central Warehouse -Kolkata,Central Warehouse -Kolkata,Dosa Coffee - New Town - Cloud Kitchen (01/0013),Paper Sleeve (1pkt = 50pc),Pc,3.53,-,0,0,IN-1336,50,176.64
02-10-2026,Central Warehouse -Kolkata,Central Warehouse -Kolkata,Dosa Coffee - New Town - Cloud Kitchen (01/0013),Fried Chana Daal,Kg,97.59,-,0,0,IN-1336,4,390.37
02-10-2026,Central Warehouse -Kolkata,Central Warehouse -Kolkata,Dosa Coffee - New Town - Cloud Kitchen (01/0013),Raisin,Kg,457.74,-,0,0,IN-1336,0.1,45.77
02-10-2026,Central Warehouse -Kolkata,Central Warehouse -Kolkata,Dosa Coffee - New Town - Cloud Kitchen (01/0013),Cashew,Kg,837.61,-,0,0,IN-1336,0.1,83.76
02-10-2026,Central Warehouse -Kolkata,Central Warehouse -Kolkata,Dosa Coffee - New Town - Cloud Kitchen (01/0013),Dosa Daal (Urad),Kg,127.7,-,0,0,IN-1336,0.25,31.93
02-10-2026,Central Warehouse -Kolkata,Central Warehouse -Kolkata,Dosa Coffee - New Town - Cloud Kitchen (01/0013),Dry Red Chili,gm,0.24,-,0,0,IN-1336,100,24.43
02-10-2026,Central Warehouse -Kolkata,Central Warehouse -Kolkata,Dosa Coffee - New Town - Cloud Kitchen (01/0013),Curry Leaves,Kg,71.14,-,0,0,IN-1336,0.1,7.11
02-10-2026,Central Warehouse -Kolkata,Central Warehouse -Kolkata,Dosa Coffee - New Town - Cloud Kitchen (01/0013),Raw Potato,Kg,18.78,-,0,0,IN-1336,10.07,189.14
02-10-2026,Central Warehouse -Kolkata,Central Warehouse -Kolkata,Dosa Coffee - New Town - Cloud Kitchen (01/0013),Green Capsicum,Kg,65.51,-,0,0,IN-1336,0.3,19.65
02-10-2026,Central Warehouse -Kolkata,Central Warehouse -Kolkata,Dosa Coffee - New Town - Cloud Kitchen (01/0013),Ginger,Kg,131.1,-,0,0,IN-1336,0.5,65.55
02-10-2026,Central Warehouse -Kolkata,Central Warehouse -Kolkata,Dosa Coffee - New Town - Cloud Kitchen (01/0013),Onion,Kg,36.18,-,0,0,IN-1336,2,72.37
02-10-2026,Central Warehouse -Kolkata,Central Warehouse -Kolkata,Dosa Coffee - New Town - Cloud Kitchen (01/0013),Raw Green Chili,Kg,74.93,-,0,0,IN-1336,1,74.93
02-10-2026,Central Warehouse -Kolkata,Central Warehouse -Kolkata,Dosa Coffee - New Town - Cloud Kitchen (01/0013),Milk (Adya Dairy),Ltr,61.85,-,0,0,IN-1336,1,61.85
02-10-2026,Central Warehouse -Kolkata,Central Warehouse -Kolkata,Dosa Coffee - New Town - Cloud Kitchen (01/0013),Sunflower Refined Oil  ( 1pkt = 868 Ml ),Ltr,167.48,-,0,0,IN-1336,1.736,290.74
02-10-2026,Central Warehouse -Kolkata,Central Warehouse -Kolkata,Dosa Coffee - New Town - Cloud Kitchen (01/0013),Ghee,Kg,750.15,-,0,0,IN-1336,0.905,678.88
02-10-2026,Central Warehouse -Kolkata,Central Warehouse -Kolkata,Dosa Coffee - New Town - Cloud Kitchen (01/0013),Amul Cheese,Kg,509.4,-,0,0,IN-1336,1,509.4
02-10-2026,Central Warehouse -Kolkata,Central Warehouse -Kolkata,Dosa Coffee - New Town - Cloud Kitchen (01/0013),White Butter,Kg,576.7,-,0,0,IN-1336,1,576.7
02-10-2026,Central Warehouse -Kolkata,Central Warehouse -Kolkata,Dosa Coffee - New Town - Cloud Kitchen (01/0013),Raw Curd,Kg,71.4,-,0,0,IN-1336,2,142.8
02-10-2026,Central Warehouse -Kolkata,Central Warehouse -Kolkata,Dosa Coffee - Quest Mall (01/0016),Amul IC BP Vanilla (5L) CF,Ltr,97.67,-,0,0,IN-860,5,488.34
02-10-2026,Central Warehouse -Kolkata,Central Warehouse -Kolkata,Dosa Coffee - Quest Mall (01/0016),Bio-Degradable Spoon (1pkt = 50pc),Pc,1.25,-,0,0,IN-860,200,249.61
02-10-2026,Central Warehouse -Kolkata,Central Warehouse -Kolkata,Dosa Coffee - Quest Mall (01/0016),Rubber Hand Gloves (1pkt=100pc),Pc,2.72,-,0,0,IN-860,100,271.79
02-10-2026,Central Warehouse -Kolkata,Central Warehouse -Kolkata,Dosa Coffee - Quest Mall (01/0016),Areca 10" Plate,Pc,5.95,-,0,0,IN-860,200,1189.84
02-10-2026,Central Warehouse -Kolkata,Central Warehouse -Kolkata,Dosa Coffee - Quest Mall (01/0016),Milk (Adya Dairy),Ltr,61.85,-,0,0,IN-860,0.5,30.93
02-10-2026,Central Warehouse -Kolkata,Central Warehouse -Kolkata,Dosa Coffee - Quest Mall (01/0016),Salt,Kg,27.05,-,0,0,IN-860,1,27.05
02-10-2026,Central Warehouse -Kolkata,Central Warehouse -Kolkata,Dosa Coffee - Quest Mall (01/0016),Curry Leaves,Kg,71.14,-,0,0,IN-860,0.2,14.23
02-10-2026,Central Warehouse -Kolkata,Central Warehouse -Kolkata,Dosa Coffee - Quest Mall (01/0016),Raw Green Chili,Kg,74.93,-,0,0,IN-860,0.5,37.47
02-10-2026,Central Warehouse -Kolkata,Central Warehouse -Kolkata,Dosa Coffee - Quest Mall (01/0016),Banana Leaf Small (1bundle = 50pc),Pc,1.25,-,0,0,IN-860,200,249.97
02-10-2026,Central Warehouse -Kolkata,Central Warehouse -Kolkata,Dosa Coffee - Quest Mall (01/0016),Paper Straw (1pkt = 100pc),Pc,0.39,-,0,0,IN-860,100,38.67
02-10-2026,Central Warehouse -Kolkata,Central Warehouse -Kolkata,Dosa Coffee - Quest Mall (01/0016),Cothas Coffee Powder,Kg,859.17,-,0,0,IN-860,0.5,429.58
02-10-2026,Central Warehouse -Kolkata,Central Warehouse -Kolkata,Dosa Coffee - Quest Mall (01/0016),Hot Coffee Cup 150ml (1pkt=25pc),Pc,1.23,-,0,0,IN-860,75,92.05
02-10-2026,Central Warehouse -Kolkata,Central Warehouse -Kolkata,Dosa Coffee - Quest Mall (01/0016),Paper Napkin (1pkt = 100pc),Pc,0.23,-,0,0,IN-860,500,117.46
02-10-2026,Central Warehouse -Kolkata,Central Warehouse -Kolkata,Dosa Coffee - Quest Mall (01/0016),Ghee,Kg,750.15,-,0,0,IN-860,0.905,678.88
02-10-2026,Central Warehouse -Kolkata,Central Warehouse -Kolkata,Dosa Coffee - Quest Mall (01/0016),Sunflower Refined Oil  ( 1pkt = 868 Ml ),Ltr,167.48,-,0,0,IN-860,3.472,581.49
02-10-2026,Central Warehouse -Kolkata,Central Warehouse -Kolkata,Dosa Coffee - Quest Mall (01/0016),Fried Chana Daal,Kg,97.59,-,0,0,IN-860,3,292.77
02-10-2026,Central Warehouse -Kolkata,Central Warehouse -Kolkata,Dosa Coffee - Quest Mall (01/0016),Raw Curd,Kg,71.4,-,0,0,IN-860,2,142.8
02-10-2026,Central Warehouse -Kolkata,Central Warehouse -Kolkata,Dosa Coffee - Quest Mall (01/0016),Raw Potato,Kg,18.78,-,0,0,IN-860,16.4,308.04
02-10-2026,Central Warehouse -Kolkata,Central Warehouse -Kolkata,Dosa Coffee - Quest Mall (01/0016),White Butter,Kg,576.7,-,0,0,IN-860,1,576.7
02-10-2026,Central Warehouse -Kolkata,Central Warehouse -Kolkata,Dosa Coffee - Quest Mall (01/0016),Tomato,Kg,40,-,0,0,IN-860,0.537,21.48
02-10-2026,Central Warehouse -Kolkata,Central Warehouse -Kolkata,Dosa Coffee - Quest Mall (01/0016),Coriander Leaves,Kg,99.99,-,0,0,IN-860,0.3,30
02-10-2026,Central Warehouse -Kolkata,Central Warehouse -Kolkata,Dosa Coffee - Quest Mall (01/0016),Carrot,Kg,40.99,-,0,0,IN-860,1.078,44.19
02-10-2026,Central Warehouse -Kolkata,Central Warehouse -Kolkata,Dosa Coffee - Quest Mall (01/0016),Ginger,Kg,131.1,-,0,0,IN-860,1,131.1
02-10-2026,Central Warehouse -Kolkata,Central Warehouse -Kolkata,Dosa Coffee - Quest Mall (01/0016),Onion,Kg,36.18,-,0,0,IN-860,5.056,182.95
02-10-2026,Central Warehouse -Kolkata,Central Warehouse -Kolkata,Dosa Coffee - Ideal Plaza (01/0001),Ginger,Kg,131.11,-,0,0,IN-3218,2,262.21
02-10-2026,Central Warehouse -Kolkata,Central Warehouse -Kolkata,Dosa Coffee - Lake Town (0005),Ghee,Kg,752.06,-,0,0,IN-2149,0.905,680.62
02-10-2026,Central Warehouse -Kolkata,Central Warehouse -Kolkata,Dosa Coffee - Lake Town (0005),Take Away Packing Box - Small (1bundle = 50pc),Pc,4.31,-,0,0,IN-2148,200,861.3
02-10-2026,Central Warehouse -Kolkata,Central Warehouse -Kolkata,Dosa Coffee - Lake road 01/0015,Tomato,Kg,40,-,0,0,IN-1313,1.09,43.6
02-10-2026,Central Warehouse -Kolkata,Central Warehouse -Kolkata,Dosa Coffee - Lake road 01/0015,Ghee,Kg,751.14,-,0,0,IN-1313,1.81,1359.56
02-10-2026,Central Warehouse -Kolkata,Central Warehouse -Kolkata,Dosa Coffee - Lake road 01/0015,Sticker - MRD (1sheet=108pc),Pc,0.13,-,0,0,IN-1313,540,70.02
02-10-2026,Central Warehouse -Kolkata,Central Warehouse -Kolkata,Dosa Coffee - Ideal Plaza (01/0001),Take Away Packing Box - Small (1bundle = 50pc),Pc,4.31,-,0,0,IN-3221,200,861.3
02-10-2026,Central Warehouse -Kolkata,Central Warehouse -Kolkata,Dosa Coffee - Ideal Plaza (01/0001),Amul Cheese,Kg,509.93,-,0,0,IN-3219,1,509.93
02-10-2026,Central Warehouse -Kolkata,Central Warehouse -Kolkata,Dosa Coffee - Calcutta Swiming Club (0007),Onion,Kg,36.14,-,0,0,IN-1512,1,36.14
02-10-2026,Central Warehouse -Kolkata,Central Warehouse -Kolkata,Dosa Coffee - Calcutta Swiming Club (0007),Raw Potato,Kg,18.76,-,0,0,IN-1512,4,75.05
02-10-2026,Central Warehouse -Kolkata,Central Warehouse -Kolkata,Dosa Coffee - Santoshpur (01/0012),Ghee,Kg,752.06,-,0,0,IN-1656,0.905,680.62
03-10-2026,Central Warehouse -Kolkata,Central Warehouse -Kolkata,Dosa Coffee - Santoshpur (01/0012),Amul IC BP Vanilla (5L) CF,Ltr,97.67,-,0,0,IN-1655,10,976.68
03-10-2026,Central Warehouse -Kolkata,Central Warehouse -Kolkata,Dosa Coffee - Santoshpur (01/0012),Paper Straw (1pkt = 100pc),Pc,0.39,-,0,0,IN-1655,100,38.67
03-10-2026,Central Warehouse -Kolkata,Central Warehouse -Kolkata,Dosa Coffee - Santoshpur (01/0012),Take Away Packing Box - Small (1bundle = 50pc),Pc,4.31,-,0,0,IN-1655,200,861.3
03-10-2026,Central Warehouse -Kolkata,Central Warehouse -Kolkata,Dosa Coffee - Santoshpur (01/0012),Paper Napkin (1pkt = 100pc),Pc,0.24,-,0,0,IN-1655,400,94.03
03-10-2026,Central Warehouse -Kolkata,Central Warehouse -Kolkata,Dosa Coffee - Santoshpur (01/0012),Carry Bag - Large(1pkt = 100pc),Pc,10.52,-,0,0,IN-1655,100,1052.22
03-10-2026,Central Warehouse -Kolkata,Central Warehouse -Kolkata,Dosa Coffee - Santoshpur (01/0012),Carry Bag - Small (1pkt = 100pc),Pc,7.08,-,0,0,IN-1655,100,707.85
03-10-2026,Central Warehouse -Kolkata,Central Warehouse -Kolkata,Dosa Coffee - Santoshpur (01/0012),Schweppes Water - 500ml,Pc,25.28,-,0,0,IN-1655,24,606.79
03-10-2026,Central Warehouse -Kolkata,Central Warehouse -Kolkata,Dosa Coffee - Santoshpur (01/0012),Kinley Soda 750ml Pet,Pc,15.81,-,0,0,IN-1655,4,63.24
03-10-2026,Central Warehouse -Kolkata,Central Warehouse -Kolkata,Dosa Coffee - Santoshpur (01/0012),Fried Chana Daal,Kg,97.59,-,0,0,IN-1655,3,292.77
03-10-2026,Central Warehouse -Kolkata,Central Warehouse -Kolkata,Dosa Coffee - Santoshpur (01/0012),White Butter,Kg,576.7,-,0,0,IN-1655,0.5,288.35
03-10-2026,Central Warehouse -Kolkata,Central Warehouse -Kolkata,Dosa Coffee - Santoshpur (01/0012),Ghee,Kg,752.06,-,0,0,IN-1655,1.81,1361.23
03-10-2026,Central Warehouse -Kolkata,Central Warehouse -Kolkata,Dosa Coffee - Santoshpur (01/0012),Banana Leaf Big (1bundle = 50pc),Pc,1.8,-,0,0,IN-1655,50,89.82
03-10-2026,Central Warehouse -Kolkata,Central Warehouse -Kolkata,Dosa Coffee - Santoshpur (01/0012),Banana Leaf Small (1bundle = 50pc),Pc,1.25,-,0,0,IN-1655,50,62.49
03-10-2026,Central Warehouse -Kolkata,Central Warehouse -Kolkata,Dosa Coffee - Santoshpur (01/0012),Beans,Kg,76.23,-,0,0,IN-1655,0.1,7.62
03-10-2026,Central Warehouse -Kolkata,Central Warehouse -Kolkata,Dosa Coffee - Santoshpur (01/0012),Ginger,Kg,131.11,-,0,0,IN-1655,0.5,65.55
03-10-2026,Central Warehouse -Kolkata,Central Warehouse -Kolkata,Dosa Coffee - Santoshpur (01/0012),Coriander Leaves,Kg,99.99,-,0,0,IN-1655,0.2,20
03-10-2026,Central Warehouse -Kolkata,Central Warehouse -Kolkata,Dosa Coffee - Santoshpur (01/0012),Carrot,Kg,40.99,-,0,0,IN-1655,0.68,27.88
03-10-2026,Central Warehouse -Kolkata,Central Warehouse -Kolkata,Dosa Coffee - Santoshpur (01/0012),Green Capsicum,Kg,65.51,-,0,0,IN-1655,0.1,6.55
03-10-2026,Central Warehouse -Kolkata,Central Warehouse -Kolkata,Dosa Coffee - Santoshpur (01/0012),Curry Leaves,Kg,71.15,-,0,0,IN-1655,0.1,7.12
03-10-2026,Central Warehouse -Kolkata,Central Warehouse -Kolkata,Dosa Coffee - Santoshpur (01/0012),Raw Green Chili,Kg,74.93,-,0,0,IN-1655,0.317,23.75
03-10-2026,Central Warehouse -Kolkata,Central Warehouse -Kolkata,Dosa Coffee - Santoshpur (01/0012),Tomato,Kg,40,-,0,0,IN-1655,0.6,24
03-10-2026,Central Warehouse -Kolkata,Central Warehouse -Kolkata,Dosa Coffee - Santoshpur (01/0012),Onion,Kg,36.19,-,0,0,IN-1655,3,108.56
03-10-2026,Central Warehouse -Kolkata,Central Warehouse -Kolkata,Dosa Coffee - Santoshpur (01/0012),Lime,Pc,3.5,-,0,0,IN-1655,30,105
03-10-2026,Central Warehouse -Kolkata,Central Warehouse -Kolkata,Dosa Coffee - Santoshpur (01/0012),Watermelon,Kg,34.89,-,0,0,IN-1655,2.07,72.22
03-10-2026,Central Warehouse -Kolkata,Central Warehouse -Kolkata,Dosa Coffee - Santoshpur (01/0012),Idli Daal (Rajkot),Kg,157.01,-,0,0,IN-1655,2,314.01
03-10-2026,Central Warehouse -Kolkata,Central Warehouse -Kolkata,Dosa Coffee - Santoshpur (01/0012),Raw Curd,Kg,71.4,-,0,0,IN-1655,1,71.4
03-10-2026,Central Warehouse -Kolkata,Central Warehouse -Kolkata,Dosa Coffee - Santoshpur (01/0012),Paneer,Kg,299,-,0,0,IN-1655,1,299
03-10-2026,Central Warehouse -Kolkata,Central Warehouse -Kolkata,Dosa Coffee - Santoshpur (01/0012),Milk (Adya Dairy),Ltr,61.85,-,0,0,IN-1655,0.5,30.93
03-10-2026,Central Warehouse -Kolkata,Central Warehouse -Kolkata,Dosa Coffee - Santoshpur (01/0012),Raw Potato,Kg,18.76,-,0,0,IN-1655,10,187.59
03-10-2026,Central Warehouse -Kolkata,Central Warehouse -Kolkata,Dosa Coffee - Ideal Plaza (01/0001),Scrubber - Scotch Brite,Pc,12.26,-,0,0,IN-3222,4,49.05
03-10-2026,Central Warehouse -Kolkata,Central Warehouse -Kolkata,Dosa Coffee - Ideal Plaza (01/0001),Garbage Bag Large (36 X 42),Pkt,69.46,-,0,0,IN-3222,2,138.93
03-10-2026,Central Warehouse -Kolkata,Central Warehouse -Kolkata,Dosa Coffee - Ideal Plaza (01/0001),C Fold Tissue (Toilet Tissue),Pkt,49.48,-,0,0,IN-3222,4,197.92
03-10-2026,Central Warehouse -Kolkata,Central Warehouse -Kolkata,Dosa Coffee - Ideal Plaza (01/0001),Banana Leaf Small (1bundle = 50pc),Pc,1.25,-,0,0,IN-3222,150,187.48
03-10-2026,Central Warehouse -Kolkata,Central Warehouse -Kolkata,Dosa Coffee - Ideal Plaza (01/0001),Banana Leaf Big (1bundle = 50pc),Pc,1.8,-,0,0,IN-3222,150,269.47
03-10-2026,Central Warehouse -Kolkata,Central Warehouse -Kolkata,Dosa Coffee - Ideal Plaza (01/0001),Lime,Pc,3.5,-,0,0,IN-3222,30,105
03-10-2026,Central Warehouse -Kolkata,Central Warehouse -Kolkata,Dosa Coffee - Ideal Plaza (01/0001),Watermelon,Kg,34.89,-,0,0,IN-3222,2.4,83.74
03-10-2026,Central Warehouse -Kolkata,Central Warehouse -Kolkata,Dosa Coffee - Ideal Plaza (01/0001),Fried Chana Daal,Kg,97.59,-,0,0,IN-3222,8,780.73
03-10-2026,Central Warehouse -Kolkata,Central Warehouse -Kolkata,Dosa Coffee - Ideal Plaza (01/0001),Salt,Kg,27.05,-,0,0,IN-3222,1,27.05
03-10-2026,Central Warehouse -Kolkata,Central Warehouse -Kolkata,Dosa Coffee - Ideal Plaza (01/0001),Turmeric Powder,gm,0.34,-,0,0,IN-3222,500,169.89
03-10-2026,Central Warehouse -Kolkata,Central Warehouse -Kolkata,Dosa Coffee - Ideal Plaza (01/0001),Compartment Tray With Lid - 5CP (1pkt = 25pc),Pc,10.66,-,0,0,IN-3222,25,266.38
03-10-2026,Central Warehouse -Kolkata,Central Warehouse -Kolkata,Dosa Coffee - Ideal Plaza (01/0001),Bio-Degradable Spoon (1pkt = 50pc),Pc,1.25,-,0,0,IN-3222,300,374.41
03-10-2026,Central Warehouse -Kolkata,Central Warehouse -Kolkata,Dosa Coffee - Ideal Plaza (01/0001),Carry Bag - Small (1pkt = 100pc),Pc,7.08,-,0,0,IN-3222,150,1061.78
03-10-2026,Central Warehouse -Kolkata,Central Warehouse -Kolkata,Dosa Coffee - Ideal Plaza (01/0001),Glen Container With Lid - 750ml (1pkt = 50pc),Pc,6.37,-,0,0,IN-3222,50,318.75
03-10-2026,Central Warehouse -Kolkata,Central Warehouse -Kolkata,Dosa Coffee - Ideal Plaza (01/0001),Idli Daal (Rajkot),Kg,157.01,-,0,0,IN-3222,4,628.03
03-10-2026,Central Warehouse -Kolkata,Central Warehouse -Kolkata,Dosa Coffee - Ideal Plaza (01/0001),Ghee,Kg,752.06,-,0,0,IN-3222,2.715,2041.85
03-10-2026,Central Warehouse -Kolkata,Central Warehouse -Kolkata,Dosa Coffee - Ideal Plaza (01/0001),Raw Potato,Kg,18.76,-,0,0,IN-3222,30,562.78
03-10-2026,Central Warehouse -Kolkata,Central Warehouse -Kolkata,Dosa Coffee - Ideal Plaza (01/0001),Ginger,Kg,131.11,-,0,0,IN-3222,2,262.22
03-10-2026,Central Warehouse -Kolkata,Central Warehouse -Kolkata,Dosa Coffee - Ideal Plaza (01/0001),Onion,Kg,36.19,-,0,0,IN-3222,8,289.48
03-10-2026,Central Warehouse -Kolkata,Central Warehouse -Kolkata,Dosa Coffee - Ideal Plaza (01/0001),White Butter,Kg,576.7,-,0,0,IN-3222,2,1153.41
03-10-2026,Central Warehouse -Kolkata,Central Warehouse -Kolkata,Dosa Coffee - Ideal Plaza (01/0001),Amul Butter,Kg,560.95,-,0,0,IN-3222,0.5,280.48
03-10-2026,Central Warehouse -Kolkata,Central Warehouse -Kolkata,Dosa Coffee - Ideal Plaza (01/0001),Amul Cheese,Kg,509.93,-,0,0,IN-3222,1,509.93
03-10-2026,Central Warehouse -Kolkata,Central Warehouse -Kolkata,Dosa Coffee - Ideal Plaza (01/0001),Jaggery,Kg,61.49,-,0,0,IN-3222,0.5,30.74
03-10-2026,Central Warehouse -Kolkata,Central Warehouse -Kolkata,Dosa Coffee - Ideal Plaza (01/0001),Raw Mango,Kg,85.08,-,0,0,IN-3222,1.08,91.89
03-10-2026,Central Warehouse -Kolkata,Central Warehouse -Kolkata,Dosa Coffee - Ideal Plaza (01/0001),Amada,Kg,70.24,-,0,0,IN-3222,0.1,7.02
03-10-2026,Central Warehouse -Kolkata,Central Warehouse -Kolkata,Dosa Coffee - Ideal Plaza (01/0001),Mint leaf,Kg,189.57,-,0,0,IN-3222,0.148,28.06
03-10-2026,Central Warehouse -Kolkata,Central Warehouse -Kolkata,Dosa Coffee - Ideal Plaza (01/0001),Coriander Leaves,Kg,99.99,-,0,0,IN-3222,1,99.99
03-10-2026,Central Warehouse -Kolkata,Central Warehouse -Kolkata,Dosa Coffee - Ideal Plaza (01/0001),Carrot,Kg,40.99,-,0,0,IN-3222,2.22,91.01
03-10-2026,Central Warehouse -Kolkata,Central Warehouse -Kolkata,Dosa Coffee - Ideal Plaza (01/0001),Raw Green Chili,Kg,74.93,-,0,0,IN-3222,2,149.87
03-10-2026,Central Warehouse -Kolkata,Central Warehouse -Kolkata,Dosa Coffee - Ideal Plaza (01/0001),Curry Leaves,Kg,71.15,-,0,0,IN-3222,0.2,14.23
03-10-2026,Central Warehouse -Kolkata,Central Warehouse -Kolkata,Dosa Coffee - Ideal Plaza (01/0001),Tomato,Kg,40,-,0,0,IN-3222,3,119.99
03-10-2026,Central Warehouse -Kolkata,Central Warehouse -Kolkata,Dosa Coffee - Ideal Plaza (01/0001),Raw Curd,Kg,71.4,-,0,0,IN-3222,5,357
03-10-2026,Central Warehouse -Kolkata,Central Warehouse -Kolkata,Dosa Coffee - Ideal Plaza (01/0001),Paneer,Kg,299,-,0,0,IN-3222,1,299
03-10-2026,Central Warehouse -Kolkata,Central Warehouse -Kolkata,Dosa Coffee - Ideal Plaza (01/0001),Milk (Adya Dairy),Ltr,61.85,-,0,0,IN-3222,3,185.56
03-10-2026,Central Warehouse -Kolkata,Central Warehouse -Kolkata,Dosa Coffee - Lake road 01/0015,Wooden Stirrer (1pkt = 100pc),Pc,0.13,-,0,0,IN-1314,500,65.84
03-10-2026,Central Warehouse -Kolkata,Central Warehouse -Kolkata,Dosa Coffee - Lake road 01/0015,Amada,Kg,70.24,-,0,0,IN-1314,0.2,14.05
03-10-2026,Central Warehouse -Kolkata,Central Warehouse -Kolkata,Dosa Coffee - Lake road 01/0015,White Butter,Kg,576.7,-,0,0,IN-1314,2.5,1441.76
03-10-2026,Central Warehouse -Kolkata,Central Warehouse -Kolkata,Dosa Coffee - Lake road 01/0015,Watermelon,Kg,34.89,-,0,0,IN-1314,10.308,359.65
03-10-2026,Central Warehouse -Kolkata,Central Warehouse -Kolkata,Dosa Coffee - Lake road 01/0015,Tomato,Kg,40,-,0,0,IN-1314,4,159.98
03-10-2026,Central Warehouse -Kolkata,Central Warehouse -Kolkata,Dosa Coffee - Lake road 01/0015,Take Away Packing Box - Small (1bundle = 50pc),Pc,4.3,-,0,0,IN-1314,300,1289.97
03-10-2026,Central Warehouse -Kolkata,Central Warehouse -Kolkata,Dosa Coffee - Lake road 01/0015,Sunflower Refined Oil  ( 1pkt = 868 Ml ),Ltr,167.48,-,0,0,IN-1314,13.888,2325.96
03-10-2026,Central Warehouse -Kolkata,Central Warehouse -Kolkata,Dosa Coffee - Lake road 01/0015,Sugar,Kg,51.88,-,0,0,IN-1314,2,103.75
03-10-2026,Central Warehouse -Kolkata,Central Warehouse -Kolkata,Dosa Coffee - Lake road 01/0015,Sticker - MRD (1sheet=108pc),Pc,0.13,-,0,0,IN-1314,1080,140.03
03-10-2026,Central Warehouse -Kolkata,Central Warehouse -Kolkata,Dosa Coffee - Lake road 01/0015,Salt,Kg,27.05,-,0,0,IN-1314,2,54.09
03-10-2026,Central Warehouse -Kolkata,Central Warehouse -Kolkata,Dosa Coffee - Lake road 01/0015,Rubber Hand Gloves (1pkt=100pc),Pc,2.72,-,0,0,IN-1314,100,271.79
03-10-2026,Central Warehouse -Kolkata,Central Warehouse -Kolkata,Dosa Coffee - Lake road 01/0015,Raw Mango,Kg,85.08,-,0,0,IN-1314,2.153,183.19
03-10-2026,Central Warehouse -Kolkata,Central Warehouse -Kolkata,Dosa Coffee - Lake road 01/0015,Raw Green Chili,Kg,74.93,-,0,0,IN-1314,2,149.87
03-10-2026,Central Warehouse -Kolkata,Central Warehouse -Kolkata,Dosa Coffee - Lake road 01/0015,Raw Curd,Kg,71.4,-,0,0,IN-1314,6,428.4
03-10-2026,Central Warehouse -Kolkata,Central Warehouse -Kolkata,Dosa Coffee - Lake road 01/0015,Paper Straw (1pkt = 100pc),Pc,0.39,-,0,0,IN-1314,200,77.33
03-10-2026,Central Warehouse -Kolkata,Central Warehouse -Kolkata,Dosa Coffee - Lake road 01/0015,Paper Napkin (1pkt = 100pc),Pc,0.24,-,0,0,IN-1314,1000,235.07
03-10-2026,Central Warehouse -Kolkata,Central Warehouse -Kolkata,Dosa Coffee - Lake road 01/0015,Paneer,Kg,299,-,0,0,IN-1314,1,299
03-10-2026,Central Warehouse -Kolkata,Central Warehouse -Kolkata,Dosa Coffee - Lake road 01/0015,Onion,Kg,36.19,-,0,0,IN-1314,10,361.85
03-10-2026,Central Warehouse -Kolkata,Central Warehouse -Kolkata,Dosa Coffee - Lake road 01/0015,Mint leaf,Kg,189.57,-,0,0,IN-1314,0.1,18.96
03-10-2026,Central Warehouse -Kolkata,Central Warehouse -Kolkata,Dosa Coffee - Lake road 01/0015,Milk - Tetra 1Ltr,Ltr,77.12,-,0,0,IN-1314,24,1851
03-10-2026,Central Warehouse -Kolkata,Central Warehouse -Kolkata,Dosa Coffee - Lake road 01/0015,Milk (Adya Dairy),Ltr,61.85,-,0,0,IN-1314,1.5,92.78
03-10-2026,Central Warehouse -Kolkata,Central Warehouse -Kolkata,Dosa Coffee - Lake road 01/0015,Lime,Pc,3.5,-,0,0,IN-1314,60,210.01
03-10-2026,Central Warehouse -Kolkata,Central Warehouse -Kolkata,Dosa Coffee - Lake road 01/0015,kitchen Paper Roll,Piece,299.82,-,0,0,IN-1314,1,299.82
03-10-2026,Central Warehouse -Kolkata,Central Warehouse -Kolkata,Dosa Coffee - Lake road 01/0015,Schweppes Water - 500ml,Pc,25.28,-,0,0,IN-1314,24,606.79
03-10-2026,Central Warehouse -Kolkata,Central Warehouse -Kolkata,Dosa Coffee - Lake road 01/0015,Hot Coffee Cup 150ml (1pkt=25pc),Pc,1.23,-,0,0,IN-1314,25,30.7
03-10-2026,Central Warehouse -Kolkata,Central Warehouse -Kolkata,Dosa Coffee - Lake road 01/0015,Glen Container With Lid - 250ml (1pkt = 50pc),Pc,3.87,-,0,0,IN-1314,500,1933.8
03-10-2026,Central Warehouse -Kolkata,Central Warehouse -Kolkata,Dosa Coffee - Lake road 01/0015,Glen Container With Lid - 100ml (1pkt = 50pc),Pc,1.76,-,0,0,IN-1314,50,88.05
03-10-2026,Central Warehouse -Kolkata,Central Warehouse -Kolkata,Dosa Coffee - Lake road 01/0015,Ginger,Kg,131.11,-,0,0,IN-1314,2,262.22
03-10-2026,Central Warehouse -Kolkata,Central Warehouse -Kolkata,Dosa Coffee - Lake road 01/0015,Ghee,Kg,752.06,-,0,0,IN-1314,5.43,4083.7
03-10-2026,Central Warehouse -Kolkata,Central Warehouse -Kolkata,Dosa Coffee - Lake road 01/0015,Garlic,Kg,139.99,-,0,0,IN-1314,0.08,11.2
03-10-2026,Central Warehouse -Kolkata,Central Warehouse -Kolkata,Dosa Coffee - Lake road 01/0015,Ecolab-Multi Purpose SINK Detergent (1can = 1ltr),Can,406.75,-,0,0,IN-1314,1,406.75
03-10-2026,Central Warehouse -Kolkata,Central Warehouse -Kolkata,Dosa Coffee - Lake road 01/0015,Garbage Bag Small (20 X 24),Pkt,53.62,-,0,0,IN-1314,1,53.62
03-10-2026,Central Warehouse -Kolkata,Central Warehouse -Kolkata,Dosa Coffee - Lake road 01/0015,Garbage Bag Large (36 X 42),Pkt,69.46,-,0,0,IN-1314,1,69.46
03-10-2026,Central Warehouse -Kolkata,Central Warehouse -Kolkata,Dosa Coffee - Lake road 01/0015,Fried Chana Daal,Kg,97.59,-,0,0,IN-1314,15,1463.87
03-10-2026,Central Warehouse -Kolkata,Central Warehouse -Kolkata,Dosa Coffee - Lake road 01/0015,Idli Daal (Rajkot),Kg,157.01,-,0,0,IN-1314,4,628.03
03-10-2026,Central Warehouse -Kolkata,Central Warehouse -Kolkata,Dosa Coffee - Lake road 01/0015,Curry Leaves,Kg,71.15,-,0,0,IN-1314,0.2,14.23
03-10-2026,Central Warehouse -Kolkata,Central Warehouse -Kolkata,Dosa Coffee - Lake road 01/0015,Cothas Coffee Powder,Kg,859.17,-,0,0,IN-1314,1,859.17
03-10-2026,Central Warehouse -Kolkata,Central Warehouse -Kolkata,Dosa Coffee - Lake road 01/0015,Coriander Leaves,Kg,99.99,-,0,0,IN-1314,1,99.99
03-10-2026,Central Warehouse -Kolkata,Central Warehouse -Kolkata,Dosa Coffee - Lake road 01/0015,Carry Bag - Large(1pkt = 100pc),Pc,10.52,-,0,0,IN-1314,25,263.05
03-10-2026,Central Warehouse -Kolkata,Central Warehouse -Kolkata,Dosa Coffee - Lake road 01/0015,Carrot,Kg,40.99,-,0,0,IN-1314,1.246,51.08
03-10-2026,Central Warehouse -Kolkata,Central Warehouse -Kolkata,Dosa Coffee - Lake road 01/0015,C Fold Tissue (Toilet Tissue),Pkt,49.48,-,0,0,IN-1314,2,98.96
03-10-2026,Central Warehouse -Kolkata,Central Warehouse -Kolkata,Dosa Coffee - Lake road 01/0015,Raw Potato,Kg,18.76,-,0,0,IN-1314,30,562.78
03-10-2026,Central Warehouse -Kolkata,Central Warehouse -Kolkata,Dosa Coffee - Lake road 01/0015,Black Salt,gm,0.03,-,0,0,IN-1314,1000,29.63
03-10-2026,Central Warehouse -Kolkata,Central Warehouse -Kolkata,Dosa Coffee - Lake road 01/0015,Bio-Degradable Spoon (1pkt = 50pc),Pc,1.25,-,0,0,IN-1314,200,249.89
03-10-2026,Central Warehouse -Kolkata,Central Warehouse -Kolkata,Dosa Coffee - Lake road 01/0015,Banana Leaf Big (1bundle = 50pc),Pc,1.8,-,0,0,IN-1314,200,359.32
03-10-2026,Central Warehouse -Kolkata,Central Warehouse -Kolkata,Dosa Coffee - Lake road 01/0015,Banana Leaf Small (1bundle = 50pc),Pc,1.25,-,0,0,IN-1314,200,249.97
03-10-2026,Central Warehouse -Kolkata,Central Warehouse -Kolkata,Dosa Coffee - Lake road 01/0015,Appalam Papad (1pkt = 47pc),Pc,3.78,-,0,0,IN-1314,47,177.71
03-10-2026,Central Warehouse -Kolkata,Central Warehouse -Kolkata,Dosa Coffee - Lake road 01/0015,Amul IC BP Vanilla (5L) CF,Ltr,97.77,-,0,0,IN-1314,5,488.83
03-10-2026,Central Warehouse -Kolkata,Central Warehouse -Kolkata,Dosa Coffee - Lake road 01/0015,Amul Cheese,Kg,509.93,-,0,0,IN-1314,2,1019.86
03-10-2026,Central Warehouse -Kolkata,Central Warehouse -Kolkata,Dosa Coffee - Lake road 01/0015,Amul Butter,Kg,560.95,-,0,0,IN-1314,0.5,280.48
03-10-2026,Central Warehouse -Kolkata,Central Warehouse -Kolkata,Dosa Coffee - James long Sarani (01/0011),Glen Container With Lid - 250ml (1pkt = 50pc),Pc,3.86,-,0,0,IN-1503,500,1929.57
03-10-2026,Central Warehouse -Kolkata,Central Warehouse -Kolkata,Dosa Coffee - James long Sarani (01/0011),1000ml Round Bucket (DIY),Piece,14.28,-,0,0,IN-1503,6,85.71
03-10-2026,Central Warehouse -Kolkata,Central Warehouse -Kolkata,Dosa Coffee - James long Sarani (01/0011),Coconut Chutney Sticker (DIY),Pc,2.18,-,0,0,IN-1503,24,52.22
03-10-2026,Central Warehouse -Kolkata,Central Warehouse -Kolkata,Dosa Coffee - James long Sarani (01/0011),DIY Kits Box,Pc,28.35,-,0,0,IN-1503,3,85.05
03-10-2026,Central Warehouse -Kolkata,Central Warehouse -Kolkata,Dosa Coffee - James long Sarani (01/0011),Appalam Papad (1pkt = 47pc),Pc,3.78,-,0,0,IN-1503,47,177.71
03-10-2026,Central Warehouse -Kolkata,Central Warehouse -Kolkata,Dosa Coffee - James long Sarani (01/0011),Curry Leaves,Kg,71.15,-,0,0,IN-1503,0.2,14.23
03-10-2026,Central Warehouse -Kolkata,Central Warehouse -Kolkata,Dosa Coffee - James long Sarani (01/0011),Ginger,Kg,131.11,-,0,0,IN-1503,2,262.22
03-10-2026,Central Warehouse -Kolkata,Central Warehouse -Kolkata,Dosa Coffee - James long Sarani (01/0011),Onion,Kg,36.19,-,0,0,IN-1503,4,144.74
03-10-2026,Central Warehouse -Kolkata,Central Warehouse -Kolkata,Dosa Coffee - James long Sarani (01/0011),Mint leaf,Kg,189.57,-,0,0,IN-1503,0.17,32.23
03-10-2026,Central Warehouse -Kolkata,Central Warehouse -Kolkata,Dosa Coffee - James long Sarani (01/0011),Coriander Leaves,Kg,99.99,-,0,0,IN-1503,0.3,30
03-10-2026,Central Warehouse -Kolkata,Central Warehouse -Kolkata,Dosa Coffee - James long Sarani (01/0011),Carrot,Kg,40.99,-,0,0,IN-1503,1.38,56.57
03-10-2026,Central Warehouse -Kolkata,Central Warehouse -Kolkata,Dosa Coffee - James long Sarani (01/0011),Tomato,Kg,40,-,0,0,IN-1503,1.5,59.99
03-10-2026,Central Warehouse -Kolkata,Central Warehouse -Kolkata,Dosa Coffee - James long Sarani (01/0011),Raw Green Chili,Kg,74.93,-,0,0,IN-1503,1,74.93
03-10-2026,Central Warehouse -Kolkata,Central Warehouse -Kolkata,Dosa Coffee - James long Sarani (01/0011),White Butter,Kg,576.7,-,0,0,IN-1503,1,576.7
03-10-2026,Central Warehouse -Kolkata,Central Warehouse -Kolkata,Dosa Coffee - James long Sarani (01/0011),Paneer,Kg,299,-,0,0,IN-1503,1,299
03-10-2026,Central Warehouse -Kolkata,Central Warehouse -Kolkata,Dosa Coffee - James long Sarani (01/0011),Milk (Adya Dairy),Ltr,61.85,-,0,0,IN-1503,1,61.85
03-10-2026,Central Warehouse -Kolkata,Central Warehouse -Kolkata,Dosa Coffee - James long Sarani (01/0011),Raw Curd,Kg,71.4,-,0,0,IN-1503,6,428.4
03-10-2026,Central Warehouse -Kolkata,Central Warehouse -Kolkata,Dosa Coffee - James long Sarani (01/0011),Watermelon,Kg,34.89,-,0,0,IN-1503,9.64,336.35
03-10-2026,Central Warehouse -Kolkata,Central Warehouse -Kolkata,Dosa Coffee - James long Sarani (01/0011),Raw Potato,Kg,18.76,-,0,0,IN-1503,20,375.19
03-10-2026,Central Warehouse -Kolkata,Central Warehouse -Kolkata,Dosa Coffee - James long Sarani (01/0011),Banana Leaf Big (1bundle = 50pc),Pc,1.8,-,0,0,IN-1503,150,269.47
03-10-2026,Central Warehouse -Kolkata,Central Warehouse -Kolkata,Dosa Coffee - James long Sarani (01/0011),Banana Leaf Small (1bundle = 50pc),Pc,1.25,-,0,0,IN-1503,50,62.49
03-10-2026,Central Warehouse -Kolkata,Central Warehouse -Kolkata,Dosa Coffee - James long Sarani (01/0011),Lime,Pc,3.5,-,0,0,IN-1503,20,70
03-10-2026,Central Warehouse -Kolkata,Central Warehouse -Kolkata,Dosa Coffee - James long Sarani (01/0011),Sunflower Refined Oil  ( 1pkt = 868 Ml ),Ltr,167.48,-,0,0,IN-1503,13.888,2325.96
03-10-2026,Central Warehouse -Kolkata,Central Warehouse -Kolkata,Dosa Coffee - James long Sarani (01/0011),Carry Bag - Small (1pkt = 100pc),Pc,7.08,-,0,0,IN-1503,300,2123.56
03-10-2026,Central Warehouse -Kolkata,Central Warehouse -Kolkata,Dosa Coffee - James long Sarani (01/0011),Carry Bag - Large(1pkt = 100pc),Pc,10.52,-,0,0,IN-1503,50,526.11
03-10-2026,Central Warehouse -Kolkata,Central Warehouse -Kolkata,Dosa Coffee - James long Sarani (01/0011),Take Away Packing Box - Small (1bundle = 50pc),Pc,4.31,-,0,0,IN-1503,200,861.3
03-10-2026,Central Warehouse -Kolkata,Central Warehouse -Kolkata,Dosa Coffee - James long Sarani (01/0011),Glen Container With Lid - 100ml (1pkt = 50pc),Pc,1.76,-,0,0,IN-1503,50,87.76
03-10-2026,Central Warehouse -Kolkata,Central Warehouse -Kolkata,Dosa Coffee - James long Sarani (01/0011),Silver Foil,Pc,348.93,-,0,0,IN-1503,1,348.93
03-10-2026,Central Warehouse -Kolkata,Central Warehouse -Kolkata,Dosa Coffee - James long Sarani (01/0011),Paper Sleeve (1pkt = 50pc),Pc,3.53,-,0,0,IN-1503,50,176.64
03-10-2026,Central Warehouse -Kolkata,Central Warehouse -Kolkata,Dosa Coffee - James long Sarani (01/0011),Paper Napkin (1pkt = 100pc),Pc,0.24,-,0,0,IN-1503,500,117.53
03-10-2026,Central Warehouse -Kolkata,Central Warehouse -Kolkata,Dosa Coffee - James long Sarani (01/0011),Fried Chana Daal,Kg,97.59,-,0,0,IN-1503,8,780.73
03-10-2026,Central Warehouse -Kolkata,Central Warehouse -Kolkata,Dosa Coffee - James long Sarani (01/0011),Idli Daal (Rajkot),Kg,157.01,-,0,0,IN-1503,2,314.01
03-10-2026,Central Warehouse -Kolkata,Central Warehouse -Kolkata,Dosa Coffee - James long Sarani (01/0011),Thermal Printer Roll - Posiflex,Pc,46.02,-,0,0,IN-1503,3,138.06
03-10-2026,Central Warehouse -Kolkata,Central Warehouse -Kolkata,Dosa Coffee - James long Sarani (01/0011),Bio-Degradable Spoon (1pkt = 50pc),Pc,1.25,-,0,0,IN-1503,200,249.61
03-10-2026,Central Warehouse -Kolkata,Central Warehouse -Kolkata,Dosa Coffee - Kalikapur (01/0014),Silver Foil,Pc,348.93,-,0,0,IN-1511,1,348.93
03-10-2026,Central Warehouse -Kolkata,Central Warehouse -Kolkata,Dosa Coffee - Kalikapur (01/0014),Sunflower Refined Oil  ( 1pkt = 868 Ml ),Ltr,167.48,-,0,0,IN-1511,4.34,726.86
03-10-2026,Central Warehouse -Kolkata,Central Warehouse -Kolkata,Dosa Coffee - Kalikapur (01/0014),Take Away Packing Box - Small (1bundle = 50pc),Pc,4.31,-,0,0,IN-1511,200,861.3
03-10-2026,Central Warehouse -Kolkata,Central Warehouse -Kolkata,Dosa Coffee - Kalikapur (01/0014),Jaggery Powder (250gm=1pkt),Kg,109.81,-,0,0,IN-1511,0.25,27.45
03-10-2026,Central Warehouse -Kolkata,Central Warehouse -Kolkata,Dosa Coffee - Kalikapur (01/0014),Strawberry Crush - 750ml,Ltr,197.95,-,0,0,IN-1511,0.75,148.46
03-10-2026,Central Warehouse -Kolkata,Central Warehouse -Kolkata,Dosa Coffee - Kalikapur (01/0014),Paneer,Kg,299,-,0,0,IN-1511,1,299
03-10-2026,Central Warehouse -Kolkata,Central Warehouse -Kolkata,Dosa Coffee - Kalikapur (01/0014),Garlic,Kg,139.99,-,0,0,IN-1511,0.05,7
03-10-2026,Central Warehouse -Kolkata,Central Warehouse -Kolkata,Dosa Coffee - Kalikapur (01/0014),Coriander Leaves,Kg,99.99,-,0,0,IN-1511,0.4,40
03-10-2026,Central Warehouse -Kolkata,Central Warehouse -Kolkata,Dosa Coffee - Kalikapur (01/0014),Cothas Coffee Powder,Kg,859.17,-,0,0,IN-1511,1,859.17
03-10-2026,Central Warehouse -Kolkata,Central Warehouse -Kolkata,Dosa Coffee - Kalikapur (01/0014),Banana Leaf Small (1bundle = 50pc),Pc,1.25,-,0,0,IN-1511,100,124.98
03-10-2026,Central Warehouse -Kolkata,Central Warehouse -Kolkata,Dosa Coffee - Kalikapur (01/0014),Banana Leaf Big (1bundle = 50pc),Pc,1.8,-,0,0,IN-1511,100,179.64
03-10-2026,Central Warehouse -Kolkata,Central Warehouse -Kolkata,Dosa Coffee - Kalikapur (01/0014),Garbage Bag Small (20 X 24),Pkt,53.62,-,0,0,IN-1511,2,107.25
03-10-2026,Central Warehouse -Kolkata,Central Warehouse -Kolkata,Dosa Coffee - Kalikapur (01/0014),White Sugar Sachet (1pkt = 200pc),Pc,0.42,-,0,0,IN-1511,200,84.64
03-10-2026,Central Warehouse -Kolkata,Central Warehouse -Kolkata,Dosa Coffee - Kalikapur (01/0014),Garbage Bag Large (36 X 42),Pkt,69.46,-,0,0,IN-1511,2,138.93
03-10-2026,Central Warehouse -Kolkata,Central Warehouse -Kolkata,Dosa Coffee - Kalikapur (01/0014),C Fold Tissue (Toilet Tissue),Pkt,49.48,-,0,0,IN-1511,1,49.48
03-10-2026,Central Warehouse -Kolkata,Central Warehouse -Kolkata,Dosa Coffee - Kalikapur (01/0014),Ecolab-Multi Purpose SINK Detergent (1can = 1ltr),Can,406.75,-,0,0,IN-1511,1,406.75
03-10-2026,Central Warehouse -Kolkata,Central Warehouse -Kolkata,Dosa Coffee - Kalikapur (01/0014),Raw Curd,Kg,71.4,-,0,0,IN-1511,2,142.8
03-10-2026,Central Warehouse -Kolkata,Central Warehouse -Kolkata,Dosa Coffee - Kalikapur (01/0014),Lime,Pc,3.5,-,0,0,IN-1511,20,70
03-10-2026,Central Warehouse -Kolkata,Central Warehouse -Kolkata,Dosa Coffee - Kalikapur (01/0014),Schweppes Water - 500ml,Pc,25.28,-,0,0,IN-1511,24,606.79
03-10-2026,Central Warehouse -Kolkata,Central Warehouse -Kolkata,Dosa Coffee - Kalikapur (01/0014),Watermelon,Kg,34.89,-,0,0,IN-1511,6.4,223.3
03-10-2026,Central Warehouse -Kolkata,Central Warehouse -Kolkata,Dosa Coffee - Kalikapur (01/0014),Glen Container With Lid - 500ml (1pkt = 50pc),Pc,4.29,-,0,0,IN-1511,100,428.58
03-10-2026,Central Warehouse -Kolkata,Central Warehouse -Kolkata,Dosa Coffee - Kalikapur (01/0014),Milk (Adya Dairy),Ltr,61.85,-,0,0,IN-1511,0.5,30.93
03-10-2026,Central Warehouse -Kolkata,Central Warehouse -Kolkata,Dosa Coffee - Kalikapur (01/0014),Milk - Tetra 1Ltr,Ltr,77.12,-,0,0,IN-1511,12,925.5
03-10-2026,Central Warehouse -Kolkata,Central Warehouse -Kolkata,Dosa Coffee - Kalikapur (01/0014),Paper Napkin (1pkt = 100pc),Pc,0.24,-,0,0,IN-1511,500,117.53
03-10-2026,Central Warehouse -Kolkata,Central Warehouse -Kolkata,Dosa Coffee - Kalikapur (01/0014),Bio-Degradable Spoon (1pkt = 50pc),Pc,1.25,-,0,0,IN-1511,200,249.61
03-10-2026,Central Warehouse -Kolkata,Central Warehouse -Kolkata,Dosa Coffee - Kalikapur (01/0014),Amada,Kg,70.24,-,0,0,IN-1511,0.2,14.05
03-10-2026,Central Warehouse -Kolkata,Central Warehouse -Kolkata,Dosa Coffee - Kalikapur (01/0014),Ghee,Kg,752.06,-,0,0,IN-1511,1.81,1361.23
03-10-2026,Central Warehouse -Kolkata,Central Warehouse -Kolkata,Dosa Coffee - Kalikapur (01/0014),White Butter,Kg,576.7,-,0,0,IN-1511,0.5,288.35
03-10-2026,Central Warehouse -Kolkata,Central Warehouse -Kolkata,Dosa Coffee - Kalikapur (01/0014),Amul IC BP Vanilla (5L) CF,Ltr,97.67,-,0,0,IN-1511,5,488.34
03-10-2026,Central Warehouse -Kolkata,Central Warehouse -Kolkata,Dosa Coffee - Kalikapur (01/0014),Raw Potato,Kg,18.76,-,0,0,IN-1511,12,225.11
03-10-2026,Central Warehouse -Kolkata,Central Warehouse -Kolkata,Dosa Coffee - Kalikapur (01/0014),Carrot,Kg,40.99,-,0,0,IN-1511,1.13,46.32
03-10-2026,Central Warehouse -Kolkata,Central Warehouse -Kolkata,Dosa Coffee - Kalikapur (01/0014),Raw Green Chili,Kg,74.93,-,0,0,IN-1511,0.5,37.47
03-10-2026,Central Warehouse -Kolkata,Central Warehouse -Kolkata,Dosa Coffee - Kalikapur (01/0014),Mint leaf,Kg,189.57,-,0,0,IN-1511,0.1,18.96
03-10-2026,Central Warehouse -Kolkata,Central Warehouse -Kolkata,Dosa Coffee - Kalikapur (01/0014),Curry Leaves,Kg,71.15,-,0,0,IN-1511,0.2,14.23
03-10-2026,Central Warehouse -Kolkata,Central Warehouse -Kolkata,Dosa Coffee - Kalikapur (01/0014),Ginger,Kg,131.11,-,0,0,IN-1511,1,131.11
03-10-2026,Central Warehouse -Kolkata,Central Warehouse -Kolkata,Dosa Coffee - Kalikapur (01/0014),Tomato,Kg,40,-,0,0,IN-1511,0.5,20
03-10-2026,Central Warehouse -Kolkata,Central Warehouse -Kolkata,Dosa Coffee - Kalikapur (01/0014),Onion,Kg,36.19,-,0,0,IN-1511,5,180.93
03-10-2026,Central Warehouse -Kolkata,Central Warehouse -Kolkata,Dosa Coffee - Kalikapur (01/0014),Mosambi,Kg,73.13,-,0,0,IN-1511,2,146.25
03-10-2026,Central Warehouse -Kolkata,Central Warehouse -Kolkata,Dosa Coffee - Kalikapur (01/0014),Fried Chana Daal,Kg,97.59,-,0,0,IN-1511,5,487.96
03-10-2026,Central Warehouse -Kolkata,Central Warehouse -Kolkata,Dosa Coffee - Calcutta Swiming Club (0007),Amul Cheese,Kg,509.4,-,0,0,IN-1514,0.5,254.7
03-10-2026,Central Warehouse -Kolkata,Central Warehouse -Kolkata,Dosa Coffee - Calcutta Swiming Club (0007),Tomato,Kg,40,-,0,0,IN-1514,0.3,12
03-10-2026,Central Warehouse -Kolkata,Central Warehouse -Kolkata,Dosa Coffee - Calcutta Swiming Club (0007),Carrot,Kg,40.99,-,0,0,IN-1514,0.56,22.96
03-10-2026,Central Warehouse -Kolkata,Central Warehouse -Kolkata,Dosa Coffee - Calcutta Swiming Club (0007),Banana Leaf Big (1bundle = 50pc),Pc,1.8,-,0,0,IN-1514,50,89.82
03-10-2026,Central Warehouse -Kolkata,Central Warehouse -Kolkata,Dosa Coffee - Calcutta Swiming Club (0007),Coriander Leaves,Kg,99.99,-,0,0,IN-1514,0.2,20
03-10-2026,Central Warehouse -Kolkata,Central Warehouse -Kolkata,Dosa Coffee - Calcutta Swiming Club (0007),Glen Container With Lid - 250ml (1pkt = 50pc),Pc,3.86,-,0,0,IN-1514,50,192.96
03-10-2026,Central Warehouse -Kolkata,Central Warehouse -Kolkata,Dosa Coffee - Calcutta Swiming Club (0007),Dosa Duster,Pc,28,-,0,0,IN-1514,1,28
03-10-2026,Central Warehouse -Kolkata,Central Warehouse -Kolkata,Dosa Coffee - Calcutta Swiming Club (0007),Raw Potato,Kg,18.76,-,0,0,IN-1514,2.195,41.18
03-10-2026,Central Warehouse -Kolkata,Central Warehouse -Kolkata,Dosa Coffee - Calcutta Swiming Club (0007),Milk (Adya Dairy),Ltr,61.85,-,0,0,IN-1514,0.5,30.93
03-10-2026,Central Warehouse -Kolkata,Central Warehouse -Kolkata,Dosa Coffee - Calcutta Swiming Club (0007),Milk - Tetra 1Ltr,Ltr,77.12,-,0,0,IN-1514,3,231.37
03-10-2026,Central Warehouse -Kolkata,Central Warehouse -Kolkata,Dosa Coffee - Rangoli Mall (01/0010),Turmeric Powder,gm,0.34,-,0,0,IN-1630,500,169.89
03-10-2026,Central Warehouse -Kolkata,Central Warehouse -Kolkata,Dosa Coffee - Rangoli Mall (01/0010),Amada,Kg,70.24,-,0,0,IN-1630,0.1,7.02
03-10-2026,Central Warehouse -Kolkata,Central Warehouse -Kolkata,Dosa Coffee - Rangoli Mall (01/0010),Jaggery,Kg,61.49,-,0,0,IN-1630,1,61.49
03-10-2026,Central Warehouse -Kolkata,Central Warehouse -Kolkata,Dosa Coffee - Rangoli Mall (01/0010),Raw Mango,Kg,85.08,-,0,0,IN-1630,1.085,92.32
03-10-2026,Central Warehouse -Kolkata,Central Warehouse -Kolkata,Dosa Coffee - Rangoli Mall (01/0010),Curry Leaves,Kg,71.15,-,0,0,IN-1630,0.5,35.58
03-10-2026,Central Warehouse -Kolkata,Central Warehouse -Kolkata,Dosa Coffee - Rangoli Mall (01/0010),Wet Mop Refil,Pc,92.89,-,0,0,IN-1630,2,185.78
03-10-2026,Central Warehouse -Kolkata,Central Warehouse -Kolkata,Dosa Coffee - Rangoli Mall (01/0010),Raw Curd,Kg,71.4,-,0,0,IN-1630,4,285.6
03-10-2026,Central Warehouse -Kolkata,Central Warehouse -Kolkata,Dosa Coffee - Rangoli Mall (01/0010),Cothas Coffee Powder,Kg,859.17,-,0,0,IN-1630,1,859.17
03-10-2026,Central Warehouse -Kolkata,Central Warehouse -Kolkata,Dosa Coffee - Rangoli Mall (01/0010),Amul IC BP Vanilla (5L) CF,Ltr,97.77,-,0,0,IN-1630,5,488.83
03-10-2026,Central Warehouse -Kolkata,Central Warehouse -Kolkata,Dosa Coffee - Rangoli Mall (01/0010),White Butter,Kg,576.7,-,0,0,IN-1630,1,576.7
03-10-2026,Central Warehouse -Kolkata,Central Warehouse -Kolkata,Dosa Coffee - Rangoli Mall (01/0010),Amul Butter,Kg,560.95,-,0,0,IN-1630,1,560.95
03-10-2026,Central Warehouse -Kolkata,Central Warehouse -Kolkata,Dosa Coffee - Rangoli Mall (01/0010),Amul Cheese,Kg,509.93,-,0,0,IN-1630,1,509.93
03-10-2026,Central Warehouse -Kolkata,Central Warehouse -Kolkata,Dosa Coffee - Rangoli Mall (01/0010),Ghee,Kg,752.06,-,0,0,IN-1630,1.81,1361.23
03-10-2026,Central Warehouse -Kolkata,Central Warehouse -Kolkata,Dosa Coffee - Rangoli Mall (01/0010),Kinley Soda 750ml Pet,Pc,15.81,-,0,0,IN-1630,24,379.41
03-10-2026,Central Warehouse -Kolkata,Central Warehouse -Kolkata,Dosa Coffee - Rangoli Mall (01/0010),Cottons Lemonade,Pc,17.44,-,0,0,IN-1630,24,418.68
03-10-2026,Central Warehouse -Kolkata,Central Warehouse -Kolkata,Dosa Coffee - Rangoli Mall (01/0010),Take Away Packing Box - Small (1bundle = 50pc),Pc,4.3,-,0,0,IN-1630,200,859.98
03-10-2026,Central Warehouse -Kolkata,Central Warehouse -Kolkata,Dosa Coffee - Rangoli Mall (01/0010),Banana Leaf Small (1bundle = 50pc),Pc,1.25,-,0,0,IN-1630,100,124.98
03-10-2026,Central Warehouse -Kolkata,Central Warehouse -Kolkata,Dosa Coffee - Rangoli Mall (01/0010),Banana Leaf Big (1bundle = 50pc),Pc,1.8,-,0,0,IN-1630,250,449.15
03-10-2026,Central Warehouse -Kolkata,Central Warehouse -Kolkata,Dosa Coffee - Rangoli Mall (01/0010),Supari,Pkt,148.81,-,0,0,IN-1630,1,148.81
03-10-2026,Central Warehouse -Kolkata,Central Warehouse -Kolkata,Dosa Coffee - Rangoli Mall (01/0010),White Sugar Sachet (1pkt = 200pc),Pc,0.42,-,0,0,IN-1630,400,169.28
03-10-2026,Central Warehouse -Kolkata,Central Warehouse -Kolkata,Dosa Coffee - Rangoli Mall (01/0010),Paper Napkin (1pkt = 100pc),Pc,0.24,-,0,0,IN-1630,800,188.06
03-10-2026,Central Warehouse -Kolkata,Central Warehouse -Kolkata,Dosa Coffee - Rangoli Mall (01/0010),C Fold Tissue (Toilet Tissue),Pkt,49.48,-,0,0,IN-1630,2,98.96
03-10-2026,Central Warehouse -Kolkata,Central Warehouse -Kolkata,Dosa Coffee - Rangoli Mall (01/0010),Nuttella (350gm),Kg,915.81,-,0,0,IN-1630,0.35,320.53
03-10-2026,Central Warehouse -Kolkata,Central Warehouse -Kolkata,Dosa Coffee - Rangoli Mall (01/0010),Paper Straw (1pkt = 100pc),Pc,0.39,-,0,0,IN-1630,100,38.67
03-10-2026,Central Warehouse -Kolkata,Central Warehouse -Kolkata,Dosa Coffee - Rangoli Mall (01/0010),Bio-Degradable Spoon (1pkt = 50pc),Pc,1.25,-,0,0,IN-1630,200,249.89
03-10-2026,Central Warehouse -Kolkata,Central Warehouse -Kolkata,Dosa Coffee - Rangoli Mall (01/0010),Glen Container With Lid - 500ml (1pkt = 50pc),Pc,4.29,-,0,0,IN-1630,50,214.55
03-10-2026,Central Warehouse -Kolkata,Central Warehouse -Kolkata,Dosa Coffee - Rangoli Mall (01/0010),Carry Bag - Small (1pkt = 100pc),Pc,7.08,-,0,0,IN-1630,100,707.85
03-10-2026,Central Warehouse -Kolkata,Central Warehouse -Kolkata,Dosa Coffee - Rangoli Mall (01/0010),Schweppes Water - 500ml,Pc,25.28,-,0,0,IN-1630,24,606.79
03-10-2026,Central Warehouse -Kolkata,Central Warehouse -Kolkata,Dosa Coffee - Rangoli Mall (01/0010),Milk - Tetra 1Ltr,Ltr,77.12,-,0,0,IN-1630,12,925.5
03-10-2026,Central Warehouse -Kolkata,Central Warehouse -Kolkata,Dosa Coffee - Rangoli Mall (01/0010),Milk (Adya Dairy),Ltr,61.85,-,0,0,IN-1630,2,123.71
03-10-2026,Central Warehouse -Kolkata,Central Warehouse -Kolkata,Dosa Coffee - Rangoli Mall (01/0010),Watermelon,Kg,34.89,-,0,0,IN-1630,4.24,147.94
03-10-2026,Central Warehouse -Kolkata,Central Warehouse -Kolkata,Dosa Coffee - Rangoli Mall (01/0010),Lime,Pc,3.5,-,0,0,IN-1630,60,210.01
03-10-2026,Central Warehouse -Kolkata,Central Warehouse -Kolkata,Dosa Coffee - Rangoli Mall (01/0010),Green Capsicum,Kg,65.51,-,0,0,IN-1630,0.565,37.01
03-10-2026,Central Warehouse -Kolkata,Central Warehouse -Kolkata,Dosa Coffee - Rangoli Mall (01/0010),Raw Green Chili,Kg,74.93,-,0,0,IN-1630,1,74.93
03-10-2026,Central Warehouse -Kolkata,Central Warehouse -Kolkata,Dosa Coffee - Rangoli Mall (01/0010),Ginger,Kg,131.11,-,0,0,IN-1630,0.6,78.67
03-10-2026,Central Warehouse -Kolkata,Central Warehouse -Kolkata,Dosa Coffee - Rangoli Mall (01/0010),Tomato,Kg,40,-,0,0,IN-1630,2.03,81.19
03-10-2026,Central Warehouse -Kolkata,Central Warehouse -Kolkata,Dosa Coffee - Rangoli Mall (01/0010),Onion,Kg,36.19,-,0,0,IN-1630,10,361.85
03-10-2026,Central Warehouse -Kolkata,Central Warehouse -Kolkata,Dosa Coffee - Rangoli Mall (01/0010),Coriander Leaves,Kg,99.99,-,0,0,IN-1630,0.5,50
03-10-2026,Central Warehouse -Kolkata,Central Warehouse -Kolkata,Dosa Coffee - Rangoli Mall (01/0010),Carrot,Kg,40.99,-,0,0,IN-1630,2.07,84.86
03-10-2026,Central Warehouse -Kolkata,Central Warehouse -Kolkata,Dosa Coffee - Rangoli Mall (01/0010),Fried Chana Daal,Kg,97.59,-,0,0,IN-1630,5,487.96
03-10-2026,Central Warehouse -Kolkata,Central Warehouse -Kolkata,Dosa Coffee - Rangoli Mall (01/0010),Idli Daal (Rajkot),Kg,157.01,-,0,0,IN-1630,3,471.02
03-10-2026,Central Warehouse -Kolkata,Central Warehouse -Kolkata,Dosa Coffee - Rangoli Mall (01/0010),Beans,Kg,76.23,-,0,0,IN-1630,0.5,38.11
03-10-2026,Central Warehouse -Kolkata,Central Warehouse -Kolkata,Dosa Coffee - Rangoli Mall (01/0010),Paneer,Kg,299,-,0,0,IN-1630,1,299
03-10-2026,Central Warehouse -Kolkata,Central Warehouse -Kolkata,Dosa Coffee - Forum (0003),Fried Chana Daal,Kg,97.59,-,0,0,IN-1709,4,390.37
03-10-2026,Central Warehouse -Kolkata,Central Warehouse -Kolkata,Dosa Coffee - Forum (0003),Paper Straw (1pkt = 100pc),Pc,0.39,-,0,0,IN-1709,100,38.67
03-10-2026,Central Warehouse -Kolkata,Central Warehouse -Kolkata,Dosa Coffee - Forum (0003),Schweppes Water - 500ml,Pc,25.28,-,0,0,IN-1709,24,606.79
03-10-2026,Central Warehouse -Kolkata,Central Warehouse -Kolkata,Dosa Coffee - Forum (0003),Idli Cloth (Markin Cloth),Pc,25.04,-,0,0,IN-1709,2,50.08
03-10-2026,Central Warehouse -Kolkata,Central Warehouse -Kolkata,Dosa Coffee - Forum (0003),Sticker - MRD (1sheet=108pc),Pc,0.13,-,0,0,IN-1709,1080,140.03
03-10-2026,Central Warehouse -Kolkata,Central Warehouse -Kolkata,Dosa Coffee - Forum (0003),Beans,Kg,76.23,-,0,0,IN-1709,0.15,11.43
03-10-2026,Central Warehouse -Kolkata,Central Warehouse -Kolkata,Dosa Coffee - Forum (0003),Salt,Kg,27.05,-,0,0,IN-1709,1,27.05
03-10-2026,Central Warehouse -Kolkata,Central Warehouse -Kolkata,Dosa Coffee - Forum (0003),Kinley Soda 750ml Pet,Pc,15.81,-,0,0,IN-1709,3,47.43
03-10-2026,Central Warehouse -Kolkata,Central Warehouse -Kolkata,Dosa Coffee - Forum (0003),White Butter,Kg,576.7,-,0,0,IN-1709,0.5,288.35
03-10-2026,Central Warehouse -Kolkata,Central Warehouse -Kolkata,Dosa Coffee - Forum (0003),Mint leaf,Kg,189.57,-,0,0,IN-1709,0.05,9.48
03-10-2026,Central Warehouse -Kolkata,Central Warehouse -Kolkata,Dosa Coffee - Forum (0003),Curry Leaves,Kg,71.15,-,0,0,IN-1709,0.1,7.12
03-10-2026,Central Warehouse -Kolkata,Central Warehouse -Kolkata,Dosa Coffee - Forum (0003),Tomato,Kg,40,-,0,0,IN-1709,0.5,20
03-10-2026,Central Warehouse -Kolkata,Central Warehouse -Kolkata,Dosa Coffee - Forum (0003),Lime,Pc,3.5,-,0,0,IN-1709,20,70
03-10-2026,Central Warehouse -Kolkata,Central Warehouse -Kolkata,Dosa Coffee - Forum (0003),Banana Leaf Big (1bundle = 50pc),Pc,1.8,-,0,0,IN-1709,100,179.66
03-10-2026,Central Warehouse -Kolkata,Central Warehouse -Kolkata,Dosa Coffee - Forum (0003),Cothas Coffee Powder,Kg,859.17,-,0,0,IN-1709,1,859.17
03-10-2026,Central Warehouse -Kolkata,Central Warehouse -Kolkata,Dosa Coffee - Forum (0003),Raw Curd,Kg,71.4,-,0,0,IN-1709,1,71.4
03-10-2026,Central Warehouse -Kolkata,Central Warehouse -Kolkata,Dosa Coffee - Forum (0003),Raw Green Chili,Kg,74.93,-,0,0,IN-1709,0.2,14.99
03-10-2026,Central Warehouse -Kolkata,Central Warehouse -Kolkata,Dosa Coffee - Forum (0003),Carrot,Kg,40.99,-,0,0,IN-1709,0.65,26.65
03-10-2026,Central Warehouse -Kolkata,Central Warehouse -Kolkata,Dosa Coffee - Forum (0003),Ginger,Kg,131.11,-,0,0,IN-1709,0.5,65.55
03-10-2026,Central Warehouse -Kolkata,Central Warehouse -Kolkata,Dosa Coffee - Forum (0003),Coriander Leaves,Kg,99.99,-,0,0,IN-1709,0.2,20
03-10-2026,Central Warehouse -Kolkata,Central Warehouse -Kolkata,Dosa Coffee - Forum (0003),Raw Potato,Kg,18.76,-,0,0,IN-1709,6,112.56
03-10-2026,Central Warehouse -Kolkata,Central Warehouse -Kolkata,Dosa Coffee - Forum (0003),Onion,Kg,36.19,-,0,0,IN-1709,4,144.74
03-10-2026,Central Warehouse -Kolkata,Central Warehouse -Kolkata,Dosa Coffee - Forum (0003),Milk (Adya Dairy),Ltr,61.85,-,0,0,IN-1709,0.5,30.93
03-10-2026,Central Warehouse -Kolkata,Central Warehouse -Kolkata,Dosa Coffee - Forum (0003),Milk - Tetra 1Ltr,Ltr,77.12,-,0,0,IN-1709,12,925.5
03-10-2026,Central Warehouse -Kolkata,Central Warehouse -Kolkata,Dosa Coffee - Forum (0003),Bio-Degradable Spoon (1pkt = 50pc),Pc,1.25,-,0,0,IN-1709,200,249.89
03-10-2026,Central Warehouse -Kolkata,Central Warehouse -Kolkata,Dosa Coffee - Forum (0003),Paper Napkin (1pkt = 100pc),Pc,0.24,-,0,0,IN-1709,400,94.03
03-10-2026,Central Warehouse -Kolkata,Central Warehouse -Kolkata,Dosa Coffee - Manisquare (0004),Paper Food Container - 100ml (1pkt = 50pc),Pc,1.78,-,0,0,IN-1861,100,178.37
03-10-2026,Central Warehouse -Kolkata,Central Warehouse -Kolkata,Dosa Coffee - Manisquare (0004),Paper Tray Mat (1pkt = 500pc),Pc,0.95,-,0,0,IN-1861,500,473.32
03-10-2026,Central Warehouse -Kolkata,Central Warehouse -Kolkata,Dosa Coffee - Manisquare (0004),Cothas Coffee Powder,Kg,859.17,-,0,0,IN-1861,0.5,429.58
03-10-2026,Central Warehouse -Kolkata,Central Warehouse -Kolkata,Dosa Coffee - Manisquare (0004),Salt,Kg,27.05,-,0,0,IN-1861,1,27.05
03-10-2026,Central Warehouse -Kolkata,Central Warehouse -Kolkata,Dosa Coffee - Manisquare (0004),White Sugar Sachet (1pkt = 200pc),Pc,0.42,-,0,0,IN-1861,200,84.64
03-10-2026,Central Warehouse -Kolkata,Central Warehouse -Kolkata,Dosa Coffee - Manisquare (0004),Amul Butter,Kg,560.95,-,0,0,IN-1861,1,560.95
03-10-2026,Central Warehouse -Kolkata,Central Warehouse -Kolkata,Dosa Coffee - Manisquare (0004),Sunflower Refined Oil  ( 1pkt = 868 Ml ),Ltr,167.48,-,0,0,IN-1861,5.208,872.23
03-10-2026,Central Warehouse -Kolkata,Central Warehouse -Kolkata,Dosa Coffee - Manisquare (0004),Sugar,Kg,51.88,-,0,0,IN-1861,1,51.88
03-10-2026,Central Warehouse -Kolkata,Central Warehouse -Kolkata,Dosa Coffee - Manisquare (0004),Fried Chana Daal,Kg,97.59,-,0,0,IN-1861,7,683.14
03-10-2026,Central Warehouse -Kolkata,Central Warehouse -Kolkata,Dosa Coffee - Manisquare (0004),Coffee Cup (1Pkt = 50Pics),Pc,4.01,-,0,0,IN-1861,25,100.25
03-10-2026,Central Warehouse -Kolkata,Central Warehouse -Kolkata,Dosa Coffee - Manisquare (0004),Carry Bag - Small (1pkt = 100pc),Pc,7.08,-,0,0,IN-1861,25,176.96
03-10-2026,Central Warehouse -Kolkata,Central Warehouse -Kolkata,Dosa Coffee - Manisquare (0004),Paper Napkin (1pkt = 100pc),Pc,0.24,-,0,0,IN-1861,600,141.04
03-10-2026,Central Warehouse -Kolkata,Central Warehouse -Kolkata,Dosa Coffee - Manisquare (0004),Hot Coffee Cup 150ml (1pkt=25pc),Pc,1.23,-,0,0,IN-1861,150,184.17
03-10-2026,Central Warehouse -Kolkata,Central Warehouse -Kolkata,Dosa Coffee - Manisquare (0004),Glen Container With Lid - 500ml (1pkt = 50pc),Pc,4.29,-,0,0,IN-1861,50,214.55
03-10-2026,Central Warehouse -Kolkata,Central Warehouse -Kolkata,Dosa Coffee - Manisquare (0004),Glen Container With Lid - 250ml (1pkt = 50pc),Pc,3.87,-,0,0,IN-1861,100,386.76
03-10-2026,Central Warehouse -Kolkata,Central Warehouse -Kolkata,Dosa Coffee - Manisquare (0004),Bio-Degradable Spoon (1pkt = 50pc),Pc,1.25,-,0,0,IN-1861,350,437.31
03-10-2026,Central Warehouse -Kolkata,Central Warehouse -Kolkata,Dosa Coffee - Manisquare (0004),Banana Leaf Small (1bundle = 50pc),Pc,1.25,-,0,0,IN-1861,300,374.95
03-10-2026,Central Warehouse -Kolkata,Central Warehouse -Kolkata,Dosa Coffee - Manisquare (0004),Mint leaf,Kg,189.57,-,0,0,IN-1861,0.05,9.48
03-10-2026,Central Warehouse -Kolkata,Central Warehouse -Kolkata,Dosa Coffee - Manisquare (0004),Beans,Kg,76.23,-,0,0,IN-1861,0.3,22.87
03-10-2026,Central Warehouse -Kolkata,Central Warehouse -Kolkata,Dosa Coffee - Manisquare (0004),Tomato,Kg,40,-,0,0,IN-1861,0.5,20
03-10-2026,Central Warehouse -Kolkata,Central Warehouse -Kolkata,Dosa Coffee - Manisquare (0004),Raw Green Chili,Kg,74.93,-,0,0,IN-1861,1,74.93
03-10-2026,Central Warehouse -Kolkata,Central Warehouse -Kolkata,Dosa Coffee - Manisquare (0004),Onion,Kg,36.19,-,0,0,IN-1861,4,144.74
03-10-2026,Central Warehouse -Kolkata,Central Warehouse -Kolkata,Dosa Coffee - Manisquare (0004),Green Capsicum,Kg,65.51,-,0,0,IN-1861,0.2,13.1
03-10-2026,Central Warehouse -Kolkata,Central Warehouse -Kolkata,Dosa Coffee - Manisquare (0004),Ginger,Kg,131.11,-,0,0,IN-1861,0.5,65.55
03-10-2026,Central Warehouse -Kolkata,Central Warehouse -Kolkata,Dosa Coffee - Manisquare (0004),Curry Leaves,Kg,71.15,-,0,0,IN-1861,0.1,7.12
03-10-2026,Central Warehouse -Kolkata,Central Warehouse -Kolkata,Dosa Coffee - Manisquare (0004),Coriander Leaves,Kg,99.99,-,0,0,IN-1861,0.4,40
03-10-2026,Central Warehouse -Kolkata,Central Warehouse -Kolkata,Dosa Coffee - Manisquare (0004),Carrot,Kg,40.99,-,0,0,IN-1861,1.16,47.55
03-10-2026,Central Warehouse -Kolkata,Central Warehouse -Kolkata,Dosa Coffee - Manisquare (0004),White Butter,Kg,576.7,-,0,0,IN-1861,1,576.7
03-10-2026,Central Warehouse -Kolkata,Central Warehouse -Kolkata,Dosa Coffee - Manisquare (0004),Raw Curd,Kg,71.4,-,0,0,IN-1861,3,214.2
03-10-2026,Central Warehouse -Kolkata,Central Warehouse -Kolkata,Dosa Coffee - Manisquare (0004),Milk - Tetra 1Ltr,Ltr,77.12,-,0,0,IN-1861,18,1388.25
03-10-2026,Central Warehouse -Kolkata,Central Warehouse -Kolkata,Dosa Coffee - Manisquare (0004),Ghee,Kg,752.06,-,0,0,IN-1861,1.81,1361.23
03-10-2026,Central Warehouse -Kolkata,Central Warehouse -Kolkata,Dosa Coffee - Manisquare (0004),Amul Cheese,Kg,509.93,-,0,0,IN-1861,1,509.93
03-10-2026,Central Warehouse -Kolkata,Central Warehouse -Kolkata,Dosa Coffee - Manisquare (0004),Schweppes Water - 500ml,Pc,25.28,-,0,0,IN-1861,24,606.79
03-10-2026,Central Warehouse -Kolkata,Central Warehouse -Kolkata,Dosa Coffee - Lake Town (0005),Curry Leaves,Kg,71.15,-,0,0,IN-2150,0.1,7.12
03-10-2026,Central Warehouse -Kolkata,Central Warehouse -Kolkata,Dosa Coffee - Lake Town (0005),White Butter,Kg,576.7,-,0,0,IN-2150,1,576.7
03-10-2026,Central Warehouse -Kolkata,Central Warehouse -Kolkata,Dosa Coffee - Lake Town (0005),Tomato,Kg,40,-,0,0,IN-2150,0.5,20
03-10-2026,Central Warehouse -Kolkata,Central Warehouse -Kolkata,Dosa Coffee - Lake Town (0005),Thermal Printer Roll - Posiflex,Pc,46.02,-,0,0,IN-2150,4,184.08
03-10-2026,Central Warehouse -Kolkata,Central Warehouse -Kolkata,Dosa Coffee - Lake Town (0005),Take Away Packing Box - Small (1bundle = 50pc),Pc,4.31,-,0,0,IN-2150,200,861.3
03-10-2026,Central Warehouse -Kolkata,Central Warehouse -Kolkata,Dosa Coffee - Lake Town (0005),Silver Foil,Pc,348.93,-,0,0,IN-2150,1,348.93
03-10-2026,Central Warehouse -Kolkata,Central Warehouse -Kolkata,Dosa Coffee - Lake Town (0005),Salt,Kg,27.05,-,0,0,IN-2150,1,27.05
03-10-2026,Central Warehouse -Kolkata,Central Warehouse -Kolkata,Dosa Coffee - Lake Town (0005),Raw Mango,Kg,85.08,-,0,0,IN-2150,0.54,45.95
03-10-2026,Central Warehouse -Kolkata,Central Warehouse -Kolkata,Dosa Coffee - Lake Town (0005),Raw Green Chili,Kg,74.93,-,0,0,IN-2150,0.5,37.47
03-10-2026,Central Warehouse -Kolkata,Central Warehouse -Kolkata,Dosa Coffee - Lake Town (0005),Raw Curd,Kg,71.4,-,0,0,IN-2150,3,214.2
03-10-2026,Central Warehouse -Kolkata,Central Warehouse -Kolkata,Dosa Coffee - Lake Town (0005),Paper Napkin (1pkt = 100pc),Pc,0.24,-,0,0,IN-2150,300,70.52
03-10-2026,Central Warehouse -Kolkata,Central Warehouse -Kolkata,Dosa Coffee - Lake Town (0005),Paneer,Kg,299,-,0,0,IN-2150,1,299
03-10-2026,Central Warehouse -Kolkata,Central Warehouse -Kolkata,Dosa Coffee - Lake Town (0005),Onion,Kg,36.19,-,0,0,IN-2150,4,144.74
03-10-2026,Central Warehouse -Kolkata,Central Warehouse -Kolkata,Dosa Coffee - Lake Town (0005),Mint leaf,Kg,189.57,-,0,0,IN-2150,0.05,9.48
03-10-2026,Central Warehouse -Kolkata,Central Warehouse -Kolkata,Dosa Coffee - Lake Town (0005),Milk (Adya Dairy),Ltr,61.85,-,0,0,IN-2150,0.5,30.93
03-10-2026,Central Warehouse -Kolkata,Central Warehouse -Kolkata,Dosa Coffee - Lake Town (0005),Jaggery,Kg,61.49,-,0,0,IN-2150,0.5,30.74
03-10-2026,Central Warehouse -Kolkata,Central Warehouse -Kolkata,Dosa Coffee - Lake Town (0005),Idli Cloth (Markin Cloth),Pc,25.04,-,0,0,IN-2150,2,50.08
03-10-2026,Central Warehouse -Kolkata,Central Warehouse -Kolkata,Dosa Coffee - Lake Town (0005),Glen Container With Lid - 250ml (1pkt = 50pc),Pc,3.86,-,0,0,IN-2150,500,1929.57
03-10-2026,Central Warehouse -Kolkata,Central Warehouse -Kolkata,Dosa Coffee - Lake Town (0005),Ginger,Kg,131.11,-,0,0,IN-2150,1,131.11
03-10-2026,Central Warehouse -Kolkata,Central Warehouse -Kolkata,Dosa Coffee - Lake Town (0005),Ghee,Kg,752.06,-,0,0,IN-2150,1.81,1361.23
03-10-2026,Central Warehouse -Kolkata,Central Warehouse -Kolkata,Dosa Coffee - Lake Town (0005),Fried Chana Daal,Kg,97.59,-,0,0,IN-2150,7,683.14
03-10-2026,Central Warehouse -Kolkata,Central Warehouse -Kolkata,Dosa Coffee - Lake Town (0005),Cottons Lemonade,Pc,17.44,-,0,0,IN-2150,24,418.68
03-10-2026,Central Warehouse -Kolkata,Central Warehouse -Kolkata,Dosa Coffee - Lake Town (0005),Coriander Leaves,Kg,99.99,-,0,0,IN-2150,0.5,50
03-10-2026,Central Warehouse -Kolkata,Central Warehouse -Kolkata,Dosa Coffee - Lake Town (0005),Carrot,Kg,40.99,-,0,0,IN-2150,1.06,43.45
03-10-2026,Central Warehouse -Kolkata,Central Warehouse -Kolkata,Dosa Coffee - Lake Town (0005),Bio-Degradable Spoon (1pkt = 50pc),Pc,1.25,-,0,0,IN-2150,150,187.2
03-10-2026,Central Warehouse -Kolkata,Central Warehouse -Kolkata,Dosa Coffee - Lake Town (0005),Beans,Kg,76.23,-,0,0,IN-2150,0.3,22.87
03-10-2026,Central Warehouse -Kolkata,Central Warehouse -Kolkata,Dosa Coffee - Lake Town (0005),Banana Leaf Small (1bundle = 50pc),Pc,1.25,-,0,0,IN-2150,200,249.97
03-10-2026,Central Warehouse -Kolkata,Central Warehouse -Kolkata,Dosa Coffee - Lake Town (0005),Amada,Kg,70.24,-,0,0,IN-2150,0.05,3.51
03-10-2026,Central Warehouse -Kolkata,Central Warehouse -Kolkata,Dosa Coffee - Salt Lake Sec-1 (0009),Amada,Kg,70.24,-,0,0,IN-2010,0.1,7.02
03-10-2026,Central Warehouse -Kolkata,Central Warehouse -Kolkata,Dosa Coffee - Salt Lake Sec-1 (0009),Toilet Paper Roll Round,Pc,20.14,-,0,0,IN-2010,1,20.14
03-10-2026,Central Warehouse -Kolkata,Central Warehouse -Kolkata,Dosa Coffee - Salt Lake Sec-1 (0009),C Fold Tissue (Toilet Tissue),Pkt,49.48,-,0,0,IN-2010,2,98.96
03-10-2026,Central Warehouse -Kolkata,Central Warehouse -Kolkata,Dosa Coffee - Salt Lake Sec-1 (0009),Raw Mango,Kg,85.08,-,0,0,IN-2010,1.02,86.79
03-10-2026,Central Warehouse -Kolkata,Central Warehouse -Kolkata,Dosa Coffee - Salt Lake Sec-1 (0009),Oreo Buiscuits,Pkt,9.71,-,0,0,IN-2010,3,29.13
03-10-2026,Central Warehouse -Kolkata,Central Warehouse -Kolkata,Dosa Coffee - Salt Lake Sec-1 (0009),Rubber Hand Gloves (1pkt=100pc),Pc,2.72,-,0,0,IN-2010,100,271.79
03-10-2026,Central Warehouse -Kolkata,Central Warehouse -Kolkata,Dosa Coffee - Salt Lake Sec-1 (0009),Schweppes Water - 500ml,Pc,25.28,-,0,0,IN-2010,23,581.51
03-10-2026,Central Warehouse -Kolkata,Central Warehouse -Kolkata,Dosa Coffee - Salt Lake Sec-1 (0009),Ecolab-Multi Purpose SINK Detergent (1can = 1ltr),Can,406.75,-,0,0,IN-2010,1,406.75
03-10-2026,Central Warehouse -Kolkata,Central Warehouse -Kolkata,Dosa Coffee - Salt Lake Sec-1 (0009),Kinley Soda 750ml Pet,Pc,15.81,-,0,0,IN-2010,10,158.09
03-10-2026,Central Warehouse -Kolkata,Central Warehouse -Kolkata,Dosa Coffee - Salt Lake Sec-1 (0009),Amul IC BP Vanilla (5L) CF,Ltr,97.77,-,0,0,IN-2010,5,488.83
03-10-2026,Central Warehouse -Kolkata,Central Warehouse -Kolkata,Dosa Coffee - Salt Lake Sec-1 (0009),Cothas Coffee Powder,Kg,859.17,-,0,0,IN-2010,1,859.17
03-10-2026,Central Warehouse -Kolkata,Central Warehouse -Kolkata,Dosa Coffee - Salt Lake Sec-1 (0009),Hot Coffee Cup 150ml (1pkt=25pc),Pc,1.23,-,0,0,IN-2010,25,30.7
03-10-2026,Central Warehouse -Kolkata,Central Warehouse -Kolkata,Dosa Coffee - Salt Lake Sec-1 (0009),White Sugar Sachet (1pkt = 200pc),Pc,0.42,-,0,0,IN-2010,200,84.64
03-10-2026,Central Warehouse -Kolkata,Central Warehouse -Kolkata,Dosa Coffee - Salt Lake Sec-1 (0009),Supari,Pkt,148.81,-,0,0,IN-2010,1,148.81
03-10-2026,Central Warehouse -Kolkata,Central Warehouse -Kolkata,Dosa Coffee - Salt Lake Sec-1 (0009),Garbage Bag Large (36 X 42),Pkt,69.46,-,0,0,IN-2010,1,69.46
03-10-2026,Central Warehouse -Kolkata,Central Warehouse -Kolkata,Dosa Coffee - Salt Lake Sec-1 (0009),Garbage Bag Small (20 X 24),Pkt,53.62,-,0,0,IN-2010,1,53.62
03-10-2026,Central Warehouse -Kolkata,Central Warehouse -Kolkata,Dosa Coffee - Salt Lake Sec-1 (0009),Glass Bottle 300ml W/Cap (1box = 48pc),Pc,12.48,-,0,0,IN-2010,48,598.94
03-10-2026,Central Warehouse -Kolkata,Central Warehouse -Kolkata,Dosa Coffee - Salt Lake Sec-1 (0009),Silver Foil,Pc,349.19,-,0,0,IN-2010,1,349.19
03-10-2026,Central Warehouse -Kolkata,Central Warehouse -Kolkata,Dosa Coffee - Salt Lake Sec-1 (0009),Paper Straw (1pkt = 100pc),Pc,0.39,-,0,0,IN-2010,100,38.67
03-10-2026,Central Warehouse -Kolkata,Central Warehouse -Kolkata,Dosa Coffee - Salt Lake Sec-1 (0009),Bio-Degradable Spoon (1pkt = 50pc),Pc,1.25,-,0,0,IN-2010,200,249.89
03-10-2026,Central Warehouse -Kolkata,Central Warehouse -Kolkata,Dosa Coffee - Salt Lake Sec-1 (0009),Paper Napkin (1pkt = 100pc),Pc,0.24,-,0,0,IN-2010,700,164.55
03-10-2026,Central Warehouse -Kolkata,Central Warehouse -Kolkata,Dosa Coffee - Salt Lake Sec-1 (0009),Carry Bag - Small (1pkt = 100pc),Pc,7.08,-,0,0,IN-2010,100,707.85
03-10-2026,Central Warehouse -Kolkata,Central Warehouse -Kolkata,Dosa Coffee - Salt Lake Sec-1 (0009),Take Away Packing Box - Small (1bundle = 50pc),Pc,4.3,-,0,0,IN-2010,200,859.98
03-10-2026,Central Warehouse -Kolkata,Central Warehouse -Kolkata,Dosa Coffee - Salt Lake Sec-1 (0009),Sticker - MRD (1sheet=108pc),Pc,0.13,-,0,0,IN-2010,108,14
03-10-2026,Central Warehouse -Kolkata,Central Warehouse -Kolkata,Dosa Coffee - Salt Lake Sec-1 (0009),Appalam Papad (1pkt = 47pc),Pc,3.78,-,0,0,IN-2010,47,177.71
03-10-2026,Central Warehouse -Kolkata,Central Warehouse -Kolkata,Dosa Coffee - Salt Lake Sec-1 (0009),Salt,Kg,27.05,-,0,0,IN-2010,1,27.05
03-10-2026,Central Warehouse -Kolkata,Central Warehouse -Kolkata,Dosa Coffee - Salt Lake Sec-1 (0009),Sugar,Kg,51.88,-,0,0,IN-2010,1,51.88
03-10-2026,Central Warehouse -Kolkata,Central Warehouse -Kolkata,Dosa Coffee - Salt Lake Sec-1 (0009),Fried Chana Daal,Kg,97.59,-,0,0,IN-2010,8,780.73
03-10-2026,Central Warehouse -Kolkata,Central Warehouse -Kolkata,Dosa Coffee - Salt Lake Sec-1 (0009),Idli Daal (Rajkot),Kg,157.01,-,0,0,IN-2010,3,471.02
03-10-2026,Central Warehouse -Kolkata,Central Warehouse -Kolkata,Dosa Coffee - Salt Lake Sec-1 (0009),Kashmiri Chili Powder,gm,0.83,-,0,0,IN-2010,500,412.59
03-10-2026,Central Warehouse -Kolkata,Central Warehouse -Kolkata,Dosa Coffee - Salt Lake Sec-1 (0009),Turmeric Powder,gm,0.34,-,0,0,IN-2010,500,169.89
03-10-2026,Central Warehouse -Kolkata,Central Warehouse -Kolkata,Dosa Coffee - Salt Lake Sec-1 (0009),Mint leaf,Kg,189.57,-,0,0,IN-2010,0.1,18.96
03-10-2026,Central Warehouse -Kolkata,Central Warehouse -Kolkata,Dosa Coffee - Salt Lake Sec-1 (0009),Banana Leaf Small (1bundle = 50pc),Pc,1.25,-,0,0,IN-2010,200,249.97
03-10-2026,Central Warehouse -Kolkata,Central Warehouse -Kolkata,Dosa Coffee - Salt Lake Sec-1 (0009),Banana Leaf Big (1bundle = 50pc),Pc,1.8,-,0,0,IN-2010,250,449.15
03-10-2026,Central Warehouse -Kolkata,Central Warehouse -Kolkata,Dosa Coffee - Salt Lake Sec-1 (0009),Lime,Pc,3.5,-,0,0,IN-2010,40,140.01
03-10-2026,Central Warehouse -Kolkata,Central Warehouse -Kolkata,Dosa Coffee - Salt Lake Sec-1 (0009),Coriander Leaves,Kg,99.99,-,0,0,IN-2010,0.5,50
03-10-2026,Central Warehouse -Kolkata,Central Warehouse -Kolkata,Dosa Coffee - Salt Lake Sec-1 (0009),Tomato,Kg,40,-,0,0,IN-2010,1.5,59.99
03-10-2026,Central Warehouse -Kolkata,Central Warehouse -Kolkata,Dosa Coffee - Salt Lake Sec-1 (0009),Ginger,Kg,131.11,-,0,0,IN-2010,1,131.11
03-10-2026,Central Warehouse -Kolkata,Central Warehouse -Kolkata,Dosa Coffee - Salt Lake Sec-1 (0009),Onion,Kg,36.19,-,0,0,IN-2010,8,289.48
03-10-2026,Central Warehouse -Kolkata,Central Warehouse -Kolkata,Dosa Coffee - Salt Lake Sec-1 (0009),Raw Green Chili,Kg,74.93,-,0,0,IN-2010,1,74.93
03-10-2026,Central Warehouse -Kolkata,Central Warehouse -Kolkata,Dosa Coffee - Salt Lake Sec-1 (0009),Milk - Tetra 1Ltr,Ltr,77.12,-,0,0,IN-2010,12,925.5
03-10-2026,Central Warehouse -Kolkata,Central Warehouse -Kolkata,Dosa Coffee - Salt Lake Sec-1 (0009),Milk (Adya Dairy),Ltr,61.85,-,0,0,IN-2010,1,61.85
03-10-2026,Central Warehouse -Kolkata,Central Warehouse -Kolkata,Dosa Coffee - Salt Lake Sec-1 (0009),Sunflower Refined Oil  ( 1pkt = 868 Ml ),Ltr,167.48,-,0,0,IN-2010,6.076,1017.61
03-10-2026,Central Warehouse -Kolkata,Central Warehouse -Kolkata,Dosa Coffee - Salt Lake Sec-1 (0009),Ghee,Kg,752.06,-,0,0,IN-2010,2.715,2041.85
03-10-2026,Central Warehouse -Kolkata,Central Warehouse -Kolkata,Dosa Coffee - Salt Lake Sec-1 (0009),Amul Cheese,Kg,509.93,-,0,0,IN-2010,1,509.93
03-10-2026,Central Warehouse -Kolkata,Central Warehouse -Kolkata,Dosa Coffee - Salt Lake Sec-1 (0009),Amul Butter,Kg,560.95,-,0,0,IN-2010,1,560.95
03-10-2026,Central Warehouse -Kolkata,Central Warehouse -Kolkata,Dosa Coffee - Salt Lake Sec-1 (0009),White Butter,Kg,576.7,-,0,0,IN-2010,2,1153.41
03-10-2026,Central Warehouse -Kolkata,Central Warehouse -Kolkata,Dosa Coffee - Salt Lake Sec-1 (0009),Beans,Kg,76.23,-,0,0,IN-2010,0.4,30.49
03-10-2026,Central Warehouse -Kolkata,Central Warehouse -Kolkata,Dosa Coffee - Salt Lake Sec-1 (0009),Watermelon,Kg,34.89,-,0,0,IN-2010,2.79,97.34
03-10-2026,Central Warehouse -Kolkata,Central Warehouse -Kolkata,Dosa Coffee - Salt Lake Sec-1 (0009),Carrot,Kg,40.99,-,0,0,IN-2010,2.03,83.22
03-10-2026,Central Warehouse -Kolkata,Central Warehouse -Kolkata,Dosa Coffee - Salt Lake Sec-1 (0009),Raw Curd,Kg,71.4,-,0,0,IN-2010,7,499.8
03-10-2026,Central Warehouse -Kolkata,Central Warehouse -Kolkata,Dosa Coffee - Salt Lake Sec-1 (0009),Paneer,Kg,299,-,0,0,IN-2010,1,299
03-10-2026,Central Warehouse -Kolkata,Central Warehouse -Kolkata,Dosa Coffee - Salt Lake Sec-1 (0009),Raw Potato,Kg,18.76,-,0,0,IN-2010,22,412.71
03-10-2026,Central Warehouse -Kolkata,Central Warehouse -Kolkata,Dosa Coffee - Salt Lake (002),Compartment Tray With Lid - 2CP (1pkt = 25pc),Pc,7.63,-,0,0,IN-2242,25,190.77
03-10-2026,Central Warehouse -Kolkata,Central Warehouse -Kolkata,Dosa Coffee - Salt Lake (002),Watermelon,Kg,34.89,-,0,0,IN-2242,3.68,128.4
03-10-2026,Central Warehouse -Kolkata,Central Warehouse -Kolkata,Dosa Coffee - Salt Lake (002),Amul IC BP Vanilla (5L) CF,Ltr,97.67,-,0,0,IN-2242,5,488.34
03-10-2026,Central Warehouse -Kolkata,Central Warehouse -Kolkata,Dosa Coffee - Salt Lake (002),Chhote Lal Tea 250GM,Kg,392.46,-,0,0,IN-2242,0.25,98.11
03-10-2026,Central Warehouse -Kolkata,Central Warehouse -Kolkata,Dosa Coffee - Salt Lake (002),Amul Butter,Kg,560.95,-,0,0,IN-2242,1,560.95
03-10-2026,Central Warehouse -Kolkata,Central Warehouse -Kolkata,Dosa Coffee - Salt Lake (002),Sunflower Refined Oil  ( 1pkt = 868 Ml ),Ltr,167.48,-,0,0,IN-2242,8.68,1453.72
03-10-2026,Central Warehouse -Kolkata,Central Warehouse -Kolkata,Dosa Coffee - Salt Lake (002),Sugar,Kg,51.88,-,0,0,IN-2242,2,103.75
03-10-2026,Central Warehouse -Kolkata,Central Warehouse -Kolkata,Dosa Coffee - Salt Lake (002),Cothas Coffee Powder,Kg,859.17,-,0,0,IN-2242,1.5,1288.75
03-10-2026,Central Warehouse -Kolkata,Central Warehouse -Kolkata,Dosa Coffee - Salt Lake (002),Fried Chana Daal,Kg,97.59,-,0,0,IN-2242,8,780.73
03-10-2026,Central Warehouse -Kolkata,Central Warehouse -Kolkata,Dosa Coffee - Salt Lake (002),Carry Bag - Small (1pkt = 100pc),Pc,7.08,-,0,0,IN-2242,75,530.89
03-10-2026,Central Warehouse -Kolkata,Central Warehouse -Kolkata,Dosa Coffee - Salt Lake (002),Paper Straw (1pkt = 100pc),Pc,0.39,-,0,0,IN-2242,100,38.67
03-10-2026,Central Warehouse -Kolkata,Central Warehouse -Kolkata,Dosa Coffee - Salt Lake (002),Paper Napkin (1pkt = 100pc),Pc,0.24,-,0,0,IN-2242,600,141.04
03-10-2026,Central Warehouse -Kolkata,Central Warehouse -Kolkata,Dosa Coffee - Salt Lake (002),Take Away Packing Box - Small (1bundle = 50pc),Pc,4.31,-,0,0,IN-2242,100,430.65
03-10-2026,Central Warehouse -Kolkata,Central Warehouse -Kolkata,Dosa Coffee - Salt Lake (002),Bio-Degradable Spoon (1pkt = 50pc),Pc,1.25,-,0,0,IN-2242,100,124.8
03-10-2026,Central Warehouse -Kolkata,Central Warehouse -Kolkata,Dosa Coffee - Salt Lake (002),Banana Leaf Small (1bundle = 50pc),Pc,1.25,-,0,0,IN-2242,50,62.49
03-10-2026,Central Warehouse -Kolkata,Central Warehouse -Kolkata,Dosa Coffee - Salt Lake (002),Banana Leaf Big (1bundle = 50pc),Pc,1.8,-,0,0,IN-2242,100,179.64
03-10-2026,Central Warehouse -Kolkata,Central Warehouse -Kolkata,Dosa Coffee - Salt Lake (002),Raw Mango,Kg,85.08,-,0,0,IN-2242,0.52,44.24
03-10-2026,Central Warehouse -Kolkata,Central Warehouse -Kolkata,Dosa Coffee - Salt Lake (002),Amada,Kg,70.24,-,0,0,IN-2242,0.1,7.02
03-10-2026,Central Warehouse -Kolkata,Central Warehouse -Kolkata,Dosa Coffee - Salt Lake (002),Mint leaf,Kg,189.57,-,0,0,IN-2242,0.05,9.48
03-10-2026,Central Warehouse -Kolkata,Central Warehouse -Kolkata,Dosa Coffee - Salt Lake (002),Beans,Kg,76.23,-,0,0,IN-2242,0.15,11.43
03-10-2026,Central Warehouse -Kolkata,Central Warehouse -Kolkata,Dosa Coffee - Salt Lake (002),Tomato,Kg,40,-,0,0,IN-2242,1,40
03-10-2026,Central Warehouse -Kolkata,Central Warehouse -Kolkata,Dosa Coffee - Salt Lake (002),Lime,Pc,3.5,-,0,0,IN-2242,50,175.01
03-10-2026,Central Warehouse -Kolkata,Central Warehouse -Kolkata,Dosa Coffee - Salt Lake (002),Raw Green Chili,Kg,74.93,-,0,0,IN-2242,1,74.93
03-10-2026,Central Warehouse -Kolkata,Central Warehouse -Kolkata,Dosa Coffee - Salt Lake (002),Onion,Kg,36.19,-,0,0,IN-2242,8,289.48
03-10-2026,Central Warehouse -Kolkata,Central Warehouse -Kolkata,Dosa Coffee - Salt Lake (002),Green Capsicum,Kg,65.51,-,0,0,IN-2242,0.34,22.27
03-10-2026,Central Warehouse -Kolkata,Central Warehouse -Kolkata,Dosa Coffee - Salt Lake (002),Ginger,Kg,131.11,-,0,0,IN-2242,1,131.11
03-10-2026,Central Warehouse -Kolkata,Central Warehouse -Kolkata,Dosa Coffee - Salt Lake (002),Curry Leaves,Kg,71.15,-,0,0,IN-2242,0.2,14.23
03-10-2026,Central Warehouse -Kolkata,Central Warehouse -Kolkata,Dosa Coffee - Salt Lake (002),Coriander Leaves,Kg,99.99,-,0,0,IN-2242,0.7,69.99
03-10-2026,Central Warehouse -Kolkata,Central Warehouse -Kolkata,Dosa Coffee - Salt Lake (002),Carrot,Kg,40.99,-,0,0,IN-2242,1.72,70.51
03-10-2026,Central Warehouse -Kolkata,Central Warehouse -Kolkata,Dosa Coffee - Salt Lake (002),Thermal Printer Roll - Posiflex,Pc,46.02,-,0,0,IN-2242,2,92.04
03-10-2026,Central Warehouse -Kolkata,Central Warehouse -Kolkata,Dosa Coffee - Salt Lake (002),White Butter,Kg,576.7,-,0,0,IN-2242,1,576.7
03-10-2026,Central Warehouse -Kolkata,Central Warehouse -Kolkata,Dosa Coffee - Salt Lake (002),Raw Curd,Kg,71.4,-,0,0,IN-2242,5,357
03-10-2026,Central Warehouse -Kolkata,Central Warehouse -Kolkata,Dosa Coffee - Salt Lake (002),Paneer,Kg,299,-,0,0,IN-2242,1,299
03-10-2026,Central Warehouse -Kolkata,Central Warehouse -Kolkata,Dosa Coffee - Salt Lake (002),Milk - Tetra 1Ltr,Ltr,77.12,-,0,0,IN-2242,12,925.5
03-10-2026,Central Warehouse -Kolkata,Central Warehouse -Kolkata,Dosa Coffee - Salt Lake (002),Milk (Adya Dairy),Ltr,61.85,-,0,0,IN-2242,1,61.85
03-10-2026,Central Warehouse -Kolkata,Central Warehouse -Kolkata,Dosa Coffee - Salt Lake (002),Ghee,Kg,752.06,-,0,0,IN-2242,4.525,3403.08
03-10-2026,Central Warehouse -Kolkata,Central Warehouse -Kolkata,Dosa Coffee - Salt Lake (002),Amul Cheese,Kg,509.93,-,0,0,IN-2242,2,1019.86
03-10-2026,Central Warehouse -Kolkata,Central Warehouse -Kolkata,Dosa Coffee - Salt Lake (002),C Fold Tissue (Toilet Tissue),Pkt,49.48,-,0,0,IN-2242,2,98.96
03-10-2026,Central Warehouse -Kolkata,Central Warehouse -Kolkata,Dosa Coffee - Salt Lake (002),Schweppes Water - 500ml,Pc,25.28,-,0,0,IN-2242,24,606.79
03-10-2026,Central Warehouse -Kolkata,Central Warehouse -Kolkata,Dosa Coffee - Salt Lake (002),Kinley Soda 750ml Pet,Pc,15.81,-,0,0,IN-2242,2,31.62
03-10-2026,Central Warehouse -Kolkata,Central Warehouse -Kolkata,Dosa Coffee - Salt Lake (002),Cottons Lemonade,Pc,17.44,-,0,0,IN-2242,24,418.68
03-10-2026,Central Warehouse -Kolkata,Central Warehouse -Kolkata,Dosa Coffee - Rosedale Plaza(0006),Schweppes Water - 500ml,Pc,25.28,-,0,0,IN-2057,24,606.79
03-10-2026,Central Warehouse -Kolkata,Central Warehouse -Kolkata,Dosa Coffee - Rosedale Plaza(0006),Amul IC BP Vanilla (5L) CF,Ltr,97.67,-,0,0,IN-2057,5,488.34
03-10-2026,Central Warehouse -Kolkata,Central Warehouse -Kolkata,Dosa Coffee - Rosedale Plaza(0006),Cothas Coffee Powder,Kg,859.17,-,0,0,IN-2057,1,859.17
03-10-2026,Central Warehouse -Kolkata,Central Warehouse -Kolkata,Dosa Coffee - Rosedale Plaza(0006),White Sugar Sachet (1pkt = 200pc),Pc,0.42,-,0,0,IN-2057,200,84.64
03-10-2026,Central Warehouse -Kolkata,Central Warehouse -Kolkata,Dosa Coffee - Rosedale Plaza(0006),Garbage Bag Large (36 X 42),Pkt,69.46,-,0,0,IN-2057,1,69.46
03-10-2026,Central Warehouse -Kolkata,Central Warehouse -Kolkata,Dosa Coffee - Rosedale Plaza(0006),Silver Foil,Pc,348.93,-,0,0,IN-2057,1,348.93
03-10-2026,Central Warehouse -Kolkata,Central Warehouse -Kolkata,Dosa Coffee - Rosedale Plaza(0006),Bio-Degradable Spoon (1pkt = 50pc),Pc,1.25,-,0,0,IN-2057,400,499.21
03-10-2026,Central Warehouse -Kolkata,Central Warehouse -Kolkata,Dosa Coffee - Rosedale Plaza(0006),Paper Napkin (1pkt = 100pc),Pc,0.24,-,0,0,IN-2057,800,188.06
03-10-2026,Central Warehouse -Kolkata,Central Warehouse -Kolkata,Dosa Coffee - Rosedale Plaza(0006),Compartment Tray With Lid - 5CP (1pkt = 25pc),Pc,10.66,-,0,0,IN-2057,25,266.38
03-10-2026,Central Warehouse -Kolkata,Central Warehouse -Kolkata,Dosa Coffee - Rosedale Plaza(0006),Glen Container With Lid - 500ml (1pkt = 50pc),Pc,4.29,-,0,0,IN-2057,150,642.87
03-10-2026,Central Warehouse -Kolkata,Central Warehouse -Kolkata,Dosa Coffee - Rosedale Plaza(0006),Glen Container With Lid - 250ml (1pkt = 50pc),Pc,3.86,-,0,0,IN-2057,200,771.83
03-10-2026,Central Warehouse -Kolkata,Central Warehouse -Kolkata,Dosa Coffee - Rosedale Plaza(0006),Carry Bag - Small (1pkt = 100pc),Pc,7.08,-,0,0,IN-2057,75,530.89
03-10-2026,Central Warehouse -Kolkata,Central Warehouse -Kolkata,Dosa Coffee - Rosedale Plaza(0006),Carry Bag - Large(1pkt = 100pc),Pc,10.52,-,0,0,IN-2057,25,263.05
03-10-2026,Central Warehouse -Kolkata,Central Warehouse -Kolkata,Dosa Coffee - Rosedale Plaza(0006),Take Away Packing Box - Small (1bundle = 50pc),Pc,4.31,-,0,0,IN-2057,200,861.3
03-10-2026,Central Warehouse -Kolkata,Central Warehouse -Kolkata,Dosa Coffee - Rosedale Plaza(0006),Take Away Packing Box - Big (1bundle = 50pc),Pc,6.9,-,0,0,IN-2057,100,690.29
03-10-2026,Central Warehouse -Kolkata,Central Warehouse -Kolkata,Dosa Coffee - Rosedale Plaza(0006),Salt,Kg,27.05,-,0,0,IN-2057,2,54.09
03-10-2026,Central Warehouse -Kolkata,Central Warehouse -Kolkata,Dosa Coffee - Rosedale Plaza(0006),Sugar,Kg,51.88,-,0,0,IN-2057,1,51.88
03-10-2026,Central Warehouse -Kolkata,Central Warehouse -Kolkata,Dosa Coffee - Rosedale Plaza(0006),Fried Chana Daal,Kg,97.59,-,0,0,IN-2057,10,975.91
03-10-2026,Central Warehouse -Kolkata,Central Warehouse -Kolkata,Dosa Coffee - Rosedale Plaza(0006),Raisin,Kg,457.74,-,0,0,IN-2057,0.1,45.77
03-10-2026,Central Warehouse -Kolkata,Central Warehouse -Kolkata,Dosa Coffee - Rosedale Plaza(0006),Cashew,Kg,837.61,-,0,0,IN-2057,0.1,83.76
03-10-2026,Central Warehouse -Kolkata,Central Warehouse -Kolkata,Dosa Coffee - Rosedale Plaza(0006),Curry Leaves,Kg,71.15,-,0,0,IN-2057,0.2,14.23
03-10-2026,Central Warehouse -Kolkata,Central Warehouse -Kolkata,Dosa Coffee - Rosedale Plaza(0006),Banana Leaf Small (1bundle = 50pc),Pc,1.25,-,0,0,IN-2057,300,374.95
03-10-2026,Central Warehouse -Kolkata,Central Warehouse -Kolkata,Dosa Coffee - Rosedale Plaza(0006),Amada,Kg,70.24,-,0,0,IN-2057,0.1,7.02
03-10-2026,Central Warehouse -Kolkata,Central Warehouse -Kolkata,Dosa Coffee - Rosedale Plaza(0006),Raw Mango,Kg,85.08,-,0,0,IN-2057,1,85.08
03-10-2026,Central Warehouse -Kolkata,Central Warehouse -Kolkata,Dosa Coffee - Rosedale Plaza(0006),Beans,Kg,76.23,-,0,0,IN-2057,0.2,15.25
03-10-2026,Central Warehouse -Kolkata,Central Warehouse -Kolkata,Dosa Coffee - Rosedale Plaza(0006),Lime,Pc,3.5,-,0,0,IN-2057,100,350.01
03-10-2026,Central Warehouse -Kolkata,Central Warehouse -Kolkata,Dosa Coffee - Rosedale Plaza(0006),Carrot,Kg,40.99,-,0,0,IN-2057,1.2,49.19
03-10-2026,Central Warehouse -Kolkata,Central Warehouse -Kolkata,Dosa Coffee - Rosedale Plaza(0006),Coriander Leaves,Kg,99.99,-,0,0,IN-2057,0.7,69.99
03-10-2026,Central Warehouse -Kolkata,Central Warehouse -Kolkata,Dosa Coffee - Rosedale Plaza(0006),Tomato,Kg,40,-,0,0,IN-2057,0.5,20
03-10-2026,Central Warehouse -Kolkata,Central Warehouse -Kolkata,Dosa Coffee - Rosedale Plaza(0006),Ginger,Kg,131.11,-,0,0,IN-2057,1.5,196.66
03-10-2026,Central Warehouse -Kolkata,Central Warehouse -Kolkata,Dosa Coffee - Rosedale Plaza(0006),Onion,Kg,36.19,-,0,0,IN-2057,6,217.11
03-10-2026,Central Warehouse -Kolkata,Central Warehouse -Kolkata,Dosa Coffee - Rosedale Plaza(0006),Raw Green Chili,Kg,74.93,-,0,0,IN-2057,1.5,112.4
03-10-2026,Central Warehouse -Kolkata,Central Warehouse -Kolkata,Dosa Coffee - Rosedale Plaza(0006),Milk (Adya Dairy),Ltr,61.85,-,0,0,IN-2057,1,61.85
03-10-2026,Central Warehouse -Kolkata,Central Warehouse -Kolkata,Dosa Coffee - Rosedale Plaza(0006),Sunflower Refined Oil  ( 1pkt = 868 Ml ),Ltr,167.48,-,0,0,IN-2057,5.208,872.23
03-10-2026,Central Warehouse -Kolkata,Central Warehouse -Kolkata,Dosa Coffee - Rosedale Plaza(0006),Ghee,Kg,752.06,-,0,0,IN-2057,3.62,2722.47
03-10-2026,Central Warehouse -Kolkata,Central Warehouse -Kolkata,Dosa Coffee - Rosedale Plaza(0006),Amul Cheese,Kg,509.93,-,0,0,IN-2057,1,509.93
03-10-2026,Central Warehouse -Kolkata,Central Warehouse -Kolkata,Dosa Coffee - Rosedale Plaza(0006),Amul Butter,Kg,560.95,-,0,0,IN-2057,0.5,280.48
03-10-2026,Central Warehouse -Kolkata,Central Warehouse -Kolkata,Dosa Coffee - Rosedale Plaza(0006),White Butter,Kg,576.7,-,0,0,IN-2057,1.5,865.06
03-10-2026,Central Warehouse -Kolkata,Central Warehouse -Kolkata,Dosa Coffee - Rosedale Plaza(0006),Raw Curd,Kg,71.4,-,0,0,IN-2057,3,214.2
03-10-2026,Central Warehouse -Kolkata,Central Warehouse -Kolkata,Dosa Coffee - New Town - Cloud Kitchen (01/0013),Salt,Kg,27.05,-,0,0,IN-1338,1,27.05
03-10-2026,Central Warehouse -Kolkata,Central Warehouse -Kolkata,Dosa Coffee - New Town - Cloud Kitchen (01/0013),Bio-Degradable Spoon (1pkt = 50pc),Pc,1.25,-,0,0,IN-1338,100,124.8
03-10-2026,Central Warehouse -Kolkata,Central Warehouse -Kolkata,Dosa Coffee - New Town - Cloud Kitchen (01/0013),Paper Napkin (1pkt = 100pc),Pc,0.24,-,0,0,IN-1338,200,47.01
03-10-2026,Central Warehouse -Kolkata,Central Warehouse -Kolkata,Dosa Coffee - New Town - Cloud Kitchen (01/0013),Compartment Tray With Lid - 2CP (1pkt = 25pc),Pc,7.63,-,0,0,IN-1338,25,190.77
03-10-2026,Central Warehouse -Kolkata,Central Warehouse -Kolkata,Dosa Coffee - New Town - Cloud Kitchen (01/0013),Glen Container With Lid - 500ml (1pkt = 50pc),Pc,4.29,-,0,0,IN-1338,100,428.58
03-10-2026,Central Warehouse -Kolkata,Central Warehouse -Kolkata,Dosa Coffee - New Town - Cloud Kitchen (01/0013),Glen Container With Lid - 250ml (1pkt = 50pc),Pc,3.86,-,0,0,IN-1338,150,578.87
03-10-2026,Central Warehouse -Kolkata,Central Warehouse -Kolkata,Dosa Coffee - New Town - Cloud Kitchen (01/0013),Carry Bag - Small (1pkt = 100pc),Pc,7.08,-,0,0,IN-1338,100,707.85
03-10-2026,Central Warehouse -Kolkata,Central Warehouse -Kolkata,Dosa Coffee - New Town - Cloud Kitchen (01/0013),Carry Bag - Large(1pkt = 100pc),Pc,10.52,-,0,0,IN-1338,25,263.05
03-10-2026,Central Warehouse -Kolkata,Central Warehouse -Kolkata,Dosa Coffee - New Town - Cloud Kitchen (01/0013),Fried Chana Daal,Kg,97.59,-,0,0,IN-1338,3,292.77
03-10-2026,Central Warehouse -Kolkata,Central Warehouse -Kolkata,Dosa Coffee - New Town - Cloud Kitchen (01/0013),Mint leaf,Kg,189.61,-,0,0,IN-1338,0.1,18.96
03-10-2026,Central Warehouse -Kolkata,Central Warehouse -Kolkata,Dosa Coffee - New Town - Cloud Kitchen (01/0013),Raw Mango,Kg,85.09,-,0,0,IN-1338,0.675,57.43
03-10-2026,Central Warehouse -Kolkata,Central Warehouse -Kolkata,Dosa Coffee - New Town - Cloud Kitchen (01/0013),Raw Potato,Kg,18.76,-,0,0,IN-1338,10,187.62
03-10-2026,Central Warehouse -Kolkata,Central Warehouse -Kolkata,Dosa Coffee - New Town - Cloud Kitchen (01/0013),Beans,Kg,76.23,-,0,0,IN-1338,0.3,22.87
03-10-2026,Central Warehouse -Kolkata,Central Warehouse -Kolkata,Dosa Coffee - New Town - Cloud Kitchen (01/0013),Coriander Leaves,Kg,99.99,-,0,0,IN-1338,0.3,30
03-10-2026,Central Warehouse -Kolkata,Central Warehouse -Kolkata,Dosa Coffee - New Town - Cloud Kitchen (01/0013),Tomato,Kg,40,-,0,0,IN-1338,0.5,20
03-10-2026,Central Warehouse -Kolkata,Central Warehouse -Kolkata,Dosa Coffee - New Town - Cloud Kitchen (01/0013),Ginger,Kg,131.11,-,0,0,IN-1338,1,131.11
03-10-2026,Central Warehouse -Kolkata,Central Warehouse -Kolkata,Dosa Coffee - New Town - Cloud Kitchen (01/0013),Onion,Kg,36.14,-,0,0,IN-1338,1,36.14
03-10-2026,Central Warehouse -Kolkata,Central Warehouse -Kolkata,Dosa Coffee - New Town - Cloud Kitchen (01/0013),Milk (Adya Dairy),Ltr,61.85,-,0,0,IN-1338,1,61.85
03-10-2026,Central Warehouse -Kolkata,Central Warehouse -Kolkata,Dosa Coffee - New Town - Cloud Kitchen (01/0013),Sunflower Refined Oil  ( 1pkt = 868 Ml ),Ltr,167.48,-,0,0,IN-1338,1.736,290.74
03-10-2026,Central Warehouse -Kolkata,Central Warehouse -Kolkata,Dosa Coffee - New Town - Cloud Kitchen (01/0013),Ghee,Kg,751.14,-,0,0,IN-1338,0.905,679.78
03-10-2026,Central Warehouse -Kolkata,Central Warehouse -Kolkata,Dosa Coffee - New Town - Cloud Kitchen (01/0013),Amul Butter,Kg,559.91,-,0,0,IN-1338,0.5,279.95
03-10-2026,Central Warehouse -Kolkata,Central Warehouse -Kolkata,Dosa Coffee - New Town - Cloud Kitchen (01/0013),White Butter,Kg,576.7,-,0,0,IN-1338,0.5,288.35
03-10-2026,Central Warehouse -Kolkata,Central Warehouse -Kolkata,Dosa Coffee - New Town - Cloud Kitchen (01/0013),Raw Curd,Kg,71.4,-,0,0,IN-1338,3,214.2
03-10-2026,Central Warehouse -Kolkata,Central Warehouse -Kolkata,Dosa Coffee - Quest Mall (01/0016),Thermal Printer Roll - Posiflex,Pc,46.02,-,0,0,IN-861,5,230.1
03-10-2026,Central Warehouse -Kolkata,Central Warehouse -Kolkata,Dosa Coffee - Quest Mall (01/0016),Sugar Free Sachet (1box=100pc),Pkt,57.77,-,0,0,IN-861,1,57.77
03-10-2026,Central Warehouse -Kolkata,Central Warehouse -Kolkata,Dosa Coffee - Quest Mall (01/0016),Mint leaf,Kg,189.57,-,0,0,IN-861,0.08,15.17
03-10-2026,Central Warehouse -Kolkata,Central Warehouse -Kolkata,Dosa Coffee - Quest Mall (01/0016),Fried Chana Daal,Kg,97.59,-,0,0,IN-861,5,487.96
03-10-2026,Central Warehouse -Kolkata,Central Warehouse -Kolkata,Dosa Coffee - Quest Mall (01/0016),Lime,Pc,3.5,-,0,0,IN-861,30,105
03-10-2026,Central Warehouse -Kolkata,Central Warehouse -Kolkata,Dosa Coffee - Quest Mall (01/0016),Banana Leaf Small (1bundle = 50pc),Pc,1.25,-,0,0,IN-861,200,249.97
03-10-2026,Central Warehouse -Kolkata,Central Warehouse -Kolkata,Dosa Coffee - Quest Mall (01/0016),White Sugar Sachet (1pkt = 200pc),Pc,0.42,-,0,0,IN-861,200,84.64
03-10-2026,Central Warehouse -Kolkata,Central Warehouse -Kolkata,Dosa Coffee - Quest Mall (01/0016),Cothas Coffee Powder,Kg,859.17,-,0,0,IN-861,1,859.17
03-10-2026,Central Warehouse -Kolkata,Central Warehouse -Kolkata,Dosa Coffee - Quest Mall (01/0016),Paper Food Container - 150ml (1pkt = 50pc),Pc,2,-,0,0,IN-861,700,1399.86
03-10-2026,Central Warehouse -Kolkata,Central Warehouse -Kolkata,Dosa Coffee - Quest Mall (01/0016),Paper Food Container - 100ml (1pkt = 50pc),Pc,1.78,-,0,0,IN-861,1000,1783.71
03-10-2026,Central Warehouse -Kolkata,Central Warehouse -Kolkata,Dosa Coffee - Quest Mall (01/0016),Milk (Adya Dairy),Ltr,61.85,-,0,0,IN-861,0.5,30.93
03-10-2026,Central Warehouse -Kolkata,Central Warehouse -Kolkata,Dosa Coffee - Quest Mall (01/0016),Milk - Tetra 1Ltr,Ltr,77.12,-,0,0,IN-861,12,925.5
03-10-2026,Central Warehouse -Kolkata,Central Warehouse -Kolkata,Dosa Coffee - Quest Mall (01/0016),Schweppes Water - 500ml,Pc,25.28,-,0,0,IN-861,24,606.79
03-10-2026,Central Warehouse -Kolkata,Central Warehouse -Kolkata,Dosa Coffee - Quest Mall (01/0016),Paper Tray Mat (1pkt = 500pc),Pc,0.95,-,0,0,IN-861,1000,946.63
03-10-2026,Central Warehouse -Kolkata,Central Warehouse -Kolkata,Dosa Coffee - Quest Mall (01/0016),Hot Coffee Cup 150ml (1pkt=25pc),Pc,1.23,-,0,0,IN-861,100,122.78
03-10-2026,Central Warehouse -Kolkata,Central Warehouse -Kolkata,Dosa Coffee - Quest Mall (01/0016),Paper Napkin (1pkt = 100pc),Pc,0.24,-,0,0,IN-861,600,141.04
03-10-2026,Central Warehouse -Kolkata,Central Warehouse -Kolkata,Dosa Coffee - Quest Mall (01/0016),Ghee,Kg,752.06,-,0,0,IN-861,1.81,1361.23
03-10-2026,Central Warehouse -Kolkata,Central Warehouse -Kolkata,Dosa Coffee - Quest Mall (01/0016),Sunflower Refined Oil  ( 1pkt = 868 Ml ),Ltr,167.48,-,0,0,IN-861,4.34,726.86
03-10-2026,Central Warehouse -Kolkata,Central Warehouse -Kolkata,Dosa Coffee - Quest Mall (01/0016),Raw Potato,Kg,18.76,-,0,0,IN-861,12,225.11
03-10-2026,Central Warehouse -Kolkata,Central Warehouse -Kolkata,Dosa Coffee - Quest Mall (01/0016),Raw Curd,Kg,71.4,-,0,0,IN-861,2,142.8
03-10-2026,Central Warehouse -Kolkata,Central Warehouse -Kolkata,Dosa Coffee - Quest Mall (01/0016),Amul Cheese,Kg,509.93,-,0,0,IN-861,1,509.93
03-10-2026,Central Warehouse -Kolkata,Central Warehouse -Kolkata,Dosa Coffee - Quest Mall (01/0016),Amul Butter,Kg,560.95,-,0,0,IN-861,1,560.95
03-10-2026,Central Warehouse -Kolkata,Central Warehouse -Kolkata,Dosa Coffee - Quest Mall (01/0016),White Butter,Kg,576.7,-,0,0,IN-861,2,1153.41
03-10-2026,Central Warehouse -Kolkata,Central Warehouse -Kolkata,Dosa Coffee - Quest Mall (01/0016),Amada,Kg,70.24,-,0,0,IN-861,0.1,7.02
03-10-2026,Central Warehouse -Kolkata,Central Warehouse -Kolkata,Dosa Coffee - Quest Mall (01/0016),Beans,Kg,76.23,-,0,0,IN-861,0.2,15.25
03-10-2026,Central Warehouse -Kolkata,Central Warehouse -Kolkata,Dosa Coffee - Quest Mall (01/0016),Coriander Leaves,Kg,99.99,-,0,0,IN-861,0.3,30
03-10-2026,Central Warehouse -Kolkata,Central Warehouse -Kolkata,Dosa Coffee - Quest Mall (01/0016),Raw Mango,Kg,85.08,-,0,0,IN-861,0.714,60.75
03-10-2026,Central Warehouse -Kolkata,Central Warehouse -Kolkata,Dosa Coffee - Quest Mall (01/0016),Tomato,Kg,40,-,0,0,IN-861,1,40
03-10-2026,Central Warehouse -Kolkata,Central Warehouse -Kolkata,Dosa Coffee - Quest Mall (01/0016),Raw Green Chili,Kg,74.93,-,0,0,IN-861,1,74.93
03-10-2026,Central Warehouse -Kolkata,Central Warehouse -Kolkata,Dosa Coffee - Quest Mall (01/0016),Carrot,Kg,40.99,-,0,0,IN-861,1.047,42.92
03-10-2026,Central Warehouse -Kolkata,Central Warehouse -Kolkata,Dosa Coffee - Quest Mall (01/0016),Ginger,Kg,131.11,-,0,0,IN-861,1,131.11
03-10-2026,Central Warehouse -Kolkata,Central Warehouse -Kolkata,Dosa Coffee - Quest Mall (01/0016),Onion,Kg,36.19,-,0,0,IN-861,5,180.93
03-10-2026,Central Warehouse -Kolkata,Central Warehouse -Kolkata,Dosa Coffee - Quest Mall (01/0016),kitchen Paper Roll,Piece,299.82,-,0,0,IN-861,1,299.82
03-10-2026,Central Warehouse -Kolkata,Central Warehouse -Kolkata,Dosa Coffee - Quest Mall (01/0016),Thermal Printer Roll 50ml - ATPOS,Pc,14.16,-,0,0,IN-861,8,113.28
03-10-2026,Central Warehouse -Kolkata,Central Warehouse -Kolkata,Dosa Coffee - Quest Mall (01/0016),Sponge Wipe,Pkt,132.64,-,0,0,IN-861,2,265.28
03-10-2026,Central Warehouse -Kolkata,Central Warehouse -Kolkata,Dosa Coffee - Lake road 01/0015,Mango Ice Cream,Ltr,121.27,-,0,0,IN-1315,5,606.36
03-10-2026,Central Warehouse -Kolkata,Central Warehouse -Kolkata,Dosa Coffee - Kalikapur (01/0014),Raw Curd,Kg,71.4,-,0,0,IN-1513,1,71.4
03-10-2026,Central Warehouse -Kolkata,Dosa Coffee - Kalikapur (01/0014),Central Warehouse -Kolkata,Watermelon,Kg,34.89,IN-1511,2.2,76.76,-,0,0
04-10-2026,Central Warehouse -Kolkata,Central Warehouse -Kolkata,Dosa Coffee - Kalikapur (01/0014),Supari,Pkt,148.81,-,0,0,IN-1514,1,148.81
04-10-2026,Central Warehouse -Kolkata,Central Warehouse -Kolkata,Dosa Coffee - Kalikapur (01/0014),White Butter,Kg,576.66,-,0,0,IN-1514,1,576.66
04-10-2026,Central Warehouse -Kolkata,Central Warehouse -Kolkata,Dosa Coffee - Kalikapur (01/0014),Watermelon,Kg,34.89,-,0,0,IN-1514,5.978,208.58
04-10-2026,Central Warehouse -Kolkata,Central Warehouse -Kolkata,Dosa Coffee - Kalikapur (01/0014),Tomato,Kg,40,-,0,0,IN-1514,1,40
04-10-2026,Central Warehouse -Kolkata,Central Warehouse -Kolkata,Dosa Coffee - Kalikapur (01/0014),Take Away Packing Box - Small (1bundle = 50pc),Pc,4.3,-,0,0,IN-1514,200,859.98
04-10-2026,Central Warehouse -Kolkata,Central Warehouse -Kolkata,Dosa Coffee - Kalikapur (01/0014),Sunflower Refined Oil  ( 1pkt = 868 Ml ),Ltr,167.48,-,0,0,IN-1514,4.34,726.86
04-10-2026,Central Warehouse -Kolkata,Central Warehouse -Kolkata,Dosa Coffee - Kalikapur (01/0014),Sugar,Kg,51.88,-,0,0,IN-1514,1,51.88
04-10-2026,Central Warehouse -Kolkata,Central Warehouse -Kolkata,Dosa Coffee - Kalikapur (01/0014),Scrubber - Scotch Brite,Pc,12.26,-,0,0,IN-1514,2,24.53
04-10-2026,Central Warehouse -Kolkata,Central Warehouse -Kolkata,Dosa Coffee - Kalikapur (01/0014),Salt,Kg,27.05,-,0,0,IN-1514,1,27.05
04-10-2026,Central Warehouse -Kolkata,Central Warehouse -Kolkata,Dosa Coffee - Kalikapur (01/0014),Raw Mango,Kg,85.08,-,0,0,IN-1514,1.053,89.59
04-10-2026,Central Warehouse -Kolkata,Central Warehouse -Kolkata,Dosa Coffee - Kalikapur (01/0014),Raw Green Chili,Kg,74.93,-,0,0,IN-1514,0.5,37.47
04-10-2026,Central Warehouse -Kolkata,Central Warehouse -Kolkata,Dosa Coffee - Kalikapur (01/0014),Raw Curd,Kg,71.4,-,0,0,IN-1514,2,142.8
04-10-2026,Central Warehouse -Kolkata,Central Warehouse -Kolkata,Dosa Coffee - Kalikapur (01/0014),Paper Straw (1pkt = 100pc),Pc,0.39,-,0,0,IN-1514,100,38.67
04-10-2026,Central Warehouse -Kolkata,Central Warehouse -Kolkata,Dosa Coffee - Kalikapur (01/0014),Paper Napkin (1pkt = 100pc),Pc,0.24,-,0,0,IN-1514,500,117.53
04-10-2026,Central Warehouse -Kolkata,Central Warehouse -Kolkata,Dosa Coffee - Kalikapur (01/0014),Onion,Kg,36.21,-,0,0,IN-1514,4,144.84
04-10-2026,Central Warehouse -Kolkata,Central Warehouse -Kolkata,Dosa Coffee - Kalikapur (01/0014),Milk (Adya Dairy),Ltr,61.85,-,0,0,IN-1514,0.5,30.93
04-10-2026,Central Warehouse -Kolkata,Central Warehouse -Kolkata,Dosa Coffee - Kalikapur (01/0014),Lime,Pc,3.5,-,0,0,IN-1514,40,140.01
04-10-2026,Central Warehouse -Kolkata,Central Warehouse -Kolkata,Dosa Coffee - Kalikapur (01/0014),Kinley Soda 750ml Pet,Pc,15.82,-,0,0,IN-1514,5,79.09
04-10-2026,Central Warehouse -Kolkata,Central Warehouse -Kolkata,Dosa Coffee - Kalikapur (01/0014),Green Capsicum,Kg,65.51,-,0,0,IN-1514,0.229,15
04-10-2026,Central Warehouse -Kolkata,Central Warehouse -Kolkata,Dosa Coffee - Kalikapur (01/0014),Glen Container With Lid - 500ml (1pkt = 50pc),Pc,4.29,-,0,0,IN-1514,100,429.1
04-10-2026,Central Warehouse -Kolkata,Central Warehouse -Kolkata,Dosa Coffee - Kalikapur (01/0014),Ginger,Kg,131.12,-,0,0,IN-1514,1,131.12
04-10-2026,Central Warehouse -Kolkata,Central Warehouse -Kolkata,Dosa Coffee - Kalikapur (01/0014),Ghee,Kg,752.96,-,0,0,IN-1514,1.81,1362.86
04-10-2026,Central Warehouse -Kolkata,Central Warehouse -Kolkata,Dosa Coffee - Kalikapur (01/0014),Cothas Coffee Powder,Kg,859.17,-,0,0,IN-1514,1.5,1288.75
04-10-2026,Central Warehouse -Kolkata,Central Warehouse -Kolkata,Dosa Coffee - Kalikapur (01/0014),Coriander Leaves,Kg,99.99,-,0,0,IN-1514,0.4,40
04-10-2026,Central Warehouse -Kolkata,Central Warehouse -Kolkata,Dosa Coffee - Kalikapur (01/0014),Coffee/Tea Flask - 250ml (1pkt = 25pc),Pc,17.3,-,0,0,IN-1514,10,173.03
04-10-2026,Central Warehouse -Kolkata,Central Warehouse -Kolkata,Dosa Coffee - Kalikapur (01/0014),Carry Bag - Small (1pkt = 100pc),Pc,7.08,-,0,0,IN-1514,300,2123.56
04-10-2026,Central Warehouse -Kolkata,Central Warehouse -Kolkata,Dosa Coffee - Kalikapur (01/0014),Carrot,Kg,40.99,-,0,0,IN-1514,0.681,27.92
04-10-2026,Central Warehouse -Kolkata,Central Warehouse -Kolkata,Dosa Coffee - Kalikapur (01/0014),Bio-Degradable Spoon (1pkt = 50pc),Pc,1.25,-,0,0,IN-1514,100,124.94
04-10-2026,Central Warehouse -Kolkata,Central Warehouse -Kolkata,Dosa Coffee - Kalikapur (01/0014),Beans,Kg,76.22,-,0,0,IN-1514,0.3,22.87
04-10-2026,Central Warehouse -Kolkata,Central Warehouse -Kolkata,Dosa Coffee - Kalikapur (01/0014),Banana Leaf Small (1bundle = 50pc),Pc,1.25,-,0,0,IN-1514,100,124.98
04-10-2026,Central Warehouse -Kolkata,Central Warehouse -Kolkata,Dosa Coffee - Kalikapur (01/0014),Banana Leaf Big (1bundle = 50pc),Pc,1.8,-,0,0,IN-1514,100,179.68
04-10-2026,Central Warehouse -Kolkata,Central Warehouse -Kolkata,Dosa Coffee - Kalikapur (01/0014),Amul Cheese,Kg,509.93,-,0,0,IN-1514,1,509.93
04-10-2026,Central Warehouse -Kolkata,Central Warehouse -Kolkata,Dosa Coffee - Kalikapur (01/0014),Fried Chana Daal,Kg,97.59,-,0,0,IN-1514,5,487.96
04-10-2026,Central Warehouse -Kolkata,Central Warehouse -Kolkata,Dosa Coffee - Kalikapur (01/0014),Raw Potato,Kg,18.75,-,0,0,IN-1514,12,224.97
04-10-2026,Central Warehouse -Kolkata,Central Warehouse -Kolkata,Dosa Coffee - Calcutta Swiming Club (0007),Onion,Kg,36.21,-,0,0,IN-1515,1,36.21
04-10-2026,Central Warehouse -Kolkata,Central Warehouse -Kolkata,Dosa Coffee - Calcutta Swiming Club (0007),Banana Leaf Small (1bundle = 50pc),Pc,1.25,-,0,0,IN-1515,50,62.49
04-10-2026,Central Warehouse -Kolkata,Central Warehouse -Kolkata,Dosa Coffee - Calcutta Swiming Club (0007),Carrot,Kg,40.99,-,0,0,IN-1515,0.252,10.33
04-10-2026,Central Warehouse -Kolkata,Central Warehouse -Kolkata,Dosa Coffee - Calcutta Swiming Club (0007),Cothas Coffee Powder,Kg,859.17,-,0,0,IN-1515,0.5,429.58
04-10-2026,Central Warehouse -Kolkata,Central Warehouse -Kolkata,Dosa Coffee - Calcutta Swiming Club (0007),Fried Chana Daal,Kg,97.59,-,0,0,IN-1515,2,195.18
04-10-2026,Central Warehouse -Kolkata,Central Warehouse -Kolkata,Dosa Coffee - Calcutta Swiming Club (0007),Raw Green Chili,Kg,74.93,-,0,0,IN-1515,0.5,37.47
04-10-2026,Central Warehouse -Kolkata,Central Warehouse -Kolkata,Dosa Coffee - Calcutta Swiming Club (0007),Sunflower Refined Oil  ( 1pkt = 868 Ml ),Ltr,167.48,-,0,0,IN-1515,0.868,145.37
04-10-2026,Central Warehouse -Kolkata,Central Warehouse -Kolkata,Dosa Coffee - Rangoli Mall (01/0010),Banana Leaf Small (1bundle = 50pc),Pc,1.25,-,0,0,IN-1631,100,124.98
04-10-2026,Central Warehouse -Kolkata,Central Warehouse -Kolkata,Dosa Coffee - Rangoli Mall (01/0010),Banana Leaf Big (1bundle = 50pc),Pc,1.8,-,0,0,IN-1631,200,359.36
04-10-2026,Central Warehouse -Kolkata,Central Warehouse -Kolkata,Dosa Coffee - Rangoli Mall (01/0010),Carry Bag - Small (1pkt = 100pc),Pc,7.08,-,0,0,IN-1631,100,707.85
04-10-2026,Central Warehouse -Kolkata,Central Warehouse -Kolkata,Dosa Coffee - Rangoli Mall (01/0010),Idli Daal (Rajkot),Kg,157.01,-,0,0,IN-1631,2,314.01
04-10-2026,Central Warehouse -Kolkata,Central Warehouse -Kolkata,Dosa Coffee - Rangoli Mall (01/0010),Cothas Coffee Powder,Kg,859.17,-,0,0,IN-1631,1,859.17
04-10-2026,Central Warehouse -Kolkata,Central Warehouse -Kolkata,Dosa Coffee - Rangoli Mall (01/0010),White Butter,Kg,576.66,-,0,0,IN-1631,1,576.66
04-10-2026,Central Warehouse -Kolkata,Central Warehouse -Kolkata,Dosa Coffee - Rangoli Mall (01/0010),Amul Cheese,Kg,509.93,-,0,0,IN-1631,3,1529.79
04-10-2026,Central Warehouse -Kolkata,Central Warehouse -Kolkata,Dosa Coffee - Rangoli Mall (01/0010),Raw Curd,Kg,71.4,-,0,0,IN-1631,2,142.8
04-10-2026,Central Warehouse -Kolkata,Central Warehouse -Kolkata,Dosa Coffee - Rangoli Mall (01/0010),Sunflower Refined Oil  ( 1pkt = 868 Ml ),Ltr,167.48,-,0,0,IN-1631,5.208,872.23
04-10-2026,Central Warehouse -Kolkata,Central Warehouse -Kolkata,Dosa Coffee - Rangoli Mall (01/0010),Ghee,Kg,752.96,-,0,0,IN-1631,1.81,1362.86
04-10-2026,Central Warehouse -Kolkata,Central Warehouse -Kolkata,Dosa Coffee - Rangoli Mall (01/0010),Mint leaf,Kg,189.49,-,0,0,IN-1631,0.17,32.21
04-10-2026,Central Warehouse -Kolkata,Central Warehouse -Kolkata,Dosa Coffee - Rangoli Mall (01/0010),Sticker - MRD (1sheet=108pc),Pc,0.13,-,0,0,IN-1631,1080,140.03
04-10-2026,Central Warehouse -Kolkata,Central Warehouse -Kolkata,Dosa Coffee - Rangoli Mall (01/0010),Silver Foil,Pc,349.19,-,0,0,IN-1631,1,349.19
04-10-2026,Central Warehouse -Kolkata,Central Warehouse -Kolkata,Dosa Coffee - Rangoli Mall (01/0010),Raw Mango,Kg,85.08,-,0,0,IN-1631,0.792,67.39
04-10-2026,Central Warehouse -Kolkata,Central Warehouse -Kolkata,Dosa Coffee - Rangoli Mall (01/0010),Beans,Kg,76.22,-,0,0,IN-1631,0.5,38.11
04-10-2026,Central Warehouse -Kolkata,Central Warehouse -Kolkata,Dosa Coffee - Rangoli Mall (01/0010),Glen Container With Lid - 250ml (1pkt = 50pc),Pc,3.87,-,0,0,IN-1631,500,1933.8
04-10-2026,Central Warehouse -Kolkata,Central Warehouse -Kolkata,Dosa Coffee - Rangoli Mall (01/0010),Paper Straw (1pkt = 100pc),Pc,0.39,-,0,0,IN-1631,100,38.67
04-10-2026,Central Warehouse -Kolkata,Central Warehouse -Kolkata,Dosa Coffee - Rangoli Mall (01/0010),Bio-Degradable Spoon (1pkt = 50pc),Pc,1.25,-,0,0,IN-1631,200,249.89
04-10-2026,Central Warehouse -Kolkata,Central Warehouse -Kolkata,Dosa Coffee - Rangoli Mall (01/0010),C Fold Tissue (Toilet Tissue),Pkt,49.48,-,0,0,IN-1631,2,98.96
04-10-2026,Central Warehouse -Kolkata,Central Warehouse -Kolkata,Dosa Coffee - Rangoli Mall (01/0010),Paper Napkin (1pkt = 100pc),Pc,0.24,-,0,0,IN-1631,800,188.06
04-10-2026,Central Warehouse -Kolkata,Central Warehouse -Kolkata,Dosa Coffee - Rangoli Mall (01/0010),Milk (Adya Dairy),Ltr,61.85,-,0,0,IN-1631,2,123.71
04-10-2026,Central Warehouse -Kolkata,Central Warehouse -Kolkata,Dosa Coffee - Rangoli Mall (01/0010),Milk - Tetra 1Ltr,Ltr,77.12,-,0,0,IN-1631,12,925.5
04-10-2026,Central Warehouse -Kolkata,Central Warehouse -Kolkata,Dosa Coffee - Rangoli Mall (01/0010),Watermelon,Kg,34.89,-,0,0,IN-1631,2.74,95.6
04-10-2026,Central Warehouse -Kolkata,Central Warehouse -Kolkata,Dosa Coffee - Rangoli Mall (01/0010),Lime,Pc,3.5,-,0,0,IN-1631,100,350.01
04-10-2026,Central Warehouse -Kolkata,Central Warehouse -Kolkata,Dosa Coffee - Rangoli Mall (01/0010),Onion,Kg,36.21,-,0,0,IN-1631,8,289.69
04-10-2026,Central Warehouse -Kolkata,Central Warehouse -Kolkata,Dosa Coffee - Rangoli Mall (01/0010),Carrot,Kg,40.99,-,0,0,IN-1631,2.267,92.93
04-10-2026,Central Warehouse -Kolkata,Central Warehouse -Kolkata,Dosa Coffee - Rangoli Mall (01/0010),Tomato,Kg,40,-,0,0,IN-1631,2,79.99
04-10-2026,Central Warehouse -Kolkata,Central Warehouse -Kolkata,Dosa Coffee - Rangoli Mall (01/0010),Coriander Leaves,Kg,99.99,-,0,0,IN-1631,0.5,50
04-10-2026,Central Warehouse -Kolkata,Central Warehouse -Kolkata,Dosa Coffee - Rangoli Mall (01/0010),Raw Green Chili,Kg,74.93,-,0,0,IN-1631,1,74.93
04-10-2026,Central Warehouse -Kolkata,Central Warehouse -Kolkata,Dosa Coffee - Rangoli Mall (01/0010),Ginger,Kg,131.12,-,0,0,IN-1631,1.5,196.68
04-10-2026,Central Warehouse -Kolkata,Central Warehouse -Kolkata,Dosa Coffee - Rangoli Mall (01/0010),Amul IC BP Vanilla (5L) CF,Ltr,97.8,-,0,0,IN-1631,5,489
04-10-2026,Central Warehouse -Kolkata,Central Warehouse -Kolkata,Dosa Coffee - Rangoli Mall (01/0010),Fried Chana Daal,Kg,97.59,-,0,0,IN-1631,5,487.96
04-10-2026,Central Warehouse -Kolkata,Central Warehouse -Kolkata,Dosa Coffee - Rangoli Mall (01/0010),Raw Potato,Kg,18.75,-,0,0,IN-1631,50,937.4
04-10-2026,Central Warehouse -Kolkata,Central Warehouse -Kolkata,Dosa Coffee - Forum (0003),Bio-Degradable Spoon (1pkt = 50pc),Pc,1.25,-,0,0,IN-1710,100,124.94
04-10-2026,Central Warehouse -Kolkata,Central Warehouse -Kolkata,Dosa Coffee - Forum (0003),Coriander Leaves,Kg,99.99,-,0,0,IN-1710,0.2,20
04-10-2026,Central Warehouse -Kolkata,Central Warehouse -Kolkata,Dosa Coffee - Forum (0003),Raw Curd,Kg,71.4,-,0,0,IN-1710,1,71.4
04-10-2026,Central Warehouse -Kolkata,Central Warehouse -Kolkata,Dosa Coffee - Forum (0003),Milk (Adya Dairy),Ltr,61.85,-,0,0,IN-1710,0.5,30.93
04-10-2026,Central Warehouse -Kolkata,Central Warehouse -Kolkata,Dosa Coffee - Forum (0003),Amul Butter,Kg,561.96,-,0,0,IN-1710,0.5,280.98
04-10-2026,Central Warehouse -Kolkata,Central Warehouse -Kolkata,Dosa Coffee - Forum (0003),White Butter,Kg,576.66,-,0,0,IN-1710,0.5,288.33
04-10-2026,Central Warehouse -Kolkata,Central Warehouse -Kolkata,Dosa Coffee - Forum (0003),Amul Cheese,Kg,509.93,-,0,0,IN-1710,1,509.93
04-10-2026,Central Warehouse -Kolkata,Central Warehouse -Kolkata,Dosa Coffee - Forum (0003),Ghee,Kg,752.96,-,0,0,IN-1710,0.905,681.43
04-10-2026,Central Warehouse -Kolkata,Central Warehouse -Kolkata,Dosa Coffee - Forum (0003),Raw Potato,Kg,18.75,-,0,0,IN-1710,6,112.49
04-10-2026,Central Warehouse -Kolkata,Central Warehouse -Kolkata,Dosa Coffee - Forum (0003),Banana Leaf Big (1bundle = 50pc),Pc,1.8,-,0,0,IN-1710,50,89.84
04-10-2026,Central Warehouse -Kolkata,Central Warehouse -Kolkata,Dosa Coffee - Forum (0003),Mint leaf,Kg,189.49,-,0,0,IN-1710,0.05,9.47
04-10-2026,Central Warehouse -Kolkata,Central Warehouse -Kolkata,Dosa Coffee - Forum (0003),Curry Leaves,Kg,71.16,-,0,0,IN-1710,0.05,3.56
04-10-2026,Central Warehouse -Kolkata,Central Warehouse -Kolkata,Dosa Coffee - Forum (0003),Carrot,Kg,40.99,-,0,0,IN-1710,0.645,26.44
04-10-2026,Central Warehouse -Kolkata,Central Warehouse -Kolkata,Dosa Coffee - Forum (0003),Raw Green Chili,Kg,74.93,-,0,0,IN-1710,0.5,37.47
04-10-2026,Central Warehouse -Kolkata,Central Warehouse -Kolkata,Dosa Coffee - Forum (0003),Ginger,Kg,131.12,-,0,0,IN-1710,0.5,65.56
04-10-2026,Central Warehouse -Kolkata,Central Warehouse -Kolkata,Dosa Coffee - Forum (0003),Fried Chana Daal,Kg,97.59,-,0,0,IN-1710,2,195.18
04-10-2026,Central Warehouse -Kolkata,Central Warehouse -Kolkata,Dosa Coffee - Ideal Plaza (01/0001),C Fold Tissue (Toilet Tissue),Pkt,49.48,-,0,0,IN-3224,4,197.92
04-10-2026,Central Warehouse -Kolkata,Central Warehouse -Kolkata,Dosa Coffee - Ideal Plaza (01/0001),kitchen Paper Roll,Piece,299.82,-,0,0,IN-3224,1,299.82
04-10-2026,Central Warehouse -Kolkata,Central Warehouse -Kolkata,Dosa Coffee - Ideal Plaza (01/0001),Schweppes Water - 500ml,Pc,24.89,-,0,0,IN-3224,24,597.25
04-10-2026,Central Warehouse -Kolkata,Central Warehouse -Kolkata,Dosa Coffee - Ideal Plaza (01/0001),Cottons Lemonade,Pc,17.44,-,0,0,IN-3224,48,837.12
04-10-2026,Central Warehouse -Kolkata,Central Warehouse -Kolkata,Dosa Coffee - Ideal Plaza (01/0001),Amul IC BP Vanilla (5L) CF,Ltr,97.8,-,0,0,IN-3224,5,489
04-10-2026,Central Warehouse -Kolkata,Central Warehouse -Kolkata,Dosa Coffee - Ideal Plaza (01/0001),Sunflower Refined Oil  ( 1pkt = 868 Ml ),Ltr,167.48,-,0,0,IN-3224,13.888,2325.96
04-10-2026,Central Warehouse -Kolkata,Central Warehouse -Kolkata,Dosa Coffee - Ideal Plaza (01/0001),Banana Leaf Big (1bundle = 50pc),Pc,1.8,-,0,0,IN-3224,200,359.36
04-10-2026,Central Warehouse -Kolkata,Central Warehouse -Kolkata,Dosa Coffee - Ideal Plaza (01/0001),Banana Leaf Small (1bundle = 50pc),Pc,1.25,-,0,0,IN-3224,150,187.48
04-10-2026,Central Warehouse -Kolkata,Central Warehouse -Kolkata,Dosa Coffee - Ideal Plaza (01/0001),Lime,Pc,3.5,-,0,0,IN-3224,60,210.01
04-10-2026,Central Warehouse -Kolkata,Central Warehouse -Kolkata,Dosa Coffee - Ideal Plaza (01/0001),Watermelon,Kg,34.89,-,0,0,IN-3224,4.324,150.87
04-10-2026,Central Warehouse -Kolkata,Central Warehouse -Kolkata,Dosa Coffee - Ideal Plaza (01/0001),Raw Coconut,Pc,38.95,-,0,0,IN-3224,100,3894.53
04-10-2026,Central Warehouse -Kolkata,Central Warehouse -Kolkata,Dosa Coffee - Ideal Plaza (01/0001),Fried Chana Daal,Kg,97.59,-,0,0,IN-3224,12,1171.1
04-10-2026,Central Warehouse -Kolkata,Central Warehouse -Kolkata,Dosa Coffee - Ideal Plaza (01/0001),Salt,Kg,27.05,-,0,0,IN-3224,3,81.14
04-10-2026,Central Warehouse -Kolkata,Central Warehouse -Kolkata,Dosa Coffee - Ideal Plaza (01/0001),Tea Leaf,Kg,202.9,-,0,0,IN-3224,1,202.9
04-10-2026,Central Warehouse -Kolkata,Central Warehouse -Kolkata,Dosa Coffee - Ideal Plaza (01/0001),Whole Cumin,Kg,480.28,-,0,0,IN-3224,0.5,240.14
04-10-2026,Central Warehouse -Kolkata,Central Warehouse -Kolkata,Dosa Coffee - Ideal Plaza (01/0001),Appalam Papad (1pkt = 47pc),Pc,3.78,-,0,0,IN-3224,94,355.43
04-10-2026,Central Warehouse -Kolkata,Central Warehouse -Kolkata,Dosa Coffee - Ideal Plaza (01/0001),DIY Kits Box,Pc,28.35,-,0,0,IN-3224,6,170.1
04-10-2026,Central Warehouse -Kolkata,Central Warehouse -Kolkata,Dosa Coffee - Ideal Plaza (01/0001),Compartment Tray With Lid - 2CP (1pkt = 25pc),Pc,7.64,-,0,0,IN-3224,25,190.98
04-10-2026,Central Warehouse -Kolkata,Central Warehouse -Kolkata,Dosa Coffee - Ideal Plaza (01/0001),Coffee/Tea Flask - 250ml (1pkt = 25pc),Pc,17.3,-,0,0,IN-3224,10,173.03
04-10-2026,Central Warehouse -Kolkata,Central Warehouse -Kolkata,Dosa Coffee - Ideal Plaza (01/0001),Pet Paggi Can 350ml (1Box =256 Pcs),Pc,11.1,-,0,0,IN-3224,20,221.97
04-10-2026,Central Warehouse -Kolkata,Central Warehouse -Kolkata,Dosa Coffee - Ideal Plaza (01/0001),Silver Foil,Pc,349.19,-,0,0,IN-3224,1,349.19
04-10-2026,Central Warehouse -Kolkata,Central Warehouse -Kolkata,Dosa Coffee - Ideal Plaza (01/0001),Take Away Packing Box - Big (1bundle = 50pc),Pc,6.9,-,0,0,IN-3224,200,1380.57
04-10-2026,Central Warehouse -Kolkata,Central Warehouse -Kolkata,Dosa Coffee - Ideal Plaza (01/0001),Take Away Packing Box - Small (1bundle = 50pc),Pc,4.3,-,0,0,IN-3224,500,2149.95
04-10-2026,Central Warehouse -Kolkata,Central Warehouse -Kolkata,Dosa Coffee - Ideal Plaza (01/0001),Bio-Degradable Spoon (1pkt = 50pc),Pc,1.25,-,0,0,IN-3224,800,999.56
04-10-2026,Central Warehouse -Kolkata,Central Warehouse -Kolkata,Dosa Coffee - Ideal Plaza (01/0001),Carry Bag - Large(1pkt = 100pc),Pc,10.52,-,0,0,IN-3224,25,263.05
04-10-2026,Central Warehouse -Kolkata,Central Warehouse -Kolkata,Dosa Coffee - Ideal Plaza (01/0001),Carry Bag - Small (1pkt = 100pc),Pc,7.08,-,0,0,IN-3224,300,2123.56
04-10-2026,Central Warehouse -Kolkata,Central Warehouse -Kolkata,Dosa Coffee - Ideal Plaza (01/0001),Glen Container With Lid - 750ml (1pkt = 50pc),Pc,6.38,-,0,0,IN-3224,50,319.14
04-10-2026,Central Warehouse -Kolkata,Central Warehouse -Kolkata,Dosa Coffee - Ideal Plaza (01/0001),Glen Container With Lid - 250ml (1pkt = 50pc),Pc,3.87,-,0,0,IN-3224,500,1933.8
04-10-2026,Central Warehouse -Kolkata,Central Warehouse -Kolkata,Dosa Coffee - Ideal Plaza (01/0001),Glen Container With Lid - 100ml (1pkt = 50pc),Pc,1.76,-,0,0,IN-3224,50,88.05
04-10-2026,Central Warehouse -Kolkata,Central Warehouse -Kolkata,Dosa Coffee - Ideal Plaza (01/0001),Idli Daal (Rajkot),Kg,157.01,-,0,0,IN-3224,2,314.01
04-10-2026,Central Warehouse -Kolkata,Central Warehouse -Kolkata,Dosa Coffee - Ideal Plaza (01/0001),Ghee,Kg,752.96,-,0,0,IN-3224,3.62,2725.73
04-10-2026,Central Warehouse -Kolkata,Central Warehouse -Kolkata,Dosa Coffee - Ideal Plaza (01/0001),Raw Potato,Kg,18.75,-,0,0,IN-3224,25,468.7
04-10-2026,Central Warehouse -Kolkata,Central Warehouse -Kolkata,Dosa Coffee - Ideal Plaza (01/0001),Ginger,Kg,131.12,-,0,0,IN-3224,2,262.23
04-10-2026,Central Warehouse -Kolkata,Central Warehouse -Kolkata,Dosa Coffee - Ideal Plaza (01/0001),Onion,Kg,36.21,-,0,0,IN-3224,14,506.96
04-10-2026,Central Warehouse -Kolkata,Central Warehouse -Kolkata,Dosa Coffee - Ideal Plaza (01/0001),Coconut Chutney Sticker (DIY),Pc,2.17,-,0,0,IN-3224,16,34.67
04-10-2026,Central Warehouse -Kolkata,Central Warehouse -Kolkata,Dosa Coffee - Ideal Plaza (01/0001),Paper Sleeve (1pkt = 50pc),Pc,3.53,-,0,0,IN-3224,50,176.64
04-10-2026,Central Warehouse -Kolkata,Central Warehouse -Kolkata,Dosa Coffee - Ideal Plaza (01/0001),White Butter,Kg,576.66,-,0,0,IN-3224,2.5,1441.64
04-10-2026,Central Warehouse -Kolkata,Central Warehouse -Kolkata,Dosa Coffee - Ideal Plaza (01/0001),Amul Butter,Kg,561.96,-,0,0,IN-3224,0.5,280.98
04-10-2026,Central Warehouse -Kolkata,Central Warehouse -Kolkata,Dosa Coffee - Ideal Plaza (01/0001),Amul Cheese,Kg,509.93,-,0,0,IN-3224,1.5,764.9
04-10-2026,Central Warehouse -Kolkata,Central Warehouse -Kolkata,Dosa Coffee - Ideal Plaza (01/0001),Raw Mango,Kg,85.08,-,0,0,IN-3224,1.3,110.61
04-10-2026,Central Warehouse -Kolkata,Central Warehouse -Kolkata,Dosa Coffee - Ideal Plaza (01/0001),Amada,Kg,70.25,-,0,0,IN-3224,0.1,7.02
04-10-2026,Central Warehouse -Kolkata,Central Warehouse -Kolkata,Dosa Coffee - Ideal Plaza (01/0001),Mint leaf,Kg,189.49,-,0,0,IN-3224,0.2,37.9
04-10-2026,Central Warehouse -Kolkata,Central Warehouse -Kolkata,Dosa Coffee - Ideal Plaza (01/0001),Coriander Leaves,Kg,99.99,-,0,0,IN-3224,1,99.99
04-10-2026,Central Warehouse -Kolkata,Central Warehouse -Kolkata,Dosa Coffee - Ideal Plaza (01/0001),Carrot,Kg,40.99,-,0,0,IN-3224,2.264,92.81
04-10-2026,Central Warehouse -Kolkata,Central Warehouse -Kolkata,Dosa Coffee - Ideal Plaza (01/0001),Green Capsicum,Kg,65.51,-,0,0,IN-3224,0.361,23.65
04-10-2026,Central Warehouse -Kolkata,Central Warehouse -Kolkata,Dosa Coffee - Ideal Plaza (01/0001),Raw Green Chili,Kg,74.93,-,0,0,IN-3224,1.5,112.4
04-10-2026,Central Warehouse -Kolkata,Central Warehouse -Kolkata,Dosa Coffee - Ideal Plaza (01/0001),Curry Leaves,Kg,71.16,-,0,0,IN-3224,0.2,14.23
04-10-2026,Central Warehouse -Kolkata,Central Warehouse -Kolkata,Dosa Coffee - Ideal Plaza (01/0001),Tomato,Kg,40,-,0,0,IN-3224,2,79.99
04-10-2026,Central Warehouse -Kolkata,Central Warehouse -Kolkata,Dosa Coffee - Ideal Plaza (01/0001),Raw Curd,Kg,71.4,-,0,0,IN-3224,4,285.6
04-10-2026,Central Warehouse -Kolkata,Central Warehouse -Kolkata,Dosa Coffee - Ideal Plaza (01/0001),Paneer,Kg,299,-,0,0,IN-3224,1,299
04-10-2026,Central Warehouse -Kolkata,Central Warehouse -Kolkata,Dosa Coffee - Ideal Plaza (01/0001),Milk (Adya Dairy),Ltr,61.85,-,0,0,IN-3224,3.5,216.49
04-10-2026,Central Warehouse -Kolkata,Central Warehouse -Kolkata,Dosa Coffee - Lake road 01/0015,Idli Daal (Rajkot),Kg,157.01,-,0,0,IN-1316,1,157.01
04-10-2026,Central Warehouse -Kolkata,Central Warehouse -Kolkata,Dosa Coffee - Lake road 01/0015,Amada,Kg,70.25,-,0,0,IN-1316,0.1,7.02
04-10-2026,Central Warehouse -Kolkata,Central Warehouse -Kolkata,Dosa Coffee - Lake road 01/0015,White Butter,Kg,576.66,-,0,0,IN-1316,1,576.66
04-10-2026,Central Warehouse -Kolkata,Central Warehouse -Kolkata,Dosa Coffee - Lake road 01/0015,Watermelon,Kg,34.89,-,0,0,IN-1316,11.736,409.48
04-10-2026,Central Warehouse -Kolkata,Central Warehouse -Kolkata,Dosa Coffee - Lake road 01/0015,Turmeric Powder,gm,0.34,-,0,0,IN-1316,500,169.89
04-10-2026,Central Warehouse -Kolkata,Central Warehouse -Kolkata,Dosa Coffee - Lake road 01/0015,Tomato,Kg,40,-,0,0,IN-1316,1,40
04-10-2026,Central Warehouse -Kolkata,Central Warehouse -Kolkata,Dosa Coffee - Lake road 01/0015,Take Away Packing Box - Small (1bundle = 50pc),Pc,4.3,-,0,0,IN-1316,200,859.98
04-10-2026,Central Warehouse -Kolkata,Central Warehouse -Kolkata,Dosa Coffee - Lake road 01/0015,Silver Foil,Pc,349.19,-,0,0,IN-1316,1,349.19
04-10-2026,Central Warehouse -Kolkata,Central Warehouse -Kolkata,Dosa Coffee - Lake road 01/0015,Scrubber - Scotch Brite,Pc,12.26,-,0,0,IN-1316,4,49.05
04-10-2026,Central Warehouse -Kolkata,Central Warehouse -Kolkata,Dosa Coffee - Lake road 01/0015,Raw Mango,Kg,85.08,-,0,0,IN-1316,1.136,96.66
04-10-2026,Central Warehouse -Kolkata,Central Warehouse -Kolkata,Dosa Coffee - Lake road 01/0015,Raw Green Chili,Kg,74.93,-,0,0,IN-1316,0.5,37.47
04-10-2026,Central Warehouse -Kolkata,Central Warehouse -Kolkata,Dosa Coffee - Lake road 01/0015,Raw Curd,Kg,71.4,-,0,0,IN-1316,4,285.6
04-10-2026,Central Warehouse -Kolkata,Central Warehouse -Kolkata,Dosa Coffee - Lake road 01/0015,Paper Straw (1pkt = 100pc),Pc,0.39,-,0,0,IN-1316,100,38.67
04-10-2026,Central Warehouse -Kolkata,Central Warehouse -Kolkata,Dosa Coffee - Lake road 01/0015,Paper Napkin (1pkt = 100pc),Pc,0.24,-,0,0,IN-1316,1000,235.07
04-10-2026,Central Warehouse -Kolkata,Central Warehouse -Kolkata,Dosa Coffee - Lake road 01/0015,Onion,Kg,36.21,-,0,0,IN-1316,7,253.48
04-10-2026,Central Warehouse -Kolkata,Central Warehouse -Kolkata,Dosa Coffee - Lake road 01/0015,Mint leaf,Kg,189.49,-,0,0,IN-1316,0.1,18.95
04-10-2026,Central Warehouse -Kolkata,Central Warehouse -Kolkata,Dosa Coffee - Lake road 01/0015,Milk (Adya Dairy),Ltr,61.85,-,0,0,IN-1316,1,61.85
04-10-2026,Central Warehouse -Kolkata,Central Warehouse -Kolkata,Dosa Coffee - Lake road 01/0015,Lime,Pc,3.5,-,0,0,IN-1316,60,210.01
04-10-2026,Central Warehouse -Kolkata,Central Warehouse -Kolkata,Dosa Coffee - Lake road 01/0015,Schweppes Water - 500ml,Pc,24.89,-,0,0,IN-1316,24,597.25
04-10-2026,Central Warehouse -Kolkata,Central Warehouse -Kolkata,Dosa Coffee - Lake road 01/0015,Kinley Soda 750ml Pet,Pc,15.82,-,0,0,IN-1316,5,79.09
04-10-2026,Central Warehouse -Kolkata,Central Warehouse -Kolkata,Dosa Coffee - Lake road 01/0015,Jaggery,Kg,61.49,-,0,0,IN-1316,0.5,30.74
04-10-2026,Central Warehouse -Kolkata,Central Warehouse -Kolkata,Dosa Coffee - Lake road 01/0015,Green Capsicum,Kg,65.51,-,0,0,IN-1316,0.225,14.74
04-10-2026,Central Warehouse -Kolkata,Central Warehouse -Kolkata,Dosa Coffee - Lake road 01/0015,Ginger,Kg,131.12,-,0,0,IN-1316,0.5,65.56
04-10-2026,Central Warehouse -Kolkata,Central Warehouse -Kolkata,Dosa Coffee - Lake road 01/0015,Ghee,Kg,752.96,-,0,0,IN-1316,2.715,2044.3
04-10-2026,Central Warehouse -Kolkata,Central Warehouse -Kolkata,Dosa Coffee - Lake road 01/0015,Garbage Bag Large (36 X 42),Pkt,69.46,-,0,0,IN-1316,2,138.93
04-10-2026,Central Warehouse -Kolkata,Central Warehouse -Kolkata,Dosa Coffee - Lake road 01/0015,Fried Chana Daal,Kg,97.59,-,0,0,IN-1316,10,975.91
04-10-2026,Central Warehouse -Kolkata,Central Warehouse -Kolkata,Dosa Coffee - Lake road 01/0015,DIY Kits Box,Pc,28.35,-,0,0,IN-1316,7,198.45
04-10-2026,Central Warehouse -Kolkata,Central Warehouse -Kolkata,Dosa Coffee - Lake road 01/0015,Curry Leaves,Kg,71.16,-,0,0,IN-1316,0.1,7.12
04-10-2026,Central Warehouse -Kolkata,Central Warehouse -Kolkata,Dosa Coffee - Lake road 01/0015,Cottons Lemonade,Pc,17.44,-,0,0,IN-1316,24,418.56
04-10-2026,Central Warehouse -Kolkata,Central Warehouse -Kolkata,Dosa Coffee - Lake road 01/0015,Cothas Coffee Powder,Kg,859.17,-,0,0,IN-1316,1.5,1288.75
04-10-2026,Central Warehouse -Kolkata,Central Warehouse -Kolkata,Dosa Coffee - Lake road 01/0015,Coriander Leaves,Kg,99.99,-,0,0,IN-1316,0.5,50
04-10-2026,Central Warehouse -Kolkata,Central Warehouse -Kolkata,Dosa Coffee - Lake road 01/0015,Compartment Tray With Lid - 5CP (1pkt = 25pc),Pc,10.66,-,0,0,IN-1316,25,266.48
04-10-2026,Central Warehouse -Kolkata,Central Warehouse -Kolkata,Dosa Coffee - Lake road 01/0015,Compartment Tray With Lid - 2CP (1pkt = 25pc),Pc,7.64,-,0,0,IN-1316,25,190.98
04-10-2026,Central Warehouse -Kolkata,Central Warehouse -Kolkata,Dosa Coffee - Lake road 01/0015,Coffee/Tea Flask - 250ml (1pkt = 25pc),Pc,17.3,-,0,0,IN-1316,20,346.07
04-10-2026,Central Warehouse -Kolkata,Central Warehouse -Kolkata,Dosa Coffee - Lake road 01/0015,Carry Bag - Small (1pkt = 100pc),Pc,7.08,-,0,0,IN-1316,100,707.85
04-10-2026,Central Warehouse -Kolkata,Central Warehouse -Kolkata,Dosa Coffee - Lake road 01/0015,Carry Bag - Large(1pkt = 100pc),Pc,10.52,-,0,0,IN-1316,25,263.05
04-10-2026,Central Warehouse -Kolkata,Central Warehouse -Kolkata,Dosa Coffee - Lake road 01/0015,Carrot,Kg,40.99,-,0,0,IN-1316,1.194,48.95
04-10-2026,Central Warehouse -Kolkata,Central Warehouse -Kolkata,Dosa Coffee - Lake road 01/0015,C Fold Tissue (Toilet Tissue),Pkt,49.48,-,0,0,IN-1316,4,197.92
04-10-2026,Central Warehouse -Kolkata,Central Warehouse -Kolkata,Dosa Coffee - Lake road 01/0015,Brown Sugar Sachet  (1pkt = 200pc),Pc,0.49,-,0,0,IN-1316,200,97.85
04-10-2026,Central Warehouse -Kolkata,Central Warehouse -Kolkata,Dosa Coffee - Lake road 01/0015,Raw Potato,Kg,18.75,-,0,0,IN-1316,15,281.22
04-10-2026,Central Warehouse -Kolkata,Central Warehouse -Kolkata,Dosa Coffee - Lake road 01/0015,Bio-Degradable Spoon (1pkt = 50pc),Pc,1.25,-,0,0,IN-1316,300,374.83
04-10-2026,Central Warehouse -Kolkata,Central Warehouse -Kolkata,Dosa Coffee - Lake road 01/0015,Banana Leaf Big (1bundle = 50pc),Pc,1.8,-,0,0,IN-1316,200,359.36
04-10-2026,Central Warehouse -Kolkata,Central Warehouse -Kolkata,Dosa Coffee - Lake road 01/0015,Banana Leaf Small (1bundle = 50pc),Pc,1.25,-,0,0,IN-1316,200,249.97
04-10-2026,Central Warehouse -Kolkata,Central Warehouse -Kolkata,Dosa Coffee - Lake road 01/0015,1000ml Round Bucket (DIY),Piece,14.28,-,0,0,IN-1316,8,114.28
04-10-2026,Central Warehouse -Kolkata,Central Warehouse -Kolkata,Dosa Coffee - James long Sarani (01/0011),Amul Butter,Kg,561.96,-,0,0,IN-1504,1,561.96
04-10-2026,Central Warehouse -Kolkata,Central Warehouse -Kolkata,Dosa Coffee - James long Sarani (01/0011),Ghee,Kg,752.96,-,0,0,IN-1504,2.762,2079.69
04-10-2026,Central Warehouse -Kolkata,Central Warehouse -Kolkata,Dosa Coffee - James long Sarani (01/0011),Salt,Kg,27.05,-,0,0,IN-1504,2,54.09
04-10-2026,Central Warehouse -Kolkata,Central Warehouse -Kolkata,Dosa Coffee - James long Sarani (01/0011),Banana Leaf Small (1bundle = 50pc),Pc,1.25,-,0,0,IN-1504,100,124.98
04-10-2026,Central Warehouse -Kolkata,Central Warehouse -Kolkata,Dosa Coffee - James long Sarani (01/0011),Banana Leaf Big (1bundle = 50pc),Pc,1.8,-,0,0,IN-1504,150,269.52
04-10-2026,Central Warehouse -Kolkata,Central Warehouse -Kolkata,Dosa Coffee - James long Sarani (01/0011),Onion,Kg,36.21,-,0,0,IN-1504,4,144.84
04-10-2026,Central Warehouse -Kolkata,Central Warehouse -Kolkata,Dosa Coffee - James long Sarani (01/0011),Ginger,Kg,131.12,-,0,0,IN-1504,1.5,196.68
04-10-2026,Central Warehouse -Kolkata,Central Warehouse -Kolkata,Dosa Coffee - James long Sarani (01/0011),Amada,Kg,70.25,-,0,0,IN-1504,0.2,14.05
04-10-2026,Central Warehouse -Kolkata,Central Warehouse -Kolkata,Dosa Coffee - James long Sarani (01/0011),Raw Mango,Kg,85.08,-,0,0,IN-1504,1.13,96.15
04-10-2026,Central Warehouse -Kolkata,Central Warehouse -Kolkata,Dosa Coffee - James long Sarani (01/0011),Beans,Kg,76.22,-,0,0,IN-1504,0.3,22.87
04-10-2026,Central Warehouse -Kolkata,Central Warehouse -Kolkata,Dosa Coffee - James long Sarani (01/0011),Green Capsicum,Kg,65.51,-,0,0,IN-1504,0.223,14.61
04-10-2026,Central Warehouse -Kolkata,Central Warehouse -Kolkata,Dosa Coffee - James long Sarani (01/0011),Tomato,Kg,40,-,0,0,IN-1504,2,79.99
04-10-2026,Central Warehouse -Kolkata,Central Warehouse -Kolkata,Dosa Coffee - James long Sarani (01/0011),Mint leaf,Kg,189.49,-,0,0,IN-1504,0.2,37.9
04-10-2026,Central Warehouse -Kolkata,Central Warehouse -Kolkata,Dosa Coffee - James long Sarani (01/0011),Coriander Leaves,Kg,99.99,-,0,0,IN-1504,0.5,50
04-10-2026,Central Warehouse -Kolkata,Central Warehouse -Kolkata,Dosa Coffee - James long Sarani (01/0011),Raw Green Chili,Kg,74.93,-,0,0,IN-1504,1,74.93
04-10-2026,Central Warehouse -Kolkata,Central Warehouse -Kolkata,Dosa Coffee - James long Sarani (01/0011),Lime,Pc,3.5,-,0,0,IN-1504,15,52.5
04-10-2026,Central Warehouse -Kolkata,Central Warehouse -Kolkata,Dosa Coffee - James long Sarani (01/0011),Watermelon,Kg,34.89,-,0,0,IN-1504,7.4,258.19
04-10-2026,Central Warehouse -Kolkata,Central Warehouse -Kolkata,Dosa Coffee - James long Sarani (01/0011),White Butter,Kg,576.66,-,0,0,IN-1504,1,576.66
04-10-2026,Central Warehouse -Kolkata,Central Warehouse -Kolkata,Dosa Coffee - James long Sarani (01/0011),Raw Curd,Kg,71.4,-,0,0,IN-1504,7,499.8
04-10-2026,Central Warehouse -Kolkata,Central Warehouse -Kolkata,Dosa Coffee - James long Sarani (01/0011),Milk (Adya Dairy),Ltr,61.85,-,0,0,IN-1504,1,61.85
04-10-2026,Central Warehouse -Kolkata,Central Warehouse -Kolkata,Dosa Coffee - James long Sarani (01/0011),Paneer,Kg,299,-,0,0,IN-1504,1,299
04-10-2026,Central Warehouse -Kolkata,Central Warehouse -Kolkata,Dosa Coffee - James long Sarani (01/0011),Idli Daal (Rajkot),Kg,157.01,-,0,0,IN-1504,2,314.01
04-10-2026,Central Warehouse -Kolkata,Central Warehouse -Kolkata,Dosa Coffee - James long Sarani (01/0011),Raw Potato,Kg,18.75,-,0,0,IN-1504,18,337.46
04-10-2026,Central Warehouse -Kolkata,Central Warehouse -Kolkata,Dosa Coffee - James long Sarani (01/0011),Glen Container With Lid - 250ml (1pkt = 50pc),Pc,3.87,-,0,0,IN-1504,500,1933.8
04-10-2026,Central Warehouse -Kolkata,Central Warehouse -Kolkata,Dosa Coffee - James long Sarani (01/0011),Compartment Tray With Lid - 2CP (1pkt = 25pc),Pc,7.64,-,0,0,IN-1504,25,190.98
04-10-2026,Central Warehouse -Kolkata,Central Warehouse -Kolkata,Dosa Coffee - James long Sarani (01/0011),Take Away Packing Box - Small (1bundle = 50pc),Pc,4.3,-,0,0,IN-1504,200,859.98
04-10-2026,Central Warehouse -Kolkata,Central Warehouse -Kolkata,Dosa Coffee - James long Sarani (01/0011),C Fold Tissue (Toilet Tissue),Pkt,49.48,-,0,0,IN-1504,2,98.96
04-10-2026,Central Warehouse -Kolkata,Central Warehouse -Kolkata,Dosa Coffee - James long Sarani (01/0011),Paper Napkin (1pkt = 100pc),Pc,0.24,-,0,0,IN-1504,500,117.53
04-10-2026,Central Warehouse -Kolkata,Central Warehouse -Kolkata,Dosa Coffee - James long Sarani (01/0011),Schweppes Water - 500ml,Pc,24.89,-,0,0,IN-1504,24,597.25
04-10-2026,Central Warehouse -Kolkata,Central Warehouse -Kolkata,Dosa Coffee - James long Sarani (01/0011),Milk - Tetra 1Ltr,Ltr,77.12,-,0,0,IN-1504,5,385.62
04-10-2026,Central Warehouse -Kolkata,Central Warehouse -Kolkata,Dosa Coffee - James long Sarani (01/0011),Fried Chana Daal,Kg,97.59,-,0,0,IN-1504,4,390.37
04-10-2026,Central Warehouse -Kolkata,Central Warehouse -Kolkata,Dosa Coffee - James long Sarani (01/0011),Cothas Coffee Powder,Kg,859.17,-,0,0,IN-1504,1.5,1288.75
04-10-2026,Central Warehouse -Kolkata,Central Warehouse -Kolkata,Dosa Coffee - Santoshpur (01/0012),Fried Chana Daal,Kg,97.59,-,0,0,IN-1659,4,390.37
04-10-2026,Central Warehouse -Kolkata,Central Warehouse -Kolkata,Dosa Coffee - Santoshpur (01/0012),Raw Mango,Kg,85.08,-,0,0,IN-1659,0.645,54.88
04-10-2026,Central Warehouse -Kolkata,Central Warehouse -Kolkata,Dosa Coffee - Santoshpur (01/0012),Amada,Kg,70.25,-,0,0,IN-1659,0.1,7.02
04-10-2026,Central Warehouse -Kolkata,Central Warehouse -Kolkata,Dosa Coffee - Santoshpur (01/0012),Beans,Kg,76.22,-,0,0,IN-1659,0.1,7.62
04-10-2026,Central Warehouse -Kolkata,Central Warehouse -Kolkata,Dosa Coffee - Santoshpur (01/0012),Mint leaf,Kg,189.49,-,0,0,IN-1659,0.1,18.95
04-10-2026,Central Warehouse -Kolkata,Central Warehouse -Kolkata,Dosa Coffee - Santoshpur (01/0012),Ginger,Kg,131.12,-,0,0,IN-1659,0.5,65.56
04-10-2026,Central Warehouse -Kolkata,Central Warehouse -Kolkata,Dosa Coffee - Santoshpur (01/0012),Garlic,Kg,139.99,-,0,0,IN-1659,0.1,14
04-10-2026,Central Warehouse -Kolkata,Central Warehouse -Kolkata,Dosa Coffee - Santoshpur (01/0012),Coriander Leaves,Kg,99.99,-,0,0,IN-1659,0.3,30
04-10-2026,Central Warehouse -Kolkata,Central Warehouse -Kolkata,Dosa Coffee - Santoshpur (01/0012),Carrot,Kg,40.99,-,0,0,IN-1659,0.629,25.79
04-10-2026,Central Warehouse -Kolkata,Central Warehouse -Kolkata,Dosa Coffee - Santoshpur (01/0012),Green Capsicum,Kg,65.51,-,0,0,IN-1659,0.21,13.76
04-10-2026,Central Warehouse -Kolkata,Central Warehouse -Kolkata,Dosa Coffee - Santoshpur (01/0012),Raw Green Chili,Kg,74.93,-,0,0,IN-1659,0.5,37.47
04-10-2026,Central Warehouse -Kolkata,Central Warehouse -Kolkata,Dosa Coffee - Santoshpur (01/0012),Curry Leaves,Kg,71.16,-,0,0,IN-1659,0.1,7.12
04-10-2026,Central Warehouse -Kolkata,Central Warehouse -Kolkata,Dosa Coffee - Santoshpur (01/0012),Tomato,Kg,40,-,0,0,IN-1659,0.5,20
04-10-2026,Central Warehouse -Kolkata,Central Warehouse -Kolkata,Dosa Coffee - Santoshpur (01/0012),Onion,Kg,36.21,-,0,0,IN-1659,2,72.42
04-10-2026,Central Warehouse -Kolkata,Central Warehouse -Kolkata,Dosa Coffee - Santoshpur (01/0012),Cothas Coffee Powder,Kg,859.17,-,0,0,IN-1659,1,859.17
04-10-2026,Central Warehouse -Kolkata,Central Warehouse -Kolkata,Dosa Coffee - Santoshpur (01/0012),White Sugar Sachet (1pkt = 200pc),Pc,0.42,-,0,0,IN-1659,200,84.64
04-10-2026,Central Warehouse -Kolkata,Central Warehouse -Kolkata,Dosa Coffee - Santoshpur (01/0012),Milk - Tetra 1Ltr,Ltr,77.12,-,0,0,IN-1659,12,925.5
04-10-2026,Central Warehouse -Kolkata,Central Warehouse -Kolkata,Dosa Coffee - Santoshpur (01/0012),Kinley Soda 750ml Pet,Pc,15.82,-,0,0,IN-1659,2,31.63
04-10-2026,Central Warehouse -Kolkata,Central Warehouse -Kolkata,Dosa Coffee - Santoshpur (01/0012),Amul IC BP Vanilla (5L) CF,Ltr,97.8,-,0,0,IN-1659,5,489
04-10-2026,Central Warehouse -Kolkata,Central Warehouse -Kolkata,Dosa Coffee - Santoshpur (01/0012),Mango Ice Cream,Ltr,121.27,-,0,0,IN-1659,5,606.36
04-10-2026,Central Warehouse -Kolkata,Central Warehouse -Kolkata,Dosa Coffee - Santoshpur (01/0012),Wooden Stirrer (1pkt = 100pc),Pc,0.13,-,0,0,IN-1659,500,65.84
04-10-2026,Central Warehouse -Kolkata,Central Warehouse -Kolkata,Dosa Coffee - Santoshpur (01/0012),Sponge Wipe,Pkt,132.64,-,0,0,IN-1659,1,132.64
04-10-2026,Central Warehouse -Kolkata,Central Warehouse -Kolkata,Dosa Coffee - Santoshpur (01/0012),Compartment Tray With Lid - 5CP (1pkt = 25pc),Pc,10.66,-,0,0,IN-1659,25,266.48
04-10-2026,Central Warehouse -Kolkata,Central Warehouse -Kolkata,Dosa Coffee - Santoshpur (01/0012),Coffee/Tea Flask - 250ml (1pkt = 25pc),Pc,17.3,-,0,0,IN-1659,25,432.58
04-10-2026,Central Warehouse -Kolkata,Central Warehouse -Kolkata,Dosa Coffee - Santoshpur (01/0012),Paper Napkin (1pkt = 100pc),Pc,0.24,-,0,0,IN-1659,500,117.53
04-10-2026,Central Warehouse -Kolkata,Central Warehouse -Kolkata,Dosa Coffee - Santoshpur (01/0012),Bio-Degradable Spoon (1pkt = 50pc),Pc,1.25,-,0,0,IN-1659,200,249.89
04-10-2026,Central Warehouse -Kolkata,Central Warehouse -Kolkata,Dosa Coffee - Santoshpur (01/0012),Carry Bag - Small (1pkt = 100pc),Pc,7.08,-,0,0,IN-1659,100,707.85
04-10-2026,Central Warehouse -Kolkata,Central Warehouse -Kolkata,Dosa Coffee - Santoshpur (01/0012),Glen Container With Lid - 250ml (1pkt = 50pc),Pc,3.87,-,0,0,IN-1659,500,1933.8
04-10-2026,Central Warehouse -Kolkata,Central Warehouse -Kolkata,Dosa Coffee - Santoshpur (01/0012),Banana Leaf Small (1bundle = 50pc),Pc,1.25,-,0,0,IN-1659,100,124.98
04-10-2026,Central Warehouse -Kolkata,Central Warehouse -Kolkata,Dosa Coffee - Santoshpur (01/0012),Banana Leaf Big (1bundle = 50pc),Pc,1.8,-,0,0,IN-1659,100,179.68
04-10-2026,Central Warehouse -Kolkata,Central Warehouse -Kolkata,Dosa Coffee - Santoshpur (01/0012),Lime,Pc,3.5,-,0,0,IN-1659,20,70
04-10-2026,Central Warehouse -Kolkata,Central Warehouse -Kolkata,Dosa Coffee - Santoshpur (01/0012),Watermelon,Kg,34.89,-,0,0,IN-1659,2.843,99.19
04-10-2026,Central Warehouse -Kolkata,Central Warehouse -Kolkata,Dosa Coffee - Santoshpur (01/0012),Idli Daal (Rajkot),Kg,157.01,-,0,0,IN-1659,2,314.01
04-10-2026,Central Warehouse -Kolkata,Central Warehouse -Kolkata,Dosa Coffee - Santoshpur (01/0012),Raw Curd,Kg,71.4,-,0,0,IN-1659,4,285.6
04-10-2026,Central Warehouse -Kolkata,Central Warehouse -Kolkata,Dosa Coffee - Santoshpur (01/0012),Milk (Adya Dairy),Ltr,61.85,-,0,0,IN-1659,0.5,30.93
04-10-2026,Central Warehouse -Kolkata,Central Warehouse -Kolkata,Dosa Coffee - Santoshpur (01/0012),Raw Potato,Kg,18.75,-,0,0,IN-1659,15,281.22
04-10-2026,Central Warehouse -Kolkata,Central Warehouse -Kolkata,Dosa Coffee - Salt Lake Sec-1 (0009),Thermal Printer Roll - Posiflex,Pc,46.02,-,0,0,IN-2011,5,230.1
04-10-2026,Central Warehouse -Kolkata,Central Warehouse -Kolkata,Dosa Coffee - Salt Lake Sec-1 (0009),Dosa Coffee Taps,Pc,142.15,-,0,0,IN-2011,1,142.15
04-10-2026,Central Warehouse -Kolkata,Central Warehouse -Kolkata,Dosa Coffee - Salt Lake Sec-1 (0009),C Fold Tissue (Toilet Tissue),Pkt,49.48,-,0,0,IN-2011,2,98.96
04-10-2026,Central Warehouse -Kolkata,Central Warehouse -Kolkata,Dosa Coffee - Salt Lake Sec-1 (0009),Amada,Kg,70.25,-,0,0,IN-2011,0.1,7.02
04-10-2026,Central Warehouse -Kolkata,Central Warehouse -Kolkata,Dosa Coffee - Salt Lake Sec-1 (0009),Raw Mango,Kg,85.08,-,0,0,IN-2011,1.144,97.34
04-10-2026,Central Warehouse -Kolkata,Central Warehouse -Kolkata,Dosa Coffee - Salt Lake Sec-1 (0009),Kinley Soda 750ml Pet,Pc,15.82,-,0,0,IN-2011,10,158.17
04-10-2026,Central Warehouse -Kolkata,Central Warehouse -Kolkata,Dosa Coffee - Salt Lake Sec-1 (0009),Cothas Coffee Powder,Kg,859.17,-,0,0,IN-2011,1,859.17
04-10-2026,Central Warehouse -Kolkata,Central Warehouse -Kolkata,Dosa Coffee - Salt Lake Sec-1 (0009),Coffee/Tea Flask - 250ml (1pkt = 25pc),Pc,17.3,-,0,0,IN-2011,10,173.03
04-10-2026,Central Warehouse -Kolkata,Central Warehouse -Kolkata,Dosa Coffee - Salt Lake Sec-1 (0009),White Sugar Sachet (1pkt = 200pc),Pc,0.42,-,0,0,IN-2011,200,84.64
04-10-2026,Central Warehouse -Kolkata,Central Warehouse -Kolkata,Dosa Coffee - Salt Lake Sec-1 (0009),Supari,Pkt,148.81,-,0,0,IN-2011,1,148.81
04-10-2026,Central Warehouse -Kolkata,Central Warehouse -Kolkata,Dosa Coffee - Salt Lake Sec-1 (0009),Garbage Bag Large (36 X 42),Pkt,69.46,-,0,0,IN-2011,1,69.46
04-10-2026,Central Warehouse -Kolkata,Central Warehouse -Kolkata,Dosa Coffee - Salt Lake Sec-1 (0009),Silver Foil,Pc,349.19,-,0,0,IN-2011,1,349.19
04-10-2026,Central Warehouse -Kolkata,Central Warehouse -Kolkata,Dosa Coffee - Salt Lake Sec-1 (0009),Bio-Degradable Spoon (1pkt = 50pc),Pc,1.25,-,0,0,IN-2011,200,249.89
04-10-2026,Central Warehouse -Kolkata,Central Warehouse -Kolkata,Dosa Coffee - Salt Lake Sec-1 (0009),Paper Straw (1pkt = 100pc),Pc,0.39,-,0,0,IN-2011,100,38.67
04-10-2026,Central Warehouse -Kolkata,Central Warehouse -Kolkata,Dosa Coffee - Salt Lake Sec-1 (0009),Paper Napkin (1pkt = 100pc),Pc,0.24,-,0,0,IN-2011,800,188.06
04-10-2026,Central Warehouse -Kolkata,Central Warehouse -Kolkata,Dosa Coffee - Salt Lake Sec-1 (0009),Glen Container With Lid - 250ml (1pkt = 50pc),Pc,3.87,-,0,0,IN-2011,200,773.52
04-10-2026,Central Warehouse -Kolkata,Central Warehouse -Kolkata,Dosa Coffee - Salt Lake Sec-1 (0009),Carry Bag - Small (1pkt = 100pc),Pc,7.08,-,0,0,IN-2011,100,707.85
04-10-2026,Central Warehouse -Kolkata,Central Warehouse -Kolkata,Dosa Coffee - Salt Lake Sec-1 (0009),Take Away Packing Box - Small (1bundle = 50pc),Pc,4.3,-,0,0,IN-2011,200,859.98
04-10-2026,Central Warehouse -Kolkata,Central Warehouse -Kolkata,Dosa Coffee - Salt Lake Sec-1 (0009),Jaggery,Kg,61.49,-,0,0,IN-2011,0.5,30.74
04-10-2026,Central Warehouse -Kolkata,Central Warehouse -Kolkata,Dosa Coffee - Salt Lake Sec-1 (0009),Sugar,Kg,51.88,-,0,0,IN-2011,1,51.88
04-10-2026,Central Warehouse -Kolkata,Central Warehouse -Kolkata,Dosa Coffee - Salt Lake Sec-1 (0009),Fried Chana Daal,Kg,97.59,-,0,0,IN-2011,8,780.73
04-10-2026,Central Warehouse -Kolkata,Central Warehouse -Kolkata,Dosa Coffee - Salt Lake Sec-1 (0009),Idli Daal (Rajkot),Kg,157.01,-,0,0,IN-2011,2,314.01
04-10-2026,Central Warehouse -Kolkata,Central Warehouse -Kolkata,Dosa Coffee - Salt Lake Sec-1 (0009),Mint leaf,Kg,189.49,-,0,0,IN-2011,0.1,18.95
04-10-2026,Central Warehouse -Kolkata,Central Warehouse -Kolkata,Dosa Coffee - Salt Lake Sec-1 (0009),Curry Leaves,Kg,71.16,-,0,0,IN-2011,0.2,14.23
04-10-2026,Central Warehouse -Kolkata,Central Warehouse -Kolkata,Dosa Coffee - Salt Lake Sec-1 (0009),Banana Leaf Small (1bundle = 50pc),Pc,1.25,-,0,0,IN-2011,200,249.97
04-10-2026,Central Warehouse -Kolkata,Central Warehouse -Kolkata,Dosa Coffee - Salt Lake Sec-1 (0009),Banana Leaf Big (1bundle = 50pc),Pc,1.8,-,0,0,IN-2011,200,359.36
04-10-2026,Central Warehouse -Kolkata,Central Warehouse -Kolkata,Dosa Coffee - Salt Lake Sec-1 (0009),Lime,Pc,3.5,-,0,0,IN-2011,50,175.01
04-10-2026,Central Warehouse -Kolkata,Central Warehouse -Kolkata,Dosa Coffee - Salt Lake Sec-1 (0009),Coriander Leaves,Kg,99.99,-,0,0,IN-2011,0.6,59.99
04-10-2026,Central Warehouse -Kolkata,Central Warehouse -Kolkata,Dosa Coffee - Salt Lake Sec-1 (0009),Tomato,Kg,40,-,0,0,IN-2011,2,79.99
04-10-2026,Central Warehouse -Kolkata,Central Warehouse -Kolkata,Dosa Coffee - Salt Lake Sec-1 (0009),Garlic,Kg,139.99,-,0,0,IN-2011,0.1,14
04-10-2026,Central Warehouse -Kolkata,Central Warehouse -Kolkata,Dosa Coffee - Salt Lake Sec-1 (0009),Ginger,Kg,131.12,-,0,0,IN-2011,2,262.23
04-10-2026,Central Warehouse -Kolkata,Central Warehouse -Kolkata,Dosa Coffee - Salt Lake Sec-1 (0009),Onion,Kg,36.21,-,0,0,IN-2011,9,325.9
04-10-2026,Central Warehouse -Kolkata,Central Warehouse -Kolkata,Dosa Coffee - Salt Lake Sec-1 (0009),Raw Green Chili,Kg,74.93,-,0,0,IN-2011,1.5,112.4
04-10-2026,Central Warehouse -Kolkata,Central Warehouse -Kolkata,Dosa Coffee - Salt Lake Sec-1 (0009),Milk - Tetra 1Ltr,Ltr,77.12,-,0,0,IN-2011,12,925.5
04-10-2026,Central Warehouse -Kolkata,Central Warehouse -Kolkata,Dosa Coffee - Salt Lake Sec-1 (0009),Milk (Adya Dairy),Ltr,61.85,-,0,0,IN-2011,1,61.85
04-10-2026,Central Warehouse -Kolkata,Central Warehouse -Kolkata,Dosa Coffee - Salt Lake Sec-1 (0009),Sunflower Refined Oil  ( 1pkt = 868 Ml ),Ltr,167.48,-,0,0,IN-2011,8.68,1453.72
04-10-2026,Central Warehouse -Kolkata,Central Warehouse -Kolkata,Dosa Coffee - Salt Lake Sec-1 (0009),Ghee,Kg,752.96,-,0,0,IN-2011,3.62,2725.73
04-10-2026,Central Warehouse -Kolkata,Central Warehouse -Kolkata,Dosa Coffee - Salt Lake Sec-1 (0009),Amul Cheese,Kg,509.93,-,0,0,IN-2011,1,509.93
04-10-2026,Central Warehouse -Kolkata,Central Warehouse -Kolkata,Dosa Coffee - Salt Lake Sec-1 (0009),Amul Butter,Kg,561.96,-,0,0,IN-2011,1,561.96
04-10-2026,Central Warehouse -Kolkata,Central Warehouse -Kolkata,Dosa Coffee - Salt Lake Sec-1 (0009),White Butter,Kg,576.66,-,0,0,IN-2011,2,1153.31
04-10-2026,Central Warehouse -Kolkata,Central Warehouse -Kolkata,Dosa Coffee - Salt Lake Sec-1 (0009),Beans,Kg,76.22,-,0,0,IN-2011,0.3,22.87
04-10-2026,Central Warehouse -Kolkata,Central Warehouse -Kolkata,Dosa Coffee - Salt Lake Sec-1 (0009),Watermelon,Kg,34.89,-,0,0,IN-2011,6.846,238.86
04-10-2026,Central Warehouse -Kolkata,Central Warehouse -Kolkata,Dosa Coffee - Salt Lake Sec-1 (0009),Carrot,Kg,40.99,-,0,0,IN-2011,1.773,72.68
04-10-2026,Central Warehouse -Kolkata,Central Warehouse -Kolkata,Dosa Coffee - Salt Lake Sec-1 (0009),Raw Curd,Kg,71.4,-,0,0,IN-2011,7,499.8
04-10-2026,Central Warehouse -Kolkata,Central Warehouse -Kolkata,Dosa Coffee - Salt Lake Sec-1 (0009),Raw Potato,Kg,18.75,-,0,0,IN-2011,25,468.7
04-10-2026,Central Warehouse -Kolkata,Central Warehouse -Kolkata,Dosa Coffee - Lake Town (0005),White Sugar Sachet (1pkt = 200pc),Pc,0.42,-,0,0,IN-2152,200,84.64
04-10-2026,Central Warehouse -Kolkata,Central Warehouse -Kolkata,Dosa Coffee - Lake Town (0005),White Butter,Kg,576.66,-,0,0,IN-2152,1,576.66
04-10-2026,Central Warehouse -Kolkata,Central Warehouse -Kolkata,Dosa Coffee - Lake Town (0005),Tomato,Kg,40,-,0,0,IN-2152,1,40
04-10-2026,Central Warehouse -Kolkata,Central Warehouse -Kolkata,Dosa Coffee - Lake Town (0005),Sticker - MRD (1sheet=108pc),Pc,0.13,-,0,0,IN-2152,108,14
04-10-2026,Central Warehouse -Kolkata,Central Warehouse -Kolkata,Dosa Coffee - Lake Town (0005),Take Away Packing Box - Small (1bundle = 50pc),Pc,4.3,-,0,0,IN-2152,100,429.99
04-10-2026,Central Warehouse -Kolkata,Central Warehouse -Kolkata,Dosa Coffee - Lake Town (0005),Raw Curd,Kg,71.4,-,0,0,IN-2152,4,285.6
04-10-2026,Central Warehouse -Kolkata,Central Warehouse -Kolkata,Dosa Coffee - Lake Town (0005),Raw Green Chili,Kg,74.93,-,0,0,IN-2152,0.5,37.47
04-10-2026,Central Warehouse -Kolkata,Central Warehouse -Kolkata,Dosa Coffee - Lake Town (0005),Raw Mango,Kg,85.08,-,0,0,IN-2152,0.522,44.41
04-10-2026,Central Warehouse -Kolkata,Central Warehouse -Kolkata,Dosa Coffee - Lake Town (0005),Paper Napkin (1pkt = 100pc),Pc,0.24,-,0,0,IN-2152,300,70.52
04-10-2026,Central Warehouse -Kolkata,Central Warehouse -Kolkata,Dosa Coffee - Lake Town (0005),Paper Straw (1pkt = 100pc),Pc,0.39,-,0,0,IN-2152,100,38.67
04-10-2026,Central Warehouse -Kolkata,Central Warehouse -Kolkata,Dosa Coffee - Lake Town (0005),Mint leaf,Kg,189.49,-,0,0,IN-2152,0.1,18.95
04-10-2026,Central Warehouse -Kolkata,Central Warehouse -Kolkata,Dosa Coffee - Lake Town (0005),Milk (Adya Dairy),Ltr,61.85,-,0,0,IN-2152,0.5,30.93
04-10-2026,Central Warehouse -Kolkata,Central Warehouse -Kolkata,Dosa Coffee - Lake Town (0005),Milk - Tetra 1Ltr,Ltr,77.12,-,0,0,IN-2152,12,925.5
04-10-2026,Central Warehouse -Kolkata,Central Warehouse -Kolkata,Dosa Coffee - Lake Town (0005),Onion,Kg,36.21,-,0,0,IN-2152,4,144.84
04-10-2026,Central Warehouse -Kolkata,Central Warehouse -Kolkata,Dosa Coffee - Lake Town (0005),Jaggery,Kg,61.49,-,0,0,IN-2152,0.5,30.74
04-10-2026,Central Warehouse -Kolkata,Central Warehouse -Kolkata,Dosa Coffee - Lake Town (0005),Glen Container With Lid - 100ml (1pkt = 50pc),Pc,1.76,-,0,0,IN-2152,50,88.05
04-10-2026,Central Warehouse -Kolkata,Central Warehouse -Kolkata,Dosa Coffee - Lake Town (0005),Ginger,Kg,131.12,-,0,0,IN-2152,1,131.12
04-10-2026,Central Warehouse -Kolkata,Central Warehouse -Kolkata,Dosa Coffee - Lake Town (0005),Ghee,Kg,752.96,-,0,0,IN-2152,1.81,1362.86
04-10-2026,Central Warehouse -Kolkata,Central Warehouse -Kolkata,Dosa Coffee - Lake Town (0005),Fried Chana Daal,Kg,97.59,-,0,0,IN-2152,5,487.96
04-10-2026,Central Warehouse -Kolkata,Central Warehouse -Kolkata,Dosa Coffee - Lake Town (0005),Cothas Coffee Powder,Kg,859.17,-,0,0,IN-2152,0.5,429.58
04-10-2026,Central Warehouse -Kolkata,Central Warehouse -Kolkata,Dosa Coffee - Lake Town (0005),Curry Leaves,Kg,71.16,-,0,0,IN-2152,0.1,7.12
04-10-2026,Central Warehouse -Kolkata,Central Warehouse -Kolkata,Dosa Coffee - Lake Town (0005),Coriander Leaves,Kg,99.99,-,0,0,IN-2152,0.5,50
04-10-2026,Central Warehouse -Kolkata,Central Warehouse -Kolkata,Dosa Coffee - Lake Town (0005),Compartment Tray With Lid - 2CP (1pkt = 25pc),Pc,7.64,-,0,0,IN-2152,25,190.98
04-10-2026,Central Warehouse -Kolkata,Central Warehouse -Kolkata,Dosa Coffee - Lake Town (0005),Carrot,Kg,40.99,-,0,0,IN-2152,0.612,25.09
04-10-2026,Central Warehouse -Kolkata,Central Warehouse -Kolkata,Dosa Coffee - Lake Town (0005),Bio-Degradable Spoon (1pkt = 50pc),Pc,1.25,-,0,0,IN-2152,150,187.42
04-10-2026,Central Warehouse -Kolkata,Central Warehouse -Kolkata,Dosa Coffee - Lake Town (0005),Beans,Kg,76.22,-,0,0,IN-2152,0.3,22.87
04-10-2026,Central Warehouse -Kolkata,Central Warehouse -Kolkata,Dosa Coffee - Lake Town (0005),Banana Leaf Small (1bundle = 50pc),Pc,1.25,-,0,0,IN-2152,150,187.48
04-10-2026,Central Warehouse -Kolkata,Central Warehouse -Kolkata,Dosa Coffee - Lake Town (0005),Amada,Kg,70.25,-,0,0,IN-2152,0.05,3.51
04-10-2026,Central Warehouse -Kolkata,Central Warehouse -Kolkata,Dosa Coffee - Lake Town (0005),Amul Cheese,Kg,509.93,-,0,0,IN-2152,1,509.93
04-10-2026,Central Warehouse -Kolkata,Central Warehouse -Kolkata,Dosa Coffee - Manisquare (0004),Milk (Adya Dairy),Ltr,61.85,-,0,0,IN-1862,0.5,30.93
04-10-2026,Central Warehouse -Kolkata,Central Warehouse -Kolkata,Dosa Coffee - Manisquare (0004),Rubber Hand Gloves (1pkt=100pc),Pc,2.72,-,0,0,IN-1862,100,271.79
04-10-2026,Central Warehouse -Kolkata,Central Warehouse -Kolkata,Dosa Coffee - Manisquare (0004),White Sugar Sachet (1pkt = 200pc),Pc,0.42,-,0,0,IN-1862,400,169.28
04-10-2026,Central Warehouse -Kolkata,Central Warehouse -Kolkata,Dosa Coffee - Manisquare (0004),Amul Butter,Kg,561.96,-,0,0,IN-1862,0.5,280.98
04-10-2026,Central Warehouse -Kolkata,Central Warehouse -Kolkata,Dosa Coffee - Manisquare (0004),Sunflower Refined Oil  ( 1pkt = 868 Ml ),Ltr,167.48,-,0,0,IN-1862,4.34,726.86
04-10-2026,Central Warehouse -Kolkata,Central Warehouse -Kolkata,Dosa Coffee - Manisquare (0004),Black Salt,gm,0.03,-,0,0,IN-1862,1000,29.63
04-10-2026,Central Warehouse -Kolkata,Central Warehouse -Kolkata,Dosa Coffee - Manisquare (0004),Cothas Coffee Powder,Kg,859.17,-,0,0,IN-1862,1,859.17
04-10-2026,Central Warehouse -Kolkata,Central Warehouse -Kolkata,Dosa Coffee - Manisquare (0004),Fried Chana Daal,Kg,97.59,-,0,0,IN-1862,6,585.55
04-10-2026,Central Warehouse -Kolkata,Central Warehouse -Kolkata,Dosa Coffee - Manisquare (0004),Paper Food Container - 100ml (1pkt = 50pc),Pc,1.78,-,0,0,IN-1862,100,178.37
04-10-2026,Central Warehouse -Kolkata,Central Warehouse -Kolkata,Dosa Coffee - Manisquare (0004),Paper Napkin (1pkt = 100pc),Pc,0.24,-,0,0,IN-1862,600,141.04
04-10-2026,Central Warehouse -Kolkata,Central Warehouse -Kolkata,Dosa Coffee - Manisquare (0004),Hot Coffee Cup 150ml (1pkt=25pc),Pc,1.23,-,0,0,IN-1862,100,122.78
04-10-2026,Central Warehouse -Kolkata,Central Warehouse -Kolkata,Dosa Coffee - Manisquare (0004),Take Away Packing Box - Small (1bundle = 50pc),Pc,4.3,-,0,0,IN-1862,100,429.99
04-10-2026,Central Warehouse -Kolkata,Central Warehouse -Kolkata,Dosa Coffee - Manisquare (0004),Cling Wrap,Pc,538.6,-,0,0,IN-1862,1,538.6
04-10-2026,Central Warehouse -Kolkata,Central Warehouse -Kolkata,Dosa Coffee - Manisquare (0004),Bio-Degradable Spoon (1pkt = 50pc),Pc,1.25,-,0,0,IN-1862,500,624.72
04-10-2026,Central Warehouse -Kolkata,Central Warehouse -Kolkata,Dosa Coffee - Manisquare (0004),Banana Leaf Small (1bundle = 50pc),Pc,1.25,-,0,0,IN-1862,400,499.94
04-10-2026,Central Warehouse -Kolkata,Central Warehouse -Kolkata,Dosa Coffee - Manisquare (0004),Raw Mango,Kg,85.08,-,0,0,IN-1862,0.874,74.36
04-10-2026,Central Warehouse -Kolkata,Central Warehouse -Kolkata,Dosa Coffee - Manisquare (0004),Amada,Kg,70.25,-,0,0,IN-1862,0.1,7.02
04-10-2026,Central Warehouse -Kolkata,Central Warehouse -Kolkata,Dosa Coffee - Manisquare (0004),Mint leaf,Kg,189.49,-,0,0,IN-1862,0.2,37.9
04-10-2026,Central Warehouse -Kolkata,Central Warehouse -Kolkata,Dosa Coffee - Manisquare (0004),Tomato,Kg,40,-,0,0,IN-1862,0.5,20
04-10-2026,Central Warehouse -Kolkata,Central Warehouse -Kolkata,Dosa Coffee - Manisquare (0004),Lime,Pc,3.5,-,0,0,IN-1862,10,35
04-10-2026,Central Warehouse -Kolkata,Central Warehouse -Kolkata,Dosa Coffee - Manisquare (0004),Raw Green Chili,Kg,74.93,-,0,0,IN-1862,1,74.93
04-10-2026,Central Warehouse -Kolkata,Central Warehouse -Kolkata,Dosa Coffee - Manisquare (0004),Onion,Kg,36.21,-,0,0,IN-1862,6,217.27
04-10-2026,Central Warehouse -Kolkata,Central Warehouse -Kolkata,Dosa Coffee - Manisquare (0004),Ginger,Kg,131.12,-,0,0,IN-1862,1,131.12
04-10-2026,Central Warehouse -Kolkata,Central Warehouse -Kolkata,Dosa Coffee - Manisquare (0004),Curry Leaves,Kg,71.16,-,0,0,IN-1862,0.2,14.23
04-10-2026,Central Warehouse -Kolkata,Central Warehouse -Kolkata,Dosa Coffee - Manisquare (0004),Coriander Leaves,Kg,99.99,-,0,0,IN-1862,0.3,30
04-10-2026,Central Warehouse -Kolkata,Central Warehouse -Kolkata,Dosa Coffee - Manisquare (0004),Carrot,Kg,40.99,-,0,0,IN-1862,1.522,62.39
04-10-2026,Central Warehouse -Kolkata,Central Warehouse -Kolkata,Dosa Coffee - Manisquare (0004),Supari,Pkt,148.81,-,0,0,IN-1862,2,297.61
04-10-2026,Central Warehouse -Kolkata,Central Warehouse -Kolkata,Dosa Coffee - Manisquare (0004),White Butter,Kg,576.66,-,0,0,IN-1862,0.5,288.33
04-10-2026,Central Warehouse -Kolkata,Central Warehouse -Kolkata,Dosa Coffee - Manisquare (0004),Raw Curd,Kg,71.4,-,0,0,IN-1862,4,285.6
04-10-2026,Central Warehouse -Kolkata,Central Warehouse -Kolkata,Dosa Coffee - Manisquare (0004),Paneer,Kg,299,-,0,0,IN-1862,1,299
04-10-2026,Central Warehouse -Kolkata,Central Warehouse -Kolkata,Dosa Coffee - Manisquare (0004),Milk - Tetra 1Ltr,Ltr,77.12,-,0,0,IN-1862,12,925.5
04-10-2026,Central Warehouse -Kolkata,Central Warehouse -Kolkata,Dosa Coffee - Manisquare (0004),Ghee,Kg,752.96,-,0,0,IN-1862,0.905,681.43
04-10-2026,Central Warehouse -Kolkata,Central Warehouse -Kolkata,Dosa Coffee - Manisquare (0004),Amul Cheese,Kg,509.93,-,0,0,IN-1862,1,509.93
04-10-2026,Central Warehouse -Kolkata,Central Warehouse -Kolkata,Dosa Coffee - Manisquare (0004),Garbage Bag Small (20 X 24),Pkt,53.62,-,0,0,IN-1862,1,53.62
04-10-2026,Central Warehouse -Kolkata,Central Warehouse -Kolkata,Dosa Coffee - Manisquare (0004),Garbage Bag Large (36 X 42),Pkt,69.46,-,0,0,IN-1862,1,69.46
04-10-2026,Central Warehouse -Kolkata,Central Warehouse -Kolkata,Dosa Coffee - Manisquare (0004),Ecolab-Grill Cleaner Pluss (1can = 5ltr),Can,1555.38,-,0,0,IN-1862,1,1555.38
04-10-2026,Central Warehouse -Kolkata,Central Warehouse -Kolkata,Dosa Coffee - Manisquare (0004),Schweppes Water - 500ml,Pc,24.89,-,0,0,IN-1862,24,597.25
04-10-2026,Central Warehouse -Kolkata,Central Warehouse -Kolkata,Dosa Coffee - Salt Lake (002),Watermelon,Kg,34.89,-,0,0,IN-2243,4.956,172.92
04-10-2026,Central Warehouse -Kolkata,Central Warehouse -Kolkata,Dosa Coffee - Salt Lake (002),Turmeric Powder,gm,0.34,-,0,0,IN-2243,500,169.89
04-10-2026,Central Warehouse -Kolkata,Central Warehouse -Kolkata,Dosa Coffee - Salt Lake (002),Amul IC BP Vanilla (5L) CF,Ltr,97.8,-,0,0,IN-2243,5,489
04-10-2026,Central Warehouse -Kolkata,Central Warehouse -Kolkata,Dosa Coffee - Salt Lake (002),Salt,Kg,27.05,-,0,0,IN-2243,2,54.09
04-10-2026,Central Warehouse -Kolkata,Central Warehouse -Kolkata,Dosa Coffee - Salt Lake (002),Amul Butter,Kg,561.96,-,0,0,IN-2243,1,561.96
04-10-2026,Central Warehouse -Kolkata,Central Warehouse -Kolkata,Dosa Coffee - Salt Lake (002),Sunflower Refined Oil  ( 1pkt = 868 Ml ),Ltr,167.48,-,0,0,IN-2243,13.888,2325.96
04-10-2026,Central Warehouse -Kolkata,Central Warehouse -Kolkata,Dosa Coffee - Salt Lake (002),Cothas Coffee Powder,Kg,859.17,-,0,0,IN-2243,2,1718.34
04-10-2026,Central Warehouse -Kolkata,Central Warehouse -Kolkata,Dosa Coffee - Salt Lake (002),Oreo Buiscuits,Pkt,9.71,-,0,0,IN-2243,5,48.55
04-10-2026,Central Warehouse -Kolkata,Central Warehouse -Kolkata,Dosa Coffee - Salt Lake (002),Fried Chana Daal,Kg,97.59,-,0,0,IN-2243,8,780.73
04-10-2026,Central Warehouse -Kolkata,Central Warehouse -Kolkata,Dosa Coffee - Salt Lake (002),Carry Bag - Small (1pkt = 100pc),Pc,7.08,-,0,0,IN-2243,75,530.89
04-10-2026,Central Warehouse -Kolkata,Central Warehouse -Kolkata,Dosa Coffee - Salt Lake (002),Paper Straw (1pkt = 100pc),Pc,0.39,-,0,0,IN-2243,200,77.33
04-10-2026,Central Warehouse -Kolkata,Central Warehouse -Kolkata,Dosa Coffee - Salt Lake (002),Paper Napkin (1pkt = 100pc),Pc,0.24,-,0,0,IN-2243,600,141.04
04-10-2026,Central Warehouse -Kolkata,Central Warehouse -Kolkata,Dosa Coffee - Salt Lake (002),Glen Container With Lid - 500ml (1pkt = 50pc),Pc,4.29,-,0,0,IN-2243,100,429.1
04-10-2026,Central Warehouse -Kolkata,Central Warehouse -Kolkata,Dosa Coffee - Salt Lake (002),Glen Container With Lid - 250ml (1pkt = 50pc),Pc,3.87,-,0,0,IN-2243,200,773.52
04-10-2026,Central Warehouse -Kolkata,Central Warehouse -Kolkata,Dosa Coffee - Salt Lake (002),Compartment Tray With Lid - 5CP (1pkt = 25pc),Pc,10.66,-,0,0,IN-2243,25,266.48
04-10-2026,Central Warehouse -Kolkata,Central Warehouse -Kolkata,Dosa Coffee - Salt Lake (002),Take Away Packing Box - Small (1bundle = 50pc),Pc,4.3,-,0,0,IN-2243,100,429.99
04-10-2026,Central Warehouse -Kolkata,Central Warehouse -Kolkata,Dosa Coffee - Salt Lake (002),Coffee/Tea Flask - 250ml (1pkt = 25pc),Pc,17.3,-,0,0,IN-2243,10,173.03
04-10-2026,Central Warehouse -Kolkata,Central Warehouse -Kolkata,Dosa Coffee - Salt Lake (002),Bio-Degradable Spoon (1pkt = 50pc),Pc,1.25,-,0,0,IN-2243,150,187.42
04-10-2026,Central Warehouse -Kolkata,Central Warehouse -Kolkata,Dosa Coffee - Salt Lake (002),Banana Leaf Small (1bundle = 50pc),Pc,1.25,-,0,0,IN-2243,150,187.48
04-10-2026,Central Warehouse -Kolkata,Central Warehouse -Kolkata,Dosa Coffee - Salt Lake (002),Banana Leaf Big (1bundle = 50pc),Pc,1.8,-,0,0,IN-2243,350,628.89
04-10-2026,Central Warehouse -Kolkata,Central Warehouse -Kolkata,Dosa Coffee - Salt Lake (002),Mint leaf,Kg,189.49,-,0,0,IN-2243,0.1,18.95
04-10-2026,Central Warehouse -Kolkata,Central Warehouse -Kolkata,Dosa Coffee - Salt Lake (002),Beans,Kg,76.22,-,0,0,IN-2243,0.3,22.87
04-10-2026,Central Warehouse -Kolkata,Central Warehouse -Kolkata,Dosa Coffee - Salt Lake (002),Tomato,Kg,40,-,0,0,IN-2243,1,40
04-10-2026,Central Warehouse -Kolkata,Central Warehouse -Kolkata,Dosa Coffee - Salt Lake (002),Lime,Pc,3.5,-,0,0,IN-2243,20,70
04-10-2026,Central Warehouse -Kolkata,Central Warehouse -Kolkata,Dosa Coffee - Salt Lake (002),Raw Green Chili,Kg,74.93,-,0,0,IN-2243,1,74.93
04-10-2026,Central Warehouse -Kolkata,Central Warehouse -Kolkata,Dosa Coffee - Salt Lake (002),Onion,Kg,36.21,-,0,0,IN-2243,8,289.69
04-10-2026,Central Warehouse -Kolkata,Central Warehouse -Kolkata,Dosa Coffee - Salt Lake (002),Green Capsicum,Kg,65.51,-,0,0,IN-2243,0.278,18.21
04-10-2026,Central Warehouse -Kolkata,Central Warehouse -Kolkata,Dosa Coffee - Salt Lake (002),Ginger,Kg,131.12,-,0,0,IN-2243,1.5,196.68
04-10-2026,Central Warehouse -Kolkata,Central Warehouse -Kolkata,Dosa Coffee - Salt Lake (002),Curry Leaves,Kg,71.16,-,0,0,IN-2243,0.1,7.12
04-10-2026,Central Warehouse -Kolkata,Central Warehouse -Kolkata,Dosa Coffee - Salt Lake (002),Coriander Leaves,Kg,99.99,-,0,0,IN-2243,0.7,69.99
04-10-2026,Central Warehouse -Kolkata,Central Warehouse -Kolkata,Dosa Coffee - Salt Lake (002),Carrot,Kg,40.99,-,0,0,IN-2243,1.818,74.53
04-10-2026,Central Warehouse -Kolkata,Central Warehouse -Kolkata,Dosa Coffee - Salt Lake (002),Thermal Printer Roll - Posiflex,Pc,46.02,-,0,0,IN-2243,2,92.04
04-10-2026,Central Warehouse -Kolkata,Central Warehouse -Kolkata,Dosa Coffee - Salt Lake (002),White Butter,Kg,576.66,-,0,0,IN-2243,1.5,864.98
04-10-2026,Central Warehouse -Kolkata,Central Warehouse -Kolkata,Dosa Coffee - Salt Lake (002),Raw Curd,Kg,71.4,-,0,0,IN-2243,7,499.8
04-10-2026,Central Warehouse -Kolkata,Central Warehouse -Kolkata,Dosa Coffee - Salt Lake (002),Paneer,Kg,299,-,0,0,IN-2243,1,299
04-10-2026,Central Warehouse -Kolkata,Central Warehouse -Kolkata,Dosa Coffee - Salt Lake (002),Milk - Tetra 1Ltr,Ltr,77.12,-,0,0,IN-2243,12,925.5
04-10-2026,Central Warehouse -Kolkata,Central Warehouse -Kolkata,Dosa Coffee - Salt Lake (002),Milk (Adya Dairy),Ltr,61.85,-,0,0,IN-2243,1.5,92.78
04-10-2026,Central Warehouse -Kolkata,Central Warehouse -Kolkata,Dosa Coffee - Salt Lake (002),Ghee,Kg,752.96,-,0,0,IN-2243,2.715,2044.3
04-10-2026,Central Warehouse -Kolkata,Central Warehouse -Kolkata,Dosa Coffee - Salt Lake (002),Amul Cheese,Kg,509.93,-,0,0,IN-2243,1,509.93
04-10-2026,Central Warehouse -Kolkata,Central Warehouse -Kolkata,Dosa Coffee - Salt Lake (002),Wet Mop,Pc,222.03,-,0,0,IN-2243,1,222.03
04-10-2026,Central Warehouse -Kolkata,Central Warehouse -Kolkata,Dosa Coffee - Salt Lake (002),Sponge Wipe,Pkt,132.64,-,0,0,IN-2243,1,132.64
04-10-2026,Central Warehouse -Kolkata,Central Warehouse -Kolkata,Dosa Coffee - Salt Lake (002),Scrubber - Scotch Brite,Pc,12.26,-,0,0,IN-2243,4,49.05
04-10-2026,Central Warehouse -Kolkata,Central Warehouse -Kolkata,Dosa Coffee - Salt Lake (002),Garbage Bag Small (20 X 24),Pkt,53.62,-,0,0,IN-2243,4,214.5
04-10-2026,Central Warehouse -Kolkata,Central Warehouse -Kolkata,Dosa Coffee - Salt Lake (002),Garbage Bag Large (36 X 42),Pkt,69.46,-,0,0,IN-2243,4,277.86
04-10-2026,Central Warehouse -Kolkata,Central Warehouse -Kolkata,Dosa Coffee - Salt Lake (002),Ecolab-Multi Purpose SINK Detergent (1can = 1ltr),Can,406.75,-,0,0,IN-2243,1,406.75
04-10-2026,Central Warehouse -Kolkata,Central Warehouse -Kolkata,Dosa Coffee - Salt Lake (002),Ecolab-Clean & SoftAB (1can = 5ltr),Can,595.77,-,0,0,IN-2243,1,595.77
04-10-2026,Central Warehouse -Kolkata,Central Warehouse -Kolkata,Dosa Coffee - Salt Lake (002),C Fold Tissue (Toilet Tissue),Pkt,49.48,-,0,0,IN-2243,3,148.44
04-10-2026,Central Warehouse -Kolkata,Central Warehouse -Kolkata,Dosa Coffee - Salt Lake (002),Schweppes Water - 500ml,Pc,24.89,-,0,0,IN-2243,24,597.25
04-10-2026,Central Warehouse -Kolkata,Central Warehouse -Kolkata,Dosa Coffee - Salt Lake (002),Kinley Soda 750ml Pet,Pc,15.82,-,0,0,IN-2243,4,63.27
04-10-2026,Central Warehouse -Kolkata,Central Warehouse -Kolkata,Dosa Coffee - Rosedale Plaza(0006),Strawberry Crush - 750ml,Ltr,197.95,-,0,0,IN-2058,0.75,148.46
04-10-2026,Central Warehouse -Kolkata,Central Warehouse -Kolkata,Dosa Coffee - Rosedale Plaza(0006),White Sugar Sachet (1pkt = 200pc),Pc,0.42,-,0,0,IN-2058,200,84.64
04-10-2026,Central Warehouse -Kolkata,Central Warehouse -Kolkata,Dosa Coffee - Rosedale Plaza(0006),Coffee/Tea Flask - 250ml (1pkt = 25pc),Pc,17.3,-,0,0,IN-2058,25,432.58
04-10-2026,Central Warehouse -Kolkata,Central Warehouse -Kolkata,Dosa Coffee - Rosedale Plaza(0006),Cothas Coffee Powder,Kg,859.17,-,0,0,IN-2058,1,859.17
04-10-2026,Central Warehouse -Kolkata,Central Warehouse -Kolkata,Dosa Coffee - Rosedale Plaza(0006),Milk - Tetra 1Ltr,Ltr,77.12,-,0,0,IN-2058,12,925.5
04-10-2026,Central Warehouse -Kolkata,Central Warehouse -Kolkata,Dosa Coffee - Rosedale Plaza(0006),Ecolab-Multi Purpose SINK Detergent (1can = 1ltr),Can,406.75,-,0,0,IN-2058,1,406.75
04-10-2026,Central Warehouse -Kolkata,Central Warehouse -Kolkata,Dosa Coffee - Rosedale Plaza(0006),Cling Wrap,Pc,538.6,-,0,0,IN-2058,1,538.6
04-10-2026,Central Warehouse -Kolkata,Central Warehouse -Kolkata,Dosa Coffee - Rosedale Plaza(0006),Bio-Degradable Spoon (1pkt = 50pc),Pc,1.25,-,0,0,IN-2058,600,749.67
04-10-2026,Central Warehouse -Kolkata,Central Warehouse -Kolkata,Dosa Coffee - Rosedale Plaza(0006),Paper Napkin (1pkt = 100pc),Pc,0.24,-,0,0,IN-2058,1000,235.07
04-10-2026,Central Warehouse -Kolkata,Central Warehouse -Kolkata,Dosa Coffee - Rosedale Plaza(0006),Compartment Tray With Lid - 2CP (1pkt = 25pc),Pc,7.64,-,0,0,IN-2058,25,190.98
04-10-2026,Central Warehouse -Kolkata,Central Warehouse -Kolkata,Dosa Coffee - Rosedale Plaza(0006),Glen Container With Lid - 500ml (1pkt = 50pc),Pc,4.29,-,0,0,IN-2058,100,429.1
04-10-2026,Central Warehouse -Kolkata,Central Warehouse -Kolkata,Dosa Coffee - Rosedale Plaza(0006),Glen Container With Lid - 250ml (1pkt = 50pc),Pc,3.87,-,0,0,IN-2058,200,773.52
04-10-2026,Central Warehouse -Kolkata,Central Warehouse -Kolkata,Dosa Coffee - Rosedale Plaza(0006),Carry Bag - Small (1pkt = 100pc),Pc,7.08,-,0,0,IN-2058,100,707.85
04-10-2026,Central Warehouse -Kolkata,Central Warehouse -Kolkata,Dosa Coffee - Rosedale Plaza(0006),Take Away Packing Box - Small (1bundle = 50pc),Pc,4.3,-,0,0,IN-2058,200,859.98
04-10-2026,Central Warehouse -Kolkata,Central Warehouse -Kolkata,Dosa Coffee - Rosedale Plaza(0006),Fried Chana Daal,Kg,97.59,-,0,0,IN-2058,8,780.73
04-10-2026,Central Warehouse -Kolkata,Central Warehouse -Kolkata,Dosa Coffee - Rosedale Plaza(0006),Mint leaf,Kg,189.49,-,0,0,IN-2058,0.1,18.95
04-10-2026,Central Warehouse -Kolkata,Central Warehouse -Kolkata,Dosa Coffee - Rosedale Plaza(0006),Curry Leaves,Kg,71.16,-,0,0,IN-2058,0.1,7.12
04-10-2026,Central Warehouse -Kolkata,Central Warehouse -Kolkata,Dosa Coffee - Rosedale Plaza(0006),Banana Leaf Small (1bundle = 50pc),Pc,1.25,-,0,0,IN-2058,300,374.95
04-10-2026,Central Warehouse -Kolkata,Central Warehouse -Kolkata,Dosa Coffee - Rosedale Plaza(0006),Beans,Kg,76.22,-,0,0,IN-2058,0.3,22.87
04-10-2026,Central Warehouse -Kolkata,Central Warehouse -Kolkata,Dosa Coffee - Rosedale Plaza(0006),Lime,Pc,3.5,-,0,0,IN-2058,40,140.01
04-10-2026,Central Warehouse -Kolkata,Central Warehouse -Kolkata,Dosa Coffee - Rosedale Plaza(0006),Carrot,Kg,40.99,-,0,0,IN-2058,2.137,87.61
04-10-2026,Central Warehouse -Kolkata,Central Warehouse -Kolkata,Dosa Coffee - Rosedale Plaza(0006),Coriander Leaves,Kg,99.99,-,0,0,IN-2058,0.5,50
04-10-2026,Central Warehouse -Kolkata,Central Warehouse -Kolkata,Dosa Coffee - Rosedale Plaza(0006),Ginger,Kg,131.12,-,0,0,IN-2058,1,131.12
04-10-2026,Central Warehouse -Kolkata,Central Warehouse -Kolkata,Dosa Coffee - Rosedale Plaza(0006),Onion,Kg,36.21,-,0,0,IN-2058,5,181.06
04-10-2026,Central Warehouse -Kolkata,Central Warehouse -Kolkata,Dosa Coffee - Rosedale Plaza(0006),Raw Green Chili,Kg,74.93,-,0,0,IN-2058,1,74.93
04-10-2026,Central Warehouse -Kolkata,Central Warehouse -Kolkata,Dosa Coffee - Rosedale Plaza(0006),Milk (Adya Dairy),Ltr,61.85,-,0,0,IN-2058,0.5,30.93
04-10-2026,Central Warehouse -Kolkata,Central Warehouse -Kolkata,Dosa Coffee - Rosedale Plaza(0006),Ghee,Kg,752.96,-,0,0,IN-2058,1.81,1362.86
04-10-2026,Central Warehouse -Kolkata,Central Warehouse -Kolkata,Dosa Coffee - Rosedale Plaza(0006),Amul Butter,Kg,561.96,-,0,0,IN-2058,1,561.96
04-10-2026,Central Warehouse -Kolkata,Central Warehouse -Kolkata,Dosa Coffee - Rosedale Plaza(0006),White Butter,Kg,576.66,-,0,0,IN-2058,1,576.66
04-10-2026,Central Warehouse -Kolkata,Central Warehouse -Kolkata,Dosa Coffee - Rosedale Plaza(0006),Raw Curd,Kg,71.4,-,0,0,IN-2058,5,357
04-10-2026,Central Warehouse -Kolkata,Central Warehouse -Kolkata,Dosa Coffee - Rosedale Plaza(0006),Paneer,Kg,299,-,0,0,IN-2058,1,299
04-10-2026,Central Warehouse -Kolkata,Central Warehouse -Kolkata,Dosa Coffee - New Town - Cloud Kitchen (01/0013),Wet Mop,Pc,222.03,-,0,0,IN-1339,1,222.03
04-10-2026,Central Warehouse -Kolkata,Central Warehouse -Kolkata,Dosa Coffee - New Town - Cloud Kitchen (01/0013),Carrot,Kg,40.99,-,0,0,IN-1339,1.1,45.09
04-10-2026,Central Warehouse -Kolkata,Central Warehouse -Kolkata,Dosa Coffee - New Town - Cloud Kitchen (01/0013),Cling Wrap,Pc,538.6,-,0,0,IN-1339,1,538.6
04-10-2026,Central Warehouse -Kolkata,Central Warehouse -Kolkata,Dosa Coffee - New Town - Cloud Kitchen (01/0013),Silver Foil,Pc,349.19,-,0,0,IN-1339,1,349.19
04-10-2026,Central Warehouse -Kolkata,Central Warehouse -Kolkata,Dosa Coffee - New Town - Cloud Kitchen (01/0013),Coffee/Tea Flask - 250ml (1pkt = 25pc),Pc,17.3,-,0,0,IN-1339,25,432.58
04-10-2026,Central Warehouse -Kolkata,Central Warehouse -Kolkata,Dosa Coffee - New Town - Cloud Kitchen (01/0013),Bio-Degradable Spoon (1pkt = 50pc),Pc,1.25,-,0,0,IN-1339,200,249.89
04-10-2026,Central Warehouse -Kolkata,Central Warehouse -Kolkata,Dosa Coffee - New Town - Cloud Kitchen (01/0013),Paper Napkin (1pkt = 100pc),Pc,0.24,-,0,0,IN-1339,200,47.01
04-10-2026,Central Warehouse -Kolkata,Central Warehouse -Kolkata,Dosa Coffee - New Town - Cloud Kitchen (01/0013),Compartment Tray With Lid - 5CP (1pkt = 25pc),Pc,10.66,-,0,0,IN-1339,25,266.48
04-10-2026,Central Warehouse -Kolkata,Central Warehouse -Kolkata,Dosa Coffee - New Town - Cloud Kitchen (01/0013),Glen Container With Lid - 500ml (1pkt = 50pc),Pc,4.29,-,0,0,IN-1339,100,429.1
04-10-2026,Central Warehouse -Kolkata,Central Warehouse -Kolkata,Dosa Coffee - New Town - Cloud Kitchen (01/0013),Glen Container With Lid - 250ml (1pkt = 50pc),Pc,3.87,-,0,0,IN-1339,150,580.14
04-10-2026,Central Warehouse -Kolkata,Central Warehouse -Kolkata,Dosa Coffee - New Town - Cloud Kitchen (01/0013),Carry Bag - Small (1pkt = 100pc),Pc,7.08,-,0,0,IN-1339,75,530.89
04-10-2026,Central Warehouse -Kolkata,Central Warehouse -Kolkata,Dosa Coffee - New Town - Cloud Kitchen (01/0013),Carry Bag - Large(1pkt = 100pc),Pc,10.52,-,0,0,IN-1339,25,263.05
04-10-2026,Central Warehouse -Kolkata,Central Warehouse -Kolkata,Dosa Coffee - New Town - Cloud Kitchen (01/0013),Take Away Packing Box - Small (1bundle = 50pc),Pc,4.3,-,0,0,IN-1339,200,859.98
04-10-2026,Central Warehouse -Kolkata,Central Warehouse -Kolkata,Dosa Coffee - New Town - Cloud Kitchen (01/0013),Sticker - MRD (1sheet=108pc),Pc,0.13,-,0,0,IN-1339,216,28.01
04-10-2026,Central Warehouse -Kolkata,Central Warehouse -Kolkata,Dosa Coffee - New Town - Cloud Kitchen (01/0013),Fried Chana Daal,Kg,97.59,-,0,0,IN-1339,3,292.77
04-10-2026,Central Warehouse -Kolkata,Central Warehouse -Kolkata,Dosa Coffee - New Town - Cloud Kitchen (01/0013),Curry Leaves,Kg,71.15,-,0,0,IN-1339,0.1,7.12
04-10-2026,Central Warehouse -Kolkata,Central Warehouse -Kolkata,Dosa Coffee - New Town - Cloud Kitchen (01/0013),Raw Potato,Kg,18.75,-,0,0,IN-1339,8,150.01
04-10-2026,Central Warehouse -Kolkata,Central Warehouse -Kolkata,Dosa Coffee - New Town - Cloud Kitchen (01/0013),Coriander Leaves,Kg,99.99,-,0,0,IN-1339,0.25,25
04-10-2026,Central Warehouse -Kolkata,Central Warehouse -Kolkata,Dosa Coffee - New Town - Cloud Kitchen (01/0013),Tomato,Kg,40,-,0,0,IN-1339,0.5,20
04-10-2026,Central Warehouse -Kolkata,Central Warehouse -Kolkata,Dosa Coffee - New Town - Cloud Kitchen (01/0013),Ginger,Kg,131.11,-,0,0,IN-1339,0.5,65.56
04-10-2026,Central Warehouse -Kolkata,Central Warehouse -Kolkata,Dosa Coffee - New Town - Cloud Kitchen (01/0013),Onion,Kg,36.16,-,0,0,IN-1339,2,72.32
04-10-2026,Central Warehouse -Kolkata,Central Warehouse -Kolkata,Dosa Coffee - New Town - Cloud Kitchen (01/0013),Raw Green Chili,Kg,74.93,-,0,0,IN-1339,0.5,37.47
04-10-2026,Central Warehouse -Kolkata,Central Warehouse -Kolkata,Dosa Coffee - New Town - Cloud Kitchen (01/0013),Milk (Adya Dairy),Ltr,61.85,-,0,0,IN-1339,1,61.85
04-10-2026,Central Warehouse -Kolkata,Central Warehouse -Kolkata,Dosa Coffee - New Town - Cloud Kitchen (01/0013),Sunflower Refined Oil  ( 1pkt = 868 Ml ),Ltr,167.48,-,0,0,IN-1339,1.736,290.74
04-10-2026,Central Warehouse -Kolkata,Central Warehouse -Kolkata,Dosa Coffee - New Town - Cloud Kitchen (01/0013),Ghee,Kg,752.06,-,0,0,IN-1339,0.905,680.62
04-10-2026,Central Warehouse -Kolkata,Central Warehouse -Kolkata,Dosa Coffee - New Town - Cloud Kitchen (01/0013),White Butter,Kg,576.66,-,0,0,IN-1339,0.5,288.33
04-10-2026,Central Warehouse -Kolkata,Central Warehouse -Kolkata,Dosa Coffee - New Town - Cloud Kitchen (01/0013),Raw Curd,Kg,71.4,-,0,0,IN-1339,2,142.8
04-10-2026,Central Warehouse -Kolkata,Central Warehouse -Kolkata,Dosa Coffee - New Town - Cloud Kitchen (01/0013),Paneer,Kg,299,-,0,0,IN-1339,1,299
04-10-2026,Central Warehouse -Kolkata,Central Warehouse -Kolkata,Dosa Coffee - Quest Mall (01/0016),Lime,Pc,3.5,-,0,0,IN-862,10,35
04-10-2026,Central Warehouse -Kolkata,Central Warehouse -Kolkata,Dosa Coffee - Quest Mall (01/0016),Jaggery,Kg,61.49,-,0,0,IN-862,0.5,30.74
04-10-2026,Central Warehouse -Kolkata,Central Warehouse -Kolkata,Dosa Coffee - Quest Mall (01/0016),Paneer,Kg,299,-,0,0,IN-862,1,299
04-10-2026,Central Warehouse -Kolkata,Central Warehouse -Kolkata,Dosa Coffee - Quest Mall (01/0016),Cothas Coffee Powder,Kg,859.17,-,0,0,IN-862,0.5,429.58
04-10-2026,Central Warehouse -Kolkata,Central Warehouse -Kolkata,Dosa Coffee - Quest Mall (01/0016),Salt,Kg,27.05,-,0,0,IN-862,1,27.05
04-10-2026,Central Warehouse -Kolkata,Central Warehouse -Kolkata,Dosa Coffee - Quest Mall (01/0016),Fried Chana Daal,Kg,97.59,-,0,0,IN-862,2,195.18
04-10-2026,Central Warehouse -Kolkata,Central Warehouse -Kolkata,Dosa Coffee - Quest Mall (01/0016),Tomato,Kg,40,-,0,0,IN-862,0.5,20
04-10-2026,Central Warehouse -Kolkata,Central Warehouse -Kolkata,Dosa Coffee - Quest Mall (01/0016),Beans,Kg,76.22,-,0,0,IN-862,0.2,15.24
04-10-2026,Central Warehouse -Kolkata,Central Warehouse -Kolkata,Dosa Coffee - Quest Mall (01/0016),Raisin,Kg,457.74,-,0,0,IN-862,0.1,45.77
04-10-2026,Central Warehouse -Kolkata,Central Warehouse -Kolkata,Dosa Coffee - Quest Mall (01/0016),Cashew,Kg,837.61,-,0,0,IN-862,0.1,83.76
04-10-2026,Central Warehouse -Kolkata,Central Warehouse -Kolkata,Dosa Coffee - Quest Mall (01/0016),Raw Curd,Kg,71.4,-,0,0,IN-862,2,142.8
04-10-2026,Central Warehouse -Kolkata,Central Warehouse -Kolkata,Dosa Coffee - Quest Mall (01/0016),Sunflower Refined Oil  ( 1pkt = 868 Ml ),Ltr,167.48,-,0,0,IN-862,2.604,436.12
04-10-2026,Central Warehouse -Kolkata,Central Warehouse -Kolkata,Dosa Coffee - Quest Mall (01/0016),Raw Potato,Kg,18.75,-,0,0,IN-862,12,224.97
04-10-2026,Central Warehouse -Kolkata,Central Warehouse -Kolkata,Dosa Coffee - Quest Mall (01/0016),Raw Green Chili,Kg,74.93,-,0,0,IN-862,0.5,37.47
04-10-2026,Central Warehouse -Kolkata,Central Warehouse -Kolkata,Dosa Coffee - Quest Mall (01/0016),Onion,Kg,36.21,-,0,0,IN-862,5,181.06
04-10-2026,Central Warehouse -Kolkata,Central Warehouse -Kolkata,Dosa Coffee - Quest Mall (01/0016),Areca 7" Plate,Pc,3.25,-,0,0,IN-862,500,1624.24
04-10-2026,Central Warehouse -Kolkata,Central Warehouse -Kolkata,Dosa Coffee - Quest Mall (01/0016),Bagagges Boat Bowl 500ml (1pkt =125pics),Pc,4.91,-,0,0,IN-862,125,613.22
04-10-2026,Central Warehouse -Kolkata,Central Warehouse -Kolkata,Dosa Coffee - Quest Mall (01/0016),Ginger,Kg,131.12,-,0,0,IN-862,0.5,65.56
04-10-2026,Central Warehouse -Kolkata,Central Warehouse -Kolkata,Dosa Coffee - Quest Mall (01/0016),Coriander Leaves,Kg,99.99,-,0,0,IN-862,0.2,20
04-10-2026,Central Warehouse -Kolkata,Central Warehouse -Kolkata,Dosa Coffee - Quest Mall (01/0016),Carrot,Kg,40.99,-,0,0,IN-862,0.586,24.02
04-10-2026,Central Warehouse -Kolkata,Central Warehouse -Kolkata,Dosa Coffee - Quest Mall (01/0016),White Butter,Kg,576.66,-,0,0,IN-862,1.5,864.98
04-10-2026,Central Warehouse -Kolkata,Central Warehouse -Kolkata,Dosa Coffee - Quest Mall (01/0016),Areca 10" Plate,Pc,5.95,-,0,0,IN-862,650,3866.97
04-10-2026,Central Warehouse -Kolkata,Central Warehouse -Kolkata,Dosa Coffee - Quest Mall (01/0016),Glass Bottle 300ml W/Cap (1box = 48pc),Pc,12.48,-,0,0,IN-862,48,598.94
04-10-2026,Central Warehouse -Kolkata,Central Warehouse -Kolkata,Dosa Coffee - Quest Mall (01/0016),Paper Napkin (1pkt = 100pc),Pc,0.24,-,0,0,IN-862,500,117.53
04-10-2026,Central Warehouse -Kolkata,Central Warehouse -Kolkata,Dosa Coffee - Quest Mall (01/0016),White Sugar Sachet (1pkt = 200pc),Pc,0.42,-,0,0,IN-862,200,84.64
04-10-2026,Central Warehouse -Kolkata,Central Warehouse -Kolkata,Dosa Coffee - Quest Mall (01/0016),Schweppes Water - 500ml,Pc,24.89,-,0,0,IN-862,24,597.25
04-10-2026,Central Warehouse -Kolkata,Central Warehouse -Kolkata,Dosa Coffee - Quest Mall (01/0016),Hot Coffee Cup 150ml (1pkt=25pc),Pc,1.23,-,0,0,IN-862,100,122.78
04-10-2026,Central Warehouse -Kolkata,Central Warehouse -Kolkata,Dosa Coffee - Quest Mall (01/0016),Banana Leaf Small (1bundle = 50pc),Pc,1.25,-,0,0,IN-862,200,249.97
04-10-2026,Central Warehouse -Kolkata,Central Warehouse -Kolkata,Dosa Coffee - Quest Mall (01/0016),Green Capsicum,Kg,65.51,-,0,0,IN-862,0.176,11.53
04-10-2026,Central Warehouse -Kolkata,Central Warehouse -Kolkata,Dosa Coffee - Quest Mall (01/0016),Milk - Tetra 1Ltr,Ltr,77.12,-,0,0,IN-862,12,925.5
04-10-2026,Central Warehouse -Kolkata,Central Warehouse -Kolkata,Dosa Coffee - Quest Mall (01/0016),Milk (Adya Dairy),Ltr,61.85,-,0,0,IN-862,0.5,30.93
04-10-2026,Central Warehouse -Kolkata,Central Warehouse -Kolkata,Dosa Coffee - Kalikapur (01/0014),Watermelon,Kg,34.89,-,0,0,IN-1512,8.56,298.66
04-10-2026,Central Warehouse -Kolkata,Central Warehouse -Kolkata,Dosa Coffee - Santoshpur (01/0012),Watermelon,Kg,34.89,-,0,0,IN-1658,4.96,173.06
04-10-2026,Central Warehouse -Kolkata,Central Warehouse -Kolkata,Dosa Coffee - Santoshpur (01/0012),White Butter,Kg,576.66,-,0,0,IN-1658,1,576.66
04-10-2026,Central Warehouse -Kolkata,Central Warehouse -Kolkata,Dosa Coffee - Santoshpur (01/0012),Amul Cheese,Kg,509.93,-,0,0,IN-1658,1,509.93
04-10-2026,Central Warehouse -Kolkata,Central Warehouse -Kolkata,Dosa Coffee - Lake Town (0005),Coffee/Tea Flask - 250ml (1pkt = 25pc),Pc,17.3,-,0,0,IN-2153,5,86.52
04-10-2026,Central Warehouse -Kolkata,Central Warehouse -Kolkata,Dosa Coffee - Santoshpur (01/0012),Cothas Coffee Powder,Kg,859.17,-,0,0,IN-1660,1,859.17
04-10-2026,Central Warehouse -Kolkata,Central Warehouse -Kolkata,Dosa Coffee - Calcutta Swiming Club (0007),Banana Leaf Big (1bundle = 50pc),Pc,1.8,-,0,0,IN-1516,50,89.89
04-10-2026,Central Warehouse -Kolkata,Central Warehouse -Kolkata,Dosa Coffee - Santoshpur (01/0012),Fried Chana Daal,Kg,97.59,-,0,0,IN-1661,2,195.18
04-10-2026,Central Warehouse -Kolkata,Central Warehouse -Kolkata,Dosa Coffee - Santoshpur (01/0012),Watermelon,Kg,34.89,-,0,0,IN-1661,2.786,97.21
04-10-2026,Central Warehouse -Kolkata,Central Warehouse -Kolkata,Dosa Coffee - Santoshpur (01/0012),White Butter,Kg,576.66,-,0,0,IN-1661,0.5,288.33
04-10-2026,Central Warehouse -Kolkata,Central Warehouse -Kolkata,Dosa Coffee - Lake Town (0005),Paneer,Kg,299,-,0,0,IN-2154,1,299
04-10-2026,Central Warehouse -Kolkata,Central Warehouse -Kolkata,Dosa Coffee - Lake Town (0005),Schweppes Water - 500ml,Pc,24.89,-,0,0,IN-2154,24,597.25
05-10-2026,Central Warehouse -Kolkata,Central Warehouse -Kolkata,Dosa Coffee - Lake road 01/0015,Raw Green Chili,Kg,74.93,-,0,0,IN-1319,1,74.93
05-10-2026,Central Warehouse -Kolkata,Central Warehouse -Kolkata,Dosa Coffee - Lake road 01/0015,White Butter,Kg,576.66,-,0,0,IN-1319,1,576.66
05-10-2026,Central Warehouse -Kolkata,Central Warehouse -Kolkata,Dosa Coffee - Lake road 01/0015,Watermelon,Kg,34.89,-,0,0,IN-1319,6.052,211.16
05-10-2026,Central Warehouse -Kolkata,Central Warehouse -Kolkata,Dosa Coffee - Lake road 01/0015,Tomato,Kg,40,-,0,0,IN-1319,0.5,20
05-10-2026,Central Warehouse -Kolkata,Central Warehouse -Kolkata,Dosa Coffee - Lake road 01/0015,Toilet Paper Roll Round,Pc,20.14,-,0,0,IN-1319,2,40.28
05-10-2026,Central Warehouse -Kolkata,Central Warehouse -Kolkata,Dosa Coffee - Lake road 01/0015,Thermal Printer Roll - Posiflex,Pc,46.02,-,0,0,IN-1319,5,230.1
05-10-2026,Central Warehouse -Kolkata,Central Warehouse -Kolkata,Dosa Coffee - Lake road 01/0015,Take Away Packing Box - Small (1bundle = 50pc),Pc,4.3,-,0,0,IN-1319,100,429.99
05-10-2026,Central Warehouse -Kolkata,Central Warehouse -Kolkata,Dosa Coffee - Lake road 01/0015,Sunflower Refined Oil  ( 1pkt = 868 Ml ),Ltr,168.77,-,0,0,IN-1319,4.34,732.48
05-10-2026,Central Warehouse -Kolkata,Central Warehouse -Kolkata,Dosa Coffee - Lake road 01/0015,Silver Foil,Pc,349.19,-,0,0,IN-1319,1,349.19
05-10-2026,Central Warehouse -Kolkata,Central Warehouse -Kolkata,Dosa Coffee - Lake road 01/0015,Raw Curd,Kg,71.4,-,0,0,IN-1319,2,142.8
05-10-2026,Central Warehouse -Kolkata,Central Warehouse -Kolkata,Dosa Coffee - Lake road 01/0015,Paper Sleeve (1pkt = 50pc),Pc,3.53,-,0,0,IN-1319,50,176.64
05-10-2026,Central Warehouse -Kolkata,Central Warehouse -Kolkata,Dosa Coffee - Lake road 01/0015,Paper Napkin (1pkt = 100pc),Pc,0.24,-,0,0,IN-1319,300,70.52
05-10-2026,Central Warehouse -Kolkata,Central Warehouse -Kolkata,Dosa Coffee - Lake road 01/0015,Paneer,Kg,299,-,0,0,IN-1319,1,299
05-10-2026,Central Warehouse -Kolkata,Central Warehouse -Kolkata,Dosa Coffee - Lake road 01/0015,Oreo Buiscuits,Pkt,9.72,-,0,0,IN-1319,5,48.62
05-10-2026,Central Warehouse -Kolkata,Central Warehouse -Kolkata,Dosa Coffee - Lake road 01/0015,Onion,Kg,36.24,-,0,0,IN-1319,6,217.43
05-10-2026,Central Warehouse -Kolkata,Central Warehouse -Kolkata,Dosa Coffee - Lake road 01/0015,Milk (Adya Dairy),Ltr,61.85,-,0,0,IN-1319,1,61.85
05-10-2026,Central Warehouse -Kolkata,Central Warehouse -Kolkata,Dosa Coffee - Lake road 01/0015,Ginger,Kg,131.12,-,0,0,IN-1319,1.5,196.68
05-10-2026,Central Warehouse -Kolkata,Central Warehouse -Kolkata,Dosa Coffee - Lake road 01/0015,Ghee,Kg,755.57,-,0,0,IN-1319,1.81,1367.59
05-10-2026,Central Warehouse -Kolkata,Central Warehouse -Kolkata,Dosa Coffee - Lake road 01/0015,Garlic,Kg,139.99,-,0,0,IN-1319,0.1,14
05-10-2026,Central Warehouse -Kolkata,Central Warehouse -Kolkata,Dosa Coffee - Lake road 01/0015,Garbage Bag Large (36 X 42),Pkt,69.46,-,0,0,IN-1319,1,69.46
05-10-2026,Central Warehouse -Kolkata,Central Warehouse -Kolkata,Dosa Coffee - Lake road 01/0015,Fried Chana Daal,Kg,97.59,-,0,0,IN-1319,6,585.55
05-10-2026,Central Warehouse -Kolkata,Central Warehouse -Kolkata,Dosa Coffee - Lake road 01/0015,Ecolab-Multi Purpose SINK Detergent (1can = 1ltr),Can,406.75,-,0,0,IN-1319,1,406.75
05-10-2026,Central Warehouse -Kolkata,Central Warehouse -Kolkata,Dosa Coffee - Lake road 01/0015,Idli Daal (Rajkot),Kg,157.01,-,0,0,IN-1319,2,314.01
05-10-2026,Central Warehouse -Kolkata,Central Warehouse -Kolkata,Dosa Coffee - Lake road 01/0015,Curry Leaves,Kg,71.16,-,0,0,IN-1319,0.1,7.12
05-10-2026,Central Warehouse -Kolkata,Central Warehouse -Kolkata,Dosa Coffee - Lake road 01/0015,Cothas Coffee Powder,Kg,859.17,-,0,0,IN-1319,0.5,429.58
05-10-2026,Central Warehouse -Kolkata,Central Warehouse -Kolkata,Dosa Coffee - Lake road 01/0015,Coriander Leaves,Kg,99.99,-,0,0,IN-1319,0.5,50
05-10-2026,Central Warehouse -Kolkata,Central Warehouse -Kolkata,Dosa Coffee - Lake road 01/0015,Compartment Tray With Lid - 2CP (1pkt = 25pc),Pc,7.64,-,0,0,IN-1319,25,190.98
05-10-2026,Central Warehouse -Kolkata,Central Warehouse -Kolkata,Dosa Coffee - Lake road 01/0015,Carry Bag - Small (1pkt = 100pc),Pc,7.08,-,0,0,IN-1319,50,353.93
05-10-2026,Central Warehouse -Kolkata,Central Warehouse -Kolkata,Dosa Coffee - Lake road 01/0015,Carrot,Kg,40.99,-,0,0,IN-1319,0.6,24.6
05-10-2026,Central Warehouse -Kolkata,Central Warehouse -Kolkata,Dosa Coffee - Lake road 01/0015,Brown Sugar Sachet  (1pkt = 200pc),Pc,0.49,-,0,0,IN-1319,200,97.85
05-10-2026,Central Warehouse -Kolkata,Central Warehouse -Kolkata,Dosa Coffee - Lake road 01/0015,Raw Potato,Kg,18.74,-,0,0,IN-1319,15,281.1
05-10-2026,Central Warehouse -Kolkata,Central Warehouse -Kolkata,Dosa Coffee - Lake road 01/0015,Bio-Degradable Spoon (1pkt = 50pc),Pc,1.25,-,0,0,IN-1319,200,249.89
05-10-2026,Central Warehouse -Kolkata,Central Warehouse -Kolkata,Dosa Coffee - Lake road 01/0015,Beans,Kg,76.21,-,0,0,IN-1319,0.1,7.62
05-10-2026,Central Warehouse -Kolkata,Central Warehouse -Kolkata,Dosa Coffee - Lake road 01/0015,Banana Leaf Small (1bundle = 50pc),Pc,1.25,-,0,0,IN-1319,150,187.48
05-10-2026,Central Warehouse -Kolkata,Central Warehouse -Kolkata,Dosa Coffee - Lake road 01/0015,Banana Leaf Big (1bundle = 50pc),Pc,1.8,-,0,0,IN-1319,150,269.74
05-10-2026,Central Warehouse -Kolkata,Central Warehouse -Kolkata,Dosa Coffee - Lake road 01/0015,Amul Cheese,Kg,510.96,-,0,0,IN-1319,0.5,255.48
05-10-2026,Central Warehouse -Kolkata,Central Warehouse -Kolkata,Dosa Coffee - James long Sarani (01/0011),Jaggery,Kg,61.49,-,0,0,IN-1507,0.5,30.74
05-10-2026,Central Warehouse -Kolkata,Central Warehouse -Kolkata,Dosa Coffee - James long Sarani (01/0011),Ghee,Kg,755.57,-,0,0,IN-1507,2.715,2051.38
05-10-2026,Central Warehouse -Kolkata,Central Warehouse -Kolkata,Dosa Coffee - James long Sarani (01/0011),Turmeric Powder,gm,0.34,-,0,0,IN-1507,500,169.89
05-10-2026,Central Warehouse -Kolkata,Central Warehouse -Kolkata,Dosa Coffee - James long Sarani (01/0011),Amul IC BP Vanilla (5L) CF,Ltr,97.8,-,0,0,IN-1507,5,489
05-10-2026,Central Warehouse -Kolkata,Central Warehouse -Kolkata,Dosa Coffee - James long Sarani (01/0011),Banana Leaf Big (1bundle = 50pc),Pc,1.8,-,0,0,IN-1507,100,179.82
05-10-2026,Central Warehouse -Kolkata,Central Warehouse -Kolkata,Dosa Coffee - James long Sarani (01/0011),Banana Leaf Small (1bundle = 50pc),Pc,1.25,-,0,0,IN-1507,50,62.49
05-10-2026,Central Warehouse -Kolkata,Central Warehouse -Kolkata,Dosa Coffee - James long Sarani (01/0011),Ginger,Kg,131.12,-,0,0,IN-1507,1,131.12
05-10-2026,Central Warehouse -Kolkata,Central Warehouse -Kolkata,Dosa Coffee - James long Sarani (01/0011),Onion,Kg,36.24,-,0,0,IN-1507,5,181.19
05-10-2026,Central Warehouse -Kolkata,Central Warehouse -Kolkata,Dosa Coffee - James long Sarani (01/0011),Tomato,Kg,40,-,0,0,IN-1507,0.5,20
05-10-2026,Central Warehouse -Kolkata,Central Warehouse -Kolkata,Dosa Coffee - James long Sarani (01/0011),Green Capsicum,Kg,65.51,-,0,0,IN-1507,0.184,12.05
05-10-2026,Central Warehouse -Kolkata,Central Warehouse -Kolkata,Dosa Coffee - James long Sarani (01/0011),Curry Leaves,Kg,71.16,-,0,0,IN-1507,0.2,14.23
05-10-2026,Central Warehouse -Kolkata,Central Warehouse -Kolkata,Dosa Coffee - James long Sarani (01/0011),Coriander Leaves,Kg,99.99,-,0,0,IN-1507,0.3,30
05-10-2026,Central Warehouse -Kolkata,Central Warehouse -Kolkata,Dosa Coffee - James long Sarani (01/0011),Carrot,Kg,40.99,-,0,0,IN-1507,0.824,33.78
05-10-2026,Central Warehouse -Kolkata,Central Warehouse -Kolkata,Dosa Coffee - James long Sarani (01/0011),Watermelon,Kg,34.89,-,0,0,IN-1507,2.61,91.06
05-10-2026,Central Warehouse -Kolkata,Central Warehouse -Kolkata,Dosa Coffee - James long Sarani (01/0011),Amul Cheese,Kg,510.96,-,0,0,IN-1507,1,510.96
05-10-2026,Central Warehouse -Kolkata,Central Warehouse -Kolkata,Dosa Coffee - James long Sarani (01/0011),White Butter,Kg,576.66,-,0,0,IN-1507,1,576.66
05-10-2026,Central Warehouse -Kolkata,Central Warehouse -Kolkata,Dosa Coffee - James long Sarani (01/0011),Raw Curd,Kg,71.4,-,0,0,IN-1507,3,214.2
05-10-2026,Central Warehouse -Kolkata,Central Warehouse -Kolkata,Dosa Coffee - James long Sarani (01/0011),Milk (Adya Dairy),Ltr,61.85,-,0,0,IN-1507,0.5,30.93
05-10-2026,Central Warehouse -Kolkata,Central Warehouse -Kolkata,Dosa Coffee - James long Sarani (01/0011),Idli Daal (Rajkot),Kg,157.01,-,0,0,IN-1507,2,314.01
05-10-2026,Central Warehouse -Kolkata,Central Warehouse -Kolkata,Dosa Coffee - James long Sarani (01/0011),Raw Potato,Kg,18.74,-,0,0,IN-1507,20,374.8
05-10-2026,Central Warehouse -Kolkata,Central Warehouse -Kolkata,Dosa Coffee - James long Sarani (01/0011),Take Away Packing Box - Small (1bundle = 50pc),Pc,4.3,-,0,0,IN-1507,100,429.99
05-10-2026,Central Warehouse -Kolkata,Central Warehouse -Kolkata,Dosa Coffee - James long Sarani (01/0011),Carry Bag - Small (1pkt = 100pc),Pc,7.08,-,0,0,IN-1507,50,353.93
05-10-2026,Central Warehouse -Kolkata,Central Warehouse -Kolkata,Dosa Coffee - James long Sarani (01/0011),Milk - Tetra 1Ltr,Ltr,77.18,-,0,0,IN-1507,4,308.71
05-10-2026,Central Warehouse -Kolkata,Central Warehouse -Kolkata,Dosa Coffee - James long Sarani (01/0011),Glen Container With Lid - 500ml (1pkt = 50pc),Pc,4.29,-,0,0,IN-1507,50,214.55
05-10-2026,Central Warehouse -Kolkata,Central Warehouse -Kolkata,Dosa Coffee - James long Sarani (01/0011),Glen Container With Lid - 250ml (1pkt = 50pc),Pc,3.87,-,0,0,IN-1507,500,1933.8
05-10-2026,Central Warehouse -Kolkata,Central Warehouse -Kolkata,Dosa Coffee - James long Sarani (01/0011),C Fold Tissue (Toilet Tissue),Pkt,49.48,-,0,0,IN-1507,1,49.48
05-10-2026,Central Warehouse -Kolkata,Central Warehouse -Kolkata,Dosa Coffee - James long Sarani (01/0011),Paper Napkin (1pkt = 100pc),Pc,0.24,-,0,0,IN-1507,200,47.01
05-10-2026,Central Warehouse -Kolkata,Central Warehouse -Kolkata,Dosa Coffee - James long Sarani (01/0011),Compartment Tray With Lid - 2CP (1pkt = 25pc),Pc,7.64,-,0,0,IN-1507,25,190.98
05-10-2026,Central Warehouse -Kolkata,Central Warehouse -Kolkata,Dosa Coffee - James long Sarani (01/0011),Fried Chana Daal,Kg,97.59,-,0,0,IN-1507,4,390.37
05-10-2026,Central Warehouse -Kolkata,Central Warehouse -Kolkata,Dosa Coffee - James long Sarani (01/0011),Glass Bottle 300ml W/Cap (1box = 48pc),Pc,12.48,-,0,0,IN-1507,40,499.12
05-10-2026,Central Warehouse -Kolkata,Central Warehouse -Kolkata,Dosa Coffee - James long Sarani (01/0011),Coffee/Tea Flask - 250ml (1pkt = 25pc),Pc,18.05,-,0,0,IN-1507,5,90.25
05-10-2026,Central Warehouse -Kolkata,Central Warehouse -Kolkata,Dosa Coffee - James long Sarani (01/0011),Nuttella (350gm),Kg,915.81,-,0,0,IN-1507,0.35,320.53
05-10-2026,Central Warehouse -Kolkata,Central Warehouse -Kolkata,Dosa Coffee - James long Sarani (01/0011),Paper Straw (1pkt = 100pc),Pc,0.39,-,0,0,IN-1507,100,38.67
05-10-2026,Central Warehouse -Kolkata,Central Warehouse -Kolkata,Dosa Coffee - James long Sarani (01/0011),Bio-Degradable Spoon (1pkt = 50pc),Pc,1.25,-,0,0,IN-1507,200,249.89
05-10-2026,Central Warehouse -Kolkata,Central Warehouse -Kolkata,Dosa Coffee - Ideal Plaza (01/0001),Ecolab-Multi Purpose SINK Detergent (1can = 1ltr),Can,406.75,-,0,0,IN-3227,1,406.75
05-10-2026,Central Warehouse -Kolkata,Central Warehouse -Kolkata,Dosa Coffee - Ideal Plaza (01/0001),Garbage Bag Large (36 X 42),Pkt,69.46,-,0,0,IN-3227,2,138.93
05-10-2026,Central Warehouse -Kolkata,Central Warehouse -Kolkata,Dosa Coffee - Ideal Plaza (01/0001),C Fold Tissue (Toilet Tissue),Pkt,49.48,-,0,0,IN-3227,4,197.92
05-10-2026,Central Warehouse -Kolkata,Central Warehouse -Kolkata,Dosa Coffee - Ideal Plaza (01/0001),Supari,Pkt,148.81,-,0,0,IN-3227,2,297.61
05-10-2026,Central Warehouse -Kolkata,Central Warehouse -Kolkata,Dosa Coffee - Ideal Plaza (01/0001),Cothas Coffee Powder,Kg,859.17,-,0,0,IN-3227,1,859.17
05-10-2026,Central Warehouse -Kolkata,Central Warehouse -Kolkata,Dosa Coffee - Ideal Plaza (01/0001),White Sugar Sachet (1pkt = 200pc),Pc,0.42,-,0,0,IN-3227,200,84.64
05-10-2026,Central Warehouse -Kolkata,Central Warehouse -Kolkata,Dosa Coffee - Ideal Plaza (01/0001),Milk - Tetra 1Ltr,Ltr,77.18,-,0,0,IN-3227,12,926.12
05-10-2026,Central Warehouse -Kolkata,Central Warehouse -Kolkata,Dosa Coffee - Ideal Plaza (01/0001),Oreo Buiscuits,Pkt,9.72,-,0,0,IN-3227,5,48.62
05-10-2026,Central Warehouse -Kolkata,Central Warehouse -Kolkata,Dosa Coffee - Ideal Plaza (01/0001),Schweppes Water - 500ml,Pc,24.89,-,0,0,IN-3227,24,597.25
05-10-2026,Central Warehouse -Kolkata,Central Warehouse -Kolkata,Dosa Coffee - Ideal Plaza (01/0001),Paper Straw (1pkt = 100pc),Pc,0.39,-,0,0,IN-3227,100,38.67
05-10-2026,Central Warehouse -Kolkata,Central Warehouse -Kolkata,Dosa Coffee - Ideal Plaza (01/0001),Cottons Lemonade,Pc,17.44,-,0,0,IN-3227,24,418.56
05-10-2026,Central Warehouse -Kolkata,Central Warehouse -Kolkata,Dosa Coffee - Ideal Plaza (01/0001),Kinley Soda 750ml Pet,Pc,15.82,-,0,0,IN-3227,6,94.9
05-10-2026,Central Warehouse -Kolkata,Central Warehouse -Kolkata,Dosa Coffee - Ideal Plaza (01/0001),Amul IC BP Vanilla (5L) CF,Ltr,97.8,-,0,0,IN-3227,5,489
05-10-2026,Central Warehouse -Kolkata,Central Warehouse -Kolkata,Dosa Coffee - Ideal Plaza (01/0001),Banana Leaf Small (1bundle = 50pc),Pc,1.25,-,0,0,IN-3227,100,124.98
05-10-2026,Central Warehouse -Kolkata,Central Warehouse -Kolkata,Dosa Coffee - Ideal Plaza (01/0001),Banana Leaf Big (1bundle = 50pc),Pc,1.8,-,0,0,IN-3227,100,179.82
05-10-2026,Central Warehouse -Kolkata,Central Warehouse -Kolkata,Dosa Coffee - Ideal Plaza (01/0001),Lime,Pc,3.5,-,0,0,IN-3227,20,70
05-10-2026,Central Warehouse -Kolkata,Central Warehouse -Kolkata,Dosa Coffee - Ideal Plaza (01/0001),Watermelon,Kg,34.89,-,0,0,IN-3227,2.77,96.65
05-10-2026,Central Warehouse -Kolkata,Central Warehouse -Kolkata,Dosa Coffee - Ideal Plaza (01/0001),Raw Coconut,Pc,38.95,-,0,0,IN-3227,100,3894.53
05-10-2026,Central Warehouse -Kolkata,Central Warehouse -Kolkata,Dosa Coffee - Ideal Plaza (01/0001),Fried Chana Daal,Kg,97.59,-,0,0,IN-3227,12,1171.1
05-10-2026,Central Warehouse -Kolkata,Central Warehouse -Kolkata,Dosa Coffee - Ideal Plaza (01/0001),Sugar,Kg,51.88,-,0,0,IN-3227,1,51.88
05-10-2026,Central Warehouse -Kolkata,Central Warehouse -Kolkata,Dosa Coffee - Ideal Plaza (01/0001),Salt,Kg,27.05,-,0,0,IN-3227,1,27.05
05-10-2026,Central Warehouse -Kolkata,Central Warehouse -Kolkata,Dosa Coffee - Ideal Plaza (01/0001),Raisin,Kg,457.74,-,0,0,IN-3227,0.1,45.77
05-10-2026,Central Warehouse -Kolkata,Central Warehouse -Kolkata,Dosa Coffee - Ideal Plaza (01/0001),Cashew,Kg,837.61,-,0,0,IN-3227,0.1,83.76
05-10-2026,Central Warehouse -Kolkata,Central Warehouse -Kolkata,Dosa Coffee - Ideal Plaza (01/0001),DIY Kits Box,Pc,28.35,-,0,0,IN-3227,5,141.75
05-10-2026,Central Warehouse -Kolkata,Central Warehouse -Kolkata,Dosa Coffee - Ideal Plaza (01/0001),Coffee/Tea Flask - 250ml (1pkt = 25pc),Pc,18.05,-,0,0,IN-3227,5,90.25
05-10-2026,Central Warehouse -Kolkata,Central Warehouse -Kolkata,Dosa Coffee - Ideal Plaza (01/0001),Silver Foil,Pc,349.19,-,0,0,IN-3227,1,349.19
05-10-2026,Central Warehouse -Kolkata,Central Warehouse -Kolkata,Dosa Coffee - Ideal Plaza (01/0001),Glen Container With Lid - 750ml (1pkt = 50pc),Pc,6.38,-,0,0,IN-3227,50,319.14
05-10-2026,Central Warehouse -Kolkata,Central Warehouse -Kolkata,Dosa Coffee - Ideal Plaza (01/0001),Glen Container With Lid - 100ml (1pkt = 50pc),Pc,1.76,-,0,0,IN-3227,100,176.1
05-10-2026,Central Warehouse -Kolkata,Central Warehouse -Kolkata,Dosa Coffee - Ideal Plaza (01/0001),Idli Daal (Rajkot),Kg,157.01,-,0,0,IN-3227,1,157.01
05-10-2026,Central Warehouse -Kolkata,Central Warehouse -Kolkata,Dosa Coffee - Ideal Plaza (01/0001),Ghee,Kg,755.57,-,0,0,IN-3227,2.715,2051.38
05-10-2026,Central Warehouse -Kolkata,Central Warehouse -Kolkata,Dosa Coffee - Ideal Plaza (01/0001),Raw Potato,Kg,18.74,-,0,0,IN-3227,30,562.2
05-10-2026,Central Warehouse -Kolkata,Central Warehouse -Kolkata,Dosa Coffee - Ideal Plaza (01/0001),Ginger,Kg,131.12,-,0,0,IN-3227,2,262.25
05-10-2026,Central Warehouse -Kolkata,Central Warehouse -Kolkata,Dosa Coffee - Ideal Plaza (01/0001),Onion,Kg,36.24,-,0,0,IN-3227,6,217.43
05-10-2026,Central Warehouse -Kolkata,Central Warehouse -Kolkata,Dosa Coffee - Ideal Plaza (01/0001),Sambar Sticker (DIY) Cap Cover,Pc,2.47,-,0,0,IN-3227,21,51.9
05-10-2026,Central Warehouse -Kolkata,Central Warehouse -Kolkata,Dosa Coffee - Ideal Plaza (01/0001),Round Bucket Back Sticker (DIY),Pc,2.47,-,0,0,IN-3227,16,39.58
05-10-2026,Central Warehouse -Kolkata,Central Warehouse -Kolkata,Dosa Coffee - Ideal Plaza (01/0001),Paper Sleeve (1pkt = 50pc),Pc,3.53,-,0,0,IN-3227,100,353.29
05-10-2026,Central Warehouse -Kolkata,Central Warehouse -Kolkata,Dosa Coffee - Ideal Plaza (01/0001),White Butter,Kg,576.66,-,0,0,IN-3227,1.5,864.98
05-10-2026,Central Warehouse -Kolkata,Central Warehouse -Kolkata,Dosa Coffee - Ideal Plaza (01/0001),Garlic,Kg,139.99,-,0,0,IN-3227,0.25,35
05-10-2026,Central Warehouse -Kolkata,Central Warehouse -Kolkata,Dosa Coffee - Ideal Plaza (01/0001),Coriander Leaves,Kg,99.99,-,0,0,IN-3227,0.6,59.99
05-10-2026,Central Warehouse -Kolkata,Central Warehouse -Kolkata,Dosa Coffee - Ideal Plaza (01/0001),Carrot,Kg,40.99,-,0,0,IN-3227,2.1,86.09
05-10-2026,Central Warehouse -Kolkata,Central Warehouse -Kolkata,Dosa Coffee - Ideal Plaza (01/0001),Raw Green Chili,Kg,74.93,-,0,0,IN-3227,1,74.93
05-10-2026,Central Warehouse -Kolkata,Central Warehouse -Kolkata,Dosa Coffee - Ideal Plaza (01/0001),Curry Leaves,Kg,71.16,-,0,0,IN-3227,0.2,14.23
05-10-2026,Central Warehouse -Kolkata,Central Warehouse -Kolkata,Dosa Coffee - Ideal Plaza (01/0001),Tomato,Kg,40,-,0,0,IN-3227,1,40
05-10-2026,Central Warehouse -Kolkata,Central Warehouse -Kolkata,Dosa Coffee - Ideal Plaza (01/0001),Raw Curd,Kg,71.4,-,0,0,IN-3227,3,214.2
05-10-2026,Central Warehouse -Kolkata,Central Warehouse -Kolkata,Dosa Coffee - Ideal Plaza (01/0001),Milk (Adya Dairy),Ltr,61.85,-,0,0,IN-3227,3,185.56
05-10-2026,Central Warehouse -Kolkata,Central Warehouse -Kolkata,Dosa Coffee - Santoshpur (01/0012),Lime,Pc,3.5,-,0,0,IN-1662,20,70
05-10-2026,Central Warehouse -Kolkata,Central Warehouse -Kolkata,Dosa Coffee - Santoshpur (01/0012),Turmeric Powder,gm,0.34,-,0,0,IN-1662,500,169.89
05-10-2026,Central Warehouse -Kolkata,Central Warehouse -Kolkata,Dosa Coffee - Santoshpur (01/0012),Fried Chana Daal,Kg,97.59,-,0,0,IN-1662,3,292.77
05-10-2026,Central Warehouse -Kolkata,Central Warehouse -Kolkata,Dosa Coffee - Santoshpur (01/0012),Garbage Bag Large (36 X 42),Pkt,69.46,-,0,0,IN-1662,1,69.46
05-10-2026,Central Warehouse -Kolkata,Central Warehouse -Kolkata,Dosa Coffee - Santoshpur (01/0012),Garbage Bag Small (20 X 24),Pkt,53.62,-,0,0,IN-1662,1,53.62
05-10-2026,Central Warehouse -Kolkata,Central Warehouse -Kolkata,Dosa Coffee - Santoshpur (01/0012),Dosa Duster,Pc,28,-,0,0,IN-1662,4,111.99
05-10-2026,Central Warehouse -Kolkata,Central Warehouse -Kolkata,Dosa Coffee - Santoshpur (01/0012),Hot Coffee Cup 150ml (1pkt=25pc),Pc,1.23,-,0,0,IN-1662,25,30.7
05-10-2026,Central Warehouse -Kolkata,Central Warehouse -Kolkata,Dosa Coffee - Santoshpur (01/0012),Silver Foil,Pc,349.19,-,0,0,IN-1662,1,349.19
05-10-2026,Central Warehouse -Kolkata,Central Warehouse -Kolkata,Dosa Coffee - Santoshpur (01/0012),Paper Straw (1pkt = 100pc),Pc,0.39,-,0,0,IN-1662,100,38.67
05-10-2026,Central Warehouse -Kolkata,Central Warehouse -Kolkata,Dosa Coffee - Santoshpur (01/0012),Paper Napkin (1pkt = 100pc),Pc,0.24,-,0,0,IN-1662,300,70.52
05-10-2026,Central Warehouse -Kolkata,Central Warehouse -Kolkata,Dosa Coffee - Santoshpur (01/0012),Carry Bag - Small (1pkt = 100pc),Pc,7.08,-,0,0,IN-1662,100,707.85
05-10-2026,Central Warehouse -Kolkata,Central Warehouse -Kolkata,Dosa Coffee - Santoshpur (01/0012),Glen Container With Lid - 250ml (1pkt = 50pc),Pc,3.87,-,0,0,IN-1662,500,1933.8
05-10-2026,Central Warehouse -Kolkata,Central Warehouse -Kolkata,Dosa Coffee - Santoshpur (01/0012),White Butter,Kg,576.66,-,0,0,IN-1662,1,576.66
05-10-2026,Central Warehouse -Kolkata,Central Warehouse -Kolkata,Dosa Coffee - Santoshpur (01/0012),Amul Butter,Kg,564.66,-,0,0,IN-1662,0.5,282.33
05-10-2026,Central Warehouse -Kolkata,Central Warehouse -Kolkata,Dosa Coffee - Santoshpur (01/0012),Amul Cheese,Kg,510.96,-,0,0,IN-1662,1,510.96
05-10-2026,Central Warehouse -Kolkata,Central Warehouse -Kolkata,Dosa Coffee - Santoshpur (01/0012),Ghee,Kg,755.57,-,0,0,IN-1662,0.905,683.79
05-10-2026,Central Warehouse -Kolkata,Central Warehouse -Kolkata,Dosa Coffee - Santoshpur (01/0012),Salt,Kg,27.05,-,0,0,IN-1662,1,27.05
05-10-2026,Central Warehouse -Kolkata,Central Warehouse -Kolkata,Dosa Coffee - Santoshpur (01/0012),Banana Leaf Big (1bundle = 50pc),Pc,1.8,-,0,0,IN-1662,50,89.91
05-10-2026,Central Warehouse -Kolkata,Central Warehouse -Kolkata,Dosa Coffee - Santoshpur (01/0012),Raw Mango,Kg,85.08,-,0,0,IN-1662,0.534,45.44
05-10-2026,Central Warehouse -Kolkata,Central Warehouse -Kolkata,Dosa Coffee - Santoshpur (01/0012),Beans,Kg,76.21,-,0,0,IN-1662,0.1,7.62
05-10-2026,Central Warehouse -Kolkata,Central Warehouse -Kolkata,Dosa Coffee - Santoshpur (01/0012),Ginger,Kg,131.12,-,0,0,IN-1662,0.5,65.56
05-10-2026,Central Warehouse -Kolkata,Central Warehouse -Kolkata,Dosa Coffee - Santoshpur (01/0012),Coriander Leaves,Kg,99.99,-,0,0,IN-1662,0.3,30
05-10-2026,Central Warehouse -Kolkata,Central Warehouse -Kolkata,Dosa Coffee - Santoshpur (01/0012),Carrot,Kg,40.99,-,0,0,IN-1662,0.776,31.81
05-10-2026,Central Warehouse -Kolkata,Central Warehouse -Kolkata,Dosa Coffee - Santoshpur (01/0012),Raw Green Chili,Kg,74.93,-,0,0,IN-1662,0.5,37.47
05-10-2026,Central Warehouse -Kolkata,Central Warehouse -Kolkata,Dosa Coffee - Santoshpur (01/0012),Tomato,Kg,40,-,0,0,IN-1662,1,40
05-10-2026,Central Warehouse -Kolkata,Central Warehouse -Kolkata,Dosa Coffee - Santoshpur (01/0012),Onion,Kg,36.24,-,0,0,IN-1662,3,108.71
05-10-2026,Central Warehouse -Kolkata,Central Warehouse -Kolkata,Dosa Coffee - Santoshpur (01/0012),Watermelon,Kg,34.89,-,0,0,IN-1662,5.192,181.15
05-10-2026,Central Warehouse -Kolkata,Central Warehouse -Kolkata,Dosa Coffee - Santoshpur (01/0012),Idli Daal (Rajkot),Kg,157.01,-,0,0,IN-1662,1,157.01
05-10-2026,Central Warehouse -Kolkata,Central Warehouse -Kolkata,Dosa Coffee - Santoshpur (01/0012),Raw Curd,Kg,71.4,-,0,0,IN-1662,4,285.6
05-10-2026,Central Warehouse -Kolkata,Central Warehouse -Kolkata,Dosa Coffee - Santoshpur (01/0012),Paneer,Kg,299,-,0,0,IN-1662,1,299
05-10-2026,Central Warehouse -Kolkata,Central Warehouse -Kolkata,Dosa Coffee - Santoshpur (01/0012),Milk (Adya Dairy),Ltr,61.85,-,0,0,IN-1662,0.5,30.93
05-10-2026,Central Warehouse -Kolkata,Central Warehouse -Kolkata,Dosa Coffee - Santoshpur (01/0012),Raw Potato,Kg,18.74,-,0,0,IN-1662,12,224.88
05-10-2026,Central Warehouse -Kolkata,Central Warehouse -Kolkata,Dosa Coffee - Lake Town (0005),Paneer,Kg,299,-,0,0,IN-2155,1,299
05-10-2026,Central Warehouse -Kolkata,Central Warehouse -Kolkata,Dosa Coffee - Lake Town (0005),White Butter,Kg,576.66,-,0,0,IN-2155,0.5,288.33
05-10-2026,Central Warehouse -Kolkata,Central Warehouse -Kolkata,Dosa Coffee - Lake Town (0005),Tomato,Kg,40,-,0,0,IN-2155,0.5,20
05-10-2026,Central Warehouse -Kolkata,Central Warehouse -Kolkata,Dosa Coffee - Lake Town (0005),Take Away Packing Box - Small (1bundle = 50pc),Pc,4.3,-,0,0,IN-2155,200,859.98
05-10-2026,Central Warehouse -Kolkata,Central Warehouse -Kolkata,Dosa Coffee - Lake Town (0005),Supari,Pkt,148.81,-,0,0,IN-2155,1,148.81
05-10-2026,Central Warehouse -Kolkata,Central Warehouse -Kolkata,Dosa Coffee - Lake Town (0005),Sunflower Refined Oil  ( 1pkt = 868 Ml ),Ltr,168.77,-,0,0,IN-2155,13.888,2343.94
05-10-2026,Central Warehouse -Kolkata,Central Warehouse -Kolkata,Dosa Coffee - Lake Town (0005),Salt,Kg,27.05,-,0,0,IN-2155,1,27.05
05-10-2026,Central Warehouse -Kolkata,Central Warehouse -Kolkata,Dosa Coffee - Lake Town (0005),Raw Green Chili,Kg,74.93,-,0,0,IN-2155,0.5,37.47
05-10-2026,Central Warehouse -Kolkata,Central Warehouse -Kolkata,Dosa Coffee - Lake Town (0005),Raw Curd,Kg,71.4,-,0,0,IN-2155,3,214.2
05-10-2026,Central Warehouse -Kolkata,Central Warehouse -Kolkata,Dosa Coffee - Lake Town (0005),Paper Napkin (1pkt = 100pc),Pc,0.24,-,0,0,IN-2155,300,70.52
05-10-2026,Central Warehouse -Kolkata,Central Warehouse -Kolkata,Dosa Coffee - Lake Town (0005),Onion,Kg,36.24,-,0,0,IN-2155,3,108.71
05-10-2026,Central Warehouse -Kolkata,Central Warehouse -Kolkata,Dosa Coffee - Lake Town (0005),Mint leaf,Kg,189.43,-,0,0,IN-2155,0.1,18.94
05-10-2026,Central Warehouse -Kolkata,Central Warehouse -Kolkata,Dosa Coffee - Lake Town (0005),Milk (Adya Dairy),Ltr,61.85,-,0,0,IN-2155,0.5,30.93
05-10-2026,Central Warehouse -Kolkata,Central Warehouse -Kolkata,Dosa Coffee - Lake Town (0005),Green Capsicum,Kg,65.51,-,0,0,IN-2155,0.145,9.5
05-10-2026,Central Warehouse -Kolkata,Central Warehouse -Kolkata,Dosa Coffee - Lake Town (0005),Glen Container With Lid - 250ml (1pkt = 50pc),Pc,3.87,-,0,0,IN-2155,500,1933.8
05-10-2026,Central Warehouse -Kolkata,Central Warehouse -Kolkata,Dosa Coffee - Lake Town (0005),Ginger,Kg,131.12,-,0,0,IN-2155,0.5,65.56
05-10-2026,Central Warehouse -Kolkata,Central Warehouse -Kolkata,Dosa Coffee - Lake Town (0005),Ghee,Kg,755.57,-,0,0,IN-2155,1.81,1367.59
05-10-2026,Central Warehouse -Kolkata,Central Warehouse -Kolkata,Dosa Coffee - Lake Town (0005),Fried Chana Daal,Kg,97.59,-,0,0,IN-2155,5,487.96
05-10-2026,Central Warehouse -Kolkata,Central Warehouse -Kolkata,Dosa Coffee - Lake Town (0005),Cothas Coffee Powder,Kg,859.17,-,0,0,IN-2155,1,859.17
05-10-2026,Central Warehouse -Kolkata,Central Warehouse -Kolkata,Dosa Coffee - Lake Town (0005),Coriander Leaves,Kg,99.99,-,0,0,IN-2155,0.4,40
05-10-2026,Central Warehouse -Kolkata,Central Warehouse -Kolkata,Dosa Coffee - Lake Town (0005),Carrot,Kg,40.99,-,0,0,IN-2155,0.56,22.96
05-10-2026,Central Warehouse -Kolkata,Central Warehouse -Kolkata,Dosa Coffee - Lake Town (0005),Beans,Kg,76.21,-,0,0,IN-2155,0.3,22.86
05-10-2026,Central Warehouse -Kolkata,Central Warehouse -Kolkata,Dosa Coffee - Lake Town (0005),Bio-Degradable Spoon (1pkt = 50pc),Pc,1.25,-,0,0,IN-2155,100,124.94
05-10-2026,Central Warehouse -Kolkata,Central Warehouse -Kolkata,Dosa Coffee - Lake Town (0005),Banana Leaf Small (1bundle = 50pc),Pc,1.25,-,0,0,IN-2155,100,124.98
05-10-2026,Central Warehouse -Kolkata,Central Warehouse -Kolkata,Dosa Coffee - Lake Town (0005),Amada,Kg,70.24,-,0,0,IN-2155,0.05,3.51
05-10-2026,Central Warehouse -Kolkata,Central Warehouse -Kolkata,Dosa Coffee - Salt Lake (002),Watermelon,Kg,34.89,-,0,0,IN-2245,5.17,180.38
05-10-2026,Central Warehouse -Kolkata,Central Warehouse -Kolkata,Dosa Coffee - Salt Lake (002),Mango Ice Cream,Ltr,121.27,-,0,0,IN-2245,5,606.36
05-10-2026,Central Warehouse -Kolkata,Central Warehouse -Kolkata,Dosa Coffee - Salt Lake (002),Amul Butter,Kg,564.66,-,0,0,IN-2245,1,564.66
05-10-2026,Central Warehouse -Kolkata,Central Warehouse -Kolkata,Dosa Coffee - Salt Lake (002),Sugar,Kg,51.88,-,0,0,IN-2245,1,51.88
05-10-2026,Central Warehouse -Kolkata,Central Warehouse -Kolkata,Dosa Coffee - Salt Lake (002),Cothas Coffee Powder,Kg,859.17,-,0,0,IN-2245,1,859.17
05-10-2026,Central Warehouse -Kolkata,Central Warehouse -Kolkata,Dosa Coffee - Salt Lake (002),Oreo Buiscuits,Pkt,9.72,-,0,0,IN-2245,5,48.62
05-10-2026,Central Warehouse -Kolkata,Central Warehouse -Kolkata,Dosa Coffee - Salt Lake (002),Jaggery,Kg,61.49,-,0,0,IN-2245,0.5,30.74
05-10-2026,Central Warehouse -Kolkata,Central Warehouse -Kolkata,Dosa Coffee - Salt Lake (002),Fried Chana Daal,Kg,97.59,-,0,0,IN-2245,6,585.55
05-10-2026,Central Warehouse -Kolkata,Central Warehouse -Kolkata,Dosa Coffee - Salt Lake (002),Silver Foil,Pc,349.19,-,0,0,IN-2245,2,698.38
05-10-2026,Central Warehouse -Kolkata,Central Warehouse -Kolkata,Dosa Coffee - Salt Lake (002),Carry Bag - Small (1pkt = 100pc),Pc,7.08,-,0,0,IN-2245,50,353.93
05-10-2026,Central Warehouse -Kolkata,Central Warehouse -Kolkata,Dosa Coffee - Salt Lake (002),Paper Napkin (1pkt = 100pc),Pc,0.24,-,0,0,IN-2245,600,141.04
05-10-2026,Central Warehouse -Kolkata,Central Warehouse -Kolkata,Dosa Coffee - Salt Lake (002),Hot Coffee Cup 150ml (1pkt=25pc),Pc,1.23,-,0,0,IN-2245,25,30.7
05-10-2026,Central Warehouse -Kolkata,Central Warehouse -Kolkata,Dosa Coffee - Salt Lake (002),Glen Container With Lid - 500ml (1pkt = 50pc),Pc,4.29,-,0,0,IN-2245,50,214.55
05-10-2026,Central Warehouse -Kolkata,Central Warehouse -Kolkata,Dosa Coffee - Salt Lake (002),Glen Container With Lid - 250ml (1pkt = 50pc),Pc,3.87,-,0,0,IN-2245,150,580.14
05-10-2026,Central Warehouse -Kolkata,Central Warehouse -Kolkata,Dosa Coffee - Salt Lake (002),Compartment Tray With Lid - 2CP (1pkt = 25pc),Pc,7.64,-,0,0,IN-2245,25,190.98
05-10-2026,Central Warehouse -Kolkata,Central Warehouse -Kolkata,Dosa Coffee - Salt Lake (002),Take Away Packing Box - Small (1bundle = 50pc),Pc,4.3,-,0,0,IN-2245,200,859.98
05-10-2026,Central Warehouse -Kolkata,Central Warehouse -Kolkata,Dosa Coffee - Salt Lake (002),Coffee/Tea Flask - 250ml (1pkt = 25pc),Pc,18.05,-,0,0,IN-2245,5,90.25
05-10-2026,Central Warehouse -Kolkata,Central Warehouse -Kolkata,Dosa Coffee - Salt Lake (002),Bio-Degradable Spoon (1pkt = 50pc),Pc,1.25,-,0,0,IN-2245,100,124.94
05-10-2026,Central Warehouse -Kolkata,Central Warehouse -Kolkata,Dosa Coffee - Salt Lake (002),Banana Leaf Small (1bundle = 50pc),Pc,1.25,-,0,0,IN-2245,150,187.48
05-10-2026,Central Warehouse -Kolkata,Central Warehouse -Kolkata,Dosa Coffee - Salt Lake (002),Banana Leaf Big (1bundle = 50pc),Pc,1.8,-,0,0,IN-2245,150,269.74
05-10-2026,Central Warehouse -Kolkata,Central Warehouse -Kolkata,Dosa Coffee - Salt Lake (002),Raw Mango,Kg,85.08,-,0,0,IN-2245,1.047,89.08
05-10-2026,Central Warehouse -Kolkata,Central Warehouse -Kolkata,Dosa Coffee - Salt Lake (002),Mint leaf,Kg,189.43,-,0,0,IN-2245,0.1,18.94
05-10-2026,Central Warehouse -Kolkata,Central Warehouse -Kolkata,Dosa Coffee - Salt Lake (002),Beans,Kg,76.21,-,0,0,IN-2245,0.15,11.43
05-10-2026,Central Warehouse -Kolkata,Central Warehouse -Kolkata,Dosa Coffee - Salt Lake (002),Tomato,Kg,40,-,0,0,IN-2245,1,40
05-10-2026,Central Warehouse -Kolkata,Central Warehouse -Kolkata,Dosa Coffee - Salt Lake (002),Raw Green Chili,Kg,74.93,-,0,0,IN-2245,1,74.93
05-10-2026,Central Warehouse -Kolkata,Central Warehouse -Kolkata,Dosa Coffee - Salt Lake (002),Onion,Kg,36.24,-,0,0,IN-2245,7,253.67
05-10-2026,Central Warehouse -Kolkata,Central Warehouse -Kolkata,Dosa Coffee - Salt Lake (002),Ginger,Kg,131.12,-,0,0,IN-2245,1.5,196.68
05-10-2026,Central Warehouse -Kolkata,Central Warehouse -Kolkata,Dosa Coffee - Salt Lake (002),Curry Leaves,Kg,71.16,-,0,0,IN-2245,0.2,14.23
05-10-2026,Central Warehouse -Kolkata,Central Warehouse -Kolkata,Dosa Coffee - Salt Lake (002),Coriander Leaves,Kg,99.99,-,0,0,IN-2245,0.5,50
05-10-2026,Central Warehouse -Kolkata,Central Warehouse -Kolkata,Dosa Coffee - Salt Lake (002),Carrot,Kg,40.99,-,0,0,IN-2245,1.756,71.99
05-10-2026,Central Warehouse -Kolkata,Central Warehouse -Kolkata,Dosa Coffee - Salt Lake (002),White Butter,Kg,576.66,-,0,0,IN-2245,1,576.66
05-10-2026,Central Warehouse -Kolkata,Central Warehouse -Kolkata,Dosa Coffee - Salt Lake (002),Raw Curd,Kg,71.4,-,0,0,IN-2245,3,214.2
05-10-2026,Central Warehouse -Kolkata,Central Warehouse -Kolkata,Dosa Coffee - Salt Lake (002),Paneer,Kg,299,-,0,0,IN-2245,1,299
05-10-2026,Central Warehouse -Kolkata,Central Warehouse -Kolkata,Dosa Coffee - Salt Lake (002),Nuttella (350gm),Kg,915.81,-,0,0,IN-2245,0.35,320.53
05-10-2026,Central Warehouse -Kolkata,Central Warehouse -Kolkata,Dosa Coffee - Salt Lake (002),Milk - Tetra 1Ltr,Ltr,77.18,-,0,0,IN-2245,12,926.12
05-10-2026,Central Warehouse -Kolkata,Central Warehouse -Kolkata,Dosa Coffee - Salt Lake (002),Milk (Adya Dairy),Ltr,61.85,-,0,0,IN-2245,1.5,92.78
05-10-2026,Central Warehouse -Kolkata,Central Warehouse -Kolkata,Dosa Coffee - Salt Lake (002),Ghee,Kg,755.57,-,0,0,IN-2245,2.715,2051.38
05-10-2026,Central Warehouse -Kolkata,Central Warehouse -Kolkata,Dosa Coffee - Salt Lake (002),Amul Cheese,Kg,510.96,-,0,0,IN-2245,1,510.96
05-10-2026,Central Warehouse -Kolkata,Central Warehouse -Kolkata,Dosa Coffee - Salt Lake (002),Schweppes Water - 500ml,Pc,24.89,-,0,0,IN-2245,24,597.25
05-10-2026,Central Warehouse -Kolkata,Central Warehouse -Kolkata,Dosa Coffee - Salt Lake (002),Kinley Soda 750ml Pet,Pc,15.82,-,0,0,IN-2245,2,31.63
05-10-2026,Central Warehouse -Kolkata,Central Warehouse -Kolkata,Dosa Coffee - Salt Lake Sec-1 (0009),Schweppes Water - 500ml,Pc,24.89,-,0,0,IN-2013,24,597.25
05-10-2026,Central Warehouse -Kolkata,Central Warehouse -Kolkata,Dosa Coffee - Salt Lake Sec-1 (0009),Room Freshner,Pc,77.75,-,0,0,IN-2013,1,77.75
05-10-2026,Central Warehouse -Kolkata,Central Warehouse -Kolkata,Dosa Coffee - Salt Lake Sec-1 (0009),Amada,Kg,70.24,-,0,0,IN-2013,0.1,7.02
05-10-2026,Central Warehouse -Kolkata,Central Warehouse -Kolkata,Dosa Coffee - Salt Lake Sec-1 (0009),Raw Mango,Kg,85.08,-,0,0,IN-2013,1.161,98.78
05-10-2026,Central Warehouse -Kolkata,Central Warehouse -Kolkata,Dosa Coffee - Salt Lake Sec-1 (0009),Ecolab-Multi Purpose SINK Detergent (1can = 1ltr),Can,406.75,-,0,0,IN-2013,1,406.75
05-10-2026,Central Warehouse -Kolkata,Central Warehouse -Kolkata,Dosa Coffee - Salt Lake Sec-1 (0009),Wooden Stirrer (1pkt = 100pc),Pc,0.13,-,0,0,IN-2013,500,65.84
05-10-2026,Central Warehouse -Kolkata,Central Warehouse -Kolkata,Dosa Coffee - Salt Lake Sec-1 (0009),Cothas Coffee Powder,Kg,859.17,-,0,0,IN-2013,0.5,429.58
05-10-2026,Central Warehouse -Kolkata,Central Warehouse -Kolkata,Dosa Coffee - Salt Lake Sec-1 (0009),Hot Coffee Cup 150ml (1pkt=25pc),Pc,1.23,-,0,0,IN-2013,25,30.7
05-10-2026,Central Warehouse -Kolkata,Central Warehouse -Kolkata,Dosa Coffee - Salt Lake Sec-1 (0009),Coffee/Tea Flask - 250ml (1pkt = 25pc),Pc,18.05,-,0,0,IN-2013,10,180.49
05-10-2026,Central Warehouse -Kolkata,Central Warehouse -Kolkata,Dosa Coffee - Salt Lake Sec-1 (0009),White Sugar Sachet (1pkt = 200pc),Pc,0.42,-,0,0,IN-2013,200,84.64
05-10-2026,Central Warehouse -Kolkata,Central Warehouse -Kolkata,Dosa Coffee - Salt Lake Sec-1 (0009),Supari,Pkt,148.81,-,0,0,IN-2013,1,148.81
05-10-2026,Central Warehouse -Kolkata,Central Warehouse -Kolkata,Dosa Coffee - Salt Lake Sec-1 (0009),Bio-Degradable Spoon (1pkt = 50pc),Pc,1.25,-,0,0,IN-2013,200,249.89
05-10-2026,Central Warehouse -Kolkata,Central Warehouse -Kolkata,Dosa Coffee - Salt Lake Sec-1 (0009),Paper Napkin (1pkt = 100pc),Pc,0.24,-,0,0,IN-2013,800,188.06
05-10-2026,Central Warehouse -Kolkata,Central Warehouse -Kolkata,Dosa Coffee - Salt Lake Sec-1 (0009),Glen Container With Lid - 250ml (1pkt = 50pc),Pc,3.87,-,0,0,IN-2013,500,1933.8
05-10-2026,Central Warehouse -Kolkata,Central Warehouse -Kolkata,Dosa Coffee - Salt Lake Sec-1 (0009),Carry Bag - Small (1pkt = 100pc),Pc,7.08,-,0,0,IN-2013,300,2123.56
05-10-2026,Central Warehouse -Kolkata,Central Warehouse -Kolkata,Dosa Coffee - Salt Lake Sec-1 (0009),Take Away Packing Box - Small (1bundle = 50pc),Pc,4.3,-,0,0,IN-2013,200,859.98
05-10-2026,Central Warehouse -Kolkata,Central Warehouse -Kolkata,Dosa Coffee - Salt Lake Sec-1 (0009),Salt,Kg,27.05,-,0,0,IN-2013,1,27.05
05-10-2026,Central Warehouse -Kolkata,Central Warehouse -Kolkata,Dosa Coffee - Salt Lake Sec-1 (0009),Sugar,Kg,51.88,-,0,0,IN-2013,2,103.75
05-10-2026,Central Warehouse -Kolkata,Central Warehouse -Kolkata,Dosa Coffee - Salt Lake Sec-1 (0009),Fried Chana Daal,Kg,97.59,-,0,0,IN-2013,7,683.14
05-10-2026,Central Warehouse -Kolkata,Central Warehouse -Kolkata,Dosa Coffee - Salt Lake Sec-1 (0009),Idli Daal (Rajkot),Kg,157.01,-,0,0,IN-2013,3,471.02
05-10-2026,Central Warehouse -Kolkata,Central Warehouse -Kolkata,Dosa Coffee - Salt Lake Sec-1 (0009),Mint leaf,Kg,189.43,-,0,0,IN-2013,0.1,18.94
05-10-2026,Central Warehouse -Kolkata,Central Warehouse -Kolkata,Dosa Coffee - Salt Lake Sec-1 (0009),Curry Leaves,Kg,71.16,-,0,0,IN-2013,0.2,14.23
05-10-2026,Central Warehouse -Kolkata,Central Warehouse -Kolkata,Dosa Coffee - Salt Lake Sec-1 (0009),Banana Leaf Small (1bundle = 50pc),Pc,1.25,-,0,0,IN-2013,100,124.98
05-10-2026,Central Warehouse -Kolkata,Central Warehouse -Kolkata,Dosa Coffee - Salt Lake Sec-1 (0009),Banana Leaf Big (1bundle = 50pc),Pc,1.8,-,0,0,IN-2013,100,179.82
05-10-2026,Central Warehouse -Kolkata,Central Warehouse -Kolkata,Dosa Coffee - Salt Lake Sec-1 (0009),Green Capsicum,Kg,65.51,-,0,0,IN-2013,0.21,13.76
05-10-2026,Central Warehouse -Kolkata,Central Warehouse -Kolkata,Dosa Coffee - Salt Lake Sec-1 (0009),Lime,Pc,3.5,-,0,0,IN-2013,30,105
05-10-2026,Central Warehouse -Kolkata,Central Warehouse -Kolkata,Dosa Coffee - Salt Lake Sec-1 (0009),Coriander Leaves,Kg,99.99,-,0,0,IN-2013,0.4,40
05-10-2026,Central Warehouse -Kolkata,Central Warehouse -Kolkata,Dosa Coffee - Salt Lake Sec-1 (0009),Tomato,Kg,40,-,0,0,IN-2013,1.5,59.99
05-10-2026,Central Warehouse -Kolkata,Central Warehouse -Kolkata,Dosa Coffee - Salt Lake Sec-1 (0009),Ginger,Kg,131.12,-,0,0,IN-2013,1.5,196.68
05-10-2026,Central Warehouse -Kolkata,Central Warehouse -Kolkata,Dosa Coffee - Salt Lake Sec-1 (0009),Onion,Kg,36.24,-,0,0,IN-2013,7,253.67
05-10-2026,Central Warehouse -Kolkata,Central Warehouse -Kolkata,Dosa Coffee - Salt Lake Sec-1 (0009),Raw Green Chili,Kg,74.93,-,0,0,IN-2013,1,74.93
05-10-2026,Central Warehouse -Kolkata,Central Warehouse -Kolkata,Dosa Coffee - Salt Lake Sec-1 (0009),Milk - Tetra 1Ltr,Ltr,77.18,-,0,0,IN-2013,12,926.12
05-10-2026,Central Warehouse -Kolkata,Central Warehouse -Kolkata,Dosa Coffee - Salt Lake Sec-1 (0009),Milk (Adya Dairy),Ltr,61.85,-,0,0,IN-2013,1,61.85
05-10-2026,Central Warehouse -Kolkata,Central Warehouse -Kolkata,Dosa Coffee - Salt Lake Sec-1 (0009),Sunflower Refined Oil  ( 1pkt = 868 Ml ),Ltr,168.77,-,0,0,IN-2013,5.208,878.98
05-10-2026,Central Warehouse -Kolkata,Central Warehouse -Kolkata,Dosa Coffee - Salt Lake Sec-1 (0009),Ghee,Kg,755.57,-,0,0,IN-2013,1.81,1367.59
05-10-2026,Central Warehouse -Kolkata,Central Warehouse -Kolkata,Dosa Coffee - Salt Lake Sec-1 (0009),Amul Cheese,Kg,510.96,-,0,0,IN-2013,1,510.96
05-10-2026,Central Warehouse -Kolkata,Central Warehouse -Kolkata,Dosa Coffee - Salt Lake Sec-1 (0009),Amul Butter,Kg,564.66,-,0,0,IN-2013,0.5,282.33
05-10-2026,Central Warehouse -Kolkata,Central Warehouse -Kolkata,Dosa Coffee - Salt Lake Sec-1 (0009),White Butter,Kg,576.66,-,0,0,IN-2013,1.5,864.98
05-10-2026,Central Warehouse -Kolkata,Central Warehouse -Kolkata,Dosa Coffee - Salt Lake Sec-1 (0009),Beans,Kg,76.21,-,0,0,IN-2013,0.3,22.86
05-10-2026,Central Warehouse -Kolkata,Central Warehouse -Kolkata,Dosa Coffee - Salt Lake Sec-1 (0009),Watermelon,Kg,34.89,-,0,0,IN-2013,2.8,97.69
05-10-2026,Central Warehouse -Kolkata,Central Warehouse -Kolkata,Dosa Coffee - Salt Lake Sec-1 (0009),Carrot,Kg,40.99,-,0,0,IN-2013,1.619,66.37
05-10-2026,Central Warehouse -Kolkata,Central Warehouse -Kolkata,Dosa Coffee - Salt Lake Sec-1 (0009),Raw Curd,Kg,71.4,-,0,0,IN-2013,1,71.4
05-10-2026,Central Warehouse -Kolkata,Central Warehouse -Kolkata,Dosa Coffee - Salt Lake Sec-1 (0009),Paneer,Kg,299,-,0,0,IN-2013,1,299
05-10-2026,Central Warehouse -Kolkata,Central Warehouse -Kolkata,Dosa Coffee - Salt Lake Sec-1 (0009),Raw Potato,Kg,18.74,-,0,0,IN-2013,20,374.8
05-10-2026,Central Warehouse -Kolkata,Central Warehouse -Kolkata,Dosa Coffee - Manisquare (0004),Supari,Pkt,148.81,-,0,0,IN-1864,1,148.81
05-10-2026,Central Warehouse -Kolkata,Central Warehouse -Kolkata,Dosa Coffee - Manisquare (0004),Salt,Kg,27.05,-,0,0,IN-1864,1,27.05
05-10-2026,Central Warehouse -Kolkata,Central Warehouse -Kolkata,Dosa Coffee - Manisquare (0004),Amul Butter,Kg,564.66,-,0,0,IN-1864,1,564.66
05-10-2026,Central Warehouse -Kolkata,Central Warehouse -Kolkata,Dosa Coffee - Manisquare (0004),Sunflower Refined Oil  ( 1pkt = 868 Ml ),Ltr,168.77,-,0,0,IN-1864,3.472,585.98
05-10-2026,Central Warehouse -Kolkata,Central Warehouse -Kolkata,Dosa Coffee - Manisquare (0004),Cothas Coffee Powder,Kg,859.17,-,0,0,IN-1864,1,859.17
05-10-2026,Central Warehouse -Kolkata,Central Warehouse -Kolkata,Dosa Coffee - Manisquare (0004),Fried Chana Daal,Kg,97.59,-,0,0,IN-1864,5,487.96
05-10-2026,Central Warehouse -Kolkata,Central Warehouse -Kolkata,Dosa Coffee - Manisquare (0004),Paper Food Container - 100ml (1pkt = 50pc),Pc,1.78,-,0,0,IN-1864,200,356.74
05-10-2026,Central Warehouse -Kolkata,Central Warehouse -Kolkata,Dosa Coffee - Manisquare (0004),Carry Bag - Small (1pkt = 100pc),Pc,7.08,-,0,0,IN-1864,25,176.96
05-10-2026,Central Warehouse -Kolkata,Central Warehouse -Kolkata,Dosa Coffee - Manisquare (0004),Paper Napkin (1pkt = 100pc),Pc,0.24,-,0,0,IN-1864,400,94.03
05-10-2026,Central Warehouse -Kolkata,Central Warehouse -Kolkata,Dosa Coffee - Manisquare (0004),Hot Coffee Cup 150ml (1pkt=25pc),Pc,1.23,-,0,0,IN-1864,75,92.09
05-10-2026,Central Warehouse -Kolkata,Central Warehouse -Kolkata,Dosa Coffee - Manisquare (0004),Glen Container With Lid - 250ml (1pkt = 50pc),Pc,3.87,-,0,0,IN-1864,50,193.38
05-10-2026,Central Warehouse -Kolkata,Central Warehouse -Kolkata,Dosa Coffee - Manisquare (0004),Bio-Degradable Spoon (1pkt = 50pc),Pc,1.25,-,0,0,IN-1864,350,437.31
05-10-2026,Central Warehouse -Kolkata,Central Warehouse -Kolkata,Dosa Coffee - Manisquare (0004),Banana Leaf Small (1bundle = 50pc),Pc,1.25,-,0,0,IN-1864,300,374.95
05-10-2026,Central Warehouse -Kolkata,Central Warehouse -Kolkata,Dosa Coffee - Manisquare (0004),Raw Mango,Kg,85.08,-,0,0,IN-1864,0.58,49.35
05-10-2026,Central Warehouse -Kolkata,Central Warehouse -Kolkata,Dosa Coffee - Manisquare (0004),Mint leaf,Kg,189.43,-,0,0,IN-1864,0.1,18.94
05-10-2026,Central Warehouse -Kolkata,Central Warehouse -Kolkata,Dosa Coffee - Manisquare (0004),Beans,Kg,76.21,-,0,0,IN-1864,0.3,22.86
05-10-2026,Central Warehouse -Kolkata,Central Warehouse -Kolkata,Dosa Coffee - Manisquare (0004),Tomato,Kg,40,-,0,0,IN-1864,0.5,20
05-10-2026,Central Warehouse -Kolkata,Central Warehouse -Kolkata,Dosa Coffee - Manisquare (0004),Raw Green Chili,Kg,74.93,-,0,0,IN-1864,0.5,37.47
05-10-2026,Central Warehouse -Kolkata,Central Warehouse -Kolkata,Dosa Coffee - Manisquare (0004),Onion,Kg,36.24,-,0,0,IN-1864,5,181.19
05-10-2026,Central Warehouse -Kolkata,Central Warehouse -Kolkata,Dosa Coffee - Manisquare (0004),Green Capsicum,Kg,65.51,-,0,0,IN-1864,0.1,6.55
05-10-2026,Central Warehouse -Kolkata,Central Warehouse -Kolkata,Dosa Coffee - Manisquare (0004),Ginger,Kg,131.12,-,0,0,IN-1864,0.5,65.56
05-10-2026,Central Warehouse -Kolkata,Central Warehouse -Kolkata,Dosa Coffee - Manisquare (0004),Curry Leaves,Kg,71.16,-,0,0,IN-1864,0.1,7.12
05-10-2026,Central Warehouse -Kolkata,Central Warehouse -Kolkata,Dosa Coffee - Manisquare (0004),Coriander Leaves,Kg,99.99,-,0,0,IN-1864,0.2,20
05-10-2026,Central Warehouse -Kolkata,Central Warehouse -Kolkata,Dosa Coffee - Manisquare (0004),Carrot,Kg,40.99,-,0,0,IN-1864,1,40.99
05-10-2026,Central Warehouse -Kolkata,Central Warehouse -Kolkata,Dosa Coffee - Manisquare (0004),White Butter,Kg,576.66,-,0,0,IN-1864,1,576.66
05-10-2026,Central Warehouse -Kolkata,Central Warehouse -Kolkata,Dosa Coffee - Manisquare (0004),Raw Curd,Kg,71.4,-,0,0,IN-1864,3,214.2
05-10-2026,Central Warehouse -Kolkata,Central Warehouse -Kolkata,Dosa Coffee - Manisquare (0004),Milk - Tetra 1Ltr,Ltr,77.18,-,0,0,IN-1864,6,463.06
05-10-2026,Central Warehouse -Kolkata,Central Warehouse -Kolkata,Dosa Coffee - Manisquare (0004),Milk (Adya Dairy),Ltr,61.85,-,0,0,IN-1864,0.5,30.93
05-10-2026,Central Warehouse -Kolkata,Central Warehouse -Kolkata,Dosa Coffee - Manisquare (0004),Ghee,Kg,755.57,-,0,0,IN-1864,0.905,683.79
05-10-2026,Central Warehouse -Kolkata,Central Warehouse -Kolkata,Dosa Coffee - Manisquare (0004),Schweppes Water - 500ml,Pc,24.89,-,0,0,IN-1864,24,597.25
05-10-2026,Central Warehouse -Kolkata,Central Warehouse -Kolkata,Dosa Coffee - Food Truck - 1 (0008),Biodegrable plate-3cp (1pkt=25pc),Pc,3.58,-,0,0,IN-987,50,179.2
05-10-2026,Central Warehouse -Kolkata,Central Warehouse -Kolkata,Dosa Coffee - Food Truck - 1 (0008),Bio-Degradable Spoon (1pkt = 50pc),Pc,1.25,-,0,0,IN-987,100,124.8
05-10-2026,Central Warehouse -Kolkata,Central Warehouse -Kolkata,Dosa Coffee - Food Truck - 1 (0008),Milk - Tetra 1Ltr,Ltr,77.06,-,0,0,IN-987,3,231.18
05-10-2026,Central Warehouse -Kolkata,Central Warehouse -Kolkata,Dosa Coffee - Rosedale Plaza(0006),Amul IC BP Vanilla (5L) CF,Ltr,97.8,-,0,0,IN-2060,5,489
05-10-2026,Central Warehouse -Kolkata,Central Warehouse -Kolkata,Dosa Coffee - Rosedale Plaza(0006),Wet Mop,Pc,222.03,-,0,0,IN-2060,1,222.03
05-10-2026,Central Warehouse -Kolkata,Central Warehouse -Kolkata,Dosa Coffee - Rosedale Plaza(0006),Schweppes Water - 500ml,Pc,24.89,-,0,0,IN-2060,24,597.25
05-10-2026,Central Warehouse -Kolkata,Central Warehouse -Kolkata,Dosa Coffee - Rosedale Plaza(0006),Cottons Lemonade,Pc,17.44,-,0,0,IN-2060,23,401.12
05-10-2026,Central Warehouse -Kolkata,Central Warehouse -Kolkata,Dosa Coffee - Rosedale Plaza(0006),Wooden Stirrer (1pkt = 100pc),Pc,0.13,-,0,0,IN-2060,500,65.84
05-10-2026,Central Warehouse -Kolkata,Central Warehouse -Kolkata,Dosa Coffee - Rosedale Plaza(0006),Cothas Coffee Powder,Kg,859.17,-,0,0,IN-2060,1,859.17
05-10-2026,Central Warehouse -Kolkata,Central Warehouse -Kolkata,Dosa Coffee - Rosedale Plaza(0006),Bio-Degradable Spoon (1pkt = 50pc),Pc,1.25,-,0,0,IN-2060,150,187.42
05-10-2026,Central Warehouse -Kolkata,Central Warehouse -Kolkata,Dosa Coffee - Rosedale Plaza(0006),Paper Straw (1pkt = 100pc),Pc,0.39,-,0,0,IN-2060,100,38.67
05-10-2026,Central Warehouse -Kolkata,Central Warehouse -Kolkata,Dosa Coffee - Rosedale Plaza(0006),Paper Napkin (1pkt = 100pc),Pc,0.24,-,0,0,IN-2060,300,70.52
05-10-2026,Central Warehouse -Kolkata,Central Warehouse -Kolkata,Dosa Coffee - Rosedale Plaza(0006),Compartment Tray With Lid - 2CP (1pkt = 25pc),Pc,7.64,-,0,0,IN-2060,25,190.98
05-10-2026,Central Warehouse -Kolkata,Central Warehouse -Kolkata,Dosa Coffee - Rosedale Plaza(0006),Glen Container With Lid - 500ml (1pkt = 50pc),Pc,4.29,-,0,0,IN-2060,150,643.64
05-10-2026,Central Warehouse -Kolkata,Central Warehouse -Kolkata,Dosa Coffee - Rosedale Plaza(0006),Glen Container With Lid - 250ml (1pkt = 50pc),Pc,3.87,-,0,0,IN-2060,150,580.14
05-10-2026,Central Warehouse -Kolkata,Central Warehouse -Kolkata,Dosa Coffee - Rosedale Plaza(0006),Carry Bag - Small (1pkt = 100pc),Pc,7.08,-,0,0,IN-2060,100,707.85
05-10-2026,Central Warehouse -Kolkata,Central Warehouse -Kolkata,Dosa Coffee - Rosedale Plaza(0006),Sticker - MRD (1sheet=108pc),Pc,0.13,-,0,0,IN-2060,216,28.01
05-10-2026,Central Warehouse -Kolkata,Central Warehouse -Kolkata,Dosa Coffee - Rosedale Plaza(0006),Thermal Printer Roll - Posiflex,Pc,46.02,-,0,0,IN-2060,5,230.1
05-10-2026,Central Warehouse -Kolkata,Central Warehouse -Kolkata,Dosa Coffee - Rosedale Plaza(0006),Salt,Kg,27.05,-,0,0,IN-2060,1,27.05
05-10-2026,Central Warehouse -Kolkata,Central Warehouse -Kolkata,Dosa Coffee - Rosedale Plaza(0006),Sugar,Kg,51.88,-,0,0,IN-2060,1,51.88
05-10-2026,Central Warehouse -Kolkata,Central Warehouse -Kolkata,Dosa Coffee - Rosedale Plaza(0006),Fried Chana Daal,Kg,97.59,-,0,0,IN-2060,5,487.96
05-10-2026,Central Warehouse -Kolkata,Central Warehouse -Kolkata,Dosa Coffee - Rosedale Plaza(0006),Mint leaf,Kg,189.43,-,0,0,IN-2060,0.1,18.94
05-10-2026,Central Warehouse -Kolkata,Central Warehouse -Kolkata,Dosa Coffee - Rosedale Plaza(0006),Curry Leaves,Kg,71.16,-,0,0,IN-2060,0.1,7.12
05-10-2026,Central Warehouse -Kolkata,Central Warehouse -Kolkata,Dosa Coffee - Rosedale Plaza(0006),Banana Leaf Small (1bundle = 50pc),Pc,1.25,-,0,0,IN-2060,150,187.48
05-10-2026,Central Warehouse -Kolkata,Central Warehouse -Kolkata,Dosa Coffee - Rosedale Plaza(0006),Carrot,Kg,40.99,-,0,0,IN-2060,1.24,50.83
05-10-2026,Central Warehouse -Kolkata,Central Warehouse -Kolkata,Dosa Coffee - Rosedale Plaza(0006),Coriander Leaves,Kg,99.99,-,0,0,IN-2060,0.5,50
05-10-2026,Central Warehouse -Kolkata,Central Warehouse -Kolkata,Dosa Coffee - Rosedale Plaza(0006),Ginger,Kg,131.12,-,0,0,IN-2060,1.5,196.68
05-10-2026,Central Warehouse -Kolkata,Central Warehouse -Kolkata,Dosa Coffee - Rosedale Plaza(0006),Onion,Kg,36.24,-,0,0,IN-2060,5,181.19
05-10-2026,Central Warehouse -Kolkata,Central Warehouse -Kolkata,Dosa Coffee - Rosedale Plaza(0006),Raw Green Chili,Kg,74.93,-,0,0,IN-2060,1.5,112.4
05-10-2026,Central Warehouse -Kolkata,Central Warehouse -Kolkata,Dosa Coffee - Rosedale Plaza(0006),Milk - Tetra 1Ltr,Ltr,77.18,-,0,0,IN-2060,4,308.71
05-10-2026,Central Warehouse -Kolkata,Central Warehouse -Kolkata,Dosa Coffee - Rosedale Plaza(0006),Milk (Adya Dairy),Ltr,61.85,-,0,0,IN-2060,0.5,30.93
05-10-2026,Central Warehouse -Kolkata,Central Warehouse -Kolkata,Dosa Coffee - Rosedale Plaza(0006),Sunflower Refined Oil  ( 1pkt = 868 Ml ),Ltr,168.77,-,0,0,IN-2060,6.944,1171.97
05-10-2026,Central Warehouse -Kolkata,Central Warehouse -Kolkata,Dosa Coffee - Rosedale Plaza(0006),Ghee,Kg,755.57,-,0,0,IN-2060,1.81,1367.59
05-10-2026,Central Warehouse -Kolkata,Central Warehouse -Kolkata,Dosa Coffee - Rosedale Plaza(0006),White Butter,Kg,576.66,-,0,0,IN-2060,1.5,864.98
05-10-2026,Central Warehouse -Kolkata,Central Warehouse -Kolkata,Dosa Coffee - Rosedale Plaza(0006),Paneer,Kg,299,-,0,0,IN-2060,1,299
05-10-2026,Central Warehouse -Kolkata,Central Warehouse -Kolkata,Dosa Coffee - New Town - Cloud Kitchen (01/0013),Garbage Bag Small (20 X 24),Pkt,53.62,-,0,0,IN-1340,1,53.62
05-10-2026,Central Warehouse -Kolkata,Central Warehouse -Kolkata,Dosa Coffee - New Town - Cloud Kitchen (01/0013),Bio-Degradable Spoon (1pkt = 50pc),Pc,1.25,-,0,0,IN-1340,200,249.89
05-10-2026,Central Warehouse -Kolkata,Central Warehouse -Kolkata,Dosa Coffee - New Town - Cloud Kitchen (01/0013),Paper Napkin (1pkt = 100pc),Pc,0.24,-,0,0,IN-1340,200,47.01
05-10-2026,Central Warehouse -Kolkata,Central Warehouse -Kolkata,Dosa Coffee - New Town - Cloud Kitchen (01/0013),Glen Container With Lid - 750ml (1pkt = 50pc),Pc,6.38,-,0,0,IN-1340,50,319.14
05-10-2026,Central Warehouse -Kolkata,Central Warehouse -Kolkata,Dosa Coffee - New Town - Cloud Kitchen (01/0013),Glen Container With Lid - 500ml (1pkt = 50pc),Pc,4.29,-,0,0,IN-1340,50,214.55
05-10-2026,Central Warehouse -Kolkata,Central Warehouse -Kolkata,Dosa Coffee - New Town - Cloud Kitchen (01/0013),Glen Container With Lid - 250ml (1pkt = 50pc),Pc,3.87,-,0,0,IN-1340,100,386.76
05-10-2026,Central Warehouse -Kolkata,Central Warehouse -Kolkata,Dosa Coffee - New Town - Cloud Kitchen (01/0013),Carry Bag - Large(1pkt = 100pc),Pc,10.52,-,0,0,IN-1340,25,263.05
05-10-2026,Central Warehouse -Kolkata,Central Warehouse -Kolkata,Dosa Coffee - New Town - Cloud Kitchen (01/0013),Take Away Packing Box - Small (1bundle = 50pc),Pc,4.3,-,0,0,IN-1340,100,429.99
05-10-2026,Central Warehouse -Kolkata,Central Warehouse -Kolkata,Dosa Coffee - New Town - Cloud Kitchen (01/0013),Take Away Packing Box - Big (1bundle = 50pc),Pc,6.9,-,0,0,IN-1340,100,690.29
05-10-2026,Central Warehouse -Kolkata,Central Warehouse -Kolkata,Dosa Coffee - New Town - Cloud Kitchen (01/0013),Thermal Printer Roll - Posiflex,Pc,46.02,-,0,0,IN-1340,2,92.04
05-10-2026,Central Warehouse -Kolkata,Central Warehouse -Kolkata,Dosa Coffee - New Town - Cloud Kitchen (01/0013),Salt,Kg,27.05,-,0,0,IN-1340,1,27.05
05-10-2026,Central Warehouse -Kolkata,Central Warehouse -Kolkata,Dosa Coffee - New Town - Cloud Kitchen (01/0013),Raw Potato,Kg,18.74,-,0,0,IN-1340,8,149.92
05-10-2026,Central Warehouse -Kolkata,Central Warehouse -Kolkata,Dosa Coffee - New Town - Cloud Kitchen (01/0013),Beans,Kg,76.21,-,0,0,IN-1340,0.3,22.86
05-10-2026,Central Warehouse -Kolkata,Central Warehouse -Kolkata,Dosa Coffee - New Town - Cloud Kitchen (01/0013),Coriander Leaves,Kg,99.99,-,0,0,IN-1340,0.25,25
05-10-2026,Central Warehouse -Kolkata,Central Warehouse -Kolkata,Dosa Coffee - New Town - Cloud Kitchen (01/0013),Ginger,Kg,131.12,-,0,0,IN-1340,0.5,65.56
05-10-2026,Central Warehouse -Kolkata,Central Warehouse -Kolkata,Dosa Coffee - New Town - Cloud Kitchen (01/0013),Onion,Kg,36.24,-,0,0,IN-1340,3,108.71
05-10-2026,Central Warehouse -Kolkata,Central Warehouse -Kolkata,Dosa Coffee - New Town - Cloud Kitchen (01/0013),Raw Green Chili,Kg,74.93,-,0,0,IN-1340,1,74.93
05-10-2026,Central Warehouse -Kolkata,Central Warehouse -Kolkata,Dosa Coffee - New Town - Cloud Kitchen (01/0013),Milk - Tetra 1Ltr,Ltr,77.18,-,0,0,IN-1340,2,154.35
05-10-2026,Central Warehouse -Kolkata,Central Warehouse -Kolkata,Dosa Coffee - New Town - Cloud Kitchen (01/0013),Milk (Adya Dairy),Ltr,61.85,-,0,0,IN-1340,1,61.85
05-10-2026,Central Warehouse -Kolkata,Central Warehouse -Kolkata,Dosa Coffee - New Town - Cloud Kitchen (01/0013),Sunflower Refined Oil  ( 1pkt = 868 Ml ),Ltr,168.77,-,0,0,IN-1340,5.208,878.98
05-10-2026,Central Warehouse -Kolkata,Central Warehouse -Kolkata,Dosa Coffee - New Town - Cloud Kitchen (01/0013),Ghee,Kg,755.57,-,0,0,IN-1340,0.905,683.79
05-10-2026,Central Warehouse -Kolkata,Central Warehouse -Kolkata,Dosa Coffee - New Town - Cloud Kitchen (01/0013),Raw Curd,Kg,71.4,-,0,0,IN-1340,1,71.4
05-10-2026,Central Warehouse -Kolkata,Central Warehouse -Kolkata,Dosa Coffee - Quest Mall (01/0016),Bio-Degradable Spoon (1pkt = 50pc),Pc,1.25,-,0,0,IN-863,100,124.94
05-10-2026,Central Warehouse -Kolkata,Central Warehouse -Kolkata,Dosa Coffee - Quest Mall (01/0016),Thermal Printer Roll - Posiflex,Pc,46.02,-,0,0,IN-863,3,138.06
05-10-2026,Central Warehouse -Kolkata,Central Warehouse -Kolkata,Dosa Coffee - Quest Mall (01/0016),Brown Sugar Sachet  (1pkt = 200pc),Pc,0.49,-,0,0,IN-863,200,97.85
05-10-2026,Central Warehouse -Kolkata,Central Warehouse -Kolkata,Dosa Coffee - Quest Mall (01/0016),Garbage Bag Large (36 X 42),Pkt,69.46,-,0,0,IN-863,5,347.32
05-10-2026,Central Warehouse -Kolkata,Central Warehouse -Kolkata,Dosa Coffee - Quest Mall (01/0016),Wooden Stirrer (1pkt = 100pc),Pc,0.13,-,0,0,IN-863,500,65.84
05-10-2026,Central Warehouse -Kolkata,Central Warehouse -Kolkata,Dosa Coffee - Quest Mall (01/0016),Banana Leaf Small (1bundle = 50pc),Pc,1.25,-,0,0,IN-863,150,187.48
05-10-2026,Central Warehouse -Kolkata,Central Warehouse -Kolkata,Dosa Coffee - Quest Mall (01/0016),White Sugar Sachet (1pkt = 200pc),Pc,0.42,-,0,0,IN-863,200,84.64
05-10-2026,Central Warehouse -Kolkata,Central Warehouse -Kolkata,Dosa Coffee - Quest Mall (01/0016),Cothas Coffee Powder,Kg,859.17,-,0,0,IN-863,1,859.17
05-10-2026,Central Warehouse -Kolkata,Central Warehouse -Kolkata,Dosa Coffee - Quest Mall (01/0016),Schweppes Water - 500ml,Pc,24.89,-,0,0,IN-863,24,597.25
05-10-2026,Central Warehouse -Kolkata,Central Warehouse -Kolkata,Dosa Coffee - Quest Mall (01/0016),Hot Coffee Cup 150ml (1pkt=25pc),Pc,1.23,-,0,0,IN-863,75,92.09
05-10-2026,Central Warehouse -Kolkata,Central Warehouse -Kolkata,Dosa Coffee - Quest Mall (01/0016),Paper Napkin (1pkt = 100pc),Pc,0.24,-,0,0,IN-863,500,117.53
05-10-2026,Central Warehouse -Kolkata,Central Warehouse -Kolkata,Dosa Coffee - Quest Mall (01/0016),Milk (Adya Dairy),Ltr,61.85,-,0,0,IN-863,0.5,30.93
05-10-2026,Central Warehouse -Kolkata,Central Warehouse -Kolkata,Dosa Coffee - Quest Mall (01/0016),Ghee,Kg,755.57,-,0,0,IN-863,0.905,683.79
05-10-2026,Central Warehouse -Kolkata,Central Warehouse -Kolkata,Dosa Coffee - Quest Mall (01/0016),Sunflower Refined Oil  ( 1pkt = 868 Ml ),Ltr,168.77,-,0,0,IN-863,1.736,292.99
05-10-2026,Central Warehouse -Kolkata,Central Warehouse -Kolkata,Dosa Coffee - Quest Mall (01/0016),Fried Chana Daal,Kg,97.59,-,0,0,IN-863,2,195.18
05-10-2026,Central Warehouse -Kolkata,Central Warehouse -Kolkata,Dosa Coffee - Quest Mall (01/0016),Raw Curd,Kg,71.4,-,0,0,IN-863,2,142.8
05-10-2026,Central Warehouse -Kolkata,Central Warehouse -Kolkata,Dosa Coffee - Quest Mall (01/0016),Raw Green Chili,Kg,74.93,-,0,0,IN-863,0.5,37.47
05-10-2026,Central Warehouse -Kolkata,Central Warehouse -Kolkata,Dosa Coffee - Quest Mall (01/0016),Amul Cheese,Kg,510.96,-,0,0,IN-863,1,510.96
05-10-2026,Central Warehouse -Kolkata,Central Warehouse -Kolkata,Dosa Coffee - Quest Mall (01/0016),Raw Potato,Kg,18.74,-,0,0,IN-863,12,224.88
05-10-2026,Central Warehouse -Kolkata,Central Warehouse -Kolkata,Dosa Coffee - Quest Mall (01/0016),Curry Leaves,Kg,71.16,-,0,0,IN-863,0.1,7.12
05-10-2026,Central Warehouse -Kolkata,Central Warehouse -Kolkata,Dosa Coffee - Quest Mall (01/0016),Coriander Leaves,Kg,99.99,-,0,0,IN-863,0.2,20
05-10-2026,Central Warehouse -Kolkata,Central Warehouse -Kolkata,Dosa Coffee - Quest Mall (01/0016),Carrot,Kg,40.99,-,0,0,IN-863,1.031,42.27
05-10-2026,Central Warehouse -Kolkata,Central Warehouse -Kolkata,Dosa Coffee - Quest Mall (01/0016),Ginger,Kg,131.12,-,0,0,IN-863,0.5,65.56
05-10-2026,Central Warehouse -Kolkata,Central Warehouse -Kolkata,Dosa Coffee - Quest Mall (01/0016),Onion,Kg,36.24,-,0,0,IN-863,4,144.95
05-10-2026,Central Warehouse -Kolkata,Central Warehouse -Kolkata,Dosa Coffee - Rangoli Mall (01/0010),Milk (Adya Dairy),Ltr,61.85,-,0,0,IN-1632,1,61.85
05-10-2026,Central Warehouse -Kolkata,Central Warehouse -Kolkata,Dosa Coffee - Rangoli Mall (01/0010),Tea Leaf,Kg,202.9,-,0,0,IN-1632,1,202.9
05-10-2026,Central Warehouse -Kolkata,Central Warehouse -Kolkata,Dosa Coffee - Rangoli Mall (01/0010),Dosa Duster,Pc,28,-,0,0,IN-1632,10,279.98
05-10-2026,Central Warehouse -Kolkata,Central Warehouse -Kolkata,Dosa Coffee - Rangoli Mall (01/0010),Banana Leaf Big (1bundle = 50pc),Pc,1.8,-,0,0,IN-1632,200,359.65
05-10-2026,Central Warehouse -Kolkata,Central Warehouse -Kolkata,Dosa Coffee - Rangoli Mall (01/0010),Coriander Leaves,Kg,99.99,-,0,0,IN-1632,0.3,30
05-10-2026,Central Warehouse -Kolkata,Central Warehouse -Kolkata,Dosa Coffee - Rangoli Mall (01/0010),Fried Chana Daal,Kg,97.59,-,0,0,IN-1632,4,390.37
05-10-2026,Central Warehouse -Kolkata,Central Warehouse -Kolkata,Dosa Coffee - Calcutta Swiming Club (0007),Ghee,Kg,755.57,-,0,0,IN-1517,0.905,683.79
05-10-2026,Central Warehouse -Kolkata,Central Warehouse -Kolkata,Dosa Coffee - Calcutta Swiming Club (0007),Sunflower Refined Oil  ( 1pkt = 868 Ml ),Ltr,168.77,-,0,0,IN-1517,0.868,146.5
05-10-2026,Central Warehouse -Kolkata,Central Warehouse -Kolkata,Dosa Coffee - Calcutta Swiming Club (0007),White Butter,Kg,576.66,-,0,0,IN-1517,0.5,288.33
05-10-2026,Central Warehouse -Kolkata,Central Warehouse -Kolkata,Dosa Coffee - Calcutta Swiming Club (0007),Cothas Coffee Powder,Kg,859.17,-,0,0,IN-1517,0.5,429.58
05-10-2026,Central Warehouse -Kolkata,Central Warehouse -Kolkata,Dosa Coffee - Calcutta Swiming Club (0007),Milk (Adya Dairy),Ltr,61.85,-,0,0,IN-1517,0.5,30.93
05-10-2026,Central Warehouse -Kolkata,Central Warehouse -Kolkata,Dosa Coffee - Calcutta Swiming Club (0007),Glen Container With Lid - 100ml (1pkt = 50pc),Pc,1.76,-,0,0,IN-1517,50,88.05
05-10-2026,Central Warehouse -Kolkata,Central Warehouse -Kolkata,Dosa Coffee - Calcutta Swiming Club (0007),Coriander Leaves,Kg,99.99,-,0,0,IN-1517,0.1,10
05-10-2026,Central Warehouse -Kolkata,Central Warehouse -Kolkata,Dosa Coffee - Calcutta Swiming Club (0007),Fried Chana Daal,Kg,97.59,-,0,0,IN-1517,1,97.59
05-10-2026,Central Warehouse -Kolkata,Central Warehouse -Kolkata,Dosa Coffee - Forum (0003),Glass Bottle 300ml W/Cap (1box = 48pc),Pc,12.48,-,0,0,IN-1711,48,598.94
05-10-2026,Central Warehouse -Kolkata,Central Warehouse -Kolkata,Dosa Coffee - Forum (0003),Lime,Pc,3.5,-,0,0,IN-1711,10,35
05-10-2026,Central Warehouse -Kolkata,Central Warehouse -Kolkata,Dosa Coffee - Forum (0003),White Sugar Sachet (1pkt = 200pc),Pc,0.42,-,0,0,IN-1711,200,84.64
05-10-2026,Central Warehouse -Kolkata,Central Warehouse -Kolkata,Dosa Coffee - Forum (0003),Bio-Degradable Spoon (1pkt = 50pc),Pc,1.25,-,0,0,IN-1711,200,249.89
05-10-2026,Central Warehouse -Kolkata,Central Warehouse -Kolkata,Dosa Coffee - Forum (0003),Paper Napkin (1pkt = 100pc),Pc,0.24,-,0,0,IN-1711,200,47.01
05-10-2026,Central Warehouse -Kolkata,Central Warehouse -Kolkata,Dosa Coffee - Forum (0003),Amul IC BP Vanilla (5L) CF,Ltr,97.8,-,0,0,IN-1711,5,489
05-10-2026,Central Warehouse -Kolkata,Central Warehouse -Kolkata,Dosa Coffee - Forum (0003),Paper Food Container - 100ml (1pkt = 50pc),Pc,1.78,-,0,0,IN-1711,200,356.74
05-10-2026,Central Warehouse -Kolkata,Central Warehouse -Kolkata,Dosa Coffee - Forum (0003),Sugar,Kg,51.88,-,0,0,IN-1711,1,51.88
05-10-2026,Central Warehouse -Kolkata,Central Warehouse -Kolkata,Dosa Coffee - Forum (0003),Salt,Kg,27.05,-,0,0,IN-1711,1,27.05
05-10-2026,Central Warehouse -Kolkata,Central Warehouse -Kolkata,Dosa Coffee - Forum (0003),Raw Curd,Kg,71.4,-,0,0,IN-1711,1,71.4
05-10-2026,Central Warehouse -Kolkata,Central Warehouse -Kolkata,Dosa Coffee - Forum (0003),Amada,Kg,70.24,-,0,0,IN-1711,0.05,3.51
05-10-2026,Central Warehouse -Kolkata,Central Warehouse -Kolkata,Dosa Coffee - Forum (0003),Carrot,Kg,40.99,-,0,0,IN-1711,0.572,23.45
05-10-2026,Central Warehouse -Kolkata,Central Warehouse -Kolkata,Dosa Coffee - Forum (0003),Oreo Buiscuits,Pkt,9.72,-,0,0,IN-1711,2,19.45
05-10-2026,Central Warehouse -Kolkata,Central Warehouse -Kolkata,Dosa Coffee - Forum (0003),Banana Leaf Big (1bundle = 50pc),Pc,1.8,-,0,0,IN-1711,50,89.91
05-10-2026,Central Warehouse -Kolkata,Central Warehouse -Kolkata,Dosa Coffee - Forum (0003),Paneer,Kg,299,-,0,0,IN-1711,1,299
05-10-2026,Central Warehouse -Kolkata,Central Warehouse -Kolkata,Dosa Coffee - Forum (0003),Milk (Adya Dairy),Ltr,61.85,-,0,0,IN-1711,0.5,30.93
05-10-2026,Central Warehouse -Kolkata,Central Warehouse -Kolkata,Dosa Coffee - Forum (0003),Raw Mango,Kg,85.08,-,0,0,IN-1711,0.738,62.79
05-10-2026,Central Warehouse -Kolkata,Central Warehouse -Kolkata,Dosa Coffee - Forum (0003),Tomato,Kg,40,-,0,0,IN-1711,0.5,20
05-10-2026,Central Warehouse -Kolkata,Central Warehouse -Kolkata,Dosa Coffee - Forum (0003),Coriander Leaves,Kg,99.99,-,0,0,IN-1711,0.1,10
05-10-2026,Central Warehouse -Kolkata,Central Warehouse -Kolkata,Dosa Coffee - Forum (0003),Onion,Kg,36.24,-,0,0,IN-1711,3,108.71
05-10-2026,Central Warehouse -Kolkata,Central Warehouse -Kolkata,Dosa Coffee - Forum (0003),Raw Potato,Kg,18.74,-,0,0,IN-1711,6,112.44
05-10-2026,Central Warehouse -Kolkata,Central Warehouse -Kolkata,Dosa Coffee - Forum (0003),Raw Green Chili,Kg,74.93,-,0,0,IN-1711,0.5,37.47
05-10-2026,Central Warehouse -Kolkata,Central Warehouse -Kolkata,Dosa Coffee - Forum (0003),Ginger,Kg,131.12,-,0,0,IN-1711,0.5,65.56
05-10-2026,Central Warehouse -Kolkata,Central Warehouse -Kolkata,Dosa Coffee - Forum (0003),Fried Chana Daal,Kg,97.59,-,0,0,IN-1711,3,292.77
05-10-2026,Central Warehouse -Kolkata,Central Warehouse -Kolkata,Dosa Coffee - Forum (0003),Paper Tray Mat (1pkt = 500pc),Pc,0.95,-,0,0,IN-1711,500,473.38
05-10-2026,Central Warehouse -Kolkata,Central Warehouse -Kolkata,Dosa Coffee - Forum (0003),Garbage Bag Large (36 X 42),Pkt,69.46,-,0,0,IN-1711,5,347.32
05-10-2026,Central Warehouse -Kolkata,Central Warehouse -Kolkata,Dosa Coffee - Kalikapur (01/0014),White Butter,Kg,576.66,-,0,0,IN-1516,0.5,288.33
05-10-2026,Central Warehouse -Kolkata,Central Warehouse -Kolkata,Dosa Coffee - Kalikapur (01/0014),Tomato,Kg,40,-,0,0,IN-1516,0.5,20
05-10-2026,Central Warehouse -Kolkata,Central Warehouse -Kolkata,Dosa Coffee - Kalikapur (01/0014),Take Away Packing Box - Small (1bundle = 50pc),Pc,4.3,-,0,0,IN-1516,100,429.99
05-10-2026,Central Warehouse -Kolkata,Central Warehouse -Kolkata,Dosa Coffee - Kalikapur (01/0014),Sunflower Refined Oil  ( 1pkt = 868 Ml ),Ltr,168.77,-,0,0,IN-1516,4.34,732.48
05-10-2026,Central Warehouse -Kolkata,Central Warehouse -Kolkata,Dosa Coffee - Kalikapur (01/0014),Raw Mango,Kg,85.08,-,0,0,IN-1516,0.56,47.65
05-10-2026,Central Warehouse -Kolkata,Central Warehouse -Kolkata,Dosa Coffee - Kalikapur (01/0014),Raw Green Chili,Kg,74.93,-,0,0,IN-1516,0.5,37.47
05-10-2026,Central Warehouse -Kolkata,Central Warehouse -Kolkata,Dosa Coffee - Kalikapur (01/0014),Paper Napkin (1pkt = 100pc),Pc,0.24,-,0,0,IN-1516,300,70.52
05-10-2026,Central Warehouse -Kolkata,Central Warehouse -Kolkata,Dosa Coffee - Kalikapur (01/0014),Paneer,Kg,299,-,0,0,IN-1516,1,299
05-10-2026,Central Warehouse -Kolkata,Central Warehouse -Kolkata,Dosa Coffee - Kalikapur (01/0014),Onion,Kg,36.24,-,0,0,IN-1516,3,108.71
05-10-2026,Central Warehouse -Kolkata,Central Warehouse -Kolkata,Dosa Coffee - Kalikapur (01/0014),Mint leaf,Kg,189.43,-,0,0,IN-1516,0.1,18.94
05-10-2026,Central Warehouse -Kolkata,Central Warehouse -Kolkata,Dosa Coffee - Kalikapur (01/0014),Milk (Adya Dairy),Ltr,61.85,-,0,0,IN-1516,0.5,30.93
05-10-2026,Central Warehouse -Kolkata,Central Warehouse -Kolkata,Dosa Coffee - Kalikapur (01/0014),Lime,Pc,3.5,-,0,0,IN-1516,20,70
05-10-2026,Central Warehouse -Kolkata,Central Warehouse -Kolkata,Dosa Coffee - Kalikapur (01/0014),Hot Coffee Cup 150ml (1pkt=25pc),Pc,1.23,-,0,0,IN-1516,25,30.7
05-10-2026,Central Warehouse -Kolkata,Central Warehouse -Kolkata,Dosa Coffee - Kalikapur (01/0014),Glen Container With Lid - 250ml (1pkt = 50pc),Pc,3.87,-,0,0,IN-1516,200,773.52
05-10-2026,Central Warehouse -Kolkata,Central Warehouse -Kolkata,Dosa Coffee - Kalikapur (01/0014),Ginger,Kg,131.12,-,0,0,IN-1516,0.5,65.56
05-10-2026,Central Warehouse -Kolkata,Central Warehouse -Kolkata,Dosa Coffee - Kalikapur (01/0014),Ghee,Kg,755.57,-,0,0,IN-1516,0.905,683.79
05-10-2026,Central Warehouse -Kolkata,Central Warehouse -Kolkata,Dosa Coffee - Kalikapur (01/0014),Garlic,Kg,139.99,-,0,0,IN-1516,0.1,14
05-10-2026,Central Warehouse -Kolkata,Central Warehouse -Kolkata,Dosa Coffee - Kalikapur (01/0014),Fried Chana Daal,Kg,97.59,-,0,0,IN-1516,3,292.77
05-10-2026,Central Warehouse -Kolkata,Central Warehouse -Kolkata,Dosa Coffee - Kalikapur (01/0014),Curry Leaves,Kg,71.16,-,0,0,IN-1516,0.1,7.12
05-10-2026,Central Warehouse -Kolkata,Central Warehouse -Kolkata,Dosa Coffee - Kalikapur (01/0014),Coriander Leaves,Kg,99.99,-,0,0,IN-1516,0.3,30
05-10-2026,Central Warehouse -Kolkata,Central Warehouse -Kolkata,Dosa Coffee - Kalikapur (01/0014),Coffee/Tea Flask - 250ml (1pkt = 25pc),Pc,18.05,-,0,0,IN-1516,5,90.25
05-10-2026,Central Warehouse -Kolkata,Central Warehouse -Kolkata,Dosa Coffee - Kalikapur (01/0014),Carrot,Kg,40.99,-,0,0,IN-1516,0.58,23.78
05-10-2026,Central Warehouse -Kolkata,Central Warehouse -Kolkata,Dosa Coffee - Kalikapur (01/0014),C Fold Tissue (Toilet Tissue),Pkt,49.48,-,0,0,IN-1516,2,98.96
05-10-2026,Central Warehouse -Kolkata,Central Warehouse -Kolkata,Dosa Coffee - Kalikapur (01/0014),Raw Potato,Kg,18.74,-,0,0,IN-1516,10,187.4
05-10-2026,Central Warehouse -Kolkata,Central Warehouse -Kolkata,Dosa Coffee - Kalikapur (01/0014),Bio-Degradable Spoon (1pkt = 50pc),Pc,1.25,-,0,0,IN-1516,100,124.94
05-10-2026,Central Warehouse -Kolkata,Central Warehouse -Kolkata,Dosa Coffee - Kalikapur (01/0014),Banana Leaf Big (1bundle = 50pc),Pc,1.8,-,0,0,IN-1516,50,89.89
05-10-2026,Central Warehouse -Kolkata,Central Warehouse -Kolkata,Dosa Coffee - Kalikapur (01/0014),Banana Leaf Small (1bundle = 50pc),Pc,1.25,-,0,0,IN-1516,50,62.49
05-10-2026,Central Warehouse -Kolkata,Central Warehouse -Kolkata,Dosa Coffee - Kalikapur (01/0014),Amul Cheese,Kg,510.96,-,0,0,IN-1516,1,510.96
05-10-2026,Central Warehouse -Kolkata,Central Warehouse -Kolkata,Dosa Coffee - Kalikapur (01/0014),Amul Butter,Kg,564.66,-,0,0,IN-1516,0.5,282.33
05-10-2026,Central Warehouse -Kolkata,Central Warehouse -Kolkata,Dosa Coffee - Lake Town (0005),Chef Coat,Pc,664.84,-,0,0,IN-2156,1,664.84
05-10-2026,Central Warehouse -Kolkata,Central Warehouse -Kolkata,Dosa Coffee - Lake Town (0005),Apron Half,Pc,178.49,-,0,0,IN-2156,1,178.49
05-10-2026,Central Warehouse -Kolkata,Central Warehouse -Kolkata,Dosa Coffee - Lake Town (0005),Black Cap,Pc,139.93,-,0,0,IN-2156,1,139.93
05-10-2026,Central Warehouse -Kolkata,Central Warehouse -Kolkata,Dosa Coffee - Lake Town (0005),Green T-Shirt,Pc,374.23,-,0,0,IN-2156,2,748.46
05-10-2026,Central Warehouse -Kolkata,Central Warehouse -Kolkata,Dosa Coffee - Ideal Plaza (01/0001),Lime,Pc,3.5,-,0,0,IN-3226,30,105
05-10-2026,Central Warehouse -Kolkata,Central Warehouse -Kolkata,Dosa Coffee - Lake road 01/0015,Amul IC BP Vanilla (5L) CF,Ltr,97.8,-,0,0,IN-1317,5,489
05-10-2026,Central Warehouse -Kolkata,Central Warehouse -Kolkata,Dosa Coffee - Lake road 01/0015,White Butter,Kg,576.66,-,0,0,IN-1317,1,576.66
05-10-2026,Central Warehouse -Kolkata,Central Warehouse -Kolkata,Dosa Coffee - Lake road 01/0015,Appalam Papad (1pkt = 47pc),Pc,3.78,-,0,0,IN-1317,47,177.71
05-10-2026,Central Warehouse -Kolkata,Central Warehouse -Kolkata,Dosa Coffee - Lake road 01/0015,Bio-Degradable Spoon (1pkt = 50pc),Pc,1.25,-,0,0,IN-1318,200,249.89
05-10-2026,Central Warehouse -Kolkata,Central Warehouse -Kolkata,Dosa Coffee - Salt Lake (002),Banana Leaf Small (1bundle = 50pc),Pc,1.25,-,0,0,IN-2244,50,62.49
05-10-2026,Central Warehouse -Kolkata,Central Warehouse -Kolkata,Dosa Coffee - Salt Lake (002),Onion,Kg,36.24,-,0,0,IN-2244,2,72.48
05-10-2026,Central Warehouse -Kolkata,Central Warehouse -Kolkata,Dosa Coffee - Salt Lake (002),Coriander Leaves,Kg,99.99,-,0,0,IN-2244,0.5,50
05-10-2026,Central Warehouse -Kolkata,Central Warehouse -Kolkata,Dosa Coffee - Salt Lake (002),Watermelon,Kg,34.89,-,0,0,IN-2244,3,104.67
05-10-2026,Central Warehouse -Kolkata,Central Warehouse -Kolkata,Dosa Coffee - Salt Lake Sec-1 (0009),Cothas Coffee Powder,Kg,859.17,-,0,0,IN-2012,1,859.17
05-10-2026,Central Warehouse -Kolkata,Central Warehouse -Kolkata,Dosa Coffee - Salt Lake Sec-1 (0009),Lime,Pc,3.5,-,0,0,IN-2012,40,140.01
05-10-2026,Central Warehouse -Kolkata,Central Warehouse -Kolkata,Dosa Coffee - Salt Lake Sec-1 (0009),Paper Napkin (1pkt = 100pc),Pc,0.24,-,0,0,IN-2012,400,94.03
05-10-2026,Central Warehouse -Kolkata,Central Warehouse -Kolkata,Dosa Coffee - Salt Lake Sec-1 (0009),Banana Leaf Small (1bundle = 50pc),Pc,1.25,-,0,0,IN-2012,100,124.98
05-10-2026,Central Warehouse -Kolkata,Central Warehouse -Kolkata,Dosa Coffee - Salt Lake Sec-1 (0009),Banana Leaf Big (1bundle = 50pc),Pc,1.8,-,0,0,IN-2012,150,269.66
05-10-2026,Central Warehouse -Kolkata,Central Warehouse -Kolkata,Dosa Coffee - Salt Lake Sec-1 (0009),Amul IC BP Vanilla (5L) CF,Ltr,97.8,-,0,0,IN-2012,5,489
05-10-2026,Central Warehouse -Kolkata,Central Warehouse -Kolkata,Dosa Coffee - Salt Lake Sec-1 (0009),Watermelon,Kg,34.89,-,0,0,IN-2012,5.019,175.12
05-10-2026,Central Warehouse -Kolkata,Central Warehouse -Kolkata,Dosa Coffee - Salt Lake Sec-1 (0009),White Butter,Kg,576.66,-,0,0,IN-2012,0.5,288.33
05-10-2026,Central Warehouse -Kolkata,Central Warehouse -Kolkata,Dosa Coffee - Salt Lake Sec-1 (0009),Ghee,Kg,755.57,-,0,0,IN-2012,1.81,1367.59
05-10-2026,Central Warehouse -Kolkata,Central Warehouse -Kolkata,Dosa Coffee - Salt Lake Sec-1 (0009),Sunflower Refined Oil  ( 1pkt = 868 Ml ),Ltr,168.77,-,0,0,IN-2012,2.604,439.49
05-10-2026,Central Warehouse -Kolkata,Dosa Coffee - Lake road 01/0015,Central Warehouse -Kolkata,Ghee,Kg,751.14,IN-1313,0.905,679.78,-,0,0
05-10-2026,Central Warehouse -Kolkata,Central Warehouse -Kolkata,Dosa Coffee - Rangoli Mall (01/0010),Paneer,Kg,299,-,0,0,IN-1634,1,299
05-10-2026,Central Warehouse -Kolkata,Central Warehouse -Kolkata,Dosa Coffee - Rangoli Mall (01/0010),Sunflower Refined Oil  ( 1pkt = 868 Ml ),Ltr,168.77,-,0,0,IN-1634,1.736,292.99
05-10-2026,Central Warehouse -Kolkata,Central Warehouse -Kolkata,Dosa Coffee - Rangoli Mall (01/0010),Ghee,Kg,755.57,-,0,0,IN-1634,1.81,1367.59
05-10-2026,Central Warehouse -Kolkata,Central Warehouse -Kolkata,Dosa Coffee - Rangoli Mall (01/0010),Ginger,Kg,131.13,-,0,0,IN-1634,1,131.13
06-10-2026,Central Warehouse -Kolkata,Central Warehouse -Kolkata,Dosa Coffee - Lake road 01/0015,Watermelon,Kg,34.89,-,0,0,IN-1320,7.68,267.96
06-10-2026,Central Warehouse -Kolkata,Central Warehouse -Kolkata,Dosa Coffee - Lake road 01/0015,Raw Potato,Kg,18.73,-,0,0,IN-1320,15,280.94
06-10-2026,Central Warehouse -Kolkata,Central Warehouse -Kolkata,Dosa Coffee - Lake road 01/0015,White Butter,Kg,579.78,-,0,0,IN-1320,1,579.78
06-10-2026,Central Warehouse -Kolkata,Central Warehouse -Kolkata,Dosa Coffee - Lake road 01/0015,Tomato,Kg,40,-,0,0,IN-1320,1,40
06-10-2026,Central Warehouse -Kolkata,Central Warehouse -Kolkata,Dosa Coffee - Lake road 01/0015,Take Away Packing Box - Small (1bundle = 50pc),Pc,4.3,-,0,0,IN-1320,200,859.98
06-10-2026,Central Warehouse -Kolkata,Central Warehouse -Kolkata,Dosa Coffee - Lake road 01/0015,Sugar Free Sachet (1box=100pc),Pkt,56.29,-,0,0,IN-1320,1,56.29
06-10-2026,Central Warehouse -Kolkata,Central Warehouse -Kolkata,Dosa Coffee - Lake road 01/0015,Sugar,Kg,52.03,-,0,0,IN-1320,1,52.03
06-10-2026,Central Warehouse -Kolkata,Central Warehouse -Kolkata,Dosa Coffee - Lake road 01/0015,Sticker - MRD (1sheet=108pc),Pc,0.13,-,0,0,IN-1320,540,70.02
06-10-2026,Central Warehouse -Kolkata,Central Warehouse -Kolkata,Dosa Coffee - Lake road 01/0015,Silver Foil,Pc,349.19,-,0,0,IN-1320,1,349.19
06-10-2026,Central Warehouse -Kolkata,Central Warehouse -Kolkata,Dosa Coffee - Lake road 01/0015,Salt,Kg,27.05,-,0,0,IN-1320,1,27.05
06-10-2026,Central Warehouse -Kolkata,Central Warehouse -Kolkata,Dosa Coffee - Lake road 01/0015,Raw Green Chili,Kg,74.93,-,0,0,IN-1320,1,74.93
06-10-2026,Central Warehouse -Kolkata,Central Warehouse -Kolkata,Dosa Coffee - Lake road 01/0015,Raw Curd,Kg,71.4,-,0,0,IN-1320,3,214.2
06-10-2026,Central Warehouse -Kolkata,Central Warehouse -Kolkata,Dosa Coffee - Lake road 01/0015,Paper Straw (1pkt = 100pc),Pc,0.39,-,0,0,IN-1320,100,38.67
06-10-2026,Central Warehouse -Kolkata,Central Warehouse -Kolkata,Dosa Coffee - Lake road 01/0015,Paper Napkin (1pkt = 100pc),Pc,0.24,-,0,0,IN-1320,500,117.53
06-10-2026,Central Warehouse -Kolkata,Central Warehouse -Kolkata,Dosa Coffee - Lake road 01/0015,Onion,Kg,36.23,-,0,0,IN-1320,5,181.14
06-10-2026,Central Warehouse -Kolkata,Central Warehouse -Kolkata,Dosa Coffee - Lake road 01/0015,Mint leaf,Kg,189.43,-,0,0,IN-1320,0.1,18.94
06-10-2026,Central Warehouse -Kolkata,Central Warehouse -Kolkata,Dosa Coffee - Lake road 01/0015,Milk - Tetra 1Ltr,Ltr,77.18,-,0,0,IN-1320,12,926.12
06-10-2026,Central Warehouse -Kolkata,Central Warehouse -Kolkata,Dosa Coffee - Lake road 01/0015,Milk (Adya Dairy),Ltr,61.85,-,0,0,IN-1320,0.5,30.93
06-10-2026,Central Warehouse -Kolkata,Central Warehouse -Kolkata,Dosa Coffee - Lake road 01/0015,Lime,Pc,3.5,-,0,0,IN-1320,60,210.01
06-10-2026,Central Warehouse -Kolkata,Central Warehouse -Kolkata,Dosa Coffee - Lake road 01/0015,Jaggery Powder (250gm=1pkt),Kg,109.81,-,0,0,IN-1320,0.25,27.45
06-10-2026,Central Warehouse -Kolkata,Central Warehouse -Kolkata,Dosa Coffee - Lake road 01/0015,Jaggery,Kg,61.68,-,0,0,IN-1320,0.5,30.84
06-10-2026,Central Warehouse -Kolkata,Central Warehouse -Kolkata,Dosa Coffee - Lake road 01/0015,Glen Container With Lid - 100ml (1pkt = 50pc),Pc,1.76,-,0,0,IN-1320,50,88.05
06-10-2026,Central Warehouse -Kolkata,Central Warehouse -Kolkata,Dosa Coffee - Lake road 01/0015,Ginger,Kg,131.13,-,0,0,IN-1320,1.5,196.69
06-10-2026,Central Warehouse -Kolkata,Central Warehouse -Kolkata,Dosa Coffee - Lake road 01/0015,Ghee,Kg,755.57,-,0,0,IN-1320,1.81,1367.59
06-10-2026,Central Warehouse -Kolkata,Central Warehouse -Kolkata,Dosa Coffee - Lake road 01/0015,Garlic,Kg,139.99,-,0,0,IN-1320,0.1,14
06-10-2026,Central Warehouse -Kolkata,Central Warehouse -Kolkata,Dosa Coffee - Lake road 01/0015,Garbage Bag Large (36 X 42),Pkt,69.46,-,0,0,IN-1320,1,69.46
06-10-2026,Central Warehouse -Kolkata,Central Warehouse -Kolkata,Dosa Coffee - Lake road 01/0015,Fried Chana Daal,Kg,97.59,-,0,0,IN-1320,2,195.18
06-10-2026,Central Warehouse -Kolkata,Central Warehouse -Kolkata,Dosa Coffee - Lake road 01/0015,Idli Daal (Rajkot),Kg,157.01,-,0,0,IN-1320,2,314.01
06-10-2026,Central Warehouse -Kolkata,Central Warehouse -Kolkata,Dosa Coffee - Lake road 01/0015,Curry Leaves,Kg,71.17,-,0,0,IN-1320,0.1,7.12
06-10-2026,Central Warehouse -Kolkata,Central Warehouse -Kolkata,Dosa Coffee - Lake road 01/0015,Cothas Coffee Powder,Kg,859.17,-,0,0,IN-1320,1,859.17
06-10-2026,Central Warehouse -Kolkata,Central Warehouse -Kolkata,Dosa Coffee - Lake road 01/0015,Coriander Leaves,Kg,99.99,-,0,0,IN-1320,0.4,40
06-10-2026,Central Warehouse -Kolkata,Central Warehouse -Kolkata,Dosa Coffee - Lake road 01/0015,Carry Bag - Small (1pkt = 100pc),Pc,7.08,-,0,0,IN-1320,300,2123.56
06-10-2026,Central Warehouse -Kolkata,Central Warehouse -Kolkata,Dosa Coffee - Lake road 01/0015,Carry Bag - Large(1pkt = 100pc),Pc,10.52,-,0,0,IN-1320,25,263.05
06-10-2026,Central Warehouse -Kolkata,Central Warehouse -Kolkata,Dosa Coffee - Lake road 01/0015,Carrot,Kg,40.99,-,0,0,IN-1320,0.5,20.5
06-10-2026,Central Warehouse -Kolkata,Central Warehouse -Kolkata,Dosa Coffee - Lake road 01/0015,C Fold Tissue (Toilet Tissue),Pkt,49.48,-,0,0,IN-1320,3,148.44
06-10-2026,Central Warehouse -Kolkata,Central Warehouse -Kolkata,Dosa Coffee - Lake road 01/0015,Bio-Degradable Spoon (1pkt = 50pc),Pc,1.25,-,0,0,IN-1320,300,374.83
06-10-2026,Central Warehouse -Kolkata,Central Warehouse -Kolkata,Dosa Coffee - Lake road 01/0015,Beans,Kg,76.21,-,0,0,IN-1320,0.1,7.62
06-10-2026,Central Warehouse -Kolkata,Central Warehouse -Kolkata,Dosa Coffee - Lake road 01/0015,Banana Leaf Big (1bundle = 50pc),Pc,1.8,-,0,0,IN-1320,200,360.13
06-10-2026,Central Warehouse -Kolkata,Central Warehouse -Kolkata,Dosa Coffee - Lake road 01/0015,Banana Leaf Small (1bundle = 50pc),Pc,1.25,-,0,0,IN-1320,200,249.97
06-10-2026,Central Warehouse -Kolkata,Central Warehouse -Kolkata,Dosa Coffee - Lake road 01/0015,Amul IC BP Vanilla (5L) CF,Ltr,97.8,-,0,0,IN-1320,5,489
06-10-2026,Central Warehouse -Kolkata,Central Warehouse -Kolkata,Dosa Coffee - Lake road 01/0015,Amul Butter,Kg,564.66,-,0,0,IN-1320,0.5,282.33
06-10-2026,Central Warehouse -Kolkata,Central Warehouse -Kolkata,Dosa Coffee - Ideal Plaza (01/0001),Scrubber - Scotch Brite,Pc,12.26,-,0,0,IN-3228,4,49.05
06-10-2026,Central Warehouse -Kolkata,Central Warehouse -Kolkata,Dosa Coffee - Ideal Plaza (01/0001),Ecolab-Multi Purpose SINK Detergent (1can = 1ltr),Can,406.75,-,0,0,IN-3228,1,406.75
06-10-2026,Central Warehouse -Kolkata,Central Warehouse -Kolkata,Dosa Coffee - Ideal Plaza (01/0001),Chhote Lal Tea 250GM,Kg,392.46,-,0,0,IN-3228,0.25,98.11
06-10-2026,Central Warehouse -Kolkata,Central Warehouse -Kolkata,Dosa Coffee - Ideal Plaza (01/0001),C Fold Tissue (Toilet Tissue),Pkt,49.48,-,0,0,IN-3228,4,197.92
06-10-2026,Central Warehouse -Kolkata,Central Warehouse -Kolkata,Dosa Coffee - Ideal Plaza (01/0001),Room Freshner,Pc,77.75,-,0,0,IN-3228,2,155.5
06-10-2026,Central Warehouse -Kolkata,Central Warehouse -Kolkata,Dosa Coffee - Ideal Plaza (01/0001),Supari,Pkt,148.81,-,0,0,IN-3228,5,744.03
06-10-2026,Central Warehouse -Kolkata,Central Warehouse -Kolkata,Dosa Coffee - Ideal Plaza (01/0001),Cothas Coffee Powder,Kg,859.17,-,0,0,IN-3228,2,1718.34
06-10-2026,Central Warehouse -Kolkata,Central Warehouse -Kolkata,Dosa Coffee - Ideal Plaza (01/0001),Sugar Free Sachet (1box=100pc),Pkt,56.29,-,0,0,IN-3228,1,56.29
06-10-2026,Central Warehouse -Kolkata,Central Warehouse -Kolkata,Dosa Coffee - Ideal Plaza (01/0001),White Sugar Sachet (1pkt = 200pc),Pc,0.42,-,0,0,IN-3228,400,169.28
06-10-2026,Central Warehouse -Kolkata,Central Warehouse -Kolkata,Dosa Coffee - Ideal Plaza (01/0001),Milk - Tetra 1Ltr,Ltr,77.18,-,0,0,IN-3228,24,1852.25
06-10-2026,Central Warehouse -Kolkata,Central Warehouse -Kolkata,Dosa Coffee - Ideal Plaza (01/0001),Nuttella (350gm),Kg,915.81,-,0,0,IN-3228,0.35,320.53
06-10-2026,Central Warehouse -Kolkata,Central Warehouse -Kolkata,Dosa Coffee - Ideal Plaza (01/0001),Oreo Buiscuits,Pkt,9.73,-,0,0,IN-3228,5,48.65
06-10-2026,Central Warehouse -Kolkata,Central Warehouse -Kolkata,Dosa Coffee - Ideal Plaza (01/0001),Schweppes Water - 500ml,Pc,24.89,-,0,0,IN-3228,48,1194.49
06-10-2026,Central Warehouse -Kolkata,Central Warehouse -Kolkata,Dosa Coffee - Ideal Plaza (01/0001),Paper Straw (1pkt = 100pc),Pc,0.39,-,0,0,IN-3228,500,193.34
06-10-2026,Central Warehouse -Kolkata,Central Warehouse -Kolkata,Dosa Coffee - Ideal Plaza (01/0001),Paper Napkin (1pkt = 100pc),Pc,0.24,-,0,0,IN-3228,2000,470.14
06-10-2026,Central Warehouse -Kolkata,Central Warehouse -Kolkata,Dosa Coffee - Ideal Plaza (01/0001),Cottons Lemonade,Pc,17.44,-,0,0,IN-3228,48,837.12
06-10-2026,Central Warehouse -Kolkata,Central Warehouse -Kolkata,Dosa Coffee - Ideal Plaza (01/0001),Kinley Soda 750ml Pet,Pc,15.82,-,0,0,IN-3228,6,94.9
06-10-2026,Central Warehouse -Kolkata,Central Warehouse -Kolkata,Dosa Coffee - Ideal Plaza (01/0001),Amul IC BP Vanilla (5L) CF,Ltr,97.8,-,0,0,IN-3228,5,489
06-10-2026,Central Warehouse -Kolkata,Central Warehouse -Kolkata,Dosa Coffee - Ideal Plaza (01/0001),Banana Leaf Small (1bundle = 50pc),Pc,1.25,-,0,0,IN-3228,100,124.98
06-10-2026,Central Warehouse -Kolkata,Central Warehouse -Kolkata,Dosa Coffee - Ideal Plaza (01/0001),Banana Leaf Big (1bundle = 50pc),Pc,1.8,-,0,0,IN-3228,200,360.13
06-10-2026,Central Warehouse -Kolkata,Central Warehouse -Kolkata,Dosa Coffee - Ideal Plaza (01/0001),Lime,Pc,3.5,-,0,0,IN-3228,40,140.01
06-10-2026,Central Warehouse -Kolkata,Central Warehouse -Kolkata,Dosa Coffee - Ideal Plaza (01/0001),Watermelon,Kg,34.89,-,0,0,IN-3228,9.29,324.14
06-10-2026,Central Warehouse -Kolkata,Central Warehouse -Kolkata,Dosa Coffee - Ideal Plaza (01/0001),Raw Coconut,Pc,38.93,-,0,0,IN-3228,100,3893.03
06-10-2026,Central Warehouse -Kolkata,Central Warehouse -Kolkata,Dosa Coffee - Ideal Plaza (01/0001),Fried Chana Daal,Kg,97.59,-,0,0,IN-3228,20,1951.83
06-10-2026,Central Warehouse -Kolkata,Central Warehouse -Kolkata,Dosa Coffee - Ideal Plaza (01/0001),Sugar,Kg,52.03,-,0,0,IN-3228,5,260.15
06-10-2026,Central Warehouse -Kolkata,Central Warehouse -Kolkata,Dosa Coffee - Ideal Plaza (01/0001),Salt,Kg,27.05,-,0,0,IN-3228,3,81.14
06-10-2026,Central Warehouse -Kolkata,Central Warehouse -Kolkata,Dosa Coffee - Ideal Plaza (01/0001),Heeng Powder,gm,1.64,-,0,0,IN-3228,100,164.22
06-10-2026,Central Warehouse -Kolkata,Central Warehouse -Kolkata,Dosa Coffee - Ideal Plaza (01/0001),Turmeric Powder,gm,0.34,-,0,0,IN-3228,500,169.88
06-10-2026,Central Warehouse -Kolkata,Central Warehouse -Kolkata,Dosa Coffee - Ideal Plaza (01/0001),Appalam Papad (1pkt = 47pc),Pc,3.78,-,0,0,IN-3228,47,177.67
06-10-2026,Central Warehouse -Kolkata,Central Warehouse -Kolkata,Dosa Coffee - Ideal Plaza (01/0001),Dosa Daal (Urad),Kg,127.86,-,0,0,IN-3228,0.25,31.97
06-10-2026,Central Warehouse -Kolkata,Central Warehouse -Kolkata,Dosa Coffee - Ideal Plaza (01/0001),DIY Kits Box,Pc,28.35,-,0,0,IN-3228,10,283.5
06-10-2026,Central Warehouse -Kolkata,Central Warehouse -Kolkata,Dosa Coffee - Ideal Plaza (01/0001),1000ml Round Bucket (DIY),Piece,14.28,-,0,0,IN-3228,25,357.11
06-10-2026,Central Warehouse -Kolkata,Central Warehouse -Kolkata,Dosa Coffee - Ideal Plaza (01/0001),Dosa Coffee Taps,Pc,142.15,-,0,0,IN-3228,5,710.73
06-10-2026,Central Warehouse -Kolkata,Central Warehouse -Kolkata,Dosa Coffee - Ideal Plaza (01/0001),Compartment Tray With Lid - 5CP (1pkt = 25pc),Pc,10.66,-,0,0,IN-3228,50,532.96
06-10-2026,Central Warehouse -Kolkata,Central Warehouse -Kolkata,Dosa Coffee - Ideal Plaza (01/0001),Compartment Tray With Lid - 2CP (1pkt = 25pc),Pc,7.64,-,0,0,IN-3228,50,381.96
06-10-2026,Central Warehouse -Kolkata,Central Warehouse -Kolkata,Dosa Coffee - Ideal Plaza (01/0001),Coffee/Tea Flask - 250ml (1pkt = 25pc),Pc,18.05,-,0,0,IN-3228,10,180.49
06-10-2026,Central Warehouse -Kolkata,Central Warehouse -Kolkata,Dosa Coffee - Ideal Plaza (01/0001),Pet Paggi Can 350ml (1Box =256 Pcs),Pc,11.1,-,0,0,IN-3228,30,332.95
06-10-2026,Central Warehouse -Kolkata,Central Warehouse -Kolkata,Dosa Coffee - Ideal Plaza (01/0001),Hot Coffee Cup 150ml (1pkt=25pc),Pc,1.23,-,0,0,IN-3228,25,30.7
06-10-2026,Central Warehouse -Kolkata,Central Warehouse -Kolkata,Dosa Coffee - Ideal Plaza (01/0001),Silver Foil,Pc,349.19,-,0,0,IN-3228,6,2095.14
06-10-2026,Central Warehouse -Kolkata,Central Warehouse -Kolkata,Dosa Coffee - Ideal Plaza (01/0001),Take Away Packing Box - Small (1bundle = 50pc),Pc,4.3,-,0,0,IN-3228,200,859.98
06-10-2026,Central Warehouse -Kolkata,Central Warehouse -Kolkata,Dosa Coffee - Ideal Plaza (01/0001),Take Away Packing Box - Big (1bundle = 50pc),Pc,6.9,-,0,0,IN-3228,100,690.29
06-10-2026,Central Warehouse -Kolkata,Central Warehouse -Kolkata,Dosa Coffee - Ideal Plaza (01/0001),Bio-Degradable Spoon (1pkt = 50pc),Pc,1.25,-,0,0,IN-3228,500,624.72
06-10-2026,Central Warehouse -Kolkata,Central Warehouse -Kolkata,Dosa Coffee - Ideal Plaza (01/0001),Carry Bag - Large(1pkt = 100pc),Pc,10.52,-,0,0,IN-3228,100,1052.22
06-10-2026,Central Warehouse -Kolkata,Central Warehouse -Kolkata,Dosa Coffee - Ideal Plaza (01/0001),Carry Bag - Small (1pkt = 100pc),Pc,7.08,-,0,0,IN-3228,300,2123.56
06-10-2026,Central Warehouse -Kolkata,Central Warehouse -Kolkata,Dosa Coffee - Ideal Plaza (01/0001),Glen Container With Lid - 750ml (1pkt = 50pc),Pc,6.38,-,0,0,IN-3228,100,638.28
06-10-2026,Central Warehouse -Kolkata,Central Warehouse -Kolkata,Dosa Coffee - Ideal Plaza (01/0001),Glen Container With Lid - 250ml (1pkt = 50pc),Pc,3.87,-,0,0,IN-3228,500,1933.8
06-10-2026,Central Warehouse -Kolkata,Central Warehouse -Kolkata,Dosa Coffee - Ideal Plaza (01/0001),Glen Container With Lid - 100ml (1pkt = 50pc),Pc,1.76,-,0,0,IN-3228,100,176.1
06-10-2026,Central Warehouse -Kolkata,Central Warehouse -Kolkata,Dosa Coffee - Ideal Plaza (01/0001),Idli Daal (Rajkot),Kg,157.01,-,0,0,IN-3228,4,628.03
06-10-2026,Central Warehouse -Kolkata,Central Warehouse -Kolkata,Dosa Coffee - Ideal Plaza (01/0001),Ghee,Kg,755.57,-,0,0,IN-3228,3.62,2735.17
06-10-2026,Central Warehouse -Kolkata,Central Warehouse -Kolkata,Dosa Coffee - Ideal Plaza (01/0001),Raw Potato,Kg,18.73,-,0,0,IN-3228,30,561.88
06-10-2026,Central Warehouse -Kolkata,Central Warehouse -Kolkata,Dosa Coffee - Ideal Plaza (01/0001),Ginger,Kg,131.13,-,0,0,IN-3228,2,262.26
06-10-2026,Central Warehouse -Kolkata,Central Warehouse -Kolkata,Dosa Coffee - Ideal Plaza (01/0001),Onion,Kg,36.23,-,0,0,IN-3228,10,362.28
06-10-2026,Central Warehouse -Kolkata,Central Warehouse -Kolkata,Dosa Coffee - Ideal Plaza (01/0001),Rubber Hand Gloves (1pkt=100pc),Pc,2.72,-,0,0,IN-3228,100,271.79
06-10-2026,Central Warehouse -Kolkata,Central Warehouse -Kolkata,Dosa Coffee - Ideal Plaza (01/0001),Rava Batter Sticker (DIY) Cap Cover,Pc,4.5,-,0,0,IN-3228,7,31.5
06-10-2026,Central Warehouse -Kolkata,Central Warehouse -Kolkata,Dosa Coffee - Ideal Plaza (01/0001),Potato Masala Sticker (DIY),Pc,2.15,-,0,0,IN-3228,16,34.47
06-10-2026,Central Warehouse -Kolkata,Central Warehouse -Kolkata,Dosa Coffee - Ideal Plaza (01/0001),Sticker - MRD (1sheet=108pc),Pc,0.13,-,0,0,IN-3228,1080,140.03
06-10-2026,Central Warehouse -Kolkata,Central Warehouse -Kolkata,Dosa Coffee - Ideal Plaza (01/0001),White Butter,Kg,579.78,-,0,0,IN-3228,2,1159.55
06-10-2026,Central Warehouse -Kolkata,Central Warehouse -Kolkata,Dosa Coffee - Ideal Plaza (01/0001),Amul Butter,Kg,564.66,-,0,0,IN-3228,1,564.66
06-10-2026,Central Warehouse -Kolkata,Central Warehouse -Kolkata,Dosa Coffee - Ideal Plaza (01/0001),Amul Cheese,Kg,510.96,-,0,0,IN-3228,2,1021.93
06-10-2026,Central Warehouse -Kolkata,Central Warehouse -Kolkata,Dosa Coffee - Ideal Plaza (01/0001),Jaggery,Kg,61.68,-,0,0,IN-3228,0.5,30.84
06-10-2026,Central Warehouse -Kolkata,Central Warehouse -Kolkata,Dosa Coffee - Ideal Plaza (01/0001),Raw Mango,Kg,85.08,-,0,0,IN-3228,1.05,89.34
06-10-2026,Central Warehouse -Kolkata,Central Warehouse -Kolkata,Dosa Coffee - Ideal Plaza (01/0001),Amada,Kg,70.24,-,0,0,IN-3228,0.1,7.02
06-10-2026,Central Warehouse -Kolkata,Central Warehouse -Kolkata,Dosa Coffee - Ideal Plaza (01/0001),Beans,Kg,76.21,-,0,0,IN-3228,0.5,38.11
06-10-2026,Central Warehouse -Kolkata,Central Warehouse -Kolkata,Dosa Coffee - Ideal Plaza (01/0001),Mint leaf,Kg,189.43,-,0,0,IN-3228,0.2,37.89
06-10-2026,Central Warehouse -Kolkata,Central Warehouse -Kolkata,Dosa Coffee - Ideal Plaza (01/0001),Coriander Leaves,Kg,99.99,-,0,0,IN-3228,1,99.99
06-10-2026,Central Warehouse -Kolkata,Central Warehouse -Kolkata,Dosa Coffee - Ideal Plaza (01/0001),Carrot,Kg,40.99,-,0,0,IN-3228,2.28,93.47
06-10-2026,Central Warehouse -Kolkata,Central Warehouse -Kolkata,Dosa Coffee - Ideal Plaza (01/0001),Green Capsicum,Kg,65.51,-,0,0,IN-3228,0.325,21.29
06-10-2026,Central Warehouse -Kolkata,Central Warehouse -Kolkata,Dosa Coffee - Ideal Plaza (01/0001),Raw Green Chili,Kg,74.93,-,0,0,IN-3228,1.5,112.4
06-10-2026,Central Warehouse -Kolkata,Central Warehouse -Kolkata,Dosa Coffee - Ideal Plaza (01/0001),Curry Leaves,Kg,71.17,-,0,0,IN-3228,0.2,14.23
06-10-2026,Central Warehouse -Kolkata,Central Warehouse -Kolkata,Dosa Coffee - Ideal Plaza (01/0001),Tomato,Kg,40,-,0,0,IN-3228,3,119.99
06-10-2026,Central Warehouse -Kolkata,Central Warehouse -Kolkata,Dosa Coffee - Ideal Plaza (01/0001),Paneer,Kg,299,-,0,0,IN-3228,1,299
06-10-2026,Central Warehouse -Kolkata,Central Warehouse -Kolkata,Dosa Coffee - Ideal Plaza (01/0001),Milk (Adya Dairy),Ltr,61.85,-,0,0,IN-3228,2,123.71
06-10-2026,Central Warehouse -Kolkata,Central Warehouse -Kolkata,Dosa Coffee - Santoshpur (01/0012),Raw Potato,Kg,18.73,-,0,0,IN-1665,4,74.92
06-10-2026,Central Warehouse -Kolkata,Central Warehouse -Kolkata,Dosa Coffee - Santoshpur (01/0012),Fried Chana Daal,Kg,97.59,-,0,0,IN-1665,2,195.18
06-10-2026,Central Warehouse -Kolkata,Central Warehouse -Kolkata,Dosa Coffee - Santoshpur (01/0012),Milk - Tetra 1Ltr,Ltr,77.18,-,0,0,IN-1665,4,308.71
06-10-2026,Central Warehouse -Kolkata,Central Warehouse -Kolkata,Dosa Coffee - Santoshpur (01/0012),Cottons Lemonade,Pc,17.44,-,0,0,IN-1665,24,418.56
06-10-2026,Central Warehouse -Kolkata,Central Warehouse -Kolkata,Dosa Coffee - Santoshpur (01/0012),Ecolab-Multi Purpose SINK Detergent (1can = 1ltr),Can,406.75,-,0,0,IN-1665,1,406.75
06-10-2026,Central Warehouse -Kolkata,Central Warehouse -Kolkata,Dosa Coffee - Santoshpur (01/0012),Compartment Tray With Lid - 2CP (1pkt = 25pc),Pc,7.64,-,0,0,IN-1665,25,190.98
06-10-2026,Central Warehouse -Kolkata,Central Warehouse -Kolkata,Dosa Coffee - Santoshpur (01/0012),Rubber Hand Gloves (1pkt=100pc),Pc,2.72,-,0,0,IN-1665,100,271.79
06-10-2026,Central Warehouse -Kolkata,Central Warehouse -Kolkata,Dosa Coffee - Santoshpur (01/0012),Take Away Packing Box - Small (1bundle = 50pc),Pc,4.3,-,0,0,IN-1665,300,1289.97
06-10-2026,Central Warehouse -Kolkata,Central Warehouse -Kolkata,Dosa Coffee - Santoshpur (01/0012),Paper Napkin (1pkt = 100pc),Pc,0.24,-,0,0,IN-1665,200,47.01
06-10-2026,Central Warehouse -Kolkata,Central Warehouse -Kolkata,Dosa Coffee - Santoshpur (01/0012),Bio-Degradable Spoon (1pkt = 50pc),Pc,1.25,-,0,0,IN-1665,200,249.89
06-10-2026,Central Warehouse -Kolkata,Central Warehouse -Kolkata,Dosa Coffee - Santoshpur (01/0012),Glen Container With Lid - 250ml (1pkt = 50pc),Pc,3.87,-,0,0,IN-1665,200,773.52
06-10-2026,Central Warehouse -Kolkata,Central Warehouse -Kolkata,Dosa Coffee - Santoshpur (01/0012),Sticker - MRD (1sheet=108pc),Pc,0.13,-,0,0,IN-1665,540,70.02
06-10-2026,Central Warehouse -Kolkata,Central Warehouse -Kolkata,Dosa Coffee - Santoshpur (01/0012),C Fold Tissue (Toilet Tissue),Pkt,49.48,-,0,0,IN-1665,2,98.96
06-10-2026,Central Warehouse -Kolkata,Central Warehouse -Kolkata,Dosa Coffee - Santoshpur (01/0012),Black Salt,gm,0.03,-,0,0,IN-1665,1000,29.94
06-10-2026,Central Warehouse -Kolkata,Central Warehouse -Kolkata,Dosa Coffee - Santoshpur (01/0012),Ghee,Kg,755.57,-,0,0,IN-1665,0.905,683.79
06-10-2026,Central Warehouse -Kolkata,Central Warehouse -Kolkata,Dosa Coffee - Santoshpur (01/0012),Sugar,Kg,52.03,-,0,0,IN-1665,1,52.03
06-10-2026,Central Warehouse -Kolkata,Central Warehouse -Kolkata,Dosa Coffee - Santoshpur (01/0012),Sunflower Refined Oil  ( 1pkt = 868 Ml ),Ltr,168.77,-,0,0,IN-1665,13.888,2343.94
06-10-2026,Central Warehouse -Kolkata,Central Warehouse -Kolkata,Dosa Coffee - Santoshpur (01/0012),Banana Leaf Big (1bundle = 50pc),Pc,1.8,-,0,0,IN-1665,100,180.07
06-10-2026,Central Warehouse -Kolkata,Central Warehouse -Kolkata,Dosa Coffee - Santoshpur (01/0012),Banana Leaf Small (1bundle = 50pc),Pc,1.25,-,0,0,IN-1665,100,124.98
06-10-2026,Central Warehouse -Kolkata,Central Warehouse -Kolkata,Dosa Coffee - Santoshpur (01/0012),Amada,Kg,70.24,-,0,0,IN-1665,0.1,7.02
06-10-2026,Central Warehouse -Kolkata,Central Warehouse -Kolkata,Dosa Coffee - Santoshpur (01/0012),Beans,Kg,76.21,-,0,0,IN-1665,0.1,7.62
06-10-2026,Central Warehouse -Kolkata,Central Warehouse -Kolkata,Dosa Coffee - Santoshpur (01/0012),Ginger,Kg,131.13,-,0,0,IN-1665,1.5,196.69
06-10-2026,Central Warehouse -Kolkata,Central Warehouse -Kolkata,Dosa Coffee - Santoshpur (01/0012),Coriander Leaves,Kg,99.99,-,0,0,IN-1665,0.3,30
06-10-2026,Central Warehouse -Kolkata,Central Warehouse -Kolkata,Dosa Coffee - Santoshpur (01/0012),Carrot,Kg,40.99,-,0,0,IN-1665,0.625,25.62
06-10-2026,Central Warehouse -Kolkata,Central Warehouse -Kolkata,Dosa Coffee - Santoshpur (01/0012),Raw Green Chili,Kg,74.93,-,0,0,IN-1665,0.5,37.47
06-10-2026,Central Warehouse -Kolkata,Central Warehouse -Kolkata,Dosa Coffee - Santoshpur (01/0012),Tomato,Kg,40,-,0,0,IN-1665,0.5,20
06-10-2026,Central Warehouse -Kolkata,Central Warehouse -Kolkata,Dosa Coffee - Santoshpur (01/0012),Lime,Pc,3.5,-,0,0,IN-1665,15,52.5
06-10-2026,Central Warehouse -Kolkata,Central Warehouse -Kolkata,Dosa Coffee - Santoshpur (01/0012),Idli Daal (Rajkot),Kg,157.01,-,0,0,IN-1665,1,157.01
06-10-2026,Central Warehouse -Kolkata,Central Warehouse -Kolkata,Dosa Coffee - Santoshpur (01/0012),Raw Curd,Kg,71.4,-,0,0,IN-1665,3,214.2
06-10-2026,Central Warehouse -Kolkata,Central Warehouse -Kolkata,Dosa Coffee - Santoshpur (01/0012),Milk (Adya Dairy),Ltr,61.85,-,0,0,IN-1665,0.5,30.93
06-10-2026,Central Warehouse -Kolkata,Central Warehouse -Kolkata,Dosa Coffee - James long Sarani (01/0011),Ghee,Kg,755.57,-,0,0,IN-1508,1.81,1367.59
06-10-2026,Central Warehouse -Kolkata,Central Warehouse -Kolkata,Dosa Coffee - James long Sarani (01/0011),Jaggery,Kg,61.68,-,0,0,IN-1508,0.5,30.84
06-10-2026,Central Warehouse -Kolkata,Central Warehouse -Kolkata,Dosa Coffee - James long Sarani (01/0011),Banana Leaf Big (1bundle = 50pc),Pc,1.8,-,0,0,IN-1508,100,180.07
06-10-2026,Central Warehouse -Kolkata,Central Warehouse -Kolkata,Dosa Coffee - James long Sarani (01/0011),Banana Leaf Small (1bundle = 50pc),Pc,1.25,-,0,0,IN-1508,50,62.49
06-10-2026,Central Warehouse -Kolkata,Central Warehouse -Kolkata,Dosa Coffee - James long Sarani (01/0011),Cashew,Kg,837.85,-,0,0,IN-1508,0.1,83.78
06-10-2026,Central Warehouse -Kolkata,Central Warehouse -Kolkata,Dosa Coffee - James long Sarani (01/0011),Raisin,Kg,457.74,-,0,0,IN-1508,0.1,45.77
06-10-2026,Central Warehouse -Kolkata,Central Warehouse -Kolkata,Dosa Coffee - James long Sarani (01/0011),Salt,Kg,27.05,-,0,0,IN-1508,2,54.1
06-10-2026,Central Warehouse -Kolkata,Central Warehouse -Kolkata,Dosa Coffee - James long Sarani (01/0011),Ginger,Kg,131.13,-,0,0,IN-1508,0.5,65.56
06-10-2026,Central Warehouse -Kolkata,Central Warehouse -Kolkata,Dosa Coffee - James long Sarani (01/0011),Onion,Kg,36.23,-,0,0,IN-1508,4,144.91
06-10-2026,Central Warehouse -Kolkata,Central Warehouse -Kolkata,Dosa Coffee - James long Sarani (01/0011),Raw Green Chili,Kg,74.93,-,0,0,IN-1508,1,74.93
06-10-2026,Central Warehouse -Kolkata,Central Warehouse -Kolkata,Dosa Coffee - James long Sarani (01/0011),Beans,Kg,76.21,-,0,0,IN-1508,0.3,22.86
06-10-2026,Central Warehouse -Kolkata,Central Warehouse -Kolkata,Dosa Coffee - James long Sarani (01/0011),Coriander Leaves,Kg,99.99,-,0,0,IN-1508,0.3,30
06-10-2026,Central Warehouse -Kolkata,Central Warehouse -Kolkata,Dosa Coffee - James long Sarani (01/0011),Carrot,Kg,40.99,-,0,0,IN-1508,1,40.99
06-10-2026,Central Warehouse -Kolkata,Central Warehouse -Kolkata,Dosa Coffee - James long Sarani (01/0011),Tomato,Kg,40,-,0,0,IN-1508,1,40
06-10-2026,Central Warehouse -Kolkata,Central Warehouse -Kolkata,Dosa Coffee - James long Sarani (01/0011),Lime,Pc,3.5,-,0,0,IN-1508,15,52.5
06-10-2026,Central Warehouse -Kolkata,Central Warehouse -Kolkata,Dosa Coffee - James long Sarani (01/0011),Watermelon,Kg,34.89,-,0,0,IN-1508,5.59,195.04
06-10-2026,Central Warehouse -Kolkata,Central Warehouse -Kolkata,Dosa Coffee - James long Sarani (01/0011),White Butter,Kg,579.78,-,0,0,IN-1508,1,579.78
06-10-2026,Central Warehouse -Kolkata,Central Warehouse -Kolkata,Dosa Coffee - James long Sarani (01/0011),Paneer,Kg,299,-,0,0,IN-1508,1,299
06-10-2026,Central Warehouse -Kolkata,Central Warehouse -Kolkata,Dosa Coffee - James long Sarani (01/0011),Milk (Adya Dairy),Ltr,61.85,-,0,0,IN-1508,0.5,30.93
06-10-2026,Central Warehouse -Kolkata,Central Warehouse -Kolkata,Dosa Coffee - James long Sarani (01/0011),Raw Curd,Kg,71.4,-,0,0,IN-1508,4,285.6
06-10-2026,Central Warehouse -Kolkata,Central Warehouse -Kolkata,Dosa Coffee - James long Sarani (01/0011),Idli Daal (Rajkot),Kg,157.01,-,0,0,IN-1508,2,314.01
06-10-2026,Central Warehouse -Kolkata,Central Warehouse -Kolkata,Dosa Coffee - James long Sarani (01/0011),Raw Potato,Kg,18.73,-,0,0,IN-1508,20,374.59
06-10-2026,Central Warehouse -Kolkata,Central Warehouse -Kolkata,Dosa Coffee - James long Sarani (01/0011),Hairnet (Comfort Cap 1pkt=100 pc),Pc,0.78,-,0,0,IN-1508,100,78.23
06-10-2026,Central Warehouse -Kolkata,Central Warehouse -Kolkata,Dosa Coffee - James long Sarani (01/0011),Hot Coffee Cup 150ml (1pkt=25pc),Pc,1.23,-,0,0,IN-1508,25,30.7
06-10-2026,Central Warehouse -Kolkata,Central Warehouse -Kolkata,Dosa Coffee - James long Sarani (01/0011),Garbage Bag Large (36 X 42),Pkt,69.46,-,0,0,IN-1508,2,138.93
06-10-2026,Central Warehouse -Kolkata,Central Warehouse -Kolkata,Dosa Coffee - James long Sarani (01/0011),Garbage Bag Small (20 X 24),Pkt,53.62,-,0,0,IN-1508,2,107.25
06-10-2026,Central Warehouse -Kolkata,Central Warehouse -Kolkata,Dosa Coffee - James long Sarani (01/0011),Sunflower Refined Oil  ( 1pkt = 868 Ml ),Ltr,168.77,-,0,0,IN-1508,13.888,2343.94
06-10-2026,Central Warehouse -Kolkata,Central Warehouse -Kolkata,Dosa Coffee - James long Sarani (01/0011),Strawberry Crush - 750ml,Ltr,197.95,-,0,0,IN-1508,0.75,148.46
06-10-2026,Central Warehouse -Kolkata,Central Warehouse -Kolkata,Dosa Coffee - James long Sarani (01/0011),Mango Crush -750ml,Ltr,197.67,-,0,0,IN-1508,0.75,148.25
06-10-2026,Central Warehouse -Kolkata,Central Warehouse -Kolkata,Dosa Coffee - James long Sarani (01/0011),Sugar,Kg,52.03,-,0,0,IN-1508,1,52.03
06-10-2026,Central Warehouse -Kolkata,Central Warehouse -Kolkata,Dosa Coffee - James long Sarani (01/0011),White Sugar Sachet (1pkt = 200pc),Pc,0.42,-,0,0,IN-1508,200,84.64
06-10-2026,Central Warehouse -Kolkata,Central Warehouse -Kolkata,Dosa Coffee - James long Sarani (01/0011),Thermal Printer Roll - Posiflex,Pc,46.02,-,0,0,IN-1508,3,138.06
06-10-2026,Central Warehouse -Kolkata,Central Warehouse -Kolkata,Dosa Coffee - James long Sarani (01/0011),Oreo Buiscuits,Pkt,9.73,-,0,0,IN-1508,12,116.77
06-10-2026,Central Warehouse -Kolkata,Central Warehouse -Kolkata,Dosa Coffee - James long Sarani (01/0011),Bio-Degradable Spoon (1pkt = 50pc),Pc,1.25,-,0,0,IN-1508,200,249.89
06-10-2026,Central Warehouse -Kolkata,Central Warehouse -Kolkata,Dosa Coffee - James long Sarani (01/0011),Compartment Tray With Lid - 5CP (1pkt = 25pc),Pc,10.66,-,0,0,IN-1508,25,266.48
06-10-2026,Central Warehouse -Kolkata,Central Warehouse -Kolkata,Dosa Coffee - James long Sarani (01/0011),Carry Bag - Large(1pkt = 100pc),Pc,10.52,-,0,0,IN-1508,25,263.05
06-10-2026,Central Warehouse -Kolkata,Central Warehouse -Kolkata,Dosa Coffee - James long Sarani (01/0011),Carry Bag - Small (1pkt = 100pc),Pc,7.08,-,0,0,IN-1508,100,707.85
06-10-2026,Central Warehouse -Kolkata,Central Warehouse -Kolkata,Dosa Coffee - James long Sarani (01/0011),Milk - Tetra 1Ltr,Ltr,77.18,-,0,0,IN-1508,12,926.12
06-10-2026,Central Warehouse -Kolkata,Central Warehouse -Kolkata,Dosa Coffee - James long Sarani (01/0011),Sticker - Jain (1sheet=187pc),Pc,0.14,-,0,0,IN-1508,187,26.83
06-10-2026,Central Warehouse -Kolkata,Central Warehouse -Kolkata,Dosa Coffee - James long Sarani (01/0011),Sticker - MRD (1sheet=108pc),Pc,0.13,-,0,0,IN-1508,1080,140.03
06-10-2026,Central Warehouse -Kolkata,Central Warehouse -Kolkata,Dosa Coffee - James long Sarani (01/0011),Take Away Packing Box - Small (1bundle = 50pc),Pc,4.3,-,0,0,IN-1508,200,859.98
06-10-2026,Central Warehouse -Kolkata,Central Warehouse -Kolkata,Dosa Coffee - James long Sarani (01/0011),Fried Chana Daal,Kg,97.59,-,0,0,IN-1508,4,390.37
06-10-2026,Central Warehouse -Kolkata,Central Warehouse -Kolkata,Dosa Coffee - James long Sarani (01/0011),Paper Napkin (1pkt = 100pc),Pc,0.24,-,0,0,IN-1508,300,70.52
06-10-2026,Central Warehouse -Kolkata,Central Warehouse -Kolkata,Dosa Coffee - Calcutta Swiming Club (0007),Ginger,Kg,131.13,-,0,0,IN-1518,0.5,65.56
06-10-2026,Central Warehouse -Kolkata,Central Warehouse -Kolkata,Dosa Coffee - Calcutta Swiming Club (0007),Banana Leaf Small (1bundle = 50pc),Pc,1.25,-,0,0,IN-1518,50,62.49
06-10-2026,Central Warehouse -Kolkata,Central Warehouse -Kolkata,Dosa Coffee - Kalikapur (01/0014),Dry Mop Refill,Pc,203.1,-,0,0,IN-1517,1,203.1
06-10-2026,Central Warehouse -Kolkata,Central Warehouse -Kolkata,Dosa Coffee - Kalikapur (01/0014),Wet Mop,Pc,222.03,-,0,0,IN-1517,1,222.03
06-10-2026,Central Warehouse -Kolkata,Central Warehouse -Kolkata,Dosa Coffee - Kalikapur (01/0014),Sunflower Refined Oil  ( 1pkt = 868 Ml ),Ltr,168.77,-,0,0,IN-1517,4.34,732.48
06-10-2026,Central Warehouse -Kolkata,Central Warehouse -Kolkata,Dosa Coffee - Kalikapur (01/0014),Sticker - MRD (1sheet=108pc),Pc,0.13,-,0,0,IN-1517,540,70.02
06-10-2026,Central Warehouse -Kolkata,Central Warehouse -Kolkata,Dosa Coffee - Kalikapur (01/0014),Silver Foil,Pc,349.19,-,0,0,IN-1517,1,349.19
06-10-2026,Central Warehouse -Kolkata,Central Warehouse -Kolkata,Dosa Coffee - Kalikapur (01/0014),Raw Curd,Kg,71.4,-,0,0,IN-1517,1,71.4
06-10-2026,Central Warehouse -Kolkata,Central Warehouse -Kolkata,Dosa Coffee - Kalikapur (01/0014),Rubber Hand Gloves (1pkt=100pc),Pc,2.72,-,0,0,IN-1517,100,271.79
06-10-2026,Central Warehouse -Kolkata,Central Warehouse -Kolkata,Dosa Coffee - Kalikapur (01/0014),Hairnet (Comfort Cap 1pkt=100 pc),Pc,0.78,-,0,0,IN-1517,100,78.23
06-10-2026,Central Warehouse -Kolkata,Central Warehouse -Kolkata,Dosa Coffee - Kalikapur (01/0014),Ghee,Kg,755.57,-,0,0,IN-1517,0.905,683.79
06-10-2026,Central Warehouse -Kolkata,Central Warehouse -Kolkata,Dosa Coffee - Kalikapur (01/0014),Dosa Coffee Taps,Pc,142.15,-,0,0,IN-1517,1,142.15
06-10-2026,Central Warehouse -Kolkata,Central Warehouse -Kolkata,Dosa Coffee - Kalikapur (01/0014),Compartment Tray With Lid - 2CP (1pkt = 25pc),Pc,7.64,-,0,0,IN-1517,25,190.98
06-10-2026,Central Warehouse -Kolkata,Central Warehouse -Kolkata,Dosa Coffee - Kalikapur (01/0014),Dosa Duster,Pc,28,-,0,0,IN-1517,2,56
06-10-2026,Central Warehouse -Kolkata,Central Warehouse -Kolkata,Dosa Coffee - Kalikapur (01/0014),Mosambi,Kg,73.13,-,0,0,IN-1517,1.976,144.5
06-10-2026,Central Warehouse -Kolkata,Central Warehouse -Kolkata,Dosa Coffee - Kalikapur (01/0014),Paper Napkin (1pkt = 100pc),Pc,0.24,-,0,0,IN-1517,300,70.52
06-10-2026,Central Warehouse -Kolkata,Central Warehouse -Kolkata,Dosa Coffee - Kalikapur (01/0014),White Sugar Sachet (1pkt = 200pc),Pc,0.42,-,0,0,IN-1517,200,84.64
06-10-2026,Central Warehouse -Kolkata,Central Warehouse -Kolkata,Dosa Coffee - Kalikapur (01/0014),Glass Bottle 300ml W/Cap (1box = 48pc),Pc,12.48,-,0,0,IN-1517,48,598.94
06-10-2026,Central Warehouse -Kolkata,Central Warehouse -Kolkata,Dosa Coffee - Kalikapur (01/0014),Milk (Adya Dairy),Ltr,61.85,-,0,0,IN-1517,0.5,30.93
06-10-2026,Central Warehouse -Kolkata,Central Warehouse -Kolkata,Dosa Coffee - Kalikapur (01/0014),Milk - Tetra 1Ltr,Ltr,77.18,-,0,0,IN-1517,12,926.12
06-10-2026,Central Warehouse -Kolkata,Central Warehouse -Kolkata,Dosa Coffee - Kalikapur (01/0014),Lime,Pc,3.5,-,0,0,IN-1517,30,105
06-10-2026,Central Warehouse -Kolkata,Central Warehouse -Kolkata,Dosa Coffee - Kalikapur (01/0014),Glen Container With Lid - 250ml (1pkt = 50pc),Pc,3.87,-,0,0,IN-1517,500,1933.8
06-10-2026,Central Warehouse -Kolkata,Central Warehouse -Kolkata,Dosa Coffee - Kalikapur (01/0014),Sugar,Kg,52.03,-,0,0,IN-1517,1,52.03
06-10-2026,Central Warehouse -Kolkata,Central Warehouse -Kolkata,Dosa Coffee - Kalikapur (01/0014),Raw Mango,Kg,85.08,-,0,0,IN-1517,0.57,48.5
06-10-2026,Central Warehouse -Kolkata,Central Warehouse -Kolkata,Dosa Coffee - Kalikapur (01/0014),Raw Green Chili,Kg,74.93,-,0,0,IN-1517,0.5,37.47
06-10-2026,Central Warehouse -Kolkata,Central Warehouse -Kolkata,Dosa Coffee - Kalikapur (01/0014),Coriander Leaves,Kg,99.99,-,0,0,IN-1517,0.4,40
06-10-2026,Central Warehouse -Kolkata,Central Warehouse -Kolkata,Dosa Coffee - Kalikapur (01/0014),Ginger,Kg,131.13,-,0,0,IN-1517,0.5,65.56
06-10-2026,Central Warehouse -Kolkata,Central Warehouse -Kolkata,Dosa Coffee - Kalikapur (01/0014),Tomato,Kg,40,-,0,0,IN-1517,0.5,20
06-10-2026,Central Warehouse -Kolkata,Central Warehouse -Kolkata,Dosa Coffee - Kalikapur (01/0014),Onion,Kg,36.23,-,0,0,IN-1517,4,144.91
06-10-2026,Central Warehouse -Kolkata,Central Warehouse -Kolkata,Dosa Coffee - Kalikapur (01/0014),Raw Potato,Kg,18.73,-,0,0,IN-1517,10,187.29
06-10-2026,Central Warehouse -Kolkata,Central Warehouse -Kolkata,Dosa Coffee - Kalikapur (01/0014),Banana Leaf Small (1bundle = 50pc),Pc,1.25,-,0,0,IN-1517,50,62.49
06-10-2026,Central Warehouse -Kolkata,Central Warehouse -Kolkata,Dosa Coffee - Kalikapur (01/0014),Banana Leaf Big (1bundle = 50pc),Pc,1.8,-,0,0,IN-1517,50,90.03
06-10-2026,Central Warehouse -Kolkata,Central Warehouse -Kolkata,Dosa Coffee - Kalikapur (01/0014),Fried Chana Daal,Kg,97.59,-,0,0,IN-1517,3,292.77
06-10-2026,Central Warehouse -Kolkata,Central Warehouse -Kolkata,Dosa Coffee - Rangoli Mall (01/0010),Garbage Bag Large (36 X 42),Pkt,69.46,-,0,0,IN-1633,5,347.32
06-10-2026,Central Warehouse -Kolkata,Central Warehouse -Kolkata,Dosa Coffee - Rangoli Mall (01/0010),Beans,Kg,76.21,-,0,0,IN-1633,0.4,30.49
06-10-2026,Central Warehouse -Kolkata,Central Warehouse -Kolkata,Dosa Coffee - Rangoli Mall (01/0010),Raw Green Chili,Kg,74.93,-,0,0,IN-1633,1,74.93
06-10-2026,Central Warehouse -Kolkata,Central Warehouse -Kolkata,Dosa Coffee - Rangoli Mall (01/0010),Ginger,Kg,131.13,-,0,0,IN-1633,1,131.13
06-10-2026,Central Warehouse -Kolkata,Central Warehouse -Kolkata,Dosa Coffee - Rangoli Mall (01/0010),Salt,Kg,27.05,-,0,0,IN-1633,2,54.1
06-10-2026,Central Warehouse -Kolkata,Central Warehouse -Kolkata,Dosa Coffee - Rangoli Mall (01/0010),Sugar,Kg,52.03,-,0,0,IN-1633,2,104.06
06-10-2026,Central Warehouse -Kolkata,Central Warehouse -Kolkata,Dosa Coffee - Rangoli Mall (01/0010),Amul Cheese,Kg,510.96,-,0,0,IN-1633,1,510.96
06-10-2026,Central Warehouse -Kolkata,Central Warehouse -Kolkata,Dosa Coffee - Rangoli Mall (01/0010),Amul Butter,Kg,564.66,-,0,0,IN-1633,1,564.66
06-10-2026,Central Warehouse -Kolkata,Central Warehouse -Kolkata,Dosa Coffee - Rangoli Mall (01/0010),Idli Daal (Rajkot),Kg,157.01,-,0,0,IN-1633,2,314.01
06-10-2026,Central Warehouse -Kolkata,Central Warehouse -Kolkata,Dosa Coffee - Rangoli Mall (01/0010),Carrot,Kg,40.99,-,0,0,IN-1633,1.16,47.55
06-10-2026,Central Warehouse -Kolkata,Central Warehouse -Kolkata,Dosa Coffee - Rangoli Mall (01/0010),Raw Curd,Kg,71.4,-,0,0,IN-1633,5,357
06-10-2026,Central Warehouse -Kolkata,Central Warehouse -Kolkata,Dosa Coffee - Rangoli Mall (01/0010),Compartment Tray With Lid - 2CP (1pkt = 25pc),Pc,7.64,-,0,0,IN-1633,25,190.98
06-10-2026,Central Warehouse -Kolkata,Central Warehouse -Kolkata,Dosa Coffee - Rangoli Mall (01/0010),Carry Bag - Large(1pkt = 100pc),Pc,10.52,-,0,0,IN-1633,50,526.11
06-10-2026,Central Warehouse -Kolkata,Central Warehouse -Kolkata,Dosa Coffee - Rangoli Mall (01/0010),Milk (Adya Dairy),Ltr,61.85,-,0,0,IN-1633,1.5,92.78
06-10-2026,Central Warehouse -Kolkata,Central Warehouse -Kolkata,Dosa Coffee - Rangoli Mall (01/0010),Milk - Tetra 1Ltr,Ltr,77.18,-,0,0,IN-1633,12,926.12
06-10-2026,Central Warehouse -Kolkata,Central Warehouse -Kolkata,Dosa Coffee - Rangoli Mall (01/0010),Tomato,Kg,40,-,0,0,IN-1633,1,40
06-10-2026,Central Warehouse -Kolkata,Central Warehouse -Kolkata,Dosa Coffee - Rangoli Mall (01/0010),Onion,Kg,36.19,-,0,0,IN-1633,5,180.96
06-10-2026,Central Warehouse -Kolkata,Central Warehouse -Kolkata,Dosa Coffee - Rangoli Mall (01/0010),Schweppes Water - 500ml,Pc,24.89,-,0,0,IN-1633,24,597.25
06-10-2026,Central Warehouse -Kolkata,Central Warehouse -Kolkata,Dosa Coffee - Rangoli Mall (01/0010),Potato Masala Sticker (DIY),Pc,2.15,-,0,0,IN-1633,8,17.24
06-10-2026,Central Warehouse -Kolkata,Central Warehouse -Kolkata,Dosa Coffee - Rangoli Mall (01/0010),Round Bucket Rava Batter Front Sticker (DIY),Pc,4.25,-,0,0,IN-1633,7,29.75
06-10-2026,Central Warehouse -Kolkata,Central Warehouse -Kolkata,Dosa Coffee - Rangoli Mall (01/0010),Round Bucket Dosa Batter Front Sticker (DIY),Pc,2.48,-,0,0,IN-1633,7,17.33
06-10-2026,Central Warehouse -Kolkata,Central Warehouse -Kolkata,Dosa Coffee - Rangoli Mall (01/0010),DIY Kits Box,Pc,28.35,-,0,0,IN-1633,5,141.75
06-10-2026,Central Warehouse -Kolkata,Central Warehouse -Kolkata,Dosa Coffee - Rangoli Mall (01/0010),1000ml Round Bucket (DIY),Piece,14.28,-,0,0,IN-1633,5,71.42
06-10-2026,Central Warehouse -Kolkata,Central Warehouse -Kolkata,Dosa Coffee - Rangoli Mall (01/0010),Watermelon,Kg,34.89,-,0,0,IN-1633,4.57,159.45
06-10-2026,Central Warehouse -Kolkata,Central Warehouse -Kolkata,Dosa Coffee - Rangoli Mall (01/0010),Paneer,Kg,299,-,0,0,IN-1633,1,299
06-10-2026,Central Warehouse -Kolkata,Central Warehouse -Kolkata,Dosa Coffee - Rangoli Mall (01/0010),Ghee,Kg,755.57,-,0,0,IN-1633,1.81,1367.59
06-10-2026,Central Warehouse -Kolkata,Central Warehouse -Kolkata,Dosa Coffee - Rangoli Mall (01/0010),Sunflower Refined Oil  ( 1pkt = 868 Ml ),Ltr,168.77,-,0,0,IN-1633,13.888,2343.94
06-10-2026,Central Warehouse -Kolkata,Central Warehouse -Kolkata,Dosa Coffee - Rangoli Mall (01/0010),C Fold Tissue (Toilet Tissue),Pkt,49.48,-,0,0,IN-1633,5,247.4
06-10-2026,Central Warehouse -Kolkata,Central Warehouse -Kolkata,Dosa Coffee - Rangoli Mall (01/0010),Paper Napkin (1pkt = 100pc),Pc,0.24,-,0,0,IN-1633,1000,235.07
06-10-2026,Central Warehouse -Kolkata,Central Warehouse -Kolkata,Dosa Coffee - Rangoli Mall (01/0010),Banana Leaf Big (1bundle = 50pc),Pc,1.8,-,0,0,IN-1633,100,180.07
06-10-2026,Central Warehouse -Kolkata,Central Warehouse -Kolkata,Dosa Coffee - Rangoli Mall (01/0010),Banana Leaf Small (1bundle = 50pc),Pc,1.25,-,0,0,IN-1633,50,62.49
06-10-2026,Central Warehouse -Kolkata,Central Warehouse -Kolkata,Dosa Coffee - Rangoli Mall (01/0010),Fried Chana Daal,Kg,97.59,-,0,0,IN-1633,5,487.96
06-10-2026,Central Warehouse -Kolkata,Central Warehouse -Kolkata,Dosa Coffee - Forum (0003),Coffee Cup (1Pkt = 50Pics),Pc,4.01,-,0,0,IN-1713,50,200.49
06-10-2026,Central Warehouse -Kolkata,Central Warehouse -Kolkata,Dosa Coffee - Forum (0003),Kinley Soda 750ml Pet,Pc,15.82,-,0,0,IN-1713,2,31.63
06-10-2026,Central Warehouse -Kolkata,Central Warehouse -Kolkata,Dosa Coffee - Forum (0003),Bio-Degradable Spoon (1pkt = 50pc),Pc,1.25,-,0,0,IN-1713,100,124.94
06-10-2026,Central Warehouse -Kolkata,Central Warehouse -Kolkata,Dosa Coffee - Forum (0003),Paper Napkin (1pkt = 100pc),Pc,0.24,-,0,0,IN-1713,200,47.01
06-10-2026,Central Warehouse -Kolkata,Central Warehouse -Kolkata,Dosa Coffee - Forum (0003),Ecolab-Multi Purpose SINK Detergent (1can = 1ltr),Can,406.75,-,0,0,IN-1713,1,406.75
06-10-2026,Central Warehouse -Kolkata,Central Warehouse -Kolkata,Dosa Coffee - Forum (0003),Milk (Adya Dairy),Ltr,61.85,-,0,0,IN-1713,0.5,30.93
06-10-2026,Central Warehouse -Kolkata,Central Warehouse -Kolkata,Dosa Coffee - Forum (0003),Milk - Tetra 1Ltr,Ltr,77.18,-,0,0,IN-1713,12,926.12
06-10-2026,Central Warehouse -Kolkata,Central Warehouse -Kolkata,Dosa Coffee - Forum (0003),Raw Curd,Kg,71.4,-,0,0,IN-1713,1,71.4
06-10-2026,Central Warehouse -Kolkata,Central Warehouse -Kolkata,Dosa Coffee - Forum (0003),Onion,Kg,36.23,-,0,0,IN-1713,3,108.68
06-10-2026,Central Warehouse -Kolkata,Central Warehouse -Kolkata,Dosa Coffee - Forum (0003),Raw Potato,Kg,18.73,-,0,0,IN-1713,6,112.38
06-10-2026,Central Warehouse -Kolkata,Central Warehouse -Kolkata,Dosa Coffee - Forum (0003),Curry Leaves,Kg,71.17,-,0,0,IN-1713,0.05,3.56
06-10-2026,Central Warehouse -Kolkata,Central Warehouse -Kolkata,Dosa Coffee - Forum (0003),Mint leaf,Kg,189.43,-,0,0,IN-1713,0.05,9.47
06-10-2026,Central Warehouse -Kolkata,Central Warehouse -Kolkata,Dosa Coffee - Forum (0003),Coriander Leaves,Kg,99.99,-,0,0,IN-1713,0.1,10
06-10-2026,Central Warehouse -Kolkata,Central Warehouse -Kolkata,Dosa Coffee - Forum (0003),Banana Leaf Big (1bundle = 50pc),Pc,1.8,-,0,0,IN-1713,50,90.03
06-10-2026,Central Warehouse -Kolkata,Central Warehouse -Kolkata,Dosa Coffee - Forum (0003),Raw Mango,Kg,85.08,-,0,0,IN-1713,0.515,43.82
06-10-2026,Central Warehouse -Kolkata,Central Warehouse -Kolkata,Dosa Coffee - Forum (0003),Carrot,Kg,40.99,-,0,0,IN-1713,0.74,30.34
06-10-2026,Central Warehouse -Kolkata,Central Warehouse -Kolkata,Dosa Coffee - Forum (0003),Ginger,Kg,131.13,-,0,0,IN-1713,0.5,65.56
06-10-2026,Central Warehouse -Kolkata,Central Warehouse -Kolkata,Dosa Coffee - Forum (0003),Idli Cloth (Markin Cloth),Pc,25.04,-,0,0,IN-1713,4,100.17
06-10-2026,Central Warehouse -Kolkata,Central Warehouse -Kolkata,Dosa Coffee - Forum (0003),Cothas Coffee Powder,Kg,859.17,-,0,0,IN-1713,0.5,429.58
06-10-2026,Central Warehouse -Kolkata,Central Warehouse -Kolkata,Dosa Coffee - Manisquare (0004),Cothas Coffee Powder,Kg,859.17,-,0,0,IN-1865,1,859.17
06-10-2026,Central Warehouse -Kolkata,Central Warehouse -Kolkata,Dosa Coffee - Manisquare (0004),White Sugar Sachet (1pkt = 200pc),Pc,0.42,-,0,0,IN-1865,400,169.28
06-10-2026,Central Warehouse -Kolkata,Central Warehouse -Kolkata,Dosa Coffee - Manisquare (0004),Sunflower Refined Oil  ( 1pkt = 868 Ml ),Ltr,168.77,-,0,0,IN-1865,3.472,585.98
06-10-2026,Central Warehouse -Kolkata,Central Warehouse -Kolkata,Dosa Coffee - Manisquare (0004),Fried Chana Daal,Kg,97.59,-,0,0,IN-1865,3,292.77
06-10-2026,Central Warehouse -Kolkata,Central Warehouse -Kolkata,Dosa Coffee - Manisquare (0004),Paper Food Container - 100ml (1pkt = 50pc),Pc,1.78,-,0,0,IN-1865,50,89.19
06-10-2026,Central Warehouse -Kolkata,Central Warehouse -Kolkata,Dosa Coffee - Manisquare (0004),Wooden Stirrer (1pkt = 100pc),Pc,0.13,-,0,0,IN-1865,500,65.84
06-10-2026,Central Warehouse -Kolkata,Central Warehouse -Kolkata,Dosa Coffee - Manisquare (0004),Carry Bag - Small (1pkt = 100pc),Pc,7.08,-,0,0,IN-1865,25,176.96
06-10-2026,Central Warehouse -Kolkata,Central Warehouse -Kolkata,Dosa Coffee - Manisquare (0004),Paper Napkin (1pkt = 100pc),Pc,0.24,-,0,0,IN-1865,500,117.53
06-10-2026,Central Warehouse -Kolkata,Central Warehouse -Kolkata,Dosa Coffee - Manisquare (0004),Hot Coffee Cup 150ml (1pkt=25pc),Pc,1.23,-,0,0,IN-1865,100,122.78
06-10-2026,Central Warehouse -Kolkata,Central Warehouse -Kolkata,Dosa Coffee - Manisquare (0004),Take Away Packing Box - Small (1bundle = 50pc),Pc,4.3,-,0,0,IN-1865,100,429.99
06-10-2026,Central Warehouse -Kolkata,Central Warehouse -Kolkata,Dosa Coffee - Manisquare (0004),Bio-Degradable Spoon (1pkt = 50pc),Pc,1.25,-,0,0,IN-1865,300,374.83
06-10-2026,Central Warehouse -Kolkata,Central Warehouse -Kolkata,Dosa Coffee - Manisquare (0004),Banana Leaf Small (1bundle = 50pc),Pc,1.25,-,0,0,IN-1865,300,374.95
06-10-2026,Central Warehouse -Kolkata,Central Warehouse -Kolkata,Dosa Coffee - Manisquare (0004),Onion,Kg,36.23,-,0,0,IN-1865,4,144.91
06-10-2026,Central Warehouse -Kolkata,Central Warehouse -Kolkata,Dosa Coffee - Manisquare (0004),Ginger,Kg,131.13,-,0,0,IN-1865,0.5,65.56
06-10-2026,Central Warehouse -Kolkata,Central Warehouse -Kolkata,Dosa Coffee - Manisquare (0004),Coriander Leaves,Kg,99.99,-,0,0,IN-1865,0.3,30
06-10-2026,Central Warehouse -Kolkata,Central Warehouse -Kolkata,Dosa Coffee - Manisquare (0004),Carrot,Kg,40.99,-,0,0,IN-1865,0.93,38.12
06-10-2026,Central Warehouse -Kolkata,Central Warehouse -Kolkata,Dosa Coffee - Manisquare (0004),White Butter,Kg,579.78,-,0,0,IN-1865,1,579.78
06-10-2026,Central Warehouse -Kolkata,Central Warehouse -Kolkata,Dosa Coffee - Manisquare (0004),Milk - Tetra 1Ltr,Ltr,77.18,-,0,0,IN-1865,6,463.06
06-10-2026,Central Warehouse -Kolkata,Central Warehouse -Kolkata,Dosa Coffee - Manisquare (0004),Milk (Adya Dairy),Ltr,61.85,-,0,0,IN-1865,0.5,30.93
06-10-2026,Central Warehouse -Kolkata,Central Warehouse -Kolkata,Dosa Coffee - Manisquare (0004),Ghee,Kg,755.57,-,0,0,IN-1865,0.905,683.79
06-10-2026,Central Warehouse -Kolkata,Central Warehouse -Kolkata,Dosa Coffee - Manisquare (0004),Schweppes Water - 500ml,Pc,24.89,-,0,0,IN-1865,48,1194.49
06-10-2026,Central Warehouse -Kolkata,Central Warehouse -Kolkata,Dosa Coffee - Lake Town (0005),White Sugar Sachet (1pkt = 200pc),Pc,0.42,-,0,0,IN-2157,200,84.64
06-10-2026,Central Warehouse -Kolkata,Central Warehouse -Kolkata,Dosa Coffee - Lake Town (0005),White Butter,Kg,579.78,-,0,0,IN-2157,1,579.78
06-10-2026,Central Warehouse -Kolkata,Central Warehouse -Kolkata,Dosa Coffee - Lake Town (0005),Turmeric Powder,gm,0.34,-,0,0,IN-2157,500,169.88
06-10-2026,Central Warehouse -Kolkata,Central Warehouse -Kolkata,Dosa Coffee - Lake Town (0005),Thermal Printer Roll - Posiflex,Pc,46.02,-,0,0,IN-2157,4,184.08
06-10-2026,Central Warehouse -Kolkata,Central Warehouse -Kolkata,Dosa Coffee - Lake Town (0005),Sticker - MRD (1sheet=108pc),Pc,0.13,-,0,0,IN-2157,216,28.01
06-10-2026,Central Warehouse -Kolkata,Central Warehouse -Kolkata,Dosa Coffee - Lake Town (0005),Silver Foil,Pc,349.19,-,0,0,IN-2157,1,349.19
06-10-2026,Central Warehouse -Kolkata,Central Warehouse -Kolkata,Dosa Coffee - Lake Town (0005),Salt,Kg,27.05,-,0,0,IN-2157,1,27.05
06-10-2026,Central Warehouse -Kolkata,Central Warehouse -Kolkata,Dosa Coffee - Lake Town (0005),Raw Mango,Kg,85.08,-,0,0,IN-2157,0.67,57.01
06-10-2026,Central Warehouse -Kolkata,Central Warehouse -Kolkata,Dosa Coffee - Lake Town (0005),Raw Green Chili,Kg,74.93,-,0,0,IN-2157,0.5,37.47
06-10-2026,Central Warehouse -Kolkata,Central Warehouse -Kolkata,Dosa Coffee - Lake Town (0005),Paper Napkin (1pkt = 100pc),Pc,0.24,-,0,0,IN-2157,400,94.03
06-10-2026,Central Warehouse -Kolkata,Central Warehouse -Kolkata,Dosa Coffee - Lake Town (0005),Onion,Kg,36.23,-,0,0,IN-2157,3,108.68
06-10-2026,Central Warehouse -Kolkata,Central Warehouse -Kolkata,Dosa Coffee - Lake Town (0005),Milk (Adya Dairy),Ltr,61.85,-,0,0,IN-2157,0.5,30.93
06-10-2026,Central Warehouse -Kolkata,Central Warehouse -Kolkata,Dosa Coffee - Lake Town (0005),Green Capsicum,Kg,65.51,-,0,0,IN-2157,0.215,14.09
06-10-2026,Central Warehouse -Kolkata,Central Warehouse -Kolkata,Dosa Coffee - Lake Town (0005),Ginger,Kg,131.13,-,0,0,IN-2157,0.5,65.56
06-10-2026,Central Warehouse -Kolkata,Central Warehouse -Kolkata,Dosa Coffee - Lake Town (0005),Ghee,Kg,755.57,-,0,0,IN-2157,0.905,683.79
06-10-2026,Central Warehouse -Kolkata,Central Warehouse -Kolkata,Dosa Coffee - Lake Town (0005),Garbage Bag Small (20 X 24),Pkt,53.62,-,0,0,IN-2157,1,53.62
06-10-2026,Central Warehouse -Kolkata,Central Warehouse -Kolkata,Dosa Coffee - Lake Town (0005),Garbage Bag Large (36 X 42),Pkt,69.46,-,0,0,IN-2157,1,69.46
06-10-2026,Central Warehouse -Kolkata,Central Warehouse -Kolkata,Dosa Coffee - Lake Town (0005),Fried Chana Daal,Kg,97.59,-,0,0,IN-2157,3,292.77
06-10-2026,Central Warehouse -Kolkata,Central Warehouse -Kolkata,Dosa Coffee - Lake Town (0005),Dosa Coffee Taps,Pc,142.15,-,0,0,IN-2157,2,284.29
06-10-2026,Central Warehouse -Kolkata,Central Warehouse -Kolkata,Dosa Coffee - Lake Town (0005),Curry Leaves,Kg,71.17,-,0,0,IN-2157,0.1,7.12
06-10-2026,Central Warehouse -Kolkata,Central Warehouse -Kolkata,Dosa Coffee - Lake Town (0005),Coriander Leaves,Kg,99.99,-,0,0,IN-2157,0.3,30
06-10-2026,Central Warehouse -Kolkata,Central Warehouse -Kolkata,Dosa Coffee - Lake Town (0005),Coffee/Tea Flask - 250ml (1pkt = 25pc),Pc,18.05,-,0,0,IN-2157,5,90.25
06-10-2026,Central Warehouse -Kolkata,Central Warehouse -Kolkata,Dosa Coffee - Lake Town (0005),Carry Bag - Small (1pkt = 100pc),Pc,7.08,-,0,0,IN-2157,100,707.85
06-10-2026,Central Warehouse -Kolkata,Central Warehouse -Kolkata,Dosa Coffee - Lake Town (0005),Carry Bag - Large(1pkt = 100pc),Pc,10.52,-,0,0,IN-2157,50,526.11
06-10-2026,Central Warehouse -Kolkata,Central Warehouse -Kolkata,Dosa Coffee - Lake Town (0005),Carrot,Kg,40.99,-,0,0,IN-2157,0.56,22.96
06-10-2026,Central Warehouse -Kolkata,Central Warehouse -Kolkata,Dosa Coffee - Lake Town (0005),Bio-Degradable Spoon (1pkt = 50pc),Pc,1.25,-,0,0,IN-2157,200,249.89
06-10-2026,Central Warehouse -Kolkata,Central Warehouse -Kolkata,Dosa Coffee - Lake Town (0005),Beans,Kg,76.21,-,0,0,IN-2157,0.3,22.86
06-10-2026,Central Warehouse -Kolkata,Central Warehouse -Kolkata,Dosa Coffee - Lake Town (0005),Banana Leaf Small (1bundle = 50pc),Pc,1.25,-,0,0,IN-2157,100,124.98
06-10-2026,Central Warehouse -Kolkata,Central Warehouse -Kolkata,Dosa Coffee - Lake Town (0005),Amul IC BP Vanilla (5L) CF,Ltr,97.8,-,0,0,IN-2157,5,489
06-10-2026,Central Warehouse -Kolkata,Central Warehouse -Kolkata,Dosa Coffee - Lake Town (0005),Amul Butter,Kg,564.66,-,0,0,IN-2157,0.5,282.33
06-10-2026,Central Warehouse -Kolkata,Central Warehouse -Kolkata,Dosa Coffee - Lake Town (0005),1000ml Round Bucket (DIY),Piece,14.28,-,0,0,IN-2157,4,57.14
06-10-2026,Central Warehouse -Kolkata,Central Warehouse -Kolkata,Dosa Coffee - Salt Lake Sec-1 (0009),Toilet Paper Roll Round,Pc,20.14,-,0,0,IN-2015,1,20.14
06-10-2026,Central Warehouse -Kolkata,Central Warehouse -Kolkata,Dosa Coffee - Salt Lake Sec-1 (0009),C Fold Tissue (Toilet Tissue),Pkt,49.48,-,0,0,IN-2015,2,98.96
06-10-2026,Central Warehouse -Kolkata,Central Warehouse -Kolkata,Dosa Coffee - Salt Lake Sec-1 (0009),Oreo Buiscuits,Pkt,9.73,-,0,0,IN-2015,5,48.65
06-10-2026,Central Warehouse -Kolkata,Central Warehouse -Kolkata,Dosa Coffee - Salt Lake Sec-1 (0009),Cottons Lemonade,Pc,17.44,-,0,0,IN-2015,24,418.56
06-10-2026,Central Warehouse -Kolkata,Central Warehouse -Kolkata,Dosa Coffee - Salt Lake Sec-1 (0009),Coffee/Tea Flask - 250ml (1pkt = 25pc),Pc,18.05,-,0,0,IN-2015,5,90.25
06-10-2026,Central Warehouse -Kolkata,Central Warehouse -Kolkata,Dosa Coffee - Salt Lake Sec-1 (0009),Supari,Pkt,148.81,-,0,0,IN-2015,1,148.81
06-10-2026,Central Warehouse -Kolkata,Central Warehouse -Kolkata,Dosa Coffee - Salt Lake Sec-1 (0009),Garbage Bag Small (20 X 24),Pkt,53.62,-,0,0,IN-2015,1,53.62
06-10-2026,Central Warehouse -Kolkata,Central Warehouse -Kolkata,Dosa Coffee - Salt Lake Sec-1 (0009),Garbage Bag Large (36 X 42),Pkt,69.46,-,0,0,IN-2015,1,69.46
06-10-2026,Central Warehouse -Kolkata,Central Warehouse -Kolkata,Dosa Coffee - Salt Lake Sec-1 (0009),Bio-Degradable Spoon (1pkt = 50pc),Pc,1.25,-,0,0,IN-2015,150,187.42
06-10-2026,Central Warehouse -Kolkata,Central Warehouse -Kolkata,Dosa Coffee - Salt Lake Sec-1 (0009),Paper Napkin (1pkt = 100pc),Pc,0.24,-,0,0,IN-2015,800,188.06
06-10-2026,Central Warehouse -Kolkata,Central Warehouse -Kolkata,Dosa Coffee - Salt Lake Sec-1 (0009),Compartment Tray With Lid - 2CP (1pkt = 25pc),Pc,7.64,-,0,0,IN-2015,25,190.98
06-10-2026,Central Warehouse -Kolkata,Central Warehouse -Kolkata,Dosa Coffee - Salt Lake Sec-1 (0009),Carry Bag - Small (1pkt = 100pc),Pc,7.08,-,0,0,IN-2015,200,1415.7
06-10-2026,Central Warehouse -Kolkata,Central Warehouse -Kolkata,Dosa Coffee - Salt Lake Sec-1 (0009),Take Away Packing Box - Small (1bundle = 50pc),Pc,4.3,-,0,0,IN-2015,100,429.99
06-10-2026,Central Warehouse -Kolkata,Central Warehouse -Kolkata,Dosa Coffee - Salt Lake Sec-1 (0009),Sticker - MRD (1sheet=108pc),Pc,0.13,-,0,0,IN-2015,216,28.01
06-10-2026,Central Warehouse -Kolkata,Central Warehouse -Kolkata,Dosa Coffee - Salt Lake Sec-1 (0009),Black Salt,gm,0.03,-,0,0,IN-2015,1000,29.94
06-10-2026,Central Warehouse -Kolkata,Central Warehouse -Kolkata,Dosa Coffee - Salt Lake Sec-1 (0009),Salt,Kg,27.05,-,0,0,IN-2015,1,27.05
06-10-2026,Central Warehouse -Kolkata,Central Warehouse -Kolkata,Dosa Coffee - Salt Lake Sec-1 (0009),Fried Chana Daal,Kg,97.59,-,0,0,IN-2015,7,683.14
06-10-2026,Central Warehouse -Kolkata,Central Warehouse -Kolkata,Dosa Coffee - Salt Lake Sec-1 (0009),Idli Daal (Rajkot),Kg,157.01,-,0,0,IN-2015,2,314.01
06-10-2026,Central Warehouse -Kolkata,Central Warehouse -Kolkata,Dosa Coffee - Salt Lake Sec-1 (0009),Mint leaf,Kg,189.43,-,0,0,IN-2015,0.05,9.47
06-10-2026,Central Warehouse -Kolkata,Central Warehouse -Kolkata,Dosa Coffee - Salt Lake Sec-1 (0009),Curry Leaves,Kg,71.17,-,0,0,IN-2015,0.2,14.23
06-10-2026,Central Warehouse -Kolkata,Central Warehouse -Kolkata,Dosa Coffee - Salt Lake Sec-1 (0009),Banana Leaf Small (1bundle = 50pc),Pc,1.25,-,0,0,IN-2015,100,124.98
06-10-2026,Central Warehouse -Kolkata,Central Warehouse -Kolkata,Dosa Coffee - Salt Lake Sec-1 (0009),Banana Leaf Big (1bundle = 50pc),Pc,1.8,-,0,0,IN-2015,150,270.1
06-10-2026,Central Warehouse -Kolkata,Central Warehouse -Kolkata,Dosa Coffee - Salt Lake Sec-1 (0009),Lime,Pc,3.5,-,0,0,IN-2015,50,175.01
06-10-2026,Central Warehouse -Kolkata,Central Warehouse -Kolkata,Dosa Coffee - Salt Lake Sec-1 (0009),Coriander Leaves,Kg,99.99,-,0,0,IN-2015,0.6,59.99
06-10-2026,Central Warehouse -Kolkata,Central Warehouse -Kolkata,Dosa Coffee - Salt Lake Sec-1 (0009),Tomato,Kg,40,-,0,0,IN-2015,1.5,59.99
06-10-2026,Central Warehouse -Kolkata,Central Warehouse -Kolkata,Dosa Coffee - Salt Lake Sec-1 (0009),Ginger,Kg,131.13,-,0,0,IN-2015,1.5,196.69
06-10-2026,Central Warehouse -Kolkata,Central Warehouse -Kolkata,Dosa Coffee - Salt Lake Sec-1 (0009),Onion,Kg,36.23,-,0,0,IN-2015,6,217.37
06-10-2026,Central Warehouse -Kolkata,Central Warehouse -Kolkata,Dosa Coffee - Salt Lake Sec-1 (0009),Raw Green Chili,Kg,74.93,-,0,0,IN-2015,1,74.93
06-10-2026,Central Warehouse -Kolkata,Central Warehouse -Kolkata,Dosa Coffee - Salt Lake Sec-1 (0009),Milk - Tetra 1Ltr,Ltr,77.18,-,0,0,IN-2015,7,540.24
06-10-2026,Central Warehouse -Kolkata,Central Warehouse -Kolkata,Dosa Coffee - Salt Lake Sec-1 (0009),Milk (Adya Dairy),Ltr,61.85,-,0,0,IN-2015,1,61.85
06-10-2026,Central Warehouse -Kolkata,Central Warehouse -Kolkata,Dosa Coffee - Salt Lake Sec-1 (0009),Sunflower Refined Oil  ( 1pkt = 868 Ml ),Ltr,168.77,-,0,0,IN-2015,6.076,1025.47
06-10-2026,Central Warehouse -Kolkata,Central Warehouse -Kolkata,Dosa Coffee - Salt Lake Sec-1 (0009),Ghee,Kg,755.57,-,0,0,IN-2015,1.81,1367.59
06-10-2026,Central Warehouse -Kolkata,Central Warehouse -Kolkata,Dosa Coffee - Salt Lake Sec-1 (0009),Amul Butter,Kg,564.66,-,0,0,IN-2015,0.5,282.33
06-10-2026,Central Warehouse -Kolkata,Central Warehouse -Kolkata,Dosa Coffee - Salt Lake Sec-1 (0009),White Butter,Kg,579.78,-,0,0,IN-2015,1.5,869.66
06-10-2026,Central Warehouse -Kolkata,Central Warehouse -Kolkata,Dosa Coffee - Salt Lake Sec-1 (0009),Beans,Kg,76.21,-,0,0,IN-2015,0.3,22.86
06-10-2026,Central Warehouse -Kolkata,Central Warehouse -Kolkata,Dosa Coffee - Salt Lake Sec-1 (0009),Watermelon,Kg,34.89,-,0,0,IN-2015,6.86,239.35
06-10-2026,Central Warehouse -Kolkata,Central Warehouse -Kolkata,Dosa Coffee - Salt Lake Sec-1 (0009),Carrot,Kg,40.99,-,0,0,IN-2015,1.33,54.52
06-10-2026,Central Warehouse -Kolkata,Central Warehouse -Kolkata,Dosa Coffee - Salt Lake Sec-1 (0009),Raw Curd,Kg,71.4,-,0,0,IN-2015,5,357
06-10-2026,Central Warehouse -Kolkata,Central Warehouse -Kolkata,Dosa Coffee - Salt Lake Sec-1 (0009),Raw Potato,Kg,18.73,-,0,0,IN-2015,18,337.13
06-10-2026,Central Warehouse -Kolkata,Central Warehouse -Kolkata,Dosa Coffee - Salt Lake (002),Watermelon,Kg,34.89,-,0,0,IN-2246,9.8,341.93
06-10-2026,Central Warehouse -Kolkata,Central Warehouse -Kolkata,Dosa Coffee - Salt Lake (002),Amul IC BP Vanilla (5L) CF,Ltr,97.8,-,0,0,IN-2246,5,489
06-10-2026,Central Warehouse -Kolkata,Central Warehouse -Kolkata,Dosa Coffee - Salt Lake (002),Salt,Kg,27.05,-,0,0,IN-2246,1,27.05
06-10-2026,Central Warehouse -Kolkata,Central Warehouse -Kolkata,Dosa Coffee - Salt Lake (002),White Sugar Sachet (1pkt = 200pc),Pc,0.42,-,0,0,IN-2246,200,84.64
06-10-2026,Central Warehouse -Kolkata,Central Warehouse -Kolkata,Dosa Coffee - Salt Lake (002),Amul Butter,Kg,564.66,-,0,0,IN-2246,1,564.66
06-10-2026,Central Warehouse -Kolkata,Central Warehouse -Kolkata,Dosa Coffee - Salt Lake (002),Sunflower Refined Oil  ( 1pkt = 868 Ml ),Ltr,168.77,-,0,0,IN-2246,5.208,878.98
06-10-2026,Central Warehouse -Kolkata,Central Warehouse -Kolkata,Dosa Coffee - Salt Lake (002),Fried Chana Daal,Kg,97.59,-,0,0,IN-2246,5,487.96
06-10-2026,Central Warehouse -Kolkata,Central Warehouse -Kolkata,Dosa Coffee - Salt Lake (002),Carry Bag - Small (1pkt = 100pc),Pc,7.08,-,0,0,IN-2246,100,707.85
06-10-2026,Central Warehouse -Kolkata,Central Warehouse -Kolkata,Dosa Coffee - Salt Lake (002),Paper Napkin (1pkt = 100pc),Pc,0.24,-,0,0,IN-2246,700,164.55
06-10-2026,Central Warehouse -Kolkata,Central Warehouse -Kolkata,Dosa Coffee - Salt Lake (002),Glen Container With Lid - 500ml (1pkt = 50pc),Pc,4.29,-,0,0,IN-2246,100,429.1
06-10-2026,Central Warehouse -Kolkata,Central Warehouse -Kolkata,Dosa Coffee - Salt Lake (002),Glen Container With Lid - 250ml (1pkt = 50pc),Pc,3.87,-,0,0,IN-2246,200,773.52
06-10-2026,Central Warehouse -Kolkata,Central Warehouse -Kolkata,Dosa Coffee - Salt Lake (002),Compartment Tray With Lid - 2CP (1pkt = 25pc),Pc,7.64,-,0,0,IN-2246,25,190.98
06-10-2026,Central Warehouse -Kolkata,Central Warehouse -Kolkata,Dosa Coffee - Salt Lake (002),Take Away Packing Box - Small (1bundle = 50pc),Pc,4.3,-,0,0,IN-2246,100,429.99
06-10-2026,Central Warehouse -Kolkata,Central Warehouse -Kolkata,Dosa Coffee - Salt Lake (002),Bio-Degradable Spoon (1pkt = 50pc),Pc,1.25,-,0,0,IN-2246,100,124.94
06-10-2026,Central Warehouse -Kolkata,Central Warehouse -Kolkata,Dosa Coffee - Salt Lake (002),Banana Leaf Small (1bundle = 50pc),Pc,1.25,-,0,0,IN-2246,150,187.48
06-10-2026,Central Warehouse -Kolkata,Central Warehouse -Kolkata,Dosa Coffee - Salt Lake (002),Banana Leaf Big (1bundle = 50pc),Pc,1.8,-,0,0,IN-2246,200,360.13
06-10-2026,Central Warehouse -Kolkata,Central Warehouse -Kolkata,Dosa Coffee - Salt Lake (002),Garlic,Kg,139.99,-,0,0,IN-2246,0.1,14
06-10-2026,Central Warehouse -Kolkata,Central Warehouse -Kolkata,Dosa Coffee - Salt Lake (002),Raw Mango,Kg,85.08,-,0,0,IN-2246,0.645,54.88
06-10-2026,Central Warehouse -Kolkata,Central Warehouse -Kolkata,Dosa Coffee - Salt Lake (002),Beans,Kg,76.21,-,0,0,IN-2246,0.15,11.43
06-10-2026,Central Warehouse -Kolkata,Central Warehouse -Kolkata,Dosa Coffee - Salt Lake (002),Mint leaf,Kg,189.43,-,0,0,IN-2246,0.1,18.94
06-10-2026,Central Warehouse -Kolkata,Central Warehouse -Kolkata,Dosa Coffee - Salt Lake (002),Tomato,Kg,40,-,0,0,IN-2246,1,40
06-10-2026,Central Warehouse -Kolkata,Central Warehouse -Kolkata,Dosa Coffee - Salt Lake (002),Lime,Pc,3.5,-,0,0,IN-2246,50,175.01
06-10-2026,Central Warehouse -Kolkata,Central Warehouse -Kolkata,Dosa Coffee - Salt Lake (002),Raw Green Chili,Kg,74.93,-,0,0,IN-2246,1,74.93
06-10-2026,Central Warehouse -Kolkata,Central Warehouse -Kolkata,Dosa Coffee - Salt Lake (002),Onion,Kg,36.23,-,0,0,IN-2246,8,289.83
06-10-2026,Central Warehouse -Kolkata,Central Warehouse -Kolkata,Dosa Coffee - Salt Lake (002),Green Capsicum,Kg,65.51,-,0,0,IN-2246,0.15,9.83
06-10-2026,Central Warehouse -Kolkata,Central Warehouse -Kolkata,Dosa Coffee - Salt Lake (002),Ginger,Kg,131.13,-,0,0,IN-2246,1,131.13
06-10-2026,Central Warehouse -Kolkata,Central Warehouse -Kolkata,Dosa Coffee - Salt Lake (002),Curry Leaves,Kg,71.17,-,0,0,IN-2246,0.1,7.12
06-10-2026,Central Warehouse -Kolkata,Central Warehouse -Kolkata,Dosa Coffee - Salt Lake (002),Coriander Leaves,Kg,99.99,-,0,0,IN-2246,1,99.99
06-10-2026,Central Warehouse -Kolkata,Central Warehouse -Kolkata,Dosa Coffee - Salt Lake (002),Carrot,Kg,40.99,-,0,0,IN-2246,1.12,45.91
06-10-2026,Central Warehouse -Kolkata,Central Warehouse -Kolkata,Dosa Coffee - Salt Lake (002),Supari,Pkt,148.81,-,0,0,IN-2246,5,744.03
06-10-2026,Central Warehouse -Kolkata,Central Warehouse -Kolkata,Dosa Coffee - Salt Lake (002),White Butter,Kg,579.78,-,0,0,IN-2246,1,579.78
06-10-2026,Central Warehouse -Kolkata,Central Warehouse -Kolkata,Dosa Coffee - Salt Lake (002),Raw Curd,Kg,71.4,-,0,0,IN-2246,3,214.2
06-10-2026,Central Warehouse -Kolkata,Central Warehouse -Kolkata,Dosa Coffee - Salt Lake (002),Paneer,Kg,299,-,0,0,IN-2246,1,299
06-10-2026,Central Warehouse -Kolkata,Central Warehouse -Kolkata,Dosa Coffee - Salt Lake (002),Milk (Adya Dairy),Ltr,61.85,-,0,0,IN-2246,0.5,30.93
06-10-2026,Central Warehouse -Kolkata,Central Warehouse -Kolkata,Dosa Coffee - Salt Lake (002),Ghee,Kg,755.57,-,0,0,IN-2246,4.525,3418.97
06-10-2026,Central Warehouse -Kolkata,Central Warehouse -Kolkata,Dosa Coffee - Salt Lake (002),Amul Cheese,Kg,510.96,-,0,0,IN-2246,1,510.96
06-10-2026,Central Warehouse -Kolkata,Central Warehouse -Kolkata,Dosa Coffee - Salt Lake (002),Kinley Soda 750ml Pet,Pc,15.82,-,0,0,IN-2246,2,31.63
06-10-2026,Central Warehouse -Kolkata,Central Warehouse -Kolkata,Dosa Coffee - Food Truck - 1 (0008),Hot Coffee Cup 150ml (1pkt=25pc),Pc,1.23,-,0,0,IN-989,50,61.39
06-10-2026,Central Warehouse -Kolkata,Central Warehouse -Kolkata,Dosa Coffee - Food Truck - 1 (0008),Glen Container With Lid - 100ml (1pkt = 50pc),Pc,1.76,-,0,0,IN-989,50,88.05
06-10-2026,Central Warehouse -Kolkata,Central Warehouse -Kolkata,Dosa Coffee - Food Truck - 1 (0008),Cothas Coffee Powder,Kg,859.17,-,0,0,IN-989,0.5,429.58
06-10-2026,Central Warehouse -Kolkata,Central Warehouse -Kolkata,Dosa Coffee - Food Truck - 1 (0008),Milk - Tetra 1Ltr,Ltr,77.18,-,0,0,IN-989,2,154.35
06-10-2026,Central Warehouse -Kolkata,Central Warehouse -Kolkata,Dosa Coffee - Quest Mall (01/0016),Lime,Pc,3.5,-,0,0,IN-864,15,52.5
06-10-2026,Central Warehouse -Kolkata,Central Warehouse -Kolkata,Dosa Coffee - Quest Mall (01/0016),Take Away Packing Box - Small (1bundle = 50pc),Pc,4.3,-,0,0,IN-864,100,429.99
06-10-2026,Central Warehouse -Kolkata,Central Warehouse -Kolkata,Dosa Coffee - Quest Mall (01/0016),Ecolab-Grill Cleaner Pluss (1can = 5ltr),Can,1555.38,-,0,0,IN-864,1,1555.38
06-10-2026,Central Warehouse -Kolkata,Central Warehouse -Kolkata,Dosa Coffee - Quest Mall (01/0016),Hairnet (Comfort Cap 1pkt=100 pc),Pc,0.78,-,0,0,IN-864,100,78.23
06-10-2026,Central Warehouse -Kolkata,Central Warehouse -Kolkata,Dosa Coffee - Quest Mall (01/0016),Amul IC BP Vanilla (5L) CF,Ltr,97.8,-,0,0,IN-864,5,489
06-10-2026,Central Warehouse -Kolkata,Central Warehouse -Kolkata,Dosa Coffee - Quest Mall (01/0016),Beans,Kg,76.21,-,0,0,IN-864,0.2,15.24
06-10-2026,Central Warehouse -Kolkata,Central Warehouse -Kolkata,Dosa Coffee - Quest Mall (01/0016),Amada,Kg,70.24,-,0,0,IN-864,0.1,7.02
06-10-2026,Central Warehouse -Kolkata,Central Warehouse -Kolkata,Dosa Coffee - Quest Mall (01/0016),Banana Leaf Small (1bundle = 50pc),Pc,1.25,-,0,0,IN-864,150,187.48
06-10-2026,Central Warehouse -Kolkata,Central Warehouse -Kolkata,Dosa Coffee - Quest Mall (01/0016),Paper Food Container - 150ml (1pkt = 50pc),Pc,2,-,0,0,IN-864,500,999.9
06-10-2026,Central Warehouse -Kolkata,Central Warehouse -Kolkata,Dosa Coffee - Quest Mall (01/0016),Paper Food Container - 100ml (1pkt = 50pc),Pc,1.78,-,0,0,IN-864,500,891.85
06-10-2026,Central Warehouse -Kolkata,Central Warehouse -Kolkata,Dosa Coffee - Quest Mall (01/0016),Schweppes Water - 500ml,Pc,24.89,-,0,0,IN-864,24,597.25
06-10-2026,Central Warehouse -Kolkata,Central Warehouse -Kolkata,Dosa Coffee - Quest Mall (01/0016),Milk - Tetra 1Ltr,Ltr,77.18,-,0,0,IN-864,12,926.12
06-10-2026,Central Warehouse -Kolkata,Central Warehouse -Kolkata,Dosa Coffee - Quest Mall (01/0016),Coffee Cup Lid (1pkt =50Pics),Pc,1.64,-,0,0,IN-864,50,82.21
06-10-2026,Central Warehouse -Kolkata,Central Warehouse -Kolkata,Dosa Coffee - Quest Mall (01/0016),Coffee Cup (1Pkt = 50Pics),Pc,4.01,-,0,0,IN-864,50,200.49
06-10-2026,Central Warehouse -Kolkata,Central Warehouse -Kolkata,Dosa Coffee - Quest Mall (01/0016),Hot Coffee Cup 150ml (1pkt=25pc),Pc,1.23,-,0,0,IN-864,75,92.09
06-10-2026,Central Warehouse -Kolkata,Central Warehouse -Kolkata,Dosa Coffee - Quest Mall (01/0016),Paper Napkin (1pkt = 100pc),Pc,0.24,-,0,0,IN-864,500,117.53
06-10-2026,Central Warehouse -Kolkata,Central Warehouse -Kolkata,Dosa Coffee - Quest Mall (01/0016),Milk (Adya Dairy),Ltr,61.85,-,0,0,IN-864,0.5,30.93
06-10-2026,Central Warehouse -Kolkata,Central Warehouse -Kolkata,Dosa Coffee - Quest Mall (01/0016),Ghee,Kg,755.57,-,0,0,IN-864,0.905,683.79
06-10-2026,Central Warehouse -Kolkata,Central Warehouse -Kolkata,Dosa Coffee - Quest Mall (01/0016),Sunflower Refined Oil  ( 1pkt = 868 Ml ),Ltr,168.77,-,0,0,IN-864,3.472,585.98
06-10-2026,Central Warehouse -Kolkata,Central Warehouse -Kolkata,Dosa Coffee - Quest Mall (01/0016),Fried Chana Daal,Kg,97.59,-,0,0,IN-864,3,292.77
06-10-2026,Central Warehouse -Kolkata,Central Warehouse -Kolkata,Dosa Coffee - Quest Mall (01/0016),Raw Curd,Kg,71.4,-,0,0,IN-864,1,71.4
06-10-2026,Central Warehouse -Kolkata,Central Warehouse -Kolkata,Dosa Coffee - Quest Mall (01/0016),Amul Cheese,Kg,510.96,-,0,0,IN-864,1,510.96
06-10-2026,Central Warehouse -Kolkata,Central Warehouse -Kolkata,Dosa Coffee - Quest Mall (01/0016),White Butter,Kg,579.78,-,0,0,IN-864,1,579.78
06-10-2026,Central Warehouse -Kolkata,Central Warehouse -Kolkata,Dosa Coffee - Quest Mall (01/0016),Raw Potato,Kg,18.73,-,0,0,IN-864,12,224.75
06-10-2026,Central Warehouse -Kolkata,Central Warehouse -Kolkata,Dosa Coffee - Quest Mall (01/0016),Raw Mango,Kg,85.08,-,0,0,IN-864,0.55,46.8
06-10-2026,Central Warehouse -Kolkata,Central Warehouse -Kolkata,Dosa Coffee - Quest Mall (01/0016),Carrot,Kg,40.99,-,0,0,IN-864,0.6,24.6
06-10-2026,Central Warehouse -Kolkata,Central Warehouse -Kolkata,Dosa Coffee - Quest Mall (01/0016),Coriander Leaves,Kg,99.99,-,0,0,IN-864,0.2,20
06-10-2026,Central Warehouse -Kolkata,Central Warehouse -Kolkata,Dosa Coffee - Quest Mall (01/0016),Raw Green Chili,Kg,74.93,-,0,0,IN-864,0.5,37.47
06-10-2026,Central Warehouse -Kolkata,Central Warehouse -Kolkata,Dosa Coffee - Quest Mall (01/0016),Ginger,Kg,131.13,-,0,0,IN-864,0.5,65.56
06-10-2026,Central Warehouse -Kolkata,Central Warehouse -Kolkata,Dosa Coffee - Quest Mall (01/0016),Onion,Kg,36.23,-,0,0,IN-864,4,144.91
06-10-2026,Central Warehouse -Kolkata,Central Warehouse -Kolkata,Dosa Coffee - Rosedale Plaza(0006),Kinley Soda 750ml Pet,Pc,15.82,-,0,0,IN-2061,8,126.54
06-10-2026,Central Warehouse -Kolkata,Central Warehouse -Kolkata,Dosa Coffee - Rosedale Plaza(0006),Milk - Tetra 1Ltr,Ltr,77.18,-,0,0,IN-2061,12,926.12
06-10-2026,Central Warehouse -Kolkata,Central Warehouse -Kolkata,Dosa Coffee - Rosedale Plaza(0006),White Sugar Sachet (1pkt = 200pc),Pc,0.42,-,0,0,IN-2061,200,84.64
06-10-2026,Central Warehouse -Kolkata,Central Warehouse -Kolkata,Dosa Coffee - Rosedale Plaza(0006),Hot Coffee Cup 150ml (1pkt=25pc),Pc,1.23,-,0,0,IN-2061,25,30.7
06-10-2026,Central Warehouse -Kolkata,Central Warehouse -Kolkata,Dosa Coffee - Rosedale Plaza(0006),Garbage Bag Small (20 X 24),Pkt,53.62,-,0,0,IN-2061,1,53.62
06-10-2026,Central Warehouse -Kolkata,Central Warehouse -Kolkata,Dosa Coffee - Rosedale Plaza(0006),Garbage Bag Large (36 X 42),Pkt,69.46,-,0,0,IN-2061,1,69.46
06-10-2026,Central Warehouse -Kolkata,Central Warehouse -Kolkata,Dosa Coffee - Rosedale Plaza(0006),Ecolab-Grill Cleaner Pluss (1can = 5ltr),Can,1555.38,-,0,0,IN-2061,1,1555.38
06-10-2026,Central Warehouse -Kolkata,Central Warehouse -Kolkata,Dosa Coffee - Rosedale Plaza(0006),Hairnet (Comfort Cap 1pkt=100 pc),Pc,0.78,-,0,0,IN-2061,100,78.23
06-10-2026,Central Warehouse -Kolkata,Central Warehouse -Kolkata,Dosa Coffee - Rosedale Plaza(0006),Bio-Degradable Spoon (1pkt = 50pc),Pc,1.25,-,0,0,IN-2061,300,374.83
06-10-2026,Central Warehouse -Kolkata,Central Warehouse -Kolkata,Dosa Coffee - Rosedale Plaza(0006),Compartment Tray With Lid - 5CP (1pkt = 25pc),Pc,10.66,-,0,0,IN-2061,25,266.48
06-10-2026,Central Warehouse -Kolkata,Central Warehouse -Kolkata,Dosa Coffee - Rosedale Plaza(0006),Carry Bag - Small (1pkt = 100pc),Pc,7.08,-,0,0,IN-2061,100,707.85
06-10-2026,Central Warehouse -Kolkata,Central Warehouse -Kolkata,Dosa Coffee - Rosedale Plaza(0006),Carry Bag - Large(1pkt = 100pc),Pc,10.52,-,0,0,IN-2061,25,263.05
06-10-2026,Central Warehouse -Kolkata,Central Warehouse -Kolkata,Dosa Coffee - Rosedale Plaza(0006),Sugar,Kg,52.03,-,0,0,IN-2061,1,52.03
06-10-2026,Central Warehouse -Kolkata,Central Warehouse -Kolkata,Dosa Coffee - Rosedale Plaza(0006),Fried Chana Daal,Kg,97.59,-,0,0,IN-2061,6,585.55
06-10-2026,Central Warehouse -Kolkata,Central Warehouse -Kolkata,Dosa Coffee - Rosedale Plaza(0006),Turmeric Powder,gm,0.34,-,0,0,IN-2061,500,169.88
06-10-2026,Central Warehouse -Kolkata,Central Warehouse -Kolkata,Dosa Coffee - Rosedale Plaza(0006),Curry Leaves,Kg,71.17,-,0,0,IN-2061,0.1,7.12
06-10-2026,Central Warehouse -Kolkata,Central Warehouse -Kolkata,Dosa Coffee - Rosedale Plaza(0006),Banana Leaf Small (1bundle = 50pc),Pc,1.25,-,0,0,IN-2061,150,187.48
06-10-2026,Central Warehouse -Kolkata,Central Warehouse -Kolkata,Dosa Coffee - Rosedale Plaza(0006),Beans,Kg,76.21,-,0,0,IN-2061,0.3,22.86
06-10-2026,Central Warehouse -Kolkata,Central Warehouse -Kolkata,Dosa Coffee - Rosedale Plaza(0006),Carrot,Kg,40.99,-,0,0,IN-2061,1.04,42.63
06-10-2026,Central Warehouse -Kolkata,Central Warehouse -Kolkata,Dosa Coffee - Rosedale Plaza(0006),Coriander Leaves,Kg,99.99,-,0,0,IN-2061,0.5,50
06-10-2026,Central Warehouse -Kolkata,Central Warehouse -Kolkata,Dosa Coffee - Rosedale Plaza(0006),Tomato,Kg,40,-,0,0,IN-2061,0.5,20
06-10-2026,Central Warehouse -Kolkata,Central Warehouse -Kolkata,Dosa Coffee - Rosedale Plaza(0006),Ginger,Kg,131.13,-,0,0,IN-2061,1,131.13
06-10-2026,Central Warehouse -Kolkata,Central Warehouse -Kolkata,Dosa Coffee - Rosedale Plaza(0006),Onion,Kg,36.23,-,0,0,IN-2061,5,181.14
06-10-2026,Central Warehouse -Kolkata,Central Warehouse -Kolkata,Dosa Coffee - Rosedale Plaza(0006),Raw Green Chili,Kg,74.93,-,0,0,IN-2061,1,74.93
06-10-2026,Central Warehouse -Kolkata,Central Warehouse -Kolkata,Dosa Coffee - Rosedale Plaza(0006),Milk (Adya Dairy),Ltr,61.85,-,0,0,IN-2061,0.5,30.93
06-10-2026,Central Warehouse -Kolkata,Central Warehouse -Kolkata,Dosa Coffee - Rosedale Plaza(0006),Sunflower Refined Oil  ( 1pkt = 868 Ml ),Ltr,168.77,-,0,0,IN-2061,3.472,585.98
06-10-2026,Central Warehouse -Kolkata,Central Warehouse -Kolkata,Dosa Coffee - Rosedale Plaza(0006),Ghee,Kg,755.57,-,0,0,IN-2061,0.905,683.79
06-10-2026,Central Warehouse -Kolkata,Central Warehouse -Kolkata,Dosa Coffee - Rosedale Plaza(0006),Amul Cheese,Kg,510.96,-,0,0,IN-2061,1,510.96
06-10-2026,Central Warehouse -Kolkata,Central Warehouse -Kolkata,Dosa Coffee - Rosedale Plaza(0006),White Butter,Kg,579.78,-,0,0,IN-2061,1,579.78
06-10-2026,Central Warehouse -Kolkata,Central Warehouse -Kolkata,Dosa Coffee - New Town - Cloud Kitchen (01/0013),Carrot,Kg,40.99,-,0,0,IN-1342,1,40.99
06-10-2026,Central Warehouse -Kolkata,Central Warehouse -Kolkata,Dosa Coffee - New Town - Cloud Kitchen (01/0013),Cottons Lemonade,Pc,17.44,-,0,0,IN-1342,24,418.56
06-10-2026,Central Warehouse -Kolkata,Central Warehouse -Kolkata,Dosa Coffee - New Town - Cloud Kitchen (01/0013),Cothas Coffee Powder,Kg,859.17,-,0,0,IN-1342,0.5,429.58
06-10-2026,Central Warehouse -Kolkata,Central Warehouse -Kolkata,Dosa Coffee - New Town - Cloud Kitchen (01/0013),Hot Coffee Cup 150ml (1pkt=25pc),Pc,1.23,-,0,0,IN-1342,25,30.7
06-10-2026,Central Warehouse -Kolkata,Central Warehouse -Kolkata,Dosa Coffee - New Town - Cloud Kitchen (01/0013),Silver Foil,Pc,349.19,-,0,0,IN-1342,1,349.19
06-10-2026,Central Warehouse -Kolkata,Central Warehouse -Kolkata,Dosa Coffee - New Town - Cloud Kitchen (01/0013),Bio-Degradable Spoon (1pkt = 50pc),Pc,1.25,-,0,0,IN-1342,100,124.94
06-10-2026,Central Warehouse -Kolkata,Central Warehouse -Kolkata,Dosa Coffee - New Town - Cloud Kitchen (01/0013),Paper Napkin (1pkt = 100pc),Pc,0.24,-,0,0,IN-1342,200,47.01
06-10-2026,Central Warehouse -Kolkata,Central Warehouse -Kolkata,Dosa Coffee - New Town - Cloud Kitchen (01/0013),Glen Container With Lid - 500ml (1pkt = 50pc),Pc,4.29,-,0,0,IN-1342,50,214.55
06-10-2026,Central Warehouse -Kolkata,Central Warehouse -Kolkata,Dosa Coffee - New Town - Cloud Kitchen (01/0013),Glen Container With Lid - 250ml (1pkt = 50pc),Pc,3.87,-,0,0,IN-1342,150,580.14
06-10-2026,Central Warehouse -Kolkata,Central Warehouse -Kolkata,Dosa Coffee - New Town - Cloud Kitchen (01/0013),Glen Container With Lid - 100ml (1pkt = 50pc),Pc,1.76,-,0,0,IN-1342,50,88.05
06-10-2026,Central Warehouse -Kolkata,Central Warehouse -Kolkata,Dosa Coffee - New Town - Cloud Kitchen (01/0013),Carry Bag - Small (1pkt = 100pc),Pc,7.08,-,0,0,IN-1342,300,2123.56
06-10-2026,Central Warehouse -Kolkata,Central Warehouse -Kolkata,Dosa Coffee - New Town - Cloud Kitchen (01/0013),Carry Bag - Large(1pkt = 100pc),Pc,10.52,-,0,0,IN-1342,25,263.05
06-10-2026,Central Warehouse -Kolkata,Central Warehouse -Kolkata,Dosa Coffee - New Town - Cloud Kitchen (01/0013),Dosa Coffee Taps,Pc,142.15,-,0,0,IN-1342,1,142.15
06-10-2026,Central Warehouse -Kolkata,Central Warehouse -Kolkata,Dosa Coffee - New Town - Cloud Kitchen (01/0013),Fried Chana Daal,Kg,97.59,-,0,0,IN-1342,4,390.37
06-10-2026,Central Warehouse -Kolkata,Central Warehouse -Kolkata,Dosa Coffee - New Town - Cloud Kitchen (01/0013),Curry Leaves,Kg,71.17,-,0,0,IN-1342,0.1,7.12
06-10-2026,Central Warehouse -Kolkata,Central Warehouse -Kolkata,Dosa Coffee - New Town - Cloud Kitchen (01/0013),Raw Mango,Kg,85.08,-,0,0,IN-1342,0.63,53.6
06-10-2026,Central Warehouse -Kolkata,Central Warehouse -Kolkata,Dosa Coffee - New Town - Cloud Kitchen (01/0013),Coriander Leaves,Kg,99.99,-,0,0,IN-1342,0.25,25
06-10-2026,Central Warehouse -Kolkata,Central Warehouse -Kolkata,Dosa Coffee - New Town - Cloud Kitchen (01/0013),Tomato,Kg,40,-,0,0,IN-1342,0.5,20
06-10-2026,Central Warehouse -Kolkata,Central Warehouse -Kolkata,Dosa Coffee - New Town - Cloud Kitchen (01/0013),Ginger,Kg,131.13,-,0,0,IN-1342,0.5,65.56
06-10-2026,Central Warehouse -Kolkata,Central Warehouse -Kolkata,Dosa Coffee - New Town - Cloud Kitchen (01/0013),Onion,Kg,36.23,-,0,0,IN-1342,2,72.46
06-10-2026,Central Warehouse -Kolkata,Central Warehouse -Kolkata,Dosa Coffee - New Town - Cloud Kitchen (01/0013),Milk - Tetra 1Ltr,Ltr,77.18,-,0,0,IN-1342,1,77.18
06-10-2026,Central Warehouse -Kolkata,Central Warehouse -Kolkata,Dosa Coffee - New Town - Cloud Kitchen (01/0013),Milk (Adya Dairy),Ltr,61.85,-,0,0,IN-1342,1,61.85
06-10-2026,Central Warehouse -Kolkata,Central Warehouse -Kolkata,Dosa Coffee - New Town - Cloud Kitchen (01/0013),Sunflower Refined Oil  ( 1pkt = 868 Ml ),Ltr,168.77,-,0,0,IN-1342,1.736,292.99
06-10-2026,Central Warehouse -Kolkata,Central Warehouse -Kolkata,Dosa Coffee - New Town - Cloud Kitchen (01/0013),Ghee,Kg,755.57,-,0,0,IN-1342,0.905,683.79
06-10-2026,Central Warehouse -Kolkata,Central Warehouse -Kolkata,Dosa Coffee - New Town - Cloud Kitchen (01/0013),White Butter,Kg,579.78,-,0,0,IN-1342,0.5,289.89
07-10-2026,Central Warehouse -Kolkata,Central Warehouse -Kolkata,Dosa Coffee - Food Truck - 1 (0008),Hairnet (Comfort Cap 1pkt=100 pc),Pc,0.78,-,0,0,IN-990,100,78.23
07-10-2026,Central Warehouse -Kolkata,Central Warehouse -Kolkata,Dosa Coffee - Food Truck - 1 (0008),Paper Napkin (1pkt = 100pc),Pc,0.24,-,0,0,IN-990,200,47.01
07-10-2026,Central Warehouse -Kolkata,Central Warehouse -Kolkata,Dosa Coffee - Food Truck - 1 (0008),Sunflower Refined Oil  ( 1pkt = 868 Ml ),Ltr,168.77,-,0,0,IN-990,1.736,292.99
07-10-2026,Central Warehouse -Kolkata,Central Warehouse -Kolkata,Dosa Coffee - Food Truck - 1 (0008),Milk - Tetra 1Ltr,Ltr,77.18,-,0,0,IN-990,3,231.53
07-10-2026,Central Warehouse -Kolkata,Central Warehouse -Kolkata,Dosa Coffee - Food Truck - 1 (0008),Garbage Bag Large (36 X 42),Pkt,69.46,-,0,0,IN-990,1,69.46
07-10-2026,Central Warehouse -Kolkata,Central Warehouse -Kolkata,Dosa Coffee - Quest Mall (01/0016),Idli Cloth (Markin Cloth),Pc,25.04,-,0,0,IN-865,8,200.34
07-10-2026,Central Warehouse -Kolkata,Central Warehouse -Kolkata,Dosa Coffee - Quest Mall (01/0016),Sticker - MRD (1sheet=108pc),Pc,0.13,-,0,0,IN-865,540,70.02
07-10-2026,Central Warehouse -Kolkata,Central Warehouse -Kolkata,Dosa Coffee - Quest Mall (01/0016),Areca 10" Plate,Pc,5.95,-,0,0,IN-865,300,1785.25
07-10-2026,Central Warehouse -Kolkata,Central Warehouse -Kolkata,Dosa Coffee - Quest Mall (01/0016),Milk (Adya Dairy),Ltr,61.85,-,0,0,IN-865,0.5,30.93
07-10-2026,Central Warehouse -Kolkata,Central Warehouse -Kolkata,Dosa Coffee - Quest Mall (01/0016),Raw Curd,Kg,71.4,-,0,0,IN-865,2,142.8
07-10-2026,Central Warehouse -Kolkata,Central Warehouse -Kolkata,Dosa Coffee - Quest Mall (01/0016),Banana Leaf Small (1bundle = 50pc),Pc,1.25,-,0,0,IN-865,150,187.48
07-10-2026,Central Warehouse -Kolkata,Central Warehouse -Kolkata,Dosa Coffee - Quest Mall (01/0016),Cothas Coffee Powder,Kg,859.17,-,0,0,IN-865,1,859.17
07-10-2026,Central Warehouse -Kolkata,Central Warehouse -Kolkata,Dosa Coffee - Quest Mall (01/0016),Schweppes Water - 500ml,Pc,24.89,-,0,0,IN-865,24,597.25
07-10-2026,Central Warehouse -Kolkata,Central Warehouse -Kolkata,Dosa Coffee - Quest Mall (01/0016),Hot Coffee Cup 150ml (1pkt=25pc),Pc,1.23,-,0,0,IN-865,50,61.39
07-10-2026,Central Warehouse -Kolkata,Central Warehouse -Kolkata,Dosa Coffee - Quest Mall (01/0016),Paper Napkin (1pkt = 100pc),Pc,0.24,-,0,0,IN-865,500,117.53
07-10-2026,Central Warehouse -Kolkata,Central Warehouse -Kolkata,Dosa Coffee - Quest Mall (01/0016),Sunflower Refined Oil  ( 1pkt = 868 Ml ),Ltr,168.77,-,0,0,IN-865,1.736,292.99
07-10-2026,Central Warehouse -Kolkata,Central Warehouse -Kolkata,Dosa Coffee - Quest Mall (01/0016),Fried Chana Daal,Kg,97.59,-,0,0,IN-865,3,292.77
07-10-2026,Central Warehouse -Kolkata,Central Warehouse -Kolkata,Dosa Coffee - Quest Mall (01/0016),White Butter,Kg,586.76,-,0,0,IN-865,1,586.76
07-10-2026,Central Warehouse -Kolkata,Central Warehouse -Kolkata,Dosa Coffee - Quest Mall (01/0016),Mint leaf,Kg,189.42,-,0,0,IN-865,0.1,18.94
07-10-2026,Central Warehouse -Kolkata,Central Warehouse -Kolkata,Dosa Coffee - Quest Mall (01/0016),Curry Leaves,Kg,71.17,-,0,0,IN-865,0.1,7.12
07-10-2026,Central Warehouse -Kolkata,Central Warehouse -Kolkata,Dosa Coffee - Quest Mall (01/0016),Raw Potato,Kg,18.72,-,0,0,IN-865,12,224.64
07-10-2026,Central Warehouse -Kolkata,Central Warehouse -Kolkata,Dosa Coffee - Quest Mall (01/0016),Tomato,Kg,40,-,0,0,IN-865,0.5,20
07-10-2026,Central Warehouse -Kolkata,Central Warehouse -Kolkata,Dosa Coffee - Quest Mall (01/0016),Coriander Leaves,Kg,99.99,-,0,0,IN-865,0.2,20
07-10-2026,Central Warehouse -Kolkata,Central Warehouse -Kolkata,Dosa Coffee - Quest Mall (01/0016),Carrot,Kg,40.99,-,0,0,IN-865,1.028,42.14
07-10-2026,Central Warehouse -Kolkata,Central Warehouse -Kolkata,Dosa Coffee - Quest Mall (01/0016),Ginger,Kg,131.14,-,0,0,IN-865,0.5,65.57
07-10-2026,Central Warehouse -Kolkata,Central Warehouse -Kolkata,Dosa Coffee - Quest Mall (01/0016),Onion,Kg,36.23,-,0,0,IN-865,4,144.92
07-10-2026,Central Warehouse -Kolkata,Central Warehouse -Kolkata,Dosa Coffee - Rosedale Plaza(0006),Amul IC BP Vanilla (5L) CF,Ltr,97.8,-,0,0,IN-2062,5,489
07-10-2026,Central Warehouse -Kolkata,Central Warehouse -Kolkata,Dosa Coffee - Rosedale Plaza(0006),Cottons Lemonade,Pc,17.44,-,0,0,IN-2062,24,418.56
07-10-2026,Central Warehouse -Kolkata,Central Warehouse -Kolkata,Dosa Coffee - Rosedale Plaza(0006),Cothas Coffee Powder,Kg,859.17,-,0,0,IN-2062,1,859.17
07-10-2026,Central Warehouse -Kolkata,Central Warehouse -Kolkata,Dosa Coffee - Rosedale Plaza(0006),Silver Foil,Pc,349.19,-,0,0,IN-2062,1,349.19
07-10-2026,Central Warehouse -Kolkata,Central Warehouse -Kolkata,Dosa Coffee - Rosedale Plaza(0006),Bio-Degradable Spoon (1pkt = 50pc),Pc,1.25,-,0,0,IN-2062,100,124.94
07-10-2026,Central Warehouse -Kolkata,Central Warehouse -Kolkata,Dosa Coffee - Rosedale Plaza(0006),Paper Straw (1pkt = 100pc),Pc,0.39,-,0,0,IN-2062,100,38.67
07-10-2026,Central Warehouse -Kolkata,Central Warehouse -Kolkata,Dosa Coffee - Rosedale Plaza(0006),Paper Napkin (1pkt = 100pc),Pc,0.24,-,0,0,IN-2062,500,117.53
07-10-2026,Central Warehouse -Kolkata,Central Warehouse -Kolkata,Dosa Coffee - Rosedale Plaza(0006),Glen Container With Lid - 500ml (1pkt = 50pc),Pc,4.29,-,0,0,IN-2062,100,429.1
07-10-2026,Central Warehouse -Kolkata,Central Warehouse -Kolkata,Dosa Coffee - Rosedale Plaza(0006),Glen Container With Lid - 250ml (1pkt = 50pc),Pc,3.87,-,0,0,IN-2062,200,773.52
07-10-2026,Central Warehouse -Kolkata,Central Warehouse -Kolkata,Dosa Coffee - Rosedale Plaza(0006),Carry Bag - Small (1pkt = 100pc),Pc,7.06,-,0,0,IN-2062,100,705.96
07-10-2026,Central Warehouse -Kolkata,Central Warehouse -Kolkata,Dosa Coffee - Rosedale Plaza(0006),Take Away Packing Box - Small (1bundle = 50pc),Pc,4.3,-,0,0,IN-2062,200,859.98
07-10-2026,Central Warehouse -Kolkata,Central Warehouse -Kolkata,Dosa Coffee - Rosedale Plaza(0006),Sticker - MRD (1sheet=108pc),Pc,0.13,-,0,0,IN-2062,108,14
07-10-2026,Central Warehouse -Kolkata,Central Warehouse -Kolkata,Dosa Coffee - Rosedale Plaza(0006),Thermal Printer Roll - Posiflex,Pc,46.02,-,0,0,IN-2062,5,230.1
07-10-2026,Central Warehouse -Kolkata,Central Warehouse -Kolkata,Dosa Coffee - Rosedale Plaza(0006),Salt,Kg,27.05,-,0,0,IN-2062,1,27.05
07-10-2026,Central Warehouse -Kolkata,Central Warehouse -Kolkata,Dosa Coffee - Rosedale Plaza(0006),Sugar,Kg,52.03,-,0,0,IN-2062,2,104.06
07-10-2026,Central Warehouse -Kolkata,Central Warehouse -Kolkata,Dosa Coffee - Rosedale Plaza(0006),Fried Chana Daal,Kg,97.59,-,0,0,IN-2062,4,390.37
07-10-2026,Central Warehouse -Kolkata,Central Warehouse -Kolkata,Dosa Coffee - Rosedale Plaza(0006),Mint leaf,Kg,189.42,-,0,0,IN-2062,0.05,9.47
07-10-2026,Central Warehouse -Kolkata,Central Warehouse -Kolkata,Dosa Coffee - Rosedale Plaza(0006),Curry Leaves,Kg,71.17,-,0,0,IN-2062,0.1,7.12
07-10-2026,Central Warehouse -Kolkata,Central Warehouse -Kolkata,Dosa Coffee - Rosedale Plaza(0006),Banana Leaf Small (1bundle = 50pc),Pc,1.25,-,0,0,IN-2062,100,124.98
07-10-2026,Central Warehouse -Kolkata,Central Warehouse -Kolkata,Dosa Coffee - Rosedale Plaza(0006),Amada,Kg,70.24,-,0,0,IN-2062,0.1,7.02
07-10-2026,Central Warehouse -Kolkata,Central Warehouse -Kolkata,Dosa Coffee - Rosedale Plaza(0006),Raw Mango,Kg,85.08,-,0,0,IN-2062,1,85.08
07-10-2026,Central Warehouse -Kolkata,Central Warehouse -Kolkata,Dosa Coffee - Rosedale Plaza(0006),Coriander Leaves,Kg,99.99,-,0,0,IN-2062,0.5,50
07-10-2026,Central Warehouse -Kolkata,Central Warehouse -Kolkata,Dosa Coffee - Rosedale Plaza(0006),Tomato,Kg,40,-,0,0,IN-2062,0.5,20
07-10-2026,Central Warehouse -Kolkata,Central Warehouse -Kolkata,Dosa Coffee - Rosedale Plaza(0006),Ginger,Kg,131.14,-,0,0,IN-2062,1,131.14
07-10-2026,Central Warehouse -Kolkata,Central Warehouse -Kolkata,Dosa Coffee - Rosedale Plaza(0006),Onion,Kg,36.23,-,0,0,IN-2062,2.5,90.57
07-10-2026,Central Warehouse -Kolkata,Central Warehouse -Kolkata,Dosa Coffee - Rosedale Plaza(0006),Raw Green Chili,Kg,74.93,-,0,0,IN-2062,0.5,37.47
07-10-2026,Central Warehouse -Kolkata,Central Warehouse -Kolkata,Dosa Coffee - Rosedale Plaza(0006),Milk (Adya Dairy),Ltr,61.85,-,0,0,IN-2062,1,61.85
07-10-2026,Central Warehouse -Kolkata,Central Warehouse -Kolkata,Dosa Coffee - Rosedale Plaza(0006),Sunflower Refined Oil  ( 1pkt = 868 Ml ),Ltr,168.77,-,0,0,IN-2062,13.888,2343.94
07-10-2026,Central Warehouse -Kolkata,Central Warehouse -Kolkata,Dosa Coffee - Rosedale Plaza(0006),White Butter,Kg,586.76,-,0,0,IN-2062,0.5,293.38
07-10-2026,Central Warehouse -Kolkata,Central Warehouse -Kolkata,Dosa Coffee - Rosedale Plaza(0006),Jaggery,Kg,61.68,-,0,0,IN-2062,0.5,30.84
07-10-2026,Central Warehouse -Kolkata,Central Warehouse -Kolkata,Dosa Coffee - Rosedale Plaza(0006),Raw Curd,Kg,71.4,-,0,0,IN-2062,4,285.6
07-10-2026,Central Warehouse -Kolkata,Central Warehouse -Kolkata,Dosa Coffee - Rosedale Plaza(0006),Paneer,Kg,299,-,0,0,IN-2062,1,299
07-10-2026,Central Warehouse -Kolkata,Central Warehouse -Kolkata,Dosa Coffee - New Town - Cloud Kitchen (01/0013),Carrot,Kg,40.99,-,0,0,IN-1344,0.621,25.46
07-10-2026,Central Warehouse -Kolkata,Central Warehouse -Kolkata,Dosa Coffee - New Town - Cloud Kitchen (01/0013),Idli Cloth (Markin Cloth),Pc,25.04,-,0,0,IN-1344,4,100.17
07-10-2026,Central Warehouse -Kolkata,Central Warehouse -Kolkata,Dosa Coffee - New Town - Cloud Kitchen (01/0013),Bio-Degradable Spoon (1pkt = 50pc),Pc,1.25,-,0,0,IN-1344,150,187.42
07-10-2026,Central Warehouse -Kolkata,Central Warehouse -Kolkata,Dosa Coffee - New Town - Cloud Kitchen (01/0013),Paper Napkin (1pkt = 100pc),Pc,0.24,-,0,0,IN-1344,200,47.01
07-10-2026,Central Warehouse -Kolkata,Central Warehouse -Kolkata,Dosa Coffee - New Town - Cloud Kitchen (01/0013),Compartment Tray With Lid - 2CP (1pkt = 25pc),Pc,7.64,-,0,0,IN-1344,25,190.98
07-10-2026,Central Warehouse -Kolkata,Central Warehouse -Kolkata,Dosa Coffee - New Town - Cloud Kitchen (01/0013),Glen Container With Lid - 500ml (1pkt = 50pc),Pc,4.29,-,0,0,IN-1344,50,214.55
07-10-2026,Central Warehouse -Kolkata,Central Warehouse -Kolkata,Dosa Coffee - New Town - Cloud Kitchen (01/0013),Glen Container With Lid - 250ml (1pkt = 50pc),Pc,3.87,-,0,0,IN-1344,100,386.76
07-10-2026,Central Warehouse -Kolkata,Central Warehouse -Kolkata,Dosa Coffee - New Town - Cloud Kitchen (01/0013),Take Away Packing Box - Small (1bundle = 50pc),Pc,4.3,-,0,0,IN-1344,100,429.99
07-10-2026,Central Warehouse -Kolkata,Central Warehouse -Kolkata,Dosa Coffee - New Town - Cloud Kitchen (01/0013),Sticker - Jain (1sheet=187pc),Pc,0.14,-,0,0,IN-1344,187,26.83
07-10-2026,Central Warehouse -Kolkata,Central Warehouse -Kolkata,Dosa Coffee - New Town - Cloud Kitchen (01/0013),Sticker - MRD (1sheet=108pc),Pc,0.13,-,0,0,IN-1344,216,28.01
07-10-2026,Central Warehouse -Kolkata,Central Warehouse -Kolkata,Dosa Coffee - New Town - Cloud Kitchen (01/0013),Paper Sleeve (1pkt = 50pc),Pc,3.53,-,0,0,IN-1344,50,176.64
07-10-2026,Central Warehouse -Kolkata,Central Warehouse -Kolkata,Dosa Coffee - New Town - Cloud Kitchen (01/0013),Salt,Kg,27.05,-,0,0,IN-1344,1,27.05
07-10-2026,Central Warehouse -Kolkata,Central Warehouse -Kolkata,Dosa Coffee - New Town - Cloud Kitchen (01/0013),Sugar,Kg,52.03,-,0,0,IN-1344,1,52.03
07-10-2026,Central Warehouse -Kolkata,Central Warehouse -Kolkata,Dosa Coffee - New Town - Cloud Kitchen (01/0013),Fried Chana Daal,Kg,97.59,-,0,0,IN-1344,4,390.37
07-10-2026,Central Warehouse -Kolkata,Central Warehouse -Kolkata,Dosa Coffee - New Town - Cloud Kitchen (01/0013),Raw Peanut,Kg,140.07,-,0,0,IN-1344,1,140.07
07-10-2026,Central Warehouse -Kolkata,Central Warehouse -Kolkata,Dosa Coffee - New Town - Cloud Kitchen (01/0013),Raw Potato,Kg,18.72,-,0,0,IN-1344,12,224.64
07-10-2026,Central Warehouse -Kolkata,Central Warehouse -Kolkata,Dosa Coffee - New Town - Cloud Kitchen (01/0013),Beans,Kg,76.21,-,0,0,IN-1344,0.3,22.86
07-10-2026,Central Warehouse -Kolkata,Central Warehouse -Kolkata,Dosa Coffee - New Town - Cloud Kitchen (01/0013),Ginger,Kg,131.14,-,0,0,IN-1344,0.5,65.57
07-10-2026,Central Warehouse -Kolkata,Central Warehouse -Kolkata,Dosa Coffee - New Town - Cloud Kitchen (01/0013),Onion,Kg,36.23,-,0,0,IN-1344,1,36.23
07-10-2026,Central Warehouse -Kolkata,Central Warehouse -Kolkata,Dosa Coffee - New Town - Cloud Kitchen (01/0013),Raw Green Chili,Kg,74.93,-,0,0,IN-1344,0.5,37.47
07-10-2026,Central Warehouse -Kolkata,Central Warehouse -Kolkata,Dosa Coffee - New Town - Cloud Kitchen (01/0013),Milk - Tetra 1Ltr,Ltr,77.18,-,0,0,IN-1344,1,77.18
07-10-2026,Central Warehouse -Kolkata,Central Warehouse -Kolkata,Dosa Coffee - New Town - Cloud Kitchen (01/0013),Milk (Adya Dairy),Ltr,61.85,-,0,0,IN-1344,1,61.85
07-10-2026,Central Warehouse -Kolkata,Central Warehouse -Kolkata,Dosa Coffee - New Town - Cloud Kitchen (01/0013),Sunflower Refined Oil  ( 1pkt = 868 Ml ),Ltr,168.77,-,0,0,IN-1344,1.736,292.99
07-10-2026,Central Warehouse -Kolkata,Central Warehouse -Kolkata,Dosa Coffee - New Town - Cloud Kitchen (01/0013),Ghee,Kg,755.77,-,0,0,IN-1344,0.905,683.97
07-10-2026,Central Warehouse -Kolkata,Central Warehouse -Kolkata,Dosa Coffee - New Town - Cloud Kitchen (01/0013),Amul Butter,Kg,564.66,-,0,0,IN-1344,0.5,282.33
07-10-2026,Central Warehouse -Kolkata,Central Warehouse -Kolkata,Dosa Coffee - New Town - Cloud Kitchen (01/0013),Jaggery,Kg,61.68,-,0,0,IN-1344,0.5,30.84
07-10-2026,Central Warehouse -Kolkata,Central Warehouse -Kolkata,Dosa Coffee - New Town - Cloud Kitchen (01/0013),Raw Curd,Kg,71.4,-,0,0,IN-1344,3,214.2
07-10-2026,Central Warehouse -Kolkata,Central Warehouse -Kolkata,Dosa Coffee - New Town - Cloud Kitchen (01/0013),Paneer,Kg,299,-,0,0,IN-1344,1,299
07-10-2026,Central Warehouse -Kolkata,Central Warehouse -Kolkata,Dosa Coffee - Calcutta Swiming Club (0007),Banana Leaf Big (1bundle = 50pc),Pc,1.8,-,0,0,IN-1519,50,90.09
07-10-2026,Central Warehouse -Kolkata,Central Warehouse -Kolkata,Dosa Coffee - Calcutta Swiming Club (0007),Carry Bag - Small (1pkt = 100pc),Pc,7.06,-,0,0,IN-1519,25,176.49
07-10-2026,Central Warehouse -Kolkata,Central Warehouse -Kolkata,Dosa Coffee - Calcutta Swiming Club (0007),Sticker - MRD (1sheet=108pc),Pc,0.13,-,0,0,IN-1519,108,14
07-10-2026,Central Warehouse -Kolkata,Central Warehouse -Kolkata,Dosa Coffee - Rangoli Mall (01/0010),Watermelon,Kg,34.89,-,0,0,IN-1635,3.2,111.65
07-10-2026,Central Warehouse -Kolkata,Central Warehouse -Kolkata,Dosa Coffee - Rangoli Mall (01/0010),Raw Potato,Kg,18.72,-,0,0,IN-1635,15,280.82
07-10-2026,Central Warehouse -Kolkata,Central Warehouse -Kolkata,Dosa Coffee - Rangoli Mall (01/0010),Raw Mango,Kg,85.08,-,0,0,IN-1635,1,85.08
07-10-2026,Central Warehouse -Kolkata,Central Warehouse -Kolkata,Dosa Coffee - Rangoli Mall (01/0010),Amada,Kg,70.24,-,0,0,IN-1635,0.25,17.56
07-10-2026,Central Warehouse -Kolkata,Central Warehouse -Kolkata,Dosa Coffee - Rangoli Mall (01/0010),Oreo Buiscuits,Pkt,9.73,-,0,0,IN-1635,12,116.77
07-10-2026,Central Warehouse -Kolkata,Central Warehouse -Kolkata,Dosa Coffee - Rangoli Mall (01/0010),Appalam Papad (1pkt = 47pc),Pc,3.78,-,0,0,IN-1635,47,177.67
07-10-2026,Central Warehouse -Kolkata,Central Warehouse -Kolkata,Dosa Coffee - Rangoli Mall (01/0010),Ginger,Kg,131.13,-,0,0,IN-1635,1,131.13
07-10-2026,Central Warehouse -Kolkata,Central Warehouse -Kolkata,Dosa Coffee - Rangoli Mall (01/0010),Tomato,Kg,40,-,0,0,IN-1635,1,40
07-10-2026,Central Warehouse -Kolkata,Central Warehouse -Kolkata,Dosa Coffee - Rangoli Mall (01/0010),Coriander Leaves,Kg,99.99,-,0,0,IN-1635,0.5,50
07-10-2026,Central Warehouse -Kolkata,Central Warehouse -Kolkata,Dosa Coffee - Kalikapur (01/0014),Sticker - Jain (1sheet=187pc),Pc,0.14,-,0,0,IN-1518,187,26.83
07-10-2026,Central Warehouse -Kolkata,Central Warehouse -Kolkata,Dosa Coffee - Kalikapur (01/0014),Schweppes Water - 500ml,Pc,24.89,-,0,0,IN-1518,24,597.25
07-10-2026,Central Warehouse -Kolkata,Central Warehouse -Kolkata,Dosa Coffee - Kalikapur (01/0014),Milk (Adya Dairy),Ltr,61.85,-,0,0,IN-1518,0.5,30.93
07-10-2026,Central Warehouse -Kolkata,Central Warehouse -Kolkata,Dosa Coffee - Kalikapur (01/0014),Ghee,Kg,755.77,-,0,0,IN-1518,0.905,683.97
07-10-2026,Central Warehouse -Kolkata,Central Warehouse -Kolkata,Dosa Coffee - Kalikapur (01/0014),Fried Chana Daal,Kg,97.59,-,0,0,IN-1518,1,97.59
07-10-2026,Central Warehouse -Kolkata,Central Warehouse -Kolkata,Dosa Coffee - Kalikapur (01/0014),Cothas Coffee Powder,Kg,859.17,-,0,0,IN-1518,1,859.17
07-10-2026,Central Warehouse -Kolkata,Central Warehouse -Kolkata,Dosa Coffee - Kalikapur (01/0014),Compartment Tray With Lid - 5CP (1pkt = 25pc),Pc,10.66,-,0,0,IN-1518,25,266.48
07-10-2026,Central Warehouse -Kolkata,Central Warehouse -Kolkata,Dosa Coffee - Kalikapur (01/0014),Raw Potato,Kg,18.72,-,0,0,IN-1518,6,112.32
07-10-2026,Central Warehouse -Kolkata,Central Warehouse -Kolkata,Dosa Coffee - Kalikapur (01/0014),Bio-Degradable Spoon (1pkt = 50pc),Pc,1.25,-,0,0,IN-1518,100,124.94
07-10-2026,Central Warehouse -Kolkata,Central Warehouse -Kolkata,Dosa Coffee - Kalikapur (01/0014),Amul IC BP Vanilla (5L) CF,Ltr,97.8,-,0,0,IN-1518,5,489
07-10-2026,Central Warehouse -Kolkata,Central Warehouse -Kolkata,Dosa Coffee - Kalikapur (01/0014),Banana Leaf Small (1bundle = 50pc),Pc,1.25,-,0,0,IN-1518,50,62.49
07-10-2026,Central Warehouse -Kolkata,Central Warehouse -Kolkata,Dosa Coffee - Kalikapur (01/0014),Banana Leaf Big (1bundle = 50pc),Pc,1.8,-,0,0,IN-1518,50,90.09
07-10-2026,Central Warehouse -Kolkata,Central Warehouse -Kolkata,Dosa Coffee - Kalikapur (01/0014),Raw Curd,Kg,71.4,-,0,0,IN-1518,3,214.2
07-10-2026,Central Warehouse -Kolkata,Central Warehouse -Kolkata,Dosa Coffee - Kalikapur (01/0014),Curry Leaves,Kg,71.17,-,0,0,IN-1518,0.1,7.12
07-10-2026,Central Warehouse -Kolkata,Central Warehouse -Kolkata,Dosa Coffee - Kalikapur (01/0014),Coriander Leaves,Kg,99.99,-,0,0,IN-1518,0.4,40
07-10-2026,Central Warehouse -Kolkata,Central Warehouse -Kolkata,Dosa Coffee - Kalikapur (01/0014),Carrot,Kg,40.99,-,0,0,IN-1518,0.564,23.12
07-10-2026,Central Warehouse -Kolkata,Central Warehouse -Kolkata,Dosa Coffee - Kalikapur (01/0014),Ginger,Kg,131.14,-,0,0,IN-1518,0.5,65.57
07-10-2026,Central Warehouse -Kolkata,Central Warehouse -Kolkata,Dosa Coffee - Kalikapur (01/0014),Onion,Kg,36.23,-,0,0,IN-1518,2,72.46
07-10-2026,Central Warehouse -Kolkata,Central Warehouse -Kolkata,Dosa Coffee - Forum (0003),Chef Coat,Pc,664.84,-,0,0,IN-1714,1,664.84
07-10-2026,Central Warehouse -Kolkata,Central Warehouse -Kolkata,Dosa Coffee - Forum (0003),Green T-Shirt,Pc,374.23,-,0,0,IN-1714,2,748.46
07-10-2026,Central Warehouse -Kolkata,Central Warehouse -Kolkata,Dosa Coffee - Forum (0003),Bio-Degradable Spoon (1pkt = 50pc),Pc,1.25,-,0,0,IN-1714,150,187.42
07-10-2026,Central Warehouse -Kolkata,Central Warehouse -Kolkata,Dosa Coffee - Forum (0003),Paper Napkin (1pkt = 100pc),Pc,0.24,-,0,0,IN-1714,300,70.52
07-10-2026,Central Warehouse -Kolkata,Central Warehouse -Kolkata,Dosa Coffee - Forum (0003),Green Capsicum,Kg,65.51,-,0,0,IN-1714,0.116,7.6
07-10-2026,Central Warehouse -Kolkata,Central Warehouse -Kolkata,Dosa Coffee - Forum (0003),Raw Curd,Kg,71.4,-,0,0,IN-1714,1,71.4
07-10-2026,Central Warehouse -Kolkata,Central Warehouse -Kolkata,Dosa Coffee - Forum (0003),Carrot,Kg,40.99,-,0,0,IN-1714,0.685,28.08
07-10-2026,Central Warehouse -Kolkata,Central Warehouse -Kolkata,Dosa Coffee - Forum (0003),Idli Daal (Rajkot),Kg,157.01,-,0,0,IN-1714,1,157.01
07-10-2026,Central Warehouse -Kolkata,Central Warehouse -Kolkata,Dosa Coffee - Forum (0003),Lime,Pc,3.5,-,0,0,IN-1714,30,105
07-10-2026,Central Warehouse -Kolkata,Central Warehouse -Kolkata,Dosa Coffee - Forum (0003),Coriander Leaves,Kg,99.99,-,0,0,IN-1714,0.1,10
07-10-2026,Central Warehouse -Kolkata,Central Warehouse -Kolkata,Dosa Coffee - Forum (0003),Ghee,Kg,755.77,-,0,0,IN-1714,0.905,683.97
07-10-2026,Central Warehouse -Kolkata,Central Warehouse -Kolkata,Dosa Coffee - Forum (0003),Amul Butter,Kg,564.66,-,0,0,IN-1714,0.5,282.33
07-10-2026,Central Warehouse -Kolkata,Central Warehouse -Kolkata,Dosa Coffee - Forum (0003),Amul Cheese,Kg,510.96,-,0,0,IN-1714,1,510.96
07-10-2026,Central Warehouse -Kolkata,Central Warehouse -Kolkata,Dosa Coffee - Forum (0003),White Butter,Kg,586.76,-,0,0,IN-1714,1,586.76
07-10-2026,Central Warehouse -Kolkata,Central Warehouse -Kolkata,Dosa Coffee - Forum (0003),Sugar,Kg,52.03,-,0,0,IN-1714,1,52.03
07-10-2026,Central Warehouse -Kolkata,Central Warehouse -Kolkata,Dosa Coffee - Forum (0003),Milk (Adya Dairy),Ltr,61.85,-,0,0,IN-1714,0.5,30.93
07-10-2026,Central Warehouse -Kolkata,Central Warehouse -Kolkata,Dosa Coffee - Forum (0003),Raw Potato,Kg,18.72,-,0,0,IN-1714,6,112.32
07-10-2026,Central Warehouse -Kolkata,Central Warehouse -Kolkata,Dosa Coffee - Forum (0003),Ginger,Kg,131.14,-,0,0,IN-1714,0.5,65.57
07-10-2026,Central Warehouse -Kolkata,Central Warehouse -Kolkata,Dosa Coffee - Forum (0003),Banana Leaf Big (1bundle = 50pc),Pc,1.8,-,0,0,IN-1714,50,90.09
07-10-2026,Central Warehouse -Kolkata,Central Warehouse -Kolkata,Dosa Coffee - Forum (0003),Cothas Coffee Powder,Kg,859.17,-,0,0,IN-1714,0.5,429.58
07-10-2026,Central Warehouse -Kolkata,Central Warehouse -Kolkata,Dosa Coffee - James long Sarani (01/0011),Watermelon,Kg,34.89,-,0,0,IN-1509,4.662,162.66
07-10-2026,Central Warehouse -Kolkata,Central Warehouse -Kolkata,Dosa Coffee - James long Sarani (01/0011),Onion,Kg,36.23,-,0,0,IN-1509,4,144.92
07-10-2026,Central Warehouse -Kolkata,Central Warehouse -Kolkata,Dosa Coffee - James long Sarani (01/0011),Ginger,Kg,131.14,-,0,0,IN-1509,0.5,65.57
07-10-2026,Central Warehouse -Kolkata,Central Warehouse -Kolkata,Dosa Coffee - James long Sarani (01/0011),Jaggery Powder (250gm=1pkt),Kg,109.81,-,0,0,IN-1509,0.25,27.45
07-10-2026,Central Warehouse -Kolkata,Central Warehouse -Kolkata,Dosa Coffee - James long Sarani (01/0011),Ghee,Kg,755.77,-,0,0,IN-1509,1.81,1367.94
07-10-2026,Central Warehouse -Kolkata,Central Warehouse -Kolkata,Dosa Coffee - James long Sarani (01/0011),Beans,Kg,76.21,-,0,0,IN-1509,0.15,11.43
07-10-2026,Central Warehouse -Kolkata,Central Warehouse -Kolkata,Dosa Coffee - James long Sarani (01/0011),Raw Green Chili,Kg,74.93,-,0,0,IN-1509,0.5,37.47
07-10-2026,Central Warehouse -Kolkata,Central Warehouse -Kolkata,Dosa Coffee - James long Sarani (01/0011),Amada,Kg,70.24,-,0,0,IN-1509,0.1,7.02
07-10-2026,Central Warehouse -Kolkata,Central Warehouse -Kolkata,Dosa Coffee - James long Sarani (01/0011),Raw Mango,Kg,85.08,-,0,0,IN-1509,0.5,42.54
07-10-2026,Central Warehouse -Kolkata,Central Warehouse -Kolkata,Dosa Coffee - James long Sarani (01/0011),Tomato,Kg,40,-,0,0,IN-1509,0.5,20
07-10-2026,Central Warehouse -Kolkata,Central Warehouse -Kolkata,Dosa Coffee - James long Sarani (01/0011),Coriander Leaves,Kg,99.99,-,0,0,IN-1509,0.3,30
07-10-2026,Central Warehouse -Kolkata,Central Warehouse -Kolkata,Dosa Coffee - James long Sarani (01/0011),Carrot,Kg,40.99,-,0,0,IN-1509,0.82,33.62
07-10-2026,Central Warehouse -Kolkata,Central Warehouse -Kolkata,Dosa Coffee - James long Sarani (01/0011),White Butter,Kg,586.76,-,0,0,IN-1509,1,586.76
07-10-2026,Central Warehouse -Kolkata,Central Warehouse -Kolkata,Dosa Coffee - James long Sarani (01/0011),Raw Curd,Kg,71.4,-,0,0,IN-1509,2,142.8
07-10-2026,Central Warehouse -Kolkata,Central Warehouse -Kolkata,Dosa Coffee - James long Sarani (01/0011),Milk (Adya Dairy),Ltr,61.85,-,0,0,IN-1509,0.5,30.93
07-10-2026,Central Warehouse -Kolkata,Central Warehouse -Kolkata,Dosa Coffee - James long Sarani (01/0011),Banana Leaf Small (1bundle = 50pc),Pc,1.25,-,0,0,IN-1509,100,124.98
07-10-2026,Central Warehouse -Kolkata,Central Warehouse -Kolkata,Dosa Coffee - James long Sarani (01/0011),Banana Leaf Big (1bundle = 50pc),Pc,1.8,-,0,0,IN-1509,100,180.19
07-10-2026,Central Warehouse -Kolkata,Central Warehouse -Kolkata,Dosa Coffee - James long Sarani (01/0011),Raw Potato,Kg,18.72,-,0,0,IN-1509,15,280.8
07-10-2026,Central Warehouse -Kolkata,Central Warehouse -Kolkata,Dosa Coffee - James long Sarani (01/0011),Coffee/Tea Flask - 250ml (1pkt = 25pc),Pc,18.05,-,0,0,IN-1509,15,270.74
07-10-2026,Central Warehouse -Kolkata,Central Warehouse -Kolkata,Dosa Coffee - James long Sarani (01/0011),Fried Chana Daal,Kg,97.59,-,0,0,IN-1509,6,585.55
07-10-2026,Central Warehouse -Kolkata,Central Warehouse -Kolkata,Dosa Coffee - James long Sarani (01/0011),Toilet Paper Roll Round,Pc,20.14,-,0,0,IN-1509,3,60.42
07-10-2026,Central Warehouse -Kolkata,Central Warehouse -Kolkata,Dosa Coffee - James long Sarani (01/0011),Paper Napkin (1pkt = 100pc),Pc,0.24,-,0,0,IN-1509,500,117.53
07-10-2026,Central Warehouse -Kolkata,Central Warehouse -Kolkata,Dosa Coffee - James long Sarani (01/0011),C Fold Tissue (Toilet Tissue),Pkt,49.48,-,0,0,IN-1509,3,148.44
07-10-2026,Central Warehouse -Kolkata,Central Warehouse -Kolkata,Dosa Coffee - James long Sarani (01/0011),Carry Bag - Small (1pkt = 100pc),Pc,7.06,-,0,0,IN-1509,100,705.96
07-10-2026,Central Warehouse -Kolkata,Central Warehouse -Kolkata,Dosa Coffee - James long Sarani (01/0011),Carry Bag - Large(1pkt = 100pc),Pc,10.46,-,0,0,IN-1509,50,523.15
07-10-2026,Central Warehouse -Kolkata,Central Warehouse -Kolkata,Dosa Coffee - James long Sarani (01/0011),Take Away Packing Box - Small (1bundle = 50pc),Pc,4.3,-,0,0,IN-1509,200,859.98
07-10-2026,Central Warehouse -Kolkata,Central Warehouse -Kolkata,Dosa Coffee - James long Sarani (01/0011),Idli Daal (Rajkot),Kg,157.01,-,0,0,IN-1509,2,314.01
07-10-2026,Central Warehouse -Kolkata,Central Warehouse -Kolkata,Dosa Coffee - James long Sarani (01/0011),Cothas Coffee Powder,Kg,859.17,-,0,0,IN-1509,1,859.17
07-10-2026,Central Warehouse -Kolkata,Central Warehouse -Kolkata,Dosa Coffee - James long Sarani (01/0011),Bio-Degradable Spoon (1pkt = 50pc),Pc,1.25,-,0,0,IN-1509,200,249.89
07-10-2026,Central Warehouse -Kolkata,Central Warehouse -Kolkata,Dosa Coffee - Lake road 01/0015,White Butter,Kg,586.76,-,0,0,IN-1321,1.5,880.14
07-10-2026,Central Warehouse -Kolkata,Central Warehouse -Kolkata,Dosa Coffee - Lake road 01/0015,Watermelon,Kg,34.89,-,0,0,IN-1321,5.016,175.01
07-10-2026,Central Warehouse -Kolkata,Central Warehouse -Kolkata,Dosa Coffee - Lake road 01/0015,Tomato,Kg,40,-,0,0,IN-1321,2.5,99.99
07-10-2026,Central Warehouse -Kolkata,Central Warehouse -Kolkata,Dosa Coffee - Lake road 01/0015,Toilet Paper Roll Round,Pc,20.14,-,0,0,IN-1321,2,40.28
07-10-2026,Central Warehouse -Kolkata,Central Warehouse -Kolkata,Dosa Coffee - Lake road 01/0015,Take Away Packing Box - Small (1bundle = 50pc),Pc,4.3,-,0,0,IN-1321,200,859.98
07-10-2026,Central Warehouse -Kolkata,Central Warehouse -Kolkata,Dosa Coffee - Lake road 01/0015,Take Away Packing Box - Big (1bundle = 50pc),Pc,6.9,-,0,0,IN-1321,100,690.29
07-10-2026,Central Warehouse -Kolkata,Central Warehouse -Kolkata,Dosa Coffee - Lake road 01/0015,Sunflower Refined Oil  ( 1pkt = 868 Ml ),Ltr,168.77,-,0,0,IN-1321,13.888,2343.94
07-10-2026,Central Warehouse -Kolkata,Central Warehouse -Kolkata,Dosa Coffee - Lake road 01/0015,Sugar,Kg,52.03,-,0,0,IN-1321,1,52.03
07-10-2026,Central Warehouse -Kolkata,Central Warehouse -Kolkata,Dosa Coffee - Lake road 01/0015,Sponge Wipe,Pkt,132.73,-,0,0,IN-1321,1,132.73
07-10-2026,Central Warehouse -Kolkata,Central Warehouse -Kolkata,Dosa Coffee - Lake road 01/0015,Scrubber - Scotch Brite,Pc,12.47,-,0,0,IN-1321,1,12.47
07-10-2026,Central Warehouse -Kolkata,Central Warehouse -Kolkata,Dosa Coffee - Lake road 01/0015,Salt,Kg,27.05,-,0,0,IN-1321,1,27.05
07-10-2026,Central Warehouse -Kolkata,Central Warehouse -Kolkata,Dosa Coffee - Lake road 01/0015,Raw Green Chili,Kg,74.93,-,0,0,IN-1321,1,74.93
07-10-2026,Central Warehouse -Kolkata,Central Warehouse -Kolkata,Dosa Coffee - Lake road 01/0015,Raw Curd,Kg,71.4,-,0,0,IN-1321,5,357
07-10-2026,Central Warehouse -Kolkata,Central Warehouse -Kolkata,Dosa Coffee - Lake road 01/0015,Paper Straw (1pkt = 100pc),Pc,0.39,-,0,0,IN-1321,100,38.67
07-10-2026,Central Warehouse -Kolkata,Central Warehouse -Kolkata,Dosa Coffee - Lake road 01/0015,Paper Napkin (1pkt = 100pc),Pc,0.24,-,0,0,IN-1321,500,117.53
07-10-2026,Central Warehouse -Kolkata,Central Warehouse -Kolkata,Dosa Coffee - Lake road 01/0015,Paneer,Kg,299,-,0,0,IN-1321,1,299
07-10-2026,Central Warehouse -Kolkata,Central Warehouse -Kolkata,Dosa Coffee - Lake road 01/0015,Oreo Buiscuits,Pkt,9.73,-,0,0,IN-1321,2,19.46
07-10-2026,Central Warehouse -Kolkata,Central Warehouse -Kolkata,Dosa Coffee - Lake road 01/0015,Onion,Kg,36.23,-,0,0,IN-1321,3.5,126.8
07-10-2026,Central Warehouse -Kolkata,Central Warehouse -Kolkata,Dosa Coffee - Lake road 01/0015,Mint leaf,Kg,189.42,-,0,0,IN-1321,0.1,18.94
07-10-2026,Central Warehouse -Kolkata,Central Warehouse -Kolkata,Dosa Coffee - Lake road 01/0015,Milk (Adya Dairy),Ltr,61.85,-,0,0,IN-1321,1,61.85
07-10-2026,Central Warehouse -Kolkata,Central Warehouse -Kolkata,Dosa Coffee - Lake road 01/0015,Lime,Pc,3.5,-,0,0,IN-1321,30,105
07-10-2026,Central Warehouse -Kolkata,Central Warehouse -Kolkata,Dosa Coffee - Lake road 01/0015,kitchen Paper Roll,Piece,299.82,-,0,0,IN-1321,1,299.82
07-10-2026,Central Warehouse -Kolkata,Central Warehouse -Kolkata,Dosa Coffee - Lake road 01/0015,Kinley Soda 750ml Pet,Pc,15.82,-,0,0,IN-1321,2,31.63
07-10-2026,Central Warehouse -Kolkata,Central Warehouse -Kolkata,Dosa Coffee - Lake road 01/0015,Heeng Powder,gm,1.64,-,0,0,IN-1321,100,164.22
07-10-2026,Central Warehouse -Kolkata,Central Warehouse -Kolkata,Dosa Coffee - Lake road 01/0015,Glen Container With Lid - 750ml (1pkt = 50pc),Pc,6.38,-,0,0,IN-1321,50,319.14
07-10-2026,Central Warehouse -Kolkata,Central Warehouse -Kolkata,Dosa Coffee - Lake road 01/0015,Glen Container With Lid - 500ml (1pkt = 50pc),Pc,4.29,-,0,0,IN-1321,500,2145.48
07-10-2026,Central Warehouse -Kolkata,Central Warehouse -Kolkata,Dosa Coffee - Lake road 01/0015,Glen Container With Lid - 250ml (1pkt = 50pc),Pc,3.87,-,0,0,IN-1321,500,1933.8
07-10-2026,Central Warehouse -Kolkata,Central Warehouse -Kolkata,Dosa Coffee - Lake road 01/0015,Ginger,Kg,131.14,-,0,0,IN-1321,1.5,196.7
07-10-2026,Central Warehouse -Kolkata,Central Warehouse -Kolkata,Dosa Coffee - Lake road 01/0015,Ghee,Kg,755.77,-,0,0,IN-1321,3.62,2735.87
07-10-2026,Central Warehouse -Kolkata,Central Warehouse -Kolkata,Dosa Coffee - Lake road 01/0015,Garlic,Kg,139.99,-,0,0,IN-1321,0.1,14
07-10-2026,Central Warehouse -Kolkata,Central Warehouse -Kolkata,Dosa Coffee - Lake road 01/0015,Garbage Bag Small (20 X 24),Pkt,53.62,-,0,0,IN-1321,2,107.25
07-10-2026,Central Warehouse -Kolkata,Central Warehouse -Kolkata,Dosa Coffee - Lake road 01/0015,Garbage Bag Large (36 X 42),Pkt,69.46,-,0,0,IN-1321,2,138.93
07-10-2026,Central Warehouse -Kolkata,Central Warehouse -Kolkata,Dosa Coffee - Lake road 01/0015,Fried Chana Daal,Kg,97.59,-,0,0,IN-1321,8,780.73
07-10-2026,Central Warehouse -Kolkata,Central Warehouse -Kolkata,Dosa Coffee - Lake road 01/0015,Ecolab-Multi Purpose SINK Detergent (1can = 1ltr),Can,406.75,-,0,0,IN-1321,1,406.75
07-10-2026,Central Warehouse -Kolkata,Central Warehouse -Kolkata,Dosa Coffee - Lake road 01/0015,Idli Daal (Rajkot),Kg,157.01,-,0,0,IN-1321,2,314.01
07-10-2026,Central Warehouse -Kolkata,Central Warehouse -Kolkata,Dosa Coffee - Lake road 01/0015,DIY Kits Box,Pc,28.35,-,0,0,IN-1321,5,141.75
07-10-2026,Central Warehouse -Kolkata,Central Warehouse -Kolkata,Dosa Coffee - Lake road 01/0015,Curry Leaves,Kg,71.17,-,0,0,IN-1321,0.1,7.12
07-10-2026,Central Warehouse -Kolkata,Central Warehouse -Kolkata,Dosa Coffee - Lake road 01/0015,Cothas Coffee Powder,Kg,859.17,-,0,0,IN-1321,0.5,429.58
07-10-2026,Central Warehouse -Kolkata,Central Warehouse -Kolkata,Dosa Coffee - Lake road 01/0015,Coriander Leaves,Kg,99.99,-,0,0,IN-1321,1,99.99
07-10-2026,Central Warehouse -Kolkata,Central Warehouse -Kolkata,Dosa Coffee - Lake road 01/0015,Chhote Lal Tea 250GM,Kg,392.46,-,0,0,IN-1321,0.25,98.11
07-10-2026,Central Warehouse -Kolkata,Central Warehouse -Kolkata,Dosa Coffee - Lake road 01/0015,Carry Bag - Small (1pkt = 100pc),Pc,7.06,-,0,0,IN-1321,75,529.47
07-10-2026,Central Warehouse -Kolkata,Central Warehouse -Kolkata,Dosa Coffee - Lake road 01/0015,Carry Bag - Large(1pkt = 100pc),Pc,10.46,-,0,0,IN-1321,50,523.15
07-10-2026,Central Warehouse -Kolkata,Central Warehouse -Kolkata,Dosa Coffee - Lake road 01/0015,Carrot,Kg,40.99,-,0,0,IN-1321,0.55,22.55
07-10-2026,Central Warehouse -Kolkata,Central Warehouse -Kolkata,Dosa Coffee - Lake road 01/0015,C Fold Tissue (Toilet Tissue),Pkt,49.48,-,0,0,IN-1321,2,98.96
07-10-2026,Central Warehouse -Kolkata,Central Warehouse -Kolkata,Dosa Coffee - Lake road 01/0015,Brown Sugar Sachet  (1pkt = 200pc),Pc,0.49,-,0,0,IN-1321,200,97.85
07-10-2026,Central Warehouse -Kolkata,Central Warehouse -Kolkata,Dosa Coffee - Lake road 01/0015,Raw Potato,Kg,18.72,-,0,0,IN-1321,15,280.8
07-10-2026,Central Warehouse -Kolkata,Central Warehouse -Kolkata,Dosa Coffee - Lake road 01/0015,Beans,Kg,76.21,-,0,0,IN-1321,0.1,7.62
07-10-2026,Central Warehouse -Kolkata,Central Warehouse -Kolkata,Dosa Coffee - Lake road 01/0015,Bio-Degradable Spoon (1pkt = 50pc),Pc,1.25,-,0,0,IN-1321,200,249.89
07-10-2026,Central Warehouse -Kolkata,Central Warehouse -Kolkata,Dosa Coffee - Lake road 01/0015,Banana Leaf Big (1bundle = 50pc),Pc,1.8,-,0,0,IN-1321,200,360.37
07-10-2026,Central Warehouse -Kolkata,Central Warehouse -Kolkata,Dosa Coffee - Lake road 01/0015,Banana Leaf Small (1bundle = 50pc),Pc,1.25,-,0,0,IN-1321,200,249.97
07-10-2026,Central Warehouse -Kolkata,Central Warehouse -Kolkata,Dosa Coffee - Lake road 01/0015,Appalam Papad (1pkt = 47pc),Pc,3.78,-,0,0,IN-1321,47,177.67
07-10-2026,Central Warehouse -Kolkata,Central Warehouse -Kolkata,Dosa Coffee - Lake road 01/0015,Amul Cheese,Kg,510.96,-,0,0,IN-1321,1,510.96
07-10-2026,Central Warehouse -Kolkata,Central Warehouse -Kolkata,Dosa Coffee - Santoshpur (01/0012),Raw Potato,Kg,18.72,-,0,0,IN-1667,8,149.77
07-10-2026,Central Warehouse -Kolkata,Central Warehouse -Kolkata,Dosa Coffee - Santoshpur (01/0012),Milk (Adya Dairy),Ltr,61.85,-,0,0,IN-1667,0.5,30.93
07-10-2026,Central Warehouse -Kolkata,Central Warehouse -Kolkata,Dosa Coffee - Santoshpur (01/0012),Paneer,Kg,299,-,0,0,IN-1667,1,299
07-10-2026,Central Warehouse -Kolkata,Central Warehouse -Kolkata,Dosa Coffee - Santoshpur (01/0012),Raw Curd,Kg,71.4,-,0,0,IN-1667,4,285.6
07-10-2026,Central Warehouse -Kolkata,Central Warehouse -Kolkata,Dosa Coffee - Santoshpur (01/0012),Watermelon,Kg,34.89,-,0,0,IN-1667,2.8,97.69
07-10-2026,Central Warehouse -Kolkata,Central Warehouse -Kolkata,Dosa Coffee - Santoshpur (01/0012),Lime,Pc,3.5,-,0,0,IN-1667,15,52.5
07-10-2026,Central Warehouse -Kolkata,Central Warehouse -Kolkata,Dosa Coffee - Santoshpur (01/0012),Onion,Kg,36.18,-,0,0,IN-1667,2,72.36
07-10-2026,Central Warehouse -Kolkata,Central Warehouse -Kolkata,Dosa Coffee - Santoshpur (01/0012),Tomato,Kg,40,-,0,0,IN-1667,0.5,20
07-10-2026,Central Warehouse -Kolkata,Central Warehouse -Kolkata,Dosa Coffee - Santoshpur (01/0012),Coriander Leaves,Kg,99.99,-,0,0,IN-1667,0.2,20
07-10-2026,Central Warehouse -Kolkata,Central Warehouse -Kolkata,Dosa Coffee - Santoshpur (01/0012),Raw Green Chili,Kg,74.93,-,0,0,IN-1667,0.9,67.44
07-10-2026,Central Warehouse -Kolkata,Central Warehouse -Kolkata,Dosa Coffee - Santoshpur (01/0012),Ginger,Kg,131.13,-,0,0,IN-1667,0.5,65.57
07-10-2026,Central Warehouse -Kolkata,Central Warehouse -Kolkata,Dosa Coffee - Santoshpur (01/0012),Raw Mango,Kg,85.08,-,0,0,IN-1667,0.673,57.26
07-10-2026,Central Warehouse -Kolkata,Central Warehouse -Kolkata,Dosa Coffee - Santoshpur (01/0012),Banana Leaf Big (1bundle = 50pc),Pc,1.8,-,0,0,IN-1667,50,90.09
07-10-2026,Central Warehouse -Kolkata,Central Warehouse -Kolkata,Dosa Coffee - Santoshpur (01/0012),Banana Leaf Small (1bundle = 50pc),Pc,1.25,-,0,0,IN-1667,50,62.49
07-10-2026,Central Warehouse -Kolkata,Central Warehouse -Kolkata,Dosa Coffee - Santoshpur (01/0012),Ghee,Kg,755.57,-,0,0,IN-1667,0.905,683.79
07-10-2026,Central Warehouse -Kolkata,Central Warehouse -Kolkata,Dosa Coffee - Santoshpur (01/0012),White Butter,Kg,579.78,-,0,0,IN-1667,0.5,289.89
07-10-2026,Central Warehouse -Kolkata,Central Warehouse -Kolkata,Dosa Coffee - Santoshpur (01/0012),Glen Container With Lid - 250ml (1pkt = 50pc),Pc,3.87,-,0,0,IN-1667,200,773.52
07-10-2026,Central Warehouse -Kolkata,Central Warehouse -Kolkata,Dosa Coffee - Santoshpur (01/0012),Bio-Degradable Spoon (1pkt = 50pc),Pc,1.25,-,0,0,IN-1667,100,124.94
07-10-2026,Central Warehouse -Kolkata,Central Warehouse -Kolkata,Dosa Coffee - Santoshpur (01/0012),Paper Napkin (1pkt = 100pc),Pc,0.24,-,0,0,IN-1667,300,70.52
07-10-2026,Central Warehouse -Kolkata,Central Warehouse -Kolkata,Dosa Coffee - Santoshpur (01/0012),Take Away Packing Box - Small (1bundle = 50pc),Pc,4.3,-,0,0,IN-1667,100,429.99
07-10-2026,Central Warehouse -Kolkata,Central Warehouse -Kolkata,Dosa Coffee - Santoshpur (01/0012),Milk - Tetra 1Ltr,Ltr,77.18,-,0,0,IN-1667,4,308.71
07-10-2026,Central Warehouse -Kolkata,Central Warehouse -Kolkata,Dosa Coffee - Santoshpur (01/0012),Cothas Coffee Powder,Kg,859.17,-,0,0,IN-1667,0.5,429.58
07-10-2026,Central Warehouse -Kolkata,Central Warehouse -Kolkata,Dosa Coffee - Santoshpur (01/0012),Fried Chana Daal,Kg,97.59,-,0,0,IN-1667,3,292.77
07-10-2026,Central Warehouse -Kolkata,Central Warehouse -Kolkata,Dosa Coffee - Santoshpur (01/0012),Amul Butter,Kg,564.66,-,0,0,IN-1667,0.5,282.33
07-10-2026,Central Warehouse -Kolkata,Central Warehouse -Kolkata,Dosa Coffee - Ideal Plaza (01/0001),Blue T-Shirt,Pc,361.34,-,0,0,IN-3229,2,722.69
07-10-2026,Central Warehouse -Kolkata,Central Warehouse -Kolkata,Dosa Coffee - Ideal Plaza (01/0001),Chef Coat,Pc,664.84,-,0,0,IN-3229,2,1329.68
07-10-2026,Central Warehouse -Kolkata,Central Warehouse -Kolkata,Dosa Coffee - Ideal Plaza (01/0001),C Fold Tissue (Toilet Tissue),Pkt,49.48,-,0,0,IN-3229,4,197.92
07-10-2026,Central Warehouse -Kolkata,Central Warehouse -Kolkata,Dosa Coffee - Ideal Plaza (01/0001),Paper Napkin (1pkt = 100pc),Pc,0.24,-,0,0,IN-3229,1000,235.07
07-10-2026,Central Warehouse -Kolkata,Central Warehouse -Kolkata,Dosa Coffee - Ideal Plaza (01/0001),Sunflower Refined Oil  ( 1pkt = 868 Ml ),Ltr,168.77,-,0,0,IN-3229,13.888,2343.94
07-10-2026,Central Warehouse -Kolkata,Central Warehouse -Kolkata,Dosa Coffee - Ideal Plaza (01/0001),Banana Leaf Small (1bundle = 50pc),Pc,1.25,-,0,0,IN-3229,150,187.48
07-10-2026,Central Warehouse -Kolkata,Central Warehouse -Kolkata,Dosa Coffee - Ideal Plaza (01/0001),Banana Leaf Big (1bundle = 50pc),Pc,1.8,-,0,0,IN-3229,200,360.37
07-10-2026,Central Warehouse -Kolkata,Central Warehouse -Kolkata,Dosa Coffee - Ideal Plaza (01/0001),Lime,Pc,3.5,-,0,0,IN-3229,30,105
07-10-2026,Central Warehouse -Kolkata,Central Warehouse -Kolkata,Dosa Coffee - Ideal Plaza (01/0001),Watermelon,Kg,34.89,-,0,0,IN-3229,4.578,159.73
07-10-2026,Central Warehouse -Kolkata,Central Warehouse -Kolkata,Dosa Coffee - Ideal Plaza (01/0001),Raw Coconut,Pc,38.92,-,0,0,IN-3229,100,3892.2
07-10-2026,Central Warehouse -Kolkata,Central Warehouse -Kolkata,Dosa Coffee - Ideal Plaza (01/0001),Fried Chana Daal,Kg,97.59,-,0,0,IN-3229,5,487.96
07-10-2026,Central Warehouse -Kolkata,Central Warehouse -Kolkata,Dosa Coffee - Ideal Plaza (01/0001),Hairnet (Comfort Cap 1pkt=100 pc),Pc,0.78,-,0,0,IN-3229,100,78.23
07-10-2026,Central Warehouse -Kolkata,Central Warehouse -Kolkata,Dosa Coffee - Ideal Plaza (01/0001),Take Away Packing Box - Small (1bundle = 50pc),Pc,4.3,-,0,0,IN-3229,100,429.99
07-10-2026,Central Warehouse -Kolkata,Central Warehouse -Kolkata,Dosa Coffee - Ideal Plaza (01/0001),Carry Bag - Large(1pkt = 100pc),Pc,10.46,-,0,0,IN-3229,50,523.15
07-10-2026,Central Warehouse -Kolkata,Central Warehouse -Kolkata,Dosa Coffee - Ideal Plaza (01/0001),Glen Container With Lid - 500ml (1pkt = 50pc),Pc,4.29,-,0,0,IN-3229,500,2145.48
07-10-2026,Central Warehouse -Kolkata,Central Warehouse -Kolkata,Dosa Coffee - Ideal Plaza (01/0001),Glen Container With Lid - 250ml (1pkt = 50pc),Pc,3.87,-,0,0,IN-3229,500,1933.8
07-10-2026,Central Warehouse -Kolkata,Central Warehouse -Kolkata,Dosa Coffee - Ideal Plaza (01/0001),Idli Daal (Rajkot),Kg,157.01,-,0,0,IN-3229,2,314.01
07-10-2026,Central Warehouse -Kolkata,Central Warehouse -Kolkata,Dosa Coffee - Ideal Plaza (01/0001),Ghee,Kg,755.77,-,0,0,IN-3229,3.62,2735.87
07-10-2026,Central Warehouse -Kolkata,Central Warehouse -Kolkata,Dosa Coffee - Ideal Plaza (01/0001),Raw Potato,Kg,18.72,-,0,0,IN-3229,10,187.2
07-10-2026,Central Warehouse -Kolkata,Central Warehouse -Kolkata,Dosa Coffee - Ideal Plaza (01/0001),Ginger,Kg,131.14,-,0,0,IN-3229,2,262.27
07-10-2026,Central Warehouse -Kolkata,Central Warehouse -Kolkata,Dosa Coffee - Ideal Plaza (01/0001),Onion,Kg,36.23,-,0,0,IN-3229,10,362.3
07-10-2026,Central Warehouse -Kolkata,Central Warehouse -Kolkata,Dosa Coffee - Ideal Plaza (01/0001),White Butter,Kg,586.76,-,0,0,IN-3229,1,586.76
07-10-2026,Central Warehouse -Kolkata,Central Warehouse -Kolkata,Dosa Coffee - Ideal Plaza (01/0001),Amul Cheese,Kg,510.96,-,0,0,IN-3229,1,510.96
07-10-2026,Central Warehouse -Kolkata,Central Warehouse -Kolkata,Dosa Coffee - Ideal Plaza (01/0001),Raw Mango,Kg,85.08,-,0,0,IN-3229,1.034,87.98
07-10-2026,Central Warehouse -Kolkata,Central Warehouse -Kolkata,Dosa Coffee - Ideal Plaza (01/0001),Mint leaf,Kg,189.42,-,0,0,IN-3229,0.1,18.94
07-10-2026,Central Warehouse -Kolkata,Central Warehouse -Kolkata,Dosa Coffee - Ideal Plaza (01/0001),Coriander Leaves,Kg,99.99,-,0,0,IN-3229,1,99.99
07-10-2026,Central Warehouse -Kolkata,Central Warehouse -Kolkata,Dosa Coffee - Ideal Plaza (01/0001),Carrot,Kg,40.99,-,0,0,IN-3229,1.18,48.37
07-10-2026,Central Warehouse -Kolkata,Central Warehouse -Kolkata,Dosa Coffee - Ideal Plaza (01/0001),Green Capsicum,Kg,65.51,-,0,0,IN-3229,0.258,16.9
07-10-2026,Central Warehouse -Kolkata,Central Warehouse -Kolkata,Dosa Coffee - Ideal Plaza (01/0001),Raw Green Chili,Kg,74.93,-,0,0,IN-3229,1.5,112.4
07-10-2026,Central Warehouse -Kolkata,Central Warehouse -Kolkata,Dosa Coffee - Ideal Plaza (01/0001),Curry Leaves,Kg,71.17,-,0,0,IN-3229,0.2,14.23
07-10-2026,Central Warehouse -Kolkata,Central Warehouse -Kolkata,Dosa Coffee - Ideal Plaza (01/0001),Tomato,Kg,40,-,0,0,IN-3229,3,119.99
07-10-2026,Central Warehouse -Kolkata,Central Warehouse -Kolkata,Dosa Coffee - Ideal Plaza (01/0001),Raw Curd,Kg,71.4,-,0,0,IN-3229,4,285.6
07-10-2026,Central Warehouse -Kolkata,Central Warehouse -Kolkata,Dosa Coffee - Ideal Plaza (01/0001),Milk (Adya Dairy),Ltr,61.85,-,0,0,IN-3229,3,185.56
07-10-2026,Central Warehouse -Kolkata,Central Warehouse -Kolkata,Dosa Coffee - Lake Town (0005),White Butter,Kg,586.76,-,0,0,IN-2159,0.5,293.38
07-10-2026,Central Warehouse -Kolkata,Central Warehouse -Kolkata,Dosa Coffee - Lake Town (0005),Tomato,Kg,40,-,0,0,IN-2159,0.5,20
07-10-2026,Central Warehouse -Kolkata,Central Warehouse -Kolkata,Dosa Coffee - Lake Town (0005),Take Away Packing Box - Small (1bundle = 50pc),Pc,4.3,-,0,0,IN-2159,100,429.99
07-10-2026,Central Warehouse -Kolkata,Central Warehouse -Kolkata,Dosa Coffee - Lake Town (0005),Sugar,Kg,52.03,-,0,0,IN-2159,1,52.03
07-10-2026,Central Warehouse -Kolkata,Central Warehouse -Kolkata,Dosa Coffee - Lake Town (0005),Raw Green Chili,Kg,74.93,-,0,0,IN-2159,0.5,37.47
07-10-2026,Central Warehouse -Kolkata,Central Warehouse -Kolkata,Dosa Coffee - Lake Town (0005),Blue T-Shirt,Pc,361.34,-,0,0,IN-2159,2,722.69
07-10-2026,Central Warehouse -Kolkata,Central Warehouse -Kolkata,Dosa Coffee - Lake Town (0005),Paper Napkin (1pkt = 100pc),Pc,0.24,-,0,0,IN-2159,300,70.52
07-10-2026,Central Warehouse -Kolkata,Central Warehouse -Kolkata,Dosa Coffee - Lake Town (0005),Onion,Kg,36.23,-,0,0,IN-2159,2,72.46
07-10-2026,Central Warehouse -Kolkata,Central Warehouse -Kolkata,Dosa Coffee - Lake Town (0005),Mint leaf,Kg,189.42,-,0,0,IN-2159,0.05,9.47
07-10-2026,Central Warehouse -Kolkata,Central Warehouse -Kolkata,Dosa Coffee - Lake Town (0005),Milk - Tetra 1Ltr,Ltr,77.18,-,0,0,IN-2159,12,926.12
07-10-2026,Central Warehouse -Kolkata,Central Warehouse -Kolkata,Dosa Coffee - Lake Town (0005),Milk (Adya Dairy),Ltr,61.85,-,0,0,IN-2159,0.5,30.93
07-10-2026,Central Warehouse -Kolkata,Central Warehouse -Kolkata,Dosa Coffee - Lake Town (0005),Idli Cloth (Markin Cloth),Pc,25.04,-,0,0,IN-2159,4,100.17
07-10-2026,Central Warehouse -Kolkata,Central Warehouse -Kolkata,Dosa Coffee - Lake Town (0005),Ginger,Kg,131.14,-,0,0,IN-2159,0.5,65.57
07-10-2026,Central Warehouse -Kolkata,Central Warehouse -Kolkata,Dosa Coffee - Lake Town (0005),Ghee,Kg,755.77,-,0,0,IN-2159,1.81,1367.94
07-10-2026,Central Warehouse -Kolkata,Central Warehouse -Kolkata,Dosa Coffee - Lake Town (0005),Garbage Bag Small (20 X 24),Pkt,53.62,-,0,0,IN-2159,2,107.25
07-10-2026,Central Warehouse -Kolkata,Central Warehouse -Kolkata,Dosa Coffee - Lake Town (0005),Curry Leaves,Kg,71.17,-,0,0,IN-2159,0.1,7.12
07-10-2026,Central Warehouse -Kolkata,Central Warehouse -Kolkata,Dosa Coffee - Lake Town (0005),Compartment Tray With Lid - 5CP (1pkt = 25pc),Pc,10.66,-,0,0,IN-2159,25,266.48
07-10-2026,Central Warehouse -Kolkata,Central Warehouse -Kolkata,Dosa Coffee - Lake Town (0005),Cling Wrap,Pc,538.6,-,0,0,IN-2159,1,538.6
07-10-2026,Central Warehouse -Kolkata,Central Warehouse -Kolkata,Dosa Coffee - Lake Town (0005),Cottons Lemonade,Pc,17.44,-,0,0,IN-2159,24,418.56
07-10-2026,Central Warehouse -Kolkata,Central Warehouse -Kolkata,Dosa Coffee - Lake Town (0005),Cothas Coffee Powder,Kg,859.17,-,0,0,IN-2159,1,859.17
07-10-2026,Central Warehouse -Kolkata,Central Warehouse -Kolkata,Dosa Coffee - Lake Town (0005),Coriander Leaves,Kg,99.99,-,0,0,IN-2159,0.4,40
07-10-2026,Central Warehouse -Kolkata,Central Warehouse -Kolkata,Dosa Coffee - Lake Town (0005),Beans,Kg,76.21,-,0,0,IN-2159,0.3,22.86
07-10-2026,Central Warehouse -Kolkata,Central Warehouse -Kolkata,Dosa Coffee - Lake Town (0005),Bio-Degradable Spoon (1pkt = 50pc),Pc,1.25,-,0,0,IN-2159,100,124.94
07-10-2026,Central Warehouse -Kolkata,Central Warehouse -Kolkata,Dosa Coffee - Lake Town (0005),Banana Leaf Small (1bundle = 50pc),Pc,1.25,-,0,0,IN-2159,100,124.98
07-10-2026,Central Warehouse -Kolkata,Central Warehouse -Kolkata,Dosa Coffee - Salt Lake Sec-1 (0009),Sticker - MRD (1sheet=108pc),Pc,0.13,-,0,0,IN-2016,108,14
07-10-2026,Central Warehouse -Kolkata,Central Warehouse -Kolkata,Dosa Coffee - Salt Lake Sec-1 (0009),Jaggery Powder (250gm=1pkt),Kg,109.81,-,0,0,IN-2016,0.25,27.45
07-10-2026,Central Warehouse -Kolkata,Central Warehouse -Kolkata,Dosa Coffee - Salt Lake Sec-1 (0009),Toilet Paper Roll Round,Pc,20.14,-,0,0,IN-2016,1,20.14
07-10-2026,Central Warehouse -Kolkata,Central Warehouse -Kolkata,Dosa Coffee - Salt Lake Sec-1 (0009),C Fold Tissue (Toilet Tissue),Pkt,49.48,-,0,0,IN-2016,3,148.44
07-10-2026,Central Warehouse -Kolkata,Central Warehouse -Kolkata,Dosa Coffee - Salt Lake Sec-1 (0009),Garbage Bag Small (20 X 24),Pkt,53.62,-,0,0,IN-2016,1,53.62
07-10-2026,Central Warehouse -Kolkata,Central Warehouse -Kolkata,Dosa Coffee - Salt Lake Sec-1 (0009),Amada,Kg,70.24,-,0,0,IN-2016,0.1,7.02
07-10-2026,Central Warehouse -Kolkata,Central Warehouse -Kolkata,Dosa Coffee - Salt Lake Sec-1 (0009),Raw Mango,Kg,85.08,-,0,0,IN-2016,1.071,91.13
07-10-2026,Central Warehouse -Kolkata,Central Warehouse -Kolkata,Dosa Coffee - Salt Lake Sec-1 (0009),Mango Crush -750ml,Ltr,197.67,-,0,0,IN-2016,0.75,148.25
07-10-2026,Central Warehouse -Kolkata,Central Warehouse -Kolkata,Dosa Coffee - Salt Lake Sec-1 (0009),Ecolab-Multi Purpose SINK Detergent (1can = 1ltr),Can,406.75,-,0,0,IN-2016,1,406.75
07-10-2026,Central Warehouse -Kolkata,Central Warehouse -Kolkata,Dosa Coffee - Salt Lake Sec-1 (0009),Schweppes Water - 500ml,Pc,24.89,-,0,0,IN-2016,24,597.25
07-10-2026,Central Warehouse -Kolkata,Central Warehouse -Kolkata,Dosa Coffee - Salt Lake Sec-1 (0009),Kinley Soda 750ml Pet,Pc,15.82,-,0,0,IN-2016,10,158.17
07-10-2026,Central Warehouse -Kolkata,Central Warehouse -Kolkata,Dosa Coffee - Salt Lake Sec-1 (0009),Cothas Coffee Powder,Kg,859.17,-,0,0,IN-2016,1.5,1288.75
07-10-2026,Central Warehouse -Kolkata,Central Warehouse -Kolkata,Dosa Coffee - Salt Lake Sec-1 (0009),Jaggery,Kg,61.68,-,0,0,IN-2016,1,61.68
07-10-2026,Central Warehouse -Kolkata,Central Warehouse -Kolkata,Dosa Coffee - Salt Lake Sec-1 (0009),White Sugar Sachet (1pkt = 200pc),Pc,0.42,-,0,0,IN-2016,200,84.64
07-10-2026,Central Warehouse -Kolkata,Central Warehouse -Kolkata,Dosa Coffee - Salt Lake Sec-1 (0009),Supari,Pkt,148.81,-,0,0,IN-2016,1,148.81
07-10-2026,Central Warehouse -Kolkata,Central Warehouse -Kolkata,Dosa Coffee - Salt Lake Sec-1 (0009),Garbage Bag Large (36 X 42),Pkt,69.46,-,0,0,IN-2016,1,69.46
07-10-2026,Central Warehouse -Kolkata,Central Warehouse -Kolkata,Dosa Coffee - Salt Lake Sec-1 (0009),Sponge Wipe,Pkt,132.73,-,0,0,IN-2016,1,132.73
07-10-2026,Central Warehouse -Kolkata,Central Warehouse -Kolkata,Dosa Coffee - Salt Lake Sec-1 (0009),Silver Foil,Pc,349.19,-,0,0,IN-2016,1,349.19
07-10-2026,Central Warehouse -Kolkata,Central Warehouse -Kolkata,Dosa Coffee - Salt Lake Sec-1 (0009),Bio-Degradable Spoon (1pkt = 50pc),Pc,1.25,-,0,0,IN-2016,100,124.94
07-10-2026,Central Warehouse -Kolkata,Central Warehouse -Kolkata,Dosa Coffee - Salt Lake Sec-1 (0009),Paper Straw (1pkt = 100pc),Pc,0.39,-,0,0,IN-2016,100,38.67
07-10-2026,Central Warehouse -Kolkata,Central Warehouse -Kolkata,Dosa Coffee - Salt Lake Sec-1 (0009),Paper Napkin (1pkt = 100pc),Pc,0.24,-,0,0,IN-2016,700,164.55
07-10-2026,Central Warehouse -Kolkata,Central Warehouse -Kolkata,Dosa Coffee - Salt Lake Sec-1 (0009),Glen Container With Lid - 750ml (1pkt = 50pc),Pc,6.38,-,0,0,IN-2016,50,319.14
07-10-2026,Central Warehouse -Kolkata,Central Warehouse -Kolkata,Dosa Coffee - Salt Lake Sec-1 (0009),Glen Container With Lid - 500ml (1pkt = 50pc),Pc,4.29,-,0,0,IN-2016,150,643.64
07-10-2026,Central Warehouse -Kolkata,Central Warehouse -Kolkata,Dosa Coffee - Salt Lake Sec-1 (0009),Glen Container With Lid - 100ml (1pkt = 50pc),Pc,1.76,-,0,0,IN-2016,50,88.05
07-10-2026,Central Warehouse -Kolkata,Central Warehouse -Kolkata,Dosa Coffee - Salt Lake Sec-1 (0009),Carry Bag - Large(1pkt = 100pc),Pc,10.46,-,0,0,IN-2016,100,1046.3
07-10-2026,Central Warehouse -Kolkata,Central Warehouse -Kolkata,Dosa Coffee - Salt Lake Sec-1 (0009),Salt,Kg,27.05,-,0,0,IN-2016,1,27.05
07-10-2026,Central Warehouse -Kolkata,Central Warehouse -Kolkata,Dosa Coffee - Salt Lake Sec-1 (0009),Sugar,Kg,52.03,-,0,0,IN-2016,1,52.03
07-10-2026,Central Warehouse -Kolkata,Central Warehouse -Kolkata,Dosa Coffee - Salt Lake Sec-1 (0009),Fried Chana Daal,Kg,97.59,-,0,0,IN-2016,6,585.55
07-10-2026,Central Warehouse -Kolkata,Central Warehouse -Kolkata,Dosa Coffee - Salt Lake Sec-1 (0009),Idli Daal (Rajkot),Kg,157.01,-,0,0,IN-2016,3,471.02
07-10-2026,Central Warehouse -Kolkata,Central Warehouse -Kolkata,Dosa Coffee - Salt Lake Sec-1 (0009),Mint leaf,Kg,189.42,-,0,0,IN-2016,0.05,9.47
07-10-2026,Central Warehouse -Kolkata,Central Warehouse -Kolkata,Dosa Coffee - Salt Lake Sec-1 (0009),Curry Leaves,Kg,71.17,-,0,0,IN-2016,0.2,14.23
07-10-2026,Central Warehouse -Kolkata,Central Warehouse -Kolkata,Dosa Coffee - Salt Lake Sec-1 (0009),Banana Leaf Small (1bundle = 50pc),Pc,1.25,-,0,0,IN-2016,150,187.48
07-10-2026,Central Warehouse -Kolkata,Central Warehouse -Kolkata,Dosa Coffee - Salt Lake Sec-1 (0009),Banana Leaf Big (1bundle = 50pc),Pc,1.8,-,0,0,IN-2016,150,270.28
07-10-2026,Central Warehouse -Kolkata,Central Warehouse -Kolkata,Dosa Coffee - Salt Lake Sec-1 (0009),Green Capsicum,Kg,65.51,-,0,0,IN-2016,0.189,12.38
07-10-2026,Central Warehouse -Kolkata,Central Warehouse -Kolkata,Dosa Coffee - Salt Lake Sec-1 (0009),Lime,Pc,3.5,-,0,0,IN-2016,40,140.01
07-10-2026,Central Warehouse -Kolkata,Central Warehouse -Kolkata,Dosa Coffee - Salt Lake Sec-1 (0009),Coriander Leaves,Kg,99.99,-,0,0,IN-2016,0.5,50
07-10-2026,Central Warehouse -Kolkata,Central Warehouse -Kolkata,Dosa Coffee - Salt Lake Sec-1 (0009),Tomato,Kg,40,-,0,0,IN-2016,1.5,59.99
07-10-2026,Central Warehouse -Kolkata,Central Warehouse -Kolkata,Dosa Coffee - Salt Lake Sec-1 (0009),Garlic,Kg,139.99,-,0,0,IN-2016,0.1,14
07-10-2026,Central Warehouse -Kolkata,Central Warehouse -Kolkata,Dosa Coffee - Salt Lake Sec-1 (0009),Ginger,Kg,131.14,-,0,0,IN-2016,1.5,196.7
07-10-2026,Central Warehouse -Kolkata,Central Warehouse -Kolkata,Dosa Coffee - Salt Lake Sec-1 (0009),Onion,Kg,36.23,-,0,0,IN-2016,8,289.84
07-10-2026,Central Warehouse -Kolkata,Central Warehouse -Kolkata,Dosa Coffee - Salt Lake Sec-1 (0009),Raw Green Chili,Kg,74.93,-,0,0,IN-2016,1,74.93
07-10-2026,Central Warehouse -Kolkata,Central Warehouse -Kolkata,Dosa Coffee - Salt Lake Sec-1 (0009),Milk - Tetra 1Ltr,Ltr,77.18,-,0,0,IN-2016,7,540.24
07-10-2026,Central Warehouse -Kolkata,Central Warehouse -Kolkata,Dosa Coffee - Salt Lake Sec-1 (0009),Milk (Adya Dairy),Ltr,61.85,-,0,0,IN-2016,1,61.85
07-10-2026,Central Warehouse -Kolkata,Central Warehouse -Kolkata,Dosa Coffee - Salt Lake Sec-1 (0009),Sunflower Refined Oil  ( 1pkt = 868 Ml ),Ltr,168.77,-,0,0,IN-2016,5.208,878.98
07-10-2026,Central Warehouse -Kolkata,Central Warehouse -Kolkata,Dosa Coffee - Salt Lake Sec-1 (0009),Ghee,Kg,755.77,-,0,0,IN-2016,1.81,1367.94
07-10-2026,Central Warehouse -Kolkata,Central Warehouse -Kolkata,Dosa Coffee - Salt Lake Sec-1 (0009),Amul Cheese,Kg,510.96,-,0,0,IN-2016,1,510.96
07-10-2026,Central Warehouse -Kolkata,Central Warehouse -Kolkata,Dosa Coffee - Salt Lake Sec-1 (0009),Amul Butter,Kg,564.66,-,0,0,IN-2016,0.5,282.33
07-10-2026,Central Warehouse -Kolkata,Central Warehouse -Kolkata,Dosa Coffee - Salt Lake Sec-1 (0009),White Butter,Kg,586.76,-,0,0,IN-2016,1,586.76
07-10-2026,Central Warehouse -Kolkata,Central Warehouse -Kolkata,Dosa Coffee - Salt Lake Sec-1 (0009),Beans,Kg,76.21,-,0,0,IN-2016,0.3,22.86
07-10-2026,Central Warehouse -Kolkata,Central Warehouse -Kolkata,Dosa Coffee - Salt Lake Sec-1 (0009),Watermelon,Kg,34.89,-,0,0,IN-2016,4.443,155.02
07-10-2026,Central Warehouse -Kolkata,Central Warehouse -Kolkata,Dosa Coffee - Salt Lake Sec-1 (0009),Carrot,Kg,40.99,-,0,0,IN-2016,1.535,62.93
07-10-2026,Central Warehouse -Kolkata,Central Warehouse -Kolkata,Dosa Coffee - Salt Lake Sec-1 (0009),Raw Curd,Kg,71.4,-,0,0,IN-2016,2,142.8
07-10-2026,Central Warehouse -Kolkata,Central Warehouse -Kolkata,Dosa Coffee - Salt Lake Sec-1 (0009),Raw Potato,Kg,18.72,-,0,0,IN-2016,16,299.52
07-10-2026,Central Warehouse -Kolkata,Central Warehouse -Kolkata,Dosa Coffee - Salt Lake (002),Watermelon,Kg,34.89,-,0,0,IN-2247,10.315,359.9
07-10-2026,Central Warehouse -Kolkata,Central Warehouse -Kolkata,Dosa Coffee - Salt Lake (002),Amul IC BP Vanilla (5L) CF,Ltr,97.8,-,0,0,IN-2247,5,489
07-10-2026,Central Warehouse -Kolkata,Central Warehouse -Kolkata,Dosa Coffee - Salt Lake (002),Raisin,Kg,457.74,-,0,0,IN-2247,0.1,45.77
07-10-2026,Central Warehouse -Kolkata,Central Warehouse -Kolkata,Dosa Coffee - Salt Lake (002),Cashew,Kg,837.85,-,0,0,IN-2247,0.1,83.78
07-10-2026,Central Warehouse -Kolkata,Central Warehouse -Kolkata,Dosa Coffee - Salt Lake (002),Amul Butter,Kg,564.66,-,0,0,IN-2247,0.5,282.33
07-10-2026,Central Warehouse -Kolkata,Central Warehouse -Kolkata,Dosa Coffee - Salt Lake (002),Sunflower Refined Oil  ( 1pkt = 868 Ml ),Ltr,168.77,-,0,0,IN-2247,5.208,878.98
07-10-2026,Central Warehouse -Kolkata,Central Warehouse -Kolkata,Dosa Coffee - Salt Lake (002),Cothas Coffee Powder,Kg,859.17,-,0,0,IN-2247,2,1718.34
07-10-2026,Central Warehouse -Kolkata,Central Warehouse -Kolkata,Dosa Coffee - Salt Lake (002),Oreo Buiscuits,Pkt,9.73,-,0,0,IN-2247,5,48.65
07-10-2026,Central Warehouse -Kolkata,Central Warehouse -Kolkata,Dosa Coffee - Salt Lake (002),Fried Chana Daal,Kg,97.59,-,0,0,IN-2247,7,683.14
07-10-2026,Central Warehouse -Kolkata,Central Warehouse -Kolkata,Dosa Coffee - Salt Lake (002),Sticker - MRD (1sheet=108pc),Pc,0.13,-,0,0,IN-2247,1080,140.03
07-10-2026,Central Warehouse -Kolkata,Central Warehouse -Kolkata,Dosa Coffee - Salt Lake (002),Dosa Coffee Taps,Pc,142.15,-,0,0,IN-2247,2,284.29
07-10-2026,Central Warehouse -Kolkata,Central Warehouse -Kolkata,Dosa Coffee - Salt Lake (002),Carry Bag - Large(1pkt = 100pc),Pc,10.52,-,0,0,IN-2247,100,1052.22
07-10-2026,Central Warehouse -Kolkata,Central Warehouse -Kolkata,Dosa Coffee - Salt Lake (002),Paper Straw (1pkt = 100pc),Pc,0.39,-,0,0,IN-2247,100,38.67
07-10-2026,Central Warehouse -Kolkata,Central Warehouse -Kolkata,Dosa Coffee - Salt Lake (002),Paper Napkin (1pkt = 100pc),Pc,0.24,-,0,0,IN-2247,600,141.04
07-10-2026,Central Warehouse -Kolkata,Central Warehouse -Kolkata,Dosa Coffee - Salt Lake (002),Hot Coffee Cup 150ml (1pkt=25pc),Pc,1.23,-,0,0,IN-2247,25,30.7
07-10-2026,Central Warehouse -Kolkata,Central Warehouse -Kolkata,Dosa Coffee - Salt Lake (002),Glen Container With Lid - 500ml (1pkt = 50pc),Pc,4.29,-,0,0,IN-2247,100,429.1
07-10-2026,Central Warehouse -Kolkata,Central Warehouse -Kolkata,Dosa Coffee - Salt Lake (002),Glen Container With Lid - 250ml (1pkt = 50pc),Pc,3.87,-,0,0,IN-2247,200,773.52
07-10-2026,Central Warehouse -Kolkata,Central Warehouse -Kolkata,Dosa Coffee - Salt Lake (002),Glen Container With Lid - 100ml (1pkt = 50pc),Pc,1.76,-,0,0,IN-2247,50,88.05
07-10-2026,Central Warehouse -Kolkata,Central Warehouse -Kolkata,Dosa Coffee - Salt Lake (002),Glass Bottle 300ml W/Cap (1box = 48pc),Pc,12.48,-,0,0,IN-2247,10,124.78
07-10-2026,Central Warehouse -Kolkata,Central Warehouse -Kolkata,Dosa Coffee - Salt Lake (002),Compartment Tray With Lid - 5CP (1pkt = 25pc),Pc,10.66,-,0,0,IN-2247,25,266.48
07-10-2026,Central Warehouse -Kolkata,Central Warehouse -Kolkata,Dosa Coffee - Salt Lake (002),Coffee/Tea Flask - 250ml (1pkt = 25pc),Pc,18.05,-,0,0,IN-2247,5,90.25
07-10-2026,Central Warehouse -Kolkata,Central Warehouse -Kolkata,Dosa Coffee - Salt Lake (002),Sticker - Jain (1sheet=187pc),Pc,0.14,-,0,0,IN-2247,187,26.83
07-10-2026,Central Warehouse -Kolkata,Central Warehouse -Kolkata,Dosa Coffee - Salt Lake (002),Bio-Degradable Spoon (1pkt = 50pc),Pc,1.25,-,0,0,IN-2247,100,124.94
07-10-2026,Central Warehouse -Kolkata,Central Warehouse -Kolkata,Dosa Coffee - Salt Lake (002),Banana Leaf Small (1bundle = 50pc),Pc,1.25,-,0,0,IN-2247,150,187.48
07-10-2026,Central Warehouse -Kolkata,Central Warehouse -Kolkata,Dosa Coffee - Salt Lake (002),Banana Leaf Big (1bundle = 50pc),Pc,1.8,-,0,0,IN-2247,200,360.36
07-10-2026,Central Warehouse -Kolkata,Central Warehouse -Kolkata,Dosa Coffee - Salt Lake (002),Amada,Kg,70.24,-,0,0,IN-2247,0.1,7.02
07-10-2026,Central Warehouse -Kolkata,Central Warehouse -Kolkata,Dosa Coffee - Salt Lake (002),Tomato,Kg,40,-,0,0,IN-2247,1,40
07-10-2026,Central Warehouse -Kolkata,Central Warehouse -Kolkata,Dosa Coffee - Salt Lake (002),Raw Green Chili,Kg,74.93,-,0,0,IN-2247,0.5,37.47
07-10-2026,Central Warehouse -Kolkata,Central Warehouse -Kolkata,Dosa Coffee - Salt Lake (002),Onion,Kg,36.18,-,0,0,IN-2247,4,144.72
07-10-2026,Central Warehouse -Kolkata,Central Warehouse -Kolkata,Dosa Coffee - Salt Lake (002),Ginger,Kg,131.13,-,0,0,IN-2247,1,131.13
07-10-2026,Central Warehouse -Kolkata,Central Warehouse -Kolkata,Dosa Coffee - Salt Lake (002),Curry Leaves,Kg,71.17,-,0,0,IN-2247,0.2,14.23
07-10-2026,Central Warehouse -Kolkata,Central Warehouse -Kolkata,Dosa Coffee - Salt Lake (002),Coriander Leaves,Kg,99.99,-,0,0,IN-2247,0.75,74.99
07-10-2026,Central Warehouse -Kolkata,Central Warehouse -Kolkata,Dosa Coffee - Salt Lake (002),Carrot,Kg,40.99,-,0,0,IN-2247,1,40.99
07-10-2026,Central Warehouse -Kolkata,Central Warehouse -Kolkata,Dosa Coffee - Salt Lake (002),Thermal Printer Roll - Posiflex,Pc,46.02,-,0,0,IN-2247,5,230.1
07-10-2026,Central Warehouse -Kolkata,Central Warehouse -Kolkata,Dosa Coffee - Salt Lake (002),Supari,Pkt,148.81,-,0,0,IN-2247,2,297.61
07-10-2026,Central Warehouse -Kolkata,Central Warehouse -Kolkata,Dosa Coffee - Salt Lake (002),White Butter,Kg,579.78,-,0,0,IN-2247,1.5,869.66
07-10-2026,Central Warehouse -Kolkata,Central Warehouse -Kolkata,Dosa Coffee - Salt Lake (002),Raw Curd,Kg,71.4,-,0,0,IN-2247,3,214.2
07-10-2026,Central Warehouse -Kolkata,Central Warehouse -Kolkata,Dosa Coffee - Salt Lake (002),Paneer,Kg,299,-,0,0,IN-2247,1,299
07-10-2026,Central Warehouse -Kolkata,Central Warehouse -Kolkata,Dosa Coffee - Salt Lake (002),Kinley Soda 750ml Pet,Pc,15.82,-,0,0,IN-2247,3,47.45
07-10-2026,Central Warehouse -Kolkata,Central Warehouse -Kolkata,Dosa Coffee - Salt Lake (002),Milk - Tetra 1Ltr,Ltr,77.18,-,0,0,IN-2247,12,926.12
07-10-2026,Central Warehouse -Kolkata,Central Warehouse -Kolkata,Dosa Coffee - Salt Lake (002),Milk (Adya Dairy),Ltr,61.85,-,0,0,IN-2247,1.5,92.78
07-10-2026,Central Warehouse -Kolkata,Central Warehouse -Kolkata,Dosa Coffee - Salt Lake (002),Ghee,Kg,755.57,-,0,0,IN-2247,1.81,1367.59
07-10-2026,Central Warehouse -Kolkata,Central Warehouse -Kolkata,Dosa Coffee - Salt Lake (002),Amul Cheese,Kg,510.96,-,0,0,IN-2247,1,510.96
07-10-2026,Central Warehouse -Kolkata,Central Warehouse -Kolkata,Dosa Coffee - Manisquare (0004),Salt,Kg,27.05,-,0,0,IN-1866,1,27.05
07-10-2026,Central Warehouse -Kolkata,Central Warehouse -Kolkata,Dosa Coffee - Manisquare (0004),Turmeric Powder,gm,0.34,-,0,0,IN-1866,500,169.88
07-10-2026,Central Warehouse -Kolkata,Central Warehouse -Kolkata,Dosa Coffee - Manisquare (0004),Amul IC BP Vanilla (5L) CF,Ltr,97.8,-,0,0,IN-1866,5,489
07-10-2026,Central Warehouse -Kolkata,Central Warehouse -Kolkata,Dosa Coffee - Manisquare (0004),White Sugar Sachet (1pkt = 200pc),Pc,0.42,-,0,0,IN-1866,200,84.64
07-10-2026,Central Warehouse -Kolkata,Central Warehouse -Kolkata,Dosa Coffee - Manisquare (0004),Amul Butter,Kg,564.66,-,0,0,IN-1866,0.5,282.33
07-10-2026,Central Warehouse -Kolkata,Central Warehouse -Kolkata,Dosa Coffee - Manisquare (0004),Sunflower Refined Oil  ( 1pkt = 868 Ml ),Ltr,168.77,-,0,0,IN-1866,13.888,2343.94
07-10-2026,Central Warehouse -Kolkata,Central Warehouse -Kolkata,Dosa Coffee - Manisquare (0004),Cothas Coffee Powder,Kg,859.17,-,0,0,IN-1866,1,859.17
07-10-2026,Central Warehouse -Kolkata,Central Warehouse -Kolkata,Dosa Coffee - Manisquare (0004),Jaggery,Kg,61.68,-,0,0,IN-1866,0.5,30.84
07-10-2026,Central Warehouse -Kolkata,Central Warehouse -Kolkata,Dosa Coffee - Manisquare (0004),Fried Chana Daal,Kg,97.59,-,0,0,IN-1866,4,390.37
07-10-2026,Central Warehouse -Kolkata,Central Warehouse -Kolkata,Dosa Coffee - Manisquare (0004),Paper Food Container - 100ml (1pkt = 50pc),Pc,1.78,-,0,0,IN-1866,100,178.37
07-10-2026,Central Warehouse -Kolkata,Central Warehouse -Kolkata,Dosa Coffee - Manisquare (0004),Carry Bag - Large(1pkt = 100pc),Pc,10.52,-,0,0,IN-1866,25,263.05
07-10-2026,Central Warehouse -Kolkata,Central Warehouse -Kolkata,Dosa Coffee - Manisquare (0004),Paper Napkin (1pkt = 100pc),Pc,0.24,-,0,0,IN-1866,500,117.53
07-10-2026,Central Warehouse -Kolkata,Central Warehouse -Kolkata,Dosa Coffee - Manisquare (0004),Hot Coffee Cup 150ml (1pkt=25pc),Pc,1.23,-,0,0,IN-1866,75,92.09
07-10-2026,Central Warehouse -Kolkata,Central Warehouse -Kolkata,Dosa Coffee - Manisquare (0004),Glen Container With Lid - 500ml (1pkt = 50pc),Pc,4.29,-,0,0,IN-1866,50,214.55
07-10-2026,Central Warehouse -Kolkata,Central Warehouse -Kolkata,Dosa Coffee - Manisquare (0004),Glen Container With Lid - 250ml (1pkt = 50pc),Pc,3.87,-,0,0,IN-1866,50,193.38
07-10-2026,Central Warehouse -Kolkata,Central Warehouse -Kolkata,Dosa Coffee - Manisquare (0004),Bio-Degradable Spoon (1pkt = 50pc),Pc,1.25,-,0,0,IN-1866,350,437.31
07-10-2026,Central Warehouse -Kolkata,Central Warehouse -Kolkata,Dosa Coffee - Manisquare (0004),Banana Leaf Small (1bundle = 50pc),Pc,1.25,-,0,0,IN-1866,300,374.95
07-10-2026,Central Warehouse -Kolkata,Central Warehouse -Kolkata,Dosa Coffee - Manisquare (0004),Raw Mango,Kg,85.08,-,0,0,IN-1866,0.486,41.35
07-10-2026,Central Warehouse -Kolkata,Central Warehouse -Kolkata,Dosa Coffee - Manisquare (0004),Amada,Kg,70.24,-,0,0,IN-1866,0.1,7.02
07-10-2026,Central Warehouse -Kolkata,Central Warehouse -Kolkata,Dosa Coffee - Manisquare (0004),Mint leaf,Kg,189.43,-,0,0,IN-1866,0.05,9.47
07-10-2026,Central Warehouse -Kolkata,Central Warehouse -Kolkata,Dosa Coffee - Manisquare (0004),Beans,Kg,76.21,-,0,0,IN-1866,0.3,22.86
07-10-2026,Central Warehouse -Kolkata,Central Warehouse -Kolkata,Dosa Coffee - Manisquare (0004),Raw Green Chili,Kg,74.93,-,0,0,IN-1866,0.5,37.47
07-10-2026,Central Warehouse -Kolkata,Central Warehouse -Kolkata,Dosa Coffee - Manisquare (0004),Onion,Kg,36.18,-,0,0,IN-1866,2,72.36
07-10-2026,Central Warehouse -Kolkata,Central Warehouse -Kolkata,Dosa Coffee - Manisquare (0004),Ginger,Kg,131.13,-,0,0,IN-1866,1,131.13
07-10-2026,Central Warehouse -Kolkata,Central Warehouse -Kolkata,Dosa Coffee - Manisquare (0004),Curry Leaves,Kg,71.17,-,0,0,IN-1866,0.1,7.12
07-10-2026,Central Warehouse -Kolkata,Central Warehouse -Kolkata,Dosa Coffee - Manisquare (0004),Coriander Leaves,Kg,99.99,-,0,0,IN-1866,0.3,30
07-10-2026,Central Warehouse -Kolkata,Central Warehouse -Kolkata,Dosa Coffee - Manisquare (0004),Carrot,Kg,40.99,-,0,0,IN-1866,1.032,42.31
07-10-2026,Central Warehouse -Kolkata,Central Warehouse -Kolkata,Dosa Coffee - Manisquare (0004),White Butter,Kg,579.78,-,0,0,IN-1866,0.5,289.89
07-10-2026,Central Warehouse -Kolkata,Central Warehouse -Kolkata,Dosa Coffee - Manisquare (0004),Raw Curd,Kg,71.4,-,0,0,IN-1866,3,214.2
07-10-2026,Central Warehouse -Kolkata,Central Warehouse -Kolkata,Dosa Coffee - Manisquare (0004),Milk - Tetra 1Ltr,Ltr,77.18,-,0,0,IN-1866,12,926.12
07-10-2026,Central Warehouse -Kolkata,Central Warehouse -Kolkata,Dosa Coffee - Manisquare (0004),Milk (Adya Dairy),Ltr,61.85,-,0,0,IN-1866,0.5,30.93
07-10-2026,Central Warehouse -Kolkata,Central Warehouse -Kolkata,Dosa Coffee - Manisquare (0004),Ghee,Kg,755.57,-,0,0,IN-1866,1.81,1367.59
07-10-2026,Central Warehouse -Kolkata,Central Warehouse -Kolkata,Dosa Coffee - Manisquare (0004),Garbage Bag Small (20 X 24),Pkt,53.62,-,0,0,IN-1866,1,53.62
07-10-2026,Central Warehouse -Kolkata,Central Warehouse -Kolkata,Dosa Coffee - Manisquare (0004),Garbage Bag Large (36 X 42),Pkt,69.46,-,0,0,IN-1866,1,69.46
07-10-2026,Central Warehouse -Kolkata,Central Warehouse -Kolkata,Dosa Coffee - Manisquare (0004),Schweppes Water - 500ml,Pc,24.89,-,0,0,IN-1866,24,597.25
07-10-2026,Central Warehouse -Kolkata,Dosa Coffee - Ideal Plaza (01/0001),Central Warehouse -Kolkata,Cothas Coffee Powder,Kg,859.17,IN-3228,1,859.17,-,0,0
08-10-2026,Central Warehouse -Kolkata,Central Warehouse -Kolkata,Dosa Coffee - James long Sarani (01/0011),Chef Coat,Pc,664.84,-,0,0,IN-1510,3,1994.51
08-10-2026,Central Warehouse -Kolkata,Central Warehouse -Kolkata,Dosa Coffee - James long Sarani (01/0011),Blue T-Shirt,Pc,361.34,-,0,0,IN-1510,3,1084.03
08-10-2026,Central Warehouse -Kolkata,Central Warehouse -Kolkata,Dosa Coffee - James long Sarani (01/0011),Green T-Shirt,Pc,374.23,-,0,0,IN-1510,7,2619.6
08-10-2026,Central Warehouse -Kolkata,Central Warehouse -Kolkata,Dosa Coffee - James long Sarani (01/0011),Black Cap,Pc,139.93,-,0,0,IN-1510,2,279.85
08-10-2026,Central Warehouse -Kolkata,Central Warehouse -Kolkata,Dosa Coffee - James long Sarani (01/0011),Apron Half,Pc,178.49,-,0,0,IN-1510,2,356.98
08-10-2026,Central Warehouse -Kolkata,Central Warehouse -Kolkata,Dosa Coffee - James long Sarani (01/0011),Black Salt,gm,0.03,-,0,0,IN-1510,1000,29.94
08-10-2026,Central Warehouse -Kolkata,Central Warehouse -Kolkata,Dosa Coffee - James long Sarani (01/0011),Ghee,Kg,755.77,-,0,0,IN-1510,1.81,1367.94
08-10-2026,Central Warehouse -Kolkata,Central Warehouse -Kolkata,Dosa Coffee - James long Sarani (01/0011),Amul Cheese,Kg,510.96,-,0,0,IN-1510,1,510.96
08-10-2026,Central Warehouse -Kolkata,Central Warehouse -Kolkata,Dosa Coffee - James long Sarani (01/0011),Thermal Printer Roll - Posiflex,Pc,46.02,-,0,0,IN-1510,4,184.08
08-10-2026,Central Warehouse -Kolkata,Central Warehouse -Kolkata,Dosa Coffee - James long Sarani (01/0011),Watermelon,Kg,34.89,-,0,0,IN-1510,2.45,85.48
08-10-2026,Central Warehouse -Kolkata,Central Warehouse -Kolkata,Dosa Coffee - James long Sarani (01/0011),Curry Leaves,Kg,71.18,-,0,0,IN-1510,0.1,7.12
08-10-2026,Central Warehouse -Kolkata,Central Warehouse -Kolkata,Dosa Coffee - James long Sarani (01/0011),Mint leaf,Kg,189.42,-,0,0,IN-1510,0.1,18.94
08-10-2026,Central Warehouse -Kolkata,Central Warehouse -Kolkata,Dosa Coffee - James long Sarani (01/0011),Coriander Leaves,Kg,99.99,-,0,0,IN-1510,0.3,30
08-10-2026,Central Warehouse -Kolkata,Central Warehouse -Kolkata,Dosa Coffee - James long Sarani (01/0011),Banana Leaf Big (1bundle = 50pc),Pc,1.8,-,0,0,IN-1510,50,90.13
08-10-2026,Central Warehouse -Kolkata,Central Warehouse -Kolkata,Dosa Coffee - James long Sarani (01/0011),Banana Leaf Small (1bundle = 50pc),Pc,1.25,-,0,0,IN-1510,50,62.49
08-10-2026,Central Warehouse -Kolkata,Central Warehouse -Kolkata,Dosa Coffee - James long Sarani (01/0011),Amada,Kg,70.24,-,0,0,IN-1510,0.1,7.02
08-10-2026,Central Warehouse -Kolkata,Central Warehouse -Kolkata,Dosa Coffee - James long Sarani (01/0011),Raw Mango,Kg,85.08,-,0,0,IN-1510,0.515,43.82
08-10-2026,Central Warehouse -Kolkata,Central Warehouse -Kolkata,Dosa Coffee - James long Sarani (01/0011),Carrot,Kg,40.99,-,0,0,IN-1510,0.66,27.06
08-10-2026,Central Warehouse -Kolkata,Central Warehouse -Kolkata,Dosa Coffee - James long Sarani (01/0011),Tomato,Kg,40,-,0,0,IN-1510,1,40
08-10-2026,Central Warehouse -Kolkata,Central Warehouse -Kolkata,Dosa Coffee - James long Sarani (01/0011),Onion,Kg,36.18,-,0,0,IN-1510,3,108.54
08-10-2026,Central Warehouse -Kolkata,Central Warehouse -Kolkata,Dosa Coffee - James long Sarani (01/0011),Ginger,Kg,131.14,-,0,0,IN-1510,1,131.14
08-10-2026,Central Warehouse -Kolkata,Central Warehouse -Kolkata,Dosa Coffee - James long Sarani (01/0011),Raw Green Chili,Kg,74.93,-,0,0,IN-1510,1.2,89.92
08-10-2026,Central Warehouse -Kolkata,Central Warehouse -Kolkata,Dosa Coffee - James long Sarani (01/0011),Amul Butter,Kg,564.66,-,0,0,IN-1510,0.5,282.33
08-10-2026,Central Warehouse -Kolkata,Central Warehouse -Kolkata,Dosa Coffee - James long Sarani (01/0011),Raw Curd,Kg,71.4,-,0,0,IN-1510,3,214.2
08-10-2026,Central Warehouse -Kolkata,Central Warehouse -Kolkata,Dosa Coffee - James long Sarani (01/0011),Milk (Adya Dairy),Ltr,61.85,-,0,0,IN-1510,1,61.85
08-10-2026,Central Warehouse -Kolkata,Central Warehouse -Kolkata,Dosa Coffee - James long Sarani (01/0011),Raw Potato,Kg,18.71,-,0,0,IN-1510,18,336.87
08-10-2026,Central Warehouse -Kolkata,Central Warehouse -Kolkata,Dosa Coffee - James long Sarani (01/0011),Paper Napkin (1pkt = 100pc),Pc,0.24,-,0,0,IN-1510,500,117.53
08-10-2026,Central Warehouse -Kolkata,Central Warehouse -Kolkata,Dosa Coffee - James long Sarani (01/0011),Fried Chana Daal,Kg,97.59,-,0,0,IN-1510,3,292.77
08-10-2026,Central Warehouse -Kolkata,Central Warehouse -Kolkata,Dosa Coffee - James long Sarani (01/0011),Butane Gas Cartridge 235GM (1box=28pc),Pc,117.17,-,0,0,IN-1510,4,468.67
08-10-2026,Central Warehouse -Kolkata,Central Warehouse -Kolkata,Dosa Coffee - James long Sarani (01/0011),Kinley Soda 750ml Pet,Pc,15.82,-,0,0,IN-1510,2,31.63
08-10-2026,Central Warehouse -Kolkata,Central Warehouse -Kolkata,Dosa Coffee - James long Sarani (01/0011),Glen Container With Lid - 250ml (1pkt = 50pc),Pc,3.87,-,0,0,IN-1510,1000,3867.59
08-10-2026,Central Warehouse -Kolkata,Central Warehouse -Kolkata,Dosa Coffee - Lake road 01/0015,Glen Container With Lid - 250ml (1pkt = 50pc),Pc,3.87,-,0,0,IN-1322,500,1933.8
08-10-2026,Central Warehouse -Kolkata,Central Warehouse -Kolkata,Dosa Coffee - Lake road 01/0015,Amada,Kg,70.24,-,0,0,IN-1322,0.2,14.05
08-10-2026,Central Warehouse -Kolkata,Central Warehouse -Kolkata,Dosa Coffee - Lake road 01/0015,Watermelon,Kg,34.89,-,0,0,IN-1322,5.1,177.95
08-10-2026,Central Warehouse -Kolkata,Central Warehouse -Kolkata,Dosa Coffee - Lake road 01/0015,White Butter,Kg,586.76,-,0,0,IN-1322,1.5,880.14
08-10-2026,Central Warehouse -Kolkata,Central Warehouse -Kolkata,Dosa Coffee - Lake road 01/0015,Tomato,Kg,40,-,0,0,IN-1322,3,119.99
08-10-2026,Central Warehouse -Kolkata,Central Warehouse -Kolkata,Dosa Coffee - Lake road 01/0015,Sugar,Kg,52.03,-,0,0,IN-1322,1,52.03
08-10-2026,Central Warehouse -Kolkata,Central Warehouse -Kolkata,Dosa Coffee - Lake road 01/0015,Supari,Pkt,148.81,-,0,0,IN-1322,6,892.84
08-10-2026,Central Warehouse -Kolkata,Central Warehouse -Kolkata,Dosa Coffee - Lake road 01/0015,Sponge Wipe,Pkt,132.73,-,0,0,IN-1322,2,265.45
08-10-2026,Central Warehouse -Kolkata,Central Warehouse -Kolkata,Dosa Coffee - Lake road 01/0015,Salt,Kg,27.05,-,0,0,IN-1322,1,27.05
08-10-2026,Central Warehouse -Kolkata,Central Warehouse -Kolkata,Dosa Coffee - Lake road 01/0015,Rubber Hand Gloves (1pkt=100pc),Pc,2.72,-,0,0,IN-1322,100,271.79
08-10-2026,Central Warehouse -Kolkata,Central Warehouse -Kolkata,Dosa Coffee - Lake road 01/0015,Room Freshner,Pc,77.75,-,0,0,IN-1322,1,77.75
08-10-2026,Central Warehouse -Kolkata,Central Warehouse -Kolkata,Dosa Coffee - Lake road 01/0015,Raw Peanut,Kg,140.07,-,0,0,IN-1322,1,140.07
08-10-2026,Central Warehouse -Kolkata,Central Warehouse -Kolkata,Dosa Coffee - Lake road 01/0015,Raw Mango,Kg,85.08,-,0,0,IN-1322,2.02,171.87
08-10-2026,Central Warehouse -Kolkata,Central Warehouse -Kolkata,Dosa Coffee - Lake road 01/0015,Raw Green Chili,Kg,74.93,-,0,0,IN-1322,0.5,37.47
08-10-2026,Central Warehouse -Kolkata,Central Warehouse -Kolkata,Dosa Coffee - Lake road 01/0015,Raw Curd,Kg,71.4,-,0,0,IN-1322,4,285.6
08-10-2026,Central Warehouse -Kolkata,Central Warehouse -Kolkata,Dosa Coffee - Lake road 01/0015,Paper Straw (1pkt = 100pc),Pc,0.39,-,0,0,IN-1322,100,38.67
08-10-2026,Central Warehouse -Kolkata,Central Warehouse -Kolkata,Dosa Coffee - Lake road 01/0015,Paper Sleeve (1pkt = 50pc),Pc,3.53,-,0,0,IN-1322,50,176.64
08-10-2026,Central Warehouse -Kolkata,Central Warehouse -Kolkata,Dosa Coffee - Lake road 01/0015,Paper Napkin (1pkt = 100pc),Pc,0.24,-,0,0,IN-1322,1000,235.07
08-10-2026,Central Warehouse -Kolkata,Central Warehouse -Kolkata,Dosa Coffee - Lake road 01/0015,Onion,Kg,36.26,-,0,0,IN-1322,7,253.79
08-10-2026,Central Warehouse -Kolkata,Central Warehouse -Kolkata,Dosa Coffee - Lake road 01/0015,Milk - Tetra 1Ltr,Ltr,77.18,-,0,0,IN-1322,12,926.12
08-10-2026,Central Warehouse -Kolkata,Central Warehouse -Kolkata,Dosa Coffee - Lake road 01/0015,Milk (Adya Dairy),Ltr,61.85,-,0,0,IN-1322,1,61.85
08-10-2026,Central Warehouse -Kolkata,Central Warehouse -Kolkata,Dosa Coffee - Lake road 01/0015,Lime,Pc,3.5,-,0,0,IN-1322,40,140.01
08-10-2026,Central Warehouse -Kolkata,Central Warehouse -Kolkata,Dosa Coffee - Lake road 01/0015,Jaggery,Kg,61.68,-,0,0,IN-1322,1,61.68
08-10-2026,Central Warehouse -Kolkata,Central Warehouse -Kolkata,Dosa Coffee - Lake road 01/0015,Idli Cloth (Markin Cloth),Pc,25.04,-,0,0,IN-1322,8,200.34
08-10-2026,Central Warehouse -Kolkata,Central Warehouse -Kolkata,Dosa Coffee - Lake road 01/0015,Hot Coffee Cup 150ml (1pkt=25pc),Pc,1.23,-,0,0,IN-1322,25,30.7
08-10-2026,Central Warehouse -Kolkata,Central Warehouse -Kolkata,Dosa Coffee - Lake road 01/0015,Hairnet (Comfort Cap 1pkt=100 pc),Pc,0.78,-,0,0,IN-1322,100,78.23
08-10-2026,Central Warehouse -Kolkata,Central Warehouse -Kolkata,Dosa Coffee - Lake road 01/0015,Green Capsicum,Kg,65.5,-,0,0,IN-1322,0.27,17.69
08-10-2026,Central Warehouse -Kolkata,Central Warehouse -Kolkata,Dosa Coffee - Lake road 01/0015,Ginger,Kg,131.14,-,0,0,IN-1322,1,131.14
08-10-2026,Central Warehouse -Kolkata,Central Warehouse -Kolkata,Dosa Coffee - Lake road 01/0015,Ghee,Kg,755.77,-,0,0,IN-1322,1.81,1367.94
08-10-2026,Central Warehouse -Kolkata,Central Warehouse -Kolkata,Dosa Coffee - Lake road 01/0015,Garlic,Kg,139.99,-,0,0,IN-1322,0.2,28
08-10-2026,Central Warehouse -Kolkata,Central Warehouse -Kolkata,Dosa Coffee - Lake road 01/0015,Garbage Bag Small (20 X 24),Pkt,53.62,-,0,0,IN-1322,1,53.62
08-10-2026,Central Warehouse -Kolkata,Central Warehouse -Kolkata,Dosa Coffee - Lake road 01/0015,Garbage Bag Large (36 X 42),Pkt,69.46,-,0,0,IN-1322,1,69.46
08-10-2026,Central Warehouse -Kolkata,Central Warehouse -Kolkata,Dosa Coffee - Lake road 01/0015,Fried Chana Daal,Kg,97.59,-,0,0,IN-1322,10,975.91
08-10-2026,Central Warehouse -Kolkata,Central Warehouse -Kolkata,Dosa Coffee - Lake road 01/0015,Idli Daal (Rajkot),Kg,157.02,-,0,0,IN-1322,2,314.03
08-10-2026,Central Warehouse -Kolkata,Central Warehouse -Kolkata,Dosa Coffee - Lake road 01/0015,Dosa Coffee Taps,Pc,142.15,-,0,0,IN-1322,2,284.29
08-10-2026,Central Warehouse -Kolkata,Central Warehouse -Kolkata,Dosa Coffee - Lake road 01/0015,Curry Leaves,Kg,71.18,-,0,0,IN-1322,0.1,7.12
08-10-2026,Central Warehouse -Kolkata,Central Warehouse -Kolkata,Dosa Coffee - Lake road 01/0015,Cottons Lemonade,Pc,17.44,-,0,0,IN-1322,24,418.56
08-10-2026,Central Warehouse -Kolkata,Central Warehouse -Kolkata,Dosa Coffee - Lake road 01/0015,Cothas Coffee Powder,Kg,859.17,-,0,0,IN-1322,2,1718.34
08-10-2026,Central Warehouse -Kolkata,Central Warehouse -Kolkata,Dosa Coffee - Lake road 01/0015,Coriander Leaves,Kg,99.99,-,0,0,IN-1322,0.5,50
08-10-2026,Central Warehouse -Kolkata,Central Warehouse -Kolkata,Dosa Coffee - Lake road 01/0015,Compartment Tray With Lid - 5CP (1pkt = 25pc),Pc,10.66,-,0,0,IN-1322,25,266.48
08-10-2026,Central Warehouse -Kolkata,Central Warehouse -Kolkata,Dosa Coffee - Lake road 01/0015,Carrot,Kg,40.99,-,0,0,IN-1322,1.1,45.09
08-10-2026,Central Warehouse -Kolkata,Central Warehouse -Kolkata,Dosa Coffee - Lake road 01/0015,C Fold Tissue (Toilet Tissue),Pkt,49.48,-,0,0,IN-1322,2,98.96
08-10-2026,Central Warehouse -Kolkata,Central Warehouse -Kolkata,Dosa Coffee - Lake road 01/0015,Raw Potato,Kg,18.71,-,0,0,IN-1322,16.6,310.64
08-10-2026,Central Warehouse -Kolkata,Central Warehouse -Kolkata,Dosa Coffee - Lake road 01/0015,Bio-Degradable Spoon (1pkt = 50pc),Pc,1.25,-,0,0,IN-1322,100,124.94
08-10-2026,Central Warehouse -Kolkata,Central Warehouse -Kolkata,Dosa Coffee - Lake road 01/0015,Beans,Kg,76.2,-,0,0,IN-1322,0.1,7.62
08-10-2026,Central Warehouse -Kolkata,Central Warehouse -Kolkata,Dosa Coffee - Lake road 01/0015,Banana Leaf Big (1bundle = 50pc),Pc,1.8,-,0,0,IN-1322,100,180.29
08-10-2026,Central Warehouse -Kolkata,Central Warehouse -Kolkata,Dosa Coffee - Lake road 01/0015,Banana Leaf Small (1bundle = 50pc),Pc,1.25,-,0,0,IN-1322,100,124.98
08-10-2026,Central Warehouse -Kolkata,Central Warehouse -Kolkata,Dosa Coffee - Lake road 01/0015,Amul Butter,Kg,564.66,-,0,0,IN-1322,0.5,282.33
08-10-2026,Central Warehouse -Kolkata,Central Warehouse -Kolkata,Dosa Coffee - Ideal Plaza (01/0001),Ecolab-Hand Soap 250 ml Dispensers,Pc,913.26,-,0,0,IN-3231,1,913.26
08-10-2026,Central Warehouse -Kolkata,Central Warehouse -Kolkata,Dosa Coffee - Ideal Plaza (01/0001),C Fold Tissue (Toilet Tissue),Pkt,49.48,-,0,0,IN-3231,4,197.92
08-10-2026,Central Warehouse -Kolkata,Central Warehouse -Kolkata,Dosa Coffee - Ideal Plaza (01/0001),Room Freshner,Pc,77.75,-,0,0,IN-3231,2,155.5
08-10-2026,Central Warehouse -Kolkata,Central Warehouse -Kolkata,Dosa Coffee - Ideal Plaza (01/0001),Wooden Stirrer (1pkt = 100pc),Pc,0.13,-,0,0,IN-3231,500,65.84
08-10-2026,Central Warehouse -Kolkata,Central Warehouse -Kolkata,Dosa Coffee - Ideal Plaza (01/0001),Cothas Coffee Powder,Kg,859.17,-,0,0,IN-3231,1,859.17
08-10-2026,Central Warehouse -Kolkata,Central Warehouse -Kolkata,Dosa Coffee - Ideal Plaza (01/0001),Paper Napkin (1pkt = 100pc),Pc,0.24,-,0,0,IN-3231,800,188.06
08-10-2026,Central Warehouse -Kolkata,Central Warehouse -Kolkata,Dosa Coffee - Ideal Plaza (01/0001),Cottons Lemonade,Pc,17.44,-,0,0,IN-3231,24,418.56
08-10-2026,Central Warehouse -Kolkata,Central Warehouse -Kolkata,Dosa Coffee - Ideal Plaza (01/0001),Sunflower Refined Oil  ( 1pkt = 868 Ml ),Ltr,168.77,-,0,0,IN-3231,13.888,2343.94
08-10-2026,Central Warehouse -Kolkata,Central Warehouse -Kolkata,Dosa Coffee - Ideal Plaza (01/0001),Banana Leaf Small (1bundle = 50pc),Pc,1.25,-,0,0,IN-3231,150,187.48
08-10-2026,Central Warehouse -Kolkata,Central Warehouse -Kolkata,Dosa Coffee - Ideal Plaza (01/0001),Banana Leaf Big (1bundle = 50pc),Pc,1.8,-,0,0,IN-3231,200,360.58
08-10-2026,Central Warehouse -Kolkata,Central Warehouse -Kolkata,Dosa Coffee - Ideal Plaza (01/0001),Lime,Pc,3.5,-,0,0,IN-3231,30,105
08-10-2026,Central Warehouse -Kolkata,Central Warehouse -Kolkata,Dosa Coffee - Ideal Plaza (01/0001),Watermelon,Kg,34.89,-,0,0,IN-3231,4.3,150.03
08-10-2026,Central Warehouse -Kolkata,Central Warehouse -Kolkata,Dosa Coffee - Ideal Plaza (01/0001),Raw Coconut,Pc,38.9,-,0,0,IN-3231,100,3890.38
08-10-2026,Central Warehouse -Kolkata,Central Warehouse -Kolkata,Dosa Coffee - Ideal Plaza (01/0001),Fried Chana Daal,Kg,97.59,-,0,0,IN-3231,9,878.32
08-10-2026,Central Warehouse -Kolkata,Central Warehouse -Kolkata,Dosa Coffee - Ideal Plaza (01/0001),Dry Red Chili,gm,0.25,-,0,0,IN-3231,100,24.64
08-10-2026,Central Warehouse -Kolkata,Central Warehouse -Kolkata,Dosa Coffee - Ideal Plaza (01/0001),Appalam Papad (1pkt = 47pc),Pc,3.78,-,0,0,IN-3231,47,177.67
08-10-2026,Central Warehouse -Kolkata,Central Warehouse -Kolkata,Dosa Coffee - Ideal Plaza (01/0001),Chana Daal,Kg,78.29,-,0,0,IN-3231,0.25,19.57
08-10-2026,Central Warehouse -Kolkata,Central Warehouse -Kolkata,Dosa Coffee - Ideal Plaza (01/0001),Compartment Tray With Lid - 2CP (1pkt = 25pc),Pc,7.64,-,0,0,IN-3231,25,190.98
08-10-2026,Central Warehouse -Kolkata,Central Warehouse -Kolkata,Dosa Coffee - Ideal Plaza (01/0001),Pet Paggi Can 350ml (1Box =256 Pcs),Pc,11.1,-,0,0,IN-3231,25,277.46
08-10-2026,Central Warehouse -Kolkata,Central Warehouse -Kolkata,Dosa Coffee - Ideal Plaza (01/0001),Take Away Packing Box - Small (1bundle = 50pc),Pc,4.3,-,0,0,IN-3231,100,429.99
08-10-2026,Central Warehouse -Kolkata,Central Warehouse -Kolkata,Dosa Coffee - Ideal Plaza (01/0001),Take Away Packing Box - Big (1bundle = 50pc),Pc,6.9,-,0,0,IN-3231,100,690.29
08-10-2026,Central Warehouse -Kolkata,Central Warehouse -Kolkata,Dosa Coffee - Ideal Plaza (01/0001),Bio-Degradable Spoon (1pkt = 50pc),Pc,1.25,-,0,0,IN-3231,400,499.78
08-10-2026,Central Warehouse -Kolkata,Central Warehouse -Kolkata,Dosa Coffee - Ideal Plaza (01/0001),Carry Bag - Large(1pkt = 100pc),Pc,10.46,-,0,0,IN-3231,100,1046.3
08-10-2026,Central Warehouse -Kolkata,Central Warehouse -Kolkata,Dosa Coffee - Ideal Plaza (01/0001),Carry Bag - Small (1pkt = 100pc),Pc,7.06,-,0,0,IN-3231,300,2117.87
08-10-2026,Central Warehouse -Kolkata,Central Warehouse -Kolkata,Dosa Coffee - Ideal Plaza (01/0001),Glen Container With Lid - 750ml (1pkt = 50pc),Pc,6.38,-,0,0,IN-3231,50,319.14
08-10-2026,Central Warehouse -Kolkata,Central Warehouse -Kolkata,Dosa Coffee - Ideal Plaza (01/0001),Glen Container With Lid - 250ml (1pkt = 50pc),Pc,3.87,-,0,0,IN-3231,200,773.52
08-10-2026,Central Warehouse -Kolkata,Central Warehouse -Kolkata,Dosa Coffee - Ideal Plaza (01/0001),Glen Container With Lid - 100ml (1pkt = 50pc),Pc,1.76,-,0,0,IN-3231,50,88.05
08-10-2026,Central Warehouse -Kolkata,Central Warehouse -Kolkata,Dosa Coffee - Ideal Plaza (01/0001),Idli Daal (Rajkot),Kg,157.02,-,0,0,IN-3231,2,314.03
08-10-2026,Central Warehouse -Kolkata,Central Warehouse -Kolkata,Dosa Coffee - Ideal Plaza (01/0001),Raw Potato,Kg,18.71,-,0,0,IN-3231,25,467.83
08-10-2026,Central Warehouse -Kolkata,Central Warehouse -Kolkata,Dosa Coffee - Ideal Plaza (01/0001),Ginger,Kg,131.14,-,0,0,IN-3231,3,393.43
08-10-2026,Central Warehouse -Kolkata,Central Warehouse -Kolkata,Dosa Coffee - Ideal Plaza (01/0001),Onion,Kg,36.26,-,0,0,IN-3231,8,290.04
08-10-2026,Central Warehouse -Kolkata,Central Warehouse -Kolkata,Dosa Coffee - Ideal Plaza (01/0001),Paper Sleeve (1pkt = 50pc),Pc,3.53,-,0,0,IN-3231,50,176.64
08-10-2026,Central Warehouse -Kolkata,Central Warehouse -Kolkata,Dosa Coffee - Ideal Plaza (01/0001),Sticker - MRD (1sheet=108pc),Pc,0.13,-,0,0,IN-3231,1080,140.03
08-10-2026,Central Warehouse -Kolkata,Central Warehouse -Kolkata,Dosa Coffee - Ideal Plaza (01/0001),White Butter,Kg,586.76,-,0,0,IN-3231,2,1173.53
08-10-2026,Central Warehouse -Kolkata,Central Warehouse -Kolkata,Dosa Coffee - Ideal Plaza (01/0001),Amul Butter,Kg,564.66,-,0,0,IN-3231,1,564.66
08-10-2026,Central Warehouse -Kolkata,Central Warehouse -Kolkata,Dosa Coffee - Ideal Plaza (01/0001),Jaggery,Kg,62.27,-,0,0,IN-3231,0.5,31.13
08-10-2026,Central Warehouse -Kolkata,Central Warehouse -Kolkata,Dosa Coffee - Ideal Plaza (01/0001),Raw Mango,Kg,85.08,-,0,0,IN-3231,1.011,86.02
08-10-2026,Central Warehouse -Kolkata,Central Warehouse -Kolkata,Dosa Coffee - Ideal Plaza (01/0001),Amada,Kg,70.24,-,0,0,IN-3231,0.1,7.02
08-10-2026,Central Warehouse -Kolkata,Central Warehouse -Kolkata,Dosa Coffee - Ideal Plaza (01/0001),Mint leaf,Kg,189.37,-,0,0,IN-3231,0.2,37.87
08-10-2026,Central Warehouse -Kolkata,Central Warehouse -Kolkata,Dosa Coffee - Ideal Plaza (01/0001),Coriander Leaves,Kg,99.99,-,0,0,IN-3231,1.5,149.99
08-10-2026,Central Warehouse -Kolkata,Central Warehouse -Kolkata,Dosa Coffee - Ideal Plaza (01/0001),Carrot,Kg,40.99,-,0,0,IN-3231,1.62,66.41
08-10-2026,Central Warehouse -Kolkata,Central Warehouse -Kolkata,Dosa Coffee - Ideal Plaza (01/0001),Raw Green Chili,Kg,74.93,-,0,0,IN-3231,1.5,112.4
08-10-2026,Central Warehouse -Kolkata,Central Warehouse -Kolkata,Dosa Coffee - Ideal Plaza (01/0001),Curry Leaves,Kg,71.18,-,0,0,IN-3231,0.2,14.24
08-10-2026,Central Warehouse -Kolkata,Central Warehouse -Kolkata,Dosa Coffee - Ideal Plaza (01/0001),Tomato,Kg,40,-,0,0,IN-3231,1.63,65.19
08-10-2026,Central Warehouse -Kolkata,Central Warehouse -Kolkata,Dosa Coffee - Ideal Plaza (01/0001),Raw Curd,Kg,71.4,-,0,0,IN-3231,5,357
08-10-2026,Central Warehouse -Kolkata,Central Warehouse -Kolkata,Dosa Coffee - Ideal Plaza (01/0001),Milk (Adya Dairy),Ltr,61.85,-,0,0,IN-3231,3,185.56
08-10-2026,Central Warehouse -Kolkata,Central Warehouse -Kolkata,Dosa Coffee - Santoshpur (01/0012),Ginger,Kg,131.14,-,0,0,IN-1668,0.5,65.57
08-10-2026,Central Warehouse -Kolkata,Central Warehouse -Kolkata,Dosa Coffee - Santoshpur (01/0012),Fried Chana Daal,Kg,97.59,-,0,0,IN-1668,2,195.18
08-10-2026,Central Warehouse -Kolkata,Central Warehouse -Kolkata,Dosa Coffee - Santoshpur (01/0012),Milk - Tetra 1Ltr,Ltr,77.18,-,0,0,IN-1668,5,385.88
08-10-2026,Central Warehouse -Kolkata,Central Warehouse -Kolkata,Dosa Coffee - Santoshpur (01/0012),Garbage Bag Small (20 X 24),Pkt,53.62,-,0,0,IN-1668,1,53.62
08-10-2026,Central Warehouse -Kolkata,Central Warehouse -Kolkata,Dosa Coffee - Santoshpur (01/0012),Garbage Bag Large (36 X 42),Pkt,69.46,-,0,0,IN-1668,1,69.46
08-10-2026,Central Warehouse -Kolkata,Central Warehouse -Kolkata,Dosa Coffee - Santoshpur (01/0012),Toilet Paper Roll Round,Pc,20.14,-,0,0,IN-1668,2,40.28
08-10-2026,Central Warehouse -Kolkata,Central Warehouse -Kolkata,Dosa Coffee - Santoshpur (01/0012),Paper Sleeve (1pkt = 50pc),Pc,3.53,-,0,0,IN-1668,50,176.64
08-10-2026,Central Warehouse -Kolkata,Central Warehouse -Kolkata,Dosa Coffee - Santoshpur (01/0012),Coffee/Tea Flask - 250ml (1pkt = 25pc),Pc,18.05,-,0,0,IN-1668,25,451.23
08-10-2026,Central Warehouse -Kolkata,Central Warehouse -Kolkata,Dosa Coffee - Santoshpur (01/0012),Hot Coffee Cup 150ml (1pkt=25pc),Pc,1.23,-,0,0,IN-1668,50,61.39
08-10-2026,Central Warehouse -Kolkata,Central Warehouse -Kolkata,Dosa Coffee - Santoshpur (01/0012),Silver Foil,Pc,349.19,-,0,0,IN-1668,1,349.19
08-10-2026,Central Warehouse -Kolkata,Central Warehouse -Kolkata,Dosa Coffee - Santoshpur (01/0012),Take Away Packing Box - Small (1bundle = 50pc),Pc,4.3,-,0,0,IN-1668,200,859.98
08-10-2026,Central Warehouse -Kolkata,Central Warehouse -Kolkata,Dosa Coffee - Santoshpur (01/0012),Glen Container With Lid - 100ml (1pkt = 50pc),Pc,1.76,-,0,0,IN-1668,100,176.1
08-10-2026,Central Warehouse -Kolkata,Central Warehouse -Kolkata,Dosa Coffee - Santoshpur (01/0012),Ghee,Kg,755.77,-,0,0,IN-1668,0.905,683.97
08-10-2026,Central Warehouse -Kolkata,Central Warehouse -Kolkata,Dosa Coffee - Santoshpur (01/0012),Banana Leaf Small (1bundle = 50pc),Pc,1.25,-,0,0,IN-1668,50,62.49
08-10-2026,Central Warehouse -Kolkata,Central Warehouse -Kolkata,Dosa Coffee - Santoshpur (01/0012),Banana Leaf Big (1bundle = 50pc),Pc,1.8,-,0,0,IN-1668,100,180.29
08-10-2026,Central Warehouse -Kolkata,Central Warehouse -Kolkata,Dosa Coffee - Santoshpur (01/0012),Garlic,Kg,139.99,-,0,0,IN-1668,0.1,14
08-10-2026,Central Warehouse -Kolkata,Central Warehouse -Kolkata,Dosa Coffee - Santoshpur (01/0012),Coriander Leaves,Kg,99.99,-,0,0,IN-1668,0.2,20
08-10-2026,Central Warehouse -Kolkata,Central Warehouse -Kolkata,Dosa Coffee - Santoshpur (01/0012),Carrot,Kg,40.99,-,0,0,IN-1668,0.57,23.37
08-10-2026,Central Warehouse -Kolkata,Central Warehouse -Kolkata,Dosa Coffee - Santoshpur (01/0012),Tomato,Kg,40,-,0,0,IN-1668,0.5,20
08-10-2026,Central Warehouse -Kolkata,Central Warehouse -Kolkata,Dosa Coffee - Santoshpur (01/0012),Onion,Kg,36.26,-,0,0,IN-1668,3.07,111.3
08-10-2026,Central Warehouse -Kolkata,Central Warehouse -Kolkata,Dosa Coffee - Santoshpur (01/0012),Lime,Pc,3.5,-,0,0,IN-1668,15,52.5
08-10-2026,Central Warehouse -Kolkata,Central Warehouse -Kolkata,Dosa Coffee - Santoshpur (01/0012),Idli Daal (Rajkot),Kg,157.02,-,0,0,IN-1668,1,157.02
08-10-2026,Central Warehouse -Kolkata,Central Warehouse -Kolkata,Dosa Coffee - Santoshpur (01/0012),Raw Curd,Kg,71.4,-,0,0,IN-1668,3,214.2
08-10-2026,Central Warehouse -Kolkata,Central Warehouse -Kolkata,Dosa Coffee - Santoshpur (01/0012),Milk (Adya Dairy),Ltr,61.85,-,0,0,IN-1668,0.5,30.93
08-10-2026,Central Warehouse -Kolkata,Central Warehouse -Kolkata,Dosa Coffee - Calcutta Swiming Club (0007),Mint leaf,Kg,189.37,-,0,0,IN-1520,0.1,18.94
08-10-2026,Central Warehouse -Kolkata,Central Warehouse -Kolkata,Dosa Coffee - Calcutta Swiming Club (0007),Onion,Kg,36.26,-,0,0,IN-1520,1.05,38.07
08-10-2026,Central Warehouse -Kolkata,Central Warehouse -Kolkata,Dosa Coffee - Calcutta Swiming Club (0007),Milk - Tetra 1Ltr,Ltr,77.18,-,0,0,IN-1520,2,154.35
08-10-2026,Central Warehouse -Kolkata,Central Warehouse -Kolkata,Dosa Coffee - Calcutta Swiming Club (0007),Fried Chana Daal,Kg,97.59,-,0,0,IN-1520,1,97.59
08-10-2026,Central Warehouse -Kolkata,Central Warehouse -Kolkata,Dosa Coffee - Rangoli Mall (01/0010),Carrot,Kg,40.99,-,0,0,IN-1636,1.2,49.19
08-10-2026,Central Warehouse -Kolkata,Central Warehouse -Kolkata,Dosa Coffee - Rangoli Mall (01/0010),Raw Potato,Kg,18.71,-,0,0,IN-1636,11.6,217.07
08-10-2026,Central Warehouse -Kolkata,Central Warehouse -Kolkata,Dosa Coffee - Rangoli Mall (01/0010),Ghee,Kg,755.77,-,0,0,IN-1636,1.81,1367.94
08-10-2026,Central Warehouse -Kolkata,Central Warehouse -Kolkata,Dosa Coffee - Rangoli Mall (01/0010),Coriander Leaves,Kg,99.99,-,0,0,IN-1636,0.5,50
08-10-2026,Central Warehouse -Kolkata,Central Warehouse -Kolkata,Dosa Coffee - Rangoli Mall (01/0010),Raw Mango,Kg,85.08,-,0,0,IN-1636,1.115,94.87
08-10-2026,Central Warehouse -Kolkata,Central Warehouse -Kolkata,Dosa Coffee - Rangoli Mall (01/0010),Beans,Kg,76.2,-,0,0,IN-1636,0.5,38.1
08-10-2026,Central Warehouse -Kolkata,Central Warehouse -Kolkata,Dosa Coffee - Rangoli Mall (01/0010),Tomato,Kg,40,-,0,0,IN-1636,1,40
08-10-2026,Central Warehouse -Kolkata,Central Warehouse -Kolkata,Dosa Coffee - Rangoli Mall (01/0010),Onion,Kg,36.26,-,0,0,IN-1636,5,181.28
08-10-2026,Central Warehouse -Kolkata,Central Warehouse -Kolkata,Dosa Coffee - Rangoli Mall (01/0010),Milk (Adya Dairy),Ltr,61.85,-,0,0,IN-1636,1,61.85
08-10-2026,Central Warehouse -Kolkata,Central Warehouse -Kolkata,Dosa Coffee - Rangoli Mall (01/0010),Milk - Tetra 1Ltr,Ltr,77.18,-,0,0,IN-1636,12,926.12
08-10-2026,Central Warehouse -Kolkata,Central Warehouse -Kolkata,Dosa Coffee - Rangoli Mall (01/0010),Banana Leaf Small (1bundle = 50pc),Pc,1.25,-,0,0,IN-1636,50,62.49
08-10-2026,Central Warehouse -Kolkata,Central Warehouse -Kolkata,Dosa Coffee - Rangoli Mall (01/0010),Banana Leaf Big (1bundle = 50pc),Pc,1.8,-,0,0,IN-1636,200,360.58
08-10-2026,Central Warehouse -Kolkata,Central Warehouse -Kolkata,Dosa Coffee - Rangoli Mall (01/0010),Fried Chana Daal,Kg,97.59,-,0,0,IN-1636,4,390.37
08-10-2026,Central Warehouse -Kolkata,Central Warehouse -Kolkata,Dosa Coffee - Forum (0003),Schweppes Water - 500ml,Pc,24.89,-,0,0,IN-1715,24,597.25
08-10-2026,Central Warehouse -Kolkata,Central Warehouse -Kolkata,Dosa Coffee - Forum (0003),Bio-Degradable Spoon (1pkt = 50pc),Pc,1.25,-,0,0,IN-1715,150,187.42
08-10-2026,Central Warehouse -Kolkata,Central Warehouse -Kolkata,Dosa Coffee - Forum (0003),Paper Napkin (1pkt = 100pc),Pc,0.24,-,0,0,IN-1715,200,47.01
08-10-2026,Central Warehouse -Kolkata,Central Warehouse -Kolkata,Dosa Coffee - Forum (0003),Raw Curd,Kg,71.4,-,0,0,IN-1715,1,71.4
08-10-2026,Central Warehouse -Kolkata,Central Warehouse -Kolkata,Dosa Coffee - Forum (0003),Green Capsicum,Kg,65.5,-,0,0,IN-1715,0.1,6.55
08-10-2026,Central Warehouse -Kolkata,Central Warehouse -Kolkata,Dosa Coffee - Forum (0003),Mint leaf,Kg,189.37,-,0,0,IN-1715,0.05,9.47
08-10-2026,Central Warehouse -Kolkata,Central Warehouse -Kolkata,Dosa Coffee - Forum (0003),Paper Tray Mat (1pkt = 500pc),Pc,0.95,-,0,0,IN-1715,500,473.38
08-10-2026,Central Warehouse -Kolkata,Central Warehouse -Kolkata,Dosa Coffee - Forum (0003),Scrubber - Scotch Brite,Pc,12.47,-,0,0,IN-1715,5,62.34
08-10-2026,Central Warehouse -Kolkata,Central Warehouse -Kolkata,Dosa Coffee - Forum (0003),Banana Leaf Big (1bundle = 50pc),Pc,1.8,-,0,0,IN-1715,100,180.29
08-10-2026,Central Warehouse -Kolkata,Central Warehouse -Kolkata,Dosa Coffee - Forum (0003),Jaggery,Kg,62.27,-,0,0,IN-1715,0.5,31.13
08-10-2026,Central Warehouse -Kolkata,Central Warehouse -Kolkata,Dosa Coffee - Forum (0003),Tomato,Kg,40,-,0,0,IN-1715,0.5,20
08-10-2026,Central Warehouse -Kolkata,Central Warehouse -Kolkata,Dosa Coffee - Forum (0003),Onion,Kg,36.26,-,0,0,IN-1715,3,108.77
08-10-2026,Central Warehouse -Kolkata,Central Warehouse -Kolkata,Dosa Coffee - Forum (0003),Raw Potato,Kg,18.71,-,0,0,IN-1715,6,112.28
08-10-2026,Central Warehouse -Kolkata,Central Warehouse -Kolkata,Dosa Coffee - Forum (0003),Fried Chana Daal,Kg,97.59,-,0,0,IN-1715,3,292.77
08-10-2026,Central Warehouse -Kolkata,Central Warehouse -Kolkata,Dosa Coffee - Forum (0003),Coriander Leaves,Kg,99.99,-,0,0,IN-1715,0.3,30
08-10-2026,Central Warehouse -Kolkata,Central Warehouse -Kolkata,Dosa Coffee - Forum (0003),Amada,Kg,70.24,-,0,0,IN-1715,0.05,3.51
08-10-2026,Central Warehouse -Kolkata,Central Warehouse -Kolkata,Dosa Coffee - Forum (0003),Raw Mango,Kg,85.08,-,0,0,IN-1715,0.54,45.95
08-10-2026,Central Warehouse -Kolkata,Central Warehouse -Kolkata,Dosa Coffee - Forum (0003),Ginger,Kg,131.14,-,0,0,IN-1715,0.5,65.57
08-10-2026,Central Warehouse -Kolkata,Central Warehouse -Kolkata,Dosa Coffee - Forum (0003),Carrot,Kg,40.99,-,0,0,IN-1715,0.57,23.37
08-10-2026,Central Warehouse -Kolkata,Central Warehouse -Kolkata,Dosa Coffee - Forum (0003),Raw Green Chili,Kg,74.93,-,0,0,IN-1715,0.5,37.47
08-10-2026,Central Warehouse -Kolkata,Central Warehouse -Kolkata,Dosa Coffee - Kalikapur (01/0014),Glen Container With Lid - 500ml (1pkt = 50pc),Pc,4.29,-,0,0,IN-1520,50,214.55
08-10-2026,Central Warehouse -Kolkata,Central Warehouse -Kolkata,Dosa Coffee - Kalikapur (01/0014),Thermal Printer Roll - Posiflex,Pc,46.02,-,0,0,IN-1520,5,230.1
08-10-2026,Central Warehouse -Kolkata,Central Warehouse -Kolkata,Dosa Coffee - Kalikapur (01/0014),White Butter,Kg,586.76,-,0,0,IN-1520,0.5,293.38
08-10-2026,Central Warehouse -Kolkata,Central Warehouse -Kolkata,Dosa Coffee - Kalikapur (01/0014),Watermelon,Kg,34.89,-,0,0,IN-1520,5,174.46
08-10-2026,Central Warehouse -Kolkata,Central Warehouse -Kolkata,Dosa Coffee - Kalikapur (01/0014),Raw Potato,Kg,18.71,-,0,0,IN-1520,6,112.28
08-10-2026,Central Warehouse -Kolkata,Central Warehouse -Kolkata,Dosa Coffee - Kalikapur (01/0014),Sunflower Refined Oil  ( 1pkt = 868 Ml ),Ltr,168.77,-,0,0,IN-1520,1.736,292.99
08-10-2026,Central Warehouse -Kolkata,Central Warehouse -Kolkata,Dosa Coffee - Kalikapur (01/0014),Sugar,Kg,52.03,-,0,0,IN-1520,1,52.03
08-10-2026,Central Warehouse -Kolkata,Central Warehouse -Kolkata,Dosa Coffee - Kalikapur (01/0014),Raw Curd,Kg,71.4,-,0,0,IN-1520,1,71.4
08-10-2026,Central Warehouse -Kolkata,Central Warehouse -Kolkata,Dosa Coffee - Kalikapur (01/0014),Lime,Pc,3.5,-,0,0,IN-1520,20,70
08-10-2026,Central Warehouse -Kolkata,Central Warehouse -Kolkata,Dosa Coffee - Kalikapur (01/0014),Green Capsicum,Kg,65.5,-,0,0,IN-1520,0.3,19.65
08-10-2026,Central Warehouse -Kolkata,Central Warehouse -Kolkata,Dosa Coffee - Kalikapur (01/0014),Raw Green Chili,Kg,74.93,-,0,0,IN-1520,0.5,37.47
08-10-2026,Central Warehouse -Kolkata,Central Warehouse -Kolkata,Dosa Coffee - Kalikapur (01/0014),Carrot,Kg,40.99,-,0,0,IN-1520,0.63,25.83
08-10-2026,Central Warehouse -Kolkata,Central Warehouse -Kolkata,Dosa Coffee - Kalikapur (01/0014),Ginger,Kg,131.14,-,0,0,IN-1520,0.5,65.57
08-10-2026,Central Warehouse -Kolkata,Central Warehouse -Kolkata,Dosa Coffee - Kalikapur (01/0014),Tomato,Kg,40,-,0,0,IN-1520,0.5,20
08-10-2026,Central Warehouse -Kolkata,Central Warehouse -Kolkata,Dosa Coffee - Kalikapur (01/0014),Onion,Kg,36.26,-,0,0,IN-1520,3,108.77
08-10-2026,Central Warehouse -Kolkata,Central Warehouse -Kolkata,Dosa Coffee - Kalikapur (01/0014),Coriander Leaves,Kg,99.99,-,0,0,IN-1520,0.5,50
08-10-2026,Central Warehouse -Kolkata,Central Warehouse -Kolkata,Dosa Coffee - Kalikapur (01/0014),C Fold Tissue (Toilet Tissue),Pkt,49.48,-,0,0,IN-1520,1,49.48
08-10-2026,Central Warehouse -Kolkata,Central Warehouse -Kolkata,Dosa Coffee - Kalikapur (01/0014),Bio-Degradable Spoon (1pkt = 50pc),Pc,1.25,-,0,0,IN-1520,100,124.94
08-10-2026,Central Warehouse -Kolkata,Central Warehouse -Kolkata,Dosa Coffee - Kalikapur (01/0014),Chhote Lal Tea 250GM,Kg,392.46,-,0,0,IN-1520,0.25,98.11
08-10-2026,Central Warehouse -Kolkata,Central Warehouse -Kolkata,Dosa Coffee - Kalikapur (01/0014),Banana Leaf Small (1bundle = 50pc),Pc,1.25,-,0,0,IN-1520,50,62.49
08-10-2026,Central Warehouse -Kolkata,Central Warehouse -Kolkata,Dosa Coffee - Kalikapur (01/0014),Banana Leaf Big (1bundle = 50pc),Pc,1.8,-,0,0,IN-1520,100,180.29
08-10-2026,Central Warehouse -Kolkata,Central Warehouse -Kolkata,Dosa Coffee - Kalikapur (01/0014),Coffee/Tea Flask - 250ml (1pkt = 25pc),Pc,18.05,-,0,0,IN-1520,10,180.49
08-10-2026,Central Warehouse -Kolkata,Central Warehouse -Kolkata,Dosa Coffee - New Town - Cloud Kitchen (01/0013),Carrot,Kg,40.99,-,0,0,IN-1345,0.56,22.96
08-10-2026,Central Warehouse -Kolkata,Central Warehouse -Kolkata,Dosa Coffee - New Town - Cloud Kitchen (01/0013),Coffee/Tea Flask - 250ml (1pkt = 25pc),Pc,18.05,-,0,0,IN-1345,10,180.49
08-10-2026,Central Warehouse -Kolkata,Central Warehouse -Kolkata,Dosa Coffee - New Town - Cloud Kitchen (01/0013),Garbage Bag Small (20 X 24),Pkt,53.62,-,0,0,IN-1345,1,53.62
08-10-2026,Central Warehouse -Kolkata,Central Warehouse -Kolkata,Dosa Coffee - New Town - Cloud Kitchen (01/0013),Bio-Degradable Spoon (1pkt = 50pc),Pc,1.25,-,0,0,IN-1345,150,187.42
08-10-2026,Central Warehouse -Kolkata,Central Warehouse -Kolkata,Dosa Coffee - New Town - Cloud Kitchen (01/0013),Paper Napkin (1pkt = 100pc),Pc,0.24,-,0,0,IN-1345,200,47.01
08-10-2026,Central Warehouse -Kolkata,Central Warehouse -Kolkata,Dosa Coffee - New Town - Cloud Kitchen (01/0013),Glen Container With Lid - 500ml (1pkt = 50pc),Pc,4.29,-,0,0,IN-1345,100,429.1
08-10-2026,Central Warehouse -Kolkata,Central Warehouse -Kolkata,Dosa Coffee - New Town - Cloud Kitchen (01/0013),Glen Container With Lid - 250ml (1pkt = 50pc),Pc,3.87,-,0,0,IN-1345,150,580.14
08-10-2026,Central Warehouse -Kolkata,Central Warehouse -Kolkata,Dosa Coffee - New Town - Cloud Kitchen (01/0013),Take Away Packing Box - Small (1bundle = 50pc),Pc,4.3,-,0,0,IN-1345,100,429.99
08-10-2026,Central Warehouse -Kolkata,Central Warehouse -Kolkata,Dosa Coffee - New Town - Cloud Kitchen (01/0013),Thermal Printer Roll - Posiflex,Pc,46.02,-,0,0,IN-1345,2,92.04
08-10-2026,Central Warehouse -Kolkata,Central Warehouse -Kolkata,Dosa Coffee - New Town - Cloud Kitchen (01/0013),Tea Leaf,Kg,202.9,-,0,0,IN-1345,1,202.9
08-10-2026,Central Warehouse -Kolkata,Central Warehouse -Kolkata,Dosa Coffee - New Town - Cloud Kitchen (01/0013),Fried Chana Daal,Kg,97.59,-,0,0,IN-1345,4,390.37
08-10-2026,Central Warehouse -Kolkata,Central Warehouse -Kolkata,Dosa Coffee - New Town - Cloud Kitchen (01/0013),Banana Leaf Small (1bundle = 50pc),Pc,1.25,-,0,0,IN-1345,50,62.49
08-10-2026,Central Warehouse -Kolkata,Central Warehouse -Kolkata,Dosa Coffee - New Town - Cloud Kitchen (01/0013),Amada,Kg,70.24,-,0,0,IN-1345,0.1,7.02
08-10-2026,Central Warehouse -Kolkata,Central Warehouse -Kolkata,Dosa Coffee - New Town - Cloud Kitchen (01/0013),Raw Potato,Kg,18.71,-,0,0,IN-1345,10,187.13
08-10-2026,Central Warehouse -Kolkata,Central Warehouse -Kolkata,Dosa Coffee - New Town - Cloud Kitchen (01/0013),Coriander Leaves,Kg,99.99,-,0,0,IN-1345,0.25,25
08-10-2026,Central Warehouse -Kolkata,Central Warehouse -Kolkata,Dosa Coffee - New Town - Cloud Kitchen (01/0013),Tomato,Kg,40,-,0,0,IN-1345,0.5,20
08-10-2026,Central Warehouse -Kolkata,Central Warehouse -Kolkata,Dosa Coffee - New Town - Cloud Kitchen (01/0013),Garlic,Kg,139.99,-,0,0,IN-1345,0.1,14
08-10-2026,Central Warehouse -Kolkata,Central Warehouse -Kolkata,Dosa Coffee - New Town - Cloud Kitchen (01/0013),Ginger,Kg,131.14,-,0,0,IN-1345,0.5,65.57
08-10-2026,Central Warehouse -Kolkata,Central Warehouse -Kolkata,Dosa Coffee - New Town - Cloud Kitchen (01/0013),Onion,Kg,36.26,-,0,0,IN-1345,3,108.77
08-10-2026,Central Warehouse -Kolkata,Central Warehouse -Kolkata,Dosa Coffee - New Town - Cloud Kitchen (01/0013),Raw Green Chili,Kg,74.93,-,0,0,IN-1345,0.5,37.47
08-10-2026,Central Warehouse -Kolkata,Central Warehouse -Kolkata,Dosa Coffee - New Town - Cloud Kitchen (01/0013),Milk (Adya Dairy),Ltr,61.85,-,0,0,IN-1345,1,61.85
08-10-2026,Central Warehouse -Kolkata,Central Warehouse -Kolkata,Dosa Coffee - New Town - Cloud Kitchen (01/0013),Sunflower Refined Oil  ( 1pkt = 868 Ml ),Ltr,168.77,-,0,0,IN-1345,1.736,292.99
08-10-2026,Central Warehouse -Kolkata,Central Warehouse -Kolkata,Dosa Coffee - New Town - Cloud Kitchen (01/0013),Ghee,Kg,755.77,-,0,0,IN-1345,1.81,1367.94
08-10-2026,Central Warehouse -Kolkata,Central Warehouse -Kolkata,Dosa Coffee - New Town - Cloud Kitchen (01/0013),Amul Cheese,Kg,510.96,-,0,0,IN-1345,1,510.96
08-10-2026,Central Warehouse -Kolkata,Central Warehouse -Kolkata,Dosa Coffee - New Town - Cloud Kitchen (01/0013),White Butter,Kg,586.76,-,0,0,IN-1345,1,586.76
08-10-2026,Central Warehouse -Kolkata,Central Warehouse -Kolkata,Dosa Coffee - New Town - Cloud Kitchen (01/0013),Raw Curd,Kg,71.4,-,0,0,IN-1345,1,71.4
08-10-2026,Central Warehouse -Kolkata,Central Warehouse -Kolkata,Dosa Coffee - Lake Town (0005),White Butter,Kg,586.76,-,0,0,IN-2160,0.5,293.38
08-10-2026,Central Warehouse -Kolkata,Central Warehouse -Kolkata,Dosa Coffee - Lake Town (0005),Take Away Packing Box - Small (1bundle = 50pc),Pc,4.3,-,0,0,IN-2160,100,429.99
08-10-2026,Central Warehouse -Kolkata,Central Warehouse -Kolkata,Dosa Coffee - Lake Town (0005),Raw Green Chili,Kg,74.93,-,0,0,IN-2160,0.5,37.47
08-10-2026,Central Warehouse -Kolkata,Central Warehouse -Kolkata,Dosa Coffee - Lake Town (0005),Paper Napkin (1pkt = 100pc),Pc,0.24,-,0,0,IN-2160,300,70.52
08-10-2026,Central Warehouse -Kolkata,Central Warehouse -Kolkata,Dosa Coffee - Lake Town (0005),Onion,Kg,36.18,-,0,0,IN-2160,3,108.54
08-10-2026,Central Warehouse -Kolkata,Central Warehouse -Kolkata,Dosa Coffee - Lake Town (0005),Milk (Adya Dairy),Ltr,61.85,-,0,0,IN-2160,0.5,30.93
08-10-2026,Central Warehouse -Kolkata,Central Warehouse -Kolkata,Dosa Coffee - Lake Town (0005),Mango Crush -750ml,Ltr,197.67,-,0,0,IN-2160,0.75,148.25
08-10-2026,Central Warehouse -Kolkata,Central Warehouse -Kolkata,Dosa Coffee - Lake Town (0005),Glen Container With Lid - 250ml (1pkt = 50pc),Pc,3.87,-,0,0,IN-2160,500,1933.8
08-10-2026,Central Warehouse -Kolkata,Central Warehouse -Kolkata,Dosa Coffee - Lake Town (0005),Ginger,Kg,131.14,-,0,0,IN-2160,0.5,65.57
08-10-2026,Central Warehouse -Kolkata,Central Warehouse -Kolkata,Dosa Coffee - Lake Town (0005),Ghee,Kg,755.77,-,0,0,IN-2160,0.905,683.97
08-10-2026,Central Warehouse -Kolkata,Central Warehouse -Kolkata,Dosa Coffee - Lake Town (0005),Fried Chana Daal,Kg,97.59,-,0,0,IN-2160,5,487.96
08-10-2026,Central Warehouse -Kolkata,Central Warehouse -Kolkata,Dosa Coffee - Lake Town (0005),Ecolab-Multi Purpose SINK Detergent (1can = 1ltr),Can,406.75,-,0,0,IN-2160,1,406.75
08-10-2026,Central Warehouse -Kolkata,Central Warehouse -Kolkata,Dosa Coffee - Lake Town (0005),Coriander Leaves,Kg,99.99,-,0,0,IN-2160,0.3,30
08-10-2026,Central Warehouse -Kolkata,Central Warehouse -Kolkata,Dosa Coffee - Lake Town (0005),Carry Bag - Small (1pkt = 100pc),Pc,7.06,-,0,0,IN-2160,300,2117.87
08-10-2026,Central Warehouse -Kolkata,Central Warehouse -Kolkata,Dosa Coffee - Lake Town (0005),Carrot,Kg,40.99,-,0,0,IN-2160,0.64,26.24
08-10-2026,Central Warehouse -Kolkata,Central Warehouse -Kolkata,Dosa Coffee - Lake Town (0005),Black Salt,gm,0.03,-,0,0,IN-2160,1000,29.94
08-10-2026,Central Warehouse -Kolkata,Central Warehouse -Kolkata,Dosa Coffee - Lake Town (0005),Bio-Degradable Spoon (1pkt = 50pc),Pc,1.25,-,0,0,IN-2160,100,124.94
08-10-2026,Central Warehouse -Kolkata,Central Warehouse -Kolkata,Dosa Coffee - Lake Town (0005),Beans,Kg,76.21,-,0,0,IN-2160,0.3,22.86
08-10-2026,Central Warehouse -Kolkata,Central Warehouse -Kolkata,Dosa Coffee - Lake Town (0005),Amul Cheese,Kg,510.96,-,0,0,IN-2160,1,510.96
08-10-2026,Central Warehouse -Kolkata,Central Warehouse -Kolkata,Dosa Coffee - Salt Lake (002),Watermelon,Kg,34.89,-,0,0,IN-2248,9.769,340.85
08-10-2026,Central Warehouse -Kolkata,Central Warehouse -Kolkata,Dosa Coffee - Salt Lake (002),White Sugar Sachet (1pkt = 200pc),Pc,0.42,-,0,0,IN-2248,400,169.28
08-10-2026,Central Warehouse -Kolkata,Central Warehouse -Kolkata,Dosa Coffee - Salt Lake (002),Sunflower Refined Oil  ( 1pkt = 868 Ml ),Ltr,168.77,-,0,0,IN-2248,5.208,878.98
08-10-2026,Central Warehouse -Kolkata,Central Warehouse -Kolkata,Dosa Coffee - Salt Lake (002),Cothas Coffee Powder,Kg,859.17,-,0,0,IN-2248,1,859.17
08-10-2026,Central Warehouse -Kolkata,Central Warehouse -Kolkata,Dosa Coffee - Salt Lake (002),Jaggery,Kg,61.68,-,0,0,IN-2248,0.5,30.84
08-10-2026,Central Warehouse -Kolkata,Central Warehouse -Kolkata,Dosa Coffee - Salt Lake (002),Fried Chana Daal,Kg,97.59,-,0,0,IN-2248,4,390.37
08-10-2026,Central Warehouse -Kolkata,Central Warehouse -Kolkata,Dosa Coffee - Salt Lake (002),Carry Bag - Small (1pkt = 100pc),Pc,7.06,-,0,0,IN-2248,75,529.47
08-10-2026,Central Warehouse -Kolkata,Central Warehouse -Kolkata,Dosa Coffee - Salt Lake (002),Paper Napkin (1pkt = 100pc),Pc,0.24,-,0,0,IN-2248,500,117.53
08-10-2026,Central Warehouse -Kolkata,Central Warehouse -Kolkata,Dosa Coffee - Salt Lake (002),Glen Container With Lid - 500ml (1pkt = 50pc),Pc,4.29,-,0,0,IN-2248,50,214.55
08-10-2026,Central Warehouse -Kolkata,Central Warehouse -Kolkata,Dosa Coffee - Salt Lake (002),Glen Container With Lid - 250ml (1pkt = 50pc),Pc,3.87,-,0,0,IN-2248,100,386.76
08-10-2026,Central Warehouse -Kolkata,Central Warehouse -Kolkata,Dosa Coffee - Salt Lake (002),Compartment Tray With Lid - 5CP (1pkt = 25pc),Pc,10.66,-,0,0,IN-2248,25,266.48
08-10-2026,Central Warehouse -Kolkata,Central Warehouse -Kolkata,Dosa Coffee - Salt Lake (002),Take Away Packing Box - Small (1bundle = 50pc),Pc,4.3,-,0,0,IN-2248,100,429.99
08-10-2026,Central Warehouse -Kolkata,Central Warehouse -Kolkata,Dosa Coffee - Salt Lake (002),Bio-Degradable Spoon (1pkt = 50pc),Pc,1.25,-,0,0,IN-2248,100,124.94
08-10-2026,Central Warehouse -Kolkata,Central Warehouse -Kolkata,Dosa Coffee - Salt Lake (002),Banana Leaf Small (1bundle = 50pc),Pc,1.25,-,0,0,IN-2248,50,62.49
08-10-2026,Central Warehouse -Kolkata,Central Warehouse -Kolkata,Dosa Coffee - Salt Lake (002),Banana Leaf Big (1bundle = 50pc),Pc,1.8,-,0,0,IN-2248,150,270.44
08-10-2026,Central Warehouse -Kolkata,Central Warehouse -Kolkata,Dosa Coffee - Salt Lake (002),Raw Mango,Kg,85.08,-,0,0,IN-2248,1.04,88.49
08-10-2026,Central Warehouse -Kolkata,Central Warehouse -Kolkata,Dosa Coffee - Salt Lake (002),Mint leaf,Kg,189.37,-,0,0,IN-2248,0.1,18.94
08-10-2026,Central Warehouse -Kolkata,Central Warehouse -Kolkata,Dosa Coffee - Salt Lake (002),Beans,Kg,76.2,-,0,0,IN-2248,0.15,11.43
08-10-2026,Central Warehouse -Kolkata,Central Warehouse -Kolkata,Dosa Coffee - Salt Lake (002),Tomato,Kg,40,-,0,0,IN-2248,2,79.99
08-10-2026,Central Warehouse -Kolkata,Central Warehouse -Kolkata,Dosa Coffee - Salt Lake (002),Lime,Pc,3.5,-,0,0,IN-2248,20,70
08-10-2026,Central Warehouse -Kolkata,Central Warehouse -Kolkata,Dosa Coffee - Salt Lake (002),Raw Green Chili,Kg,74.93,-,0,0,IN-2248,1,74.93
08-10-2026,Central Warehouse -Kolkata,Central Warehouse -Kolkata,Dosa Coffee - Salt Lake (002),Onion,Kg,36.26,-,0,0,IN-2248,8,290.04
08-10-2026,Central Warehouse -Kolkata,Central Warehouse -Kolkata,Dosa Coffee - Salt Lake (002),Green Capsicum,Kg,65.5,-,0,0,IN-2248,0.237,15.52
08-10-2026,Central Warehouse -Kolkata,Central Warehouse -Kolkata,Dosa Coffee - Salt Lake (002),Ginger,Kg,131.14,-,0,0,IN-2248,1,131.14
08-10-2026,Central Warehouse -Kolkata,Central Warehouse -Kolkata,Dosa Coffee - Salt Lake (002),Curry Leaves,Kg,71.18,-,0,0,IN-2248,0.2,14.24
08-10-2026,Central Warehouse -Kolkata,Central Warehouse -Kolkata,Dosa Coffee - Salt Lake (002),Coriander Leaves,Kg,99.99,-,0,0,IN-2248,0.5,50
08-10-2026,Central Warehouse -Kolkata,Central Warehouse -Kolkata,Dosa Coffee - Salt Lake (002),Carrot,Kg,40.99,-,0,0,IN-2248,1.62,66.41
08-10-2026,Central Warehouse -Kolkata,Central Warehouse -Kolkata,Dosa Coffee - Salt Lake (002),White Butter,Kg,586.76,-,0,0,IN-2248,1,586.76
08-10-2026,Central Warehouse -Kolkata,Central Warehouse -Kolkata,Dosa Coffee - Salt Lake (002),Raw Curd,Kg,71.4,-,0,0,IN-2248,3,214.2
08-10-2026,Central Warehouse -Kolkata,Central Warehouse -Kolkata,Dosa Coffee - Salt Lake (002),Paneer,Kg,299,-,0,0,IN-2248,1,299
08-10-2026,Central Warehouse -Kolkata,Central Warehouse -Kolkata,Dosa Coffee - Salt Lake (002),Milk - Tetra 1Ltr,Ltr,77.18,-,0,0,IN-2248,12,926.12
08-10-2026,Central Warehouse -Kolkata,Central Warehouse -Kolkata,Dosa Coffee - Salt Lake (002),Milk (Adya Dairy),Ltr,61.85,-,0,0,IN-2248,1.5,92.78
08-10-2026,Central Warehouse -Kolkata,Central Warehouse -Kolkata,Dosa Coffee - Salt Lake (002),Ghee,Kg,755.77,-,0,0,IN-2248,1.81,1367.94
08-10-2026,Central Warehouse -Kolkata,Central Warehouse -Kolkata,Dosa Coffee - Salt Lake (002),C Fold Tissue (Toilet Tissue),Pkt,49.48,-,0,0,IN-2248,6,296.88
08-10-2026,Central Warehouse -Kolkata,Central Warehouse -Kolkata,Dosa Coffee - Salt Lake Sec-1 (0009),Idli Cloth (Markin Cloth),Pc,25.04,-,0,0,IN-2017,4,100.17
08-10-2026,Central Warehouse -Kolkata,Central Warehouse -Kolkata,Dosa Coffee - Salt Lake Sec-1 (0009),Room Freshner,Pc,77.75,-,0,0,IN-2017,1,77.75
08-10-2026,Central Warehouse -Kolkata,Central Warehouse -Kolkata,Dosa Coffee - Salt Lake Sec-1 (0009),Toilet Paper Roll Round,Pc,20.14,-,0,0,IN-2017,1,20.14
08-10-2026,Central Warehouse -Kolkata,Central Warehouse -Kolkata,Dosa Coffee - Salt Lake Sec-1 (0009),Amul IC BP Vanilla (5L) CF,Ltr,98.09,-,0,0,IN-2017,5,490.45
08-10-2026,Central Warehouse -Kolkata,Central Warehouse -Kolkata,Dosa Coffee - Salt Lake Sec-1 (0009),Cothas Coffee Powder,Kg,859.17,-,0,0,IN-2017,1,859.17
08-10-2026,Central Warehouse -Kolkata,Central Warehouse -Kolkata,Dosa Coffee - Salt Lake Sec-1 (0009),White Sugar Sachet (1pkt = 200pc),Pc,0.42,-,0,0,IN-2017,200,84.64
08-10-2026,Central Warehouse -Kolkata,Central Warehouse -Kolkata,Dosa Coffee - Salt Lake Sec-1 (0009),Paper Napkin (1pkt = 100pc),Pc,0.24,-,0,0,IN-2017,600,141.04
08-10-2026,Central Warehouse -Kolkata,Central Warehouse -Kolkata,Dosa Coffee - Salt Lake Sec-1 (0009),Thermal Printer Roll - Posiflex,Pc,46.02,-,0,0,IN-2017,10,460.2
08-10-2026,Central Warehouse -Kolkata,Central Warehouse -Kolkata,Dosa Coffee - Salt Lake Sec-1 (0009),Salt,Kg,27.05,-,0,0,IN-2017,1,27.05
08-10-2026,Central Warehouse -Kolkata,Central Warehouse -Kolkata,Dosa Coffee - Salt Lake Sec-1 (0009),Sugar,Kg,52.03,-,0,0,IN-2017,1,52.03
08-10-2026,Central Warehouse -Kolkata,Central Warehouse -Kolkata,Dosa Coffee - Salt Lake Sec-1 (0009),Fried Chana Daal,Kg,97.59,-,0,0,IN-2017,6,585.55
08-10-2026,Central Warehouse -Kolkata,Central Warehouse -Kolkata,Dosa Coffee - Salt Lake Sec-1 (0009),Idli Daal (Rajkot),Kg,157.02,-,0,0,IN-2017,2,314.03
08-10-2026,Central Warehouse -Kolkata,Central Warehouse -Kolkata,Dosa Coffee - Salt Lake Sec-1 (0009),Mint leaf,Kg,189.37,-,0,0,IN-2017,0.05,9.47
08-10-2026,Central Warehouse -Kolkata,Central Warehouse -Kolkata,Dosa Coffee - Salt Lake Sec-1 (0009),Banana Leaf Small (1bundle = 50pc),Pc,1.25,-,0,0,IN-2017,100,124.98
08-10-2026,Central Warehouse -Kolkata,Central Warehouse -Kolkata,Dosa Coffee - Salt Lake Sec-1 (0009),Banana Leaf Big (1bundle = 50pc),Pc,1.8,-,0,0,IN-2017,150,270.44
08-10-2026,Central Warehouse -Kolkata,Central Warehouse -Kolkata,Dosa Coffee - Salt Lake Sec-1 (0009),Lime,Pc,3.5,-,0,0,IN-2017,40,140.01
08-10-2026,Central Warehouse -Kolkata,Central Warehouse -Kolkata,Dosa Coffee - Salt Lake Sec-1 (0009),Coriander Leaves,Kg,99.99,-,0,0,IN-2017,0.5,50
08-10-2026,Central Warehouse -Kolkata,Central Warehouse -Kolkata,Dosa Coffee - Salt Lake Sec-1 (0009),Tomato,Kg,40,-,0,0,IN-2017,1.5,59.99
08-10-2026,Central Warehouse -Kolkata,Central Warehouse -Kolkata,Dosa Coffee - Salt Lake Sec-1 (0009),Garlic,Kg,139.99,-,0,0,IN-2017,0.1,14
08-10-2026,Central Warehouse -Kolkata,Central Warehouse -Kolkata,Dosa Coffee - Salt Lake Sec-1 (0009),Ginger,Kg,131.14,-,0,0,IN-2017,1.5,196.71
08-10-2026,Central Warehouse -Kolkata,Central Warehouse -Kolkata,Dosa Coffee - Salt Lake Sec-1 (0009),Onion,Kg,36.26,-,0,0,IN-2017,8,290.04
08-10-2026,Central Warehouse -Kolkata,Central Warehouse -Kolkata,Dosa Coffee - Salt Lake Sec-1 (0009),Raw Green Chili,Kg,74.93,-,0,0,IN-2017,1,74.93
08-10-2026,Central Warehouse -Kolkata,Central Warehouse -Kolkata,Dosa Coffee - Salt Lake Sec-1 (0009),Milk - Tetra 1Ltr,Ltr,77.18,-,0,0,IN-2017,12,926.12
08-10-2026,Central Warehouse -Kolkata,Central Warehouse -Kolkata,Dosa Coffee - Salt Lake Sec-1 (0009),Milk (Adya Dairy),Ltr,61.85,-,0,0,IN-2017,1,61.85
08-10-2026,Central Warehouse -Kolkata,Central Warehouse -Kolkata,Dosa Coffee - Salt Lake Sec-1 (0009),Sunflower Refined Oil  ( 1pkt = 868 Ml ),Ltr,168.77,-,0,0,IN-2017,4.34,732.48
08-10-2026,Central Warehouse -Kolkata,Central Warehouse -Kolkata,Dosa Coffee - Salt Lake Sec-1 (0009),Ghee,Kg,755.77,-,0,0,IN-2017,1.81,1367.94
08-10-2026,Central Warehouse -Kolkata,Central Warehouse -Kolkata,Dosa Coffee - Salt Lake Sec-1 (0009),White Butter,Kg,586.76,-,0,0,IN-2017,1.5,880.14
08-10-2026,Central Warehouse -Kolkata,Central Warehouse -Kolkata,Dosa Coffee - Salt Lake Sec-1 (0009),Beans,Kg,76.2,-,0,0,IN-2017,0.3,22.86
08-10-2026,Central Warehouse -Kolkata,Central Warehouse -Kolkata,Dosa Coffee - Salt Lake Sec-1 (0009),Watermelon,Kg,34.89,-,0,0,IN-2017,5.339,186.28
08-10-2026,Central Warehouse -Kolkata,Central Warehouse -Kolkata,Dosa Coffee - Salt Lake Sec-1 (0009),Carrot,Kg,40.99,-,0,0,IN-2017,1.5,61.49
08-10-2026,Central Warehouse -Kolkata,Central Warehouse -Kolkata,Dosa Coffee - Salt Lake Sec-1 (0009),Raw Curd,Kg,71.4,-,0,0,IN-2017,3,214.2
08-10-2026,Central Warehouse -Kolkata,Central Warehouse -Kolkata,Dosa Coffee - Salt Lake Sec-1 (0009),Paneer,Kg,299,-,0,0,IN-2017,1,299
08-10-2026,Central Warehouse -Kolkata,Central Warehouse -Kolkata,Dosa Coffee - Salt Lake Sec-1 (0009),Raw Potato,Kg,18.71,-,0,0,IN-2017,17,318.12
08-10-2026,Central Warehouse -Kolkata,Central Warehouse -Kolkata,Dosa Coffee - Food Truck - 1 (0008),Sticker - MRD (1sheet=108pc),Pc,0.13,-,0,0,IN-991,108,14
08-10-2026,Central Warehouse -Kolkata,Central Warehouse -Kolkata,Dosa Coffee - Food Truck - 1 (0008),Hot Coffee Cup 150ml (1pkt=25pc),Pc,1.23,-,0,0,IN-991,50,61.39
08-10-2026,Central Warehouse -Kolkata,Central Warehouse -Kolkata,Dosa Coffee - Food Truck - 1 (0008),Cothas Coffee Powder,Kg,859.17,-,0,0,IN-991,0.5,429.58
08-10-2026,Central Warehouse -Kolkata,Central Warehouse -Kolkata,Dosa Coffee - Food Truck - 1 (0008),Milk - Tetra 1Ltr,Ltr,77.18,-,0,0,IN-991,2,154.35
08-10-2026,Central Warehouse -Kolkata,Central Warehouse -Kolkata,Dosa Coffee - Rosedale Plaza(0006),Schweppes Water - 500ml,Pc,24.89,-,0,0,IN-2063,24,597.25
08-10-2026,Central Warehouse -Kolkata,Central Warehouse -Kolkata,Dosa Coffee - Rosedale Plaza(0006),Kinley Soda 750ml Pet,Pc,15.82,-,0,0,IN-2063,6,94.9
08-10-2026,Central Warehouse -Kolkata,Central Warehouse -Kolkata,Dosa Coffee - Rosedale Plaza(0006),Cothas Coffee Powder,Kg,859.17,-,0,0,IN-2063,1,859.17
08-10-2026,Central Warehouse -Kolkata,Central Warehouse -Kolkata,Dosa Coffee - Rosedale Plaza(0006),White Sugar Sachet (1pkt = 200pc),Pc,0.42,-,0,0,IN-2063,200,84.64
08-10-2026,Central Warehouse -Kolkata,Central Warehouse -Kolkata,Dosa Coffee - Rosedale Plaza(0006),Garbage Bag Large (36 X 42),Pkt,69.46,-,0,0,IN-2063,1,69.46
08-10-2026,Central Warehouse -Kolkata,Central Warehouse -Kolkata,Dosa Coffee - Rosedale Plaza(0006),Bio-Degradable Spoon (1pkt = 50pc),Pc,1.25,-,0,0,IN-2063,250,312.36
08-10-2026,Central Warehouse -Kolkata,Central Warehouse -Kolkata,Dosa Coffee - Rosedale Plaza(0006),Paper Napkin (1pkt = 100pc),Pc,0.24,-,0,0,IN-2063,600,141.04
08-10-2026,Central Warehouse -Kolkata,Central Warehouse -Kolkata,Dosa Coffee - Rosedale Plaza(0006),Compartment Tray With Lid - 5CP (1pkt = 25pc),Pc,10.66,-,0,0,IN-2063,25,266.48
08-10-2026,Central Warehouse -Kolkata,Central Warehouse -Kolkata,Dosa Coffee - Rosedale Plaza(0006),Compartment Tray With Lid - 2CP (1pkt = 25pc),Pc,7.64,-,0,0,IN-2063,25,190.98
08-10-2026,Central Warehouse -Kolkata,Central Warehouse -Kolkata,Dosa Coffee - Rosedale Plaza(0006),Glen Container With Lid - 250ml (1pkt = 50pc),Pc,3.87,-,0,0,IN-2063,200,773.52
08-10-2026,Central Warehouse -Kolkata,Central Warehouse -Kolkata,Dosa Coffee - Rosedale Plaza(0006),Carry Bag - Small (1pkt = 100pc),Pc,7.06,-,0,0,IN-2063,100,705.96
08-10-2026,Central Warehouse -Kolkata,Central Warehouse -Kolkata,Dosa Coffee - Rosedale Plaza(0006),Take Away Packing Box - Small (1bundle = 50pc),Pc,4.3,-,0,0,IN-2063,200,859.98
08-10-2026,Central Warehouse -Kolkata,Central Warehouse -Kolkata,Dosa Coffee - Rosedale Plaza(0006),Sticker - MRD (1sheet=108pc),Pc,0.13,-,0,0,IN-2063,108,14
08-10-2026,Central Warehouse -Kolkata,Central Warehouse -Kolkata,Dosa Coffee - Rosedale Plaza(0006),Fried Chana Daal,Kg,97.59,-,0,0,IN-2063,7,683.14
08-10-2026,Central Warehouse -Kolkata,Central Warehouse -Kolkata,Dosa Coffee - Rosedale Plaza(0006),Mint leaf,Kg,189.37,-,0,0,IN-2063,0.1,18.94
08-10-2026,Central Warehouse -Kolkata,Central Warehouse -Kolkata,Dosa Coffee - Rosedale Plaza(0006),Curry Leaves,Kg,71.18,-,0,0,IN-2063,0.2,14.24
08-10-2026,Central Warehouse -Kolkata,Central Warehouse -Kolkata,Dosa Coffee - Rosedale Plaza(0006),Banana Leaf Small (1bundle = 50pc),Pc,1.25,-,0,0,IN-2063,100,124.98
08-10-2026,Central Warehouse -Kolkata,Central Warehouse -Kolkata,Dosa Coffee - Rosedale Plaza(0006),Beans,Kg,76.2,-,0,0,IN-2063,0.3,22.86
08-10-2026,Central Warehouse -Kolkata,Central Warehouse -Kolkata,Dosa Coffee - Rosedale Plaza(0006),Lime,Pc,3.5,-,0,0,IN-2063,40,140.01
08-10-2026,Central Warehouse -Kolkata,Central Warehouse -Kolkata,Dosa Coffee - Rosedale Plaza(0006),Carrot,Kg,40.99,-,0,0,IN-2063,1.08,44.27
08-10-2026,Central Warehouse -Kolkata,Central Warehouse -Kolkata,Dosa Coffee - Rosedale Plaza(0006),Coriander Leaves,Kg,99.99,-,0,0,IN-2063,0.5,50
08-10-2026,Central Warehouse -Kolkata,Central Warehouse -Kolkata,Dosa Coffee - Rosedale Plaza(0006),Tomato,Kg,40,-,0,0,IN-2063,0.5,20
08-10-2026,Central Warehouse -Kolkata,Central Warehouse -Kolkata,Dosa Coffee - Rosedale Plaza(0006),Ginger,Kg,131.14,-,0,0,IN-2063,1.5,196.71
08-10-2026,Central Warehouse -Kolkata,Central Warehouse -Kolkata,Dosa Coffee - Rosedale Plaza(0006),Onion,Kg,36.26,-,0,0,IN-2063,5,181.28
08-10-2026,Central Warehouse -Kolkata,Central Warehouse -Kolkata,Dosa Coffee - Rosedale Plaza(0006),Raw Green Chili,Kg,74.93,-,0,0,IN-2063,1,74.93
08-10-2026,Central Warehouse -Kolkata,Central Warehouse -Kolkata,Dosa Coffee - Rosedale Plaza(0006),Milk - Tetra 1Ltr,Ltr,77.18,-,0,0,IN-2063,6,463.06
08-10-2026,Central Warehouse -Kolkata,Central Warehouse -Kolkata,Dosa Coffee - Rosedale Plaza(0006),Milk (Adya Dairy),Ltr,61.85,-,0,0,IN-2063,0.5,30.93
08-10-2026,Central Warehouse -Kolkata,Central Warehouse -Kolkata,Dosa Coffee - Rosedale Plaza(0006),Ghee,Kg,755.77,-,0,0,IN-2063,1.81,1367.94
08-10-2026,Central Warehouse -Kolkata,Central Warehouse -Kolkata,Dosa Coffee - Rosedale Plaza(0006),Amul Cheese,Kg,510.96,-,0,0,IN-2063,1,510.96
08-10-2026,Central Warehouse -Kolkata,Central Warehouse -Kolkata,Dosa Coffee - Rosedale Plaza(0006),White Butter,Kg,586.76,-,0,0,IN-2063,1,586.76
08-10-2026,Central Warehouse -Kolkata,Central Warehouse -Kolkata,Dosa Coffee - Rosedale Plaza(0006),Raw Curd,Kg,71.4,-,0,0,IN-2063,2,142.8
08-10-2026,Central Warehouse -Kolkata,Central Warehouse -Kolkata,Dosa Coffee - Manisquare (0004),Salt,Kg,27.05,-,0,0,IN-1867,1,27.05
08-10-2026,Central Warehouse -Kolkata,Central Warehouse -Kolkata,Dosa Coffee - Manisquare (0004),Raisin,Kg,457.74,-,0,0,IN-1867,0.1,45.77
08-10-2026,Central Warehouse -Kolkata,Central Warehouse -Kolkata,Dosa Coffee - Manisquare (0004),Cashew,Kg,837.85,-,0,0,IN-1867,0.1,83.78
08-10-2026,Central Warehouse -Kolkata,Central Warehouse -Kolkata,Dosa Coffee - Manisquare (0004),White Sugar Sachet (1pkt = 200pc),Pc,0.42,-,0,0,IN-1867,200,84.64
08-10-2026,Central Warehouse -Kolkata,Central Warehouse -Kolkata,Dosa Coffee - Manisquare (0004),Amul Butter,Kg,564.66,-,0,0,IN-1867,0.5,282.33
08-10-2026,Central Warehouse -Kolkata,Central Warehouse -Kolkata,Dosa Coffee - Manisquare (0004),Cothas Coffee Powder,Kg,859.17,-,0,0,IN-1867,1,859.17
08-10-2026,Central Warehouse -Kolkata,Central Warehouse -Kolkata,Dosa Coffee - Manisquare (0004),Paper Food Container - 100ml (1pkt = 50pc),Pc,1.78,-,0,0,IN-1867,100,178.37
08-10-2026,Central Warehouse -Kolkata,Central Warehouse -Kolkata,Dosa Coffee - Manisquare (0004),Coffee Cup (1Pkt = 50Pics),Pc,4.01,-,0,0,IN-1867,25,100.25
08-10-2026,Central Warehouse -Kolkata,Central Warehouse -Kolkata,Dosa Coffee - Manisquare (0004),Carry Bag - Small (1pkt = 100pc),Pc,7.06,-,0,0,IN-1867,25,176.49
08-10-2026,Central Warehouse -Kolkata,Central Warehouse -Kolkata,Dosa Coffee - Manisquare (0004),Paper Napkin (1pkt = 100pc),Pc,0.24,-,0,0,IN-1867,500,117.53
08-10-2026,Central Warehouse -Kolkata,Central Warehouse -Kolkata,Dosa Coffee - Manisquare (0004),Hot Coffee Cup 150ml (1pkt=25pc),Pc,1.23,-,0,0,IN-1867,100,122.78
08-10-2026,Central Warehouse -Kolkata,Central Warehouse -Kolkata,Dosa Coffee - Manisquare (0004),Glen Container With Lid - 500ml (1pkt = 50pc),Pc,4.29,-,0,0,IN-1867,50,214.55
08-10-2026,Central Warehouse -Kolkata,Central Warehouse -Kolkata,Dosa Coffee - Manisquare (0004),Bio-Degradable Spoon (1pkt = 50pc),Pc,1.25,-,0,0,IN-1867,350,437.31
08-10-2026,Central Warehouse -Kolkata,Central Warehouse -Kolkata,Dosa Coffee - Manisquare (0004),Banana Leaf Small (1bundle = 50pc),Pc,1.25,-,0,0,IN-1867,200,249.97
08-10-2026,Central Warehouse -Kolkata,Central Warehouse -Kolkata,Dosa Coffee - Manisquare (0004),Lime,Pc,3.5,-,0,0,IN-1867,10,35
08-10-2026,Central Warehouse -Kolkata,Central Warehouse -Kolkata,Dosa Coffee - Manisquare (0004),Raw Green Chili,Kg,74.93,-,0,0,IN-1867,0.5,37.47
08-10-2026,Central Warehouse -Kolkata,Central Warehouse -Kolkata,Dosa Coffee - Manisquare (0004),Onion,Kg,36.26,-,0,0,IN-1867,4,145.02
08-10-2026,Central Warehouse -Kolkata,Central Warehouse -Kolkata,Dosa Coffee - Manisquare (0004),Green Capsicum,Kg,65.5,-,0,0,IN-1867,0.14,9.17
08-10-2026,Central Warehouse -Kolkata,Central Warehouse -Kolkata,Dosa Coffee - Manisquare (0004),Ginger,Kg,131.14,-,0,0,IN-1867,0.5,65.57
08-10-2026,Central Warehouse -Kolkata,Central Warehouse -Kolkata,Dosa Coffee - Manisquare (0004),Coriander Leaves,Kg,99.99,-,0,0,IN-1867,0.2,20
08-10-2026,Central Warehouse -Kolkata,Central Warehouse -Kolkata,Dosa Coffee - Manisquare (0004),Carrot,Kg,40.99,-,0,0,IN-1867,0.7,28.7
08-10-2026,Central Warehouse -Kolkata,Central Warehouse -Kolkata,Dosa Coffee - Manisquare (0004),Supari,Pkt,148.81,-,0,0,IN-1867,2,297.61
08-10-2026,Central Warehouse -Kolkata,Central Warehouse -Kolkata,Dosa Coffee - Manisquare (0004),White Butter,Kg,586.76,-,0,0,IN-1867,0.5,293.38
08-10-2026,Central Warehouse -Kolkata,Central Warehouse -Kolkata,Dosa Coffee - Manisquare (0004),Raw Curd,Kg,71.4,-,0,0,IN-1867,1,71.4
08-10-2026,Central Warehouse -Kolkata,Central Warehouse -Kolkata,Dosa Coffee - Manisquare (0004),Paneer,Kg,299,-,0,0,IN-1867,1,299
08-10-2026,Central Warehouse -Kolkata,Central Warehouse -Kolkata,Dosa Coffee - Manisquare (0004),Milk - Tetra 1Ltr,Ltr,77.18,-,0,0,IN-1867,6,463.06
08-10-2026,Central Warehouse -Kolkata,Central Warehouse -Kolkata,Dosa Coffee - Manisquare (0004),Milk (Adya Dairy),Ltr,61.85,-,0,0,IN-1867,0.5,30.93
08-10-2026,Central Warehouse -Kolkata,Central Warehouse -Kolkata,Dosa Coffee - Manisquare (0004),Ghee,Kg,755.77,-,0,0,IN-1867,0.905,683.97
08-10-2026,Central Warehouse -Kolkata,Central Warehouse -Kolkata,Dosa Coffee - Manisquare (0004),Amul Cheese,Kg,510.96,-,0,0,IN-1867,1,510.96
08-10-2026,Central Warehouse -Kolkata,Central Warehouse -Kolkata,Dosa Coffee - Manisquare (0004),Schweppes Water - 500ml,Pc,24.89,-,0,0,IN-1867,24,597.25
08-10-2026,Central Warehouse -Kolkata,Central Warehouse -Kolkata,Dosa Coffee - Quest Mall (01/0016),Turmeric Powder,gm,0.34,-,0,0,IN-866,500,169.88
08-10-2026,Central Warehouse -Kolkata,Central Warehouse -Kolkata,Dosa Coffee - Quest Mall (01/0016),Salt,Kg,27.05,-,0,0,IN-866,1,27.05
08-10-2026,Central Warehouse -Kolkata,Central Warehouse -Kolkata,Dosa Coffee - Quest Mall (01/0016),Ghee,Kg,755.77,-,0,0,IN-866,0.905,683.97
08-10-2026,Central Warehouse -Kolkata,Central Warehouse -Kolkata,Dosa Coffee - Quest Mall (01/0016),Sunflower Refined Oil  ( 1pkt = 868 Ml ),Ltr,168.77,-,0,0,IN-866,2.604,439.49
08-10-2026,Central Warehouse -Kolkata,Central Warehouse -Kolkata,Dosa Coffee - Quest Mall (01/0016),White Butter,Kg,586.76,-,0,0,IN-866,1,586.76
08-10-2026,Central Warehouse -Kolkata,Central Warehouse -Kolkata,Dosa Coffee - Quest Mall (01/0016),Amul Cheese,Kg,510.96,-,0,0,IN-866,1,510.96
08-10-2026,Central Warehouse -Kolkata,Central Warehouse -Kolkata,Dosa Coffee - Quest Mall (01/0016),Raw Curd,Kg,71.4,-,0,0,IN-866,1,71.4
08-10-2026,Central Warehouse -Kolkata,Central Warehouse -Kolkata,Dosa Coffee - Quest Mall (01/0016),Fried Chana Daal,Kg,97.59,-,0,0,IN-866,2,195.18
08-10-2026,Central Warehouse -Kolkata,Central Warehouse -Kolkata,Dosa Coffee - Quest Mall (01/0016),Coriander Leaves,Kg,99.99,-,0,0,IN-866,0.2,20
08-10-2026,Central Warehouse -Kolkata,Central Warehouse -Kolkata,Dosa Coffee - Quest Mall (01/0016),Raw Mango,Kg,85.08,-,0,0,IN-866,0.51,43.39
08-10-2026,Central Warehouse -Kolkata,Central Warehouse -Kolkata,Dosa Coffee - Quest Mall (01/0016),Tomato,Kg,40,-,0,0,IN-866,0.5,20
08-10-2026,Central Warehouse -Kolkata,Central Warehouse -Kolkata,Dosa Coffee - Quest Mall (01/0016),Beans,Kg,76.2,-,0,0,IN-866,0.2,15.24
08-10-2026,Central Warehouse -Kolkata,Central Warehouse -Kolkata,Dosa Coffee - Quest Mall (01/0016),Carrot,Kg,40.99,-,0,0,IN-866,1.057,43.33
08-10-2026,Central Warehouse -Kolkata,Central Warehouse -Kolkata,Dosa Coffee - Quest Mall (01/0016),Raw Potato,Kg,18.71,-,0,0,IN-866,12,224.56
08-10-2026,Central Warehouse -Kolkata,Central Warehouse -Kolkata,Dosa Coffee - Quest Mall (01/0016),Ginger,Kg,131.14,-,0,0,IN-866,0.5,65.57
08-10-2026,Central Warehouse -Kolkata,Central Warehouse -Kolkata,Dosa Coffee - Quest Mall (01/0016),Onion,Kg,36.26,-,0,0,IN-866,3,108.77
08-10-2026,Central Warehouse -Kolkata,Central Warehouse -Kolkata,Dosa Coffee - Quest Mall (01/0016),Banana Leaf Small (1bundle = 50pc),Pc,1.25,-,0,0,IN-866,150,187.48
08-10-2026,Central Warehouse -Kolkata,Central Warehouse -Kolkata,Dosa Coffee - Quest Mall (01/0016),Sugar,Kg,52.03,-,0,0,IN-866,1,52.03
08-10-2026,Central Warehouse -Kolkata,Central Warehouse -Kolkata,Dosa Coffee - Quest Mall (01/0016),Jaggery Powder (250gm=1pkt),Kg,109.35,-,0,0,IN-866,0.25,27.34
08-10-2026,Central Warehouse -Kolkata,Central Warehouse -Kolkata,Dosa Coffee - Quest Mall (01/0016),Mango Ice Cream,Ltr,121.27,-,0,0,IN-866,5,606.36
08-10-2026,Central Warehouse -Kolkata,Central Warehouse -Kolkata,Dosa Coffee - Quest Mall (01/0016),Strawberry Crush - 750ml,Ltr,197.95,-,0,0,IN-866,0.75,148.46
08-10-2026,Central Warehouse -Kolkata,Central Warehouse -Kolkata,Dosa Coffee - Quest Mall (01/0016),Mango Crush -750ml,Ltr,197.67,-,0,0,IN-866,0.75,148.25
08-10-2026,Central Warehouse -Kolkata,Central Warehouse -Kolkata,Dosa Coffee - Quest Mall (01/0016),Ecolab-Multi Purpose SINK Detergent (1can = 1ltr),Can,406.75,-,0,0,IN-866,1,406.75
08-10-2026,Central Warehouse -Kolkata,Central Warehouse -Kolkata,Dosa Coffee - Quest Mall (01/0016),Milk (Adya Dairy),Ltr,61.85,-,0,0,IN-866,0.5,30.93
08-10-2026,Central Warehouse -Kolkata,Central Warehouse -Kolkata,Dosa Coffee - Quest Mall (01/0016),Milk - Tetra 1Ltr,Ltr,77.18,-,0,0,IN-866,12,926.12
08-10-2026,Central Warehouse -Kolkata,Central Warehouse -Kolkata,Dosa Coffee - Quest Mall (01/0016),Schweppes Water - 500ml,Pc,24.89,-,0,0,IN-866,24,597.25
08-10-2026,Central Warehouse -Kolkata,Central Warehouse -Kolkata,Dosa Coffee - Quest Mall (01/0016),Cothas Coffee Powder,Kg,859.17,-,0,0,IN-866,0.5,429.58
08-10-2026,Central Warehouse -Kolkata,Central Warehouse -Kolkata,Dosa Coffee - Kalikapur (01/0014),Watermelon,Kg,34.98,-,0,0,IN-1521,4.8,167.89