date,city,warehouse,supplier,se_number,invoice_no,invoice_date,item_code,item_name,qty,unit,unit_price,sub_total,tax,total
2026-09-09,Delhi,Central Warehouse - Delhi,BM Agarwal,SE-7821,2908,2026-09-09,41,Idli Daal (Rajkot),180,Kg,175,31500,0,31500
2026-09-09,Delhi,Central Warehouse - Delhi,DAHMI COMMODITIES LLP (POSTA),SE-7822,DCP/26-27/000518,2026-09-09,17,Govindho Bhog Rice,260,Kg,147,38220,0,38220
2026-09-09,Delhi,Central Warehouse - Delhi,DAHMI COMMODITIES LLP (POSTA),SE-7822,DCP/26-27/000518,2026-09-09,37,Sambar Daal (Toor),1200,Kg,114,136800,0,136800
2026-09-09,Delhi,Central Warehouse - Delhi,Hans Industrial Corp. Ltd,SE-7813,HICL/26-27/00176,2026-09-09,281,Butane Gas Cartridge 235GM (1box=28pc),56,Pc,136.5,7644,0,7644
2026-09-09,Delhi,Central Warehouse - Delhi,M/S Distributionmasters Traders LLP,SE-7814,2627DMT07188,2026-09-09,297,Amul IC BP Vanilla (5L) CF,200,Ltr,100,20000,0,20000
2026-09-09,Delhi,Central Warehouse - Delhi,MANDI FRESH,SE-7818,500,2026-09-09,107,Carrot,25,Kg,32,800,0,800
2026-09-09,Delhi,Central Warehouse - Delhi,MANDI FRESH,SE-7818,500,2026-09-09,115,Coriander Leaves,10,Kg,150,1500,0,1500
2026-09-09,Delhi,Central Warehouse - Delhi,MANDI FRESH,SE-7818,500,2026-09-09,149,Drumstick,4,Kg,85,340,0,340
2026-09-09,Delhi,Central Warehouse - Delhi,MANDI FRESH,SE-7818,500,2026-09-09,100,Garlic,8,Kg,125,1000,0,1000
2026-09-09,Delhi,Central Warehouse - Delhi,MANDI FRESH,SE-7818,500,2026-09-09,99,Green Capsicum,1,Kg,48,48,0,48
2026-09-09,Delhi,Central Warehouse - Delhi,MANDI FRESH,SE-7818,500,2026-09-09,124,Lime,250,Pc,3,750,0,750
2026-09-09,Delhi,Central Warehouse - Delhi,MANDI FRESH,SE-7818,500,2026-09-09,132,Onion,130,Kg,40,5200,0,5200
2026-09-09,Delhi,Central Warehouse - Delhi,MANDI FRESH,SE-7818,500,2026-09-09,116,Raw Green Chili,10,Kg,40,400,0,400
2026-09-09,Delhi,Central Warehouse - Delhi,MANDI FRESH,SE-7818,500,2026-09-09,279,Raw Lauki,10,Kg,23,230,0,230
2026-09-09,Delhi,Central Warehouse - Delhi,MANDI FRESH,SE-7818,500,2026-09-09,133,Raw Mango,5,Kg,150,750,0,750
2026-09-09,Delhi,Central Warehouse - Delhi,MANDI FRESH,SE-7818,500,2026-09-09,274,Raw Potato,196,Kg,25,4900,0,4900
2026-09-09,Delhi,Central Warehouse - Delhi,MANDI FRESH,SE-7818,500,2026-09-09,280,Raw Pumpkin,20,Kg,23,460,0,460
2026-09-09,Delhi,Central Warehouse - Delhi,MANDI FRESH,SE-7818,500,2026-09-09,141,Tomato,138,Kg,44,6072,0,6072
2026-09-09,Delhi,Central Warehouse - Delhi,Radha Krishana Enterprise,SE-7819,1088,2026-09-09,122,Amada,15,Kg,70,1050,0,1050
2026-09-09,Delhi,Central Warehouse - Delhi,Radha Krishana Enterprise,SE-7819,1088,2026-09-09,20,Raw Imli,100,Kg,70,7000,0,7000
2026-09-09,Delhi,Central Warehouse - Delhi,SHREE GOPAL PAPER & PRINTERS,SE-7820,2041/26-27,2026-09-09,246,Sticker - Jain (1sheet=187pc),1122,Pc,0.14,157.08,0,157.08
2026-09-09,Delhi,Central Warehouse - Delhi,SHREE GOPAL PAPER & PRINTERS,SE-7820,2041/26-27,2026-09-09,247,Sticker - MRD (1sheet=108pc),30024,Pc,0.13,3903.12,0,3903.12
2026-09-09,Delhi,Central Warehouse - Delhi,Shyam Vegetable,SE-7810,1707,2026-09-09,50,Raw Coconut,200,Pc,48,9600,0,9600
2026-09-09,Delhi,Central Warehouse - Delhi,Shyam Vegetable,SE-7811,1709,2026-09-09,115,Coriander Leaves,10,Kg,150,1500,0,1500
2026-09-09,Delhi,Central Warehouse - Delhi,Shyam Vegetable,SE-7811,1709,2026-09-09,108,Ginger,10,Kg,160,1600,0,1600
2026-09-09,Delhi,Central Warehouse - Delhi,Shyam Vegetable,SE-7811,1709,2026-09-09,34,Kashmiri Chili Powder,6000,gm,1.01,6060,0,6060
2026-09-09,Delhi,Central Warehouse - Delhi,Shyam Vegetable,SE-7811,1709,2026-09-09,124,Lime,400,Pc,2.1,840,0,840
2026-09-09,Delhi,Central Warehouse - Delhi,Shyam Vegetable,SE-7811,1709,2026-09-09,50,Raw Coconut,200,Pc,48,9600,0,9600
2026-09-09,Delhi,Central Warehouse - Delhi,Shyam Vegetable,SE-7812,1708,2026-09-09,50,Raw Coconut,200,Pc,48,9600,0,9600
2026-09-09,Delhi,Central Warehouse - Delhi,Shyam Vegetable,SE-7815,1713,2026-09-09,50,Raw Coconut,200,Pc,48,9600,0,9600
2026-09-09,Delhi,Central Warehouse - Delhi,Shyam Vegetable,SE-7816,1524,2026-09-09,50,Raw Coconut,600,Pc,48,28800,0,28800
2026-09-09,Delhi,Central Warehouse - Delhi,Shyam Vegetable,SE-7816,1524,2026-09-09,275,Whole Coriander (Gota Dhaniya),30,Kg,250,7500,0,7500
2026-09-09,Delhi,Central Warehouse - Delhi,Zomato Hyperpure Delhi,SE-7817,ZHPDL27-00177004,2026-09-09,14,Amul Butter,13.5,Kg,609,8221.5,0,8221.5
2026-09-09,Delhi,Central Warehouse - Delhi,Zomato Hyperpure Delhi,SE-7817,ZHPDL27-00177004,2026-09-09,14,Amul Butter,2.5,Kg,590,1475,0,1475
2026-09-09,Delhi,Central Warehouse - Delhi,Zomato Hyperpure Delhi,SE-7817,ZHPDL27-00177004,2026-09-09,391,White Butter,36,Kg,627.9,22604.4,0,22604.4
2026-09-09,Kolkata,Central Warehouse -Kolkata,Adya Dairy,SE-8592,GS262706/53187,2026-09-09,91,Milk (Adya Dairy),25,Ltr,62,1550,0,1550
2026-09-09,Kolkata,Central Warehouse -Kolkata,Adya Dairy,SE-8592,GS262706/53187,2026-09-09,60,Paneer,5,Kg,299,1495,0,1495
2026-09-09,Kolkata,Central Warehouse -Kolkata,Adya Dairy,SE-8592,GS262706/53187,2026-09-09,235,Raw Curd,30,Kg,71.4,2142,0,2142
2026-09-09,Kolkata,Central Warehouse -Kolkata,BAGRODIA SUPERMARKETS PVT LTD,SE-8594,BS/26-27/022542,2026-09-09,39,Cashew,15,Kg,840,12600,0,12600
2026-09-09,Kolkata,Central Warehouse -Kolkata,BAGRODIA SUPERMARKETS PVT LTD,SE-8594,BS/26-27/022542,2026-09-09,9,Raisin,2,Kg,441,882,0,882
2026-09-09,Kolkata,Central Warehouse -Kolkata,BAGRODIA SUPERMARKETS PVT LTD,SE-8594,BS/26-27/022542,2026-09-09,28,Raw Peanut,1,Kg,162.75,162.75,0,162.75
2026-09-09,Kolkata,Central Warehouse -Kolkata,BAGRODIA SUPERMARKETS PVT LTD,SE-8594,BS/26-27/022542,2026-09-09,54,Whole Dalchini (Cinnamon),0.5,Kg,304.5,152.25,0,152.25
2026-09-09,Kolkata,Central Warehouse -Kolkata,BAGRODIA SUPERMARKETS PVT LTD,SE-8594,BS/26-27/022542,2026-09-09,78,Whole Elaichi,0.5,Kg,3150,1575,0,1575
2026-09-09,Kolkata,Central Warehouse -Kolkata,Bio Box India,SE-8597,INV-008027,2026-09-09,430,"Areca 10"" Plate",1000,Pc,6,6000,0,6000
2026-09-09,Kolkata,Central Warehouse -Kolkata,DAHMI COMMODITIES LLP (POSTA),SE-8596,DCP/26-27/000547,2026-09-09,46,Chana Daal,60,Kg,80,4800,0,4800
2026-09-09,Kolkata,Central Warehouse -Kolkata,DAHMI COMMODITIES LLP (POSTA),SE-8596,DCP/26-27/000547,2026-09-09,48,Dosa Daal (Urad),300,Kg,134,40200,0,40200
2026-09-09,Kolkata,Central Warehouse -Kolkata,DAHMI COMMODITIES LLP (POSTA),SE-8596,DCP/26-27/000547,2026-09-09,17,Govindho Bhog Rice,78,Kg,147,11466,0,11466
2026-09-09,Kolkata,Central Warehouse -Kolkata,DAHMI COMMODITIES LLP (POSTA),SE-8596,DCP/26-27/000547,2026-09-09,553,Ration Rice,182,Kg,39,7098,0,7098
2026-09-09,Kolkata,Central Warehouse -Kolkata,DAHMI COMMODITIES LLP (POSTA),SE-8596,DCP/26-27/000547,2026-09-09,37,Sambar Daal (Toor),150,Kg,114,17100,0,17100
2026-09-09,Kolkata,Central Warehouse -Kolkata,Radha Krishana Enterprise,SE-8591,1219,2026-09-09,237,Beans,3,Kg,75,225,0,225
2026-09-09,Kolkata,Central Warehouse -Kolkata,Radha Krishana Enterprise,SE-8591,1219,2026-09-09,107,Carrot,19.9,Kg,41,815.9,0,815.9
2026-09-09,Kolkata,Central Warehouse -Kolkata,Radha Krishana Enterprise,SE-8591,1219,2026-09-09,115,Coriander Leaves,5,Kg,100,500,0,500
2026-09-09,Kolkata,Central Warehouse -Kolkata,Radha Krishana Enterprise,SE-8591,1219,2026-09-09,131,Curry Leaves,2,Kg,72,144,0,144
2026-09-09,Kolkata,Central Warehouse -Kolkata,Radha Krishana Enterprise,SE-8591,1219,2026-09-09,100,Garlic,4,Kg,140,560,0,560
2026-09-09,Kolkata,Central Warehouse -Kolkata,Radha Krishana Enterprise,SE-8591,1219,2026-09-09,108,Ginger,9,Kg,132,1188,0,1188
2026-09-09,Kolkata,Central Warehouse -Kolkata,Radha Krishana Enterprise,SE-8591,1219,2026-09-09,124,Lime,200,Pc,3.5,700,0,700
2026-09-09,Kolkata,Central Warehouse -Kolkata,Radha Krishana Enterprise,SE-8591,1219,2026-09-09,451,Mint leaf,1.2,Kg,180,216,0,216
2026-09-09,Kolkata,Central Warehouse -Kolkata,Radha Krishana Enterprise,SE-8591,1219,2026-09-09,132,Onion,79,Kg,37,2923,0,2923
2026-09-09,Kolkata,Central Warehouse -Kolkata,Radha Krishana Enterprise,SE-8591,1219,2026-09-09,116,Raw Green Chili,7.5,Kg,75,562.5,0,562.5
2026-09-09,Kolkata,Central Warehouse -Kolkata,Radha Krishana Enterprise,SE-8591,1219,2026-09-09,274,Raw Potato,148,Kg,18,2664,0,2664
2026-09-09,Kolkata,Central Warehouse -Kolkata,Radha Krishana Enterprise,SE-8591,1219,2026-09-09,141,Tomato,48.5,Kg,40,1940,0,1940
2026-09-09,Kolkata,Central Warehouse -Kolkata,Radha Krishana Enterprise,SE-8591,1219,2026-09-09,416,Watermelon,51,Kg,35,1785,0,1785
2026-09-09,Kolkata,Central Warehouse -Kolkata,Tara Maa Dashakaram,SE-8593,941,2026-09-09,84,Banana Leaf Big (1bundle = 50pc),1200,Pc,1.75,2100,0,2100
2026-09-09,Kolkata,Central Warehouse -Kolkata,Tara Maa Dashakaram,SE-8593,941,2026-09-09,92,Banana Leaf Small (1bundle = 50pc),1400,Pc,1.25,1750,0,1750
2026-09-09,Kolkata,Central Warehouse -Kolkata,Zomato Hyperpure Kolkata,SE-8595,ZHPWB27-00106790,2026-09-09,26,Jaggery,64,Kg,105,6720,0,6720
2026-09-10,Kolkata,Central Warehouse -Kolkata,Aas Supply,SE-8598,764,2026-09-10,50,Raw Coconut,1500,Pc,37,55500,0,55500
2026-09-10,Kolkata,Central Warehouse -Kolkata,Adya Dairy,SE-8600,GS262706/53623,2026-09-10,91,Milk (Adya Dairy),17,Ltr,62,1054,0,1054
2026-09-10,Kolkata,Central Warehouse -Kolkata,Adya Dairy,SE-8600,GS262706/53623,2026-09-10,60,Paneer,8,Kg,299,2392,0,2392
2026-09-10,Kolkata,Central Warehouse -Kolkata,Adya Dairy,SE-8600,GS262706/53623,2026-09-10,235,Raw Curd,29,Kg,71.4,2070.6,0,2070.6
2026-09-10,Kolkata,Central Warehouse -Kolkata,CONTINENTAL FOOD,SE-8605,CF/26-27/0357,2026-09-10,27,Mustard Seed,15,Kg,192.38,2885.7,0,2885.7
2026-09-10,Kolkata,Central Warehouse -Kolkata,CONTINENTAL FOOD,SE-8605,CF/26-27/0357,2026-09-10,70,Whole Methi,25,Kg,192.36,4809,0,4809
2026-09-10,Kolkata,Central Warehouse -Kolkata,KAGAZKAAR RETAIL PACKAGING PVT LTD,SE-8601,KRPPL/0118/26-27,2026-09-10,98,Carry Bag - Small (1pkt = 100pc),9900,Pc,6.73,66627,0,66627
2026-09-10,Kolkata,Central Warehouse -Kolkata,M/S MAHAR,SE-8604,2026-27/307,2026-09-10,93,Bio-Degradable Spoon (1pkt = 50pc),16000,Pc,1.3,20800,0,20800
2026-09-10,Kolkata,Central Warehouse -Kolkata,M/S MAHAR,SE-8604,2026-27/307,2026-09-10,110,Compartment Tray With Lid - 2CP (1pkt = 25pc),800,Pc,7.91,6328,0,6328
2026-09-10,Kolkata,Central Warehouse -Kolkata,M/S MAHAR,SE-8604,2026-27/307,2026-09-10,119,Glen Container With Lid - 250ml (1pkt = 50pc),15000,Pc,4.22,63300,0,63300
2026-09-10,Kolkata,Central Warehouse -Kolkata,M/S MAHAR,SE-8604,2026-27/307,2026-09-10,127,Glen Container With Lid - 500ml (1pkt = 50pc),5000,Pc,4.5,22500,0,22500
2026-09-10,Kolkata,Central Warehouse -Kolkata,M/S MAHAR,SE-8604,2026-27/307,2026-09-10,165,Glen Container With Lid - 750ml (1pkt = 50pc),1000,Pc,6.84,6840,0,6840
2026-09-10,Kolkata,Central Warehouse -Kolkata,M/S MAHAR,SE-8604,2026-27/307,2026-09-10,242,Silver Foil,125,Pc,354.2,44275,0,44275
2026-09-10,Kolkata,Central Warehouse -Kolkata,Radha Krishana Enterprise,SE-8599,1222,2026-09-10,122,Amada,5,Kg,70,350,0,350
2026-09-10,Kolkata,Central Warehouse -Kolkata,Radha Krishana Enterprise,SE-8599,1222,2026-09-10,237,Beans,1.5,Kg,75,112.5,0,112.5
2026-09-10,Kolkata,Central Warehouse -Kolkata,Radha Krishana Enterprise,SE-8599,1222,2026-09-10,107,Carrot,12.9,Kg,41,528.9,0,528.9
2026-09-10,Kolkata,Central Warehouse -Kolkata,Radha Krishana Enterprise,SE-8599,1222,2026-09-10,115,Coriander Leaves,10,Kg,100,1000,0,1000
2026-09-10,Kolkata,Central Warehouse -Kolkata,Radha Krishana Enterprise,SE-8599,1222,2026-09-10,131,Curry Leaves,2.7,Kg,72,194.4,0,194.4
2026-09-10,Kolkata,Central Warehouse -Kolkata,Radha Krishana Enterprise,SE-8599,1222,2026-09-10,149,Drumstick,4.7,Kg,90,423,0,423
2026-09-10,Kolkata,Central Warehouse -Kolkata,Radha Krishana Enterprise,SE-8599,1222,2026-09-10,100,Garlic,5,Kg,140,700,0,700
2026-09-10,Kolkata,Central Warehouse -Kolkata,Radha Krishana Enterprise,SE-8599,1222,2026-09-10,108,Ginger,16.5,Kg,132,2178,0,2178
2026-09-10,Kolkata,Central Warehouse -Kolkata,Radha Krishana Enterprise,SE-8599,1222,2026-09-10,99,Green Capsicum,2,Kg,67,134,0,134
2026-09-10,Kolkata,Central Warehouse -Kolkata,Radha Krishana Enterprise,SE-8599,1222,2026-09-10,124,Lime,300,Pc,3.5,1050,0,1050
2026-09-10,Kolkata,Central Warehouse -Kolkata,Radha Krishana Enterprise,SE-8599,1222,2026-09-10,451,Mint leaf,0.5,Kg,180,90,0,90
2026-09-10,Kolkata,Central Warehouse -Kolkata,Radha Krishana Enterprise,SE-8599,1222,2026-09-10,132,Onion,69,Kg,37,2553,0,2553
2026-09-10,Kolkata,Central Warehouse -Kolkata,Radha Krishana Enterprise,SE-8599,1222,2026-09-10,116,Raw Green Chili,13.8,Kg,75,1035,0,1035
2026-09-10,Kolkata,Central Warehouse -Kolkata,Radha Krishana Enterprise,SE-8599,1222,2026-09-10,133,Raw Mango,15,Kg,85,1275,0,1275
2026-09-10,Kolkata,Central Warehouse -Kolkata,Radha Krishana Enterprise,SE-8599,1222,2026-09-10,274,Raw Potato,223.5,Kg,18,4023,0,4023
2026-09-10,Kolkata,Central Warehouse -Kolkata,Radha Krishana Enterprise,SE-8599,1222,2026-09-10,141,Tomato,100.5,Kg,40,4020,0,4020
2026-09-10,Kolkata,Central Warehouse -Kolkata,SUFAL COMMERCIAL,SE-8603,SC/2627/7970,2026-09-10,24,Coconut Powder,20,Kg,315,6300,0,6300
2026-09-10,Kolkata,Central Warehouse -Kolkata,Tara Maa Dashakaram,SE-8602,942,2026-09-10,84,Banana Leaf Big (1bundle = 50pc),1000,Pc,2,2000,0,2000
2026-09-10,Kolkata,Central Warehouse -Kolkata,Tara Maa Dashakaram,SE-8602,942,2026-09-10,92,Banana Leaf Small (1bundle = 50pc),1500,Pc,1.25,1875,0,1875
2026-09-11,Kolkata,Central Warehouse -Kolkata,Adya Dairy,SE-8606,GS262706/54044,2026-09-11,91,Milk (Adya Dairy),17,Ltr,62,1054,0,1054
2026-09-11,Kolkata,Central Warehouse -Kolkata,Adya Dairy,SE-8606,GS262706/54044,2026-09-11,60,Paneer,3,Kg,299,897,0,897
2026-09-11,Kolkata,Central Warehouse -Kolkata,Adya Dairy,SE-8606,GS262706/54044,2026-09-11,235,Raw Curd,30,Kg,71.4,2142,0,2142
2026-09-11,Kolkata,Central Warehouse -Kolkata,BAGRODIA SUPERMARKETS PVT LTD,SE-8608,BS/26-27/022891,2026-09-11,34,Kashmiri Chili Powder,36,Kg,889,32004,0,32004
2026-09-11,Kolkata,Central Warehouse -Kolkata,BAGRODIA SUPERMARKETS PVT LTD,SE-8608,BS/26-27/022891,2026-09-11,53,Sugar,200,Kg,67.2,13440,0,13440
2026-09-11,Kolkata,Central Warehouse -Kolkata,BAGRODIA SUPERMARKETS PVT LTD,SE-8608,BS/26-27/022891,2026-09-11,25,Turmeric Powder,5,Kg,335.4,1677,0,1677
2026-09-11,Kolkata,Central Warehouse -Kolkata,Radha Krishana Enterprise,SE-8607,1228,2026-09-11,237,Beans,5,Kg,75,375,0,375
2026-09-11,Kolkata,Central Warehouse -Kolkata,Radha Krishana Enterprise,SE-8607,1228,2026-09-11,107,Carrot,10,Kg,41,410,0,410
2026-09-11,Kolkata,Central Warehouse -Kolkata,Radha Krishana Enterprise,SE-8607,1228,2026-09-11,115,Coriander Leaves,8,Kg,100,800,0,800
2026-09-11,Kolkata,Central Warehouse -Kolkata,Radha Krishana Enterprise,SE-8607,1228,2026-09-11,123,Cucumber,2.5,Kg,25,62.5,0,62.5
2026-09-11,Kolkata,Central Warehouse -Kolkata,Radha Krishana Enterprise,SE-8607,1228,2026-09-11,131,Curry Leaves,2,Kg,72,144,0,144
2026-09-11,Kolkata,Central Warehouse -Kolkata,Radha Krishana Enterprise,SE-8607,1228,2026-09-11,149,Drumstick,4,Kg,90,360,0,360
2026-09-11,Kolkata,Central Warehouse -Kolkata,Radha Krishana Enterprise,SE-8607,1228,2026-09-11,100,Garlic,4,Kg,140,560,0,560
2026-09-11,Kolkata,Central Warehouse -Kolkata,Radha Krishana Enterprise,SE-8607,1228,2026-09-11,108,Ginger,8,Kg,132,1056,0,1056
2026-09-11,Kolkata,Central Warehouse -Kolkata,Radha Krishana Enterprise,SE-8607,1228,2026-09-11,124,Lime,250,Pc,3.5,875,0,875
2026-09-11,Kolkata,Central Warehouse -Kolkata,Radha Krishana Enterprise,SE-8607,1228,2026-09-11,451,Mint leaf,1.5,Kg,180,270,0,270
2026-09-11,Kolkata,Central Warehouse -Kolkata,Radha Krishana Enterprise,SE-8607,1228,2026-09-11,132,Onion,100,Kg,37,3700,0,3700
2026-09-11,Kolkata,Central Warehouse -Kolkata,Radha Krishana Enterprise,SE-8607,1228,2026-09-11,116,Raw Green Chili,5,Kg,75,375,0,375
2026-09-11,Kolkata,Central Warehouse -Kolkata,Radha Krishana Enterprise,SE-8607,1228,2026-09-11,279,Raw Lauki,51,Kg,25,1275,0,1275
2026-09-11,Kolkata,Central Warehouse -Kolkata,Radha Krishana Enterprise,SE-8607,1228,2026-09-11,133,Raw Mango,6.5,Kg,85,552.5,0,552.5
2026-09-11,Kolkata,Central Warehouse -Kolkata,Radha Krishana Enterprise,SE-8607,1228,2026-09-11,274,Raw Potato,247,Kg,18,4446,0,4446
2026-09-11,Kolkata,Central Warehouse -Kolkata,Radha Krishana Enterprise,SE-8607,1228,2026-09-11,280,Raw Pumpkin,50,Kg,27,1350,0,1350
2026-09-11,Kolkata,Central Warehouse -Kolkata,Radha Krishana Enterprise,SE-8607,1228,2026-09-11,141,Tomato,69.5,Kg,40,2780,0,2780
2026-09-11,Kolkata,Central Warehouse -Kolkata,Radha Krishana Enterprise,SE-8607,1228,2026-09-11,416,Watermelon,40,Kg,35,1400,0,1400
2026-09-12,Delhi,Central Warehouse - Delhi,Javed Dairy,SE-7838,3052,2026-09-12,91,Milk (Adya Dairy),14,Ltr,59,826,0,826
2026-09-12,Delhi,Central Warehouse - Delhi,Javed Dairy,SE-7838,3052,2026-09-12,60,Paneer,12,Kg,450,5400,0,5400
2026-09-12,Delhi,Central Warehouse - Delhi,Javed Dairy,SE-7838,3052,2026-09-12,235,Raw Curd,24,Kg,79,1896,0,1896
2026-09-12,Delhi,Central Warehouse - Delhi,Javed Dairy,SE-7839,3053,2026-09-12,91,Milk (Adya Dairy),18,Ltr,59,1062,0,1062
2026-09-12,Delhi,Central Warehouse - Delhi,Javed Dairy,SE-7839,3053,2026-09-12,60,Paneer,6,Kg,450,2700,0,2700
2026-09-12,Delhi,Central Warehouse - Delhi,Javed Dairy,SE-7839,3053,2026-09-12,235,Raw Curd,36,Kg,79,2844,0,2844
2026-09-12,Delhi,Central Warehouse - Delhi,Javed Dairy,SE-7840,3054,2026-09-12,91,Milk (Adya Dairy),30,Ltr,59,1770,0,1770
2026-09-12,Delhi,Central Warehouse - Delhi,Javed Dairy,SE-7840,3054,2026-09-12,60,Paneer,6,Kg,450,2700,0,2700
2026-09-12,Delhi,Central Warehouse - Delhi,Javed Dairy,SE-7840,3054,2026-09-12,235,Raw Curd,24,Kg,79,1896,0,1896
2026-09-12,Delhi,Central Warehouse - Delhi,Javed Dairy,SE-7841,3055,2026-09-12,91,Milk (Adya Dairy),11,Ltr,59,649,0,649
2026-09-12,Delhi,Central Warehouse - Delhi,Javed Dairy,SE-7841,3055,2026-09-12,235,Raw Curd,36,Kg,79,2844,0,2844
2026-09-12,Delhi,Central Warehouse - Delhi,Javed Dairy,SE-7842,3056,2026-09-12,91,Milk (Adya Dairy),6,Ltr,59,354,0,354
2026-09-12,Delhi,Central Warehouse - Delhi,Javed Dairy,SE-7842,3056,2026-09-12,235,Raw Curd,24,Kg,79,1896,0,1896
2026-09-12,Delhi,Central Warehouse - Delhi,Javed Dairy,SE-7843,3057,2026-09-12,91,Milk (Adya Dairy),18,Ltr,59,1062,0,1062
2026-09-12,Delhi,Central Warehouse - Delhi,Javed Dairy,SE-7843,3057,2026-09-12,235,Raw Curd,36,Kg,79,2844,0,2844
2026-09-12,Delhi,Central Warehouse - Delhi,Javed Dairy,SE-7844,3058,2026-09-12,91,Milk (Adya Dairy),18,Ltr,59,1062,0,1062
2026-09-12,Delhi,Central Warehouse - Delhi,Javed Dairy,SE-7844,3058,2026-09-12,235,Raw Curd,24,Kg,79,1896,0,1896
2026-09-12,Delhi,Central Warehouse - Delhi,KAGAZKAAR RETAIL PACKAGING PVT LTD,SE-7846,KRPPL/0113/26-27,2026-09-12,142,Carry Bag - Large(1pkt = 100pc),5100,Pc,9.79,49929,0,49929
2026-09-12,Delhi,Central Warehouse - Delhi,KAGAZKAAR RETAIL PACKAGING PVT LTD,SE-7846,KRPPL/0113/26-27,2026-09-12,98,Carry Bag - Small (1pkt = 100pc),15000,Pc,6.73,100950,0,100950
2026-09-12,Delhi,Central Warehouse - Delhi,MANDI FRESH,SE-7832,503,2026-09-12,237,Beans,2,Kg,48,96,0,96
2026-09-12,Delhi,Central Warehouse - Delhi,MANDI FRESH,SE-7832,503,2026-09-12,107,Carrot,25,Kg,32,800,0,800
2026-09-12,Delhi,Central Warehouse - Delhi,MANDI FRESH,SE-7832,503,2026-09-12,524,Cauliflower,2,Kg,90,180,0,180
2026-09-12,Delhi,Central Warehouse - Delhi,MANDI FRESH,SE-7832,503,2026-09-12,115,Coriander Leaves,15,Kg,150,2250,0,2250
2026-09-12,Delhi,Central Warehouse - Delhi,MANDI FRESH,SE-7832,503,2026-09-12,123,Cucumber,3,Kg,25,75,0,75
2026-09-12,Delhi,Central Warehouse - Delhi,MANDI FRESH,SE-7832,503,2026-09-12,131,Curry Leaves,2,Kg,37.5,75,0,75
2026-09-12,Delhi,Central Warehouse - Delhi,MANDI FRESH,SE-7832,503,2026-09-12,149,Drumstick,3,Kg,85,255,0,255
2026-09-12,Delhi,Central Warehouse - Delhi,MANDI FRESH,SE-7832,503,2026-09-12,108,Ginger,15,Kg,160,2400,0,2400
2026-09-12,Delhi,Central Warehouse - Delhi,MANDI FRESH,SE-7832,503,2026-09-12,99,Green Capsicum,2,Kg,48,96,0,96
2026-09-12,Delhi,Central Warehouse - Delhi,MANDI FRESH,SE-7832,503,2026-09-12,124,Lime,250,Pc,3.2,800,0,800
2026-09-12,Delhi,Central Warehouse - Delhi,MANDI FRESH,SE-7832,503,2026-09-12,451,Mint leaf,1,Kg,70,70,0,70
2026-09-12,Delhi,Central Warehouse - Delhi,MANDI FRESH,SE-7832,503,2026-09-12,132,Onion,132,Kg,40,5280,0,5280
2026-09-12,Delhi,Central Warehouse - Delhi,MANDI FRESH,SE-7832,503,2026-09-12,116,Raw Green Chili,15,Kg,40,600,0,600
2026-09-12,Delhi,Central Warehouse - Delhi,MANDI FRESH,SE-7832,503,2026-09-12,279,Raw Lauki,10,Kg,23,230,0,230
2026-09-12,Delhi,Central Warehouse - Delhi,MANDI FRESH,SE-7832,503,2026-09-12,133,Raw Mango,4.5,Kg,150,675,0,675
2026-09-12,Delhi,Central Warehouse - Delhi,MANDI FRESH,SE-7832,503,2026-09-12,274,Raw Potato,116,Kg,25,2900,0,2900
2026-09-12,Delhi,Central Warehouse - Delhi,MANDI FRESH,SE-7832,503,2026-09-12,280,Raw Pumpkin,20,Kg,23,460,0,460
2026-09-12,Delhi,Central Warehouse - Delhi,MANDI FRESH,SE-7832,503,2026-09-12,141,Tomato,100,Kg,44,4400,0,4400
2026-09-12,Delhi,Central Warehouse - Delhi,MANDI FRESH,SE-7832,503,2026-09-12,416,Watermelon,40,Kg,40,1600,0,1600
2026-09-12,Delhi,Central Warehouse - Delhi,MANDI FRESH,SE-7833,506,2026-09-12,237,Beans,1,Kg,48,48,0,48
2026-09-12,Delhi,Central Warehouse - Delhi,MANDI FRESH,SE-7833,506,2026-09-12,107,Carrot,25,Kg,32,800,0,800
2026-09-12,Delhi,Central Warehouse - Delhi,MANDI FRESH,SE-7833,506,2026-09-12,115,Coriander Leaves,15,Kg,150,2250,0,2250
2026-09-12,Delhi,Central Warehouse - Delhi,MANDI FRESH,SE-7833,506,2026-09-12,123,Cucumber,3,Kg,25,75,0,75
2026-09-12,Delhi,Central Warehouse - Delhi,MANDI FRESH,SE-7833,506,2026-09-12,131,Curry Leaves,4,Kg,37.5,150,0,150
2026-09-12,Delhi,Central Warehouse - Delhi,MANDI FRESH,SE-7833,506,2026-09-12,149,Drumstick,4,Kg,85,340,0,340
2026-09-12,Delhi,Central Warehouse - Delhi,MANDI FRESH,SE-7833,506,2026-09-12,100,Garlic,8,Kg,125,1000,0,1000
2026-09-12,Delhi,Central Warehouse - Delhi,MANDI FRESH,SE-7833,506,2026-09-12,108,Ginger,15,Kg,160,2400,0,2400
2026-09-12,Delhi,Central Warehouse - Delhi,MANDI FRESH,SE-7833,506,2026-09-12,99,Green Capsicum,3,Kg,48,144,0,144
2026-09-12,Delhi,Central Warehouse - Delhi,MANDI FRESH,SE-7833,506,2026-09-12,124,Lime,250,Pc,3.2,800,0,800
2026-09-12,Delhi,Central Warehouse - Delhi,MANDI FRESH,SE-7833,506,2026-09-12,451,Mint leaf,1,Kg,70,70,0,70
2026-09-12,Delhi,Central Warehouse - Delhi,MANDI FRESH,SE-7833,506,2026-09-12,132,Onion,196,Kg,40,7840,0,7840
2026-09-12,Delhi,Central Warehouse - Delhi,MANDI FRESH,SE-7833,506,2026-09-12,116,Raw Green Chili,20,Kg,40,800,0,800
2026-09-12,Delhi,Central Warehouse - Delhi,MANDI FRESH,SE-7833,506,2026-09-12,279,Raw Lauki,21,Kg,23,483,0,483
2026-09-12,Delhi,Central Warehouse - Delhi,MANDI FRESH,SE-7833,506,2026-09-12,133,Raw Mango,10,Kg,150,1500,0,1500
2026-09-12,Delhi,Central Warehouse - Delhi,MANDI FRESH,SE-7833,506,2026-09-12,274,Raw Potato,196,Kg,25,4900,0,4900
2026-09-12,Delhi,Central Warehouse - Delhi,MANDI FRESH,SE-7833,506,2026-09-12,280,Raw Pumpkin,20,Kg,23,460,0,460
2026-09-12,Delhi,Central Warehouse - Delhi,MANDI FRESH,SE-7833,506,2026-09-12,141,Tomato,151,Kg,44,6644,0,6644
2026-09-12,Delhi,Central Warehouse - Delhi,MANDI FRESH,SE-7833,506,2026-09-12,416,Watermelon,40,Kg,40,1600,0,1600
2026-09-12,Delhi,Central Warehouse - Delhi,MANDI FRESH,SE-7834,510,2026-09-12,237,Beans,1,Kg,48,48,0,48
2026-09-12,Delhi,Central Warehouse - Delhi,MANDI FRESH,SE-7834,510,2026-09-12,107,Carrot,50,Kg,32,1600,0,1600
2026-09-12,Delhi,Central Warehouse - Delhi,MANDI FRESH,SE-7834,510,2026-09-12,115,Coriander Leaves,40,Kg,150,6000,0,6000
2026-09-12,Delhi,Central Warehouse - Delhi,MANDI FRESH,SE-7834,510,2026-09-12,123,Cucumber,5,Kg,25,125,0,125
2026-09-12,Delhi,Central Warehouse - Delhi,MANDI FRESH,SE-7834,510,2026-09-12,131,Curry Leaves,8,Kg,37.5,300,0,300
2026-09-12,Delhi,Central Warehouse - Delhi,MANDI FRESH,SE-7834,510,2026-09-12,149,Drumstick,8,Kg,85,680,0,680
2026-09-12,Delhi,Central Warehouse - Delhi,MANDI FRESH,SE-7834,510,2026-09-12,100,Garlic,10,Kg,125,1250,0,1250
2026-09-12,Delhi,Central Warehouse - Delhi,MANDI FRESH,SE-7834,510,2026-09-12,108,Ginger,30,Kg,160,4800,0,4800
2026-09-12,Delhi,Central Warehouse - Delhi,MANDI FRESH,SE-7834,510,2026-09-12,99,Green Capsicum,10,Kg,48,480,0,480
2026-09-12,Delhi,Central Warehouse - Delhi,MANDI FRESH,SE-7834,510,2026-09-12,124,Lime,625,Pc,3.2,2000,0,2000
2026-09-12,Delhi,Central Warehouse - Delhi,MANDI FRESH,SE-7834,510,2026-09-12,451,Mint leaf,2,Kg,70,140,0,140
2026-09-12,Delhi,Central Warehouse - Delhi,MANDI FRESH,SE-7834,510,2026-09-12,132,Onion,329,Kg,40,13160,0,13160
2026-09-12,Delhi,Central Warehouse - Delhi,MANDI FRESH,SE-7834,510,2026-09-12,116,Raw Green Chili,20,Kg,40,800,0,800
2026-09-12,Delhi,Central Warehouse - Delhi,MANDI FRESH,SE-7834,510,2026-09-12,279,Raw Lauki,38,Kg,23,874,0,874
2026-09-12,Delhi,Central Warehouse - Delhi,MANDI FRESH,SE-7834,510,2026-09-12,133,Raw Mango,10,Kg,150,1500,0,1500
2026-09-12,Delhi,Central Warehouse - Delhi,MANDI FRESH,SE-7834,510,2026-09-12,274,Raw Potato,398,Kg,25,9950,0,9950
2026-09-12,Delhi,Central Warehouse - Delhi,MANDI FRESH,SE-7834,510,2026-09-12,280,Raw Pumpkin,50,Kg,23,1150,0,1150
2026-09-12,Delhi,Central Warehouse - Delhi,MANDI FRESH,SE-7834,510,2026-09-12,141,Tomato,295,Kg,44,12980,0,12980
2026-09-12,Delhi,Central Warehouse - Delhi,MANDI FRESH,SE-7834,510,2026-09-12,416,Watermelon,80,Kg,40,3200,0,3200
2026-09-12,Delhi,Central Warehouse - Delhi,Maa Pet Pvt.Ltd,SE-7829,3663,2026-09-12,393,MT 026(2500ML) 52MM CANTAINER,2450,Pc,13.27,32511.5,0,32511.5
2026-09-12,Delhi,Central Warehouse - Delhi,Maa Pet Pvt.Ltd,SE-7829,3663,2026-09-12,326,MT-027 105MM (5000ML) Container,3150,Pc,22.13,69709.5,0,69709.5
2026-09-12,Delhi,Central Warehouse - Delhi,NEW JORAVAR TRADERS,SE-7845,356/2026-27,2026-09-12,553,Ration Rice,300,Kg,44,13200,0,13200
2026-09-12,Delhi,Central Warehouse - Delhi,NEW JORAVAR TRADERS,SE-7845,356/2026-27,2026-09-12,552,South Indian Idli Rice,1508,Kg,50.5,76154,0,76154
2026-09-12,Delhi,Central Warehouse - Delhi,Rakesh Crockery House,SE-7847,RCH/2625/26-27,2026-09-12,135,Garbage Bag Large (36 X 42),600,Pkt,48.38,29028,0,29028
2026-09-12,Delhi,Central Warehouse - Delhi,Rakesh Crockery House,SE-7847,RCH/2625/26-27,2026-09-12,143,Garbage Bag Small (20 X 24),200,Pkt,48.38,9676,0,9676
2026-09-12,Delhi,Central Warehouse - Delhi,Rakesh Crockery House,SE-7847,RCH/2625/26-27,2026-09-12,242,Silver Foil,50,Pc,418.9,20945,0,20945
2026-09-12,Delhi,Central Warehouse - Delhi,Shyam Vegetable,SE-7830,1714,2026-09-12,50,Raw Coconut,200,Pc,48,9600,0,9600
2026-09-12,Delhi,Central Warehouse - Delhi,Shyam Vegetable,SE-7831,1715,2026-09-12,50,Raw Coconut,1200,Pc,48,57600,0,57600
2026-09-12,Delhi,Central Warehouse - Delhi,Shyam Vegetable,SE-7835,1716,2026-09-12,275,Whole Coriander (Gota Dhaniya),30,Kg,250,7500,0,7500
2026-09-12,Delhi,Central Warehouse - Delhi,Sms Supply Port Pvt Ltd.,SE-7823,SDWSI2608179,2026-09-12,64,Kinley Soda 750ml Pet,192,Pc,15.84,3041.28,0,3041.28
2026-09-12,Delhi,Central Warehouse - Delhi,Sms Supply Port Pvt Ltd.,SE-7823,SDWSI2608179,2026-09-12,438,Vedica Mineral water,1200,Pc,15,18000,0,18000
2026-09-12,Delhi,Central Warehouse - Delhi,Sms Supply Port Pvt Ltd.,SE-7824,GHKSI2601998,2026-09-12,375,Dry Mop,5,Pc,224.2,1121,0,1121
2026-09-12,Delhi,Central Warehouse - Delhi,Sms Supply Port Pvt Ltd.,SE-7824,GHKSI2601998,2026-09-12,158,Dry Mop Refill,10,Pc,105,1050,0,1050
2026-09-12,Delhi,Central Warehouse - Delhi,Sms Supply Port Pvt Ltd.,SE-7824,GHKSI2601998,2026-09-12,159,Harpic Liquid Toilet Cleaner 500ml,5,Ltr,240,1200,0,1200
2026-09-12,Delhi,Central Warehouse - Delhi,Sms Supply Port Pvt Ltd.,SE-7824,GHKSI2601998,2026-09-12,272,Wet Mop,6,Pc,195.14,1170.84,0,1170.84
2026-09-12,Delhi,Central Warehouse - Delhi,Sms Supply Port Pvt Ltd.,SE-7824,GHKSI2601998,2026-09-12,273,Wet Mop Refil,10,Pc,84,840,0,840
2026-09-12,Delhi,Central Warehouse - Delhi,South Indian Pan Shop,SE-7836,2026-27/13362,2026-09-12,84,Banana Leaf Big (1bundle = 50pc),6500,Pc,2.5,16250,0,16250
2026-09-12,Delhi,Central Warehouse - Delhi,South Indian Pan Shop,SE-7836,2026-27/13362,2026-09-12,92,Banana Leaf Small (1bundle = 50pc),3000,Pc,1.3,3900,0,3900
2026-09-12,Delhi,Central Warehouse - Delhi,South Indian Pan Shop,SE-7836,2026-27/13362,2026-09-12,26,Jaggery,60,Kg,95,5700,0,5700
2026-09-12,Delhi,Central Warehouse - Delhi,South Indian Pan Shop,SE-7837,2026-27/13385,2026-09-12,4,Cothas Coffee Powder,40,Kg,930,37200,0,37200
2026-09-12,Delhi,Central Warehouse - Delhi,Zomato Hyperpure Delhi,SE-7825,ZBSDL27-00141038,2026-09-12,29,Salt,115,Kg,33,3795,0,3795
2026-09-12,Delhi,Central Warehouse - Delhi,Zomato Hyperpure Delhi,SE-7826,ZHPDL27-00178627,2026-09-12,34,Kashmiri Chili Powder,20000,gm,1.01,20295.8,0,20295.8
2026-09-12,Delhi,Central Warehouse - Delhi,Zomato Hyperpure Delhi,SE-7826,ZHPDL27-00178627,2026-09-12,28,Raw Peanut,3,Kg,250.8,752.4,0,752.4
2026-09-12,Delhi,Central Warehouse - Delhi,Zomato Hyperpure Delhi,SE-7826,ZHPDL27-00178627,2026-09-12,43,Sunflower Refined Oil ( 1pkt = 868 Ml ),347.2,Ltr,218.59,75894.45,0,75894.45
2026-09-12,Delhi,Central Warehouse - Delhi,Zomato Hyperpure Delhi,SE-7827,ZBSDL27-00141813,2026-09-12,76,Milk - Tetra 1Ltr,40,Ltr,79,3160,0,3160
2026-09-12,Delhi,Central Warehouse - Delhi,Zomato Hyperpure Delhi,SE-7828,ZHPDL27-00179666,2026-09-12,14,Amul Butter,10,Kg,609,6090,0,6090
2026-09-12,Delhi,Central Warehouse - Delhi,Zomato Hyperpure Delhi,SE-7828,ZHPDL27-00179666,2026-09-12,14,Amul Butter,2.5,Kg,590,1475,0,1475
2026-09-12,Delhi,Central Warehouse - Delhi,Zomato Hyperpure Delhi,SE-7828,ZHPDL27-00179666,2026-09-12,269,Hairnet (Comfort Cap 1pkt=100 pc),2000,Pc,1.17,2340,0,2340
2026-09-12,Delhi,Central Warehouse - Delhi,Zomato Hyperpure Delhi,SE-7828,ZHPDL27-00179666,2026-09-12,13,Milk Powder,10,Kg,592.4,5924,0,5924
2026-09-12,Delhi,Central Warehouse - Delhi,Zomato Hyperpure Delhi,SE-7828,ZHPDL27-00179666,2026-09-12,311,Mishri (sweets),12,Kg,126,1512,0,1512
2026-09-12,Delhi,Central Warehouse - Delhi,Zomato Hyperpure Delhi,SE-7828,ZHPDL27-00179666,2026-09-12,238,Rubber Hand Gloves (1pkt=100pc),1500,Pc,4.26,6390,0,6390
2026-09-12,Delhi,Central Warehouse - Delhi,Zomato Hyperpure Delhi,SE-7828,ZHPDL27-00179666,2026-09-12,312,Sounf,12,Kg,374.85,4498.2,0,4498.2
2026-09-12,Delhi,Central Warehouse - Delhi,Zomato Hyperpure Delhi,SE-7828,ZHPDL27-00179666,2026-09-12,303,Toilet Paper Roll Round,60,Pc,21.82,1309.2,0,1309.2
2026-09-12,Kolkata,Central Warehouse -Kolkata,Adya Dairy,SE-8609,GS262706/54472,2026-09-12,91,Milk (Adya Dairy),18,Ltr,62,1116,0,1116
2026-09-12,Kolkata,Central Warehouse -Kolkata,Adya Dairy,SE-8609,GS262706/54472,2026-09-12,60,Paneer,3,Kg,299,897,0,897
2026-09-12,Kolkata,Central Warehouse -Kolkata,Adya Dairy,SE-8609,GS262706/54472,2026-09-12,235,Raw Curd,30,Kg,71.4,2142,0,2142
2026-09-12,Kolkata,Central Warehouse -Kolkata,Krishay Enterprise,SE-8612,110926,2026-09-12,56,Cottons Lemonade,960,Pc,17.5,16800,0,16800
2026-09-12,Kolkata,Central Warehouse -Kolkata,Radha Krishana Enterprise,SE-8610,1229,2026-09-12,237,Beans,2,Kg,75,150,0,150
2026-09-12,Kolkata,Central Warehouse -Kolkata,Radha Krishana Enterprise,SE-8610,1229,2026-09-12,107,Carrot,29.5,Kg,41,1209.5,0,1209.5
2026-09-12,Kolkata,Central Warehouse -Kolkata,Radha Krishana Enterprise,SE-8610,1229,2026-09-12,115,Coriander Leaves,6,Kg,100,600,0,600
2026-09-12,Kolkata,Central Warehouse -Kolkata,Radha Krishana Enterprise,SE-8610,1229,2026-09-12,123,Cucumber,2,Kg,25,50,0,50
2026-09-12,Kolkata,Central Warehouse -Kolkata,Radha Krishana Enterprise,SE-8610,1229,2026-09-12,131,Curry Leaves,3.3,Kg,72,237.6,0,237.6
2026-09-12,Kolkata,Central Warehouse -Kolkata,Radha Krishana Enterprise,SE-8610,1229,2026-09-12,149,Drumstick,2.9,Kg,90,261,0,261
2026-09-12,Kolkata,Central Warehouse -Kolkata,Radha Krishana Enterprise,SE-8610,1229,2026-09-12,100,Garlic,5,Kg,140,700,0,700
2026-09-12,Kolkata,Central Warehouse -Kolkata,Radha Krishana Enterprise,SE-8610,1229,2026-09-12,108,Ginger,17.6,Kg,132,2323.2,0,2323.2
2026-09-12,Kolkata,Central Warehouse -Kolkata,Radha Krishana Enterprise,SE-8610,1229,2026-09-12,99,Green Capsicum,1,Kg,67,67,0,67
2026-09-12,Kolkata,Central Warehouse -Kolkata,Radha Krishana Enterprise,SE-8610,1229,2026-09-12,124,Lime,200,Pc,3.5,700,0,700
2026-09-12,Kolkata,Central Warehouse -Kolkata,Radha Krishana Enterprise,SE-8610,1229,2026-09-12,451,Mint leaf,0.7,Kg,180,126,0,126
2026-09-12,Kolkata,Central Warehouse -Kolkata,Radha Krishana Enterprise,SE-8610,1229,2026-09-12,132,Onion,148.5,Kg,37,5494.5,0,5494.5
2026-09-12,Kolkata,Central Warehouse -Kolkata,Radha Krishana Enterprise,SE-8610,1229,2026-09-12,116,Raw Green Chili,15.7,Kg,75,1177.5,0,1177.5
2026-09-12,Kolkata,Central Warehouse -Kolkata,Radha Krishana Enterprise,SE-8610,1229,2026-09-12,279,Raw Lauki,46,Kg,25,1150,0,1150
2026-09-12,Kolkata,Central Warehouse -Kolkata,Radha Krishana Enterprise,SE-8610,1229,2026-09-12,133,Raw Mango,10.2,Kg,85,867,0,867
2026-09-12,Kolkata,Central Warehouse -Kolkata,Radha Krishana Enterprise,SE-8610,1229,2026-09-12,274,Raw Potato,245,Kg,18,4410,0,4410
2026-09-12,Kolkata,Central Warehouse -Kolkata,Radha Krishana Enterprise,SE-8610,1229,2026-09-12,280,Raw Pumpkin,50,Kg,27,1350,0,1350
2026-09-12,Kolkata,Central Warehouse -Kolkata,Radha Krishana Enterprise,SE-8610,1229,2026-09-12,141,Tomato,103,Kg,40,4120,0,4120
2026-09-12,Kolkata,Central Warehouse -Kolkata,Radha Krishana Enterprise,SE-8610,1229,2026-09-12,416,Watermelon,50,Kg,35,1750,0,1750
2026-09-12,Kolkata,Central Warehouse -Kolkata,SUFAL COMMERCIAL,SE-8613,SCT/2627/5858,2026-09-12,547,Mango Crush -750ml,30,Ltr,197.33,5919.9,0,5919.9
2026-09-12,Kolkata,Central Warehouse -Kolkata,SUFAL COMMERCIAL,SE-8613,SCT/2627/5858,2026-09-12,548,Strawberry Crush - 750ml,30,Ltr,197.33,5919.9,0,5919.9
2026-09-12,Kolkata,Central Warehouse -Kolkata,Tara Maa Dashakaram,SE-8611,948,2026-09-12,84,Banana Leaf Big (1bundle = 50pc),1400,Pc,1.75,2450,0,2450
2026-09-12,Kolkata,Central Warehouse -Kolkata,Tara Maa Dashakaram,SE-8611,948,2026-09-12,92,Banana Leaf Small (1bundle = 50pc),1600,Pc,1.25,2000,0,2000
2026-09-13,Delhi,Central Warehouse - Delhi,Javed Dairy,SE-7852,3059,2026-09-13,91,Milk (Adya Dairy),18,Ltr,59,1062,0,1062
2026-09-13,Delhi,Central Warehouse - Delhi,Javed Dairy,SE-7852,3059,2026-09-13,60,Paneer,24,Kg,450,10800,0,10800
2026-09-13,Delhi,Central Warehouse - Delhi,Javed Dairy,SE-7852,3059,2026-09-13,235,Raw Curd,36,Kg,79,2844,0,2844
2026-09-13,Delhi,Central Warehouse - Delhi,M/S Distributionmasters Traders LLP,SE-7848,2627DMT07464,2026-09-13,14,Amul Butter,15,Kg,620,9300,0,9300
2026-09-13,Delhi,Central Warehouse - Delhi,M/S Distributionmasters Traders LLP,SE-7848,2627DMT07464,2026-09-13,297,Amul IC BP Vanilla (5L) CF,200,Ltr,100,20000,0,20000
2026-09-13,Delhi,Central Warehouse - Delhi,M/S Distributionmasters Traders LLP,SE-7848,2627DMT07464,2026-09-13,549,Mango Ice Cream,100,Ltr,102.5,10250,0,10250
2026-09-13,Delhi,Central Warehouse - Delhi,M/S Distributionmasters Traders LLP,SE-7848,2627DMT07464,2026-09-13,76,Milk - Tetra 1Ltr,60,Ltr,83,4980,0,4980
2026-09-13,Delhi,Central Warehouse - Delhi,Shyam Vegetable,SE-7849,1717,2026-09-13,275,Whole Coriander (Gota Dhaniya),90,Kg,250,22500,0,22500
2026-09-13,Delhi,Central Warehouse - Delhi,Zomato Hyperpure Delhi,SE-7850,ZBSDL27-00144002,2026-09-13,76,Milk - Tetra 1Ltr,40,Ltr,79,3160,0,3160
2026-09-13,Delhi,Central Warehouse - Delhi,Zomato Hyperpure Delhi,SE-7850,ZBSDL27-00144002,2026-09-13,29,Salt,100,Kg,33,3300,0,3300
2026-09-13,Delhi,Central Warehouse - Delhi,Zomato Hyperpure Delhi,SE-7851,ZHPDL27-00182327,2026-09-13,459,Jaggery Powder (250gm=1pkt),4.8,Kg,202,969.6,0,969.6
2026-09-13,Delhi,Central Warehouse - Delhi,Zomato Hyperpure Delhi,SE-7851,ZHPDL27-00182327,2026-09-13,34,Kashmiri Chili Powder,20000,gm,1.01,20296.4,0,20296.4
2026-09-13,Delhi,Central Warehouse - Delhi,Zomato Hyperpure Delhi,SE-7851,ZHPDL27-00182327,2026-09-13,43,Sunflower Refined Oil ( 1pkt = 868 Ml ),156.24,Ltr,218.59,34152.5,0,34152.5
2026-09-13,Delhi,Central Warehouse - Delhi,Zomato Hyperpure Delhi,SE-7851,ZHPDL27-00182327,2026-09-13,305,Tootpick,20,Pkt,11.86,237.2,0,237.2
2026-09-13,Delhi,Central Warehouse - Delhi,Zomato Hyperpure Delhi,SE-7851,ZHPDL27-00182327,2026-09-13,391,White Butter,30,Kg,627.91,18837.3,0,18837.3
2026-09-13,Kolkata,Central Warehouse -Kolkata,Adya Dairy,SE-8614,GS262706/54860,2026-09-13,91,Milk (Adya Dairy),26,Ltr,62,1612,0,1612
2026-09-13,Kolkata,Central Warehouse -Kolkata,Adya Dairy,SE-8614,GS262706/54860,2026-09-13,60,Paneer,5,Kg,299,1495,0,1495
2026-09-13,Kolkata,Central Warehouse -Kolkata,Adya Dairy,SE-8614,GS262706/54860,2026-09-13,235,Raw Curd,50,Kg,71.4,3570,0,3570
2026-09-13,Kolkata,Central Warehouse -Kolkata,Ashirvad Enterprise,SE-8617,RTE/26-27/4012,2026-09-13,275,Whole Coriander (Gota Dhaniya),115.8,Kg,218.4,25290.72,0,25290.72
2026-09-13,Kolkata,Central Warehouse -Kolkata,Radha Krishana Enterprise,SE-8615,1235,2026-09-13,237,Beans,1.5,Kg,75,112.5,0,112.5
2026-09-13,Kolkata,Central Warehouse -Kolkata,Radha Krishana Enterprise,SE-8615,1235,2026-09-13,107,Carrot,20.5,Kg,41,840.5,0,840.5
2026-09-13,Kolkata,Central Warehouse -Kolkata,Radha Krishana Enterprise,SE-8615,1235,2026-09-13,115,Coriander Leaves,6,Kg,100,600,0,600
2026-09-13,Kolkata,Central Warehouse -Kolkata,Radha Krishana Enterprise,SE-8615,1235,2026-09-13,123,Cucumber,2,Kg,25,50,0,50
2026-09-13,Kolkata,Central Warehouse -Kolkata,Radha Krishana Enterprise,SE-8615,1235,2026-09-13,131,Curry Leaves,1.9,Kg,72,136.8,0,136.8
2026-09-13,Kolkata,Central Warehouse -Kolkata,Radha Krishana Enterprise,SE-8615,1235,2026-09-13,149,Drumstick,4,Kg,90,360,0,360
2026-09-13,Kolkata,Central Warehouse -Kolkata,Radha Krishana Enterprise,SE-8615,1235,2026-09-13,100,Garlic,3,Kg,140,420,0,420
2026-09-13,Kolkata,Central Warehouse -Kolkata,Radha Krishana Enterprise,SE-8615,1235,2026-09-13,108,Ginger,17.5,Kg,132,2310,0,2310
2026-09-13,Kolkata,Central Warehouse -Kolkata,Radha Krishana Enterprise,SE-8615,1235,2026-09-13,99,Green Capsicum,2,Kg,67,134,0,134
2026-09-13,Kolkata,Central Warehouse -Kolkata,Radha Krishana Enterprise,SE-8615,1235,2026-09-13,124,Lime,400,Pc,3.5,1400,0,1400
2026-09-13,Kolkata,Central Warehouse -Kolkata,Radha Krishana Enterprise,SE-8615,1235,2026-09-13,451,Mint leaf,0.7,Kg,180,126,0,126
2026-09-13,Kolkata,Central Warehouse -Kolkata,Radha Krishana Enterprise,SE-8615,1235,2026-09-13,132,Onion,50,Kg,37,1850,0,1850
2026-09-13,Kolkata,Central Warehouse -Kolkata,Radha Krishana Enterprise,SE-8615,1235,2026-09-13,116,Raw Green Chili,9.9,Kg,75,742.5,0,742.5
2026-09-13,Kolkata,Central Warehouse -Kolkata,Radha Krishana Enterprise,SE-8615,1235,2026-09-13,20,Raw Imli,50,Kg,70,3500,0,3500
2026-09-13,Kolkata,Central Warehouse -Kolkata,Radha Krishana Enterprise,SE-8615,1235,2026-09-13,279,Raw Lauki,50,Kg,25,1250,0,1250
2026-09-13,Kolkata,Central Warehouse -Kolkata,Radha Krishana Enterprise,SE-8615,1235,2026-09-13,133,Raw Mango,10,Kg,85,850,0,850
2026-09-13,Kolkata,Central Warehouse -Kolkata,Radha Krishana Enterprise,SE-8615,1235,2026-09-13,274,Raw Potato,245.5,Kg,18,4419,0,4419
2026-09-13,Kolkata,Central Warehouse -Kolkata,Radha Krishana Enterprise,SE-8615,1235,2026-09-13,141,Tomato,66.2,Kg,40,2648,0,2648
2026-09-13,Kolkata,Central Warehouse -Kolkata,Radha Krishana Enterprise,SE-8615,1235,2026-09-13,416,Watermelon,37.4,Kg,35,1309,0,1309
2026-09-13,Kolkata,Central Warehouse -Kolkata,Tara Maa Dashakaram,SE-8618,957,2026-09-13,84,Banana Leaf Big (1bundle = 50pc),600,Pc,1.75,1050,0,1050
2026-09-13,Kolkata,Central Warehouse -Kolkata,Tara Maa Dashakaram,SE-8618,957,2026-09-13,84,Banana Leaf Big (1bundle = 50pc),600,Pc,2,1200,0,1200
2026-09-13,Kolkata,Central Warehouse -Kolkata,Tara Maa Dashakaram,SE-8618,957,2026-09-13,92,Banana Leaf Small (1bundle = 50pc),1800,Pc,1.25,2250,0,2250
2026-09-13,Kolkata,Central Warehouse -Kolkata,Zomato Hyperpure Kolkata,SE-8616,ZHPWB27-00110124,2026-09-13,68,Amul Cheese,50,Kg,521,26050,0,26050
2026-09-13,Kolkata,Central Warehouse -Kolkata,Zomato Hyperpure Kolkata,SE-8616,ZHPWB27-00110124,2026-09-13,75,Ghee,181,Kg,823.2,148999.2,0,148999.2
2026-09-13,Kolkata,Central Warehouse -Kolkata,Zomato Hyperpure Kolkata,SE-8616,ZHPWB27-00110124,2026-09-13,491,Khoa,2,Kg,322.35,644.7,0,644.7
2026-09-14,Delhi,Central Warehouse - Delhi,Cash Purchase,SE-7853,ka14,2026-09-14,107,Carrot,0.5,Kg,136,68,0,68
2026-09-14,Delhi,Central Warehouse - Delhi,Cash Purchase,SE-7853,ka14,2026-09-14,47,Fried Chana Daal,1,Kg,198,198,0,198
2026-09-14,Delhi,Central Warehouse - Delhi,Cash Purchase,SE-7853,ka14,2026-09-14,391,White Butter,0.5,Kg,664,332,0,332
2026-09-14,Delhi,Central Warehouse - Delhi,Cash Purchase,SE-7854,SH14,2026-09-14,297,Amul IC BP Vanilla (5L) CF,3,Ltr,148,444,0,444
2026-09-14,Delhi,Central Warehouse - Delhi,Cash Purchase,SE-7854,SH14,2026-09-14,84,Banana Leaf Big (1bundle = 50pc),60,Pc,13.42,805.2,0,805.2
2026-09-14,Delhi,Central Warehouse - Delhi,Cash Purchase,SE-7854,SH14,2026-09-14,76,Milk - Tetra 1Ltr,4,Ltr,83,332,0,332
2026-09-14,Delhi,Central Warehouse - Delhi,Cash Purchase,SE-7854,SH14,2026-09-14,132,Onion,2,Kg,52,104,0,104
2026-09-14,Delhi,Central Warehouse - Delhi,Cash Purchase,SE-7854,SH14,2026-09-14,235,Raw Curd,2,Kg,87.5,175,0,175
2026-09-14,Delhi,Central Warehouse - Delhi,Cash Purchase,SE-7854,SH14,2026-09-14,391,White Butter,0.5,Kg,624,312,0,312
2026-09-14,Delhi,Central Warehouse - Delhi,Cash Purchase,SE-7855,G-10,2026-09-14,14,Amul Butter,0.1,Kg,688,68.8,0,68.8
2026-09-14,Delhi,Central Warehouse - Delhi,Cash Purchase,SE-7855,G-10,2026-09-14,68,Amul Cheese,0.1,Kg,640,64,0,64
2026-09-14,Delhi,Central Warehouse - Delhi,Cash Purchase,SE-7855,G-10,2026-09-14,64,Kinley Soda 750ml Pet,1,Pc,25,25,0,25
2026-09-14,Delhi,Central Warehouse - Delhi,Cash Purchase,SE-7855,G-10,2026-09-14,91,Milk (Adya Dairy),3,Ltr,68,204,0,204
2026-09-14,Delhi,Central Warehouse - Delhi,Cash Purchase,SE-7855,G-10,2026-09-14,60,Paneer,0.6,Kg,521,312.6,0,312.6
2026-09-14,Delhi,Central Warehouse - Delhi,Cash Purchase,SE-7855,G-10,2026-09-14,235,Raw Curd,1.5,Kg,95,142.5,0,142.5
2026-09-14,Delhi,Central Warehouse - Delhi,Cash Purchase,SE-7856,N43,2026-09-14,115,Coriander Leaves,0.5,Kg,300,150,0,150
2026-09-14,Delhi,Central Warehouse - Delhi,Cash Purchase,SE-7856,N43,2026-09-14,132,Onion,3,Kg,36.8,110.4,0,110.4
2026-09-14,Delhi,Central Warehouse - Delhi,Cash Purchase,SE-7856,N43,2026-09-14,116,Raw Green Chili,0.1,Kg,60,6,0,6
2026-09-14,Delhi,Central Warehouse - Delhi,Cash Purchase,SE-7856,N43,2026-09-14,274,Raw Potato,2.8,Kg,25,70,0,70
2026-09-14,Delhi,Central Warehouse - Delhi,Cash Purchase,SE-7856,N43,2026-09-14,438,Vedica Mineral water,1,Pc,154,154,0,154
2026-09-14,Delhi,Central Warehouse - Delhi,Cash Purchase,SE-7856,N43,2026-09-14,416,Watermelon,1,Kg,112,112,0,112
2026-09-14,Delhi,Central Warehouse - Delhi,Cash Purchase,SE-7857,DLF14,2026-09-14,297,Amul IC BP Vanilla (5L) CF,2,Ltr,160.5,321,0,321
2026-09-14,Delhi,Central Warehouse - Delhi,Cash Purchase,SE-7857,DLF14,2026-09-14,549,Mango Ice Cream,2,Ltr,170,340,0,340
2026-09-14,Delhi,Central Warehouse - Delhi,Cash Purchase,SE-7857,DLF14,2026-09-14,274,Raw Potato,3,Kg,29,87,0,87
2026-09-14,Delhi,Central Warehouse - Delhi,Cash Purchase,SE-7857,DLF14,2026-09-14,391,White Butter,1,Kg,612,612,0,612
2026-09-14,Delhi,Central Warehouse - Delhi,Cash Purchase,SE-7858,JAS14,2026-09-14,115,Coriander Leaves,0.4,Kg,380,152,0,152
2026-09-14,Delhi,Central Warehouse - Delhi,Cash Purchase,SE-7858,JAS14,2026-09-14,47,Fried Chana Daal,4,Kg,140,560,0,560
2026-09-14,Delhi,Central Warehouse - Delhi,Cash Purchase,SE-7858,JAS14,2026-09-14,108,Ginger,0.4,Kg,380,152,0,152
2026-09-14,Delhi,Central Warehouse - Delhi,Cash Purchase,SE-7858,JAS14,2026-09-14,60,Paneer,0.6,Kg,450,270,0,270
2026-09-14,Delhi,Central Warehouse - Delhi,Cash Purchase,SE-7858,JAS14,2026-09-14,274,Raw Potato,10,Kg,24,240,0,240
2026-09-14,Delhi,Central Warehouse - Delhi,Cash Purchase,SE-7858,JAS14,2026-09-14,391,White Butter,2,Kg,643,1286,0,1286
2026-09-14,Delhi,Central Warehouse - Delhi,Cash Purchase,SE-7859,PV14,2026-09-14,297,Amul IC BP Vanilla (5L) CF,10,Ltr,106,1060,0,1060
2026-09-14,Delhi,Central Warehouse - Delhi,Cash Purchase,SE-7859,PV14,2026-09-14,76,Milk - Tetra 1Ltr,7,Ltr,79,553,0,553
2026-09-14,Delhi,Central Warehouse - Delhi,Cash Purchase,SE-7859,PV14,2026-09-14,274,Raw Potato,4,Kg,24.7,98.8,0,98.8
2026-09-14,Delhi,Central Warehouse - Delhi,Cash Purchase,SE-7860,N-1814,2026-09-14,91,Milk (Adya Dairy),4,Ltr,70,280,0,280
2026-09-14,Delhi,Central Warehouse - Delhi,Cash Purchase,SE-7860,N-1814,2026-09-14,274,Raw Potato,8,Kg,31.2,249.6,0,249.6
2026-09-14,Delhi,Central Warehouse - Delhi,Cash Purchase,SE-7860,N-1814,2026-09-14,29,Salt,1,Kg,30,30,0,30
2026-09-14,Delhi,Central Warehouse - Delhi,Cash Purchase,SE-7860,N-1814,2026-09-14,391,White Butter,0.5,Kg,664,332,0,332
2026-09-14,Delhi,Central Warehouse - Delhi,Cash Purchase,SE-7861,RO14,2026-09-14,115,Coriander Leaves,0.5,Kg,232,116,0,116
2026-09-14,Delhi,Central Warehouse - Delhi,Cash Purchase,SE-7861,RO14,2026-09-14,132,Onion,9,Kg,43.7,393.3,0,393.3
2026-09-14,Delhi,Central Warehouse - Delhi,Cash Purchase,SE-7861,RO14,2026-09-14,116,Raw Green Chili,0.5,Kg,144,72,0,72
2026-09-14,Delhi,Central Warehouse - Delhi,Cash Purchase,SE-7861,RO14,2026-09-14,274,Raw Potato,6,Kg,60,360,0,360
2026-09-14,Delhi,Central Warehouse - Delhi,Cash Purchase,SE-7861,RO14,2026-09-14,43,Sunflower Refined Oil ( 1pkt = 868 Ml ),4,Ltr,175,700,0,700
2026-09-14,Delhi,Central Warehouse - Delhi,Cash Purchase,SE-7862,MT14,2026-09-14,146,Ecolab-Multi Purpose SINK Detergent (1can = 1ltr),1,Can,94,94,0,94
2026-09-14,Delhi,Central Warehouse - Delhi,Cash Purchase,SE-7862,MT14,2026-09-14,108,Ginger,0.9,Kg,318,286.2,0,286.2
2026-09-14,Delhi,Central Warehouse - Delhi,Cash Purchase,SE-7862,MT14,2026-09-14,99,Green Capsicum,0.5,Kg,48,24,0,24
2026-09-14,Delhi,Central Warehouse - Delhi,Cash Purchase,SE-7862,MT14,2026-09-14,124,Lime,28,Pc,5,140,0,140
2026-09-14,Delhi,Central Warehouse - Delhi,Cash Purchase,SE-7862,MT14,2026-09-14,91,Milk (Adya Dairy),2,Ltr,60,120,0,120
2026-09-14,Delhi,Central Warehouse - Delhi,Cash Purchase,SE-7862,MT14,2026-09-14,116,Raw Green Chili,0.1,Kg,144,14.4,0,14.4
2026-09-14,Delhi,Central Warehouse - Delhi,Cash Purchase,SE-7862,MT14,2026-09-14,133,Raw Mango,0.578,Kg,150,86.7,0,86.7
2026-09-14,Delhi,Central Warehouse - Delhi,Cash Purchase,SE-7862,MT14,2026-09-14,274,Raw Potato,19,Kg,25,475,0,475
2026-09-14,Delhi,Central Warehouse - Delhi,Cash Purchase,SE-7862,MT14,2026-09-14,43,Sunflower Refined Oil ( 1pkt = 868 Ml ),3,Ltr,175,525,0,525
2026-09-14,Delhi,Central Warehouse - Delhi,Cash Purchase,SE-7862,MT14,2026-09-14,141,Tomato,3.5,Kg,48,168,0,168
2026-09-14,Delhi,Central Warehouse - Delhi,Cash Purchase,SE-7863,CP14,2026-09-14,297,Amul IC BP Vanilla (5L) CF,9.7,Ltr,240,2328,0,2328
2026-09-14,Delhi,Central Warehouse - Delhi,Cash Purchase,SE-7863,CP14,2026-09-14,84,Banana Leaf Big (1bundle = 50pc),10,Pc,17.8,178,0,178
2026-09-14,Delhi,Central Warehouse - Delhi,Cash Purchase,SE-7863,CP14,2026-09-14,91,Milk (Adya Dairy),7.5,Ltr,70,525,0,525
2026-09-14,Delhi,Central Warehouse - Delhi,Cash Purchase,SE-7863,CP14,2026-09-14,76,Milk - Tetra 1Ltr,3,Ltr,85,255,0,255
2026-09-14,Delhi,Central Warehouse - Delhi,Cash Purchase,SE-7863,CP14,2026-09-14,60,Paneer,1,Kg,488,488,0,488
2026-09-14,Delhi,Central Warehouse - Delhi,Cash Purchase,SE-7863,CP14,2026-09-14,133,Raw Mango,0.95,Kg,185,175.75,0,175.75
2026-09-14,Delhi,Central Warehouse - Delhi,Cash Purchase,SE-7863,CP14,2026-09-14,43,Sunflower Refined Oil ( 1pkt = 868 Ml ),6,Ltr,190,1140,0,1140
2026-09-14,Delhi,Central Warehouse - Delhi,Cash Purchase,SE-7863,CP14,2026-09-14,391,White Butter,0.5,Kg,660,330,0,330
2026-09-14,Kolkata,Central Warehouse -Kolkata,Adya Dairy,SE-8619,GS262706/55277,2026-09-14,91,Milk (Adya Dairy),26,Ltr,62,1612,0,1612
2026-09-14,Kolkata,Central Warehouse -Kolkata,Adya Dairy,SE-8619,GS262706/55277,2026-09-14,60,Paneer,10,Kg,299,2990,0,2990
2026-09-14,Kolkata,Central Warehouse -Kolkata,Adya Dairy,SE-8619,GS262706/55277,2026-09-14,235,Raw Curd,40,Kg,71.4,2856,0,2856
2026-09-14,Kolkata,Central Warehouse -Kolkata,Radha Krishana Enterprise,SE-8620,1174,2026-09-14,237,Beans,3,Kg,75,225,0,225
2026-09-14,Kolkata,Central Warehouse -Kolkata,Radha Krishana Enterprise,SE-8620,1174,2026-09-14,107,Carrot,19.7,Kg,41,807.7,0,807.7
2026-09-14,Kolkata,Central Warehouse -Kolkata,Radha Krishana Enterprise,SE-8620,1174,2026-09-14,115,Coriander Leaves,7.5,Kg,100,750,0,750
2026-09-14,Kolkata,Central Warehouse -Kolkata,Radha Krishana Enterprise,SE-8620,1174,2026-09-14,131,Curry Leaves,2.7,Kg,72,194.4,0,194.4
2026-09-14,Kolkata,Central Warehouse -Kolkata,Radha Krishana Enterprise,SE-8620,1174,2026-09-14,149,Drumstick,3,Kg,90,270,0,270
2026-09-14,Kolkata,Central Warehouse -Kolkata,Radha Krishana Enterprise,SE-8620,1174,2026-09-14,100,Garlic,4.5,Kg,140,630,0,630
2026-09-14,Kolkata,Central Warehouse -Kolkata,Radha Krishana Enterprise,SE-8620,1174,2026-09-14,108,Ginger,14.8,Kg,132,1953.6,0,1953.6
2026-09-14,Kolkata,Central Warehouse -Kolkata,Radha Krishana Enterprise,SE-8620,1174,2026-09-14,491,Khoa,2,Kg,250,500,0,500
2026-09-14,Kolkata,Central Warehouse -Kolkata,Radha Krishana Enterprise,SE-8620,1174,2026-09-14,124,Lime,200,Pc,3.5,700,0,700
2026-09-14,Kolkata,Central Warehouse -Kolkata,Radha Krishana Enterprise,SE-8620,1174,2026-09-14,451,Mint leaf,0.6,Kg,180,108,0,108
2026-09-14,Kolkata,Central Warehouse -Kolkata,Radha Krishana Enterprise,SE-8620,1174,2026-09-14,132,Onion,70.4,Kg,37,2604.8,0,2604.8
2026-09-14,Kolkata,Central Warehouse -Kolkata,Radha Krishana Enterprise,SE-8620,1174,2026-09-14,116,Raw Green Chili,10,Kg,75,750,0,750
2026-09-14,Kolkata,Central Warehouse -Kolkata,Radha Krishana Enterprise,SE-8620,1174,2026-09-14,274,Raw Potato,194.5,Kg,18,3501,0,3501
2026-09-14,Kolkata,Central Warehouse -Kolkata,Radha Krishana Enterprise,SE-8620,1174,2026-09-14,141,Tomato,54,Kg,40,2160,0,2160
2026-09-14,Kolkata,Central Warehouse -Kolkata,Radha Krishana Enterprise,SE-8620,1174,2026-09-14,416,Watermelon,30,Kg,35,1050,0,1050
2026-09-14,Kolkata,Central Warehouse -Kolkata,Tara Maa Dashakaram,SE-8621,961,2026-09-14,84,Banana Leaf Big (1bundle = 50pc),600,Pc,1.75,1050,0,1050
2026-09-14,Kolkata,Central Warehouse -Kolkata,Tara Maa Dashakaram,SE-8621,961,2026-09-14,84,Banana Leaf Big (1bundle = 50pc),400,Pc,2,800,0,800
2026-09-14,Kolkata,Central Warehouse -Kolkata,Tara Maa Dashakaram,SE-8621,961,2026-09-14,92,Banana Leaf Small (1bundle = 50pc),1600,Pc,1.25,2000,0,2000
2026-09-14,Kolkata,Central Warehouse -Kolkata,Tara Maa Dashakaram,SE-8621,961,2026-09-14,50,Raw Coconut,1600,Pc,37,59200,0,59200
2026-09-15,Delhi,Central Warehouse - Delhi,Cash Purchase,SE-7876,08926,2026-09-15,504,Round Kulhad,1060,Pc,5,5300,0,5300
2026-09-15,Delhi,Central Warehouse - Delhi,Cash Purchase,SE-7877,150527,2026-09-15,91,Milk (Adya Dairy),12,Ltr,59,708,0,708
2026-09-15,Delhi,Central Warehouse - Delhi,Cash Purchase,SE-7877,150527,2026-09-15,45,Sevai,3.4,Kg,143.7,488.58,0,488.58
2026-09-15,Delhi,Central Warehouse - Delhi,Cash Purchase,SE-7878,149,2026-09-15,362,Zip Pouch,15,Pkt,120,1800,0,1800
2026-09-15,Delhi,Central Warehouse - Delhi,Javed Dairy,SE-7872,3060,2026-09-15,91,Milk (Adya Dairy),18,Ltr,59,1062,0,1062
2026-09-15,Delhi,Central Warehouse - Delhi,Javed Dairy,SE-7872,3060,2026-09-15,235,Raw Curd,36,Kg,79,2844,0,2844
2026-09-15,Delhi,Central Warehouse - Delhi,Javed Dairy,SE-7873,3061,2026-09-15,91,Milk (Adya Dairy),30,Ltr,59,1770,0,1770
2026-09-15,Delhi,Central Warehouse - Delhi,Javed Dairy,SE-7873,3061,2026-09-15,235,Raw Curd,36,Kg,79,2844,0,2844
2026-09-15,Delhi,Central Warehouse - Delhi,M/S Distributionmasters Traders LLP,SE-7866,2627DMT07575,2026-09-15,76,Milk - Tetra 1Ltr,84,Ltr,83,6972,0,6972
2026-09-15,Delhi,Central Warehouse - Delhi,MANDI FRESH,SE-7864,512,2026-09-15,107,Carrot,20,Kg,32,640,0,640
2026-09-15,Delhi,Central Warehouse - Delhi,MANDI FRESH,SE-7864,512,2026-09-15,115,Coriander Leaves,15,Kg,150,2250,0,2250
2026-09-15,Delhi,Central Warehouse - Delhi,MANDI FRESH,SE-7864,512,2026-09-15,123,Cucumber,2,Kg,25,50,0,50
2026-09-15,Delhi,Central Warehouse - Delhi,MANDI FRESH,SE-7864,512,2026-09-15,131,Curry Leaves,2,Kg,37.5,75,0,75
2026-09-15,Delhi,Central Warehouse - Delhi,MANDI FRESH,SE-7864,512,2026-09-15,149,Drumstick,4,Kg,85,340,0,340
2026-09-15,Delhi,Central Warehouse - Delhi,MANDI FRESH,SE-7864,512,2026-09-15,100,Garlic,8,Kg,125,1000,0,1000
2026-09-15,Delhi,Central Warehouse - Delhi,MANDI FRESH,SE-7864,512,2026-09-15,124,Lime,280,Pc,2,560,0,560
2026-09-15,Delhi,Central Warehouse - Delhi,MANDI FRESH,SE-7864,512,2026-09-15,132,Onion,96,Kg,40,3840,0,3840
2026-09-15,Delhi,Central Warehouse - Delhi,MANDI FRESH,SE-7864,512,2026-09-15,116,Raw Green Chili,8,Kg,40,320,0,320
2026-09-15,Delhi,Central Warehouse - Delhi,MANDI FRESH,SE-7864,512,2026-09-15,279,Raw Lauki,23,Kg,23,529,0,529
2026-09-15,Delhi,Central Warehouse - Delhi,MANDI FRESH,SE-7864,512,2026-09-15,274,Raw Potato,148,Kg,25,3700,0,3700
2026-09-15,Delhi,Central Warehouse - Delhi,MANDI FRESH,SE-7864,512,2026-09-15,280,Raw Pumpkin,11,Kg,23,253,0,253
2026-09-15,Delhi,Central Warehouse - Delhi,MANDI FRESH,SE-7864,512,2026-09-15,141,Tomato,87,Kg,44,3828,0,3828
2026-09-15,Delhi,Central Warehouse - Delhi,MANDI FRESH,SE-7864,512,2026-09-15,416,Watermelon,29,Kg,40,1160,0,1160
2026-09-15,Delhi,Central Warehouse - Delhi,MANDI FRESH,SE-7865,513,2026-09-15,237,Beans,1,Kg,48,48,0,48
2026-09-15,Delhi,Central Warehouse - Delhi,MANDI FRESH,SE-7865,513,2026-09-15,107,Carrot,25,Kg,32,800,0,800
2026-09-15,Delhi,Central Warehouse - Delhi,MANDI FRESH,SE-7865,513,2026-09-15,115,Coriander Leaves,10,Kg,150,1500,0,1500
2026-09-15,Delhi,Central Warehouse - Delhi,MANDI FRESH,SE-7865,513,2026-09-15,149,Drumstick,3,Kg,85,255,0,255
2026-09-15,Delhi,Central Warehouse - Delhi,MANDI FRESH,SE-7865,513,2026-09-15,108,Ginger,10,Kg,160,1600,0,1600
2026-09-15,Delhi,Central Warehouse - Delhi,MANDI FRESH,SE-7865,513,2026-09-15,99,Green Capsicum,4,Kg,48,192,0,192
2026-09-15,Delhi,Central Warehouse - Delhi,MANDI FRESH,SE-7865,513,2026-09-15,124,Lime,280,Pc,2,560,0,560
2026-09-15,Delhi,Central Warehouse - Delhi,MANDI FRESH,SE-7865,513,2026-09-15,451,Mint leaf,1,Kg,70,70,0,70
2026-09-15,Delhi,Central Warehouse - Delhi,MANDI FRESH,SE-7865,513,2026-09-15,132,Onion,146,Kg,40,5840,0,5840
2026-09-15,Delhi,Central Warehouse - Delhi,MANDI FRESH,SE-7865,513,2026-09-15,279,Raw Lauki,28,Kg,23,644,0,644
2026-09-15,Delhi,Central Warehouse - Delhi,MANDI FRESH,SE-7865,513,2026-09-15,133,Raw Mango,6,Kg,150,900,0,900
2026-09-15,Delhi,Central Warehouse - Delhi,MANDI FRESH,SE-7865,513,2026-09-15,274,Raw Potato,150,Kg,25,3750,0,3750
2026-09-15,Delhi,Central Warehouse - Delhi,MANDI FRESH,SE-7865,513,2026-09-15,280,Raw Pumpkin,9.4,Kg,23,216.2,0,216.2
2026-09-15,Delhi,Central Warehouse - Delhi,MANDI FRESH,SE-7865,513,2026-09-15,141,Tomato,105,Kg,44,4620,0,4620
2026-09-15,Delhi,Central Warehouse - Delhi,Shyam Vegetable,SE-7874,1718,2026-09-15,115,Coriander Leaves,10,Kg,150,1500,0,1500
2026-09-15,Delhi,Central Warehouse - Delhi,Shyam Vegetable,SE-7874,1718,2026-09-15,26,Jaggery,20,Kg,90,1800,0,1800
2026-09-15,Delhi,Central Warehouse - Delhi,Shyam Vegetable,SE-7874,1718,2026-09-15,34,Kashmiri Chili Powder,12000,gm,1.01,12120,0,12120
2026-09-15,Delhi,Central Warehouse - Delhi,Shyam Vegetable,SE-7874,1718,2026-09-15,50,Raw Coconut,200,Pc,48,9600,0,9600
2026-09-15,Delhi,Central Warehouse - Delhi,South Indian Pan Shop,SE-7875,2026-27/13489,2026-09-15,30,Appalam Papad (1pkt = 47pc),2820,Pc,4.17,11759.4,0,11759.4
2026-09-15,Delhi,Central Warehouse - Delhi,South Indian Pan Shop,SE-7875,2026-27/13489,2026-09-15,84,Banana Leaf Big (1bundle = 50pc),4000,Pc,2.5,10000,0,10000
2026-09-15,Delhi,Central Warehouse - Delhi,South Indian Pan Shop,SE-7875,2026-27/13489,2026-09-15,92,Banana Leaf Small (1bundle = 50pc),2000,Pc,1.3,2600,0,2600
2026-09-15,Delhi,Central Warehouse - Delhi,South Indian Pan Shop,SE-7875,2026-27/13489,2026-09-15,47,Fried Chana Daal,40,Kg,124,4960,0,4960
2026-09-15,Delhi,Central Warehouse - Delhi,South Indian Pan Shop,SE-7875,2026-27/13489,2026-09-15,26,Jaggery,60,Kg,95,5700,0,5700
2026-09-15,Delhi,Central Warehouse - Delhi,South Indian Pan Shop,SE-7875,2026-27/13489,2026-09-15,62,Whole Heeng,6000,gm,1.7,10200,0,10200
2026-09-15,Delhi,Central Warehouse - Delhi,Zomato Hyperpure Delhi,SE-7867,ZBSDL27-00144866,2026-09-15,76,Milk - Tetra 1Ltr,40,Ltr,79,3160,0,3160
2026-09-15,Delhi,Central Warehouse - Delhi,Zomato Hyperpure Delhi,SE-7868,ZHPDL27-00183439,2026-09-15,368,Besan,3,Kg,108,324,0,324
2026-09-15,Delhi,Central Warehouse - Delhi,Zomato Hyperpure Delhi,SE-7868,ZHPDL27-00183439,2026-09-15,39,Cashew,5,Kg,910.2,4551,0,4551
2026-09-15,Delhi,Central Warehouse - Delhi,Zomato Hyperpure Delhi,SE-7868,ZHPDL27-00183439,2026-09-15,353,Sabudana,4,Kg,110.3,441.2,0,441.2
2026-09-15,Delhi,Central Warehouse - Delhi,Zomato Hyperpure Delhi,SE-7868,ZHPDL27-00183439,2026-09-15,391,White Butter,15,Kg,627.9,9418.5,0,9418.5
2026-09-15,Delhi,Central Warehouse - Delhi,Zomato Hyperpure Delhi,SE-7868,ZHPDL27-00183439,2026-09-15,31,White Sugar Sachet (1pkt = 200pc),2000,Pc,0.74,1480,0,1480
2026-09-15,Delhi,Central Warehouse - Delhi,Zomato Hyperpure Delhi,SE-7868,ZHPDL27-00183439,2026-09-15,77,Whole Black Pepper,2,Kg,958.5,1917,0,1917
2026-09-15,Delhi,Central Warehouse - Delhi,Zomato Hyperpure Delhi,SE-7868,ZHPDL27-00183439,2026-09-15,70,Whole Methi,10000,gm,0.12,1218,0,1218
2026-09-15,Delhi,Central Warehouse - Delhi,Zomato Hyperpure Delhi,SE-7868,ZHPDL27-00183439,2026-09-15,301,Wiper,2,Pc,341,682,0,682
2026-09-15,Delhi,Central Warehouse - Delhi,Zomato Hyperpure Delhi,SE-7869,ZBSDL27-00145518,2026-09-15,76,Milk - Tetra 1Ltr,28,Ltr,79,2212,0,2212
2026-09-15,Delhi,Central Warehouse - Delhi,Zomato Hyperpure Delhi,SE-7870,ZBSDL27-00145566,2026-09-15,76,Milk - Tetra 1Ltr,12,Ltr,79,948,0,948
2026-09-15,Delhi,Central Warehouse - Delhi,Zomato Hyperpure Delhi,SE-7870,ZBSDL27-00145566,2026-09-15,76,Milk - Tetra 1Ltr,120,Ltr,77,9240,0,9240
2026-09-15,Delhi,Central Warehouse - Delhi,Zomato Hyperpure Delhi,SE-7871,ZHPDL27-00184224,2026-09-15,75,Ghee,32.58,Kg,826.18,26916.94,0,26916.94
2026-09-15,Delhi,Central Warehouse - Delhi,Zomato Hyperpure Delhi,SE-7871,ZHPDL27-00184224,2026-09-15,127,Glen Container With Lid - 500ml (1pkt = 50pc),2500,Pc,7.81,19525,0,19525
2026-09-15,Delhi,Central Warehouse - Delhi,Zomato Hyperpure Delhi,SE-7871,ZHPDL27-00184224,2026-09-15,31,White Sugar Sachet (1pkt = 200pc),2400,Pc,0.73,1752,0,1752
2026-09-15,Kolkata,Central Warehouse -Kolkata,ASR Enterprise,SE-8624,7701,2026-09-15,30,Appalam Papad (1pkt = 47pc),705,Pc,3.83,2700.15,0,2700.15
2026-09-15,Kolkata,Central Warehouse -Kolkata,Adya Dairy,SE-8622,GS262706/55711,2026-09-15,91,Milk (Adya Dairy),17,Ltr,62,1054,0,1054
2026-09-15,Kolkata,Central Warehouse -Kolkata,Adya Dairy,SE-8622,GS262706/55711,2026-09-15,60,Paneer,4,Kg,299,1196,0,1196
2026-09-15,Kolkata,Central Warehouse -Kolkata,Adya Dairy,SE-8622,GS262706/55711,2026-09-15,235,Raw Curd,20,Kg,71.4,1428,0,1428
2026-09-15,Kolkata,Central Warehouse -Kolkata,BAGRODIA SUPERMARKETS PVT LTD,SE-8628,BS/26-27/023323,2026-09-15,29,Salt,300,Kg,27,8100,0,8100
2026-09-15,Kolkata,Central Warehouse -Kolkata,BAGRODIA SUPERMARKETS PVT LTD,SE-8629,BS/26-27/023329,2026-09-15,53,Sugar,50,Kg,67.2,3360,0,3360
2026-09-15,Kolkata,Central Warehouse -Kolkata,BAGRODIA SUPERMARKETS PVT LTD,SE-8630,BS/26-27/023320,2026-09-15,39,Cashew,15,Kg,840,12600,0,12600
2026-09-15,Kolkata,Central Warehouse -Kolkata,BAGRODIA SUPERMARKETS PVT LTD,SE-8630,BS/26-27/023320,2026-09-15,34,Kashmiri Chili Powder,50,Kg,890.36,44518,0,44518
2026-09-15,Kolkata,Central Warehouse -Kolkata,BAGRODIA SUPERMARKETS PVT LTD,SE-8630,BS/26-27/023320,2026-09-15,44,Refined Flour (Maida),100,Kg,53.59,5359,0,5359
2026-09-15,Kolkata,Central Warehouse -Kolkata,BAGRODIA SUPERMARKETS PVT LTD,SE-8630,BS/26-27/023320,2026-09-15,52,Sooji,150,Kg,56.41,8461.5,0,8461.5
2026-09-15,Kolkata,Central Warehouse -Kolkata,BAGRODIA SUPERMARKETS PVT LTD,SE-8630,BS/26-27/023320,2026-09-15,25,Turmeric Powder,15,Kg,335.4,5031,0,5031
2026-09-15,Kolkata,Central Warehouse -Kolkata,Diamond Beverage,SE-8631,SIU1-2627-027839,2026-09-15,88,Schweppes Water - 500ml,960,Pc,21,20160,0,20160
2026-09-15,Kolkata,Central Warehouse -Kolkata,KAGAZKAAR RETAIL PACKAGING PVT LTD,SE-8626,KRPPL/0121/26-27,2026-09-15,98,Carry Bag - Small (1pkt = 100pc),9900,Pc,6.73,66627,0,66627
2026-09-15,Kolkata,Central Warehouse -Kolkata,Radha Krishana Enterprise,SE-8623,1236,2026-09-15,237,Beans,2,Kg,75,150,0,150
2026-09-15,Kolkata,Central Warehouse -Kolkata,Radha Krishana Enterprise,SE-8623,1236,2026-09-15,107,Carrot,14.6,Kg,41,598.6,0,598.6
2026-09-15,Kolkata,Central Warehouse -Kolkata,Radha Krishana Enterprise,SE-8623,1236,2026-09-15,115,Coriander Leaves,8.7,Kg,100,870,0,870
2026-09-15,Kolkata,Central Warehouse -Kolkata,Radha Krishana Enterprise,SE-8623,1236,2026-09-15,123,Cucumber,2,Kg,25,50,0,50
2026-09-15,Kolkata,Central Warehouse -Kolkata,Radha Krishana Enterprise,SE-8623,1236,2026-09-15,131,Curry Leaves,2.8,Kg,72,201.6,0,201.6
2026-09-15,Kolkata,Central Warehouse -Kolkata,Radha Krishana Enterprise,SE-8623,1236,2026-09-15,149,Drumstick,3.9,Kg,90,351,0,351
2026-09-15,Kolkata,Central Warehouse -Kolkata,Radha Krishana Enterprise,SE-8623,1236,2026-09-15,100,Garlic,4,Kg,140,560,0,560
2026-09-15,Kolkata,Central Warehouse -Kolkata,Radha Krishana Enterprise,SE-8623,1236,2026-09-15,108,Ginger,17,Kg,132,2244,0,2244
2026-09-15,Kolkata,Central Warehouse -Kolkata,Radha Krishana Enterprise,SE-8623,1236,2026-09-15,99,Green Capsicum,1,Kg,67,67,0,67
2026-09-15,Kolkata,Central Warehouse -Kolkata,Radha Krishana Enterprise,SE-8623,1236,2026-09-15,124,Lime,300,Pc,3.5,1050,0,1050
2026-09-15,Kolkata,Central Warehouse -Kolkata,Radha Krishana Enterprise,SE-8623,1236,2026-09-15,451,Mint leaf,1,Kg,180,180,0,180
2026-09-15,Kolkata,Central Warehouse -Kolkata,Radha Krishana Enterprise,SE-8623,1236,2026-09-15,132,Onion,80,Kg,37,2960,0,2960
2026-09-15,Kolkata,Central Warehouse -Kolkata,Radha Krishana Enterprise,SE-8623,1236,2026-09-15,116,Raw Green Chili,11.5,Kg,75,862.5,0,862.5
2026-09-15,Kolkata,Central Warehouse -Kolkata,Radha Krishana Enterprise,SE-8623,1236,2026-09-15,133,Raw Mango,10,Kg,85,850,0,850
2026-09-15,Kolkata,Central Warehouse -Kolkata,Radha Krishana Enterprise,SE-8623,1236,2026-09-15,274,Raw Potato,173,Kg,18,3114,0,3114
2026-09-15,Kolkata,Central Warehouse -Kolkata,Radha Krishana Enterprise,SE-8623,1236,2026-09-15,141,Tomato,52.8,Kg,40,2112,0,2112
2026-09-15,Kolkata,Central Warehouse -Kolkata,Radha Krishana Enterprise,SE-8623,1236,2026-09-15,416,Watermelon,37.7,Kg,35,1319.5,0,1319.5
2026-09-15,Kolkata,Central Warehouse -Kolkata,SHREE GOPAL PAPER & PRINTERS,SE-8625,052/26-27,2026-09-15,121,Paper Tray Mat (1pkt = 500pc),2000,Pc,0.95,1900,0,1900
2026-09-15,Kolkata,Central Warehouse -Kolkata,SHREE GOPAL PAPER & PRINTERS,SE-8625,052/26-27,2026-09-15,247,Sticker - MRD (1sheet=108pc),15012,Pc,0.13,1951.56,0,1951.56
2026-09-15,Kolkata,Central Warehouse -Kolkata,Tara Maa Dashakaram,SE-8627,964,2026-09-15,84,Banana Leaf Big (1bundle = 50pc),800,Pc,1.75,1400,0,1400
2026-09-15,Kolkata,Central Warehouse -Kolkata,Tara Maa Dashakaram,SE-8627,964,2026-09-15,84,Banana Leaf Big (1bundle = 50pc),400,Pc,2,800,0,800
2026-09-16,Delhi,Central Warehouse - Delhi,Javed Dairy,SE-7885,3062,2026-09-16,91,Milk (Adya Dairy),18,Ltr,59,1062,0,1062
2026-09-16,Delhi,Central Warehouse - Delhi,Javed Dairy,SE-7885,3062,2026-09-16,60,Paneer,12,Kg,450,5400,0,5400
2026-09-16,Delhi,Central Warehouse - Delhi,Javed Dairy,SE-7885,3062,2026-09-16,235,Raw Curd,24,Kg,79,1896,0,1896
2026-09-16,Delhi,Central Warehouse - Delhi,MANDI FRESH,SE-7884,519,2026-09-16,107,Carrot,25,Kg,32,800,0,800
2026-09-16,Delhi,Central Warehouse - Delhi,MANDI FRESH,SE-7884,519,2026-09-16,115,Coriander Leaves,5,Kg,150,750,0,750
2026-09-16,Delhi,Central Warehouse - Delhi,MANDI FRESH,SE-7884,519,2026-09-16,149,Drumstick,5,Kg,85,425,0,425
2026-09-16,Delhi,Central Warehouse - Delhi,MANDI FRESH,SE-7884,519,2026-09-16,99,Green Capsicum,1,Kg,48,48,0,48
2026-09-16,Delhi,Central Warehouse - Delhi,MANDI FRESH,SE-7884,519,2026-09-16,124,Lime,800,Pc,2,1600,0,1600
2026-09-16,Delhi,Central Warehouse - Delhi,MANDI FRESH,SE-7884,519,2026-09-16,132,Onion,121,Kg,40,4840,0,4840
2026-09-16,Delhi,Central Warehouse - Delhi,MANDI FRESH,SE-7884,519,2026-09-16,274,Raw Potato,150,Kg,25,3750,0,3750
2026-09-16,Delhi,Central Warehouse - Delhi,MANDI FRESH,SE-7884,519,2026-09-16,280,Raw Pumpkin,20,Kg,23,460,0,460
2026-09-16,Delhi,Central Warehouse - Delhi,MANDI FRESH,SE-7884,519,2026-09-16,141,Tomato,53,Kg,44,2332,0,2332
2026-09-16,Delhi,Central Warehouse - Delhi,MANDI FRESH,SE-7884,519,2026-09-16,416,Watermelon,30,Kg,40,1200,0,1200
2026-09-16,Delhi,Central Warehouse - Delhi,Shyam Vegetable,SE-7879,1720,2026-09-16,50,Raw Coconut,100,Pc,48,4800,0,4800
2026-09-16,Delhi,Central Warehouse - Delhi,Shyam Vegetable,SE-7879,1720,2026-09-16,275,Whole Coriander (Gota Dhaniya),30,Kg,250,7500,0,7500
2026-09-16,Delhi,Central Warehouse - Delhi,Zomato Hyperpure Delhi,SE-7880,ZBSDL27-00185799,2026-09-16,34,Kashmiri Chili Powder,20000,gm,1.01,20296,0,20296
2026-09-16,Delhi,Central Warehouse - Delhi,Zomato Hyperpure Delhi,SE-7881,ZBSDL27-00146710,2026-09-16,47,Fried Chana Daal,150,Kg,139.33,20899.5,0,20899.5
2026-09-16,Delhi,Central Warehouse - Delhi,Zomato Hyperpure Delhi,SE-7882,ZBSDL27-00146713,2026-09-16,76,Milk - Tetra 1Ltr,40,Ltr,79,3160,0,3160
2026-09-16,Delhi,Central Warehouse - Delhi,Zomato Hyperpure Delhi,SE-7882,ZBSDL27-00146713,2026-09-16,536,Rock Salt,6,Kg,64,384,0,384
2026-09-16,Delhi,Central Warehouse - Delhi,Zomato Hyperpure Delhi,SE-7883,ZHPDL27-00185803,2026-09-16,368,Besan,8,Kg,109.2,873.6,0,873.6
2026-09-16,Delhi,Central Warehouse - Delhi,Zomato Hyperpure Delhi,SE-7883,ZHPDL27-00185803,2026-09-16,39,Cashew,20,Kg,910.36,18207.2,0,18207.2
2026-09-16,Delhi,Central Warehouse - Delhi,Zomato Hyperpure Delhi,SE-7883,ZHPDL27-00185803,2026-09-16,153,Check Cloth,60,Pc,7.44,446.4,0,446.4
2026-09-16,Delhi,Central Warehouse - Delhi,Zomato Hyperpure Delhi,SE-7883,ZHPDL27-00185803,2026-09-16,145,Dosa Duster,60,Pc,16.27,976.2,0,976.2
2026-09-16,Delhi,Central Warehouse - Delhi,Zomato Hyperpure Delhi,SE-7883,ZHPDL27-00185803,2026-09-16,40,Dry Red Chili,5000,gm,0.37,1857.5,0,1857.5
2026-09-16,Delhi,Central Warehouse - Delhi,Zomato Hyperpure Delhi,SE-7883,ZHPDL27-00185803,2026-09-16,491,Khoa,3,Kg,346.4,1039.2,0,1039.2
2026-09-16,Delhi,Central Warehouse - Delhi,Zomato Hyperpure Delhi,SE-7883,ZHPDL27-00185803,2026-09-16,13,Milk Powder,4,Kg,593.3,2373.2,0,2373.2
2026-09-16,Delhi,Central Warehouse - Delhi,Zomato Hyperpure Delhi,SE-7883,ZHPDL27-00185803,2026-09-16,535,Poha,10,Kg,90.32,903.2,0,903.2
2026-09-16,Delhi,Central Warehouse - Delhi,Zomato Hyperpure Delhi,SE-7883,ZHPDL27-00185803,2026-09-16,28,Raw Peanut,5,Kg,249,1245,0,1245
2026-09-16,Delhi,Central Warehouse - Delhi,Zomato Hyperpure Delhi,SE-7883,ZHPDL27-00185803,2026-09-16,265,Room Freshner,10,Pc,108.5,1085,0,1085
2026-09-16,Delhi,Central Warehouse - Delhi,Zomato Hyperpure Delhi,SE-7883,ZHPDL27-00185803,2026-09-16,312,Sounf,12,Kg,374.88,4498.56,0,4498.56
2026-09-16,Delhi,Central Warehouse - Delhi,Zomato Hyperpure Delhi,SE-7883,ZHPDL27-00185803,2026-09-16,25,Turmeric Powder,10000,gm,0.36,3603,0,3603
2026-09-16,Delhi,Central Warehouse - Delhi,Zomato Hyperpure Delhi,SE-7883,ZHPDL27-00185803,2026-09-16,31,White Sugar Sachet (1pkt = 200pc),4000,Pc,0.73,2920,0,2920
2026-09-16,Delhi,Central Warehouse - Delhi,Zomato Hyperpure Delhi,SE-7883,ZHPDL27-00185803,2026-09-16,32,Whole Cumin,10,Kg,308.7,3087,0,3087
2026-09-16,Delhi,Central Warehouse - Delhi,Zomato Hyperpure Delhi,SE-7883,ZHPDL27-00185803,2026-09-16,70,Whole Methi,5000,gm,0.13,640,0,640
2026-09-16,Kolkata,Central Warehouse -Kolkata,Aas Supply,SE-8648,760,2026-09-16,18,Idli Rice (Miniket),2080,Kg,53,110240,0,110240
2026-09-16,Kolkata,Central Warehouse -Kolkata,Adya Dairy,SE-8632,GS262706/56126,2026-09-16,91,Milk (Adya Dairy),17,Ltr,62,1054,0,1054
2026-09-16,Kolkata,Central Warehouse -Kolkata,Adya Dairy,SE-8632,GS262706/56126,2026-09-16,60,Paneer,4,Kg,299,1196,0,1196
2026-09-16,Kolkata,Central Warehouse -Kolkata,Adya Dairy,SE-8632,GS262706/56126,2026-09-16,235,Raw Curd,25,Kg,71.4,1785,0,1785
2026-09-16,Kolkata,Central Warehouse -Kolkata,Ashirvad Enterprise,SE-8637,AE/263-27/2892,2026-09-16,26,Jaggery,200,Kg,86,17200,0,17200
2026-09-16,Kolkata,Central Warehouse -Kolkata,Ashirvad Enterprise,SE-8637,AE/263-27/2892,2026-09-16,19,Small Moong Daal,10,Kg,134,1340,0,1340
2026-09-16,Kolkata,Central Warehouse -Kolkata,Ashirvad Enterprise,SE-8638,RTE/26-27/4158,2026-09-16,459,Jaggery Powder (250gm=1pkt),2,Kg,100,200,0,200
2026-09-16,Kolkata,Central Warehouse -Kolkata,Ashirvad Enterprise,SE-8638,RTE/26-27/4158,2026-09-16,23,Sugar Free Sachet (1box=100pc),5,Pkt,99.75,498.75,0,498.75
2026-09-16,Kolkata,Central Warehouse -Kolkata,Ashirvad Enterprise,SE-8642,AE/26-27/27978,2026-09-16,26,Jaggery,75,Kg,86,6450,0,6450
2026-09-16,Kolkata,Central Warehouse -Kolkata,BAGRODIA SUPERMARKETS PVT LTD,SE-8635,BS/26-27/023324,2026-09-16,13,Milk Powder,10,Kg,446.25,4462.5,0,4462.5
2026-09-16,Kolkata,Central Warehouse -Kolkata,BAGRODIA SUPERMARKETS PVT LTD,SE-8635,BS/26-27/023324,2026-09-16,31,White Sugar Sachet (1pkt = 200pc),10000,Pc,0.45,4500,0,4500
2026-09-16,Kolkata,Central Warehouse -Kolkata,BAGRODIA SUPERMARKETS PVT LTD,SE-8636,BS/26-27/021346,2026-09-16,463,Brown Sugar Sachet (1pkt = 200pc),3000,Pc,0.5,1500,0,1500
2026-09-16,Kolkata,Central Warehouse -Kolkata,BAGRODIA SUPERMARKETS PVT LTD,SE-8636,BS/26-27/021346,2026-09-16,39,Cashew,15,Kg,840,12600,0,12600
2026-09-16,Kolkata,Central Warehouse -Kolkata,BAGRODIA SUPERMARKETS PVT LTD,SE-8636,BS/26-27/021346,2026-09-16,518,Castor Sugar,8,Kg,89.25,714,0,714
2026-09-16,Kolkata,Central Warehouse -Kolkata,BAGRODIA SUPERMARKETS PVT LTD,SE-8636,BS/26-27/021346,2026-09-16,40,Dry Red Chili,10,Kg,273,2730,0,2730
2026-09-16,Kolkata,Central Warehouse -Kolkata,BAGRODIA SUPERMARKETS PVT LTD,SE-8636,BS/26-27/021346,2026-09-16,13,Milk Powder,20,Kg,446.25,8925,0,8925
2026-09-16,Kolkata,Central Warehouse -Kolkata,BAGRODIA SUPERMARKETS PVT LTD,SE-8636,BS/26-27/021346,2026-09-16,9,Raisin,2,Kg,441,882,0,882
2026-09-16,Kolkata,Central Warehouse -Kolkata,BAGRODIA SUPERMARKETS PVT LTD,SE-8636,BS/26-27/021346,2026-09-16,52,Sooji,150,Kg,56.4,8460,0,8460
2026-09-16,Kolkata,Central Warehouse -Kolkata,BAGRODIA SUPERMARKETS PVT LTD,SE-8636,BS/26-27/021346,2026-09-16,53,Sugar,200,Kg,67.2,13440,0,13440
2026-09-16,Kolkata,Central Warehouse -Kolkata,BAGRODIA SUPERMARKETS PVT LTD,SE-8636,BS/26-27/021346,2026-09-16,11,Tea Leaf,10,Kg,204.75,2047.5,0,2047.5
2026-09-16,Kolkata,Central Warehouse -Kolkata,BAGRODIA SUPERMARKETS PVT LTD,SE-8636,BS/26-27/021346,2026-09-16,31,White Sugar Sachet (1pkt = 200pc),200,Pc,0.44,88,0,88
2026-09-16,Kolkata,Central Warehouse -Kolkata,BAGRODIA SUPERMARKETS PVT LTD,SE-8636,BS/26-27/021346,2026-09-16,78,Whole Elaichi,1,Kg,3150,3150,0,3150
2026-09-16,Kolkata,Central Warehouse -Kolkata,BAGRODIA SUPERMARKETS PVT LTD,SE-8639,BS/26-27/023424,2026-09-16,76,Milk - Tetra 1Ltr,474,Ltr,78.1,37019.4,0,37019.4
2026-09-16,Kolkata,Central Warehouse -Kolkata,BAGRODIA SUPERMARKETS PVT LTD,SE-8640,BS/26-27/023579,2026-09-16,40,Dry Red Chili,10,Kg,273,2730,0,2730
2026-09-16,Kolkata,Central Warehouse -Kolkata,BAGRODIA SUPERMARKETS PVT LTD,SE-8640,BS/26-27/023579,2026-09-16,28,Raw Peanut,2,Kg,162.75,325.5,0,325.5
2026-09-16,Kolkata,Central Warehouse -Kolkata,BAGRODIA SUPERMARKETS PVT LTD,SE-8640,BS/26-27/023579,2026-09-16,44,Refined Flour (Maida),120,Kg,53.59,6430.8,0,6430.8
2026-09-16,Kolkata,Central Warehouse -Kolkata,BAGRODIA SUPERMARKETS PVT LTD,SE-8646,BS/26-27/023319,2026-09-16,47,Fried Chana Daal,493,Kg,96,47328,0,47328
2026-09-16,Kolkata,Central Warehouse -Kolkata,BM Agarwal,SE-8644,160926,2026-09-16,41,Idli Daal (Rajkot),600,Kg,175,105000,0,105000
2026-09-16,Kolkata,Central Warehouse -Kolkata,Bio Box India,SE-8645,INV-008061,2026-09-16,430,"Areca 10"" Plate",1000,Pc,6,6000,0,6000
2026-09-16,Kolkata,Central Warehouse -Kolkata,M/S Sanjay Patodia,SE-8647,PPF/26-27/004536,2026-09-16,391,White Butter,48,Kg,611.11,29333.28,0,29333.28
2026-09-16,Kolkata,Central Warehouse -Kolkata,Radha Krishana Enterprise,SE-8633,1182,2026-09-16,237,Beans,3,Kg,75,225,0,225
2026-09-16,Kolkata,Central Warehouse -Kolkata,Radha Krishana Enterprise,SE-8633,1182,2026-09-16,107,Carrot,25,Kg,41,1025,0,1025
2026-09-16,Kolkata,Central Warehouse -Kolkata,Radha Krishana Enterprise,SE-8633,1182,2026-09-16,115,Coriander Leaves,5.5,Kg,100,550,0,550
2026-09-16,Kolkata,Central Warehouse -Kolkata,Radha Krishana Enterprise,SE-8633,1182,2026-09-16,123,Cucumber,1.5,Kg,25,37.5,0,37.5
2026-09-16,Kolkata,Central Warehouse -Kolkata,Radha Krishana Enterprise,SE-8633,1182,2026-09-16,131,Curry Leaves,3,Kg,72,216,0,216
2026-09-16,Kolkata,Central Warehouse -Kolkata,Radha Krishana Enterprise,SE-8633,1182,2026-09-16,149,Drumstick,3,Kg,90,270,0,270
2026-09-16,Kolkata,Central Warehouse -Kolkata,Radha Krishana Enterprise,SE-8633,1182,2026-09-16,100,Garlic,3,Kg,140,420,0,420
2026-09-16,Kolkata,Central Warehouse -Kolkata,Radha Krishana Enterprise,SE-8633,1182,2026-09-16,108,Ginger,10,Kg,132,1320,0,1320
2026-09-16,Kolkata,Central Warehouse -Kolkata,Radha Krishana Enterprise,SE-8633,1182,2026-09-16,99,Green Capsicum,1,Kg,67,67,0,67
2026-09-16,Kolkata,Central Warehouse -Kolkata,Radha Krishana Enterprise,SE-8633,1182,2026-09-16,491,Khoa,2,Kg,250,500,0,500
2026-09-16,Kolkata,Central Warehouse -Kolkata,Radha Krishana Enterprise,SE-8633,1182,2026-09-16,124,Lime,300,Pc,3.5,1050,0,1050
2026-09-16,Kolkata,Central Warehouse -Kolkata,Radha Krishana Enterprise,SE-8633,1182,2026-09-16,451,Mint leaf,1,Kg,180,180,0,180
2026-09-16,Kolkata,Central Warehouse -Kolkata,Radha Krishana Enterprise,SE-8633,1182,2026-09-16,132,Onion,50,Kg,37,1850,0,1850
2026-09-16,Kolkata,Central Warehouse -Kolkata,Radha Krishana Enterprise,SE-8633,1182,2026-09-16,116,Raw Green Chili,6,Kg,75,450,0,450
2026-09-16,Kolkata,Central Warehouse -Kolkata,Radha Krishana Enterprise,SE-8633,1182,2026-09-16,279,Raw Lauki,52,Kg,25,1300,0,1300
2026-09-16,Kolkata,Central Warehouse -Kolkata,Radha Krishana Enterprise,SE-8633,1182,2026-09-16,133,Raw Mango,5,Kg,85,425,0,425
2026-09-16,Kolkata,Central Warehouse -Kolkata,Radha Krishana Enterprise,SE-8633,1182,2026-09-16,274,Raw Potato,98,Kg,18,1764,0,1764
2026-09-16,Kolkata,Central Warehouse -Kolkata,Radha Krishana Enterprise,SE-8633,1182,2026-09-16,280,Raw Pumpkin,78,Kg,27,2106,0,2106
2026-09-16,Kolkata,Central Warehouse -Kolkata,Radha Krishana Enterprise,SE-8633,1182,2026-09-16,141,Tomato,120,Kg,40,4800,0,4800
2026-09-16,Kolkata,Central Warehouse -Kolkata,Radha Krishana Enterprise,SE-8633,1182,2026-09-16,416,Watermelon,16,Kg,35,560,0,560
2026-09-16,Kolkata,Central Warehouse -Kolkata,Spring Valley Computech P Ltd,SE-8634,SVC/2026-27/2121,2026-09-16,4,Cothas Coffee Powder,100,Kg,865,86500,0,86500
2026-09-16,Kolkata,Central Warehouse -Kolkata,Tara Maa Dashakaram,SE-8643,967,2026-09-16,84,Banana Leaf Big (1bundle = 50pc),800,Pc,1.75,1400,0,1400
2026-09-16,Kolkata,Central Warehouse -Kolkata,Tara Maa Dashakaram,SE-8643,967,2026-09-16,84,Banana Leaf Big (1bundle = 50pc),400,Pc,2,800,0,800
2026-09-16,Kolkata,Central Warehouse -Kolkata,Tara Maa Dashakaram,SE-8643,967,2026-09-16,92,Banana Leaf Small (1bundle = 50pc),1600,Pc,1.25,2000,0,2000
2026-09-16,Kolkata,Central Warehouse -Kolkata,Zomato Hyperpure Kolkata,SE-8641,ZHPWB27-00108306,2026-09-16,14,Amul Butter,20,Kg,617.4,12348,0,12348
2026-09-17,Kolkata,Central Warehouse -Kolkata,Adya Dairy,SE-8649,GS262706/56588,2026-09-17,91,Milk (Adya Dairy),17,Ltr,62,1054,0,1054
2026-09-17,Kolkata,Central Warehouse -Kolkata,Adya Dairy,SE-8649,GS262706/56588,2026-09-17,60,Paneer,6,Kg,299,1794,0,1794
2026-09-17,Kolkata,Central Warehouse -Kolkata,Adya Dairy,SE-8649,GS262706/56588,2026-09-17,235,Raw Curd,40,Kg,71.4,2856,0,2856
2026-09-17,Kolkata,Central Warehouse -Kolkata,R.C Enterprises,SE-8652,GSTIC262705286,2026-09-17,297,Amul IC BP Vanilla (5L) CF,300,Ltr,99,29700,0,29700
2026-09-17,Kolkata,Central Warehouse -Kolkata,Radha Krishana Enterprise,SE-8650,1187,2026-09-17,122,Amada,2.5,Kg,70,175,0,175
2026-09-17,Kolkata,Central Warehouse -Kolkata,Radha Krishana Enterprise,SE-8650,1187,2026-09-17,237,Beans,3,Kg,75,225,0,225
2026-09-17,Kolkata,Central Warehouse -Kolkata,Radha Krishana Enterprise,SE-8650,1187,2026-09-17,107,Carrot,15,Kg,41,615,0,615
2026-09-17,Kolkata,Central Warehouse -Kolkata,Radha Krishana Enterprise,SE-8650,1187,2026-09-17,115,Coriander Leaves,3.9,Kg,100,390,0,390
2026-09-17,Kolkata,Central Warehouse -Kolkata,Radha Krishana Enterprise,SE-8650,1187,2026-09-17,123,Cucumber,2,Kg,25,50,0,50
2026-09-17,Kolkata,Central Warehouse -Kolkata,Radha Krishana Enterprise,SE-8650,1187,2026-09-17,131,Curry Leaves,4,Kg,72,288,0,288
2026-09-17,Kolkata,Central Warehouse -Kolkata,Radha Krishana Enterprise,SE-8650,1187,2026-09-17,149,Drumstick,3.7,Kg,90,333,0,333
2026-09-17,Kolkata,Central Warehouse -Kolkata,Radha Krishana Enterprise,SE-8650,1187,2026-09-17,100,Garlic,4,Kg,140,560,0,560
2026-09-17,Kolkata,Central Warehouse -Kolkata,Radha Krishana Enterprise,SE-8650,1187,2026-09-17,108,Ginger,16.6,Kg,132,2191.2,0,2191.2
2026-09-17,Kolkata,Central Warehouse -Kolkata,Radha Krishana Enterprise,SE-8650,1187,2026-09-17,124,Lime,500,Pc,3.5,1750,0,1750
2026-09-17,Kolkata,Central Warehouse -Kolkata,Radha Krishana Enterprise,SE-8650,1187,2026-09-17,451,Mint leaf,1,Kg,180,180,0,180
2026-09-17,Kolkata,Central Warehouse -Kolkata,Radha Krishana Enterprise,SE-8650,1187,2026-09-17,132,Onion,50,Kg,37,1850,0,1850
2026-09-17,Kolkata,Central Warehouse -Kolkata,Radha Krishana Enterprise,SE-8650,1187,2026-09-17,116,Raw Green Chili,7.3,Kg,75,547.5,0,547.5
2026-09-17,Kolkata,Central Warehouse -Kolkata,Radha Krishana Enterprise,SE-8650,1187,2026-09-17,133,Raw Mango,5,Kg,85,425,0,425
2026-09-17,Kolkata,Central Warehouse -Kolkata,Radha Krishana Enterprise,SE-8650,1187,2026-09-17,274,Raw Potato,161.5,Kg,18,2907,0,2907
2026-09-17,Kolkata,Central Warehouse -Kolkata,Radha Krishana Enterprise,SE-8650,1187,2026-09-17,141,Tomato,50.7,Kg,40,2028,0,2028
2026-09-17,Kolkata,Central Warehouse -Kolkata,Radha Krishana Enterprise,SE-8650,1187,2026-09-17,416,Watermelon,28.8,Kg,35,1008,0,1008
2026-09-17,Kolkata,Central Warehouse -Kolkata,Tara Maa Dashakaram,SE-8653,971,2026-09-17,84,Banana Leaf Big (1bundle = 50pc),1000,Pc,1.75,1750,0,1750
2026-09-17,Kolkata,Central Warehouse -Kolkata,Tara Maa Dashakaram,SE-8653,971,2026-09-17,92,Banana Leaf Small (1bundle = 50pc),600,Pc,1.25,750,0,750
2026-09-17,Kolkata,Central Warehouse -Kolkata,Zomato Hyperpure Kolkata,SE-8651,ZHPWB27-00112505,2026-09-17,391,White Butter,30,Kg,606.9,18207,0,18207
2026-09-18,Kolkata,Central Warehouse -Kolkata,Aas Supply,SE-8654,768A,2026-09-18,50,Raw Coconut,1300,Pc,37,48100,0,48100
2026-09-18,Kolkata,Central Warehouse -Kolkata,Cash Purchase,SE-8656,180926,2026-09-18,51,Rice Powder,18,Kg,100,1800,0,1800
2026-09-18,Kolkata,Central Warehouse -Kolkata,Radha Krishana Enterprise,SE-8655,1240,2026-09-18,237,Beans,4,Kg,75,300,0,300
2026-09-18,Kolkata,Central Warehouse -Kolkata,Radha Krishana Enterprise,SE-8655,1240,2026-09-18,107,Carrot,19,Kg,41,779,0,779
2026-09-18,Kolkata,Central Warehouse -Kolkata,Radha Krishana Enterprise,SE-8655,1240,2026-09-18,115,Coriander Leaves,3.9,Kg,100,390,0,390
2026-09-18,Kolkata,Central Warehouse -Kolkata,Radha Krishana Enterprise,SE-8655,1240,2026-09-18,123,Cucumber,3.5,Kg,25,87.5,0,87.5
2026-09-18,Kolkata,Central Warehouse -Kolkata,Radha Krishana Enterprise,SE-8655,1240,2026-09-18,131,Curry Leaves,3.9,Kg,72,280.8,0,280.8
2026-09-18,Kolkata,Central Warehouse -Kolkata,Radha Krishana Enterprise,SE-8655,1240,2026-09-18,149,Drumstick,4,Kg,90,360,0,360
2026-09-18,Kolkata,Central Warehouse -Kolkata,Radha Krishana Enterprise,SE-8655,1240,2026-09-18,100,Garlic,6,Kg,140,840,0,840
2026-09-18,Kolkata,Central Warehouse -Kolkata,Radha Krishana Enterprise,SE-8655,1240,2026-09-18,108,Ginger,15,Kg,132,1980,0,1980
2026-09-18,Kolkata,Central Warehouse -Kolkata,Radha Krishana Enterprise,SE-8655,1240,2026-09-18,99,Green Capsicum,1.9,Kg,67,127.3,0,127.3
2026-09-18,Kolkata,Central Warehouse -Kolkata,Radha Krishana Enterprise,SE-8655,1240,2026-09-18,491,Khoa,2,Kg,250,500,0,500
2026-09-18,Kolkata,Central Warehouse -Kolkata,Radha Krishana Enterprise,SE-8655,1240,2026-09-18,124,Lime,500,Pc,3.5,1750,0,1750
2026-09-18,Kolkata,Central Warehouse -Kolkata,Radha Krishana Enterprise,SE-8655,1240,2026-09-18,451,Mint leaf,3,Kg,180,540,0,540
2026-09-18,Kolkata,Central Warehouse -Kolkata,Radha Krishana Enterprise,SE-8655,1240,2026-09-18,132,Onion,147.8,Kg,37,5468.6,0,5468.6
2026-09-18,Kolkata,Central Warehouse -Kolkata,Radha Krishana Enterprise,SE-8655,1240,2026-09-18,116,Raw Green Chili,9.8,Kg,75,735,0,735
2026-09-18,Kolkata,Central Warehouse -Kolkata,Radha Krishana Enterprise,SE-8655,1240,2026-09-18,279,Raw Lauki,43,Kg,25,1075,0,1075
2026-09-18,Kolkata,Central Warehouse -Kolkata,Radha Krishana Enterprise,SE-8655,1240,2026-09-18,133,Raw Mango,10,Kg,85,850,0,850
2026-09-18,Kolkata,Central Warehouse -Kolkata,Radha Krishana Enterprise,SE-8655,1240,2026-09-18,274,Raw Potato,196,Kg,18,3528,0,3528
2026-09-18,Kolkata,Central Warehouse -Kolkata,Radha Krishana Enterprise,SE-8655,1240,2026-09-18,141,Tomato,50.4,Kg,40,2016,0,2016
2026-09-18,Kolkata,Central Warehouse -Kolkata,Radha Krishana Enterprise,SE-8655,1240,2026-09-18,416,Watermelon,27.5,Kg,35,962.5,0,962.5
2026-09-19,Delhi,Central Warehouse - Delhi,Cash Purchase,SE-7886,160926,2026-09-19,327,Arora Lemon,480,Pc,8.34,4003.2,0,4003.2
2026-09-19,Delhi,Central Warehouse - Delhi,Cash Purchase,SE-7887,16926,2026-09-19,161,Idli Cloth (Markin Cloth),96,Pc,47.5,4560,0,4560
2026-09-19,Delhi,Central Warehouse - Delhi,Cash Purchase,SE-7888,56003,2026-09-19,91,Milk (Adya Dairy),5,Ltr,59,295,0,295
2026-09-19,Kolkata,Central Warehouse -Kolkata,ASR Enterprise,SE-8659,7727,2026-09-19,30,Appalam Papad (1pkt = 47pc),940,Pc,3.83,3600.2,0,3600.2
2026-09-19,Kolkata,Central Warehouse -Kolkata,ASR Enterprise,SE-8660,7728,2026-09-19,267,Supari,160,Pkt,150,24000,0,24000
2026-09-19,Kolkata,Central Warehouse -Kolkata,Adya Dairy,SE-8657,GS262706/57432,2026-09-19,91,Milk (Adya Dairy),26,Ltr,62,1612,0,1612
2026-09-19,Kolkata,Central Warehouse -Kolkata,Adya Dairy,SE-8657,GS262706/57432,2026-09-19,235,Raw Curd,40,Kg,71.4,2856,0,2856
2026-09-19,Kolkata,Central Warehouse -Kolkata,Adya Dairy,SE-8670,GS262706/57018,2026-09-19,91,Milk (Adya Dairy),27,Ltr,62,1674,0,1674
2026-09-19,Kolkata,Central Warehouse -Kolkata,Adya Dairy,SE-8670,GS262706/57018,2026-09-19,60,Paneer,10,Kg,299,2990,0,2990
2026-09-19,Kolkata,Central Warehouse -Kolkata,Adya Dairy,SE-8670,GS262706/57018,2026-09-19,235,Raw Curd,40,Kg,71.4,2856,0,2856
2026-09-19,Kolkata,Central Warehouse -Kolkata,Cash Purchase,SE-8669,190926,2026-09-19,161,Idli Cloth (Markin Cloth),80,Pc,25,2000,0,2000
2026-09-19,Kolkata,Central Warehouse -Kolkata,DAHMI COMMODITIES LLP (POSTA),SE-8665,DCP/26-27/000585,2026-09-19,47,Fried Chana Daal,120,Kg,98,11760,0,11760
2026-09-19,Kolkata,Central Warehouse -Kolkata,DAHMI COMMODITIES LLP (POSTA),SE-8665,DCP/26-27/000585,2026-09-19,18,Idli Rice (Miniket),780,Kg,52,40560,0,40560
2026-09-19,Kolkata,Central Warehouse -Kolkata,DAHMI COMMODITIES LLP (POSTA),SE-8665,DCP/26-27/000585,2026-09-19,37,Sambar Daal (Toor),300,Kg,114,34200,0,34200
2026-09-19,Kolkata,Central Warehouse -Kolkata,Gopal Printers Private Limited,SE-8666,GPPL/1929/26-27,2026-09-19,240,Hot Coffee Cup 150ml (1pkt=25pc),2500,Pc,1.24,3100,0,3100
2026-09-19,Kolkata,Central Warehouse -Kolkata,Gopal Printers Private Limited,SE-8666,GPPL/1929/26-27,2026-09-19,128,Paper Food Container - 100ml (1pkt = 50pc),4000,Pc,1.74,6960,0,6960
2026-09-19,Kolkata,Central Warehouse -Kolkata,Gopal Printers Private Limited,SE-8666,GPPL/1929/26-27,2026-09-19,157,Take Away Packing Box - Big (1bundle = 50pc),1800,Pc,6.56,11808,0,11808
2026-09-19,Kolkata,Central Warehouse -Kolkata,Gopal Printers Private Limited,SE-8666,GPPL/1929/26-27,2026-09-19,112,Take Away Packing Box - Small (1bundle = 50pc),12000,Pc,4.19,50280,0,50280
2026-09-19,Kolkata,Central Warehouse -Kolkata,M/S MAHAR,SE-8663,2026-27/329,2026-09-19,93,Bio-Degradable Spoon (1pkt = 50pc),16000,Pc,1.3,20800,0,20800
2026-09-19,Kolkata,Central Warehouse -Kolkata,M/S MAHAR,SE-8663,2026-27/329,2026-09-19,110,Compartment Tray With Lid - 2CP (1pkt = 25pc),800,Pc,7.91,6328,0,6328
2026-09-19,Kolkata,Central Warehouse -Kolkata,M/S MAHAR,SE-8663,2026-27/329,2026-09-19,103,Glass Bottle 300ml W/Cap (1box = 48pc),1440,Pc,13.21,19022.4,0,19022.4
2026-09-19,Kolkata,Central Warehouse -Kolkata,Radha Krishana Enterprise,SE-8661,1195,2026-09-19,237,Beans,3,Kg,75,225,0,225
2026-09-19,Kolkata,Central Warehouse -Kolkata,Radha Krishana Enterprise,SE-8661,1195,2026-09-19,107,Carrot,24.3,Kg,41,996.3,0,996.3
2026-09-19,Kolkata,Central Warehouse -Kolkata,Radha Krishana Enterprise,SE-8661,1195,2026-09-19,115,Coriander Leaves,6.1,Kg,100,610,0,610
2026-09-19,Kolkata,Central Warehouse -Kolkata,Radha Krishana Enterprise,SE-8661,1195,2026-09-19,131,Curry Leaves,2.4,Kg,72,172.8,0,172.8
2026-09-19,Kolkata,Central Warehouse -Kolkata,Radha Krishana Enterprise,SE-8661,1195,2026-09-19,149,Drumstick,3.8,Kg,90,342,0,342
2026-09-19,Kolkata,Central Warehouse -Kolkata,Radha Krishana Enterprise,SE-8661,1195,2026-09-19,100,Garlic,5,Kg,140,700,0,700
2026-09-19,Kolkata,Central Warehouse -Kolkata,Radha Krishana Enterprise,SE-8661,1195,2026-09-19,108,Ginger,17.7,Kg,132,2336.4,0,2336.4
2026-09-19,Kolkata,Central Warehouse -Kolkata,Radha Krishana Enterprise,SE-8661,1195,2026-09-19,124,Lime,200,Pc,3.5,700,0,700
2026-09-19,Kolkata,Central Warehouse -Kolkata,Radha Krishana Enterprise,SE-8661,1195,2026-09-19,451,Mint leaf,0.5,Kg,180,90,0,90
2026-09-19,Kolkata,Central Warehouse -Kolkata,Radha Krishana Enterprise,SE-8661,1195,2026-09-19,132,Onion,99,Kg,37,3663,0,3663
2026-09-19,Kolkata,Central Warehouse -Kolkata,Radha Krishana Enterprise,SE-8661,1195,2026-09-19,116,Raw Green Chili,9.3,Kg,75,697.5,0,697.5
2026-09-19,Kolkata,Central Warehouse -Kolkata,Radha Krishana Enterprise,SE-8661,1195,2026-09-19,279,Raw Lauki,50,Kg,25,1250,0,1250
2026-09-19,Kolkata,Central Warehouse -Kolkata,Radha Krishana Enterprise,SE-8661,1195,2026-09-19,133,Raw Mango,9.9,Kg,85,841.5,0,841.5
2026-09-19,Kolkata,Central Warehouse -Kolkata,Radha Krishana Enterprise,SE-8661,1195,2026-09-19,274,Raw Potato,328,Kg,18,5904,0,5904
2026-09-19,Kolkata,Central Warehouse -Kolkata,Radha Krishana Enterprise,SE-8661,1195,2026-09-19,141,Tomato,82.5,Kg,40,3300,0,3300
2026-09-19,Kolkata,Central Warehouse -Kolkata,Radha Krishana Enterprise,SE-8661,1195,2026-09-19,416,Watermelon,39.9,Kg,35,1396.5,0,1396.5
2026-09-19,Kolkata,Central Warehouse -Kolkata,SHREE GOPAL PAPER & PRINTERS,SE-8671,053/26-27,2026-09-19,247,Sticker - MRD (1sheet=108pc),15012,Pc,0.13,1951.56,0,1951.56
2026-09-19,Kolkata,Central Warehouse -Kolkata,SHUBHAM CREATIONS,SE-8668,SC/26-27/1716,2026-09-19,114,Wooden Stirrer (1pkt = 100pc),10000,Pc,0.14,1400,0,1400
2026-09-19,Kolkata,Central Warehouse -Kolkata,Shree Enterprise,SE-8667,SEA/26-27/01424,2026-09-19,401,1000ml Round Bucket (DIY),250,Piece,16.77,4192.5,0,4192.5
2026-09-19,Kolkata,Central Warehouse -Kolkata,Shree Enterprise,SE-8667,SEA/26-27/01424,2026-09-19,393,MT 026(2500ML) 52MM CANTAINER,480,Pc,10.81,5188.8,0,5188.8
2026-09-19,Kolkata,Central Warehouse -Kolkata,Shree Enterprise,SE-8667,SEA/26-27/01424,2026-09-19,326,MT-027 105MM (5000ML) Container,1080,Pc,22.09,23857.2,0,23857.2
2026-09-19,Kolkata,Central Warehouse -Kolkata,Shree Enterprise,SE-8667,SEA/26-27/01424,2026-09-19,113,Paper Straw (1pkt = 100pc),6000,Pc,0.45,2700,0,2700
2026-09-19,Kolkata,Central Warehouse -Kolkata,Tara Maa Dashakaram,SE-8662,977,2026-09-19,84,Banana Leaf Big (1bundle = 50pc),800,Pc,1.75,1400,0,1400
2026-09-19,Kolkata,Central Warehouse -Kolkata,Tara Maa Dashakaram,SE-8662,977,2026-09-19,84,Banana Leaf Big (1bundle = 50pc),500,Pc,2,1000,0,1000
2026-09-19,Kolkata,Central Warehouse -Kolkata,Tara Maa Dashakaram,SE-8662,977,2026-09-19,92,Banana Leaf Small (1bundle = 50pc),1600,Pc,1.25,2000,0,2000
2026-09-19,Kolkata,Central Warehouse -Kolkata,Tara Maa Dashakaram,SE-8664,974,2026-09-19,84,Banana Leaf Big (1bundle = 50pc),600,Pc,1.75,1050,0,1050
2026-09-19,Kolkata,Central Warehouse -Kolkata,Tara Maa Dashakaram,SE-8664,974,2026-09-19,84,Banana Leaf Big (1bundle = 50pc),600,Pc,2,1200,0,1200
2026-09-19,Kolkata,Central Warehouse -Kolkata,Tara Maa Dashakaram,SE-8664,974,2026-09-19,92,Banana Leaf Small (1bundle = 50pc),1600,Pc,1.25,2000,0,2000
2026-09-19,Kolkata,Central Warehouse -Kolkata,Zomato Hyperpure Kolkata,SE-8658,ZHPWB27-00114105,2026-09-19,51,Rice Powder,60,Kg,76,4560,0,4560
2026-09-19,Kolkata,Central Warehouse -Kolkata,Zomato Hyperpure Kolkata,SE-8658,ZHPWB27-00114105,2026-09-19,391,White Butter,30,Kg,606.9,18207,0,18207
2026-09-20,Kolkata,Central Warehouse -Kolkata,Adya Dairy,SE-8672,GS262706/57866,2026-09-20,91,Milk (Adya Dairy),10.5,Ltr,62,651,0,651
2026-09-20,Kolkata,Central Warehouse -Kolkata,Adya Dairy,SE-8672,GS262706/57866,2026-09-20,60,Paneer,6,Kg,299,1794,0,1794
2026-09-20,Kolkata,Central Warehouse -Kolkata,Adya Dairy,SE-8672,GS262706/57866,2026-09-20,235,Raw Curd,30,Kg,71.4,2142,0,2142
2026-09-20,Kolkata,Central Warehouse -Kolkata,Cash Purchase,SE-8677,200926,2026-09-20,376,Almond,0.1,Kg,1200,120,0,120
2026-09-20,Kolkata,Central Warehouse -Kolkata,GOUR SUNDAR ENTERPRISE,SE-8675,26-27/GS2464,2026-09-20,47,Fried Chana Daal,16,Kg,96,1536,0,1536
2026-09-20,Kolkata,Central Warehouse -Kolkata,Radha Krishana Enterprise,SE-8673,1247,2026-09-20,107,Carrot,22.3,Kg,41,914.3,0,914.3
2026-09-20,Kolkata,Central Warehouse -Kolkata,Radha Krishana Enterprise,SE-8673,1247,2026-09-20,115,Coriander Leaves,7.2,Kg,100,720,0,720
2026-09-20,Kolkata,Central Warehouse -Kolkata,Radha Krishana Enterprise,SE-8673,1247,2026-09-20,131,Curry Leaves,2,Kg,72,144,0,144
2026-09-20,Kolkata,Central Warehouse -Kolkata,Radha Krishana Enterprise,SE-8673,1247,2026-09-20,149,Drumstick,5,Kg,90,450,0,450
2026-09-20,Kolkata,Central Warehouse -Kolkata,Radha Krishana Enterprise,SE-8673,1247,2026-09-20,100,Garlic,1,Kg,140,140,0,140
2026-09-20,Kolkata,Central Warehouse -Kolkata,Radha Krishana Enterprise,SE-8673,1247,2026-09-20,108,Ginger,17.9,Kg,132,2362.8,0,2362.8
2026-09-20,Kolkata,Central Warehouse -Kolkata,Radha Krishana Enterprise,SE-8673,1247,2026-09-20,99,Green Capsicum,1,Kg,67,67,0,67
2026-09-20,Kolkata,Central Warehouse -Kolkata,Radha Krishana Enterprise,SE-8673,1247,2026-09-20,491,Khoa,2,Kg,250,500,0,500
2026-09-20,Kolkata,Central Warehouse -Kolkata,Radha Krishana Enterprise,SE-8673,1247,2026-09-20,124,Lime,480,Pc,3.5,1680,0,1680
2026-09-20,Kolkata,Central Warehouse -Kolkata,Radha Krishana Enterprise,SE-8673,1247,2026-09-20,451,Mint leaf,0.5,Kg,180,90,0,90
2026-09-20,Kolkata,Central Warehouse -Kolkata,Radha Krishana Enterprise,SE-8673,1247,2026-09-20,132,Onion,70,Kg,37,2590,0,2590
2026-09-20,Kolkata,Central Warehouse -Kolkata,Radha Krishana Enterprise,SE-8673,1247,2026-09-20,116,Raw Green Chili,14,Kg,75,1050,0,1050
2026-09-20,Kolkata,Central Warehouse -Kolkata,Radha Krishana Enterprise,SE-8673,1247,2026-09-20,133,Raw Mango,15,Kg,85,1275,0,1275
2026-09-20,Kolkata,Central Warehouse -Kolkata,Radha Krishana Enterprise,SE-8673,1247,2026-09-20,274,Raw Potato,247.4,Kg,18,4453.2,0,4453.2
2026-09-20,Kolkata,Central Warehouse -Kolkata,Radha Krishana Enterprise,SE-8673,1247,2026-09-20,280,Raw Pumpkin,50.6,Kg,27,1366.2,0,1366.2
2026-09-20,Kolkata,Central Warehouse -Kolkata,Radha Krishana Enterprise,SE-8673,1247,2026-09-20,141,Tomato,40,Kg,40,1600,0,1600
2026-09-20,Kolkata,Central Warehouse -Kolkata,Radha Krishana Enterprise,SE-8673,1247,2026-09-20,416,Watermelon,40,Kg,35,1400,0,1400
2026-09-20,Kolkata,Central Warehouse -Kolkata,Tara Maa Dashakaram,SE-8674,983,2026-09-20,84,Banana Leaf Big (1bundle = 50pc),1200,Pc,1.75,2100,0,2100
2026-09-20,Kolkata,Central Warehouse -Kolkata,Tara Maa Dashakaram,SE-8674,983,2026-09-20,92,Banana Leaf Small (1bundle = 50pc),1500,Pc,1.25,1875,0,1875
2026-09-20,Kolkata,Central Warehouse -Kolkata,Tara Maa Dashakaram,SE-8674,983,2026-09-20,50,Raw Coconut,1600,Pc,37,59200,0,59200
2026-09-20,Kolkata,Central Warehouse -Kolkata,Zomato Hyperpure Kolkata,SE-8676,ZHPWB27-00114894,2026-09-20,51,Rice Powder,30,Kg,76,2280,0,2280
2026-09-20,Kolkata,Central Warehouse -Kolkata,Zomato Hyperpure Kolkata,SE-8676,ZHPWB27-00114894,2026-09-20,391,White Butter,30,Kg,606.9,18207,0,18207
2026-09-21,Delhi,Central Warehouse - Delhi,BAGRODIA SUPERMARKETS PVT LTD,SE-7917,BS/26-27/021607,2026-09-21,44,Refined Flour (Maida),300,Kg,53.59,16077,0,16077
2026-09-21,Delhi,Central Warehouse - Delhi,BAGRODIA SUPERMARKETS PVT LTD,SE-7917,BS/26-27/021607,2026-09-21,52,Sooji,210,Kg,56.4,11844,0,11844
2026-09-21,Delhi,Central Warehouse - Delhi,Javed Dairy,SE-7897,3063,2026-09-21,91,Milk (Adya Dairy),18,Ltr,59,1062,0,1062
2026-09-21,Delhi,Central Warehouse - Delhi,Javed Dairy,SE-7898,3064,2026-09-21,91,Milk (Adya Dairy),6,Ltr,59,354,0,354
2026-09-21,Delhi,Central Warehouse - Delhi,Javed Dairy,SE-7898,3064,2026-09-21,60,Paneer,12,Kg,450,5400,0,5400
2026-09-21,Delhi,Central Warehouse - Delhi,Javed Dairy,SE-7898,3064,2026-09-21,235,Raw Curd,24,Kg,79,1896,0,1896
2026-09-21,Delhi,Central Warehouse - Delhi,Javed Dairy,SE-7899,3065,2026-09-21,91,Milk (Adya Dairy),16,Ltr,59,944,0,944
2026-09-21,Delhi,Central Warehouse - Delhi,Javed Dairy,SE-7899,3065,2026-09-21,235,Raw Curd,36,Kg,79,2844,0,2844
2026-09-21,Delhi,Central Warehouse - Delhi,Javed Dairy,SE-7900,3066,2026-09-21,91,Milk (Adya Dairy),18,Ltr,59,1062,0,1062
2026-09-21,Delhi,Central Warehouse - Delhi,Javed Dairy,SE-7900,3066,2026-09-21,235,Raw Curd,36,Kg,79,2844,0,2844
2026-09-21,Delhi,Central Warehouse - Delhi,Javed Dairy,SE-7901,3067,2026-09-21,91,Milk (Adya Dairy),18,Ltr,59,1062,0,1062
2026-09-21,Delhi,Central Warehouse - Delhi,Javed Dairy,SE-7901,3067,2026-09-21,60,Paneer,6,Kg,450,2700,0,2700
2026-09-21,Delhi,Central Warehouse - Delhi,Javed Dairy,SE-7901,3067,2026-09-21,235,Raw Curd,36,Kg,79,2844,0,2844
2026-09-21,Delhi,Central Warehouse - Delhi,LOTUS & CO.,SE-7916,LC/00151/26-27,2026-09-21,97,Paper Napkin (1pkt = 100pc),148200,Pc,0.24,35568,0,35568
2026-09-21,Delhi,Central Warehouse - Delhi,M/S Distributionmasters Traders LLP,SE-7895,2627DMT07719,2026-09-21,76,Milk - Tetra 1Ltr,168,Ltr,83,13944,0,13944
2026-09-21,Delhi,Central Warehouse - Delhi,M/S Distributionmasters Traders LLP,SE-7896,2627DMT07936,2026-09-21,297,Amul IC BP Vanilla (5L) CF,200,Ltr,100,20000,0,20000
2026-09-21,Delhi,Central Warehouse - Delhi,MANDI FRESH,SE-7892,525,2026-09-21,237,Beans,2,Kg,48,96,0,96
2026-09-21,Delhi,Central Warehouse - Delhi,MANDI FRESH,SE-7892,525,2026-09-21,107,Carrot,26,Kg,32,832,0,832
2026-09-21,Delhi,Central Warehouse - Delhi,MANDI FRESH,SE-7892,525,2026-09-21,115,Coriander Leaves,20,Kg,150,3000,0,3000
2026-09-21,Delhi,Central Warehouse - Delhi,MANDI FRESH,SE-7892,525,2026-09-21,149,Drumstick,4,Kg,85,340,0,340
2026-09-21,Delhi,Central Warehouse - Delhi,MANDI FRESH,SE-7892,525,2026-09-21,100,Garlic,8,Kg,125,1000,0,1000
2026-09-21,Delhi,Central Warehouse - Delhi,MANDI FRESH,SE-7892,525,2026-09-21,108,Ginger,10,Kg,160,1600,0,1600
2026-09-21,Delhi,Central Warehouse - Delhi,MANDI FRESH,SE-7892,525,2026-09-21,99,Green Capsicum,4,Kg,48,192,0,192
2026-09-21,Delhi,Central Warehouse - Delhi,MANDI FRESH,SE-7892,525,2026-09-21,124,Lime,175,Pc,3.2,560,0,560
2026-09-21,Delhi,Central Warehouse - Delhi,MANDI FRESH,SE-7892,525,2026-09-21,451,Mint leaf,1,Kg,70,70,0,70
2026-09-21,Delhi,Central Warehouse - Delhi,MANDI FRESH,SE-7892,525,2026-09-21,132,Onion,184,Kg,40,7360,0,7360
2026-09-21,Delhi,Central Warehouse - Delhi,MANDI FRESH,SE-7892,525,2026-09-21,116,Raw Green Chili,10,Kg,40,400,0,400
2026-09-21,Delhi,Central Warehouse - Delhi,MANDI FRESH,SE-7892,525,2026-09-21,279,Raw Lauki,13,Kg,23,299,0,299
2026-09-21,Delhi,Central Warehouse - Delhi,MANDI FRESH,SE-7892,525,2026-09-21,274,Raw Potato,197,Kg,25,4925,0,4925
2026-09-21,Delhi,Central Warehouse - Delhi,MANDI FRESH,SE-7892,525,2026-09-21,280,Raw Pumpkin,20,Kg,23,460,0,460
2026-09-21,Delhi,Central Warehouse - Delhi,MANDI FRESH,SE-7892,525,2026-09-21,141,Tomato,171,Kg,44,7524,0,7524
2026-09-21,Delhi,Central Warehouse - Delhi,MANDI FRESH,SE-7892,525,2026-09-21,416,Watermelon,30,Kg,40,1200,0,1200
2026-09-21,Delhi,Central Warehouse - Delhi,MANDI FRESH,SE-7893,527,2026-09-21,237,Beans,2,Kg,48,96,0,96
2026-09-21,Delhi,Central Warehouse - Delhi,MANDI FRESH,SE-7893,527,2026-09-21,107,Carrot,25,Kg,32,800,0,800
2026-09-21,Delhi,Central Warehouse - Delhi,MANDI FRESH,SE-7893,527,2026-09-21,115,Coriander Leaves,20,Kg,150,3000,0,3000
2026-09-21,Delhi,Central Warehouse - Delhi,MANDI FRESH,SE-7893,527,2026-09-21,123,Cucumber,1,Kg,25,25,0,25
2026-09-21,Delhi,Central Warehouse - Delhi,MANDI FRESH,SE-7893,527,2026-09-21,131,Curry Leaves,4,Kg,37.5,150,0,150
2026-09-21,Delhi,Central Warehouse - Delhi,MANDI FRESH,SE-7893,527,2026-09-21,149,Drumstick,8,Kg,85,680,0,680
2026-09-21,Delhi,Central Warehouse - Delhi,MANDI FRESH,SE-7893,527,2026-09-21,100,Garlic,3,Kg,125,375,0,375
2026-09-21,Delhi,Central Warehouse - Delhi,MANDI FRESH,SE-7893,527,2026-09-21,108,Ginger,15,Kg,160,2400,0,2400
2026-09-21,Delhi,Central Warehouse - Delhi,MANDI FRESH,SE-7893,527,2026-09-21,99,Green Capsicum,3,Kg,48,144,0,144
2026-09-21,Delhi,Central Warehouse - Delhi,MANDI FRESH,SE-7893,527,2026-09-21,124,Lime,500,Pc,3.2,1600,0,1600
2026-09-21,Delhi,Central Warehouse - Delhi,MANDI FRESH,SE-7893,527,2026-09-21,132,Onion,184,Kg,40,7360,0,7360
2026-09-21,Delhi,Central Warehouse - Delhi,MANDI FRESH,SE-7893,527,2026-09-21,116,Raw Green Chili,15,Kg,40,600,0,600
2026-09-21,Delhi,Central Warehouse - Delhi,MANDI FRESH,SE-7893,527,2026-09-21,279,Raw Lauki,29,Kg,23,667,0,667
2026-09-21,Delhi,Central Warehouse - Delhi,MANDI FRESH,SE-7893,527,2026-09-21,133,Raw Mango,20,Kg,150,3000,0,3000
2026-09-21,Delhi,Central Warehouse - Delhi,MANDI FRESH,SE-7893,527,2026-09-21,274,Raw Potato,199,Kg,25,4975,0,4975
2026-09-21,Delhi,Central Warehouse - Delhi,MANDI FRESH,SE-7893,527,2026-09-21,280,Raw Pumpkin,20,Kg,23,460,0,460
2026-09-21,Delhi,Central Warehouse - Delhi,MANDI FRESH,SE-7893,527,2026-09-21,141,Tomato,122,Kg,44,5368,0,5368
2026-09-21,Delhi,Central Warehouse - Delhi,MANDI FRESH,SE-7893,527,2026-09-21,416,Watermelon,30,Kg,40,1200,0,1200
2026-09-21,Delhi,Central Warehouse - Delhi,MANDI FRESH,SE-7894,528,2026-09-21,237,Beans,2,Kg,48,96,0,96
2026-09-21,Delhi,Central Warehouse - Delhi,MANDI FRESH,SE-7894,528,2026-09-21,107,Carrot,50,Kg,32,1600,0,1600
2026-09-21,Delhi,Central Warehouse - Delhi,MANDI FRESH,SE-7894,528,2026-09-21,115,Coriander Leaves,40,Kg,150,6000,0,6000
2026-09-21,Delhi,Central Warehouse - Delhi,MANDI FRESH,SE-7894,528,2026-09-21,123,Cucumber,8,Kg,25,200,0,200
2026-09-21,Delhi,Central Warehouse - Delhi,MANDI FRESH,SE-7894,528,2026-09-21,131,Curry Leaves,8,Kg,37.5,300,0,300
2026-09-21,Delhi,Central Warehouse - Delhi,MANDI FRESH,SE-7894,528,2026-09-21,149,Drumstick,12,Kg,85,1020,0,1020
2026-09-21,Delhi,Central Warehouse - Delhi,MANDI FRESH,SE-7894,528,2026-09-21,100,Garlic,10,Kg,125,1250,0,1250
2026-09-21,Delhi,Central Warehouse - Delhi,MANDI FRESH,SE-7894,528,2026-09-21,108,Ginger,30,Kg,160,4800,0,4800
2026-09-21,Delhi,Central Warehouse - Delhi,MANDI FRESH,SE-7894,528,2026-09-21,99,Green Capsicum,8,Kg,48,384,0,384
2026-09-21,Delhi,Central Warehouse - Delhi,MANDI FRESH,SE-7894,528,2026-09-21,124,Lime,500,Pc,3.2,1600,0,1600
2026-09-21,Delhi,Central Warehouse - Delhi,MANDI FRESH,SE-7894,528,2026-09-21,451,Mint leaf,2,Kg,70,140,0,140
2026-09-21,Delhi,Central Warehouse - Delhi,MANDI FRESH,SE-7894,528,2026-09-21,132,Onion,398,Kg,40,15920,0,15920
2026-09-21,Delhi,Central Warehouse - Delhi,MANDI FRESH,SE-7894,528,2026-09-21,116,Raw Green Chili,20,Kg,40,800,0,800
2026-09-21,Delhi,Central Warehouse - Delhi,MANDI FRESH,SE-7894,528,2026-09-21,279,Raw Lauki,58,Kg,23,1334,0,1334
2026-09-21,Delhi,Central Warehouse - Delhi,MANDI FRESH,SE-7894,528,2026-09-21,133,Raw Mango,22,Kg,150,3300,0,3300
2026-09-21,Delhi,Central Warehouse - Delhi,MANDI FRESH,SE-7894,528,2026-09-21,274,Raw Potato,437,Kg,25,10925,0,10925
2026-09-21,Delhi,Central Warehouse - Delhi,MANDI FRESH,SE-7894,528,2026-09-21,280,Raw Pumpkin,50,Kg,23,1150,0,1150
2026-09-21,Delhi,Central Warehouse - Delhi,MANDI FRESH,SE-7894,528,2026-09-21,141,Tomato,328,Kg,44,14432,0,14432
2026-09-21,Delhi,Central Warehouse - Delhi,MANDI FRESH,SE-7894,528,2026-09-21,416,Watermelon,80,Kg,40,3200,0,3200
2026-09-21,Delhi,Central Warehouse - Delhi,Shyam Vegetable,SE-7902,1721,2026-09-21,50,Raw Coconut,200,Pc,48,9600,0,9600
2026-09-21,Delhi,Central Warehouse - Delhi,Shyam Vegetable,SE-7903,1722,2026-09-21,50,Raw Coconut,200,Pc,48,9600,0,9600
2026-09-21,Delhi,Central Warehouse - Delhi,Shyam Vegetable,SE-7904,1726,2026-09-21,275,Whole Coriander (Gota Dhaniya),30,Kg,250,7500,0,7500
2026-09-21,Delhi,Central Warehouse - Delhi,Shyam Vegetable,SE-7905,1723,2026-09-21,50,Raw Coconut,1200,Pc,48,57600,0,57600
2026-09-21,Delhi,Central Warehouse - Delhi,South Indian Pan Shop,SE-7889,2026-27/13490,2026-09-21,47,Fried Chana Daal,40,Kg,124,4960,0,4960
2026-09-21,Delhi,Central Warehouse - Delhi,South Indian Pan Shop,SE-7889,2026-27/13490,2026-09-21,26,Jaggery,30,Kg,95,2850,0,2850
2026-09-21,Delhi,Central Warehouse - Delhi,South Indian Pan Shop,SE-7890,2026-27/13544,2026-09-21,84,Banana Leaf Big (1bundle = 50pc),1500,Pc,2.5,3750,0,3750
2026-09-21,Delhi,Central Warehouse - Delhi,South Indian Pan Shop,SE-7890,2026-27/13544,2026-09-21,92,Banana Leaf Small (1bundle = 50pc),1200,Pc,1.3,1560,0,1560
2026-09-21,Delhi,Central Warehouse - Delhi,South Indian Pan Shop,SE-7891,2026-27/13591,2026-09-21,84,Banana Leaf Big (1bundle = 50pc),2000,Pc,2.5,5000,0,5000
2026-09-21,Delhi,Central Warehouse - Delhi,South Indian Pan Shop,SE-7891,2026-27/13591,2026-09-21,92,Banana Leaf Small (1bundle = 50pc),1200,Pc,1.3,1560,0,1560
2026-09-21,Delhi,Central Warehouse - Delhi,South Indian Pan Shop,SE-7891,2026-27/13591,2026-09-21,4,Cothas Coffee Powder,20,Kg,930,18600,0,18600
2026-09-21,Delhi,Central Warehouse - Delhi,South Indian Pan Shop,SE-7891,2026-27/13591,2026-09-21,26,Jaggery,60,Kg,95,5700,0,5700
2026-09-21,Delhi,Central Warehouse - Delhi,Zomato Hyperpure Delhi,SE-7906,ZHPDL27-00186978,2026-09-21,68,Amul Cheese,10,Kg,520.4,5204,0,5204
2026-09-21,Delhi,Central Warehouse - Delhi,Zomato Hyperpure Delhi,SE-7906,ZHPDL27-00186978,2026-09-21,43,Sunflower Refined Oil ( 1pkt = 868 Ml ),520.8,Ltr,218.6,113846.88,0,113846.88
2026-09-21,Delhi,Central Warehouse - Delhi,Zomato Hyperpure Delhi,SE-7907,ZBSDL27-00147670,2026-09-21,76,Milk - Tetra 1Ltr,36,Ltr,79,2844,0,2844
2026-09-21,Delhi,Central Warehouse - Delhi,Zomato Hyperpure Delhi,SE-7908,ZHPDL27-00186982,2026-09-21,14,Amul Butter,2.5,Kg,590,1475,0,1475
2026-09-21,Delhi,Central Warehouse - Delhi,Zomato Hyperpure Delhi,SE-7908,ZHPDL27-00186982,2026-09-21,391,White Butter,100,Kg,659.4,65940,0,65940
2026-09-21,Delhi,Central Warehouse - Delhi,Zomato Hyperpure Delhi,SE-7908,ZHPDL27-00186982,2026-09-21,70,Whole Methi,15000,gm,0.12,1827,0,1827
2026-09-21,Delhi,Central Warehouse - Delhi,Zomato Hyperpure Delhi,SE-7909,ZBSDL27-00147624,2026-09-21,29,Salt,115,Kg,33,3795,0,3795
2026-09-21,Delhi,Central Warehouse - Delhi,Zomato Hyperpure Delhi,SE-7910,ZBSDL27-00148531,2026-09-21,47,Fried Chana Daal,114,Kg,139.33,15883.62,0,15883.62
2026-09-21,Delhi,Central Warehouse - Delhi,Zomato Hyperpure Delhi,SE-7910,ZBSDL27-00148531,2026-09-21,76,Milk - Tetra 1Ltr,36,Ltr,79,2844,0,2844
2026-09-21,Delhi,Central Warehouse - Delhi,Zomato Hyperpure Delhi,SE-7911,ZHPDL27-00188156,2026-09-21,14,Amul Butter,2.5,Kg,590,1475,0,1475
2026-09-21,Delhi,Central Warehouse - Delhi,Zomato Hyperpure Delhi,SE-7911,ZHPDL27-00188156,2026-09-21,75,Ghee,43.44,Kg,826.09,35885.35,0,35885.35
2026-09-21,Delhi,Central Warehouse - Delhi,Zomato Hyperpure Delhi,SE-7912,ZBSDL27-00149352,2026-09-21,47,Fried Chana Daal,90,Kg,139.33,12539.7,0,12539.7
2026-09-21,Delhi,Central Warehouse - Delhi,Zomato Hyperpure Delhi,SE-7912,ZBSDL27-00149352,2026-09-21,76,Milk - Tetra 1Ltr,36,Ltr,79,2844,0,2844
2026-09-21,Delhi,Central Warehouse - Delhi,Zomato Hyperpure Delhi,SE-7913,ZHPDL27-00189097,2026-09-21,14,Amul Butter,2.5,Kg,590,1475,0,1475
2026-09-21,Delhi,Central Warehouse - Delhi,Zomato Hyperpure Delhi,SE-7913,ZHPDL27-00189097,2026-09-21,75,Ghee,32.58,Kg,826.09,26914.01,0,26914.01
2026-09-21,Delhi,Central Warehouse - Delhi,Zomato Hyperpure Delhi,SE-7913,ZHPDL27-00189097,2026-09-21,269,Hairnet (Comfort Cap 1pkt=100 pc),3000,Pc,1.16,3480,0,3480
2026-09-21,Delhi,Central Warehouse - Delhi,Zomato Hyperpure Delhi,SE-7913,ZHPDL27-00189097,2026-09-21,34,Kashmiri Chili Powder,20000,gm,1.01,20296,0,20296
2026-09-21,Delhi,Central Warehouse - Delhi,Zomato Hyperpure Delhi,SE-7913,ZHPDL27-00189097,2026-09-21,238,Rubber Hand Gloves (1pkt=100pc),2000,Pc,4.26,8520,0,8520
2026-09-21,Delhi,Central Warehouse - Delhi,Zomato Hyperpure Delhi,SE-7913,ZHPDL27-00189097,2026-09-21,,Scrubber - Scotch Brite,40,Pc,28.4,1136,0,1136
2026-09-21,Delhi,Central Warehouse - Delhi,Zomato Hyperpure Delhi,SE-7913,ZHPDL27-00189097,2026-09-21,31,White Sugar Sachet (1pkt = 200pc),4000,Pc,0.73,2920,0,2920
2026-09-21,Delhi,Central Warehouse - Delhi,Zomato Hyperpure Delhi,SE-7913,ZHPDL27-00189097,2026-09-21,301,Wiper,4,Pc,341,1364,0,1364
2026-09-21,Delhi,Central Warehouse - Delhi,Zomato Hyperpure Delhi,SE-7914,ZBSDL27-00150235,2026-09-21,47,Fried Chana Daal,60,Kg,139.33,8359.8,0,8359.8
2026-09-21,Delhi,Central Warehouse - Delhi,Zomato Hyperpure Delhi,SE-7914,ZBSDL27-00150235,2026-09-21,76,Milk - Tetra 1Ltr,36,Ltr,79,2844,0,2844
2026-09-21,Delhi,Central Warehouse - Delhi,Zomato Hyperpure Delhi,SE-7915,ZHPDL27-00190172,2026-09-21,14,Amul Butter,10,Kg,609,6090,0,6090
2026-09-21,Delhi,Central Warehouse - Delhi,Zomato Hyperpure Delhi,SE-7915,ZHPDL27-00190172,2026-09-21,14,Amul Butter,2.5,Kg,590,1475,0,1475
2026-09-21,Delhi,Central Warehouse - Delhi,Zomato Hyperpure Delhi,SE-7915,ZHPDL27-00190172,2026-09-21,75,Ghee,16.29,Kg,826.09,13457.01,0,13457.01
2026-09-21,Delhi,Central Warehouse - Delhi,Zomato Hyperpure Delhi,SE-7915,ZHPDL27-00190172,2026-09-21,27,Mustard Seed,10000,gm,0.14,1375,0,1375
2026-09-21,Delhi,Central Warehouse - Delhi,Zomato Hyperpure Delhi,SE-7915,ZHPDL27-00190172,2026-09-21,353,Sabudana,6,Kg,109.2,655.2,0,655.2
2026-09-21,Delhi,Central Warehouse - Delhi,Zomato Hyperpure Delhi,SE-7918,ZHPW27-0011436,2026-09-21,51,Rice Powder,300,Kg,76,22800,0,22800
2026-09-21,Delhi,Central Warehouse - Delhi,Zomato Hyperpure Delhi,SE-7919,ZHPWB27-00111436,2026-09-21,51,Rice Powder,300,Kg,76,22800,0,22800
2026-09-21,Kolkata,Central Warehouse -Kolkata,Adya Dairy,SE-8678,GS262706/58298,2026-09-21,91,Milk (Adya Dairy),16,Ltr,62,992,0,992
2026-09-21,Kolkata,Central Warehouse -Kolkata,Adya Dairy,SE-8678,GS262706/58298,2026-09-21,60,Paneer,5,Kg,299,1495,0,1495
2026-09-21,Kolkata,Central Warehouse -Kolkata,Adya Dairy,SE-8678,GS262706/58298,2026-09-21,235,Raw Curd,30,Kg,71.4,2142,0,2142
2026-09-21,Kolkata,Central Warehouse -Kolkata,Bikaner Polymers Pvt Ltd,SE-8685,1487/26-27,2026-09-21,389,Pet Paggi Can 350ml (1Box =256 Pcs),5120,Pc,11.5,58880,0,58880
2026-09-21,Kolkata,Central Warehouse -Kolkata,HARI PROTEINS,SE-8682,H2627/02421,2026-09-21,43,Sunflower Refined Oil ( 1pkt = 868 Ml ),416.64,Ltr,179.73,74882.71,0,74882.71
2026-09-21,Kolkata,Central Warehouse -Kolkata,HARI PROTEINS,SE-8683,H2627/02422,2026-09-21,43,Sunflower Refined Oil ( 1pkt = 868 Ml ),416.64,Ltr,179.73,74882.71,0,74882.71
2026-09-21,Kolkata,Central Warehouse -Kolkata,Radha Krishana Enterprise,SE-8680,1200,2026-09-21,237,Beans,2,Kg,75,150,0,150
2026-09-21,Kolkata,Central Warehouse -Kolkata,Radha Krishana Enterprise,SE-8680,1200,2026-09-21,107,Carrot,22,Kg,41,902,0,902
2026-09-21,Kolkata,Central Warehouse -Kolkata,Radha Krishana Enterprise,SE-8680,1200,2026-09-21,115,Coriander Leaves,5.7,Kg,100,570,0,570
2026-09-21,Kolkata,Central Warehouse -Kolkata,Radha Krishana Enterprise,SE-8680,1200,2026-09-21,123,Cucumber,2.5,Kg,25,62.5,0,62.5
2026-09-21,Kolkata,Central Warehouse -Kolkata,Radha Krishana Enterprise,SE-8680,1200,2026-09-21,131,Curry Leaves,2.4,Kg,72,172.8,0,172.8
2026-09-21,Kolkata,Central Warehouse -Kolkata,Radha Krishana Enterprise,SE-8680,1200,2026-09-21,100,Garlic,4,Kg,140,560,0,560
2026-09-21,Kolkata,Central Warehouse -Kolkata,Radha Krishana Enterprise,SE-8680,1200,2026-09-21,108,Ginger,15.2,Kg,132,2006.4,0,2006.4
2026-09-21,Kolkata,Central Warehouse -Kolkata,Radha Krishana Enterprise,SE-8680,1200,2026-09-21,99,Green Capsicum,1,Kg,67,67,0,67
2026-09-21,Kolkata,Central Warehouse -Kolkata,Radha Krishana Enterprise,SE-8680,1200,2026-09-21,124,Lime,300,Pc,3.5,1050,0,1050
2026-09-21,Kolkata,Central Warehouse -Kolkata,Radha Krishana Enterprise,SE-8680,1200,2026-09-21,451,Mint leaf,0.8,Kg,180,144,0,144
2026-09-21,Kolkata,Central Warehouse -Kolkata,Radha Krishana Enterprise,SE-8680,1200,2026-09-21,132,Onion,24.8,Kg,37,917.6,0,917.6
2026-09-21,Kolkata,Central Warehouse -Kolkata,Radha Krishana Enterprise,SE-8680,1200,2026-09-21,116,Raw Green Chili,8.7,Kg,75,652.5,0,652.5
2026-09-21,Kolkata,Central Warehouse -Kolkata,Radha Krishana Enterprise,SE-8680,1200,2026-09-21,279,Raw Lauki,56.5,Kg,25,1412.5,0,1412.5
2026-09-21,Kolkata,Central Warehouse -Kolkata,Radha Krishana Enterprise,SE-8680,1200,2026-09-21,274,Raw Potato,137,Kg,18,2466,0,2466
2026-09-21,Kolkata,Central Warehouse -Kolkata,Radha Krishana Enterprise,SE-8680,1200,2026-09-21,141,Tomato,71,Kg,40,2840,0,2840
2026-09-21,Kolkata,Central Warehouse -Kolkata,Radha Krishana Enterprise,SE-8680,1200,2026-09-21,416,Watermelon,40.3,Kg,35,1410.5,0,1410.5
2026-09-21,Kolkata,Central Warehouse -Kolkata,Tara Maa Dashakaram,SE-8684,990,2026-09-21,84,Banana Leaf Big (1bundle = 50pc),600,Pc,1.75,1050,0,1050
2026-09-21,Kolkata,Central Warehouse -Kolkata,Tara Maa Dashakaram,SE-8684,990,2026-09-21,84,Banana Leaf Big (1bundle = 50pc),400,Pc,2,800,0,800
2026-09-21,Kolkata,Central Warehouse -Kolkata,Tara Maa Dashakaram,SE-8684,990,2026-09-21,92,Banana Leaf Small (1bundle = 50pc),1200,Pc,1.25,1500,0,1500
2026-09-21,Kolkata,Central Warehouse -Kolkata,Zomato Hyperpure Kolkata,SE-8679,ZHPWB27-00115763,2026-09-21,391,White Butter,30,Kg,606.9,18207,0,18207
2026-09-21,Kolkata,Central Warehouse -Kolkata,Zomato Hyperpure Kolkata,SE-8681,ZHPWB27-00104179,2026-09-21,14,Amul Butter,0.5,Kg,590,295,0,295
2026-09-21,Kolkata,Central Warehouse -Kolkata,Zomato Hyperpure Kolkata,SE-8681,ZHPWB27-00104179,2026-09-21,51,Rice Powder,150,Kg,76,11400,0,11400
2026-09-21,Kolkata,Central Warehouse -Kolkata,Zomato Hyperpure Kolkata,SE-8681,ZHPWB27-00104179,2026-09-21,391,White Butter,0.5,Kg,627,313.5,0,313.5
2026-09-22,Kolkata,Central Warehouse -Kolkata,Adya Dairy,SE-8686,GS262706/58732,2026-09-22,91,Milk (Adya Dairy),26,Ltr,62,1612,0,1612
2026-09-22,Kolkata,Central Warehouse -Kolkata,Adya Dairy,SE-8686,GS262706/58732,2026-09-22,60,Paneer,6,Kg,299,1794,0,1794
2026-09-22,Kolkata,Central Warehouse -Kolkata,Adya Dairy,SE-8686,GS262706/58732,2026-09-22,235,Raw Curd,40,Kg,71.4,2856,0,2856
2026-09-22,Kolkata,Central Warehouse -Kolkata,BAGRODIA SUPERMARKETS PVT LTD,SE-8688,BS/26-27/024434,2026-09-22,77,Whole Black Pepper,3,Kg,819,2457,0,2457
2026-09-22,Kolkata,Central Warehouse -Kolkata,BAGRODIA SUPERMARKETS PVT LTD,SE-8688,BS/26-27/024434,2026-09-22,54,Whole Dalchini (Cinnamon),0.5,Kg,304.5,152.25,0,152.25
2026-09-22,Kolkata,Central Warehouse -Kolkata,Radha Krishana Enterprise,SE-8687,1454,2026-09-22,122,Amada,2.5,Kg,70,175,0,175
2026-09-22,Kolkata,Central Warehouse -Kolkata,Radha Krishana Enterprise,SE-8687,1454,2026-09-22,237,Beans,2,Kg,75,150,0,150
2026-09-22,Kolkata,Central Warehouse -Kolkata,Radha Krishana Enterprise,SE-8687,1454,2026-09-22,107,Carrot,21.8,Kg,41,893.8,0,893.8
2026-09-22,Kolkata,Central Warehouse -Kolkata,Radha Krishana Enterprise,SE-8687,1454,2026-09-22,115,Coriander Leaves,7,Kg,100,700,0,700
2026-09-22,Kolkata,Central Warehouse -Kolkata,Radha Krishana Enterprise,SE-8687,1454,2026-09-22,123,Cucumber,1,Kg,25,25,0,25
2026-09-22,Kolkata,Central Warehouse -Kolkata,Radha Krishana Enterprise,SE-8687,1454,2026-09-22,131,Curry Leaves,1,Kg,72,72,0,72
2026-09-22,Kolkata,Central Warehouse -Kolkata,Radha Krishana Enterprise,SE-8687,1454,2026-09-22,149,Drumstick,3.9,Kg,90,351,0,351
2026-09-22,Kolkata,Central Warehouse -Kolkata,Radha Krishana Enterprise,SE-8687,1454,2026-09-22,100,Garlic,4,Kg,140,560,0,560
2026-09-22,Kolkata,Central Warehouse -Kolkata,Radha Krishana Enterprise,SE-8687,1454,2026-09-22,108,Ginger,15,Kg,132,1980,0,1980
2026-09-22,Kolkata,Central Warehouse -Kolkata,Radha Krishana Enterprise,SE-8687,1454,2026-09-22,491,Khoa,2,Kg,250,500,0,500
2026-09-22,Kolkata,Central Warehouse -Kolkata,Radha Krishana Enterprise,SE-8687,1454,2026-09-22,124,Lime,300,Pc,3.5,1050,0,1050
2026-09-22,Kolkata,Central Warehouse -Kolkata,Radha Krishana Enterprise,SE-8687,1454,2026-09-22,451,Mint leaf,0.7,Kg,180,126,0,126
2026-09-22,Kolkata,Central Warehouse -Kolkata,Radha Krishana Enterprise,SE-8687,1454,2026-09-22,132,Onion,140,Kg,37,5180,0,5180
2026-09-22,Kolkata,Central Warehouse -Kolkata,Radha Krishana Enterprise,SE-8687,1454,2026-09-22,116,Raw Green Chili,7,Kg,75,525,0,525
2026-09-22,Kolkata,Central Warehouse -Kolkata,Radha Krishana Enterprise,SE-8687,1454,2026-09-22,133,Raw Mango,5,Kg,85,425,0,425
2026-09-22,Kolkata,Central Warehouse -Kolkata,Radha Krishana Enterprise,SE-8687,1454,2026-09-22,274,Raw Potato,122,Kg,18,2196,0,2196
2026-09-22,Kolkata,Central Warehouse -Kolkata,Radha Krishana Enterprise,SE-8687,1454,2026-09-22,280,Raw Pumpkin,51,Kg,27,1377,0,1377
2026-09-22,Kolkata,Central Warehouse -Kolkata,Radha Krishana Enterprise,SE-8687,1454,2026-09-22,141,Tomato,40.6,Kg,40,1624,0,1624
2026-09-22,Kolkata,Central Warehouse -Kolkata,Radha Krishana Enterprise,SE-8687,1454,2026-09-22,416,Watermelon,20,Kg,35,700,0,700
2026-09-23,Kolkata,Central Warehouse -Kolkata,Aas Supply,SE-8690,770,2026-09-23,50,Raw Coconut,1500,Pc,37,55500,0,55500
2026-09-23,Kolkata,Central Warehouse -Kolkata,Adya Dairy,SE-8692,GS262706/59197,2026-09-23,91,Milk (Adya Dairy),16,Ltr,62,992,0,992
2026-09-23,Kolkata,Central Warehouse -Kolkata,Adya Dairy,SE-8692,GS262706/59197,2026-09-23,60,Paneer,3,Kg,299,897,0,897
2026-09-23,Kolkata,Central Warehouse -Kolkata,Adya Dairy,SE-8692,GS262706/59197,2026-09-23,235,Raw Curd,40,Kg,71.4,2856,0,2856
2026-09-23,Kolkata,Central Warehouse -Kolkata,BAGRODIA SUPERMARKETS PVT LTD,SE-8693,BS/26-27/024615,2026-09-23,39,Cashew,10,Kg,840,8400,0,8400
2026-09-23,Kolkata,Central Warehouse -Kolkata,BAGRODIA SUPERMARKETS PVT LTD,SE-8693,BS/26-27/024615,2026-09-23,53,Sugar,200,Kg,67.2,13440,0,13440
2026-09-23,Kolkata,Central Warehouse -Kolkata,BAGRODIA SUPERMARKETS PVT LTD,SE-8700,BS/26-27/024614,2026-09-23,29,Salt,200,Kg,27,5400,0,5400
2026-09-23,Kolkata,Central Warehouse -Kolkata,BAGRODIA SUPERMARKETS PVT LTD,SE-8701,BS/26-27/024799,2026-09-23,31,White Sugar Sachet (1pkt = 200pc),10000,Pc,0.44,4400,0,4400
2026-09-23,Kolkata,Central Warehouse -Kolkata,M/S MAHAR,SE-8696,2026-27/330,2026-09-23,119,Glen Container With Lid - 250ml (1pkt = 50pc),5000,Pc,4.22,21100,0,21100
2026-09-23,Kolkata,Central Warehouse -Kolkata,M/S MAHAR,SE-8696,2026-27/330,2026-09-23,127,Glen Container With Lid - 500ml (1pkt = 50pc),5000,Pc,4.5,22500,0,22500
2026-09-23,Kolkata,Central Warehouse -Kolkata,M/S MAHAR,SE-8696,2026-27/330,2026-09-23,165,Glen Container With Lid - 750ml (1pkt = 50pc),500,Pc,6.84,3420,0,3420
2026-09-23,Kolkata,Central Warehouse -Kolkata,M/S MAHAR,SE-8697,2026-27/328,2026-09-23,401,1000ml Round Bucket (DIY),250,Piece,14.6,3650,0,3650
2026-09-23,Kolkata,Central Warehouse -Kolkata,M/S MAHAR,SE-8697,2026-27/328,2026-09-23,119,Glen Container With Lid - 250ml (1pkt = 50pc),10000,Pc,4.22,42200,0,42200
2026-09-23,Kolkata,Central Warehouse -Kolkata,M/S MAHAR,SE-8697,2026-27/328,2026-09-23,165,Glen Container With Lid - 750ml (1pkt = 50pc),500,Pc,6.84,3420,0,3420
2026-09-23,Kolkata,Central Warehouse -Kolkata,Radha Krishana Enterprise,SE-8694,1455,2026-09-23,237,Beans,0.5,Kg,75,37.5,0,37.5
2026-09-23,Kolkata,Central Warehouse -Kolkata,Radha Krishana Enterprise,SE-8694,1455,2026-09-23,107,Carrot,14.5,Kg,41,594.5,0,594.5
2026-09-23,Kolkata,Central Warehouse -Kolkata,Radha Krishana Enterprise,SE-8694,1455,2026-09-23,115,Coriander Leaves,5,Kg,100,500,0,500
2026-09-23,Kolkata,Central Warehouse -Kolkata,Radha Krishana Enterprise,SE-8694,1455,2026-09-23,123,Cucumber,2,Kg,25,50,0,50
2026-09-23,Kolkata,Central Warehouse -Kolkata,Radha Krishana Enterprise,SE-8694,1455,2026-09-23,131,Curry Leaves,3,Kg,72,216,0,216
2026-09-23,Kolkata,Central Warehouse -Kolkata,Radha Krishana Enterprise,SE-8694,1455,2026-09-23,149,Drumstick,4,Kg,90,360,0,360
2026-09-23,Kolkata,Central Warehouse -Kolkata,Radha Krishana Enterprise,SE-8694,1455,2026-09-23,100,Garlic,5,Kg,140,700,0,700
2026-09-23,Kolkata,Central Warehouse -Kolkata,Radha Krishana Enterprise,SE-8694,1455,2026-09-23,108,Ginger,14,Kg,132,1848,0,1848
2026-09-23,Kolkata,Central Warehouse -Kolkata,Radha Krishana Enterprise,SE-8694,1455,2026-09-23,99,Green Capsicum,1,Kg,67,67,0,67
2026-09-23,Kolkata,Central Warehouse -Kolkata,Radha Krishana Enterprise,SE-8694,1455,2026-09-23,491,Khoa,2,Kg,250,500,0,500
2026-09-23,Kolkata,Central Warehouse -Kolkata,Radha Krishana Enterprise,SE-8694,1455,2026-09-23,124,Lime,300,Pc,3.5,1050,0,1050
2026-09-23,Kolkata,Central Warehouse -Kolkata,Radha Krishana Enterprise,SE-8694,1455,2026-09-23,451,Mint leaf,0.7,Kg,180,126,0,126
2026-09-23,Kolkata,Central Warehouse -Kolkata,Radha Krishana Enterprise,SE-8694,1455,2026-09-23,132,Onion,50,Kg,37,1850,0,1850
2026-09-23,Kolkata,Central Warehouse -Kolkata,Radha Krishana Enterprise,SE-8694,1455,2026-09-23,116,Raw Green Chili,10,Kg,75,750,0,750
2026-09-23,Kolkata,Central Warehouse -Kolkata,Radha Krishana Enterprise,SE-8694,1455,2026-09-23,20,Raw Imli,50,Kg,70,3500,0,3500
2026-09-23,Kolkata,Central Warehouse -Kolkata,Radha Krishana Enterprise,SE-8694,1455,2026-09-23,279,Raw Lauki,52.5,Kg,25,1312.5,0,1312.5
2026-09-23,Kolkata,Central Warehouse -Kolkata,Radha Krishana Enterprise,SE-8694,1455,2026-09-23,133,Raw Mango,5,Kg,85,425,0,425
2026-09-23,Kolkata,Central Warehouse -Kolkata,Radha Krishana Enterprise,SE-8694,1455,2026-09-23,274,Raw Potato,150,Kg,18,2700,0,2700
2026-09-23,Kolkata,Central Warehouse -Kolkata,Radha Krishana Enterprise,SE-8694,1455,2026-09-23,141,Tomato,69,Kg,40,2760,0,2760
2026-09-23,Kolkata,Central Warehouse -Kolkata,Radha Krishana Enterprise,SE-8694,1455,2026-09-23,416,Watermelon,40,Kg,35,1400,0,1400
2026-09-23,Kolkata,Central Warehouse -Kolkata,Tara Maa Dashakaram,SE-8689,993,2026-09-23,84,Banana Leaf Big (1bundle = 50pc),650,Pc,2,1300,0,1300
2026-09-23,Kolkata,Central Warehouse -Kolkata,Tara Maa Dashakaram,SE-8689,993,2026-09-23,92,Banana Leaf Small (1bundle = 50pc),1000,Pc,1.25,1250,0,1250
2026-09-23,Kolkata,Central Warehouse -Kolkata,Tara Maa Dashakaram,SE-8699,997,2026-09-23,84,Banana Leaf Big (1bundle = 50pc),1200,Pc,1.75,2100,0,2100
2026-09-23,Kolkata,Central Warehouse -Kolkata,Tara Maa Dashakaram,SE-8699,997,2026-09-23,92,Banana Leaf Small (1bundle = 50pc),1400,Pc,1.25,1750,0,1750
2026-09-23,Kolkata,Central Warehouse -Kolkata,Zomato Hyperpure Kolkata,SE-8691,ZHPWB27-00117167,2026-09-23,68,Amul Cheese,50,Kg,521,26050,0,26050
2026-09-23,Kolkata,Central Warehouse -Kolkata,Zomato Hyperpure Kolkata,SE-8691,ZHPWB27-00117167,2026-09-23,51,Rice Powder,30,Kg,76,2280,0,2280
2026-09-23,Kolkata,Central Warehouse -Kolkata,Zomato Hyperpure Kolkata,SE-8695,ZBSWB27-00089834,2026-09-23,76,Milk - Tetra 1Ltr,120,Ltr,79,9480,0,9480
2026-09-23,Kolkata,Central Warehouse -Kolkata,Zomato Hyperpure Kolkata,SE-8698,ZBSWB27-00089966,2026-09-23,48,Dosa Daal (Urad),300,Kg,135,40500,0,40500
2026-09-23,Kolkata,Central Warehouse -Kolkata,Zomato Hyperpure Kolkata,SE-8698,ZBSWB27-00089966,2026-09-23,37,Sambar Daal (Toor),300,Kg,119,35700,0,35700
2026-09-24,Delhi,Central Warehouse - Delhi,Hans Industrial Corp. Ltd,SE-7951,HICL/26-27/00196,2026-09-24,281,Butane Gas Cartridge 235GM (1box=28pc),112,Pc,136.5,15288,0,15288
2026-09-24,Delhi,Central Warehouse - Delhi,Javed Dairy,SE-7924,3068,2026-09-24,91,Milk (Adya Dairy),30,Ltr,59,1770,0,1770
2026-09-24,Delhi,Central Warehouse - Delhi,Javed Dairy,SE-7924,3068,2026-09-24,60,Paneer,6,Kg,450,2700,0,2700
2026-09-24,Delhi,Central Warehouse - Delhi,Javed Dairy,SE-7924,3068,2026-09-24,235,Raw Curd,42,Kg,79,3318,0,3318
2026-09-24,Delhi,Central Warehouse - Delhi,Javed Dairy,SE-7925,3069,2026-09-24,91,Milk (Adya Dairy),6,Ltr,59,354,0,354
2026-09-24,Delhi,Central Warehouse - Delhi,Javed Dairy,SE-7925,3069,2026-09-24,60,Paneer,12,Kg,450,5400,0,5400
2026-09-24,Delhi,Central Warehouse - Delhi,Javed Dairy,SE-7925,3069,2026-09-24,235,Raw Curd,36,Kg,79,2844,0,2844
2026-09-24,Delhi,Central Warehouse - Delhi,Javed Dairy,SE-7926,3070,2026-09-24,91,Milk (Adya Dairy),18,Ltr,59,1062,0,1062
2026-09-24,Delhi,Central Warehouse - Delhi,Javed Dairy,SE-7926,3070,2026-09-24,60,Paneer,6,Kg,450,2700,0,2700
2026-09-24,Delhi,Central Warehouse - Delhi,Javed Dairy,SE-7926,3070,2026-09-24,235,Raw Curd,24,Kg,79,1896,0,1896
2026-09-24,Delhi,Central Warehouse - Delhi,MANDI FRESH,SE-7920,529,2026-09-24,107,Carrot,25,Kg,32,800,0,800
2026-09-24,Delhi,Central Warehouse - Delhi,MANDI FRESH,SE-7920,529,2026-09-24,115,Coriander Leaves,10,Kg,150,1500,0,1500
2026-09-24,Delhi,Central Warehouse - Delhi,MANDI FRESH,SE-7920,529,2026-09-24,149,Drumstick,2,Kg,85,170,0,170
2026-09-24,Delhi,Central Warehouse - Delhi,MANDI FRESH,SE-7920,529,2026-09-24,100,Garlic,5.8,Kg,125,725,0,725
2026-09-24,Delhi,Central Warehouse - Delhi,MANDI FRESH,SE-7920,529,2026-09-24,108,Ginger,10,Kg,160,1600,0,1600
2026-09-24,Delhi,Central Warehouse - Delhi,MANDI FRESH,SE-7920,529,2026-09-24,99,Green Capsicum,3,Kg,48,144,0,144
2026-09-24,Delhi,Central Warehouse - Delhi,MANDI FRESH,SE-7920,529,2026-09-24,124,Lime,800,Pc,2,1600,0,1600
2026-09-24,Delhi,Central Warehouse - Delhi,MANDI FRESH,SE-7920,529,2026-09-24,451,Mint leaf,1,Kg,70,70,0,70
2026-09-24,Delhi,Central Warehouse - Delhi,MANDI FRESH,SE-7920,529,2026-09-24,132,Onion,163,Kg,40,6520,0,6520
2026-09-24,Delhi,Central Warehouse - Delhi,MANDI FRESH,SE-7920,529,2026-09-24,116,Raw Green Chili,8,Kg,40,320,0,320
2026-09-24,Delhi,Central Warehouse - Delhi,MANDI FRESH,SE-7920,529,2026-09-24,279,Raw Lauki,25,Kg,23,575,0,575
2026-09-24,Delhi,Central Warehouse - Delhi,MANDI FRESH,SE-7920,529,2026-09-24,274,Raw Potato,144,Kg,25,3600,0,3600
2026-09-24,Delhi,Central Warehouse - Delhi,MANDI FRESH,SE-7920,529,2026-09-24,280,Raw Pumpkin,20,Kg,23,460,0,460
2026-09-24,Delhi,Central Warehouse - Delhi,MANDI FRESH,SE-7920,529,2026-09-24,141,Tomato,60,Kg,44,2640,0,2640
2026-09-24,Delhi,Central Warehouse - Delhi,MANDI FRESH,SE-7920,529,2026-09-24,416,Watermelon,40,Kg,40,1600,0,1600
2026-09-24,Delhi,Central Warehouse - Delhi,MANDI FRESH,SE-7921,530,2026-09-24,107,Carrot,20,Kg,32,640,0,640
2026-09-24,Delhi,Central Warehouse - Delhi,MANDI FRESH,SE-7921,530,2026-09-24,115,Coriander Leaves,10,Kg,150,1500,0,1500
2026-09-24,Delhi,Central Warehouse - Delhi,MANDI FRESH,SE-7921,530,2026-09-24,123,Cucumber,1,Kg,25,25,0,25
2026-09-24,Delhi,Central Warehouse - Delhi,MANDI FRESH,SE-7921,530,2026-09-24,131,Curry Leaves,3.6,Kg,37.5,135,0,135
2026-09-24,Delhi,Central Warehouse - Delhi,MANDI FRESH,SE-7921,530,2026-09-24,149,Drumstick,3,Kg,85,255,0,255
2026-09-24,Delhi,Central Warehouse - Delhi,MANDI FRESH,SE-7921,530,2026-09-24,108,Ginger,10,Kg,160,1600,0,1600
2026-09-24,Delhi,Central Warehouse - Delhi,MANDI FRESH,SE-7921,530,2026-09-24,99,Green Capsicum,2,Kg,48,96,0,96
2026-09-24,Delhi,Central Warehouse - Delhi,MANDI FRESH,SE-7921,530,2026-09-24,124,Lime,280,Pc,2,560,0,560
2026-09-24,Delhi,Central Warehouse - Delhi,MANDI FRESH,SE-7921,530,2026-09-24,132,Onion,100,Kg,40,4000,0,4000
2026-09-24,Delhi,Central Warehouse - Delhi,MANDI FRESH,SE-7921,530,2026-09-24,116,Raw Green Chili,5,Kg,40,200,0,200
2026-09-24,Delhi,Central Warehouse - Delhi,MANDI FRESH,SE-7921,530,2026-09-24,274,Raw Potato,99,Kg,25,2475,0,2475
2026-09-24,Delhi,Central Warehouse - Delhi,MANDI FRESH,SE-7921,530,2026-09-24,280,Raw Pumpkin,21,Kg,23,483,0,483
2026-09-24,Delhi,Central Warehouse - Delhi,MANDI FRESH,SE-7921,530,2026-09-24,141,Tomato,50,Kg,44,2200,0,2200
2026-09-24,Delhi,Central Warehouse - Delhi,MANDI FRESH,SE-7922,531,2026-09-24,107,Carrot,20,Kg,32,640,0,640
2026-09-24,Delhi,Central Warehouse - Delhi,MANDI FRESH,SE-7922,531,2026-09-24,115,Coriander Leaves,20,Kg,150,3000,0,3000
2026-09-24,Delhi,Central Warehouse - Delhi,MANDI FRESH,SE-7922,531,2026-09-24,123,Cucumber,3,Kg,25,75,0,75
2026-09-24,Delhi,Central Warehouse - Delhi,MANDI FRESH,SE-7922,531,2026-09-24,131,Curry Leaves,3.2,Kg,37.5,120,0,120
2026-09-24,Delhi,Central Warehouse - Delhi,MANDI FRESH,SE-7922,531,2026-09-24,149,Drumstick,4,Kg,85,340,0,340
2026-09-24,Delhi,Central Warehouse - Delhi,MANDI FRESH,SE-7922,531,2026-09-24,100,Garlic,8,Kg,125,1000,0,1000
2026-09-24,Delhi,Central Warehouse - Delhi,MANDI FRESH,SE-7922,531,2026-09-24,108,Ginger,20,Kg,160,3200,0,3200
2026-09-24,Delhi,Central Warehouse - Delhi,MANDI FRESH,SE-7922,531,2026-09-24,99,Green Capsicum,4,Kg,48,192,0,192
2026-09-24,Delhi,Central Warehouse - Delhi,MANDI FRESH,SE-7922,531,2026-09-24,124,Lime,400,Pc,2,800,0,800
2026-09-24,Delhi,Central Warehouse - Delhi,MANDI FRESH,SE-7922,531,2026-09-24,451,Mint leaf,1,Kg,70,70,0,70
2026-09-24,Delhi,Central Warehouse - Delhi,MANDI FRESH,SE-7922,531,2026-09-24,132,Onion,376,Kg,40,15040,0,15040
2026-09-24,Delhi,Central Warehouse - Delhi,MANDI FRESH,SE-7922,531,2026-09-24,116,Raw Green Chili,10,Kg,40,400,0,400
2026-09-24,Delhi,Central Warehouse - Delhi,MANDI FRESH,SE-7922,531,2026-09-24,279,Raw Lauki,20,Kg,23,460,0,460
2026-09-24,Delhi,Central Warehouse - Delhi,MANDI FRESH,SE-7922,531,2026-09-24,274,Raw Potato,98,Kg,25,2450,0,2450
2026-09-24,Delhi,Central Warehouse - Delhi,MANDI FRESH,SE-7922,531,2026-09-24,280,Raw Pumpkin,21,Kg,23,483,0,483
2026-09-24,Delhi,Central Warehouse - Delhi,MANDI FRESH,SE-7922,531,2026-09-24,141,Tomato,99,Kg,44,4356,0,4356
2026-09-24,Delhi,Central Warehouse - Delhi,MANDI FRESH,SE-7923,533,2026-09-24,107,Carrot,25,Kg,32,800,0,800
2026-09-24,Delhi,Central Warehouse - Delhi,MANDI FRESH,SE-7923,533,2026-09-24,524,Cauliflower,2,Kg,90,180,0,180
2026-09-24,Delhi,Central Warehouse - Delhi,MANDI FRESH,SE-7923,533,2026-09-24,115,Coriander Leaves,15,Kg,150,2250,0,2250
2026-09-24,Delhi,Central Warehouse - Delhi,MANDI FRESH,SE-7923,533,2026-09-24,131,Curry Leaves,2,Kg,37.5,75,0,75
2026-09-24,Delhi,Central Warehouse - Delhi,MANDI FRESH,SE-7923,533,2026-09-24,149,Drumstick,3,Kg,85,255,0,255
2026-09-24,Delhi,Central Warehouse - Delhi,MANDI FRESH,SE-7923,533,2026-09-24,108,Ginger,5,Kg,160,800,0,800
2026-09-24,Delhi,Central Warehouse - Delhi,MANDI FRESH,SE-7923,533,2026-09-24,99,Green Capsicum,2,Kg,48,96,0,96
2026-09-24,Delhi,Central Warehouse - Delhi,MANDI FRESH,SE-7923,533,2026-09-24,124,Lime,200,Pc,2,400,0,400
2026-09-24,Delhi,Central Warehouse - Delhi,MANDI FRESH,SE-7923,533,2026-09-24,451,Mint leaf,1,Kg,70,70,0,70
2026-09-24,Delhi,Central Warehouse - Delhi,MANDI FRESH,SE-7923,533,2026-09-24,132,Onion,195,Kg,40,7800,0,7800
2026-09-24,Delhi,Central Warehouse - Delhi,MANDI FRESH,SE-7923,533,2026-09-24,116,Raw Green Chili,5,Kg,40,200,0,200
2026-09-24,Delhi,Central Warehouse - Delhi,MANDI FRESH,SE-7923,533,2026-09-24,274,Raw Potato,143,Kg,25,3575,0,3575
2026-09-24,Delhi,Central Warehouse - Delhi,MANDI FRESH,SE-7923,533,2026-09-24,280,Raw Pumpkin,20,Kg,23,460,0,460
2026-09-24,Delhi,Central Warehouse - Delhi,MANDI FRESH,SE-7923,533,2026-09-24,141,Tomato,99,Kg,44,4356,0,4356
2026-09-24,Delhi,Central Warehouse - Delhi,MANDI FRESH,SE-7923,533,2026-09-24,416,Watermelon,30,Kg,40,1200,0,1200
2026-09-24,Delhi,Central Warehouse - Delhi,PC TRADING CO.,SE-7936,60,2026-09-24,46,Chana Daal,120,Kg,88,10560,0,10560
2026-09-24,Delhi,Central Warehouse - Delhi,PC TRADING CO.,SE-7936,60,2026-09-24,48,Dosa Daal (Urad),540,Kg,136,73440,0,73440
2026-09-24,Delhi,Central Warehouse - Delhi,PC TRADING CO.,SE-7950,61,2026-09-24,47,Fried Chana Daal,800,Kg,117,93600,0,93600
2026-09-24,Delhi,Central Warehouse - Delhi,Shyam Vegetable,SE-7940,1719,2026-09-24,115,Coriander Leaves,10,Kg,150,1500,0,1500
2026-09-24,Delhi,Central Warehouse - Delhi,Shyam Vegetable,SE-7940,1719,2026-09-24,48,Dosa Daal (Urad),60,Kg,140,8400,0,8400
2026-09-24,Delhi,Central Warehouse - Delhi,Shyam Vegetable,SE-7940,1719,2026-09-24,50,Raw Coconut,100,Pc,48,4800,0,4800
2026-09-24,Delhi,Central Warehouse - Delhi,Shyam Vegetable,SE-7941,1727,2026-09-24,124,Lime,800,Pc,5,4000,0,4000
2026-09-24,Delhi,Central Warehouse - Delhi,Shyam Vegetable,SE-7942,1728,2026-09-24,275,Whole Coriander (Gota Dhaniya),30,Kg,250,7500,0,7500
2026-09-24,Delhi,Central Warehouse - Delhi,Shyam Vegetable,SE-7943,1729,2026-09-24,26,Jaggery,40,Kg,80,3200,0,3200
2026-09-24,Delhi,Central Warehouse - Delhi,Shyam Vegetable,SE-7944,1731,2026-09-24,50,Raw Coconut,200,Pc,48,9600,0,9600
2026-09-24,Delhi,Central Warehouse - Delhi,Shyam Vegetable,SE-7945,1730,2026-09-24,50,Raw Coconut,200,Pc,48,9600,0,9600
2026-09-24,Delhi,Central Warehouse - Delhi,Shyam Vegetable,SE-7946,1733,2026-09-24,50,Raw Coconut,200,Pc,48,9600,0,9600
2026-09-24,Delhi,Central Warehouse - Delhi,Shyam Vegetable,SE-7947,1734,2026-09-24,275,Whole Coriander (Gota Dhaniya),90,Kg,250,22500,0,22500
2026-09-24,Delhi,Central Warehouse - Delhi,Shyam Vegetable,SE-7948,1735,2026-09-24,275,Whole Coriander (Gota Dhaniya),90,Kg,250,22500,0,22500
2026-09-24,Delhi,Central Warehouse - Delhi,Shyam Vegetable,SE-7949,1736,2026-09-24,50,Raw Coconut,200,Pc,48,9600,0,9600
2026-09-24,Delhi,Central Warehouse - Delhi,Sms Supply Port Pvt Ltd.,SE-7937,SDWSI2608805,2026-09-24,64,Kinley Soda 750ml Pet,240,Pc,15.84,3801.6,0,3801.6
2026-09-24,Delhi,Central Warehouse - Delhi,Sms Supply Port Pvt Ltd.,SE-7937,SDWSI2608805,2026-09-24,438,Vedica Mineral water,1000,Pc,15,15000,0,15000
2026-09-24,Delhi,Central Warehouse - Delhi,South Indian Pan Shop,SE-7938,2026-27/13645,2026-09-24,84,Banana Leaf Big (1bundle = 50pc),3200,Pc,2.5,8000,0,8000
2026-09-24,Delhi,Central Warehouse - Delhi,South Indian Pan Shop,SE-7938,2026-27/13645,2026-09-24,92,Banana Leaf Small (1bundle = 50pc),2700,Pc,1.3,3510,0,3510
2026-09-24,Delhi,Central Warehouse - Delhi,South Indian Pan Shop,SE-7938,2026-27/13645,2026-09-24,4,Cothas Coffee Powder,30,Kg,930,27900,0,27900
2026-09-24,Delhi,Central Warehouse - Delhi,South Indian Pan Shop,SE-7939,2026-27/13662,2026-09-24,84,Banana Leaf Big (1bundle = 50pc),3000,Pc,2.5,7500,0,7500
2026-09-24,Delhi,Central Warehouse - Delhi,South Indian Pan Shop,SE-7939,2026-27/13662,2026-09-24,92,Banana Leaf Small (1bundle = 50pc),1000,Pc,1.3,1300,0,1300
2026-09-24,Delhi,Central Warehouse - Delhi,Zomato Hyperpure Delhi,SE-7927,ZHPDL27-00189738,2026-09-24,238,Rubber Hand Gloves (1pkt=100pc),2000,Pc,4.26,8520,0,8520
2026-09-24,Delhi,Central Warehouse - Delhi,Zomato Hyperpure Delhi,SE-7928,ZBSDL27-00151114,2026-09-24,76,Milk - Tetra 1Ltr,36,Ltr,79,2844,0,2844
2026-09-24,Delhi,Central Warehouse - Delhi,Zomato Hyperpure Delhi,SE-7929,ZHPDL27-00191176,2026-09-24,160,Sponge Wipe,13,Pkt,186.46,2423.98,0,2423.98
2026-09-24,Delhi,Central Warehouse - Delhi,Zomato Hyperpure Delhi,SE-7930,ZBSDL27-00151072,2026-09-24,47,Fried Chana Daal,60,Kg,139.33,8359.8,0,8359.8
2026-09-24,Delhi,Central Warehouse - Delhi,Zomato Hyperpure Delhi,SE-7931,ZHPDL27-00191230,2026-09-24,110,Compartment Tray With Lid - 2CP (1pkt = 25pc),800,Pc,8.13,6504,0,6504
2026-09-24,Delhi,Central Warehouse - Delhi,Zomato Hyperpure Delhi,SE-7931,ZHPDL27-00191230,2026-09-24,75,Ghee,16.29,Kg,835.35,13607.85,0,13607.85
2026-09-24,Delhi,Central Warehouse - Delhi,Zomato Hyperpure Delhi,SE-7932,ZBSDL27-00152180,2026-09-24,76,Milk - Tetra 1Ltr,36,Ltr,79,2844,0,2844
2026-09-24,Delhi,Central Warehouse - Delhi,Zomato Hyperpure Delhi,SE-7932,ZBSDL27-00152180,2026-09-24,536,Rock Salt,10,Kg,64,640,0,640
2026-09-24,Delhi,Central Warehouse - Delhi,Zomato Hyperpure Delhi,SE-7932,ZBSDL27-00152180,2026-09-24,29,Salt,115,Kg,33,3795,0,3795
2026-09-24,Delhi,Central Warehouse - Delhi,Zomato Hyperpure Delhi,SE-7933,ZBSDL27-00153070,2026-09-24,76,Milk - Tetra 1Ltr,300,Ltr,79,23700,0,23700
2026-09-24,Delhi,Central Warehouse - Delhi,Zomato Hyperpure Delhi,SE-7934,ZHPDL27-00193763,2026-09-24,14,Amul Butter,5,Kg,590,2950,0,2950
2026-09-24,Delhi,Central Warehouse - Delhi,Zomato Hyperpure Delhi,SE-7934,ZHPDL27-00193763,2026-09-24,75,Ghee,21.72,Kg,835.35,18143.8,0,18143.8
2026-09-24,Delhi,Central Warehouse - Delhi,Zomato Hyperpure Delhi,SE-7934,ZHPDL27-00193763,2026-09-24,64,Kinley Soda 750ml Pet,24,Pc,19.99,479.76,0,479.76
2026-09-24,Delhi,Central Warehouse - Delhi,Zomato Hyperpure Delhi,SE-7935,ZHPDL27-00192583,2026-09-24,14,Amul Butter,2.5,Kg,590,1475,0,1475
2026-09-24,Delhi,Central Warehouse - Delhi,Zomato Hyperpure Delhi,SE-7935,ZHPDL27-00192583,2026-09-24,39,Cashew,10,Kg,932.4,9324,0,9324
2026-09-24,Delhi,Central Warehouse - Delhi,Zomato Hyperpure Delhi,SE-7935,ZHPDL27-00192583,2026-09-24,16,Cloves,0.5,Kg,1054,527,0,527
2026-09-24,Delhi,Central Warehouse - Delhi,Zomato Hyperpure Delhi,SE-7935,ZHPDL27-00192583,2026-09-24,127,Glen Container With Lid - 500ml (1pkt = 50pc),2500,Pc,7.81,19525,0,19525
2026-09-24,Delhi,Central Warehouse - Delhi,Zomato Hyperpure Delhi,SE-7935,ZHPDL27-00192583,2026-09-24,491,Khoa,10,Kg,346.4,3464,0,3464
2026-09-24,Delhi,Central Warehouse - Delhi,Zomato Hyperpure Delhi,SE-7935,ZHPDL27-00192583,2026-09-24,49,Mace (Javitri),300,gm,2.79,837,0,837
2026-09-24,Delhi,Central Warehouse - Delhi,Zomato Hyperpure Delhi,SE-7935,ZHPDL27-00192583,2026-09-24,13,Milk Powder,10,Kg,594.2,5942,0,5942
2026-09-24,Delhi,Central Warehouse - Delhi,Zomato Hyperpure Delhi,SE-7935,ZHPDL27-00192583,2026-09-24,27,Mustard Seed,10000,gm,0.14,1375,0,1375
2026-09-24,Delhi,Central Warehouse - Delhi,Zomato Hyperpure Delhi,SE-7935,ZHPDL27-00192583,2026-09-24,3,Oreo Buiscuits,96,Pkt,9.27,889.92,0,889.92
2026-09-24,Delhi,Central Warehouse - Delhi,Zomato Hyperpure Delhi,SE-7935,ZHPDL27-00192583,2026-09-24,535,Poha,10,Kg,90.32,903.2,0,903.2
2026-09-24,Delhi,Central Warehouse - Delhi,Zomato Hyperpure Delhi,SE-7935,ZHPDL27-00192583,2026-09-24,11,Tea Leaf,5,Kg,201.6,1008,0,1008
2026-09-24,Delhi,Central Warehouse - Delhi,Zomato Hyperpure Delhi,SE-7935,ZHPDL27-00192583,2026-09-24,303,Toilet Paper Roll Round,60,Pc,21.82,1309.2,0,1309.2
2026-09-24,Delhi,Central Warehouse - Delhi,Zomato Hyperpure Delhi,SE-7935,ZHPDL27-00192583,2026-09-24,25,Turmeric Powder,10000,gm,0.36,3603,0,3603
2026-09-24,Delhi,Central Warehouse - Delhi,Zomato Hyperpure Delhi,SE-7935,ZHPDL27-00192583,2026-09-24,77,Whole Black Pepper,2,Kg,958.5,1917,0,1917
2026-09-24,Delhi,Central Warehouse - Delhi,Zomato Hyperpure Delhi,SE-7935,ZHPDL27-00192583,2026-09-24,78,Whole Elaichi,300,gm,4.47,1341,0,1341
2026-09-24,Delhi,Central Warehouse - Delhi,Zomato Hyperpure Delhi,SE-7935,ZHPDL27-00192583,2026-09-24,70,Whole Methi,3000,gm,0.13,390,0,390
2026-09-24,Kolkata,Central Warehouse -Kolkata,Adya Dairy,SE-8702,GS262706/59601,2026-09-24,91,Milk (Adya Dairy),18,Ltr,62,1116,0,1116
2026-09-24,Kolkata,Central Warehouse -Kolkata,Adya Dairy,SE-8702,GS262706/59601,2026-09-24,60,Paneer,6,Kg,299,1794,0,1794
2026-09-24,Kolkata,Central Warehouse -Kolkata,Adya Dairy,SE-8702,GS262706/59601,2026-09-24,235,Raw Curd,40,Kg,71.4,2856,0,2856
2026-09-24,Kolkata,Central Warehouse -Kolkata,CONTINENTAL FOOD,SE-8709,CF/26-27/0397,2026-09-24,27,Mustard Seed,20,Kg,192.38,3847.6,0,3847.6
2026-09-24,Kolkata,Central Warehouse -Kolkata,CONTINENTAL FOOD,SE-8709,CF/26-27/0397,2026-09-24,32,Whole Cumin,3,Kg,455.09,1365.27,0,1365.27
2026-09-24,Kolkata,Central Warehouse -Kolkata,Cash Purchase,SE-8707,52172962,2026-09-24,516,Glucose,1,Kg,190,190,0,190
2026-09-24,Kolkata,Central Warehouse -Kolkata,Cash Purchase,SE-8710,230926,2026-09-24,3,Oreo Buiscuits,30,Pkt,10,300,0,300
2026-09-24,Kolkata,Central Warehouse -Kolkata,Diamond Beverage,SE-8712,SIU1-2627-029506,2026-09-24,64,Kinley Soda 750ml Pet,120,Pc,16,1920,0,1920
2026-09-24,Kolkata,Central Warehouse -Kolkata,Diamond Beverage,SE-8712,SIU1-2627-029506,2026-09-24,88,Schweppes Water - 500ml,720,Pc,21,15120,0,15120
2026-09-24,Kolkata,Central Warehouse -Kolkata,Radha Krishana Enterprise,SE-8703,1462,2026-09-24,122,Amada,4.9,Kg,70,343,0,343
2026-09-24,Kolkata,Central Warehouse -Kolkata,Radha Krishana Enterprise,SE-8703,1462,2026-09-24,237,Beans,3,Kg,75,225,0,225
2026-09-24,Kolkata,Central Warehouse -Kolkata,Radha Krishana Enterprise,SE-8703,1462,2026-09-24,107,Carrot,16.5,Kg,41,676.5,0,676.5
2026-09-24,Kolkata,Central Warehouse -Kolkata,Radha Krishana Enterprise,SE-8703,1462,2026-09-24,115,Coriander Leaves,7.4,Kg,100,740,0,740
2026-09-24,Kolkata,Central Warehouse -Kolkata,Radha Krishana Enterprise,SE-8703,1462,2026-09-24,131,Curry Leaves,1.6,Kg,72,115.2,0,115.2
2026-09-24,Kolkata,Central Warehouse -Kolkata,Radha Krishana Enterprise,SE-8703,1462,2026-09-24,149,Drumstick,4,Kg,90,360,0,360
2026-09-24,Kolkata,Central Warehouse -Kolkata,Radha Krishana Enterprise,SE-8703,1462,2026-09-24,100,Garlic,1,Kg,140,140,0,140
2026-09-24,Kolkata,Central Warehouse -Kolkata,Radha Krishana Enterprise,SE-8703,1462,2026-09-24,108,Ginger,8.5,Kg,132,1122,0,1122
2026-09-24,Kolkata,Central Warehouse -Kolkata,Radha Krishana Enterprise,SE-8703,1462,2026-09-24,124,Lime,500,Pc,3.5,1750,0,1750
2026-09-24,Kolkata,Central Warehouse -Kolkata,Radha Krishana Enterprise,SE-8703,1462,2026-09-24,132,Onion,51,Kg,37,1887,0,1887
2026-09-24,Kolkata,Central Warehouse -Kolkata,Radha Krishana Enterprise,SE-8703,1462,2026-09-24,116,Raw Green Chili,9.6,Kg,75,720,0,720
2026-09-24,Kolkata,Central Warehouse -Kolkata,Radha Krishana Enterprise,SE-8703,1462,2026-09-24,133,Raw Mango,5,Kg,85,425,0,425
2026-09-24,Kolkata,Central Warehouse -Kolkata,Radha Krishana Enterprise,SE-8703,1462,2026-09-24,274,Raw Potato,197,Kg,18,3546,0,3546
2026-09-24,Kolkata,Central Warehouse -Kolkata,Radha Krishana Enterprise,SE-8703,1462,2026-09-24,280,Raw Pumpkin,50,Kg,27,1350,0,1350
2026-09-24,Kolkata,Central Warehouse -Kolkata,Radha Krishana Enterprise,SE-8703,1462,2026-09-24,141,Tomato,74.5,Kg,40,2980,0,2980
2026-09-24,Kolkata,Central Warehouse -Kolkata,Radha Krishana Enterprise,SE-8703,1462,2026-09-24,416,Watermelon,40,Kg,35,1400,0,1400
2026-09-24,Kolkata,Central Warehouse -Kolkata,Tara Maa Dashakaram,SE-8711,501,2026-09-24,84,Banana Leaf Big (1bundle = 50pc),600,Pc,1.75,1050,0,1050
2026-09-24,Kolkata,Central Warehouse -Kolkata,Tara Maa Dashakaram,SE-8711,501,2026-09-24,84,Banana Leaf Big (1bundle = 50pc),600,Pc,2,1200,0,1200
2026-09-24,Kolkata,Central Warehouse -Kolkata,Tara Maa Dashakaram,SE-8711,501,2026-09-24,92,Banana Leaf Small (1bundle = 50pc),1200,Pc,1.25,1500,0,1500
2026-09-24,Kolkata,Central Warehouse -Kolkata,Zomato Hyperpure Kolkata,SE-8704,ZBSWB27-00090485,2026-09-24,76,Milk - Tetra 1Ltr,480,Ltr,79,37920,0,37920
2026-09-24,Kolkata,Central Warehouse -Kolkata,Zomato Hyperpure Kolkata,SE-8705,ZHPWB27-00118104,2026-09-24,68,Amul Cheese,36,Kg,521,18756,0,18756
2026-09-24,Kolkata,Central Warehouse -Kolkata,Zomato Hyperpure Kolkata,SE-8705,ZHPWB27-00118104,2026-09-24,75,Ghee,21.72,Kg,823.2,17879.9,0,17879.9
2026-09-24,Kolkata,Central Warehouse -Kolkata,Zomato Hyperpure Kolkata,SE-8706,ZBSWB27-00090477,2026-09-24,18,Idli Rice (Miniket),728,Kg,51.75,37674,0,37674
2026-09-24,Kolkata,Central Warehouse -Kolkata,Zomato Hyperpure Kolkata,SE-8708,ZHPWB27-00117943,2026-09-24,14,Amul Butter,20,Kg,617.4,12348,0,12348
2026-09-25,Delhi,Central Warehouse - Delhi,Javed Dairy,SE-7955,3071,2026-09-25,91,Milk (Adya Dairy),30,Ltr,59,1770,0,1770
2026-09-25,Delhi,Central Warehouse - Delhi,Javed Dairy,SE-7955,3071,2026-09-25,60,Paneer,12,Kg,450,5400,0,5400
2026-09-25,Delhi,Central Warehouse - Delhi,Javed Dairy,SE-7955,3071,2026-09-25,235,Raw Curd,36,Kg,79,2844,0,2844
2026-09-25,Delhi,Central Warehouse - Delhi,Shyam Vegetable,SE-7952,1737,2026-09-25,275,Whole Coriander (Gota Dhaniya),90,Kg,250,22500,0,22500
2026-09-25,Delhi,Central Warehouse - Delhi,Shyam Vegetable,SE-7953,1738,2026-09-25,50,Raw Coconut,200,Pc,48,9600,0,9600
2026-09-25,Delhi,Central Warehouse - Delhi,South Indian Pan Shop,SE-7954,2026-27/13714,2026-09-25,30,Appalam Papad (1pkt = 47pc),2820,Pc,4.17,11759.4,0,11759.4
2026-09-25,Delhi,Central Warehouse - Delhi,South Indian Pan Shop,SE-7954,2026-27/13714,2026-09-25,84,Banana Leaf Big (1bundle = 50pc),2000,Pc,2.5,5000,0,5000
2026-09-25,Delhi,Central Warehouse - Delhi,South Indian Pan Shop,SE-7954,2026-27/13714,2026-09-25,92,Banana Leaf Small (1bundle = 50pc),1600,Pc,1.3,2080,0,2080
2026-09-25,Delhi,Central Warehouse - Delhi,South Indian Pan Shop,SE-7954,2026-27/13714,2026-09-25,4,Cothas Coffee Powder,40,Kg,930,37200,0,37200
2026-09-25,Delhi,Central Warehouse - Delhi,South Indian Pan Shop,SE-7954,2026-27/13714,2026-09-25,33,Heeng Powder,6000,gm,1.7,10200,0,10200
2026-09-25,Delhi,Central Warehouse - Delhi,South Indian Pan Shop,SE-7954,2026-27/13714,2026-09-25,26,Jaggery,60,Kg,95,5700,0,5700
2026-09-25,Delhi,Central Warehouse - Delhi,South Indian Pan Shop,SE-7954,2026-27/13714,2026-09-25,62,Whole Heeng,6000,gm,1.7,10200,0,10200
2026-09-25,Kolkata,Central Warehouse -Kolkata,Adya Dairy,SE-8719,GS262706/59996,2026-09-25,91,Milk (Adya Dairy),12,Ltr,62,744,0,744
2026-09-25,Kolkata,Central Warehouse -Kolkata,Adya Dairy,SE-8719,GS262706/59996,2026-09-25,60,Paneer,6,Kg,299,1794,0,1794
2026-09-25,Kolkata,Central Warehouse -Kolkata,Adya Dairy,SE-8719,GS262706/59996,2026-09-25,235,Raw Curd,20,Kg,71.4,1428,0,1428
2026-09-25,Kolkata,Central Warehouse -Kolkata,Ashirvad Enterprise,SE-8717,RTE/26-27/4384,2026-09-25,376,Almond,1,Kg,1020,1020,0,1020
2026-09-25,Kolkata,Central Warehouse -Kolkata,Ashirvad Enterprise,SE-8717,RTE/26-27/4384,2026-09-25,469,Hershey's Chocolate Syrup 623 Ml,2.72,Ltr,253,688.16,0,688.16
2026-09-25,Kolkata,Central Warehouse -Kolkata,Ashirvad Enterprise,SE-8717,RTE/26-27/4384,2026-09-25,69,White Til,8,Kg,194.25,1554,0,1554
2026-09-25,Kolkata,Central Warehouse -Kolkata,Ashirvad Enterprise,SE-8717,RTE/26-27/4384,2026-09-25,275,Whole Coriander (Gota Dhaniya),60,Kg,218.4,13104,0,13104
2026-09-25,Kolkata,Central Warehouse -Kolkata,Ashirvad Enterprise,SE-8718,AE/26-27/3050,2026-09-25,536,Rock Salt,10,Kg,55,550,0,550
2026-09-25,Kolkata,Central Warehouse -Kolkata,Bio Box India,SE-8716,INV-008126,2026-09-25,466,"Areca 7"" Plate",300,Pc,3.75,1125,0,1125
2026-09-25,Kolkata,Central Warehouse -Kolkata,Devine & Conquer Store,SE-8720,3865,2026-09-25,154,Ecolab-Delimer (1Sachet = 100gm),100,Sachet,59,5900,0,5900
2026-09-25,Kolkata,Central Warehouse -Kolkata,Devine & Conquer Store,SE-8720,3865,2026-09-25,162,Ecolab-Key -5 Sanitizer Tab (1 Sachet),400,Sachet,21.24,8496,0,8496
2026-09-25,Kolkata,Central Warehouse -Kolkata,Devine & Conquer Store,SE-8720,3865,2026-09-25,139,Ecolab-Sanitizer 1ltr Spray Bottles,20,Pc,129.8,2596,0,2596
2026-09-25,Kolkata,Central Warehouse -Kolkata,Radha Krishana Enterprise,SE-8713,1465,2026-09-25,237,Beans,3,Kg,75,225,0,225
2026-09-25,Kolkata,Central Warehouse -Kolkata,Radha Krishana Enterprise,SE-8713,1465,2026-09-25,107,Carrot,24,Kg,41,984,0,984
2026-09-25,Kolkata,Central Warehouse -Kolkata,Radha Krishana Enterprise,SE-8713,1465,2026-09-25,115,Coriander Leaves,8.5,Kg,100,850,0,850
2026-09-25,Kolkata,Central Warehouse -Kolkata,Radha Krishana Enterprise,SE-8713,1465,2026-09-25,131,Curry Leaves,2.5,Kg,72,180,0,180
2026-09-25,Kolkata,Central Warehouse -Kolkata,Radha Krishana Enterprise,SE-8713,1465,2026-09-25,149,Drumstick,2.5,Kg,90,225,0,225
2026-09-25,Kolkata,Central Warehouse -Kolkata,Radha Krishana Enterprise,SE-8713,1465,2026-09-25,100,Garlic,7,Kg,140,980,0,980
2026-09-25,Kolkata,Central Warehouse -Kolkata,Radha Krishana Enterprise,SE-8713,1465,2026-09-25,108,Ginger,16,Kg,132,2112,0,2112
2026-09-25,Kolkata,Central Warehouse -Kolkata,Radha Krishana Enterprise,SE-8713,1465,2026-09-25,99,Green Capsicum,1,Kg,67,67,0,67
2026-09-25,Kolkata,Central Warehouse -Kolkata,Radha Krishana Enterprise,SE-8713,1465,2026-09-25,124,Lime,300,Pc,3.5,1050,0,1050
2026-09-25,Kolkata,Central Warehouse -Kolkata,Radha Krishana Enterprise,SE-8713,1465,2026-09-25,451,Mint leaf,1,Kg,180,180,0,180
2026-09-25,Kolkata,Central Warehouse -Kolkata,Radha Krishana Enterprise,SE-8713,1465,2026-09-25,132,Onion,100,Kg,37,3700,0,3700
2026-09-25,Kolkata,Central Warehouse -Kolkata,Radha Krishana Enterprise,SE-8713,1465,2026-09-25,116,Raw Green Chili,12.8,Kg,75,960,0,960
2026-09-25,Kolkata,Central Warehouse -Kolkata,Radha Krishana Enterprise,SE-8713,1465,2026-09-25,133,Raw Mango,9.6,Kg,85,816,0,816
2026-09-25,Kolkata,Central Warehouse -Kolkata,Radha Krishana Enterprise,SE-8713,1465,2026-09-25,274,Raw Potato,247.5,Kg,18,4455,0,4455
2026-09-25,Kolkata,Central Warehouse -Kolkata,Radha Krishana Enterprise,SE-8713,1465,2026-09-25,141,Tomato,103,Kg,40,4120,0,4120
2026-09-25,Kolkata,Central Warehouse -Kolkata,Radha Krishana Enterprise,SE-8713,1465,2026-09-25,416,Watermelon,29.5,Kg,35,1032.5,0,1032.5
2026-09-25,Kolkata,Central Warehouse -Kolkata,Zomato Hyperpure Kolkata,SE-8714,ZHPWB27-00118301,2026-09-25,14,Amul Butter,20,Kg,617.4,12348,0,12348
2026-09-25,Kolkata,Central Warehouse -Kolkata,Zomato Hyperpure Kolkata,SE-8715,ZHPWB27-00118288,2026-09-25,491,Khoa,6,Kg,341.25,2047.5,0,2047.5
2026-09-26,Delhi,Central Warehouse - Delhi,MANDI FRESH,SE-7956,536,2026-09-26,237,Beans,1,Kg,48,48,0,48
2026-09-26,Delhi,Central Warehouse - Delhi,MANDI FRESH,SE-7956,536,2026-09-26,107,Carrot,20,Kg,32,640,0,640
2026-09-26,Delhi,Central Warehouse - Delhi,MANDI FRESH,SE-7956,536,2026-09-26,115,Coriander Leaves,15,Kg,150,2250,0,2250
2026-09-26,Delhi,Central Warehouse - Delhi,MANDI FRESH,SE-7956,536,2026-09-26,123,Cucumber,5,Kg,25,125,0,125
2026-09-26,Delhi,Central Warehouse - Delhi,MANDI FRESH,SE-7956,536,2026-09-26,131,Curry Leaves,2,Kg,37.5,75,0,75
2026-09-26,Delhi,Central Warehouse - Delhi,MANDI FRESH,SE-7956,536,2026-09-26,149,Drumstick,4,Kg,85,340,0,340
2026-09-26,Delhi,Central Warehouse - Delhi,MANDI FRESH,SE-7956,536,2026-09-26,100,Garlic,8,Kg,125,1000,0,1000
2026-09-26,Delhi,Central Warehouse - Delhi,MANDI FRESH,SE-7956,536,2026-09-26,108,Ginger,10,Kg,160,1600,0,1600
2026-09-26,Delhi,Central Warehouse - Delhi,MANDI FRESH,SE-7956,536,2026-09-26,99,Green Capsicum,2,Kg,48,96,0,96
2026-09-26,Delhi,Central Warehouse - Delhi,MANDI FRESH,SE-7956,536,2026-09-26,124,Lime,320,Pc,2,640,0,640
2026-09-26,Delhi,Central Warehouse - Delhi,MANDI FRESH,SE-7956,536,2026-09-26,451,Mint leaf,1,Kg,70,70,0,70
2026-09-26,Delhi,Central Warehouse - Delhi,MANDI FRESH,SE-7956,536,2026-09-26,132,Onion,191,Kg,40,7640,0,7640
2026-09-26,Delhi,Central Warehouse - Delhi,MANDI FRESH,SE-7956,536,2026-09-26,116,Raw Green Chili,10,Kg,40,400,0,400
2026-09-26,Delhi,Central Warehouse - Delhi,MANDI FRESH,SE-7956,536,2026-09-26,279,Raw Lauki,36,Kg,23,828,0,828
2026-09-26,Delhi,Central Warehouse - Delhi,MANDI FRESH,SE-7956,536,2026-09-26,133,Raw Mango,15,Kg,150,2250,0,2250
2026-09-26,Delhi,Central Warehouse - Delhi,MANDI FRESH,SE-7956,536,2026-09-26,274,Raw Potato,194,Kg,25,4850,0,4850
2026-09-26,Delhi,Central Warehouse - Delhi,MANDI FRESH,SE-7956,536,2026-09-26,280,Raw Pumpkin,21,Kg,23,483,0,483
2026-09-26,Delhi,Central Warehouse - Delhi,MANDI FRESH,SE-7956,536,2026-09-26,141,Tomato,121,Kg,44,5324,0,5324
2026-09-26,Delhi,Central Warehouse - Delhi,MANDI FRESH,SE-7956,536,2026-09-26,416,Watermelon,50,Kg,40,2000,0,2000
2026-09-26,Kolkata,Central Warehouse -Kolkata,Adya Dairy,SE-8721,GS262706/60369,2026-09-26,91,Milk (Adya Dairy),18,Ltr,62,1116,0,1116
2026-09-26,Kolkata,Central Warehouse -Kolkata,Adya Dairy,SE-8721,GS262706/60369,2026-09-26,60,Paneer,4,Kg,299,1196,0,1196
2026-09-26,Kolkata,Central Warehouse -Kolkata,Adya Dairy,SE-8721,GS262706/60369,2026-09-26,235,Raw Curd,40,Kg,71.4,2856,0,2856
2026-09-26,Kolkata,Central Warehouse -Kolkata,BAGRODIA SUPERMARKETS PVT LTD,SE-8726,BS/26-27/024432,2026-09-26,46,Chana Daal,78,Kg,78,6084,0,6084
2026-09-26,Kolkata,Central Warehouse -Kolkata,BAGRODIA SUPERMARKETS PVT LTD,SE-8726,BS/26-27/024432,2026-09-26,17,Govindho Bhog Rice,26,Kg,165,4290,0,4290
2026-09-26,Kolkata,Central Warehouse -Kolkata,BAGRODIA SUPERMARKETS PVT LTD,SE-8727,BS/26-27/024436,2026-09-26,353,Sabudana,6,Kg,105,630,0,630
2026-09-26,Kolkata,Central Warehouse -Kolkata,BAGRODIA SUPERMARKETS PVT LTD,SE-8728,BS/26-27/024613,2026-09-26,47,Fried Chana Daal,354,Kg,96,33984,0,33984
2026-09-26,Kolkata,Central Warehouse -Kolkata,BAGRODIA SUPERMARKETS PVT LTD,SE-8728,BS/26-27/024613,2026-09-26,29,Salt,100,Kg,27,2700,0,2700
2026-09-26,Kolkata,Central Warehouse -Kolkata,Gopal Printers Private Limited,SE-8725,GPPL/2091/26-27,2026-09-26,128,Paper Food Container - 100ml (1pkt = 50pc),1500,Pc,1.74,2610,0,2610
2026-09-26,Kolkata,Central Warehouse -Kolkata,Gopal Printers Private Limited,SE-8725,GPPL/2091/26-27,2026-09-26,112,Take Away Packing Box - Small (1bundle = 50pc),6000,Pc,4.15,24900,0,24900
2026-09-26,Kolkata,Central Warehouse -Kolkata,Radha Krishana Enterprise,SE-8723,1451,2026-09-26,237,Beans,2,Kg,75,150,0,150
2026-09-26,Kolkata,Central Warehouse -Kolkata,Radha Krishana Enterprise,SE-8723,1451,2026-09-26,107,Carrot,21.9,Kg,41,897.9,0,897.9
2026-09-26,Kolkata,Central Warehouse -Kolkata,Radha Krishana Enterprise,SE-8723,1451,2026-09-26,115,Coriander Leaves,6,Kg,100,600,0,600
2026-09-26,Kolkata,Central Warehouse -Kolkata,Radha Krishana Enterprise,SE-8723,1451,2026-09-26,123,Cucumber,2,Kg,25,50,0,50
2026-09-26,Kolkata,Central Warehouse -Kolkata,Radha Krishana Enterprise,SE-8723,1451,2026-09-26,131,Curry Leaves,2,Kg,72,144,0,144
2026-09-26,Kolkata,Central Warehouse -Kolkata,Radha Krishana Enterprise,SE-8723,1451,2026-09-26,149,Drumstick,4.9,Kg,90,441,0,441
2026-09-26,Kolkata,Central Warehouse -Kolkata,Radha Krishana Enterprise,SE-8723,1451,2026-09-26,100,Garlic,3,Kg,140,420,0,420
2026-09-26,Kolkata,Central Warehouse -Kolkata,Radha Krishana Enterprise,SE-8723,1451,2026-09-26,108,Ginger,16,Kg,132,2112,0,2112
2026-09-26,Kolkata,Central Warehouse -Kolkata,Radha Krishana Enterprise,SE-8723,1451,2026-09-26,99,Green Capsicum,1,Kg,67,67,0,67
2026-09-26,Kolkata,Central Warehouse -Kolkata,Radha Krishana Enterprise,SE-8723,1451,2026-09-26,124,Lime,250,Pc,3.5,875,0,875
2026-09-26,Kolkata,Central Warehouse -Kolkata,Radha Krishana Enterprise,SE-8723,1451,2026-09-26,451,Mint leaf,1.5,Kg,180,270,0,270
2026-09-26,Kolkata,Central Warehouse -Kolkata,Radha Krishana Enterprise,SE-8723,1451,2026-09-26,132,Onion,105,Kg,37,3885,0,3885
2026-09-26,Kolkata,Central Warehouse -Kolkata,Radha Krishana Enterprise,SE-8723,1451,2026-09-26,116,Raw Green Chili,17.2,Kg,75,1290,0,1290
2026-09-26,Kolkata,Central Warehouse -Kolkata,Radha Krishana Enterprise,SE-8723,1451,2026-09-26,279,Raw Lauki,48,Kg,25,1200,0,1200
2026-09-26,Kolkata,Central Warehouse -Kolkata,Radha Krishana Enterprise,SE-8723,1451,2026-09-26,133,Raw Mango,4.5,Kg,85,382.5,0,382.5
2026-09-26,Kolkata,Central Warehouse -Kolkata,Radha Krishana Enterprise,SE-8723,1451,2026-09-26,274,Raw Potato,199,Kg,18,3582,0,3582
2026-09-26,Kolkata,Central Warehouse -Kolkata,Radha Krishana Enterprise,SE-8723,1451,2026-09-26,141,Tomato,95,Kg,40,3800,0,3800
2026-09-26,Kolkata,Central Warehouse -Kolkata,Radha Krishana Enterprise,SE-8723,1451,2026-09-26,416,Watermelon,30,Kg,35,1050,0,1050
2026-09-26,Kolkata,Central Warehouse -Kolkata,Spring Valley Computech P Ltd,SE-8724,SVC/2026-27/2247,2026-09-26,4,Cothas Coffee Powder,80,Kg,865,69200,0,69200
2026-09-26,Kolkata,Central Warehouse -Kolkata,Tara Maa Dashakaram,SE-8722,260926,2026-09-26,84,Banana Leaf Big (1bundle = 50pc),1200,Pc,1.75,2100,0,2100
2026-09-26,Kolkata,Central Warehouse -Kolkata,Tara Maa Dashakaram,SE-8722,260926,2026-09-26,84,Banana Leaf Big (1bundle = 50pc),1000,Pc,2,2000,0,2000
2026-09-26,Kolkata,Central Warehouse -Kolkata,Tara Maa Dashakaram,SE-8722,260926,2026-09-26,92,Banana Leaf Small (1bundle = 50pc),3000,Pc,1.25,3750,0,3750
2026-09-26,Kolkata,Central Warehouse -Kolkata,Tara Maa Dashakaram,SE-8722,260926,2026-09-26,50,Raw Coconut,1600,Pc,37,59200,0,59200
2026-09-27,Delhi,Central Warehouse - Delhi,MANDI FRESH,SE-7959,539,2026-09-27,237,Beans,2,Kg,48,96,0,96
2026-09-27,Delhi,Central Warehouse - Delhi,MANDI FRESH,SE-7959,539,2026-09-27,107,Carrot,50,Kg,32,1600,0,1600
2026-09-27,Delhi,Central Warehouse - Delhi,MANDI FRESH,SE-7959,539,2026-09-27,115,Coriander Leaves,30,Kg,150,4500,0,4500
2026-09-27,Delhi,Central Warehouse - Delhi,MANDI FRESH,SE-7959,539,2026-09-27,123,Cucumber,4,Kg,25,100,0,100
2026-09-27,Delhi,Central Warehouse - Delhi,MANDI FRESH,SE-7959,539,2026-09-27,131,Curry Leaves,8,Kg,37.5,300,0,300
2026-09-27,Delhi,Central Warehouse - Delhi,MANDI FRESH,SE-7959,539,2026-09-27,149,Drumstick,10,Kg,85,850,0,850
2026-09-27,Delhi,Central Warehouse - Delhi,MANDI FRESH,SE-7959,539,2026-09-27,100,Garlic,10,Kg,125,1250,0,1250
2026-09-27,Delhi,Central Warehouse - Delhi,MANDI FRESH,SE-7959,539,2026-09-27,108,Ginger,25,Kg,160,4000,0,4000
2026-09-27,Delhi,Central Warehouse - Delhi,MANDI FRESH,SE-7959,539,2026-09-27,99,Green Capsicum,2,Kg,48,96,0,96
2026-09-27,Delhi,Central Warehouse - Delhi,MANDI FRESH,SE-7959,539,2026-09-27,124,Lime,1200,Pc,2,2400,0,2400
2026-09-27,Delhi,Central Warehouse - Delhi,MANDI FRESH,SE-7959,539,2026-09-27,451,Mint leaf,2,Kg,70,140,0,140
2026-09-27,Delhi,Central Warehouse - Delhi,MANDI FRESH,SE-7959,539,2026-09-27,132,Onion,323,Kg,40,12920,0,12920
2026-09-27,Delhi,Central Warehouse - Delhi,MANDI FRESH,SE-7959,539,2026-09-27,116,Raw Green Chili,20,Kg,40,800,0,800
2026-09-27,Delhi,Central Warehouse - Delhi,MANDI FRESH,SE-7959,539,2026-09-27,279,Raw Lauki,30,Kg,23,690,0,690
2026-09-27,Delhi,Central Warehouse - Delhi,MANDI FRESH,SE-7959,539,2026-09-27,133,Raw Mango,15,Kg,150,2250,0,2250
2026-09-27,Delhi,Central Warehouse - Delhi,MANDI FRESH,SE-7959,539,2026-09-27,274,Raw Potato,435,Kg,25,10875,0,10875
2026-09-27,Delhi,Central Warehouse - Delhi,MANDI FRESH,SE-7959,539,2026-09-27,280,Raw Pumpkin,50,Kg,23,1150,0,1150
2026-09-27,Delhi,Central Warehouse - Delhi,MANDI FRESH,SE-7959,539,2026-09-27,141,Tomato,355,Kg,44,15620,0,15620
2026-09-27,Delhi,Central Warehouse - Delhi,MANDI FRESH,SE-7959,539,2026-09-27,416,Watermelon,81,Kg,40,3240,0,3240
2026-09-27,Delhi,Central Warehouse - Delhi,South Indian Pan Shop,SE-7957,2026-27/13766,2026-09-27,84,Banana Leaf Big (1bundle = 50pc),4000,Pc,2.5,10000,0,10000
2026-09-27,Delhi,Central Warehouse - Delhi,South Indian Pan Shop,SE-7957,2026-27/13766,2026-09-27,92,Banana Leaf Small (1bundle = 50pc),2300,Pc,1.3,2990,0,2990
2026-09-27,Delhi,Central Warehouse - Delhi,South Indian Pan Shop,SE-7958,2026-27/13777,2026-09-27,26,Jaggery,60,Kg,95,5700,0,5700
2026-09-27,Kolkata,Central Warehouse -Kolkata,Adya Dairy,SE-8731,GS262706/60780,2026-09-27,91,Milk (Adya Dairy),25,Ltr,62,1550,0,1550
2026-09-27,Kolkata,Central Warehouse -Kolkata,Adya Dairy,SE-8731,GS262706/60780,2026-09-27,60,Paneer,6,Kg,299,1794,0,1794
2026-09-27,Kolkata,Central Warehouse -Kolkata,Adya Dairy,SE-8731,GS262706/60780,2026-09-27,235,Raw Curd,30,Kg,71.4,2142,0,2142
2026-09-27,Kolkata,Central Warehouse -Kolkata,Cash Purchase,SE-8733,240926,2026-09-27,376,Almond,0.1,Kg,1200,120,0,120
2026-09-27,Kolkata,Central Warehouse -Kolkata,Krishay Enterprise,SE-8735,250926,2026-09-27,56,Cottons Lemonade,720,Pc,17.5,12600,0,12600
2026-09-27,Kolkata,Central Warehouse -Kolkata,M/S MAHAR,SE-8734,2026-27/339,2026-09-27,93,Bio-Degradable Spoon (1pkt = 50pc),16000,Pc,1.3,20800,0,20800
2026-09-27,Kolkata,Central Warehouse -Kolkata,M/S MAHAR,SE-8734,2026-27/339,2026-09-27,118,Compartment Tray With Lid - 5CP (1pkt = 25pc),300,Pc,10.76,3228,0,3228
2026-09-27,Kolkata,Central Warehouse -Kolkata,M/S MAHAR,SE-8734,2026-27/339,2026-09-27,111,Glen Container With Lid - 100ml (1pkt = 50pc),2000,Pc,1.87,3740,0,3740
2026-09-27,Kolkata,Central Warehouse -Kolkata,M/S MAHAR,SE-8734,2026-27/339,2026-09-27,119,Glen Container With Lid - 250ml (1pkt = 50pc),15000,Pc,4.22,63300,0,63300
2026-09-27,Kolkata,Central Warehouse -Kolkata,M/S MAHAR,SE-8734,2026-27/339,2026-09-27,127,Glen Container With Lid - 500ml (1pkt = 50pc),5000,Pc,4.5,22500,0,22500
2026-09-27,Kolkata,Central Warehouse -Kolkata,Radha Krishana Enterprise,SE-8729,1472,2026-09-27,504,Round Kulhad,1540,Pc,4,6160,0,6160
2026-09-27,Kolkata,Central Warehouse -Kolkata,Radha Krishana Enterprise,SE-8730,1469,2026-09-27,237,Beans,2,Kg,75,150,0,150
2026-09-27,Kolkata,Central Warehouse -Kolkata,Radha Krishana Enterprise,SE-8730,1469,2026-09-27,107,Carrot,19.5,Kg,41,799.5,0,799.5
2026-09-27,Kolkata,Central Warehouse -Kolkata,Radha Krishana Enterprise,SE-8730,1469,2026-09-27,115,Coriander Leaves,4,Kg,100,400,0,400
2026-09-27,Kolkata,Central Warehouse -Kolkata,Radha Krishana Enterprise,SE-8730,1469,2026-09-27,123,Cucumber,1.4,Kg,25,35,0,35
2026-09-27,Kolkata,Central Warehouse -Kolkata,Radha Krishana Enterprise,SE-8730,1469,2026-09-27,131,Curry Leaves,2.2,Kg,72,158.4,0,158.4
2026-09-27,Kolkata,Central Warehouse -Kolkata,Radha Krishana Enterprise,SE-8730,1469,2026-09-27,149,Drumstick,3.8,Kg,90,342,0,342
2026-09-27,Kolkata,Central Warehouse -Kolkata,Radha Krishana Enterprise,SE-8730,1469,2026-09-27,100,Garlic,4.9,Kg,140,686,0,686
2026-09-27,Kolkata,Central Warehouse -Kolkata,Radha Krishana Enterprise,SE-8730,1469,2026-09-27,108,Ginger,16.7,Kg,132,2204.4,0,2204.4
2026-09-27,Kolkata,Central Warehouse -Kolkata,Radha Krishana Enterprise,SE-8730,1469,2026-09-27,99,Green Capsicum,2,Kg,67,134,0,134
2026-09-27,Kolkata,Central Warehouse -Kolkata,Radha Krishana Enterprise,SE-8730,1469,2026-09-27,124,Lime,400,Pc,3.5,1400,0,1400
2026-09-27,Kolkata,Central Warehouse -Kolkata,Radha Krishana Enterprise,SE-8730,1469,2026-09-27,451,Mint leaf,0.7,Kg,180,126,0,126
2026-09-27,Kolkata,Central Warehouse -Kolkata,Radha Krishana Enterprise,SE-8730,1469,2026-09-27,132,Onion,71.4,Kg,37,2641.8,0,2641.8
2026-09-27,Kolkata,Central Warehouse -Kolkata,Radha Krishana Enterprise,SE-8730,1469,2026-09-27,116,Raw Green Chili,13.5,Kg,75,1012.5,0,1012.5
2026-09-27,Kolkata,Central Warehouse -Kolkata,Radha Krishana Enterprise,SE-8730,1469,2026-09-27,279,Raw Lauki,49.8,Kg,25,1245,0,1245
2026-09-27,Kolkata,Central Warehouse -Kolkata,Radha Krishana Enterprise,SE-8730,1469,2026-09-27,133,Raw Mango,9.9,Kg,85,841.5,0,841.5
2026-09-27,Kolkata,Central Warehouse -Kolkata,Radha Krishana Enterprise,SE-8730,1469,2026-09-27,274,Raw Potato,272,Kg,18,4896,0,4896
2026-09-27,Kolkata,Central Warehouse -Kolkata,Radha Krishana Enterprise,SE-8730,1469,2026-09-27,280,Raw Pumpkin,50.5,Kg,27,1363.5,0,1363.5
2026-09-27,Kolkata,Central Warehouse -Kolkata,Radha Krishana Enterprise,SE-8730,1469,2026-09-27,141,Tomato,43,Kg,40,1720,0,1720
2026-09-27,Kolkata,Central Warehouse -Kolkata,Radha Krishana Enterprise,SE-8730,1469,2026-09-27,416,Watermelon,33.5,Kg,35,1172.5,0,1172.5
2026-09-27,Kolkata,Central Warehouse -Kolkata,Tara Maa Dashakaram,SE-8732,509,2026-09-27,84,Banana Leaf Big (1bundle = 50pc),1200,Pc,1.75,2100,0,2100
2026-09-27,Kolkata,Central Warehouse -Kolkata,Tara Maa Dashakaram,SE-8732,509,2026-09-27,92,Banana Leaf Small (1bundle = 50pc),1600,Pc,1.25,2000,0,2000
2026-09-28,Delhi,Central Warehouse - Delhi,Cash Purchase,SE-7960,200926,2026-09-28,124,Lime,88,Pc,5.68,499.84,0,499.84
2026-09-28,Delhi,Central Warehouse - Delhi,Cash Purchase,SE-7961,2109,2026-09-28,362,Zip Pouch,10,Pkt,70,700,0,700
2026-09-28,Delhi,Central Warehouse - Delhi,Cash Purchase,SE-7961,2109,2026-09-28,362,Zip Pouch,10,Pkt,120,1200,0,1200
2026-09-28,Delhi,Central Warehouse - Delhi,Cash Purchase,SE-7962,230926,2026-09-28,64,Kinley Soda 750ml Pet,10,Pc,22.1,221,0,221
2026-09-28,Delhi,Central Warehouse - Delhi,Cash Purchase,SE-7963,260926,2026-09-28,327,Arora Lemon,240,Pc,8.34,2001.6,0,2001.6
2026-09-28,Delhi,Central Warehouse - Delhi,Cash Purchase,SE-7964,003782,2026-09-28,91,Milk (Adya Dairy),7,Ltr,59,413,0,413
2026-09-28,Delhi,Central Warehouse - Delhi,FoodPro Packaging Private Limited,SE-7970,FPPL/26-27/1834,2026-09-28,539,150*200 MM Food Pro Plastic,2350,Pc,3.17,7449.5,0,7449.5
2026-09-28,Delhi,Central Warehouse - Delhi,FoodPro Packaging Private Limited,SE-7970,FPPL/26-27/1834,2026-09-28,262,190*200 MM Food Pro Plastic,4000,Pc,3.46,13840,0,13840
2026-09-28,Delhi,Central Warehouse - Delhi,FoodPro Packaging Private Limited,SE-7970,FPPL/26-27/1834,2026-09-28,251,200*250 MM Food Pro Plastic,5000,Pc,4.57,22850,0,22850
2026-09-28,Delhi,Central Warehouse - Delhi,FoodPro Packaging Private Limited,SE-7970,FPPL/26-27/1834,2026-09-28,252,230*270 MM Food Pro Plastic,3000,Pc,5.67,17010,0,17010
2026-09-28,Delhi,Central Warehouse - Delhi,Gaurav water supply,SE-7982,1326,2026-09-28,327,Arora Lemon,1920,Pc,8.34,16012.8,0,16012.8
2026-09-28,Delhi,Central Warehouse - Delhi,Javed Dairy,SE-7984,3072,2026-09-28,91,Milk (Adya Dairy),18,Ltr,59,1062,0,1062
2026-09-28,Delhi,Central Warehouse - Delhi,Javed Dairy,SE-7984,3072,2026-09-28,60,Paneer,6,Kg,450,2700,0,2700
2026-09-28,Delhi,Central Warehouse - Delhi,Javed Dairy,SE-7984,3072,2026-09-28,235,Raw Curd,36,Kg,79,2844,0,2844
2026-09-28,Delhi,Central Warehouse - Delhi,Javed Dairy,SE-7985,3073,2026-09-28,91,Milk (Adya Dairy),12,Ltr,59,708,0,708
2026-09-28,Delhi,Central Warehouse - Delhi,Javed Dairy,SE-7985,3073,2026-09-28,60,Paneer,6,Kg,450,2700,0,2700
2026-09-28,Delhi,Central Warehouse - Delhi,Javed Dairy,SE-7985,3073,2026-09-28,235,Raw Curd,36,Kg,79,2844,0,2844
2026-09-28,Delhi,Central Warehouse - Delhi,Javed Dairy,SE-7986,3074,2026-09-28,91,Milk (Adya Dairy),12,Ltr,59,708,0,708
2026-09-28,Delhi,Central Warehouse - Delhi,Javed Dairy,SE-7986,3074,2026-09-28,60,Paneer,6,Kg,450,2700,0,2700
2026-09-28,Delhi,Central Warehouse - Delhi,Javed Dairy,SE-7986,3074,2026-09-28,235,Raw Curd,24,Kg,79,1896,0,1896
2026-09-28,Delhi,Central Warehouse - Delhi,M/S Distributionmasters Traders LLP,SE-7969,2627DMT08508,2026-09-28,14,Amul Butter,15,Kg,620,9300,0,9300
2026-09-28,Delhi,Central Warehouse - Delhi,M/S Distributionmasters Traders LLP,SE-7969,2627DMT08508,2026-09-28,297,Amul IC BP Vanilla (5L) CF,200,Ltr,100,20000,0,20000
2026-09-28,Delhi,Central Warehouse - Delhi,M/S Distributionmasters Traders LLP,SE-7969,2627DMT08508,2026-09-28,549,Mango Ice Cream,40,Ltr,102.5,4100,0,4100
2026-09-28,Delhi,Central Warehouse - Delhi,M/S Distributionmasters Traders LLP,SE-7969,2627DMT08508,2026-09-28,76,Milk - Tetra 1Ltr,120,Ltr,83,9960,0,9960
2026-09-28,Delhi,Central Warehouse - Delhi,MANDI FRESH,SE-7971,543,2026-09-28,107,Carrot,20,Kg,32,640,0,640
2026-09-28,Delhi,Central Warehouse - Delhi,MANDI FRESH,SE-7971,543,2026-09-28,115,Coriander Leaves,10,Kg,150,1500,0,1500
2026-09-28,Delhi,Central Warehouse - Delhi,MANDI FRESH,SE-7971,543,2026-09-28,123,Cucumber,2,Kg,25,50,0,50
2026-09-28,Delhi,Central Warehouse - Delhi,MANDI FRESH,SE-7971,543,2026-09-28,131,Curry Leaves,2,Kg,37.5,75,0,75
2026-09-28,Delhi,Central Warehouse - Delhi,MANDI FRESH,SE-7971,543,2026-09-28,149,Drumstick,5,Kg,85,425,0,425
2026-09-28,Delhi,Central Warehouse - Delhi,MANDI FRESH,SE-7971,543,2026-09-28,100,Garlic,8,Kg,125,1000,0,1000
2026-09-28,Delhi,Central Warehouse - Delhi,MANDI FRESH,SE-7971,543,2026-09-28,108,Ginger,10,Kg,160,1600,0,1600
2026-09-28,Delhi,Central Warehouse - Delhi,MANDI FRESH,SE-7971,543,2026-09-28,99,Green Capsicum,2,Kg,48,96,0,96
2026-09-28,Delhi,Central Warehouse - Delhi,MANDI FRESH,SE-7971,543,2026-09-28,124,Lime,800,Pc,2,1600,0,1600
2026-09-28,Delhi,Central Warehouse - Delhi,MANDI FRESH,SE-7971,543,2026-09-28,132,Onion,97,Kg,40,3880,0,3880
2026-09-28,Delhi,Central Warehouse - Delhi,MANDI FRESH,SE-7971,543,2026-09-28,116,Raw Green Chili,10,Kg,40,400,0,400
2026-09-28,Delhi,Central Warehouse - Delhi,MANDI FRESH,SE-7971,543,2026-09-28,279,Raw Lauki,10,Kg,23,230,0,230
2026-09-28,Delhi,Central Warehouse - Delhi,MANDI FRESH,SE-7971,543,2026-09-28,274,Raw Potato,165,Kg,25,4125,0,4125
2026-09-28,Delhi,Central Warehouse - Delhi,MANDI FRESH,SE-7971,543,2026-09-28,280,Raw Pumpkin,21,Kg,23,483,0,483
2026-09-28,Delhi,Central Warehouse - Delhi,MANDI FRESH,SE-7971,543,2026-09-28,416,Watermelon,35,Kg,40,1400,0,1400
2026-09-28,Delhi,Central Warehouse - Delhi,PC TRADING CO.,SE-7983,64,2026-09-28,18,Idli Rice (Miniket),1200,Kg,50,60000,0,60000
2026-09-28,Delhi,Central Warehouse - Delhi,Shyam Vegetable,SE-7965,1732,2026-09-28,34,Kashmiri Chili Powder,6000,gm,1,6000,0,6000
2026-09-28,Delhi,Central Warehouse - Delhi,Shyam Vegetable,SE-7966,1739,2026-09-28,50,Raw Coconut,200,Pc,48,9600,0,9600
2026-09-28,Delhi,Central Warehouse - Delhi,Shyam Vegetable,SE-7967,1740,2026-09-28,50,Raw Coconut,200,Pc,48,9600,0,9600
2026-09-28,Delhi,Central Warehouse - Delhi,Shyam Vegetable,SE-7968,1743,2026-09-28,50,Raw Coconut,200,Pc,48,9600,0,9600
2026-09-28,Delhi,Central Warehouse - Delhi,Shyam Vegetable,SE-7980,1741,2026-09-28,26,Jaggery,40,Kg,80,3200,0,3200
2026-09-28,Delhi,Central Warehouse - Delhi,Shyam Vegetable,SE-7980,1741,2026-09-28,34,Kashmiri Chili Powder,6000,gm,1,6000,0,6000
2026-09-28,Delhi,Central Warehouse - Delhi,Shyam Vegetable,SE-7981,1744,2026-09-28,50,Raw Coconut,200,Pc,48,9600,0,9600
2026-09-28,Delhi,Central Warehouse - Delhi,Zomato Hyperpure Delhi,SE-7972,ZHPDL27-00196428,2026-09-28,391,White Butter,30,Kg,627.9,18837,0,18837
2026-09-28,Delhi,Central Warehouse - Delhi,Zomato Hyperpure Delhi,SE-7973,ZHPDL27-00196427,2026-09-28,14,Amul Butter,10,Kg,609,6090,0,6090
2026-09-28,Delhi,Central Warehouse - Delhi,Zomato Hyperpure Delhi,SE-7973,ZHPDL27-00196427,2026-09-28,14,Amul Butter,5,Kg,590,2950,0,2950
2026-09-28,Delhi,Central Warehouse - Delhi,Zomato Hyperpure Delhi,SE-7973,ZHPDL27-00196427,2026-09-28,40,Dry Red Chili,5000,gm,0.37,1858,0,1858
2026-09-28,Delhi,Central Warehouse - Delhi,Zomato Hyperpure Delhi,SE-7973,ZHPDL27-00196427,2026-09-28,34,Kashmiri Chili Powder,10000,gm,1.01,10148,0,10148
2026-09-28,Delhi,Central Warehouse - Delhi,Zomato Hyperpure Delhi,SE-7973,ZHPDL27-00196427,2026-09-28,304,M Fold tissue,120,Pkt,32.51,3901.2,0,3901.2
2026-09-28,Delhi,Central Warehouse - Delhi,Zomato Hyperpure Delhi,SE-7973,ZHPDL27-00196427,2026-09-28,43,Sunflower Refined Oil ( 1pkt = 868 Ml ),172.732,Ltr,220.34,38059.77,0,38059.77
2026-09-28,Delhi,Central Warehouse - Delhi,Zomato Hyperpure Delhi,SE-7973,ZHPDL27-00196427,2026-09-28,70,Whole Methi,10000,gm,0.12,1218,0,1218
2026-09-28,Delhi,Central Warehouse - Delhi,Zomato Hyperpure Delhi,SE-7974,ZBSDL27-00155235,2026-09-28,15,Black Salt,5000,gm,0.08,400,0,400
2026-09-28,Delhi,Central Warehouse - Delhi,Zomato Hyperpure Delhi,SE-7974,ZBSDL27-00155235,2026-09-28,76,Milk - Tetra 1Ltr,60,Ltr,79,4740,0,4740
2026-09-28,Delhi,Central Warehouse - Delhi,Zomato Hyperpure Delhi,SE-7975,ZHPDL27-00197371,2026-09-28,75,Ghee,21.72,Kg,834.2,18118.82,0,18118.82
2026-09-28,Delhi,Central Warehouse - Delhi,Zomato Hyperpure Delhi,SE-7975,ZHPDL27-00197371,2026-09-28,34,Kashmiri Chili Powder,20000,gm,1.01,20160,0,20160
2026-09-28,Delhi,Central Warehouse - Delhi,Zomato Hyperpure Delhi,SE-7975,ZHPDL27-00197371,2026-09-28,28,Raw Peanut,5,Kg,249,1245,0,1245
2026-09-28,Delhi,Central Warehouse - Delhi,Zomato Hyperpure Delhi,SE-7975,ZHPDL27-00197371,2026-09-28,265,Room Freshner,10,Pc,108.5,1085,0,1085
2026-09-28,Delhi,Central Warehouse - Delhi,Zomato Hyperpure Delhi,SE-7976,ZHPDL27-00198541,2026-09-28,75,Ghee,20.815,Kg,834.2,17363.87,0,17363.87
2026-09-28,Delhi,Central Warehouse - Delhi,Zomato Hyperpure Delhi,SE-7977,ZBSDL27-00156906,2026-09-28,351,Amul Cream,6,Ltr,243,1458,0,1458
2026-09-28,Delhi,Central Warehouse - Delhi,Zomato Hyperpure Delhi,SE-7977,ZBSDL27-00156906,2026-09-28,76,Milk - Tetra 1Ltr,24,Ltr,79,1896,0,1896
2026-09-28,Delhi,Central Warehouse - Delhi,Zomato Hyperpure Delhi,SE-7978,ZBSDL27-00157982,2026-09-28,29,Salt,115,Kg,33,3795,0,3795
2026-09-28,Delhi,Central Warehouse - Delhi,Zomato Hyperpure Delhi,SE-7979,ZHPDL27-00199952,2026-09-28,14,Amul Butter,5,Kg,590,2950,0,2950
2026-09-28,Delhi,Central Warehouse - Delhi,Zomato Hyperpure Delhi,SE-7979,ZHPDL27-00199952,2026-09-28,93,Bio-Degradable Spoon (1pkt = 50pc),4000,Pc,0.68,2720,0,2720
2026-09-28,Delhi,Central Warehouse - Delhi,Zomato Hyperpure Delhi,SE-7979,ZHPDL27-00199952,2026-09-28,75,Ghee,21.72,Kg,835.4,18144.89,0,18144.89
2026-09-28,Delhi,Central Warehouse - Delhi,Zomato Hyperpure Delhi,SE-7979,ZHPDL27-00199952,2026-09-28,311,Mishri (sweets),10,Kg,124.9,1249,0,1249
2026-09-28,Delhi,Central Warehouse - Delhi,Zomato Hyperpure Delhi,SE-7979,ZHPDL27-00199952,2026-09-28,312,Sounf,6,Kg,380,2280,0,2280
2026-09-28,Delhi,Central Warehouse - Delhi,Zomato Hyperpure Delhi,SE-7979,ZHPDL27-00199952,2026-09-28,43,Sunflower Refined Oil ( 1pkt = 868 Ml ),173.6,Ltr,220.34,38251.02,0,38251.02
2026-09-28,Delhi,Central Warehouse - Delhi,Zomato Hyperpure Delhi,SE-7979,ZHPDL27-00199952,2026-09-28,11,Tea Leaf,3,Kg,202.5,607.5,0,607.5
2026-09-28,Delhi,Central Warehouse - Delhi,Zomato Hyperpure Delhi,SE-7979,ZHPDL27-00199952,2026-09-28,391,White Butter,12,Kg,659.4,7912.8,0,7912.8
2026-09-28,Delhi,Central Warehouse - Delhi,Zomato Hyperpure Delhi,SE-7979,ZHPDL27-00199952,2026-09-28,31,White Sugar Sachet (1pkt = 200pc),4000,Pc,0.73,2920,0,2920
2026-09-28,Delhi,Central Warehouse - Delhi,Zomato Hyperpure Delhi,SE-7979,ZHPDL27-00199952,2026-09-28,114,Wooden Stirrer (1pkt = 100pc),5000,Pc,0.17,850,0,850
2026-09-28,Kolkata,Central Warehouse -Kolkata,Adya Dairy,SE-8736,GS262706/61205,2026-09-28,91,Milk (Adya Dairy),24,Ltr,62,1488,0,1488
2026-09-28,Kolkata,Central Warehouse -Kolkata,Adya Dairy,SE-8736,GS262706/61205,2026-09-28,60,Paneer,10,Kg,299,2990,0,2990
2026-09-28,Kolkata,Central Warehouse -Kolkata,Adya Dairy,SE-8736,GS262706/61205,2026-09-28,235,Raw Curd,30,Kg,71.4,2142,0,2142
2026-09-28,Kolkata,Central Warehouse -Kolkata,BAGRODIA SUPERMARKETS PVT LTD,SE-8742,BS/26-27/024435,2026-09-28,13,Milk Powder,15,Kg,446.25,6693.75,0,6693.75
2026-09-28,Kolkata,Central Warehouse -Kolkata,Just Uniform,SE-8739,JU/00498/26-27,2026-09-28,418,Shirt (R.M),25,Pc,572.64,14316,0,14316
2026-09-28,Kolkata,Central Warehouse -Kolkata,Just Uniform,SE-8740,JU/00477/26-27,2026-09-28,175,Apron Half,30,Pc,178.5,5355,0,5355
2026-09-28,Kolkata,Central Warehouse -Kolkata,Just Uniform,SE-8740,JU/00477/26-27,2026-09-28,293,Black Cap,28,Pc,141.75,3969,0,3969
2026-09-28,Kolkata,Central Warehouse -Kolkata,Just Uniform,SE-8740,JU/00477/26-27,2026-09-28,417,Chef Coat,30,Pc,683,20490,0,20490
2026-09-28,Kolkata,Central Warehouse -Kolkata,Radha Krishana Enterprise,SE-8737,1473,2026-09-28,237,Beans,1,Kg,75,75,0,75
2026-09-28,Kolkata,Central Warehouse -Kolkata,Radha Krishana Enterprise,SE-8737,1473,2026-09-28,107,Carrot,13,Kg,41,533,0,533
2026-09-28,Kolkata,Central Warehouse -Kolkata,Radha Krishana Enterprise,SE-8737,1473,2026-09-28,115,Coriander Leaves,4,Kg,100,400,0,400
2026-09-28,Kolkata,Central Warehouse -Kolkata,Radha Krishana Enterprise,SE-8737,1473,2026-09-28,123,Cucumber,1,Kg,25,25,0,25
2026-09-28,Kolkata,Central Warehouse -Kolkata,Radha Krishana Enterprise,SE-8737,1473,2026-09-28,131,Curry Leaves,2.5,Kg,72,180,0,180
2026-09-28,Kolkata,Central Warehouse -Kolkata,Radha Krishana Enterprise,SE-8737,1473,2026-09-28,149,Drumstick,3.8,Kg,90,342,0,342
2026-09-28,Kolkata,Central Warehouse -Kolkata,Radha Krishana Enterprise,SE-8737,1473,2026-09-28,100,Garlic,5,Kg,140,700,0,700
2026-09-28,Kolkata,Central Warehouse -Kolkata,Radha Krishana Enterprise,SE-8737,1473,2026-09-28,108,Ginger,12.7,Kg,132,1676.4,0,1676.4
2026-09-28,Kolkata,Central Warehouse -Kolkata,Radha Krishana Enterprise,SE-8737,1473,2026-09-28,124,Lime,200,Pc,3.5,700,0,700
2026-09-28,Kolkata,Central Warehouse -Kolkata,Radha Krishana Enterprise,SE-8737,1473,2026-09-28,451,Mint leaf,1.1,Kg,180,198,0,198
2026-09-28,Kolkata,Central Warehouse -Kolkata,Radha Krishana Enterprise,SE-8737,1473,2026-09-28,132,Onion,76.5,Kg,37,2830.5,0,2830.5
2026-09-28,Kolkata,Central Warehouse -Kolkata,Radha Krishana Enterprise,SE-8737,1473,2026-09-28,116,Raw Green Chili,3.4,Kg,75,255,0,255
2026-09-28,Kolkata,Central Warehouse -Kolkata,Radha Krishana Enterprise,SE-8737,1473,2026-09-28,133,Raw Mango,5,Kg,85,425,0,425
2026-09-28,Kolkata,Central Warehouse -Kolkata,Radha Krishana Enterprise,SE-8737,1473,2026-09-28,274,Raw Potato,149,Kg,18,2682,0,2682
2026-09-28,Kolkata,Central Warehouse -Kolkata,Radha Krishana Enterprise,SE-8737,1473,2026-09-28,141,Tomato,80,Kg,40,3200,0,3200
2026-09-28,Kolkata,Central Warehouse -Kolkata,Radha Krishana Enterprise,SE-8737,1473,2026-09-28,416,Watermelon,40,Kg,35,1400,0,1400
2026-09-28,Kolkata,Central Warehouse -Kolkata,Tara Maa Dashakaram,SE-8738,513,2026-09-28,84,Banana Leaf Big (1bundle = 50pc),1200,Pc,1.75,2100,0,2100
2026-09-28,Kolkata,Central Warehouse -Kolkata,Tara Maa Dashakaram,SE-8738,513,2026-09-28,92,Banana Leaf Small (1bundle = 50pc),1600,Pc,1.25,2000,0,2000
2026-09-28,Kolkata,Central Warehouse -Kolkata,Zomato Hyperpure Kolkata,SE-8741,ZBSWB27-00079777,2026-09-28,20,Raw Imli,2,Kg,159,318,0,318
2026-09-29,Delhi,Central Warehouse - Delhi,Cash Purchase,SE-7987,0000291,2026-09-29,518,Castor Sugar,1,Kg,132,132,0,132
2026-09-29,Delhi,Central Warehouse - Delhi,Cash Purchase,SE-7988,270926,2026-09-29,516,Glucose,2,Kg,245,490,0,490
2026-09-29,Delhi,Central Warehouse - Delhi,Cash Purchase,SE-7988,270926,2026-09-29,13,Milk Powder,4,Kg,435,1740,0,1740
2026-09-29,Delhi,Central Warehouse - Delhi,Cash Purchase,SE-7989,290926,2026-09-29,504,Round Kulhad,800,Pc,5,4000,0,4000
2026-09-29,Delhi,Central Warehouse - Delhi,MANDI FRESH,SE-7996,545,2026-09-29,107,Carrot,20,Kg,32,640,0,640
2026-09-29,Delhi,Central Warehouse - Delhi,MANDI FRESH,SE-7996,545,2026-09-29,115,Coriander Leaves,15,Kg,150,2250,0,2250
2026-09-29,Delhi,Central Warehouse - Delhi,MANDI FRESH,SE-7996,545,2026-09-29,131,Curry Leaves,2,Kg,37.5,75,0,75
2026-09-29,Delhi,Central Warehouse - Delhi,MANDI FRESH,SE-7996,545,2026-09-29,149,Drumstick,3,Kg,85,255,0,255
2026-09-29,Delhi,Central Warehouse - Delhi,MANDI FRESH,SE-7996,545,2026-09-29,108,Ginger,10,Kg,160,1600,0,1600
2026-09-29,Delhi,Central Warehouse - Delhi,MANDI FRESH,SE-7996,545,2026-09-29,99,Green Capsicum,2,Kg,48,96,0,96
2026-09-29,Delhi,Central Warehouse - Delhi,MANDI FRESH,SE-7996,545,2026-09-29,124,Lime,800,Pc,2,1600,0,1600
2026-09-29,Delhi,Central Warehouse - Delhi,MANDI FRESH,SE-7996,545,2026-09-29,132,Onion,47,Kg,40,1880,0,1880
2026-09-29,Delhi,Central Warehouse - Delhi,MANDI FRESH,SE-7996,545,2026-09-29,116,Raw Green Chili,8,Kg,40,320,0,320
2026-09-29,Delhi,Central Warehouse - Delhi,MANDI FRESH,SE-7996,545,2026-09-29,279,Raw Lauki,20,Kg,23,460,0,460
2026-09-29,Delhi,Central Warehouse - Delhi,MANDI FRESH,SE-7996,545,2026-09-29,133,Raw Mango,15,Kg,150,2250,0,2250
2026-09-29,Delhi,Central Warehouse - Delhi,MANDI FRESH,SE-7996,545,2026-09-29,274,Raw Potato,50,Kg,25,1250,0,1250
2026-09-29,Delhi,Central Warehouse - Delhi,MANDI FRESH,SE-7996,545,2026-09-29,280,Raw Pumpkin,11,Kg,23,253,0,253
2026-09-29,Delhi,Central Warehouse - Delhi,MANDI FRESH,SE-7996,545,2026-09-29,141,Tomato,159,Kg,44,6996,0,6996
2026-09-29,Delhi,Central Warehouse - Delhi,Shyam Vegetable,SE-7990,1745,2026-09-29,50,Raw Coconut,200,Pc,48,9600,0,9600
2026-09-29,Delhi,Central Warehouse - Delhi,Shyam Vegetable,SE-7991,1746,2026-09-29,50,Raw Coconut,200,Pc,48,9600,0,9600
2026-09-29,Delhi,Central Warehouse - Delhi,South Indian Pan Shop,SE-7997,2026-27/13813,2026-09-29,84,Banana Leaf Big (1bundle = 50pc),6000,Pc,2.5,15000,0,15000
2026-09-29,Delhi,Central Warehouse - Delhi,South Indian Pan Shop,SE-7997,2026-27/13813,2026-09-29,92,Banana Leaf Small (1bundle = 50pc),2500,Pc,1.3,3250,0,3250
2026-09-29,Delhi,Central Warehouse - Delhi,South Indian Pan Shop,SE-7997,2026-27/13813,2026-09-29,26,Jaggery,60,Kg,95,5700,0,5700
2026-09-29,Delhi,Central Warehouse - Delhi,Zomato Hyperpure Delhi,SE-7992,ZBSDL27-00158912,2026-09-29,29,Salt,115,Kg,33,3795,0,3795
2026-09-29,Delhi,Central Warehouse - Delhi,Zomato Hyperpure Delhi,SE-7993,ZHPDL27-00201088,2026-09-29,49,Mace (Javitri),100,gm,2.79,279,0,279
2026-09-29,Delhi,Central Warehouse - Delhi,Zomato Hyperpure Delhi,SE-7994,ZBSDL27-00158934,2026-09-29,536,Rock Salt,5,Kg,64,320,0,320
2026-09-29,Delhi,Central Warehouse - Delhi,Zomato Hyperpure Delhi,SE-7995,ZHPDL27-00201115,2026-09-29,14,Amul Butter,7.5,Kg,590,4425,0,4425
2026-09-29,Delhi,Central Warehouse - Delhi,Zomato Hyperpure Delhi,SE-7995,ZHPDL27-00201115,2026-09-29,243,Cling Wrap,5,Pc,273.5,1367.5,0,1367.5
2026-09-29,Delhi,Central Warehouse - Delhi,Zomato Hyperpure Delhi,SE-7995,ZHPDL27-00201115,2026-09-29,75,Ghee,21.72,Kg,835.4,18144.89,0,18144.89
2026-09-29,Delhi,Central Warehouse - Delhi,Zomato Hyperpure Delhi,SE-7995,ZHPDL27-00201115,2026-09-29,34,Kashmiri Chili Powder,20000,gm,1.01,20160,0,20160
2026-09-29,Delhi,Central Warehouse - Delhi,Zomato Hyperpure Delhi,SE-7995,ZHPDL27-00201115,2026-09-29,13,Milk Powder,5,Kg,593.2,2966,0,2966
2026-09-29,Delhi,Central Warehouse - Delhi,Zomato Hyperpure Delhi,SE-7995,ZHPDL27-00201115,2026-09-29,535,Poha,4,Kg,90.32,361.28,0,361.28
2026-09-29,Delhi,Central Warehouse - Delhi,Zomato Hyperpure Delhi,SE-7995,ZHPDL27-00201115,2026-09-29,,Scrubber - Scotch Brite,20,Pc,14.15,283,0,283
2026-09-29,Delhi,Central Warehouse - Delhi,Zomato Hyperpure Delhi,SE-7995,ZHPDL27-00201115,2026-09-29,391,White Butter,20,Kg,627.9,12558,0,12558
2026-09-29,Delhi,Central Warehouse - Delhi,Zomato Hyperpure Delhi,SE-7995,ZHPDL27-00201115,2026-09-29,32,Whole Cumin,5,Kg,308.7,1543.5,0,1543.5
2026-09-29,Delhi,Central Warehouse - Delhi,Zomato Hyperpure Delhi,SE-7995,ZHPDL27-00201115,2026-09-29,70,Whole Methi,7000,gm,0.13,875,0,875
2026-09-29,Kolkata,Central Warehouse -Kolkata,Adya Dairy,SE-8743,GS262706/61624,2026-09-29,91,Milk (Adya Dairy),20,Ltr,62,1240,0,1240
2026-09-29,Kolkata,Central Warehouse -Kolkata,Adya Dairy,SE-8743,GS262706/61624,2026-09-29,60,Paneer,4,Kg,299,1196,0,1196
2026-09-29,Kolkata,Central Warehouse -Kolkata,Adya Dairy,SE-8743,GS262706/61624,2026-09-29,235,Raw Curd,30,Kg,71.4,2142,0,2142
2026-09-29,Kolkata,Central Warehouse -Kolkata,Ashirvad Enterprise,SE-8747,RTE/26-27/4481,2026-09-29,,Scrubber - Scotch Brite,30,Pc,14.99,449.7,0,449.7
2026-09-29,Kolkata,Central Warehouse -Kolkata,Ashirvad Enterprise,SE-8747,RTE/26-27/4481,2026-09-29,77,Whole Black Pepper,1,Kg,850,850,0,850
2026-09-29,Kolkata,Central Warehouse -Kolkata,Radha Krishana Enterprise,SE-8746,1476,2026-09-29,122,Amada,2.5,Kg,70,175,0,175
2026-09-29,Kolkata,Central Warehouse -Kolkata,Radha Krishana Enterprise,SE-8746,1476,2026-09-29,237,Beans,2,Kg,75,150,0,150
2026-09-29,Kolkata,Central Warehouse -Kolkata,Radha Krishana Enterprise,SE-8746,1476,2026-09-29,107,Carrot,13.5,Kg,41,553.5,0,553.5
2026-09-29,Kolkata,Central Warehouse -Kolkata,Radha Krishana Enterprise,SE-8746,1476,2026-09-29,115,Coriander Leaves,10,Kg,100,1000,0,1000
2026-09-29,Kolkata,Central Warehouse -Kolkata,Radha Krishana Enterprise,SE-8746,1476,2026-09-29,123,Cucumber,2.5,Kg,25,62.5,0,62.5
2026-09-29,Kolkata,Central Warehouse -Kolkata,Radha Krishana Enterprise,SE-8746,1476,2026-09-29,131,Curry Leaves,2.8,Kg,72,201.6,0,201.6
2026-09-29,Kolkata,Central Warehouse -Kolkata,Radha Krishana Enterprise,SE-8746,1476,2026-09-29,149,Drumstick,3.9,Kg,90,351,0,351
2026-09-29,Kolkata,Central Warehouse -Kolkata,Radha Krishana Enterprise,SE-8746,1476,2026-09-29,100,Garlic,3,Kg,140,420,0,420
2026-09-29,Kolkata,Central Warehouse -Kolkata,Radha Krishana Enterprise,SE-8746,1476,2026-09-29,108,Ginger,12,Kg,132,1584,0,1584
2026-09-29,Kolkata,Central Warehouse -Kolkata,Radha Krishana Enterprise,SE-8746,1476,2026-09-29,99,Green Capsicum,1.1,Kg,67,73.7,0,73.7
2026-09-29,Kolkata,Central Warehouse -Kolkata,Radha Krishana Enterprise,SE-8746,1476,2026-09-29,124,Lime,300,Pc,3.5,1050,0,1050
2026-09-29,Kolkata,Central Warehouse -Kolkata,Radha Krishana Enterprise,SE-8746,1476,2026-09-29,451,Mint leaf,0.7,Kg,180,126,0,126
2026-09-29,Kolkata,Central Warehouse -Kolkata,Radha Krishana Enterprise,SE-8746,1476,2026-09-29,489,Mosambi,6.5,Kg,70,455,0,455
2026-09-29,Kolkata,Central Warehouse -Kolkata,Radha Krishana Enterprise,SE-8746,1476,2026-09-29,132,Onion,101,Kg,50,5050,0,5050
2026-09-29,Kolkata,Central Warehouse -Kolkata,Radha Krishana Enterprise,SE-8746,1476,2026-09-29,116,Raw Green Chili,4,Kg,75,300,0,300
2026-09-29,Kolkata,Central Warehouse -Kolkata,Radha Krishana Enterprise,SE-8746,1476,2026-09-29,133,Raw Mango,15,Kg,85,1275,0,1275
2026-09-29,Kolkata,Central Warehouse -Kolkata,Radha Krishana Enterprise,SE-8746,1476,2026-09-29,274,Raw Potato,151,Kg,18,2718,0,2718
2026-09-29,Kolkata,Central Warehouse -Kolkata,Radha Krishana Enterprise,SE-8746,1476,2026-09-29,141,Tomato,78,Kg,40,3120,0,3120
2026-09-29,Kolkata,Central Warehouse -Kolkata,Radha Krishana Enterprise,SE-8746,1476,2026-09-29,416,Watermelon,28,Kg,35,980,0,980
2026-09-29,Kolkata,Central Warehouse -Kolkata,Tara Maa Dashakaram,SE-8745,515,2026-09-29,84,Banana Leaf Big (1bundle = 50pc),600,Pc,1.75,1050,0,1050
2026-09-29,Kolkata,Central Warehouse -Kolkata,Tara Maa Dashakaram,SE-8745,515,2026-09-29,84,Banana Leaf Big (1bundle = 50pc),600,Pc,2,1200,0,1200
2026-09-29,Kolkata,Central Warehouse -Kolkata,Tara Maa Dashakaram,SE-8745,515,2026-09-29,92,Banana Leaf Small (1bundle = 50pc),1600,Pc,1.25,2000,0,2000
2026-09-29,Kolkata,Central Warehouse -Kolkata,Zomato Hyperpure Kolkata,SE-8744,ZHPWB27-00121278,2026-09-29,391,White Butter,50,Kg,606.9,30345,0,30345
2026-09-30,Delhi,Central Warehouse - Delhi,Cash Purchase,SE-8002,29926,2026-09-30,91,Milk (Adya Dairy),8,Ltr,60,480,0,480
2026-09-30,Delhi,Central Warehouse - Delhi,Cash Purchase,SE-8003,30926,2026-09-30,91,Milk (Adya Dairy),8,Ltr,60,480,0,480
2026-09-30,Delhi,Central Warehouse - Delhi,Javed Dairy,SE-7999,3075,2026-09-30,91,Milk (Adya Dairy),24,Ltr,59,1416,0,1416
2026-09-30,Delhi,Central Warehouse - Delhi,Javed Dairy,SE-7999,3075,2026-09-30,235,Raw Curd,12,Kg,79,948,0,948
2026-09-30,Delhi,Central Warehouse - Delhi,Javed Dairy,SE-8000,3076,2026-09-30,91,Milk (Adya Dairy),24,Ltr,59,1416,0,1416
2026-09-30,Delhi,Central Warehouse - Delhi,Javed Dairy,SE-8000,3076,2026-09-30,235,Raw Curd,36,Kg,79,2844,0,2844
2026-09-30,Delhi,Central Warehouse - Delhi,MANDI FRESH,SE-8004,549,2026-09-30,107,Carrot,25,Kg,32,800,0,800
2026-09-30,Delhi,Central Warehouse - Delhi,MANDI FRESH,SE-8004,549,2026-09-30,131,Curry Leaves,2,Kg,37.5,75,0,75
2026-09-30,Delhi,Central Warehouse - Delhi,MANDI FRESH,SE-8004,549,2026-09-30,149,Drumstick,3,Kg,85,255,0,255
2026-09-30,Delhi,Central Warehouse - Delhi,MANDI FRESH,SE-8004,549,2026-09-30,100,Garlic,4,Kg,125,500,0,500
2026-09-30,Delhi,Central Warehouse - Delhi,MANDI FRESH,SE-8004,549,2026-09-30,108,Ginger,10,Kg,160,1600,0,1600
2026-09-30,Delhi,Central Warehouse - Delhi,MANDI FRESH,SE-8004,549,2026-09-30,99,Green Capsicum,2,Kg,48,96,0,96
2026-09-30,Delhi,Central Warehouse - Delhi,MANDI FRESH,SE-8004,549,2026-09-30,132,Onion,137,Kg,40,5480,0,5480
2026-09-30,Delhi,Central Warehouse - Delhi,MANDI FRESH,SE-8004,549,2026-09-30,116,Raw Green Chili,5,Kg,40,200,0,200
2026-09-30,Delhi,Central Warehouse - Delhi,MANDI FRESH,SE-8004,549,2026-09-30,279,Raw Lauki,28,Kg,23,644,0,644
2026-09-30,Delhi,Central Warehouse - Delhi,MANDI FRESH,SE-8004,549,2026-09-30,133,Raw Mango,5,Kg,150,750,0,750
2026-09-30,Delhi,Central Warehouse - Delhi,MANDI FRESH,SE-8004,549,2026-09-30,274,Raw Potato,200,Kg,25,5000,0,5000
2026-09-30,Delhi,Central Warehouse - Delhi,MANDI FRESH,SE-8004,549,2026-09-30,280,Raw Pumpkin,20,Kg,23,460,0,460
2026-09-30,Delhi,Central Warehouse - Delhi,MANDI FRESH,SE-8004,549,2026-09-30,141,Tomato,195,Kg,44,8580,0,8580
2026-09-30,Delhi,Central Warehouse - Delhi,Shyam Vegetable,SE-8005,1742,2026-09-30,115,Coriander Leaves,5,Kg,150,750,0,750
2026-09-30,Delhi,Central Warehouse - Delhi,Shyam Vegetable,SE-8005,1742,2026-09-30,124,Lime,400,Pc,3,1200,0,1200
2026-09-30,Delhi,Central Warehouse - Delhi,Shyam Vegetable,SE-8005,1742,2026-09-30,50,Raw Coconut,100,Pc,48,4800,0,4800
2026-09-30,Delhi,Central Warehouse - Delhi,South Indian Pan Shop,SE-8001,2026-27/13834,2026-09-30,84,Banana Leaf Big (1bundle = 50pc),1500,Pc,2.5,3750,0,3750
2026-09-30,Delhi,Central Warehouse - Delhi,South Indian Pan Shop,SE-8001,2026-27/13834,2026-09-30,92,Banana Leaf Small (1bundle = 50pc),2500,Pc,1.3,3250,0,3250
2026-09-30,Delhi,Central Warehouse - Delhi,Zomato Hyperpure Delhi,SE-7998,ZHPDL27-00202320,2026-09-30,14,Amul Butter,5,Kg,590,2950,0,2950
2026-09-30,Delhi,Central Warehouse - Delhi,Zomato Hyperpure Delhi,SE-7998,ZHPDL27-00202320,2026-09-30,118,Compartment Tray With Lid - 5CP (1pkt = 25pc),300,Pc,13.49,4047,0,4047
2026-09-30,Delhi,Central Warehouse - Delhi,Zomato Hyperpure Delhi,SE-7998,ZHPDL27-00202320,2026-09-30,34,Kashmiri Chili Powder,15000,gm,1.01,15120,0,15120
2026-09-30,Delhi,Central Warehouse - Delhi,Zomato Hyperpure Delhi,SE-7998,ZHPDL27-00202320,2026-09-30,43,Sunflower Refined Oil ( 1pkt = 868 Ml ),52.08,Ltr,220.34,11475.31,0,11475.31
2026-09-30,Kolkata,Central Warehouse -Kolkata,Aas Supply,SE-8750,699A,2026-09-30,50,Raw Coconut,1000,Pc,37,37000,0,37000
2026-09-30,Kolkata,Central Warehouse -Kolkata,Adya Dairy,SE-8748,GS262706/62064,2026-09-30,91,Milk (Adya Dairy),16,Ltr,62,992,0,992
2026-09-30,Kolkata,Central Warehouse -Kolkata,Adya Dairy,SE-8748,GS262706/62064,2026-09-30,60,Paneer,4,Kg,299,1196,0,1196
2026-09-30,Kolkata,Central Warehouse -Kolkata,Adya Dairy,SE-8748,GS262706/62064,2026-09-30,235,Raw Curd,40,Kg,71.4,2856,0,2856
2026-09-30,Kolkata,Central Warehouse -Kolkata,Cash Purchase,SE-8753,300926,2026-09-30,3,Oreo Buiscuits,30,Pkt,10,300,0,300
2026-09-30,Kolkata,Central Warehouse -Kolkata,FRESH AISLE MART PLT,SE-8754,300926/FA,2026-09-30,448,Chhote Lal Tea 250GM,5,Kg,399,1995,0,1995
2026-09-30,Kolkata,Central Warehouse -Kolkata,HOSPITALITY Mart,SE-8751,1501,2026-09-30,168,C Fold Tissue (Toilet Tissue),252,Pkt,49.56,12489.12,0,12489.12
2026-09-30,Kolkata,Central Warehouse -Kolkata,HOSPITALITY Mart,SE-8751,1501,2026-09-30,333,Hand Gloves Big,8,Piece,29.5,236,0,236
2026-09-30,Kolkata,Central Warehouse -Kolkata,HOSPITALITY Mart,SE-8752,1492,2026-09-30,168,C Fold Tissue (Toilet Tissue),144,Pkt,49.66,7151.04,0,7151.04
2026-09-30,Kolkata,Central Warehouse -Kolkata,HOSPITALITY Mart,SE-8752,1492,2026-09-30,153,Check Cloth,50,Pc,18.37,918.5,0,918.5
2026-09-30,Kolkata,Central Warehouse -Kolkata,HOSPITALITY Mart,SE-8752,1492,2026-09-30,153,Check Cloth,20,Pc,18.37,367.4,0,367.4
2026-09-30,Kolkata,Central Warehouse -Kolkata,HOSPITALITY Mart,SE-8752,1492,2026-09-30,145,Dosa Duster,30,Pc,28,840,0,840
2026-09-30,Kolkata,Central Warehouse -Kolkata,HOSPITALITY Mart,SE-8752,1492,2026-09-30,145,Dosa Duster,29,Pc,28,812,0,812
2026-09-30,Kolkata,Central Warehouse -Kolkata,HOSPITALITY Mart,SE-8752,1492,2026-09-30,135,Garbage Bag Large (36 X 42),100,Pkt,70.8,7080,0,7080
2026-09-30,Kolkata,Central Warehouse -Kolkata,HOSPITALITY Mart,SE-8752,1492,2026-09-30,135,Garbage Bag Large (36 X 42),100,Pkt,70.8,7080,0,7080
2026-09-30,Kolkata,Central Warehouse -Kolkata,HOSPITALITY Mart,SE-8752,1492,2026-09-30,143,Garbage Bag Small (20 X 24),65,Pkt,54.47,3540.55,0,3540.55
2026-09-30,Kolkata,Central Warehouse -Kolkata,HOSPITALITY Mart,SE-8752,1492,2026-09-30,143,Garbage Bag Small (20 X 24),65,Pkt,54.47,3540.55,0,3540.55
2026-09-30,Kolkata,Central Warehouse -Kolkata,HOSPITALITY Mart,SE-8752,1492,2026-09-30,265,Room Freshner,10,Pc,88.5,885,0,885
2026-09-30,Kolkata,Central Warehouse -Kolkata,HOSPITALITY Mart,SE-8752,1492,2026-09-30,160,Sponge Wipe,10,Pkt,177,1770,0,1770
2026-09-30,Kolkata,Central Warehouse -Kolkata,HOSPITALITY Mart,SE-8752,1492,2026-09-30,160,Sponge Wipe,20,Pkt,177,3540,0,3540
2026-09-30,Kolkata,Central Warehouse -Kolkata,HOSPITALITY Mart,SE-8752,1492,2026-09-30,303,Toilet Paper Roll Round,50,Pc,17.7,885,0,885
2026-09-30,Kolkata,Central Warehouse -Kolkata,HOSPITALITY Mart,SE-8752,1492,2026-09-30,272,Wet Mop,4,Pc,224.2,896.8,0,896.8
2026-09-30,Kolkata,Central Warehouse -Kolkata,HOSPITALITY Mart,SE-8752,1492,2026-09-30,273,Wet Mop Refil,10,Pc,100.3,1003,0,1003
2026-09-30,Kolkata,Central Warehouse -Kolkata,Radha Krishana Enterprise,SE-8749,1482,2026-09-30,122,Amada,2.5,Kg,70,175,0,175
2026-09-30,Kolkata,Central Warehouse -Kolkata,Radha Krishana Enterprise,SE-8749,1482,2026-09-30,237,Beans,3,Kg,75,225,0,225
2026-09-30,Kolkata,Central Warehouse -Kolkata,Radha Krishana Enterprise,SE-8749,1482,2026-09-30,107,Carrot,15,Kg,41,615,0,615
2026-09-30,Kolkata,Central Warehouse -Kolkata,Radha Krishana Enterprise,SE-8749,1482,2026-09-30,115,Coriander Leaves,9.5,Kg,100,950,0,950
2026-09-30,Kolkata,Central Warehouse -Kolkata,Radha Krishana Enterprise,SE-8749,1482,2026-09-30,123,Cucumber,1.5,Kg,25,37.5,0,37.5
2026-09-30,Kolkata,Central Warehouse -Kolkata,Radha Krishana Enterprise,SE-8749,1482,2026-09-30,131,Curry Leaves,2.5,Kg,72,180,0,180
2026-09-30,Kolkata,Central Warehouse -Kolkata,Radha Krishana Enterprise,SE-8749,1482,2026-09-30,149,Drumstick,3.9,Kg,90,351,0,351
2026-09-30,Kolkata,Central Warehouse -Kolkata,Radha Krishana Enterprise,SE-8749,1482,2026-09-30,100,Garlic,3,Kg,140,420,0,420
2026-09-30,Kolkata,Central Warehouse -Kolkata,Radha Krishana Enterprise,SE-8749,1482,2026-09-30,108,Ginger,8.8,Kg,132,1161.6,0,1161.6
2026-09-30,Kolkata,Central Warehouse -Kolkata,Radha Krishana Enterprise,SE-8749,1482,2026-09-30,99,Green Capsicum,1,Kg,67,67,0,67
2026-09-30,Kolkata,Central Warehouse -Kolkata,Radha Krishana Enterprise,SE-8749,1482,2026-09-30,491,Khoa,2,Kg,250,500,0,500
2026-09-30,Kolkata,Central Warehouse -Kolkata,Radha Krishana Enterprise,SE-8749,1482,2026-09-30,124,Lime,300,Pc,3.5,1050,0,1050
2026-09-30,Kolkata,Central Warehouse -Kolkata,Radha Krishana Enterprise,SE-8749,1482,2026-09-30,451,Mint leaf,0.7,Kg,180,126,0,126
2026-09-30,Kolkata,Central Warehouse -Kolkata,Radha Krishana Enterprise,SE-8749,1482,2026-09-30,132,Onion,97,Kg,50,4850,0,4850
2026-09-30,Kolkata,Central Warehouse -Kolkata,Radha Krishana Enterprise,SE-8749,1482,2026-09-30,116,Raw Green Chili,7,Kg,75,525,0,525
2026-09-30,Kolkata,Central Warehouse -Kolkata,Radha Krishana Enterprise,SE-8749,1482,2026-09-30,279,Raw Lauki,46,Kg,25,1150,0,1150
2026-09-30,Kolkata,Central Warehouse -Kolkata,Radha Krishana Enterprise,SE-8749,1482,2026-09-30,133,Raw Mango,5.5,Kg,85,467.5,0,467.5
2026-09-30,Kolkata,Central Warehouse -Kolkata,Radha Krishana Enterprise,SE-8749,1482,2026-09-30,274,Raw Potato,200,Kg,18,3600,0,3600
2026-09-30,Kolkata,Central Warehouse -Kolkata,Radha Krishana Enterprise,SE-8749,1482,2026-09-30,280,Raw Pumpkin,50,Kg,27,1350,0,1350
2026-09-30,Kolkata,Central Warehouse -Kolkata,Radha Krishana Enterprise,SE-8749,1482,2026-09-30,141,Tomato,71.2,Kg,40,2848,0,2848
2026-09-30,Kolkata,Central Warehouse -Kolkata,Radha Krishana Enterprise,SE-8749,1482,2026-09-30,416,Watermelon,30,Kg,35,1050,0,1050
2026-10-01,Delhi,Central Warehouse - Delhi,Devine & Conquer Store,SE-8011,4034,2026-10-01,284,Ec Kay Heavy Duty Degreaser 5 Ltr,30,Ltr,219.48,6584.4,0,6584.4
2026-10-01,Delhi,Central Warehouse - Delhi,Devine & Conquer Store,SE-8011,4034,2026-10-01,170,Ecolab-Clean & SoftAB (1can = 5ltr),12,Can,649,7788,0,7788
2026-10-01,Delhi,Central Warehouse - Delhi,Devine & Conquer Store,SE-8011,4034,2026-10-01,169,Ecolab-Grill Cleaner Pluss (1can = 5ltr),24,Can,1622.5,38940,0,38940
2026-10-01,Delhi,Central Warehouse - Delhi,Devine & Conquer Store,SE-8011,4034,2026-10-01,155,Ecolab-Hand Soap 250 ml Dispensers,6,Pc,837.8,5026.8,0,5026.8
2026-10-01,Delhi,Central Warehouse - Delhi,Devine & Conquer Store,SE-8011,4034,2026-10-01,146,Ecolab-Multi Purpose SINK Detergent (1can = 1ltr),114,Can,432.65,49322.1,0,49322.1
2026-10-01,Delhi,Central Warehouse - Delhi,EECO PACK,SE-8007,2026-2027/080,2026-10-01,117,Coffee/Tea Flask - 250ml (1pkt = 25pc),3350,Pc,18.96,63516,0,63516
2026-10-01,Delhi,Central Warehouse - Delhi,KAGAZKAAR RETAIL PACKAGING PVT LTD,SE-8008,KRPPL/0130/26-27,2026-10-01,142,Carry Bag - Large(1pkt = 100pc),5100,Pc,9.79,49929,0,49929
2026-10-01,Delhi,Central Warehouse - Delhi,KAGAZKAAR RETAIL PACKAGING PVT LTD,SE-8008,KRPPL/0130/26-27,2026-10-01,98,Carry Bag - Small (1pkt = 100pc),25200,Pc,6.73,169596,0,169596
2026-10-01,Delhi,Central Warehouse - Delhi,M/S Distributionmasters Traders LLP,SE-8006,2627DMT08989,2026-10-01,297,Amul IC BP Vanilla (5L) CF,80,Ltr,100,8000,0,8000
2026-10-01,Delhi,Central Warehouse - Delhi,M/S Distributionmasters Traders LLP,SE-8006,2627DMT08989,2026-10-01,76,Milk - Tetra 1Ltr,96,Ltr,83,7968,0,7968
2026-10-01,Delhi,Central Warehouse - Delhi,MANDI FRESH,SE-8010,551,2026-10-01,237,Beans,3,Kg,48,144,0,144
2026-10-01,Delhi,Central Warehouse - Delhi,MANDI FRESH,SE-8010,551,2026-10-01,107,Carrot,45,Kg,32,1440,0,1440
2026-10-01,Delhi,Central Warehouse - Delhi,MANDI FRESH,SE-8010,551,2026-10-01,115,Coriander Leaves,40,Kg,150,6000,0,6000
2026-10-01,Delhi,Central Warehouse - Delhi,MANDI FRESH,SE-8010,551,2026-10-01,123,Cucumber,5,Kg,25,125,0,125
2026-10-01,Delhi,Central Warehouse - Delhi,MANDI FRESH,SE-8010,551,2026-10-01,131,Curry Leaves,4,Kg,37.5,150,0,150
2026-10-01,Delhi,Central Warehouse - Delhi,MANDI FRESH,SE-8010,551,2026-10-01,149,Drumstick,8,Kg,85,680,0,680
2026-10-01,Delhi,Central Warehouse - Delhi,MANDI FRESH,SE-8010,551,2026-10-01,100,Garlic,25,Kg,125,3125,0,3125
2026-10-01,Delhi,Central Warehouse - Delhi,MANDI FRESH,SE-8010,551,2026-10-01,108,Ginger,30,Kg,160,4800,0,4800
2026-10-01,Delhi,Central Warehouse - Delhi,MANDI FRESH,SE-8010,551,2026-10-01,99,Green Capsicum,8,Kg,48,384,0,384
2026-10-01,Delhi,Central Warehouse - Delhi,MANDI FRESH,SE-8010,551,2026-10-01,124,Lime,1000,Pc,2,2000,0,2000
2026-10-01,Delhi,Central Warehouse - Delhi,MANDI FRESH,SE-8010,551,2026-10-01,451,Mint leaf,2,Kg,70,140,0,140
2026-10-01,Delhi,Central Warehouse - Delhi,MANDI FRESH,SE-8010,551,2026-10-01,132,Onion,276,Kg,40,11040,0,11040
2026-10-01,Delhi,Central Warehouse - Delhi,MANDI FRESH,SE-8010,551,2026-10-01,116,Raw Green Chili,20,Kg,40,800,0,800
2026-10-01,Delhi,Central Warehouse - Delhi,MANDI FRESH,SE-8010,551,2026-10-01,279,Raw Lauki,48,Kg,23,1104,0,1104
2026-10-01,Delhi,Central Warehouse - Delhi,MANDI FRESH,SE-8010,551,2026-10-01,133,Raw Mango,20,Kg,150,3000,0,3000
2026-10-01,Delhi,Central Warehouse - Delhi,MANDI FRESH,SE-8010,551,2026-10-01,274,Raw Potato,439,Kg,25,10975,0,10975
2026-10-01,Delhi,Central Warehouse - Delhi,MANDI FRESH,SE-8010,551,2026-10-01,280,Raw Pumpkin,50,Kg,23,1150,0,1150
2026-10-01,Delhi,Central Warehouse - Delhi,MANDI FRESH,SE-8010,551,2026-10-01,141,Tomato,250,Kg,44,11000,0,11000
2026-10-01,Delhi,Central Warehouse - Delhi,Zomato Hyperpure Delhi,SE-8009,ZHPDL27-00202800,2026-10-01,53,Sugar,50,Kg,70.84,3542,0,3542
2026-10-01,Kolkata,Central Warehouse -Kolkata,Adya Dairy,SE-8755,GS262706/62481,2026-10-01,91,Milk (Adya Dairy),16,Ltr,62,992,0,992
2026-10-01,Kolkata,Central Warehouse -Kolkata,Adya Dairy,SE-8755,GS262706/62481,2026-10-01,60,Paneer,3,Kg,299,897,0,897
2026-10-01,Kolkata,Central Warehouse -Kolkata,Adya Dairy,SE-8755,GS262706/62481,2026-10-01,235,Raw Curd,30,Kg,71.4,2142,0,2142
2026-10-01,Kolkata,Central Warehouse -Kolkata,Ashirvad Enterprise,SE-8762,AE/26-27/3113,2026-10-01,26,Jaggery,50,Kg,86,4300,0,4300
2026-10-01,Kolkata,Central Warehouse -Kolkata,BAGRODIA SUPERMARKETS PVT LTD,SE-8767,BS/26-27/026082,2026-10-01,76,Milk - Tetra 1Ltr,600,Ltr,78.1,46860,0,46860
2026-10-01,Kolkata,Central Warehouse -Kolkata,Damji Pasu &Co,SE-8764,13899,2026-10-01,41,Idli Daal (Rajkot),1000,Kg,165.02,165020,0,165020
2026-10-01,Kolkata,Central Warehouse -Kolkata,FoodPro Packaging Private Limited,SE-8766,FPPL/26-27/1830,2026-10-01,539,150*200 MM Food Pro Plastic,5000,Pc,3.38,16900,0,16900
2026-10-01,Kolkata,Central Warehouse -Kolkata,FoodPro Packaging Private Limited,SE-8766,FPPL/26-27/1830,2026-10-01,262,190*200 MM Food Pro Plastic,5000,Pc,3.68,18400,0,18400
2026-10-01,Kolkata,Central Warehouse -Kolkata,FoodPro Packaging Private Limited,SE-8766,FPPL/26-27/1830,2026-10-01,251,200*250 MM Food Pro Plastic,5000,Pc,4.79,23950,0,23950
2026-10-01,Kolkata,Central Warehouse -Kolkata,FoodPro Packaging Private Limited,SE-8766,FPPL/26-27/1830,2026-10-01,252,230*270 MM Food Pro Plastic,5000,Pc,5.9,29500,0,29500
2026-10-01,Kolkata,Central Warehouse -Kolkata,Krishay Enterprise,SE-8761,011026,2026-10-01,56,Cottons Lemonade,960,Pc,17.5,16800,0,16800
2026-10-01,Kolkata,Central Warehouse -Kolkata,LOTUS & CO.,SE-8763,LC/0162/26-27,2026-10-01,97,Paper Napkin (1pkt = 100pc),60000,Pc,0.24,14400,0,14400
2026-10-01,Kolkata,Central Warehouse -Kolkata,Radha Krishana Enterprise,SE-8756,1288,2026-10-01,237,Beans,3,Kg,75,225,0,225
2026-10-01,Kolkata,Central Warehouse -Kolkata,Radha Krishana Enterprise,SE-8756,1288,2026-10-01,107,Carrot,24,Kg,41,984,0,984
2026-10-01,Kolkata,Central Warehouse -Kolkata,Radha Krishana Enterprise,SE-8756,1288,2026-10-01,115,Coriander Leaves,5,Kg,100,500,0,500
2026-10-01,Kolkata,Central Warehouse -Kolkata,Radha Krishana Enterprise,SE-8756,1288,2026-10-01,131,Curry Leaves,3.2,Kg,72,230.4,0,230.4
2026-10-01,Kolkata,Central Warehouse -Kolkata,Radha Krishana Enterprise,SE-8756,1288,2026-10-01,100,Garlic,4,Kg,140,560,0,560
2026-10-01,Kolkata,Central Warehouse -Kolkata,Radha Krishana Enterprise,SE-8756,1288,2026-10-01,108,Ginger,15,Kg,132,1980,0,1980
2026-10-01,Kolkata,Central Warehouse -Kolkata,Radha Krishana Enterprise,SE-8756,1288,2026-10-01,124,Lime,400,Pc,3.5,1400,0,1400
2026-10-01,Kolkata,Central Warehouse -Kolkata,Radha Krishana Enterprise,SE-8756,1288,2026-10-01,451,Mint leaf,0.8,Kg,180,144,0,144
2026-10-01,Kolkata,Central Warehouse -Kolkata,Radha Krishana Enterprise,SE-8756,1288,2026-10-01,132,Onion,50,Kg,50,2500,0,2500
2026-10-01,Kolkata,Central Warehouse -Kolkata,Radha Krishana Enterprise,SE-8756,1288,2026-10-01,116,Raw Green Chili,14,Kg,75,1050,0,1050
2026-10-01,Kolkata,Central Warehouse -Kolkata,Radha Krishana Enterprise,SE-8756,1288,2026-10-01,20,Raw Imli,100,Kg,70,7000,0,7000
2026-10-01,Kolkata,Central Warehouse -Kolkata,Radha Krishana Enterprise,SE-8756,1288,2026-10-01,279,Raw Lauki,33,Kg,25,825,0,825
2026-10-01,Kolkata,Central Warehouse -Kolkata,Radha Krishana Enterprise,SE-8756,1288,2026-10-01,274,Raw Potato,180,Kg,18,3240,0,3240
2026-10-01,Kolkata,Central Warehouse -Kolkata,Radha Krishana Enterprise,SE-8756,1288,2026-10-01,141,Tomato,74,Kg,40,2960,0,2960
2026-10-01,Kolkata,Central Warehouse -Kolkata,Radha Krishana Enterprise,SE-8756,1288,2026-10-01,416,Watermelon,39,Kg,35,1365,0,1365
2026-10-01,Kolkata,Central Warehouse -Kolkata,Tara Maa Dashakaram,SE-8758,518,2026-10-01,84,Banana Leaf Big (1bundle = 50pc),800,Pc,1.75,1400,0,1400
2026-10-01,Kolkata,Central Warehouse -Kolkata,Tara Maa Dashakaram,SE-8758,518,2026-10-01,84,Banana Leaf Big (1bundle = 50pc),400,Pc,2,800,0,800
2026-10-01,Kolkata,Central Warehouse -Kolkata,Tara Maa Dashakaram,SE-8758,518,2026-10-01,92,Banana Leaf Small (1bundle = 50pc),1600,Pc,1.25,2000,0,2000
2026-10-01,Kolkata,Central Warehouse -Kolkata,Tara Maa Dashakaram,SE-8765,523,2026-10-01,84,Banana Leaf Big (1bundle = 50pc),800,Pc,1.75,1400,0,1400
2026-10-01,Kolkata,Central Warehouse -Kolkata,Tara Maa Dashakaram,SE-8765,523,2026-10-01,84,Banana Leaf Big (1bundle = 50pc),600,Pc,2,1200,0,1200
2026-10-01,Kolkata,Central Warehouse -Kolkata,Tara Maa Dashakaram,SE-8765,523,2026-10-01,92,Banana Leaf Small (1bundle = 50pc),1600,Pc,1.25,2000,0,2000
2026-10-01,Kolkata,Central Warehouse -Kolkata,Zomato Hyperpure Kolkata,SE-8757,ZHPWB27-00122557,2026-10-01,14,Amul Butter,30,Kg,617.4,18522,0,18522
2026-10-01,Kolkata,Central Warehouse -Kolkata,Zomato Hyperpure Kolkata,SE-8759,ZHPWB27-00121879,2026-10-01,75,Ghee,10.86,Kg,823.2,8939.95,0,8939.95
2026-10-01,Kolkata,Central Warehouse -Kolkata,Zomato Hyperpure Kolkata,SE-8760,ZHPWB27-00121877,2026-10-01,75,Ghee,10.86,Kg,823.2,8939.95,0,8939.95
2026-10-02,Kolkata,Central Warehouse -Kolkata,Aas Supply,SE-8768,700,2026-10-02,18,Idli Rice (Miniket),260,Kg,53,13780,0,13780
2026-10-02,Kolkata,Central Warehouse -Kolkata,Aas Supply,SE-8768,700,2026-10-02,50,Raw Coconut,400,Pc,37,14800,0,14800
2026-10-02,Kolkata,Central Warehouse -Kolkata,Aas Supply,SE-8771,656,2026-10-02,50,Raw Coconut,900,Pc,37,33300,0,33300
2026-10-02,Kolkata,Central Warehouse -Kolkata,Adya Dairy,SE-8769,GS262707/60335,2026-10-02,91,Milk (Adya Dairy),25,Ltr,62,1550,0,1550
2026-10-02,Kolkata,Central Warehouse -Kolkata,Adya Dairy,SE-8769,GS262707/60335,2026-10-02,60,Paneer,2,Kg,299,598,0,598
2026-10-02,Kolkata,Central Warehouse -Kolkata,Adya Dairy,SE-8769,GS262707/60335,2026-10-02,235,Raw Curd,30,Kg,71.4,2142,0,2142
2026-10-02,Kolkata,Central Warehouse -Kolkata,CONTINENTAL FOOD,SE-8777,CF/26-27/0425,2026-10-02,27,Mustard Seed,7.5,Kg,192.38,1442.85,0,1442.85
2026-10-02,Kolkata,Central Warehouse -Kolkata,CONTINENTAL FOOD,SE-8777,CF/26-27/0425,2026-10-02,70,Whole Methi,27.5,Kg,192.38,5290.45,0,5290.45
2026-10-02,Kolkata,Central Warehouse -Kolkata,Cash Purchase,SE-8780,021026,2026-10-02,51,Rice Powder,15,Kg,100,1500,0,1500
2026-10-02,Kolkata,Central Warehouse -Kolkata,DAHMI COMMODITIES LLP (POSTA),SE-8776,DCP/26-27/000635,2026-10-02,46,Chana Daal,90,Kg,88,7920,0,7920
2026-10-02,Kolkata,Central Warehouse -Kolkata,DAHMI COMMODITIES LLP (POSTA),SE-8776,DCP/26-27/000635,2026-10-02,48,Dosa Daal (Urad),330,Kg,134,44220,0,44220
2026-10-02,Kolkata,Central Warehouse -Kolkata,DAHMI COMMODITIES LLP (POSTA),SE-8776,DCP/26-27/000635,2026-10-02,17,Govindho Bhog Rice,78,Kg,147,11466,0,11466
2026-10-02,Kolkata,Central Warehouse -Kolkata,DAHMI COMMODITIES LLP (POSTA),SE-8776,DCP/26-27/000635,2026-10-02,18,Idli Rice (Miniket),1040,Kg,52,54080,0,54080
2026-10-02,Kolkata,Central Warehouse -Kolkata,DAHMI COMMODITIES LLP (POSTA),SE-8776,DCP/26-27/000635,2026-10-02,37,Sambar Daal (Toor),300,Kg,126,37800,0,37800
2026-10-02,Kolkata,Central Warehouse -Kolkata,Devine & Conquer Store,SE-8778,3978,2026-10-02,170,Ecolab-Clean & SoftAB (1can = 5ltr),20,Can,649,12980,0,12980
2026-10-02,Kolkata,Central Warehouse -Kolkata,Devine & Conquer Store,SE-8778,3978,2026-10-02,169,Ecolab-Grill Cleaner Pluss (1can = 5ltr),24,Can,1622.5,38940,0,38940
2026-10-02,Kolkata,Central Warehouse -Kolkata,Devine & Conquer Store,SE-8778,3978,2026-10-02,146,Ecolab-Multi Purpose SINK Detergent (1can = 1ltr),186,Can,432.66,80474.76,0,80474.76
2026-10-02,Kolkata,Central Warehouse -Kolkata,Gopal Printers Private Limited,SE-8782,GPPL/2182/26-27,2026-10-02,467,Coffee Cup (1Pkt = 50Pics),1000,Pc,4.36,4360,0,4360
2026-10-02,Kolkata,Central Warehouse -Kolkata,Gopal Printers Private Limited,SE-8782,GPPL/2182/26-27,2026-10-02,240,Hot Coffee Cup 150ml (1pkt=25pc),2500,Pc,1.24,3100,0,3100
2026-10-02,Kolkata,Central Warehouse -Kolkata,Gopal Printers Private Limited,SE-8782,GPPL/2182/26-27,2026-10-02,128,Paper Food Container - 100ml (1pkt = 50pc),4000,Pc,1.74,6960,0,6960
2026-10-02,Kolkata,Central Warehouse -Kolkata,Gopal Printers Private Limited,SE-8782,GPPL/2182/26-27,2026-10-02,112,Take Away Packing Box - Small (1bundle = 50pc),15000,Pc,4.15,62250,0,62250
2026-10-02,Kolkata,Central Warehouse -Kolkata,Just Uniform,SE-8779,JU/00512/26-27,2026-10-02,294,Green T-Shirt,70,Pc,387,27090,0,27090
2026-10-02,Kolkata,Central Warehouse -Kolkata,M/S MAHAR,SE-8784,2026-27/354,2026-10-02,111,Glen Container With Lid - 100ml (1pkt = 50pc),2000,Pc,1.87,3740,0,3740
2026-10-02,Kolkata,Central Warehouse -Kolkata,M/S MAHAR,SE-8784,2026-27/354,2026-10-02,119,Glen Container With Lid - 250ml (1pkt = 50pc),15000,Pc,4.22,63300,0,63300
2026-10-02,Kolkata,Central Warehouse -Kolkata,M/S MAHAR,SE-8784,2026-27/354,2026-10-02,127,Glen Container With Lid - 500ml (1pkt = 50pc),5000,Pc,4.5,22500,0,22500
2026-10-02,Kolkata,Central Warehouse -Kolkata,M/S MAHAR,SE-8784,2026-27/354,2026-10-02,165,Glen Container With Lid - 750ml (1pkt = 50pc),1000,Pc,6.63,6630,0,6630
2026-10-02,Kolkata,Central Warehouse -Kolkata,M/S MAHAR,SE-8785,2026-27/356,2026-10-02,243,Cling Wrap,18,Pc,549.88,9897.84,0,9897.84
2026-10-02,Kolkata,Central Warehouse -Kolkata,M/S MAHAR,SE-8785,2026-27/356,2026-10-02,103,Glass Bottle 300ml W/Cap (1box = 48pc),1440,Pc,13.21,19022.4,0,19022.4
2026-10-02,Kolkata,Central Warehouse -Kolkata,M/S MAHAR,SE-8785,2026-27/356,2026-10-02,242,Silver Foil,75,Pc,354.12,26559,0,26559
2026-10-02,Kolkata,Central Warehouse -Kolkata,M/S MAHAR,SE-8786,2026-27/355,2026-10-02,93,Bio-Degradable Spoon (1pkt = 50pc),20000,Pc,1.3,26000,0,26000
2026-10-02,Kolkata,Central Warehouse -Kolkata,M/S MAHAR,SE-8786,2026-27/355,2026-10-02,110,Compartment Tray With Lid - 2CP (1pkt = 25pc),800,Pc,7.91,6328,0,6328
2026-10-02,Kolkata,Central Warehouse -Kolkata,M/S MAHAR,SE-8786,2026-27/355,2026-10-02,118,Compartment Tray With Lid - 5CP (1pkt = 25pc),1200,Pc,10.71,12852,0,12852
2026-10-02,Kolkata,Central Warehouse -Kolkata,R.C Enterprises,SE-8783,GSTIC262705684,2026-10-02,297,Amul IC BP Vanilla (5L) CF,500,Ltr,99,49500,0,49500
2026-10-02,Kolkata,Central Warehouse -Kolkata,R.C Enterprises,SE-8783,GSTIC262705684,2026-10-02,549,Mango Ice Cream,100,Ltr,119.63,11963,0,11963
2026-10-02,Kolkata,Central Warehouse -Kolkata,Radha Krishana Enterprise,SE-8770,1295,2026-10-02,237,Beans,3,Kg,75,225,0,225
2026-10-02,Kolkata,Central Warehouse -Kolkata,Radha Krishana Enterprise,SE-8770,1295,2026-10-02,107,Carrot,25.5,Kg,41,1045.5,0,1045.5
2026-10-02,Kolkata,Central Warehouse -Kolkata,Radha Krishana Enterprise,SE-8770,1295,2026-10-02,115,Coriander Leaves,6,Kg,100,600,0,600
2026-10-02,Kolkata,Central Warehouse -Kolkata,Radha Krishana Enterprise,SE-8770,1295,2026-10-02,123,Cucumber,2,Kg,25,50,0,50
2026-10-02,Kolkata,Central Warehouse -Kolkata,Radha Krishana Enterprise,SE-8770,1295,2026-10-02,131,Curry Leaves,1.3,Kg,72,93.6,0,93.6
2026-10-02,Kolkata,Central Warehouse -Kolkata,Radha Krishana Enterprise,SE-8770,1295,2026-10-02,149,Drumstick,3.9,Kg,90,351,0,351
2026-10-02,Kolkata,Central Warehouse -Kolkata,Radha Krishana Enterprise,SE-8770,1295,2026-10-02,100,Garlic,3.9,Kg,140,546,0,546
2026-10-02,Kolkata,Central Warehouse -Kolkata,Radha Krishana Enterprise,SE-8770,1295,2026-10-02,108,Ginger,14.8,Kg,132,1953.6,0,1953.6
2026-10-02,Kolkata,Central Warehouse -Kolkata,Radha Krishana Enterprise,SE-8770,1295,2026-10-02,99,Green Capsicum,3,Kg,67,201,0,201
2026-10-02,Kolkata,Central Warehouse -Kolkata,Radha Krishana Enterprise,SE-8770,1295,2026-10-02,124,Lime,400,Pc,3.5,1400,0,1400
2026-10-02,Kolkata,Central Warehouse -Kolkata,Radha Krishana Enterprise,SE-8770,1295,2026-10-02,451,Mint leaf,1,Kg,180,180,0,180
2026-10-02,Kolkata,Central Warehouse -Kolkata,Radha Krishana Enterprise,SE-8770,1295,2026-10-02,132,Onion,99.8,Kg,50,4990,0,4990
2026-10-02,Kolkata,Central Warehouse -Kolkata,Radha Krishana Enterprise,SE-8770,1295,2026-10-02,116,Raw Green Chili,11.9,Kg,75,892.5,0,892.5
2026-10-02,Kolkata,Central Warehouse -Kolkata,Radha Krishana Enterprise,SE-8770,1295,2026-10-02,279,Raw Lauki,63,Kg,25,1575,0,1575
2026-10-02,Kolkata,Central Warehouse -Kolkata,Radha Krishana Enterprise,SE-8770,1295,2026-10-02,133,Raw Mango,15,Kg,85,1275,0,1275
2026-10-02,Kolkata,Central Warehouse -Kolkata,Radha Krishana Enterprise,SE-8770,1295,2026-10-02,274,Raw Potato,248,Kg,18,4464,0,4464
2026-10-02,Kolkata,Central Warehouse -Kolkata,Radha Krishana Enterprise,SE-8770,1295,2026-10-02,141,Tomato,84,Kg,40,3360,0,3360
2026-10-02,Kolkata,Central Warehouse -Kolkata,Radha Krishana Enterprise,SE-8770,1295,2026-10-02,416,Watermelon,49.5,Kg,35,1732.5,0,1732.5
2026-10-02,Kolkata,Central Warehouse -Kolkata,SHREE GOPAL PAPER & PRINTERS,SE-8787,058/26-27,2026-10-02,404,Coconut Chutney Sticker (DIY),504,Pc,2.14,1078.56,0,1078.56
2026-10-02,Kolkata,Central Warehouse -Kolkata,SHREE GOPAL PAPER & PRINTERS,SE-8787,058/26-27,2026-10-02,402,Dosa Batter Sticker (DIY) Cap Cover,504,Pc,2.47,1244.88,0,1244.88
2026-10-02,Kolkata,Central Warehouse -Kolkata,SHREE GOPAL PAPER & PRINTERS,SE-8787,058/26-27,2026-10-02,405,Malkapodi Powder Sticker (DIY),108,Pc,1.03,111.24,0,111.24
2026-10-02,Kolkata,Central Warehouse -Kolkata,SHREE GOPAL PAPER & PRINTERS,SE-8787,058/26-27,2026-10-02,121,Paper Tray Mat (1pkt = 500pc),10000,Pc,0.95,9500,0,9500
2026-10-02,Kolkata,Central Warehouse -Kolkata,SHREE GOPAL PAPER & PRINTERS,SE-8787,058/26-27,2026-10-02,403,Potato Masala Sticker (DIY),504,Pc,2.14,1078.56,0,1078.56
2026-10-02,Kolkata,Central Warehouse -Kolkata,SHREE GOPAL PAPER & PRINTERS,SE-8787,058/26-27,2026-10-02,408,Round Bucket Back Sticker (DIY),504,Pc,2.47,1244.88,0,1244.88
2026-10-02,Kolkata,Central Warehouse -Kolkata,SHREE GOPAL PAPER & PRINTERS,SE-8787,058/26-27,2026-10-02,407,Round Bucket Dosa Batter Front Sticker (DIY),504,Pc,2.47,1244.88,0,1244.88
2026-10-02,Kolkata,Central Warehouse -Kolkata,SHREE GOPAL PAPER & PRINTERS,SE-8787,058/26-27,2026-10-02,406,Sambar Sticker (DIY) Cap Cover,504,Pc,2.47,1244.88,0,1244.88
2026-10-02,Kolkata,Central Warehouse -Kolkata,SHREE GOPAL PAPER & PRINTERS,SE-8787,058/26-27,2026-10-02,246,Sticker - Jain (1sheet=187pc),5049,Pc,0.15,757.35,0,757.35
2026-10-02,Kolkata,Central Warehouse -Kolkata,SHREE GOPAL PAPER & PRINTERS,SE-8787,058/26-27,2026-10-02,247,Sticker - MRD (1sheet=108pc),16848,Pc,0.13,2190.24,0,2190.24
2026-10-02,Kolkata,Central Warehouse -Kolkata,Tara Maa Dashakaram,SE-8781,528,2026-10-02,84,Banana Leaf Big (1bundle = 50pc),900,Pc,1.75,1575,0,1575
2026-10-02,Kolkata,Central Warehouse -Kolkata,Tara Maa Dashakaram,SE-8781,528,2026-10-02,84,Banana Leaf Big (1bundle = 50pc),500,Pc,2,1000,0,1000
2026-10-02,Kolkata,Central Warehouse -Kolkata,Tara Maa Dashakaram,SE-8781,528,2026-10-02,92,Banana Leaf Small (1bundle = 50pc),1600,Pc,1.25,2000,0,2000
2026-10-02,Kolkata,Central Warehouse -Kolkata,Zomato Hyperpure Kolkata,SE-8772,ZHPWB27-00123583,2026-10-02,14,Amul Butter,30,Kg,617.4,18522,0,18522
2026-10-02,Kolkata,Central Warehouse -Kolkata,Zomato Hyperpure Kolkata,SE-8773,ZBSWB27-00094890,2026-10-02,360,Full Cream Milk,10,Ltr,245,2450,0,2450
2026-10-02,Kolkata,Central Warehouse -Kolkata,Zomato Hyperpure Kolkata,SE-8774,ZHPWB27-00123661,2026-10-02,68,Amul Cheese,100,Kg,521,52100,0,52100
2026-10-02,Kolkata,Central Warehouse -Kolkata,Zomato Hyperpure Kolkata,SE-8774,ZHPWB27-00123661,2026-10-02,75,Ghee,90.5,Kg,823.2,74499.6,0,74499.6
2026-10-02,Kolkata,Central Warehouse -Kolkata,Zomato Hyperpure Kolkata,SE-8774,ZHPWB27-00123661,2026-10-02,491,Khoa,16,Kg,341.25,5460,0,5460
2026-10-02,Kolkata,Central Warehouse -Kolkata,Zomato Hyperpure Kolkata,SE-8775,ZBSWB27-00094858,2026-10-02,18,Idli Rice (Miniket),1040,Kg,51.75,53820,0,53820
2026-10-03,Kolkata,Central Warehouse -Kolkata,Aas Supply,SE-8792,773/A,2026-10-03,50,Raw Coconut,1500,Pc,37,55500,0,55500
2026-10-03,Kolkata,Central Warehouse -Kolkata,Adya Dairy,SE-8788,GS262707/60762,2026-10-03,91,Milk (Adya Dairy),24,Ltr,62,1488,0,1488
2026-10-03,Kolkata,Central Warehouse -Kolkata,Adya Dairy,SE-8788,GS262707/60762,2026-10-03,60,Paneer,6,Kg,299,1794,0,1794
2026-10-03,Kolkata,Central Warehouse -Kolkata,Adya Dairy,SE-8788,GS262707/60762,2026-10-03,235,Raw Curd,30,Kg,71.4,2142,0,2142
2026-10-03,Kolkata,Central Warehouse -Kolkata,Diamond Beverage,SE-8794,SIU1-2627-030587,2026-10-03,64,Kinley Soda 750ml Pet,240,Pc,16,3840,0,3840
2026-10-03,Kolkata,Central Warehouse -Kolkata,Diamond Beverage,SE-8794,SIU1-2627-030587,2026-10-03,88,Schweppes Water - 500ml,1200,Pc,21,25200,0,25200
2026-10-03,Kolkata,Central Warehouse -Kolkata,EECO PACK,SE-8795,2026-2027/079,2026-10-03,117,Coffee/Tea Flask - 250ml (1pkt = 25pc),3500,Pc,18.96,66360,0,66360
2026-10-03,Kolkata,Central Warehouse -Kolkata,Radha Krishana Enterprise,SE-8793,1296,2026-10-03,237,Beans,2,Kg,75,150,0,150
2026-10-03,Kolkata,Central Warehouse -Kolkata,Radha Krishana Enterprise,SE-8793,1296,2026-10-03,107,Carrot,27,Kg,41,1107,0,1107
2026-10-03,Kolkata,Central Warehouse -Kolkata,Radha Krishana Enterprise,SE-8793,1296,2026-10-03,115,Coriander Leaves,7.4,Kg,100,740,0,740
2026-10-03,Kolkata,Central Warehouse -Kolkata,Radha Krishana Enterprise,SE-8793,1296,2026-10-03,123,Cucumber,2.9,Kg,25,72.5,0,72.5
2026-10-03,Kolkata,Central Warehouse -Kolkata,Radha Krishana Enterprise,SE-8793,1296,2026-10-03,131,Curry Leaves,3.3,Kg,72,237.6,0,237.6
2026-10-03,Kolkata,Central Warehouse -Kolkata,Radha Krishana Enterprise,SE-8793,1296,2026-10-03,149,Drumstick,4.3,Kg,90,387,0,387
2026-10-03,Kolkata,Central Warehouse -Kolkata,Radha Krishana Enterprise,SE-8793,1296,2026-10-03,100,Garlic,7.5,Kg,140,1050,0,1050
2026-10-03,Kolkata,Central Warehouse -Kolkata,Radha Krishana Enterprise,SE-8793,1296,2026-10-03,108,Ginger,20.5,Kg,132,2706,0,2706
2026-10-03,Kolkata,Central Warehouse -Kolkata,Radha Krishana Enterprise,SE-8793,1296,2026-10-03,99,Green Capsicum,1,Kg,67,67,0,67
2026-10-03,Kolkata,Central Warehouse -Kolkata,Radha Krishana Enterprise,SE-8793,1296,2026-10-03,124,Lime,600,Pc,3.5,2100,0,2100
2026-10-03,Kolkata,Central Warehouse -Kolkata,Radha Krishana Enterprise,SE-8793,1296,2026-10-03,451,Mint leaf,1,Kg,180,180,0,180
2026-10-03,Kolkata,Central Warehouse -Kolkata,Radha Krishana Enterprise,SE-8793,1296,2026-10-03,132,Onion,102,Kg,50,5100,0,5100
2026-10-03,Kolkata,Central Warehouse -Kolkata,Radha Krishana Enterprise,SE-8793,1296,2026-10-03,116,Raw Green Chili,15,Kg,75,1125,0,1125
2026-10-03,Kolkata,Central Warehouse -Kolkata,Radha Krishana Enterprise,SE-8793,1296,2026-10-03,133,Raw Mango,10,Kg,85,850,0,850
2026-10-03,Kolkata,Central Warehouse -Kolkata,Radha Krishana Enterprise,SE-8793,1296,2026-10-03,274,Raw Potato,300.5,Kg,18,5409,0,5409
2026-10-03,Kolkata,Central Warehouse -Kolkata,Radha Krishana Enterprise,SE-8793,1296,2026-10-03,280,Raw Pumpkin,47,Kg,27,1269,0,1269
2026-10-03,Kolkata,Central Warehouse -Kolkata,Radha Krishana Enterprise,SE-8793,1296,2026-10-03,141,Tomato,70.5,Kg,40,2820,0,2820
2026-10-03,Kolkata,Central Warehouse -Kolkata,Radha Krishana Enterprise,SE-8793,1296,2026-10-03,416,Watermelon,44.4,Kg,35,1554,0,1554
2026-10-03,Kolkata,Central Warehouse -Kolkata,Tara Maa Dashakaram,SE-8791,1532,2026-10-03,84,Banana Leaf Big (1bundle = 50pc),800,Pc,1.75,1400,0,1400
2026-10-03,Kolkata,Central Warehouse -Kolkata,Tara Maa Dashakaram,SE-8791,1532,2026-10-03,84,Banana Leaf Big (1bundle = 50pc),600,Pc,2,1200,0,1200
2026-10-03,Kolkata,Central Warehouse -Kolkata,Tara Maa Dashakaram,SE-8791,1532,2026-10-03,92,Banana Leaf Small (1bundle = 50pc),1600,Pc,1.25,2000,0,2000
2026-10-03,Kolkata,Central Warehouse -Kolkata,Zomato Hyperpure Kolkata,SE-8789,ZHPWB27-00124223,2026-10-03,14,Amul Butter,30,Kg,617.4,18522,0,18522
2026-10-03,Kolkata,Central Warehouse -Kolkata,Zomato Hyperpure Kolkata,SE-8790,ZHPWB27-00124268,2026-10-03,75,Ghee,90.5,Kg,823.2,74499.6,0,74499.6
2026-10-04,Delhi,Central Warehouse - Delhi,DAHMI COMMODITIES LLP (POSTA),SE-8033,DCP/26-27/000616,2026-10-04,17,Govindho Bhog Rice,208,Kg,147,30576,0,30576
2026-10-04,Delhi,Central Warehouse - Delhi,DAHMI COMMODITIES LLP (POSTA),SE-8033,DCP/26-27/000616,2026-10-04,18,Idli Rice (Miniket),910,Kg,52,47320,0,47320
2026-10-04,Delhi,Central Warehouse - Delhi,Damji Pasu &Co,SE-8020,13900,2026-10-04,41,Idli Daal (Rajkot),1000,Kg,165,165000,0,165000
2026-10-04,Delhi,Central Warehouse - Delhi,Harsh Tarun Enterprises,SE-8019,GST/26-27/23054,2026-10-04,4,Cothas Coffee Powder,300,Kg,901.01,270303,0,270303
2026-10-04,Delhi,Central Warehouse - Delhi,Javed Dairy,SE-8035,3077,2026-10-04,91,Milk (Adya Dairy),6,Ltr,59,354,0,354
2026-10-04,Delhi,Central Warehouse - Delhi,Javed Dairy,SE-8035,3077,2026-10-04,60,Paneer,6,Kg,460,2760,0,2760
2026-10-04,Delhi,Central Warehouse - Delhi,Javed Dairy,SE-8035,3077,2026-10-04,235,Raw Curd,24,Kg,80,1920,0,1920
2026-10-04,Delhi,Central Warehouse - Delhi,Javed Dairy,SE-8036,3078,2026-10-04,91,Milk (Adya Dairy),18,Ltr,59,1062,0,1062
2026-10-04,Delhi,Central Warehouse - Delhi,Javed Dairy,SE-8036,3078,2026-10-04,235,Raw Curd,36,Kg,80,2880,0,2880
2026-10-04,Delhi,Central Warehouse - Delhi,Javed Dairy,SE-8037,3079,2026-10-04,91,Milk (Adya Dairy),6,Ltr,59,354,0,354
2026-10-04,Delhi,Central Warehouse - Delhi,Javed Dairy,SE-8037,3079,2026-10-04,235,Raw Curd,24,Kg,80,1920,0,1920
2026-10-04,Delhi,Central Warehouse - Delhi,Javed Dairy,SE-8038,3080,2026-10-04,91,Milk (Adya Dairy),30,Ltr,59,1770,0,1770
2026-10-04,Delhi,Central Warehouse - Delhi,Javed Dairy,SE-8038,3080,2026-10-04,60,Paneer,12,Kg,460,5520,0,5520
2026-10-04,Delhi,Central Warehouse - Delhi,Javed Dairy,SE-8038,3080,2026-10-04,235,Raw Curd,48,Kg,80,3840,0,3840
2026-10-04,Delhi,Central Warehouse - Delhi,MANDI FRESH,SE-8012,557,2026-10-04,237,Beans,1,Kg,48,48,0,48
2026-10-04,Delhi,Central Warehouse - Delhi,MANDI FRESH,SE-8012,557,2026-10-04,107,Carrot,52,Kg,32,1664,0,1664
2026-10-04,Delhi,Central Warehouse - Delhi,MANDI FRESH,SE-8012,557,2026-10-04,115,Coriander Leaves,30,Kg,150,4500,0,4500
2026-10-04,Delhi,Central Warehouse - Delhi,MANDI FRESH,SE-8012,557,2026-10-04,123,Cucumber,8,Kg,25,200,0,200
2026-10-04,Delhi,Central Warehouse - Delhi,MANDI FRESH,SE-8012,557,2026-10-04,131,Curry Leaves,8,Kg,37.5,300,0,300
2026-10-04,Delhi,Central Warehouse - Delhi,MANDI FRESH,SE-8012,557,2026-10-04,149,Drumstick,8,Kg,85,680,0,680
2026-10-04,Delhi,Central Warehouse - Delhi,MANDI FRESH,SE-8012,557,2026-10-04,100,Garlic,8,Kg,125,1000,0,1000
2026-10-04,Delhi,Central Warehouse - Delhi,MANDI FRESH,SE-8012,557,2026-10-04,108,Ginger,30,Kg,160,4800,0,4800
2026-10-04,Delhi,Central Warehouse - Delhi,MANDI FRESH,SE-8012,557,2026-10-04,99,Green Capsicum,8,Kg,48,384,0,384
2026-10-04,Delhi,Central Warehouse - Delhi,MANDI FRESH,SE-8012,557,2026-10-04,124,Lime,1000,Pc,2,2000,0,2000
2026-10-04,Delhi,Central Warehouse - Delhi,MANDI FRESH,SE-8012,557,2026-10-04,451,Mint leaf,1,Kg,70,70,0,70
2026-10-04,Delhi,Central Warehouse - Delhi,MANDI FRESH,SE-8012,557,2026-10-04,132,Onion,286,Kg,41,11726,0,11726
2026-10-04,Delhi,Central Warehouse - Delhi,MANDI FRESH,SE-8012,557,2026-10-04,116,Raw Green Chili,15,Kg,40,600,0,600
2026-10-04,Delhi,Central Warehouse - Delhi,MANDI FRESH,SE-8012,557,2026-10-04,279,Raw Lauki,43,Kg,23,989,0,989
2026-10-04,Delhi,Central Warehouse - Delhi,MANDI FRESH,SE-8012,557,2026-10-04,133,Raw Mango,15,Kg,150,2250,0,2250
2026-10-04,Delhi,Central Warehouse - Delhi,MANDI FRESH,SE-8012,557,2026-10-04,274,Raw Potato,341,Kg,25,8525,0,8525
2026-10-04,Delhi,Central Warehouse - Delhi,MANDI FRESH,SE-8012,557,2026-10-04,280,Raw Pumpkin,30,Kg,23,690,0,690
2026-10-04,Delhi,Central Warehouse - Delhi,MANDI FRESH,SE-8012,557,2026-10-04,141,Tomato,240,Kg,44,10560,0,10560
2026-10-04,Delhi,Central Warehouse - Delhi,MANDI FRESH,SE-8012,557,2026-10-04,416,Watermelon,90,Kg,40,3600,0,3600
2026-10-04,Delhi,Central Warehouse - Delhi,Shree Enterprise,SE-8034,SEA/26-27/01562,2026-10-04,111,Glen Container With Lid - 100ml (1pkt = 50pc),60000,Pc,2.1,126000,0,126000
2026-10-04,Delhi,Central Warehouse - Delhi,Shree Enterprise,SE-8034,SEA/26-27/01562,2026-10-04,119,Glen Container With Lid - 250ml (1pkt = 50pc),65000,Pc,4.74,308100,0,308100
2026-10-04,Delhi,Central Warehouse - Delhi,Shree Enterprise,SE-8034,SEA/26-27/01562,2026-10-04,127,Glen Container With Lid - 500ml (1pkt = 50pc),15000,Pc,5.04,75600,0,75600
2026-10-04,Delhi,Central Warehouse - Delhi,Shree Enterprise,SE-8034,SEA/26-27/01562,2026-10-04,113,Paper Straw (1pkt = 100pc),12000,Pc,0.45,5400,0,5400
2026-10-04,Delhi,Central Warehouse - Delhi,Shyam Vegetable,SE-8013,1751,2026-10-04,50,Raw Coconut,400,Pc,48,19200,0,19200
2026-10-04,Delhi,Central Warehouse - Delhi,Shyam Vegetable,SE-8014,1753,2026-10-04,275,Whole Coriander (Gota Dhaniya),60,Kg,250,15000,0,15000
2026-10-04,Delhi,Central Warehouse - Delhi,Shyam Vegetable,SE-8015,1754,2026-10-04,50,Raw Coconut,200,Pc,48,9600,0,9600
2026-10-04,Delhi,Central Warehouse - Delhi,Shyam Vegetable,SE-8016,1755,2026-10-04,50,Raw Coconut,200,Pc,48,9600,0,9600
2026-10-04,Delhi,Central Warehouse - Delhi,Shyam Vegetable,SE-8017,1756,2026-10-04,50,Raw Coconut,200,Pc,48,9600,0,9600
2026-10-04,Delhi,Central Warehouse - Delhi,Shyam Vegetable,SE-8018,1757,2026-10-04,50,Raw Coconut,200,Pc,48,9600,0,9600
2026-10-04,Delhi,Central Warehouse - Delhi,South Indian Pan Shop,SE-8021,2026-27/13911,2026-10-04,30,Appalam Papad (1pkt = 47pc),2820,Pc,3.96,11167.2,0,11167.2
2026-10-04,Delhi,Central Warehouse - Delhi,South Indian Pan Shop,SE-8021,2026-27/13911,2026-10-04,84,Banana Leaf Big (1bundle = 50pc),4000,Pc,2.3,9200,0,9200
2026-10-04,Delhi,Central Warehouse - Delhi,South Indian Pan Shop,SE-8021,2026-27/13911,2026-10-04,92,Banana Leaf Small (1bundle = 50pc),1300,Pc,1.3,1690,0,1690
2026-10-04,Delhi,Central Warehouse - Delhi,South Indian Pan Shop,SE-8021,2026-27/13911,2026-10-04,33,Heeng Powder,4000,gm,1.7,6800,0,6800
2026-10-04,Delhi,Central Warehouse - Delhi,South Indian Pan Shop,SE-8021,2026-27/13911,2026-10-04,26,Jaggery,60,Kg,95,5700,0,5700
2026-10-04,Delhi,Central Warehouse - Delhi,South Indian Pan Shop,SE-8021,2026-27/13911,2026-10-04,62,Whole Heeng,4000,gm,1.7,6800,0,6800
2026-10-04,Delhi,Central Warehouse - Delhi,Zomato Hyperpure Delhi,SE-8022,ZBSDL27-00161715,2026-10-04,76,Milk - Tetra 1Ltr,120,Ltr,79,9480,0,9480
2026-10-04,Delhi,Central Warehouse - Delhi,Zomato Hyperpure Delhi,SE-8023,ZBSDL27-00161714,2026-10-04,15,Black Salt,10000,gm,0.08,800,0,800
2026-10-04,Delhi,Central Warehouse - Delhi,Zomato Hyperpure Delhi,SE-8023,ZBSDL27-00161714,2026-10-04,7,Black Urad Daal,30,Kg,150.6,4518,0,4518
2026-10-04,Delhi,Central Warehouse - Delhi,Zomato Hyperpure Delhi,SE-8023,ZBSDL27-00161714,2026-10-04,76,Milk - Tetra 1Ltr,120,Ltr,79,9480,0,9480
2026-10-04,Delhi,Central Warehouse - Delhi,Zomato Hyperpure Delhi,SE-8023,ZBSDL27-00161714,2026-10-04,536,Rock Salt,10,Kg,64,640,0,640
2026-10-04,Delhi,Central Warehouse - Delhi,Zomato Hyperpure Delhi,SE-8024,ZHPDL27-00204679,2026-10-04,75,Ghee,21.72,Kg,835.4,18144.89,0,18144.89
2026-10-04,Delhi,Central Warehouse - Delhi,Zomato Hyperpure Delhi,SE-8024,ZHPDL27-00204679,2026-10-04,,Scrubber - Scotch Brite,100,Pc,28.02,2802,0,2802
2026-10-04,Delhi,Central Warehouse - Delhi,Zomato Hyperpure Delhi,SE-8024,ZHPDL27-00204679,2026-10-04,160,Sponge Wipe,20,Pkt,186.46,3729.2,0,3729.2
2026-10-04,Delhi,Central Warehouse - Delhi,Zomato Hyperpure Delhi,SE-8024,ZHPDL27-00204679,2026-10-04,391,White Butter,12,Kg,659.34,7912.08,0,7912.08
2026-10-04,Delhi,Central Warehouse - Delhi,Zomato Hyperpure Delhi,SE-8025,ZHPDL27-00204678,2026-10-04,68,Amul Cheese,10,Kg,520.94,5209.4,0,5209.4
2026-10-04,Delhi,Central Warehouse - Delhi,Zomato Hyperpure Delhi,SE-8025,ZHPDL27-00204678,2026-10-04,368,Besan,8,Kg,109.2,873.6,0,873.6
2026-10-04,Delhi,Central Warehouse - Delhi,Zomato Hyperpure Delhi,SE-8025,ZHPDL27-00204678,2026-10-04,39,Cashew,16,Kg,937.65,15002.4,0,15002.4
2026-10-04,Delhi,Central Warehouse - Delhi,Zomato Hyperpure Delhi,SE-8025,ZHPDL27-00204678,2026-10-04,153,Check Cloth,60,Pc,7.44,446.4,0,446.4
2026-10-04,Delhi,Central Warehouse - Delhi,Zomato Hyperpure Delhi,SE-8025,ZHPDL27-00204678,2026-10-04,243,Cling Wrap,12,Pc,273.8,3285.6,0,3285.6
2026-10-04,Delhi,Central Warehouse - Delhi,Zomato Hyperpure Delhi,SE-8025,ZHPDL27-00204678,2026-10-04,110,Compartment Tray With Lid - 2CP (1pkt = 25pc),800,Pc,8.13,6504,0,6504
2026-10-04,Delhi,Central Warehouse - Delhi,Zomato Hyperpure Delhi,SE-8025,ZHPDL27-00204678,2026-10-04,118,Compartment Tray With Lid - 5CP (1pkt = 25pc),600,Pc,13.07,7842,0,7842
2026-10-04,Delhi,Central Warehouse - Delhi,Zomato Hyperpure Delhi,SE-8025,ZHPDL27-00204678,2026-10-04,145,Dosa Duster,96,Pc,16.27,1561.92,0,1561.92
2026-10-04,Delhi,Central Warehouse - Delhi,Zomato Hyperpure Delhi,SE-8025,ZHPDL27-00204678,2026-10-04,40,Dry Red Chili,10000,gm,0.37,3716,0,3716
2026-10-04,Delhi,Central Warehouse - Delhi,Zomato Hyperpure Delhi,SE-8025,ZHPDL27-00204678,2026-10-04,75,Ghee,21.72,Kg,835.4,18144.89,0,18144.89
2026-10-04,Delhi,Central Warehouse - Delhi,Zomato Hyperpure Delhi,SE-8025,ZHPDL27-00204678,2026-10-04,361,kitchen Paper Roll,10,Piece,295,2950,0,2950
2026-10-04,Delhi,Central Warehouse - Delhi,Zomato Hyperpure Delhi,SE-8025,ZHPDL27-00204678,2026-10-04,304,M Fold tissue,120,Pkt,32.51,3901.2,0,3901.2
2026-10-04,Delhi,Central Warehouse - Delhi,Zomato Hyperpure Delhi,SE-8025,ZHPDL27-00204678,2026-10-04,547,Mango Crush -750ml,15,Ltr,193.2,2898,0,2898
2026-10-04,Delhi,Central Warehouse - Delhi,Zomato Hyperpure Delhi,SE-8025,ZHPDL27-00204678,2026-10-04,13,Milk Powder,10,Kg,593.2,5932,0,5932
2026-10-04,Delhi,Central Warehouse - Delhi,Zomato Hyperpure Delhi,SE-8025,ZHPDL27-00204678,2026-10-04,27,Mustard Seed,10000,gm,0.14,1375,0,1375
2026-10-04,Delhi,Central Warehouse - Delhi,Zomato Hyperpure Delhi,SE-8025,ZHPDL27-00204678,2026-10-04,10,Nuttella (350gm),9,Kg,949,8541,0,8541
2026-10-04,Delhi,Central Warehouse - Delhi,Zomato Hyperpure Delhi,SE-8025,ZHPDL27-00204678,2026-10-04,3,Oreo Buiscuits,72,Pkt,9.19,661.68,0,661.68
2026-10-04,Delhi,Central Warehouse - Delhi,Zomato Hyperpure Delhi,SE-8025,ZHPDL27-00204678,2026-10-04,535,Poha,10,Kg,90.32,903.2,0,903.2
2026-10-04,Delhi,Central Warehouse - Delhi,Zomato Hyperpure Delhi,SE-8025,ZHPDL27-00204678,2026-10-04,28,Raw Peanut,6,Kg,249,1494,0,1494
2026-10-04,Delhi,Central Warehouse - Delhi,Zomato Hyperpure Delhi,SE-8025,ZHPDL27-00204678,2026-10-04,265,Room Freshner,20,Pc,85,1700,0,1700
2026-10-04,Delhi,Central Warehouse - Delhi,Zomato Hyperpure Delhi,SE-8025,ZHPDL27-00204678,2026-10-04,353,Sabudana,6,Kg,109.2,655.2,0,655.2
2026-10-04,Delhi,Central Warehouse - Delhi,Zomato Hyperpure Delhi,SE-8025,ZHPDL27-00204678,2026-10-04,312,Sounf,12,Kg,374.9,4498.8,0,4498.8
2026-10-04,Delhi,Central Warehouse - Delhi,Zomato Hyperpure Delhi,SE-8025,ZHPDL27-00204678,2026-10-04,548,Strawberry Crush - 750ml,10,Ltr,207.9,2079,0,2079
2026-10-04,Delhi,Central Warehouse - Delhi,Zomato Hyperpure Delhi,SE-8025,ZHPDL27-00204678,2026-10-04,43,Sunflower Refined Oil ( 1pkt = 868 Ml ),173.6,Ltr,220.34,38251.02,0,38251.02
2026-10-04,Delhi,Central Warehouse - Delhi,Zomato Hyperpure Delhi,SE-8025,ZHPDL27-00204678,2026-10-04,11,Tea Leaf,15,Kg,201.6,3024,0,3024
2026-10-04,Delhi,Central Warehouse - Delhi,Zomato Hyperpure Delhi,SE-8025,ZHPDL27-00204678,2026-10-04,61,Tej Patta,200,gm,0.22,44,0,44
2026-10-04,Delhi,Central Warehouse - Delhi,Zomato Hyperpure Delhi,SE-8025,ZHPDL27-00204678,2026-10-04,303,Toilet Paper Roll Round,60,Pc,21.82,1309.2,0,1309.2
2026-10-04,Delhi,Central Warehouse - Delhi,Zomato Hyperpure Delhi,SE-8025,ZHPDL27-00204678,2026-10-04,25,Turmeric Powder,10000,gm,0.36,3603,0,3603
2026-10-04,Delhi,Central Warehouse - Delhi,Zomato Hyperpure Delhi,SE-8025,ZHPDL27-00204678,2026-10-04,391,White Butter,30,Kg,627.9,18837,0,18837
2026-10-04,Delhi,Central Warehouse - Delhi,Zomato Hyperpure Delhi,SE-8025,ZHPDL27-00204678,2026-10-04,69,White Til,10,Kg,219.4,2194,0,2194
2026-10-04,Delhi,Central Warehouse - Delhi,Zomato Hyperpure Delhi,SE-8025,ZHPDL27-00204678,2026-10-04,77,Whole Black Pepper,3,Kg,958.5,2875.5,0,2875.5
2026-10-04,Delhi,Central Warehouse - Delhi,Zomato Hyperpure Delhi,SE-8025,ZHPDL27-00204678,2026-10-04,32,Whole Cumin,10,Kg,308.7,3087,0,3087
2026-10-04,Delhi,Central Warehouse - Delhi,Zomato Hyperpure Delhi,SE-8025,ZHPDL27-00204678,2026-10-04,70,Whole Methi,10000,gm,0.12,1218,0,1218
2026-10-04,Delhi,Central Warehouse - Delhi,Zomato Hyperpure Delhi,SE-8026,ZBSDL27-00162699,2026-10-04,76,Milk - Tetra 1Ltr,120,Ltr,79,9480,0,9480
2026-10-04,Delhi,Central Warehouse - Delhi,Zomato Hyperpure Delhi,SE-8027,ZHPDL27-00205972,2026-10-04,269,Hairnet (Comfort Cap 1pkt=100 pc),3000,Pc,1.26,3780,0,3780
2026-10-04,Delhi,Central Warehouse - Delhi,Zomato Hyperpure Delhi,SE-8027,ZHPDL27-00205972,2026-10-04,491,Khoa,7,Kg,346.4,2424.8,0,2424.8
2026-10-04,Delhi,Central Warehouse - Delhi,Zomato Hyperpure Delhi,SE-8027,ZHPDL27-00205972,2026-10-04,238,Rubber Hand Gloves (1pkt=100pc),1000,Pc,4.26,4260,0,4260
2026-10-04,Delhi,Central Warehouse - Delhi,Zomato Hyperpure Delhi,SE-8027,ZHPDL27-00205972,2026-10-04,242,Silver Foil,10,Pc,414.2,4142,0,4142
2026-10-04,Delhi,Central Warehouse - Delhi,Zomato Hyperpure Delhi,SE-8028,ZHPDL27-00205971,2026-10-04,14,Amul Butter,7.5,Kg,592.4,4443,0,4443
2026-10-04,Delhi,Central Warehouse - Delhi,Zomato Hyperpure Delhi,SE-8028,ZHPDL27-00205971,2026-10-04,68,Amul Cheese,5,Kg,520.94,2604.7,0,2604.7
2026-10-04,Delhi,Central Warehouse - Delhi,Zomato Hyperpure Delhi,SE-8028,ZHPDL27-00205971,2026-10-04,93,Bio-Degradable Spoon (1pkt = 50pc),10000,Pc,0.71,7100,0,7100
2026-10-04,Delhi,Central Warehouse - Delhi,Zomato Hyperpure Delhi,SE-8028,ZHPDL27-00205971,2026-10-04,34,Kashmiri Chili Powder,20000,gm,1.05,21000,0,21000
2026-10-04,Delhi,Central Warehouse - Delhi,Zomato Hyperpure Delhi,SE-8028,ZHPDL27-00205971,2026-10-04,9,Raisin,2,Kg,642.5,1285,0,1285
2026-10-04,Delhi,Central Warehouse - Delhi,Zomato Hyperpure Delhi,SE-8028,ZHPDL27-00205971,2026-10-04,53,Sugar,100,Kg,66.57,6657,0,6657
2026-10-04,Delhi,Central Warehouse - Delhi,Zomato Hyperpure Delhi,SE-8028,ZHPDL27-00205971,2026-10-04,43,Sunflower Refined Oil ( 1pkt = 868 Ml ),156.24,Ltr,220.34,34425.92,0,34425.92
2026-10-04,Delhi,Central Warehouse - Delhi,Zomato Hyperpure Delhi,SE-8028,ZHPDL27-00205971,2026-10-04,391,White Butter,20,Kg,659.4,13188,0,13188
2026-10-04,Delhi,Central Warehouse - Delhi,Zomato Hyperpure Delhi,SE-8028,ZHPDL27-00205971,2026-10-04,114,Wooden Stirrer (1pkt = 100pc),7500,Pc,0.11,825,0,825
2026-10-04,Delhi,Central Warehouse - Delhi,Zomato Hyperpure Delhi,SE-8029,ZBSDL27-00163125,2026-10-04,46,Chana Daal,25,Kg,98.6,2465,0,2465
2026-10-04,Delhi,Central Warehouse - Delhi,Zomato Hyperpure Delhi,SE-8030,ZHPDL27-00206543,2026-10-04,311,Mishri (sweets),4.25,Kg,126,535.5,0,535.5
2026-10-04,Delhi,Central Warehouse - Delhi,Zomato Hyperpure Delhi,SE-8030,ZHPDL27-00206543,2026-10-04,86,Yeast,1000,gm,0.37,365.4,0,365.4
2026-10-04,Delhi,Central Warehouse - Delhi,Zomato Hyperpure Delhi,SE-8031,ZBSDL27-00163161,2026-10-04,76,Milk - Tetra 1Ltr,120,Ltr,79,9480,0,9480
2026-10-04,Delhi,Central Warehouse - Delhi,Zomato Hyperpure Delhi,SE-8031,ZBSDL27-00163161,2026-10-04,20,Raw Imli,10,Kg,179,1790,0,1790
2026-10-04,Delhi,Central Warehouse - Delhi,Zomato Hyperpure Delhi,SE-8032,ZHPDL27-00206591,2026-10-04,243,Cling Wrap,10,Pc,273.5,2735,0,2735
2026-10-04,Delhi,Central Warehouse - Delhi,Zomato Hyperpure Delhi,SE-8032,ZHPDL27-00206591,2026-10-04,75,Ghee,36.2,Kg,881.78,31920.44,0,31920.44
2026-10-04,Delhi,Central Warehouse - Delhi,Zomato Hyperpure Delhi,SE-8032,ZHPDL27-00206591,2026-10-04,469,Hershey's Chocolate Syrup 623 Ml,3,Ltr,337.8,1013.4,0,1013.4
2026-10-04,Delhi,Central Warehouse - Delhi,Zomato Hyperpure Delhi,SE-8032,ZHPDL27-00206591,2026-10-04,391,White Butter,20,Kg,659.4,13188,0,13188
2026-10-04,Delhi,Central Warehouse - Delhi,Zomato Hyperpure Delhi,SE-8032,ZHPDL27-00206591,2026-10-04,31,White Sugar Sachet (1pkt = 200pc),6000,Pc,0.73,4380,0,4380
2026-10-04,Kolkata,Central Warehouse -Kolkata,ASR Enterprise,SE-8798,7788,2026-10-04,62,Whole Heeng,12000,gm,1.65,19800,0,19800
2026-10-04,Kolkata,Central Warehouse -Kolkata,ASR Enterprise,SE-8799,7789,2026-10-04,30,Appalam Papad (1pkt = 47pc),1175,Pc,3.83,4500.25,0,4500.25
2026-10-04,Kolkata,Central Warehouse -Kolkata,Adya Dairy,SE-8796,GS262707/61188,2026-10-04,91,Milk (Adya Dairy),22,Ltr,62,1364,0,1364
2026-10-04,Kolkata,Central Warehouse -Kolkata,Adya Dairy,SE-8796,GS262707/61188,2026-10-04,60,Paneer,9,Kg,299,2691,0,2691
2026-10-04,Kolkata,Central Warehouse -Kolkata,Adya Dairy,SE-8796,GS262707/61188,2026-10-04,235,Raw Curd,50,Kg,71.4,3570,0,3570
2026-10-04,Kolkata,Central Warehouse -Kolkata,BAGRODIA SUPERMARKETS PVT LTD,SE-8803,BS/26-27/026011,2026-10-04,13,Milk Powder,5,Kg,446.2,2231,0,2231
2026-10-04,Kolkata,Central Warehouse -Kolkata,BAGRODIA SUPERMARKETS PVT LTD,SE-8804,BS/26-27/025729,2026-10-04,51,Rice Powder,30,Kg,79.8,2394,0,2394
2026-10-04,Kolkata,Central Warehouse -Kolkata,Bio Box India,SE-8802,INV-008217,2026-10-04,430,"Areca 10"" Plate",1200,Pc,6,7200,0,7200
2026-10-04,Kolkata,Central Warehouse -Kolkata,Bio Box India,SE-8802,INV-008217,2026-10-04,466,"Areca 7"" Plate",500,Pc,3.75,1875,0,1875
2026-10-04,Kolkata,Central Warehouse -Kolkata,Cash Purchase,SE-8800,041026,2026-10-04,3,Oreo Buiscuits,120,Pkt,10,1200,0,1200
2026-10-04,Kolkata,Central Warehouse -Kolkata,Cash Purchase,SE-8800,041026,2026-10-04,51,Rice Powder,30,Kg,100,3000,0,3000
2026-10-04,Kolkata,Central Warehouse -Kolkata,Cash Purchase,SE-8800,041026,2026-10-04,51,Rice Powder,10,Kg,55,550,0,550
2026-10-04,Kolkata,Central Warehouse -Kolkata,Radha Krishana Enterprise,SE-8797,1494,2026-10-04,122,Amada,2.5,Kg,70,175,0,175
2026-10-04,Kolkata,Central Warehouse -Kolkata,Radha Krishana Enterprise,SE-8797,1494,2026-10-04,237,Beans,5,Kg,75,375,0,375
2026-10-04,Kolkata,Central Warehouse -Kolkata,Radha Krishana Enterprise,SE-8797,1494,2026-10-04,107,Carrot,25.5,Kg,41,1045.5,0,1045.5
2026-10-04,Kolkata,Central Warehouse -Kolkata,Radha Krishana Enterprise,SE-8797,1494,2026-10-04,115,Coriander Leaves,5.5,Kg,100,550,0,550
2026-10-04,Kolkata,Central Warehouse -Kolkata,Radha Krishana Enterprise,SE-8797,1494,2026-10-04,123,Cucumber,2,Kg,25,50,0,50
2026-10-04,Kolkata,Central Warehouse -Kolkata,Radha Krishana Enterprise,SE-8797,1494,2026-10-04,131,Curry Leaves,2.5,Kg,72,180,0,180
2026-10-04,Kolkata,Central Warehouse -Kolkata,Radha Krishana Enterprise,SE-8797,1494,2026-10-04,149,Drumstick,5,Kg,90,450,0,450
2026-10-04,Kolkata,Central Warehouse -Kolkata,Radha Krishana Enterprise,SE-8797,1494,2026-10-04,100,Garlic,5,Kg,140,700,0,700
2026-10-04,Kolkata,Central Warehouse -Kolkata,Radha Krishana Enterprise,SE-8797,1494,2026-10-04,108,Ginger,15,Kg,132,1980,0,1980
2026-10-04,Kolkata,Central Warehouse -Kolkata,Radha Krishana Enterprise,SE-8797,1494,2026-10-04,124,Lime,500,Pc,3.5,1750,0,1750
2026-10-04,Kolkata,Central Warehouse -Kolkata,Radha Krishana Enterprise,SE-8797,1494,2026-10-04,451,Mint leaf,1,Kg,180,180,0,180
2026-10-04,Kolkata,Central Warehouse -Kolkata,Radha Krishana Enterprise,SE-8797,1494,2026-10-04,132,Onion,102,Kg,50,5100,0,5100
2026-10-04,Kolkata,Central Warehouse -Kolkata,Radha Krishana Enterprise,SE-8797,1494,2026-10-04,116,Raw Green Chili,12,Kg,75,900,0,900
2026-10-04,Kolkata,Central Warehouse -Kolkata,Radha Krishana Enterprise,SE-8797,1494,2026-10-04,274,Raw Potato,245.5,Kg,18,4419,0,4419
2026-10-04,Kolkata,Central Warehouse -Kolkata,Radha Krishana Enterprise,SE-8797,1494,2026-10-04,280,Raw Pumpkin,51,Kg,27,1377,0,1377
2026-10-04,Kolkata,Central Warehouse -Kolkata,Radha Krishana Enterprise,SE-8797,1494,2026-10-04,141,Tomato,68.7,Kg,40,2748,0,2748
2026-10-04,Kolkata,Central Warehouse -Kolkata,Radha Krishana Enterprise,SE-8797,1494,2026-10-04,416,Watermelon,40,Kg,35,1400,0,1400
2026-10-04,Kolkata,Central Warehouse -Kolkata,Tara Maa Dashakaram,SE-8801,538,2026-10-04,84,Banana Leaf Big (1bundle = 50pc),1000,Pc,2,2000,0,2000
2026-10-04,Kolkata,Central Warehouse -Kolkata,Tara Maa Dashakaram,SE-8801,538,2026-10-04,92,Banana Leaf Small (1bundle = 50pc),1600,Pc,1.25,2000,0,2000
2026-10-05,Delhi,Central Warehouse - Delhi,Cash Purchase,SE-8039,011026,2026-10-05,91,Milk (Adya Dairy),3,Ltr,60,180,0,180
2026-10-05,Delhi,Central Warehouse - Delhi,Cash Purchase,SE-8040,021026,2026-10-05,362,Zip Pouch,15,Pkt,120,1800,0,1800
2026-10-05,Delhi,Central Warehouse - Delhi,Cash Purchase,SE-8041,517,2026-10-05,518,Castor Sugar,2,Kg,145,290,0,290
2026-10-05,Delhi,Central Warehouse - Delhi,Cash Purchase,SE-8041,517,2026-10-05,20,Raw Imli,10,Kg,175,1750,0,1750
2026-10-05,Delhi,Central Warehouse - Delhi,Cash Purchase,SE-8042,12645,2026-10-05,11,Tea Leaf,0.25,Kg,740,185,0,185
2026-10-05,Delhi,Central Warehouse - Delhi,Cash Purchase,SE-8042,12645,2026-10-05,69,White Til,0.5,Kg,460,230,0,230
2026-10-05,Delhi,Central Warehouse - Delhi,Cash Purchase,SE-8043,051026,2026-10-05,161,Idli Cloth (Markin Cloth),48,Pc,47.5,2280,0,2280
2026-10-05,Delhi,Central Warehouse - Delhi,Javed Dairy,SE-8044,3081,2026-10-05,91,Milk (Adya Dairy),30,Ltr,59,1770,0,1770
2026-10-05,Delhi,Central Warehouse - Delhi,Javed Dairy,SE-8044,3081,2026-10-05,235,Raw Curd,36,Kg,80,2880,0,2880
2026-10-05,Delhi,Central Warehouse - Delhi,M/S Distributionmasters Traders LLP,SE-8045,2627DMT09122,2026-10-05,297,Amul IC BP Vanilla (5L) CF,240,Ltr,100,24000,0,24000
2026-10-05,Delhi,Central Warehouse - Delhi,M/S Distributionmasters Traders LLP,SE-8045,2627DMT09122,2026-10-05,76,Milk - Tetra 1Ltr,60,Ltr,83,4980,0,4980
2026-10-05,Delhi,Central Warehouse - Delhi,MANDI FRESH,SE-8046,563,2026-10-05,107,Carrot,34.4,Kg,32,1100.8,0,1100.8
2026-10-05,Delhi,Central Warehouse - Delhi,MANDI FRESH,SE-8046,563,2026-10-05,115,Coriander Leaves,20,Kg,150,3000,0,3000
2026-10-05,Delhi,Central Warehouse - Delhi,MANDI FRESH,SE-8046,563,2026-10-05,123,Cucumber,2,Kg,25,50,0,50
2026-10-05,Delhi,Central Warehouse - Delhi,MANDI FRESH,SE-8046,563,2026-10-05,131,Curry Leaves,4,Kg,37.5,150,0,150
2026-10-05,Delhi,Central Warehouse - Delhi,MANDI FRESH,SE-8046,563,2026-10-05,149,Drumstick,4,Kg,85,340,0,340
2026-10-05,Delhi,Central Warehouse - Delhi,MANDI FRESH,SE-8046,563,2026-10-05,100,Garlic,10,Kg,125,1250,0,1250
2026-10-05,Delhi,Central Warehouse - Delhi,MANDI FRESH,SE-8046,563,2026-10-05,108,Ginger,15,Kg,160,2400,0,2400
2026-10-05,Delhi,Central Warehouse - Delhi,MANDI FRESH,SE-8046,563,2026-10-05,99,Green Capsicum,4,Kg,48,192,0,192
2026-10-05,Delhi,Central Warehouse - Delhi,MANDI FRESH,SE-8046,563,2026-10-05,124,Lime,750,Pc,3.2,2400,0,2400
2026-10-05,Delhi,Central Warehouse - Delhi,MANDI FRESH,SE-8046,563,2026-10-05,451,Mint leaf,1.7,Kg,70,119,0,119
2026-10-05,Delhi,Central Warehouse - Delhi,MANDI FRESH,SE-8046,563,2026-10-05,132,Onion,142,Kg,40,5680,0,5680
2026-10-05,Delhi,Central Warehouse - Delhi,MANDI FRESH,SE-8046,563,2026-10-05,116,Raw Green Chili,10,Kg,40,400,0,400
2026-10-05,Delhi,Central Warehouse - Delhi,MANDI FRESH,SE-8046,563,2026-10-05,279,Raw Lauki,25.8,Kg,23,593.4,0,593.4
2026-10-05,Delhi,Central Warehouse - Delhi,MANDI FRESH,SE-8046,563,2026-10-05,133,Raw Mango,10,Kg,150,1500,0,1500
2026-10-05,Delhi,Central Warehouse - Delhi,MANDI FRESH,SE-8046,563,2026-10-05,274,Raw Potato,44,Kg,25,1100,0,1100
2026-10-05,Delhi,Central Warehouse - Delhi,MANDI FRESH,SE-8046,563,2026-10-05,280,Raw Pumpkin,17,Kg,23,391,0,391
2026-10-05,Delhi,Central Warehouse - Delhi,MANDI FRESH,SE-8046,563,2026-10-05,141,Tomato,99,Kg,44,4356,0,4356
2026-10-05,Delhi,Central Warehouse - Delhi,MANDI FRESH,SE-8046,563,2026-10-05,416,Watermelon,40,Kg,40,1600,0,1600
2026-10-05,Kolkata,Central Warehouse -Kolkata,Aas Supply,SE-8805,775A,2026-10-05,50,Raw Coconut,1300,Pc,37,48100,0,48100
2026-10-05,Kolkata,Central Warehouse -Kolkata,Adya Dairy,SE-8806,GS262707/61581,2026-10-05,91,Milk (Adya Dairy),25,Ltr,62,1550,0,1550
2026-10-05,Kolkata,Central Warehouse -Kolkata,Adya Dairy,SE-8806,GS262707/61581,2026-10-05,60,Paneer,7,Kg,299,2093,0,2093
2026-10-05,Kolkata,Central Warehouse -Kolkata,Adya Dairy,SE-8806,GS262707/61581,2026-10-05,235,Raw Curd,50,Kg,71.4,3570,0,3570
2026-10-05,Kolkata,Central Warehouse -Kolkata,CONTINENTAL FOOD,SE-8809,CF26-27/0439,2026-10-05,27,Mustard Seed,13,Kg,192.38,2500.94,0,2500.94
2026-10-05,Kolkata,Central Warehouse -Kolkata,M/S Sanjay Patodia,SE-8807,PFF/26-27/005047,2026-10-05,391,White Butter,120,Kg,674.1,80892,0,80892
2026-10-05,Kolkata,Central Warehouse -Kolkata,Radha Krishana Enterprise,SE-8808,1292,2026-10-05,107,Carrot,21.5,Kg,41,881.5,0,881.5
2026-10-05,Kolkata,Central Warehouse -Kolkata,Radha Krishana Enterprise,SE-8808,1292,2026-10-05,115,Coriander Leaves,8.3,Kg,100,830,0,830
2026-10-05,Kolkata,Central Warehouse -Kolkata,Radha Krishana Enterprise,SE-8808,1292,2026-10-05,123,Cucumber,1,Kg,25,25,0,25
2026-10-05,Kolkata,Central Warehouse -Kolkata,Radha Krishana Enterprise,SE-8808,1292,2026-10-05,131,Curry Leaves,2.8,Kg,72,201.6,0,201.6
2026-10-05,Kolkata,Central Warehouse -Kolkata,Radha Krishana Enterprise,SE-8808,1292,2026-10-05,149,Drumstick,2.9,Kg,90,261,0,261
2026-10-05,Kolkata,Central Warehouse -Kolkata,Radha Krishana Enterprise,SE-8808,1292,2026-10-05,100,Garlic,1,Kg,140,140,0,140
2026-10-05,Kolkata,Central Warehouse -Kolkata,Radha Krishana Enterprise,SE-8808,1292,2026-10-05,108,Ginger,13.5,Kg,132,1782,0,1782
2026-10-05,Kolkata,Central Warehouse -Kolkata,Radha Krishana Enterprise,SE-8808,1292,2026-10-05,99,Green Capsicum,1,Kg,67,67,0,67
2026-10-05,Kolkata,Central Warehouse -Kolkata,Radha Krishana Enterprise,SE-8808,1292,2026-10-05,124,Lime,400,Pc,3.5,1400,0,1400
2026-10-05,Kolkata,Central Warehouse -Kolkata,Radha Krishana Enterprise,SE-8808,1292,2026-10-05,132,Onion,75,Kg,50,3750,0,3750
2026-10-05,Kolkata,Central Warehouse -Kolkata,Radha Krishana Enterprise,SE-8808,1292,2026-10-05,116,Raw Green Chili,3.5,Kg,75,262.5,0,262.5
2026-10-05,Kolkata,Central Warehouse -Kolkata,Radha Krishana Enterprise,SE-8808,1292,2026-10-05,279,Raw Lauki,52,Kg,25,1300,0,1300
2026-10-05,Kolkata,Central Warehouse -Kolkata,Radha Krishana Enterprise,SE-8808,1292,2026-10-05,133,Raw Mango,5,Kg,85,425,0,425
2026-10-05,Kolkata,Central Warehouse -Kolkata,Radha Krishana Enterprise,SE-8808,1292,2026-10-05,274,Raw Potato,246.5,Kg,18,4437,0,4437
2026-10-05,Kolkata,Central Warehouse -Kolkata,Radha Krishana Enterprise,SE-8808,1292,2026-10-05,141,Tomato,71,Kg,40,2840,0,2840
2026-10-05,Kolkata,Central Warehouse -Kolkata,Radha Krishana Enterprise,SE-8808,1292,2026-10-05,416,Watermelon,54.8,Kg,35,1918,0,1918
2026-10-06,Delhi,Central Warehouse - Delhi,Gopal Printers Private Limited,SE-8049,GPPL/2143/26-27,2026-10-06,112,Take Away Packing Box - Small (1bundle = 50pc),40000,Pc,4.04,161600,0,161600
2026-10-06,Delhi,Central Warehouse - Delhi,MANDI FRESH,SE-8054,567,2026-10-06,107,Carrot,25,Kg,32,800,0,800
2026-10-06,Delhi,Central Warehouse - Delhi,MANDI FRESH,SE-8054,567,2026-10-06,115,Coriander Leaves,15,Kg,150,2250,0,2250
2026-10-06,Delhi,Central Warehouse - Delhi,MANDI FRESH,SE-8054,567,2026-10-06,131,Curry Leaves,2,Kg,37.5,75,0,75
2026-10-06,Delhi,Central Warehouse - Delhi,MANDI FRESH,SE-8054,567,2026-10-06,149,Drumstick,3,Kg,85,255,0,255
2026-10-06,Delhi,Central Warehouse - Delhi,MANDI FRESH,SE-8054,567,2026-10-06,108,Ginger,10,Kg,160,1600,0,1600
2026-10-06,Delhi,Central Warehouse - Delhi,MANDI FRESH,SE-8054,567,2026-10-06,99,Green Capsicum,2,Kg,48,96,0,96
2026-10-06,Delhi,Central Warehouse - Delhi,MANDI FRESH,SE-8054,567,2026-10-06,124,Lime,250,Pc,3.2,800,0,800
2026-10-06,Delhi,Central Warehouse - Delhi,MANDI FRESH,SE-8054,567,2026-10-06,451,Mint leaf,1,Kg,70,70,0,70
2026-10-06,Delhi,Central Warehouse - Delhi,MANDI FRESH,SE-8054,567,2026-10-06,132,Onion,152,Kg,40,6080,0,6080
2026-10-06,Delhi,Central Warehouse - Delhi,MANDI FRESH,SE-8054,567,2026-10-06,116,Raw Green Chili,10,Kg,40,400,0,400
2026-10-06,Delhi,Central Warehouse - Delhi,MANDI FRESH,SE-8054,567,2026-10-06,133,Raw Mango,5,Kg,150,750,0,750
2026-10-06,Delhi,Central Warehouse - Delhi,MANDI FRESH,SE-8054,567,2026-10-06,274,Raw Potato,221,Kg,25,5525,0,5525
2026-10-06,Delhi,Central Warehouse - Delhi,MANDI FRESH,SE-8054,567,2026-10-06,280,Raw Pumpkin,13,Kg,23,299,0,299
2026-10-06,Delhi,Central Warehouse - Delhi,MANDI FRESH,SE-8054,567,2026-10-06,141,Tomato,101,Kg,44,4444,0,4444
2026-10-06,Delhi,Central Warehouse - Delhi,MANDI FRESH,SE-8054,567,2026-10-06,416,Watermelon,30,Kg,40,1200,0,1200
2026-10-06,Delhi,Central Warehouse - Delhi,Shyam Vegetable,SE-8050,1758,2026-10-06,48,Dosa Daal (Urad),60,Kg,150,9000,0,9000
2026-10-06,Delhi,Central Warehouse - Delhi,Shyam Vegetable,SE-8051,1759,2026-10-06,50,Raw Coconut,200,Pc,48,9600,0,9600
2026-10-06,Delhi,Central Warehouse - Delhi,Shyam Vegetable,SE-8052,1761,2026-10-06,50,Raw Coconut,200,Pc,48,9600,0,9600
2026-10-06,Delhi,Central Warehouse - Delhi,Shyam Vegetable,SE-8053,1760,2026-10-06,275,Whole Coriander (Gota Dhaniya),60,Kg,250,15000,0,15000
2026-10-06,Delhi,Central Warehouse - Delhi,Sms Supply Port Pvt Ltd.,SE-8059,SDWSI2609223,2026-10-06,64,Kinley Soda 750ml Pet,360,Pc,15.83,5698.8,0,5698.8
2026-10-06,Delhi,Central Warehouse - Delhi,Sms Supply Port Pvt Ltd.,SE-8059,SDWSI2609223,2026-10-06,438,Vedica Mineral water,900,Pc,15,13500,0,13500
2026-10-06,Delhi,Central Warehouse - Delhi,Sms Supply Port Pvt Ltd.,SE-8060,GHKSI2602271,2026-10-06,375,Dry Mop,5,Pc,224.2,1121,0,1121
2026-10-06,Delhi,Central Warehouse - Delhi,Sms Supply Port Pvt Ltd.,SE-8060,GHKSI2602271,2026-10-06,158,Dry Mop Refill,10,Pc,105,1050,0,1050
2026-10-06,Delhi,Central Warehouse - Delhi,Sms Supply Port Pvt Ltd.,SE-8060,GHKSI2602271,2026-10-06,272,Wet Mop,10,Pc,195.14,1951.4,0,1951.4
2026-10-06,Delhi,Central Warehouse - Delhi,Sms Supply Port Pvt Ltd.,SE-8060,GHKSI2602271,2026-10-06,273,Wet Mop Refil,15,Pc,84,1260,0,1260
2026-10-06,Delhi,Central Warehouse - Delhi,Sms Supply Port Pvt Ltd.,SE-8061,GHKSI2602287,2026-10-06,419,Glen Container With Lid - 50ml (1pkt = 50pc),5000,Pc,2.05,10250,0,10250
2026-10-06,Delhi,Central Warehouse - Delhi,Sms Supply Port Pvt Ltd.,SE-8061,GHKSI2602287,2026-10-06,159,Harpic Liquid Toilet Cleaner 500ml,10,Ltr,241.6,2416,0,2416
2026-10-06,Delhi,Central Warehouse - Delhi,Sms Supply Port Pvt Ltd.,SE-8062,SDWSI2609398,2026-10-06,64,Kinley Soda 750ml Pet,360,Pc,15.83,5698.8,0,5698.8
2026-10-06,Delhi,Central Warehouse - Delhi,Zomato Hyperpure Delhi,SE-8047,ZBSDL27-00164521,2026-10-06,76,Milk - Tetra 1Ltr,120,Ltr,79,9480,0,9480
2026-10-06,Delhi,Central Warehouse - Delhi,Zomato Hyperpure Delhi,SE-8048,ZHPDL27-00208286,2026-10-06,14,Amul Butter,7.5,Kg,590,4425,0,4425
2026-10-06,Delhi,Central Warehouse - Delhi,Zomato Hyperpure Delhi,SE-8048,ZHPDL27-00208286,2026-10-06,311,Mishri (sweets),6,Kg,95.5,573,0,573
2026-10-06,Delhi,Central Warehouse - Delhi,Zomato Hyperpure Delhi,SE-8048,ZHPDL27-00208286,2026-10-06,312,Sounf,12,Kg,374.9,4498.8,0,4498.8
2026-10-06,Delhi,Central Warehouse - Delhi,Zomato Hyperpure Delhi,SE-8048,ZHPDL27-00208286,2026-10-06,43,Sunflower Refined Oil ( 1pkt = 868 Ml ),173.6,Ltr,220.34,38251.02,0,38251.02
2026-10-06,Delhi,Central Warehouse - Delhi,Zomato Hyperpure Delhi,SE-8055,ZHPDL27-00209170,2026-10-06,110,Compartment Tray With Lid - 2CP (1pkt = 25pc),400,Pc,8.36,3344,0,3344
2026-10-06,Delhi,Central Warehouse - Delhi,Zomato Hyperpure Delhi,SE-8055,ZHPDL27-00209170,2026-10-06,242,Silver Foil,10,Pc,414,4140,0,4140
2026-10-06,Delhi,Central Warehouse - Delhi,Zomato Hyperpure Delhi,SE-8055,ZHPDL27-00209170,2026-10-06,114,Wooden Stirrer (1pkt = 100pc),5000,Pc,0.11,550,0,550
2026-10-06,Delhi,Central Warehouse - Delhi,Zomato Hyperpure Delhi,SE-8056,ZBSDL27-00165318,2026-10-06,20,Raw Imli,5,Kg,179,895,0,895
2026-10-06,Delhi,Central Warehouse - Delhi,Zomato Hyperpure Delhi,SE-8056,ZBSDL27-00165318,2026-10-06,536,Rock Salt,6,Kg,64,384,0,384
2026-10-06,Delhi,Central Warehouse - Delhi,Zomato Hyperpure Delhi,SE-8056,ZBSDL27-00165318,2026-10-06,29,Salt,115,Kg,33,3795,0,3795
2026-10-06,Delhi,Central Warehouse - Delhi,Zomato Hyperpure Delhi,SE-8057,ZHPDL27-00209233,2026-10-06,75,Ghee,29.865,Kg,881.78,26334.36,0,26334.36
2026-10-06,Delhi,Central Warehouse - Delhi,Zomato Hyperpure Delhi,SE-8057,ZHPDL27-00209233,2026-10-06,361,kitchen Paper Roll,18,Piece,295,5310,0,5310
2026-10-06,Delhi,Central Warehouse - Delhi,Zomato Hyperpure Delhi,SE-8058,ZHPDL27-00209249,2026-10-06,243,Cling Wrap,12,Pc,226.5,2718,0,2718
2026-10-06,Delhi,Central Warehouse - Delhi,Zomato Hyperpure Delhi,SE-8058,ZHPDL27-00209249,2026-10-06,40,Dry Red Chili,8000,gm,0.37,2972.8,0,2972.8
2026-10-06,Delhi,Central Warehouse - Delhi,Zomato Hyperpure Delhi,SE-8058,ZHPDL27-00209249,2026-10-06,34,Kashmiri Chili Powder,10000,gm,1.05,10500,0,10500
2026-10-06,Delhi,Central Warehouse - Delhi,Zomato Hyperpure Delhi,SE-8058,ZHPDL27-00209249,2026-10-06,304,M Fold tissue,140,Pkt,32.51,4551.4,0,4551.4
2026-10-06,Delhi,Central Warehouse - Delhi,Zomato Hyperpure Delhi,SE-8058,ZHPDL27-00209249,2026-10-06,13,Milk Powder,6,Kg,593.2,3559.2,0,3559.2
2026-10-06,Delhi,Central Warehouse - Delhi,Zomato Hyperpure Delhi,SE-8058,ZHPDL27-00209249,2026-10-06,3,Oreo Buiscuits,60,Pkt,9.36,561.6,0,561.6
2026-10-06,Delhi,Central Warehouse - Delhi,Zomato Hyperpure Delhi,SE-8058,ZHPDL27-00209249,2026-10-06,535,Poha,10,Kg,90.32,903.2,0,903.2
2026-10-06,Delhi,Central Warehouse - Delhi,Zomato Hyperpure Delhi,SE-8058,ZHPDL27-00209249,2026-10-06,238,Rubber Hand Gloves (1pkt=100pc),1500,Pc,4.65,6975,0,6975
2026-10-06,Delhi,Central Warehouse - Delhi,Zomato Hyperpure Delhi,SE-8058,ZHPDL27-00209249,2026-10-06,25,Turmeric Powder,10000,gm,0.36,3603,0,3603
2026-10-06,Delhi,Central Warehouse - Delhi,Zomato Hyperpure Delhi,SE-8058,ZHPDL27-00209249,2026-10-06,391,White Butter,30,Kg,659.4,19782,0,19782
2026-10-06,Delhi,Central Warehouse - Delhi,Zomato Hyperpure Delhi,SE-8058,ZHPDL27-00209249,2026-10-06,31,White Sugar Sachet (1pkt = 200pc),4000,Pc,0.73,2920,0,2920
2026-10-06,Delhi,Central Warehouse - Delhi,Zomato Hyperpure Delhi,SE-8058,ZHPDL27-00209249,2026-10-06,32,Whole Cumin,15,Kg,308.7,4630.5,0,4630.5
2026-10-06,Delhi,Central Warehouse - Delhi,Zomato Hyperpure Delhi,SE-8058,ZHPDL27-00209249,2026-10-06,70,Whole Methi,15000,gm,0.12,1874.55,0,1874.55
2026-10-06,Kolkata,Central Warehouse -Kolkata,Adya Dairy,SE-8810,GS262707/62046,2026-10-06,91,Milk (Adya Dairy),24,Ltr,62,1488,0,1488
2026-10-06,Kolkata,Central Warehouse -Kolkata,Adya Dairy,SE-8810,GS262707/62046,2026-10-06,60,Paneer,10,Kg,299,2990,0,2990
2026-10-06,Kolkata,Central Warehouse -Kolkata,Adya Dairy,SE-8810,GS262707/62046,2026-10-06,235,Raw Curd,40,Kg,71.4,2856,0,2856
2026-10-06,Kolkata,Central Warehouse -Kolkata,Ashirvad Enterprise,SE-8820,RTE/26-27/4664,2026-10-06,40,Dry Red Chili,10,Kg,278.2,2782,0,2782
2026-10-06,Kolkata,Central Warehouse -Kolkata,Ashirvad Enterprise,SE-8820,RTE/26-27/4664,2026-10-06,459,Jaggery Powder (250gm=1pkt),2,Kg,100,200,0,200
2026-10-06,Kolkata,Central Warehouse -Kolkata,Ashirvad Enterprise,SE-8820,RTE/26-27/4664,2026-10-06,353,Sabudana,15,Kg,90,1350,0,1350
2026-10-06,Kolkata,Central Warehouse -Kolkata,Ashirvad Enterprise,SE-8820,RTE/26-27/4664,2026-10-06,69,White Til,2,Kg,194.25,388.5,0,388.5
2026-10-06,Kolkata,Central Warehouse -Kolkata,Ashirvad Enterprise,SE-8820,RTE/26-27/4664,2026-10-06,275,Whole Coriander (Gota Dhaniya),120,Kg,218.4,26208,0,26208
2026-10-06,Kolkata,Central Warehouse -Kolkata,CONTINENTAL FOOD,SE-8812,CF/26-27/0439,2026-10-06,27,Mustard Seed,0.01,Kg,192.38,1.92,0,1.92
2026-10-06,Kolkata,Central Warehouse -Kolkata,DAHMI COMMODITIES LLP (POSTA),SE-8813,DCP/26-27/000654,2026-10-06,46,Chana Daal,90,Kg,88,7920,0,7920
2026-10-06,Kolkata,Central Warehouse -Kolkata,DAHMI COMMODITIES LLP (POSTA),SE-8813,DCP/26-27/000654,2026-10-06,48,Dosa Daal (Urad),330,Kg,134,44220,0,44220
2026-10-06,Kolkata,Central Warehouse -Kolkata,DAHMI COMMODITIES LLP (POSTA),SE-8813,DCP/26-27/000654,2026-10-06,17,Govindho Bhog Rice,78,Kg,147,11466,0,11466
2026-10-06,Kolkata,Central Warehouse -Kolkata,DAHMI COMMODITIES LLP (POSTA),SE-8813,DCP/26-27/000654,2026-10-06,18,Idli Rice (Miniket),1040,Kg,53,55120,0,55120
2026-10-06,Kolkata,Central Warehouse -Kolkata,DAHMI COMMODITIES LLP (POSTA),SE-8813,DCP/26-27/000654,2026-10-06,37,Sambar Daal (Toor),300,Kg,132,39600,0,39600
2026-10-06,Kolkata,Central Warehouse -Kolkata,KAGAZKAAR RETAIL PACKAGING PVT LTD,SE-8811,KRPPL/0141/26-27,2026-10-06,142,Carry Bag - Large(1pkt = 100pc),5100,Pc,9.79,49929,0,49929
2026-10-06,Kolkata,Central Warehouse -Kolkata,KAGAZKAAR RETAIL PACKAGING PVT LTD,SE-8811,KRPPL/0141/26-27,2026-10-06,98,Carry Bag - Small (1pkt = 100pc),15000,Pc,6.73,100950,0,100950
2026-10-06,Kolkata,Central Warehouse -Kolkata,Meetel Computers & Coated Paper Co .,SE-8819,MPL/490/26-27,2026-10-06,241,Thermal Printer Roll - Posiflex,546,Pc,46.02,25126.92,0,25126.92
2026-10-06,Kolkata,Central Warehouse -Kolkata,Meetel Computers & Coated Paper Co .,SE-8819,MPL/490/26-27,2026-10-06,266,Thermal Printer Roll 50ml - ATPOS,50,Pc,14.16,708,0,708
2026-10-06,Kolkata,Central Warehouse -Kolkata,Radha Krishana Enterprise,SE-8814,1351,2026-10-06,237,Beans,3,Kg,75,225,0,225
2026-10-06,Kolkata,Central Warehouse -Kolkata,Radha Krishana Enterprise,SE-8814,1351,2026-10-06,107,Carrot,22,Kg,41,902,0,902
2026-10-06,Kolkata,Central Warehouse -Kolkata,Radha Krishana Enterprise,SE-8814,1351,2026-10-06,115,Coriander Leaves,6,Kg,100,600,0,600
2026-10-06,Kolkata,Central Warehouse -Kolkata,Radha Krishana Enterprise,SE-8814,1351,2026-10-06,123,Cucumber,2,Kg,25,50,0,50
2026-10-06,Kolkata,Central Warehouse -Kolkata,Radha Krishana Enterprise,SE-8814,1351,2026-10-06,131,Curry Leaves,1.5,Kg,72,108,0,108
2026-10-06,Kolkata,Central Warehouse -Kolkata,Radha Krishana Enterprise,SE-8814,1351,2026-10-06,149,Drumstick,4.9,Kg,90,441,0,441
2026-10-06,Kolkata,Central Warehouse -Kolkata,Radha Krishana Enterprise,SE-8814,1351,2026-10-06,100,Garlic,5,Kg,140,700,0,700
2026-10-06,Kolkata,Central Warehouse -Kolkata,Radha Krishana Enterprise,SE-8814,1351,2026-10-06,108,Ginger,16.8,Kg,132,2217.6,0,2217.6
2026-10-06,Kolkata,Central Warehouse -Kolkata,Radha Krishana Enterprise,SE-8814,1351,2026-10-06,99,Green Capsicum,1,Kg,67,67,0,67
2026-10-06,Kolkata,Central Warehouse -Kolkata,Radha Krishana Enterprise,SE-8814,1351,2026-10-06,124,Lime,200,Pc,3.5,700,0,700
2026-10-06,Kolkata,Central Warehouse -Kolkata,Radha Krishana Enterprise,SE-8814,1351,2026-10-06,451,Mint leaf,0.5,Kg,180,90,0,90
2026-10-06,Kolkata,Central Warehouse -Kolkata,Radha Krishana Enterprise,SE-8814,1351,2026-10-06,132,Onion,99.7,Kg,50,4985,0,4985
2026-10-06,Kolkata,Central Warehouse -Kolkata,Radha Krishana Enterprise,SE-8814,1351,2026-10-06,116,Raw Green Chili,13.9,Kg,75,1042.5,0,1042.5
2026-10-06,Kolkata,Central Warehouse -Kolkata,Radha Krishana Enterprise,SE-8814,1351,2026-10-06,133,Raw Mango,10,Kg,85,850,0,850
2026-10-06,Kolkata,Central Warehouse -Kolkata,Radha Krishana Enterprise,SE-8814,1351,2026-10-06,274,Raw Potato,132,Kg,18,2376,0,2376
2026-10-06,Kolkata,Central Warehouse -Kolkata,Radha Krishana Enterprise,SE-8814,1351,2026-10-06,141,Tomato,51,Kg,40,2040,0,2040
2026-10-06,Kolkata,Central Warehouse -Kolkata,Radha Krishana Enterprise,SE-8814,1351,2026-10-06,416,Watermelon,60.9,Kg,35,2131.5,0,2131.5
2026-10-06,Kolkata,Central Warehouse -Kolkata,Tara Maa Dashakaram,SE-8816,542,2026-10-06,84,Banana Leaf Big (1bundle = 50pc),500,Pc,1.75,875,0,875
2026-10-06,Kolkata,Central Warehouse -Kolkata,Tara Maa Dashakaram,SE-8816,542,2026-10-06,84,Banana Leaf Big (1bundle = 50pc),500,Pc,2,1000,0,1000
2026-10-06,Kolkata,Central Warehouse -Kolkata,Tara Maa Dashakaram,SE-8816,542,2026-10-06,92,Banana Leaf Small (1bundle = 50pc),1500,Pc,1.25,1875,0,1875
2026-10-06,Kolkata,Central Warehouse -Kolkata,Tara Maa Dashakaram,SE-8817,540,2026-10-06,84,Banana Leaf Big (1bundle = 50pc),1000,Pc,1.75,1750,0,1750
2026-10-06,Kolkata,Central Warehouse -Kolkata,Tara Maa Dashakaram,SE-8817,540,2026-10-06,92,Banana Leaf Small (1bundle = 50pc),1200,Pc,1.25,1500,0,1500
2026-10-06,Kolkata,Central Warehouse -Kolkata,Zomato Hyperpure Kolkata,SE-8815,ZHPWB27-00127038,2026-10-06,391,White Butter,300,Kg,674.1,202230,0,202230
2026-10-06,Kolkata,Central Warehouse -Kolkata,Zomato Hyperpure Kolkata,SE-8818,ZHPWB27-00127007,2026-10-06,75,Ghee,19.91,Kg,823.2,16389.91,0,16389.91
2026-10-06,Kolkata,Central Warehouse -Kolkata,Zomato Hyperpure Kolkata,SE-8818,ZHPWB27-00127007,2026-10-06,,Scrubber - Scotch Brite,18,Pc,33.43,601.74,0,601.74
2026-10-07,Delhi,Central Warehouse - Delhi,Javed Dairy,SE-8064,3082,2026-10-07,91,Milk (Adya Dairy),30,Ltr,59,1770,0,1770
2026-10-07,Delhi,Central Warehouse - Delhi,Javed Dairy,SE-8064,3082,2026-10-07,235,Raw Curd,36,Kg,80,2880,0,2880
2026-10-07,Delhi,Central Warehouse - Delhi,Javed Dairy,SE-8065,3083,2026-10-07,91,Milk (Adya Dairy),18,Ltr,59,1062,0,1062
2026-10-07,Delhi,Central Warehouse - Delhi,Javed Dairy,SE-8065,3083,2026-10-07,60,Paneer,6,Kg,460,2760,0,2760
2026-10-07,Delhi,Central Warehouse - Delhi,Javed Dairy,SE-8065,3083,2026-10-07,235,Raw Curd,36,Kg,80,2880,0,2880
2026-10-07,Delhi,Central Warehouse - Delhi,MANDI FRESH,SE-8063,570,2026-10-07,107,Carrot,25,Kg,32,800,0,800
2026-10-07,Delhi,Central Warehouse - Delhi,MANDI FRESH,SE-8063,570,2026-10-07,115,Coriander Leaves,5,Kg,150,750,0,750
2026-10-07,Delhi,Central Warehouse - Delhi,MANDI FRESH,SE-8063,570,2026-10-07,131,Curry Leaves,2.4,Kg,37.5,90,0,90
2026-10-07,Delhi,Central Warehouse - Delhi,MANDI FRESH,SE-8063,570,2026-10-07,149,Drumstick,3,Kg,85,255,0,255
2026-10-07,Delhi,Central Warehouse - Delhi,MANDI FRESH,SE-8063,570,2026-10-07,108,Ginger,5,Kg,160,800,0,800
2026-10-07,Delhi,Central Warehouse - Delhi,MANDI FRESH,SE-8063,570,2026-10-07,99,Green Capsicum,2,Kg,48,96,0,96
2026-10-07,Delhi,Central Warehouse - Delhi,MANDI FRESH,SE-8063,570,2026-10-07,124,Lime,250,Pc,3.2,800,0,800
2026-10-07,Delhi,Central Warehouse - Delhi,MANDI FRESH,SE-8063,570,2026-10-07,132,Onion,101,Kg,40,4040,0,4040
2026-10-07,Delhi,Central Warehouse - Delhi,MANDI FRESH,SE-8063,570,2026-10-07,116,Raw Green Chili,6.7,Kg,40,268,0,268
2026-10-07,Delhi,Central Warehouse - Delhi,MANDI FRESH,SE-8063,570,2026-10-07,279,Raw Lauki,25,Kg,23,575,0,575
2026-10-07,Delhi,Central Warehouse - Delhi,MANDI FRESH,SE-8063,570,2026-10-07,274,Raw Potato,97,Kg,25,2425,0,2425
2026-10-07,Delhi,Central Warehouse - Delhi,MANDI FRESH,SE-8063,570,2026-10-07,280,Raw Pumpkin,22,Kg,23,506,0,506
2026-10-07,Delhi,Central Warehouse - Delhi,MANDI FRESH,SE-8063,570,2026-10-07,141,Tomato,111,Kg,44,4884,0,4884
2026-10-07,Delhi,Central Warehouse - Delhi,MANDI FRESH,SE-8063,570,2026-10-07,416,Watermelon,30,Kg,40,1200,0,1200
2026-10-07,Kolkata,Central Warehouse -Kolkata,Adya Dairy,SE-8821,GS262707/62464,2026-10-07,91,Milk (Adya Dairy),24,Ltr,62,1488,0,1488
2026-10-07,Kolkata,Central Warehouse -Kolkata,Adya Dairy,SE-8821,GS262707/62464,2026-10-07,60,Paneer,8,Kg,299,2392,0,2392
2026-10-07,Kolkata,Central Warehouse -Kolkata,Adya Dairy,SE-8821,GS262707/62464,2026-10-07,235,Raw Curd,40,Kg,71.4,2856,0,2856
2026-10-07,Kolkata,Central Warehouse -Kolkata,Ashirvad Enterprise,SE-8824,AE/26-27/3261,2026-10-07,15,Black Salt,10,Kg,24,240,0,240
2026-10-07,Kolkata,Central Warehouse -Kolkata,Ashirvad Enterprise,SE-8824,AE/26-27/3261,2026-10-07,26,Jaggery,200,Kg,80,16000,0,16000
2026-10-07,Kolkata,Central Warehouse -Kolkata,Ashirvad Enterprise,SE-8824,AE/26-27/3261,2026-10-07,536,Rock Salt,25,Kg,55,1375,0,1375
2026-10-07,Kolkata,Central Warehouse -Kolkata,Ashirvad Enterprise,SE-8824,AE/26-27/3261,2026-10-07,19,Small Moong Daal,40,Kg,134,5360,0,5360
2026-10-07,Kolkata,Central Warehouse -Kolkata,Radha Krishana Enterprise,SE-8822,1358,2026-10-07,122,Amada,2.5,Kg,70,175,0,175
2026-10-07,Kolkata,Central Warehouse -Kolkata,Radha Krishana Enterprise,SE-8822,1358,2026-10-07,237,Beans,2,Kg,75,150,0,150
2026-10-07,Kolkata,Central Warehouse -Kolkata,Radha Krishana Enterprise,SE-8822,1358,2026-10-07,107,Carrot,19.5,Kg,41,799.5,0,799.5
2026-10-07,Kolkata,Central Warehouse -Kolkata,Radha Krishana Enterprise,SE-8822,1358,2026-10-07,115,Coriander Leaves,12.7,Kg,100,1270,0,1270
2026-10-07,Kolkata,Central Warehouse -Kolkata,Radha Krishana Enterprise,SE-8822,1358,2026-10-07,123,Cucumber,1,Kg,25,25,0,25
2026-10-07,Kolkata,Central Warehouse -Kolkata,Radha Krishana Enterprise,SE-8822,1358,2026-10-07,131,Curry Leaves,4.2,Kg,72,302.4,0,302.4
2026-10-07,Kolkata,Central Warehouse -Kolkata,Radha Krishana Enterprise,SE-8822,1358,2026-10-07,149,Drumstick,3.9,Kg,90,351,0,351
2026-10-07,Kolkata,Central Warehouse -Kolkata,Radha Krishana Enterprise,SE-8822,1358,2026-10-07,100,Garlic,3.9,Kg,140,546,0,546
2026-10-07,Kolkata,Central Warehouse -Kolkata,Radha Krishana Enterprise,SE-8822,1358,2026-10-07,108,Ginger,18.8,Kg,132,2481.6,0,2481.6
2026-10-07,Kolkata,Central Warehouse -Kolkata,Radha Krishana Enterprise,SE-8822,1358,2026-10-07,99,Green Capsicum,1,Kg,67,67,0,67
2026-10-07,Kolkata,Central Warehouse -Kolkata,Radha Krishana Enterprise,SE-8822,1358,2026-10-07,124,Lime,300,Pc,3.5,1050,0,1050
2026-10-07,Kolkata,Central Warehouse -Kolkata,Radha Krishana Enterprise,SE-8822,1358,2026-10-07,451,Mint leaf,1.5,Kg,180,270,0,270
2026-10-07,Kolkata,Central Warehouse -Kolkata,Radha Krishana Enterprise,SE-8822,1358,2026-10-07,132,Onion,150,Kg,50,7500,0,7500
2026-10-07,Kolkata,Central Warehouse -Kolkata,Radha Krishana Enterprise,SE-8822,1358,2026-10-07,116,Raw Green Chili,9,Kg,75,675,0,675
2026-10-07,Kolkata,Central Warehouse -Kolkata,Radha Krishana Enterprise,SE-8822,1358,2026-10-07,279,Raw Lauki,42.5,Kg,25,1062.5,0,1062.5
2026-10-07,Kolkata,Central Warehouse -Kolkata,Radha Krishana Enterprise,SE-8822,1358,2026-10-07,133,Raw Mango,13.2,Kg,85,1122,0,1122
2026-10-07,Kolkata,Central Warehouse -Kolkata,Radha Krishana Enterprise,SE-8822,1358,2026-10-07,274,Raw Potato,149,Kg,18,2682,0,2682
2026-10-07,Kolkata,Central Warehouse -Kolkata,Radha Krishana Enterprise,SE-8822,1358,2026-10-07,280,Raw Pumpkin,50,Kg,27,1350,0,1350
2026-10-07,Kolkata,Central Warehouse -Kolkata,Radha Krishana Enterprise,SE-8822,1358,2026-10-07,141,Tomato,75,Kg,40,3000,0,3000
2026-10-07,Kolkata,Central Warehouse -Kolkata,Radha Krishana Enterprise,SE-8822,1358,2026-10-07,416,Watermelon,25,Kg,35,875,0,875
2026-10-07,Kolkata,Central Warehouse -Kolkata,Tara Maa Dashakaram,SE-8823,071026,2026-10-07,84,Banana Leaf Big (1bundle = 50pc),600,Pc,1.75,1050,0,1050
2026-10-07,Kolkata,Central Warehouse -Kolkata,Tara Maa Dashakaram,SE-8823,071026,2026-10-07,84,Banana Leaf Big (1bundle = 50pc),600,Pc,2,1200,0,1200
2026-10-07,Kolkata,Central Warehouse -Kolkata,Tara Maa Dashakaram,SE-8823,071026,2026-10-07,92,Banana Leaf Small (1bundle = 50pc),1600,Pc,1.25,2000,0,2000
2026-10-07,Kolkata,Central Warehouse -Kolkata,Tara Maa Dashakaram,SE-8823,071026,2026-10-07,50,Raw Coconut,1600,Pc,37,59200,0,59200
2026-10-08,Delhi,Central Warehouse - Delhi,MANDI FRESH,SE-8068,571,2026-10-08,107,Carrot,20,Kg,32,640,0,640
2026-10-08,Delhi,Central Warehouse - Delhi,MANDI FRESH,SE-8068,571,2026-10-08,524,Cauliflower,2,Kg,80,160,0,160
2026-10-08,Delhi,Central Warehouse - Delhi,MANDI FRESH,SE-8068,571,2026-10-08,115,Coriander Leaves,10,Kg,150,1500,0,1500
2026-10-08,Delhi,Central Warehouse - Delhi,MANDI FRESH,SE-8068,571,2026-10-08,131,Curry Leaves,3.2,Kg,37.5,120,0,120
2026-10-08,Delhi,Central Warehouse - Delhi,MANDI FRESH,SE-8068,571,2026-10-08,149,Drumstick,3,Kg,85,255,0,255
2026-10-08,Delhi,Central Warehouse - Delhi,MANDI FRESH,SE-8068,571,2026-10-08,100,Garlic,8,Kg,125,1000,0,1000
2026-10-08,Delhi,Central Warehouse - Delhi,MANDI FRESH,SE-8068,571,2026-10-08,108,Ginger,5,Kg,160,800,0,800
2026-10-08,Delhi,Central Warehouse - Delhi,MANDI FRESH,SE-8068,571,2026-10-08,99,Green Capsicum,2,Kg,48,96,0,96
2026-10-08,Delhi,Central Warehouse - Delhi,MANDI FRESH,SE-8068,571,2026-10-08,124,Lime,250,Pc,3.2,800,0,800
2026-10-08,Delhi,Central Warehouse - Delhi,MANDI FRESH,SE-8068,571,2026-10-08,132,Onion,101,Kg,40,4040,0,4040
2026-10-08,Delhi,Central Warehouse - Delhi,MANDI FRESH,SE-8068,571,2026-10-08,116,Raw Green Chili,5,Kg,40,200,0,200
2026-10-08,Delhi,Central Warehouse - Delhi,MANDI FRESH,SE-8068,571,2026-10-08,274,Raw Potato,148,Kg,25,3700,0,3700
2026-10-08,Delhi,Central Warehouse - Delhi,MANDI FRESH,SE-8068,571,2026-10-08,280,Raw Pumpkin,14,Kg,23,322,0,322
2026-10-08,Delhi,Central Warehouse - Delhi,MANDI FRESH,SE-8068,571,2026-10-08,141,Tomato,100,Kg,44,4400,0,4400
2026-10-08,Delhi,Central Warehouse - Delhi,South Indian Pan Shop,SE-8066,2026-27/13998,2026-10-08,84,Banana Leaf Big (1bundle = 50pc),2500,Pc,2.5,6250,0,6250
2026-10-08,Delhi,Central Warehouse - Delhi,South Indian Pan Shop,SE-8066,2026-27/13998,2026-10-08,92,Banana Leaf Small (1bundle = 50pc),1500,Pc,1.3,1950,0,1950
2026-10-08,Delhi,Central Warehouse - Delhi,South Indian Pan Shop,SE-8066,2026-27/13998,2026-10-08,26,Jaggery,90,Kg,90,8100,0,8100
2026-10-08,Delhi,Central Warehouse - Delhi,South Indian Pan Shop,SE-8066,2026-27/13998,2026-10-08,20,Raw Imli,4,Kg,155,620,0,620
2026-10-08,Delhi,Central Warehouse - Delhi,South Indian Pan Shop,SE-8067,2026-27/14001,2026-10-08,84,Banana Leaf Big (1bundle = 50pc),5000,Pc,2.5,12500,0,12500
2026-10-08,Delhi,Central Warehouse - Delhi,South Indian Pan Shop,SE-8067,2026-27/14001,2026-10-08,92,Banana Leaf Small (1bundle = 50pc),2100,Pc,1.3,2730,0,2730
2026-10-08,Delhi,Central Warehouse - Delhi,South Indian Pan Shop,SE-8067,2026-27/14001,2026-10-08,4,Cothas Coffee Powder,20,Kg,930,18600,0,18600
2026-10-08,Delhi,Central Warehouse - Delhi,South Indian Pan Shop,SE-8067,2026-27/14001,2026-10-08,26,Jaggery,30,Kg,90,2700,0,2700
2026-10-08,Kolkata,Central Warehouse -Kolkata,Aas Supply,SE-8825,657A,2026-10-08,50,Raw Coconut,1600,Pc,37,59200,0,59200
2026-10-08,Kolkata,Central Warehouse -Kolkata,BM Agarwal,SE-8826,081026,2026-10-08,41,Idli Daal (Rajkot),300,Kg,175,52500,0,52500
2026-10-08,Kolkata,Central Warehouse -Kolkata,Gopal Printers Private Limited,SE-8831,GPPL/2265/26-27,2026-10-08,467,Coffee Cup (1Pkt = 50Pics),1000,Pc,4.36,4360,0,4360
2026-10-08,Kolkata,Central Warehouse -Kolkata,Gopal Printers Private Limited,SE-8831,GPPL/2265/26-27,2026-10-08,240,Hot Coffee Cup 150ml (1pkt=25pc),2500,Pc,1.24,3100,0,3100
2026-10-08,Kolkata,Central Warehouse -Kolkata,Gopal Printers Private Limited,SE-8831,GPPL/2265/26-27,2026-10-08,128,Paper Food Container - 100ml (1pkt = 50pc),4000,Pc,1.74,6960,0,6960
2026-10-08,Kolkata,Central Warehouse -Kolkata,Gopal Printers Private Limited,SE-8831,GPPL/2265/26-27,2026-10-08,112,Take Away Packing Box - Small (1bundle = 50pc),15000,Pc,4.15,62250,0,62250
2026-10-08,Kolkata,Central Warehouse -Kolkata,Radha Krishana Enterprise,SE-8827,1362,2026-10-08,237,Beans,2,Kg,75,150,0,150
2026-10-08,Kolkata,Central Warehouse -Kolkata,Radha Krishana Enterprise,SE-8827,1362,2026-10-08,107,Carrot,24,Kg,41,984,0,984
2026-10-08,Kolkata,Central Warehouse -Kolkata,Radha Krishana Enterprise,SE-8827,1362,2026-10-08,115,Coriander Leaves,10,Kg,100,1000,0,1000
2026-10-08,Kolkata,Central Warehouse -Kolkata,Radha Krishana Enterprise,SE-8827,1362,2026-10-08,123,Cucumber,1.9,Kg,25,47.5,0,47.5
2026-10-08,Kolkata,Central Warehouse -Kolkata,Radha Krishana Enterprise,SE-8827,1362,2026-10-08,131,Curry Leaves,5.8,Kg,72,417.6,0,417.6
2026-10-08,Kolkata,Central Warehouse -Kolkata,Radha Krishana Enterprise,SE-8827,1362,2026-10-08,149,Drumstick,4.9,Kg,90,441,0,441
2026-10-08,Kolkata,Central Warehouse -Kolkata,Radha Krishana Enterprise,SE-8827,1362,2026-10-08,100,Garlic,4,Kg,140,560,0,560
2026-10-08,Kolkata,Central Warehouse -Kolkata,Radha Krishana Enterprise,SE-8827,1362,2026-10-08,108,Ginger,19.7,Kg,132,2600.4,0,2600.4
2026-10-08,Kolkata,Central Warehouse -Kolkata,Radha Krishana Enterprise,SE-8827,1362,2026-10-08,99,Green Capsicum,1,Kg,67,67,0,67
2026-10-08,Kolkata,Central Warehouse -Kolkata,Radha Krishana Enterprise,SE-8827,1362,2026-10-08,124,Lime,400,Pc,3.5,1400,0,1400
2026-10-08,Kolkata,Central Warehouse -Kolkata,Radha Krishana Enterprise,SE-8827,1362,2026-10-08,451,Mint leaf,1.4,Kg,180,252,0,252
2026-10-08,Kolkata,Central Warehouse -Kolkata,Radha Krishana Enterprise,SE-8827,1362,2026-10-08,132,Onion,116.3,Kg,50,5815,0,5815
2026-10-08,Kolkata,Central Warehouse -Kolkata,Radha Krishana Enterprise,SE-8827,1362,2026-10-08,116,Raw Green Chili,11.2,Kg,75,840,0,840
2026-10-08,Kolkata,Central Warehouse -Kolkata,Radha Krishana Enterprise,SE-8827,1362,2026-10-08,279,Raw Lauki,44.8,Kg,25,1120,0,1120
2026-10-08,Kolkata,Central Warehouse -Kolkata,Radha Krishana Enterprise,SE-8827,1362,2026-10-08,133,Raw Mango,10,Kg,85,850,0,850
2026-10-08,Kolkata,Central Warehouse -Kolkata,Radha Krishana Enterprise,SE-8827,1362,2026-10-08,274,Raw Potato,205,Kg,18,3690,0,3690
2026-10-08,Kolkata,Central Warehouse -Kolkata,Radha Krishana Enterprise,SE-8827,1362,2026-10-08,280,Raw Pumpkin,54.9,Kg,27,1482.3,0,1482.3
2026-10-08,Kolkata,Central Warehouse -Kolkata,Radha Krishana Enterprise,SE-8827,1362,2026-10-08,141,Tomato,70.6,Kg,40,2824,0,2824
2026-10-08,Kolkata,Central Warehouse -Kolkata,Radha Krishana Enterprise,SE-8827,1362,2026-10-08,416,Watermelon,29,Kg,35,1015,0,1015
2026-10-08,Kolkata,Central Warehouse -Kolkata,Tara Maa Dashakaram,SE-8828,549,2026-10-08,84,Banana Leaf Big (1bundle = 50pc),800,Pc,1.75,1400,0,1400
2026-10-08,Kolkata,Central Warehouse -Kolkata,Tara Maa Dashakaram,SE-8828,549,2026-10-08,84,Banana Leaf Big (1bundle = 50pc),500,Pc,2,1000,0,1000
2026-10-08,Kolkata,Central Warehouse -Kolkata,Tara Maa Dashakaram,SE-8828,549,2026-10-08,92,Banana Leaf Small (1bundle = 50pc),1600,Pc,1.25,2000,0,2000
2026-10-08,Kolkata,Central Warehouse -Kolkata,Zomato Hyperpure Kolkata,SE-8829,ZHPWB27-00128682,2026-10-08,14,Amul Butter,15,Kg,615.3,9229.5,0,9229.5
2026-10-08,Kolkata,Central Warehouse -Kolkata,Zomato Hyperpure Kolkata,SE-8829,ZHPWB27-00128682,2026-10-08,75,Ghee,135.75,Kg,823.2,111749.4,0,111749.4
2026-10-08,Kolkata,Central Warehouse -Kolkata,Zomato Hyperpure Kolkata,SE-8830,ZHPWB27-00128655,2026-10-08,14,Amul Butter,45,Kg,615.3,27688.5,0,27688.5
