deployment,city,recipe_code,recipe_name,recipe_type,recipe_qty,recipe_unit,ingredient_code,ingredient_name,ingredient_qty,ingredient_unit,ingredient_yield_total_qty,ingredient_price_col,ingredient_cost_avg,ingredient_cost_last,source_file,menu_item,unpriced_avg,last_vs_avg_pct
Ideal Plaza,Kolkata,14,Idli Vada Plate (MI),MI,1.0,No.,207,Special Daal Bucket,0.003,Kg,0.003,,0.46,0.4579,recipe_cost_ideal_plaza.csv,Idli Vada Plate,False,-0.5
Ideal Plaza,Kolkata,14,Idli Vada Plate (MI),MI,1.0,No.,43,Sunflower Refined Oil  ( 1pkt = 868 Ml ),0.005,Ltr,0.005,,0.752,0.8448,recipe_cost_ideal_plaza.csv,Idli Vada Plate,False,12.3
Ideal Plaza,Kolkata,14,Idli Vada Plate (MI),MI,1.0,No.,47,Fried Chana Daal,0.03,Kg,0.03,,3.1052,2.928,recipe_cost_ideal_plaza.csv,Idli Vada Plate,False,-5.7
Ideal Plaza,Kolkata,14,Idli Vada Plate (MI),MI,1.0,No.,229,Coconut Shredded,0.04,Kg,0.04,,5.6603,5.6603,recipe_cost_ideal_plaza.csv,Idli Vada Plate,False,0.0
Ideal Plaza,Kolkata,14,Idli Vada Plate (MI),MI,1.0,No.,108,Ginger,0.002,Kg,0.002,,0.2626,0.2623,recipe_cost_ideal_plaza.csv,Idli Vada Plate,False,-0.1
Ideal Plaza,Kolkata,14,Idli Vada Plate (MI),MI,1.0,No.,116,Raw Green Chili,0.002,Kg,0.002,,0.1488,0.1499,recipe_cost_ideal_plaza.csv,Idli Vada Plate,False,0.7
Ideal Plaza,Kolkata,14,Idli Vada Plate (MI),MI,1.0,No.,53,Sugar,0.002,Kg,0.002,,0.098,0.1038,recipe_cost_ideal_plaza.csv,Idli Vada Plate,False,5.9
Ideal Plaza,Kolkata,14,Idli Vada Plate (MI),MI,1.0,No.,29,Salt,0.004,Kg,0.004,,0.1085,0.1082,recipe_cost_ideal_plaza.csv,Idli Vada Plate,False,-0.3
Ideal Plaza,Kolkata,14,Idli Vada Plate (MI),MI,1.0,No.,21,RO Water,0.125,Ltr,0.125,,,,recipe_cost_ideal_plaza.csv,Idli Vada Plate,True,
Ideal Plaza,Kolkata,14,Idli Vada Plate (MI),MI,1.0,No.,206,Medu Vada Batter Mix,0.062,Kg,0.062,,4.6697,4.6631,recipe_cost_ideal_plaza.csv,Idli Vada Plate,False,-0.1
Ideal Plaza,Kolkata,39,Masala Dosa (MI),MI,1.0,No.,115,Coriander Leaves,0.001,Kg,0.001,,0.0999,0.1,recipe_cost_ideal_plaza.csv,Masala Dosa,False,0.1
Ideal Plaza,Kolkata,39,Masala Dosa (MI),MI,1.0,No.,190,Dosa Batter Mix,0.14,Kg,0.14,,4.5902,4.3805,recipe_cost_ideal_plaza.csv,Masala Dosa,False,-4.6
Ideal Plaza,Kolkata,39,Masala Dosa (MI),MI,1.0,No.,43,Sunflower Refined Oil  ( 1pkt = 868 Ml ),0.009,Ltr,0.009,,1.3536,1.5206,recipe_cost_ideal_plaza.csv,Masala Dosa,False,12.3
Ideal Plaza,Kolkata,39,Masala Dosa (MI),MI,1.0,No.,75,Ghee,0.001,Kg,0.001,,0.705,0.7577,recipe_cost_ideal_plaza.csv,Masala Dosa,False,7.5
Ideal Plaza,Kolkata,39,Masala Dosa (MI),MI,1.0,No.,446,Potato Masala Bucket Outlet,0.15,Kg,0.15,,6.417,6.1854,recipe_cost_ideal_plaza.csv,Masala Dosa,False,-3.6
Ideal Plaza,Kolkata,39,Masala Dosa (MI),MI,1.0,No.,97,Paper Napkin (1pkt = 100pc),1.0,Pc,1.0,,0.2304,0.2356,recipe_cost_ideal_plaza.csv,Masala Dosa,False,2.3
Ideal Plaza,Kolkata,39,Masala Dosa (MI),MI,1.0,No.,207,Special Daal Bucket,0.003,Kg,0.003,,0.46,0.4579,recipe_cost_ideal_plaza.csv,Masala Dosa,False,-0.5
Ideal Plaza,Kolkata,39,Masala Dosa (MI),MI,1.0,No.,229,Coconut Shredded,0.0437,Kg,0.0437,,6.1839,6.1839,recipe_cost_ideal_plaza.csv,Masala Dosa,False,0.0
Ideal Plaza,Kolkata,39,Masala Dosa (MI),MI,1.0,No.,108,Ginger,0.0025,Kg,0.0025,,0.3283,0.3279,recipe_cost_ideal_plaza.csv,Masala Dosa,False,-0.1
Ideal Plaza,Kolkata,39,Masala Dosa (MI),MI,1.0,No.,116,Raw Green Chili,0.0021,Kg,0.0021,,0.1563,0.1574,recipe_cost_ideal_plaza.csv,Masala Dosa,False,0.7
Ideal Plaza,Kolkata,39,Masala Dosa (MI),MI,1.0,No.,53,Sugar,0.0002,Kg,0.0002,,0.0074,0.0078,recipe_cost_ideal_plaza.csv,Masala Dosa,False,5.4
Ideal Plaza,Kolkata,39,Masala Dosa (MI),MI,1.0,No.,29,Salt,0.0031,Kg,0.0031,,0.0841,0.0838,recipe_cost_ideal_plaza.csv,Masala Dosa,False,-0.4
Ideal Plaza,Kolkata,39,Masala Dosa (MI),MI,1.0,No.,21,RO Water,0.12,Ltr,0.12,,,,recipe_cost_ideal_plaza.csv,Masala Dosa,True,
Ideal Plaza,Kolkata,39,Masala Dosa (MI),MI,1.0,No.,47,Fried Chana Daal,0.031,Kg,0.031,,3.2087,3.0256,recipe_cost_ideal_plaza.csv,Masala Dosa,False,-5.7
Ideal Plaza,Kolkata,318,Filter Coffee @ 80 (MI),MI,1.0,No.,4,Cothas Coffee Powder,0.01,Kg,0.01,,8.4258,8.6116,recipe_cost_ideal_plaza.csv,Filter Coffee @ 80,False,2.2
Ideal Plaza,Kolkata,318,Filter Coffee @ 80 (MI),MI,1.0,No.,76,Milk - Tetra 1Ltr,0.11,Ltr,0.11,,8.3625,8.5254,recipe_cost_ideal_plaza.csv,Filter Coffee @ 80,False,1.9
Ideal Plaza,Kolkata,318,Filter Coffee @ 80 (MI),MI,1.0,No.,31,White Sugar Sachet (1pkt = 200pc),2.0,Pc,2.0,,0.8613,0.8496,recipe_cost_ideal_plaza.csv,Filter Coffee @ 80,False,-1.4
Ideal Plaza,Kolkata,318,Filter Coffee @ 80 (MI),MI,1.0,No.,97,Paper Napkin (1pkt = 100pc),1.0,Pc,1.0,,0.2304,0.2356,recipe_cost_ideal_plaza.csv,Filter Coffee @ 80,False,2.3
Ideal Plaza,Kolkata,259,Mango Shake (MI),MI,1.0,No.,113,Paper Straw (1pkt = 100pc),1.0,Pc,1.0,,0.3879,0.3867,recipe_cost_ideal_plaza.csv,Mango Shake,False,-0.3
Ideal Plaza,Kolkata,259,Mango Shake (MI),MI,1.0,No.,97,Paper Napkin (1pkt = 100pc),1.0,Pc,1.0,,0.2304,0.2356,recipe_cost_ideal_plaza.csv,Mango Shake,False,2.3
Ideal Plaza,Kolkata,259,Mango Shake (MI),MI,1.0,No.,547,Mango Crush -750ml,0.03,Ltr,0.03,,5.9646,5.93,recipe_cost_ideal_plaza.csv,Mango Shake,False,-0.6
Ideal Plaza,Kolkata,259,Mango Shake (MI),MI,1.0,No.,76,Milk - Tetra 1Ltr,0.1,Ltr,0.1,,7.6023,7.7504,recipe_cost_ideal_plaza.csv,Mango Shake,False,1.9
Ideal Plaza,Kolkata,259,Mango Shake (MI),MI,1.0,No.,549,Mango Ice Cream,0.18,Ltr,0.18,,21.7721,21.8193,recipe_cost_ideal_plaza.csv,Mango Shake,False,0.2
Ideal Plaza,Kolkata,316,Strawberry Shake (MI),MI,1.0,No.,548,Strawberry Crush - 750ml,0.06,Ltr,0.06,,11.9549,11.9187,recipe_cost_ideal_plaza.csv,Strawberry Shake,False,-0.3
Ideal Plaza,Kolkata,316,Strawberry Shake (MI),MI,1.0,No.,76,Milk - Tetra 1Ltr,0.1,Ltr,0.1,,7.6023,7.7504,recipe_cost_ideal_plaza.csv,Strawberry Shake,False,1.9
Ideal Plaza,Kolkata,316,Strawberry Shake (MI),MI,1.0,No.,297,Amul IC BP Vanilla (5L) CF,0.1,Ltr,0.1,,9.9344,9.7801,recipe_cost_ideal_plaza.csv,Strawberry Shake,False,-1.6
Ideal Plaza,Kolkata,316,Strawberry Shake (MI),MI,1.0,No.,97,Paper Napkin (1pkt = 100pc),1.0,Pc,1.0,,0.2304,0.2356,recipe_cost_ideal_plaza.csv,Strawberry Shake,False,2.3
Ideal Plaza,Kolkata,316,Strawberry Shake (MI),MI,1.0,No.,113,Paper Straw (1pkt = 100pc),1.0,Pc,1.0,,0.3879,0.3867,recipe_cost_ideal_plaza.csv,Strawberry Shake,False,-0.3
Ideal Plaza,Kolkata,317,Iced Filter Coffee (MI),MI,1.0,No.,4,Cothas Coffee Powder,0.005,Kg,0.005,,4.2129,4.3058,recipe_cost_ideal_plaza.csv,Iced Filter Coffee,False,2.2
Ideal Plaza,Kolkata,317,Iced Filter Coffee (MI),MI,1.0,No.,76,Milk - Tetra 1Ltr,0.1,Ltr,0.1,,7.6023,7.7504,recipe_cost_ideal_plaza.csv,Iced Filter Coffee,False,1.9
Ideal Plaza,Kolkata,317,Iced Filter Coffee (MI),MI,1.0,No.,31,White Sugar Sachet (1pkt = 200pc),2.0,Pc,2.0,,0.8613,0.8496,recipe_cost_ideal_plaza.csv,Iced Filter Coffee,False,-1.4
Ideal Plaza,Kolkata,317,Iced Filter Coffee (MI),MI,1.0,No.,97,Paper Napkin (1pkt = 100pc),1.0,Pc,1.0,,0.2304,0.2356,recipe_cost_ideal_plaza.csv,Iced Filter Coffee,False,2.3
Ideal Plaza,Kolkata,300,Regular Masala Dosa (MI),MI,1.0,No.,115,Coriander Leaves,0.001,Kg,0.001,,0.0999,0.1,recipe_cost_ideal_plaza.csv,Regular Masala Dosa,False,0.1
Ideal Plaza,Kolkata,312,Medu Vada - Forum (MI),MI,1.0,No.,199,Medu Vada Batter,0.12,Kg,0.12,,,,recipe_cost_ideal_plaza.csv,Medu Vada - Forum,True,
Ideal Plaza,Kolkata,312,Medu Vada - Forum (MI),MI,1.0,No.,533,Medu Vada Batter Powder Mix (1 Pkt = 23gm),0.002,Kg,0.002,,,,recipe_cost_ideal_plaza.csv,Medu Vada - Forum,True,
Ideal Plaza,Kolkata,312,Medu Vada - Forum (MI),MI,1.0,No.,466,"Areca 7"" Plate",1.0,Pc,1.0,,,,recipe_cost_ideal_plaza.csv,Medu Vada - Forum,True,
Ideal Plaza,Kolkata,312,Medu Vada - Forum (MI),MI,1.0,No.,93,Bio-Degradable Spoon (1pkt = 50pc),1.0,Pc,1.0,,1.1829,1.2494,recipe_cost_ideal_plaza.csv,Medu Vada - Forum,False,5.6
Ideal Plaza,Kolkata,312,Medu Vada - Forum (MI),MI,1.0,No.,97,Paper Napkin (1pkt = 100pc),1.0,Pc,1.0,,0.2304,0.2356,recipe_cost_ideal_plaza.csv,Medu Vada - Forum,False,2.3
Ideal Plaza,Kolkata,312,Medu Vada - Forum (MI),MI,1.0,No.,121,Paper Tray Mat (1pkt = 500pc),1.0,Pc,1.0,,,,recipe_cost_ideal_plaza.csv,Medu Vada - Forum,True,
Ideal Plaza,Kolkata,312,Medu Vada - Forum (MI),MI,1.0,No.,29,Salt,0.0026,Kg,0.0026,,0.0705,0.0703,recipe_cost_ideal_plaza.csv,Medu Vada - Forum,False,-0.3
Ideal Plaza,Kolkata,312,Medu Vada - Forum (MI),MI,1.0,No.,229,Coconut Shredded,0.016,Kg,0.016,,2.2641,2.2641,recipe_cost_ideal_plaza.csv,Medu Vada - Forum,False,0.0
Ideal Plaza,Kolkata,312,Medu Vada - Forum (MI),MI,1.0,No.,47,Fried Chana Daal,0.04,Kg,0.04,,4.1402,3.904,recipe_cost_ideal_plaza.csv,Medu Vada - Forum,False,-5.7
Ideal Plaza,Kolkata,312,Medu Vada - Forum (MI),MI,1.0,No.,116,Raw Green Chili,0.008,Kg,0.008,,0.5953,0.5995,recipe_cost_ideal_plaza.csv,Medu Vada - Forum,False,0.7
Ideal Plaza,Kolkata,312,Medu Vada - Forum (MI),MI,1.0,No.,108,Ginger,0.001,Kg,0.001,,0.1313,0.1311,recipe_cost_ideal_plaza.csv,Medu Vada - Forum,False,-0.2
Ideal Plaza,Kolkata,312,Medu Vada - Forum (MI),MI,1.0,No.,115,Coriander Leaves,0.01,Kg,0.01,,0.9989,0.9999,recipe_cost_ideal_plaza.csv,Medu Vada - Forum,False,0.1
Ideal Plaza,Kolkata,312,Medu Vada - Forum (MI),MI,1.0,No.,26,Jaggery,0.002,Kg,0.002,,0.1146,0.1245,recipe_cost_ideal_plaza.csv,Medu Vada - Forum,False,8.6
Ideal Plaza,Kolkata,312,Medu Vada - Forum (MI),MI,1.0,No.,329,Imli Water,0.008,Ltr,0.008,,0.2038,0.2004,recipe_cost_ideal_plaza.csv,Medu Vada - Forum,False,-1.7
Ideal Plaza,Kolkata,312,Medu Vada - Forum (MI),MI,1.0,No.,21,RO Water,0.12,Ltr,0.12,,,,recipe_cost_ideal_plaza.csv,Medu Vada - Forum,True,
Ideal Plaza,Kolkata,312,Medu Vada - Forum (MI),MI,1.0,No.,43,Sunflower Refined Oil  ( 1pkt = 868 Ml ),0.004,Ltr,0.004,,0.6016,0.6758,recipe_cost_ideal_plaza.csv,Medu Vada - Forum,False,12.3
Ideal Plaza,Kolkata,312,Medu Vada - Forum (MI),MI,1.0,No.,27,Mustard Seed,0.005,Kg,0.005,,0.9238,0.9492,recipe_cost_ideal_plaza.csv,Medu Vada - Forum,False,2.7
Ideal Plaza,Kolkata,312,Medu Vada - Forum (MI),MI,1.0,No.,48,Dosa Daal (Urad),0.002,Kg,0.002,,0.2599,0.2554,recipe_cost_ideal_plaza.csv,Medu Vada - Forum,False,-1.7
Ideal Plaza,Kolkata,312,Medu Vada - Forum (MI),MI,1.0,No.,40,Dry Red Chili,0.001,Kg,0.001,,0.2382,0.2464,recipe_cost_ideal_plaza.csv,Medu Vada - Forum,False,3.4
Ideal Plaza,Kolkata,312,Medu Vada - Forum (MI),MI,1.0,No.,131,Curry Leaves,0.001,Kg,0.001,,0.0708,0.0712,recipe_cost_ideal_plaza.csv,Medu Vada - Forum,False,0.6
Ideal Plaza,Kolkata,314,Dahi Vada - Forum (MI),MI,1.0,No.,199,Medu Vada Batter,0.12,Kg,0.12,,,,recipe_cost_ideal_plaza.csv,Dahi Vada - Forum,True,
Ideal Plaza,Kolkata,314,Dahi Vada - Forum (MI),MI,1.0,No.,533,Medu Vada Batter Powder Mix (1 Pkt = 23gm),0.002,Kg,0.002,,,,recipe_cost_ideal_plaza.csv,Dahi Vada - Forum,True,
Ideal Plaza,Kolkata,314,Dahi Vada - Forum (MI),MI,1.0,No.,208,Chaat Masala Bucket,0.002,Kg,0.002,,0.7162,0.6925,recipe_cost_ideal_plaza.csv,Dahi Vada - Forum,False,-3.3
Ideal Plaza,Kolkata,314,Dahi Vada - Forum (MI),MI,1.0,No.,43,Sunflower Refined Oil  ( 1pkt = 868 Ml ),0.02,Ltr,0.02,,3.0079,3.3791,recipe_cost_ideal_plaza.csv,Dahi Vada - Forum,False,12.3
Ideal Plaza,Kolkata,314,Dahi Vada - Forum (MI),MI,1.0,No.,97,Paper Napkin (1pkt = 100pc),1.0,Pc,1.0,,0.2304,0.2356,recipe_cost_ideal_plaza.csv,Dahi Vada - Forum,False,2.3
Ideal Plaza,Kolkata,314,Dahi Vada - Forum (MI),MI,1.0,No.,235,Raw Curd,0.25,Kg,0.25,,17.6838,17.85,recipe_cost_ideal_plaza.csv,Dahi Vada - Forum,False,0.9
Ideal Plaza,Kolkata,314,Dahi Vada - Forum (MI),MI,1.0,No.,108,Ginger,0.0025,Kg,0.0025,,0.3283,0.3279,recipe_cost_ideal_plaza.csv,Dahi Vada - Forum,False,-0.1
Ideal Plaza,Kolkata,314,Dahi Vada - Forum (MI),MI,1.0,No.,131,Curry Leaves,0.0003,Kg,0.0003,,0.0177,0.0178,recipe_cost_ideal_plaza.csv,Dahi Vada - Forum,False,0.6
Ideal Plaza,Kolkata,314,Dahi Vada - Forum (MI),MI,1.0,No.,32,Whole Cumin,0.0003,Kg,0.0003,,0.1427,0.1202,recipe_cost_ideal_plaza.csv,Dahi Vada - Forum,False,-15.8
Ideal Plaza,Kolkata,314,Dahi Vada - Forum (MI),MI,1.0,No.,310,Dahi Bucket Mix (1pkt =105gm),0.0025,Kg,0.0025,,0.1583,0.1671,recipe_cost_ideal_plaza.csv,Dahi Vada - Forum,False,5.6
Ideal Plaza,Kolkata,314,Dahi Vada - Forum (MI),MI,1.0,No.,116,Raw Green Chili,0.0025,Kg,0.0025,,0.186,0.1873,recipe_cost_ideal_plaza.csv,Dahi Vada - Forum,False,0.7
Ideal Plaza,Kolkata,314,Dahi Vada - Forum (MI),MI,1.0,No.,466,"Areca 7"" Plate",1.0,Pc,1.0,,,,recipe_cost_ideal_plaza.csv,Dahi Vada - Forum,True,
Ideal Plaza,Kolkata,314,Dahi Vada - Forum (MI),MI,1.0,No.,93,Bio-Degradable Spoon (1pkt = 50pc),1.0,Pc,1.0,,1.1829,1.2494,recipe_cost_ideal_plaza.csv,Dahi Vada - Forum,False,5.6
Ideal Plaza,Kolkata,314,Dahi Vada - Forum (MI),MI,1.0,No.,121,Paper Tray Mat (1pkt = 500pc),1.0,Pc,1.0,,,,recipe_cost_ideal_plaza.csv,Dahi Vada - Forum,True,
Ideal Plaza,Kolkata,308,Garlic Ghee Roast Masala Dosa - Forum (MI),MI,1.0,No.,190,Dosa Batter Mix,0.1,Kg,0.1,,3.2787,3.1289,recipe_cost_ideal_plaza.csv,Garlic Ghee Roast Masala Dosa - Forum,False,-4.6
Ideal Plaza,Kolkata,308,Garlic Ghee Roast Masala Dosa - Forum (MI),MI,1.0,No.,75,Ghee,0.015,Kg,0.015,,10.575,11.3651,recipe_cost_ideal_plaza.csv,Garlic Ghee Roast Masala Dosa - Forum,False,7.5
Ideal Plaza,Kolkata,308,Garlic Ghee Roast Masala Dosa - Forum (MI),MI,1.0,No.,202,Garlic Chutney Bucket,0.025,Kg,0.025,,6.3341,6.4621,recipe_cost_ideal_plaza.csv,Garlic Ghee Roast Masala Dosa - Forum,False,2.0
Ideal Plaza,Kolkata,308,Garlic Ghee Roast Masala Dosa - Forum (MI),MI,1.0,No.,446,Potato Masala Bucket Outlet,0.08,Kg,0.08,,3.4224,3.2989,recipe_cost_ideal_plaza.csv,Garlic Ghee Roast Masala Dosa - Forum,False,-3.6
Ideal Plaza,Kolkata,308,Garlic Ghee Roast Masala Dosa - Forum (MI),MI,1.0,No.,97,Paper Napkin (1pkt = 100pc),1.0,Pc,1.0,,0.2304,0.2356,recipe_cost_ideal_plaza.csv,Garlic Ghee Roast Masala Dosa - Forum,False,2.3
Ideal Plaza,Kolkata,308,Garlic Ghee Roast Masala Dosa - Forum (MI),MI,1.0,No.,29,Salt,0.0026,Kg,0.0026,,0.0705,0.0703,recipe_cost_ideal_plaza.csv,Garlic Ghee Roast Masala Dosa - Forum,False,-0.3
Ideal Plaza,Kolkata,308,Garlic Ghee Roast Masala Dosa - Forum (MI),MI,1.0,No.,229,Coconut Shredded,0.016,Kg,0.016,,2.2641,2.2641,recipe_cost_ideal_plaza.csv,Garlic Ghee Roast Masala Dosa - Forum,False,0.0
Ideal Plaza,Kolkata,308,Garlic Ghee Roast Masala Dosa - Forum (MI),MI,1.0,No.,47,Fried Chana Daal,0.04,Kg,0.04,,4.1402,3.904,recipe_cost_ideal_plaza.csv,Garlic Ghee Roast Masala Dosa - Forum,False,-5.7
Ideal Plaza,Kolkata,308,Garlic Ghee Roast Masala Dosa - Forum (MI),MI,1.0,No.,116,Raw Green Chili,0.008,Kg,0.008,,0.5953,0.5995,recipe_cost_ideal_plaza.csv,Garlic Ghee Roast Masala Dosa - Forum,False,0.7
Ideal Plaza,Kolkata,308,Garlic Ghee Roast Masala Dosa - Forum (MI),MI,1.0,No.,108,Ginger,0.001,Kg,0.001,,0.1313,0.1311,recipe_cost_ideal_plaza.csv,Garlic Ghee Roast Masala Dosa - Forum,False,-0.2
Ideal Plaza,Kolkata,308,Garlic Ghee Roast Masala Dosa - Forum (MI),MI,1.0,No.,115,Coriander Leaves,0.01,Kg,0.01,,0.9989,0.9999,recipe_cost_ideal_plaza.csv,Garlic Ghee Roast Masala Dosa - Forum,False,0.1
Ideal Plaza,Kolkata,308,Garlic Ghee Roast Masala Dosa - Forum (MI),MI,1.0,No.,26,Jaggery,0.002,Kg,0.002,,0.1146,0.1245,recipe_cost_ideal_plaza.csv,Garlic Ghee Roast Masala Dosa - Forum,False,8.6
Ideal Plaza,Kolkata,308,Garlic Ghee Roast Masala Dosa - Forum (MI),MI,1.0,No.,329,Imli Water,0.008,Ltr,0.008,,0.2038,0.2004,recipe_cost_ideal_plaza.csv,Garlic Ghee Roast Masala Dosa - Forum,False,-1.7
Ideal Plaza,Kolkata,308,Garlic Ghee Roast Masala Dosa - Forum (MI),MI,1.0,No.,21,RO Water,0.12,Ltr,0.12,,,,recipe_cost_ideal_plaza.csv,Garlic Ghee Roast Masala Dosa - Forum,True,
Ideal Plaza,Kolkata,308,Garlic Ghee Roast Masala Dosa - Forum (MI),MI,1.0,No.,43,Sunflower Refined Oil  ( 1pkt = 868 Ml ),0.004,Ltr,0.004,,0.6016,0.6758,recipe_cost_ideal_plaza.csv,Garlic Ghee Roast Masala Dosa - Forum,False,12.3
Ideal Plaza,Kolkata,308,Garlic Ghee Roast Masala Dosa - Forum (MI),MI,1.0,No.,27,Mustard Seed,0.005,Kg,0.005,,0.9238,0.9492,recipe_cost_ideal_plaza.csv,Garlic Ghee Roast Masala Dosa - Forum,False,2.7
Ideal Plaza,Kolkata,308,Garlic Ghee Roast Masala Dosa - Forum (MI),MI,1.0,No.,48,Dosa Daal (Urad),0.002,Kg,0.002,,0.2599,0.2554,recipe_cost_ideal_plaza.csv,Garlic Ghee Roast Masala Dosa - Forum,False,-1.7
Ideal Plaza,Kolkata,308,Garlic Ghee Roast Masala Dosa - Forum (MI),MI,1.0,No.,40,Dry Red Chili,0.001,Kg,0.001,,0.2382,0.2464,recipe_cost_ideal_plaza.csv,Garlic Ghee Roast Masala Dosa - Forum,False,3.4
Ideal Plaza,Kolkata,308,Garlic Ghee Roast Masala Dosa - Forum (MI),MI,1.0,No.,131,Curry Leaves,0.001,Kg,0.001,,0.0708,0.0712,recipe_cost_ideal_plaza.csv,Garlic Ghee Roast Masala Dosa - Forum,False,0.6
Ideal Plaza,Kolkata,308,Garlic Ghee Roast Masala Dosa - Forum (MI),MI,1.0,No.,430,"Areca 10"" Plate",1.0,Pc,1.0,,,,recipe_cost_ideal_plaza.csv,Garlic Ghee Roast Masala Dosa - Forum,True,
Ideal Plaza,Kolkata,308,Garlic Ghee Roast Masala Dosa - Forum (MI),MI,1.0,No.,92,Banana Leaf Small (1bundle = 50pc),0.5,Pc,0.5,,0.625,0.625,recipe_cost_ideal_plaza.csv,Garlic Ghee Roast Masala Dosa - Forum,False,0.0
Ideal Plaza,Kolkata,308,Garlic Ghee Roast Masala Dosa - Forum (MI),MI,1.0,No.,93,Bio-Degradable Spoon (1pkt = 50pc),1.0,Pc,1.0,,1.1829,1.2494,recipe_cost_ideal_plaza.csv,Garlic Ghee Roast Masala Dosa - Forum,False,5.6
Ideal Plaza,Kolkata,308,Garlic Ghee Roast Masala Dosa - Forum (MI),MI,1.0,No.,121,Paper Tray Mat (1pkt = 500pc),1.0,Pc,1.0,,,,recipe_cost_ideal_plaza.csv,Garlic Ghee Roast Masala Dosa - Forum,True,
Ideal Plaza,Kolkata,311,Ghee Podi Thatte Idli - Forum (MI),MI,1.0,No.,429,Thatte Idli Pc Raw,1.0,Pc,1.0,,5.0751,5.2264,recipe_cost_ideal_plaza.csv,Ghee Podi Thatte Idli - Forum,False,3.0
Ideal Plaza,Kolkata,311,Ghee Podi Thatte Idli - Forum (MI),MI,1.0,No.,194,Thindi Malkapodi Powder Bucket,0.01,Kg,0.01,,1.9476,1.9332,recipe_cost_ideal_plaza.csv,Ghee Podi Thatte Idli - Forum,False,-0.7
Ideal Plaza,Kolkata,311,Ghee Podi Thatte Idli - Forum (MI),MI,1.0,No.,75,Ghee,0.02,Kg,0.02,,14.1,15.1534,recipe_cost_ideal_plaza.csv,Ghee Podi Thatte Idli - Forum,False,7.5
Ideal Plaza,Kolkata,311,Ghee Podi Thatte Idli - Forum (MI),MI,1.0,No.,466,"Areca 7"" Plate",1.0,Pc,1.0,,,,recipe_cost_ideal_plaza.csv,Ghee Podi Thatte Idli - Forum,True,
Ideal Plaza,Kolkata,311,Ghee Podi Thatte Idli - Forum (MI),MI,1.0,No.,93,Bio-Degradable Spoon (1pkt = 50pc),1.0,Pc,1.0,,1.1829,1.2494,recipe_cost_ideal_plaza.csv,Ghee Podi Thatte Idli - Forum,False,5.6
Ideal Plaza,Kolkata,311,Ghee Podi Thatte Idli - Forum (MI),MI,1.0,No.,97,Paper Napkin (1pkt = 100pc),1.0,Pc,1.0,,0.2304,0.2356,recipe_cost_ideal_plaza.csv,Ghee Podi Thatte Idli - Forum,False,2.3
Ideal Plaza,Kolkata,311,Ghee Podi Thatte Idli - Forum (MI),MI,1.0,No.,121,Paper Tray Mat (1pkt = 500pc),1.0,Pc,1.0,,,,recipe_cost_ideal_plaza.csv,Ghee Podi Thatte Idli - Forum,True,
Ideal Plaza,Kolkata,311,Ghee Podi Thatte Idli - Forum (MI),MI,1.0,No.,29,Salt,0.0026,Kg,0.0026,,0.0705,0.0703,recipe_cost_ideal_plaza.csv,Ghee Podi Thatte Idli - Forum,False,-0.3
Ideal Plaza,Kolkata,311,Ghee Podi Thatte Idli - Forum (MI),MI,1.0,No.,229,Coconut Shredded,0.016,Kg,0.016,,2.2641,2.2641,recipe_cost_ideal_plaza.csv,Ghee Podi Thatte Idli - Forum,False,0.0
Ideal Plaza,Kolkata,311,Ghee Podi Thatte Idli - Forum (MI),MI,1.0,No.,47,Fried Chana Daal,0.04,Kg,0.04,,4.1402,3.904,recipe_cost_ideal_plaza.csv,Ghee Podi Thatte Idli - Forum,False,-5.7
Ideal Plaza,Kolkata,311,Ghee Podi Thatte Idli - Forum (MI),MI,1.0,No.,116,Raw Green Chili,0.008,Kg,0.008,,0.5953,0.5995,recipe_cost_ideal_plaza.csv,Ghee Podi Thatte Idli - Forum,False,0.7
Ideal Plaza,Kolkata,311,Ghee Podi Thatte Idli - Forum (MI),MI,1.0,No.,108,Ginger,0.001,Kg,0.001,,0.1313,0.1311,recipe_cost_ideal_plaza.csv,Ghee Podi Thatte Idli - Forum,False,-0.2
Ideal Plaza,Kolkata,311,Ghee Podi Thatte Idli - Forum (MI),MI,1.0,No.,115,Coriander Leaves,0.01,Kg,0.01,,0.9989,0.9999,recipe_cost_ideal_plaza.csv,Ghee Podi Thatte Idli - Forum,False,0.1
Ideal Plaza,Kolkata,311,Ghee Podi Thatte Idli - Forum (MI),MI,1.0,No.,451,Mint leaf,0.007,Kg,0.007,,1.3945,1.325,recipe_cost_ideal_plaza.csv,Ghee Podi Thatte Idli - Forum,False,-5.0
Ideal Plaza,Kolkata,311,Ghee Podi Thatte Idli - Forum (MI),MI,1.0,No.,26,Jaggery,0.002,Kg,0.002,,0.1146,0.1245,recipe_cost_ideal_plaza.csv,Ghee Podi Thatte Idli - Forum,False,8.6
Ideal Plaza,Kolkata,311,Ghee Podi Thatte Idli - Forum (MI),MI,1.0,No.,329,Imli Water,0.008,Ltr,0.008,,0.2038,0.2004,recipe_cost_ideal_plaza.csv,Ghee Podi Thatte Idli - Forum,False,-1.7
Ideal Plaza,Kolkata,311,Ghee Podi Thatte Idli - Forum (MI),MI,1.0,No.,21,RO Water,0.12,Ltr,0.12,,,,recipe_cost_ideal_plaza.csv,Ghee Podi Thatte Idli - Forum,True,
Ideal Plaza,Kolkata,311,Ghee Podi Thatte Idli - Forum (MI),MI,1.0,No.,43,Sunflower Refined Oil  ( 1pkt = 868 Ml ),0.004,Ltr,0.004,,0.6016,0.6758,recipe_cost_ideal_plaza.csv,Ghee Podi Thatte Idli - Forum,False,12.3
Ideal Plaza,Kolkata,311,Ghee Podi Thatte Idli - Forum (MI),MI,1.0,No.,27,Mustard Seed,0.005,Kg,0.005,,0.9238,0.9492,recipe_cost_ideal_plaza.csv,Ghee Podi Thatte Idli - Forum,False,2.7
Ideal Plaza,Kolkata,311,Ghee Podi Thatte Idli - Forum (MI),MI,1.0,No.,48,Dosa Daal (Urad),0.002,Kg,0.002,,0.2599,0.2554,recipe_cost_ideal_plaza.csv,Ghee Podi Thatte Idli - Forum,False,-1.7
Ideal Plaza,Kolkata,311,Ghee Podi Thatte Idli - Forum (MI),MI,1.0,No.,40,Dry Red Chili,0.001,Kg,0.001,,0.2382,0.2464,recipe_cost_ideal_plaza.csv,Ghee Podi Thatte Idli - Forum,False,3.4
Ideal Plaza,Kolkata,311,Ghee Podi Thatte Idli - Forum (MI),MI,1.0,No.,131,Curry Leaves,0.001,Kg,0.001,,0.0708,0.0712,recipe_cost_ideal_plaza.csv,Ghee Podi Thatte Idli - Forum,False,0.6
Ideal Plaza,Kolkata,309,Raw Mango Ghee Roast Masala Dosa - Forum (MI),MI,1.0,No.,190,Dosa Batter Mix,0.1,Kg,0.1,,3.2787,3.1289,recipe_cost_ideal_plaza.csv,Raw Mango Ghee Roast Masala Dosa - Forum,False,-4.6
Ideal Plaza,Kolkata,309,Raw Mango Ghee Roast Masala Dosa - Forum (MI),MI,1.0,No.,209,Raw Mango Chutney Bucket,0.025,Kg,0.025,,4.0799,4.2824,recipe_cost_ideal_plaza.csv,Raw Mango Ghee Roast Masala Dosa - Forum,False,5.0
Ideal Plaza,Kolkata,309,Raw Mango Ghee Roast Masala Dosa - Forum (MI),MI,1.0,No.,75,Ghee,0.015,Kg,0.015,,10.575,11.3651,recipe_cost_ideal_plaza.csv,Raw Mango Ghee Roast Masala Dosa - Forum,False,7.5
Ideal Plaza,Kolkata,309,Raw Mango Ghee Roast Masala Dosa - Forum (MI),MI,1.0,No.,446,Potato Masala Bucket Outlet,0.08,Kg,0.08,,3.4224,3.2989,recipe_cost_ideal_plaza.csv,Raw Mango Ghee Roast Masala Dosa - Forum,False,-3.6
Ideal Plaza,Kolkata,309,Raw Mango Ghee Roast Masala Dosa - Forum (MI),MI,1.0,No.,97,Paper Napkin (1pkt = 100pc),1.0,Pc,1.0,,0.2304,0.2356,recipe_cost_ideal_plaza.csv,Raw Mango Ghee Roast Masala Dosa - Forum,False,2.3
Ideal Plaza,Kolkata,309,Raw Mango Ghee Roast Masala Dosa - Forum (MI),MI,1.0,No.,29,Salt,0.0026,Kg,0.0026,,0.0705,0.0703,recipe_cost_ideal_plaza.csv,Raw Mango Ghee Roast Masala Dosa - Forum,False,-0.3
Ideal Plaza,Kolkata,309,Raw Mango Ghee Roast Masala Dosa - Forum (MI),MI,1.0,No.,229,Coconut Shredded,0.016,Kg,0.016,,2.2641,2.2641,recipe_cost_ideal_plaza.csv,Raw Mango Ghee Roast Masala Dosa - Forum,False,0.0
Ideal Plaza,Kolkata,309,Raw Mango Ghee Roast Masala Dosa - Forum (MI),MI,1.0,No.,47,Fried Chana Daal,0.04,Kg,0.04,,4.1402,3.904,recipe_cost_ideal_plaza.csv,Raw Mango Ghee Roast Masala Dosa - Forum,False,-5.7
Ideal Plaza,Kolkata,309,Raw Mango Ghee Roast Masala Dosa - Forum (MI),MI,1.0,No.,116,Raw Green Chili,0.008,Kg,0.008,,0.5953,0.5995,recipe_cost_ideal_plaza.csv,Raw Mango Ghee Roast Masala Dosa - Forum,False,0.7
Ideal Plaza,Kolkata,309,Raw Mango Ghee Roast Masala Dosa - Forum (MI),MI,1.0,No.,108,Ginger,0.001,Kg,0.001,,0.1313,0.1311,recipe_cost_ideal_plaza.csv,Raw Mango Ghee Roast Masala Dosa - Forum,False,-0.2
Ideal Plaza,Kolkata,309,Raw Mango Ghee Roast Masala Dosa - Forum (MI),MI,1.0,No.,115,Coriander Leaves,0.01,Kg,0.01,,0.9989,0.9999,recipe_cost_ideal_plaza.csv,Raw Mango Ghee Roast Masala Dosa - Forum,False,0.1
Ideal Plaza,Kolkata,309,Raw Mango Ghee Roast Masala Dosa - Forum (MI),MI,1.0,No.,26,Jaggery,0.002,Kg,0.002,,0.1146,0.1245,recipe_cost_ideal_plaza.csv,Raw Mango Ghee Roast Masala Dosa - Forum,False,8.6
Ideal Plaza,Kolkata,309,Raw Mango Ghee Roast Masala Dosa - Forum (MI),MI,1.0,No.,329,Imli Water,0.008,Ltr,0.008,,0.2038,0.2004,recipe_cost_ideal_plaza.csv,Raw Mango Ghee Roast Masala Dosa - Forum,False,-1.7
Ideal Plaza,Kolkata,309,Raw Mango Ghee Roast Masala Dosa - Forum (MI),MI,1.0,No.,21,RO Water,0.12,Ltr,0.12,,,,recipe_cost_ideal_plaza.csv,Raw Mango Ghee Roast Masala Dosa - Forum,True,
Ideal Plaza,Kolkata,309,Raw Mango Ghee Roast Masala Dosa - Forum (MI),MI,1.0,No.,43,Sunflower Refined Oil  ( 1pkt = 868 Ml ),0.004,Ltr,0.004,,0.6016,0.6758,recipe_cost_ideal_plaza.csv,Raw Mango Ghee Roast Masala Dosa - Forum,False,12.3
Ideal Plaza,Kolkata,309,Raw Mango Ghee Roast Masala Dosa - Forum (MI),MI,1.0,No.,27,Mustard Seed,0.005,Kg,0.005,,0.9238,0.9492,recipe_cost_ideal_plaza.csv,Raw Mango Ghee Roast Masala Dosa - Forum,False,2.7
Ideal Plaza,Kolkata,309,Raw Mango Ghee Roast Masala Dosa - Forum (MI),MI,1.0,No.,48,Dosa Daal (Urad),0.002,Kg,0.002,,0.2599,0.2554,recipe_cost_ideal_plaza.csv,Raw Mango Ghee Roast Masala Dosa - Forum,False,-1.7
Ideal Plaza,Kolkata,309,Raw Mango Ghee Roast Masala Dosa - Forum (MI),MI,1.0,No.,40,Dry Red Chili,0.001,Kg,0.001,,0.2382,0.2464,recipe_cost_ideal_plaza.csv,Raw Mango Ghee Roast Masala Dosa - Forum,False,3.4
Ideal Plaza,Kolkata,309,Raw Mango Ghee Roast Masala Dosa - Forum (MI),MI,1.0,No.,131,Curry Leaves,0.001,Kg,0.001,,0.0708,0.0712,recipe_cost_ideal_plaza.csv,Raw Mango Ghee Roast Masala Dosa - Forum,False,0.6
Ideal Plaza,Kolkata,309,Raw Mango Ghee Roast Masala Dosa - Forum (MI),MI,1.0,No.,430,"Areca 10"" Plate",1.0,Pc,1.0,,,,recipe_cost_ideal_plaza.csv,Raw Mango Ghee Roast Masala Dosa - Forum,True,
Ideal Plaza,Kolkata,309,Raw Mango Ghee Roast Masala Dosa - Forum (MI),MI,1.0,No.,92,Banana Leaf Small (1bundle = 50pc),0.5,Pc,0.5,,0.625,0.625,recipe_cost_ideal_plaza.csv,Raw Mango Ghee Roast Masala Dosa - Forum,False,0.0
Ideal Plaza,Kolkata,309,Raw Mango Ghee Roast Masala Dosa - Forum (MI),MI,1.0,No.,93,Bio-Degradable Spoon (1pkt = 50pc),1.0,Pc,1.0,,1.1829,1.2494,recipe_cost_ideal_plaza.csv,Raw Mango Ghee Roast Masala Dosa - Forum,False,5.6
Ideal Plaza,Kolkata,309,Raw Mango Ghee Roast Masala Dosa - Forum (MI),MI,1.0,No.,121,Paper Tray Mat (1pkt = 500pc),1.0,Pc,1.0,,,,recipe_cost_ideal_plaza.csv,Raw Mango Ghee Roast Masala Dosa - Forum,True,
Ideal Plaza,Kolkata,310,Thatte Idli - Forum (MI),MI,1.0,No.,429,Thatte Idli Pc Raw,1.0,Pc,1.0,,5.0751,5.2264,recipe_cost_ideal_plaza.csv,Thatte Idli - Forum,False,3.0
Ideal Plaza,Kolkata,310,Thatte Idli - Forum (MI),MI,1.0,No.,97,Paper Napkin (1pkt = 100pc),1.0,Pc,1.0,,0.2304,0.2356,recipe_cost_ideal_plaza.csv,Thatte Idli - Forum,False,2.3
Ideal Plaza,Kolkata,310,Thatte Idli - Forum (MI),MI,1.0,No.,29,Salt,0.0026,Kg,0.0026,,0.0705,0.0703,recipe_cost_ideal_plaza.csv,Thatte Idli - Forum,False,-0.3
Ideal Plaza,Kolkata,310,Thatte Idli - Forum (MI),MI,1.0,No.,229,Coconut Shredded,0.016,Kg,0.016,,2.2641,2.2641,recipe_cost_ideal_plaza.csv,Thatte Idli - Forum,False,0.0
Ideal Plaza,Kolkata,310,Thatte Idli - Forum (MI),MI,1.0,No.,47,Fried Chana Daal,0.04,Kg,0.04,,4.1402,3.904,recipe_cost_ideal_plaza.csv,Thatte Idli - Forum,False,-5.7
Ideal Plaza,Kolkata,310,Thatte Idli - Forum (MI),MI,1.0,No.,116,Raw Green Chili,0.008,Kg,0.008,,0.5953,0.5995,recipe_cost_ideal_plaza.csv,Thatte Idli - Forum,False,0.7
Ideal Plaza,Kolkata,310,Thatte Idli - Forum (MI),MI,1.0,No.,108,Ginger,0.001,Kg,0.001,,0.1313,0.1311,recipe_cost_ideal_plaza.csv,Thatte Idli - Forum,False,-0.2
Ideal Plaza,Kolkata,310,Thatte Idli - Forum (MI),MI,1.0,No.,115,Coriander Leaves,0.01,Kg,0.01,,0.9989,0.9999,recipe_cost_ideal_plaza.csv,Thatte Idli - Forum,False,0.1
Ideal Plaza,Kolkata,310,Thatte Idli - Forum (MI),MI,1.0,No.,26,Jaggery,0.002,Kg,0.002,,0.1146,0.1245,recipe_cost_ideal_plaza.csv,Thatte Idli - Forum,False,8.6
Ideal Plaza,Kolkata,310,Thatte Idli - Forum (MI),MI,1.0,No.,329,Imli Water,0.008,Ltr,0.008,,0.2038,0.2004,recipe_cost_ideal_plaza.csv,Thatte Idli - Forum,False,-1.7
Ideal Plaza,Kolkata,310,Thatte Idli - Forum (MI),MI,1.0,No.,21,RO Water,0.12,Ltr,0.12,,,,recipe_cost_ideal_plaza.csv,Thatte Idli - Forum,True,
Ideal Plaza,Kolkata,310,Thatte Idli - Forum (MI),MI,1.0,No.,43,Sunflower Refined Oil  ( 1pkt = 868 Ml ),0.004,Ltr,0.004,,0.6016,0.6758,recipe_cost_ideal_plaza.csv,Thatte Idli - Forum,False,12.3
Ideal Plaza,Kolkata,310,Thatte Idli - Forum (MI),MI,1.0,No.,27,Mustard Seed,0.005,Kg,0.005,,0.9238,0.9492,recipe_cost_ideal_plaza.csv,Thatte Idli - Forum,False,2.7
Ideal Plaza,Kolkata,310,Thatte Idli - Forum (MI),MI,1.0,No.,48,Dosa Daal (Urad),0.002,Kg,0.002,,0.2599,0.2554,recipe_cost_ideal_plaza.csv,Thatte Idli - Forum,False,-1.7
Ideal Plaza,Kolkata,310,Thatte Idli - Forum (MI),MI,1.0,No.,40,Dry Red Chili,0.001,Kg,0.001,,0.2382,0.2464,recipe_cost_ideal_plaza.csv,Thatte Idli - Forum,False,3.4
Ideal Plaza,Kolkata,310,Thatte Idli - Forum (MI),MI,1.0,No.,131,Curry Leaves,0.001,Kg,0.001,,0.0708,0.0712,recipe_cost_ideal_plaza.csv,Thatte Idli - Forum,False,0.6
Ideal Plaza,Kolkata,310,Thatte Idli - Forum (MI),MI,1.0,No.,451,Mint leaf,0.007,Kg,0.007,,1.3945,1.325,recipe_cost_ideal_plaza.csv,Thatte Idli - Forum,False,-5.0
Ideal Plaza,Kolkata,310,Thatte Idli - Forum (MI),MI,1.0,No.,466,"Areca 7"" Plate",1.0,Pc,1.0,,,,recipe_cost_ideal_plaza.csv,Thatte Idli - Forum,True,
Ideal Plaza,Kolkata,310,Thatte Idli - Forum (MI),MI,1.0,No.,93,Bio-Degradable Spoon (1pkt = 50pc),1.0,Pc,1.0,,1.1829,1.2494,recipe_cost_ideal_plaza.csv,Thatte Idli - Forum,False,5.6
Ideal Plaza,Kolkata,310,Thatte Idli - Forum (MI),MI,1.0,No.,121,Paper Tray Mat (1pkt = 500pc),1.0,Pc,1.0,,,,recipe_cost_ideal_plaza.csv,Thatte Idli - Forum,True,
Ideal Plaza,Kolkata,306,Raw Mango Benne Masala Dosa - Forum (MI),MI,1.0,No.,534,Benne Dosa Batter (Pack Size -3 Kg ),0.1,Kg,0.1,,3.2839,2.9454,recipe_cost_ideal_plaza.csv,Raw Mango Benne Masala Dosa - Forum,False,-10.3
Ideal Plaza,Kolkata,306,Raw Mango Benne Masala Dosa - Forum (MI),MI,1.0,No.,391,White Butter,0.02,Kg,0.02,,11.5977,11.7599,recipe_cost_ideal_plaza.csv,Raw Mango Benne Masala Dosa - Forum,False,1.4
Ideal Plaza,Kolkata,306,Raw Mango Benne Masala Dosa - Forum (MI),MI,1.0,No.,209,Raw Mango Chutney Bucket,0.025,Kg,0.025,,4.0799,4.2824,recipe_cost_ideal_plaza.csv,Raw Mango Benne Masala Dosa - Forum,False,5.0
Ideal Plaza,Kolkata,306,Raw Mango Benne Masala Dosa - Forum (MI),MI,1.0,No.,97,Paper Napkin (1pkt = 100pc),1.0,Pc,1.0,,0.2304,0.2356,recipe_cost_ideal_plaza.csv,Raw Mango Benne Masala Dosa - Forum,False,2.3
Ideal Plaza,Kolkata,306,Raw Mango Benne Masala Dosa - Forum (MI),MI,1.0,No.,29,Salt,0.0026,Kg,0.0026,,0.0705,0.0703,recipe_cost_ideal_plaza.csv,Raw Mango Benne Masala Dosa - Forum,False,-0.3
Ideal Plaza,Kolkata,306,Raw Mango Benne Masala Dosa - Forum (MI),MI,1.0,No.,229,Coconut Shredded,0.016,Kg,0.016,,2.2641,2.2641,recipe_cost_ideal_plaza.csv,Raw Mango Benne Masala Dosa - Forum,False,0.0
Ideal Plaza,Kolkata,306,Raw Mango Benne Masala Dosa - Forum (MI),MI,1.0,No.,47,Fried Chana Daal,0.04,Kg,0.04,,4.1402,3.904,recipe_cost_ideal_plaza.csv,Raw Mango Benne Masala Dosa - Forum,False,-5.7
Ideal Plaza,Kolkata,306,Raw Mango Benne Masala Dosa - Forum (MI),MI,1.0,No.,116,Raw Green Chili,0.008,Kg,0.008,,0.5953,0.5995,recipe_cost_ideal_plaza.csv,Raw Mango Benne Masala Dosa - Forum,False,0.7
Ideal Plaza,Kolkata,306,Raw Mango Benne Masala Dosa - Forum (MI),MI,1.0,No.,108,Ginger,0.001,Kg,0.001,,0.1313,0.1311,recipe_cost_ideal_plaza.csv,Raw Mango Benne Masala Dosa - Forum,False,-0.2
Ideal Plaza,Kolkata,306,Raw Mango Benne Masala Dosa - Forum (MI),MI,1.0,No.,115,Coriander Leaves,0.01,Kg,0.01,,0.9989,0.9999,recipe_cost_ideal_plaza.csv,Raw Mango Benne Masala Dosa - Forum,False,0.1
Ideal Plaza,Kolkata,306,Raw Mango Benne Masala Dosa - Forum (MI),MI,1.0,No.,26,Jaggery,0.002,Kg,0.002,,0.1146,0.1245,recipe_cost_ideal_plaza.csv,Raw Mango Benne Masala Dosa - Forum,False,8.6
Ideal Plaza,Kolkata,306,Raw Mango Benne Masala Dosa - Forum (MI),MI,1.0,No.,329,Imli Water,0.008,Ltr,0.008,,0.2038,0.2004,recipe_cost_ideal_plaza.csv,Raw Mango Benne Masala Dosa - Forum,False,-1.7
Ideal Plaza,Kolkata,306,Raw Mango Benne Masala Dosa - Forum (MI),MI,1.0,No.,21,RO Water,0.12,Ltr,0.12,,,,recipe_cost_ideal_plaza.csv,Raw Mango Benne Masala Dosa - Forum,True,
Ideal Plaza,Kolkata,306,Raw Mango Benne Masala Dosa - Forum (MI),MI,1.0,No.,43,Sunflower Refined Oil  ( 1pkt = 868 Ml ),0.004,Ltr,0.004,,0.6016,0.6758,recipe_cost_ideal_plaza.csv,Raw Mango Benne Masala Dosa - Forum,False,12.3
Ideal Plaza,Kolkata,306,Raw Mango Benne Masala Dosa - Forum (MI),MI,1.0,No.,27,Mustard Seed,0.005,Kg,0.005,,0.9238,0.9492,recipe_cost_ideal_plaza.csv,Raw Mango Benne Masala Dosa - Forum,False,2.7
Ideal Plaza,Kolkata,306,Raw Mango Benne Masala Dosa - Forum (MI),MI,1.0,No.,48,Dosa Daal (Urad),0.002,Kg,0.002,,0.2599,0.2554,recipe_cost_ideal_plaza.csv,Raw Mango Benne Masala Dosa - Forum,False,-1.7
Ideal Plaza,Kolkata,306,Raw Mango Benne Masala Dosa - Forum (MI),MI,1.0,No.,40,Dry Red Chili,0.001,Kg,0.001,,0.2382,0.2464,recipe_cost_ideal_plaza.csv,Raw Mango Benne Masala Dosa - Forum,False,3.4
Ideal Plaza,Kolkata,306,Raw Mango Benne Masala Dosa - Forum (MI),MI,1.0,No.,131,Curry Leaves,0.001,Kg,0.001,,0.0708,0.0712,recipe_cost_ideal_plaza.csv,Raw Mango Benne Masala Dosa - Forum,False,0.6
Ideal Plaza,Kolkata,306,Raw Mango Benne Masala Dosa - Forum (MI),MI,1.0,No.,446,Potato Masala Bucket Outlet,0.08,Kg,0.08,,3.4224,3.2989,recipe_cost_ideal_plaza.csv,Raw Mango Benne Masala Dosa - Forum,False,-3.6
Ideal Plaza,Kolkata,306,Raw Mango Benne Masala Dosa - Forum (MI),MI,1.0,No.,430,"Areca 10"" Plate",1.0,Pc,1.0,,,,recipe_cost_ideal_plaza.csv,Raw Mango Benne Masala Dosa - Forum,True,
Ideal Plaza,Kolkata,306,Raw Mango Benne Masala Dosa - Forum (MI),MI,1.0,No.,92,Banana Leaf Small (1bundle = 50pc),0.5,Pc,0.5,,0.625,0.625,recipe_cost_ideal_plaza.csv,Raw Mango Benne Masala Dosa - Forum,False,0.0
Ideal Plaza,Kolkata,306,Raw Mango Benne Masala Dosa - Forum (MI),MI,1.0,No.,93,Bio-Degradable Spoon (1pkt = 50pc),1.0,Pc,1.0,,1.1829,1.2494,recipe_cost_ideal_plaza.csv,Raw Mango Benne Masala Dosa - Forum,False,5.6
Ideal Plaza,Kolkata,306,Raw Mango Benne Masala Dosa - Forum (MI),MI,1.0,No.,121,Paper Tray Mat (1pkt = 500pc),1.0,Pc,1.0,,,,recipe_cost_ideal_plaza.csv,Raw Mango Benne Masala Dosa - Forum,True,
Ideal Plaza,Kolkata,307,Ghee Roast Masala Dosa - Forum (MI),MI,1.0,No.,190,Dosa Batter Mix,0.1,Kg,0.1,,3.2787,3.1289,recipe_cost_ideal_plaza.csv,Ghee Roast Masala Dosa - Forum,False,-4.6
Ideal Plaza,Kolkata,307,Ghee Roast Masala Dosa - Forum (MI),MI,1.0,No.,75,Ghee,0.015,Kg,0.015,,10.575,11.3651,recipe_cost_ideal_plaza.csv,Ghee Roast Masala Dosa - Forum,False,7.5
Ideal Plaza,Kolkata,307,Ghee Roast Masala Dosa - Forum (MI),MI,1.0,No.,446,Potato Masala Bucket Outlet,0.08,Kg,0.08,,3.4224,3.2989,recipe_cost_ideal_plaza.csv,Ghee Roast Masala Dosa - Forum,False,-3.6
Ideal Plaza,Kolkata,307,Ghee Roast Masala Dosa - Forum (MI),MI,1.0,No.,97,Paper Napkin (1pkt = 100pc),1.0,Pc,1.0,,0.2304,0.2356,recipe_cost_ideal_plaza.csv,Ghee Roast Masala Dosa - Forum,False,2.3
Ideal Plaza,Kolkata,307,Ghee Roast Masala Dosa - Forum (MI),MI,1.0,No.,29,Salt,0.0026,Kg,0.0026,,0.0705,0.0703,recipe_cost_ideal_plaza.csv,Ghee Roast Masala Dosa - Forum,False,-0.3
Ideal Plaza,Kolkata,307,Ghee Roast Masala Dosa - Forum (MI),MI,1.0,No.,229,Coconut Shredded,0.016,Kg,0.016,,2.2641,2.2641,recipe_cost_ideal_plaza.csv,Ghee Roast Masala Dosa - Forum,False,0.0
Ideal Plaza,Kolkata,307,Ghee Roast Masala Dosa - Forum (MI),MI,1.0,No.,47,Fried Chana Daal,0.04,Kg,0.04,,4.1402,3.904,recipe_cost_ideal_plaza.csv,Ghee Roast Masala Dosa - Forum,False,-5.7
Ideal Plaza,Kolkata,307,Ghee Roast Masala Dosa - Forum (MI),MI,1.0,No.,116,Raw Green Chili,0.008,Kg,0.008,,0.5953,0.5995,recipe_cost_ideal_plaza.csv,Ghee Roast Masala Dosa - Forum,False,0.7
Ideal Plaza,Kolkata,307,Ghee Roast Masala Dosa - Forum (MI),MI,1.0,No.,108,Ginger,0.001,Kg,0.001,,0.1313,0.1311,recipe_cost_ideal_plaza.csv,Ghee Roast Masala Dosa - Forum,False,-0.2
Ideal Plaza,Kolkata,307,Ghee Roast Masala Dosa - Forum (MI),MI,1.0,No.,115,Coriander Leaves,0.01,Kg,0.01,,0.9989,0.9999,recipe_cost_ideal_plaza.csv,Ghee Roast Masala Dosa - Forum,False,0.1
Ideal Plaza,Kolkata,307,Ghee Roast Masala Dosa - Forum (MI),MI,1.0,No.,26,Jaggery,0.002,Kg,0.002,,0.1146,0.1245,recipe_cost_ideal_plaza.csv,Ghee Roast Masala Dosa - Forum,False,8.6
Ideal Plaza,Kolkata,307,Ghee Roast Masala Dosa - Forum (MI),MI,1.0,No.,329,Imli Water,0.008,Ltr,0.008,,0.2038,0.2004,recipe_cost_ideal_plaza.csv,Ghee Roast Masala Dosa - Forum,False,-1.7
Ideal Plaza,Kolkata,307,Ghee Roast Masala Dosa - Forum (MI),MI,1.0,No.,21,RO Water,0.12,Ltr,0.12,,,,recipe_cost_ideal_plaza.csv,Ghee Roast Masala Dosa - Forum,True,
Ideal Plaza,Kolkata,307,Ghee Roast Masala Dosa - Forum (MI),MI,1.0,No.,43,Sunflower Refined Oil  ( 1pkt = 868 Ml ),0.004,Ltr,0.004,,0.6016,0.6758,recipe_cost_ideal_plaza.csv,Ghee Roast Masala Dosa - Forum,False,12.3
Ideal Plaza,Kolkata,307,Ghee Roast Masala Dosa - Forum (MI),MI,1.0,No.,27,Mustard Seed,0.005,Kg,0.005,,0.9238,0.9492,recipe_cost_ideal_plaza.csv,Ghee Roast Masala Dosa - Forum,False,2.7
Ideal Plaza,Kolkata,307,Ghee Roast Masala Dosa - Forum (MI),MI,1.0,No.,48,Dosa Daal (Urad),0.002,Kg,0.002,,0.2599,0.2554,recipe_cost_ideal_plaza.csv,Ghee Roast Masala Dosa - Forum,False,-1.7
Ideal Plaza,Kolkata,307,Ghee Roast Masala Dosa - Forum (MI),MI,1.0,No.,40,Dry Red Chili,0.001,Kg,0.001,,0.2382,0.2464,recipe_cost_ideal_plaza.csv,Ghee Roast Masala Dosa - Forum,False,3.4
Ideal Plaza,Kolkata,307,Ghee Roast Masala Dosa - Forum (MI),MI,1.0,No.,131,Curry Leaves,0.001,Kg,0.001,,0.0708,0.0712,recipe_cost_ideal_plaza.csv,Ghee Roast Masala Dosa - Forum,False,0.6
Ideal Plaza,Kolkata,307,Ghee Roast Masala Dosa - Forum (MI),MI,1.0,No.,430,"Areca 10"" Plate",1.0,Pc,1.0,,,,recipe_cost_ideal_plaza.csv,Ghee Roast Masala Dosa - Forum,True,
Ideal Plaza,Kolkata,307,Ghee Roast Masala Dosa - Forum (MI),MI,1.0,No.,92,Banana Leaf Small (1bundle = 50pc),0.5,Pc,0.5,,0.625,0.625,recipe_cost_ideal_plaza.csv,Ghee Roast Masala Dosa - Forum,False,0.0
Ideal Plaza,Kolkata,307,Ghee Roast Masala Dosa - Forum (MI),MI,1.0,No.,93,Bio-Degradable Spoon (1pkt = 50pc),1.0,Pc,1.0,,1.1829,1.2494,recipe_cost_ideal_plaza.csv,Ghee Roast Masala Dosa - Forum,False,5.6
Ideal Plaza,Kolkata,307,Ghee Roast Masala Dosa - Forum (MI),MI,1.0,No.,121,Paper Tray Mat (1pkt = 500pc),1.0,Pc,1.0,,,,recipe_cost_ideal_plaza.csv,Ghee Roast Masala Dosa - Forum,True,
Ideal Plaza,Kolkata,305,Garlic Benne Masala Dosa - Forum (MI),MI,1.0,No.,534,Benne Dosa Batter (Pack Size -3 Kg ),0.1,Kg,0.1,,3.2839,2.9454,recipe_cost_ideal_plaza.csv,Garlic Benne Masala Dosa - Forum,False,-10.3
Ideal Plaza,Kolkata,305,Garlic Benne Masala Dosa - Forum (MI),MI,1.0,No.,391,White Butter,0.02,Kg,0.02,,11.5977,11.7599,recipe_cost_ideal_plaza.csv,Garlic Benne Masala Dosa - Forum,False,1.4
Ideal Plaza,Kolkata,305,Garlic Benne Masala Dosa - Forum (MI),MI,1.0,No.,202,Garlic Chutney Bucket,0.025,Kg,0.025,,6.3341,6.4621,recipe_cost_ideal_plaza.csv,Garlic Benne Masala Dosa - Forum,False,2.0
Ideal Plaza,Kolkata,305,Garlic Benne Masala Dosa - Forum (MI),MI,1.0,No.,97,Paper Napkin (1pkt = 100pc),1.0,Pc,1.0,,0.2304,0.2356,recipe_cost_ideal_plaza.csv,Garlic Benne Masala Dosa - Forum,False,2.3
Ideal Plaza,Kolkata,305,Garlic Benne Masala Dosa - Forum (MI),MI,1.0,No.,29,Salt,0.0026,Kg,0.0026,,0.0705,0.0703,recipe_cost_ideal_plaza.csv,Garlic Benne Masala Dosa - Forum,False,-0.3
Ideal Plaza,Kolkata,305,Garlic Benne Masala Dosa - Forum (MI),MI,1.0,No.,229,Coconut Shredded,0.016,Kg,0.016,,2.2641,2.2641,recipe_cost_ideal_plaza.csv,Garlic Benne Masala Dosa - Forum,False,0.0
Ideal Plaza,Kolkata,305,Garlic Benne Masala Dosa - Forum (MI),MI,1.0,No.,47,Fried Chana Daal,0.04,Kg,0.04,,4.1402,3.904,recipe_cost_ideal_plaza.csv,Garlic Benne Masala Dosa - Forum,False,-5.7
Ideal Plaza,Kolkata,305,Garlic Benne Masala Dosa - Forum (MI),MI,1.0,No.,116,Raw Green Chili,0.008,Kg,0.008,,0.5953,0.5995,recipe_cost_ideal_plaza.csv,Garlic Benne Masala Dosa - Forum,False,0.7
Ideal Plaza,Kolkata,305,Garlic Benne Masala Dosa - Forum (MI),MI,1.0,No.,108,Ginger,0.001,Kg,0.001,,0.1313,0.1311,recipe_cost_ideal_plaza.csv,Garlic Benne Masala Dosa - Forum,False,-0.2
Ideal Plaza,Kolkata,305,Garlic Benne Masala Dosa - Forum (MI),MI,1.0,No.,115,Coriander Leaves,0.01,Kg,0.01,,0.9989,0.9999,recipe_cost_ideal_plaza.csv,Garlic Benne Masala Dosa - Forum,False,0.1
Ideal Plaza,Kolkata,305,Garlic Benne Masala Dosa - Forum (MI),MI,1.0,No.,26,Jaggery,0.002,Kg,0.002,,0.1146,0.1245,recipe_cost_ideal_plaza.csv,Garlic Benne Masala Dosa - Forum,False,8.6
Ideal Plaza,Kolkata,305,Garlic Benne Masala Dosa - Forum (MI),MI,1.0,No.,329,Imli Water,0.008,Ltr,0.008,,0.2038,0.2004,recipe_cost_ideal_plaza.csv,Garlic Benne Masala Dosa - Forum,False,-1.7
Ideal Plaza,Kolkata,305,Garlic Benne Masala Dosa - Forum (MI),MI,1.0,No.,21,RO Water,0.12,Ltr,0.12,,,,recipe_cost_ideal_plaza.csv,Garlic Benne Masala Dosa - Forum,True,
Ideal Plaza,Kolkata,305,Garlic Benne Masala Dosa - Forum (MI),MI,1.0,No.,43,Sunflower Refined Oil  ( 1pkt = 868 Ml ),0.004,Ltr,0.004,,0.6016,0.6758,recipe_cost_ideal_plaza.csv,Garlic Benne Masala Dosa - Forum,False,12.3
Ideal Plaza,Kolkata,305,Garlic Benne Masala Dosa - Forum (MI),MI,1.0,No.,27,Mustard Seed,0.005,Kg,0.005,,0.9238,0.9492,recipe_cost_ideal_plaza.csv,Garlic Benne Masala Dosa - Forum,False,2.7
Ideal Plaza,Kolkata,305,Garlic Benne Masala Dosa - Forum (MI),MI,1.0,No.,48,Dosa Daal (Urad),0.002,Kg,0.002,,0.2599,0.2554,recipe_cost_ideal_plaza.csv,Garlic Benne Masala Dosa - Forum,False,-1.7
Ideal Plaza,Kolkata,305,Garlic Benne Masala Dosa - Forum (MI),MI,1.0,No.,40,Dry Red Chili,0.001,Kg,0.001,,0.2382,0.2464,recipe_cost_ideal_plaza.csv,Garlic Benne Masala Dosa - Forum,False,3.4
Ideal Plaza,Kolkata,305,Garlic Benne Masala Dosa - Forum (MI),MI,1.0,No.,131,Curry Leaves,0.001,Kg,0.001,,0.0708,0.0712,recipe_cost_ideal_plaza.csv,Garlic Benne Masala Dosa - Forum,False,0.6
Ideal Plaza,Kolkata,305,Garlic Benne Masala Dosa - Forum (MI),MI,1.0,No.,446,Potato Masala Bucket Outlet,0.08,Kg,0.08,,3.4224,3.2989,recipe_cost_ideal_plaza.csv,Garlic Benne Masala Dosa - Forum,False,-3.6
Ideal Plaza,Kolkata,305,Garlic Benne Masala Dosa - Forum (MI),MI,1.0,No.,430,"Areca 10"" Plate",1.0,Pc,1.0,,,,recipe_cost_ideal_plaza.csv,Garlic Benne Masala Dosa - Forum,True,
Ideal Plaza,Kolkata,305,Garlic Benne Masala Dosa - Forum (MI),MI,1.0,No.,92,Banana Leaf Small (1bundle = 50pc),0.5,Pc,0.5,,0.625,0.625,recipe_cost_ideal_plaza.csv,Garlic Benne Masala Dosa - Forum,False,0.0
Ideal Plaza,Kolkata,305,Garlic Benne Masala Dosa - Forum (MI),MI,1.0,No.,93,Bio-Degradable Spoon (1pkt = 50pc),1.0,Pc,1.0,,1.1829,1.2494,recipe_cost_ideal_plaza.csv,Garlic Benne Masala Dosa - Forum,False,5.6
Ideal Plaza,Kolkata,305,Garlic Benne Masala Dosa - Forum (MI),MI,1.0,No.,121,Paper Tray Mat (1pkt = 500pc),1.0,Pc,1.0,,,,recipe_cost_ideal_plaza.csv,Garlic Benne Masala Dosa - Forum,True,
Ideal Plaza,Kolkata,304,Benne Masala Dosa - Forum (MI),MI,1.0,No.,534,Benne Dosa Batter (Pack Size -3 Kg ),0.075,Kg,0.075,,2.4629,2.209,recipe_cost_ideal_plaza.csv,Benne Masala Dosa - Forum,False,-10.3
Ideal Plaza,Kolkata,304,Benne Masala Dosa - Forum (MI),MI,1.0,No.,391,White Butter,0.02,Kg,0.02,,11.5977,11.7599,recipe_cost_ideal_plaza.csv,Benne Masala Dosa - Forum,False,1.4
Ideal Plaza,Kolkata,304,Benne Masala Dosa - Forum (MI),MI,1.0,No.,97,Paper Napkin (1pkt = 100pc),1.0,Pc,1.0,,0.2304,0.2356,recipe_cost_ideal_plaza.csv,Benne Masala Dosa - Forum,False,2.3
Ideal Plaza,Kolkata,304,Benne Masala Dosa - Forum (MI),MI,1.0,No.,29,Salt,0.0026,Kg,0.0026,,0.0705,0.0703,recipe_cost_ideal_plaza.csv,Benne Masala Dosa - Forum,False,-0.3
Ideal Plaza,Kolkata,304,Benne Masala Dosa - Forum (MI),MI,1.0,No.,229,Coconut Shredded,0.016,Kg,0.016,,2.2641,2.2641,recipe_cost_ideal_plaza.csv,Benne Masala Dosa - Forum,False,0.0
Ideal Plaza,Kolkata,304,Benne Masala Dosa - Forum (MI),MI,1.0,No.,47,Fried Chana Daal,0.04,Kg,0.04,,4.1402,3.904,recipe_cost_ideal_plaza.csv,Benne Masala Dosa - Forum,False,-5.7
Ideal Plaza,Kolkata,304,Benne Masala Dosa - Forum (MI),MI,1.0,No.,116,Raw Green Chili,0.008,Kg,0.008,,0.5953,0.5995,recipe_cost_ideal_plaza.csv,Benne Masala Dosa - Forum,False,0.7
Ideal Plaza,Kolkata,304,Benne Masala Dosa - Forum (MI),MI,1.0,No.,108,Ginger,0.001,Kg,0.001,,0.1313,0.1311,recipe_cost_ideal_plaza.csv,Benne Masala Dosa - Forum,False,-0.2
Ideal Plaza,Kolkata,304,Benne Masala Dosa - Forum (MI),MI,1.0,No.,115,Coriander Leaves,0.01,Kg,0.01,,0.9989,0.9999,recipe_cost_ideal_plaza.csv,Benne Masala Dosa - Forum,False,0.1
Ideal Plaza,Kolkata,304,Benne Masala Dosa - Forum (MI),MI,1.0,No.,26,Jaggery,0.002,Kg,0.002,,0.1146,0.1245,recipe_cost_ideal_plaza.csv,Benne Masala Dosa - Forum,False,8.6
Ideal Plaza,Kolkata,304,Benne Masala Dosa - Forum (MI),MI,1.0,No.,329,Imli Water,0.008,Ltr,0.008,,0.2038,0.2004,recipe_cost_ideal_plaza.csv,Benne Masala Dosa - Forum,False,-1.7
Ideal Plaza,Kolkata,304,Benne Masala Dosa - Forum (MI),MI,1.0,No.,21,RO Water,0.12,Ltr,0.12,,,,recipe_cost_ideal_plaza.csv,Benne Masala Dosa - Forum,True,
Ideal Plaza,Kolkata,304,Benne Masala Dosa - Forum (MI),MI,1.0,No.,43,Sunflower Refined Oil  ( 1pkt = 868 Ml ),0.004,Ltr,0.004,,0.6016,0.6758,recipe_cost_ideal_plaza.csv,Benne Masala Dosa - Forum,False,12.3
Ideal Plaza,Kolkata,304,Benne Masala Dosa - Forum (MI),MI,1.0,No.,27,Mustard Seed,0.005,Kg,0.005,,0.9238,0.9492,recipe_cost_ideal_plaza.csv,Benne Masala Dosa - Forum,False,2.7
Ideal Plaza,Kolkata,304,Benne Masala Dosa - Forum (MI),MI,1.0,No.,48,Dosa Daal (Urad),0.002,Kg,0.002,,0.2599,0.2554,recipe_cost_ideal_plaza.csv,Benne Masala Dosa - Forum,False,-1.7
Ideal Plaza,Kolkata,304,Benne Masala Dosa - Forum (MI),MI,1.0,No.,40,Dry Red Chili,0.001,Kg,0.001,,0.2382,0.2464,recipe_cost_ideal_plaza.csv,Benne Masala Dosa - Forum,False,3.4
Ideal Plaza,Kolkata,304,Benne Masala Dosa - Forum (MI),MI,1.0,No.,131,Curry Leaves,0.001,Kg,0.001,,0.0708,0.0712,recipe_cost_ideal_plaza.csv,Benne Masala Dosa - Forum,False,0.6
Ideal Plaza,Kolkata,304,Benne Masala Dosa - Forum (MI),MI,1.0,No.,446,Potato Masala Bucket Outlet,0.1,Kg,0.1,,4.278,4.1236,recipe_cost_ideal_plaza.csv,Benne Masala Dosa - Forum,False,-3.6
Ideal Plaza,Kolkata,304,Benne Masala Dosa - Forum (MI),MI,1.0,No.,430,"Areca 10"" Plate",1.0,Pc,1.0,,,,recipe_cost_ideal_plaza.csv,Benne Masala Dosa - Forum,True,
Ideal Plaza,Kolkata,304,Benne Masala Dosa - Forum (MI),MI,1.0,No.,92,Banana Leaf Small (1bundle = 50pc),1.0,Pc,1.0,,1.25,1.25,recipe_cost_ideal_plaza.csv,Benne Masala Dosa - Forum,False,0.0
Ideal Plaza,Kolkata,304,Benne Masala Dosa - Forum (MI),MI,1.0,No.,93,Bio-Degradable Spoon (1pkt = 50pc),1.0,Pc,1.0,,1.1829,1.2494,recipe_cost_ideal_plaza.csv,Benne Masala Dosa - Forum,False,5.6
Ideal Plaza,Kolkata,304,Benne Masala Dosa - Forum (MI),MI,1.0,No.,121,Paper Tray Mat (1pkt = 500pc),1.0,Pc,1.0,,,,recipe_cost_ideal_plaza.csv,Benne Masala Dosa - Forum,True,
Ideal Plaza,Kolkata,303,DC Benne Tiffin (MI),MI,1.0,No.,534,Benne Dosa Batter (Pack Size -3 Kg ),0.075,Kg,0.075,,2.4629,2.209,recipe_cost_ideal_plaza.csv,DC Benne Tiffin,False,-10.3
Ideal Plaza,Kolkata,303,DC Benne Tiffin (MI),MI,1.0,No.,429,Thatte Idli Pc Raw,1.0,Pc,1.0,,5.0751,5.2264,recipe_cost_ideal_plaza.csv,DC Benne Tiffin,False,3.0
Ideal Plaza,Kolkata,303,DC Benne Tiffin (MI),MI,1.0,No.,446,Potato Masala Bucket Outlet,0.15,Kg,0.15,,6.417,6.1854,recipe_cost_ideal_plaza.csv,DC Benne Tiffin,False,-3.6
Ideal Plaza,Kolkata,303,DC Benne Tiffin (MI),MI,1.0,No.,391,White Butter,0.02,Kg,0.02,,11.5977,11.7599,recipe_cost_ideal_plaza.csv,DC Benne Tiffin,False,1.4
Ideal Plaza,Kolkata,303,DC Benne Tiffin (MI),MI,1.0,No.,206,Medu Vada Batter Mix,0.06,Kg,0.06,,4.5191,4.5127,recipe_cost_ideal_plaza.csv,DC Benne Tiffin,False,-0.1
Ideal Plaza,Kolkata,303,DC Benne Tiffin (MI),MI,1.0,No.,43,Sunflower Refined Oil  ( 1pkt = 868 Ml ),0.01,Ltr,0.01,,1.504,1.6896,recipe_cost_ideal_plaza.csv,DC Benne Tiffin,False,12.3
Ideal Plaza,Kolkata,303,DC Benne Tiffin (MI),MI,1.0,No.,47,Fried Chana Daal,0.03,Kg,0.03,,3.1052,2.928,recipe_cost_ideal_plaza.csv,DC Benne Tiffin,False,-5.7
Ideal Plaza,Kolkata,303,DC Benne Tiffin (MI),MI,1.0,No.,229,Coconut Shredded,0.04,Kg,0.04,,5.6603,5.6603,recipe_cost_ideal_plaza.csv,DC Benne Tiffin,False,0.0
Ideal Plaza,Kolkata,303,DC Benne Tiffin (MI),MI,1.0,No.,108,Ginger,0.005,Kg,0.005,,0.6566,0.6557,recipe_cost_ideal_plaza.csv,DC Benne Tiffin,False,-0.1
Ideal Plaza,Kolkata,303,DC Benne Tiffin (MI),MI,1.0,No.,116,Raw Green Chili,0.003,Kg,0.003,,0.2232,0.2248,recipe_cost_ideal_plaza.csv,DC Benne Tiffin,False,0.7
Ideal Plaza,Kolkata,303,DC Benne Tiffin (MI),MI,1.0,No.,53,Sugar,0.002,Kg,0.002,,0.098,0.1038,recipe_cost_ideal_plaza.csv,DC Benne Tiffin,False,5.9
Ideal Plaza,Kolkata,303,DC Benne Tiffin (MI),MI,1.0,No.,29,Salt,0.005,Kg,0.005,,0.1357,0.1352,recipe_cost_ideal_plaza.csv,DC Benne Tiffin,False,-0.4
Ideal Plaza,Kolkata,303,DC Benne Tiffin (MI),MI,1.0,No.,21,RO Water,0.36,Ltr,0.36,,,,recipe_cost_ideal_plaza.csv,DC Benne Tiffin,True,
Ideal Plaza,Kolkata,303,DC Benne Tiffin (MI),MI,1.0,No.,235,Raw Curd,0.06,Kg,0.06,,4.2441,4.284,recipe_cost_ideal_plaza.csv,DC Benne Tiffin,False,0.9
Ideal Plaza,Kolkata,303,DC Benne Tiffin (MI),MI,1.0,No.,131,Curry Leaves,0.001,Kg,0.001,,0.0708,0.0712,recipe_cost_ideal_plaza.csv,DC Benne Tiffin,False,0.6
Ideal Plaza,Kolkata,303,DC Benne Tiffin (MI),MI,1.0,No.,15,Black Salt,0.003,Kg,0.003,,0.0805,0.0889,recipe_cost_ideal_plaza.csv,DC Benne Tiffin,False,10.4
Ideal Plaza,Kolkata,303,DC Benne Tiffin (MI),MI,1.0,No.,93,Bio-Degradable Spoon (1pkt = 50pc),1.0,Pc,1.0,,1.1829,1.2494,recipe_cost_ideal_plaza.csv,DC Benne Tiffin,False,5.6
Ideal Plaza,Kolkata,303,DC Benne Tiffin (MI),MI,1.0,No.,113,Paper Straw (1pkt = 100pc),1.0,Pc,1.0,,0.3879,0.3867,recipe_cost_ideal_plaza.csv,DC Benne Tiffin,False,-0.3
Ideal Plaza,Kolkata,303,DC Benne Tiffin (MI),MI,1.0,No.,97,Paper Napkin (1pkt = 100pc),1.0,Pc,1.0,,0.2304,0.2356,recipe_cost_ideal_plaza.csv,DC Benne Tiffin,False,2.3
Ideal Plaza,Kolkata,303,DC Benne Tiffin (MI),MI,1.0,No.,121,Paper Tray Mat (1pkt = 500pc),1.0,Pc,1.0,,,,recipe_cost_ideal_plaza.csv,DC Benne Tiffin,True,
Ideal Plaza,Kolkata,157,Regular Sambar (MI),MI,1.0,No.,184,Sambar Bucket,0.2,Ltr,0.2,,5.2713,4.993,recipe_cost_ideal_plaza.csv,Regular Sambar,False,-5.3
Ideal Plaza,Kolkata,157,Regular Sambar (MI),MI,1.0,No.,115,Coriander Leaves,0.002,Kg,0.002,,0.1998,0.2,recipe_cost_ideal_plaza.csv,Regular Sambar,False,0.1
Ideal Plaza,Kolkata,297,Dosa Coffee Benne Tiffin (MI),MI,1.0,No.,534,Benne Dosa Batter (Pack Size -3 Kg ),0.075,Kg,0.075,,2.4629,2.209,recipe_cost_ideal_plaza.csv,Dosa Coffee Benne Tiffin,False,-10.3
Ideal Plaza,Kolkata,297,Dosa Coffee Benne Tiffin (MI),MI,1.0,No.,446,Potato Masala Bucket Outlet,0.15,Kg,0.15,,6.417,6.1854,recipe_cost_ideal_plaza.csv,Dosa Coffee Benne Tiffin,False,-3.6
Ideal Plaza,Kolkata,297,Dosa Coffee Benne Tiffin (MI),MI,1.0,No.,391,White Butter,0.015,Kg,0.015,,8.6983,8.82,recipe_cost_ideal_plaza.csv,Dosa Coffee Benne Tiffin,False,1.4
Ideal Plaza,Kolkata,297,Dosa Coffee Benne Tiffin (MI),MI,1.0,No.,206,Medu Vada Batter Mix,0.06,Kg,0.06,,4.5191,4.5127,recipe_cost_ideal_plaza.csv,Dosa Coffee Benne Tiffin,False,-0.1
Ideal Plaza,Kolkata,297,Dosa Coffee Benne Tiffin (MI),MI,1.0,No.,43,Sunflower Refined Oil  ( 1pkt = 868 Ml ),0.01,Ltr,0.01,,1.504,1.6896,recipe_cost_ideal_plaza.csv,Dosa Coffee Benne Tiffin,False,12.3
Ideal Plaza,Kolkata,297,Dosa Coffee Benne Tiffin (MI),MI,1.0,No.,15,Black Salt,0.003,Kg,0.003,,0.0805,0.0889,recipe_cost_ideal_plaza.csv,Dosa Coffee Benne Tiffin,False,10.4
Ideal Plaza,Kolkata,297,Dosa Coffee Benne Tiffin (MI),MI,1.0,No.,218,Idli Pc Raw (1 Pkt =40pc),1.0,Pc,1.0,,2.0196,2.1091,recipe_cost_ideal_plaza.csv,Dosa Coffee Benne Tiffin,False,4.4
Ideal Plaza,Kolkata,297,Dosa Coffee Benne Tiffin (MI),MI,1.0,No.,56,Cottons Lemonade,1.0,Pc,1.0,,17.4951,17.5,recipe_cost_ideal_plaza.csv,Dosa Coffee Benne Tiffin,False,0.0
Ideal Plaza,Kolkata,297,Dosa Coffee Benne Tiffin (MI),MI,1.0,No.,92,Banana Leaf Small (1bundle = 50pc),1.0,Pc,1.0,,1.25,1.25,recipe_cost_ideal_plaza.csv,Dosa Coffee Benne Tiffin,False,0.0
Ideal Plaza,Kolkata,297,Dosa Coffee Benne Tiffin (MI),MI,1.0,No.,97,Paper Napkin (1pkt = 100pc),1.0,Pc,1.0,,0.2304,0.2356,recipe_cost_ideal_plaza.csv,Dosa Coffee Benne Tiffin,False,2.3
Ideal Plaza,Kolkata,297,Dosa Coffee Benne Tiffin (MI),MI,1.0,No.,47,Fried Chana Daal,0.0313,Kg,0.0313,,3.2345,3.05,recipe_cost_ideal_plaza.csv,Dosa Coffee Benne Tiffin,False,-5.7
Ideal Plaza,Kolkata,297,Dosa Coffee Benne Tiffin (MI),MI,1.0,No.,229,Coconut Shredded,0.0438,Kg,0.0438,,6.191,6.191,recipe_cost_ideal_plaza.csv,Dosa Coffee Benne Tiffin,False,0.0
Ideal Plaza,Kolkata,297,Dosa Coffee Benne Tiffin (MI),MI,1.0,No.,108,Ginger,0.0025,Kg,0.0025,,0.3283,0.3279,recipe_cost_ideal_plaza.csv,Dosa Coffee Benne Tiffin,False,-0.1
Ideal Plaza,Kolkata,297,Dosa Coffee Benne Tiffin (MI),MI,1.0,No.,116,Raw Green Chili,0.0022,Kg,0.0022,,0.1628,0.1639,recipe_cost_ideal_plaza.csv,Dosa Coffee Benne Tiffin,False,0.7
Ideal Plaza,Kolkata,297,Dosa Coffee Benne Tiffin (MI),MI,1.0,No.,53,Sugar,0.0002,Kg,0.0002,,0.0077,0.0081,recipe_cost_ideal_plaza.csv,Dosa Coffee Benne Tiffin,False,5.2
Ideal Plaza,Kolkata,297,Dosa Coffee Benne Tiffin (MI),MI,1.0,No.,29,Salt,0.0031,Kg,0.0031,,0.0848,0.0845,recipe_cost_ideal_plaza.csv,Dosa Coffee Benne Tiffin,False,-0.4
Ideal Plaza,Kolkata,297,Dosa Coffee Benne Tiffin (MI),MI,1.0,No.,21,RO Water,0.125,Ltr,0.125,,,,recipe_cost_ideal_plaza.csv,Dosa Coffee Benne Tiffin,True,
Ideal Plaza,Kolkata,69,Bisbelle Bhaat (MI),MI,1.0,No.,211,Steam Rice Bucket,0.11,Kg,0.11,,6.1921,6.068,recipe_cost_ideal_plaza.csv,Bisbelle Bhaat,False,-2.0
Ideal Plaza,Kolkata,69,Bisbelle Bhaat (MI),MI,1.0,No.,32,Whole Cumin,0.001,Kg,0.001,,0.5709,0.4807,recipe_cost_ideal_plaza.csv,Bisbelle Bhaat,False,-15.8
Ideal Plaza,Kolkata,69,Bisbelle Bhaat (MI),MI,1.0,No.,75,Ghee,0.015,Kg,0.015,,10.575,11.3651,recipe_cost_ideal_plaza.csv,Bisbelle Bhaat,False,7.5
Ideal Plaza,Kolkata,69,Bisbelle Bhaat (MI),MI,1.0,No.,116,Raw Green Chili,0.002,Kg,0.002,,0.1488,0.1499,recipe_cost_ideal_plaza.csv,Bisbelle Bhaat,False,0.7
Ideal Plaza,Kolkata,69,Bisbelle Bhaat (MI),MI,1.0,No.,131,Curry Leaves,0.001,Kg,0.001,,0.0708,0.0712,recipe_cost_ideal_plaza.csv,Bisbelle Bhaat,False,0.6
Ideal Plaza,Kolkata,69,Bisbelle Bhaat (MI),MI,1.0,No.,115,Coriander Leaves,0.003,Kg,0.003,,0.2997,0.3,recipe_cost_ideal_plaza.csv,Bisbelle Bhaat,False,0.1
Ideal Plaza,Kolkata,69,Bisbelle Bhaat (MI),MI,1.0,No.,20,Raw Imli,0.01,Kg,0.01,,,,recipe_cost_ideal_plaza.csv,Bisbelle Bhaat,True,
Ideal Plaza,Kolkata,69,Bisbelle Bhaat (MI),MI,1.0,No.,21,RO Water,0.005,Ltr,0.005,,,,recipe_cost_ideal_plaza.csv,Bisbelle Bhaat,True,
Ideal Plaza,Kolkata,69,Bisbelle Bhaat (MI),MI,1.0,No.,53,Sugar,0.005,Kg,0.005,,0.2451,0.2594,recipe_cost_ideal_plaza.csv,Bisbelle Bhaat,False,5.8
Ideal Plaza,Kolkata,69,Bisbelle Bhaat (MI),MI,1.0,No.,30,Appalam Papad (1pkt = 47pc),1.0,Pc,1.0,,3.8225,3.7801,recipe_cost_ideal_plaza.csv,Bisbelle Bhaat,False,-1.1
Ideal Plaza,Kolkata,69,Bisbelle Bhaat (MI),MI,1.0,No.,181,Raw Mango Pickle Bucket,0.005,Kg,0.005,,0.8711,0.8805,recipe_cost_ideal_plaza.csv,Bisbelle Bhaat,False,1.1
Ideal Plaza,Kolkata,69,Bisbelle Bhaat (MI),MI,1.0,No.,97,Paper Napkin (1pkt = 100pc),1.0,Pc,1.0,,0.2304,0.2356,recipe_cost_ideal_plaza.csv,Bisbelle Bhaat,False,2.3
Ideal Plaza,Kolkata,69,Bisbelle Bhaat (MI),MI,1.0,No.,29,Salt,0.003,Kg,0.003,,0.0814,0.0811,recipe_cost_ideal_plaza.csv,Bisbelle Bhaat,False,-0.4
Ideal Plaza,Kolkata,69,Bisbelle Bhaat (MI),MI,1.0,No.,184,Sambar Bucket,0.4,Ltr,0.4,,10.5427,9.986,recipe_cost_ideal_plaza.csv,Bisbelle Bhaat,False,-5.3
Ideal Plaza,Kolkata,158,Jain Sambar (MI),MI,1.0,No.,115,Coriander Leaves,0.001,Kg,0.001,,0.0999,0.1,recipe_cost_ideal_plaza.csv,Jain Sambar,False,0.1
Ideal Plaza,Kolkata,158,Jain Sambar (MI),MI,1.0,No.,225,Jain Sambar Bucket,0.2,Ltr,0.2,,4.9339,4.7647,recipe_cost_ideal_plaza.csv,Jain Sambar,False,-3.4
Ideal Plaza,Kolkata,302,Fresh Orange Juice (MI),MI,1.0,No.,456,Orange,0.6,Kg,0.6,,42.1082,42.1138,recipe_cost_ideal_plaza.csv,Fresh Orange Juice,False,0.0
Ideal Plaza,Kolkata,302,Fresh Orange Juice (MI),MI,1.0,No.,113,Paper Straw (1pkt = 100pc),1.0,Pc,1.0,,0.3879,0.3867,recipe_cost_ideal_plaza.csv,Fresh Orange Juice,False,-0.3
Ideal Plaza,Kolkata,302,Fresh Orange Juice (MI),MI,1.0,No.,97,Paper Napkin (1pkt = 100pc),1.0,Pc,1.0,,0.2304,0.2356,recipe_cost_ideal_plaza.csv,Fresh Orange Juice,False,2.3
Ideal Plaza,Kolkata,301,Masala Dosa. (MI),MI,1.0,No.,190,Dosa Batter Mix,0.14,Kg,0.14,,4.5902,4.3805,recipe_cost_ideal_plaza.csv,Masala Dosa.,False,-4.6
Ideal Plaza,Kolkata,301,Masala Dosa. (MI),MI,1.0,No.,43,Sunflower Refined Oil  ( 1pkt = 868 Ml ),0.009,Ltr,0.009,,1.3536,1.5206,recipe_cost_ideal_plaza.csv,Masala Dosa.,False,12.3
Ideal Plaza,Kolkata,301,Masala Dosa. (MI),MI,1.0,No.,75,Ghee,0.001,Kg,0.001,,0.705,0.7577,recipe_cost_ideal_plaza.csv,Masala Dosa.,False,7.5
Ideal Plaza,Kolkata,301,Masala Dosa. (MI),MI,1.0,No.,446,Potato Masala Bucket Outlet,0.15,Kg,0.15,,6.417,6.1854,recipe_cost_ideal_plaza.csv,Masala Dosa.,False,-3.6
Ideal Plaza,Kolkata,301,Masala Dosa. (MI),MI,1.0,No.,115,Coriander Leaves,0.001,Kg,0.001,,0.0999,0.1,recipe_cost_ideal_plaza.csv,Masala Dosa.,False,0.1
Ideal Plaza,Kolkata,301,Masala Dosa. (MI),MI,1.0,No.,97,Paper Napkin (1pkt = 100pc),1.0,Pc,1.0,,0.2304,0.2356,recipe_cost_ideal_plaza.csv,Masala Dosa.,False,2.3
Ideal Plaza,Kolkata,301,Masala Dosa. (MI),MI,1.0,No.,207,Special Daal Bucket,0.003,Kg,0.003,,0.46,0.4579,recipe_cost_ideal_plaza.csv,Masala Dosa.,False,-0.5
Ideal Plaza,Kolkata,301,Masala Dosa. (MI),MI,1.0,No.,47,Fried Chana Daal,0.0313,Kg,0.0313,,3.2345,3.05,recipe_cost_ideal_plaza.csv,Masala Dosa.,False,-5.7
Ideal Plaza,Kolkata,301,Masala Dosa. (MI),MI,1.0,No.,229,Coconut Shredded,0.0438,Kg,0.0438,,6.191,6.191,recipe_cost_ideal_plaza.csv,Masala Dosa.,False,0.0
Ideal Plaza,Kolkata,301,Masala Dosa. (MI),MI,1.0,No.,108,Ginger,0.0025,Kg,0.0025,,0.3283,0.3279,recipe_cost_ideal_plaza.csv,Masala Dosa.,False,-0.1
Ideal Plaza,Kolkata,301,Masala Dosa. (MI),MI,1.0,No.,116,Raw Green Chili,0.0022,Kg,0.0022,,0.1628,0.1639,recipe_cost_ideal_plaza.csv,Masala Dosa.,False,0.7
Ideal Plaza,Kolkata,301,Masala Dosa. (MI),MI,1.0,No.,53,Sugar,0.0002,Kg,0.0002,,0.0077,0.0081,recipe_cost_ideal_plaza.csv,Masala Dosa.,False,5.2
Ideal Plaza,Kolkata,301,Masala Dosa. (MI),MI,1.0,No.,29,Salt,0.0031,Kg,0.0031,,0.0848,0.0845,recipe_cost_ideal_plaza.csv,Masala Dosa.,False,-0.4
Ideal Plaza,Kolkata,301,Masala Dosa. (MI),MI,1.0,No.,21,RO Water,0.125,Ltr,0.125,,,,recipe_cost_ideal_plaza.csv,Masala Dosa.,True,
Ideal Plaza,Kolkata,299,Ghee Roast Masala Dosa. (MI),MI,1.0,No.,190,Dosa Batter Mix,0.12,Kg,0.12,,3.9344,3.7547,recipe_cost_ideal_plaza.csv,Ghee Roast Masala Dosa.,False,-4.6
Ideal Plaza,Kolkata,299,Ghee Roast Masala Dosa. (MI),MI,1.0,No.,207,Special Daal Bucket,0.003,Kg,0.003,,0.46,0.4579,recipe_cost_ideal_plaza.csv,Ghee Roast Masala Dosa.,False,-0.5
Ideal Plaza,Kolkata,299,Ghee Roast Masala Dosa. (MI),MI,1.0,No.,97,Paper Napkin (1pkt = 100pc),1.0,Pc,1.0,,0.2304,0.2356,recipe_cost_ideal_plaza.csv,Ghee Roast Masala Dosa.,False,2.3
Ideal Plaza,Kolkata,299,Ghee Roast Masala Dosa. (MI),MI,1.0,No.,47,Fried Chana Daal,0.03,Kg,0.03,,3.1052,2.928,recipe_cost_ideal_plaza.csv,Ghee Roast Masala Dosa.,False,-5.7
Ideal Plaza,Kolkata,299,Ghee Roast Masala Dosa. (MI),MI,1.0,No.,229,Coconut Shredded,0.04,Kg,0.04,,5.6603,5.6603,recipe_cost_ideal_plaza.csv,Ghee Roast Masala Dosa.,False,0.0
Ideal Plaza,Kolkata,299,Ghee Roast Masala Dosa. (MI),MI,1.0,No.,108,Ginger,0.002,Kg,0.002,,0.2626,0.2623,recipe_cost_ideal_plaza.csv,Ghee Roast Masala Dosa.,False,-0.1
Ideal Plaza,Kolkata,299,Ghee Roast Masala Dosa. (MI),MI,1.0,No.,116,Raw Green Chili,0.002,Kg,0.002,,0.1488,0.1499,recipe_cost_ideal_plaza.csv,Ghee Roast Masala Dosa.,False,0.7
Ideal Plaza,Kolkata,299,Ghee Roast Masala Dosa. (MI),MI,1.0,No.,53,Sugar,0.0001,Kg,0.0001,,0.0049,0.0052,recipe_cost_ideal_plaza.csv,Ghee Roast Masala Dosa.,False,6.1
Ideal Plaza,Kolkata,299,Ghee Roast Masala Dosa. (MI),MI,1.0,No.,29,Salt,0.003,Kg,0.003,,0.0814,0.0811,recipe_cost_ideal_plaza.csv,Ghee Roast Masala Dosa.,False,-0.4
Ideal Plaza,Kolkata,299,Ghee Roast Masala Dosa. (MI),MI,1.0,No.,21,RO Water,0.125,Ltr,0.125,,,,recipe_cost_ideal_plaza.csv,Ghee Roast Masala Dosa.,True,
Ideal Plaza,Kolkata,299,Ghee Roast Masala Dosa. (MI),MI,1.0,No.,446,Potato Masala Bucket Outlet,0.15,Kg,0.15,,6.417,6.1854,recipe_cost_ideal_plaza.csv,Ghee Roast Masala Dosa.,False,-3.6
Ideal Plaza,Kolkata,299,Ghee Roast Masala Dosa. (MI),MI,1.0,No.,75,Ghee,0.03,Kg,0.03,,21.15,22.7301,recipe_cost_ideal_plaza.csv,Ghee Roast Masala Dosa.,False,7.5
Ideal Plaza,Kolkata,299,Ghee Roast Masala Dosa. (MI),MI,1.0,No.,84,Banana Leaf Big (1bundle = 50pc),1.0,Pc,1.0,,1.7038,1.8032,recipe_cost_ideal_plaza.csv,Ghee Roast Masala Dosa.,False,5.8
Ideal Plaza,Kolkata,298,Benne Masala Dosa. (MI),MI,1.0,No.,391,White Butter,0.03,Kg,0.03,,17.3966,17.6399,recipe_cost_ideal_plaza.csv,Benne Masala Dosa.,False,1.4
Ideal Plaza,Kolkata,298,Benne Masala Dosa. (MI),MI,1.0,No.,446,Potato Masala Bucket Outlet,0.15,Kg,0.15,,6.417,6.1854,recipe_cost_ideal_plaza.csv,Benne Masala Dosa.,False,-3.6
Ideal Plaza,Kolkata,298,Benne Masala Dosa. (MI),MI,1.0,No.,207,Special Daal Bucket,0.003,Kg,0.003,,0.46,0.4579,recipe_cost_ideal_plaza.csv,Benne Masala Dosa.,False,-0.5
Ideal Plaza,Kolkata,298,Benne Masala Dosa. (MI),MI,1.0,No.,47,Fried Chana Daal,0.031,Kg,0.031,,3.2087,3.0256,recipe_cost_ideal_plaza.csv,Benne Masala Dosa.,False,-5.7
Ideal Plaza,Kolkata,298,Benne Masala Dosa. (MI),MI,1.0,No.,229,Coconut Shredded,0.043,Kg,0.043,,6.0848,6.0848,recipe_cost_ideal_plaza.csv,Benne Masala Dosa.,False,0.0
Ideal Plaza,Kolkata,298,Benne Masala Dosa. (MI),MI,1.0,No.,108,Ginger,0.0025,Kg,0.0025,,0.3283,0.3279,recipe_cost_ideal_plaza.csv,Benne Masala Dosa.,False,-0.1
Ideal Plaza,Kolkata,298,Benne Masala Dosa. (MI),MI,1.0,No.,116,Raw Green Chili,0.0021,Kg,0.0021,,0.1563,0.1574,recipe_cost_ideal_plaza.csv,Benne Masala Dosa.,False,0.7
Ideal Plaza,Kolkata,298,Benne Masala Dosa. (MI),MI,1.0,No.,53,Sugar,0.0001,Kg,0.0001,,0.0049,0.0052,recipe_cost_ideal_plaza.csv,Benne Masala Dosa.,False,6.1
Ideal Plaza,Kolkata,298,Benne Masala Dosa. (MI),MI,1.0,No.,29,Salt,0.003,Kg,0.003,,0.0814,0.0811,recipe_cost_ideal_plaza.csv,Benne Masala Dosa.,False,-0.4
Ideal Plaza,Kolkata,298,Benne Masala Dosa. (MI),MI,1.0,No.,21,RO Water,0.125,Ltr,0.125,,,,recipe_cost_ideal_plaza.csv,Benne Masala Dosa.,True,
Ideal Plaza,Kolkata,298,Benne Masala Dosa. (MI),MI,1.0,No.,97,Paper Napkin (1pkt = 100pc),1.0,Pc,1.0,,0.2304,0.2356,recipe_cost_ideal_plaza.csv,Benne Masala Dosa.,False,2.3
Ideal Plaza,Kolkata,298,Benne Masala Dosa. (MI),MI,1.0,No.,115,Coriander Leaves,0.002,Kg,0.002,,0.1998,0.2,recipe_cost_ideal_plaza.csv,Benne Masala Dosa.,False,0.1
Ideal Plaza,Kolkata,298,Benne Masala Dosa. (MI),MI,1.0,No.,534,Benne Dosa Batter (Pack Size -3 Kg ),0.15,Kg,0.15,,4.9259,4.4181,recipe_cost_ideal_plaza.csv,Benne Masala Dosa.,False,-10.3
Ideal Plaza,Kolkata,253,Benne Masala Dosa (MI),MI,1.0,No.,391,White Butter,0.03,Kg,0.03,,17.3966,17.6399,recipe_cost_ideal_plaza.csv,Benne Masala Dosa,False,1.4
Ideal Plaza,Kolkata,253,Benne Masala Dosa (MI),MI,1.0,No.,446,Potato Masala Bucket Outlet,0.15,Kg,0.15,,6.417,6.1854,recipe_cost_ideal_plaza.csv,Benne Masala Dosa,False,-3.6
Ideal Plaza,Kolkata,253,Benne Masala Dosa (MI),MI,1.0,No.,207,Special Daal Bucket,0.003,Kg,0.003,,0.46,0.4579,recipe_cost_ideal_plaza.csv,Benne Masala Dosa,False,-0.5
Ideal Plaza,Kolkata,253,Benne Masala Dosa (MI),MI,1.0,No.,47,Fried Chana Daal,0.031,Kg,0.031,,3.2087,3.0256,recipe_cost_ideal_plaza.csv,Benne Masala Dosa,False,-5.7
Ideal Plaza,Kolkata,253,Benne Masala Dosa (MI),MI,1.0,No.,229,Coconut Shredded,0.043,Kg,0.043,,6.0848,6.0848,recipe_cost_ideal_plaza.csv,Benne Masala Dosa,False,0.0
Ideal Plaza,Kolkata,253,Benne Masala Dosa (MI),MI,1.0,No.,108,Ginger,0.0025,Kg,0.0025,,0.3283,0.3279,recipe_cost_ideal_plaza.csv,Benne Masala Dosa,False,-0.1
Ideal Plaza,Kolkata,253,Benne Masala Dosa (MI),MI,1.0,No.,116,Raw Green Chili,0.0021,Kg,0.0021,,0.1563,0.1574,recipe_cost_ideal_plaza.csv,Benne Masala Dosa,False,0.7
Ideal Plaza,Kolkata,253,Benne Masala Dosa (MI),MI,1.0,No.,53,Sugar,0.0001,Kg,0.0001,,0.0049,0.0052,recipe_cost_ideal_plaza.csv,Benne Masala Dosa,False,6.1
Ideal Plaza,Kolkata,253,Benne Masala Dosa (MI),MI,1.0,No.,29,Salt,0.003,Kg,0.003,,0.0814,0.0811,recipe_cost_ideal_plaza.csv,Benne Masala Dosa,False,-0.4
Ideal Plaza,Kolkata,253,Benne Masala Dosa (MI),MI,1.0,No.,21,RO Water,0.125,Ltr,0.125,,,,recipe_cost_ideal_plaza.csv,Benne Masala Dosa,True,
Ideal Plaza,Kolkata,253,Benne Masala Dosa (MI),MI,1.0,No.,97,Paper Napkin (1pkt = 100pc),1.0,Pc,1.0,,0.2304,0.2356,recipe_cost_ideal_plaza.csv,Benne Masala Dosa,False,2.3
Ideal Plaza,Kolkata,253,Benne Masala Dosa (MI),MI,1.0,No.,115,Coriander Leaves,0.002,Kg,0.002,,0.1998,0.2,recipe_cost_ideal_plaza.csv,Benne Masala Dosa,False,0.1
Ideal Plaza,Kolkata,253,Benne Masala Dosa (MI),MI,1.0,No.,534,Benne Dosa Batter (Pack Size -3 Kg ),0.15,Kg,0.15,,4.9259,4.4181,recipe_cost_ideal_plaza.csv,Benne Masala Dosa,False,-10.3
Ideal Plaza,Kolkata,296,Ghee Roast Masala Dosa (MI),MI,1.0,No.,190,Dosa Batter Mix,0.12,Kg,0.12,,3.9344,3.7547,recipe_cost_ideal_plaza.csv,Ghee Roast Masala Dosa,False,-4.6
Ideal Plaza,Kolkata,296,Ghee Roast Masala Dosa (MI),MI,1.0,No.,207,Special Daal Bucket,0.003,Kg,0.003,,0.46,0.4579,recipe_cost_ideal_plaza.csv,Ghee Roast Masala Dosa,False,-0.5
Ideal Plaza,Kolkata,296,Ghee Roast Masala Dosa (MI),MI,1.0,No.,97,Paper Napkin (1pkt = 100pc),1.0,Pc,1.0,,0.2304,0.2356,recipe_cost_ideal_plaza.csv,Ghee Roast Masala Dosa,False,2.3
Ideal Plaza,Kolkata,296,Ghee Roast Masala Dosa (MI),MI,1.0,No.,47,Fried Chana Daal,0.03,Kg,0.03,,3.1052,2.928,recipe_cost_ideal_plaza.csv,Ghee Roast Masala Dosa,False,-5.7
Ideal Plaza,Kolkata,296,Ghee Roast Masala Dosa (MI),MI,1.0,No.,229,Coconut Shredded,0.04,Kg,0.04,,5.6603,5.6603,recipe_cost_ideal_plaza.csv,Ghee Roast Masala Dosa,False,0.0
Ideal Plaza,Kolkata,296,Ghee Roast Masala Dosa (MI),MI,1.0,No.,108,Ginger,0.002,Kg,0.002,,0.2626,0.2623,recipe_cost_ideal_plaza.csv,Ghee Roast Masala Dosa,False,-0.1
Ideal Plaza,Kolkata,296,Ghee Roast Masala Dosa (MI),MI,1.0,No.,116,Raw Green Chili,0.002,Kg,0.002,,0.1488,0.1499,recipe_cost_ideal_plaza.csv,Ghee Roast Masala Dosa,False,0.7
Ideal Plaza,Kolkata,296,Ghee Roast Masala Dosa (MI),MI,1.0,No.,53,Sugar,0.0001,Kg,0.0001,,0.0049,0.0052,recipe_cost_ideal_plaza.csv,Ghee Roast Masala Dosa,False,6.1
Ideal Plaza,Kolkata,296,Ghee Roast Masala Dosa (MI),MI,1.0,No.,29,Salt,0.003,Kg,0.003,,0.0814,0.0811,recipe_cost_ideal_plaza.csv,Ghee Roast Masala Dosa,False,-0.4
Ideal Plaza,Kolkata,296,Ghee Roast Masala Dosa (MI),MI,1.0,No.,21,RO Water,0.125,Ltr,0.125,,,,recipe_cost_ideal_plaza.csv,Ghee Roast Masala Dosa,True,
Ideal Plaza,Kolkata,296,Ghee Roast Masala Dosa (MI),MI,1.0,No.,446,Potato Masala Bucket Outlet,0.15,Kg,0.15,,6.417,6.1854,recipe_cost_ideal_plaza.csv,Ghee Roast Masala Dosa,False,-3.6
Ideal Plaza,Kolkata,296,Ghee Roast Masala Dosa (MI),MI,1.0,No.,75,Ghee,0.03,Kg,0.03,,21.15,22.7301,recipe_cost_ideal_plaza.csv,Ghee Roast Masala Dosa,False,7.5
Ideal Plaza,Kolkata,252,Benne Dosa (MI),MI,1.0,No.,391,White Butter,0.03,Kg,0.03,,17.3966,17.6399,recipe_cost_ideal_plaza.csv,Benne Dosa,False,1.4
Ideal Plaza,Kolkata,252,Benne Dosa (MI),MI,1.0,No.,207,Special Daal Bucket,0.002,Kg,0.002,,0.3067,0.3053,recipe_cost_ideal_plaza.csv,Benne Dosa,False,-0.5
Ideal Plaza,Kolkata,252,Benne Dosa (MI),MI,1.0,No.,47,Fried Chana Daal,0.031,Kg,0.031,,3.2087,3.0256,recipe_cost_ideal_plaza.csv,Benne Dosa,False,-5.7
Ideal Plaza,Kolkata,252,Benne Dosa (MI),MI,1.0,No.,229,Coconut Shredded,0.043,Kg,0.043,,6.0848,6.0848,recipe_cost_ideal_plaza.csv,Benne Dosa,False,0.0
Ideal Plaza,Kolkata,252,Benne Dosa (MI),MI,1.0,No.,108,Ginger,0.0025,Kg,0.0025,,0.3283,0.3279,recipe_cost_ideal_plaza.csv,Benne Dosa,False,-0.1
Ideal Plaza,Kolkata,252,Benne Dosa (MI),MI,1.0,No.,116,Raw Green Chili,0.0021,Kg,0.0021,,0.1563,0.1574,recipe_cost_ideal_plaza.csv,Benne Dosa,False,0.7
Ideal Plaza,Kolkata,252,Benne Dosa (MI),MI,1.0,No.,53,Sugar,0.0001,Kg,0.0001,,0.0049,0.0052,recipe_cost_ideal_plaza.csv,Benne Dosa,False,6.1
Ideal Plaza,Kolkata,252,Benne Dosa (MI),MI,1.0,No.,29,Salt,0.003,Kg,0.003,,0.0814,0.0811,recipe_cost_ideal_plaza.csv,Benne Dosa,False,-0.4
Ideal Plaza,Kolkata,252,Benne Dosa (MI),MI,1.0,No.,21,RO Water,0.125,Ltr,0.125,,,,recipe_cost_ideal_plaza.csv,Benne Dosa,True,
Ideal Plaza,Kolkata,252,Benne Dosa (MI),MI,1.0,No.,97,Paper Napkin (1pkt = 100pc),1.0,Pc,1.0,,0.2304,0.2356,recipe_cost_ideal_plaza.csv,Benne Dosa,False,2.3
Ideal Plaza,Kolkata,252,Benne Dosa (MI),MI,1.0,No.,534,Benne Dosa Batter (Pack Size -3 Kg ),0.15,Kg,0.15,,4.9259,4.4181,recipe_cost_ideal_plaza.csv,Benne Dosa,False,-10.3
Ideal Plaza,Kolkata,295,Mysore Benne Dosa (MI),MI,1.0,No.,534,Benne Dosa Batter (Pack Size -3 Kg ),0.15,Kg,0.15,,4.9259,4.4181,recipe_cost_ideal_plaza.csv,Mysore Benne Dosa,False,-10.3
Ideal Plaza,Kolkata,295,Mysore Benne Dosa (MI),MI,1.0,No.,391,White Butter,0.03,Kg,0.03,,17.3966,17.6399,recipe_cost_ideal_plaza.csv,Mysore Benne Dosa,False,1.4
Ideal Plaza,Kolkata,295,Mysore Benne Dosa (MI),MI,1.0,No.,210,Mysore Chutney Bucket,0.06,Kg,0.06,,10.1834,10.3432,recipe_cost_ideal_plaza.csv,Mysore Benne Dosa,False,1.6
Ideal Plaza,Kolkata,295,Mysore Benne Dosa (MI),MI,1.0,No.,97,Paper Napkin (1pkt = 100pc),1.0,Pc,1.0,,0.2304,0.2356,recipe_cost_ideal_plaza.csv,Mysore Benne Dosa,False,2.3
Ideal Plaza,Kolkata,295,Mysore Benne Dosa (MI),MI,1.0,No.,47,Fried Chana Daal,0.031,Kg,0.031,,3.2087,3.0256,recipe_cost_ideal_plaza.csv,Mysore Benne Dosa,False,-5.7
Ideal Plaza,Kolkata,295,Mysore Benne Dosa (MI),MI,1.0,No.,207,Special Daal Bucket,0.003,Kg,0.003,,0.46,0.4579,recipe_cost_ideal_plaza.csv,Mysore Benne Dosa,False,-0.5
Ideal Plaza,Kolkata,295,Mysore Benne Dosa (MI),MI,1.0,No.,229,Coconut Shredded,0.043,Kg,0.043,,6.0848,6.0848,recipe_cost_ideal_plaza.csv,Mysore Benne Dosa,False,0.0
Ideal Plaza,Kolkata,295,Mysore Benne Dosa (MI),MI,1.0,No.,108,Ginger,0.0025,Kg,0.0025,,0.3283,0.3279,recipe_cost_ideal_plaza.csv,Mysore Benne Dosa,False,-0.1
Ideal Plaza,Kolkata,295,Mysore Benne Dosa (MI),MI,1.0,No.,116,Raw Green Chili,0.002,Kg,0.002,,0.1488,0.1499,recipe_cost_ideal_plaza.csv,Mysore Benne Dosa,False,0.7
Ideal Plaza,Kolkata,295,Mysore Benne Dosa (MI),MI,1.0,No.,53,Sugar,0.0001,Kg,0.0001,,0.0049,0.0052,recipe_cost_ideal_plaza.csv,Mysore Benne Dosa,False,6.1
Ideal Plaza,Kolkata,295,Mysore Benne Dosa (MI),MI,1.0,No.,29,Salt,0.003,Kg,0.003,,0.0814,0.0811,recipe_cost_ideal_plaza.csv,Mysore Benne Dosa,False,-0.4
Ideal Plaza,Kolkata,295,Mysore Benne Dosa (MI),MI,1.0,No.,21,RO Water,0.125,Ltr,0.125,,,,recipe_cost_ideal_plaza.csv,Mysore Benne Dosa,True,
Ideal Plaza,Kolkata,295,Mysore Benne Dosa (MI),MI,1.0,No.,115,Coriander Leaves,0.002,Kg,0.002,,0.1998,0.2,recipe_cost_ideal_plaza.csv,Mysore Benne Dosa,False,0.1
Ideal Plaza,Kolkata,294,Raw Mango Benne Dosa (MI),MI,1.0,No.,534,Benne Dosa Batter (Pack Size -3 Kg ),0.15,Kg,0.15,,4.9259,4.4181,recipe_cost_ideal_plaza.csv,Raw Mango Benne Dosa,False,-10.3
Ideal Plaza,Kolkata,294,Raw Mango Benne Dosa (MI),MI,1.0,No.,391,White Butter,0.03,Kg,0.03,,17.3966,17.6399,recipe_cost_ideal_plaza.csv,Raw Mango Benne Dosa,False,1.4
Ideal Plaza,Kolkata,294,Raw Mango Benne Dosa (MI),MI,1.0,No.,209,Raw Mango Chutney Bucket,0.06,Kg,0.06,,9.7918,10.2778,recipe_cost_ideal_plaza.csv,Raw Mango Benne Dosa,False,5.0
Ideal Plaza,Kolkata,294,Raw Mango Benne Dosa (MI),MI,1.0,No.,97,Paper Napkin (1pkt = 100pc),1.0,Pc,1.0,,0.2304,0.2356,recipe_cost_ideal_plaza.csv,Raw Mango Benne Dosa,False,2.3
Ideal Plaza,Kolkata,294,Raw Mango Benne Dosa (MI),MI,1.0,No.,207,Special Daal Bucket,0.003,Kg,0.003,,0.46,0.4579,recipe_cost_ideal_plaza.csv,Raw Mango Benne Dosa,False,-0.5
Ideal Plaza,Kolkata,294,Raw Mango Benne Dosa (MI),MI,1.0,No.,47,Fried Chana Daal,0.031,Kg,0.031,,3.2087,3.0256,recipe_cost_ideal_plaza.csv,Raw Mango Benne Dosa,False,-5.7
Ideal Plaza,Kolkata,294,Raw Mango Benne Dosa (MI),MI,1.0,No.,229,Coconut Shredded,0.043,Kg,0.043,,6.0848,6.0848,recipe_cost_ideal_plaza.csv,Raw Mango Benne Dosa,False,0.0
Ideal Plaza,Kolkata,294,Raw Mango Benne Dosa (MI),MI,1.0,No.,108,Ginger,0.0025,Kg,0.0025,,0.3283,0.3279,recipe_cost_ideal_plaza.csv,Raw Mango Benne Dosa,False,-0.1
Ideal Plaza,Kolkata,294,Raw Mango Benne Dosa (MI),MI,1.0,No.,116,Raw Green Chili,0.002,Kg,0.002,,0.1488,0.1499,recipe_cost_ideal_plaza.csv,Raw Mango Benne Dosa,False,0.7
Ideal Plaza,Kolkata,294,Raw Mango Benne Dosa (MI),MI,1.0,No.,53,Sugar,0.0001,Kg,0.0001,,0.0049,0.0052,recipe_cost_ideal_plaza.csv,Raw Mango Benne Dosa,False,6.1
Ideal Plaza,Kolkata,294,Raw Mango Benne Dosa (MI),MI,1.0,No.,29,Salt,0.003,Kg,0.003,,0.0814,0.0811,recipe_cost_ideal_plaza.csv,Raw Mango Benne Dosa,False,-0.4
Ideal Plaza,Kolkata,294,Raw Mango Benne Dosa (MI),MI,1.0,No.,21,RO Water,0.125,Ltr,0.125,,,,recipe_cost_ideal_plaza.csv,Raw Mango Benne Dosa,True,
Ideal Plaza,Kolkata,294,Raw Mango Benne Dosa (MI),MI,1.0,No.,115,Coriander Leaves,0.002,Kg,0.002,,0.1998,0.2,recipe_cost_ideal_plaza.csv,Raw Mango Benne Dosa,False,0.1
Ideal Plaza,Kolkata,293,Garlic Benne Dosa (MI),MI,1.0,No.,534,Benne Dosa Batter (Pack Size -3 Kg ),0.15,Kg,0.15,,4.9259,4.4181,recipe_cost_ideal_plaza.csv,Garlic Benne Dosa,False,-10.3
Ideal Plaza,Kolkata,293,Garlic Benne Dosa (MI),MI,1.0,No.,391,White Butter,0.03,Kg,0.03,,17.3966,17.6399,recipe_cost_ideal_plaza.csv,Garlic Benne Dosa,False,1.4
Ideal Plaza,Kolkata,293,Garlic Benne Dosa (MI),MI,1.0,No.,202,Garlic Chutney Bucket,0.06,Kg,0.06,,15.2018,15.509,recipe_cost_ideal_plaza.csv,Garlic Benne Dosa,False,2.0
Ideal Plaza,Kolkata,293,Garlic Benne Dosa (MI),MI,1.0,No.,97,Paper Napkin (1pkt = 100pc),1.0,Pc,1.0,,0.2304,0.2356,recipe_cost_ideal_plaza.csv,Garlic Benne Dosa,False,2.3
Ideal Plaza,Kolkata,293,Garlic Benne Dosa (MI),MI,1.0,No.,207,Special Daal Bucket,0.003,Kg,0.003,,0.46,0.4579,recipe_cost_ideal_plaza.csv,Garlic Benne Dosa,False,-0.5
Ideal Plaza,Kolkata,293,Garlic Benne Dosa (MI),MI,1.0,No.,47,Fried Chana Daal,0.031,Kg,0.031,,3.2087,3.0256,recipe_cost_ideal_plaza.csv,Garlic Benne Dosa,False,-5.7
Ideal Plaza,Kolkata,293,Garlic Benne Dosa (MI),MI,1.0,No.,229,Coconut Shredded,0.043,Kg,0.043,,6.0848,6.0848,recipe_cost_ideal_plaza.csv,Garlic Benne Dosa,False,0.0
Ideal Plaza,Kolkata,293,Garlic Benne Dosa (MI),MI,1.0,No.,108,Ginger,0.0025,Kg,0.0025,,0.3283,0.3279,recipe_cost_ideal_plaza.csv,Garlic Benne Dosa,False,-0.1
Ideal Plaza,Kolkata,293,Garlic Benne Dosa (MI),MI,1.0,No.,116,Raw Green Chili,0.002,Kg,0.002,,0.1488,0.1499,recipe_cost_ideal_plaza.csv,Garlic Benne Dosa,False,0.7
Ideal Plaza,Kolkata,293,Garlic Benne Dosa (MI),MI,1.0,No.,53,Sugar,0.0001,Kg,0.0001,,0.0049,0.0052,recipe_cost_ideal_plaza.csv,Garlic Benne Dosa,False,6.1
Ideal Plaza,Kolkata,293,Garlic Benne Dosa (MI),MI,1.0,No.,29,Salt,0.003,Kg,0.003,,0.0814,0.0811,recipe_cost_ideal_plaza.csv,Garlic Benne Dosa,False,-0.4
Ideal Plaza,Kolkata,293,Garlic Benne Dosa (MI),MI,1.0,No.,21,RO Water,0.125,Ltr,0.125,,,,recipe_cost_ideal_plaza.csv,Garlic Benne Dosa,True,
Ideal Plaza,Kolkata,293,Garlic Benne Dosa (MI),MI,1.0,No.,115,Coriander Leaves,0.002,Kg,0.002,,0.1998,0.2,recipe_cost_ideal_plaza.csv,Garlic Benne Dosa,False,0.1
Ideal Plaza,Kolkata,254,Open Butter Masala Dosa (MI),MI,1.0,No.,391,White Butter,0.03,Kg,0.03,,17.3966,17.6399,recipe_cost_ideal_plaza.csv,Open Butter Masala Dosa,False,1.4
Ideal Plaza,Kolkata,254,Open Butter Masala Dosa (MI),MI,1.0,No.,107,Carrot,0.03,Kg,0.03,,1.2405,1.2298,recipe_cost_ideal_plaza.csv,Open Butter Masala Dosa,False,-0.9
Ideal Plaza,Kolkata,254,Open Butter Masala Dosa (MI),MI,1.0,No.,207,Special Daal Bucket,0.003,Kg,0.003,,0.46,0.4579,recipe_cost_ideal_plaza.csv,Open Butter Masala Dosa,False,-0.5
Ideal Plaza,Kolkata,254,Open Butter Masala Dosa (MI),MI,1.0,No.,194,Thindi Malkapodi Powder Bucket,0.01,Kg,0.01,,1.9476,1.9332,recipe_cost_ideal_plaza.csv,Open Butter Masala Dosa,False,-0.7
Ideal Plaza,Kolkata,254,Open Butter Masala Dosa (MI),MI,1.0,No.,446,Potato Masala Bucket Outlet,0.1,Kg,0.1,,4.278,4.1236,recipe_cost_ideal_plaza.csv,Open Butter Masala Dosa,False,-3.6
Ideal Plaza,Kolkata,254,Open Butter Masala Dosa (MI),MI,1.0,No.,47,Fried Chana Daal,0.031,Kg,0.031,,3.2087,3.0256,recipe_cost_ideal_plaza.csv,Open Butter Masala Dosa,False,-5.7
Ideal Plaza,Kolkata,254,Open Butter Masala Dosa (MI),MI,1.0,No.,229,Coconut Shredded,0.043,Kg,0.043,,6.0848,6.0848,recipe_cost_ideal_plaza.csv,Open Butter Masala Dosa,False,0.0
Ideal Plaza,Kolkata,254,Open Butter Masala Dosa (MI),MI,1.0,No.,108,Ginger,0.0025,Kg,0.0025,,0.3283,0.3279,recipe_cost_ideal_plaza.csv,Open Butter Masala Dosa,False,-0.1
Ideal Plaza,Kolkata,254,Open Butter Masala Dosa (MI),MI,1.0,No.,116,Raw Green Chili,0.0021,Kg,0.0021,,0.1563,0.1574,recipe_cost_ideal_plaza.csv,Open Butter Masala Dosa,False,0.7
Ideal Plaza,Kolkata,254,Open Butter Masala Dosa (MI),MI,1.0,No.,53,Sugar,0.0001,Kg,0.0001,,0.0049,0.0052,recipe_cost_ideal_plaza.csv,Open Butter Masala Dosa,False,6.1
Ideal Plaza,Kolkata,254,Open Butter Masala Dosa (MI),MI,1.0,No.,29,Salt,0.0031,Kg,0.0031,,0.0841,0.0838,recipe_cost_ideal_plaza.csv,Open Butter Masala Dosa,False,-0.4
Ideal Plaza,Kolkata,254,Open Butter Masala Dosa (MI),MI,1.0,No.,21,RO Water,0.125,Ltr,0.125,,,,recipe_cost_ideal_plaza.csv,Open Butter Masala Dosa,True,
Ideal Plaza,Kolkata,254,Open Butter Masala Dosa (MI),MI,1.0,No.,97,Paper Napkin (1pkt = 100pc),1.0,Pc,1.0,,0.2304,0.2356,recipe_cost_ideal_plaza.csv,Open Butter Masala Dosa,False,2.3
Ideal Plaza,Kolkata,254,Open Butter Masala Dosa (MI),MI,1.0,No.,190,Dosa Batter Mix,0.15,Kg,0.15,,4.9181,4.6934,recipe_cost_ideal_plaza.csv,Open Butter Masala Dosa,False,-4.6
Ideal Plaza,Kolkata,292,Benne Dosa Batter Kit (1 Kg) (MI),MI,1.0,No.,534,Benne Dosa Batter (Pack Size -3 Kg ),1.0,Kg,1.0,,32.8393,29.454,recipe_cost_ideal_plaza.csv,Benne Dosa Batter Kit (1 Kg),False,-10.3
Ideal Plaza,Kolkata,292,Benne Dosa Batter Kit (1 Kg) (MI),MI,1.0,No.,184,Sambar Bucket,1.0,Ltr,1.0,,26.3567,24.9651,recipe_cost_ideal_plaza.csv,Benne Dosa Batter Kit (1 Kg),False,-5.3
Ideal Plaza,Kolkata,292,Benne Dosa Batter Kit (1 Kg) (MI),MI,1.0,No.,204,Special White Coconut Chutney Bucket,0.5,Kg,0.5,,36.154,36.154,recipe_cost_ideal_plaza.csv,Benne Dosa Batter Kit (1 Kg),False,0.0
Ideal Plaza,Kolkata,292,Benne Dosa Batter Kit (1 Kg) (MI),MI,1.0,No.,446,Potato Masala Bucket Outlet,0.5,Kg,0.5,,21.3899,20.618,recipe_cost_ideal_plaza.csv,Benne Dosa Batter Kit (1 Kg),False,-3.6
Ideal Plaza,Kolkata,292,Benne Dosa Batter Kit (1 Kg) (MI),MI,1.0,No.,115,Coriander Leaves,0.003,Kg,0.003,,0.2997,0.3,recipe_cost_ideal_plaza.csv,Benne Dosa Batter Kit (1 Kg),False,0.1
Ideal Plaza,Kolkata,292,Benne Dosa Batter Kit (1 Kg) (MI),MI,1.0,No.,207,Special Daal Bucket,0.002,Kg,0.002,,0.3067,0.3053,recipe_cost_ideal_plaza.csv,Benne Dosa Batter Kit (1 Kg),False,-0.5
Ideal Plaza,Kolkata,292,Benne Dosa Batter Kit (1 Kg) (MI),MI,1.0,No.,193,Malkapodi Bucket,0.1,Kg,0.1,,16.9326,16.492,recipe_cost_ideal_plaza.csv,Benne Dosa Batter Kit (1 Kg),False,-2.6
Ideal Plaza,Kolkata,291,Plain Idli Pc (MI),MI,1.0,No.,218,Idli Pc Raw (1 Pkt =40pc),1.0,Pc,1.0,,2.0196,2.1091,recipe_cost_ideal_plaza.csv,Plain Idli Pc,False,4.4
Ideal Plaza,Kolkata,291,Plain Idli Pc (MI),MI,1.0,No.,207,Special Daal Bucket,0.003,Kg,0.003,,0.46,0.4579,recipe_cost_ideal_plaza.csv,Plain Idli Pc,False,-0.5
Ideal Plaza,Kolkata,291,Plain Idli Pc (MI),MI,1.0,No.,47,Fried Chana Daal,0.03,Kg,0.03,,3.1052,2.928,recipe_cost_ideal_plaza.csv,Plain Idli Pc,False,-5.7
Ideal Plaza,Kolkata,291,Plain Idli Pc (MI),MI,1.0,No.,229,Coconut Shredded,0.04,Kg,0.04,,5.6603,5.6603,recipe_cost_ideal_plaza.csv,Plain Idli Pc,False,0.0
Ideal Plaza,Kolkata,291,Plain Idli Pc (MI),MI,1.0,No.,108,Ginger,0.002,Kg,0.002,,0.2626,0.2623,recipe_cost_ideal_plaza.csv,Plain Idli Pc,False,-0.1
Ideal Plaza,Kolkata,291,Plain Idli Pc (MI),MI,1.0,No.,116,Raw Green Chili,0.002,Kg,0.002,,0.1488,0.1499,recipe_cost_ideal_plaza.csv,Plain Idli Pc,False,0.7
Ideal Plaza,Kolkata,291,Plain Idli Pc (MI),MI,1.0,No.,53,Sugar,0.002,Kg,0.002,,0.098,0.1038,recipe_cost_ideal_plaza.csv,Plain Idli Pc,False,5.9
Ideal Plaza,Kolkata,291,Plain Idli Pc (MI),MI,1.0,No.,29,Salt,0.004,Kg,0.004,,0.1085,0.1082,recipe_cost_ideal_plaza.csv,Plain Idli Pc,False,-0.3
Ideal Plaza,Kolkata,291,Plain Idli Pc (MI),MI,1.0,No.,21,RO Water,0.12,Ltr,0.12,,,,recipe_cost_ideal_plaza.csv,Plain Idli Pc,True,
Ideal Plaza,Kolkata,289,Medu Vada Pc (MI),MI,1.0,No.,206,Medu Vada Batter Mix,0.06,Kg,0.06,,4.5191,4.5127,recipe_cost_ideal_plaza.csv,Medu Vada Pc,False,-0.1
Ideal Plaza,Kolkata,289,Medu Vada Pc (MI),MI,1.0,No.,43,Sunflower Refined Oil  ( 1pkt = 868 Ml ),10.0,ml,10.0,,1.504,1.6896,recipe_cost_ideal_plaza.csv,Medu Vada Pc,False,12.3
Ideal Plaza,Kolkata,289,Medu Vada Pc (MI),MI,1.0,No.,207,Special Daal Bucket,0.003,Kg,0.003,,0.46,0.4579,recipe_cost_ideal_plaza.csv,Medu Vada Pc,False,-0.5
Ideal Plaza,Kolkata,289,Medu Vada Pc (MI),MI,1.0,No.,47,Fried Chana Daal,0.03,Kg,0.03,,3.1052,2.928,recipe_cost_ideal_plaza.csv,Medu Vada Pc,False,-5.7
Ideal Plaza,Kolkata,289,Medu Vada Pc (MI),MI,1.0,No.,229,Coconut Shredded,0.0575,Kg,0.0575,,8.1367,8.1367,recipe_cost_ideal_plaza.csv,Medu Vada Pc,False,0.0
Ideal Plaza,Kolkata,289,Medu Vada Pc (MI),MI,1.0,No.,108,Ginger,0.002,Kg,0.002,,0.2626,0.2623,recipe_cost_ideal_plaza.csv,Medu Vada Pc,False,-0.1
Ideal Plaza,Kolkata,289,Medu Vada Pc (MI),MI,1.0,No.,116,Raw Green Chili,0.002,Kg,0.002,,0.1488,0.1499,recipe_cost_ideal_plaza.csv,Medu Vada Pc,False,0.7
Ideal Plaza,Kolkata,289,Medu Vada Pc (MI),MI,1.0,No.,53,Sugar,0.002,Kg,0.002,,0.098,0.1038,recipe_cost_ideal_plaza.csv,Medu Vada Pc,False,5.9
Ideal Plaza,Kolkata,289,Medu Vada Pc (MI),MI,1.0,No.,29,Salt,0.004,Kg,0.004,,0.1085,0.1082,recipe_cost_ideal_plaza.csv,Medu Vada Pc,False,-0.3
Ideal Plaza,Kolkata,289,Medu Vada Pc (MI),MI,1.0,No.,21,RO Water,0.12,Ltr,0.12,,,,recipe_cost_ideal_plaza.csv,Medu Vada Pc,True,
Ideal Plaza,Kolkata,289,Medu Vada Pc (MI),MI,1.0,No.,115,Coriander Leaves,0.001,Kg,0.001,,0.0999,0.1,recipe_cost_ideal_plaza.csv,Medu Vada Pc,False,0.1
Ideal Plaza,Kolkata,56,Raw Mango Ghee Roast Dosa (MI),MI,1.0,No.,190,Dosa Batter Mix,0.112,Kg,0.112,,3.6721,3.5044,recipe_cost_ideal_plaza.csv,Raw Mango Ghee Roast Dosa,False,-4.6
Ideal Plaza,Kolkata,56,Raw Mango Ghee Roast Dosa (MI),MI,1.0,No.,207,Special Daal Bucket,0.003,Kg,0.003,,0.46,0.4579,recipe_cost_ideal_plaza.csv,Raw Mango Ghee Roast Dosa,False,-0.5
Ideal Plaza,Kolkata,56,Raw Mango Ghee Roast Dosa (MI),MI,1.0,No.,97,Paper Napkin (1pkt = 100pc),1.0,Pc,1.0,,0.2304,0.2356,recipe_cost_ideal_plaza.csv,Raw Mango Ghee Roast Dosa,False,2.3
Ideal Plaza,Kolkata,56,Raw Mango Ghee Roast Dosa (MI),MI,1.0,No.,47,Fried Chana Daal,0.03,Kg,0.03,,3.1052,2.928,recipe_cost_ideal_plaza.csv,Raw Mango Ghee Roast Dosa,False,-5.7
Ideal Plaza,Kolkata,56,Raw Mango Ghee Roast Dosa (MI),MI,1.0,No.,229,Coconut Shredded,0.0575,Kg,0.0575,,8.1367,8.1367,recipe_cost_ideal_plaza.csv,Raw Mango Ghee Roast Dosa,False,0.0
Ideal Plaza,Kolkata,56,Raw Mango Ghee Roast Dosa (MI),MI,1.0,No.,108,Ginger,0.002,Kg,0.002,,0.2626,0.2623,recipe_cost_ideal_plaza.csv,Raw Mango Ghee Roast Dosa,False,-0.1
Ideal Plaza,Kolkata,56,Raw Mango Ghee Roast Dosa (MI),MI,1.0,No.,116,Raw Green Chili,0.002,Kg,0.002,,0.1488,0.1499,recipe_cost_ideal_plaza.csv,Raw Mango Ghee Roast Dosa,False,0.7
Ideal Plaza,Kolkata,56,Raw Mango Ghee Roast Dosa (MI),MI,1.0,No.,53,Sugar,0.002,Kg,0.002,,0.098,0.1038,recipe_cost_ideal_plaza.csv,Raw Mango Ghee Roast Dosa,False,5.9
Ideal Plaza,Kolkata,56,Raw Mango Ghee Roast Dosa (MI),MI,1.0,No.,29,Salt,0.004,Kg,0.004,,0.1085,0.1082,recipe_cost_ideal_plaza.csv,Raw Mango Ghee Roast Dosa,False,-0.3
Ideal Plaza,Kolkata,56,Raw Mango Ghee Roast Dosa (MI),MI,1.0,No.,21,RO Water,0.12,Ltr,0.12,,,,recipe_cost_ideal_plaza.csv,Raw Mango Ghee Roast Dosa,True,
Ideal Plaza,Kolkata,56,Raw Mango Ghee Roast Dosa (MI),MI,1.0,No.,75,Ghee,0.03,Kg,0.03,,21.15,22.7301,recipe_cost_ideal_plaza.csv,Raw Mango Ghee Roast Dosa,False,7.5
Ideal Plaza,Kolkata,56,Raw Mango Ghee Roast Dosa (MI),MI,1.0,No.,133,Raw Mango,43.75,gm,43.75,,3.7341,3.7224,recipe_cost_ideal_plaza.csv,Raw Mango Ghee Roast Dosa,False,-0.3
Ideal Plaza,Kolkata,56,Raw Mango Ghee Roast Dosa (MI),MI,1.0,No.,122,Amada,4.375,gm,4.375,,0.3091,0.3073,recipe_cost_ideal_plaza.csv,Raw Mango Ghee Roast Dosa,False,-0.6
Ideal Plaza,Kolkata,56,Raw Mango Ghee Roast Dosa (MI),MI,1.0,No.,532,Raw mango Powder Mix (1 Pkt = 13gm),0.0023,Kg,0.0023,,0.6598,0.6803,recipe_cost_ideal_plaza.csv,Raw Mango Ghee Roast Dosa,False,3.1
Ideal Plaza,Kolkata,56,Raw Mango Ghee Roast Dosa (MI),MI,1.0,No.,26,Jaggery,10.5,gm,10.5,,0.6015,0.6538,recipe_cost_ideal_plaza.csv,Raw Mango Ghee Roast Dosa,False,8.7
Ideal Plaza,Kolkata,60,Raw Mango Chutney (MI),MI,1.0,No.,207,Special Daal Bucket,0.003,Kg,0.003,,0.46,0.4579,recipe_cost_ideal_plaza.csv,Raw Mango Chutney,False,-0.5
Ideal Plaza,Kolkata,60,Raw Mango Chutney (MI),MI,1.0,No.,133,Raw Mango,62.5,gm,62.5,,5.3344,5.3177,recipe_cost_ideal_plaza.csv,Raw Mango Chutney,False,-0.3
Ideal Plaza,Kolkata,60,Raw Mango Chutney (MI),MI,1.0,No.,122,Amada,6.25,gm,6.25,,0.4416,0.439,recipe_cost_ideal_plaza.csv,Raw Mango Chutney,False,-0.6
Ideal Plaza,Kolkata,60,Raw Mango Chutney (MI),MI,1.0,No.,229,Coconut Shredded,25.0,gm,25.0,,3.5377,3.5377,recipe_cost_ideal_plaza.csv,Raw Mango Chutney,False,0.0
Ideal Plaza,Kolkata,60,Raw Mango Chutney (MI),MI,1.0,No.,532,Raw mango Powder Mix (1 Pkt = 13gm),0.0033,Kg,0.0033,,0.9425,0.9719,recipe_cost_ideal_plaza.csv,Raw Mango Chutney,False,3.1
Ideal Plaza,Kolkata,60,Raw Mango Chutney (MI),MI,1.0,No.,26,Jaggery,15.0,gm,15.0,,0.8593,0.934,recipe_cost_ideal_plaza.csv,Raw Mango Chutney,False,8.7
Ideal Plaza,Kolkata,54,Spicy Tomato Onion Ghee Roast Dosa (MI),MI,1.0,No.,190,Dosa Batter Mix,0.112,Kg,0.112,,3.6721,3.5044,recipe_cost_ideal_plaza.csv,Spicy Tomato Onion Ghee Roast Dosa,False,-4.6
Ideal Plaza,Kolkata,54,Spicy Tomato Onion Ghee Roast Dosa (MI),MI,1.0,No.,207,Special Daal Bucket,0.003,Kg,0.003,,0.46,0.4579,recipe_cost_ideal_plaza.csv,Spicy Tomato Onion Ghee Roast Dosa,False,-0.5
Ideal Plaza,Kolkata,54,Spicy Tomato Onion Ghee Roast Dosa (MI),MI,1.0,No.,97,Paper Napkin (1pkt = 100pc),1.0,Pc,1.0,,0.2304,0.2356,recipe_cost_ideal_plaza.csv,Spicy Tomato Onion Ghee Roast Dosa,False,2.3
Ideal Plaza,Kolkata,54,Spicy Tomato Onion Ghee Roast Dosa (MI),MI,1.0,No.,47,Fried Chana Daal,0.03,Kg,0.03,,3.1052,2.928,recipe_cost_ideal_plaza.csv,Spicy Tomato Onion Ghee Roast Dosa,False,-5.7
Ideal Plaza,Kolkata,54,Spicy Tomato Onion Ghee Roast Dosa (MI),MI,1.0,No.,229,Coconut Shredded,0.04,Kg,0.04,,5.6603,5.6603,recipe_cost_ideal_plaza.csv,Spicy Tomato Onion Ghee Roast Dosa,False,0.0
Ideal Plaza,Kolkata,54,Spicy Tomato Onion Ghee Roast Dosa (MI),MI,1.0,No.,108,Ginger,0.004,Kg,0.004,,0.5253,0.5246,recipe_cost_ideal_plaza.csv,Spicy Tomato Onion Ghee Roast Dosa,False,-0.1
Ideal Plaza,Kolkata,54,Spicy Tomato Onion Ghee Roast Dosa (MI),MI,1.0,No.,116,Raw Green Chili,0.002,Kg,0.002,,0.1488,0.1499,recipe_cost_ideal_plaza.csv,Spicy Tomato Onion Ghee Roast Dosa,False,0.7
Ideal Plaza,Kolkata,54,Spicy Tomato Onion Ghee Roast Dosa (MI),MI,1.0,No.,53,Sugar,0.002,Kg,0.002,,0.098,0.1038,recipe_cost_ideal_plaza.csv,Spicy Tomato Onion Ghee Roast Dosa,False,5.9
Ideal Plaza,Kolkata,54,Spicy Tomato Onion Ghee Roast Dosa (MI),MI,1.0,No.,29,Salt,0.0055,Kg,0.0055,,0.1492,0.1488,recipe_cost_ideal_plaza.csv,Spicy Tomato Onion Ghee Roast Dosa,False,-0.3
Ideal Plaza,Kolkata,54,Spicy Tomato Onion Ghee Roast Dosa (MI),MI,1.0,No.,21,RO Water,0.12,Ltr,0.12,,,,recipe_cost_ideal_plaza.csv,Spicy Tomato Onion Ghee Roast Dosa,True,
Ideal Plaza,Kolkata,54,Spicy Tomato Onion Ghee Roast Dosa (MI),MI,1.0,No.,75,Ghee,0.03,Kg,0.03,,21.15,22.7301,recipe_cost_ideal_plaza.csv,Spicy Tomato Onion Ghee Roast Dosa,False,7.5
Ideal Plaza,Kolkata,54,Spicy Tomato Onion Ghee Roast Dosa (MI),MI,1.0,No.,43,Sunflower Refined Oil  ( 1pkt = 868 Ml ),15.55,ml,15.55,,2.3386,2.6273,recipe_cost_ideal_plaza.csv,Spicy Tomato Onion Ghee Roast Dosa,False,12.3
Ideal Plaza,Kolkata,54,Spicy Tomato Onion Ghee Roast Dosa (MI),MI,1.0,No.,132,Onion,38.89,gm,38.89,,1.6539,1.4122,recipe_cost_ideal_plaza.csv,Spicy Tomato Onion Ghee Roast Dosa,False,-14.6
Ideal Plaza,Kolkata,54,Spicy Tomato Onion Ghee Roast Dosa (MI),MI,1.0,No.,141,Tomato,38.88,gm,38.88,,1.5606,1.5551,recipe_cost_ideal_plaza.csv,Spicy Tomato Onion Ghee Roast Dosa,False,-0.4
Ideal Plaza,Kolkata,54,Spicy Tomato Onion Ghee Roast Dosa (MI),MI,1.0,No.,523,Tomato Onion Powder Mix (1 Pkt = 24gm),0.0037,Kg,0.0037,,1.9393,1.9127,recipe_cost_ideal_plaza.csv,Spicy Tomato Onion Ghee Roast Dosa,False,-1.4
Ideal Plaza,Kolkata,54,Spicy Tomato Onion Ghee Roast Dosa (MI),MI,1.0,No.,26,Jaggery,2.95,gm,2.95,,0.169,0.1837,recipe_cost_ideal_plaza.csv,Spicy Tomato Onion Ghee Roast Dosa,False,8.7
Ideal Plaza,Kolkata,54,Spicy Tomato Onion Ghee Roast Dosa (MI),MI,1.0,No.,329,Imli Water,0.0032,Ltr,0.0032,,0.0815,0.0801,recipe_cost_ideal_plaza.csv,Spicy Tomato Onion Ghee Roast Dosa,False,-1.7
Ideal Plaza,Kolkata,61,Spicy Tomato Onion Chutney (MI),MI,1.0,No.,207,Special Daal Bucket,0.003,Kg,0.003,,0.46,0.4579,recipe_cost_ideal_plaza.csv,Spicy Tomato Onion Chutney,False,-0.5
Ideal Plaza,Kolkata,61,Spicy Tomato Onion Chutney (MI),MI,1.0,No.,43,Sunflower Refined Oil  ( 1pkt = 868 Ml ),22.22,ml,22.22,,3.3418,3.7542,recipe_cost_ideal_plaza.csv,Spicy Tomato Onion Chutney,False,12.3
Ideal Plaza,Kolkata,61,Spicy Tomato Onion Chutney (MI),MI,1.0,No.,132,Onion,55.55,gm,55.55,,2.3624,2.0171,recipe_cost_ideal_plaza.csv,Spicy Tomato Onion Chutney,False,-14.6
Ideal Plaza,Kolkata,61,Spicy Tomato Onion Chutney (MI),MI,1.0,No.,141,Tomato,55.55,gm,55.55,,2.2297,2.2218,recipe_cost_ideal_plaza.csv,Spicy Tomato Onion Chutney,False,-0.4
Ideal Plaza,Kolkata,61,Spicy Tomato Onion Chutney (MI),MI,1.0,No.,523,Tomato Onion Powder Mix (1 Pkt = 24gm),0.005,Kg,0.005,,2.6207,2.5848,recipe_cost_ideal_plaza.csv,Spicy Tomato Onion Chutney,False,-1.4
Ideal Plaza,Kolkata,61,Spicy Tomato Onion Chutney (MI),MI,1.0,No.,26,Jaggery,4.22,gm,4.22,,0.2417,0.2628,recipe_cost_ideal_plaza.csv,Spicy Tomato Onion Chutney,False,8.7
Ideal Plaza,Kolkata,61,Spicy Tomato Onion Chutney (MI),MI,1.0,No.,329,Imli Water,0.0046,Ltr,0.0046,,0.1172,0.1152,recipe_cost_ideal_plaza.csv,Spicy Tomato Onion Chutney,False,-1.7
Ideal Plaza,Kolkata,61,Spicy Tomato Onion Chutney (MI),MI,1.0,No.,29,Salt,2.22,gm,2.22,,0.0602,0.06,recipe_cost_ideal_plaza.csv,Spicy Tomato Onion Chutney,False,-0.3
Ideal Plaza,Kolkata,61,Spicy Tomato Onion Chutney (MI),MI,1.0,No.,108,Ginger,2.88,gm,2.88,,0.3782,0.3777,recipe_cost_ideal_plaza.csv,Spicy Tomato Onion Chutney,False,-0.1
Ideal Plaza,Kolkata,286,Malkapodi Powder (MI),MI,1.0,Pkt,529,Malkapodi Powder (1 Box = 100Gm),1.0,Pc,1.0,,26.0307,25.9438,recipe_cost_ideal_plaza.csv,Malkapodi Powder,False,-0.3
Ideal Plaza,Kolkata,286,Malkapodi Powder (MI),MI,1.0,Pkt,98,Carry Bag - Small (1pkt = 100pc),1.0,Pc,1.0,,7.3081,7.062,recipe_cost_ideal_plaza.csv,Malkapodi Powder,False,-3.4
Ideal Plaza,Kolkata,285,Thindi Podi Powder (MI),MI,1.0,Pkt,528,Thindi Podi Powder (1 Box = 100Gm),1.0,Pc,1.0,,27.7926,28.7253,recipe_cost_ideal_plaza.csv,Thindi Podi Powder,False,3.4
Ideal Plaza,Kolkata,285,Thindi Podi Powder (MI),MI,1.0,Pkt,98,Carry Bag - Small (1pkt = 100pc),1.0,Pc,1.0,,7.3081,7.062,recipe_cost_ideal_plaza.csv,Thindi Podi Powder,False,-3.4
Ideal Plaza,Kolkata,287,Gunturkaram Podi Powder (MI),MI,1.0,Pkt,530,Gunturkaram Podi Powder (1 Box = 100Gm),1.0,Pc,1.0,,27.6967,27.9443,recipe_cost_ideal_plaza.csv,Gunturkaram Podi Powder,False,0.9
Ideal Plaza,Kolkata,287,Gunturkaram Podi Powder (MI),MI,1.0,Pkt,98,Carry Bag - Small (1pkt = 100pc),1.0,Pc,1.0,,7.3081,7.062,recipe_cost_ideal_plaza.csv,Gunturkaram Podi Powder,False,-3.4
Ideal Plaza,Kolkata,213,Dosa Coffee Tiffin @ 249 (MI),MI,1.0,No.,190,Dosa Batter Mix,0.1,Kg,0.1,,3.2787,3.1289,recipe_cost_ideal_plaza.csv,Dosa Coffee Tiffin @ 249,False,-4.6
Ideal Plaza,Kolkata,213,Dosa Coffee Tiffin @ 249 (MI),MI,1.0,No.,218,Idli Pc Raw (1 Pkt =40pc),1.0,Pc,1.0,,2.0196,2.1091,recipe_cost_ideal_plaza.csv,Dosa Coffee Tiffin @ 249,False,4.4
Ideal Plaza,Kolkata,213,Dosa Coffee Tiffin @ 249 (MI),MI,1.0,No.,206,Medu Vada Batter Mix,0.06,Kg,0.06,,4.5191,4.5127,recipe_cost_ideal_plaza.csv,Dosa Coffee Tiffin @ 249,False,-0.1
Ideal Plaza,Kolkata,213,Dosa Coffee Tiffin @ 249 (MI),MI,1.0,No.,446,Potato Masala Bucket Outlet,0.1,Kg,0.1,,4.278,4.1236,recipe_cost_ideal_plaza.csv,Dosa Coffee Tiffin @ 249,False,-3.6
Ideal Plaza,Kolkata,213,Dosa Coffee Tiffin @ 249 (MI),MI,1.0,No.,47,Fried Chana Daal,0.056,Kg,0.056,,5.7963,5.4656,recipe_cost_ideal_plaza.csv,Dosa Coffee Tiffin @ 249,False,-5.7
Ideal Plaza,Kolkata,213,Dosa Coffee Tiffin @ 249 (MI),MI,1.0,No.,229,Coconut Shredded,0.039,Kg,0.039,,5.5188,5.5188,recipe_cost_ideal_plaza.csv,Dosa Coffee Tiffin @ 249,False,0.0
Ideal Plaza,Kolkata,213,Dosa Coffee Tiffin @ 249 (MI),MI,1.0,No.,108,Ginger,0.002,Kg,0.002,,0.2626,0.2623,recipe_cost_ideal_plaza.csv,Dosa Coffee Tiffin @ 249,False,-0.1
Ideal Plaza,Kolkata,213,Dosa Coffee Tiffin @ 249 (MI),MI,1.0,No.,116,Raw Green Chili,0.009,Kg,0.009,,0.6697,0.6744,recipe_cost_ideal_plaza.csv,Dosa Coffee Tiffin @ 249,False,0.7
Ideal Plaza,Kolkata,213,Dosa Coffee Tiffin @ 249 (MI),MI,1.0,No.,53,Sugar,0.001,Kg,0.001,,0.049,0.0519,recipe_cost_ideal_plaza.csv,Dosa Coffee Tiffin @ 249,False,5.9
Ideal Plaza,Kolkata,213,Dosa Coffee Tiffin @ 249 (MI),MI,1.0,No.,29,Salt,0.0046,Kg,0.0046,,0.1248,0.1244,recipe_cost_ideal_plaza.csv,Dosa Coffee Tiffin @ 249,False,-0.3
Ideal Plaza,Kolkata,213,Dosa Coffee Tiffin @ 249 (MI),MI,1.0,No.,21,RO Water,0.107,Ltr,0.107,,,,recipe_cost_ideal_plaza.csv,Dosa Coffee Tiffin @ 249,True,
Ideal Plaza,Kolkata,213,Dosa Coffee Tiffin @ 249 (MI),MI,1.0,No.,207,Special Daal Bucket,0.003,Kg,0.003,,0.46,0.4579,recipe_cost_ideal_plaza.csv,Dosa Coffee Tiffin @ 249,False,-0.5
Ideal Plaza,Kolkata,213,Dosa Coffee Tiffin @ 249 (MI),MI,1.0,No.,84,Banana Leaf Big (1bundle = 50pc),1.0,Pc,1.0,,1.7038,1.8032,recipe_cost_ideal_plaza.csv,Dosa Coffee Tiffin @ 249,False,5.8
Ideal Plaza,Kolkata,213,Dosa Coffee Tiffin @ 249 (MI),MI,1.0,No.,48,Dosa Daal (Urad),0.002,Kg,0.002,,0.2599,0.2554,recipe_cost_ideal_plaza.csv,Dosa Coffee Tiffin @ 249,False,-1.7
Ideal Plaza,Kolkata,213,Dosa Coffee Tiffin @ 249 (MI),MI,1.0,No.,27,Mustard Seed,0.005,Kg,0.005,,0.9238,0.9492,recipe_cost_ideal_plaza.csv,Dosa Coffee Tiffin @ 249,False,2.7
Ideal Plaza,Kolkata,213,Dosa Coffee Tiffin @ 249 (MI),MI,1.0,No.,40,Dry Red Chili,0.001,Kg,0.001,,0.2382,0.2464,recipe_cost_ideal_plaza.csv,Dosa Coffee Tiffin @ 249,False,3.4
Ideal Plaza,Kolkata,213,Dosa Coffee Tiffin @ 249 (MI),MI,1.0,No.,131,Curry Leaves,0.001,Kg,0.001,,0.0708,0.0712,recipe_cost_ideal_plaza.csv,Dosa Coffee Tiffin @ 249,False,0.6
Ideal Plaza,Kolkata,213,Dosa Coffee Tiffin @ 249 (MI),MI,1.0,No.,43,Sunflower Refined Oil  ( 1pkt = 868 Ml ),0.012,Ltr,0.012,,1.8047,2.0275,recipe_cost_ideal_plaza.csv,Dosa Coffee Tiffin @ 249,False,12.3
Ideal Plaza,Kolkata,213,Dosa Coffee Tiffin @ 249 (MI),MI,1.0,No.,329,Imli Water,0.008,Ltr,0.008,,0.2038,0.2004,recipe_cost_ideal_plaza.csv,Dosa Coffee Tiffin @ 249,False,-1.7
Ideal Plaza,Kolkata,213,Dosa Coffee Tiffin @ 249 (MI),MI,1.0,No.,26,Jaggery,0.002,Kg,0.002,,0.1146,0.1245,recipe_cost_ideal_plaza.csv,Dosa Coffee Tiffin @ 249,False,8.6
Ideal Plaza,Kolkata,213,Dosa Coffee Tiffin @ 249 (MI),MI,1.0,No.,115,Coriander Leaves,0.012,Kg,0.012,,1.1986,1.1999,recipe_cost_ideal_plaza.csv,Dosa Coffee Tiffin @ 249,False,0.1
Ideal Plaza,Kolkata,280,Malkapodi Idli Plate (2 pc) @ 79 (MI),MI,1.0,No.,218,Idli Pc Raw (1 Pkt =40pc),2.0,Pc,2.0,,4.0391,4.2182,recipe_cost_ideal_plaza.csv,Malkapodi Idli Plate (2 pc) @ 79,False,4.4
Ideal Plaza,Kolkata,280,Malkapodi Idli Plate (2 pc) @ 79 (MI),MI,1.0,No.,75,Ghee,0.01,Kg,0.01,,7.05,7.5767,recipe_cost_ideal_plaza.csv,Malkapodi Idli Plate (2 pc) @ 79,False,7.5
Ideal Plaza,Kolkata,280,Malkapodi Idli Plate (2 pc) @ 79 (MI),MI,1.0,No.,207,Special Daal Bucket,0.003,Kg,0.003,,0.46,0.4579,recipe_cost_ideal_plaza.csv,Malkapodi Idli Plate (2 pc) @ 79,False,-0.5
Ideal Plaza,Kolkata,280,Malkapodi Idli Plate (2 pc) @ 79 (MI),MI,1.0,No.,193,Malkapodi Bucket,0.01,Kg,0.01,,1.6933,1.6492,recipe_cost_ideal_plaza.csv,Malkapodi Idli Plate (2 pc) @ 79,False,-2.6
Ideal Plaza,Kolkata,280,Malkapodi Idli Plate (2 pc) @ 79 (MI),MI,1.0,No.,47,Fried Chana Daal,0.03,Kg,0.03,,3.1052,2.928,recipe_cost_ideal_plaza.csv,Malkapodi Idli Plate (2 pc) @ 79,False,-5.7
Ideal Plaza,Kolkata,280,Malkapodi Idli Plate (2 pc) @ 79 (MI),MI,1.0,No.,229,Coconut Shredded,0.04,Kg,0.04,,5.6603,5.6603,recipe_cost_ideal_plaza.csv,Malkapodi Idli Plate (2 pc) @ 79,False,0.0
Ideal Plaza,Kolkata,280,Malkapodi Idli Plate (2 pc) @ 79 (MI),MI,1.0,No.,108,Ginger,0.002,Kg,0.002,,0.2626,0.2623,recipe_cost_ideal_plaza.csv,Malkapodi Idli Plate (2 pc) @ 79,False,-0.1
Ideal Plaza,Kolkata,280,Malkapodi Idli Plate (2 pc) @ 79 (MI),MI,1.0,No.,116,Raw Green Chili,0.002,Kg,0.002,,0.1488,0.1499,recipe_cost_ideal_plaza.csv,Malkapodi Idli Plate (2 pc) @ 79,False,0.7
Ideal Plaza,Kolkata,280,Malkapodi Idli Plate (2 pc) @ 79 (MI),MI,1.0,No.,53,Sugar,0.002,Kg,0.002,,0.098,0.1038,recipe_cost_ideal_plaza.csv,Malkapodi Idli Plate (2 pc) @ 79,False,5.9
Ideal Plaza,Kolkata,280,Malkapodi Idli Plate (2 pc) @ 79 (MI),MI,1.0,No.,29,Salt,0.004,Kg,0.004,,0.1085,0.1082,recipe_cost_ideal_plaza.csv,Malkapodi Idli Plate (2 pc) @ 79,False,-0.3
Ideal Plaza,Kolkata,280,Malkapodi Idli Plate (2 pc) @ 79 (MI),MI,1.0,No.,21,RO Water,0.12,Ltr,0.12,,,,recipe_cost_ideal_plaza.csv,Malkapodi Idli Plate (2 pc) @ 79,True,
Ideal Plaza,Kolkata,280,Malkapodi Idli Plate (2 pc) @ 79 (MI),MI,1.0,No.,97,Paper Napkin (1pkt = 100pc),1.0,Pc,1.0,,0.2304,0.2356,recipe_cost_ideal_plaza.csv,Malkapodi Idli Plate (2 pc) @ 79,False,2.3
Ideal Plaza,Kolkata,278,Ghee Idli Plate (2 pc) @ 79 (MI),MI,1.0,No.,218,Idli Pc Raw (1 Pkt =40pc),2.0,Pc,2.0,,4.0391,4.2182,recipe_cost_ideal_plaza.csv,Ghee Idli Plate (2 pc) @ 79,False,4.4
Ideal Plaza,Kolkata,278,Ghee Idli Plate (2 pc) @ 79 (MI),MI,1.0,No.,75,Ghee,0.01,Kg,0.01,,7.05,7.5767,recipe_cost_ideal_plaza.csv,Ghee Idli Plate (2 pc) @ 79,False,7.5
Ideal Plaza,Kolkata,278,Ghee Idli Plate (2 pc) @ 79 (MI),MI,1.0,No.,207,Special Daal Bucket,0.003,Kg,0.003,,0.46,0.4579,recipe_cost_ideal_plaza.csv,Ghee Idli Plate (2 pc) @ 79,False,-0.5
Ideal Plaza,Kolkata,278,Ghee Idli Plate (2 pc) @ 79 (MI),MI,1.0,No.,47,Fried Chana Daal,0.03,Kg,0.03,,3.1052,2.928,recipe_cost_ideal_plaza.csv,Ghee Idli Plate (2 pc) @ 79,False,-5.7
Ideal Plaza,Kolkata,278,Ghee Idli Plate (2 pc) @ 79 (MI),MI,1.0,No.,229,Coconut Shredded,0.04,Kg,0.04,,5.6603,5.6603,recipe_cost_ideal_plaza.csv,Ghee Idli Plate (2 pc) @ 79,False,0.0
Ideal Plaza,Kolkata,278,Ghee Idli Plate (2 pc) @ 79 (MI),MI,1.0,No.,108,Ginger,0.002,Kg,0.002,,0.2626,0.2623,recipe_cost_ideal_plaza.csv,Ghee Idli Plate (2 pc) @ 79,False,-0.1
Ideal Plaza,Kolkata,278,Ghee Idli Plate (2 pc) @ 79 (MI),MI,1.0,No.,116,Raw Green Chili,0.002,Kg,0.002,,0.1488,0.1499,recipe_cost_ideal_plaza.csv,Ghee Idli Plate (2 pc) @ 79,False,0.7
Ideal Plaza,Kolkata,278,Ghee Idli Plate (2 pc) @ 79 (MI),MI,1.0,No.,53,Sugar,0.002,Kg,0.002,,0.098,0.1038,recipe_cost_ideal_plaza.csv,Ghee Idli Plate (2 pc) @ 79,False,5.9
Ideal Plaza,Kolkata,278,Ghee Idli Plate (2 pc) @ 79 (MI),MI,1.0,No.,29,Salt,0.004,Kg,0.004,,0.1085,0.1082,recipe_cost_ideal_plaza.csv,Ghee Idli Plate (2 pc) @ 79,False,-0.3
Ideal Plaza,Kolkata,278,Ghee Idli Plate (2 pc) @ 79 (MI),MI,1.0,No.,21,RO Water,0.12,Ltr,0.12,,,,recipe_cost_ideal_plaza.csv,Ghee Idli Plate (2 pc) @ 79,True,
Ideal Plaza,Kolkata,278,Ghee Idli Plate (2 pc) @ 79 (MI),MI,1.0,No.,97,Paper Napkin (1pkt = 100pc),1.0,Pc,1.0,,0.2304,0.2356,recipe_cost_ideal_plaza.csv,Ghee Idli Plate (2 pc) @ 79,False,2.3
Ideal Plaza,Kolkata,284,Thatte Idli @ 79 (MI),MI,1.0,No.,429,Thatte Idli Pc Raw,1.0,Pc,1.0,,5.0751,5.2264,recipe_cost_ideal_plaza.csv,Thatte Idli @ 79,False,3.0
Ideal Plaza,Kolkata,284,Thatte Idli @ 79 (MI),MI,1.0,No.,47,Fried Chana Daal,0.04,Kg,0.04,,4.1402,3.904,recipe_cost_ideal_plaza.csv,Thatte Idli @ 79,False,-5.7
Ideal Plaza,Kolkata,284,Thatte Idli @ 79 (MI),MI,1.0,No.,229,Coconut Shredded,0.032,Kg,0.032,,4.5282,4.5282,recipe_cost_ideal_plaza.csv,Thatte Idli @ 79,False,0.0
Ideal Plaza,Kolkata,284,Thatte Idli @ 79 (MI),MI,1.0,No.,108,Ginger,0.001,Kg,0.001,,0.1313,0.1311,recipe_cost_ideal_plaza.csv,Thatte Idli @ 79,False,-0.2
Ideal Plaza,Kolkata,284,Thatte Idli @ 79 (MI),MI,1.0,No.,329,Imli Water,0.008,Ltr,0.008,,0.2038,0.2004,recipe_cost_ideal_plaza.csv,Thatte Idli @ 79,False,-1.7
Ideal Plaza,Kolkata,284,Thatte Idli @ 79 (MI),MI,1.0,No.,328,Spicy Coconut Chutney Mix 1Pkt (16gm),0.009,Kg,0.009,,1.4087,1.4087,recipe_cost_ideal_plaza.csv,Thatte Idli @ 79,False,0.0
Ideal Plaza,Kolkata,284,Thatte Idli @ 79 (MI),MI,1.0,No.,116,Raw Green Chili,0.008,Kg,0.008,,0.5953,0.5995,recipe_cost_ideal_plaza.csv,Thatte Idli @ 79,False,0.7
Ideal Plaza,Kolkata,284,Thatte Idli @ 79 (MI),MI,1.0,No.,21,RO Water,0.12,Ltr,0.12,,,,recipe_cost_ideal_plaza.csv,Thatte Idli @ 79,True,
Ideal Plaza,Kolkata,284,Thatte Idli @ 79 (MI),MI,1.0,No.,75,Ghee,0.025,Kg,0.025,,17.625,18.9418,recipe_cost_ideal_plaza.csv,Thatte Idli @ 79,False,7.5
Ideal Plaza,Kolkata,284,Thatte Idli @ 79 (MI),MI,1.0,No.,194,Thindi Malkapodi Powder Bucket,0.015,Kg,0.015,,2.9214,2.8998,recipe_cost_ideal_plaza.csv,Thatte Idli @ 79,False,-0.7
Ideal Plaza,Kolkata,284,Thatte Idli @ 79 (MI),MI,1.0,No.,29,Salt,0.0026,Kg,0.0026,,0.0705,0.0703,recipe_cost_ideal_plaza.csv,Thatte Idli @ 79,False,-0.3
Ideal Plaza,Kolkata,284,Thatte Idli @ 79 (MI),MI,1.0,No.,26,Jaggery,0.002,Kg,0.002,,0.1146,0.1245,recipe_cost_ideal_plaza.csv,Thatte Idli @ 79,False,8.6
Ideal Plaza,Kolkata,284,Thatte Idli @ 79 (MI),MI,1.0,No.,43,Sunflower Refined Oil  ( 1pkt = 868 Ml ),0.004,Ltr,0.004,,0.6016,0.6758,recipe_cost_ideal_plaza.csv,Thatte Idli @ 79,False,12.3
Ideal Plaza,Kolkata,284,Thatte Idli @ 79 (MI),MI,1.0,No.,27,Mustard Seed,0.005,Kg,0.005,,0.9238,0.9492,recipe_cost_ideal_plaza.csv,Thatte Idli @ 79,False,2.7
Ideal Plaza,Kolkata,284,Thatte Idli @ 79 (MI),MI,1.0,No.,48,Dosa Daal (Urad),0.002,Kg,0.002,,0.2599,0.2554,recipe_cost_ideal_plaza.csv,Thatte Idli @ 79,False,-1.7
Ideal Plaza,Kolkata,284,Thatte Idli @ 79 (MI),MI,1.0,No.,40,Dry Red Chili,0.001,Kg,0.001,,0.2382,0.2464,recipe_cost_ideal_plaza.csv,Thatte Idli @ 79,False,3.4
Ideal Plaza,Kolkata,284,Thatte Idli @ 79 (MI),MI,1.0,No.,131,Curry Leaves,0.001,Kg,0.001,,0.0708,0.0712,recipe_cost_ideal_plaza.csv,Thatte Idli @ 79,False,0.6
Ideal Plaza,Kolkata,284,Thatte Idli @ 79 (MI),MI,1.0,No.,451,Mint leaf,0.003,Kg,0.003,,0.5976,0.5679,recipe_cost_ideal_plaza.csv,Thatte Idli @ 79,False,-5.0
Ideal Plaza,Kolkata,284,Thatte Idli @ 79 (MI),MI,1.0,No.,97,Paper Napkin (1pkt = 100pc),1.0,Pc,1.0,,0.2304,0.2356,recipe_cost_ideal_plaza.csv,Thatte Idli @ 79,False,2.3
Ideal Plaza,Kolkata,282,Thindi Podi Idli (2 pc) @ 79 (MI),MI,1.0,No.,218,Idli Pc Raw (1 Pkt =40pc),2.0,Pc,2.0,,4.0391,4.2182,recipe_cost_ideal_plaza.csv,Thindi Podi Idli (2 pc) @ 79,False,4.4
Ideal Plaza,Kolkata,282,Thindi Podi Idli (2 pc) @ 79 (MI),MI,1.0,No.,194,Thindi Malkapodi Powder Bucket,0.01,Kg,0.01,,1.9476,1.9332,recipe_cost_ideal_plaza.csv,Thindi Podi Idli (2 pc) @ 79,False,-0.7
Ideal Plaza,Kolkata,282,Thindi Podi Idli (2 pc) @ 79 (MI),MI,1.0,No.,207,Special Daal Bucket,0.003,Kg,0.003,,0.46,0.4579,recipe_cost_ideal_plaza.csv,Thindi Podi Idli (2 pc) @ 79,False,-0.5
Ideal Plaza,Kolkata,282,Thindi Podi Idli (2 pc) @ 79 (MI),MI,1.0,No.,115,Coriander Leaves,0.0086,Kg,0.0086,,0.859,0.8599,recipe_cost_ideal_plaza.csv,Thindi Podi Idli (2 pc) @ 79,False,0.1
Ideal Plaza,Kolkata,282,Thindi Podi Idli (2 pc) @ 79 (MI),MI,1.0,No.,97,Paper Napkin (1pkt = 100pc),1.0,Pc,1.0,,0.2304,0.2356,recipe_cost_ideal_plaza.csv,Thindi Podi Idli (2 pc) @ 79,False,2.3
Ideal Plaza,Kolkata,282,Thindi Podi Idli (2 pc) @ 79 (MI),MI,1.0,No.,47,Fried Chana Daal,0.0357,Kg,0.0357,,3.6951,3.4843,recipe_cost_ideal_plaza.csv,Thindi Podi Idli (2 pc) @ 79,False,-5.7
Ideal Plaza,Kolkata,282,Thindi Podi Idli (2 pc) @ 79 (MI),MI,1.0,No.,229,Coconut Shredded,0.05,Kg,0.05,,7.0754,7.0754,recipe_cost_ideal_plaza.csv,Thindi Podi Idli (2 pc) @ 79,False,0.0
Ideal Plaza,Kolkata,282,Thindi Podi Idli (2 pc) @ 79 (MI),MI,1.0,No.,108,Ginger,0.0021,Kg,0.0021,,0.2758,0.2754,recipe_cost_ideal_plaza.csv,Thindi Podi Idli (2 pc) @ 79,False,-0.1
Ideal Plaza,Kolkata,282,Thindi Podi Idli (2 pc) @ 79 (MI),MI,1.0,No.,329,Imli Water,0.0071,Ltr,0.0071,,0.1809,0.1778,recipe_cost_ideal_plaza.csv,Thindi Podi Idli (2 pc) @ 79,False,-1.7
Ideal Plaza,Kolkata,282,Thindi Podi Idli (2 pc) @ 79 (MI),MI,1.0,No.,328,Spicy Coconut Chutney Mix 1Pkt (16gm),0.0046,Kg,0.0046,,0.72,0.72,recipe_cost_ideal_plaza.csv,Thindi Podi Idli (2 pc) @ 79,False,0.0
Ideal Plaza,Kolkata,282,Thindi Podi Idli (2 pc) @ 79 (MI),MI,1.0,No.,116,Raw Green Chili,0.0057,Kg,0.0057,,0.4241,0.4271,recipe_cost_ideal_plaza.csv,Thindi Podi Idli (2 pc) @ 79,False,0.7
Ideal Plaza,Kolkata,282,Thindi Podi Idli (2 pc) @ 79 (MI),MI,1.0,No.,21,RO Water,0.1071,Ltr,0.1071,,,,recipe_cost_ideal_plaza.csv,Thindi Podi Idli (2 pc) @ 79,True,
Ideal Plaza,Kolkata,282,Thindi Podi Idli (2 pc) @ 79 (MI),MI,1.0,No.,75,Ghee,0.01,Kg,0.01,,7.05,7.5767,recipe_cost_ideal_plaza.csv,Thindi Podi Idli (2 pc) @ 79,False,7.5
Ideal Plaza,Kolkata,281,Idli Fries @ 79 (MI),MI,1.0,No.,218,Idli Pc Raw (1 Pkt =40pc),2.0,Pc,2.0,,4.0391,4.2182,recipe_cost_ideal_plaza.csv,Idli Fries @ 79,False,4.4
Ideal Plaza,Kolkata,281,Idli Fries @ 79 (MI),MI,1.0,No.,208,Chaat Masala Bucket,0.003,Kg,0.003,,1.0744,1.0388,recipe_cost_ideal_plaza.csv,Idli Fries @ 79,False,-3.3
Ideal Plaza,Kolkata,281,Idli Fries @ 79 (MI),MI,1.0,No.,43,Sunflower Refined Oil  ( 1pkt = 868 Ml ),0.01,Ltr,0.01,,1.504,1.6896,recipe_cost_ideal_plaza.csv,Idli Fries @ 79,False,12.3
Ideal Plaza,Kolkata,281,Idli Fries @ 79 (MI),MI,1.0,No.,235,Raw Curd,0.1,Kg,0.1,,7.0735,7.14,recipe_cost_ideal_plaza.csv,Idli Fries @ 79,False,0.9
Ideal Plaza,Kolkata,281,Idli Fries @ 79 (MI),MI,1.0,No.,310,Dahi Bucket Mix (1pkt =105gm),0.01,Kg,0.01,,0.633,0.6685,recipe_cost_ideal_plaza.csv,Idli Fries @ 79,False,5.6
Ideal Plaza,Kolkata,281,Idli Fries @ 79 (MI),MI,1.0,No.,108,Ginger,0.001,Kg,0.001,,0.1313,0.1311,recipe_cost_ideal_plaza.csv,Idli Fries @ 79,False,-0.2
Ideal Plaza,Kolkata,281,Idli Fries @ 79 (MI),MI,1.0,No.,32,Whole Cumin,0.001,Kg,0.001,,0.5709,0.4807,recipe_cost_ideal_plaza.csv,Idli Fries @ 79,False,-15.8
Ideal Plaza,Kolkata,281,Idli Fries @ 79 (MI),MI,1.0,No.,131,Curry Leaves,0.001,Kg,0.001,,0.0708,0.0712,recipe_cost_ideal_plaza.csv,Idli Fries @ 79,False,0.6
Ideal Plaza,Kolkata,281,Idli Fries @ 79 (MI),MI,1.0,No.,116,Raw Green Chili,0.001,Kg,0.001,,0.0744,0.0749,recipe_cost_ideal_plaza.csv,Idli Fries @ 79,False,0.7
Ideal Plaza,Kolkata,281,Idli Fries @ 79 (MI),MI,1.0,No.,97,Paper Napkin (1pkt = 100pc),1.0,Pc,1.0,,0.2304,0.2356,recipe_cost_ideal_plaza.csv,Idli Fries @ 79,False,2.3
Ideal Plaza,Kolkata,279,Buter Idli Plate (2 pc) @ 79 (MI),MI,1.0,No.,218,Idli Pc Raw (1 Pkt =40pc),2.0,Pc,2.0,,4.0391,4.2182,recipe_cost_ideal_plaza.csv,Buter Idli Plate (2 pc) @ 79,False,4.4
Ideal Plaza,Kolkata,279,Buter Idli Plate (2 pc) @ 79 (MI),MI,1.0,No.,14,Amul Butter,0.01,Kg,0.01,,5.4567,5.6466,recipe_cost_ideal_plaza.csv,Buter Idli Plate (2 pc) @ 79,False,3.5
Ideal Plaza,Kolkata,279,Buter Idli Plate (2 pc) @ 79 (MI),MI,1.0,No.,207,Special Daal Bucket,0.003,Kg,0.003,,0.46,0.4579,recipe_cost_ideal_plaza.csv,Buter Idli Plate (2 pc) @ 79,False,-0.5
Ideal Plaza,Kolkata,279,Buter Idli Plate (2 pc) @ 79 (MI),MI,1.0,No.,47,Fried Chana Daal,0.03,Kg,0.03,,3.1052,2.928,recipe_cost_ideal_plaza.csv,Buter Idli Plate (2 pc) @ 79,False,-5.7
Ideal Plaza,Kolkata,279,Buter Idli Plate (2 pc) @ 79 (MI),MI,1.0,No.,229,Coconut Shredded,0.04,Kg,0.04,,5.6603,5.6603,recipe_cost_ideal_plaza.csv,Buter Idli Plate (2 pc) @ 79,False,0.0
Ideal Plaza,Kolkata,279,Buter Idli Plate (2 pc) @ 79 (MI),MI,1.0,No.,108,Ginger,0.002,Kg,0.002,,0.2626,0.2623,recipe_cost_ideal_plaza.csv,Buter Idli Plate (2 pc) @ 79,False,-0.1
Ideal Plaza,Kolkata,279,Buter Idli Plate (2 pc) @ 79 (MI),MI,1.0,No.,116,Raw Green Chili,0.002,Kg,0.002,,0.1488,0.1499,recipe_cost_ideal_plaza.csv,Buter Idli Plate (2 pc) @ 79,False,0.7
Ideal Plaza,Kolkata,279,Buter Idli Plate (2 pc) @ 79 (MI),MI,1.0,No.,53,Sugar,0.002,Kg,0.002,,0.098,0.1038,recipe_cost_ideal_plaza.csv,Buter Idli Plate (2 pc) @ 79,False,5.9
Ideal Plaza,Kolkata,279,Buter Idli Plate (2 pc) @ 79 (MI),MI,1.0,No.,29,Salt,0.004,Kg,0.004,,0.1085,0.1082,recipe_cost_ideal_plaza.csv,Buter Idli Plate (2 pc) @ 79,False,-0.3
Ideal Plaza,Kolkata,279,Buter Idli Plate (2 pc) @ 79 (MI),MI,1.0,No.,21,RO Water,0.12,Ltr,0.12,,,,recipe_cost_ideal_plaza.csv,Buter Idli Plate (2 pc) @ 79,True,
Ideal Plaza,Kolkata,279,Buter Idli Plate (2 pc) @ 79 (MI),MI,1.0,No.,97,Paper Napkin (1pkt = 100pc),1.0,Pc,1.0,,0.2304,0.2356,recipe_cost_ideal_plaza.csv,Buter Idli Plate (2 pc) @ 79,False,2.3
Ideal Plaza,Kolkata,277,Sambar Idli Plate (2 pc) @ 79 (MI),MI,1.0,No.,218,Idli Pc Raw (1 Pkt =40pc),2.0,Pc,2.0,,4.0391,4.2182,recipe_cost_ideal_plaza.csv,Sambar Idli Plate (2 pc) @ 79,False,4.4
Ideal Plaza,Kolkata,277,Sambar Idli Plate (2 pc) @ 79 (MI),MI,1.0,No.,207,Special Daal Bucket,0.003,Kg,0.003,,0.46,0.4579,recipe_cost_ideal_plaza.csv,Sambar Idli Plate (2 pc) @ 79,False,-0.5
Ideal Plaza,Kolkata,277,Sambar Idli Plate (2 pc) @ 79 (MI),MI,1.0,No.,47,Fried Chana Daal,0.03,Kg,0.03,,3.1052,2.928,recipe_cost_ideal_plaza.csv,Sambar Idli Plate (2 pc) @ 79,False,-5.7
Ideal Plaza,Kolkata,277,Sambar Idli Plate (2 pc) @ 79 (MI),MI,1.0,No.,229,Coconut Shredded,0.04,Kg,0.04,,5.6603,5.6603,recipe_cost_ideal_plaza.csv,Sambar Idli Plate (2 pc) @ 79,False,0.0
Ideal Plaza,Kolkata,277,Sambar Idli Plate (2 pc) @ 79 (MI),MI,1.0,No.,108,Ginger,0.002,Kg,0.002,,0.2626,0.2623,recipe_cost_ideal_plaza.csv,Sambar Idli Plate (2 pc) @ 79,False,-0.1
Ideal Plaza,Kolkata,277,Sambar Idli Plate (2 pc) @ 79 (MI),MI,1.0,No.,116,Raw Green Chili,0.002,Kg,0.002,,0.1488,0.1499,recipe_cost_ideal_plaza.csv,Sambar Idli Plate (2 pc) @ 79,False,0.7
Ideal Plaza,Kolkata,277,Sambar Idli Plate (2 pc) @ 79 (MI),MI,1.0,No.,53,Sugar,0.002,Kg,0.002,,0.098,0.1038,recipe_cost_ideal_plaza.csv,Sambar Idli Plate (2 pc) @ 79,False,5.9
Ideal Plaza,Kolkata,277,Sambar Idli Plate (2 pc) @ 79 (MI),MI,1.0,No.,29,Salt,0.004,Kg,0.004,,0.1085,0.1082,recipe_cost_ideal_plaza.csv,Sambar Idli Plate (2 pc) @ 79,False,-0.3
Ideal Plaza,Kolkata,277,Sambar Idli Plate (2 pc) @ 79 (MI),MI,1.0,No.,21,RO Water,0.12,Ltr,0.12,,,,recipe_cost_ideal_plaza.csv,Sambar Idli Plate (2 pc) @ 79,True,
Ideal Plaza,Kolkata,277,Sambar Idli Plate (2 pc) @ 79 (MI),MI,1.0,No.,97,Paper Napkin (1pkt = 100pc),1.0,Pc,1.0,,0.2304,0.2356,recipe_cost_ideal_plaza.csv,Sambar Idli Plate (2 pc) @ 79,False,2.3
Ideal Plaza,Kolkata,276,Rasam Idli Plate (2 pc) @ 79 (MI),MI,1.0,No.,218,Idli Pc Raw (1 Pkt =40pc),2.0,Pc,2.0,,4.0391,4.2182,recipe_cost_ideal_plaza.csv,Rasam Idli Plate (2 pc) @ 79,False,4.4
Ideal Plaza,Kolkata,276,Rasam Idli Plate (2 pc) @ 79 (MI),MI,1.0,No.,177,Rasam Bucket,0.2,Ltr,0.2,,6.9879,7.4045,recipe_cost_ideal_plaza.csv,Rasam Idli Plate (2 pc) @ 79,False,6.0
Ideal Plaza,Kolkata,276,Rasam Idli Plate (2 pc) @ 79 (MI),MI,1.0,No.,115,Coriander Leaves,0.003,Kg,0.003,,0.2997,0.3,recipe_cost_ideal_plaza.csv,Rasam Idli Plate (2 pc) @ 79,False,0.1
Ideal Plaza,Kolkata,276,Rasam Idli Plate (2 pc) @ 79 (MI),MI,1.0,No.,207,Special Daal Bucket,0.003,Kg,0.003,,0.46,0.4579,recipe_cost_ideal_plaza.csv,Rasam Idli Plate (2 pc) @ 79,False,-0.5
Ideal Plaza,Kolkata,276,Rasam Idli Plate (2 pc) @ 79 (MI),MI,1.0,No.,97,Paper Napkin (1pkt = 100pc),1.0,Pc,1.0,,0.2304,0.2356,recipe_cost_ideal_plaza.csv,Rasam Idli Plate (2 pc) @ 79,False,2.3
Ideal Plaza,Kolkata,276,Rasam Idli Plate (2 pc) @ 79 (MI),MI,1.0,No.,47,Fried Chana Daal,0.03,Kg,0.03,,3.1052,2.928,recipe_cost_ideal_plaza.csv,Rasam Idli Plate (2 pc) @ 79,False,-5.7
Ideal Plaza,Kolkata,276,Rasam Idli Plate (2 pc) @ 79 (MI),MI,1.0,No.,229,Coconut Shredded,0.04,Kg,0.04,,5.6603,5.6603,recipe_cost_ideal_plaza.csv,Rasam Idli Plate (2 pc) @ 79,False,0.0
Ideal Plaza,Kolkata,276,Rasam Idli Plate (2 pc) @ 79 (MI),MI,1.0,No.,108,Ginger,0.002,Kg,0.002,,0.2626,0.2623,recipe_cost_ideal_plaza.csv,Rasam Idli Plate (2 pc) @ 79,False,-0.1
Ideal Plaza,Kolkata,276,Rasam Idli Plate (2 pc) @ 79 (MI),MI,1.0,No.,116,Raw Green Chili,0.002,Kg,0.002,,0.1488,0.1499,recipe_cost_ideal_plaza.csv,Rasam Idli Plate (2 pc) @ 79,False,0.7
Ideal Plaza,Kolkata,276,Rasam Idli Plate (2 pc) @ 79 (MI),MI,1.0,No.,53,Sugar,0.002,Kg,0.002,,0.098,0.1038,recipe_cost_ideal_plaza.csv,Rasam Idli Plate (2 pc) @ 79,False,5.9
Ideal Plaza,Kolkata,276,Rasam Idli Plate (2 pc) @ 79 (MI),MI,1.0,No.,29,Salt,0.004,Kg,0.004,,0.1085,0.1082,recipe_cost_ideal_plaza.csv,Rasam Idli Plate (2 pc) @ 79,False,-0.3
Ideal Plaza,Kolkata,276,Rasam Idli Plate (2 pc) @ 79 (MI),MI,1.0,No.,21,RO Water,0.12,Ltr,0.12,,,,recipe_cost_ideal_plaza.csv,Rasam Idli Plate (2 pc) @ 79,True,
Ideal Plaza,Kolkata,283,Dahi Idli (2 pc) @ 79 (MI),MI,1.0,No.,218,Idli Pc Raw (1 Pkt =40pc),2.0,Pc,2.0,,4.0391,4.2182,recipe_cost_ideal_plaza.csv,Dahi Idli (2 pc) @ 79,False,4.4
Ideal Plaza,Kolkata,283,Dahi Idli (2 pc) @ 79 (MI),MI,1.0,No.,208,Chaat Masala Bucket,0.002,Kg,0.002,,0.7162,0.6925,recipe_cost_ideal_plaza.csv,Dahi Idli (2 pc) @ 79,False,-3.3
Ideal Plaza,Kolkata,283,Dahi Idli (2 pc) @ 79 (MI),MI,1.0,No.,97,Paper Napkin (1pkt = 100pc),1.0,Pc,1.0,,0.2304,0.2356,recipe_cost_ideal_plaza.csv,Dahi Idli (2 pc) @ 79,False,2.3
Ideal Plaza,Kolkata,283,Dahi Idli (2 pc) @ 79 (MI),MI,1.0,No.,235,Raw Curd,0.25,Kg,0.25,,17.6838,17.85,recipe_cost_ideal_plaza.csv,Dahi Idli (2 pc) @ 79,False,0.9
Ideal Plaza,Kolkata,283,Dahi Idli (2 pc) @ 79 (MI),MI,1.0,No.,108,Ginger,0.0003,Kg,0.0003,,0.0328,0.0328,recipe_cost_ideal_plaza.csv,Dahi Idli (2 pc) @ 79,False,0.0
Ideal Plaza,Kolkata,283,Dahi Idli (2 pc) @ 79 (MI),MI,1.0,No.,131,Curry Leaves,0.0003,Kg,0.0003,,0.0177,0.0178,recipe_cost_ideal_plaza.csv,Dahi Idli (2 pc) @ 79,False,0.6
Ideal Plaza,Kolkata,283,Dahi Idli (2 pc) @ 79 (MI),MI,1.0,No.,32,Whole Cumin,0.0003,Kg,0.0003,,0.1427,0.1202,recipe_cost_ideal_plaza.csv,Dahi Idli (2 pc) @ 79,False,-15.8
Ideal Plaza,Kolkata,283,Dahi Idli (2 pc) @ 79 (MI),MI,1.0,No.,310,Dahi Bucket Mix (1pkt =105gm),0.025,Kg,0.025,,1.5826,1.6712,recipe_cost_ideal_plaza.csv,Dahi Idli (2 pc) @ 79,False,5.6
Ideal Plaza,Kolkata,283,Dahi Idli (2 pc) @ 79 (MI),MI,1.0,No.,116,Raw Green Chili,0.0025,Kg,0.0025,,0.186,0.1873,recipe_cost_ideal_plaza.csv,Dahi Idli (2 pc) @ 79,False,0.7
Ideal Plaza,Kolkata,275,Idli Plate (2 pc) @ 79 (MI),MI,1.0,No.,218,Idli Pc Raw (1 Pkt =40pc),2.0,Pc,2.0,,4.0391,4.2182,recipe_cost_ideal_plaza.csv,Idli Plate (2 pc) @ 79,False,4.4
Ideal Plaza,Kolkata,275,Idli Plate (2 pc) @ 79 (MI),MI,1.0,No.,207,Special Daal Bucket,0.003,Kg,0.003,,0.46,0.4579,recipe_cost_ideal_plaza.csv,Idli Plate (2 pc) @ 79,False,-0.5
Ideal Plaza,Kolkata,275,Idli Plate (2 pc) @ 79 (MI),MI,1.0,No.,97,Paper Napkin (1pkt = 100pc),1.0,Pc,1.0,,0.2304,0.2356,recipe_cost_ideal_plaza.csv,Idli Plate (2 pc) @ 79,False,2.3
Ideal Plaza,Kolkata,275,Idli Plate (2 pc) @ 79 (MI),MI,1.0,No.,47,Fried Chana Daal,0.03,Kg,0.03,,3.1052,2.928,recipe_cost_ideal_plaza.csv,Idli Plate (2 pc) @ 79,False,-5.7
Ideal Plaza,Kolkata,275,Idli Plate (2 pc) @ 79 (MI),MI,1.0,No.,229,Coconut Shredded,0.04,Kg,0.04,,5.6603,5.6603,recipe_cost_ideal_plaza.csv,Idli Plate (2 pc) @ 79,False,0.0
Ideal Plaza,Kolkata,275,Idli Plate (2 pc) @ 79 (MI),MI,1.0,No.,108,Ginger,0.002,Kg,0.002,,0.2626,0.2623,recipe_cost_ideal_plaza.csv,Idli Plate (2 pc) @ 79,False,-0.1
Ideal Plaza,Kolkata,275,Idli Plate (2 pc) @ 79 (MI),MI,1.0,No.,116,Raw Green Chili,0.002,Kg,0.002,,0.1488,0.1499,recipe_cost_ideal_plaza.csv,Idli Plate (2 pc) @ 79,False,0.7
Ideal Plaza,Kolkata,275,Idli Plate (2 pc) @ 79 (MI),MI,1.0,No.,53,Sugar,0.002,Kg,0.002,,0.098,0.1038,recipe_cost_ideal_plaza.csv,Idli Plate (2 pc) @ 79,False,5.9
Ideal Plaza,Kolkata,275,Idli Plate (2 pc) @ 79 (MI),MI,1.0,No.,29,Salt,0.004,Kg,0.004,,0.1085,0.1082,recipe_cost_ideal_plaza.csv,Idli Plate (2 pc) @ 79,False,-0.3
Ideal Plaza,Kolkata,275,Idli Plate (2 pc) @ 79 (MI),MI,1.0,No.,21,RO Water,0.12,Ltr,0.12,,,,recipe_cost_ideal_plaza.csv,Idli Plate (2 pc) @ 79,True,
Ideal Plaza,Kolkata,80,Homemade Sparkling Lemonade (MI),MI,1.0,No.,124,Lime,3.0,Pc,3.0,,10.5042,10.5048,recipe_cost_ideal_plaza.csv,Homemade Sparkling Lemonade,False,0.0
Ideal Plaza,Kolkata,80,Homemade Sparkling Lemonade (MI),MI,1.0,No.,64,Kinley Soda 750ml Pet,0.26,Pc,0.26,,4.106,4.1402,recipe_cost_ideal_plaza.csv,Homemade Sparkling Lemonade,False,0.8
Ideal Plaza,Kolkata,80,Homemade Sparkling Lemonade (MI),MI,1.0,No.,113,Paper Straw (1pkt = 100pc),1.0,Pc,1.0,,0.3879,0.3867,recipe_cost_ideal_plaza.csv,Homemade Sparkling Lemonade,False,-0.3
Ideal Plaza,Kolkata,80,Homemade Sparkling Lemonade (MI),MI,1.0,No.,97,Paper Napkin (1pkt = 100pc),1.0,Pc,1.0,,0.2304,0.2356,recipe_cost_ideal_plaza.csv,Homemade Sparkling Lemonade,False,2.3
Ideal Plaza,Kolkata,80,Homemade Sparkling Lemonade (MI),MI,1.0,No.,53,Sugar,0.025,Kg,0.025,,1.2256,1.2969,recipe_cost_ideal_plaza.csv,Homemade Sparkling Lemonade,False,5.8
Ideal Plaza,Kolkata,80,Homemade Sparkling Lemonade (MI),MI,1.0,No.,21,RO Water,0.14,Ltr,0.14,,,,recipe_cost_ideal_plaza.csv,Homemade Sparkling Lemonade,True,
Ideal Plaza,Kolkata,264,Homemade Sparkling Lemonade. (MI),MI,1.0,No.,124,Lime,3.0,Pc,3.0,,10.5042,10.5048,recipe_cost_ideal_plaza.csv,Homemade Sparkling Lemonade.,False,0.0
Ideal Plaza,Kolkata,264,Homemade Sparkling Lemonade. (MI),MI,1.0,No.,64,Kinley Soda 750ml Pet,0.26,Pc,0.26,,4.106,4.1402,recipe_cost_ideal_plaza.csv,Homemade Sparkling Lemonade.,False,0.8
Ideal Plaza,Kolkata,264,Homemade Sparkling Lemonade. (MI),MI,1.0,No.,97,Paper Napkin (1pkt = 100pc),1.0,Pc,1.0,,0.2304,0.2356,recipe_cost_ideal_plaza.csv,Homemade Sparkling Lemonade.,False,2.3
Ideal Plaza,Kolkata,264,Homemade Sparkling Lemonade. (MI),MI,1.0,No.,113,Paper Straw (1pkt = 100pc),1.0,Pc,1.0,,0.3879,0.3867,recipe_cost_ideal_plaza.csv,Homemade Sparkling Lemonade.,False,-0.3
Ideal Plaza,Kolkata,264,Homemade Sparkling Lemonade. (MI),MI,1.0,No.,53,Sugar,0.025,Kg,0.025,,1.2256,1.2969,recipe_cost_ideal_plaza.csv,Homemade Sparkling Lemonade.,False,5.8
Ideal Plaza,Kolkata,264,Homemade Sparkling Lemonade. (MI),MI,1.0,No.,21,RO Water,0.14,Ltr,0.14,,,,recipe_cost_ideal_plaza.csv,Homemade Sparkling Lemonade.,True,
Ideal Plaza,Kolkata,273,Tomato Banana Masala Chips (MI),MI,1.0,No.,479,Tomato Banana Chips (1 Box = 200Gm),0.5,Pkt,0.5,,36.225,36.225,recipe_cost_ideal_plaza.csv,Tomato Banana Masala Chips,False,0.0
Ideal Plaza,Kolkata,273,Tomato Banana Masala Chips (MI),MI,1.0,No.,132,Onion,0.05,Kg,0.05,,2.1264,1.8156,recipe_cost_ideal_plaza.csv,Tomato Banana Masala Chips,False,-14.6
Ideal Plaza,Kolkata,273,Tomato Banana Masala Chips (MI),MI,1.0,No.,141,Tomato,0.05,Kg,0.05,,2.0069,1.9998,recipe_cost_ideal_plaza.csv,Tomato Banana Masala Chips,False,-0.4
Ideal Plaza,Kolkata,273,Tomato Banana Masala Chips (MI),MI,1.0,No.,115,Coriander Leaves,0.002,Kg,0.002,,0.1998,0.2,recipe_cost_ideal_plaza.csv,Tomato Banana Masala Chips,False,0.1
Ideal Plaza,Kolkata,273,Tomato Banana Masala Chips (MI),MI,1.0,No.,124,Lime,0.5,Pc,0.5,,1.7507,1.7508,recipe_cost_ideal_plaza.csv,Tomato Banana Masala Chips,False,0.0
Ideal Plaza,Kolkata,273,Tomato Banana Masala Chips (MI),MI,1.0,No.,15,Black Salt,1.0,gm,1.0,,0.0268,0.0296,recipe_cost_ideal_plaza.csv,Tomato Banana Masala Chips,False,10.4
Ideal Plaza,Kolkata,273,Tomato Banana Masala Chips (MI),MI,1.0,No.,92,Banana Leaf Small (1bundle = 50pc),1.0,Pc,1.0,,1.25,1.25,recipe_cost_ideal_plaza.csv,Tomato Banana Masala Chips,False,0.0
Ideal Plaza,Kolkata,273,Tomato Banana Masala Chips (MI),MI,1.0,No.,97,Paper Napkin (1pkt = 100pc),1.0,Pc,1.0,,0.2304,0.2356,recipe_cost_ideal_plaza.csv,Tomato Banana Masala Chips,False,2.3
Ideal Plaza,Kolkata,274,Spicy Banana Masala Chips (MI),MI,1.0,No.,483,Spicy Banana Chips  (1 Box = 200Gm),0.5,Pkt,0.5,,36.225,36.225,recipe_cost_ideal_plaza.csv,Spicy Banana Masala Chips,False,0.0
Ideal Plaza,Kolkata,274,Spicy Banana Masala Chips (MI),MI,1.0,No.,132,Onion,0.05,Kg,0.05,,2.1264,1.8156,recipe_cost_ideal_plaza.csv,Spicy Banana Masala Chips,False,-14.6
Ideal Plaza,Kolkata,274,Spicy Banana Masala Chips (MI),MI,1.0,No.,141,Tomato,0.05,Kg,0.05,,2.0069,1.9998,recipe_cost_ideal_plaza.csv,Spicy Banana Masala Chips,False,-0.4
Ideal Plaza,Kolkata,274,Spicy Banana Masala Chips (MI),MI,1.0,No.,115,Coriander Leaves,0.002,Kg,0.002,,0.1998,0.2,recipe_cost_ideal_plaza.csv,Spicy Banana Masala Chips,False,0.1
Ideal Plaza,Kolkata,274,Spicy Banana Masala Chips (MI),MI,1.0,No.,124,Lime,0.5,Pc,0.5,,1.7507,1.7508,recipe_cost_ideal_plaza.csv,Spicy Banana Masala Chips,False,0.0
Ideal Plaza,Kolkata,274,Spicy Banana Masala Chips (MI),MI,1.0,No.,15,Black Salt,1.0,gm,1.0,,0.0268,0.0296,recipe_cost_ideal_plaza.csv,Spicy Banana Masala Chips,False,10.4
Ideal Plaza,Kolkata,274,Spicy Banana Masala Chips (MI),MI,1.0,No.,92,Banana Leaf Small (1bundle = 50pc),1.0,Pc,1.0,,1.25,1.25,recipe_cost_ideal_plaza.csv,Spicy Banana Masala Chips,False,0.0
Ideal Plaza,Kolkata,274,Spicy Banana Masala Chips (MI),MI,1.0,No.,97,Paper Napkin (1pkt = 100pc),1.0,Pc,1.0,,0.2304,0.2356,recipe_cost_ideal_plaza.csv,Spicy Banana Masala Chips,False,2.3
Ideal Plaza,Kolkata,246,Salt & Pepper Banana Masala Chips (MI),MI,1.0,No.,470,Salt & Pepper Banana Chips  (1 Pkt = 1Kg),0.1,Kg,0.1,,25.6407,25.6407,recipe_cost_ideal_plaza.csv,Salt & Pepper Banana Masala Chips,False,0.0
Ideal Plaza,Kolkata,246,Salt & Pepper Banana Masala Chips (MI),MI,1.0,No.,132,Onion,0.05,Kg,0.05,,2.1264,1.8156,recipe_cost_ideal_plaza.csv,Salt & Pepper Banana Masala Chips,False,-14.6
Ideal Plaza,Kolkata,246,Salt & Pepper Banana Masala Chips (MI),MI,1.0,No.,141,Tomato,0.05,Kg,0.05,,2.0069,1.9998,recipe_cost_ideal_plaza.csv,Salt & Pepper Banana Masala Chips,False,-0.4
Ideal Plaza,Kolkata,246,Salt & Pepper Banana Masala Chips (MI),MI,1.0,No.,115,Coriander Leaves,0.002,Kg,0.002,,0.1998,0.2,recipe_cost_ideal_plaza.csv,Salt & Pepper Banana Masala Chips,False,0.1
Ideal Plaza,Kolkata,246,Salt & Pepper Banana Masala Chips (MI),MI,1.0,No.,124,Lime,0.5,Pc,0.5,,1.7507,1.7508,recipe_cost_ideal_plaza.csv,Salt & Pepper Banana Masala Chips,False,0.0
Ideal Plaza,Kolkata,246,Salt & Pepper Banana Masala Chips (MI),MI,1.0,No.,15,Black Salt,1.0,gm,1.0,,0.0268,0.0296,recipe_cost_ideal_plaza.csv,Salt & Pepper Banana Masala Chips,False,10.4
Ideal Plaza,Kolkata,246,Salt & Pepper Banana Masala Chips (MI),MI,1.0,No.,92,Banana Leaf Small (1bundle = 50pc),1.0,Pc,1.0,,1.25,1.25,recipe_cost_ideal_plaza.csv,Salt & Pepper Banana Masala Chips,False,0.0
Ideal Plaza,Kolkata,246,Salt & Pepper Banana Masala Chips (MI),MI,1.0,No.,97,Paper Napkin (1pkt = 100pc),1.0,Pc,1.0,,0.2304,0.2356,recipe_cost_ideal_plaza.csv,Salt & Pepper Banana Masala Chips,False,2.3
Ideal Plaza,Kolkata,272,Malkapodi powder 500gm (MI),MI,1.0,Kg,193,Malkapodi Bucket,0.5,Kg,0.5,,84.6632,82.4599,recipe_cost_ideal_plaza.csv,Malkapodi powder 500gm,False,-2.6
Ideal Plaza,Kolkata,272,Malkapodi powder 500gm (MI),MI,1.0,Kg,98,Carry Bag - Small (1pkt = 100pc),1.0,Pc,1.0,,7.3081,7.062,recipe_cost_ideal_plaza.csv,Malkapodi powder 500gm,False,-3.4
Ideal Plaza,Kolkata,271,Rava Batter 1Kg (MI),MI,1.0,Kg,213,Rava Powder Mix,0.25,Kg,0.25,,24.028,23.5612,recipe_cost_ideal_plaza.csv,Rava Batter 1Kg,False,-1.9
Ideal Plaza,Kolkata,271,Rava Batter 1Kg (MI),MI,1.0,Kg,21,RO Water,0.75,Ltr,0.75,,,,recipe_cost_ideal_plaza.csv,Rava Batter 1Kg,True,
Ideal Plaza,Kolkata,271,Rava Batter 1Kg (MI),MI,1.0,Kg,108,Ginger,0.01,Kg,0.01,,1.3132,1.3115,recipe_cost_ideal_plaza.csv,Rava Batter 1Kg,False,-0.1
Ideal Plaza,Kolkata,271,Rava Batter 1Kg (MI),MI,1.0,Kg,116,Raw Green Chili,0.006,Kg,0.006,,0.4465,0.4496,recipe_cost_ideal_plaza.csv,Rava Batter 1Kg,False,0.7
Ideal Plaza,Kolkata,271,Rava Batter 1Kg (MI),MI,1.0,Kg,131,Curry Leaves,0.002,Kg,0.002,,0.1416,0.1424,recipe_cost_ideal_plaza.csv,Rava Batter 1Kg,False,0.6
Ideal Plaza,Kolkata,271,Rava Batter 1Kg (MI),MI,1.0,Kg,401,1000ml Round Bucket (DIY),1.0,Piece,1.0,,12.7388,14.2846,recipe_cost_ideal_plaza.csv,Rava Batter 1Kg,False,12.1
Ideal Plaza,Kolkata,271,Rava Batter 1Kg (MI),MI,1.0,Kg,412,Rava Batter Sticker (DIY) Cap Cover,1.0,Pc,1.0,,4.5,4.5,recipe_cost_ideal_plaza.csv,Rava Batter 1Kg,False,0.0
Ideal Plaza,Kolkata,271,Rava Batter 1Kg (MI),MI,1.0,Kg,410,Round Bucket Rava Batter Front Sticker (DIY),1.0,Pc,1.0,,4.25,4.25,recipe_cost_ideal_plaza.csv,Rava Batter 1Kg,False,0.0
Ideal Plaza,Kolkata,271,Rava Batter 1Kg (MI),MI,1.0,Kg,408,Round Bucket Back Sticker (DIY),1.0,Pc,1.0,,4.0404,2.4736,recipe_cost_ideal_plaza.csv,Rava Batter 1Kg,False,-38.8
Ideal Plaza,Kolkata,271,Rava Batter 1Kg (MI),MI,1.0,Kg,98,Carry Bag - Small (1pkt = 100pc),1.0,Pc,1.0,,7.3081,7.062,recipe_cost_ideal_plaza.csv,Rava Batter 1Kg,False,-3.4
Ideal Plaza,Kolkata,270,Dosa Batter 1Kg (MI),MI,1.0,Kg,190,Dosa Batter Mix,1.0,Kg,1.0,,32.787,31.2895,recipe_cost_ideal_plaza.csv,Dosa Batter 1Kg,False,-4.6
Ideal Plaza,Kolkata,270,Dosa Batter 1Kg (MI),MI,1.0,Kg,401,1000ml Round Bucket (DIY),1.0,Piece,1.0,,12.7388,14.2846,recipe_cost_ideal_plaza.csv,Dosa Batter 1Kg,False,12.1
Ideal Plaza,Kolkata,270,Dosa Batter 1Kg (MI),MI,1.0,Kg,98,Carry Bag - Small (1pkt = 100pc),1.0,Pc,1.0,,7.3081,7.062,recipe_cost_ideal_plaza.csv,Dosa Batter 1Kg,False,-3.4
Ideal Plaza,Kolkata,270,Dosa Batter 1Kg (MI),MI,1.0,Kg,407,Round Bucket Dosa Batter Front Sticker (DIY),1.0,Pc,1.0,,3.8074,2.4799,recipe_cost_ideal_plaza.csv,Dosa Batter 1Kg,False,-34.9
Ideal Plaza,Kolkata,270,Dosa Batter 1Kg (MI),MI,1.0,Kg,408,Round Bucket Back Sticker (DIY),1.0,Pc,1.0,,4.0404,2.4736,recipe_cost_ideal_plaza.csv,Dosa Batter 1Kg,False,-38.8
Ideal Plaza,Kolkata,270,Dosa Batter 1Kg (MI),MI,1.0,Kg,402,Dosa Batter Sticker (DIY) Cap Cover,1.0,Pc,1.0,,3.8723,2.4736,recipe_cost_ideal_plaza.csv,Dosa Batter 1Kg,False,-36.1
Ideal Plaza,Kolkata,269,Service of ice cream soda (MI),MI,1.0,Pc,87,Cottons Ice Cream Soda,1.0,Pc,1.0,,17.5,17.5,recipe_cost_ideal_plaza.csv,Service of ice cream soda,False,0.0
Ideal Plaza,Kolkata,269,Service of ice cream soda (MI),MI,1.0,Pc,97,Paper Napkin (1pkt = 100pc),1.0,Pc,1.0,,0.2304,0.2356,recipe_cost_ideal_plaza.csv,Service of ice cream soda,False,2.3
Ideal Plaza,Kolkata,269,Service of ice cream soda (MI),MI,1.0,Pc,113,Paper Straw (1pkt = 100pc),1.0,Pc,1.0,,0.3879,0.3867,recipe_cost_ideal_plaza.csv,Service of ice cream soda,False,-0.3
Ideal Plaza,Kolkata,78,Service of Lemonade (MI),MI,1.0,No.,56,Cottons Lemonade,1.0,Pc,1.0,,17.4951,17.5,recipe_cost_ideal_plaza.csv,Service of Lemonade,False,0.0
Ideal Plaza,Kolkata,78,Service of Lemonade (MI),MI,1.0,No.,97,Paper Napkin (1pkt = 100pc),1.0,Pc,1.0,,0.2304,0.2356,recipe_cost_ideal_plaza.csv,Service of Lemonade,False,2.3
Ideal Plaza,Kolkata,78,Service of Lemonade (MI),MI,1.0,No.,113,Paper Straw (1pkt = 100pc),1.0,Pc,1.0,,0.3879,0.3867,recipe_cost_ideal_plaza.csv,Service of Lemonade,False,-0.3
Ideal Plaza,Kolkata,268,Fresh Buttermilk - Complimentary (MI),MI,1.0,No.,235,Raw Curd,0.03,Kg,0.03,,2.1221,2.142,recipe_cost_ideal_plaza.csv,Fresh Buttermilk - Complimentary,False,0.9
Ideal Plaza,Kolkata,268,Fresh Buttermilk - Complimentary (MI),MI,1.0,No.,21,RO Water,0.12,Ltr,0.12,,,,recipe_cost_ideal_plaza.csv,Fresh Buttermilk - Complimentary,True,
Ideal Plaza,Kolkata,268,Fresh Buttermilk - Complimentary (MI),MI,1.0,No.,108,Ginger,0.015,Kg,0.015,,1.9698,1.9672,recipe_cost_ideal_plaza.csv,Fresh Buttermilk - Complimentary,False,-0.1
Ideal Plaza,Kolkata,268,Fresh Buttermilk - Complimentary (MI),MI,1.0,No.,116,Raw Green Chili,0.001,Kg,0.001,,0.0744,0.0749,recipe_cost_ideal_plaza.csv,Fresh Buttermilk - Complimentary,False,0.7
Ideal Plaza,Kolkata,268,Fresh Buttermilk - Complimentary (MI),MI,1.0,No.,131,Curry Leaves,0.001,Kg,0.001,,0.0708,0.0712,recipe_cost_ideal_plaza.csv,Fresh Buttermilk - Complimentary,False,0.6
Ideal Plaza,Kolkata,268,Fresh Buttermilk - Complimentary (MI),MI,1.0,No.,15,Black Salt,0.015,Kg,0.015,,0.4025,0.4444,recipe_cost_ideal_plaza.csv,Fresh Buttermilk - Complimentary,False,10.4
Ideal Plaza,Kolkata,268,Fresh Buttermilk - Complimentary (MI),MI,1.0,No.,29,Salt,0.001,Kg,0.001,,0.0271,0.027,recipe_cost_ideal_plaza.csv,Fresh Buttermilk - Complimentary,False,-0.4
Ideal Plaza,Kolkata,268,Fresh Buttermilk - Complimentary (MI),MI,1.0,No.,97,Paper Napkin (1pkt = 100pc),1.0,Pc,1.0,,0.2304,0.2356,recipe_cost_ideal_plaza.csv,Fresh Buttermilk - Complimentary,False,2.3
Ideal Plaza,Kolkata,242,Chocolate Filter Coffee (MI),MI,1.0,No.,4,Cothas Coffee Powder,0.008,Kg,0.008,,6.7406,6.8893,recipe_cost_ideal_plaza.csv,Chocolate Filter Coffee,False,2.2
Ideal Plaza,Kolkata,242,Chocolate Filter Coffee (MI),MI,1.0,No.,76,Milk - Tetra 1Ltr,0.13,Ltr,0.13,,9.8829,10.0755,recipe_cost_ideal_plaza.csv,Chocolate Filter Coffee,False,1.9
Ideal Plaza,Kolkata,242,Chocolate Filter Coffee (MI),MI,1.0,No.,469,Hershey's Chocolate Syrup 623 Ml,0.016,Ltr,0.016,,5.0386,5.1843,recipe_cost_ideal_plaza.csv,Chocolate Filter Coffee,False,2.9
Ideal Plaza,Kolkata,242,Chocolate Filter Coffee (MI),MI,1.0,No.,31,White Sugar Sachet (1pkt = 200pc),2.0,Pc,2.0,,0.8613,0.8496,recipe_cost_ideal_plaza.csv,Chocolate Filter Coffee,False,-1.4
Ideal Plaza,Kolkata,242,Chocolate Filter Coffee (MI),MI,1.0,No.,97,Paper Napkin (1pkt = 100pc),1.0,Pc,1.0,,0.2304,0.2356,recipe_cost_ideal_plaza.csv,Chocolate Filter Coffee,False,2.3
Ideal Plaza,Kolkata,114,Dosa Coffee Tiffin (MI),MI,1.0,No.,218,Idli Pc Raw (1 Pkt =40pc),1.0,Pc,1.0,,2.0196,2.1091,recipe_cost_ideal_plaza.csv,Dosa Coffee Tiffin,False,4.4
Ideal Plaza,Kolkata,114,Dosa Coffee Tiffin (MI),MI,1.0,No.,190,Dosa Batter Mix,0.1,Kg,0.1,,3.2787,3.1289,recipe_cost_ideal_plaza.csv,Dosa Coffee Tiffin,False,-4.6
Ideal Plaza,Kolkata,114,Dosa Coffee Tiffin (MI),MI,1.0,No.,43,Sunflower Refined Oil  ( 1pkt = 868 Ml ),0.09,Ltr,0.09,,13.5356,15.206,recipe_cost_ideal_plaza.csv,Dosa Coffee Tiffin,False,12.3
Ideal Plaza,Kolkata,114,Dosa Coffee Tiffin (MI),MI,1.0,No.,75,Ghee,0.01,Kg,0.01,,7.05,7.5767,recipe_cost_ideal_plaza.csv,Dosa Coffee Tiffin,False,7.5
Ideal Plaza,Kolkata,114,Dosa Coffee Tiffin (MI),MI,1.0,No.,446,Potato Masala Bucket Outlet,0.1,Kg,0.1,,4.278,4.1236,recipe_cost_ideal_plaza.csv,Dosa Coffee Tiffin,False,-3.6
Ideal Plaza,Kolkata,114,Dosa Coffee Tiffin (MI),MI,1.0,No.,56,Cottons Lemonade,1.0,Pc,1.0,,17.4951,17.5,recipe_cost_ideal_plaza.csv,Dosa Coffee Tiffin,False,0.0
Ideal Plaza,Kolkata,114,Dosa Coffee Tiffin (MI),MI,1.0,No.,47,Fried Chana Daal,0.03,Kg,0.03,,3.1052,2.928,recipe_cost_ideal_plaza.csv,Dosa Coffee Tiffin,False,-5.7
Ideal Plaza,Kolkata,114,Dosa Coffee Tiffin (MI),MI,1.0,No.,207,Special Daal Bucket,0.003,Kg,0.003,,0.46,0.4579,recipe_cost_ideal_plaza.csv,Dosa Coffee Tiffin,False,-0.5
Ideal Plaza,Kolkata,114,Dosa Coffee Tiffin (MI),MI,1.0,No.,115,Coriander Leaves,0.0043,Kg,0.0043,,0.4295,0.43,recipe_cost_ideal_plaza.csv,Dosa Coffee Tiffin,False,0.1
Ideal Plaza,Kolkata,114,Dosa Coffee Tiffin (MI),MI,1.0,No.,229,Coconut Shredded,0.04,Kg,0.04,,5.6603,5.6603,recipe_cost_ideal_plaza.csv,Dosa Coffee Tiffin,False,0.0
Ideal Plaza,Kolkata,114,Dosa Coffee Tiffin (MI),MI,1.0,No.,108,Ginger,0.002,Kg,0.002,,0.2626,0.2623,recipe_cost_ideal_plaza.csv,Dosa Coffee Tiffin,False,-0.1
Ideal Plaza,Kolkata,114,Dosa Coffee Tiffin (MI),MI,1.0,No.,329,Imli Water,0.0036,Ltr,0.0036,,0.0917,0.0902,recipe_cost_ideal_plaza.csv,Dosa Coffee Tiffin,False,-1.6
Ideal Plaza,Kolkata,114,Dosa Coffee Tiffin (MI),MI,1.0,No.,328,Spicy Coconut Chutney Mix 1Pkt (16gm),0.0023,Kg,0.0023,,0.36,0.36,recipe_cost_ideal_plaza.csv,Dosa Coffee Tiffin,False,0.0
Ideal Plaza,Kolkata,114,Dosa Coffee Tiffin (MI),MI,1.0,No.,116,Raw Green Chili,0.0029,Kg,0.0029,,0.2158,0.2173,recipe_cost_ideal_plaza.csv,Dosa Coffee Tiffin,False,0.7
Ideal Plaza,Kolkata,114,Dosa Coffee Tiffin (MI),MI,1.0,No.,21,RO Water,0.0536,Ltr,0.0536,,,,recipe_cost_ideal_plaza.csv,Dosa Coffee Tiffin,True,
Ideal Plaza,Kolkata,114,Dosa Coffee Tiffin (MI),MI,1.0,No.,97,Paper Napkin (1pkt = 100pc),1.0,Pc,1.0,,0.2304,0.2356,recipe_cost_ideal_plaza.csv,Dosa Coffee Tiffin,False,2.3
Ideal Plaza,Kolkata,114,Dosa Coffee Tiffin (MI),MI,1.0,No.,206,Medu Vada Batter Mix,0.062,Kg,0.062,,4.6697,4.6631,recipe_cost_ideal_plaza.csv,Dosa Coffee Tiffin,False,-0.1
Ideal Plaza,Kolkata,114,Dosa Coffee Tiffin (MI),MI,1.0,No.,26,Jaggery,0.002,Kg,0.002,,0.1146,0.1245,recipe_cost_ideal_plaza.csv,Dosa Coffee Tiffin,False,8.6
Ideal Plaza,Kolkata,114,Dosa Coffee Tiffin (MI),MI,1.0,No.,27,Mustard Seed,1.0,gm,1.0,,0.1848,0.1898,recipe_cost_ideal_plaza.csv,Dosa Coffee Tiffin,False,2.7
Ideal Plaza,Kolkata,114,Dosa Coffee Tiffin (MI),MI,1.0,No.,131,Curry Leaves,0.001,Kg,0.001,,0.0708,0.0712,recipe_cost_ideal_plaza.csv,Dosa Coffee Tiffin,False,0.6
Ideal Plaza,Kolkata,114,Dosa Coffee Tiffin (MI),MI,1.0,No.,40,Dry Red Chili,1.0,gm,1.0,,0.2382,0.2464,recipe_cost_ideal_plaza.csv,Dosa Coffee Tiffin,False,3.4
Ideal Plaza,Kolkata,114,Dosa Coffee Tiffin (MI),MI,1.0,No.,48,Dosa Daal (Urad),0.002,Kg,0.002,,0.2599,0.2554,recipe_cost_ideal_plaza.csv,Dosa Coffee Tiffin,False,-1.7
Ideal Plaza,Kolkata,94,Filter Coffee (MI),MI,1.0,No.,4,Cothas Coffee Powder,0.01,Kg,0.01,,8.4258,8.6116,recipe_cost_ideal_plaza.csv,Filter Coffee,False,2.2
Ideal Plaza,Kolkata,94,Filter Coffee (MI),MI,1.0,No.,76,Milk - Tetra 1Ltr,0.11,Ltr,0.11,,8.3625,8.5254,recipe_cost_ideal_plaza.csv,Filter Coffee,False,1.9
Ideal Plaza,Kolkata,94,Filter Coffee (MI),MI,1.0,No.,31,White Sugar Sachet (1pkt = 200pc),2.0,Pc,2.0,,0.8613,0.8496,recipe_cost_ideal_plaza.csv,Filter Coffee,False,-1.4
Ideal Plaza,Kolkata,94,Filter Coffee (MI),MI,1.0,No.,97,Paper Napkin (1pkt = 100pc),1.0,Pc,1.0,,0.2304,0.2356,recipe_cost_ideal_plaza.csv,Filter Coffee,False,2.3
Ideal Plaza,Kolkata,156,Thindi Podi Idli (MI),MI,1.0,No.,218,Idli Pc Raw (1 Pkt =40pc),2.0,Pc,2.0,,4.0391,4.2182,recipe_cost_ideal_plaza.csv,Thindi Podi Idli,False,4.4
Ideal Plaza,Kolkata,156,Thindi Podi Idli (MI),MI,1.0,No.,194,Thindi Malkapodi Powder Bucket,0.01,Kg,0.01,,1.9476,1.9332,recipe_cost_ideal_plaza.csv,Thindi Podi Idli,False,-0.7
Ideal Plaza,Kolkata,156,Thindi Podi Idli (MI),MI,1.0,No.,207,Special Daal Bucket,0.003,Kg,0.003,,0.46,0.4579,recipe_cost_ideal_plaza.csv,Thindi Podi Idli,False,-0.5
Ideal Plaza,Kolkata,156,Thindi Podi Idli (MI),MI,1.0,No.,115,Coriander Leaves,0.0086,Kg,0.0086,,0.859,0.8599,recipe_cost_ideal_plaza.csv,Thindi Podi Idli,False,0.1
Ideal Plaza,Kolkata,156,Thindi Podi Idli (MI),MI,1.0,No.,97,Paper Napkin (1pkt = 100pc),1.0,Pc,1.0,,0.2304,0.2356,recipe_cost_ideal_plaza.csv,Thindi Podi Idli,False,2.3
Ideal Plaza,Kolkata,156,Thindi Podi Idli (MI),MI,1.0,No.,47,Fried Chana Daal,0.0357,Kg,0.0357,,3.6951,3.4843,recipe_cost_ideal_plaza.csv,Thindi Podi Idli,False,-5.7
Ideal Plaza,Kolkata,156,Thindi Podi Idli (MI),MI,1.0,No.,229,Coconut Shredded,0.05,Kg,0.05,,7.0754,7.0754,recipe_cost_ideal_plaza.csv,Thindi Podi Idli,False,0.0
Ideal Plaza,Kolkata,156,Thindi Podi Idli (MI),MI,1.0,No.,108,Ginger,0.0021,Kg,0.0021,,0.2758,0.2754,recipe_cost_ideal_plaza.csv,Thindi Podi Idli,False,-0.1
Ideal Plaza,Kolkata,156,Thindi Podi Idli (MI),MI,1.0,No.,329,Imli Water,0.0071,Ltr,0.0071,,0.1809,0.1778,recipe_cost_ideal_plaza.csv,Thindi Podi Idli,False,-1.7
Ideal Plaza,Kolkata,156,Thindi Podi Idli (MI),MI,1.0,No.,328,Spicy Coconut Chutney Mix 1Pkt (16gm),0.0046,Kg,0.0046,,0.72,0.72,recipe_cost_ideal_plaza.csv,Thindi Podi Idli,False,0.0
Ideal Plaza,Kolkata,156,Thindi Podi Idli (MI),MI,1.0,No.,116,Raw Green Chili,0.0057,Kg,0.0057,,0.4241,0.4271,recipe_cost_ideal_plaza.csv,Thindi Podi Idli,False,0.7
Ideal Plaza,Kolkata,156,Thindi Podi Idli (MI),MI,1.0,No.,21,RO Water,0.1071,Ltr,0.1071,,,,recipe_cost_ideal_plaza.csv,Thindi Podi Idli,True,
Ideal Plaza,Kolkata,156,Thindi Podi Idli (MI),MI,1.0,No.,75,Ghee,0.01,Kg,0.01,,7.05,7.5767,recipe_cost_ideal_plaza.csv,Thindi Podi Idli,False,7.5
Ideal Plaza,Kolkata,262,Filter Coffee Ice-Cream (MI),MI,1.0,No.,513,Filter Coffee Ice Cream (700gm= 1 Bucket),0.12,Kg,0.12,,27.7815,25.9577,recipe_cost_ideal_plaza.csv,Filter Coffee Ice-Cream,False,-6.6
Ideal Plaza,Kolkata,262,Filter Coffee Ice-Cream (MI),MI,1.0,No.,97,Paper Napkin (1pkt = 100pc),1.0,Pc,1.0,,0.2304,0.2356,recipe_cost_ideal_plaza.csv,Filter Coffee Ice-Cream,False,2.3
Ideal Plaza,Kolkata,243,Vegan Iced Cold Coffee (MI),MI,1.0,No.,4,Cothas Coffee Powder,0.02,Kg,0.02,,16.8516,17.2233,recipe_cost_ideal_plaza.csv,Vegan Iced Cold Coffee,False,2.2
Ideal Plaza,Kolkata,243,Vegan Iced Cold Coffee (MI),MI,1.0,No.,462,Rich's Whip Topping Cream,0.06,Kg,0.06,,10.7541,10.7541,recipe_cost_ideal_plaza.csv,Vegan Iced Cold Coffee,False,0.0
Ideal Plaza,Kolkata,243,Vegan Iced Cold Coffee (MI),MI,1.0,No.,463,Brown Sugar Sachet  (1pkt = 200pc),2.0,Pc,2.0,,0.9787,0.9785,recipe_cost_ideal_plaza.csv,Vegan Iced Cold Coffee,False,-0.0
Ideal Plaza,Kolkata,243,Vegan Iced Cold Coffee (MI),MI,1.0,No.,97,Paper Napkin (1pkt = 100pc),1.0,Pc,1.0,,0.2304,0.2356,recipe_cost_ideal_plaza.csv,Vegan Iced Cold Coffee,False,2.3
Ideal Plaza,Kolkata,243,Vegan Iced Cold Coffee (MI),MI,1.0,No.,113,Paper Straw (1pkt = 100pc),1.0,Pc,1.0,,0.3879,0.3867,recipe_cost_ideal_plaza.csv,Vegan Iced Cold Coffee,False,-0.3
Ideal Plaza,Kolkata,241,Irish Filter Coffee (MI),MI,1.0,No.,4,Cothas Coffee Powder,0.008,Kg,0.008,,6.7406,6.8893,recipe_cost_ideal_plaza.csv,Irish Filter Coffee,False,2.2
Ideal Plaza,Kolkata,241,Irish Filter Coffee (MI),MI,1.0,No.,76,Milk - Tetra 1Ltr,0.13,Ltr,0.13,,9.8829,10.0755,recipe_cost_ideal_plaza.csv,Irish Filter Coffee,False,1.9
Ideal Plaza,Kolkata,241,Irish Filter Coffee (MI),MI,1.0,No.,461,Irish Syrup,0.008,Ltr,0.008,,6.168,6.2249,recipe_cost_ideal_plaza.csv,Irish Filter Coffee,False,0.9
Ideal Plaza,Kolkata,241,Irish Filter Coffee (MI),MI,1.0,No.,31,White Sugar Sachet (1pkt = 200pc),2.0,Pc,2.0,,0.8613,0.8496,recipe_cost_ideal_plaza.csv,Irish Filter Coffee,False,-1.4
Ideal Plaza,Kolkata,241,Irish Filter Coffee (MI),MI,1.0,No.,97,Paper Napkin (1pkt = 100pc),1.0,Pc,1.0,,0.2304,0.2356,recipe_cost_ideal_plaza.csv,Irish Filter Coffee,False,2.3
Ideal Plaza,Kolkata,240,Jaggery Cinnamon Filter Coffee (MI),MI,1.0,No.,4,Cothas Coffee Powder,0.008,Kg,0.008,,6.7406,6.8893,recipe_cost_ideal_plaza.csv,Jaggery Cinnamon Filter Coffee,False,2.2
Ideal Plaza,Kolkata,240,Jaggery Cinnamon Filter Coffee (MI),MI,1.0,No.,76,Milk - Tetra 1Ltr,0.13,Ltr,0.13,,9.8829,10.0755,recipe_cost_ideal_plaza.csv,Jaggery Cinnamon Filter Coffee,False,1.9
Ideal Plaza,Kolkata,240,Jaggery Cinnamon Filter Coffee (MI),MI,1.0,No.,459,Jaggery Powder (250gm=1pkt),0.008,Kg,0.008,,0.8698,0.88,recipe_cost_ideal_plaza.csv,Jaggery Cinnamon Filter Coffee,False,1.2
Ideal Plaza,Kolkata,240,Jaggery Cinnamon Filter Coffee (MI),MI,1.0,No.,460,Cinnamon Powder (250gm=1pkt),0.002,Kg,0.002,,0.6571,0.6571,recipe_cost_ideal_plaza.csv,Jaggery Cinnamon Filter Coffee,False,0.0
Ideal Plaza,Kolkata,240,Jaggery Cinnamon Filter Coffee (MI),MI,1.0,No.,97,Paper Napkin (1pkt = 100pc),1.0,Pc,1.0,,0.2304,0.2356,recipe_cost_ideal_plaza.csv,Jaggery Cinnamon Filter Coffee,False,2.3
Ideal Plaza,Kolkata,240,Jaggery Cinnamon Filter Coffee (MI),MI,1.0,No.,463,Brown Sugar Sachet  (1pkt = 200pc),1.0,Pc,1.0,,0.4893,0.4893,recipe_cost_ideal_plaza.csv,Jaggery Cinnamon Filter Coffee,False,0.0
Ideal Plaza,Kolkata,97,Filter Coffee Flask (MI),MI,1.0,No.,4,Cothas Coffee Powder,0.025,Kg,0.025,,21.0645,21.5291,recipe_cost_ideal_plaza.csv,Filter Coffee Flask,False,2.2
Ideal Plaza,Kolkata,97,Filter Coffee Flask (MI),MI,1.0,No.,76,Milk - Tetra 1Ltr,0.15,Ltr,0.15,,11.4034,11.6256,recipe_cost_ideal_plaza.csv,Filter Coffee Flask,False,1.9
Ideal Plaza,Kolkata,97,Filter Coffee Flask (MI),MI,1.0,No.,31,White Sugar Sachet (1pkt = 200pc),4.0,Pc,4.0,,1.7226,1.6991,recipe_cost_ideal_plaza.csv,Filter Coffee Flask,False,-1.4
Ideal Plaza,Kolkata,97,Filter Coffee Flask (MI),MI,1.0,No.,97,Paper Napkin (1pkt = 100pc),2.0,Pc,2.0,,0.4608,0.4712,recipe_cost_ideal_plaza.csv,Filter Coffee Flask,False,2.3
Ideal Plaza,Kolkata,97,Filter Coffee Flask (MI),MI,1.0,No.,114,Wooden Stirrer (1pkt = 100pc),2.0,Pc,2.0,,0.2691,0.2634,recipe_cost_ideal_plaza.csv,Filter Coffee Flask,False,-2.1
Ideal Plaza,Kolkata,149,Potato Masala (MI),MI,1.0,No.,446,Potato Masala Bucket Outlet,0.2,Kg,0.2,,8.5559,8.2472,recipe_cost_ideal_plaza.csv,Potato Masala,False,-3.6
Ideal Plaza,Kolkata,149,Potato Masala (MI),MI,1.0,No.,115,Coriander Leaves,0.001,Kg,0.001,,0.0999,0.1,recipe_cost_ideal_plaza.csv,Potato Masala,False,0.1
Ideal Plaza,Kolkata,266,Lemon Iced Tea. (MI),MI,1.0,No.,448,Chhote Lal Tea 250GM,0.004,Kg,0.004,,1.5675,1.596,recipe_cost_ideal_plaza.csv,Lemon Iced Tea.,False,1.8
Ideal Plaza,Kolkata,266,Lemon Iced Tea. (MI),MI,1.0,No.,21,RO Water,0.167,Ltr,0.167,,,,recipe_cost_ideal_plaza.csv,Lemon Iced Tea.,True,
Ideal Plaza,Kolkata,266,Lemon Iced Tea. (MI),MI,1.0,No.,53,Sugar,0.03,Kg,0.03,,1.4707,1.5563,recipe_cost_ideal_plaza.csv,Lemon Iced Tea.,False,5.8
Ideal Plaza,Kolkata,266,Lemon Iced Tea. (MI),MI,1.0,No.,124,Lime,2.0,Pc,2.0,,7.0028,7.0032,recipe_cost_ideal_plaza.csv,Lemon Iced Tea.,False,0.0
Ideal Plaza,Kolkata,266,Lemon Iced Tea. (MI),MI,1.0,No.,113,Paper Straw (1pkt = 100pc),1.0,Pc,1.0,,0.3879,0.3867,recipe_cost_ideal_plaza.csv,Lemon Iced Tea.,False,-0.3
Ideal Plaza,Kolkata,266,Lemon Iced Tea. (MI),MI,1.0,No.,97,Paper Napkin (1pkt = 100pc),1.0,Pc,1.0,,0.2304,0.2356,recipe_cost_ideal_plaza.csv,Lemon Iced Tea.,False,2.3
Ideal Plaza,Kolkata,199,Cold Coffee-Crunchy Oreo (MI),MI,1.0,No.,4,Cothas Coffee Powder,0.014,Kg,0.014,,11.7961,12.0563,recipe_cost_ideal_plaza.csv,Cold Coffee-Crunchy Oreo,False,2.2
Ideal Plaza,Kolkata,199,Cold Coffee-Crunchy Oreo (MI),MI,1.0,No.,297,Amul IC BP Vanilla (5L) CF,0.222,Ltr,0.222,,22.0544,21.7118,recipe_cost_ideal_plaza.csv,Cold Coffee-Crunchy Oreo,False,-1.6
Ideal Plaza,Kolkata,199,Cold Coffee-Crunchy Oreo (MI),MI,1.0,No.,3,Oreo Buiscuits,2.5,Pc,2.5,,24.1921,24.3096,recipe_cost_ideal_plaza.csv,Cold Coffee-Crunchy Oreo,False,0.5
Ideal Plaza,Kolkata,199,Cold Coffee-Crunchy Oreo (MI),MI,1.0,No.,113,Paper Straw (1pkt = 100pc),1.0,Pc,1.0,,0.3879,0.3867,recipe_cost_ideal_plaza.csv,Cold Coffee-Crunchy Oreo,False,-0.3
Ideal Plaza,Kolkata,199,Cold Coffee-Crunchy Oreo (MI),MI,1.0,No.,97,Paper Napkin (1pkt = 100pc),1.0,Pc,1.0,,0.2304,0.2356,recipe_cost_ideal_plaza.csv,Cold Coffee-Crunchy Oreo,False,2.3
Ideal Plaza,Kolkata,199,Cold Coffee-Crunchy Oreo (MI),MI,1.0,No.,94,Cold Coffee Sticker (1sheet = 28pc),1.0,Pc,1.0,,,,recipe_cost_ideal_plaza.csv,Cold Coffee-Crunchy Oreo,True,
Ideal Plaza,Kolkata,199,Cold Coffee-Crunchy Oreo (MI),MI,1.0,No.,76,Milk - Tetra 1Ltr,0.05,Ltr,0.05,,3.8011,3.8752,recipe_cost_ideal_plaza.csv,Cold Coffee-Crunchy Oreo,False,1.9
Ideal Plaza,Kolkata,93,Black Coffee (MI),MI,1.0,No.,4,Cothas Coffee Powder,0.014,Kg,0.014,,11.7961,12.0563,recipe_cost_ideal_plaza.csv,Black Coffee,False,2.2
Ideal Plaza,Kolkata,93,Black Coffee (MI),MI,1.0,No.,31,White Sugar Sachet (1pkt = 200pc),2.0,Pc,2.0,,0.8613,0.8496,recipe_cost_ideal_plaza.csv,Black Coffee,False,-1.4
Ideal Plaza,Kolkata,93,Black Coffee (MI),MI,1.0,No.,97,Paper Napkin (1pkt = 100pc),1.0,Pc,1.0,,0.2304,0.2356,recipe_cost_ideal_plaza.csv,Black Coffee,False,2.3
Ideal Plaza,Kolkata,235,Lemon Iced Tea (MI),MI,1.0,No.,448,Chhote Lal Tea 250GM,0.004,Kg,0.004,,1.5675,1.596,recipe_cost_ideal_plaza.csv,Lemon Iced Tea,False,1.8
Ideal Plaza,Kolkata,235,Lemon Iced Tea (MI),MI,1.0,No.,21,RO Water,0.167,Ltr,0.167,,,,recipe_cost_ideal_plaza.csv,Lemon Iced Tea,True,
Ideal Plaza,Kolkata,235,Lemon Iced Tea (MI),MI,1.0,No.,53,Sugar,0.03,Kg,0.03,,1.4707,1.5563,recipe_cost_ideal_plaza.csv,Lemon Iced Tea,False,5.8
Ideal Plaza,Kolkata,235,Lemon Iced Tea (MI),MI,1.0,No.,124,Lime,2.0,Pc,2.0,,7.0028,7.0032,recipe_cost_ideal_plaza.csv,Lemon Iced Tea,False,0.0
Ideal Plaza,Kolkata,235,Lemon Iced Tea (MI),MI,1.0,No.,113,Paper Straw (1pkt = 100pc),1.0,Pc,1.0,,0.3879,0.3867,recipe_cost_ideal_plaza.csv,Lemon Iced Tea,False,-0.3
Ideal Plaza,Kolkata,235,Lemon Iced Tea (MI),MI,1.0,No.,97,Paper Napkin (1pkt = 100pc),1.0,Pc,1.0,,0.2304,0.2356,recipe_cost_ideal_plaza.csv,Lemon Iced Tea,False,2.3
Ideal Plaza,Kolkata,66,Coconut Rice (MI),MI,1.0,No.,211,Steam Rice Bucket,0.183,Kg,0.183,,10.3014,10.095,recipe_cost_ideal_plaza.csv,Coconut Rice,False,-2.0
Ideal Plaza,Kolkata,66,Coconut Rice (MI),MI,1.0,No.,132,Onion,0.037,Kg,0.037,,1.5735,1.3435,recipe_cost_ideal_plaza.csv,Coconut Rice,False,-14.6
Ideal Plaza,Kolkata,66,Coconut Rice (MI),MI,1.0,No.,116,Raw Green Chili,0.002,Kg,0.002,,0.1488,0.1499,recipe_cost_ideal_plaza.csv,Coconut Rice,False,0.7
Ideal Plaza,Kolkata,66,Coconut Rice (MI),MI,1.0,No.,229,Coconut Shredded,0.073,Kg,0.073,,10.3301,10.3301,recipe_cost_ideal_plaza.csv,Coconut Rice,False,0.0
Ideal Plaza,Kolkata,66,Coconut Rice (MI),MI,1.0,No.,46,Chana Daal,0.006,Kg,0.006,,0.5174,0.4697,recipe_cost_ideal_plaza.csv,Coconut Rice,False,-9.2
Ideal Plaza,Kolkata,66,Coconut Rice (MI),MI,1.0,No.,32,Whole Cumin,0.001,Kg,0.001,,0.5709,0.4807,recipe_cost_ideal_plaza.csv,Coconut Rice,False,-15.8
Ideal Plaza,Kolkata,66,Coconut Rice (MI),MI,1.0,No.,131,Curry Leaves,0.002,Kg,0.002,,0.1416,0.1424,recipe_cost_ideal_plaza.csv,Coconut Rice,False,0.6
Ideal Plaza,Kolkata,66,Coconut Rice (MI),MI,1.0,No.,29,Salt,0.004,Kg,0.004,,0.1085,0.1082,recipe_cost_ideal_plaza.csv,Coconut Rice,False,-0.3
Ideal Plaza,Kolkata,66,Coconut Rice (MI),MI,1.0,No.,43,Sunflower Refined Oil  ( 1pkt = 868 Ml ),0.025,Ltr,0.025,,3.7599,4.2239,recipe_cost_ideal_plaza.csv,Coconut Rice,False,12.3
Ideal Plaza,Kolkata,66,Coconut Rice (MI),MI,1.0,No.,48,Dosa Daal (Urad),0.006,Kg,0.006,,0.7798,0.7662,recipe_cost_ideal_plaza.csv,Coconut Rice,False,-1.7
Ideal Plaza,Kolkata,66,Coconut Rice (MI),MI,1.0,No.,30,Appalam Papad (1pkt = 47pc),1.0,Pc,1.0,,3.8225,3.7801,recipe_cost_ideal_plaza.csv,Coconut Rice,False,-1.1
Ideal Plaza,Kolkata,66,Coconut Rice (MI),MI,1.0,No.,97,Paper Napkin (1pkt = 100pc),1.0,Pc,1.0,,0.2304,0.2356,recipe_cost_ideal_plaza.csv,Coconut Rice,False,2.3
Ideal Plaza,Kolkata,70,Tomato Rice (MI),MI,1.0,No.,43,Sunflower Refined Oil  ( 1pkt = 868 Ml ),0.03,Ltr,0.03,,4.5119,5.0687,recipe_cost_ideal_plaza.csv,Tomato Rice,False,12.3
Ideal Plaza,Kolkata,70,Tomato Rice (MI),MI,1.0,No.,32,Whole Cumin,0.001,Kg,0.001,,0.5709,0.4807,recipe_cost_ideal_plaza.csv,Tomato Rice,False,-15.8
Ideal Plaza,Kolkata,70,Tomato Rice (MI),MI,1.0,No.,116,Raw Green Chili,0.002,Kg,0.002,,0.1488,0.1499,recipe_cost_ideal_plaza.csv,Tomato Rice,False,0.7
Ideal Plaza,Kolkata,70,Tomato Rice (MI),MI,1.0,No.,131,Curry Leaves,0.001,Kg,0.001,,0.0708,0.0712,recipe_cost_ideal_plaza.csv,Tomato Rice,False,0.6
Ideal Plaza,Kolkata,70,Tomato Rice (MI),MI,1.0,No.,132,Onion,0.05,Kg,0.05,,2.1264,1.8156,recipe_cost_ideal_plaza.csv,Tomato Rice,False,-14.6
Ideal Plaza,Kolkata,70,Tomato Rice (MI),MI,1.0,No.,25,Turmeric Powder,0.001,Kg,0.001,,0.3406,0.3398,recipe_cost_ideal_plaza.csv,Tomato Rice,False,-0.2
Ideal Plaza,Kolkata,70,Tomato Rice (MI),MI,1.0,No.,34,Kashmiri Chili Powder,5.0,gm,5.0,,4.0247,4.0972,recipe_cost_ideal_plaza.csv,Tomato Rice,False,1.8
Ideal Plaza,Kolkata,70,Tomato Rice (MI),MI,1.0,No.,141,Tomato,0.04,Kg,0.04,,1.6055,1.5999,recipe_cost_ideal_plaza.csv,Tomato Rice,False,-0.3
Ideal Plaza,Kolkata,70,Tomato Rice (MI),MI,1.0,No.,211,Steam Rice Bucket,0.15,Kg,0.15,,8.4438,8.2746,recipe_cost_ideal_plaza.csv,Tomato Rice,False,-2.0
Ideal Plaza,Kolkata,70,Tomato Rice (MI),MI,1.0,No.,29,Salt,0.005,Kg,0.005,,0.1357,0.1352,recipe_cost_ideal_plaza.csv,Tomato Rice,False,-0.4
Ideal Plaza,Kolkata,70,Tomato Rice (MI),MI,1.0,No.,221,Garam Masala Powder Bucket,1.0,gm,1.0,,1.2677,1.2781,recipe_cost_ideal_plaza.csv,Tomato Rice,False,0.8
Ideal Plaza,Kolkata,70,Tomato Rice (MI),MI,1.0,No.,115,Coriander Leaves,0.01,Kg,0.01,,0.9989,0.9999,recipe_cost_ideal_plaza.csv,Tomato Rice,False,0.1
Ideal Plaza,Kolkata,70,Tomato Rice (MI),MI,1.0,No.,30,Appalam Papad (1pkt = 47pc),1.0,Pc,1.0,,3.8225,3.7801,recipe_cost_ideal_plaza.csv,Tomato Rice,False,-1.1
Ideal Plaza,Kolkata,70,Tomato Rice (MI),MI,1.0,No.,97,Paper Napkin (1pkt = 100pc),1.0,Pc,1.0,,0.2304,0.2356,recipe_cost_ideal_plaza.csv,Tomato Rice,False,2.3
Ideal Plaza,Kolkata,70,Tomato Rice (MI),MI,1.0,No.,108,Ginger,0.015,Kg,0.015,,1.9698,1.9672,recipe_cost_ideal_plaza.csv,Tomato Rice,False,-0.1
Ideal Plaza,Kolkata,70,Tomato Rice (MI),MI,1.0,No.,100,Garlic,0.015,Kg,0.015,,2.1388,2.0998,recipe_cost_ideal_plaza.csv,Tomato Rice,False,-1.8
Ideal Plaza,Kolkata,239,Filter Coffee Cappuccino (MI),MI,1.0,No.,4,Cothas Coffee Powder,0.008,Kg,0.008,,6.7406,6.8893,recipe_cost_ideal_plaza.csv,Filter Coffee Cappuccino,False,2.2
Ideal Plaza,Kolkata,239,Filter Coffee Cappuccino (MI),MI,1.0,No.,76,Milk - Tetra 1Ltr,0.13,Ltr,0.13,,9.8829,10.0755,recipe_cost_ideal_plaza.csv,Filter Coffee Cappuccino,False,1.9
Ideal Plaza,Kolkata,239,Filter Coffee Cappuccino (MI),MI,1.0,No.,31,White Sugar Sachet (1pkt = 200pc),2.0,Pc,2.0,,0.8613,0.8496,recipe_cost_ideal_plaza.csv,Filter Coffee Cappuccino,False,-1.4
Ideal Plaza,Kolkata,239,Filter Coffee Cappuccino (MI),MI,1.0,No.,97,Paper Napkin (1pkt = 100pc),1.0,Pc,1.0,,0.2304,0.2356,recipe_cost_ideal_plaza.csv,Filter Coffee Cappuccino,False,2.3
Ideal Plaza,Kolkata,155,Thindi Podi Ghee Masala Dosa (MI),MI,1.0,No.,190,Dosa Batter Mix,0.125,Kg,0.125,,4.0984,3.9112,recipe_cost_ideal_plaza.csv,Thindi Podi Ghee Masala Dosa,False,-4.6
Ideal Plaza,Kolkata,155,Thindi Podi Ghee Masala Dosa (MI),MI,1.0,No.,75,Ghee,0.02,Kg,0.02,,14.1,15.1534,recipe_cost_ideal_plaza.csv,Thindi Podi Ghee Masala Dosa,False,7.5
Ideal Plaza,Kolkata,155,Thindi Podi Ghee Masala Dosa (MI),MI,1.0,No.,194,Thindi Malkapodi Powder Bucket,0.1,Kg,0.1,,19.4759,19.3323,recipe_cost_ideal_plaza.csv,Thindi Podi Ghee Masala Dosa,False,-0.7
Ideal Plaza,Kolkata,155,Thindi Podi Ghee Masala Dosa (MI),MI,1.0,No.,446,Potato Masala Bucket Outlet,0.1,Kg,0.1,,4.278,4.1236,recipe_cost_ideal_plaza.csv,Thindi Podi Ghee Masala Dosa,False,-3.6
Ideal Plaza,Kolkata,155,Thindi Podi Ghee Masala Dosa (MI),MI,1.0,No.,207,Special Daal Bucket,0.001,Kg,0.001,,0.1533,0.1526,recipe_cost_ideal_plaza.csv,Thindi Podi Ghee Masala Dosa,False,-0.5
Ideal Plaza,Kolkata,155,Thindi Podi Ghee Masala Dosa (MI),MI,1.0,No.,47,Fried Chana Daal,0.0179,Kg,0.0179,,1.8527,1.747,recipe_cost_ideal_plaza.csv,Thindi Podi Ghee Masala Dosa,False,-5.7
Ideal Plaza,Kolkata,155,Thindi Podi Ghee Masala Dosa (MI),MI,1.0,No.,115,Coriander Leaves,0.0043,Kg,0.0043,,0.4295,0.43,recipe_cost_ideal_plaza.csv,Thindi Podi Ghee Masala Dosa,False,0.1
Ideal Plaza,Kolkata,155,Thindi Podi Ghee Masala Dosa (MI),MI,1.0,No.,229,Coconut Shredded,0.025,Kg,0.025,,3.5377,3.5377,recipe_cost_ideal_plaza.csv,Thindi Podi Ghee Masala Dosa,False,0.0
Ideal Plaza,Kolkata,155,Thindi Podi Ghee Masala Dosa (MI),MI,1.0,No.,108,Ginger,0.0011,Kg,0.0011,,0.1445,0.1443,recipe_cost_ideal_plaza.csv,Thindi Podi Ghee Masala Dosa,False,-0.1
Ideal Plaza,Kolkata,155,Thindi Podi Ghee Masala Dosa (MI),MI,1.0,No.,329,Imli Water,0.0036,Ltr,0.0036,,0.0917,0.0902,recipe_cost_ideal_plaza.csv,Thindi Podi Ghee Masala Dosa,False,-1.6
Ideal Plaza,Kolkata,155,Thindi Podi Ghee Masala Dosa (MI),MI,1.0,No.,328,Spicy Coconut Chutney Mix 1Pkt (16gm),0.0023,Kg,0.0023,,0.36,0.36,recipe_cost_ideal_plaza.csv,Thindi Podi Ghee Masala Dosa,False,0.0
Ideal Plaza,Kolkata,155,Thindi Podi Ghee Masala Dosa (MI),MI,1.0,No.,116,Raw Green Chili,0.0029,Kg,0.0029,,0.2158,0.2173,recipe_cost_ideal_plaza.csv,Thindi Podi Ghee Masala Dosa,False,0.7
Ideal Plaza,Kolkata,155,Thindi Podi Ghee Masala Dosa (MI),MI,1.0,No.,21,RO Water,0.0536,Ltr,0.0536,,,,recipe_cost_ideal_plaza.csv,Thindi Podi Ghee Masala Dosa,True,
Ideal Plaza,Kolkata,155,Thindi Podi Ghee Masala Dosa (MI),MI,1.0,No.,97,Paper Napkin (1pkt = 100pc),1.0,Pc,1.0,,0.2304,0.2356,recipe_cost_ideal_plaza.csv,Thindi Podi Ghee Masala Dosa,False,2.3
Ideal Plaza,Kolkata,92,Rasam & Papad (MI),MI,1.0,No.,177,Rasam Bucket,0.15,Ltr,0.15,,5.2409,5.5534,recipe_cost_ideal_plaza.csv,Rasam & Papad,False,6.0
Ideal Plaza,Kolkata,92,Rasam & Papad (MI),MI,1.0,No.,115,Coriander Leaves,0.001,Kg,0.001,,0.0999,0.1,recipe_cost_ideal_plaza.csv,Rasam & Papad,False,0.1
Ideal Plaza,Kolkata,92,Rasam & Papad (MI),MI,1.0,No.,97,Paper Napkin (1pkt = 100pc),1.0,Pc,1.0,,0.2304,0.2356,recipe_cost_ideal_plaza.csv,Rasam & Papad,False,2.3
Ideal Plaza,Kolkata,92,Rasam & Papad (MI),MI,1.0,No.,30,Appalam Papad (1pkt = 47pc),1.0,Pc,1.0,,3.8225,3.7801,recipe_cost_ideal_plaza.csv,Rasam & Papad,False,-1.1
Ideal Plaza,Kolkata,92,Rasam & Papad (MI),MI,1.0,No.,92,Banana Leaf Small (1bundle = 50pc),1.0,Pc,1.0,,1.25,1.25,recipe_cost_ideal_plaza.csv,Rasam & Papad,False,0.0
Ideal Plaza,Kolkata,197,Cold Coffee-Classic (MI),MI,1.0,No.,4,Cothas Coffee Powder,0.014,Kg,0.014,,11.7961,12.0563,recipe_cost_ideal_plaza.csv,Cold Coffee-Classic,False,2.2
Ideal Plaza,Kolkata,197,Cold Coffee-Classic (MI),MI,1.0,No.,297,Amul IC BP Vanilla (5L) CF,0.222,Ltr,0.222,,22.0544,21.7118,recipe_cost_ideal_plaza.csv,Cold Coffee-Classic,False,-1.6
Ideal Plaza,Kolkata,197,Cold Coffee-Classic (MI),MI,1.0,No.,113,Paper Straw (1pkt = 100pc),1.0,Pc,1.0,,0.3879,0.3867,recipe_cost_ideal_plaza.csv,Cold Coffee-Classic,False,-0.3
Ideal Plaza,Kolkata,197,Cold Coffee-Classic (MI),MI,1.0,No.,97,Paper Napkin (1pkt = 100pc),1.0,Pc,1.0,,0.2304,0.2356,recipe_cost_ideal_plaza.csv,Cold Coffee-Classic,False,2.3
Ideal Plaza,Kolkata,197,Cold Coffee-Classic (MI),MI,1.0,No.,76,Milk - Tetra 1Ltr,0.05,Ltr,0.05,,3.8011,3.8752,recipe_cost_ideal_plaza.csv,Cold Coffee-Classic,False,1.9
Ideal Plaza,Kolkata,163,Homemade Lemonade (MI),MI,1.0,No.,21,RO Water,0.29,Ltr,0.29,,,,recipe_cost_ideal_plaza.csv,Homemade Lemonade,True,
Ideal Plaza,Kolkata,163,Homemade Lemonade (MI),MI,1.0,No.,124,Lime,3.0,Pc,3.0,,10.5042,10.5048,recipe_cost_ideal_plaza.csv,Homemade Lemonade,False,0.0
Ideal Plaza,Kolkata,163,Homemade Lemonade (MI),MI,1.0,No.,113,Paper Straw (1pkt = 100pc),1.0,Pc,1.0,,0.3879,0.3867,recipe_cost_ideal_plaza.csv,Homemade Lemonade,False,-0.3
Ideal Plaza,Kolkata,163,Homemade Lemonade (MI),MI,1.0,No.,97,Paper Napkin (1pkt = 100pc),1.0,Pc,1.0,,0.2304,0.2356,recipe_cost_ideal_plaza.csv,Homemade Lemonade,False,2.3
Ideal Plaza,Kolkata,163,Homemade Lemonade (MI),MI,1.0,No.,53,Sugar,0.02,Kg,0.02,,0.9805,1.0375,recipe_cost_ideal_plaza.csv,Homemade Lemonade,False,5.8
Ideal Plaza,Kolkata,198,Cold Coffee-Nuttela (MI),MI,1.0,No.,4,Cothas Coffee Powder,0.014,Kg,0.014,,11.7961,12.0563,recipe_cost_ideal_plaza.csv,Cold Coffee-Nuttela,False,2.2
Ideal Plaza,Kolkata,198,Cold Coffee-Nuttela (MI),MI,1.0,No.,297,Amul IC BP Vanilla (5L) CF,0.222,Ltr,0.222,,22.0544,21.7118,recipe_cost_ideal_plaza.csv,Cold Coffee-Nuttela,False,-1.6
Ideal Plaza,Kolkata,198,Cold Coffee-Nuttela (MI),MI,1.0,No.,97,Paper Napkin (1pkt = 100pc),1.0,Pc,1.0,,0.2304,0.2356,recipe_cost_ideal_plaza.csv,Cold Coffee-Nuttela,False,2.3
Ideal Plaza,Kolkata,198,Cold Coffee-Nuttela (MI),MI,1.0,No.,113,Paper Straw (1pkt = 100pc),1.0,Pc,1.0,,0.3879,0.3867,recipe_cost_ideal_plaza.csv,Cold Coffee-Nuttela,False,-0.3
Ideal Plaza,Kolkata,198,Cold Coffee-Nuttela (MI),MI,1.0,No.,94,Cold Coffee Sticker (1sheet = 28pc),1.0,Pc,1.0,,,,recipe_cost_ideal_plaza.csv,Cold Coffee-Nuttela,True,
Ideal Plaza,Kolkata,198,Cold Coffee-Nuttela (MI),MI,1.0,No.,10,Nuttella (350gm),0.02,Kg,0.02,,17.9107,18.3162,recipe_cost_ideal_plaza.csv,Cold Coffee-Nuttela,False,2.3
Ideal Plaza,Kolkata,198,Cold Coffee-Nuttela (MI),MI,1.0,No.,76,Milk - Tetra 1Ltr,0.05,Ltr,0.05,,3.8011,3.8752,recipe_cost_ideal_plaza.csv,Cold Coffee-Nuttela,False,1.9
Ideal Plaza,Kolkata,86,Fresh Buttermilk (MI),MI,1.0,No.,97,Paper Napkin (1pkt = 100pc),1.0,Pc,1.0,,0.2304,0.2356,recipe_cost_ideal_plaza.csv,Fresh Buttermilk,False,2.3
Ideal Plaza,Kolkata,86,Fresh Buttermilk (MI),MI,1.0,No.,113,Paper Straw (1pkt = 100pc),1.0,Pc,1.0,,0.3879,0.3867,recipe_cost_ideal_plaza.csv,Fresh Buttermilk,False,-0.3
Ideal Plaza,Kolkata,86,Fresh Buttermilk (MI),MI,1.0,No.,235,Raw Curd,0.06,Kg,0.06,,4.2441,4.284,recipe_cost_ideal_plaza.csv,Fresh Buttermilk,False,0.9
Ideal Plaza,Kolkata,86,Fresh Buttermilk (MI),MI,1.0,No.,21,RO Water,0.24,Ltr,0.24,,,,recipe_cost_ideal_plaza.csv,Fresh Buttermilk,True,
Ideal Plaza,Kolkata,86,Fresh Buttermilk (MI),MI,1.0,No.,108,Ginger,0.003,Kg,0.003,,0.394,0.3934,recipe_cost_ideal_plaza.csv,Fresh Buttermilk,False,-0.2
Ideal Plaza,Kolkata,86,Fresh Buttermilk (MI),MI,1.0,No.,116,Raw Green Chili,0.001,Kg,0.001,,0.0744,0.0749,recipe_cost_ideal_plaza.csv,Fresh Buttermilk,False,0.7
Ideal Plaza,Kolkata,86,Fresh Buttermilk (MI),MI,1.0,No.,131,Curry Leaves,0.001,Kg,0.001,,0.0708,0.0712,recipe_cost_ideal_plaza.csv,Fresh Buttermilk,False,0.6
Ideal Plaza,Kolkata,86,Fresh Buttermilk (MI),MI,1.0,No.,15,Black Salt,0.003,Kg,0.003,,0.0805,0.0889,recipe_cost_ideal_plaza.csv,Fresh Buttermilk,False,10.4
Ideal Plaza,Kolkata,86,Fresh Buttermilk (MI),MI,1.0,No.,29,Salt,0.001,Kg,0.001,,0.0271,0.027,recipe_cost_ideal_plaza.csv,Fresh Buttermilk,False,-0.4
Ideal Plaza,Kolkata,68,Lemon Rice (MI),MI,1.0,No.,189,Lemon Rice Bucket,0.25,Kg,0.25,,21.7877,21.3656,recipe_cost_ideal_plaza.csv,Lemon Rice,False,-1.9
Ideal Plaza,Kolkata,68,Lemon Rice (MI),MI,1.0,No.,131,Curry Leaves,0.002,Kg,0.002,,0.1416,0.1424,recipe_cost_ideal_plaza.csv,Lemon Rice,False,0.6
Ideal Plaza,Kolkata,68,Lemon Rice (MI),MI,1.0,No.,40,Dry Red Chili,1.0,gm,1.0,,0.2382,0.2464,recipe_cost_ideal_plaza.csv,Lemon Rice,False,3.4
Ideal Plaza,Kolkata,68,Lemon Rice (MI),MI,1.0,No.,48,Dosa Daal (Urad),0.006,Kg,0.006,,0.7798,0.7662,recipe_cost_ideal_plaza.csv,Lemon Rice,False,-1.7
Ideal Plaza,Kolkata,68,Lemon Rice (MI),MI,1.0,No.,46,Chana Daal,0.006,Kg,0.006,,0.5174,0.4697,recipe_cost_ideal_plaza.csv,Lemon Rice,False,-9.2
Ideal Plaza,Kolkata,68,Lemon Rice (MI),MI,1.0,No.,27,Mustard Seed,1.0,gm,1.0,,0.1848,0.1898,recipe_cost_ideal_plaza.csv,Lemon Rice,False,2.7
Ideal Plaza,Kolkata,68,Lemon Rice (MI),MI,1.0,No.,29,Salt,0.003,Kg,0.003,,0.0814,0.0811,recipe_cost_ideal_plaza.csv,Lemon Rice,False,-0.4
Ideal Plaza,Kolkata,68,Lemon Rice (MI),MI,1.0,No.,30,Appalam Papad (1pkt = 47pc),1.0,Pc,1.0,,3.8225,3.7801,recipe_cost_ideal_plaza.csv,Lemon Rice,False,-1.1
Ideal Plaza,Kolkata,68,Lemon Rice (MI),MI,1.0,No.,43,Sunflower Refined Oil  ( 1pkt = 868 Ml ),0.005,Ltr,0.005,,0.752,0.8448,recipe_cost_ideal_plaza.csv,Lemon Rice,False,12.3
Ideal Plaza,Kolkata,68,Lemon Rice (MI),MI,1.0,No.,28,Raw Peanut,0.01,Kg,0.01,,1.3119,1.3891,recipe_cost_ideal_plaza.csv,Lemon Rice,False,5.9
Ideal Plaza,Kolkata,68,Lemon Rice (MI),MI,1.0,No.,97,Paper Napkin (1pkt = 100pc),1.0,Pc,1.0,,0.2304,0.2356,recipe_cost_ideal_plaza.csv,Lemon Rice,False,2.3
Ideal Plaza,Kolkata,263,Homemade Lemonade. (MI),MI,1.0,No.,21,RO Water,0.29,Ltr,0.29,,,,recipe_cost_ideal_plaza.csv,Homemade Lemonade.,True,
Ideal Plaza,Kolkata,263,Homemade Lemonade. (MI),MI,1.0,No.,124,Lime,3.0,Pc,3.0,,10.5042,10.5048,recipe_cost_ideal_plaza.csv,Homemade Lemonade.,False,0.0
Ideal Plaza,Kolkata,263,Homemade Lemonade. (MI),MI,1.0,No.,53,Sugar,0.02,Kg,0.02,,0.9805,1.0375,recipe_cost_ideal_plaza.csv,Homemade Lemonade.,False,5.8
Ideal Plaza,Kolkata,263,Homemade Lemonade. (MI),MI,1.0,No.,97,Paper Napkin (1pkt = 100pc),1.0,Pc,1.0,,0.2304,0.2356,recipe_cost_ideal_plaza.csv,Homemade Lemonade.,False,2.3
Ideal Plaza,Kolkata,263,Homemade Lemonade. (MI),MI,1.0,No.,113,Paper Straw (1pkt = 100pc),1.0,Pc,1.0,,0.3879,0.3867,recipe_cost_ideal_plaza.csv,Homemade Lemonade.,False,-0.3
Ideal Plaza,Kolkata,265,Fresh Buttermilk. (MI),MI,1.0,No.,97,Paper Napkin (1pkt = 100pc),1.0,Pc,1.0,,0.2304,0.2356,recipe_cost_ideal_plaza.csv,Fresh Buttermilk.,False,2.3
Ideal Plaza,Kolkata,265,Fresh Buttermilk. (MI),MI,1.0,No.,113,Paper Straw (1pkt = 100pc),1.0,Pc,1.0,,0.3879,0.3867,recipe_cost_ideal_plaza.csv,Fresh Buttermilk.,False,-0.3
Ideal Plaza,Kolkata,265,Fresh Buttermilk. (MI),MI,1.0,No.,235,Raw Curd,0.06,Kg,0.06,,4.2441,4.284,recipe_cost_ideal_plaza.csv,Fresh Buttermilk.,False,0.9
Ideal Plaza,Kolkata,265,Fresh Buttermilk. (MI),MI,1.0,No.,21,RO Water,0.24,Ltr,0.24,,,,recipe_cost_ideal_plaza.csv,Fresh Buttermilk.,True,
Ideal Plaza,Kolkata,265,Fresh Buttermilk. (MI),MI,1.0,No.,108,Ginger,0.003,Kg,0.003,,0.394,0.3934,recipe_cost_ideal_plaza.csv,Fresh Buttermilk.,False,-0.2
Ideal Plaza,Kolkata,265,Fresh Buttermilk. (MI),MI,1.0,No.,116,Raw Green Chili,0.001,Kg,0.001,,0.0744,0.0749,recipe_cost_ideal_plaza.csv,Fresh Buttermilk.,False,0.7
Ideal Plaza,Kolkata,265,Fresh Buttermilk. (MI),MI,1.0,No.,131,Curry Leaves,0.001,Kg,0.001,,0.0708,0.0712,recipe_cost_ideal_plaza.csv,Fresh Buttermilk.,False,0.6
Ideal Plaza,Kolkata,265,Fresh Buttermilk. (MI),MI,1.0,No.,15,Black Salt,0.003,Kg,0.003,,0.0805,0.0889,recipe_cost_ideal_plaza.csv,Fresh Buttermilk.,False,10.4
Ideal Plaza,Kolkata,265,Fresh Buttermilk. (MI),MI,1.0,No.,29,Salt,0.001,Kg,0.001,,0.0271,0.027,recipe_cost_ideal_plaza.csv,Fresh Buttermilk.,False,-0.4
Ideal Plaza,Kolkata,67,Curd Rice (MI),MI,1.0,No.,211,Steam Rice Bucket,0.1,Kg,0.1,,5.6292,5.5164,recipe_cost_ideal_plaza.csv,Curd Rice,False,-2.0
Ideal Plaza,Kolkata,67,Curd Rice (MI),MI,1.0,No.,108,Ginger,0.003,Kg,0.003,,0.394,0.3934,recipe_cost_ideal_plaza.csv,Curd Rice,False,-0.2
Ideal Plaza,Kolkata,67,Curd Rice (MI),MI,1.0,No.,131,Curry Leaves,0.001,Kg,0.001,,0.0708,0.0712,recipe_cost_ideal_plaza.csv,Curd Rice,False,0.6
Ideal Plaza,Kolkata,67,Curd Rice (MI),MI,1.0,No.,32,Whole Cumin,0.001,Kg,0.001,,0.5709,0.4807,recipe_cost_ideal_plaza.csv,Curd Rice,False,-15.8
Ideal Plaza,Kolkata,67,Curd Rice (MI),MI,1.0,No.,29,Salt,0.007,Kg,0.007,,0.1899,0.1893,recipe_cost_ideal_plaza.csv,Curd Rice,False,-0.3
Ideal Plaza,Kolkata,67,Curd Rice (MI),MI,1.0,No.,48,Dosa Daal (Urad),0.01,Kg,0.01,,1.2997,1.277,recipe_cost_ideal_plaza.csv,Curd Rice,False,-1.7
Ideal Plaza,Kolkata,67,Curd Rice (MI),MI,1.0,No.,30,Appalam Papad (1pkt = 47pc),1.0,Pc,1.0,,3.8225,3.7801,recipe_cost_ideal_plaza.csv,Curd Rice,False,-1.1
Ideal Plaza,Kolkata,67,Curd Rice (MI),MI,1.0,No.,43,Sunflower Refined Oil  ( 1pkt = 868 Ml ),0.01,Ltr,0.01,,1.504,1.6896,recipe_cost_ideal_plaza.csv,Curd Rice,False,12.3
Ideal Plaza,Kolkata,67,Curd Rice (MI),MI,1.0,No.,91,Milk (Adya Dairy),0.03,Ltr,0.03,,1.8326,1.8556,recipe_cost_ideal_plaza.csv,Curd Rice,False,1.3
Ideal Plaza,Kolkata,67,Curd Rice (MI),MI,1.0,No.,181,Raw Mango Pickle Bucket,0.01,Kg,0.01,,1.7421,1.7609,recipe_cost_ideal_plaza.csv,Curd Rice,False,1.1
Ideal Plaza,Kolkata,67,Curd Rice (MI),MI,1.0,No.,116,Raw Green Chili,0.002,Kg,0.002,,0.1488,0.1499,recipe_cost_ideal_plaza.csv,Curd Rice,False,0.7
Ideal Plaza,Kolkata,67,Curd Rice (MI),MI,1.0,No.,97,Paper Napkin (1pkt = 100pc),1.0,Pc,1.0,,0.2304,0.2356,recipe_cost_ideal_plaza.csv,Curd Rice,False,2.3
Ideal Plaza,Kolkata,67,Curd Rice (MI),MI,1.0,No.,235,Raw Curd,0.1,Kg,0.1,,7.0735,7.14,recipe_cost_ideal_plaza.csv,Curd Rice,False,0.9
Ideal Plaza,Kolkata,67,Curd Rice (MI),MI,1.0,No.,21,RO Water,0.25,Ltr,0.25,,,,recipe_cost_ideal_plaza.csv,Curd Rice,True,
Ideal Plaza,Kolkata,46,Garlic Dosa (MI),MI,1.0,No.,190,Dosa Batter Mix,0.14,Kg,0.14,,4.5902,4.3805,recipe_cost_ideal_plaza.csv,Garlic Dosa,False,-4.6
Ideal Plaza,Kolkata,46,Garlic Dosa (MI),MI,1.0,No.,207,Special Daal Bucket,0.003,Kg,0.003,,0.46,0.4579,recipe_cost_ideal_plaza.csv,Garlic Dosa,False,-0.5
Ideal Plaza,Kolkata,46,Garlic Dosa (MI),MI,1.0,No.,202,Garlic Chutney Bucket,0.075,Kg,0.075,,19.0022,19.3863,recipe_cost_ideal_plaza.csv,Garlic Dosa,False,2.0
Ideal Plaza,Kolkata,46,Garlic Dosa (MI),MI,1.0,No.,43,Sunflower Refined Oil  ( 1pkt = 868 Ml ),0.009,Ltr,0.009,,1.3536,1.5206,recipe_cost_ideal_plaza.csv,Garlic Dosa,False,12.3
Ideal Plaza,Kolkata,46,Garlic Dosa (MI),MI,1.0,No.,97,Paper Napkin (1pkt = 100pc),1.0,Pc,1.0,,0.2304,0.2356,recipe_cost_ideal_plaza.csv,Garlic Dosa,False,2.3
Ideal Plaza,Kolkata,46,Garlic Dosa (MI),MI,1.0,No.,75,Ghee,0.001,Kg,0.001,,0.705,0.7577,recipe_cost_ideal_plaza.csv,Garlic Dosa,False,7.5
Ideal Plaza,Kolkata,46,Garlic Dosa (MI),MI,1.0,No.,47,Fried Chana Daal,0.0313,Kg,0.0313,,3.2345,3.05,recipe_cost_ideal_plaza.csv,Garlic Dosa,False,-5.7
Ideal Plaza,Kolkata,46,Garlic Dosa (MI),MI,1.0,No.,229,Coconut Shredded,0.0438,Kg,0.0438,,6.191,6.191,recipe_cost_ideal_plaza.csv,Garlic Dosa,False,0.0
Ideal Plaza,Kolkata,46,Garlic Dosa (MI),MI,1.0,No.,108,Ginger,0.0025,Kg,0.0025,,0.3283,0.3279,recipe_cost_ideal_plaza.csv,Garlic Dosa,False,-0.1
Ideal Plaza,Kolkata,46,Garlic Dosa (MI),MI,1.0,No.,116,Raw Green Chili,0.0022,Kg,0.0022,,0.1628,0.1639,recipe_cost_ideal_plaza.csv,Garlic Dosa,False,0.7
Ideal Plaza,Kolkata,46,Garlic Dosa (MI),MI,1.0,No.,53,Sugar,0.0002,Kg,0.0002,,0.0077,0.0081,recipe_cost_ideal_plaza.csv,Garlic Dosa,False,5.2
Ideal Plaza,Kolkata,46,Garlic Dosa (MI),MI,1.0,No.,29,Salt,0.0031,Kg,0.0031,,0.0848,0.0845,recipe_cost_ideal_plaza.csv,Garlic Dosa,False,-0.4
Ideal Plaza,Kolkata,46,Garlic Dosa (MI),MI,1.0,No.,21,RO Water,0.125,Ltr,0.125,,,,recipe_cost_ideal_plaza.csv,Garlic Dosa,True,
Ideal Plaza,Kolkata,44,Mysore Dosa (MI),MI,1.0,No.,190,Dosa Batter Mix,0.14,Kg,0.14,,4.5902,4.3805,recipe_cost_ideal_plaza.csv,Mysore Dosa,False,-4.6
Ideal Plaza,Kolkata,44,Mysore Dosa (MI),MI,1.0,No.,207,Special Daal Bucket,0.003,Kg,0.003,,0.46,0.4579,recipe_cost_ideal_plaza.csv,Mysore Dosa,False,-0.5
Ideal Plaza,Kolkata,44,Mysore Dosa (MI),MI,1.0,No.,210,Mysore Chutney Bucket,0.08,Kg,0.08,,13.5779,13.7909,recipe_cost_ideal_plaza.csv,Mysore Dosa,False,1.6
Ideal Plaza,Kolkata,44,Mysore Dosa (MI),MI,1.0,No.,43,Sunflower Refined Oil  ( 1pkt = 868 Ml ),0.009,Ltr,0.009,,1.3536,1.5206,recipe_cost_ideal_plaza.csv,Mysore Dosa,False,12.3
Ideal Plaza,Kolkata,44,Mysore Dosa (MI),MI,1.0,No.,97,Paper Napkin (1pkt = 100pc),1.0,Pc,1.0,,0.2304,0.2356,recipe_cost_ideal_plaza.csv,Mysore Dosa,False,2.3
Ideal Plaza,Kolkata,44,Mysore Dosa (MI),MI,1.0,No.,75,Ghee,0.001,Kg,0.001,,0.705,0.7577,recipe_cost_ideal_plaza.csv,Mysore Dosa,False,7.5
Ideal Plaza,Kolkata,44,Mysore Dosa (MI),MI,1.0,No.,47,Fried Chana Daal,0.0313,Kg,0.0313,,3.2345,3.05,recipe_cost_ideal_plaza.csv,Mysore Dosa,False,-5.7
Ideal Plaza,Kolkata,44,Mysore Dosa (MI),MI,1.0,No.,229,Coconut Shredded,0.0438,Kg,0.0438,,6.191,6.191,recipe_cost_ideal_plaza.csv,Mysore Dosa,False,0.0
Ideal Plaza,Kolkata,44,Mysore Dosa (MI),MI,1.0,No.,108,Ginger,0.0025,Kg,0.0025,,0.3283,0.3279,recipe_cost_ideal_plaza.csv,Mysore Dosa,False,-0.1
Ideal Plaza,Kolkata,44,Mysore Dosa (MI),MI,1.0,No.,116,Raw Green Chili,0.0022,Kg,0.0022,,0.1628,0.1639,recipe_cost_ideal_plaza.csv,Mysore Dosa,False,0.7
Ideal Plaza,Kolkata,44,Mysore Dosa (MI),MI,1.0,No.,53,Sugar,0.0002,Kg,0.0002,,0.0077,0.0081,recipe_cost_ideal_plaza.csv,Mysore Dosa,False,5.2
Ideal Plaza,Kolkata,44,Mysore Dosa (MI),MI,1.0,No.,29,Salt,0.0031,Kg,0.0031,,0.0848,0.0845,recipe_cost_ideal_plaza.csv,Mysore Dosa,False,-0.4
Ideal Plaza,Kolkata,44,Mysore Dosa (MI),MI,1.0,No.,21,RO Water,0.125,Ltr,0.125,,,,recipe_cost_ideal_plaza.csv,Mysore Dosa,True,
Ideal Plaza,Kolkata,45,Malkapodi Dosa (MI),MI,1.0,No.,190,Dosa Batter Mix,0.125,Kg,0.125,,4.0984,3.9112,recipe_cost_ideal_plaza.csv,Malkapodi Dosa,False,-4.6
Ideal Plaza,Kolkata,45,Malkapodi Dosa (MI),MI,1.0,No.,207,Special Daal Bucket,0.003,Kg,0.003,,0.46,0.4579,recipe_cost_ideal_plaza.csv,Malkapodi Dosa,False,-0.5
Ideal Plaza,Kolkata,45,Malkapodi Dosa (MI),MI,1.0,No.,193,Malkapodi Bucket,0.03,Kg,0.03,,5.0798,4.9476,recipe_cost_ideal_plaza.csv,Malkapodi Dosa,False,-2.6
Ideal Plaza,Kolkata,45,Malkapodi Dosa (MI),MI,1.0,No.,75,Ghee,0.02,Kg,0.02,,14.1,15.1534,recipe_cost_ideal_plaza.csv,Malkapodi Dosa,False,7.5
Ideal Plaza,Kolkata,45,Malkapodi Dosa (MI),MI,1.0,No.,97,Paper Napkin (1pkt = 100pc),1.0,Pc,1.0,,0.2304,0.2356,recipe_cost_ideal_plaza.csv,Malkapodi Dosa,False,2.3
Ideal Plaza,Kolkata,45,Malkapodi Dosa (MI),MI,1.0,No.,47,Fried Chana Daal,0.0313,Kg,0.0313,,3.2345,3.05,recipe_cost_ideal_plaza.csv,Malkapodi Dosa,False,-5.7
Ideal Plaza,Kolkata,45,Malkapodi Dosa (MI),MI,1.0,No.,229,Coconut Shredded,0.0438,Kg,0.0438,,6.191,6.191,recipe_cost_ideal_plaza.csv,Malkapodi Dosa,False,0.0
Ideal Plaza,Kolkata,45,Malkapodi Dosa (MI),MI,1.0,No.,108,Ginger,0.0025,Kg,0.0025,,0.3283,0.3279,recipe_cost_ideal_plaza.csv,Malkapodi Dosa,False,-0.1
Ideal Plaza,Kolkata,45,Malkapodi Dosa (MI),MI,1.0,No.,116,Raw Green Chili,0.0022,Kg,0.0022,,0.1628,0.1639,recipe_cost_ideal_plaza.csv,Malkapodi Dosa,False,0.7
Ideal Plaza,Kolkata,45,Malkapodi Dosa (MI),MI,1.0,No.,53,Sugar,0.0002,Kg,0.0002,,0.0077,0.0081,recipe_cost_ideal_plaza.csv,Malkapodi Dosa,False,5.2
Ideal Plaza,Kolkata,45,Malkapodi Dosa (MI),MI,1.0,No.,29,Salt,0.0031,Kg,0.0031,,0.0848,0.0845,recipe_cost_ideal_plaza.csv,Malkapodi Dosa,False,-0.4
Ideal Plaza,Kolkata,45,Malkapodi Dosa (MI),MI,1.0,No.,21,RO Water,0.125,Ltr,0.125,,,,recipe_cost_ideal_plaza.csv,Malkapodi Dosa,True,
Ideal Plaza,Kolkata,226,Mysore Chutney (MI),MI,1.0,No.,210,Mysore Chutney Bucket,0.1,Kg,0.1,,16.9723,17.2386,recipe_cost_ideal_plaza.csv,Mysore Chutney,False,1.6
Ideal Plaza,Kolkata,226,Mysore Chutney (MI),MI,1.0,No.,207,Special Daal Bucket,0.003,Kg,0.003,,0.46,0.4579,recipe_cost_ideal_plaza.csv,Mysore Chutney,False,-0.5
Ideal Plaza,Kolkata,63,Paniyaram (10 Pcs) (MI),MI,1.0,No.,132,Onion,0.025,Kg,0.025,,1.0632,0.9078,recipe_cost_ideal_plaza.csv,Paniyaram (10 Pcs),False,-14.6
Ideal Plaza,Kolkata,63,Paniyaram (10 Pcs) (MI),MI,1.0,No.,116,Raw Green Chili,0.005,Kg,0.005,,0.3721,0.3747,recipe_cost_ideal_plaza.csv,Paniyaram (10 Pcs),False,0.7
Ideal Plaza,Kolkata,63,Paniyaram (10 Pcs) (MI),MI,1.0,No.,108,Ginger,0.01,Kg,0.01,,1.3132,1.3115,recipe_cost_ideal_plaza.csv,Paniyaram (10 Pcs),False,-0.1
Ideal Plaza,Kolkata,63,Paniyaram (10 Pcs) (MI),MI,1.0,No.,131,Curry Leaves,0.002,Kg,0.002,,0.1416,0.1424,recipe_cost_ideal_plaza.csv,Paniyaram (10 Pcs),False,0.6
Ideal Plaza,Kolkata,63,Paniyaram (10 Pcs) (MI),MI,1.0,No.,75,Ghee,20.0,gm,20.0,,14.1,15.1534,recipe_cost_ideal_plaza.csv,Paniyaram (10 Pcs),False,7.5
Ideal Plaza,Kolkata,63,Paniyaram (10 Pcs) (MI),MI,1.0,No.,47,Fried Chana Daal,0.03,Kg,0.03,,3.1052,2.928,recipe_cost_ideal_plaza.csv,Paniyaram (10 Pcs),False,-5.7
Ideal Plaza,Kolkata,63,Paniyaram (10 Pcs) (MI),MI,1.0,No.,229,Coconut Shredded,0.04,Kg,0.04,,5.6603,5.6603,recipe_cost_ideal_plaza.csv,Paniyaram (10 Pcs),False,0.0
Ideal Plaza,Kolkata,63,Paniyaram (10 Pcs) (MI),MI,1.0,No.,53,Sugar,0.002,Kg,0.002,,0.098,0.1038,recipe_cost_ideal_plaza.csv,Paniyaram (10 Pcs),False,5.9
Ideal Plaza,Kolkata,63,Paniyaram (10 Pcs) (MI),MI,1.0,No.,29,Salt,0.004,Kg,0.004,,0.1085,0.1082,recipe_cost_ideal_plaza.csv,Paniyaram (10 Pcs),False,-0.3
Ideal Plaza,Kolkata,63,Paniyaram (10 Pcs) (MI),MI,1.0,No.,21,RO Water,0.12,Ltr,0.12,,,,recipe_cost_ideal_plaza.csv,Paniyaram (10 Pcs),True,
Ideal Plaza,Kolkata,63,Paniyaram (10 Pcs) (MI),MI,1.0,No.,190,Dosa Batter Mix,0.25,Kg,0.25,,8.1968,7.8224,recipe_cost_ideal_plaza.csv,Paniyaram (10 Pcs),False,-4.6
Ideal Plaza,Kolkata,63,Paniyaram (10 Pcs) (MI),MI,1.0,No.,97,Paper Napkin (1pkt = 100pc),1.0,Pc,1.0,,0.2304,0.2356,recipe_cost_ideal_plaza.csv,Paniyaram (10 Pcs),False,2.3
Ideal Plaza,Kolkata,43,Dhaniya Dosa (MI),MI,1.0,No.,190,Dosa Batter Mix,0.14,Kg,0.14,,4.5902,4.3805,recipe_cost_ideal_plaza.csv,Dhaniya Dosa,False,-4.6
Ideal Plaza,Kolkata,43,Dhaniya Dosa (MI),MI,1.0,No.,207,Special Daal Bucket,0.003,Kg,0.003,,0.46,0.4579,recipe_cost_ideal_plaza.csv,Dhaniya Dosa,False,-0.5
Ideal Plaza,Kolkata,43,Dhaniya Dosa (MI),MI,1.0,No.,179,Dhaniya Chutney Bucket,0.07,Kg,0.07,,6.1399,6.1365,recipe_cost_ideal_plaza.csv,Dhaniya Dosa,False,-0.1
Ideal Plaza,Kolkata,43,Dhaniya Dosa (MI),MI,1.0,No.,97,Paper Napkin (1pkt = 100pc),1.0,Pc,1.0,,0.2304,0.2356,recipe_cost_ideal_plaza.csv,Dhaniya Dosa,False,2.3
Ideal Plaza,Kolkata,43,Dhaniya Dosa (MI),MI,1.0,No.,43,Sunflower Refined Oil  ( 1pkt = 868 Ml ),0.009,Ltr,0.009,,1.3536,1.5206,recipe_cost_ideal_plaza.csv,Dhaniya Dosa,False,12.3
Ideal Plaza,Kolkata,43,Dhaniya Dosa (MI),MI,1.0,No.,75,Ghee,0.001,Kg,0.001,,0.705,0.7577,recipe_cost_ideal_plaza.csv,Dhaniya Dosa,False,7.5
Ideal Plaza,Kolkata,43,Dhaniya Dosa (MI),MI,1.0,No.,47,Fried Chana Daal,0.0313,Kg,0.0313,,3.2345,3.05,recipe_cost_ideal_plaza.csv,Dhaniya Dosa,False,-5.7
Ideal Plaza,Kolkata,43,Dhaniya Dosa (MI),MI,1.0,No.,229,Coconut Shredded,0.0433,Kg,0.0433,,6.1202,6.1202,recipe_cost_ideal_plaza.csv,Dhaniya Dosa,False,0.0
Ideal Plaza,Kolkata,43,Dhaniya Dosa (MI),MI,1.0,No.,108,Ginger,0.0025,Kg,0.0025,,0.3283,0.3279,recipe_cost_ideal_plaza.csv,Dhaniya Dosa,False,-0.1
Ideal Plaza,Kolkata,43,Dhaniya Dosa (MI),MI,1.0,No.,116,Raw Green Chili,0.0022,Kg,0.0022,,0.1628,0.1639,recipe_cost_ideal_plaza.csv,Dhaniya Dosa,False,0.7
Ideal Plaza,Kolkata,43,Dhaniya Dosa (MI),MI,1.0,No.,53,Sugar,0.0002,Kg,0.0002,,0.0077,0.0081,recipe_cost_ideal_plaza.csv,Dhaniya Dosa,False,5.2
Ideal Plaza,Kolkata,43,Dhaniya Dosa (MI),MI,1.0,No.,29,Salt,0.0031,Kg,0.0031,,0.0848,0.0845,recipe_cost_ideal_plaza.csv,Dhaniya Dosa,False,-0.4
Ideal Plaza,Kolkata,43,Dhaniya Dosa (MI),MI,1.0,No.,21,RO Water,0.125,Ltr,0.125,,,,recipe_cost_ideal_plaza.csv,Dhaniya Dosa,True,
Ideal Plaza,Kolkata,55,Spicy Onion Ghee Roast Dosa (MI),MI,1.0,No.,190,Dosa Batter Mix,0.112,Kg,0.112,,3.6721,3.5044,recipe_cost_ideal_plaza.csv,Spicy Onion Ghee Roast Dosa,False,-4.6
Ideal Plaza,Kolkata,55,Spicy Onion Ghee Roast Dosa (MI),MI,1.0,No.,207,Special Daal Bucket,0.003,Kg,0.003,,0.46,0.4579,recipe_cost_ideal_plaza.csv,Spicy Onion Ghee Roast Dosa,False,-0.5
Ideal Plaza,Kolkata,55,Spicy Onion Ghee Roast Dosa (MI),MI,1.0,No.,196,Onion Chutney Bucket,0.07,Kg,0.07,,8.2461,8.1685,recipe_cost_ideal_plaza.csv,Spicy Onion Ghee Roast Dosa,False,-0.9
Ideal Plaza,Kolkata,55,Spicy Onion Ghee Roast Dosa (MI),MI,1.0,No.,97,Paper Napkin (1pkt = 100pc),1.0,Pc,1.0,,0.2304,0.2356,recipe_cost_ideal_plaza.csv,Spicy Onion Ghee Roast Dosa,False,2.3
Ideal Plaza,Kolkata,55,Spicy Onion Ghee Roast Dosa (MI),MI,1.0,No.,47,Fried Chana Daal,0.03,Kg,0.03,,3.1052,2.928,recipe_cost_ideal_plaza.csv,Spicy Onion Ghee Roast Dosa,False,-5.7
Ideal Plaza,Kolkata,55,Spicy Onion Ghee Roast Dosa (MI),MI,1.0,No.,229,Coconut Shredded,0.04,Kg,0.04,,5.6603,5.6603,recipe_cost_ideal_plaza.csv,Spicy Onion Ghee Roast Dosa,False,0.0
Ideal Plaza,Kolkata,55,Spicy Onion Ghee Roast Dosa (MI),MI,1.0,No.,108,Ginger,0.002,Kg,0.002,,0.2626,0.2623,recipe_cost_ideal_plaza.csv,Spicy Onion Ghee Roast Dosa,False,-0.1
Ideal Plaza,Kolkata,55,Spicy Onion Ghee Roast Dosa (MI),MI,1.0,No.,116,Raw Green Chili,0.002,Kg,0.002,,0.1488,0.1499,recipe_cost_ideal_plaza.csv,Spicy Onion Ghee Roast Dosa,False,0.7
Ideal Plaza,Kolkata,55,Spicy Onion Ghee Roast Dosa (MI),MI,1.0,No.,53,Sugar,0.002,Kg,0.002,,0.098,0.1038,recipe_cost_ideal_plaza.csv,Spicy Onion Ghee Roast Dosa,False,5.9
Ideal Plaza,Kolkata,55,Spicy Onion Ghee Roast Dosa (MI),MI,1.0,No.,29,Salt,0.004,Kg,0.004,,0.1085,0.1082,recipe_cost_ideal_plaza.csv,Spicy Onion Ghee Roast Dosa,False,-0.3
Ideal Plaza,Kolkata,55,Spicy Onion Ghee Roast Dosa (MI),MI,1.0,No.,21,RO Water,0.12,Ltr,0.12,,,,recipe_cost_ideal_plaza.csv,Spicy Onion Ghee Roast Dosa,True,
Ideal Plaza,Kolkata,55,Spicy Onion Ghee Roast Dosa (MI),MI,1.0,No.,75,Ghee,0.03,Kg,0.03,,21.15,22.7301,recipe_cost_ideal_plaza.csv,Spicy Onion Ghee Roast Dosa,False,7.5
Ideal Plaza,Kolkata,58,Special White Coconut Chutney (MI),MI,1.0,No.,204,Special White Coconut Chutney Bucket,0.15,Kg,0.15,,10.8462,10.8462,recipe_cost_ideal_plaza.csv,Special White Coconut Chutney,False,0.0
Ideal Plaza,Kolkata,58,Special White Coconut Chutney (MI),MI,1.0,No.,207,Special Daal Bucket,0.003,Kg,0.003,,0.46,0.4579,recipe_cost_ideal_plaza.csv,Special White Coconut Chutney,False,-0.5
Ideal Plaza,Kolkata,232,Dadu`s Special Spicy Chutney (MI),MI,1.0,No.,29,Salt,0.0026,Kg,0.0026,,0.0705,0.0703,recipe_cost_ideal_plaza.csv,Dadu`s Special Spicy Chutney,False,-0.3
Ideal Plaza,Kolkata,232,Dadu`s Special Spicy Chutney (MI),MI,1.0,No.,229,Coconut Shredded,0.016,Kg,0.016,,2.2641,2.2641,recipe_cost_ideal_plaza.csv,Dadu`s Special Spicy Chutney,False,0.0
Ideal Plaza,Kolkata,232,Dadu`s Special Spicy Chutney (MI),MI,1.0,No.,47,Fried Chana Daal,0.04,Kg,0.04,,4.1402,3.904,recipe_cost_ideal_plaza.csv,Dadu`s Special Spicy Chutney,False,-5.7
Ideal Plaza,Kolkata,232,Dadu`s Special Spicy Chutney (MI),MI,1.0,No.,116,Raw Green Chili,0.008,Kg,0.008,,0.5953,0.5995,recipe_cost_ideal_plaza.csv,Dadu`s Special Spicy Chutney,False,0.7
Ideal Plaza,Kolkata,232,Dadu`s Special Spicy Chutney (MI),MI,1.0,No.,108,Ginger,0.001,Kg,0.001,,0.1313,0.1311,recipe_cost_ideal_plaza.csv,Dadu`s Special Spicy Chutney,False,-0.2
Ideal Plaza,Kolkata,232,Dadu`s Special Spicy Chutney (MI),MI,1.0,No.,115,Coriander Leaves,0.01,Kg,0.01,,0.9989,0.9999,recipe_cost_ideal_plaza.csv,Dadu`s Special Spicy Chutney,False,0.1
Ideal Plaza,Kolkata,232,Dadu`s Special Spicy Chutney (MI),MI,1.0,No.,26,Jaggery,0.002,Kg,0.002,,0.1146,0.1245,recipe_cost_ideal_plaza.csv,Dadu`s Special Spicy Chutney,False,8.6
Ideal Plaza,Kolkata,232,Dadu`s Special Spicy Chutney (MI),MI,1.0,No.,329,Imli Water,0.008,Ltr,0.008,,0.2038,0.2004,recipe_cost_ideal_plaza.csv,Dadu`s Special Spicy Chutney,False,-1.7
Ideal Plaza,Kolkata,232,Dadu`s Special Spicy Chutney (MI),MI,1.0,No.,21,RO Water,0.12,Ltr,0.12,,,,recipe_cost_ideal_plaza.csv,Dadu`s Special Spicy Chutney,True,
Ideal Plaza,Kolkata,232,Dadu`s Special Spicy Chutney (MI),MI,1.0,No.,43,Sunflower Refined Oil  ( 1pkt = 868 Ml ),0.004,Ltr,0.004,,0.6016,0.6758,recipe_cost_ideal_plaza.csv,Dadu`s Special Spicy Chutney,False,12.3
Ideal Plaza,Kolkata,232,Dadu`s Special Spicy Chutney (MI),MI,1.0,No.,27,Mustard Seed,0.005,Kg,0.005,,0.9238,0.9492,recipe_cost_ideal_plaza.csv,Dadu`s Special Spicy Chutney,False,2.7
Ideal Plaza,Kolkata,232,Dadu`s Special Spicy Chutney (MI),MI,1.0,No.,48,Dosa Daal (Urad),0.002,Kg,0.002,,0.2599,0.2554,recipe_cost_ideal_plaza.csv,Dadu`s Special Spicy Chutney,False,-1.7
Ideal Plaza,Kolkata,232,Dadu`s Special Spicy Chutney (MI),MI,1.0,No.,40,Dry Red Chili,0.001,Kg,0.001,,0.2382,0.2464,recipe_cost_ideal_plaza.csv,Dadu`s Special Spicy Chutney,False,3.4
Ideal Plaza,Kolkata,232,Dadu`s Special Spicy Chutney (MI),MI,1.0,No.,131,Curry Leaves,0.001,Kg,0.001,,0.0708,0.0712,recipe_cost_ideal_plaza.csv,Dadu`s Special Spicy Chutney,False,0.6
Ideal Plaza,Kolkata,52,Dhaniya Ghee Roast Dosa (MI),MI,1.0,No.,190,Dosa Batter Mix,0.12,Kg,0.12,,3.9344,3.7547,recipe_cost_ideal_plaza.csv,Dhaniya Ghee Roast Dosa,False,-4.6
Ideal Plaza,Kolkata,52,Dhaniya Ghee Roast Dosa (MI),MI,1.0,No.,207,Special Daal Bucket,0.003,Kg,0.003,,0.46,0.4579,recipe_cost_ideal_plaza.csv,Dhaniya Ghee Roast Dosa,False,-0.5
Ideal Plaza,Kolkata,52,Dhaniya Ghee Roast Dosa (MI),MI,1.0,No.,179,Dhaniya Chutney Bucket,0.05,Kg,0.05,,4.3856,4.3832,recipe_cost_ideal_plaza.csv,Dhaniya Ghee Roast Dosa,False,-0.1
Ideal Plaza,Kolkata,52,Dhaniya Ghee Roast Dosa (MI),MI,1.0,No.,97,Paper Napkin (1pkt = 100pc),1.0,Pc,1.0,,0.2304,0.2356,recipe_cost_ideal_plaza.csv,Dhaniya Ghee Roast Dosa,False,2.3
Ideal Plaza,Kolkata,52,Dhaniya Ghee Roast Dosa (MI),MI,1.0,No.,47,Fried Chana Daal,0.03,Kg,0.03,,3.1052,2.928,recipe_cost_ideal_plaza.csv,Dhaniya Ghee Roast Dosa,False,-5.7
Ideal Plaza,Kolkata,52,Dhaniya Ghee Roast Dosa (MI),MI,1.0,No.,229,Coconut Shredded,0.04,Kg,0.04,,5.6603,5.6603,recipe_cost_ideal_plaza.csv,Dhaniya Ghee Roast Dosa,False,0.0
Ideal Plaza,Kolkata,52,Dhaniya Ghee Roast Dosa (MI),MI,1.0,No.,108,Ginger,0.002,Kg,0.002,,0.2626,0.2623,recipe_cost_ideal_plaza.csv,Dhaniya Ghee Roast Dosa,False,-0.1
Ideal Plaza,Kolkata,52,Dhaniya Ghee Roast Dosa (MI),MI,1.0,No.,116,Raw Green Chili,0.002,Kg,0.002,,0.1488,0.1499,recipe_cost_ideal_plaza.csv,Dhaniya Ghee Roast Dosa,False,0.7
Ideal Plaza,Kolkata,52,Dhaniya Ghee Roast Dosa (MI),MI,1.0,No.,53,Sugar,0.002,Kg,0.002,,0.098,0.1038,recipe_cost_ideal_plaza.csv,Dhaniya Ghee Roast Dosa,False,5.9
Ideal Plaza,Kolkata,52,Dhaniya Ghee Roast Dosa (MI),MI,1.0,No.,29,Salt,0.004,Kg,0.004,,0.1085,0.1082,recipe_cost_ideal_plaza.csv,Dhaniya Ghee Roast Dosa,False,-0.3
Ideal Plaza,Kolkata,52,Dhaniya Ghee Roast Dosa (MI),MI,1.0,No.,21,RO Water,0.12,Ltr,0.12,,,,recipe_cost_ideal_plaza.csv,Dhaniya Ghee Roast Dosa,True,
Ideal Plaza,Kolkata,52,Dhaniya Ghee Roast Dosa (MI),MI,1.0,No.,75,Ghee,0.03,Kg,0.03,,21.15,22.7301,recipe_cost_ideal_plaza.csv,Dhaniya Ghee Roast Dosa,False,7.5
Ideal Plaza,Kolkata,255,Cheese Paniyaram (10 Pcs) (MI),MI,1.0,No.,68,Amul Cheese,0.05,Kg,0.05,,25.2205,25.6236,recipe_cost_ideal_plaza.csv,Cheese Paniyaram (10 Pcs),False,1.6
Ideal Plaza,Kolkata,255,Cheese Paniyaram (10 Pcs) (MI),MI,1.0,No.,207,Special Daal Bucket,0.002,Kg,0.002,,0.3067,0.3053,recipe_cost_ideal_plaza.csv,Cheese Paniyaram (10 Pcs),False,-0.5
Ideal Plaza,Kolkata,255,Cheese Paniyaram (10 Pcs) (MI),MI,1.0,No.,75,Ghee,0.03,Kg,0.03,,21.15,22.7301,recipe_cost_ideal_plaza.csv,Cheese Paniyaram (10 Pcs),False,7.5
Ideal Plaza,Kolkata,255,Cheese Paniyaram (10 Pcs) (MI),MI,1.0,No.,47,Fried Chana Daal,0.031,Kg,0.031,,3.2087,3.0256,recipe_cost_ideal_plaza.csv,Cheese Paniyaram (10 Pcs),False,-5.7
Ideal Plaza,Kolkata,255,Cheese Paniyaram (10 Pcs) (MI),MI,1.0,No.,229,Coconut Shredded,0.043,Kg,0.043,,6.0848,6.0848,recipe_cost_ideal_plaza.csv,Cheese Paniyaram (10 Pcs),False,0.0
Ideal Plaza,Kolkata,255,Cheese Paniyaram (10 Pcs) (MI),MI,1.0,No.,108,Ginger,0.01,Kg,0.01,,1.3132,1.3115,recipe_cost_ideal_plaza.csv,Cheese Paniyaram (10 Pcs),False,-0.1
Ideal Plaza,Kolkata,255,Cheese Paniyaram (10 Pcs) (MI),MI,1.0,No.,116,Raw Green Chili,0.007,Kg,0.007,,0.5209,0.5245,recipe_cost_ideal_plaza.csv,Cheese Paniyaram (10 Pcs),False,0.7
Ideal Plaza,Kolkata,255,Cheese Paniyaram (10 Pcs) (MI),MI,1.0,No.,53,Sugar,0.002,Kg,0.002,,0.098,0.1038,recipe_cost_ideal_plaza.csv,Cheese Paniyaram (10 Pcs),False,5.9
Ideal Plaza,Kolkata,255,Cheese Paniyaram (10 Pcs) (MI),MI,1.0,No.,29,Salt,0.004,Kg,0.004,,0.1085,0.1082,recipe_cost_ideal_plaza.csv,Cheese Paniyaram (10 Pcs),False,-0.3
Ideal Plaza,Kolkata,255,Cheese Paniyaram (10 Pcs) (MI),MI,1.0,No.,21,RO Water,0.125,Ltr,0.125,,,,recipe_cost_ideal_plaza.csv,Cheese Paniyaram (10 Pcs),True,
Ideal Plaza,Kolkata,255,Cheese Paniyaram (10 Pcs) (MI),MI,1.0,No.,97,Paper Napkin (1pkt = 100pc),1.0,Pc,1.0,,0.2304,0.2356,recipe_cost_ideal_plaza.csv,Cheese Paniyaram (10 Pcs),False,2.3
Ideal Plaza,Kolkata,255,Cheese Paniyaram (10 Pcs) (MI),MI,1.0,No.,190,Dosa Batter Mix,0.25,Kg,0.25,,8.1968,7.8224,recipe_cost_ideal_plaza.csv,Cheese Paniyaram (10 Pcs),False,-4.6
Ideal Plaza,Kolkata,255,Cheese Paniyaram (10 Pcs) (MI),MI,1.0,No.,132,Onion,0.025,Kg,0.025,,1.0632,0.9078,recipe_cost_ideal_plaza.csv,Cheese Paniyaram (10 Pcs),False,-14.6
Ideal Plaza,Kolkata,255,Cheese Paniyaram (10 Pcs) (MI),MI,1.0,No.,131,Curry Leaves,0.002,Kg,0.002,,0.1416,0.1424,recipe_cost_ideal_plaza.csv,Cheese Paniyaram (10 Pcs),False,0.6
Ideal Plaza,Kolkata,48,Guntur Karampodi Dosa (MI),MI,1.0,No.,190,Dosa Batter Mix,0.112,Kg,0.112,,3.6721,3.5044,recipe_cost_ideal_plaza.csv,Guntur Karampodi Dosa,False,-4.6
Ideal Plaza,Kolkata,48,Guntur Karampodi Dosa (MI),MI,1.0,No.,141,Tomato,0.04,Kg,0.04,,1.6055,1.5999,recipe_cost_ideal_plaza.csv,Guntur Karampodi Dosa,False,-0.3
Ideal Plaza,Kolkata,48,Guntur Karampodi Dosa (MI),MI,1.0,No.,132,Onion,0.05,Kg,0.05,,2.1264,1.8156,recipe_cost_ideal_plaza.csv,Guntur Karampodi Dosa,False,-14.6
Ideal Plaza,Kolkata,48,Guntur Karampodi Dosa (MI),MI,1.0,No.,14,Amul Butter,0.04,Kg,0.04,,21.8268,22.5865,recipe_cost_ideal_plaza.csv,Guntur Karampodi Dosa,False,3.5
Ideal Plaza,Kolkata,48,Guntur Karampodi Dosa (MI),MI,1.0,No.,203,Karam Podi Powder Bucket,0.04,Kg,0.04,,7.5921,7.2967,recipe_cost_ideal_plaza.csv,Guntur Karampodi Dosa,False,-3.9
Ideal Plaza,Kolkata,48,Guntur Karampodi Dosa (MI),MI,1.0,No.,115,Coriander Leaves,0.003,Kg,0.003,,0.2997,0.3,recipe_cost_ideal_plaza.csv,Guntur Karampodi Dosa,False,0.1
Ideal Plaza,Kolkata,48,Guntur Karampodi Dosa (MI),MI,1.0,No.,207,Special Daal Bucket,0.006,Kg,0.006,,0.92,0.9159,recipe_cost_ideal_plaza.csv,Guntur Karampodi Dosa,False,-0.4
Ideal Plaza,Kolkata,48,Guntur Karampodi Dosa (MI),MI,1.0,No.,97,Paper Napkin (1pkt = 100pc),1.0,Pc,1.0,,0.2304,0.2356,recipe_cost_ideal_plaza.csv,Guntur Karampodi Dosa,False,2.3
Ideal Plaza,Kolkata,48,Guntur Karampodi Dosa (MI),MI,1.0,No.,47,Fried Chana Daal,0.0396,Kg,0.0396,,4.1009,3.8669,recipe_cost_ideal_plaza.csv,Guntur Karampodi Dosa,False,-5.7
Ideal Plaza,Kolkata,48,Guntur Karampodi Dosa (MI),MI,1.0,No.,229,Coconut Shredded,0.0569,Kg,0.0569,,8.0475,8.0475,recipe_cost_ideal_plaza.csv,Guntur Karampodi Dosa,False,0.0
Ideal Plaza,Kolkata,48,Guntur Karampodi Dosa (MI),MI,1.0,No.,108,Ginger,0.0023,Kg,0.0023,,0.2955,0.2951,recipe_cost_ideal_plaza.csv,Guntur Karampodi Dosa,False,-0.1
Ideal Plaza,Kolkata,48,Guntur Karampodi Dosa (MI),MI,1.0,No.,116,Raw Green Chili,0.0021,Kg,0.0021,,0.1555,0.1566,recipe_cost_ideal_plaza.csv,Guntur Karampodi Dosa,False,0.7
Ideal Plaza,Kolkata,48,Guntur Karampodi Dosa (MI),MI,1.0,No.,53,Sugar,0.0011,Kg,0.0011,,0.0525,0.0555,recipe_cost_ideal_plaza.csv,Guntur Karampodi Dosa,False,5.7
Ideal Plaza,Kolkata,48,Guntur Karampodi Dosa (MI),MI,1.0,No.,29,Salt,0.0046,Kg,0.0046,,0.1237,0.1233,recipe_cost_ideal_plaza.csv,Guntur Karampodi Dosa,False,-0.3
Ideal Plaza,Kolkata,48,Guntur Karampodi Dosa (MI),MI,1.0,No.,21,RO Water,0.1525,Ltr,0.1525,,,,recipe_cost_ideal_plaza.csv,Guntur Karampodi Dosa,True,
Ideal Plaza,Kolkata,62,Spicy Onion Chutney (MI),MI,1.0,No.,196,Onion Chutney Bucket,0.1,Kg,0.1,,11.7801,11.6693,recipe_cost_ideal_plaza.csv,Spicy Onion Chutney,False,-0.9
Ideal Plaza,Kolkata,62,Spicy Onion Chutney (MI),MI,1.0,No.,207,Special Daal Bucket,0.003,Kg,0.003,,0.46,0.4579,recipe_cost_ideal_plaza.csv,Spicy Onion Chutney,False,-0.5
Ideal Plaza,Kolkata,50,Garlic Ghee Roast Dosa (MI),MI,1.0,No.,190,Dosa Batter Mix,0.12,Kg,0.12,,3.9344,3.7547,recipe_cost_ideal_plaza.csv,Garlic Ghee Roast Dosa,False,-4.6
Ideal Plaza,Kolkata,50,Garlic Ghee Roast Dosa (MI),MI,1.0,No.,75,Ghee,0.03,Kg,0.03,,21.15,22.7301,recipe_cost_ideal_plaza.csv,Garlic Ghee Roast Dosa,False,7.5
Ideal Plaza,Kolkata,50,Garlic Ghee Roast Dosa (MI),MI,1.0,No.,207,Special Daal Bucket,0.003,Kg,0.003,,0.46,0.4579,recipe_cost_ideal_plaza.csv,Garlic Ghee Roast Dosa,False,-0.5
Ideal Plaza,Kolkata,50,Garlic Ghee Roast Dosa (MI),MI,1.0,No.,202,Garlic Chutney Bucket,0.06,Kg,0.06,,15.2018,15.509,recipe_cost_ideal_plaza.csv,Garlic Ghee Roast Dosa,False,2.0
Ideal Plaza,Kolkata,50,Garlic Ghee Roast Dosa (MI),MI,1.0,No.,97,Paper Napkin (1pkt = 100pc),1.0,Pc,1.0,,0.2304,0.2356,recipe_cost_ideal_plaza.csv,Garlic Ghee Roast Dosa,False,2.3
Ideal Plaza,Kolkata,50,Garlic Ghee Roast Dosa (MI),MI,1.0,No.,47,Fried Chana Daal,0.03,Kg,0.03,,3.1052,2.928,recipe_cost_ideal_plaza.csv,Garlic Ghee Roast Dosa,False,-5.7
Ideal Plaza,Kolkata,50,Garlic Ghee Roast Dosa (MI),MI,1.0,No.,229,Coconut Shredded,0.04,Kg,0.04,,5.6603,5.6603,recipe_cost_ideal_plaza.csv,Garlic Ghee Roast Dosa,False,0.0
Ideal Plaza,Kolkata,50,Garlic Ghee Roast Dosa (MI),MI,1.0,No.,108,Ginger,0.002,Kg,0.002,,0.2626,0.2623,recipe_cost_ideal_plaza.csv,Garlic Ghee Roast Dosa,False,-0.1
Ideal Plaza,Kolkata,50,Garlic Ghee Roast Dosa (MI),MI,1.0,No.,116,Raw Green Chili,0.002,Kg,0.002,,0.1488,0.1499,recipe_cost_ideal_plaza.csv,Garlic Ghee Roast Dosa,False,0.7
Ideal Plaza,Kolkata,50,Garlic Ghee Roast Dosa (MI),MI,1.0,No.,53,Sugar,0.002,Kg,0.002,,0.098,0.1038,recipe_cost_ideal_plaza.csv,Garlic Ghee Roast Dosa,False,5.9
Ideal Plaza,Kolkata,50,Garlic Ghee Roast Dosa (MI),MI,1.0,No.,29,Salt,0.004,Kg,0.004,,0.1085,0.1082,recipe_cost_ideal_plaza.csv,Garlic Ghee Roast Dosa,False,-0.3
Ideal Plaza,Kolkata,50,Garlic Ghee Roast Dosa (MI),MI,1.0,No.,21,RO Water,0.12,Ltr,0.12,,,,recipe_cost_ideal_plaza.csv,Garlic Ghee Roast Dosa,True,
Ideal Plaza,Kolkata,51,Mysore Ghee Roast Dosa (MI),MI,1.0,No.,190,Dosa Batter Mix,0.12,Kg,0.12,,3.9344,3.7547,recipe_cost_ideal_plaza.csv,Mysore Ghee Roast Dosa,False,-4.6
Ideal Plaza,Kolkata,51,Mysore Ghee Roast Dosa (MI),MI,1.0,No.,207,Special Daal Bucket,0.003,Kg,0.003,,0.46,0.4579,recipe_cost_ideal_plaza.csv,Mysore Ghee Roast Dosa,False,-0.5
Ideal Plaza,Kolkata,51,Mysore Ghee Roast Dosa (MI),MI,1.0,No.,210,Mysore Chutney Bucket,0.06,Kg,0.06,,10.1834,10.3432,recipe_cost_ideal_plaza.csv,Mysore Ghee Roast Dosa,False,1.6
Ideal Plaza,Kolkata,51,Mysore Ghee Roast Dosa (MI),MI,1.0,No.,97,Paper Napkin (1pkt = 100pc),1.0,Pc,1.0,,0.2304,0.2356,recipe_cost_ideal_plaza.csv,Mysore Ghee Roast Dosa,False,2.3
Ideal Plaza,Kolkata,51,Mysore Ghee Roast Dosa (MI),MI,1.0,No.,47,Fried Chana Daal,0.03,Kg,0.03,,3.1052,2.928,recipe_cost_ideal_plaza.csv,Mysore Ghee Roast Dosa,False,-5.7
Ideal Plaza,Kolkata,51,Mysore Ghee Roast Dosa (MI),MI,1.0,No.,229,Coconut Shredded,0.04,Kg,0.04,,5.6603,5.6603,recipe_cost_ideal_plaza.csv,Mysore Ghee Roast Dosa,False,0.0
Ideal Plaza,Kolkata,51,Mysore Ghee Roast Dosa (MI),MI,1.0,No.,108,Ginger,0.002,Kg,0.002,,0.2626,0.2623,recipe_cost_ideal_plaza.csv,Mysore Ghee Roast Dosa,False,-0.1
Ideal Plaza,Kolkata,51,Mysore Ghee Roast Dosa (MI),MI,1.0,No.,116,Raw Green Chili,0.002,Kg,0.002,,0.1488,0.1499,recipe_cost_ideal_plaza.csv,Mysore Ghee Roast Dosa,False,0.7
Ideal Plaza,Kolkata,51,Mysore Ghee Roast Dosa (MI),MI,1.0,No.,53,Sugar,0.002,Kg,0.002,,0.098,0.1038,recipe_cost_ideal_plaza.csv,Mysore Ghee Roast Dosa,False,5.9
Ideal Plaza,Kolkata,51,Mysore Ghee Roast Dosa (MI),MI,1.0,No.,29,Salt,0.004,Kg,0.004,,0.1085,0.1082,recipe_cost_ideal_plaza.csv,Mysore Ghee Roast Dosa,False,-0.3
Ideal Plaza,Kolkata,51,Mysore Ghee Roast Dosa (MI),MI,1.0,No.,21,RO Water,0.12,Ltr,0.12,,,,recipe_cost_ideal_plaza.csv,Mysore Ghee Roast Dosa,True,
Ideal Plaza,Kolkata,51,Mysore Ghee Roast Dosa (MI),MI,1.0,No.,75,Ghee,0.03,Kg,0.03,,21.15,22.7301,recipe_cost_ideal_plaza.csv,Mysore Ghee Roast Dosa,False,7.5
Ideal Plaza,Kolkata,154,Special Spicy Coconut Chutney (MI),MI,1.0,No.,207,Special Daal Bucket,0.001,Kg,0.001,,0.1533,0.1526,recipe_cost_ideal_plaza.csv,Special Spicy Coconut Chutney,False,-0.5
Ideal Plaza,Kolkata,154,Special Spicy Coconut Chutney (MI),MI,1.0,No.,47,Fried Chana Daal,0.0179,Kg,0.0179,,1.8527,1.747,recipe_cost_ideal_plaza.csv,Special Spicy Coconut Chutney,False,-5.7
Ideal Plaza,Kolkata,154,Special Spicy Coconut Chutney (MI),MI,1.0,No.,115,Coriander Leaves,0.0043,Kg,0.0043,,0.4295,0.43,recipe_cost_ideal_plaza.csv,Special Spicy Coconut Chutney,False,0.1
Ideal Plaza,Kolkata,154,Special Spicy Coconut Chutney (MI),MI,1.0,No.,229,Coconut Shredded,0.025,Kg,0.025,,3.5377,3.5377,recipe_cost_ideal_plaza.csv,Special Spicy Coconut Chutney,False,0.0
Ideal Plaza,Kolkata,154,Special Spicy Coconut Chutney (MI),MI,1.0,No.,108,Ginger,0.0011,Kg,0.0011,,0.1445,0.1443,recipe_cost_ideal_plaza.csv,Special Spicy Coconut Chutney,False,-0.1
Ideal Plaza,Kolkata,154,Special Spicy Coconut Chutney (MI),MI,1.0,No.,329,Imli Water,0.0036,Ltr,0.0036,,0.0917,0.0902,recipe_cost_ideal_plaza.csv,Special Spicy Coconut Chutney,False,-1.6
Ideal Plaza,Kolkata,154,Special Spicy Coconut Chutney (MI),MI,1.0,No.,328,Spicy Coconut Chutney Mix 1Pkt (16gm),0.0023,Kg,0.0023,,0.36,0.36,recipe_cost_ideal_plaza.csv,Special Spicy Coconut Chutney,False,0.0
Ideal Plaza,Kolkata,154,Special Spicy Coconut Chutney (MI),MI,1.0,No.,116,Raw Green Chili,0.0029,Kg,0.0029,,0.2158,0.2173,recipe_cost_ideal_plaza.csv,Special Spicy Coconut Chutney,False,0.7
Ideal Plaza,Kolkata,154,Special Spicy Coconut Chutney (MI),MI,1.0,No.,21,RO Water,0.0536,Ltr,0.0536,,,,recipe_cost_ideal_plaza.csv,Special Spicy Coconut Chutney,True,
Ideal Plaza,Kolkata,49,Plain Ghee Roast Dosa (MI),MI,1.0,No.,190,Dosa Batter Mix,0.112,Kg,0.112,,3.6721,3.5044,recipe_cost_ideal_plaza.csv,Plain Ghee Roast Dosa,False,-4.6
Ideal Plaza,Kolkata,49,Plain Ghee Roast Dosa (MI),MI,1.0,No.,207,Special Daal Bucket,0.003,Kg,0.003,,0.46,0.4579,recipe_cost_ideal_plaza.csv,Plain Ghee Roast Dosa,False,-0.5
Ideal Plaza,Kolkata,49,Plain Ghee Roast Dosa (MI),MI,1.0,No.,97,Paper Napkin (1pkt = 100pc),1.0,Pc,1.0,,0.2304,0.2356,recipe_cost_ideal_plaza.csv,Plain Ghee Roast Dosa,False,2.3
Ideal Plaza,Kolkata,49,Plain Ghee Roast Dosa (MI),MI,1.0,No.,47,Fried Chana Daal,0.03,Kg,0.03,,3.1052,2.928,recipe_cost_ideal_plaza.csv,Plain Ghee Roast Dosa,False,-5.7
Ideal Plaza,Kolkata,49,Plain Ghee Roast Dosa (MI),MI,1.0,No.,229,Coconut Shredded,0.04,Kg,0.04,,5.6603,5.6603,recipe_cost_ideal_plaza.csv,Plain Ghee Roast Dosa,False,0.0
Ideal Plaza,Kolkata,49,Plain Ghee Roast Dosa (MI),MI,1.0,No.,108,Ginger,0.002,Kg,0.002,,0.2626,0.2623,recipe_cost_ideal_plaza.csv,Plain Ghee Roast Dosa,False,-0.1
Ideal Plaza,Kolkata,49,Plain Ghee Roast Dosa (MI),MI,1.0,No.,116,Raw Green Chili,0.002,Kg,0.002,,0.1488,0.1499,recipe_cost_ideal_plaza.csv,Plain Ghee Roast Dosa,False,0.7
Ideal Plaza,Kolkata,49,Plain Ghee Roast Dosa (MI),MI,1.0,No.,53,Sugar,0.002,Kg,0.002,,0.098,0.1038,recipe_cost_ideal_plaza.csv,Plain Ghee Roast Dosa,False,5.9
Ideal Plaza,Kolkata,49,Plain Ghee Roast Dosa (MI),MI,1.0,No.,29,Salt,0.004,Kg,0.004,,0.1085,0.1082,recipe_cost_ideal_plaza.csv,Plain Ghee Roast Dosa,False,-0.3
Ideal Plaza,Kolkata,49,Plain Ghee Roast Dosa (MI),MI,1.0,No.,21,RO Water,0.12,Ltr,0.12,,,,recipe_cost_ideal_plaza.csv,Plain Ghee Roast Dosa,True,
Ideal Plaza,Kolkata,49,Plain Ghee Roast Dosa (MI),MI,1.0,No.,75,Ghee,0.03,Kg,0.03,,21.15,22.7301,recipe_cost_ideal_plaza.csv,Plain Ghee Roast Dosa,False,7.5
Ideal Plaza,Kolkata,57,Spicy Coconut Ghee Roast Dosa (MI),MI,1.0,No.,190,Dosa Batter Mix,0.112,Kg,0.112,,3.6721,3.5044,recipe_cost_ideal_plaza.csv,Spicy Coconut Ghee Roast Dosa,False,-4.6
Ideal Plaza,Kolkata,57,Spicy Coconut Ghee Roast Dosa (MI),MI,1.0,No.,207,Special Daal Bucket,0.003,Kg,0.003,,0.46,0.4579,recipe_cost_ideal_plaza.csv,Spicy Coconut Ghee Roast Dosa,False,-0.5
Ideal Plaza,Kolkata,57,Spicy Coconut Ghee Roast Dosa (MI),MI,1.0,No.,97,Paper Napkin (1pkt = 100pc),1.0,Pc,1.0,,0.2304,0.2356,recipe_cost_ideal_plaza.csv,Spicy Coconut Ghee Roast Dosa,False,2.3
Ideal Plaza,Kolkata,57,Spicy Coconut Ghee Roast Dosa (MI),MI,1.0,No.,47,Fried Chana Daal,0.0285,Kg,0.0285,,2.9499,2.7816,recipe_cost_ideal_plaza.csv,Spicy Coconut Ghee Roast Dosa,False,-5.7
Ideal Plaza,Kolkata,57,Spicy Coconut Ghee Roast Dosa (MI),MI,1.0,No.,229,Coconut Shredded,0.0405,Kg,0.0405,,5.7311,5.7311,recipe_cost_ideal_plaza.csv,Spicy Coconut Ghee Roast Dosa,False,0.0
Ideal Plaza,Kolkata,57,Spicy Coconut Ghee Roast Dosa (MI),MI,1.0,No.,108,Ginger,0.0018,Kg,0.0018,,0.2364,0.2361,recipe_cost_ideal_plaza.csv,Spicy Coconut Ghee Roast Dosa,False,-0.1
Ideal Plaza,Kolkata,57,Spicy Coconut Ghee Roast Dosa (MI),MI,1.0,No.,116,Raw Green Chili,0.003,Kg,0.003,,0.2232,0.2248,recipe_cost_ideal_plaza.csv,Spicy Coconut Ghee Roast Dosa,False,0.7
Ideal Plaza,Kolkata,57,Spicy Coconut Ghee Roast Dosa (MI),MI,1.0,No.,53,Sugar,0.002,Kg,0.002,,0.098,0.1038,recipe_cost_ideal_plaza.csv,Spicy Coconut Ghee Roast Dosa,False,5.9
Ideal Plaza,Kolkata,57,Spicy Coconut Ghee Roast Dosa (MI),MI,1.0,No.,29,Salt,0.004,Kg,0.004,,0.1085,0.1082,recipe_cost_ideal_plaza.csv,Spicy Coconut Ghee Roast Dosa,False,-0.3
Ideal Plaza,Kolkata,57,Spicy Coconut Ghee Roast Dosa (MI),MI,1.0,No.,21,RO Water,0.1025,Ltr,0.1025,,,,recipe_cost_ideal_plaza.csv,Spicy Coconut Ghee Roast Dosa,True,
Ideal Plaza,Kolkata,57,Spicy Coconut Ghee Roast Dosa (MI),MI,1.0,No.,115,Coriander Leaves,0.004,Kg,0.004,,0.3995,0.4,recipe_cost_ideal_plaza.csv,Spicy Coconut Ghee Roast Dosa,False,0.1
Ideal Plaza,Kolkata,57,Spicy Coconut Ghee Roast Dosa (MI),MI,1.0,No.,329,Imli Water,0.003,Ltr,0.003,,0.0764,0.0751,recipe_cost_ideal_plaza.csv,Spicy Coconut Ghee Roast Dosa,False,-1.7
Ideal Plaza,Kolkata,57,Spicy Coconut Ghee Roast Dosa (MI),MI,1.0,No.,328,Spicy Coconut Chutney Mix 1Pkt (16gm),0.002,Kg,0.002,,0.3131,0.3131,recipe_cost_ideal_plaza.csv,Spicy Coconut Ghee Roast Dosa,False,0.0
Ideal Plaza,Kolkata,57,Spicy Coconut Ghee Roast Dosa (MI),MI,1.0,No.,75,Ghee,0.03,Kg,0.03,,21.15,22.7301,recipe_cost_ideal_plaza.csv,Spicy Coconut Ghee Roast Dosa,False,7.5
Ideal Plaza,Kolkata,152,Extra Paratha(1 Pc) (MI),MI,1.0,No.,216,Malabar Paratha  (1pkt= 6Pcs),1.0,Pc,1.0,,8.0677,9.4694,recipe_cost_ideal_plaza.csv,Extra Paratha(1 Pc),False,17.4
Ideal Plaza,Kolkata,152,Extra Paratha(1 Pc) (MI),MI,1.0,No.,43,Sunflower Refined Oil  ( 1pkt = 868 Ml ),0.009,Ltr,0.009,,1.3536,1.5206,recipe_cost_ideal_plaza.csv,Extra Paratha(1 Pc),False,12.3
Ideal Plaza,Kolkata,152,Extra Paratha(1 Pc) (MI),MI,1.0,No.,75,Ghee,0.001,Kg,0.001,,0.705,0.7577,recipe_cost_ideal_plaza.csv,Extra Paratha(1 Pc),False,7.5
Ideal Plaza,Kolkata,153,Extra Paneer Korma (MI),MI,1.0,No.,195,Korma Gravy Mix (1pkt=700gm),0.108,Kg,0.108,,16.3673,16.4437,recipe_cost_ideal_plaza.csv,Extra Paneer Korma,False,0.5
Ideal Plaza,Kolkata,153,Extra Paneer Korma (MI),MI,1.0,No.,115,Coriander Leaves,0.001,Kg,0.001,,0.0999,0.1,recipe_cost_ideal_plaza.csv,Extra Paneer Korma,False,0.1
Ideal Plaza,Kolkata,153,Extra Paneer Korma (MI),MI,1.0,No.,60,Paneer,0.04,Kg,0.04,,11.9655,11.96,recipe_cost_ideal_plaza.csv,Extra Paneer Korma,False,-0.0
Ideal Plaza,Kolkata,153,Extra Paneer Korma (MI),MI,1.0,No.,29,Salt,0.002,Kg,0.002,,0.0543,0.0541,recipe_cost_ideal_plaza.csv,Extra Paneer Korma,False,-0.4
Ideal Plaza,Kolkata,37,Paper Plain Dosa (MI),MI,1.0,No.,190,Dosa Batter Mix,0.246,Kg,0.246,,8.0656,7.6972,recipe_cost_ideal_plaza.csv,Paper Plain Dosa,False,-4.6
Ideal Plaza,Kolkata,37,Paper Plain Dosa (MI),MI,1.0,No.,207,Special Daal Bucket,0.003,Kg,0.003,,0.46,0.4579,recipe_cost_ideal_plaza.csv,Paper Plain Dosa,False,-0.5
Ideal Plaza,Kolkata,37,Paper Plain Dosa (MI),MI,1.0,No.,43,Sunflower Refined Oil  ( 1pkt = 868 Ml ),0.023,Ltr,0.023,,3.4591,3.886,recipe_cost_ideal_plaza.csv,Paper Plain Dosa,False,12.3
Ideal Plaza,Kolkata,37,Paper Plain Dosa (MI),MI,1.0,No.,97,Paper Napkin (1pkt = 100pc),1.0,Pc,1.0,,0.2304,0.2356,recipe_cost_ideal_plaza.csv,Paper Plain Dosa,False,2.3
Ideal Plaza,Kolkata,37,Paper Plain Dosa (MI),MI,1.0,No.,75,Ghee,0.002,Kg,0.002,,1.41,1.5153,recipe_cost_ideal_plaza.csv,Paper Plain Dosa,False,7.5
Ideal Plaza,Kolkata,37,Paper Plain Dosa (MI),MI,1.0,No.,47,Fried Chana Daal,0.03,Kg,0.03,,3.1052,2.928,recipe_cost_ideal_plaza.csv,Paper Plain Dosa,False,-5.7
Ideal Plaza,Kolkata,37,Paper Plain Dosa (MI),MI,1.0,No.,229,Coconut Shredded,0.04,Kg,0.04,,5.6603,5.6603,recipe_cost_ideal_plaza.csv,Paper Plain Dosa,False,0.0
Ideal Plaza,Kolkata,37,Paper Plain Dosa (MI),MI,1.0,No.,108,Ginger,0.002,Kg,0.002,,0.2626,0.2623,recipe_cost_ideal_plaza.csv,Paper Plain Dosa,False,-0.1
Ideal Plaza,Kolkata,37,Paper Plain Dosa (MI),MI,1.0,No.,116,Raw Green Chili,0.002,Kg,0.002,,0.1488,0.1499,recipe_cost_ideal_plaza.csv,Paper Plain Dosa,False,0.7
Ideal Plaza,Kolkata,37,Paper Plain Dosa (MI),MI,1.0,No.,53,Sugar,0.002,Kg,0.002,,0.098,0.1038,recipe_cost_ideal_plaza.csv,Paper Plain Dosa,False,5.9
Ideal Plaza,Kolkata,37,Paper Plain Dosa (MI),MI,1.0,No.,29,Salt,0.004,Kg,0.004,,0.1085,0.1082,recipe_cost_ideal_plaza.csv,Paper Plain Dosa,False,-0.3
Ideal Plaza,Kolkata,37,Paper Plain Dosa (MI),MI,1.0,No.,21,RO Water,0.125,Ltr,0.125,,,,recipe_cost_ideal_plaza.csv,Paper Plain Dosa,True,
Ideal Plaza,Kolkata,267,Srivilli Kheer (Complimentary) (MI),MI,1.0,No.,503,Srivilli Kheer (1 Pc),1.0,Pc,1.0,,26.2995,31.7582,recipe_cost_ideal_plaza.csv,Srivilli Kheer (Complimentary),False,20.8
Ideal Plaza,Kolkata,267,Srivilli Kheer (Complimentary) (MI),MI,1.0,No.,97,Paper Napkin (1pkt = 100pc),1.0,Pc,1.0,,0.2304,0.2356,recipe_cost_ideal_plaza.csv,Srivilli Kheer (Complimentary),False,2.3
Ideal Plaza,Kolkata,267,Srivilli Kheer (Complimentary) (MI),MI,1.0,No.,92,Banana Leaf Small (1bundle = 50pc),1.0,Pc,1.0,,1.25,1.25,recipe_cost_ideal_plaza.csv,Srivilli Kheer (Complimentary),False,0.0
Ideal Plaza,Kolkata,74,Kesari Halwa (MI),MI,1.0,No.,75,Ghee,25.0,gm,25.0,,17.625,18.9418,recipe_cost_ideal_plaza.csv,Kesari Halwa,False,7.5
Ideal Plaza,Kolkata,74,Kesari Halwa (MI),MI,1.0,No.,39,Cashew,0.001,Kg,0.001,,0.8382,0.8376,recipe_cost_ideal_plaza.csv,Kesari Halwa,False,-0.1
Ideal Plaza,Kolkata,74,Kesari Halwa (MI),MI,1.0,No.,21,RO Water,0.094,Ltr,0.094,,,,recipe_cost_ideal_plaza.csv,Kesari Halwa,True,
Ideal Plaza,Kolkata,74,Kesari Halwa (MI),MI,1.0,No.,9,Raisin,0.001,Kg,0.001,,0.394,0.4577,recipe_cost_ideal_plaza.csv,Kesari Halwa,False,16.2
Ideal Plaza,Kolkata,74,Kesari Halwa (MI),MI,1.0,No.,217,Kesari Halwa Mix  (1pkt = 550gm),0.069,Kg,0.069,,4.7758,4.9542,recipe_cost_ideal_plaza.csv,Kesari Halwa,False,3.7
Ideal Plaza,Kolkata,74,Kesari Halwa (MI),MI,1.0,No.,97,Paper Napkin (1pkt = 100pc),1.0,Pc,1.0,,0.2304,0.2356,recipe_cost_ideal_plaza.csv,Kesari Halwa,False,2.3
Ideal Plaza,Kolkata,36,Plain Dosa (MI),MI,1.0,No.,190,Dosa Batter Mix,0.14,Kg,0.14,,4.5902,4.3805,recipe_cost_ideal_plaza.csv,Plain Dosa,False,-4.6
Ideal Plaza,Kolkata,36,Plain Dosa (MI),MI,1.0,No.,207,Special Daal Bucket,0.003,Kg,0.003,,0.46,0.4579,recipe_cost_ideal_plaza.csv,Plain Dosa,False,-0.5
Ideal Plaza,Kolkata,36,Plain Dosa (MI),MI,1.0,No.,43,Sunflower Refined Oil  ( 1pkt = 868 Ml ),0.009,Ltr,0.009,,1.3536,1.5206,recipe_cost_ideal_plaza.csv,Plain Dosa,False,12.3
Ideal Plaza,Kolkata,36,Plain Dosa (MI),MI,1.0,No.,97,Paper Napkin (1pkt = 100pc),1.0,Pc,1.0,,0.2304,0.2356,recipe_cost_ideal_plaza.csv,Plain Dosa,False,2.3
Ideal Plaza,Kolkata,36,Plain Dosa (MI),MI,1.0,No.,75,Ghee,0.001,Kg,0.001,,0.705,0.7577,recipe_cost_ideal_plaza.csv,Plain Dosa,False,7.5
Ideal Plaza,Kolkata,36,Plain Dosa (MI),MI,1.0,No.,47,Fried Chana Daal,0.03,Kg,0.03,,3.1052,2.928,recipe_cost_ideal_plaza.csv,Plain Dosa,False,-5.7
Ideal Plaza,Kolkata,36,Plain Dosa (MI),MI,1.0,No.,229,Coconut Shredded,0.04,Kg,0.04,,5.6603,5.6603,recipe_cost_ideal_plaza.csv,Plain Dosa,False,0.0
Ideal Plaza,Kolkata,36,Plain Dosa (MI),MI,1.0,No.,108,Ginger,0.002,Kg,0.002,,0.2626,0.2623,recipe_cost_ideal_plaza.csv,Plain Dosa,False,-0.1
Ideal Plaza,Kolkata,36,Plain Dosa (MI),MI,1.0,No.,116,Raw Green Chili,0.002,Kg,0.002,,0.1488,0.1499,recipe_cost_ideal_plaza.csv,Plain Dosa,False,0.7
Ideal Plaza,Kolkata,36,Plain Dosa (MI),MI,1.0,No.,53,Sugar,0.002,Kg,0.002,,0.098,0.1038,recipe_cost_ideal_plaza.csv,Plain Dosa,False,5.9
Ideal Plaza,Kolkata,36,Plain Dosa (MI),MI,1.0,No.,29,Salt,0.004,Kg,0.004,,0.1085,0.1082,recipe_cost_ideal_plaza.csv,Plain Dosa,False,-0.3
Ideal Plaza,Kolkata,36,Plain Dosa (MI),MI,1.0,No.,21,RO Water,0.12,Ltr,0.12,,,,recipe_cost_ideal_plaza.csv,Plain Dosa,True,
Ideal Plaza,Kolkata,65,Malabar Paratha with Paneer Korma (MI),MI,1.0,No.,216,Malabar Paratha  (1pkt= 6Pcs),2.0,Pc,2.0,,16.1354,18.9389,recipe_cost_ideal_plaza.csv,Malabar Paratha with Paneer Korma,False,17.4
Ideal Plaza,Kolkata,65,Malabar Paratha with Paneer Korma (MI),MI,1.0,No.,43,Sunflower Refined Oil  ( 1pkt = 868 Ml ),0.018,Ltr,0.018,,2.7071,3.0412,recipe_cost_ideal_plaza.csv,Malabar Paratha with Paneer Korma,False,12.3
Ideal Plaza,Kolkata,65,Malabar Paratha with Paneer Korma (MI),MI,1.0,No.,195,Korma Gravy Mix (1pkt=700gm),0.18,Kg,0.18,,27.2789,27.4062,recipe_cost_ideal_plaza.csv,Malabar Paratha with Paneer Korma,False,0.5
Ideal Plaza,Kolkata,65,Malabar Paratha with Paneer Korma (MI),MI,1.0,No.,115,Coriander Leaves,0.001,Kg,0.001,,0.0999,0.1,recipe_cost_ideal_plaza.csv,Malabar Paratha with Paneer Korma,False,0.1
Ideal Plaza,Kolkata,65,Malabar Paratha with Paneer Korma (MI),MI,1.0,No.,97,Paper Napkin (1pkt = 100pc),1.0,Pc,1.0,,0.2304,0.2356,recipe_cost_ideal_plaza.csv,Malabar Paratha with Paneer Korma,False,2.3
Ideal Plaza,Kolkata,65,Malabar Paratha with Paneer Korma (MI),MI,1.0,No.,60,Paneer,0.07,Kg,0.07,,20.9397,20.93,recipe_cost_ideal_plaza.csv,Malabar Paratha with Paneer Korma,False,-0.0
Ideal Plaza,Kolkata,65,Malabar Paratha with Paneer Korma (MI),MI,1.0,No.,29,Salt,0.002,Kg,0.002,,0.0543,0.0541,recipe_cost_ideal_plaza.csv,Malabar Paratha with Paneer Korma,False,-0.4
Ideal Plaza,Kolkata,65,Malabar Paratha with Paneer Korma (MI),MI,1.0,No.,75,Ghee,0.002,Kg,0.002,,1.41,1.5153,recipe_cost_ideal_plaza.csv,Malabar Paratha with Paneer Korma,False,7.5
Ideal Plaza,Kolkata,76,Schweppes Bottled water (500ml) (MI),MI,1.0,No.,88,Schweppes Water - 500ml,1.0,Pc,1.0,,27.7657,24.9366,recipe_cost_ideal_plaza.csv,Schweppes Bottled water (500ml),False,-10.2
Ideal Plaza,Kolkata,32,Upma (MI),MI,1.0,No.,222,Upma Mix (1pkt = 300gm),0.06,Kg,0.06,,5.1982,5.1652,recipe_cost_ideal_plaza.csv,Upma,False,-0.6
Ideal Plaza,Kolkata,32,Upma (MI),MI,1.0,No.,21,RO Water,0.22,Ltr,0.22,,,,recipe_cost_ideal_plaza.csv,Upma,True,
Ideal Plaza,Kolkata,32,Upma (MI),MI,1.0,No.,116,Raw Green Chili,0.005,Kg,0.005,,0.3721,0.3747,recipe_cost_ideal_plaza.csv,Upma,False,0.7
Ideal Plaza,Kolkata,32,Upma (MI),MI,1.0,No.,132,Onion,0.016,Kg,0.016,,0.6804,0.581,recipe_cost_ideal_plaza.csv,Upma,False,-14.6
Ideal Plaza,Kolkata,32,Upma (MI),MI,1.0,No.,141,Tomato,0.016,Kg,0.016,,0.6422,0.6399,recipe_cost_ideal_plaza.csv,Upma,False,-0.4
Ideal Plaza,Kolkata,32,Upma (MI),MI,1.0,No.,91,Milk (Adya Dairy),0.1,Ltr,0.1,,6.1086,6.1854,recipe_cost_ideal_plaza.csv,Upma,False,1.3
Ideal Plaza,Kolkata,32,Upma (MI),MI,1.0,No.,75,Ghee,36.0,gm,36.0,,25.38,27.2761,recipe_cost_ideal_plaza.csv,Upma,False,7.5
Ideal Plaza,Kolkata,32,Upma (MI),MI,1.0,No.,207,Special Daal Bucket,0.003,Kg,0.003,,0.46,0.4579,recipe_cost_ideal_plaza.csv,Upma,False,-0.5
Ideal Plaza,Kolkata,32,Upma (MI),MI,1.0,No.,97,Paper Napkin (1pkt = 100pc),1.0,Pc,1.0,,0.2304,0.2356,recipe_cost_ideal_plaza.csv,Upma,False,2.3
Ideal Plaza,Kolkata,32,Upma (MI),MI,1.0,No.,47,Fried Chana Daal,0.03,Kg,0.03,,3.1052,2.928,recipe_cost_ideal_plaza.csv,Upma,False,-5.7
Ideal Plaza,Kolkata,32,Upma (MI),MI,1.0,No.,229,Coconut Shredded,0.04,Kg,0.04,,5.6603,5.6603,recipe_cost_ideal_plaza.csv,Upma,False,0.0
Ideal Plaza,Kolkata,32,Upma (MI),MI,1.0,No.,108,Ginger,0.002,Kg,0.002,,0.2626,0.2623,recipe_cost_ideal_plaza.csv,Upma,False,-0.1
Ideal Plaza,Kolkata,32,Upma (MI),MI,1.0,No.,53,Sugar,0.002,Kg,0.002,,0.098,0.1038,recipe_cost_ideal_plaza.csv,Upma,False,5.9
Ideal Plaza,Kolkata,32,Upma (MI),MI,1.0,No.,29,Salt,0.004,Kg,0.004,,0.1085,0.1082,recipe_cost_ideal_plaza.csv,Upma,False,-0.3
Ideal Plaza,Kolkata,27,Masala Uttapam (MI),MI,1.0,No.,190,Dosa Batter Mix,0.2,Kg,0.2,,6.5574,6.2579,recipe_cost_ideal_plaza.csv,Masala Uttapam,False,-4.6
Ideal Plaza,Kolkata,27,Masala Uttapam (MI),MI,1.0,No.,43,Sunflower Refined Oil  ( 1pkt = 868 Ml ),0.009,Ltr,0.009,,1.3536,1.5206,recipe_cost_ideal_plaza.csv,Masala Uttapam,False,12.3
Ideal Plaza,Kolkata,27,Masala Uttapam (MI),MI,1.0,No.,75,Ghee,0.001,Kg,0.001,,0.705,0.7577,recipe_cost_ideal_plaza.csv,Masala Uttapam,False,7.5
Ideal Plaza,Kolkata,27,Masala Uttapam (MI),MI,1.0,No.,446,Potato Masala Bucket Outlet,0.101,Kg,0.101,,4.3207,4.1648,recipe_cost_ideal_plaza.csv,Masala Uttapam,False,-3.6
Ideal Plaza,Kolkata,27,Masala Uttapam (MI),MI,1.0,No.,208,Chaat Masala Bucket,0.001,Kg,0.001,,0.3581,0.3463,recipe_cost_ideal_plaza.csv,Masala Uttapam,False,-3.3
Ideal Plaza,Kolkata,27,Masala Uttapam (MI),MI,1.0,No.,207,Special Daal Bucket,0.003,Kg,0.003,,0.46,0.4579,recipe_cost_ideal_plaza.csv,Masala Uttapam,False,-0.5
Ideal Plaza,Kolkata,27,Masala Uttapam (MI),MI,1.0,No.,47,Fried Chana Daal,0.03,Kg,0.03,,3.1052,2.928,recipe_cost_ideal_plaza.csv,Masala Uttapam,False,-5.7
Ideal Plaza,Kolkata,27,Masala Uttapam (MI),MI,1.0,No.,229,Coconut Shredded,0.04,Kg,0.04,,5.6603,5.6603,recipe_cost_ideal_plaza.csv,Masala Uttapam,False,0.0
Ideal Plaza,Kolkata,27,Masala Uttapam (MI),MI,1.0,No.,108,Ginger,0.002,Kg,0.002,,0.2626,0.2623,recipe_cost_ideal_plaza.csv,Masala Uttapam,False,-0.1
Ideal Plaza,Kolkata,27,Masala Uttapam (MI),MI,1.0,No.,116,Raw Green Chili,0.002,Kg,0.002,,0.1488,0.1499,recipe_cost_ideal_plaza.csv,Masala Uttapam,False,0.7
Ideal Plaza,Kolkata,27,Masala Uttapam (MI),MI,1.0,No.,53,Sugar,0.002,Kg,0.002,,0.098,0.1038,recipe_cost_ideal_plaza.csv,Masala Uttapam,False,5.9
Ideal Plaza,Kolkata,27,Masala Uttapam (MI),MI,1.0,No.,29,Salt,0.004,Kg,0.004,,0.1085,0.1082,recipe_cost_ideal_plaza.csv,Masala Uttapam,False,-0.3
Ideal Plaza,Kolkata,27,Masala Uttapam (MI),MI,1.0,No.,21,RO Water,0.12,Ltr,0.12,,,,recipe_cost_ideal_plaza.csv,Masala Uttapam,True,
Ideal Plaza,Kolkata,27,Masala Uttapam (MI),MI,1.0,No.,97,Paper Napkin (1pkt = 100pc),1.0,Pc,1.0,,0.2304,0.2356,recipe_cost_ideal_plaza.csv,Masala Uttapam,False,2.3
Ideal Plaza,Kolkata,31,Onion Uttapam (MI),MI,1.0,No.,190,Dosa Batter Mix,0.2,Kg,0.2,,6.5574,6.2579,recipe_cost_ideal_plaza.csv,Onion Uttapam,False,-4.6
Ideal Plaza,Kolkata,31,Onion Uttapam (MI),MI,1.0,No.,132,Onion,0.07,Kg,0.07,,2.977,2.5418,recipe_cost_ideal_plaza.csv,Onion Uttapam,False,-14.6
Ideal Plaza,Kolkata,31,Onion Uttapam (MI),MI,1.0,No.,208,Chaat Masala Bucket,0.001,Kg,0.001,,0.3581,0.3463,recipe_cost_ideal_plaza.csv,Onion Uttapam,False,-3.3
Ideal Plaza,Kolkata,31,Onion Uttapam (MI),MI,1.0,No.,207,Special Daal Bucket,0.003,Kg,0.003,,0.46,0.4579,recipe_cost_ideal_plaza.csv,Onion Uttapam,False,-0.5
Ideal Plaza,Kolkata,31,Onion Uttapam (MI),MI,1.0,No.,43,Sunflower Refined Oil  ( 1pkt = 868 Ml ),0.009,Ltr,0.009,,1.3536,1.5206,recipe_cost_ideal_plaza.csv,Onion Uttapam,False,12.3
Ideal Plaza,Kolkata,31,Onion Uttapam (MI),MI,1.0,No.,97,Paper Napkin (1pkt = 100pc),1.0,Pc,1.0,,0.2304,0.2356,recipe_cost_ideal_plaza.csv,Onion Uttapam,False,2.3
Ideal Plaza,Kolkata,31,Onion Uttapam (MI),MI,1.0,No.,75,Ghee,0.001,Kg,0.001,,0.705,0.7577,recipe_cost_ideal_plaza.csv,Onion Uttapam,False,7.5
Ideal Plaza,Kolkata,31,Onion Uttapam (MI),MI,1.0,No.,47,Fried Chana Daal,0.03,Kg,0.03,,3.1052,2.928,recipe_cost_ideal_plaza.csv,Onion Uttapam,False,-5.7
Ideal Plaza,Kolkata,31,Onion Uttapam (MI),MI,1.0,No.,229,Coconut Shredded,0.04,Kg,0.04,,5.6603,5.6603,recipe_cost_ideal_plaza.csv,Onion Uttapam,False,0.0
Ideal Plaza,Kolkata,31,Onion Uttapam (MI),MI,1.0,No.,108,Ginger,0.002,Kg,0.002,,0.2626,0.2623,recipe_cost_ideal_plaza.csv,Onion Uttapam,False,-0.1
Ideal Plaza,Kolkata,31,Onion Uttapam (MI),MI,1.0,No.,116,Raw Green Chili,0.002,Kg,0.002,,0.1488,0.1499,recipe_cost_ideal_plaza.csv,Onion Uttapam,False,0.7
Ideal Plaza,Kolkata,31,Onion Uttapam (MI),MI,1.0,No.,53,Sugar,0.002,Kg,0.002,,0.098,0.1038,recipe_cost_ideal_plaza.csv,Onion Uttapam,False,5.9
Ideal Plaza,Kolkata,31,Onion Uttapam (MI),MI,1.0,No.,29,Salt,0.004,Kg,0.004,,0.1085,0.1082,recipe_cost_ideal_plaza.csv,Onion Uttapam,False,-0.3
Ideal Plaza,Kolkata,31,Onion Uttapam (MI),MI,1.0,No.,21,RO Water,0.12,Ltr,0.12,,,,recipe_cost_ideal_plaza.csv,Onion Uttapam,True,
Ideal Plaza,Kolkata,29,Tomato Uttapam (MI),MI,1.0,No.,141,Tomato,0.05,Kg,0.05,,2.0069,1.9998,recipe_cost_ideal_plaza.csv,Tomato Uttapam,False,-0.4
Ideal Plaza,Kolkata,29,Tomato Uttapam (MI),MI,1.0,No.,207,Special Daal Bucket,0.003,Kg,0.003,,0.46,0.4579,recipe_cost_ideal_plaza.csv,Tomato Uttapam,False,-0.5
Ideal Plaza,Kolkata,29,Tomato Uttapam (MI),MI,1.0,No.,43,Sunflower Refined Oil  ( 1pkt = 868 Ml ),0.009,Ltr,0.009,,1.3536,1.5206,recipe_cost_ideal_plaza.csv,Tomato Uttapam,False,12.3
Ideal Plaza,Kolkata,29,Tomato Uttapam (MI),MI,1.0,No.,97,Paper Napkin (1pkt = 100pc),1.0,Pc,1.0,,0.2304,0.2356,recipe_cost_ideal_plaza.csv,Tomato Uttapam,False,2.3
Ideal Plaza,Kolkata,29,Tomato Uttapam (MI),MI,1.0,No.,190,Dosa Batter Mix,0.2,Kg,0.2,,6.5574,6.2579,recipe_cost_ideal_plaza.csv,Tomato Uttapam,False,-4.6
Ideal Plaza,Kolkata,29,Tomato Uttapam (MI),MI,1.0,No.,75,Ghee,0.001,Kg,0.001,,0.705,0.7577,recipe_cost_ideal_plaza.csv,Tomato Uttapam,False,7.5
Ideal Plaza,Kolkata,29,Tomato Uttapam (MI),MI,1.0,No.,47,Fried Chana Daal,0.03,Kg,0.03,,3.1052,2.928,recipe_cost_ideal_plaza.csv,Tomato Uttapam,False,-5.7
Ideal Plaza,Kolkata,29,Tomato Uttapam (MI),MI,1.0,No.,229,Coconut Shredded,0.04,Kg,0.04,,5.6603,5.6603,recipe_cost_ideal_plaza.csv,Tomato Uttapam,False,0.0
Ideal Plaza,Kolkata,29,Tomato Uttapam (MI),MI,1.0,No.,108,Ginger,0.002,Kg,0.002,,0.2626,0.2623,recipe_cost_ideal_plaza.csv,Tomato Uttapam,False,-0.1
Ideal Plaza,Kolkata,29,Tomato Uttapam (MI),MI,1.0,No.,116,Raw Green Chili,0.002,Kg,0.002,,0.1488,0.1499,recipe_cost_ideal_plaza.csv,Tomato Uttapam,False,0.7
Ideal Plaza,Kolkata,29,Tomato Uttapam (MI),MI,1.0,No.,53,Sugar,0.002,Kg,0.002,,0.098,0.1038,recipe_cost_ideal_plaza.csv,Tomato Uttapam,False,5.9
Ideal Plaza,Kolkata,29,Tomato Uttapam (MI),MI,1.0,No.,29,Salt,0.004,Kg,0.004,,0.1085,0.1082,recipe_cost_ideal_plaza.csv,Tomato Uttapam,False,-0.3
Ideal Plaza,Kolkata,29,Tomato Uttapam (MI),MI,1.0,No.,21,RO Water,0.12,Ltr,0.12,,,,recipe_cost_ideal_plaza.csv,Tomato Uttapam,True,
Ideal Plaza,Kolkata,26,Vegetable Uttapam (MI),MI,1.0,No.,190,Dosa Batter Mix,0.2,Kg,0.2,,6.5574,6.2579,recipe_cost_ideal_plaza.csv,Vegetable Uttapam,False,-4.6
Ideal Plaza,Kolkata,26,Vegetable Uttapam (MI),MI,1.0,No.,208,Chaat Masala Bucket,0.001,Kg,0.001,,0.3581,0.3463,recipe_cost_ideal_plaza.csv,Vegetable Uttapam,False,-3.3
Ideal Plaza,Kolkata,26,Vegetable Uttapam (MI),MI,1.0,No.,207,Special Daal Bucket,0.003,Kg,0.003,,0.46,0.4579,recipe_cost_ideal_plaza.csv,Vegetable Uttapam,False,-0.5
Ideal Plaza,Kolkata,26,Vegetable Uttapam (MI),MI,1.0,No.,43,Sunflower Refined Oil  ( 1pkt = 868 Ml ),0.009,Ltr,0.009,,1.3536,1.5206,recipe_cost_ideal_plaza.csv,Vegetable Uttapam,False,12.3
Ideal Plaza,Kolkata,26,Vegetable Uttapam (MI),MI,1.0,No.,99,Green Capsicum,0.015,Kg,0.015,,1.0096,0.9826,recipe_cost_ideal_plaza.csv,Vegetable Uttapam,False,-2.7
Ideal Plaza,Kolkata,26,Vegetable Uttapam (MI),MI,1.0,No.,141,Tomato,0.015,Kg,0.015,,0.6021,0.5999,recipe_cost_ideal_plaza.csv,Vegetable Uttapam,False,-0.4
Ideal Plaza,Kolkata,26,Vegetable Uttapam (MI),MI,1.0,No.,97,Paper Napkin (1pkt = 100pc),1.0,Pc,1.0,,0.2304,0.2356,recipe_cost_ideal_plaza.csv,Vegetable Uttapam,False,2.3
Ideal Plaza,Kolkata,26,Vegetable Uttapam (MI),MI,1.0,No.,75,Ghee,0.001,Kg,0.001,,0.705,0.7577,recipe_cost_ideal_plaza.csv,Vegetable Uttapam,False,7.5
Ideal Plaza,Kolkata,26,Vegetable Uttapam (MI),MI,1.0,No.,47,Fried Chana Daal,0.03,Kg,0.03,,3.1052,2.928,recipe_cost_ideal_plaza.csv,Vegetable Uttapam,False,-5.7
Ideal Plaza,Kolkata,26,Vegetable Uttapam (MI),MI,1.0,No.,229,Coconut Shredded,0.04,Kg,0.04,,5.6603,5.6603,recipe_cost_ideal_plaza.csv,Vegetable Uttapam,False,0.0
Ideal Plaza,Kolkata,26,Vegetable Uttapam (MI),MI,1.0,No.,108,Ginger,0.002,Kg,0.002,,0.2626,0.2623,recipe_cost_ideal_plaza.csv,Vegetable Uttapam,False,-0.1
Ideal Plaza,Kolkata,26,Vegetable Uttapam (MI),MI,1.0,No.,116,Raw Green Chili,0.002,Kg,0.002,,0.1488,0.1499,recipe_cost_ideal_plaza.csv,Vegetable Uttapam,False,0.7
Ideal Plaza,Kolkata,26,Vegetable Uttapam (MI),MI,1.0,No.,53,Sugar,0.002,Kg,0.002,,0.098,0.1038,recipe_cost_ideal_plaza.csv,Vegetable Uttapam,False,5.9
Ideal Plaza,Kolkata,26,Vegetable Uttapam (MI),MI,1.0,No.,29,Salt,0.004,Kg,0.004,,0.1085,0.1082,recipe_cost_ideal_plaza.csv,Vegetable Uttapam,False,-0.3
Ideal Plaza,Kolkata,26,Vegetable Uttapam (MI),MI,1.0,No.,21,RO Water,0.12,Ltr,0.12,,,,recipe_cost_ideal_plaza.csv,Vegetable Uttapam,True,
Ideal Plaza,Kolkata,26,Vegetable Uttapam (MI),MI,1.0,No.,107,Carrot,0.02,Kg,0.02,,0.827,0.8199,recipe_cost_ideal_plaza.csv,Vegetable Uttapam,False,-0.9
Ideal Plaza,Kolkata,38,Rava Plain Dosa (MI),MI,1.0,No.,213,Rava Powder Mix,0.05,Kg,0.05,,4.8056,4.7122,recipe_cost_ideal_plaza.csv,Rava Plain Dosa,False,-1.9
Ideal Plaza,Kolkata,38,Rava Plain Dosa (MI),MI,1.0,No.,21,RO Water,0.34,Ltr,0.34,,,,recipe_cost_ideal_plaza.csv,Rava Plain Dosa,True,
Ideal Plaza,Kolkata,38,Rava Plain Dosa (MI),MI,1.0,No.,116,Raw Green Chili,0.0042,Kg,0.0042,,0.3116,0.3138,recipe_cost_ideal_plaza.csv,Rava Plain Dosa,False,0.7
Ideal Plaza,Kolkata,38,Rava Plain Dosa (MI),MI,1.0,No.,108,Ginger,0.0045,Kg,0.0045,,0.5909,0.5902,recipe_cost_ideal_plaza.csv,Rava Plain Dosa,False,-0.1
Ideal Plaza,Kolkata,38,Rava Plain Dosa (MI),MI,1.0,No.,131,Curry Leaves,0.001,Kg,0.001,,0.0708,0.0712,recipe_cost_ideal_plaza.csv,Rava Plain Dosa,False,0.6
Ideal Plaza,Kolkata,38,Rava Plain Dosa (MI),MI,1.0,No.,29,Salt,0.0061,Kg,0.0061,,0.1662,0.1657,recipe_cost_ideal_plaza.csv,Rava Plain Dosa,False,-0.3
Ideal Plaza,Kolkata,38,Rava Plain Dosa (MI),MI,1.0,No.,77,Whole Black Pepper,0.4,gm,0.4,,0.3531,0.3522,recipe_cost_ideal_plaza.csv,Rava Plain Dosa,False,-0.3
Ideal Plaza,Kolkata,38,Rava Plain Dosa (MI),MI,1.0,No.,207,Special Daal Bucket,0.003,Kg,0.003,,0.46,0.4579,recipe_cost_ideal_plaza.csv,Rava Plain Dosa,False,-0.5
Ideal Plaza,Kolkata,38,Rava Plain Dosa (MI),MI,1.0,No.,43,Sunflower Refined Oil  ( 1pkt = 868 Ml ),0.009,Ltr,0.009,,1.3536,1.5206,recipe_cost_ideal_plaza.csv,Rava Plain Dosa,False,12.3
Ideal Plaza,Kolkata,38,Rava Plain Dosa (MI),MI,1.0,No.,97,Paper Napkin (1pkt = 100pc),1.0,Pc,1.0,,0.2304,0.2356,recipe_cost_ideal_plaza.csv,Rava Plain Dosa,False,2.3
Ideal Plaza,Kolkata,38,Rava Plain Dosa (MI),MI,1.0,No.,75,Ghee,0.001,Kg,0.001,,0.705,0.7577,recipe_cost_ideal_plaza.csv,Rava Plain Dosa,False,7.5
Ideal Plaza,Kolkata,38,Rava Plain Dosa (MI),MI,1.0,No.,47,Fried Chana Daal,0.03,Kg,0.03,,3.1052,2.928,recipe_cost_ideal_plaza.csv,Rava Plain Dosa,False,-5.7
Ideal Plaza,Kolkata,38,Rava Plain Dosa (MI),MI,1.0,No.,229,Coconut Shredded,0.04,Kg,0.04,,5.6603,5.6603,recipe_cost_ideal_plaza.csv,Rava Plain Dosa,False,0.0
Ideal Plaza,Kolkata,38,Rava Plain Dosa (MI),MI,1.0,No.,53,Sugar,0.002,Kg,0.002,,0.098,0.1038,recipe_cost_ideal_plaza.csv,Rava Plain Dosa,False,5.9
Ideal Plaza,Kolkata,28,Tomato Onion Uttapam (MI),MI,1.0,No.,190,Dosa Batter Mix,0.2,Kg,0.2,,6.5574,6.2579,recipe_cost_ideal_plaza.csv,Tomato Onion Uttapam,False,-4.6
Ideal Plaza,Kolkata,28,Tomato Onion Uttapam (MI),MI,1.0,No.,141,Tomato,0.04,Kg,0.04,,1.6055,1.5999,recipe_cost_ideal_plaza.csv,Tomato Onion Uttapam,False,-0.3
Ideal Plaza,Kolkata,28,Tomato Onion Uttapam (MI),MI,1.0,No.,207,Special Daal Bucket,0.003,Kg,0.003,,0.46,0.4579,recipe_cost_ideal_plaza.csv,Tomato Onion Uttapam,False,-0.5
Ideal Plaza,Kolkata,28,Tomato Onion Uttapam (MI),MI,1.0,No.,132,Onion,0.04,Kg,0.04,,1.7011,1.4525,recipe_cost_ideal_plaza.csv,Tomato Onion Uttapam,False,-14.6
Ideal Plaza,Kolkata,28,Tomato Onion Uttapam (MI),MI,1.0,No.,208,Chaat Masala Bucket,0.001,Kg,0.001,,0.3581,0.3463,recipe_cost_ideal_plaza.csv,Tomato Onion Uttapam,False,-3.3
Ideal Plaza,Kolkata,28,Tomato Onion Uttapam (MI),MI,1.0,No.,43,Sunflower Refined Oil  ( 1pkt = 868 Ml ),0.009,Ltr,0.009,,1.3536,1.5206,recipe_cost_ideal_plaza.csv,Tomato Onion Uttapam,False,12.3
Ideal Plaza,Kolkata,28,Tomato Onion Uttapam (MI),MI,1.0,No.,97,Paper Napkin (1pkt = 100pc),1.0,Pc,1.0,,0.2304,0.2356,recipe_cost_ideal_plaza.csv,Tomato Onion Uttapam,False,2.3
Ideal Plaza,Kolkata,28,Tomato Onion Uttapam (MI),MI,1.0,No.,75,Ghee,0.001,Kg,0.001,,0.705,0.7577,recipe_cost_ideal_plaza.csv,Tomato Onion Uttapam,False,7.5
Ideal Plaza,Kolkata,28,Tomato Onion Uttapam (MI),MI,1.0,No.,47,Fried Chana Daal,0.03,Kg,0.03,,3.1052,2.928,recipe_cost_ideal_plaza.csv,Tomato Onion Uttapam,False,-5.7
Ideal Plaza,Kolkata,28,Tomato Onion Uttapam (MI),MI,1.0,No.,229,Coconut Shredded,0.04,Kg,0.04,,5.6603,5.6603,recipe_cost_ideal_plaza.csv,Tomato Onion Uttapam,False,0.0
Ideal Plaza,Kolkata,28,Tomato Onion Uttapam (MI),MI,1.0,No.,108,Ginger,0.002,Kg,0.002,,0.2626,0.2623,recipe_cost_ideal_plaza.csv,Tomato Onion Uttapam,False,-0.1
Ideal Plaza,Kolkata,28,Tomato Onion Uttapam (MI),MI,1.0,No.,116,Raw Green Chili,0.002,Kg,0.002,,0.1488,0.1499,recipe_cost_ideal_plaza.csv,Tomato Onion Uttapam,False,0.7
Ideal Plaza,Kolkata,28,Tomato Onion Uttapam (MI),MI,1.0,No.,53,Sugar,0.002,Kg,0.002,,0.098,0.1038,recipe_cost_ideal_plaza.csv,Tomato Onion Uttapam,False,5.9
Ideal Plaza,Kolkata,28,Tomato Onion Uttapam (MI),MI,1.0,No.,29,Salt,0.004,Kg,0.004,,0.1085,0.1082,recipe_cost_ideal_plaza.csv,Tomato Onion Uttapam,False,-0.3
Ideal Plaza,Kolkata,28,Tomato Onion Uttapam (MI),MI,1.0,No.,21,RO Water,0.12,Ltr,0.12,,,,recipe_cost_ideal_plaza.csv,Tomato Onion Uttapam,True,
Ideal Plaza,Kolkata,30,Mixed Uttapam (MI),MI,1.0,No.,190,Dosa Batter Mix,0.2,Kg,0.2,,6.5574,6.2579,recipe_cost_ideal_plaza.csv,Mixed Uttapam,False,-4.6
Ideal Plaza,Kolkata,30,Mixed Uttapam (MI),MI,1.0,No.,141,Tomato,0.015,Kg,0.015,,0.6021,0.5999,recipe_cost_ideal_plaza.csv,Mixed Uttapam,False,-0.4
Ideal Plaza,Kolkata,30,Mixed Uttapam (MI),MI,1.0,No.,207,Special Daal Bucket,0.001,Kg,0.001,,0.1533,0.1526,recipe_cost_ideal_plaza.csv,Mixed Uttapam,False,-0.5
Ideal Plaza,Kolkata,30,Mixed Uttapam (MI),MI,1.0,No.,43,Sunflower Refined Oil  ( 1pkt = 868 Ml ),0.009,Ltr,0.009,,1.3536,1.5206,recipe_cost_ideal_plaza.csv,Mixed Uttapam,False,12.3
Ideal Plaza,Kolkata,30,Mixed Uttapam (MI),MI,1.0,No.,107,Carrot,0.015,Kg,0.015,,0.6203,0.6149,recipe_cost_ideal_plaza.csv,Mixed Uttapam,False,-0.9
Ideal Plaza,Kolkata,30,Mixed Uttapam (MI),MI,1.0,No.,99,Green Capsicum,0.015,Kg,0.015,,1.0096,0.9826,recipe_cost_ideal_plaza.csv,Mixed Uttapam,False,-2.7
Ideal Plaza,Kolkata,30,Mixed Uttapam (MI),MI,1.0,No.,229,Coconut Shredded,0.05,Kg,0.05,,7.0754,7.0754,recipe_cost_ideal_plaza.csv,Mixed Uttapam,False,0.0
Ideal Plaza,Kolkata,30,Mixed Uttapam (MI),MI,1.0,No.,132,Onion,0.015,Kg,0.015,,0.6379,0.5447,recipe_cost_ideal_plaza.csv,Mixed Uttapam,False,-14.6
Ideal Plaza,Kolkata,30,Mixed Uttapam (MI),MI,1.0,No.,208,Chaat Masala Bucket,0.001,Kg,0.001,,0.3581,0.3463,recipe_cost_ideal_plaza.csv,Mixed Uttapam,False,-3.3
Ideal Plaza,Kolkata,30,Mixed Uttapam (MI),MI,1.0,No.,97,Paper Napkin (1pkt = 100pc),1.0,Pc,1.0,,0.2304,0.2356,recipe_cost_ideal_plaza.csv,Mixed Uttapam,False,2.3
Ideal Plaza,Kolkata,30,Mixed Uttapam (MI),MI,1.0,No.,75,Ghee,0.001,Kg,0.001,,0.705,0.7577,recipe_cost_ideal_plaza.csv,Mixed Uttapam,False,7.5
Ideal Plaza,Kolkata,30,Mixed Uttapam (MI),MI,1.0,No.,47,Fried Chana Daal,0.03,Kg,0.03,,3.1052,2.928,recipe_cost_ideal_plaza.csv,Mixed Uttapam,False,-5.7
Ideal Plaza,Kolkata,30,Mixed Uttapam (MI),MI,1.0,No.,108,Ginger,0.002,Kg,0.002,,0.2626,0.2623,recipe_cost_ideal_plaza.csv,Mixed Uttapam,False,-0.1
Ideal Plaza,Kolkata,30,Mixed Uttapam (MI),MI,1.0,No.,116,Raw Green Chili,0.002,Kg,0.002,,0.1488,0.1499,recipe_cost_ideal_plaza.csv,Mixed Uttapam,False,0.7
Ideal Plaza,Kolkata,30,Mixed Uttapam (MI),MI,1.0,No.,53,Sugar,0.002,Kg,0.002,,0.098,0.1038,recipe_cost_ideal_plaza.csv,Mixed Uttapam,False,5.9
Ideal Plaza,Kolkata,30,Mixed Uttapam (MI),MI,1.0,No.,29,Salt,0.004,Kg,0.004,,0.1085,0.1082,recipe_cost_ideal_plaza.csv,Mixed Uttapam,False,-0.3
Ideal Plaza,Kolkata,30,Mixed Uttapam (MI),MI,1.0,No.,21,RO Water,0.12,Ltr,0.12,,,,recipe_cost_ideal_plaza.csv,Mixed Uttapam,True,
Ideal Plaza,Kolkata,20,Rasam Vada Plate (2 Pc) (MI),MI,1.0,No.,207,Special Daal Bucket,0.003,Kg,0.003,,0.46,0.4579,recipe_cost_ideal_plaza.csv,Rasam Vada Plate (2 Pc),False,-0.5
Ideal Plaza,Kolkata,20,Rasam Vada Plate (2 Pc) (MI),MI,1.0,No.,115,Coriander Leaves,0.003,Kg,0.003,,0.2997,0.3,recipe_cost_ideal_plaza.csv,Rasam Vada Plate (2 Pc),False,0.1
Ideal Plaza,Kolkata,20,Rasam Vada Plate (2 Pc) (MI),MI,1.0,No.,177,Rasam Bucket,0.2,Ltr,0.2,,6.9879,7.4045,recipe_cost_ideal_plaza.csv,Rasam Vada Plate (2 Pc),False,6.0
Ideal Plaza,Kolkata,20,Rasam Vada Plate (2 Pc) (MI),MI,1.0,No.,97,Paper Napkin (1pkt = 100pc),1.0,Pc,1.0,,0.2304,0.2356,recipe_cost_ideal_plaza.csv,Rasam Vada Plate (2 Pc),False,2.3
Ideal Plaza,Kolkata,20,Rasam Vada Plate (2 Pc) (MI),MI,1.0,No.,47,Fried Chana Daal,0.03,Kg,0.03,,3.1052,2.928,recipe_cost_ideal_plaza.csv,Rasam Vada Plate (2 Pc),False,-5.7
Ideal Plaza,Kolkata,20,Rasam Vada Plate (2 Pc) (MI),MI,1.0,No.,229,Coconut Shredded,0.04,Kg,0.04,,5.6603,5.6603,recipe_cost_ideal_plaza.csv,Rasam Vada Plate (2 Pc),False,0.0
Ideal Plaza,Kolkata,20,Rasam Vada Plate (2 Pc) (MI),MI,1.0,No.,108,Ginger,0.002,Kg,0.002,,0.2626,0.2623,recipe_cost_ideal_plaza.csv,Rasam Vada Plate (2 Pc),False,-0.1
Ideal Plaza,Kolkata,20,Rasam Vada Plate (2 Pc) (MI),MI,1.0,No.,116,Raw Green Chili,0.002,Kg,0.002,,0.1488,0.1499,recipe_cost_ideal_plaza.csv,Rasam Vada Plate (2 Pc),False,0.7
Ideal Plaza,Kolkata,20,Rasam Vada Plate (2 Pc) (MI),MI,1.0,No.,53,Sugar,0.002,Kg,0.002,,0.098,0.1038,recipe_cost_ideal_plaza.csv,Rasam Vada Plate (2 Pc),False,5.9
Ideal Plaza,Kolkata,20,Rasam Vada Plate (2 Pc) (MI),MI,1.0,No.,29,Salt,0.004,Kg,0.004,,0.1085,0.1082,recipe_cost_ideal_plaza.csv,Rasam Vada Plate (2 Pc),False,-0.3
Ideal Plaza,Kolkata,20,Rasam Vada Plate (2 Pc) (MI),MI,1.0,No.,21,RO Water,0.12,Ltr,0.12,,,,recipe_cost_ideal_plaza.csv,Rasam Vada Plate (2 Pc),True,
Ideal Plaza,Kolkata,20,Rasam Vada Plate (2 Pc) (MI),MI,1.0,No.,206,Medu Vada Batter Mix,0.125,Kg,0.125,,9.4147,9.4014,recipe_cost_ideal_plaza.csv,Rasam Vada Plate (2 Pc),False,-0.1
Ideal Plaza,Kolkata,18,Sambar Vada Plate (2pc) (MI),MI,1.0,No.,207,Special Daal Bucket,0.003,Kg,0.003,,0.46,0.4579,recipe_cost_ideal_plaza.csv,Sambar Vada Plate (2pc),False,-0.5
Ideal Plaza,Kolkata,18,Sambar Vada Plate (2pc) (MI),MI,1.0,No.,97,Paper Napkin (1pkt = 100pc),1.0,Pc,1.0,,0.2304,0.2356,recipe_cost_ideal_plaza.csv,Sambar Vada Plate (2pc),False,2.3
Ideal Plaza,Kolkata,18,Sambar Vada Plate (2pc) (MI),MI,1.0,No.,47,Fried Chana Daal,0.03,Kg,0.03,,3.1052,2.928,recipe_cost_ideal_plaza.csv,Sambar Vada Plate (2pc),False,-5.7
Ideal Plaza,Kolkata,18,Sambar Vada Plate (2pc) (MI),MI,1.0,No.,229,Coconut Shredded,0.04,Kg,0.04,,5.6603,5.6603,recipe_cost_ideal_plaza.csv,Sambar Vada Plate (2pc),False,0.0
Ideal Plaza,Kolkata,18,Sambar Vada Plate (2pc) (MI),MI,1.0,No.,116,Raw Green Chili,0.002,Kg,0.002,,0.1488,0.1499,recipe_cost_ideal_plaza.csv,Sambar Vada Plate (2pc),False,0.7
Ideal Plaza,Kolkata,18,Sambar Vada Plate (2pc) (MI),MI,1.0,No.,53,Sugar,0.002,Kg,0.002,,0.098,0.1038,recipe_cost_ideal_plaza.csv,Sambar Vada Plate (2pc),False,5.9
Ideal Plaza,Kolkata,18,Sambar Vada Plate (2pc) (MI),MI,1.0,No.,29,Salt,0.004,Kg,0.004,,0.1085,0.1082,recipe_cost_ideal_plaza.csv,Sambar Vada Plate (2pc),False,-0.3
Ideal Plaza,Kolkata,18,Sambar Vada Plate (2pc) (MI),MI,1.0,No.,21,RO Water,0.12,Ltr,0.12,,,,recipe_cost_ideal_plaza.csv,Sambar Vada Plate (2pc),True,
Ideal Plaza,Kolkata,18,Sambar Vada Plate (2pc) (MI),MI,1.0,No.,206,Medu Vada Batter Mix,0.125,Kg,0.125,,9.4147,9.4014,recipe_cost_ideal_plaza.csv,Sambar Vada Plate (2pc),False,-0.1
Ideal Plaza,Kolkata,18,Sambar Vada Plate (2pc) (MI),MI,1.0,No.,108,Ginger,0.002,Kg,0.002,,0.2626,0.2623,recipe_cost_ideal_plaza.csv,Sambar Vada Plate (2pc),False,-0.1
Ideal Plaza,Kolkata,23,Dahi Vada pc (MI),MI,1.0,No.,208,Chaat Masala Bucket,0.002,Kg,0.002,,0.7162,0.6925,recipe_cost_ideal_plaza.csv,Dahi Vada pc,False,-3.3
Ideal Plaza,Kolkata,23,Dahi Vada pc (MI),MI,1.0,No.,235,Raw Curd,0.25,Kg,0.25,,17.6838,17.85,recipe_cost_ideal_plaza.csv,Dahi Vada pc,False,0.9
Ideal Plaza,Kolkata,23,Dahi Vada pc (MI),MI,1.0,No.,131,Curry Leaves,0.0003,Kg,0.0003,,0.0177,0.0178,recipe_cost_ideal_plaza.csv,Dahi Vada pc,False,0.6
Ideal Plaza,Kolkata,23,Dahi Vada pc (MI),MI,1.0,No.,108,Ginger,0.0025,Kg,0.0025,,0.3283,0.3279,recipe_cost_ideal_plaza.csv,Dahi Vada pc,False,-0.1
Ideal Plaza,Kolkata,23,Dahi Vada pc (MI),MI,1.0,No.,32,Whole Cumin,0.0003,Kg,0.0003,,0.1427,0.1202,recipe_cost_ideal_plaza.csv,Dahi Vada pc,False,-15.8
Ideal Plaza,Kolkata,23,Dahi Vada pc (MI),MI,1.0,No.,310,Dahi Bucket Mix (1pkt =105gm),0.025,Kg,0.025,,1.5826,1.6712,recipe_cost_ideal_plaza.csv,Dahi Vada pc,False,5.6
Ideal Plaza,Kolkata,23,Dahi Vada pc (MI),MI,1.0,No.,116,Raw Green Chili,0.0025,Kg,0.0025,,0.186,0.1873,recipe_cost_ideal_plaza.csv,Dahi Vada pc,False,0.7
Ideal Plaza,Kolkata,23,Dahi Vada pc (MI),MI,1.0,No.,97,Paper Napkin (1pkt = 100pc),1.0,Pc,1.0,,0.2304,0.2356,recipe_cost_ideal_plaza.csv,Dahi Vada pc,False,2.3
Ideal Plaza,Kolkata,23,Dahi Vada pc (MI),MI,1.0,No.,43,Sunflower Refined Oil  ( 1pkt = 868 Ml ),0.01,Ltr,0.01,,1.504,1.6896,recipe_cost_ideal_plaza.csv,Dahi Vada pc,False,12.3
Ideal Plaza,Kolkata,23,Dahi Vada pc (MI),MI,1.0,No.,206,Medu Vada Batter Mix,0.062,Kg,0.062,,4.6697,4.6631,recipe_cost_ideal_plaza.csv,Dahi Vada pc,False,-0.1
Ideal Plaza,Kolkata,24,Dahi Vada Plate (2 pc) (MI),MI,1.0,No.,208,Chaat Masala Bucket,0.002,Kg,0.002,,0.7162,0.6925,recipe_cost_ideal_plaza.csv,Dahi Vada Plate (2 pc),False,-3.3
Ideal Plaza,Kolkata,24,Dahi Vada Plate (2 pc) (MI),MI,1.0,No.,43,Sunflower Refined Oil  ( 1pkt = 868 Ml ),0.02,Ltr,0.02,,3.0079,3.3791,recipe_cost_ideal_plaza.csv,Dahi Vada Plate (2 pc),False,12.3
Ideal Plaza,Kolkata,24,Dahi Vada Plate (2 pc) (MI),MI,1.0,No.,97,Paper Napkin (1pkt = 100pc),1.0,Pc,1.0,,0.2304,0.2356,recipe_cost_ideal_plaza.csv,Dahi Vada Plate (2 pc),False,2.3
Ideal Plaza,Kolkata,24,Dahi Vada Plate (2 pc) (MI),MI,1.0,No.,235,Raw Curd,0.25,Kg,0.25,,17.6838,17.85,recipe_cost_ideal_plaza.csv,Dahi Vada Plate (2 pc),False,0.9
Ideal Plaza,Kolkata,24,Dahi Vada Plate (2 pc) (MI),MI,1.0,No.,108,Ginger,0.0025,Kg,0.0025,,0.3283,0.3279,recipe_cost_ideal_plaza.csv,Dahi Vada Plate (2 pc),False,-0.1
Ideal Plaza,Kolkata,24,Dahi Vada Plate (2 pc) (MI),MI,1.0,No.,131,Curry Leaves,0.0003,Kg,0.0003,,0.0177,0.0178,recipe_cost_ideal_plaza.csv,Dahi Vada Plate (2 pc),False,0.6
Ideal Plaza,Kolkata,24,Dahi Vada Plate (2 pc) (MI),MI,1.0,No.,32,Whole Cumin,0.0003,Kg,0.0003,,0.1427,0.1202,recipe_cost_ideal_plaza.csv,Dahi Vada Plate (2 pc),False,-15.8
Ideal Plaza,Kolkata,24,Dahi Vada Plate (2 pc) (MI),MI,1.0,No.,310,Dahi Bucket Mix (1pkt =105gm),0.025,Kg,0.025,,1.5826,1.6712,recipe_cost_ideal_plaza.csv,Dahi Vada Plate (2 pc),False,5.6
Ideal Plaza,Kolkata,24,Dahi Vada Plate (2 pc) (MI),MI,1.0,No.,116,Raw Green Chili,0.0025,Kg,0.0025,,0.186,0.1873,recipe_cost_ideal_plaza.csv,Dahi Vada Plate (2 pc),False,0.7
Ideal Plaza,Kolkata,24,Dahi Vada Plate (2 pc) (MI),MI,1.0,No.,206,Medu Vada Batter Mix,0.125,Kg,0.125,,9.4147,9.4014,recipe_cost_ideal_plaza.csv,Dahi Vada Plate (2 pc),False,-0.1
Ideal Plaza,Kolkata,19,Rasam Vada pc (MI),MI,1.0,No.,207,Special Daal Bucket,0.003,Kg,0.003,,0.46,0.4579,recipe_cost_ideal_plaza.csv,Rasam Vada pc,False,-0.5
Ideal Plaza,Kolkata,19,Rasam Vada pc (MI),MI,1.0,No.,115,Coriander Leaves,0.003,Kg,0.003,,0.2997,0.3,recipe_cost_ideal_plaza.csv,Rasam Vada pc,False,0.1
Ideal Plaza,Kolkata,19,Rasam Vada pc (MI),MI,1.0,No.,177,Rasam Bucket,0.1,Ltr,0.1,,3.4939,3.7023,recipe_cost_ideal_plaza.csv,Rasam Vada pc,False,6.0
Ideal Plaza,Kolkata,19,Rasam Vada pc (MI),MI,1.0,No.,47,Fried Chana Daal,0.03,Kg,0.03,,3.1052,2.928,recipe_cost_ideal_plaza.csv,Rasam Vada pc,False,-5.7
Ideal Plaza,Kolkata,19,Rasam Vada pc (MI),MI,1.0,No.,229,Coconut Shredded,0.04,Kg,0.04,,5.6603,5.6603,recipe_cost_ideal_plaza.csv,Rasam Vada pc,False,0.0
Ideal Plaza,Kolkata,19,Rasam Vada pc (MI),MI,1.0,No.,108,Ginger,0.002,Kg,0.002,,0.2626,0.2623,recipe_cost_ideal_plaza.csv,Rasam Vada pc,False,-0.1
Ideal Plaza,Kolkata,19,Rasam Vada pc (MI),MI,1.0,No.,116,Raw Green Chili,0.002,Kg,0.002,,0.1488,0.1499,recipe_cost_ideal_plaza.csv,Rasam Vada pc,False,0.7
Ideal Plaza,Kolkata,19,Rasam Vada pc (MI),MI,1.0,No.,53,Sugar,0.002,Kg,0.002,,0.098,0.1038,recipe_cost_ideal_plaza.csv,Rasam Vada pc,False,5.9
Ideal Plaza,Kolkata,19,Rasam Vada pc (MI),MI,1.0,No.,29,Salt,0.004,Kg,0.004,,0.1085,0.1082,recipe_cost_ideal_plaza.csv,Rasam Vada pc,False,-0.3
Ideal Plaza,Kolkata,19,Rasam Vada pc (MI),MI,1.0,No.,21,RO Water,0.12,Ltr,0.12,,,,recipe_cost_ideal_plaza.csv,Rasam Vada pc,True,
Ideal Plaza,Kolkata,19,Rasam Vada pc (MI),MI,1.0,No.,206,Medu Vada Batter Mix,0.062,Kg,0.062,,4.6697,4.6631,recipe_cost_ideal_plaza.csv,Rasam Vada pc,False,-0.1
Ideal Plaza,Kolkata,17,Sambar Vada Pc (MI),MI,1.0,No.,207,Special Daal Bucket,0.003,Kg,0.003,,0.46,0.4579,recipe_cost_ideal_plaza.csv,Sambar Vada Pc,False,-0.5
Ideal Plaza,Kolkata,17,Sambar Vada Pc (MI),MI,1.0,No.,47,Fried Chana Daal,0.03,Kg,0.03,,3.1052,2.928,recipe_cost_ideal_plaza.csv,Sambar Vada Pc,False,-5.7
Ideal Plaza,Kolkata,17,Sambar Vada Pc (MI),MI,1.0,No.,229,Coconut Shredded,0.04,Kg,0.04,,5.6603,5.6603,recipe_cost_ideal_plaza.csv,Sambar Vada Pc,False,0.0
Ideal Plaza,Kolkata,17,Sambar Vada Pc (MI),MI,1.0,No.,108,Ginger,0.002,Kg,0.002,,0.2626,0.2623,recipe_cost_ideal_plaza.csv,Sambar Vada Pc,False,-0.1
Ideal Plaza,Kolkata,17,Sambar Vada Pc (MI),MI,1.0,No.,116,Raw Green Chili,0.002,Kg,0.002,,0.1488,0.1499,recipe_cost_ideal_plaza.csv,Sambar Vada Pc,False,0.7
Ideal Plaza,Kolkata,17,Sambar Vada Pc (MI),MI,1.0,No.,53,Sugar,0.002,Kg,0.002,,0.098,0.1038,recipe_cost_ideal_plaza.csv,Sambar Vada Pc,False,5.9
Ideal Plaza,Kolkata,17,Sambar Vada Pc (MI),MI,1.0,No.,29,Salt,0.004,Kg,0.004,,0.1085,0.1082,recipe_cost_ideal_plaza.csv,Sambar Vada Pc,False,-0.3
Ideal Plaza,Kolkata,17,Sambar Vada Pc (MI),MI,1.0,No.,21,RO Water,0.12,Ltr,0.12,,,,recipe_cost_ideal_plaza.csv,Sambar Vada Pc,True,
Ideal Plaza,Kolkata,17,Sambar Vada Pc (MI),MI,1.0,No.,206,Medu Vada Batter Mix,0.062,Kg,0.062,,4.6697,4.6631,recipe_cost_ideal_plaza.csv,Sambar Vada Pc,False,-0.1
Ideal Plaza,Kolkata,25,Plain Uttapam (MI),MI,1.0,No.,190,Dosa Batter Mix,0.2,Kg,0.2,,6.5574,6.2579,recipe_cost_ideal_plaza.csv,Plain Uttapam,False,-4.6
Ideal Plaza,Kolkata,25,Plain Uttapam (MI),MI,1.0,No.,208,Chaat Masala Bucket,0.001,Kg,0.001,,0.3581,0.3463,recipe_cost_ideal_plaza.csv,Plain Uttapam,False,-3.3
Ideal Plaza,Kolkata,25,Plain Uttapam (MI),MI,1.0,No.,32,Whole Cumin,0.001,Kg,0.001,,0.5709,0.4807,recipe_cost_ideal_plaza.csv,Plain Uttapam,False,-15.8
Ideal Plaza,Kolkata,25,Plain Uttapam (MI),MI,1.0,No.,207,Special Daal Bucket,0.003,Kg,0.003,,0.46,0.4579,recipe_cost_ideal_plaza.csv,Plain Uttapam,False,-0.5
Ideal Plaza,Kolkata,25,Plain Uttapam (MI),MI,1.0,No.,43,Sunflower Refined Oil  ( 1pkt = 868 Ml ),0.009,Ltr,0.009,,1.3536,1.5206,recipe_cost_ideal_plaza.csv,Plain Uttapam,False,12.3
Ideal Plaza,Kolkata,25,Plain Uttapam (MI),MI,1.0,No.,75,Ghee,0.001,Kg,0.001,,0.705,0.7577,recipe_cost_ideal_plaza.csv,Plain Uttapam,False,7.5
Ideal Plaza,Kolkata,25,Plain Uttapam (MI),MI,1.0,No.,47,Fried Chana Daal,0.03,Kg,0.03,,3.1052,2.928,recipe_cost_ideal_plaza.csv,Plain Uttapam,False,-5.7
Ideal Plaza,Kolkata,25,Plain Uttapam (MI),MI,1.0,No.,229,Coconut Shredded,0.04,Kg,0.04,,5.6603,5.6603,recipe_cost_ideal_plaza.csv,Plain Uttapam,False,0.0
Ideal Plaza,Kolkata,25,Plain Uttapam (MI),MI,1.0,No.,108,Ginger,0.002,Kg,0.002,,0.2626,0.2623,recipe_cost_ideal_plaza.csv,Plain Uttapam,False,-0.1
Ideal Plaza,Kolkata,25,Plain Uttapam (MI),MI,1.0,No.,116,Raw Green Chili,0.002,Kg,0.002,,0.1488,0.1499,recipe_cost_ideal_plaza.csv,Plain Uttapam,False,0.7
Ideal Plaza,Kolkata,25,Plain Uttapam (MI),MI,1.0,No.,53,Sugar,0.002,Kg,0.002,,0.098,0.1038,recipe_cost_ideal_plaza.csv,Plain Uttapam,False,5.9
Ideal Plaza,Kolkata,25,Plain Uttapam (MI),MI,1.0,No.,29,Salt,0.004,Kg,0.004,,0.1085,0.1082,recipe_cost_ideal_plaza.csv,Plain Uttapam,False,-0.3
Ideal Plaza,Kolkata,25,Plain Uttapam (MI),MI,1.0,No.,21,RO Water,0.12,Ltr,0.12,,,,recipe_cost_ideal_plaza.csv,Plain Uttapam,True,
Ideal Plaza,Kolkata,25,Plain Uttapam (MI),MI,1.0,No.,97,Paper Napkin (1pkt = 100pc),1.0,Pc,1.0,,0.2304,0.2356,recipe_cost_ideal_plaza.csv,Plain Uttapam,False,2.3
Ideal Plaza,Kolkata,11,Malkapodi Idli pc (MI),MI,1.0,No.,218,Idli Pc Raw (1 Pkt =40pc),1.0,Pc,1.0,,2.0196,2.1091,recipe_cost_ideal_plaza.csv,Malkapodi Idli pc,False,4.4
Ideal Plaza,Kolkata,11,Malkapodi Idli pc (MI),MI,1.0,No.,75,Ghee,0.005,Kg,0.005,,3.525,3.7884,recipe_cost_ideal_plaza.csv,Malkapodi Idli pc,False,7.5
Ideal Plaza,Kolkata,11,Malkapodi Idli pc (MI),MI,1.0,No.,207,Special Daal Bucket,0.003,Kg,0.003,,0.46,0.4579,recipe_cost_ideal_plaza.csv,Malkapodi Idli pc,False,-0.5
Ideal Plaza,Kolkata,11,Malkapodi Idli pc (MI),MI,1.0,No.,193,Malkapodi Bucket,0.005,Kg,0.005,,0.8466,0.8246,recipe_cost_ideal_plaza.csv,Malkapodi Idli pc,False,-2.6
Ideal Plaza,Kolkata,11,Malkapodi Idli pc (MI),MI,1.0,No.,47,Fried Chana Daal,0.03,Kg,0.03,,3.1052,2.928,recipe_cost_ideal_plaza.csv,Malkapodi Idli pc,False,-5.7
Ideal Plaza,Kolkata,11,Malkapodi Idli pc (MI),MI,1.0,No.,229,Coconut Shredded,0.04,Kg,0.04,,5.6603,5.6603,recipe_cost_ideal_plaza.csv,Malkapodi Idli pc,False,0.0
Ideal Plaza,Kolkata,11,Malkapodi Idli pc (MI),MI,1.0,No.,108,Ginger,0.002,Kg,0.002,,0.2626,0.2623,recipe_cost_ideal_plaza.csv,Malkapodi Idli pc,False,-0.1
Ideal Plaza,Kolkata,11,Malkapodi Idli pc (MI),MI,1.0,No.,116,Raw Green Chili,0.002,Kg,0.002,,0.1488,0.1499,recipe_cost_ideal_plaza.csv,Malkapodi Idli pc,False,0.7
Ideal Plaza,Kolkata,11,Malkapodi Idli pc (MI),MI,1.0,No.,53,Sugar,0.002,Kg,0.002,,0.098,0.1038,recipe_cost_ideal_plaza.csv,Malkapodi Idli pc,False,5.9
Ideal Plaza,Kolkata,11,Malkapodi Idli pc (MI),MI,1.0,No.,29,Salt,0.004,Kg,0.004,,0.1085,0.1082,recipe_cost_ideal_plaza.csv,Malkapodi Idli pc,False,-0.3
Ideal Plaza,Kolkata,11,Malkapodi Idli pc (MI),MI,1.0,No.,21,RO Water,0.12,Ltr,0.12,,,,recipe_cost_ideal_plaza.csv,Malkapodi Idli pc,True,
Ideal Plaza,Kolkata,11,Malkapodi Idli pc (MI),MI,1.0,No.,97,Paper Napkin (1pkt = 100pc),1.0,Pc,1.0,,0.2304,0.2356,recipe_cost_ideal_plaza.csv,Malkapodi Idli pc,False,2.3
Ideal Plaza,Kolkata,16,Medu Vada Plate (2 pc) (MI),MI,1.0,No.,207,Special Daal Bucket,0.003,Kg,0.003,,0.46,0.4579,recipe_cost_ideal_plaza.csv,Medu Vada Plate (2 pc),False,-0.5
Ideal Plaza,Kolkata,16,Medu Vada Plate (2 pc) (MI),MI,1.0,No.,97,Paper Napkin (1pkt = 100pc),1.0,Pc,1.0,,0.2304,0.2356,recipe_cost_ideal_plaza.csv,Medu Vada Plate (2 pc),False,2.3
Ideal Plaza,Kolkata,16,Medu Vada Plate (2 pc) (MI),MI,1.0,No.,47,Fried Chana Daal,0.03,Kg,0.03,,3.1052,2.928,recipe_cost_ideal_plaza.csv,Medu Vada Plate (2 pc),False,-5.7
Ideal Plaza,Kolkata,16,Medu Vada Plate (2 pc) (MI),MI,1.0,No.,229,Coconut Shredded,0.04,Kg,0.04,,5.6603,5.6603,recipe_cost_ideal_plaza.csv,Medu Vada Plate (2 pc),False,0.0
Ideal Plaza,Kolkata,16,Medu Vada Plate (2 pc) (MI),MI,1.0,No.,108,Ginger,0.002,Kg,0.002,,0.2626,0.2623,recipe_cost_ideal_plaza.csv,Medu Vada Plate (2 pc),False,-0.1
Ideal Plaza,Kolkata,16,Medu Vada Plate (2 pc) (MI),MI,1.0,No.,116,Raw Green Chili,0.002,Kg,0.002,,0.1488,0.1499,recipe_cost_ideal_plaza.csv,Medu Vada Plate (2 pc),False,0.7
Ideal Plaza,Kolkata,16,Medu Vada Plate (2 pc) (MI),MI,1.0,No.,53,Sugar,0.002,Kg,0.002,,0.098,0.1038,recipe_cost_ideal_plaza.csv,Medu Vada Plate (2 pc),False,5.9
Ideal Plaza,Kolkata,16,Medu Vada Plate (2 pc) (MI),MI,1.0,No.,29,Salt,0.004,Kg,0.004,,0.1085,0.1082,recipe_cost_ideal_plaza.csv,Medu Vada Plate (2 pc),False,-0.3
Ideal Plaza,Kolkata,16,Medu Vada Plate (2 pc) (MI),MI,1.0,No.,21,RO Water,0.12,Ltr,0.12,,,,recipe_cost_ideal_plaza.csv,Medu Vada Plate (2 pc),True,
Ideal Plaza,Kolkata,16,Medu Vada Plate (2 pc) (MI),MI,1.0,No.,206,Medu Vada Batter Mix,0.125,Kg,0.125,,9.4147,9.4014,recipe_cost_ideal_plaza.csv,Medu Vada Plate (2 pc),False,-0.1
Ideal Plaza,Kolkata,16,Medu Vada Plate (2 pc) (MI),MI,1.0,No.,43,Sunflower Refined Oil  ( 1pkt = 868 Ml ),0.02,Ltr,0.02,,3.0079,3.3791,recipe_cost_ideal_plaza.csv,Medu Vada Plate (2 pc),False,12.3
Ideal Plaza,Kolkata,12,Malkapodi Idli Plate (2pc) (MI),MI,1.0,No.,218,Idli Pc Raw (1 Pkt =40pc),2.0,Pc,2.0,,4.0391,4.2182,recipe_cost_ideal_plaza.csv,Malkapodi Idli Plate (2pc),False,4.4
Ideal Plaza,Kolkata,12,Malkapodi Idli Plate (2pc) (MI),MI,1.0,No.,75,Ghee,0.01,Kg,0.01,,7.05,7.5767,recipe_cost_ideal_plaza.csv,Malkapodi Idli Plate (2pc),False,7.5
Ideal Plaza,Kolkata,12,Malkapodi Idli Plate (2pc) (MI),MI,1.0,No.,207,Special Daal Bucket,0.003,Kg,0.003,,0.46,0.4579,recipe_cost_ideal_plaza.csv,Malkapodi Idli Plate (2pc),False,-0.5
Ideal Plaza,Kolkata,12,Malkapodi Idli Plate (2pc) (MI),MI,1.0,No.,193,Malkapodi Bucket,0.01,Kg,0.01,,1.6933,1.6492,recipe_cost_ideal_plaza.csv,Malkapodi Idli Plate (2pc),False,-2.6
Ideal Plaza,Kolkata,12,Malkapodi Idli Plate (2pc) (MI),MI,1.0,No.,47,Fried Chana Daal,0.03,Kg,0.03,,3.1052,2.928,recipe_cost_ideal_plaza.csv,Malkapodi Idli Plate (2pc),False,-5.7
Ideal Plaza,Kolkata,12,Malkapodi Idli Plate (2pc) (MI),MI,1.0,No.,229,Coconut Shredded,0.04,Kg,0.04,,5.6603,5.6603,recipe_cost_ideal_plaza.csv,Malkapodi Idli Plate (2pc),False,0.0
Ideal Plaza,Kolkata,12,Malkapodi Idli Plate (2pc) (MI),MI,1.0,No.,108,Ginger,0.002,Kg,0.002,,0.2626,0.2623,recipe_cost_ideal_plaza.csv,Malkapodi Idli Plate (2pc),False,-0.1
Ideal Plaza,Kolkata,12,Malkapodi Idli Plate (2pc) (MI),MI,1.0,No.,116,Raw Green Chili,0.002,Kg,0.002,,0.1488,0.1499,recipe_cost_ideal_plaza.csv,Malkapodi Idli Plate (2pc),False,0.7
Ideal Plaza,Kolkata,12,Malkapodi Idli Plate (2pc) (MI),MI,1.0,No.,53,Sugar,0.002,Kg,0.002,,0.098,0.1038,recipe_cost_ideal_plaza.csv,Malkapodi Idli Plate (2pc),False,5.9
Ideal Plaza,Kolkata,12,Malkapodi Idli Plate (2pc) (MI),MI,1.0,No.,29,Salt,0.004,Kg,0.004,,0.1085,0.1082,recipe_cost_ideal_plaza.csv,Malkapodi Idli Plate (2pc),False,-0.3
Ideal Plaza,Kolkata,12,Malkapodi Idli Plate (2pc) (MI),MI,1.0,No.,21,RO Water,0.12,Ltr,0.12,,,,recipe_cost_ideal_plaza.csv,Malkapodi Idli Plate (2pc),True,
Ideal Plaza,Kolkata,12,Malkapodi Idli Plate (2pc) (MI),MI,1.0,No.,97,Paper Napkin (1pkt = 100pc),1.0,Pc,1.0,,0.2304,0.2356,recipe_cost_ideal_plaza.csv,Malkapodi Idli Plate (2pc),False,2.3
Ideal Plaza,Kolkata,231,Thatte Idli Plate (MI),MI,1.0,No.,47,Fried Chana Daal,0.04,Kg,0.04,,4.1402,3.904,recipe_cost_ideal_plaza.csv,Thatte Idli Plate,False,-5.7
Ideal Plaza,Kolkata,231,Thatte Idli Plate (MI),MI,1.0,No.,229,Coconut Shredded,0.032,Kg,0.032,,4.5282,4.5282,recipe_cost_ideal_plaza.csv,Thatte Idli Plate,False,0.0
Ideal Plaza,Kolkata,231,Thatte Idli Plate (MI),MI,1.0,No.,108,Ginger,0.001,Kg,0.001,,0.1313,0.1311,recipe_cost_ideal_plaza.csv,Thatte Idli Plate,False,-0.2
Ideal Plaza,Kolkata,231,Thatte Idli Plate (MI),MI,1.0,No.,329,Imli Water,0.008,Ltr,0.008,,0.2038,0.2004,recipe_cost_ideal_plaza.csv,Thatte Idli Plate,False,-1.7
Ideal Plaza,Kolkata,231,Thatte Idli Plate (MI),MI,1.0,No.,328,Spicy Coconut Chutney Mix 1Pkt (16gm),0.009,Kg,0.009,,1.4087,1.4087,recipe_cost_ideal_plaza.csv,Thatte Idli Plate,False,0.0
Ideal Plaza,Kolkata,231,Thatte Idli Plate (MI),MI,1.0,No.,116,Raw Green Chili,0.008,Kg,0.008,,0.5953,0.5995,recipe_cost_ideal_plaza.csv,Thatte Idli Plate,False,0.7
Ideal Plaza,Kolkata,231,Thatte Idli Plate (MI),MI,1.0,No.,21,RO Water,0.12,Ltr,0.12,,,,recipe_cost_ideal_plaza.csv,Thatte Idli Plate,True,
Ideal Plaza,Kolkata,231,Thatte Idli Plate (MI),MI,1.0,No.,75,Ghee,0.025,Kg,0.025,,17.625,18.9418,recipe_cost_ideal_plaza.csv,Thatte Idli Plate,False,7.5
Ideal Plaza,Kolkata,231,Thatte Idli Plate (MI),MI,1.0,No.,194,Thindi Malkapodi Powder Bucket,0.015,Kg,0.015,,2.9214,2.8998,recipe_cost_ideal_plaza.csv,Thatte Idli Plate,False,-0.7
Ideal Plaza,Kolkata,231,Thatte Idli Plate (MI),MI,1.0,No.,429,Thatte Idli Pc Raw,1.0,Pc,1.0,,5.0751,5.2264,recipe_cost_ideal_plaza.csv,Thatte Idli Plate,False,3.0
Ideal Plaza,Kolkata,231,Thatte Idli Plate (MI),MI,1.0,No.,29,Salt,0.0026,Kg,0.0026,,0.0705,0.0703,recipe_cost_ideal_plaza.csv,Thatte Idli Plate,False,-0.3
Ideal Plaza,Kolkata,231,Thatte Idli Plate (MI),MI,1.0,No.,26,Jaggery,0.002,Kg,0.002,,0.1146,0.1245,recipe_cost_ideal_plaza.csv,Thatte Idli Plate,False,8.6
Ideal Plaza,Kolkata,231,Thatte Idli Plate (MI),MI,1.0,No.,43,Sunflower Refined Oil  ( 1pkt = 868 Ml ),0.004,Ltr,0.004,,0.6016,0.6758,recipe_cost_ideal_plaza.csv,Thatte Idli Plate,False,12.3
Ideal Plaza,Kolkata,231,Thatte Idli Plate (MI),MI,1.0,No.,27,Mustard Seed,0.005,Kg,0.005,,0.9238,0.9492,recipe_cost_ideal_plaza.csv,Thatte Idli Plate,False,2.7
Ideal Plaza,Kolkata,231,Thatte Idli Plate (MI),MI,1.0,No.,48,Dosa Daal (Urad),0.002,Kg,0.002,,0.2599,0.2554,recipe_cost_ideal_plaza.csv,Thatte Idli Plate,False,-1.7
Ideal Plaza,Kolkata,231,Thatte Idli Plate (MI),MI,1.0,No.,40,Dry Red Chili,0.001,Kg,0.001,,0.2382,0.2464,recipe_cost_ideal_plaza.csv,Thatte Idli Plate,False,3.4
Ideal Plaza,Kolkata,231,Thatte Idli Plate (MI),MI,1.0,No.,131,Curry Leaves,0.001,Kg,0.001,,0.0708,0.0712,recipe_cost_ideal_plaza.csv,Thatte Idli Plate,False,0.6
Ideal Plaza,Kolkata,231,Thatte Idli Plate (MI),MI,1.0,No.,451,Mint leaf,0.003,Kg,0.003,,0.5976,0.5679,recipe_cost_ideal_plaza.csv,Thatte Idli Plate,False,-5.0
Ideal Plaza,Kolkata,15,Medu Vada for Combo (MI),MI,1.0,No.,207,Special Daal Bucket,0.003,Kg,0.003,,0.46,0.4579,recipe_cost_ideal_plaza.csv,Medu Vada for Combo,False,-0.5
Ideal Plaza,Kolkata,15,Medu Vada for Combo (MI),MI,1.0,No.,47,Fried Chana Daal,0.03,Kg,0.03,,3.1052,2.928,recipe_cost_ideal_plaza.csv,Medu Vada for Combo,False,-5.7
Ideal Plaza,Kolkata,15,Medu Vada for Combo (MI),MI,1.0,No.,229,Coconut Shredded,0.04,Kg,0.04,,5.6603,5.6603,recipe_cost_ideal_plaza.csv,Medu Vada for Combo,False,0.0
Ideal Plaza,Kolkata,15,Medu Vada for Combo (MI),MI,1.0,No.,108,Ginger,0.002,Kg,0.002,,0.2626,0.2623,recipe_cost_ideal_plaza.csv,Medu Vada for Combo,False,-0.1
Ideal Plaza,Kolkata,15,Medu Vada for Combo (MI),MI,1.0,No.,116,Raw Green Chili,0.002,Kg,0.002,,0.1488,0.1499,recipe_cost_ideal_plaza.csv,Medu Vada for Combo,False,0.7
Ideal Plaza,Kolkata,15,Medu Vada for Combo (MI),MI,1.0,No.,53,Sugar,0.002,Kg,0.002,,0.098,0.1038,recipe_cost_ideal_plaza.csv,Medu Vada for Combo,False,5.9
Ideal Plaza,Kolkata,15,Medu Vada for Combo (MI),MI,1.0,No.,29,Salt,0.004,Kg,0.004,,0.1085,0.1082,recipe_cost_ideal_plaza.csv,Medu Vada for Combo,False,-0.3
Ideal Plaza,Kolkata,15,Medu Vada for Combo (MI),MI,1.0,No.,21,RO Water,0.12,Ltr,0.12,,,,recipe_cost_ideal_plaza.csv,Medu Vada for Combo,True,
Ideal Plaza,Kolkata,15,Medu Vada for Combo (MI),MI,1.0,No.,206,Medu Vada Batter Mix,0.062,Kg,0.062,,4.6697,4.6631,recipe_cost_ideal_plaza.csv,Medu Vada for Combo,False,-0.1
Ideal Plaza,Kolkata,179,Dahi Idli (MI),MI,1.0,No.,218,Idli Pc Raw (1 Pkt =40pc),2.0,Pc,2.0,,4.0391,4.2182,recipe_cost_ideal_plaza.csv,Dahi Idli,False,4.4
Ideal Plaza,Kolkata,179,Dahi Idli (MI),MI,1.0,No.,208,Chaat Masala Bucket,0.002,Kg,0.002,,0.7162,0.6925,recipe_cost_ideal_plaza.csv,Dahi Idli,False,-3.3
Ideal Plaza,Kolkata,179,Dahi Idli (MI),MI,1.0,No.,97,Paper Napkin (1pkt = 100pc),1.0,Pc,1.0,,0.2304,0.2356,recipe_cost_ideal_plaza.csv,Dahi Idli,False,2.3
Ideal Plaza,Kolkata,179,Dahi Idli (MI),MI,1.0,No.,235,Raw Curd,0.25,Kg,0.25,,17.6838,17.85,recipe_cost_ideal_plaza.csv,Dahi Idli,False,0.9
Ideal Plaza,Kolkata,179,Dahi Idli (MI),MI,1.0,No.,108,Ginger,0.0025,Kg,0.0025,,0.3283,0.3279,recipe_cost_ideal_plaza.csv,Dahi Idli,False,-0.1
Ideal Plaza,Kolkata,179,Dahi Idli (MI),MI,1.0,No.,131,Curry Leaves,0.0003,Kg,0.0003,,0.0177,0.0178,recipe_cost_ideal_plaza.csv,Dahi Idli,False,0.6
Ideal Plaza,Kolkata,179,Dahi Idli (MI),MI,1.0,No.,32,Whole Cumin,0.0003,Kg,0.0003,,0.1427,0.1202,recipe_cost_ideal_plaza.csv,Dahi Idli,False,-15.8
Ideal Plaza,Kolkata,179,Dahi Idli (MI),MI,1.0,No.,310,Dahi Bucket Mix (1pkt =105gm),0.025,Kg,0.025,,1.5826,1.6712,recipe_cost_ideal_plaza.csv,Dahi Idli,False,5.6
Ideal Plaza,Kolkata,179,Dahi Idli (MI),MI,1.0,No.,116,Raw Green Chili,0.0025,Kg,0.0025,,0.186,0.1873,recipe_cost_ideal_plaza.csv,Dahi Idli,False,0.7
Ideal Plaza,Kolkata,5,Sambar Idli Pc (MI),MI,1.0,No.,218,Idli Pc Raw (1 Pkt =40pc),1.0,Pc,1.0,,2.0196,2.1091,recipe_cost_ideal_plaza.csv,Sambar Idli Pc,False,4.4
Ideal Plaza,Kolkata,5,Sambar Idli Pc (MI),MI,1.0,No.,207,Special Daal Bucket,0.003,Kg,0.003,,0.46,0.4579,recipe_cost_ideal_plaza.csv,Sambar Idli Pc,False,-0.5
Ideal Plaza,Kolkata,5,Sambar Idli Pc (MI),MI,1.0,No.,47,Fried Chana Daal,0.03,Kg,0.03,,3.1052,2.928,recipe_cost_ideal_plaza.csv,Sambar Idli Pc,False,-5.7
Ideal Plaza,Kolkata,5,Sambar Idli Pc (MI),MI,1.0,No.,229,Coconut Shredded,0.04,Kg,0.04,,5.6603,5.6603,recipe_cost_ideal_plaza.csv,Sambar Idli Pc,False,0.0
Ideal Plaza,Kolkata,5,Sambar Idli Pc (MI),MI,1.0,No.,108,Ginger,0.002,Kg,0.002,,0.2626,0.2623,recipe_cost_ideal_plaza.csv,Sambar Idli Pc,False,-0.1
Ideal Plaza,Kolkata,5,Sambar Idli Pc (MI),MI,1.0,No.,116,Raw Green Chili,0.002,Kg,0.002,,0.1488,0.1499,recipe_cost_ideal_plaza.csv,Sambar Idli Pc,False,0.7
Ideal Plaza,Kolkata,5,Sambar Idli Pc (MI),MI,1.0,No.,53,Sugar,0.002,Kg,0.002,,0.098,0.1038,recipe_cost_ideal_plaza.csv,Sambar Idli Pc,False,5.9
Ideal Plaza,Kolkata,5,Sambar Idli Pc (MI),MI,1.0,No.,29,Salt,0.004,Kg,0.004,,0.1085,0.1082,recipe_cost_ideal_plaza.csv,Sambar Idli Pc,False,-0.3
Ideal Plaza,Kolkata,5,Sambar Idli Pc (MI),MI,1.0,No.,21,RO Water,0.12,Ltr,0.12,,,,recipe_cost_ideal_plaza.csv,Sambar Idli Pc,True,
Ideal Plaza,Kolkata,5,Sambar Idli Pc (MI),MI,1.0,No.,97,Paper Napkin (1pkt = 100pc),1.0,Pc,1.0,,0.2304,0.2356,recipe_cost_ideal_plaza.csv,Sambar Idli Pc,False,2.3
Ideal Plaza,Kolkata,13,Idli Fries (MI),MI,1.0,No.,218,Idli Pc Raw (1 Pkt =40pc),2.0,Pc,2.0,,4.0391,4.2182,recipe_cost_ideal_plaza.csv,Idli Fries,False,4.4
Ideal Plaza,Kolkata,13,Idli Fries (MI),MI,1.0,No.,208,Chaat Masala Bucket,0.003,Kg,0.003,,1.0744,1.0388,recipe_cost_ideal_plaza.csv,Idli Fries,False,-3.3
Ideal Plaza,Kolkata,13,Idli Fries (MI),MI,1.0,No.,43,Sunflower Refined Oil  ( 1pkt = 868 Ml ),0.01,Ltr,0.01,,1.504,1.6896,recipe_cost_ideal_plaza.csv,Idli Fries,False,12.3
Ideal Plaza,Kolkata,13,Idli Fries (MI),MI,1.0,No.,235,Raw Curd,0.1,Kg,0.1,,7.0735,7.14,recipe_cost_ideal_plaza.csv,Idli Fries,False,0.9
Ideal Plaza,Kolkata,13,Idli Fries (MI),MI,1.0,No.,310,Dahi Bucket Mix (1pkt =105gm),0.01,Kg,0.01,,0.633,0.6685,recipe_cost_ideal_plaza.csv,Idli Fries,False,5.6
Ideal Plaza,Kolkata,13,Idli Fries (MI),MI,1.0,No.,108,Ginger,0.001,Kg,0.001,,0.1313,0.1311,recipe_cost_ideal_plaza.csv,Idli Fries,False,-0.2
Ideal Plaza,Kolkata,13,Idli Fries (MI),MI,1.0,No.,32,Whole Cumin,0.001,Kg,0.001,,0.5709,0.4807,recipe_cost_ideal_plaza.csv,Idli Fries,False,-15.8
Ideal Plaza,Kolkata,13,Idli Fries (MI),MI,1.0,No.,131,Curry Leaves,0.001,Kg,0.001,,0.0708,0.0712,recipe_cost_ideal_plaza.csv,Idli Fries,False,0.6
Ideal Plaza,Kolkata,13,Idli Fries (MI),MI,1.0,No.,116,Raw Green Chili,0.001,Kg,0.001,,0.0744,0.0749,recipe_cost_ideal_plaza.csv,Idli Fries,False,0.7
Ideal Plaza,Kolkata,13,Idli Fries (MI),MI,1.0,No.,97,Paper Napkin (1pkt = 100pc),1.0,Pc,1.0,,0.2304,0.2356,recipe_cost_ideal_plaza.csv,Idli Fries,False,2.3
Ideal Plaza,Kolkata,7,Ghee Idli pc (MI),MI,1.0,No.,218,Idli Pc Raw (1 Pkt =40pc),1.0,Pc,1.0,,2.0196,2.1091,recipe_cost_ideal_plaza.csv,Ghee Idli pc,False,4.4
Ideal Plaza,Kolkata,7,Ghee Idli pc (MI),MI,1.0,No.,75,Ghee,0.005,Kg,0.005,,3.525,3.7884,recipe_cost_ideal_plaza.csv,Ghee Idli pc,False,7.5
Ideal Plaza,Kolkata,7,Ghee Idli pc (MI),MI,1.0,No.,207,Special Daal Bucket,0.003,Kg,0.003,,0.46,0.4579,recipe_cost_ideal_plaza.csv,Ghee Idli pc,False,-0.5
Ideal Plaza,Kolkata,7,Ghee Idli pc (MI),MI,1.0,No.,47,Fried Chana Daal,0.003,Kg,0.003,,0.3105,0.2928,recipe_cost_ideal_plaza.csv,Ghee Idli pc,False,-5.7
Ideal Plaza,Kolkata,7,Ghee Idli pc (MI),MI,1.0,No.,229,Coconut Shredded,0.004,Kg,0.004,,0.566,0.566,recipe_cost_ideal_plaza.csv,Ghee Idli pc,False,0.0
Ideal Plaza,Kolkata,7,Ghee Idli pc (MI),MI,1.0,No.,108,Ginger,0.002,Kg,0.002,,0.2626,0.2623,recipe_cost_ideal_plaza.csv,Ghee Idli pc,False,-0.1
Ideal Plaza,Kolkata,7,Ghee Idli pc (MI),MI,1.0,No.,116,Raw Green Chili,0.002,Kg,0.002,,0.1488,0.1499,recipe_cost_ideal_plaza.csv,Ghee Idli pc,False,0.7
Ideal Plaza,Kolkata,7,Ghee Idli pc (MI),MI,1.0,No.,53,Sugar,0.002,Kg,0.002,,0.098,0.1038,recipe_cost_ideal_plaza.csv,Ghee Idli pc,False,5.9
Ideal Plaza,Kolkata,7,Ghee Idli pc (MI),MI,1.0,No.,29,Salt,0.004,Kg,0.004,,0.1085,0.1082,recipe_cost_ideal_plaza.csv,Ghee Idli pc,False,-0.3
Ideal Plaza,Kolkata,7,Ghee Idli pc (MI),MI,1.0,No.,21,RO Water,0.12,Ltr,0.12,,,,recipe_cost_ideal_plaza.csv,Ghee Idli pc,True,
Ideal Plaza,Kolkata,7,Ghee Idli pc (MI),MI,1.0,No.,97,Paper Napkin (1pkt = 100pc),1.0,Pc,1.0,,0.2304,0.2356,recipe_cost_ideal_plaza.csv,Ghee Idli pc,False,2.3
Ideal Plaza,Kolkata,2,Idli Plate (2 pc) (MI),MI,1.0,No.,218,Idli Pc Raw (1 Pkt =40pc),2.0,Pc,2.0,,4.0391,4.2182,recipe_cost_ideal_plaza.csv,Idli Plate (2 pc),False,4.4
Ideal Plaza,Kolkata,2,Idli Plate (2 pc) (MI),MI,1.0,No.,207,Special Daal Bucket,0.003,Kg,0.003,,0.46,0.4579,recipe_cost_ideal_plaza.csv,Idli Plate (2 pc),False,-0.5
Ideal Plaza,Kolkata,2,Idli Plate (2 pc) (MI),MI,1.0,No.,97,Paper Napkin (1pkt = 100pc),1.0,Pc,1.0,,0.2304,0.2356,recipe_cost_ideal_plaza.csv,Idli Plate (2 pc),False,2.3
Ideal Plaza,Kolkata,2,Idli Plate (2 pc) (MI),MI,1.0,No.,47,Fried Chana Daal,0.03,Kg,0.03,,3.1052,2.928,recipe_cost_ideal_plaza.csv,Idli Plate (2 pc),False,-5.7
Ideal Plaza,Kolkata,2,Idli Plate (2 pc) (MI),MI,1.0,No.,229,Coconut Shredded,0.04,Kg,0.04,,5.6603,5.6603,recipe_cost_ideal_plaza.csv,Idli Plate (2 pc),False,0.0
Ideal Plaza,Kolkata,2,Idli Plate (2 pc) (MI),MI,1.0,No.,108,Ginger,0.002,Kg,0.002,,0.2626,0.2623,recipe_cost_ideal_plaza.csv,Idli Plate (2 pc),False,-0.1
Ideal Plaza,Kolkata,2,Idli Plate (2 pc) (MI),MI,1.0,No.,116,Raw Green Chili,0.002,Kg,0.002,,0.1488,0.1499,recipe_cost_ideal_plaza.csv,Idli Plate (2 pc),False,0.7
Ideal Plaza,Kolkata,2,Idli Plate (2 pc) (MI),MI,1.0,No.,53,Sugar,0.002,Kg,0.002,,0.098,0.1038,recipe_cost_ideal_plaza.csv,Idli Plate (2 pc),False,5.9
Ideal Plaza,Kolkata,2,Idli Plate (2 pc) (MI),MI,1.0,No.,29,Salt,0.004,Kg,0.004,,0.1085,0.1082,recipe_cost_ideal_plaza.csv,Idli Plate (2 pc),False,-0.3
Ideal Plaza,Kolkata,2,Idli Plate (2 pc) (MI),MI,1.0,No.,21,RO Water,0.12,Ltr,0.12,,,,recipe_cost_ideal_plaza.csv,Idli Plate (2 pc),True,
Ideal Plaza,Kolkata,258,Srivilli Kheer (MI),MI,1.0,No.,97,Paper Napkin (1pkt = 100pc),1.0,Pc,1.0,,0.2304,0.2356,recipe_cost_ideal_plaza.csv,Srivilli Kheer,False,2.3
Ideal Plaza,Kolkata,258,Srivilli Kheer (MI),MI,1.0,No.,503,Srivilli Kheer (1 Pc),1.0,Pc,1.0,,26.2995,31.7582,recipe_cost_ideal_plaza.csv,Srivilli Kheer,False,20.8
Ideal Plaza,Kolkata,258,Srivilli Kheer (MI),MI,1.0,No.,92,Banana Leaf Small (1bundle = 50pc),1.0,Pc,1.0,,1.25,1.25,recipe_cost_ideal_plaza.csv,Srivilli Kheer,False,0.0
Ideal Plaza,Kolkata,6,Sambar Idli Plate (2pc) (MI),MI,1.0,No.,218,Idli Pc Raw (1 Pkt =40pc),2.0,Pc,2.0,,4.0391,4.2182,recipe_cost_ideal_plaza.csv,Sambar Idli Plate (2pc),False,4.4
Ideal Plaza,Kolkata,6,Sambar Idli Plate (2pc) (MI),MI,1.0,No.,207,Special Daal Bucket,0.003,Kg,0.003,,0.46,0.4579,recipe_cost_ideal_plaza.csv,Sambar Idli Plate (2pc),False,-0.5
Ideal Plaza,Kolkata,6,Sambar Idli Plate (2pc) (MI),MI,1.0,No.,47,Fried Chana Daal,0.03,Kg,0.03,,3.1052,2.928,recipe_cost_ideal_plaza.csv,Sambar Idli Plate (2pc),False,-5.7
Ideal Plaza,Kolkata,6,Sambar Idli Plate (2pc) (MI),MI,1.0,No.,229,Coconut Shredded,0.04,Kg,0.04,,5.6603,5.6603,recipe_cost_ideal_plaza.csv,Sambar Idli Plate (2pc),False,0.0
Ideal Plaza,Kolkata,6,Sambar Idli Plate (2pc) (MI),MI,1.0,No.,108,Ginger,0.002,Kg,0.002,,0.2626,0.2623,recipe_cost_ideal_plaza.csv,Sambar Idli Plate (2pc),False,-0.1
Ideal Plaza,Kolkata,6,Sambar Idli Plate (2pc) (MI),MI,1.0,No.,116,Raw Green Chili,0.002,Kg,0.002,,0.1488,0.1499,recipe_cost_ideal_plaza.csv,Sambar Idli Plate (2pc),False,0.7
Ideal Plaza,Kolkata,6,Sambar Idli Plate (2pc) (MI),MI,1.0,No.,53,Sugar,0.002,Kg,0.002,,0.098,0.1038,recipe_cost_ideal_plaza.csv,Sambar Idli Plate (2pc),False,5.9
Ideal Plaza,Kolkata,6,Sambar Idli Plate (2pc) (MI),MI,1.0,No.,29,Salt,0.004,Kg,0.004,,0.1085,0.1082,recipe_cost_ideal_plaza.csv,Sambar Idli Plate (2pc),False,-0.3
Ideal Plaza,Kolkata,6,Sambar Idli Plate (2pc) (MI),MI,1.0,No.,21,RO Water,0.12,Ltr,0.12,,,,recipe_cost_ideal_plaza.csv,Sambar Idli Plate (2pc),True,
Ideal Plaza,Kolkata,6,Sambar Idli Plate (2pc) (MI),MI,1.0,No.,97,Paper Napkin (1pkt = 100pc),1.0,Pc,1.0,,0.2304,0.2356,recipe_cost_ideal_plaza.csv,Sambar Idli Plate (2pc),False,2.3
Ideal Plaza,Kolkata,10,Butter Idli Plate (2pc) (MI),MI,1.0,No.,218,Idli Pc Raw (1 Pkt =40pc),2.0,Pc,2.0,,4.0391,4.2182,recipe_cost_ideal_plaza.csv,Butter Idli Plate (2pc),False,4.4
Ideal Plaza,Kolkata,10,Butter Idli Plate (2pc) (MI),MI,1.0,No.,14,Amul Butter,0.01,Kg,0.01,,5.4567,5.6466,recipe_cost_ideal_plaza.csv,Butter Idli Plate (2pc),False,3.5
Ideal Plaza,Kolkata,10,Butter Idli Plate (2pc) (MI),MI,1.0,No.,207,Special Daal Bucket,0.003,Kg,0.003,,0.46,0.4579,recipe_cost_ideal_plaza.csv,Butter Idli Plate (2pc),False,-0.5
Ideal Plaza,Kolkata,10,Butter Idli Plate (2pc) (MI),MI,1.0,No.,47,Fried Chana Daal,0.03,Kg,0.03,,3.1052,2.928,recipe_cost_ideal_plaza.csv,Butter Idli Plate (2pc),False,-5.7
Ideal Plaza,Kolkata,10,Butter Idli Plate (2pc) (MI),MI,1.0,No.,229,Coconut Shredded,0.04,Kg,0.04,,5.6603,5.6603,recipe_cost_ideal_plaza.csv,Butter Idli Plate (2pc),False,0.0
Ideal Plaza,Kolkata,10,Butter Idli Plate (2pc) (MI),MI,1.0,No.,108,Ginger,0.002,Kg,0.002,,0.2626,0.2623,recipe_cost_ideal_plaza.csv,Butter Idli Plate (2pc),False,-0.1
Ideal Plaza,Kolkata,10,Butter Idli Plate (2pc) (MI),MI,1.0,No.,116,Raw Green Chili,0.002,Kg,0.002,,0.1488,0.1499,recipe_cost_ideal_plaza.csv,Butter Idli Plate (2pc),False,0.7
Ideal Plaza,Kolkata,10,Butter Idli Plate (2pc) (MI),MI,1.0,No.,53,Sugar,0.002,Kg,0.002,,0.098,0.1038,recipe_cost_ideal_plaza.csv,Butter Idli Plate (2pc),False,5.9
Ideal Plaza,Kolkata,10,Butter Idli Plate (2pc) (MI),MI,1.0,No.,29,Salt,0.004,Kg,0.004,,0.1085,0.1082,recipe_cost_ideal_plaza.csv,Butter Idli Plate (2pc),False,-0.3
Ideal Plaza,Kolkata,10,Butter Idli Plate (2pc) (MI),MI,1.0,No.,21,RO Water,0.12,Ltr,0.12,,,,recipe_cost_ideal_plaza.csv,Butter Idli Plate (2pc),True,
Ideal Plaza,Kolkata,10,Butter Idli Plate (2pc) (MI),MI,1.0,No.,97,Paper Napkin (1pkt = 100pc),1.0,Pc,1.0,,0.2304,0.2356,recipe_cost_ideal_plaza.csv,Butter Idli Plate (2pc),False,2.3
Ideal Plaza,Kolkata,247,Idli for Combo (MI),MI,1.0,No.,218,Idli Pc Raw (1 Pkt =40pc),1.0,Pc,1.0,,2.0196,2.1091,recipe_cost_ideal_plaza.csv,Idli for Combo,False,4.4
Ideal Plaza,Kolkata,247,Idli for Combo (MI),MI,1.0,No.,92,Banana Leaf Small (1bundle = 50pc),1.0,Pc,1.0,,1.25,1.25,recipe_cost_ideal_plaza.csv,Idli for Combo,False,0.0
Ideal Plaza,Kolkata,247,Idli for Combo (MI),MI,1.0,No.,207,Special Daal Bucket,0.003,Kg,0.003,,0.46,0.4579,recipe_cost_ideal_plaza.csv,Idli for Combo,False,-0.5
Ideal Plaza,Kolkata,247,Idli for Combo (MI),MI,1.0,No.,47,Fried Chana Daal,0.03,Kg,0.03,,3.1052,2.928,recipe_cost_ideal_plaza.csv,Idli for Combo,False,-5.7
Ideal Plaza,Kolkata,247,Idli for Combo (MI),MI,1.0,No.,229,Coconut Shredded,0.04,Kg,0.04,,5.6603,5.6603,recipe_cost_ideal_plaza.csv,Idli for Combo,False,0.0
Ideal Plaza,Kolkata,247,Idli for Combo (MI),MI,1.0,No.,108,Ginger,0.002,Kg,0.002,,0.2626,0.2623,recipe_cost_ideal_plaza.csv,Idli for Combo,False,-0.1
Ideal Plaza,Kolkata,247,Idli for Combo (MI),MI,1.0,No.,116,Raw Green Chili,0.002,Kg,0.002,,0.1488,0.1499,recipe_cost_ideal_plaza.csv,Idli for Combo,False,0.7
Ideal Plaza,Kolkata,247,Idli for Combo (MI),MI,1.0,No.,53,Sugar,0.002,Kg,0.002,,0.098,0.1038,recipe_cost_ideal_plaza.csv,Idli for Combo,False,5.9
Ideal Plaza,Kolkata,247,Idli for Combo (MI),MI,1.0,No.,29,Salt,0.004,Kg,0.004,,0.1085,0.1082,recipe_cost_ideal_plaza.csv,Idli for Combo,False,-0.3
Ideal Plaza,Kolkata,247,Idli for Combo (MI),MI,1.0,No.,21,RO Water,0.12,Ltr,0.12,,,,recipe_cost_ideal_plaza.csv,Idli for Combo,True,
Ideal Plaza,Kolkata,247,Idli for Combo (MI),MI,1.0,No.,97,Paper Napkin (1pkt = 100pc),1.0,Pc,1.0,,0.2304,0.2356,recipe_cost_ideal_plaza.csv,Idli for Combo,False,2.3
Ideal Plaza,Kolkata,3,Rasam Idli Pc (MI),MI,1.0,No.,218,Idli Pc Raw (1 Pkt =40pc),1.0,Pc,1.0,,2.0196,2.1091,recipe_cost_ideal_plaza.csv,Rasam Idli Pc,False,4.4
Ideal Plaza,Kolkata,3,Rasam Idli Pc (MI),MI,1.0,No.,177,Rasam Bucket,0.1,Ltr,0.1,,3.4939,3.7023,recipe_cost_ideal_plaza.csv,Rasam Idli Pc,False,6.0
Ideal Plaza,Kolkata,3,Rasam Idli Pc (MI),MI,1.0,No.,207,Special Daal Bucket,0.003,Kg,0.003,,0.46,0.4579,recipe_cost_ideal_plaza.csv,Rasam Idli Pc,False,-0.5
Ideal Plaza,Kolkata,3,Rasam Idli Pc (MI),MI,1.0,No.,115,Coriander Leaves,0.003,Kg,0.003,,0.2997,0.3,recipe_cost_ideal_plaza.csv,Rasam Idli Pc,False,0.1
Ideal Plaza,Kolkata,3,Rasam Idli Pc (MI),MI,1.0,No.,47,Fried Chana Daal,0.03,Kg,0.03,,3.1052,2.928,recipe_cost_ideal_plaza.csv,Rasam Idli Pc,False,-5.7
Ideal Plaza,Kolkata,3,Rasam Idli Pc (MI),MI,1.0,No.,229,Coconut Shredded,0.04,Kg,0.04,,5.6603,5.6603,recipe_cost_ideal_plaza.csv,Rasam Idli Pc,False,0.0
Ideal Plaza,Kolkata,3,Rasam Idli Pc (MI),MI,1.0,No.,108,Ginger,0.002,Kg,0.002,,0.2626,0.2623,recipe_cost_ideal_plaza.csv,Rasam Idli Pc,False,-0.1
Ideal Plaza,Kolkata,3,Rasam Idli Pc (MI),MI,1.0,No.,116,Raw Green Chili,0.002,Kg,0.002,,0.1488,0.1499,recipe_cost_ideal_plaza.csv,Rasam Idli Pc,False,0.7
Ideal Plaza,Kolkata,3,Rasam Idli Pc (MI),MI,1.0,No.,53,Sugar,0.002,Kg,0.002,,0.098,0.1038,recipe_cost_ideal_plaza.csv,Rasam Idli Pc,False,5.9
Ideal Plaza,Kolkata,3,Rasam Idli Pc (MI),MI,1.0,No.,29,Salt,0.004,Kg,0.004,,0.1085,0.1082,recipe_cost_ideal_plaza.csv,Rasam Idli Pc,False,-0.3
Ideal Plaza,Kolkata,3,Rasam Idli Pc (MI),MI,1.0,No.,21,RO Water,0.12,Ltr,0.12,,,,recipe_cost_ideal_plaza.csv,Rasam Idli Pc,True,
Ideal Plaza,Kolkata,3,Rasam Idli Pc (MI),MI,1.0,No.,97,Paper Napkin (1pkt = 100pc),1.0,Pc,1.0,,0.2304,0.2356,recipe_cost_ideal_plaza.csv,Rasam Idli Pc,False,2.3
Ideal Plaza,Kolkata,4,Rasam Idli Plate (2pc) (MI),MI,1.0,No.,218,Idli Pc Raw (1 Pkt =40pc),2.0,Pc,2.0,,4.0391,4.2182,recipe_cost_ideal_plaza.csv,Rasam Idli Plate (2pc),False,4.4
Ideal Plaza,Kolkata,4,Rasam Idli Plate (2pc) (MI),MI,1.0,No.,177,Rasam Bucket,0.2,Ltr,0.2,,6.9879,7.4045,recipe_cost_ideal_plaza.csv,Rasam Idli Plate (2pc),False,6.0
Ideal Plaza,Kolkata,4,Rasam Idli Plate (2pc) (MI),MI,1.0,No.,115,Coriander Leaves,0.003,Kg,0.003,,0.2997,0.3,recipe_cost_ideal_plaza.csv,Rasam Idli Plate (2pc),False,0.1
Ideal Plaza,Kolkata,4,Rasam Idli Plate (2pc) (MI),MI,1.0,No.,207,Special Daal Bucket,0.003,Kg,0.003,,0.46,0.4579,recipe_cost_ideal_plaza.csv,Rasam Idli Plate (2pc),False,-0.5
Ideal Plaza,Kolkata,4,Rasam Idli Plate (2pc) (MI),MI,1.0,No.,97,Paper Napkin (1pkt = 100pc),1.0,Pc,1.0,,0.2304,0.2356,recipe_cost_ideal_plaza.csv,Rasam Idli Plate (2pc),False,2.3
Ideal Plaza,Kolkata,4,Rasam Idli Plate (2pc) (MI),MI,1.0,No.,47,Fried Chana Daal,0.03,Kg,0.03,,3.1052,2.928,recipe_cost_ideal_plaza.csv,Rasam Idli Plate (2pc),False,-5.7
Ideal Plaza,Kolkata,4,Rasam Idli Plate (2pc) (MI),MI,1.0,No.,229,Coconut Shredded,0.04,Kg,0.04,,5.6603,5.6603,recipe_cost_ideal_plaza.csv,Rasam Idli Plate (2pc),False,0.0
Ideal Plaza,Kolkata,4,Rasam Idli Plate (2pc) (MI),MI,1.0,No.,108,Ginger,0.002,Kg,0.002,,0.2626,0.2623,recipe_cost_ideal_plaza.csv,Rasam Idli Plate (2pc),False,-0.1
Ideal Plaza,Kolkata,4,Rasam Idli Plate (2pc) (MI),MI,1.0,No.,116,Raw Green Chili,0.002,Kg,0.002,,0.1488,0.1499,recipe_cost_ideal_plaza.csv,Rasam Idli Plate (2pc),False,0.7
Ideal Plaza,Kolkata,4,Rasam Idli Plate (2pc) (MI),MI,1.0,No.,53,Sugar,0.002,Kg,0.002,,0.098,0.1038,recipe_cost_ideal_plaza.csv,Rasam Idli Plate (2pc),False,5.9
Ideal Plaza,Kolkata,4,Rasam Idli Plate (2pc) (MI),MI,1.0,No.,29,Salt,0.004,Kg,0.004,,0.1085,0.1082,recipe_cost_ideal_plaza.csv,Rasam Idli Plate (2pc),False,-0.3
Ideal Plaza,Kolkata,4,Rasam Idli Plate (2pc) (MI),MI,1.0,No.,21,RO Water,0.12,Ltr,0.12,,,,recipe_cost_ideal_plaza.csv,Rasam Idli Plate (2pc),True,
Ideal Plaza,Kolkata,9,Butter Idli pc (MI),MI,1.0,No.,218,Idli Pc Raw (1 Pkt =40pc),1.0,Pc,1.0,,2.0196,2.1091,recipe_cost_ideal_plaza.csv,Butter Idli pc,False,4.4
Ideal Plaza,Kolkata,9,Butter Idli pc (MI),MI,1.0,No.,14,Amul Butter,0.005,Kg,0.005,,2.7284,2.8233,recipe_cost_ideal_plaza.csv,Butter Idli pc,False,3.5
Ideal Plaza,Kolkata,9,Butter Idli pc (MI),MI,1.0,No.,207,Special Daal Bucket,0.003,Kg,0.003,,0.46,0.4579,recipe_cost_ideal_plaza.csv,Butter Idli pc,False,-0.5
Ideal Plaza,Kolkata,9,Butter Idli pc (MI),MI,1.0,No.,47,Fried Chana Daal,0.003,Kg,0.003,,0.3105,0.2928,recipe_cost_ideal_plaza.csv,Butter Idli pc,False,-5.7
Ideal Plaza,Kolkata,9,Butter Idli pc (MI),MI,1.0,No.,229,Coconut Shredded,0.04,Kg,0.04,,5.6603,5.6603,recipe_cost_ideal_plaza.csv,Butter Idli pc,False,0.0
Ideal Plaza,Kolkata,9,Butter Idli pc (MI),MI,1.0,No.,108,Ginger,0.002,Kg,0.002,,0.2626,0.2623,recipe_cost_ideal_plaza.csv,Butter Idli pc,False,-0.1
Ideal Plaza,Kolkata,9,Butter Idli pc (MI),MI,1.0,No.,116,Raw Green Chili,0.002,Kg,0.002,,0.1488,0.1499,recipe_cost_ideal_plaza.csv,Butter Idli pc,False,0.7
Ideal Plaza,Kolkata,9,Butter Idli pc (MI),MI,1.0,No.,53,Sugar,0.002,Kg,0.002,,0.098,0.1038,recipe_cost_ideal_plaza.csv,Butter Idli pc,False,5.9
Ideal Plaza,Kolkata,9,Butter Idli pc (MI),MI,1.0,No.,29,Salt,0.004,Kg,0.004,,0.1085,0.1082,recipe_cost_ideal_plaza.csv,Butter Idli pc,False,-0.3
Ideal Plaza,Kolkata,9,Butter Idli pc (MI),MI,1.0,No.,21,RO Water,0.12,Ltr,0.12,,,,recipe_cost_ideal_plaza.csv,Butter Idli pc,True,
Ideal Plaza,Kolkata,9,Butter Idli pc (MI),MI,1.0,No.,97,Paper Napkin (1pkt = 100pc),1.0,Pc,1.0,,0.2304,0.2356,recipe_cost_ideal_plaza.csv,Butter Idli pc,False,2.3
Ideal Plaza,Kolkata,8,Ghee Idli Plate (2pc) (MI),MI,1.0,No.,218,Idli Pc Raw (1 Pkt =40pc),2.0,Pc,2.0,,4.0391,4.2182,recipe_cost_ideal_plaza.csv,Ghee Idli Plate (2pc),False,4.4
Ideal Plaza,Kolkata,8,Ghee Idli Plate (2pc) (MI),MI,1.0,No.,75,Ghee,0.01,Kg,0.01,,7.05,7.5767,recipe_cost_ideal_plaza.csv,Ghee Idli Plate (2pc),False,7.5
Ideal Plaza,Kolkata,8,Ghee Idli Plate (2pc) (MI),MI,1.0,No.,207,Special Daal Bucket,0.003,Kg,0.003,,0.46,0.4579,recipe_cost_ideal_plaza.csv,Ghee Idli Plate (2pc),False,-0.5
Ideal Plaza,Kolkata,8,Ghee Idli Plate (2pc) (MI),MI,1.0,No.,47,Fried Chana Daal,0.03,Kg,0.03,,3.1052,2.928,recipe_cost_ideal_plaza.csv,Ghee Idli Plate (2pc),False,-5.7
Ideal Plaza,Kolkata,8,Ghee Idli Plate (2pc) (MI),MI,1.0,No.,229,Coconut Shredded,0.04,Kg,0.04,,5.6603,5.6603,recipe_cost_ideal_plaza.csv,Ghee Idli Plate (2pc),False,0.0
Ideal Plaza,Kolkata,8,Ghee Idli Plate (2pc) (MI),MI,1.0,No.,108,Ginger,0.002,Kg,0.002,,0.2626,0.2623,recipe_cost_ideal_plaza.csv,Ghee Idli Plate (2pc),False,-0.1
Ideal Plaza,Kolkata,8,Ghee Idli Plate (2pc) (MI),MI,1.0,No.,116,Raw Green Chili,0.002,Kg,0.002,,0.1488,0.1499,recipe_cost_ideal_plaza.csv,Ghee Idli Plate (2pc),False,0.7
Ideal Plaza,Kolkata,8,Ghee Idli Plate (2pc) (MI),MI,1.0,No.,53,Sugar,0.002,Kg,0.002,,0.098,0.1038,recipe_cost_ideal_plaza.csv,Ghee Idli Plate (2pc),False,5.9
Ideal Plaza,Kolkata,8,Ghee Idli Plate (2pc) (MI),MI,1.0,No.,29,Salt,0.004,Kg,0.004,,0.1085,0.1082,recipe_cost_ideal_plaza.csv,Ghee Idli Plate (2pc),False,-0.3
Ideal Plaza,Kolkata,8,Ghee Idli Plate (2pc) (MI),MI,1.0,No.,21,RO Water,0.12,Ltr,0.12,,,,recipe_cost_ideal_plaza.csv,Ghee Idli Plate (2pc),True,
Ideal Plaza,Kolkata,8,Ghee Idli Plate (2pc) (MI),MI,1.0,No.,97,Paper Napkin (1pkt = 100pc),1.0,Pc,1.0,,0.2304,0.2356,recipe_cost_ideal_plaza.csv,Ghee Idli Plate (2pc),False,2.3
Ideal Plaza,Kolkata,260,Aam Panna (MI),MI,1.0,No.,510,Aam Panna Syrup (1 Pkt = 500gm),0.125,Ltr,0.125,,19.6038,19.6038,recipe_cost_ideal_plaza.csv,Aam Panna,False,0.0
Ideal Plaza,Kolkata,260,Aam Panna (MI),MI,1.0,No.,21,RO Water,0.175,Ltr,0.175,,,,recipe_cost_ideal_plaza.csv,Aam Panna,True,
Ideal Plaza,Kolkata,260,Aam Panna (MI),MI,1.0,No.,113,Paper Straw (1pkt = 100pc),1.0,Pc,1.0,,0.3879,0.3867,recipe_cost_ideal_plaza.csv,Aam Panna,False,-0.3
Ideal Plaza,Kolkata,260,Aam Panna (MI),MI,1.0,No.,97,Paper Napkin (1pkt = 100pc),1.0,Pc,1.0,,0.2304,0.2356,recipe_cost_ideal_plaza.csv,Aam Panna,False,2.3
Ideal Plaza,Kolkata,261,Tender Coconut Shake (MI),MI,1.0,No.,512,Coconut Pulp (1Pkt -500Gm),0.125,Kg,0.125,,29.7825,29.7825,recipe_cost_ideal_plaza.csv,Tender Coconut Shake,False,0.0
Ideal Plaza,Kolkata,261,Tender Coconut Shake (MI),MI,1.0,No.,76,Milk - Tetra 1Ltr,0.175,Ltr,0.175,,13.3039,13.5632,recipe_cost_ideal_plaza.csv,Tender Coconut Shake,False,1.9
Ideal Plaza,Kolkata,261,Tender Coconut Shake (MI),MI,1.0,No.,97,Paper Napkin (1pkt = 100pc),1.0,Pc,1.0,,0.2304,0.2356,recipe_cost_ideal_plaza.csv,Tender Coconut Shake,False,2.3
Ideal Plaza,Kolkata,261,Tender Coconut Shake (MI),MI,1.0,No.,113,Paper Straw (1pkt = 100pc),1.0,Pc,1.0,,0.3879,0.3867,recipe_cost_ideal_plaza.csv,Tender Coconut Shake,False,-0.3
Ideal Plaza,Kolkata,72,Lemon Sevai (MI),MI,1.0,No.,197,Lemon Sevai Bucket,0.225,Kg,0.225,,29.1927,29.1927,recipe_cost_ideal_plaza.csv,Lemon Sevai,False,0.0
Ideal Plaza,Kolkata,72,Lemon Sevai (MI),MI,1.0,No.,28,Raw Peanut,0.015,Kg,0.015,,1.9679,2.0836,recipe_cost_ideal_plaza.csv,Lemon Sevai,False,5.9
Ideal Plaza,Kolkata,72,Lemon Sevai (MI),MI,1.0,No.,46,Chana Daal,0.009,Kg,0.009,,0.776,0.7046,recipe_cost_ideal_plaza.csv,Lemon Sevai,False,-9.2
Ideal Plaza,Kolkata,72,Lemon Sevai (MI),MI,1.0,No.,48,Dosa Daal (Urad),0.009,Kg,0.009,,1.1697,1.1493,recipe_cost_ideal_plaza.csv,Lemon Sevai,False,-1.7
Ideal Plaza,Kolkata,72,Lemon Sevai (MI),MI,1.0,No.,27,Mustard Seed,3.0,gm,3.0,,0.5543,0.5695,recipe_cost_ideal_plaza.csv,Lemon Sevai,False,2.7
Ideal Plaza,Kolkata,72,Lemon Sevai (MI),MI,1.0,No.,131,Curry Leaves,0.003,Kg,0.003,,0.2125,0.2136,recipe_cost_ideal_plaza.csv,Lemon Sevai,False,0.5
Ideal Plaza,Kolkata,72,Lemon Sevai (MI),MI,1.0,No.,43,Sunflower Refined Oil  ( 1pkt = 868 Ml ),0.0135,Ltr,0.0135,,2.0303,2.2809,recipe_cost_ideal_plaza.csv,Lemon Sevai,False,12.3
Ideal Plaza,Kolkata,72,Lemon Sevai (MI),MI,1.0,No.,29,Salt,0.0045,Kg,0.0045,,0.1221,0.1217,recipe_cost_ideal_plaza.csv,Lemon Sevai,False,-0.3
Ideal Plaza,Kolkata,72,Lemon Sevai (MI),MI,1.0,No.,40,Dry Red Chili,1.0,gm,1.0,,0.2382,0.2464,recipe_cost_ideal_plaza.csv,Lemon Sevai,False,3.4
Ideal Plaza,Kolkata,72,Lemon Sevai (MI),MI,1.0,No.,207,Special Daal Bucket,0.003,Kg,0.003,,0.46,0.4579,recipe_cost_ideal_plaza.csv,Lemon Sevai,False,-0.5
Ideal Plaza,Kolkata,72,Lemon Sevai (MI),MI,1.0,No.,97,Paper Napkin (1pkt = 100pc),1.0,Pc,1.0,,0.2304,0.2356,recipe_cost_ideal_plaza.csv,Lemon Sevai,False,2.3
Ideal Plaza,Kolkata,72,Lemon Sevai (MI),MI,1.0,No.,30,Appalam Papad (1pkt = 47pc),1.0,Pc,1.0,,3.8225,3.7801,recipe_cost_ideal_plaza.csv,Lemon Sevai,False,-1.1
Ideal Plaza,Kolkata,73,Coconut Sevai (MI),MI,1.0,No.,8,Sevai Bucket,0.15,Kg,0.15,,12.4001,12.4001,recipe_cost_ideal_plaza.csv,Coconut Sevai,False,0.0
Ideal Plaza,Kolkata,73,Coconut Sevai (MI),MI,1.0,No.,32,Whole Cumin,0.0015,Kg,0.0015,,0.8563,0.7211,recipe_cost_ideal_plaza.csv,Coconut Sevai,False,-15.8
Ideal Plaza,Kolkata,73,Coconut Sevai (MI),MI,1.0,No.,48,Dosa Daal (Urad),0.015,Kg,0.015,,1.9496,1.9155,recipe_cost_ideal_plaza.csv,Coconut Sevai,False,-1.7
Ideal Plaza,Kolkata,73,Coconut Sevai (MI),MI,1.0,No.,46,Chana Daal,0.015,Kg,0.015,,1.2934,1.1743,recipe_cost_ideal_plaza.csv,Coconut Sevai,False,-9.2
Ideal Plaza,Kolkata,73,Coconut Sevai (MI),MI,1.0,No.,132,Onion,0.045,Kg,0.045,,1.9138,1.634,recipe_cost_ideal_plaza.csv,Coconut Sevai,False,-14.6
Ideal Plaza,Kolkata,73,Coconut Sevai (MI),MI,1.0,No.,116,Raw Green Chili,0.003,Kg,0.003,,0.2232,0.2248,recipe_cost_ideal_plaza.csv,Coconut Sevai,False,0.7
Ideal Plaza,Kolkata,73,Coconut Sevai (MI),MI,1.0,No.,229,Coconut Shredded,0.075,Kg,0.075,,10.6131,10.6131,recipe_cost_ideal_plaza.csv,Coconut Sevai,False,0.0
Ideal Plaza,Kolkata,73,Coconut Sevai (MI),MI,1.0,No.,29,Salt,0.003,Kg,0.003,,0.0814,0.0811,recipe_cost_ideal_plaza.csv,Coconut Sevai,False,-0.4
Ideal Plaza,Kolkata,73,Coconut Sevai (MI),MI,1.0,No.,43,Sunflower Refined Oil  ( 1pkt = 868 Ml ),0.0135,Ltr,0.0135,,2.0303,2.2809,recipe_cost_ideal_plaza.csv,Coconut Sevai,False,12.3
Ideal Plaza,Kolkata,73,Coconut Sevai (MI),MI,1.0,No.,131,Curry Leaves,0.0015,Kg,0.0015,,0.1062,0.1068,recipe_cost_ideal_plaza.csv,Coconut Sevai,False,0.6
Ideal Plaza,Kolkata,73,Coconut Sevai (MI),MI,1.0,No.,207,Special Daal Bucket,0.003,Kg,0.003,,0.46,0.4579,recipe_cost_ideal_plaza.csv,Coconut Sevai,False,-0.5
Ideal Plaza,Kolkata,73,Coconut Sevai (MI),MI,1.0,No.,30,Appalam Papad (1pkt = 47pc),1.0,Pc,1.0,,3.8225,3.7801,recipe_cost_ideal_plaza.csv,Coconut Sevai,False,-1.1
Ideal Plaza,Kolkata,73,Coconut Sevai (MI),MI,1.0,No.,75,Ghee,0.001,Kg,0.001,,0.705,0.7577,recipe_cost_ideal_plaza.csv,Coconut Sevai,False,7.5
Ideal Plaza,Kolkata,71,Tomato Sevai (MI),MI,1.0,No.,8,Sevai Bucket,0.15,Kg,0.15,,12.4001,12.4001,recipe_cost_ideal_plaza.csv,Tomato Sevai,False,0.0
Ideal Plaza,Kolkata,71,Tomato Sevai (MI),MI,1.0,No.,27,Mustard Seed,3.0,gm,3.0,,0.5543,0.5695,recipe_cost_ideal_plaza.csv,Tomato Sevai,False,2.7
Ideal Plaza,Kolkata,71,Tomato Sevai (MI),MI,1.0,No.,46,Chana Daal,0.015,Kg,0.015,,1.2934,1.1743,recipe_cost_ideal_plaza.csv,Tomato Sevai,False,-9.2
Ideal Plaza,Kolkata,71,Tomato Sevai (MI),MI,1.0,No.,48,Dosa Daal (Urad),0.015,Kg,0.015,,1.9496,1.9155,recipe_cost_ideal_plaza.csv,Tomato Sevai,False,-1.7
Ideal Plaza,Kolkata,71,Tomato Sevai (MI),MI,1.0,No.,116,Raw Green Chili,0.001,Kg,0.001,,0.0744,0.0749,recipe_cost_ideal_plaza.csv,Tomato Sevai,False,0.7
Ideal Plaza,Kolkata,71,Tomato Sevai (MI),MI,1.0,No.,132,Onion,0.045,Kg,0.045,,1.9138,1.634,recipe_cost_ideal_plaza.csv,Tomato Sevai,False,-14.6
Ideal Plaza,Kolkata,71,Tomato Sevai (MI),MI,1.0,No.,131,Curry Leaves,0.003,Kg,0.003,,0.2125,0.2136,recipe_cost_ideal_plaza.csv,Tomato Sevai,False,0.5
Ideal Plaza,Kolkata,71,Tomato Sevai (MI),MI,1.0,No.,108,Ginger,0.015,Kg,0.015,,1.9698,1.9672,recipe_cost_ideal_plaza.csv,Tomato Sevai,False,-0.1
Ideal Plaza,Kolkata,71,Tomato Sevai (MI),MI,1.0,No.,141,Tomato,0.075,Kg,0.075,,3.0104,2.9997,recipe_cost_ideal_plaza.csv,Tomato Sevai,False,-0.4
Ideal Plaza,Kolkata,71,Tomato Sevai (MI),MI,1.0,No.,34,Kashmiri Chili Powder,0.0075,Kg,0.0075,,6.037,6.1458,recipe_cost_ideal_plaza.csv,Tomato Sevai,False,1.8
Ideal Plaza,Kolkata,71,Tomato Sevai (MI),MI,1.0,No.,29,Salt,0.009,Kg,0.009,,0.2442,0.2434,recipe_cost_ideal_plaza.csv,Tomato Sevai,False,-0.3
Ideal Plaza,Kolkata,71,Tomato Sevai (MI),MI,1.0,No.,43,Sunflower Refined Oil  ( 1pkt = 868 Ml ),0.009,Ltr,0.009,,1.3536,1.5206,recipe_cost_ideal_plaza.csv,Tomato Sevai,False,12.3
Ideal Plaza,Kolkata,71,Tomato Sevai (MI),MI,1.0,No.,115,Coriander Leaves,0.015,Kg,0.015,,1.4983,1.4999,recipe_cost_ideal_plaza.csv,Tomato Sevai,False,0.1
Ideal Plaza,Kolkata,71,Tomato Sevai (MI),MI,1.0,No.,207,Special Daal Bucket,0.003,Kg,0.003,,0.46,0.4579,recipe_cost_ideal_plaza.csv,Tomato Sevai,False,-0.5
Ideal Plaza,Kolkata,71,Tomato Sevai (MI),MI,1.0,No.,30,Appalam Papad (1pkt = 47pc),1.0,Pc,1.0,,3.8225,3.7801,recipe_cost_ideal_plaza.csv,Tomato Sevai,False,-1.1
Ideal Plaza,Kolkata,71,Tomato Sevai (MI),MI,1.0,No.,97,Paper Napkin (1pkt = 100pc),1.0,Pc,1.0,,0.2304,0.2356,recipe_cost_ideal_plaza.csv,Tomato Sevai,False,2.3
Ideal Plaza,Kolkata,71,Tomato Sevai (MI),MI,1.0,No.,40,Dry Red Chili,0.0015,Kg,0.0015,,0.3573,0.3696,recipe_cost_ideal_plaza.csv,Tomato Sevai,False,3.4
Ideal Plaza,Kolkata,257,ABC Juice (MI),MI,1.0,No.,498,Apple,0.21,Kg,0.21,,38.6897,38.6897,recipe_cost_ideal_plaza.csv,ABC Juice,False,0.0
Ideal Plaza,Kolkata,257,ABC Juice (MI),MI,1.0,No.,130,Beetroot,0.11,Kg,0.11,,3.4812,3.4812,recipe_cost_ideal_plaza.csv,ABC Juice,False,0.0
Ideal Plaza,Kolkata,257,ABC Juice (MI),MI,1.0,No.,107,Carrot,0.21,Kg,0.21,,8.6837,8.6088,recipe_cost_ideal_plaza.csv,ABC Juice,False,-0.9
Ideal Plaza,Kolkata,257,ABC Juice (MI),MI,1.0,No.,451,Mint leaf,0.005,Kg,0.005,,0.996,0.9464,recipe_cost_ideal_plaza.csv,ABC Juice,False,-5.0
Ideal Plaza,Kolkata,257,ABC Juice (MI),MI,1.0,No.,108,Ginger,0.003,Kg,0.003,,0.394,0.3934,recipe_cost_ideal_plaza.csv,ABC Juice,False,-0.2
Ideal Plaza,Kolkata,257,ABC Juice (MI),MI,1.0,No.,124,Lime,0.5,Pc,0.5,,1.7507,1.7508,recipe_cost_ideal_plaza.csv,ABC Juice,False,0.0
Ideal Plaza,Kolkata,257,ABC Juice (MI),MI,1.0,No.,15,Black Salt,0.001,Kg,0.001,,0.0268,0.0296,recipe_cost_ideal_plaza.csv,ABC Juice,False,10.4
Ideal Plaza,Kolkata,257,ABC Juice (MI),MI,1.0,No.,97,Paper Napkin (1pkt = 100pc),1.0,Pc,1.0,,0.2304,0.2356,recipe_cost_ideal_plaza.csv,ABC Juice,False,2.3
Ideal Plaza,Kolkata,257,ABC Juice (MI),MI,1.0,No.,113,Paper Straw (1pkt = 100pc),1.0,Pc,1.0,,0.3879,0.3867,recipe_cost_ideal_plaza.csv,ABC Juice,False,-0.3
Ideal Plaza,Kolkata,53,Beetroot Ghee Roast Dosa (MI),MI,1.0,No.,190,Dosa Batter Mix,0.12,Kg,0.12,,3.9344,3.7547,recipe_cost_ideal_plaza.csv,Beetroot Ghee Roast Dosa,False,-4.6
Ideal Plaza,Kolkata,53,Beetroot Ghee Roast Dosa (MI),MI,1.0,No.,207,Special Daal Bucket,0.001,Kg,0.001,,0.1533,0.1526,recipe_cost_ideal_plaza.csv,Beetroot Ghee Roast Dosa,False,-0.5
Ideal Plaza,Kolkata,53,Beetroot Ghee Roast Dosa (MI),MI,1.0,No.,180,Beetroot Chutney Bucket,0.07,Kg,0.07,,9.1442,9.1442,recipe_cost_ideal_plaza.csv,Beetroot Ghee Roast Dosa,False,0.0
Ideal Plaza,Kolkata,53,Beetroot Ghee Roast Dosa (MI),MI,1.0,No.,97,Paper Napkin (1pkt = 100pc),1.0,Pc,1.0,,0.2304,0.2356,recipe_cost_ideal_plaza.csv,Beetroot Ghee Roast Dosa,False,2.3
Ideal Plaza,Kolkata,53,Beetroot Ghee Roast Dosa (MI),MI,1.0,No.,47,Fried Chana Daal,0.016,Kg,0.016,,1.6561,1.5616,recipe_cost_ideal_plaza.csv,Beetroot Ghee Roast Dosa,False,-5.7
Ideal Plaza,Kolkata,53,Beetroot Ghee Roast Dosa (MI),MI,1.0,No.,229,Coconut Shredded,0.023,Kg,0.023,,3.2547,3.2547,recipe_cost_ideal_plaza.csv,Beetroot Ghee Roast Dosa,False,0.0
Ideal Plaza,Kolkata,53,Beetroot Ghee Roast Dosa (MI),MI,1.0,No.,108,Ginger,0.001,Kg,0.001,,0.1313,0.1311,recipe_cost_ideal_plaza.csv,Beetroot Ghee Roast Dosa,False,-0.2
Ideal Plaza,Kolkata,53,Beetroot Ghee Roast Dosa (MI),MI,1.0,No.,116,Raw Green Chili,0.001,Kg,0.001,,0.0744,0.0749,recipe_cost_ideal_plaza.csv,Beetroot Ghee Roast Dosa,False,0.7
Ideal Plaza,Kolkata,53,Beetroot Ghee Roast Dosa (MI),MI,1.0,No.,53,Sugar,0.001,Kg,0.001,,0.049,0.0519,recipe_cost_ideal_plaza.csv,Beetroot Ghee Roast Dosa,False,5.9
Ideal Plaza,Kolkata,53,Beetroot Ghee Roast Dosa (MI),MI,1.0,No.,29,Salt,0.002,Kg,0.002,,0.0543,0.0541,recipe_cost_ideal_plaza.csv,Beetroot Ghee Roast Dosa,False,-0.4
Ideal Plaza,Kolkata,53,Beetroot Ghee Roast Dosa (MI),MI,1.0,No.,21,RO Water,0.065,Ltr,0.065,,,,recipe_cost_ideal_plaza.csv,Beetroot Ghee Roast Dosa,True,
Ideal Plaza,Kolkata,53,Beetroot Ghee Roast Dosa (MI),MI,1.0,No.,75,Ghee,0.03,Kg,0.03,,21.15,22.7301,recipe_cost_ideal_plaza.csv,Beetroot Ghee Roast Dosa,False,7.5
Ideal Plaza,Kolkata,145,All Time Favourite (MI),MI,1.0,No.,214,Frozen Masala Vada (1 Pkt = 6 Pc),2.0,Pc,2.0,,9.3549,9.3549,recipe_cost_ideal_plaza.csv,All Time Favourite,False,0.0
Ideal Plaza,Kolkata,145,All Time Favourite (MI),MI,1.0,No.,4,Cothas Coffee Powder,0.014,Kg,0.014,,11.7961,12.0563,recipe_cost_ideal_plaza.csv,All Time Favourite,False,2.2
Ideal Plaza,Kolkata,145,All Time Favourite (MI),MI,1.0,No.,76,Milk - Tetra 1Ltr,0.09,Ltr,0.09,,6.842,6.9754,recipe_cost_ideal_plaza.csv,All Time Favourite,False,1.9
Ideal Plaza,Kolkata,145,All Time Favourite (MI),MI,1.0,No.,31,White Sugar Sachet (1pkt = 200pc),2.0,Pc,2.0,,0.8613,0.8496,recipe_cost_ideal_plaza.csv,All Time Favourite,False,-1.4
Ideal Plaza,Kolkata,145,All Time Favourite (MI),MI,1.0,No.,96,Hot Coffee Cup With Lid - 200ml (1pkt = 25pc),1.0,Pc,1.0,,,,recipe_cost_ideal_plaza.csv,All Time Favourite,True,
Ideal Plaza,Kolkata,145,All Time Favourite (MI),MI,1.0,No.,114,Wooden Stirrer (1pkt = 100pc),1.0,Pc,1.0,,0.1346,0.1317,recipe_cost_ideal_plaza.csv,All Time Favourite,False,-2.2
Ideal Plaza,Kolkata,256,Fresh Sweet Lime Juice (MI),MI,1.0,No.,489,Mosambi,0.6,Kg,0.6,,43.9979,43.8755,recipe_cost_ideal_plaza.csv,Fresh Sweet Lime Juice,False,-0.3
Ideal Plaza,Kolkata,256,Fresh Sweet Lime Juice (MI),MI,1.0,No.,97,Paper Napkin (1pkt = 100pc),1.0,Pc,1.0,,0.2304,0.2356,recipe_cost_ideal_plaza.csv,Fresh Sweet Lime Juice,False,2.3
Ideal Plaza,Kolkata,256,Fresh Sweet Lime Juice (MI),MI,1.0,No.,113,Paper Straw (1pkt = 100pc),1.0,Pc,1.0,,0.3879,0.3867,recipe_cost_ideal_plaza.csv,Fresh Sweet Lime Juice,False,-0.3
Ideal Plaza,Kolkata,1,Raw Mango Dosa (MI),MI,1.0,No.,229,Coconut Shredded,0.023,Kg,0.023,,3.2547,3.2547,recipe_cost_ideal_plaza.csv,Raw Mango Dosa,False,0.0
Ideal Plaza,Kolkata,1,Raw Mango Dosa (MI),MI,1.0,No.,190,Dosa Batter Mix,0.12,Kg,0.12,,3.9344,3.7547,recipe_cost_ideal_plaza.csv,Raw Mango Dosa,False,-4.6
Ideal Plaza,Kolkata,1,Raw Mango Dosa (MI),MI,1.0,No.,47,Fried Chana Daal,0.016,Kg,0.016,,1.6561,1.5616,recipe_cost_ideal_plaza.csv,Raw Mango Dosa,False,-5.7
Ideal Plaza,Kolkata,1,Raw Mango Dosa (MI),MI,1.0,No.,43,Sunflower Refined Oil  ( 1pkt = 868 Ml ),25.0,ml,25.0,,3.7599,4.2239,recipe_cost_ideal_plaza.csv,Raw Mango Dosa,False,12.3
Ideal Plaza,Kolkata,1,Raw Mango Dosa (MI),MI,1.0,No.,108,Ginger,0.001,Kg,0.001,,0.1313,0.1311,recipe_cost_ideal_plaza.csv,Raw Mango Dosa,False,-0.2
Ideal Plaza,Kolkata,1,Raw Mango Dosa (MI),MI,1.0,No.,97,Paper Napkin (1pkt = 100pc),1.0,Pc,1.0,,0.2304,0.2356,recipe_cost_ideal_plaza.csv,Raw Mango Dosa,False,2.3
Ideal Plaza,Kolkata,1,Raw Mango Dosa (MI),MI,1.0,No.,21,RO Water,0.065,Ltr,0.065,,,,recipe_cost_ideal_plaza.csv,Raw Mango Dosa,True,
Ideal Plaza,Kolkata,1,Raw Mango Dosa (MI),MI,1.0,No.,116,Raw Green Chili,0.001,Kg,0.001,,0.0744,0.0749,recipe_cost_ideal_plaza.csv,Raw Mango Dosa,False,0.7
Ideal Plaza,Kolkata,1,Raw Mango Dosa (MI),MI,1.0,No.,209,Raw Mango Chutney Bucket,0.07,Kg,0.07,,11.4238,11.9907,recipe_cost_ideal_plaza.csv,Raw Mango Dosa,False,5.0
Ideal Plaza,Kolkata,1,Raw Mango Dosa (MI),MI,1.0,No.,29,Salt,0.002,Kg,0.002,,0.0543,0.0541,recipe_cost_ideal_plaza.csv,Raw Mango Dosa,False,-0.4
Ideal Plaza,Kolkata,1,Raw Mango Dosa (MI),MI,1.0,No.,207,Special Daal Bucket,0.001,Kg,0.001,,0.1533,0.1526,recipe_cost_ideal_plaza.csv,Raw Mango Dosa,False,-0.5
Ideal Plaza,Kolkata,1,Raw Mango Dosa (MI),MI,1.0,No.,53,Sugar,0.001,Kg,0.001,,0.049,0.0519,recipe_cost_ideal_plaza.csv,Raw Mango Dosa,False,5.9
Ideal Plaza,Kolkata,250,Salt & Pepper Banana Chips (MI),MI,1.0,No.,477,Salt & Pepper Banana Chips  (1 Box= 200Gm),1.0,Pkt,1.0,,68.0864,68.0864,recipe_cost_ideal_plaza.csv,Salt & Pepper Banana Chips,False,0.0
Ideal Plaza,Kolkata,249,Spicy Banana Chips (MI),MI,1.0,No.,483,Spicy Banana Chips  (1 Box = 200Gm),1.0,Pkt,1.0,,72.4501,72.4501,recipe_cost_ideal_plaza.csv,Spicy Banana Chips,False,0.0
Ideal Plaza,Kolkata,248,Tomato Banana Chips (MI),MI,1.0,No.,479,Tomato Banana Chips (1 Box = 200Gm),1.0,Pkt,1.0,,72.4501,72.4501,recipe_cost_ideal_plaza.csv,Tomato Banana Chips,False,0.0
Ideal Plaza,Kolkata,233,Kesari Halwa (Complimentary) (MI),MI,1.0,No.,75,Ghee,0.025,Kg,0.025,,17.625,18.9418,recipe_cost_ideal_plaza.csv,Kesari Halwa (Complimentary),False,7.5
Ideal Plaza,Kolkata,233,Kesari Halwa (Complimentary) (MI),MI,1.0,No.,39,Cashew,0.001,Kg,0.001,,0.8382,0.8376,recipe_cost_ideal_plaza.csv,Kesari Halwa (Complimentary),False,-0.1
Ideal Plaza,Kolkata,233,Kesari Halwa (Complimentary) (MI),MI,1.0,No.,21,RO Water,0.094,Ltr,0.094,,,,recipe_cost_ideal_plaza.csv,Kesari Halwa (Complimentary),True,
Ideal Plaza,Kolkata,233,Kesari Halwa (Complimentary) (MI),MI,1.0,No.,9,Raisin,0.001,Kg,0.001,,0.394,0.4577,recipe_cost_ideal_plaza.csv,Kesari Halwa (Complimentary),False,16.2
Ideal Plaza,Kolkata,233,Kesari Halwa (Complimentary) (MI),MI,1.0,No.,217,Kesari Halwa Mix  (1pkt = 550gm),0.069,Kg,0.069,,4.7758,4.9542,recipe_cost_ideal_plaza.csv,Kesari Halwa (Complimentary),False,3.7
Ideal Plaza,Kolkata,233,Kesari Halwa (Complimentary) (MI),MI,1.0,No.,97,Paper Napkin (1pkt = 100pc),1.0,Pc,1.0,,0.2304,0.2356,recipe_cost_ideal_plaza.csv,Kesari Halwa (Complimentary),False,2.3
Ideal Plaza,Kolkata,233,Kesari Halwa (Complimentary) (MI),MI,1.0,No.,92,Banana Leaf Small (1bundle = 50pc),1.0,Pc,1.0,,1.25,1.25,recipe_cost_ideal_plaza.csv,Kesari Halwa (Complimentary),False,0.0
Ideal Plaza,Kolkata,104,Rava Dosa Batter Kit (1 Kg) (MI),MI,1.0,No.,213,Rava Powder Mix,0.25,Kg,0.25,,24.028,23.5612,recipe_cost_ideal_plaza.csv,Rava Dosa Batter Kit (1 Kg),False,-1.9
Ideal Plaza,Kolkata,104,Rava Dosa Batter Kit (1 Kg) (MI),MI,1.0,No.,21,RO Water,0.75,Ltr,0.75,,,,recipe_cost_ideal_plaza.csv,Rava Dosa Batter Kit (1 Kg),True,
Ideal Plaza,Kolkata,104,Rava Dosa Batter Kit (1 Kg) (MI),MI,1.0,No.,116,Raw Green Chili,0.006,Kg,0.006,,0.4465,0.4496,recipe_cost_ideal_plaza.csv,Rava Dosa Batter Kit (1 Kg),False,0.7
Ideal Plaza,Kolkata,104,Rava Dosa Batter Kit (1 Kg) (MI),MI,1.0,No.,108,Ginger,0.01,Kg,0.01,,1.3132,1.3115,recipe_cost_ideal_plaza.csv,Rava Dosa Batter Kit (1 Kg),False,-0.1
Ideal Plaza,Kolkata,104,Rava Dosa Batter Kit (1 Kg) (MI),MI,1.0,No.,131,Curry Leaves,0.002,Kg,0.002,,0.1416,0.1424,recipe_cost_ideal_plaza.csv,Rava Dosa Batter Kit (1 Kg),False,0.6
Ideal Plaza,Kolkata,104,Rava Dosa Batter Kit (1 Kg) (MI),MI,1.0,No.,33,Heeng Powder,1.0,gm,1.0,,1.5539,1.6249,recipe_cost_ideal_plaza.csv,Rava Dosa Batter Kit (1 Kg),False,4.6
Ideal Plaza,Kolkata,104,Rava Dosa Batter Kit (1 Kg) (MI),MI,1.0,No.,29,Salt,0.008,Kg,0.008,,0.2171,0.2164,recipe_cost_ideal_plaza.csv,Rava Dosa Batter Kit (1 Kg),False,-0.3
Ideal Plaza,Kolkata,104,Rava Dosa Batter Kit (1 Kg) (MI),MI,1.0,No.,24,Coconut Powder,6.0,gm,6.0,,,,recipe_cost_ideal_plaza.csv,Rava Dosa Batter Kit (1 Kg),True,
Ideal Plaza,Kolkata,104,Rava Dosa Batter Kit (1 Kg) (MI),MI,1.0,No.,77,Whole Black Pepper,2.0,gm,2.0,,1.7657,1.7609,recipe_cost_ideal_plaza.csv,Rava Dosa Batter Kit (1 Kg),False,-0.3
Ideal Plaza,Kolkata,104,Rava Dosa Batter Kit (1 Kg) (MI),MI,1.0,No.,204,Special White Coconut Chutney Bucket,0.5,Kg,0.5,,36.154,36.154,recipe_cost_ideal_plaza.csv,Rava Dosa Batter Kit (1 Kg),False,0.0
Ideal Plaza,Kolkata,104,Rava Dosa Batter Kit (1 Kg) (MI),MI,1.0,No.,184,Sambar Bucket,1.0,Ltr,1.0,,26.3567,24.9651,recipe_cost_ideal_plaza.csv,Rava Dosa Batter Kit (1 Kg),False,-5.3
Ideal Plaza,Kolkata,104,Rava Dosa Batter Kit (1 Kg) (MI),MI,1.0,No.,115,Coriander Leaves,0.004,Kg,0.004,,0.3995,0.4,recipe_cost_ideal_plaza.csv,Rava Dosa Batter Kit (1 Kg),False,0.1
Ideal Plaza,Kolkata,104,Rava Dosa Batter Kit (1 Kg) (MI),MI,1.0,No.,207,Special Daal Bucket,0.003,Kg,0.003,,0.46,0.4579,recipe_cost_ideal_plaza.csv,Rava Dosa Batter Kit (1 Kg),False,-0.5
Ideal Plaza,Kolkata,104,Rava Dosa Batter Kit (1 Kg) (MI),MI,1.0,No.,193,Malkapodi Bucket,0.1,Kg,0.1,,16.9326,16.492,recipe_cost_ideal_plaza.csv,Rava Dosa Batter Kit (1 Kg),False,-2.6
Ideal Plaza,Kolkata,104,Rava Dosa Batter Kit (1 Kg) (MI),MI,1.0,No.,446,Potato Masala Bucket Outlet,0.5,Kg,0.5,,21.3899,20.618,recipe_cost_ideal_plaza.csv,Rava Dosa Batter Kit (1 Kg),False,-3.6
Ideal Plaza,Kolkata,101,Dosa Batter Kit (1 Kg) (MI),MI,1.0,No.,190,Dosa Batter Mix,1.0,Kg,1.0,,32.787,31.2895,recipe_cost_ideal_plaza.csv,Dosa Batter Kit (1 Kg),False,-4.6
Ideal Plaza,Kolkata,101,Dosa Batter Kit (1 Kg) (MI),MI,1.0,No.,184,Sambar Bucket,1.0,Ltr,1.0,,26.3567,24.9651,recipe_cost_ideal_plaza.csv,Dosa Batter Kit (1 Kg),False,-5.3
Ideal Plaza,Kolkata,101,Dosa Batter Kit (1 Kg) (MI),MI,1.0,No.,204,Special White Coconut Chutney Bucket,0.5,Kg,0.5,,36.154,36.154,recipe_cost_ideal_plaza.csv,Dosa Batter Kit (1 Kg),False,0.0
Ideal Plaza,Kolkata,101,Dosa Batter Kit (1 Kg) (MI),MI,1.0,No.,446,Potato Masala Bucket Outlet,0.5,Kg,0.5,,21.3899,20.618,recipe_cost_ideal_plaza.csv,Dosa Batter Kit (1 Kg),False,-3.6
Ideal Plaza,Kolkata,101,Dosa Batter Kit (1 Kg) (MI),MI,1.0,No.,115,Coriander Leaves,0.003,Kg,0.003,,0.2997,0.3,recipe_cost_ideal_plaza.csv,Dosa Batter Kit (1 Kg),False,0.1
Ideal Plaza,Kolkata,101,Dosa Batter Kit (1 Kg) (MI),MI,1.0,No.,207,Special Daal Bucket,0.002,Kg,0.002,,0.3067,0.3053,recipe_cost_ideal_plaza.csv,Dosa Batter Kit (1 Kg),False,-0.5
Ideal Plaza,Kolkata,101,Dosa Batter Kit (1 Kg) (MI),MI,1.0,No.,193,Malkapodi Bucket,0.1,Kg,0.1,,16.9326,16.492,recipe_cost_ideal_plaza.csv,Dosa Batter Kit (1 Kg),False,-2.6
Ideal Plaza,Kolkata,230,Fresh Watermelon Juice (MI),MI,1.0,No.,97,Paper Napkin (1pkt = 100pc),1.0,Pc,1.0,,0.2304,0.2356,recipe_cost_ideal_plaza.csv,Fresh Watermelon Juice,False,2.3
Ideal Plaza,Kolkata,230,Fresh Watermelon Juice (MI),MI,1.0,No.,113,Paper Straw (1pkt = 100pc),1.0,Pc,1.0,,0.3879,0.3867,recipe_cost_ideal_plaza.csv,Fresh Watermelon Juice,False,-0.3
Ideal Plaza,Kolkata,230,Fresh Watermelon Juice (MI),MI,1.0,No.,416,Watermelon,0.9,Kg,0.9,,31.4828,31.4787,recipe_cost_ideal_plaza.csv,Fresh Watermelon Juice,False,-0.0
Ideal Plaza,Kolkata,142,Dosa Coffee Combo (MI),MI,1.0,No.,190,Dosa Batter Mix,0.1,Kg,0.1,,3.2787,3.1289,recipe_cost_ideal_plaza.csv,Dosa Coffee Combo,False,-4.6
Ideal Plaza,Kolkata,142,Dosa Coffee Combo (MI),MI,1.0,No.,218,Idli Pc Raw (1 Pkt =40pc),1.0,Pc,1.0,,2.0196,2.1091,recipe_cost_ideal_plaza.csv,Dosa Coffee Combo,False,4.4
Ideal Plaza,Kolkata,142,Dosa Coffee Combo (MI),MI,1.0,No.,191,Frozen Medu Vada (10pc),1.0,Pc,1.0,,4.9043,4.9043,recipe_cost_ideal_plaza.csv,Dosa Coffee Combo,False,0.0
Ideal Plaza,Kolkata,142,Dosa Coffee Combo (MI),MI,1.0,No.,12,Regular White Chutney Bucket (Inactive),0.1,Kg,0.1,,,,recipe_cost_ideal_plaza.csv,Dosa Coffee Combo,True,
Ideal Plaza,Kolkata,142,Dosa Coffee Combo (MI),MI,1.0,No.,115,Coriander Leaves,0.0043,Kg,0.0043,,0.4295,0.43,recipe_cost_ideal_plaza.csv,Dosa Coffee Combo,False,0.1
Ideal Plaza,Kolkata,142,Dosa Coffee Combo (MI),MI,1.0,No.,207,Special Daal Bucket,0.003,Kg,0.003,,0.46,0.4579,recipe_cost_ideal_plaza.csv,Dosa Coffee Combo,False,-0.5
Ideal Plaza,Kolkata,142,Dosa Coffee Combo (MI),MI,1.0,No.,43,Sunflower Refined Oil  ( 1pkt = 868 Ml ),0.01,Ltr,0.01,,1.504,1.6896,recipe_cost_ideal_plaza.csv,Dosa Coffee Combo,False,12.3
Ideal Plaza,Kolkata,142,Dosa Coffee Combo (MI),MI,1.0,No.,97,Paper Napkin (1pkt = 100pc),2.0,Pc,2.0,,0.4608,0.4712,recipe_cost_ideal_plaza.csv,Dosa Coffee Combo,False,2.3
Ideal Plaza,Kolkata,142,Dosa Coffee Combo (MI),MI,1.0,No.,93,Bio-Degradable Spoon (1pkt = 50pc),1.0,Pc,1.0,,1.1829,1.2494,recipe_cost_ideal_plaza.csv,Dosa Coffee Combo,False,5.6
Ideal Plaza,Kolkata,142,Dosa Coffee Combo (MI),MI,1.0,No.,84,Banana Leaf Big (1bundle = 50pc),1.0,Pc,1.0,,1.7038,1.8032,recipe_cost_ideal_plaza.csv,Dosa Coffee Combo,False,5.8
Ideal Plaza,Kolkata,142,Dosa Coffee Combo (MI),MI,1.0,No.,178,Potato Masala Bucket,0.1,Kg,0.1,,3.5321,3.5321,recipe_cost_ideal_plaza.csv,Dosa Coffee Combo,False,0.0
Ideal Plaza,Kolkata,142,Dosa Coffee Combo (MI),MI,1.0,No.,47,Fried Chana Daal,0.0179,Kg,0.0179,,1.8527,1.747,recipe_cost_ideal_plaza.csv,Dosa Coffee Combo,False,-5.7
Ideal Plaza,Kolkata,142,Dosa Coffee Combo (MI),MI,1.0,No.,229,Coconut Shredded,0.025,Kg,0.025,,3.5377,3.5377,recipe_cost_ideal_plaza.csv,Dosa Coffee Combo,False,0.0
Ideal Plaza,Kolkata,142,Dosa Coffee Combo (MI),MI,1.0,No.,108,Ginger,0.0011,Kg,0.0011,,0.1445,0.1443,recipe_cost_ideal_plaza.csv,Dosa Coffee Combo,False,-0.1
Ideal Plaza,Kolkata,142,Dosa Coffee Combo (MI),MI,1.0,No.,329,Imli Water,0.0036,Ltr,0.0036,,0.0917,0.0902,recipe_cost_ideal_plaza.csv,Dosa Coffee Combo,False,-1.6
Ideal Plaza,Kolkata,142,Dosa Coffee Combo (MI),MI,1.0,No.,328,Spicy Coconut Chutney Mix 1Pkt (16gm),0.0023,Kg,0.0023,,0.36,0.36,recipe_cost_ideal_plaza.csv,Dosa Coffee Combo,False,0.0
Ideal Plaza,Kolkata,142,Dosa Coffee Combo (MI),MI,1.0,No.,116,Raw Green Chili,0.0029,Kg,0.0029,,0.2158,0.2173,recipe_cost_ideal_plaza.csv,Dosa Coffee Combo,False,0.7
Ideal Plaza,Kolkata,142,Dosa Coffee Combo (MI),MI,1.0,No.,21,RO Water,0.0536,Ltr,0.0536,,,,recipe_cost_ideal_plaza.csv,Dosa Coffee Combo,True,
Ideal Plaza,Kolkata,143,Masala Dosa Combo (MI),MI,1.0,No.,190,Dosa Batter Mix,0.12,Kg,0.12,,3.9344,3.7547,recipe_cost_ideal_plaza.csv,Masala Dosa Combo,False,-4.6
Ideal Plaza,Kolkata,143,Masala Dosa Combo (MI),MI,1.0,No.,186,Spicy Coconut Chutney Bucket,0.1,Kg,0.1,,4.654,4.653,recipe_cost_ideal_plaza.csv,Masala Dosa Combo,False,-0.0
Ideal Plaza,Kolkata,143,Masala Dosa Combo (MI),MI,1.0,No.,184,Sambar Bucket,0.15,Ltr,0.15,,3.9535,3.7448,recipe_cost_ideal_plaza.csv,Masala Dosa Combo,False,-5.3
Ideal Plaza,Kolkata,143,Masala Dosa Combo (MI),MI,1.0,No.,207,Special Daal Bucket,0.003,Kg,0.003,,0.46,0.4579,recipe_cost_ideal_plaza.csv,Masala Dosa Combo,False,-0.5
Ideal Plaza,Kolkata,143,Masala Dosa Combo (MI),MI,1.0,No.,115,Coriander Leaves,0.0053,Kg,0.0053,,0.5294,0.53,recipe_cost_ideal_plaza.csv,Masala Dosa Combo,False,0.1
Ideal Plaza,Kolkata,143,Masala Dosa Combo (MI),MI,1.0,No.,43,Sunflower Refined Oil  ( 1pkt = 868 Ml ),0.01,Ltr,0.01,,1.504,1.6896,recipe_cost_ideal_plaza.csv,Masala Dosa Combo,False,12.3
Ideal Plaza,Kolkata,143,Masala Dosa Combo (MI),MI,1.0,No.,178,Potato Masala Bucket,0.075,Kg,0.075,,2.6491,2.6491,recipe_cost_ideal_plaza.csv,Masala Dosa Combo,False,0.0
Ideal Plaza,Kolkata,143,Masala Dosa Combo (MI),MI,1.0,No.,121,Paper Tray Mat (1pkt = 500pc),1.0,Pc,1.0,,,,recipe_cost_ideal_plaza.csv,Masala Dosa Combo,True,
Ideal Plaza,Kolkata,143,Masala Dosa Combo (MI),MI,1.0,No.,97,Paper Napkin (1pkt = 100pc),1.0,Pc,1.0,,0.2304,0.2356,recipe_cost_ideal_plaza.csv,Masala Dosa Combo,False,2.3
Ideal Plaza,Kolkata,143,Masala Dosa Combo (MI),MI,1.0,No.,93,Bio-Degradable Spoon (1pkt = 50pc),1.0,Pc,1.0,,1.1829,1.2494,recipe_cost_ideal_plaza.csv,Masala Dosa Combo,False,5.6
Ideal Plaza,Kolkata,143,Masala Dosa Combo (MI),MI,1.0,No.,84,Banana Leaf Big (1bundle = 50pc),1.0,Pc,1.0,,1.7038,1.8032,recipe_cost_ideal_plaza.csv,Masala Dosa Combo,False,5.8
Ideal Plaza,Kolkata,143,Masala Dosa Combo (MI),MI,1.0,No.,47,Fried Chana Daal,0.0339,Kg,0.0339,,3.5088,3.3087,recipe_cost_ideal_plaza.csv,Masala Dosa Combo,False,-5.7
Ideal Plaza,Kolkata,143,Masala Dosa Combo (MI),MI,1.0,No.,229,Coconut Shredded,0.048,Kg,0.048,,6.7924,6.7924,recipe_cost_ideal_plaza.csv,Masala Dosa Combo,False,0.0
Ideal Plaza,Kolkata,143,Masala Dosa Combo (MI),MI,1.0,No.,108,Ginger,0.0021,Kg,0.0021,,0.2758,0.2754,recipe_cost_ideal_plaza.csv,Masala Dosa Combo,False,-0.1
Ideal Plaza,Kolkata,143,Masala Dosa Combo (MI),MI,1.0,No.,116,Raw Green Chili,0.0039,Kg,0.0039,,0.2902,0.2922,recipe_cost_ideal_plaza.csv,Masala Dosa Combo,False,0.7
Ideal Plaza,Kolkata,143,Masala Dosa Combo (MI),MI,1.0,No.,53,Sugar,0.001,Kg,0.001,,0.049,0.0519,recipe_cost_ideal_plaza.csv,Masala Dosa Combo,False,5.9
Ideal Plaza,Kolkata,143,Masala Dosa Combo (MI),MI,1.0,No.,29,Salt,0.002,Kg,0.002,,0.0543,0.0541,recipe_cost_ideal_plaza.csv,Masala Dosa Combo,False,-0.4
Ideal Plaza,Kolkata,143,Masala Dosa Combo (MI),MI,1.0,No.,21,RO Water,0.1186,Ltr,0.1186,,,,recipe_cost_ideal_plaza.csv,Masala Dosa Combo,True,
Ideal Plaza,Kolkata,143,Masala Dosa Combo (MI),MI,1.0,No.,329,Imli Water,0.0036,Ltr,0.0036,,0.0917,0.0902,recipe_cost_ideal_plaza.csv,Masala Dosa Combo,False,-1.6
Ideal Plaza,Kolkata,143,Masala Dosa Combo (MI),MI,1.0,No.,328,Spicy Coconut Chutney Mix 1Pkt (16gm),0.0023,Kg,0.0023,,0.36,0.36,recipe_cost_ideal_plaza.csv,Masala Dosa Combo,False,0.0
Ideal Plaza,Kolkata,137,Uttapam Combo (MI),MI,1.0,No.,218,Idli Pc Raw (1 Pkt =40pc),3.0,Pc,3.0,,6.0587,6.3273,recipe_cost_ideal_plaza.csv,Uttapam Combo,False,4.4
Ideal Plaza,Kolkata,137,Uttapam Combo (MI),MI,1.0,No.,190,Dosa Batter Mix,0.15,Kg,0.15,,4.9181,4.6934,recipe_cost_ideal_plaza.csv,Uttapam Combo,False,-4.6
Ideal Plaza,Kolkata,137,Uttapam Combo (MI),MI,1.0,No.,132,Onion,0.15,Kg,0.15,,6.3792,5.4468,recipe_cost_ideal_plaza.csv,Uttapam Combo,False,-14.6
Ideal Plaza,Kolkata,137,Uttapam Combo (MI),MI,1.0,No.,99,Green Capsicum,0.15,Kg,0.15,,10.0957,9.8263,recipe_cost_ideal_plaza.csv,Uttapam Combo,False,-2.7
Ideal Plaza,Kolkata,137,Uttapam Combo (MI),MI,1.0,No.,107,Carrot,0.15,Kg,0.15,,6.2027,6.1492,recipe_cost_ideal_plaza.csv,Uttapam Combo,False,-0.9
Ideal Plaza,Kolkata,137,Uttapam Combo (MI),MI,1.0,No.,141,Tomato,0.15,Kg,0.15,,6.0208,5.9995,recipe_cost_ideal_plaza.csv,Uttapam Combo,False,-0.4
Ideal Plaza,Kolkata,137,Uttapam Combo (MI),MI,1.0,No.,208,Chaat Masala Bucket,0.002,Kg,0.002,,0.7162,0.6925,recipe_cost_ideal_plaza.csv,Uttapam Combo,False,-3.3
Ideal Plaza,Kolkata,137,Uttapam Combo (MI),MI,1.0,No.,184,Sambar Bucket,0.2,Ltr,0.2,,5.2713,4.993,recipe_cost_ideal_plaza.csv,Uttapam Combo,False,-5.3
Ideal Plaza,Kolkata,137,Uttapam Combo (MI),MI,1.0,No.,115,Coriander Leaves,0.0031,Kg,0.0031,,0.3096,0.31,recipe_cost_ideal_plaza.csv,Uttapam Combo,False,0.1
Ideal Plaza,Kolkata,137,Uttapam Combo (MI),MI,1.0,No.,207,Special Daal Bucket,0.001,Kg,0.001,,0.1533,0.1526,recipe_cost_ideal_plaza.csv,Uttapam Combo,False,-0.5
Ideal Plaza,Kolkata,137,Uttapam Combo (MI),MI,1.0,No.,43,Sunflower Refined Oil  ( 1pkt = 868 Ml ),0.026,Ltr,0.026,,3.9103,4.3929,recipe_cost_ideal_plaza.csv,Uttapam Combo,False,12.3
Ideal Plaza,Kolkata,137,Uttapam Combo (MI),MI,1.0,No.,121,Paper Tray Mat (1pkt = 500pc),1.0,Pc,1.0,,,,recipe_cost_ideal_plaza.csv,Uttapam Combo,True,
Ideal Plaza,Kolkata,137,Uttapam Combo (MI),MI,1.0,No.,97,Paper Napkin (1pkt = 100pc),1.0,Pc,1.0,,0.2304,0.2356,recipe_cost_ideal_plaza.csv,Uttapam Combo,False,2.3
Ideal Plaza,Kolkata,137,Uttapam Combo (MI),MI,1.0,No.,93,Bio-Degradable Spoon (1pkt = 50pc),1.0,Pc,1.0,,1.1829,1.2494,recipe_cost_ideal_plaza.csv,Uttapam Combo,False,5.6
Ideal Plaza,Kolkata,137,Uttapam Combo (MI),MI,1.0,No.,84,Banana Leaf Big (1bundle = 50pc),1.0,Pc,1.0,,1.7038,1.8032,recipe_cost_ideal_plaza.csv,Uttapam Combo,False,5.8
Ideal Plaza,Kolkata,137,Uttapam Combo (MI),MI,1.0,No.,229,Coconut Shredded,0.0455,Kg,0.0455,,6.4386,6.4386,recipe_cost_ideal_plaza.csv,Uttapam Combo,False,0.0
Ideal Plaza,Kolkata,137,Uttapam Combo (MI),MI,1.0,No.,128,Paper Food Container - 100ml (1pkt = 50pc),1.0,Pc,1.0,,,,recipe_cost_ideal_plaza.csv,Uttapam Combo,True,
Ideal Plaza,Kolkata,137,Uttapam Combo (MI),MI,1.0,No.,4,Cothas Coffee Powder,0.014,Kg,0.014,,11.7961,12.0563,recipe_cost_ideal_plaza.csv,Uttapam Combo,False,2.2
Ideal Plaza,Kolkata,137,Uttapam Combo (MI),MI,1.0,No.,76,Milk - Tetra 1Ltr,0.09,Ltr,0.09,,6.842,6.9754,recipe_cost_ideal_plaza.csv,Uttapam Combo,False,1.9
Ideal Plaza,Kolkata,137,Uttapam Combo (MI),MI,1.0,No.,31,White Sugar Sachet (1pkt = 200pc),2.0,Pc,2.0,,0.8613,0.8496,recipe_cost_ideal_plaza.csv,Uttapam Combo,False,-1.4
Ideal Plaza,Kolkata,137,Uttapam Combo (MI),MI,1.0,No.,96,Hot Coffee Cup With Lid - 200ml (1pkt = 25pc),1.0,Pc,1.0,,,,recipe_cost_ideal_plaza.csv,Uttapam Combo,True,
Ideal Plaza,Kolkata,137,Uttapam Combo (MI),MI,1.0,No.,114,Wooden Stirrer (1pkt = 100pc),1.0,Pc,1.0,,0.1346,0.1317,recipe_cost_ideal_plaza.csv,Uttapam Combo,False,-2.2
Ideal Plaza,Kolkata,137,Uttapam Combo (MI),MI,1.0,No.,235,Raw Curd,0.01,Kg,0.01,,0.7074,0.714,recipe_cost_ideal_plaza.csv,Uttapam Combo,False,0.9
Ideal Plaza,Kolkata,137,Uttapam Combo (MI),MI,1.0,No.,310,Dahi Bucket Mix (1pkt =105gm),0.01,Kg,0.01,,0.633,0.6685,recipe_cost_ideal_plaza.csv,Uttapam Combo,False,5.6
Ideal Plaza,Kolkata,137,Uttapam Combo (MI),MI,1.0,No.,32,Whole Cumin,0.001,Kg,0.001,,0.5709,0.4807,recipe_cost_ideal_plaza.csv,Uttapam Combo,False,-15.8
Ideal Plaza,Kolkata,137,Uttapam Combo (MI),MI,1.0,No.,131,Curry Leaves,0.001,Kg,0.001,,0.0708,0.0712,recipe_cost_ideal_plaza.csv,Uttapam Combo,False,0.6
Ideal Plaza,Kolkata,137,Uttapam Combo (MI),MI,1.0,No.,108,Ginger,0.0065,Kg,0.0065,,0.8536,0.8525,recipe_cost_ideal_plaza.csv,Uttapam Combo,False,-0.1
Ideal Plaza,Kolkata,137,Uttapam Combo (MI),MI,1.0,No.,116,Raw Green Chili,0.0034,Kg,0.0034,,0.253,0.2548,recipe_cost_ideal_plaza.csv,Uttapam Combo,False,0.7
Ideal Plaza,Kolkata,137,Uttapam Combo (MI),MI,1.0,No.,47,Fried Chana Daal,0.0249,Kg,0.0249,,2.5773,2.4303,recipe_cost_ideal_plaza.csv,Uttapam Combo,False,-5.7
Ideal Plaza,Kolkata,137,Uttapam Combo (MI),MI,1.0,No.,53,Sugar,0.001,Kg,0.001,,0.049,0.0519,recipe_cost_ideal_plaza.csv,Uttapam Combo,False,5.9
Ideal Plaza,Kolkata,137,Uttapam Combo (MI),MI,1.0,No.,29,Salt,0.002,Kg,0.002,,0.0543,0.0541,recipe_cost_ideal_plaza.csv,Uttapam Combo,False,-0.4
Ideal Plaza,Kolkata,137,Uttapam Combo (MI),MI,1.0,No.,21,RO Water,0.0918,Ltr,0.0918,,,,recipe_cost_ideal_plaza.csv,Uttapam Combo,True,
Ideal Plaza,Kolkata,137,Uttapam Combo (MI),MI,1.0,No.,329,Imli Water,0.0018,Ltr,0.0018,,0.0459,0.0451,recipe_cost_ideal_plaza.csv,Uttapam Combo,False,-1.7
Ideal Plaza,Kolkata,137,Uttapam Combo (MI),MI,1.0,No.,328,Spicy Coconut Chutney Mix 1Pkt (16gm),0.0011,Kg,0.0011,,0.1722,0.1722,recipe_cost_ideal_plaza.csv,Uttapam Combo,False,0.0
Ideal Plaza,Kolkata,141,Paper Dosa Combo (MI),MI,1.0,No.,190,Dosa Batter Mix,0.18,Kg,0.18,,5.9017,5.6321,recipe_cost_ideal_plaza.csv,Paper Dosa Combo,False,-4.6
Ideal Plaza,Kolkata,141,Paper Dosa Combo (MI),MI,1.0,No.,218,Idli Pc Raw (1 Pkt =40pc),2.0,Pc,2.0,,4.0391,4.2182,recipe_cost_ideal_plaza.csv,Paper Dosa Combo,False,4.4
Ideal Plaza,Kolkata,141,Paper Dosa Combo (MI),MI,1.0,No.,115,Coriander Leaves,0.0031,Kg,0.0031,,0.3096,0.31,recipe_cost_ideal_plaza.csv,Paper Dosa Combo,False,0.1
Ideal Plaza,Kolkata,141,Paper Dosa Combo (MI),MI,1.0,No.,207,Special Daal Bucket,0.002,Kg,0.002,,0.3067,0.3053,recipe_cost_ideal_plaza.csv,Paper Dosa Combo,False,-0.5
Ideal Plaza,Kolkata,141,Paper Dosa Combo (MI),MI,1.0,No.,184,Sambar Bucket,0.15,Ltr,0.15,,3.9535,3.7448,recipe_cost_ideal_plaza.csv,Paper Dosa Combo,False,-5.3
Ideal Plaza,Kolkata,141,Paper Dosa Combo (MI),MI,1.0,No.,43,Sunflower Refined Oil  ( 1pkt = 868 Ml ),0.023,Ltr,0.023,,3.4591,3.886,recipe_cost_ideal_plaza.csv,Paper Dosa Combo,False,12.3
Ideal Plaza,Kolkata,141,Paper Dosa Combo (MI),MI,1.0,No.,178,Potato Masala Bucket,0.075,Kg,0.075,,2.6491,2.6491,recipe_cost_ideal_plaza.csv,Paper Dosa Combo,False,0.0
Ideal Plaza,Kolkata,141,Paper Dosa Combo (MI),MI,1.0,No.,121,Paper Tray Mat (1pkt = 500pc),1.0,Pc,1.0,,,,recipe_cost_ideal_plaza.csv,Paper Dosa Combo,True,
Ideal Plaza,Kolkata,141,Paper Dosa Combo (MI),MI,1.0,No.,97,Paper Napkin (1pkt = 100pc),1.0,Pc,1.0,,0.2304,0.2356,recipe_cost_ideal_plaza.csv,Paper Dosa Combo,False,2.3
Ideal Plaza,Kolkata,141,Paper Dosa Combo (MI),MI,1.0,No.,93,Bio-Degradable Spoon (1pkt = 50pc),1.0,Pc,1.0,,1.1829,1.2494,recipe_cost_ideal_plaza.csv,Paper Dosa Combo,False,5.6
Ideal Plaza,Kolkata,141,Paper Dosa Combo (MI),MI,1.0,No.,84,Banana Leaf Big (1bundle = 50pc),1.0,Pc,1.0,,1.7038,1.8032,recipe_cost_ideal_plaza.csv,Paper Dosa Combo,False,5.8
Ideal Plaza,Kolkata,141,Paper Dosa Combo (MI),MI,1.0,No.,128,Paper Food Container - 100ml (1pkt = 50pc),1.0,Pc,1.0,,,,recipe_cost_ideal_plaza.csv,Paper Dosa Combo,True,
Ideal Plaza,Kolkata,141,Paper Dosa Combo (MI),MI,1.0,No.,235,Raw Curd,0.05,Kg,0.05,,3.5368,3.57,recipe_cost_ideal_plaza.csv,Paper Dosa Combo,False,0.9
Ideal Plaza,Kolkata,141,Paper Dosa Combo (MI),MI,1.0,No.,310,Dahi Bucket Mix (1pkt =105gm),0.005,Kg,0.005,,0.3165,0.3342,recipe_cost_ideal_plaza.csv,Paper Dosa Combo,False,5.6
Ideal Plaza,Kolkata,141,Paper Dosa Combo (MI),MI,1.0,No.,32,Whole Cumin,0.001,Kg,0.001,,0.5709,0.4807,recipe_cost_ideal_plaza.csv,Paper Dosa Combo,False,-15.8
Ideal Plaza,Kolkata,141,Paper Dosa Combo (MI),MI,1.0,No.,131,Curry Leaves,0.001,Kg,0.001,,0.0708,0.0712,recipe_cost_ideal_plaza.csv,Paper Dosa Combo,False,0.6
Ideal Plaza,Kolkata,141,Paper Dosa Combo (MI),MI,1.0,No.,108,Ginger,0.0065,Kg,0.0065,,0.8536,0.8525,recipe_cost_ideal_plaza.csv,Paper Dosa Combo,False,-0.1
Ideal Plaza,Kolkata,141,Paper Dosa Combo (MI),MI,1.0,No.,116,Raw Green Chili,0.0074,Kg,0.0074,,0.5506,0.5545,recipe_cost_ideal_plaza.csv,Paper Dosa Combo,False,0.7
Ideal Plaza,Kolkata,141,Paper Dosa Combo (MI),MI,1.0,No.,47,Fried Chana Daal,0.0889,Kg,0.0889,,9.2016,8.6767,recipe_cost_ideal_plaza.csv,Paper Dosa Combo,False,-5.7
Ideal Plaza,Kolkata,141,Paper Dosa Combo (MI),MI,1.0,No.,229,Coconut Shredded,0.1275,Kg,0.1275,,18.0422,18.0422,recipe_cost_ideal_plaza.csv,Paper Dosa Combo,False,0.0
Ideal Plaza,Kolkata,141,Paper Dosa Combo (MI),MI,1.0,No.,29,Salt,0.01,Kg,0.01,,0.2713,0.2705,recipe_cost_ideal_plaza.csv,Paper Dosa Combo,False,-0.3
Ideal Plaza,Kolkata,141,Paper Dosa Combo (MI),MI,1.0,No.,21,RO Water,0.3518,Ltr,0.3518,,,,recipe_cost_ideal_plaza.csv,Paper Dosa Combo,True,
Ideal Plaza,Kolkata,141,Paper Dosa Combo (MI),MI,1.0,No.,53,Sugar,0.005,Kg,0.005,,0.2451,0.2594,recipe_cost_ideal_plaza.csv,Paper Dosa Combo,False,5.8
Ideal Plaza,Kolkata,141,Paper Dosa Combo (MI),MI,1.0,No.,329,Imli Water,0.0018,Ltr,0.0018,,0.0459,0.0451,recipe_cost_ideal_plaza.csv,Paper Dosa Combo,False,-1.7
Ideal Plaza,Kolkata,141,Paper Dosa Combo (MI),MI,1.0,No.,328,Spicy Coconut Chutney Mix 1Pkt (16gm),0.0011,Kg,0.0011,,0.1722,0.1722,recipe_cost_ideal_plaza.csv,Paper Dosa Combo,False,0.0
Ideal Plaza,Kolkata,136,Breakfast Combo (MI),MI,1.0,No.,218,Idli Pc Raw (1 Pkt =40pc),1.0,Pc,1.0,,2.0196,2.1091,recipe_cost_ideal_plaza.csv,Breakfast Combo,False,4.4
Ideal Plaza,Kolkata,136,Breakfast Combo (MI),MI,1.0,No.,191,Frozen Medu Vada (10pc),1.0,Pc,1.0,,4.9043,4.9043,recipe_cost_ideal_plaza.csv,Breakfast Combo,False,0.0
Ideal Plaza,Kolkata,136,Breakfast Combo (MI),MI,1.0,No.,184,Sambar Bucket,0.15,Ltr,0.15,,3.9535,3.7448,recipe_cost_ideal_plaza.csv,Breakfast Combo,False,-5.3
Ideal Plaza,Kolkata,136,Breakfast Combo (MI),MI,1.0,No.,115,Coriander Leaves,0.0031,Kg,0.0031,,0.3096,0.31,recipe_cost_ideal_plaza.csv,Breakfast Combo,False,0.1
Ideal Plaza,Kolkata,136,Breakfast Combo (MI),MI,1.0,No.,207,Special Daal Bucket,0.003,Kg,0.003,,0.46,0.4579,recipe_cost_ideal_plaza.csv,Breakfast Combo,False,-0.5
Ideal Plaza,Kolkata,136,Breakfast Combo (MI),MI,1.0,No.,222,Upma Mix (1pkt = 300gm),0.03,Kg,0.03,,2.5991,2.5826,recipe_cost_ideal_plaza.csv,Breakfast Combo,False,-0.6
Ideal Plaza,Kolkata,136,Breakfast Combo (MI),MI,1.0,No.,21,RO Water,0.1618,Ltr,0.1618,,,,recipe_cost_ideal_plaza.csv,Breakfast Combo,True,
Ideal Plaza,Kolkata,136,Breakfast Combo (MI),MI,1.0,No.,116,Raw Green Chili,0.0034,Kg,0.0034,,0.253,0.2548,recipe_cost_ideal_plaza.csv,Breakfast Combo,False,0.7
Ideal Plaza,Kolkata,136,Breakfast Combo (MI),MI,1.0,No.,132,Onion,0.01,Kg,0.01,,0.4253,0.3631,recipe_cost_ideal_plaza.csv,Breakfast Combo,False,-14.6
Ideal Plaza,Kolkata,136,Breakfast Combo (MI),MI,1.0,No.,141,Tomato,0.01,Kg,0.01,,0.4014,0.4,recipe_cost_ideal_plaza.csv,Breakfast Combo,False,-0.3
Ideal Plaza,Kolkata,136,Breakfast Combo (MI),MI,1.0,No.,91,Milk (Adya Dairy),0.05,Ltr,0.05,,3.0543,3.0927,recipe_cost_ideal_plaza.csv,Breakfast Combo,False,1.3
Ideal Plaza,Kolkata,136,Breakfast Combo (MI),MI,1.0,No.,75,Ghee,2.0,gm,2.0,,1.41,1.5153,recipe_cost_ideal_plaza.csv,Breakfast Combo,False,7.5
Ideal Plaza,Kolkata,136,Breakfast Combo (MI),MI,1.0,No.,121,Paper Tray Mat (1pkt = 500pc),1.0,Pc,1.0,,,,recipe_cost_ideal_plaza.csv,Breakfast Combo,True,
Ideal Plaza,Kolkata,136,Breakfast Combo (MI),MI,1.0,No.,93,Bio-Degradable Spoon (1pkt = 50pc),1.0,Pc,1.0,,1.1829,1.2494,recipe_cost_ideal_plaza.csv,Breakfast Combo,False,5.6
Ideal Plaza,Kolkata,136,Breakfast Combo (MI),MI,1.0,No.,84,Banana Leaf Big (1bundle = 50pc),1.0,Pc,1.0,,1.7038,1.8032,recipe_cost_ideal_plaza.csv,Breakfast Combo,False,5.8
Ideal Plaza,Kolkata,136,Breakfast Combo (MI),MI,1.0,No.,4,Cothas Coffee Powder,0.014,Kg,0.014,,11.7961,12.0563,recipe_cost_ideal_plaza.csv,Breakfast Combo,False,2.2
Ideal Plaza,Kolkata,136,Breakfast Combo (MI),MI,1.0,No.,76,Milk - Tetra 1Ltr,0.09,Ltr,0.09,,6.842,6.9754,recipe_cost_ideal_plaza.csv,Breakfast Combo,False,1.9
Ideal Plaza,Kolkata,136,Breakfast Combo (MI),MI,1.0,No.,31,White Sugar Sachet (1pkt = 200pc),2.0,Pc,2.0,,0.8613,0.8496,recipe_cost_ideal_plaza.csv,Breakfast Combo,False,-1.4
Ideal Plaza,Kolkata,136,Breakfast Combo (MI),MI,1.0,No.,96,Hot Coffee Cup With Lid - 200ml (1pkt = 25pc),1.0,Pc,1.0,,,,recipe_cost_ideal_plaza.csv,Breakfast Combo,True,
Ideal Plaza,Kolkata,136,Breakfast Combo (MI),MI,1.0,No.,114,Wooden Stirrer (1pkt = 100pc),1.0,Pc,1.0,,0.1346,0.1317,recipe_cost_ideal_plaza.csv,Breakfast Combo,False,-2.2
Ideal Plaza,Kolkata,136,Breakfast Combo (MI),MI,1.0,No.,47,Fried Chana Daal,0.0249,Kg,0.0249,,2.5773,2.4303,recipe_cost_ideal_plaza.csv,Breakfast Combo,False,-5.7
Ideal Plaza,Kolkata,136,Breakfast Combo (MI),MI,1.0,No.,229,Coconut Shredded,0.0355,Kg,0.0355,,5.0235,5.0235,recipe_cost_ideal_plaza.csv,Breakfast Combo,False,0.0
Ideal Plaza,Kolkata,136,Breakfast Combo (MI),MI,1.0,No.,108,Ginger,0.0015,Kg,0.0015,,0.197,0.1967,recipe_cost_ideal_plaza.csv,Breakfast Combo,False,-0.2
Ideal Plaza,Kolkata,136,Breakfast Combo (MI),MI,1.0,No.,53,Sugar,0.001,Kg,0.001,,0.049,0.0519,recipe_cost_ideal_plaza.csv,Breakfast Combo,False,5.9
Ideal Plaza,Kolkata,136,Breakfast Combo (MI),MI,1.0,No.,29,Salt,0.002,Kg,0.002,,0.0543,0.0541,recipe_cost_ideal_plaza.csv,Breakfast Combo,False,-0.4
Ideal Plaza,Kolkata,136,Breakfast Combo (MI),MI,1.0,No.,329,Imli Water,0.0018,Ltr,0.0018,,0.0459,0.0451,recipe_cost_ideal_plaza.csv,Breakfast Combo,False,-1.7
Ideal Plaza,Kolkata,136,Breakfast Combo (MI),MI,1.0,No.,328,Spicy Coconut Chutney Mix 1Pkt (16gm),0.0011,Kg,0.0011,,0.1722,0.1722,recipe_cost_ideal_plaza.csv,Breakfast Combo,False,0.0
Ideal Plaza,Kolkata,225,Dhaniya Chutney (MI),MI,1.0,No.,179,Dhaniya Chutney Bucket,0.1,Kg,0.1,,8.7713,8.7665,recipe_cost_ideal_plaza.csv,Dhaniya Chutney,False,-0.1
Ideal Plaza,Kolkata,225,Dhaniya Chutney (MI),MI,1.0,No.,207,Special Daal Bucket,0.002,Kg,0.002,,0.3067,0.3053,recipe_cost_ideal_plaza.csv,Dhaniya Chutney,False,-0.5
Ideal Plaza,Kolkata,227,Garlic Chutney (MI),MI,1.0,No.,202,Garlic Chutney Bucket,0.1,Kg,0.1,,25.3363,25.8484,recipe_cost_ideal_plaza.csv,Garlic Chutney,False,2.0
Ideal Plaza,Kolkata,227,Garlic Chutney (MI),MI,1.0,No.,207,Special Daal Bucket,0.002,Kg,0.002,,0.3067,0.3053,recipe_cost_ideal_plaza.csv,Garlic Chutney,False,-0.5
Ideal Plaza,Kolkata,221,Comp - Rasam & Papad (MI),MI,1.0,No.,177,Rasam Bucket,0.15,Ltr,0.15,,5.2409,5.5534,recipe_cost_ideal_plaza.csv,Comp - Rasam & Papad,False,6.0
Ideal Plaza,Kolkata,221,Comp - Rasam & Papad (MI),MI,1.0,No.,115,Coriander Leaves,0.001,Kg,0.001,,0.0999,0.1,recipe_cost_ideal_plaza.csv,Comp - Rasam & Papad,False,0.1
Ideal Plaza,Kolkata,221,Comp - Rasam & Papad (MI),MI,1.0,No.,30,Appalam Papad (1pkt = 47pc),1.0,Pc,1.0,,3.8225,3.7801,recipe_cost_ideal_plaza.csv,Comp - Rasam & Papad,False,-1.1
Ideal Plaza,Kolkata,64,Appam with Stew (MI),MI,1.0,No.,198,Appam Batter,0.2,Kg,0.2,,7.3062,7.3062,recipe_cost_ideal_plaza.csv,Appam with Stew,False,0.0
Ideal Plaza,Kolkata,64,Appam with Stew (MI),MI,1.0,No.,75,Ghee,10.0,gm,10.0,,7.05,7.5767,recipe_cost_ideal_plaza.csv,Appam with Stew,False,7.5
Ideal Plaza,Kolkata,64,Appam with Stew (MI),MI,1.0,No.,97,Paper Napkin (1pkt = 100pc),1.0,Pc,1.0,,0.2304,0.2356,recipe_cost_ideal_plaza.csv,Appam with Stew,False,2.3
Ideal Plaza,Kolkata,64,Appam with Stew (MI),MI,1.0,No.,274,Raw Potato,0.045,Kg,0.045,,0.8917,0.8417,recipe_cost_ideal_plaza.csv,Appam with Stew,False,-5.6
Ideal Plaza,Kolkata,64,Appam with Stew (MI),MI,1.0,No.,132,Onion,0.03,Kg,0.03,,1.2758,1.0894,recipe_cost_ideal_plaza.csv,Appam with Stew,False,-14.6
Ideal Plaza,Kolkata,64,Appam with Stew (MI),MI,1.0,No.,108,Ginger,0.006,Kg,0.006,,0.7879,0.7869,recipe_cost_ideal_plaza.csv,Appam with Stew,False,-0.1
Ideal Plaza,Kolkata,64,Appam with Stew (MI),MI,1.0,No.,116,Raw Green Chili,0.002,Kg,0.002,,0.1488,0.1499,recipe_cost_ideal_plaza.csv,Appam with Stew,False,0.7
Ideal Plaza,Kolkata,64,Appam with Stew (MI),MI,1.0,No.,131,Curry Leaves,0.001,Kg,0.001,,0.0708,0.0712,recipe_cost_ideal_plaza.csv,Appam with Stew,False,0.6
Ideal Plaza,Kolkata,64,Appam with Stew (MI),MI,1.0,No.,21,RO Water,0.07,Ltr,0.07,,,,recipe_cost_ideal_plaza.csv,Appam with Stew,True,
Ideal Plaza,Kolkata,64,Appam with Stew (MI),MI,1.0,No.,306,Coconut Milk Pkt 200ml,0.05,Ltr,0.05,,16.5767,16.5767,recipe_cost_ideal_plaza.csv,Appam with Stew,False,0.0
Ideal Plaza,Kolkata,64,Appam with Stew (MI),MI,1.0,No.,29,Salt,0.002,Kg,0.002,,0.0543,0.0541,recipe_cost_ideal_plaza.csv,Appam with Stew,False,-0.4
Ideal Plaza,Kolkata,64,Appam with Stew (MI),MI,1.0,No.,43,Sunflower Refined Oil  ( 1pkt = 868 Ml ),0.005,Ltr,0.005,,0.752,0.8448,recipe_cost_ideal_plaza.csv,Appam with Stew,False,12.3
Ideal Plaza,Kolkata,210,Filter Coffee - EV (MI),MI,1.0,No.,76,Milk - Tetra 1Ltr,0.09,Ltr,0.09,,6.842,6.9754,recipe_cost_ideal_plaza.csv,Filter Coffee - EV,False,1.9
Ideal Plaza,Kolkata,210,Filter Coffee - EV (MI),MI,1.0,No.,4,Cothas Coffee Powder,0.014,Kg,0.014,,11.7961,12.0563,recipe_cost_ideal_plaza.csv,Filter Coffee - EV,False,2.2
Ideal Plaza,Kolkata,210,Filter Coffee - EV (MI),MI,1.0,No.,31,White Sugar Sachet (1pkt = 200pc),1.0,Pc,1.0,,0.4307,0.4248,recipe_cost_ideal_plaza.csv,Filter Coffee - EV,False,-1.4
Ideal Plaza,Kolkata,210,Filter Coffee - EV (MI),MI,1.0,No.,114,Wooden Stirrer (1pkt = 100pc),1.0,Pc,1.0,,0.1346,0.1317,recipe_cost_ideal_plaza.csv,Filter Coffee - EV,False,-2.2
Ideal Plaza,Kolkata,210,Filter Coffee - EV (MI),MI,1.0,No.,97,Paper Napkin (1pkt = 100pc),1.0,Pc,1.0,,0.2304,0.2356,recipe_cost_ideal_plaza.csv,Filter Coffee - EV,False,2.3
Ideal Plaza,Kolkata,210,Filter Coffee - EV (MI),MI,1.0,No.,240,Hot Coffee Cup 150ml (1pkt=25pc),1.0,Pc,1.0,,1.2752,1.2274,recipe_cost_ideal_plaza.csv,Filter Coffee - EV,False,-3.7
Ideal Plaza,Kolkata,209,Medu Vada - EV (MI),MI,1.0,No.,191,Frozen Medu Vada (10pc),2.0,Pc,2.0,,9.8086,9.8086,recipe_cost_ideal_plaza.csv,Medu Vada - EV,False,0.0
Ideal Plaza,Kolkata,209,Medu Vada - EV (MI),MI,1.0,No.,184,Sambar Bucket,0.1,Ltr,0.1,,2.6357,2.4965,recipe_cost_ideal_plaza.csv,Medu Vada - EV,False,-5.3
Ideal Plaza,Kolkata,209,Medu Vada - EV (MI),MI,1.0,No.,12,Regular White Chutney Bucket (Inactive),0.1,Kg,0.1,,,,recipe_cost_ideal_plaza.csv,Medu Vada - EV,True,
Ideal Plaza,Kolkata,209,Medu Vada - EV (MI),MI,1.0,No.,263,Biodegrable plate-3cp (1pkt=25pc),1.0,Pc,1.0,,,,recipe_cost_ideal_plaza.csv,Medu Vada - EV,True,
Ideal Plaza,Kolkata,209,Medu Vada - EV (MI),MI,1.0,No.,93,Bio-Degradable Spoon (1pkt = 50pc),1.0,Pc,1.0,,1.1829,1.2494,recipe_cost_ideal_plaza.csv,Medu Vada - EV,False,5.6
Ideal Plaza,Kolkata,209,Medu Vada - EV (MI),MI,1.0,No.,97,Paper Napkin (1pkt = 100pc),1.0,Pc,1.0,,0.2304,0.2356,recipe_cost_ideal_plaza.csv,Medu Vada - EV,False,2.3
Ideal Plaza,Kolkata,209,Medu Vada - EV (MI),MI,1.0,No.,92,Banana Leaf Small (1bundle = 50pc),1.0,Pc,1.0,,1.25,1.25,recipe_cost_ideal_plaza.csv,Medu Vada - EV,False,0.0
Ideal Plaza,Kolkata,207,Idli Vada - EV (MI),MI,1.0,No.,218,Idli Pc Raw (1 Pkt =40pc),1.0,Pc,1.0,,2.0196,2.1091,recipe_cost_ideal_plaza.csv,Idli Vada - EV,False,4.4
Ideal Plaza,Kolkata,207,Idli Vada - EV (MI),MI,1.0,No.,191,Frozen Medu Vada (10pc),1.0,Pc,1.0,,4.9043,4.9043,recipe_cost_ideal_plaza.csv,Idli Vada - EV,False,0.0
Ideal Plaza,Kolkata,207,Idli Vada - EV (MI),MI,1.0,No.,12,Regular White Chutney Bucket (Inactive),0.1,Kg,0.1,,,,recipe_cost_ideal_plaza.csv,Idli Vada - EV,True,
Ideal Plaza,Kolkata,207,Idli Vada - EV (MI),MI,1.0,No.,184,Sambar Bucket,0.1,Ltr,0.1,,2.6357,2.4965,recipe_cost_ideal_plaza.csv,Idli Vada - EV,False,-5.3
Ideal Plaza,Kolkata,207,Idli Vada - EV (MI),MI,1.0,No.,263,Biodegrable plate-3cp (1pkt=25pc),1.0,Pc,1.0,,,,recipe_cost_ideal_plaza.csv,Idli Vada - EV,True,
Ideal Plaza,Kolkata,207,Idli Vada - EV (MI),MI,1.0,No.,93,Bio-Degradable Spoon (1pkt = 50pc),1.0,Pc,1.0,,1.1829,1.2494,recipe_cost_ideal_plaza.csv,Idli Vada - EV,False,5.6
Ideal Plaza,Kolkata,207,Idli Vada - EV (MI),MI,1.0,No.,97,Paper Napkin (1pkt = 100pc),1.0,Pc,1.0,,0.2304,0.2356,recipe_cost_ideal_plaza.csv,Idli Vada - EV,False,2.3
Ideal Plaza,Kolkata,207,Idli Vada - EV (MI),MI,1.0,No.,92,Banana Leaf Small (1bundle = 50pc),1.0,Pc,1.0,,1.25,1.25,recipe_cost_ideal_plaza.csv,Idli Vada - EV,False,0.0
Ideal Plaza,Kolkata,208,Idli Fries- EV (MI),MI,1.0,No.,218,Idli Pc Raw (1 Pkt =40pc),2.0,Pc,2.0,,4.0391,4.2182,recipe_cost_ideal_plaza.csv,Idli Fries- EV,False,4.4
Ideal Plaza,Kolkata,208,Idli Fries- EV (MI),MI,1.0,No.,208,Chaat Masala Bucket,0.001,Kg,0.001,,0.3581,0.3463,recipe_cost_ideal_plaza.csv,Idli Fries- EV,False,-3.3
Ideal Plaza,Kolkata,208,Idli Fries- EV (MI),MI,1.0,No.,201,Dahi Bucket (Inactive),0.1,Kg,0.1,,,,recipe_cost_ideal_plaza.csv,Idli Fries- EV,True,
Ideal Plaza,Kolkata,208,Idli Fries- EV (MI),MI,1.0,No.,263,Biodegrable plate-3cp (1pkt=25pc),1.0,Pc,1.0,,,,recipe_cost_ideal_plaza.csv,Idli Fries- EV,True,
Ideal Plaza,Kolkata,208,Idli Fries- EV (MI),MI,1.0,No.,93,Bio-Degradable Spoon (1pkt = 50pc),1.0,Pc,1.0,,1.1829,1.2494,recipe_cost_ideal_plaza.csv,Idli Fries- EV,False,5.6
Ideal Plaza,Kolkata,208,Idli Fries- EV (MI),MI,1.0,No.,97,Paper Napkin (1pkt = 100pc),1.0,Pc,1.0,,0.2304,0.2356,recipe_cost_ideal_plaza.csv,Idli Fries- EV,False,2.3
Ideal Plaza,Kolkata,208,Idli Fries- EV (MI),MI,1.0,No.,92,Banana Leaf Small (1bundle = 50pc),1.0,Pc,1.0,,1.25,1.25,recipe_cost_ideal_plaza.csv,Idli Fries- EV,False,0.0
Ideal Plaza,Kolkata,206,Plain Idli- EV (MI),MI,1.0,No.,218,Idli Pc Raw (1 Pkt =40pc),2.0,Pc,2.0,,4.0391,4.2182,recipe_cost_ideal_plaza.csv,Plain Idli- EV,False,4.4
Ideal Plaza,Kolkata,206,Plain Idli- EV (MI),MI,1.0,No.,12,Regular White Chutney Bucket (Inactive),0.1,Kg,0.1,,,,recipe_cost_ideal_plaza.csv,Plain Idli- EV,True,
Ideal Plaza,Kolkata,206,Plain Idli- EV (MI),MI,1.0,No.,184,Sambar Bucket,0.1,Ltr,0.1,,2.6357,2.4965,recipe_cost_ideal_plaza.csv,Plain Idli- EV,False,-5.3
Ideal Plaza,Kolkata,206,Plain Idli- EV (MI),MI,1.0,No.,56,Cottons Lemonade,1.0,Pc,1.0,,17.4951,17.5,recipe_cost_ideal_plaza.csv,Plain Idli- EV,False,0.0
Ideal Plaza,Kolkata,206,Plain Idli- EV (MI),MI,1.0,No.,263,Biodegrable plate-3cp (1pkt=25pc),1.0,Pc,1.0,,,,recipe_cost_ideal_plaza.csv,Plain Idli- EV,True,
Ideal Plaza,Kolkata,206,Plain Idli- EV (MI),MI,1.0,No.,93,Bio-Degradable Spoon (1pkt = 50pc),1.0,Pc,1.0,,1.1829,1.2494,recipe_cost_ideal_plaza.csv,Plain Idli- EV,False,5.6
Ideal Plaza,Kolkata,206,Plain Idli- EV (MI),MI,1.0,No.,97,Paper Napkin (1pkt = 100pc),1.0,Pc,1.0,,0.2304,0.2356,recipe_cost_ideal_plaza.csv,Plain Idli- EV,False,2.3
Ideal Plaza,Kolkata,206,Plain Idli- EV (MI),MI,1.0,No.,92,Banana Leaf Small (1bundle = 50pc),1.0,Pc,1.0,,1.25,1.25,recipe_cost_ideal_plaza.csv,Plain Idli- EV,False,0.0
Ideal Plaza,Kolkata,205,Masala Dosa - EV (MI),MI,1.0,No.,190,Dosa Batter Mix,0.075,Kg,0.075,,2.459,2.3467,recipe_cost_ideal_plaza.csv,Masala Dosa - EV,False,-4.6
Ideal Plaza,Kolkata,205,Masala Dosa - EV (MI),MI,1.0,No.,184,Sambar Bucket,0.1,Ltr,0.1,,2.6357,2.4965,recipe_cost_ideal_plaza.csv,Masala Dosa - EV,False,-5.3
Ideal Plaza,Kolkata,205,Masala Dosa - EV (MI),MI,1.0,No.,43,Sunflower Refined Oil  ( 1pkt = 868 Ml ),0.02,Ltr,0.02,,3.0079,3.3791,recipe_cost_ideal_plaza.csv,Masala Dosa - EV,False,12.3
Ideal Plaza,Kolkata,205,Masala Dosa - EV (MI),MI,1.0,No.,178,Potato Masala Bucket,0.1,Kg,0.1,,3.5321,3.5321,recipe_cost_ideal_plaza.csv,Masala Dosa - EV,False,0.0
Ideal Plaza,Kolkata,205,Masala Dosa - EV (MI),MI,1.0,No.,12,Regular White Chutney Bucket (Inactive),0.1,Kg,0.1,,,,recipe_cost_ideal_plaza.csv,Masala Dosa - EV,True,
Ideal Plaza,Kolkata,205,Masala Dosa - EV (MI),MI,1.0,No.,56,Cottons Lemonade,1.0,Pc,1.0,,17.4951,17.5,recipe_cost_ideal_plaza.csv,Masala Dosa - EV,False,0.0
Ideal Plaza,Kolkata,205,Masala Dosa - EV (MI),MI,1.0,No.,263,Biodegrable plate-3cp (1pkt=25pc),1.0,Pc,1.0,,,,recipe_cost_ideal_plaza.csv,Masala Dosa - EV,True,
Ideal Plaza,Kolkata,205,Masala Dosa - EV (MI),MI,1.0,No.,97,Paper Napkin (1pkt = 100pc),1.0,Pc,1.0,,0.2304,0.2356,recipe_cost_ideal_plaza.csv,Masala Dosa - EV,False,2.3
Ideal Plaza,Kolkata,205,Masala Dosa - EV (MI),MI,1.0,No.,93,Bio-Degradable Spoon (1pkt = 50pc),1.0,Pc,1.0,,1.1829,1.2494,recipe_cost_ideal_plaza.csv,Masala Dosa - EV,False,5.6
Ideal Plaza,Kolkata,205,Masala Dosa - EV (MI),MI,1.0,No.,92,Banana Leaf Small (1bundle = 50pc),1.0,Pc,1.0,,1.25,1.25,recipe_cost_ideal_plaza.csv,Masala Dosa - EV,False,0.0
Ideal Plaza,Kolkata,194,Buttermilk (For Combo) (MI),MI,1.0,No.,102,Cold Cup With Lid - 300ml (1pkt = 50pc),1.0,Pc,1.0,,,,recipe_cost_ideal_plaza.csv,Buttermilk (For Combo),True,
Ideal Plaza,Kolkata,194,Buttermilk (For Combo) (MI),MI,1.0,No.,97,Paper Napkin (1pkt = 100pc),1.0,Pc,1.0,,0.2304,0.2356,recipe_cost_ideal_plaza.csv,Buttermilk (For Combo),False,2.3
Ideal Plaza,Kolkata,194,Buttermilk (For Combo) (MI),MI,1.0,No.,113,Paper Straw (1pkt = 100pc),1.0,Pc,1.0,,0.3879,0.3867,recipe_cost_ideal_plaza.csv,Buttermilk (For Combo),False,-0.3
Ideal Plaza,Kolkata,194,Buttermilk (For Combo) (MI),MI,1.0,No.,101,Buttermilk Sticker (1sheet = 28pc),1.0,Pc,1.0,,,,recipe_cost_ideal_plaza.csv,Buttermilk (For Combo),True,
Ideal Plaza,Kolkata,194,Buttermilk (For Combo) (MI),MI,1.0,No.,235,Raw Curd,0.06,Kg,0.06,,4.2441,4.284,recipe_cost_ideal_plaza.csv,Buttermilk (For Combo),False,0.9
Ideal Plaza,Kolkata,194,Buttermilk (For Combo) (MI),MI,1.0,No.,21,RO Water,0.24,Ltr,0.24,,,,recipe_cost_ideal_plaza.csv,Buttermilk (For Combo),True,
Ideal Plaza,Kolkata,194,Buttermilk (For Combo) (MI),MI,1.0,No.,108,Ginger,0.003,Kg,0.003,,0.394,0.3934,recipe_cost_ideal_plaza.csv,Buttermilk (For Combo),False,-0.2
Ideal Plaza,Kolkata,194,Buttermilk (For Combo) (MI),MI,1.0,No.,116,Raw Green Chili,0.001,Kg,0.001,,0.0744,0.0749,recipe_cost_ideal_plaza.csv,Buttermilk (For Combo),False,0.7
Ideal Plaza,Kolkata,194,Buttermilk (For Combo) (MI),MI,1.0,No.,15,Black Salt,0.003,Kg,0.003,,0.0805,0.0889,recipe_cost_ideal_plaza.csv,Buttermilk (For Combo),False,10.4
Ideal Plaza,Kolkata,194,Buttermilk (For Combo) (MI),MI,1.0,No.,131,Curry Leaves,0.001,Kg,0.001,,0.0708,0.0712,recipe_cost_ideal_plaza.csv,Buttermilk (For Combo),False,0.6
Ideal Plaza,Kolkata,194,Buttermilk (For Combo) (MI),MI,1.0,No.,29,Salt,0.001,Kg,0.001,,0.0271,0.027,recipe_cost_ideal_plaza.csv,Buttermilk (For Combo),False,-0.4
Ideal Plaza,Kolkata,132,Maharaja Delight (MI),MI,1.0,No.,190,Dosa Batter Mix,0.24,Kg,0.24,,7.8689,7.5095,recipe_cost_ideal_plaza.csv,Maharaja Delight,False,-4.6
Ideal Plaza,Kolkata,132,Maharaja Delight (MI),MI,1.0,No.,218,Idli Pc Raw (1 Pkt =40pc),2.0,Pc,2.0,,4.0391,4.2182,recipe_cost_ideal_plaza.csv,Maharaja Delight,False,4.4
Ideal Plaza,Kolkata,132,Maharaja Delight (MI),MI,1.0,No.,208,Chaat Masala Bucket,0.001,Kg,0.001,,0.3581,0.3463,recipe_cost_ideal_plaza.csv,Maharaja Delight,False,-3.3
Ideal Plaza,Kolkata,132,Maharaja Delight (MI),MI,1.0,No.,186,Spicy Coconut Chutney Bucket,0.1,Kg,0.1,,4.654,4.653,recipe_cost_ideal_plaza.csv,Maharaja Delight,False,-0.0
Ideal Plaza,Kolkata,132,Maharaja Delight (MI),MI,1.0,No.,184,Sambar Bucket,0.2,Ltr,0.2,,5.2713,4.993,recipe_cost_ideal_plaza.csv,Maharaja Delight,False,-5.3
Ideal Plaza,Kolkata,132,Maharaja Delight (MI),MI,1.0,No.,115,Coriander Leaves,0.002,Kg,0.002,,0.1998,0.2,recipe_cost_ideal_plaza.csv,Maharaja Delight,False,0.1
Ideal Plaza,Kolkata,132,Maharaja Delight (MI),MI,1.0,No.,207,Special Daal Bucket,0.004,Kg,0.004,,0.6134,0.6106,recipe_cost_ideal_plaza.csv,Maharaja Delight,False,-0.5
Ideal Plaza,Kolkata,132,Maharaja Delight (MI),MI,1.0,No.,75,Ghee,60.0,gm,60.0,,42.3,45.4602,recipe_cost_ideal_plaza.csv,Maharaja Delight,False,7.5
Ideal Plaza,Kolkata,132,Maharaja Delight (MI),MI,1.0,No.,178,Potato Masala Bucket,0.1,Kg,0.1,,3.5321,3.5321,recipe_cost_ideal_plaza.csv,Maharaja Delight,False,0.0
Ideal Plaza,Kolkata,132,Maharaja Delight (MI),MI,1.0,No.,209,Raw Mango Chutney Bucket,0.1,Kg,0.1,,16.3197,17.1296,recipe_cost_ideal_plaza.csv,Maharaja Delight,False,5.0
Ideal Plaza,Kolkata,132,Maharaja Delight (MI),MI,1.0,No.,188,Tomato Onion Chutney Bucket,0.1,Kg,0.1,,14.1422,14.1378,recipe_cost_ideal_plaza.csv,Maharaja Delight,False,-0.0
Ideal Plaza,Kolkata,132,Maharaja Delight (MI),MI,1.0,No.,121,Paper Tray Mat (1pkt = 500pc),2.0,Pc,2.0,,,,recipe_cost_ideal_plaza.csv,Maharaja Delight,True,
Ideal Plaza,Kolkata,132,Maharaja Delight (MI),MI,1.0,No.,93,Bio-Degradable Spoon (1pkt = 50pc),4.0,Pc,4.0,,4.7316,4.9978,recipe_cost_ideal_plaza.csv,Maharaja Delight,False,5.6
Ideal Plaza,Kolkata,132,Maharaja Delight (MI),MI,1.0,No.,128,Paper Food Container - 100ml (1pkt = 50pc),4.0,Pc,4.0,,,,recipe_cost_ideal_plaza.csv,Maharaja Delight,True,
Ideal Plaza,Kolkata,132,Maharaja Delight (MI),MI,1.0,No.,84,Banana Leaf Big (1bundle = 50pc),2.0,Pc,2.0,,3.4077,3.6063,recipe_cost_ideal_plaza.csv,Maharaja Delight,False,5.8
Ideal Plaza,Kolkata,132,Maharaja Delight (MI),MI,1.0,No.,234,Regular White Chutney Bucket Outlet,0.1,Kg,0.1,,5.2318,5.1375,recipe_cost_ideal_plaza.csv,Maharaja Delight,False,-1.8
Ideal Plaza,Kolkata,132,Maharaja Delight (MI),MI,1.0,No.,235,Raw Curd,0.05,Kg,0.05,,3.5368,3.57,recipe_cost_ideal_plaza.csv,Maharaja Delight,False,0.9
Ideal Plaza,Kolkata,132,Maharaja Delight (MI),MI,1.0,No.,310,Dahi Bucket Mix (1pkt =105gm),0.005,Kg,0.005,,0.3165,0.3342,recipe_cost_ideal_plaza.csv,Maharaja Delight,False,5.6
Ideal Plaza,Kolkata,132,Maharaja Delight (MI),MI,1.0,No.,32,Whole Cumin,0.001,Kg,0.001,,0.5709,0.4807,recipe_cost_ideal_plaza.csv,Maharaja Delight,False,-15.8
Ideal Plaza,Kolkata,132,Maharaja Delight (MI),MI,1.0,No.,131,Curry Leaves,0.001,Kg,0.001,,0.0708,0.0712,recipe_cost_ideal_plaza.csv,Maharaja Delight,False,0.6
Ideal Plaza,Kolkata,132,Maharaja Delight (MI),MI,1.0,No.,43,Sunflower Refined Oil  ( 1pkt = 868 Ml ),0.003,Ltr,0.003,,0.4512,0.5069,recipe_cost_ideal_plaza.csv,Maharaja Delight,False,12.3
Ideal Plaza,Kolkata,132,Maharaja Delight (MI),MI,1.0,No.,108,Ginger,0.001,Kg,0.001,,0.1313,0.1311,recipe_cost_ideal_plaza.csv,Maharaja Delight,False,-0.2
Ideal Plaza,Kolkata,132,Maharaja Delight (MI),MI,1.0,No.,116,Raw Green Chili,0.001,Kg,0.001,,0.0744,0.0749,recipe_cost_ideal_plaza.csv,Maharaja Delight,False,0.7
Ideal Plaza,Kolkata,138,Cold Coffee Combo (MI),MI,1.0,No.,218,Idli Pc Raw (1 Pkt =40pc),2.0,Pc,2.0,,4.0391,4.2182,recipe_cost_ideal_plaza.csv,Cold Coffee Combo,False,4.4
Ideal Plaza,Kolkata,138,Cold Coffee Combo (MI),MI,1.0,No.,208,Chaat Masala Bucket,0.001,Kg,0.001,,0.3581,0.3463,recipe_cost_ideal_plaza.csv,Cold Coffee Combo,False,-3.3
Ideal Plaza,Kolkata,138,Cold Coffee Combo (MI),MI,1.0,No.,121,Paper Tray Mat (1pkt = 500pc),1.0,Pc,1.0,,,,recipe_cost_ideal_plaza.csv,Cold Coffee Combo,True,
Ideal Plaza,Kolkata,138,Cold Coffee Combo (MI),MI,1.0,No.,97,Paper Napkin (1pkt = 100pc),2.0,Pc,2.0,,0.4608,0.4712,recipe_cost_ideal_plaza.csv,Cold Coffee Combo,False,2.3
Ideal Plaza,Kolkata,138,Cold Coffee Combo (MI),MI,1.0,No.,84,Banana Leaf Big (1bundle = 50pc),1.0,Pc,1.0,,1.7038,1.8032,recipe_cost_ideal_plaza.csv,Cold Coffee Combo,False,5.8
Ideal Plaza,Kolkata,138,Cold Coffee Combo (MI),MI,1.0,No.,4,Cothas Coffee Powder,0.025,Kg,0.025,,21.0645,21.5291,recipe_cost_ideal_plaza.csv,Cold Coffee Combo,False,2.2
Ideal Plaza,Kolkata,138,Cold Coffee Combo (MI),MI,1.0,No.,76,Milk - Tetra 1Ltr,0.1,Ltr,0.1,,7.6023,7.7504,recipe_cost_ideal_plaza.csv,Cold Coffee Combo,False,1.9
Ideal Plaza,Kolkata,138,Cold Coffee Combo (MI),MI,1.0,No.,94,Cold Coffee Sticker (1sheet = 28pc),2.0,Pc,2.0,,,,recipe_cost_ideal_plaza.csv,Cold Coffee Combo,True,
Ideal Plaza,Kolkata,138,Cold Coffee Combo (MI),MI,1.0,No.,102,Cold Cup With Lid - 300ml (1pkt = 50pc),2.0,Pc,2.0,,,,recipe_cost_ideal_plaza.csv,Cold Coffee Combo,True,
Ideal Plaza,Kolkata,138,Cold Coffee Combo (MI),MI,1.0,No.,113,Paper Straw (1pkt = 100pc),2.0,Pc,2.0,,0.7759,0.7733,recipe_cost_ideal_plaza.csv,Cold Coffee Combo,False,-0.3
Ideal Plaza,Kolkata,138,Cold Coffee Combo (MI),MI,1.0,No.,235,Raw Curd,0.01,Kg,0.01,,0.7074,0.714,recipe_cost_ideal_plaza.csv,Cold Coffee Combo,False,0.9
Ideal Plaza,Kolkata,138,Cold Coffee Combo (MI),MI,1.0,No.,310,Dahi Bucket Mix (1pkt =105gm),0.01,Kg,0.01,,0.633,0.6685,recipe_cost_ideal_plaza.csv,Cold Coffee Combo,False,5.6
Ideal Plaza,Kolkata,138,Cold Coffee Combo (MI),MI,1.0,No.,32,Whole Cumin,0.001,Kg,0.001,,0.5709,0.4807,recipe_cost_ideal_plaza.csv,Cold Coffee Combo,False,-15.8
Ideal Plaza,Kolkata,138,Cold Coffee Combo (MI),MI,1.0,No.,131,Curry Leaves,0.001,Kg,0.001,,0.0708,0.0712,recipe_cost_ideal_plaza.csv,Cold Coffee Combo,False,0.6
Ideal Plaza,Kolkata,138,Cold Coffee Combo (MI),MI,1.0,No.,43,Sunflower Refined Oil  ( 1pkt = 868 Ml ),0.006,Ltr,0.006,,0.9024,1.0137,recipe_cost_ideal_plaza.csv,Cold Coffee Combo,False,12.3
Ideal Plaza,Kolkata,138,Cold Coffee Combo (MI),MI,1.0,No.,108,Ginger,0.001,Kg,0.001,,0.1313,0.1311,recipe_cost_ideal_plaza.csv,Cold Coffee Combo,False,-0.2
Ideal Plaza,Kolkata,138,Cold Coffee Combo (MI),MI,1.0,No.,116,Raw Green Chili,0.001,Kg,0.001,,0.0744,0.0749,recipe_cost_ideal_plaza.csv,Cold Coffee Combo,False,0.7
Ideal Plaza,Kolkata,138,Cold Coffee Combo (MI),MI,1.0,No.,297,Amul IC BP Vanilla (5L) CF,0.36,Ltr,0.36,,35.7639,35.2083,recipe_cost_ideal_plaza.csv,Cold Coffee Combo,False,-1.6
Ideal Plaza,Kolkata,196,Dosa Coffee Meal (MI),MI,1.0,No.,218,Idli Pc Raw (1 Pkt =40pc),1.0,Pc,1.0,,2.0196,2.1091,recipe_cost_ideal_plaza.csv,Dosa Coffee Meal,False,4.4
Ideal Plaza,Kolkata,196,Dosa Coffee Meal (MI),MI,1.0,No.,191,Frozen Medu Vada (10pc),1.0,Pc,1.0,,4.9043,4.9043,recipe_cost_ideal_plaza.csv,Dosa Coffee Meal,False,0.0
Ideal Plaza,Kolkata,196,Dosa Coffee Meal (MI),MI,1.0,No.,178,Potato Masala Bucket,0.1,Kg,0.1,,3.5321,3.5321,recipe_cost_ideal_plaza.csv,Dosa Coffee Meal,False,0.0
Ideal Plaza,Kolkata,196,Dosa Coffee Meal (MI),MI,1.0,No.,207,Special Daal Bucket,0.005,Kg,0.005,,0.7667,0.7632,recipe_cost_ideal_plaza.csv,Dosa Coffee Meal,False,-0.5
Ideal Plaza,Kolkata,196,Dosa Coffee Meal (MI),MI,1.0,No.,115,Coriander Leaves,0.001,Kg,0.001,,0.0999,0.1,recipe_cost_ideal_plaza.csv,Dosa Coffee Meal,False,0.1
Ideal Plaza,Kolkata,196,Dosa Coffee Meal (MI),MI,1.0,No.,12,Regular White Chutney Bucket (Inactive),0.1,Kg,0.1,,,,recipe_cost_ideal_plaza.csv,Dosa Coffee Meal,True,
Ideal Plaza,Kolkata,196,Dosa Coffee Meal (MI),MI,1.0,No.,190,Dosa Batter Mix,0.06,Kg,0.06,,1.9672,1.8774,recipe_cost_ideal_plaza.csv,Dosa Coffee Meal,False,-4.6
Ideal Plaza,Kolkata,196,Dosa Coffee Meal (MI),MI,1.0,No.,43,Sunflower Refined Oil  ( 1pkt = 868 Ml ),0.01,Ltr,0.01,,1.504,1.6896,recipe_cost_ideal_plaza.csv,Dosa Coffee Meal,False,12.3
Ideal Plaza,Kolkata,196,Dosa Coffee Meal (MI),MI,1.0,No.,97,Paper Napkin (1pkt = 100pc),1.0,Pc,1.0,,0.2304,0.2356,recipe_cost_ideal_plaza.csv,Dosa Coffee Meal,False,2.3
Ideal Plaza,Kolkata,196,Dosa Coffee Meal (MI),MI,1.0,No.,234,Regular White Chutney Bucket Outlet,0.1,Kg,0.1,,5.2318,5.1375,recipe_cost_ideal_plaza.csv,Dosa Coffee Meal,False,-1.8
Ideal Plaza,Kolkata,196,Dosa Coffee Meal (MI),MI,1.0,No.,56,Cottons Lemonade,1.0,Pc,1.0,,17.4951,17.5,recipe_cost_ideal_plaza.csv,Dosa Coffee Meal,False,0.0
Ideal Plaza,Kolkata,150,Onion (MI),MI,1.0,No.,132,Onion,0.04,Kg,0.04,,1.7011,1.4525,recipe_cost_ideal_plaza.csv,Onion,False,-14.6
Ideal Plaza,Kolkata,203,Fountain Combo - Fanta (Small) (MI),MI,1.0,No.,63,BIB - Fanta 20LTR,0.06,Ltr,0.06,,,,recipe_cost_ideal_plaza.csv,Fountain Combo - Fanta (Small),True,
Ideal Plaza,Kolkata,203,Fountain Combo - Fanta (Small) (MI),MI,1.0,No.,233,CO2 Cylinder - 9Kg,0.007,Kg,0.007,,,,recipe_cost_ideal_plaza.csv,Fountain Combo - Fanta (Small),True,
Ideal Plaza,Kolkata,203,Fountain Combo - Fanta (Small) (MI),MI,1.0,No.,113,Paper Straw (1pkt = 100pc),1.0,Pc,1.0,,0.3879,0.3867,recipe_cost_ideal_plaza.csv,Fountain Combo - Fanta (Small),False,-0.3
Ideal Plaza,Kolkata,203,Fountain Combo - Fanta (Small) (MI),MI,1.0,No.,126,Fountain Glass With Lid - 300ml (1pkt = 50pc),1.0,Pc,1.0,,,,recipe_cost_ideal_plaza.csv,Fountain Combo - Fanta (Small),True,
Ideal Plaza,Kolkata,202,Fountain Combo - Sprite (Small) (MI),MI,1.0,No.,71,BIB - Sprite 10Ltr,0.06,Ltr,0.06,,,,recipe_cost_ideal_plaza.csv,Fountain Combo - Sprite (Small),True,
Ideal Plaza,Kolkata,202,Fountain Combo - Sprite (Small) (MI),MI,1.0,No.,233,CO2 Cylinder - 9Kg,0.007,Kg,0.007,,,,recipe_cost_ideal_plaza.csv,Fountain Combo - Sprite (Small),True,
Ideal Plaza,Kolkata,202,Fountain Combo - Sprite (Small) (MI),MI,1.0,No.,126,Fountain Glass With Lid - 300ml (1pkt = 50pc),1.0,Pc,1.0,,,,recipe_cost_ideal_plaza.csv,Fountain Combo - Sprite (Small),True,
Ideal Plaza,Kolkata,202,Fountain Combo - Sprite (Small) (MI),MI,1.0,No.,113,Paper Straw (1pkt = 100pc),1.0,Pc,1.0,,0.3879,0.3867,recipe_cost_ideal_plaza.csv,Fountain Combo - Sprite (Small),False,-0.3
Ideal Plaza,Kolkata,200,Fountain Combo - Thumsup (Small) (MI),MI,1.0,No.,79,BIB - ThumsUP 20LTR,0.06,Ltr,0.06,,,,recipe_cost_ideal_plaza.csv,Fountain Combo - Thumsup (Small),True,
Ideal Plaza,Kolkata,200,Fountain Combo - Thumsup (Small) (MI),MI,1.0,No.,233,CO2 Cylinder - 9Kg,0.007,Kg,0.007,,,,recipe_cost_ideal_plaza.csv,Fountain Combo - Thumsup (Small),True,
Ideal Plaza,Kolkata,200,Fountain Combo - Thumsup (Small) (MI),MI,1.0,No.,126,Fountain Glass With Lid - 300ml (1pkt = 50pc),1.0,Pc,1.0,,,,recipe_cost_ideal_plaza.csv,Fountain Combo - Thumsup (Small),True,
Ideal Plaza,Kolkata,200,Fountain Combo - Thumsup (Small) (MI),MI,1.0,No.,113,Paper Straw (1pkt = 100pc),1.0,Pc,1.0,,0.3879,0.3867,recipe_cost_ideal_plaza.csv,Fountain Combo - Thumsup (Small),False,-0.3
Ideal Plaza,Kolkata,164,Dosa Coffee Glass Bottle (MI),MI,1.0,No.,103,Glass Bottle 300ml W/Cap (1box = 48pc),1.0,Pc,1.0,,12.0972,12.1665,recipe_cost_ideal_plaza.csv,Dosa Coffee Glass Bottle,False,0.6
Ideal Plaza,Kolkata,148,Butter (MI),MI,1.0,No.,14,Amul Butter,0.03,Kg,0.03,,16.3701,16.9399,recipe_cost_ideal_plaza.csv,Butter,False,3.5
Ideal Plaza,Kolkata,59,Beetroot Chutney (MI),MI,1.0,No.,180,Beetroot Chutney Bucket,0.1,Kg,0.1,,13.0632,13.0632,recipe_cost_ideal_plaza.csv,Beetroot Chutney,False,0.0
Ideal Plaza,Kolkata,59,Beetroot Chutney (MI),MI,1.0,No.,207,Special Daal Bucket,0.001,Kg,0.001,,0.1533,0.1526,recipe_cost_ideal_plaza.csv,Beetroot Chutney,False,-0.5
Ideal Plaza,Kolkata,174,Dum Tomato Rice (MI),MI,1.0,No.,271,Dum Tomato Rice Bucket,0.25,Kg,0.25,,,,recipe_cost_ideal_plaza.csv,Dum Tomato Rice,True,
Ideal Plaza,Kolkata,174,Dum Tomato Rice (MI),MI,1.0,No.,30,Appalam Papad (1pkt = 47pc),1.0,Pc,1.0,,3.8225,3.7801,recipe_cost_ideal_plaza.csv,Dum Tomato Rice,False,-1.1
Ideal Plaza,Kolkata,146,Cheese (MI),MI,1.0,No.,68,Amul Cheese,0.04,Kg,0.04,,20.1764,20.4989,recipe_cost_ideal_plaza.csv,Cheese,False,1.6
Ideal Plaza,Kolkata,147,Ghee (MI),MI,1.0,No.,75,Ghee,0.02,Kg,0.02,,14.1,15.1534,recipe_cost_ideal_plaza.csv,Ghee,False,7.5
Ideal Plaza,Kolkata,119,Malkapodi & Ghee (MI),MI,1.0,No.,193,Malkapodi Bucket,0.015,Kg,0.015,,2.5399,2.4738,recipe_cost_ideal_plaza.csv,Malkapodi & Ghee,False,-2.6
Ideal Plaza,Kolkata,119,Malkapodi & Ghee (MI),MI,1.0,No.,75,Ghee,20.0,gm,20.0,,14.1,15.1534,recipe_cost_ideal_plaza.csv,Malkapodi & Ghee,False,7.5
Ideal Plaza,Kolkata,195,Filter Coffee (For Combo) (MI),MI,1.0,No.,4,Cothas Coffee Powder,0.014,Kg,0.014,,11.7961,12.0563,recipe_cost_ideal_plaza.csv,Filter Coffee (For Combo),False,2.2
Ideal Plaza,Kolkata,195,Filter Coffee (For Combo) (MI),MI,1.0,No.,76,Milk - Tetra 1Ltr,0.09,Ltr,0.09,,6.842,6.9754,recipe_cost_ideal_plaza.csv,Filter Coffee (For Combo),False,1.9
Ideal Plaza,Kolkata,195,Filter Coffee (For Combo) (MI),MI,1.0,No.,240,Hot Coffee Cup 150ml (1pkt=25pc),1.0,Pc,1.0,,1.2752,1.2274,recipe_cost_ideal_plaza.csv,Filter Coffee (For Combo),False,-3.7
Ideal Plaza,Kolkata,195,Filter Coffee (For Combo) (MI),MI,1.0,No.,244,Sticker- Hot Coffee Cup (1sheet=30pc),1.0,Pc,1.0,,,,recipe_cost_ideal_plaza.csv,Filter Coffee (For Combo),True,
Ideal Plaza,Kolkata,195,Filter Coffee (For Combo) (MI),MI,1.0,No.,31,White Sugar Sachet (1pkt = 200pc),2.0,Pc,2.0,,0.8613,0.8496,recipe_cost_ideal_plaza.csv,Filter Coffee (For Combo),False,-1.4
Ideal Plaza,Kolkata,195,Filter Coffee (For Combo) (MI),MI,1.0,No.,114,Wooden Stirrer (1pkt = 100pc),1.0,Pc,1.0,,0.1346,0.1317,recipe_cost_ideal_plaza.csv,Filter Coffee (For Combo),False,-2.2
Ideal Plaza,Kolkata,195,Filter Coffee (For Combo) (MI),MI,1.0,No.,97,Paper Napkin (1pkt = 100pc),1.0,Pc,1.0,,0.2304,0.2356,recipe_cost_ideal_plaza.csv,Filter Coffee (For Combo),False,2.3
Ideal Plaza,Kolkata,193,Cotton's Lemonade (For Combo) (MI),MI,1.0,No.,56,Cottons Lemonade,1.0,Pc,1.0,,17.4951,17.5,recipe_cost_ideal_plaza.csv,Cotton's Lemonade (For Combo),False,0.0
Ideal Plaza,Kolkata,180,Idli Batter (1Ltr) (MI),MI,1.0,No.,220,Idli Batter,0.9,Kg,0.9,,29.8399,26.3328,recipe_cost_ideal_plaza.csv,Idli Batter (1Ltr),False,-11.8
Ideal Plaza,Kolkata,170,Thumsup (Regular) (MI),MI,1.0,No.,79,BIB - ThumsUP 20LTR,0.085,Ltr,0.085,,,,recipe_cost_ideal_plaza.csv,Thumsup (Regular),True,
Ideal Plaza,Kolkata,170,Thumsup (Regular) (MI),MI,1.0,No.,233,CO2 Cylinder - 9Kg,0.009,Kg,0.009,,,,recipe_cost_ideal_plaza.csv,Thumsup (Regular),True,
Ideal Plaza,Kolkata,170,Thumsup (Regular) (MI),MI,1.0,No.,95,Fountain Glass With Lid - 450ml (1pkt = 50pc),1.0,Pc,1.0,,,,recipe_cost_ideal_plaza.csv,Thumsup (Regular),True,
Ideal Plaza,Kolkata,170,Thumsup (Regular) (MI),MI,1.0,No.,113,Paper Straw (1pkt = 100pc),1.0,Pc,1.0,,0.3879,0.3867,recipe_cost_ideal_plaza.csv,Thumsup (Regular),False,-0.3
Ideal Plaza,Kolkata,171,Fanta (Regular) (MI),MI,1.0,No.,63,BIB - Fanta 20LTR,0.087,Ltr,0.087,,,,recipe_cost_ideal_plaza.csv,Fanta (Regular),True,
Ideal Plaza,Kolkata,171,Fanta (Regular) (MI),MI,1.0,No.,233,CO2 Cylinder - 9Kg,0.009,Kg,0.009,,,,recipe_cost_ideal_plaza.csv,Fanta (Regular),True,
Ideal Plaza,Kolkata,171,Fanta (Regular) (MI),MI,1.0,No.,126,Fountain Glass With Lid - 300ml (1pkt = 50pc),1.0,Pc,1.0,,,,recipe_cost_ideal_plaza.csv,Fanta (Regular),True,
Ideal Plaza,Kolkata,171,Fanta (Regular) (MI),MI,1.0,No.,113,Paper Straw (1pkt = 100pc),1.0,Pc,1.0,,0.3879,0.3867,recipe_cost_ideal_plaza.csv,Fanta (Regular),False,-0.3
Ideal Plaza,Kolkata,172,Sprite (Regular) (MI),MI,1.0,No.,71,BIB - Sprite 10Ltr,0.087,Ltr,0.087,,,,recipe_cost_ideal_plaza.csv,Sprite (Regular),True,
Ideal Plaza,Kolkata,172,Sprite (Regular) (MI),MI,1.0,No.,233,CO2 Cylinder - 9Kg,0.009,Kg,0.009,,,,recipe_cost_ideal_plaza.csv,Sprite (Regular),True,
Ideal Plaza,Kolkata,172,Sprite (Regular) (MI),MI,1.0,No.,126,Fountain Glass With Lid - 300ml (1pkt = 50pc),1.0,Pc,1.0,,,,recipe_cost_ideal_plaza.csv,Sprite (Regular),True,
Ideal Plaza,Kolkata,172,Sprite (Regular) (MI),MI,1.0,No.,113,Paper Straw (1pkt = 100pc),1.0,Pc,1.0,,0.3879,0.3867,recipe_cost_ideal_plaza.csv,Sprite (Regular),False,-0.3
Ideal Plaza,Kolkata,135,Extra Sambar - 250ml (MI),MI,1.0,No.,119,Glen Container With Lid - 250ml (1pkt = 50pc),1.0,Pc,1.0,,3.6059,3.8682,recipe_cost_ideal_plaza.csv,Extra Sambar - 250ml,False,7.3
Ideal Plaza,Kolkata,151,Malkapodi (MI),MI,1.0,No.,193,Malkapodi Bucket,0.02,Kg,0.02,,3.3865,3.2984,recipe_cost_ideal_plaza.csv,Malkapodi,False,-2.6
Ideal Plaza,Kolkata,118,Appalam Papad (1pc) (MI),MI,1.0,No.,30,Appalam Papad (1pkt = 47pc),1.0,Pc,1.0,,3.8225,3.7801,recipe_cost_ideal_plaza.csv,Appalam Papad (1pc),False,-1.1
Ideal Plaza,Kolkata,166,Thumsup (Small) (MI),MI,1.0,No.,79,BIB - ThumsUP 20LTR,0.06,Ltr,0.06,,,,recipe_cost_ideal_plaza.csv,Thumsup (Small),True,
Ideal Plaza,Kolkata,166,Thumsup (Small) (MI),MI,1.0,No.,233,CO2 Cylinder - 9Kg,0.007,Kg,0.007,,,,recipe_cost_ideal_plaza.csv,Thumsup (Small),True,
Ideal Plaza,Kolkata,166,Thumsup (Small) (MI),MI,1.0,No.,126,Fountain Glass With Lid - 300ml (1pkt = 50pc),1.0,Pc,1.0,,,,recipe_cost_ideal_plaza.csv,Thumsup (Small),True,
Ideal Plaza,Kolkata,166,Thumsup (Small) (MI),MI,1.0,No.,113,Paper Straw (1pkt = 100pc),1.0,Pc,1.0,,0.3879,0.3867,recipe_cost_ideal_plaza.csv,Thumsup (Small),False,-0.3
Ideal Plaza,Kolkata,167,Fanta (Small) (MI),MI,1.0,No.,63,BIB - Fanta 20LTR,0.06,Ltr,0.06,,,,recipe_cost_ideal_plaza.csv,Fanta (Small),True,
Ideal Plaza,Kolkata,167,Fanta (Small) (MI),MI,1.0,No.,233,CO2 Cylinder - 9Kg,0.007,Kg,0.007,,,,recipe_cost_ideal_plaza.csv,Fanta (Small),True,
Ideal Plaza,Kolkata,167,Fanta (Small) (MI),MI,1.0,No.,126,Fountain Glass With Lid - 300ml (1pkt = 50pc),1.0,Pc,1.0,,,,recipe_cost_ideal_plaza.csv,Fanta (Small),True,
Ideal Plaza,Kolkata,167,Fanta (Small) (MI),MI,1.0,No.,113,Paper Straw (1pkt = 100pc),1.0,Pc,1.0,,0.3879,0.3867,recipe_cost_ideal_plaza.csv,Fanta (Small),False,-0.3
Ideal Plaza,Kolkata,168,Sprite (Small) (MI),MI,1.0,No.,71,BIB - Sprite 10Ltr,0.06,Ltr,0.06,,,,recipe_cost_ideal_plaza.csv,Sprite (Small),True,
Ideal Plaza,Kolkata,168,Sprite (Small) (MI),MI,1.0,No.,233,CO2 Cylinder - 9Kg,0.007,Kg,0.007,,,,recipe_cost_ideal_plaza.csv,Sprite (Small),True,
Ideal Plaza,Kolkata,168,Sprite (Small) (MI),MI,1.0,No.,126,Fountain Glass With Lid - 300ml (1pkt = 50pc),1.0,Pc,1.0,,,,recipe_cost_ideal_plaza.csv,Sprite (Small),True,
Ideal Plaza,Kolkata,168,Sprite (Small) (MI),MI,1.0,No.,113,Paper Straw (1pkt = 100pc),1.0,Pc,1.0,,0.3879,0.3867,recipe_cost_ideal_plaza.csv,Sprite (Small),False,-0.3
Ideal Plaza,Kolkata,75,Service of Kinley Bottled Water (500ml) (MI),MI,1.0,No.,72,Kinley Water - 500ml,1.0,Pc,1.0,,7.1094,7.1554,recipe_cost_ideal_plaza.csv,Service of Kinley Bottled Water (500ml),False,0.6
Ideal Plaza,Kolkata,446,Potato Masala Bucket Outlet,,4.5,Kg,107,Carrot,0.2,Kg,0.2,,8.2702,8.1989,recipe_cost_ideal_plaza.csv,Potato Masala Bucket Outlet,False,-0.9
Ideal Plaza,Kolkata,446,Potato Masala Bucket Outlet,,4.5,Kg,132,Onion,0.7,Kg,0.7,,29.7696,25.4183,recipe_cost_ideal_plaza.csv,Potato Masala Bucket Outlet,False,-14.6
Ideal Plaza,Kolkata,446,Potato Masala Bucket Outlet,,4.5,Kg,116,Raw Green Chili,0.03,Kg,0.03,,2.2323,2.248,recipe_cost_ideal_plaza.csv,Potato Masala Bucket Outlet,False,0.7
Ideal Plaza,Kolkata,446,Potato Masala Bucket Outlet,,4.5,Kg,108,Ginger,0.04,Kg,0.04,,5.2528,5.2459,recipe_cost_ideal_plaza.csv,Potato Masala Bucket Outlet,False,-0.1
Ideal Plaza,Kolkata,446,Potato Masala Bucket Outlet,,4.5,Kg,131,Curry Leaves,0.01,Kg,0.01,,0.7082,0.7119,recipe_cost_ideal_plaza.csv,Potato Masala Bucket Outlet,False,0.5
Ideal Plaza,Kolkata,446,Potato Masala Bucket Outlet,,4.5,Kg,43,Sunflower Refined Oil  ( 1pkt = 868 Ml ),0.24,Ltr,0.24,,36.0949,40.5495,recipe_cost_ideal_plaza.csv,Potato Masala Bucket Outlet,False,12.3
Ideal Plaza,Kolkata,446,Potato Masala Bucket Outlet,,4.5,Kg,21,RO Water,1.4,Ltr,1.4,,,,recipe_cost_ideal_plaza.csv,Potato Masala Bucket Outlet,True,
Ideal Plaza,Kolkata,446,Potato Masala Bucket Outlet,,4.5,Kg,25,Turmeric Powder,0.016,Kg,0.016,,5.4489,5.4366,recipe_cost_ideal_plaza.csv,Potato Masala Bucket Outlet,False,-0.2
Ideal Plaza,Kolkata,446,Potato Masala Bucket Outlet,,4.5,Kg,29,Salt,0.04,Kg,0.04,,1.0853,1.0819,recipe_cost_ideal_plaza.csv,Potato Masala Bucket Outlet,False,-0.3
Ideal Plaza,Kolkata,446,Potato Masala Bucket Outlet,,4.5,Kg,421,Potato Masala Mix (1Pkt = 90Gm),1.0,Pkt,1.0,,10.8568,10.5353,recipe_cost_ideal_plaza.csv,Potato Masala Bucket Outlet,False,-3.0
Ideal Plaza,Kolkata,446,Potato Masala Bucket Outlet,,4.5,Kg,397,Boiled & Mashed Potato (1Pkt = 3Kg),3.0,Kg,3.0,,92.7896,86.1358,recipe_cost_ideal_plaza.csv,Potato Masala Bucket Outlet,False,-7.2
Ideal Plaza,Kolkata,234,Regular White Chutney Bucket Outlet,,1.3,Kg,229,Coconut Shredded,0.3,Kg,0.3,,42.4523,42.4523,recipe_cost_ideal_plaza.csv,Regular White Chutney Bucket Outlet,False,0.0
Ideal Plaza,Kolkata,234,Regular White Chutney Bucket Outlet,,1.3,Kg,47,Fried Chana Daal,0.21,Kg,0.21,,21.7361,20.4961,recipe_cost_ideal_plaza.csv,Regular White Chutney Bucket Outlet,False,-5.7
Ideal Plaza,Kolkata,234,Regular White Chutney Bucket Outlet,,1.3,Kg,108,Ginger,0.015,Kg,0.015,,1.9698,1.9672,recipe_cost_ideal_plaza.csv,Regular White Chutney Bucket Outlet,False,-0.1
Ideal Plaza,Kolkata,234,Regular White Chutney Bucket Outlet,,1.3,Kg,116,Raw Green Chili,0.015,Kg,0.015,,1.1162,1.124,recipe_cost_ideal_plaza.csv,Regular White Chutney Bucket Outlet,False,0.7
Ideal Plaza,Kolkata,234,Regular White Chutney Bucket Outlet,,1.3,Kg,53,Sugar,0.004,Kg,0.004,,0.1961,0.2075,recipe_cost_ideal_plaza.csv,Regular White Chutney Bucket Outlet,False,5.8
Ideal Plaza,Kolkata,234,Regular White Chutney Bucket Outlet,,1.3,Kg,29,Salt,0.02,Kg,0.02,,0.5427,0.5409,recipe_cost_ideal_plaza.csv,Regular White Chutney Bucket Outlet,False,-0.3
Ideal Plaza,Kolkata,234,Regular White Chutney Bucket Outlet,,1.3,Kg,21,RO Water,0.85,Ltr,0.85,,,,recipe_cost_ideal_plaza.csv,Regular White Chutney Bucket Outlet,True,
Connaught Place,Delhi,270,Mango Shake (MI),MI,1.0,No.,547,Mango Crush -750ml,0.03,Ltr,0.03,,5.8071,5.8103,recipe_cost_connaught_place.csv,Mango Shake,False,0.1
Connaught Place,Delhi,270,Mango Shake (MI),MI,1.0,No.,549,Mango Ice Cream,0.18,Ltr,0.18,,18.4382,18.4652,recipe_cost_connaught_place.csv,Mango Shake,False,0.1
Connaught Place,Delhi,270,Mango Shake (MI),MI,1.0,No.,76,Milk - Tetra 1Ltr,0.1,Ltr,0.1,,7.8546,7.9479,recipe_cost_connaught_place.csv,Mango Shake,False,1.2
Connaught Place,Delhi,270,Mango Shake (MI),MI,1.0,No.,97,Paper Napkin (1pkt = 100pc),1.0,Pc,1.0,,0.2621,0.2465,recipe_cost_connaught_place.csv,Mango Shake,False,-6.0
Connaught Place,Delhi,270,Mango Shake (MI),MI,1.0,No.,113,Paper Straw (1pkt = 100pc),1.0,Pc,1.0,,0.4287,0.4479,recipe_cost_connaught_place.csv,Mango Shake,False,4.5
Connaught Place,Delhi,305,Iced Filter Coffee (MI),MI,1.0,No.,4,Cothas Coffee Powder,0.005,Kg,0.005,,4.274,4.4521,recipe_cost_connaught_place.csv,Iced Filter Coffee,False,4.2
Connaught Place,Delhi,305,Iced Filter Coffee (MI),MI,1.0,No.,76,Milk - Tetra 1Ltr,0.1,Ltr,0.1,,7.8546,7.9479,recipe_cost_connaught_place.csv,Iced Filter Coffee,False,1.2
Connaught Place,Delhi,305,Iced Filter Coffee (MI),MI,1.0,No.,31,White Sugar Sachet (1pkt = 200pc),2.0,Pc,2.0,,0.9074,0.9926,recipe_cost_connaught_place.csv,Iced Filter Coffee,False,9.4
Connaught Place,Delhi,305,Iced Filter Coffee (MI),MI,1.0,No.,97,Paper Napkin (1pkt = 100pc),1.0,Pc,1.0,,0.2621,0.2465,recipe_cost_connaught_place.csv,Iced Filter Coffee,False,-6.0
Connaught Place,Delhi,304,Strawberry Shake (MI),MI,1.0,No.,548,Strawberry Crush - 750ml,0.06,Ltr,0.06,,11.592,11.592,recipe_cost_connaught_place.csv,Strawberry Shake,False,0.0
Connaught Place,Delhi,304,Strawberry Shake (MI),MI,1.0,No.,76,Milk - Tetra 1Ltr,0.1,Ltr,0.1,,7.8546,7.9479,recipe_cost_connaught_place.csv,Strawberry Shake,False,1.2
Connaught Place,Delhi,304,Strawberry Shake (MI),MI,1.0,No.,297,Amul IC BP Vanilla (5L) CF,0.1,Ltr,0.1,,9.1624,9.5629,recipe_cost_connaught_place.csv,Strawberry Shake,False,4.4
Connaught Place,Delhi,304,Strawberry Shake (MI),MI,1.0,No.,113,Paper Straw (1pkt = 100pc),1.0,Pc,1.0,,0.4287,0.4479,recipe_cost_connaught_place.csv,Strawberry Shake,False,4.5
Connaught Place,Delhi,304,Strawberry Shake (MI),MI,1.0,No.,97,Paper Napkin (1pkt = 100pc),1.0,Pc,1.0,,0.2621,0.2465,recipe_cost_connaught_place.csv,Strawberry Shake,False,-6.0
Connaught Place,Delhi,303,Benne Masala Dosa @ 0 (MI),MI,1.0,No.,534,Benne Dosa Batter (Pack Size -3 Kg ),0.075,Kg,0.075,,2.2904,2.1411,recipe_cost_connaught_place.csv,Benne Masala Dosa @ 0,False,-6.5
Connaught Place,Delhi,303,Benne Masala Dosa @ 0 (MI),MI,1.0,No.,446,Potato Masala Bucket Outlet,0.1,Kg,0.1,,4.3886,4.5238,recipe_cost_connaught_place.csv,Benne Masala Dosa @ 0,False,3.1
Connaught Place,Delhi,303,Benne Masala Dosa @ 0 (MI),MI,1.0,No.,391,White Butter,0.02,Kg,0.02,,11.4593,11.7371,recipe_cost_connaught_place.csv,Benne Masala Dosa @ 0,False,2.4
Connaught Place,Delhi,303,Benne Masala Dosa @ 0 (MI),MI,1.0,No.,234,Regular White Chutney Bucket Outlet,0.1,Kg,0.1,,7.9582,8.0894,recipe_cost_connaught_place.csv,Benne Masala Dosa @ 0,False,1.6
Connaught Place,Delhi,303,Benne Masala Dosa @ 0 (MI),MI,1.0,No.,186,Spicy Coconut Chutney Bucket,0.05,Kg,0.05,,2.7747,2.9189,recipe_cost_connaught_place.csv,Benne Masala Dosa @ 0,False,5.2
Connaught Place,Delhi,303,Benne Masala Dosa @ 0 (MI),MI,1.0,No.,188,Tomato Onion Chutney Bucket,0.05,Kg,0.05,,6.2713,5.5342,recipe_cost_connaught_place.csv,Benne Masala Dosa @ 0,False,-11.8
Connaught Place,Delhi,303,Benne Masala Dosa @ 0 (MI),MI,1.0,No.,84,Banana Leaf Big (1bundle = 50pc),1.0,Pc,1.0,1.75,2.6349,2.5442,recipe_cost_connaught_place.csv,Benne Masala Dosa @ 0,False,-3.4
Connaught Place,Delhi,303,Benne Masala Dosa @ 0 (MI),MI,1.0,No.,540,Sambar Bucket - Delhi,0.2,Ltr,0.2,,6.7373,6.6319,recipe_cost_connaught_place.csv,Benne Masala Dosa @ 0,False,-1.6
Connaught Place,Delhi,69,Bisbelle Bhaat (MI),MI,1.0,No.,211,Steam Rice Bucket,0.1,Kg,0.1,,4.9089,5.5416,recipe_cost_connaught_place.csv,Bisbelle Bhaat,False,12.9
Connaught Place,Delhi,69,Bisbelle Bhaat (MI),MI,1.0,No.,32,Whole Cumin,0.01,Kg,0.01,,3.534,3.0465,recipe_cost_connaught_place.csv,Bisbelle Bhaat,False,-13.8
Connaught Place,Delhi,69,Bisbelle Bhaat (MI),MI,1.0,No.,75,Ghee,0.01,Kg,0.01,,7.2105,7.7929,recipe_cost_connaught_place.csv,Bisbelle Bhaat,False,8.1
Connaught Place,Delhi,69,Bisbelle Bhaat (MI),MI,1.0,No.,116,Raw Green Chili,0.02,Kg,0.02,,0.8147,0.8162,recipe_cost_connaught_place.csv,Bisbelle Bhaat,False,0.2
Connaught Place,Delhi,69,Bisbelle Bhaat (MI),MI,1.0,No.,131,Curry Leaves,0.01,Kg,0.01,,0.3812,0.3811,recipe_cost_connaught_place.csv,Bisbelle Bhaat,False,-0.0
Connaught Place,Delhi,69,Bisbelle Bhaat (MI),MI,1.0,No.,115,Coriander Leaves,0.003,Kg,0.003,,0.2977,0.3262,recipe_cost_connaught_place.csv,Bisbelle Bhaat,False,9.6
Connaught Place,Delhi,69,Bisbelle Bhaat (MI),MI,1.0,No.,20,Raw Imli,0.001,Kg,0.001,0.09,0.0884,,recipe_cost_connaught_place.csv,Bisbelle Bhaat,False,
Connaught Place,Delhi,69,Bisbelle Bhaat (MI),MI,1.0,No.,21,RO Water,0.005,Ltr,0.005,,,,recipe_cost_connaught_place.csv,Bisbelle Bhaat,True,
Connaught Place,Delhi,69,Bisbelle Bhaat (MI),MI,1.0,No.,53,Sugar,0.005,Kg,0.005,,0.265,0.2966,recipe_cost_connaught_place.csv,Bisbelle Bhaat,False,11.9
Connaught Place,Delhi,69,Bisbelle Bhaat (MI),MI,1.0,No.,30,Appalam Papad (1pkt = 47pc),1.0,Pc,1.0,,3.713,3.818,recipe_cost_connaught_place.csv,Bisbelle Bhaat,False,2.8
Connaught Place,Delhi,69,Bisbelle Bhaat (MI),MI,1.0,No.,181,Raw Mango Pickle Bucket,0.005,Kg,0.005,,1.176,1.1272,recipe_cost_connaught_place.csv,Bisbelle Bhaat,False,-4.1
Connaught Place,Delhi,69,Bisbelle Bhaat (MI),MI,1.0,No.,97,Paper Napkin (1pkt = 100pc),1.0,Pc,1.0,,0.2621,0.2465,recipe_cost_connaught_place.csv,Bisbelle Bhaat,False,-6.0
Connaught Place,Delhi,69,Bisbelle Bhaat (MI),MI,1.0,No.,540,Sambar Bucket - Delhi,0.35,Ltr,0.35,,11.7903,11.6058,recipe_cost_connaught_place.csv,Bisbelle Bhaat,False,-1.6
Connaught Place,Delhi,217,Jain Sambar (MI),MI,1.0,No.,115,Coriander Leaves,0.001,Kg,0.001,,0.0992,0.1087,recipe_cost_connaught_place.csv,Jain Sambar,False,9.6
Connaught Place,Delhi,217,Jain Sambar (MI),MI,1.0,No.,541,Jain Sambar - Delhi,0.2,Ltr,0.2,,6.4255,6.3893,recipe_cost_connaught_place.csv,Jain Sambar,False,-0.6
Connaught Place,Delhi,216,Regular Sambar (MI),MI,1.0,No.,115,Coriander Leaves,0.001,Kg,0.001,,0.0992,0.1087,recipe_cost_connaught_place.csv,Regular Sambar,False,9.6
Connaught Place,Delhi,216,Regular Sambar (MI),MI,1.0,No.,540,Sambar Bucket - Delhi,0.2,Ltr,0.2,,6.7373,6.6319,recipe_cost_connaught_place.csv,Regular Sambar,False,-1.6
Connaught Place,Delhi,298,Ghee Roast Masala Dosa. (MI),MI,1.0,No.,190,Dosa Batter Mix,0.12,Kg,0.12,,3.6413,3.6665,recipe_cost_connaught_place.csv,Ghee Roast Masala Dosa.,False,0.7
Connaught Place,Delhi,298,Ghee Roast Masala Dosa. (MI),MI,1.0,No.,75,Ghee,0.03,Kg,0.03,,21.6316,23.3787,recipe_cost_connaught_place.csv,Ghee Roast Masala Dosa.,False,8.1
Connaught Place,Delhi,298,Ghee Roast Masala Dosa. (MI),MI,1.0,No.,207,Special Daal Bucket,0.001,Kg,0.001,,0.1474,0.1533,recipe_cost_connaught_place.csv,Ghee Roast Masala Dosa.,False,4.0
Connaught Place,Delhi,298,Ghee Roast Masala Dosa. (MI),MI,1.0,No.,97,Paper Napkin (1pkt = 100pc),1.0,Pc,1.0,,0.2621,0.2465,recipe_cost_connaught_place.csv,Ghee Roast Masala Dosa.,False,-6.0
Connaught Place,Delhi,298,Ghee Roast Masala Dosa. (MI),MI,1.0,No.,47,Fried Chana Daal,0.036,Kg,0.036,,4.4456,4.4645,recipe_cost_connaught_place.csv,Ghee Roast Masala Dosa.,False,0.4
Connaught Place,Delhi,298,Ghee Roast Masala Dosa. (MI),MI,1.0,No.,229,Coconut Shredded,0.05,Kg,0.05,,12.3913,12.6504,recipe_cost_connaught_place.csv,Ghee Roast Masala Dosa.,False,2.1
Connaught Place,Delhi,298,Ghee Roast Masala Dosa. (MI),MI,1.0,No.,21,RO Water,0.11,Ltr,0.11,,,,recipe_cost_connaught_place.csv,Ghee Roast Masala Dosa.,True,
Connaught Place,Delhi,298,Ghee Roast Masala Dosa. (MI),MI,1.0,No.,115,Coriander Leaves,0.01,Kg,0.01,,0.9923,1.0874,recipe_cost_connaught_place.csv,Ghee Roast Masala Dosa.,False,9.6
Connaught Place,Delhi,298,Ghee Roast Masala Dosa. (MI),MI,1.0,No.,329,Imli Water,0.003,Ltr,0.003,,0.083,0.0789,recipe_cost_connaught_place.csv,Ghee Roast Masala Dosa.,False,-4.9
Connaught Place,Delhi,298,Ghee Roast Masala Dosa. (MI),MI,1.0,No.,328,Spicy Coconut Chutney Mix 1Pkt (16gm),0.002,Kg,0.002,,0.3763,0.3773,recipe_cost_connaught_place.csv,Ghee Roast Masala Dosa.,False,0.3
Connaught Place,Delhi,298,Ghee Roast Masala Dosa. (MI),MI,1.0,No.,108,Ginger,0.01,Kg,0.01,,1.1764,1.1689,recipe_cost_connaught_place.csv,Ghee Roast Masala Dosa.,False,-0.6
Connaught Place,Delhi,298,Ghee Roast Masala Dosa. (MI),MI,1.0,No.,116,Raw Green Chili,0.008,Kg,0.008,,0.3259,0.3265,recipe_cost_connaught_place.csv,Ghee Roast Masala Dosa.,False,0.2
Connaught Place,Delhi,298,Ghee Roast Masala Dosa. (MI),MI,1.0,No.,188,Tomato Onion Chutney Bucket,0.05,Kg,0.05,,6.2713,5.5342,recipe_cost_connaught_place.csv,Ghee Roast Masala Dosa.,False,-11.8
Connaught Place,Delhi,298,Ghee Roast Masala Dosa. (MI),MI,1.0,No.,446,Potato Masala Bucket Outlet,0.15,Kg,0.15,,6.5829,6.7857,recipe_cost_connaught_place.csv,Ghee Roast Masala Dosa.,False,3.1
Connaught Place,Delhi,293,Ghee Roast Masala Dosa (MI),MI,1.0,No.,190,Dosa Batter Mix,0.12,Kg,0.12,,3.6413,3.6665,recipe_cost_connaught_place.csv,Ghee Roast Masala Dosa,False,0.7
Connaught Place,Delhi,293,Ghee Roast Masala Dosa (MI),MI,1.0,No.,75,Ghee,0.03,Kg,0.03,,21.6316,23.3787,recipe_cost_connaught_place.csv,Ghee Roast Masala Dosa,False,8.1
Connaught Place,Delhi,293,Ghee Roast Masala Dosa (MI),MI,1.0,No.,207,Special Daal Bucket,0.001,Kg,0.001,,0.1474,0.1533,recipe_cost_connaught_place.csv,Ghee Roast Masala Dosa,False,4.0
Connaught Place,Delhi,293,Ghee Roast Masala Dosa (MI),MI,1.0,No.,97,Paper Napkin (1pkt = 100pc),1.0,Pc,1.0,,0.2621,0.2465,recipe_cost_connaught_place.csv,Ghee Roast Masala Dosa,False,-6.0
Connaught Place,Delhi,293,Ghee Roast Masala Dosa (MI),MI,1.0,No.,47,Fried Chana Daal,0.036,Kg,0.036,,4.4456,4.4645,recipe_cost_connaught_place.csv,Ghee Roast Masala Dosa,False,0.4
Connaught Place,Delhi,293,Ghee Roast Masala Dosa (MI),MI,1.0,No.,229,Coconut Shredded,0.05,Kg,0.05,,12.3913,12.6504,recipe_cost_connaught_place.csv,Ghee Roast Masala Dosa,False,2.1
Connaught Place,Delhi,293,Ghee Roast Masala Dosa (MI),MI,1.0,No.,21,RO Water,0.11,Ltr,0.11,,,,recipe_cost_connaught_place.csv,Ghee Roast Masala Dosa,True,
Connaught Place,Delhi,293,Ghee Roast Masala Dosa (MI),MI,1.0,No.,115,Coriander Leaves,0.01,Kg,0.01,,0.9923,1.0874,recipe_cost_connaught_place.csv,Ghee Roast Masala Dosa,False,9.6
Connaught Place,Delhi,293,Ghee Roast Masala Dosa (MI),MI,1.0,No.,329,Imli Water,0.003,Ltr,0.003,,0.083,0.0789,recipe_cost_connaught_place.csv,Ghee Roast Masala Dosa,False,-4.9
Connaught Place,Delhi,293,Ghee Roast Masala Dosa (MI),MI,1.0,No.,328,Spicy Coconut Chutney Mix 1Pkt (16gm),0.002,Kg,0.002,,0.3763,0.3773,recipe_cost_connaught_place.csv,Ghee Roast Masala Dosa,False,0.3
Connaught Place,Delhi,293,Ghee Roast Masala Dosa (MI),MI,1.0,No.,108,Ginger,0.01,Kg,0.01,,1.1764,1.1689,recipe_cost_connaught_place.csv,Ghee Roast Masala Dosa,False,-0.6
Connaught Place,Delhi,293,Ghee Roast Masala Dosa (MI),MI,1.0,No.,116,Raw Green Chili,0.008,Kg,0.008,,0.3259,0.3265,recipe_cost_connaught_place.csv,Ghee Roast Masala Dosa,False,0.2
Connaught Place,Delhi,293,Ghee Roast Masala Dosa (MI),MI,1.0,No.,188,Tomato Onion Chutney Bucket,0.05,Kg,0.05,,6.2713,5.5342,recipe_cost_connaught_place.csv,Ghee Roast Masala Dosa,False,-11.8
Connaught Place,Delhi,293,Ghee Roast Masala Dosa (MI),MI,1.0,No.,446,Potato Masala Bucket Outlet,0.15,Kg,0.15,,6.5829,6.7857,recipe_cost_connaught_place.csv,Ghee Roast Masala Dosa,False,3.1
Connaught Place,Delhi,299,Regular Masala Dosa (MI),MI,1.0,No.,190,Dosa Batter Mix,0.14,Kg,0.14,,4.2482,4.2775,recipe_cost_connaught_place.csv,Regular Masala Dosa,False,0.7
Connaught Place,Delhi,299,Regular Masala Dosa (MI),MI,1.0,No.,207,Special Daal Bucket,0.001,Kg,0.001,,0.1474,0.1533,recipe_cost_connaught_place.csv,Regular Masala Dosa,False,4.0
Connaught Place,Delhi,299,Regular Masala Dosa (MI),MI,1.0,No.,43,Sunflower Refined Oil  ( 1pkt = 868 Ml ),0.017,Ltr,0.017,,2.9858,3.3621,recipe_cost_connaught_place.csv,Regular Masala Dosa,False,12.6
Connaught Place,Delhi,299,Regular Masala Dosa (MI),MI,1.0,No.,97,Paper Napkin (1pkt = 100pc),1.0,Pc,1.0,,0.2621,0.2465,recipe_cost_connaught_place.csv,Regular Masala Dosa,False,-6.0
Connaught Place,Delhi,299,Regular Masala Dosa (MI),MI,1.0,No.,75,Ghee,0.001,Kg,0.001,,0.7211,0.7793,recipe_cost_connaught_place.csv,Regular Masala Dosa,False,8.1
Connaught Place,Delhi,299,Regular Masala Dosa (MI),MI,1.0,No.,47,Fried Chana Daal,0.036,Kg,0.036,,4.4456,4.4645,recipe_cost_connaught_place.csv,Regular Masala Dosa,False,0.4
Connaught Place,Delhi,299,Regular Masala Dosa (MI),MI,1.0,No.,229,Coconut Shredded,0.05,Kg,0.05,,12.3913,12.6504,recipe_cost_connaught_place.csv,Regular Masala Dosa,False,2.1
Connaught Place,Delhi,299,Regular Masala Dosa (MI),MI,1.0,No.,108,Ginger,0.01,Kg,0.01,,1.1764,1.1689,recipe_cost_connaught_place.csv,Regular Masala Dosa,False,-0.6
Connaught Place,Delhi,299,Regular Masala Dosa (MI),MI,1.0,No.,116,Raw Green Chili,0.008,Kg,0.008,,0.3259,0.3265,recipe_cost_connaught_place.csv,Regular Masala Dosa,False,0.2
Connaught Place,Delhi,299,Regular Masala Dosa (MI),MI,1.0,No.,21,RO Water,0.11,Ltr,0.11,,,,recipe_cost_connaught_place.csv,Regular Masala Dosa,True,
Connaught Place,Delhi,299,Regular Masala Dosa (MI),MI,1.0,No.,329,Imli Water,0.003,Ltr,0.003,,0.083,0.0789,recipe_cost_connaught_place.csv,Regular Masala Dosa,False,-4.9
Connaught Place,Delhi,299,Regular Masala Dosa (MI),MI,1.0,No.,328,Spicy Coconut Chutney Mix 1Pkt (16gm),0.002,Kg,0.002,,0.3763,0.3773,recipe_cost_connaught_place.csv,Regular Masala Dosa,False,0.3
Connaught Place,Delhi,299,Regular Masala Dosa (MI),MI,1.0,No.,188,Tomato Onion Chutney Bucket,0.05,Kg,0.05,,6.2713,5.5342,recipe_cost_connaught_place.csv,Regular Masala Dosa,False,-11.8
Connaught Place,Delhi,299,Regular Masala Dosa (MI),MI,1.0,No.,115,Coriander Leaves,0.01,Kg,0.01,,0.9923,1.0874,recipe_cost_connaught_place.csv,Regular Masala Dosa,False,9.6
Connaught Place,Delhi,299,Regular Masala Dosa (MI),MI,1.0,No.,446,Potato Masala Bucket Outlet,0.15,Kg,0.15,,6.5829,6.7857,recipe_cost_connaught_place.csv,Regular Masala Dosa,False,3.1
Connaught Place,Delhi,297,Benne Masala Dosa. (MI),MI,1.0,No.,391,White Butter,0.03,Kg,0.03,,17.189,17.6056,recipe_cost_connaught_place.csv,Benne Masala Dosa.,False,2.4
Connaught Place,Delhi,297,Benne Masala Dosa. (MI),MI,1.0,No.,188,Tomato Onion Chutney Bucket,0.1,Kg,0.1,,12.5426,11.0684,recipe_cost_connaught_place.csv,Benne Masala Dosa.,False,-11.8
Connaught Place,Delhi,297,Benne Masala Dosa. (MI),MI,1.0,No.,97,Paper Napkin (1pkt = 100pc),1.0,Pc,1.0,,0.2621,0.2465,recipe_cost_connaught_place.csv,Benne Masala Dosa.,False,-6.0
Connaught Place,Delhi,297,Benne Masala Dosa. (MI),MI,1.0,No.,47,Fried Chana Daal,0.036,Kg,0.036,,4.4456,4.4645,recipe_cost_connaught_place.csv,Benne Masala Dosa.,False,0.4
Connaught Place,Delhi,297,Benne Masala Dosa. (MI),MI,1.0,No.,229,Coconut Shredded,0.05,Kg,0.05,,12.3913,12.6504,recipe_cost_connaught_place.csv,Benne Masala Dosa.,False,2.1
Connaught Place,Delhi,297,Benne Masala Dosa. (MI),MI,1.0,No.,21,RO Water,0.11,Ltr,0.11,,,,recipe_cost_connaught_place.csv,Benne Masala Dosa.,True,
Connaught Place,Delhi,297,Benne Masala Dosa. (MI),MI,1.0,No.,115,Coriander Leaves,0.004,Kg,0.004,,0.3969,0.435,recipe_cost_connaught_place.csv,Benne Masala Dosa.,False,9.6
Connaught Place,Delhi,297,Benne Masala Dosa. (MI),MI,1.0,No.,329,Imli Water,0.003,Ltr,0.003,,0.083,0.0789,recipe_cost_connaught_place.csv,Benne Masala Dosa.,False,-4.9
Connaught Place,Delhi,297,Benne Masala Dosa. (MI),MI,1.0,No.,328,Spicy Coconut Chutney Mix 1Pkt (16gm),0.002,Kg,0.002,,0.3763,0.3773,recipe_cost_connaught_place.csv,Benne Masala Dosa.,False,0.3
Connaught Place,Delhi,297,Benne Masala Dosa. (MI),MI,1.0,No.,207,Special Daal Bucket,0.003,Kg,0.003,,0.4421,0.4598,recipe_cost_connaught_place.csv,Benne Masala Dosa.,False,4.0
Connaught Place,Delhi,297,Benne Masala Dosa. (MI),MI,1.0,No.,108,Ginger,0.01,Kg,0.01,,1.1764,1.1689,recipe_cost_connaught_place.csv,Benne Masala Dosa.,False,-0.6
Connaught Place,Delhi,297,Benne Masala Dosa. (MI),MI,1.0,No.,116,Raw Green Chili,0.008,Kg,0.008,,0.3259,0.3265,recipe_cost_connaught_place.csv,Benne Masala Dosa.,False,0.2
Connaught Place,Delhi,297,Benne Masala Dosa. (MI),MI,1.0,No.,446,Potato Masala Bucket Outlet,0.15,Kg,0.15,,6.5829,6.7857,recipe_cost_connaught_place.csv,Benne Masala Dosa.,False,3.1
Connaught Place,Delhi,297,Benne Masala Dosa. (MI),MI,1.0,No.,534,Benne Dosa Batter (Pack Size -3 Kg ),0.15,Kg,0.15,,4.5808,4.2821,recipe_cost_connaught_place.csv,Benne Masala Dosa.,False,-6.5
Connaught Place,Delhi,294,Garlic Benne Dosa (MI),MI,1.0,No.,534,Benne Dosa Batter (Pack Size -3 Kg ),0.15,Kg,0.15,,4.5808,4.2821,recipe_cost_connaught_place.csv,Garlic Benne Dosa,False,-6.5
Connaught Place,Delhi,294,Garlic Benne Dosa (MI),MI,1.0,No.,391,White Butter,0.03,Kg,0.03,,17.189,17.6056,recipe_cost_connaught_place.csv,Garlic Benne Dosa,False,2.4
Connaught Place,Delhi,294,Garlic Benne Dosa (MI),MI,1.0,No.,202,Garlic Chutney Bucket,0.06,Kg,0.06,,15.2798,15.3032,recipe_cost_connaught_place.csv,Garlic Benne Dosa,False,0.2
Connaught Place,Delhi,294,Garlic Benne Dosa (MI),MI,1.0,No.,97,Paper Napkin (1pkt = 100pc),1.0,Pc,1.0,,0.2621,0.2465,recipe_cost_connaught_place.csv,Garlic Benne Dosa,False,-6.0
Connaught Place,Delhi,294,Garlic Benne Dosa (MI),MI,1.0,No.,47,Fried Chana Daal,0.05,Kg,0.05,,6.1745,6.2007,recipe_cost_connaught_place.csv,Garlic Benne Dosa,False,0.4
Connaught Place,Delhi,294,Garlic Benne Dosa (MI),MI,1.0,No.,207,Special Daal Bucket,0.003,Kg,0.003,,0.4421,0.4598,recipe_cost_connaught_place.csv,Garlic Benne Dosa,False,4.0
Connaught Place,Delhi,294,Garlic Benne Dosa (MI),MI,1.0,No.,229,Coconut Shredded,0.06,Kg,0.06,,14.8695,15.1804,recipe_cost_connaught_place.csv,Garlic Benne Dosa,False,2.1
Connaught Place,Delhi,294,Garlic Benne Dosa (MI),MI,1.0,No.,108,Ginger,0.004,Kg,0.004,,0.4706,0.4676,recipe_cost_connaught_place.csv,Garlic Benne Dosa,False,-0.6
Connaught Place,Delhi,294,Garlic Benne Dosa (MI),MI,1.0,No.,116,Raw Green Chili,0.002,Kg,0.002,,0.0815,0.0816,recipe_cost_connaught_place.csv,Garlic Benne Dosa,False,0.1
Connaught Place,Delhi,294,Garlic Benne Dosa (MI),MI,1.0,No.,53,Sugar,0.001,Kg,0.001,,0.053,0.0593,recipe_cost_connaught_place.csv,Garlic Benne Dosa,False,11.9
Connaught Place,Delhi,294,Garlic Benne Dosa (MI),MI,1.0,No.,29,Salt,0.004,Kg,0.004,,0.1176,0.1229,recipe_cost_connaught_place.csv,Garlic Benne Dosa,False,4.5
Connaught Place,Delhi,294,Garlic Benne Dosa (MI),MI,1.0,No.,21,RO Water,0.011,Ltr,0.011,,,,recipe_cost_connaught_place.csv,Garlic Benne Dosa,True,
Connaught Place,Delhi,294,Garlic Benne Dosa (MI),MI,1.0,No.,115,Coriander Leaves,0.005,Kg,0.005,,0.4962,0.5437,recipe_cost_connaught_place.csv,Garlic Benne Dosa,False,9.6
Connaught Place,Delhi,294,Garlic Benne Dosa (MI),MI,1.0,No.,132,Onion,0.032,Kg,0.032,,1.1172,1.1309,recipe_cost_connaught_place.csv,Garlic Benne Dosa,False,1.2
Connaught Place,Delhi,294,Garlic Benne Dosa (MI),MI,1.0,No.,141,Tomato,0.032,Kg,0.032,,1.1821,1.1651,recipe_cost_connaught_place.csv,Garlic Benne Dosa,False,-1.4
Connaught Place,Delhi,294,Garlic Benne Dosa (MI),MI,1.0,No.,329,Imli Water,0.003,Ltr,0.003,,0.083,0.0789,recipe_cost_connaught_place.csv,Garlic Benne Dosa,False,-4.9
Connaught Place,Delhi,294,Garlic Benne Dosa (MI),MI,1.0,No.,26,Jaggery,0.003,Kg,0.003,,0.2121,0.2131,recipe_cost_connaught_place.csv,Garlic Benne Dosa,False,0.5
Connaught Place,Delhi,294,Garlic Benne Dosa (MI),MI,1.0,No.,523,Tomato Onion Powder Mix (1 Pkt = 24gm),0.003,Kg,0.003,,1.5616,1.6019,recipe_cost_connaught_place.csv,Garlic Benne Dosa,False,2.6
Connaught Place,Delhi,294,Garlic Benne Dosa (MI),MI,1.0,No.,43,Sunflower Refined Oil  ( 1pkt = 868 Ml ),0.004,Ltr,0.004,,0.7025,0.7911,recipe_cost_connaught_place.csv,Garlic Benne Dosa,False,12.6
Connaught Place,Delhi,295,Raw Mango Benne Dosa (MI),MI,1.0,No.,534,Benne Dosa Batter (Pack Size -3 Kg ),0.15,Kg,0.15,,4.5808,4.2821,recipe_cost_connaught_place.csv,Raw Mango Benne Dosa,False,-6.5
Connaught Place,Delhi,295,Raw Mango Benne Dosa (MI),MI,1.0,No.,391,White Butter,0.03,Kg,0.03,,17.189,17.6056,recipe_cost_connaught_place.csv,Raw Mango Benne Dosa,False,2.4
Connaught Place,Delhi,295,Raw Mango Benne Dosa (MI),MI,1.0,No.,209,Raw Mango Chutney Bucket,0.06,Kg,0.06,,13.5262,13.6671,recipe_cost_connaught_place.csv,Raw Mango Benne Dosa,False,1.0
Connaught Place,Delhi,295,Raw Mango Benne Dosa (MI),MI,1.0,No.,97,Paper Napkin (1pkt = 100pc),1.0,Pc,1.0,,0.2621,0.2465,recipe_cost_connaught_place.csv,Raw Mango Benne Dosa,False,-6.0
Connaught Place,Delhi,295,Raw Mango Benne Dosa (MI),MI,1.0,No.,47,Fried Chana Daal,0.05,Kg,0.05,,6.1745,6.2007,recipe_cost_connaught_place.csv,Raw Mango Benne Dosa,False,0.4
Connaught Place,Delhi,295,Raw Mango Benne Dosa (MI),MI,1.0,No.,207,Special Daal Bucket,0.003,Kg,0.003,,0.4421,0.4598,recipe_cost_connaught_place.csv,Raw Mango Benne Dosa,False,4.0
Connaught Place,Delhi,295,Raw Mango Benne Dosa (MI),MI,1.0,No.,229,Coconut Shredded,0.06,Kg,0.06,,14.8695,15.1804,recipe_cost_connaught_place.csv,Raw Mango Benne Dosa,False,2.1
Connaught Place,Delhi,295,Raw Mango Benne Dosa (MI),MI,1.0,No.,108,Ginger,0.004,Kg,0.004,,0.4706,0.4676,recipe_cost_connaught_place.csv,Raw Mango Benne Dosa,False,-0.6
Connaught Place,Delhi,295,Raw Mango Benne Dosa (MI),MI,1.0,No.,116,Raw Green Chili,0.002,Kg,0.002,,0.0815,0.0816,recipe_cost_connaught_place.csv,Raw Mango Benne Dosa,False,0.1
Connaught Place,Delhi,295,Raw Mango Benne Dosa (MI),MI,1.0,No.,53,Sugar,0.001,Kg,0.001,,0.053,0.0593,recipe_cost_connaught_place.csv,Raw Mango Benne Dosa,False,11.9
Connaught Place,Delhi,295,Raw Mango Benne Dosa (MI),MI,1.0,No.,29,Salt,0.004,Kg,0.004,,0.1176,0.1229,recipe_cost_connaught_place.csv,Raw Mango Benne Dosa,False,4.5
Connaught Place,Delhi,295,Raw Mango Benne Dosa (MI),MI,1.0,No.,21,RO Water,0.011,Ltr,0.011,,,,recipe_cost_connaught_place.csv,Raw Mango Benne Dosa,True,
Connaught Place,Delhi,295,Raw Mango Benne Dosa (MI),MI,1.0,No.,115,Coriander Leaves,0.005,Kg,0.005,,0.4962,0.5437,recipe_cost_connaught_place.csv,Raw Mango Benne Dosa,False,9.6
Connaught Place,Delhi,295,Raw Mango Benne Dosa (MI),MI,1.0,No.,132,Onion,0.035,Kg,0.035,,1.222,1.2369,recipe_cost_connaught_place.csv,Raw Mango Benne Dosa,False,1.2
Connaught Place,Delhi,295,Raw Mango Benne Dosa (MI),MI,1.0,No.,141,Tomato,0.032,Kg,0.032,,1.1821,1.1651,recipe_cost_connaught_place.csv,Raw Mango Benne Dosa,False,-1.4
Connaught Place,Delhi,295,Raw Mango Benne Dosa (MI),MI,1.0,No.,329,Imli Water,0.003,Ltr,0.003,,0.083,0.0789,recipe_cost_connaught_place.csv,Raw Mango Benne Dosa,False,-4.9
Connaught Place,Delhi,295,Raw Mango Benne Dosa (MI),MI,1.0,No.,26,Jaggery,0.003,Kg,0.003,,0.2121,0.2131,recipe_cost_connaught_place.csv,Raw Mango Benne Dosa,False,0.5
Connaught Place,Delhi,295,Raw Mango Benne Dosa (MI),MI,1.0,No.,523,Tomato Onion Powder Mix (1 Pkt = 24gm),0.003,Kg,0.003,,1.5616,1.6019,recipe_cost_connaught_place.csv,Raw Mango Benne Dosa,False,2.6
Connaught Place,Delhi,295,Raw Mango Benne Dosa (MI),MI,1.0,No.,43,Sunflower Refined Oil  ( 1pkt = 868 Ml ),0.004,Ltr,0.004,,0.7025,0.7911,recipe_cost_connaught_place.csv,Raw Mango Benne Dosa,False,12.6
Connaught Place,Delhi,296,Mysore Benne Dosa (MI),MI,1.0,No.,534,Benne Dosa Batter (Pack Size -3 Kg ),0.15,Kg,0.15,,4.5808,4.2821,recipe_cost_connaught_place.csv,Mysore Benne Dosa,False,-6.5
Connaught Place,Delhi,296,Mysore Benne Dosa (MI),MI,1.0,No.,391,White Butter,0.03,Kg,0.03,,17.189,17.6056,recipe_cost_connaught_place.csv,Mysore Benne Dosa,False,2.4
Connaught Place,Delhi,296,Mysore Benne Dosa (MI),MI,1.0,No.,210,Mysore Chutney Bucket,0.06,Kg,0.06,,11.0163,11.336,recipe_cost_connaught_place.csv,Mysore Benne Dosa,False,2.9
Connaught Place,Delhi,296,Mysore Benne Dosa (MI),MI,1.0,No.,97,Paper Napkin (1pkt = 100pc),1.0,Pc,1.0,,0.2621,0.2465,recipe_cost_connaught_place.csv,Mysore Benne Dosa,False,-6.0
Connaught Place,Delhi,296,Mysore Benne Dosa (MI),MI,1.0,No.,47,Fried Chana Daal,0.05,Kg,0.05,,6.1745,6.2007,recipe_cost_connaught_place.csv,Mysore Benne Dosa,False,0.4
Connaught Place,Delhi,296,Mysore Benne Dosa (MI),MI,1.0,No.,207,Special Daal Bucket,0.003,Kg,0.003,,0.4421,0.4598,recipe_cost_connaught_place.csv,Mysore Benne Dosa,False,4.0
Connaught Place,Delhi,296,Mysore Benne Dosa (MI),MI,1.0,No.,229,Coconut Shredded,0.06,Kg,0.06,,14.8695,15.1804,recipe_cost_connaught_place.csv,Mysore Benne Dosa,False,2.1
Connaught Place,Delhi,296,Mysore Benne Dosa (MI),MI,1.0,No.,108,Ginger,0.004,Kg,0.004,,0.4706,0.4676,recipe_cost_connaught_place.csv,Mysore Benne Dosa,False,-0.6
Connaught Place,Delhi,296,Mysore Benne Dosa (MI),MI,1.0,No.,116,Raw Green Chili,0.002,Kg,0.002,,0.0815,0.0816,recipe_cost_connaught_place.csv,Mysore Benne Dosa,False,0.1
Connaught Place,Delhi,296,Mysore Benne Dosa (MI),MI,1.0,No.,53,Sugar,0.0001,Kg,0.0001,,0.0053,0.0059,recipe_cost_connaught_place.csv,Mysore Benne Dosa,False,11.3
Connaught Place,Delhi,296,Mysore Benne Dosa (MI),MI,1.0,No.,29,Salt,0.004,Kg,0.004,,0.1176,0.1229,recipe_cost_connaught_place.csv,Mysore Benne Dosa,False,4.5
Connaught Place,Delhi,296,Mysore Benne Dosa (MI),MI,1.0,No.,21,RO Water,0.011,Ltr,0.011,,,,recipe_cost_connaught_place.csv,Mysore Benne Dosa,True,
Connaught Place,Delhi,296,Mysore Benne Dosa (MI),MI,1.0,No.,115,Coriander Leaves,0.005,Kg,0.005,,0.4962,0.5437,recipe_cost_connaught_place.csv,Mysore Benne Dosa,False,9.6
Connaught Place,Delhi,296,Mysore Benne Dosa (MI),MI,1.0,No.,132,Onion,0.032,Kg,0.032,,1.1172,1.1309,recipe_cost_connaught_place.csv,Mysore Benne Dosa,False,1.2
Connaught Place,Delhi,296,Mysore Benne Dosa (MI),MI,1.0,No.,141,Tomato,0.032,Kg,0.032,,1.1821,1.1651,recipe_cost_connaught_place.csv,Mysore Benne Dosa,False,-1.4
Connaught Place,Delhi,296,Mysore Benne Dosa (MI),MI,1.0,No.,329,Imli Water,0.003,Ltr,0.003,,0.083,0.0789,recipe_cost_connaught_place.csv,Mysore Benne Dosa,False,-4.9
Connaught Place,Delhi,296,Mysore Benne Dosa (MI),MI,1.0,No.,26,Jaggery,0.003,Kg,0.003,,0.2121,0.2131,recipe_cost_connaught_place.csv,Mysore Benne Dosa,False,0.5
Connaught Place,Delhi,296,Mysore Benne Dosa (MI),MI,1.0,No.,523,Tomato Onion Powder Mix (1 Pkt = 24gm),0.003,Kg,0.003,,1.5616,1.6019,recipe_cost_connaught_place.csv,Mysore Benne Dosa,False,2.6
Connaught Place,Delhi,296,Mysore Benne Dosa (MI),MI,1.0,No.,43,Sunflower Refined Oil  ( 1pkt = 868 Ml ),0.004,Ltr,0.004,,0.7025,0.7911,recipe_cost_connaught_place.csv,Mysore Benne Dosa,False,12.6
Connaught Place,Delhi,292,Dosa Coffee Benne Tiffin (MI),MI,1.0,No.,534,Benne Dosa Batter (Pack Size -3 Kg ),0.075,Kg,0.075,,2.2904,2.1411,recipe_cost_connaught_place.csv,Dosa Coffee Benne Tiffin,False,-6.5
Connaught Place,Delhi,292,Dosa Coffee Benne Tiffin (MI),MI,1.0,No.,218,Idli Pc Raw (1 Pkt =40pc),1.0,Pc,1.0,,1.9316,2.0169,recipe_cost_connaught_place.csv,Dosa Coffee Benne Tiffin,False,4.4
Connaught Place,Delhi,292,Dosa Coffee Benne Tiffin (MI),MI,1.0,No.,191,Frozen Medu Vada (10pc),1.0,Pc,1.0,,4.8836,4.9249,recipe_cost_connaught_place.csv,Dosa Coffee Benne Tiffin,False,0.8
Connaught Place,Delhi,292,Dosa Coffee Benne Tiffin (MI),MI,1.0,No.,446,Potato Masala Bucket Outlet,0.1,Kg,0.1,,4.3886,4.5238,recipe_cost_connaught_place.csv,Dosa Coffee Benne Tiffin,False,3.1
Connaught Place,Delhi,292,Dosa Coffee Benne Tiffin (MI),MI,1.0,No.,391,White Butter,0.015,Kg,0.015,,8.5945,8.8028,recipe_cost_connaught_place.csv,Dosa Coffee Benne Tiffin,False,2.4
Connaught Place,Delhi,292,Dosa Coffee Benne Tiffin (MI),MI,1.0,No.,97,Paper Napkin (1pkt = 100pc),1.0,Pc,1.0,,0.2621,0.2465,recipe_cost_connaught_place.csv,Dosa Coffee Benne Tiffin,False,-6.0
Connaught Place,Delhi,292,Dosa Coffee Benne Tiffin (MI),MI,1.0,No.,47,Fried Chana Daal,0.036,Kg,0.036,,4.4456,4.4645,recipe_cost_connaught_place.csv,Dosa Coffee Benne Tiffin,False,0.4
Connaught Place,Delhi,292,Dosa Coffee Benne Tiffin (MI),MI,1.0,No.,229,Coconut Shredded,0.05,Kg,0.05,,12.3913,12.6504,recipe_cost_connaught_place.csv,Dosa Coffee Benne Tiffin,False,2.1
Connaught Place,Delhi,292,Dosa Coffee Benne Tiffin (MI),MI,1.0,No.,21,RO Water,0.11,Ltr,0.11,,,,recipe_cost_connaught_place.csv,Dosa Coffee Benne Tiffin,True,
Connaught Place,Delhi,292,Dosa Coffee Benne Tiffin (MI),MI,1.0,No.,115,Coriander Leaves,0.004,Kg,0.004,,0.3969,0.435,recipe_cost_connaught_place.csv,Dosa Coffee Benne Tiffin,False,9.6
Connaught Place,Delhi,292,Dosa Coffee Benne Tiffin (MI),MI,1.0,No.,329,Imli Water,0.003,Ltr,0.003,,0.083,0.0789,recipe_cost_connaught_place.csv,Dosa Coffee Benne Tiffin,False,-4.9
Connaught Place,Delhi,292,Dosa Coffee Benne Tiffin (MI),MI,1.0,No.,328,Spicy Coconut Chutney Mix 1Pkt (16gm),0.002,Kg,0.002,,0.3763,0.3773,recipe_cost_connaught_place.csv,Dosa Coffee Benne Tiffin,False,0.3
Connaught Place,Delhi,292,Dosa Coffee Benne Tiffin (MI),MI,1.0,No.,207,Special Daal Bucket,0.003,Kg,0.003,,0.4421,0.4598,recipe_cost_connaught_place.csv,Dosa Coffee Benne Tiffin,False,4.0
Connaught Place,Delhi,292,Dosa Coffee Benne Tiffin (MI),MI,1.0,No.,108,Ginger,0.01,Kg,0.01,,1.1764,1.1689,recipe_cost_connaught_place.csv,Dosa Coffee Benne Tiffin,False,-0.6
Connaught Place,Delhi,292,Dosa Coffee Benne Tiffin (MI),MI,1.0,No.,116,Raw Green Chili,0.008,Kg,0.008,,0.3259,0.3265,recipe_cost_connaught_place.csv,Dosa Coffee Benne Tiffin,False,0.2
Connaught Place,Delhi,292,Dosa Coffee Benne Tiffin (MI),MI,1.0,No.,327,Arora Lemon,1.0,Pc,1.0,,8.354,8.3563,recipe_cost_connaught_place.csv,Dosa Coffee Benne Tiffin,False,0.0
Connaught Place,Delhi,291,Benne Dosa Batter Kit (1 kg) (MI),MI,1.0,No.,534,Benne Dosa Batter (Pack Size -3 Kg ),1.0,Kg,1.0,,30.5388,28.5473,recipe_cost_connaught_place.csv,Benne Dosa Batter Kit (1 kg),False,-6.5
Connaught Place,Delhi,291,Benne Dosa Batter Kit (1 kg) (MI),MI,1.0,No.,184,Sambar Bucket,1.0,Ltr,1.0,,30.4833,30.3569,recipe_cost_connaught_place.csv,Benne Dosa Batter Kit (1 kg),False,-0.4
Connaught Place,Delhi,291,Benne Dosa Batter Kit (1 kg) (MI),MI,1.0,No.,115,Coriander Leaves,0.003,Kg,0.003,,0.2977,0.3262,recipe_cost_connaught_place.csv,Benne Dosa Batter Kit (1 kg),False,9.6
Connaught Place,Delhi,291,Benne Dosa Batter Kit (1 kg) (MI),MI,1.0,No.,207,Special Daal Bucket,0.005,Kg,0.005,,0.7369,0.7664,recipe_cost_connaught_place.csv,Benne Dosa Batter Kit (1 kg),False,4.0
Connaught Place,Delhi,291,Benne Dosa Batter Kit (1 kg) (MI),MI,1.0,No.,446,Potato Masala Bucket Outlet,0.5,Kg,0.5,,21.9429,22.6189,recipe_cost_connaught_place.csv,Benne Dosa Batter Kit (1 kg),False,3.1
Connaught Place,Delhi,291,Benne Dosa Batter Kit (1 kg) (MI),MI,1.0,No.,193,Malkapodi Bucket,0.1,Kg,0.1,,17.1534,17.1843,recipe_cost_connaught_place.csv,Benne Dosa Batter Kit (1 kg),False,0.2
Connaught Place,Delhi,291,Benne Dosa Batter Kit (1 kg) (MI),MI,1.0,No.,229,Coconut Shredded,0.2,Kg,0.2,,49.5652,50.6014,recipe_cost_connaught_place.csv,Benne Dosa Batter Kit (1 kg),False,2.1
Connaught Place,Delhi,291,Benne Dosa Batter Kit (1 kg) (MI),MI,1.0,No.,47,Fried Chana Daal,0.15,Kg,0.15,,18.5235,18.6021,recipe_cost_connaught_place.csv,Benne Dosa Batter Kit (1 kg),False,0.4
Connaught Place,Delhi,291,Benne Dosa Batter Kit (1 kg) (MI),MI,1.0,No.,21,RO Water,0.15,Ltr,0.15,,,,recipe_cost_connaught_place.csv,Benne Dosa Batter Kit (1 kg),True,
Connaught Place,Delhi,291,Benne Dosa Batter Kit (1 kg) (MI),MI,1.0,No.,108,Ginger,0.05,Kg,0.05,,5.882,5.8444,recipe_cost_connaught_place.csv,Benne Dosa Batter Kit (1 kg),False,-0.6
Connaught Place,Delhi,291,Benne Dosa Batter Kit (1 kg) (MI),MI,1.0,No.,116,Raw Green Chili,0.025,Kg,0.025,,1.0184,1.0202,recipe_cost_connaught_place.csv,Benne Dosa Batter Kit (1 kg),False,0.2
Connaught Place,Delhi,291,Benne Dosa Batter Kit (1 kg) (MI),MI,1.0,No.,29,Salt,0.005,Kg,0.005,,0.1469,0.1537,recipe_cost_connaught_place.csv,Benne Dosa Batter Kit (1 kg),False,4.6
Connaught Place,Delhi,291,Benne Dosa Batter Kit (1 kg) (MI),MI,1.0,No.,127,Glen Container With Lid - 500ml (1pkt = 50pc),2.0,Pc,2.0,,8.3849,9.6447,recipe_cost_connaught_place.csv,Benne Dosa Batter Kit (1 kg),False,15.0
Connaught Place,Delhi,291,Benne Dosa Batter Kit (1 kg) (MI),MI,1.0,No.,401,1000ml Round Bucket (DIY),2.0,Piece,2.0,,31.031,31.031,recipe_cost_connaught_place.csv,Benne Dosa Batter Kit (1 kg),False,0.0
Connaught Place,Delhi,291,Benne Dosa Batter Kit (1 kg) (MI),MI,1.0,No.,111,Glen Container With Lid - 100ml (1pkt = 50pc),1.0,Pc,1.0,,1.7403,1.9563,recipe_cost_connaught_place.csv,Benne Dosa Batter Kit (1 kg),False,12.4
Connaught Place,Delhi,291,Benne Dosa Batter Kit (1 kg) (MI),MI,1.0,No.,396,DIY Kits Box,1.0,Pc,1.0,,28.2887,28.3117,recipe_cost_connaught_place.csv,Benne Dosa Batter Kit (1 kg),False,0.1
Connaught Place,Delhi,291,Benne Dosa Batter Kit (1 kg) (MI),MI,1.0,No.,402,Dosa Batter Sticker (DIY) Cap Cover,1.0,Pc,1.0,,,,recipe_cost_connaught_place.csv,Benne Dosa Batter Kit (1 kg),True,
Connaught Place,Delhi,291,Benne Dosa Batter Kit (1 kg) (MI),MI,1.0,No.,406,Sambar Sticker (DIY) Cap Cover,1.0,Pc,1.0,,4.4286,4.4286,recipe_cost_connaught_place.csv,Benne Dosa Batter Kit (1 kg),False,0.0
Connaught Place,Delhi,291,Benne Dosa Batter Kit (1 kg) (MI),MI,1.0,No.,407,Round Bucket Dosa Batter Front Sticker (DIY),1.0,Pc,1.0,,4.25,4.25,recipe_cost_connaught_place.csv,Benne Dosa Batter Kit (1 kg),False,0.0
Connaught Place,Delhi,291,Benne Dosa Batter Kit (1 kg) (MI),MI,1.0,No.,404,Coconut Chutney Sticker (DIY),1.0,Pc,1.0,,,,recipe_cost_connaught_place.csv,Benne Dosa Batter Kit (1 kg),True,
Connaught Place,Delhi,291,Benne Dosa Batter Kit (1 kg) (MI),MI,1.0,No.,403,Potato Masala Sticker (DIY),1.0,Pc,1.0,,,,recipe_cost_connaught_place.csv,Benne Dosa Batter Kit (1 kg),True,
Connaught Place,Delhi,291,Benne Dosa Batter Kit (1 kg) (MI),MI,1.0,No.,405,Malkapodi Powder Sticker (DIY),1.0,Pc,1.0,,,,recipe_cost_connaught_place.csv,Benne Dosa Batter Kit (1 kg),True,
Connaught Place,Delhi,114,Dosa Coffee Tiffin (MI),MI,1.0,No.,218,Idli Pc Raw (1 Pkt =40pc),1.0,Pc,1.0,,1.9316,2.0169,recipe_cost_connaught_place.csv,Dosa Coffee Tiffin,False,4.4
Connaught Place,Delhi,114,Dosa Coffee Tiffin (MI),MI,1.0,No.,191,Frozen Medu Vada (10pc),1.0,Pc,1.0,,4.8836,4.9249,recipe_cost_connaught_place.csv,Dosa Coffee Tiffin,False,0.8
Connaught Place,Delhi,114,Dosa Coffee Tiffin (MI),MI,1.0,No.,178,Potato Masala Bucket,0.1,Kg,0.1,,4.1022,4.1702,recipe_cost_connaught_place.csv,Dosa Coffee Tiffin,False,1.7
Connaught Place,Delhi,114,Dosa Coffee Tiffin (MI),MI,1.0,No.,207,Special Daal Bucket,0.005,Kg,0.005,,0.7369,0.7664,recipe_cost_connaught_place.csv,Dosa Coffee Tiffin,False,4.0
Connaught Place,Delhi,114,Dosa Coffee Tiffin (MI),MI,1.0,No.,115,Coriander Leaves,0.005,Kg,0.005,,0.4962,0.5437,recipe_cost_connaught_place.csv,Dosa Coffee Tiffin,False,9.6
Connaught Place,Delhi,114,Dosa Coffee Tiffin (MI),MI,1.0,No.,190,Dosa Batter Mix,0.075,Kg,0.075,,2.2758,2.2915,recipe_cost_connaught_place.csv,Dosa Coffee Tiffin,False,0.7
Connaught Place,Delhi,114,Dosa Coffee Tiffin (MI),MI,1.0,No.,43,Sunflower Refined Oil  ( 1pkt = 868 Ml ),0.009,Ltr,0.009,,1.5807,1.7799,recipe_cost_connaught_place.csv,Dosa Coffee Tiffin,False,12.6
Connaught Place,Delhi,114,Dosa Coffee Tiffin (MI),MI,1.0,No.,97,Paper Napkin (1pkt = 100pc),1.0,Pc,1.0,,0.2621,0.2465,recipe_cost_connaught_place.csv,Dosa Coffee Tiffin,False,-6.0
Connaught Place,Delhi,114,Dosa Coffee Tiffin (MI),MI,1.0,No.,327,Arora Lemon,1.0,Pc,1.0,,8.354,8.3563,recipe_cost_connaught_place.csv,Dosa Coffee Tiffin,False,0.0
Connaught Place,Delhi,114,Dosa Coffee Tiffin (MI),MI,1.0,No.,75,Ghee,0.001,Kg,0.001,,0.7211,0.7793,recipe_cost_connaught_place.csv,Dosa Coffee Tiffin,False,8.1
Connaught Place,Delhi,114,Dosa Coffee Tiffin (MI),MI,1.0,No.,47,Fried Chana Daal,0.036,Kg,0.036,,4.4456,4.4645,recipe_cost_connaught_place.csv,Dosa Coffee Tiffin,False,0.4
Connaught Place,Delhi,114,Dosa Coffee Tiffin (MI),MI,1.0,No.,229,Coconut Shredded,0.05,Kg,0.05,,12.3913,12.6504,recipe_cost_connaught_place.csv,Dosa Coffee Tiffin,False,2.1
Connaught Place,Delhi,114,Dosa Coffee Tiffin (MI),MI,1.0,No.,21,RO Water,0.11,Ltr,0.11,,,,recipe_cost_connaught_place.csv,Dosa Coffee Tiffin,True,
Connaught Place,Delhi,114,Dosa Coffee Tiffin (MI),MI,1.0,No.,329,Imli Water,0.003,Ltr,0.003,,0.083,0.0789,recipe_cost_connaught_place.csv,Dosa Coffee Tiffin,False,-4.9
Connaught Place,Delhi,114,Dosa Coffee Tiffin (MI),MI,1.0,No.,328,Spicy Coconut Chutney Mix 1Pkt (16gm),0.002,Kg,0.002,,0.3763,0.3773,recipe_cost_connaught_place.csv,Dosa Coffee Tiffin,False,0.3
Connaught Place,Delhi,114,Dosa Coffee Tiffin (MI),MI,1.0,No.,108,Ginger,0.01,Kg,0.01,,1.1764,1.1689,recipe_cost_connaught_place.csv,Dosa Coffee Tiffin,False,-0.6
Connaught Place,Delhi,114,Dosa Coffee Tiffin (MI),MI,1.0,No.,116,Raw Green Chili,0.008,Kg,0.008,,0.3259,0.3265,recipe_cost_connaught_place.csv,Dosa Coffee Tiffin,False,0.2
Connaught Place,Delhi,262,Benne Dosa (MI),MI,1.0,No.,391,White Butter,0.03,Kg,0.03,,17.189,17.6056,recipe_cost_connaught_place.csv,Benne Dosa,False,2.4
Connaught Place,Delhi,262,Benne Dosa (MI),MI,1.0,No.,188,Tomato Onion Chutney Bucket,0.1,Kg,0.1,,12.5426,11.0684,recipe_cost_connaught_place.csv,Benne Dosa,False,-11.8
Connaught Place,Delhi,262,Benne Dosa (MI),MI,1.0,No.,97,Paper Napkin (1pkt = 100pc),1.0,Pc,1.0,,0.2621,0.2465,recipe_cost_connaught_place.csv,Benne Dosa,False,-6.0
Connaught Place,Delhi,262,Benne Dosa (MI),MI,1.0,No.,47,Fried Chana Daal,0.036,Kg,0.036,,4.4456,4.4645,recipe_cost_connaught_place.csv,Benne Dosa,False,0.4
Connaught Place,Delhi,262,Benne Dosa (MI),MI,1.0,No.,229,Coconut Shredded,0.05,Kg,0.05,,12.3913,12.6504,recipe_cost_connaught_place.csv,Benne Dosa,False,2.1
Connaught Place,Delhi,262,Benne Dosa (MI),MI,1.0,No.,21,RO Water,0.11,Ltr,0.11,,,,recipe_cost_connaught_place.csv,Benne Dosa,True,
Connaught Place,Delhi,262,Benne Dosa (MI),MI,1.0,No.,115,Coriander Leaves,0.004,Kg,0.004,,0.3969,0.435,recipe_cost_connaught_place.csv,Benne Dosa,False,9.6
Connaught Place,Delhi,262,Benne Dosa (MI),MI,1.0,No.,329,Imli Water,0.003,Ltr,0.003,,0.083,0.0789,recipe_cost_connaught_place.csv,Benne Dosa,False,-4.9
Connaught Place,Delhi,262,Benne Dosa (MI),MI,1.0,No.,328,Spicy Coconut Chutney Mix 1Pkt (16gm),0.002,Kg,0.002,,0.3763,0.3773,recipe_cost_connaught_place.csv,Benne Dosa,False,0.3
Connaught Place,Delhi,262,Benne Dosa (MI),MI,1.0,No.,207,Special Daal Bucket,0.003,Kg,0.003,,0.4421,0.4598,recipe_cost_connaught_place.csv,Benne Dosa,False,4.0
Connaught Place,Delhi,262,Benne Dosa (MI),MI,1.0,No.,108,Ginger,0.01,Kg,0.01,,1.1764,1.1689,recipe_cost_connaught_place.csv,Benne Dosa,False,-0.6
Connaught Place,Delhi,262,Benne Dosa (MI),MI,1.0,No.,116,Raw Green Chili,0.008,Kg,0.008,,0.3259,0.3265,recipe_cost_connaught_place.csv,Benne Dosa,False,0.2
Connaught Place,Delhi,262,Benne Dosa (MI),MI,1.0,No.,534,Benne Dosa Batter (Pack Size -3 Kg ),0.15,Kg,0.15,,4.5808,4.2821,recipe_cost_connaught_place.csv,Benne Dosa,False,-6.5
Connaught Place,Delhi,263,Benne Masala Dosa (MI),MI,1.0,No.,391,White Butter,0.03,Kg,0.03,,17.189,17.6056,recipe_cost_connaught_place.csv,Benne Masala Dosa,False,2.4
Connaught Place,Delhi,263,Benne Masala Dosa (MI),MI,1.0,No.,188,Tomato Onion Chutney Bucket,0.1,Kg,0.1,,12.5426,11.0684,recipe_cost_connaught_place.csv,Benne Masala Dosa,False,-11.8
Connaught Place,Delhi,263,Benne Masala Dosa (MI),MI,1.0,No.,97,Paper Napkin (1pkt = 100pc),1.0,Pc,1.0,,0.2621,0.2465,recipe_cost_connaught_place.csv,Benne Masala Dosa,False,-6.0
Connaught Place,Delhi,263,Benne Masala Dosa (MI),MI,1.0,No.,47,Fried Chana Daal,0.036,Kg,0.036,,4.4456,4.4645,recipe_cost_connaught_place.csv,Benne Masala Dosa,False,0.4
Connaught Place,Delhi,263,Benne Masala Dosa (MI),MI,1.0,No.,229,Coconut Shredded,0.05,Kg,0.05,,12.3913,12.6504,recipe_cost_connaught_place.csv,Benne Masala Dosa,False,2.1
Connaught Place,Delhi,263,Benne Masala Dosa (MI),MI,1.0,No.,21,RO Water,0.11,Ltr,0.11,,,,recipe_cost_connaught_place.csv,Benne Masala Dosa,True,
Connaught Place,Delhi,263,Benne Masala Dosa (MI),MI,1.0,No.,115,Coriander Leaves,0.004,Kg,0.004,,0.3969,0.435,recipe_cost_connaught_place.csv,Benne Masala Dosa,False,9.6
Connaught Place,Delhi,263,Benne Masala Dosa (MI),MI,1.0,No.,329,Imli Water,0.003,Ltr,0.003,,0.083,0.0789,recipe_cost_connaught_place.csv,Benne Masala Dosa,False,-4.9
Connaught Place,Delhi,263,Benne Masala Dosa (MI),MI,1.0,No.,328,Spicy Coconut Chutney Mix 1Pkt (16gm),0.002,Kg,0.002,,0.3763,0.3773,recipe_cost_connaught_place.csv,Benne Masala Dosa,False,0.3
Connaught Place,Delhi,263,Benne Masala Dosa (MI),MI,1.0,No.,207,Special Daal Bucket,0.003,Kg,0.003,,0.4421,0.4598,recipe_cost_connaught_place.csv,Benne Masala Dosa,False,4.0
Connaught Place,Delhi,263,Benne Masala Dosa (MI),MI,1.0,No.,108,Ginger,0.01,Kg,0.01,,1.1764,1.1689,recipe_cost_connaught_place.csv,Benne Masala Dosa,False,-0.6
Connaught Place,Delhi,263,Benne Masala Dosa (MI),MI,1.0,No.,116,Raw Green Chili,0.008,Kg,0.008,,0.3259,0.3265,recipe_cost_connaught_place.csv,Benne Masala Dosa,False,0.2
Connaught Place,Delhi,263,Benne Masala Dosa (MI),MI,1.0,No.,446,Potato Masala Bucket Outlet,0.15,Kg,0.15,,6.5829,6.7857,recipe_cost_connaught_place.csv,Benne Masala Dosa,False,3.1
Connaught Place,Delhi,263,Benne Masala Dosa (MI),MI,1.0,No.,534,Benne Dosa Batter (Pack Size -3 Kg ),0.15,Kg,0.15,,4.5808,4.2821,recipe_cost_connaught_place.csv,Benne Masala Dosa,False,-6.5
Connaught Place,Delhi,290,Idli Fries & Filter Coffee @ 199 (MI),MI,1.0,No.,218,Idli Pc Raw (1 Pkt =40pc),2.0,Pc,2.0,,3.8633,4.0339,recipe_cost_connaught_place.csv,Idli Fries & Filter Coffee @ 199,False,4.4
Connaught Place,Delhi,290,Idli Fries & Filter Coffee @ 199 (MI),MI,1.0,No.,43,Sunflower Refined Oil  ( 1pkt = 868 Ml ),0.01,Ltr,0.01,,1.7563,1.9777,recipe_cost_connaught_place.csv,Idli Fries & Filter Coffee @ 199,False,12.6
Connaught Place,Delhi,290,Idli Fries & Filter Coffee @ 199 (MI),MI,1.0,No.,208,Chaat Masala Bucket,0.002,Kg,0.002,,0.6192,0.6454,recipe_cost_connaught_place.csv,Idli Fries & Filter Coffee @ 199,False,4.2
Connaught Place,Delhi,290,Idli Fries & Filter Coffee @ 199 (MI),MI,1.0,No.,235,Raw Curd,0.2,Kg,0.2,,15.3523,15.6044,recipe_cost_connaught_place.csv,Idli Fries & Filter Coffee @ 199,False,1.6
Connaught Place,Delhi,290,Idli Fries & Filter Coffee @ 199 (MI),MI,1.0,No.,108,Ginger,0.002,Kg,0.002,,0.2353,0.2338,recipe_cost_connaught_place.csv,Idli Fries & Filter Coffee @ 199,False,-0.6
Connaught Place,Delhi,290,Idli Fries & Filter Coffee @ 199 (MI),MI,1.0,No.,131,Curry Leaves,0.002,Kg,0.002,,0.0762,0.0762,recipe_cost_connaught_place.csv,Idli Fries & Filter Coffee @ 199,False,0.0
Connaught Place,Delhi,290,Idli Fries & Filter Coffee @ 199 (MI),MI,1.0,No.,310,Dahi Bucket Mix (1pkt =105gm),0.021,Kg,0.021,,1.4234,1.5729,recipe_cost_connaught_place.csv,Idli Fries & Filter Coffee @ 199,False,10.5
Connaught Place,Delhi,290,Idli Fries & Filter Coffee @ 199 (MI),MI,1.0,No.,116,Raw Green Chili,0.002,Kg,0.002,,0.0815,0.0816,recipe_cost_connaught_place.csv,Idli Fries & Filter Coffee @ 199,False,0.1
Connaught Place,Delhi,290,Idli Fries & Filter Coffee @ 199 (MI),MI,1.0,No.,92,Banana Leaf Small (1bundle = 50pc),1.0,Pc,1.0,1.25,1.5943,1.431,recipe_cost_connaught_place.csv,Idli Fries & Filter Coffee @ 199,False,-10.2
Connaught Place,Delhi,290,Idli Fries & Filter Coffee @ 199 (MI),MI,1.0,No.,4,Cothas Coffee Powder,0.014,Kg,0.014,,11.9672,12.466,recipe_cost_connaught_place.csv,Idli Fries & Filter Coffee @ 199,False,4.2
Connaught Place,Delhi,290,Idli Fries & Filter Coffee @ 199 (MI),MI,1.0,No.,76,Milk - Tetra 1Ltr,0.11,Ltr,0.11,,8.6401,8.7427,recipe_cost_connaught_place.csv,Idli Fries & Filter Coffee @ 199,False,1.2
Connaught Place,Delhi,290,Idli Fries & Filter Coffee @ 199 (MI),MI,1.0,No.,31,White Sugar Sachet (1pkt = 200pc),2.0,Pc,2.0,,0.9074,0.9926,recipe_cost_connaught_place.csv,Idli Fries & Filter Coffee @ 199,False,9.4
Connaught Place,Delhi,289,Paneer Dosa (MI),MI,1.0,No.,190,Dosa Batter Mix,0.12,Kg,0.12,,3.6413,3.6665,recipe_cost_connaught_place.csv,Paneer Dosa,False,0.7
Connaught Place,Delhi,289,Paneer Dosa (MI),MI,1.0,No.,141,Tomato,0.04,Kg,0.04,,1.4777,1.4564,recipe_cost_connaught_place.csv,Paneer Dosa,False,-1.4
Connaught Place,Delhi,289,Paneer Dosa (MI),MI,1.0,No.,132,Onion,0.05,Kg,0.05,,1.7457,1.767,recipe_cost_connaught_place.csv,Paneer Dosa,False,1.2
Connaught Place,Delhi,289,Paneer Dosa (MI),MI,1.0,No.,14,Amul Butter,0.04,Kg,0.04,,21.7817,22.3956,recipe_cost_connaught_place.csv,Paneer Dosa,False,2.8
Connaught Place,Delhi,289,Paneer Dosa (MI),MI,1.0,No.,193,Malkapodi Bucket,0.04,Kg,0.04,,6.8613,6.8737,recipe_cost_connaught_place.csv,Paneer Dosa,False,0.2
Connaught Place,Delhi,289,Paneer Dosa (MI),MI,1.0,No.,115,Coriander Leaves,0.003,Kg,0.003,,0.2977,0.3262,recipe_cost_connaught_place.csv,Paneer Dosa,False,9.6
Connaught Place,Delhi,289,Paneer Dosa (MI),MI,1.0,No.,207,Special Daal Bucket,0.006,Kg,0.006,,0.8843,0.9196,recipe_cost_connaught_place.csv,Paneer Dosa,False,4.0
Connaught Place,Delhi,289,Paneer Dosa (MI),MI,1.0,No.,97,Paper Napkin (1pkt = 100pc),1.0,Pc,1.0,,0.2621,0.2465,recipe_cost_connaught_place.csv,Paneer Dosa,False,-6.0
Connaught Place,Delhi,289,Paneer Dosa (MI),MI,1.0,No.,47,Fried Chana Daal,0.036,Kg,0.036,,4.4456,4.4645,recipe_cost_connaught_place.csv,Paneer Dosa,False,0.4
Connaught Place,Delhi,289,Paneer Dosa (MI),MI,1.0,No.,229,Coconut Shredded,0.05,Kg,0.05,,12.3913,12.6504,recipe_cost_connaught_place.csv,Paneer Dosa,False,2.1
Connaught Place,Delhi,289,Paneer Dosa (MI),MI,1.0,No.,21,RO Water,0.15,Ltr,0.15,,,,recipe_cost_connaught_place.csv,Paneer Dosa,True,
Connaught Place,Delhi,289,Paneer Dosa (MI),MI,1.0,No.,108,Ginger,0.002,Kg,0.002,,0.2353,0.2338,recipe_cost_connaught_place.csv,Paneer Dosa,False,-0.6
Connaught Place,Delhi,289,Paneer Dosa (MI),MI,1.0,No.,116,Raw Green Chili,0.002,Kg,0.002,,0.0815,0.0816,recipe_cost_connaught_place.csv,Paneer Dosa,False,0.1
Connaught Place,Delhi,289,Paneer Dosa (MI),MI,1.0,No.,53,Sugar,0.001,Kg,0.001,,0.053,0.0593,recipe_cost_connaught_place.csv,Paneer Dosa,False,11.9
Connaught Place,Delhi,289,Paneer Dosa (MI),MI,1.0,No.,29,Salt,0.004,Kg,0.004,,0.1176,0.1229,recipe_cost_connaught_place.csv,Paneer Dosa,False,4.5
Connaught Place,Delhi,289,Paneer Dosa (MI),MI,1.0,No.,188,Tomato Onion Chutney Bucket,0.05,Kg,0.05,,6.2713,5.5342,recipe_cost_connaught_place.csv,Paneer Dosa,False,-11.8
Connaught Place,Delhi,289,Paneer Dosa (MI),MI,1.0,No.,60,Paneer,0.05,Kg,0.05,,21.7464,22.27,recipe_cost_connaught_place.csv,Paneer Dosa,False,2.4
Connaught Place,Delhi,288,Dosa Coffee Tiffin @ 249 (MI),MI,1.0,No.,190,Dosa Batter Mix,0.1,Kg,0.1,,3.0344,3.0554,recipe_cost_connaught_place.csv,Dosa Coffee Tiffin @ 249,False,0.7
Connaught Place,Delhi,288,Dosa Coffee Tiffin @ 249 (MI),MI,1.0,No.,218,Idli Pc Raw (1 Pkt =40pc),1.0,Pc,1.0,,1.9316,2.0169,recipe_cost_connaught_place.csv,Dosa Coffee Tiffin @ 249,False,4.4
Connaught Place,Delhi,288,Dosa Coffee Tiffin @ 249 (MI),MI,1.0,No.,206,Medu Vada Batter Mix,0.06,Kg,0.06,,4.3548,4.7656,recipe_cost_connaught_place.csv,Dosa Coffee Tiffin @ 249,False,9.4
Connaught Place,Delhi,288,Dosa Coffee Tiffin @ 249 (MI),MI,1.0,No.,446,Potato Masala Bucket Outlet,0.1,Kg,0.1,,4.3886,4.5238,recipe_cost_connaught_place.csv,Dosa Coffee Tiffin @ 249,False,3.1
Connaught Place,Delhi,288,Dosa Coffee Tiffin @ 249 (MI),MI,1.0,No.,47,Fried Chana Daal,0.056,Kg,0.056,,6.9155,6.9448,recipe_cost_connaught_place.csv,Dosa Coffee Tiffin @ 249,False,0.4
Connaught Place,Delhi,288,Dosa Coffee Tiffin @ 249 (MI),MI,1.0,No.,229,Coconut Shredded,0.039,Kg,0.039,,9.6652,9.8673,recipe_cost_connaught_place.csv,Dosa Coffee Tiffin @ 249,False,2.1
Connaught Place,Delhi,288,Dosa Coffee Tiffin @ 249 (MI),MI,1.0,No.,108,Ginger,0.002,Kg,0.002,,0.2353,0.2338,recipe_cost_connaught_place.csv,Dosa Coffee Tiffin @ 249,False,-0.6
Connaught Place,Delhi,288,Dosa Coffee Tiffin @ 249 (MI),MI,1.0,No.,116,Raw Green Chili,0.009,Kg,0.009,,0.3666,0.3673,recipe_cost_connaught_place.csv,Dosa Coffee Tiffin @ 249,False,0.2
Connaught Place,Delhi,288,Dosa Coffee Tiffin @ 249 (MI),MI,1.0,No.,53,Sugar,0.001,Kg,0.001,,0.053,0.0593,recipe_cost_connaught_place.csv,Dosa Coffee Tiffin @ 249,False,11.9
Connaught Place,Delhi,288,Dosa Coffee Tiffin @ 249 (MI),MI,1.0,No.,29,Salt,0.0046,Kg,0.0046,,0.1352,0.1414,recipe_cost_connaught_place.csv,Dosa Coffee Tiffin @ 249,False,4.6
Connaught Place,Delhi,288,Dosa Coffee Tiffin @ 249 (MI),MI,1.0,No.,21,RO Water,0.107,Ltr,0.107,,,,recipe_cost_connaught_place.csv,Dosa Coffee Tiffin @ 249,True,
Connaught Place,Delhi,288,Dosa Coffee Tiffin @ 249 (MI),MI,1.0,No.,207,Special Daal Bucket,0.003,Kg,0.003,,0.4421,0.4598,recipe_cost_connaught_place.csv,Dosa Coffee Tiffin @ 249,False,4.0
Connaught Place,Delhi,288,Dosa Coffee Tiffin @ 249 (MI),MI,1.0,No.,84,Banana Leaf Big (1bundle = 50pc),1.0,Pc,1.0,1.75,2.6349,2.5442,recipe_cost_connaught_place.csv,Dosa Coffee Tiffin @ 249,False,-3.4
Connaught Place,Delhi,288,Dosa Coffee Tiffin @ 249 (MI),MI,1.0,No.,48,Dosa Daal (Urad),0.002,Kg,0.002,,0.2544,0.2597,recipe_cost_connaught_place.csv,Dosa Coffee Tiffin @ 249,False,2.1
Connaught Place,Delhi,288,Dosa Coffee Tiffin @ 249 (MI),MI,1.0,No.,27,Mustard Seed,0.005,Kg,0.005,,0.6181,0.6247,recipe_cost_connaught_place.csv,Dosa Coffee Tiffin @ 249,False,1.1
Connaught Place,Delhi,288,Dosa Coffee Tiffin @ 249 (MI),MI,1.0,No.,40,Dry Red Chili,0.001,Kg,0.001,,0.2487,0.2946,recipe_cost_connaught_place.csv,Dosa Coffee Tiffin @ 249,False,18.5
Connaught Place,Delhi,288,Dosa Coffee Tiffin @ 249 (MI),MI,1.0,No.,131,Curry Leaves,0.001,Kg,0.001,,0.0381,0.0381,recipe_cost_connaught_place.csv,Dosa Coffee Tiffin @ 249,False,0.0
Connaught Place,Delhi,288,Dosa Coffee Tiffin @ 249 (MI),MI,1.0,No.,43,Sunflower Refined Oil  ( 1pkt = 868 Ml ),0.012,Ltr,0.012,,2.1076,2.3732,recipe_cost_connaught_place.csv,Dosa Coffee Tiffin @ 249,False,12.6
Connaught Place,Delhi,288,Dosa Coffee Tiffin @ 249 (MI),MI,1.0,No.,329,Imli Water,0.008,Ltr,0.008,,0.2212,0.2103,recipe_cost_connaught_place.csv,Dosa Coffee Tiffin @ 249,False,-4.9
Connaught Place,Delhi,288,Dosa Coffee Tiffin @ 249 (MI),MI,1.0,No.,26,Jaggery,0.002,Kg,0.002,,0.1414,0.1421,recipe_cost_connaught_place.csv,Dosa Coffee Tiffin @ 249,False,0.5
Connaught Place,Delhi,288,Dosa Coffee Tiffin @ 249 (MI),MI,1.0,No.,115,Coriander Leaves,0.012,Kg,0.012,,1.1908,1.3049,recipe_cost_connaught_place.csv,Dosa Coffee Tiffin @ 249,False,9.6
Connaught Place,Delhi,287,Thatte Idli @ 79 (MI),MI,1.0,No.,429,Thatte Idli Pc Raw,1.0,Pc,1.0,,4.7479,5.2511,recipe_cost_connaught_place.csv,Thatte Idli @ 79,False,10.6
Connaught Place,Delhi,287,Thatte Idli @ 79 (MI),MI,1.0,No.,47,Fried Chana Daal,0.04,Kg,0.04,,4.9396,4.9606,recipe_cost_connaught_place.csv,Thatte Idli @ 79,False,0.4
Connaught Place,Delhi,287,Thatte Idli @ 79 (MI),MI,1.0,No.,229,Coconut Shredded,0.032,Kg,0.032,,7.9304,8.0962,recipe_cost_connaught_place.csv,Thatte Idli @ 79,False,2.1
Connaught Place,Delhi,287,Thatte Idli @ 79 (MI),MI,1.0,No.,108,Ginger,0.001,Kg,0.001,,0.1176,0.1169,recipe_cost_connaught_place.csv,Thatte Idli @ 79,False,-0.6
Connaught Place,Delhi,287,Thatte Idli @ 79 (MI),MI,1.0,No.,329,Imli Water,0.008,Ltr,0.008,,0.2212,0.2103,recipe_cost_connaught_place.csv,Thatte Idli @ 79,False,-4.9
Connaught Place,Delhi,287,Thatte Idli @ 79 (MI),MI,1.0,No.,328,Spicy Coconut Chutney Mix 1Pkt (16gm),0.009,Kg,0.009,,1.6932,1.6977,recipe_cost_connaught_place.csv,Thatte Idli @ 79,False,0.3
Connaught Place,Delhi,287,Thatte Idli @ 79 (MI),MI,1.0,No.,116,Raw Green Chili,0.008,Kg,0.008,,0.3259,0.3265,recipe_cost_connaught_place.csv,Thatte Idli @ 79,False,0.2
Connaught Place,Delhi,287,Thatte Idli @ 79 (MI),MI,1.0,No.,21,RO Water,0.12,Ltr,0.12,,,,recipe_cost_connaught_place.csv,Thatte Idli @ 79,True,
Connaught Place,Delhi,287,Thatte Idli @ 79 (MI),MI,1.0,No.,75,Ghee,0.025,Kg,0.025,,18.0264,19.4822,recipe_cost_connaught_place.csv,Thatte Idli @ 79,False,8.1
Connaught Place,Delhi,287,Thatte Idli @ 79 (MI),MI,1.0,No.,194,Thindi Malkapodi Powder Bucket,0.015,Kg,0.015,,3.0014,3.0016,recipe_cost_connaught_place.csv,Thatte Idli @ 79,False,0.0
Connaught Place,Delhi,287,Thatte Idli @ 79 (MI),MI,1.0,No.,29,Salt,0.0026,Kg,0.0026,,0.0764,0.0799,recipe_cost_connaught_place.csv,Thatte Idli @ 79,False,4.6
Connaught Place,Delhi,287,Thatte Idli @ 79 (MI),MI,1.0,No.,26,Jaggery,0.002,Kg,0.002,,0.1414,0.1421,recipe_cost_connaught_place.csv,Thatte Idli @ 79,False,0.5
Connaught Place,Delhi,287,Thatte Idli @ 79 (MI),MI,1.0,No.,43,Sunflower Refined Oil  ( 1pkt = 868 Ml ),0.004,Ltr,0.004,,0.7025,0.7911,recipe_cost_connaught_place.csv,Thatte Idli @ 79,False,12.6
Connaught Place,Delhi,287,Thatte Idli @ 79 (MI),MI,1.0,No.,27,Mustard Seed,0.005,Kg,0.005,,0.6181,0.6247,recipe_cost_connaught_place.csv,Thatte Idli @ 79,False,1.1
Connaught Place,Delhi,287,Thatte Idli @ 79 (MI),MI,1.0,No.,48,Dosa Daal (Urad),0.002,Kg,0.002,,0.2544,0.2597,recipe_cost_connaught_place.csv,Thatte Idli @ 79,False,2.1
Connaught Place,Delhi,287,Thatte Idli @ 79 (MI),MI,1.0,No.,40,Dry Red Chili,0.001,Kg,0.001,,0.2487,0.2946,recipe_cost_connaught_place.csv,Thatte Idli @ 79,False,18.5
Connaught Place,Delhi,287,Thatte Idli @ 79 (MI),MI,1.0,No.,131,Curry Leaves,0.001,Kg,0.001,,0.0381,0.0381,recipe_cost_connaught_place.csv,Thatte Idli @ 79,False,0.0
Connaught Place,Delhi,287,Thatte Idli @ 79 (MI),MI,1.0,No.,451,Mint leaf,0.003,Kg,0.003,,0.226,0.2104,recipe_cost_connaught_place.csv,Thatte Idli @ 79,False,-6.9
Connaught Place,Delhi,287,Thatte Idli @ 79 (MI),MI,1.0,No.,97,Paper Napkin (1pkt = 100pc),1.0,Pc,1.0,,0.2621,0.2465,recipe_cost_connaught_place.csv,Thatte Idli @ 79,False,-6.0
Connaught Place,Delhi,287,Thatte Idli @ 79 (MI),MI,1.0,No.,92,Banana Leaf Small (1bundle = 50pc),1.0,Pc,1.0,1.25,1.5943,1.431,recipe_cost_connaught_place.csv,Thatte Idli @ 79,False,-10.2
Connaught Place,Delhi,277,Fresh Buttermilk - Complimentary (MI),MI,1.0,No.,235,Raw Curd,0.03,Kg,0.03,,2.3028,2.3407,recipe_cost_connaught_place.csv,Fresh Buttermilk - Complimentary,False,1.6
Connaught Place,Delhi,277,Fresh Buttermilk - Complimentary (MI),MI,1.0,No.,21,RO Water,0.12,Ltr,0.12,,,,recipe_cost_connaught_place.csv,Fresh Buttermilk - Complimentary,True,
Connaught Place,Delhi,277,Fresh Buttermilk - Complimentary (MI),MI,1.0,No.,108,Ginger,0.015,Kg,0.015,,1.7646,1.7533,recipe_cost_connaught_place.csv,Fresh Buttermilk - Complimentary,False,-0.6
Connaught Place,Delhi,277,Fresh Buttermilk - Complimentary (MI),MI,1.0,No.,116,Raw Green Chili,0.001,Kg,0.001,,0.0407,0.0408,recipe_cost_connaught_place.csv,Fresh Buttermilk - Complimentary,False,0.2
Connaught Place,Delhi,277,Fresh Buttermilk - Complimentary (MI),MI,1.0,No.,131,Curry Leaves,0.001,Kg,0.001,,0.0381,0.0381,recipe_cost_connaught_place.csv,Fresh Buttermilk - Complimentary,False,0.0
Connaught Place,Delhi,277,Fresh Buttermilk - Complimentary (MI),MI,1.0,No.,15,Black Salt,0.015,Kg,0.015,,1.1819,1.1499,recipe_cost_connaught_place.csv,Fresh Buttermilk - Complimentary,False,-2.7
Connaught Place,Delhi,277,Fresh Buttermilk - Complimentary (MI),MI,1.0,No.,29,Salt,0.001,Kg,0.001,,0.0294,0.0307,recipe_cost_connaught_place.csv,Fresh Buttermilk - Complimentary,False,4.4
Connaught Place,Delhi,277,Fresh Buttermilk - Complimentary (MI),MI,1.0,No.,97,Paper Napkin (1pkt = 100pc),1.0,Pc,1.0,,0.2621,0.2465,recipe_cost_connaught_place.csv,Fresh Buttermilk - Complimentary,False,-6.0
Connaught Place,Delhi,276,Srivilli Kheer (Complimentary) (MI),MI,1.0,No.,503,Srivilli Kheer (1 Pc),1.0,Pc,1.0,,31.7542,36.575,recipe_cost_connaught_place.csv,Srivilli Kheer (Complimentary),False,15.2
Connaught Place,Delhi,276,Srivilli Kheer (Complimentary) (MI),MI,1.0,No.,92,Banana Leaf Small (1bundle = 50pc),1.0,Pc,1.0,1.25,1.5943,1.431,recipe_cost_connaught_place.csv,Srivilli Kheer (Complimentary),False,-10.2
Connaught Place,Delhi,276,Srivilli Kheer (Complimentary) (MI),MI,1.0,No.,97,Paper Napkin (1pkt = 100pc),1.0,Pc,1.0,,0.2621,0.2465,recipe_cost_connaught_place.csv,Srivilli Kheer (Complimentary),False,-6.0
Connaught Place,Delhi,275,DC Tiffin @ 150 (MI),MI,1.0,No.,218,Idli Pc Raw (1 Pkt =40pc),2.0,Pc,2.0,,3.8633,4.0339,recipe_cost_connaught_place.csv,DC Tiffin @ 150,False,4.4
Connaught Place,Delhi,275,DC Tiffin @ 150 (MI),MI,1.0,No.,191,Frozen Medu Vada (10pc),1.0,Pc,1.0,,4.8836,4.9249,recipe_cost_connaught_place.csv,DC Tiffin @ 150,False,0.8
Connaught Place,Delhi,275,DC Tiffin @ 150 (MI),MI,1.0,No.,190,Dosa Batter Mix,0.15,Kg,0.15,,4.5517,4.5831,recipe_cost_connaught_place.csv,DC Tiffin @ 150,False,0.7
Connaught Place,Delhi,275,DC Tiffin @ 150 (MI),MI,1.0,No.,43,Sunflower Refined Oil  ( 1pkt = 868 Ml ),0.02,Ltr,0.02,,3.5127,3.9554,recipe_cost_connaught_place.csv,DC Tiffin @ 150,False,12.6
Connaught Place,Delhi,275,DC Tiffin @ 150 (MI),MI,1.0,No.,184,Sambar Bucket,0.2,Ltr,0.2,,6.0967,6.0714,recipe_cost_connaught_place.csv,DC Tiffin @ 150,False,-0.4
Connaught Place,Delhi,275,DC Tiffin @ 150 (MI),MI,1.0,No.,30,Appalam Papad (1pkt = 47pc),1.0,Pc,1.0,,3.713,3.818,recipe_cost_connaught_place.csv,DC Tiffin @ 150,False,2.8
Connaught Place,Delhi,275,DC Tiffin @ 150 (MI),MI,1.0,No.,47,Fried Chana Daal,0.02,Kg,0.02,,2.4698,2.4803,recipe_cost_connaught_place.csv,DC Tiffin @ 150,False,0.4
Connaught Place,Delhi,275,DC Tiffin @ 150 (MI),MI,1.0,No.,108,Ginger,0.004,Kg,0.004,,0.4706,0.4676,recipe_cost_connaught_place.csv,DC Tiffin @ 150,False,-0.6
Connaught Place,Delhi,275,DC Tiffin @ 150 (MI),MI,1.0,No.,116,Raw Green Chili,0.004,Kg,0.004,,0.1629,0.1632,recipe_cost_connaught_place.csv,DC Tiffin @ 150,False,0.2
Connaught Place,Delhi,275,DC Tiffin @ 150 (MI),MI,1.0,No.,29,Salt,0.001,Kg,0.001,,0.0294,0.0307,recipe_cost_connaught_place.csv,DC Tiffin @ 150,False,4.4
Connaught Place,Delhi,275,DC Tiffin @ 150 (MI),MI,1.0,No.,229,Coconut Shredded,0.05,Kg,0.05,,12.3913,12.6504,recipe_cost_connaught_place.csv,DC Tiffin @ 150,False,2.1
Connaught Place,Delhi,275,DC Tiffin @ 150 (MI),MI,1.0,No.,91,Milk (Adya Dairy),0.2,Ltr,0.2,,11.469,11.5973,recipe_cost_connaught_place.csv,DC Tiffin @ 150,False,1.1
Connaught Place,Delhi,275,DC Tiffin @ 150 (MI),MI,1.0,No.,53,Sugar,0.02,Kg,0.02,,1.0598,1.1866,recipe_cost_connaught_place.csv,DC Tiffin @ 150,False,12.0
Connaught Place,Delhi,275,DC Tiffin @ 150 (MI),MI,1.0,No.,178,Potato Masala Bucket,0.15,Kg,0.15,,6.1533,6.2553,recipe_cost_connaught_place.csv,DC Tiffin @ 150,False,1.7
Connaught Place,Delhi,275,DC Tiffin @ 150 (MI),MI,1.0,No.,182,Buttermilk Bucket (Inactive),0.15,Ltr,0.15,,,,recipe_cost_connaught_place.csv,DC Tiffin @ 150,True,
Connaught Place,Delhi,275,DC Tiffin @ 150 (MI),MI,1.0,No.,97,Paper Napkin (1pkt = 100pc),1.0,Pc,1.0,,0.2621,0.2465,recipe_cost_connaught_place.csv,DC Tiffin @ 150,False,-6.0
Connaught Place,Delhi,275,DC Tiffin @ 150 (MI),MI,1.0,No.,457,White Paper Glass - 100Ml,1.0,Pc,1.0,,,,recipe_cost_connaught_place.csv,DC Tiffin @ 150,True,
Connaught Place,Delhi,272,Aam Panna (MI),MI,1.0,No.,510,Aam Panna Syrup (1 Pkt = 500gm),0.125,Ltr,0.125,,22.0299,22.0299,recipe_cost_connaught_place.csv,Aam Panna,False,0.0
Connaught Place,Delhi,272,Aam Panna (MI),MI,1.0,No.,21,RO Water,0.175,Ltr,0.175,,,,recipe_cost_connaught_place.csv,Aam Panna,True,
Connaught Place,Delhi,272,Aam Panna (MI),MI,1.0,No.,97,Paper Napkin (1pkt = 100pc),1.0,Pc,1.0,,0.2621,0.2465,recipe_cost_connaught_place.csv,Aam Panna,False,-6.0
Connaught Place,Delhi,272,Aam Panna (MI),MI,1.0,No.,113,Paper Straw (1pkt = 100pc),1.0,Pc,1.0,,0.4287,0.4479,recipe_cost_connaught_place.csv,Aam Panna,False,4.5
Connaught Place,Delhi,271,Tender Coconut Shake (MI),MI,1.0,No.,512,Coconut Pulp (1Pkt -500Gm),0.125,Kg,0.125,,29.7826,29.7826,recipe_cost_connaught_place.csv,Tender Coconut Shake,False,0.0
Connaught Place,Delhi,271,Tender Coconut Shake (MI),MI,1.0,No.,76,Milk - Tetra 1Ltr,0.175,Ltr,0.175,,13.7456,13.9088,recipe_cost_connaught_place.csv,Tender Coconut Shake,False,1.2
Connaught Place,Delhi,271,Tender Coconut Shake (MI),MI,1.0,No.,97,Paper Napkin (1pkt = 100pc),1.0,Pc,1.0,,0.2621,0.2465,recipe_cost_connaught_place.csv,Tender Coconut Shake,False,-6.0
Connaught Place,Delhi,271,Tender Coconut Shake (MI),MI,1.0,No.,113,Paper Straw (1pkt = 100pc),1.0,Pc,1.0,,0.4287,0.4479,recipe_cost_connaught_place.csv,Tender Coconut Shake,False,4.5
Connaught Place,Delhi,269,Srivillli Kheer (MI),MI,1.0,No.,97,Paper Napkin (1pkt = 100pc),1.0,Pc,1.0,,0.2621,0.2465,recipe_cost_connaught_place.csv,Srivillli Kheer,False,-6.0
Connaught Place,Delhi,269,Srivillli Kheer (MI),MI,1.0,No.,503,Srivilli Kheer (1 Pc),1.0,Pc,1.0,,31.7542,36.575,recipe_cost_connaught_place.csv,Srivillli Kheer,False,15.2
Connaught Place,Delhi,268,ABC Juice (MI),MI,1.0,No.,498,Apple,0.2,Kg,0.2,,34.0509,34.0509,recipe_cost_connaught_place.csv,ABC Juice,False,0.0
Connaught Place,Delhi,268,ABC Juice (MI),MI,1.0,No.,130,Beetroot,0.1,Kg,0.1,,2.8137,2.8137,recipe_cost_connaught_place.csv,ABC Juice,False,0.0
Connaught Place,Delhi,268,ABC Juice (MI),MI,1.0,No.,107,Carrot,0.2,Kg,0.2,,6.6453,6.4764,recipe_cost_connaught_place.csv,ABC Juice,False,-2.5
Connaught Place,Delhi,268,ABC Juice (MI),MI,1.0,No.,451,Mint leaf,0.005,Kg,0.005,,0.3767,0.3506,recipe_cost_connaught_place.csv,ABC Juice,False,-6.9
Connaught Place,Delhi,268,ABC Juice (MI),MI,1.0,No.,124,Lime,0.5,Pc,0.5,,1.4275,1.3483,recipe_cost_connaught_place.csv,ABC Juice,False,-5.5
Connaught Place,Delhi,268,ABC Juice (MI),MI,1.0,No.,15,Black Salt,0.001,Kg,0.001,,0.0788,0.0767,recipe_cost_connaught_place.csv,ABC Juice,False,-2.7
Connaught Place,Delhi,268,ABC Juice (MI),MI,1.0,No.,113,Paper Straw (1pkt = 100pc),1.0,Pc,1.0,,0.4287,0.4479,recipe_cost_connaught_place.csv,ABC Juice,False,4.5
Connaught Place,Delhi,268,ABC Juice (MI),MI,1.0,No.,108,Ginger,0.005,Kg,0.005,,0.5882,0.5844,recipe_cost_connaught_place.csv,ABC Juice,False,-0.6
Connaught Place,Delhi,268,ABC Juice (MI),MI,1.0,No.,97,Paper Napkin (1pkt = 100pc),1.0,Pc,1.0,,0.2621,0.2465,recipe_cost_connaught_place.csv,ABC Juice,False,-6.0
Connaught Place,Delhi,38,Rava Plain Dosa (MI),MI,1.0,No.,213,Rava Powder Mix,0.05,Kg,0.05,,4.6663,4.5283,recipe_cost_connaught_place.csv,Rava Plain Dosa,False,-3.0
Connaught Place,Delhi,38,Rava Plain Dosa (MI),MI,1.0,No.,21,RO Water,0.26,Ltr,0.26,,,,recipe_cost_connaught_place.csv,Rava Plain Dosa,True,
Connaught Place,Delhi,38,Rava Plain Dosa (MI),MI,1.0,No.,116,Raw Green Chili,0.008,Kg,0.008,,0.3259,0.3265,recipe_cost_connaught_place.csv,Rava Plain Dosa,False,0.2
Connaught Place,Delhi,38,Rava Plain Dosa (MI),MI,1.0,No.,108,Ginger,0.012,Kg,0.012,,1.4117,1.4027,recipe_cost_connaught_place.csv,Rava Plain Dosa,False,-0.6
Connaught Place,Delhi,38,Rava Plain Dosa (MI),MI,1.0,No.,131,Curry Leaves,0.001,Kg,0.001,,0.0381,0.0381,recipe_cost_connaught_place.csv,Rava Plain Dosa,False,0.0
Connaught Place,Delhi,38,Rava Plain Dosa (MI),MI,1.0,No.,33,Heeng Powder,0.2,gm,0.2,,0.3199,0.3358,recipe_cost_connaught_place.csv,Rava Plain Dosa,False,5.0
Connaught Place,Delhi,38,Rava Plain Dosa (MI),MI,1.0,No.,29,Salt,0.001,Kg,0.001,,0.0294,0.0307,recipe_cost_connaught_place.csv,Rava Plain Dosa,False,4.4
Connaught Place,Delhi,38,Rava Plain Dosa (MI),MI,1.0,No.,24,Coconut Powder,1.0,gm,1.0,,,,recipe_cost_connaught_place.csv,Rava Plain Dosa,True,
Connaught Place,Delhi,38,Rava Plain Dosa (MI),MI,1.0,No.,77,Whole Black Pepper,0.4,gm,0.4,,,,recipe_cost_connaught_place.csv,Rava Plain Dosa,True,
Connaught Place,Delhi,38,Rava Plain Dosa (MI),MI,1.0,No.,207,Special Daal Bucket,0.003,Kg,0.003,,0.4421,0.4598,recipe_cost_connaught_place.csv,Rava Plain Dosa,False,4.0
Connaught Place,Delhi,38,Rava Plain Dosa (MI),MI,1.0,No.,43,Sunflower Refined Oil  ( 1pkt = 868 Ml ),0.018,Ltr,0.018,,3.1614,3.5599,recipe_cost_connaught_place.csv,Rava Plain Dosa,False,12.6
Connaught Place,Delhi,38,Rava Plain Dosa (MI),MI,1.0,No.,97,Paper Napkin (1pkt = 100pc),1.0,Pc,1.0,,0.2621,0.2465,recipe_cost_connaught_place.csv,Rava Plain Dosa,False,-6.0
Connaught Place,Delhi,38,Rava Plain Dosa (MI),MI,1.0,No.,75,Ghee,0.002,Kg,0.002,,1.4421,1.5586,recipe_cost_connaught_place.csv,Rava Plain Dosa,False,8.1
Connaught Place,Delhi,38,Rava Plain Dosa (MI),MI,1.0,No.,47,Fried Chana Daal,0.036,Kg,0.036,,4.4456,4.4645,recipe_cost_connaught_place.csv,Rava Plain Dosa,False,0.4
Connaught Place,Delhi,38,Rava Plain Dosa (MI),MI,1.0,No.,229,Coconut Shredded,0.05,Kg,0.05,,12.3913,12.6504,recipe_cost_connaught_place.csv,Rava Plain Dosa,False,2.1
Connaught Place,Delhi,38,Rava Plain Dosa (MI),MI,1.0,No.,115,Coriander Leaves,0.01,Kg,0.01,,0.9923,1.0874,recipe_cost_connaught_place.csv,Rava Plain Dosa,False,9.6
Connaught Place,Delhi,38,Rava Plain Dosa (MI),MI,1.0,No.,329,Imli Water,0.003,Ltr,0.003,,0.083,0.0789,recipe_cost_connaught_place.csv,Rava Plain Dosa,False,-4.9
Connaught Place,Delhi,38,Rava Plain Dosa (MI),MI,1.0,No.,328,Spicy Coconut Chutney Mix 1Pkt (16gm),0.002,Kg,0.002,,0.3763,0.3773,recipe_cost_connaught_place.csv,Rava Plain Dosa,False,0.3
Connaught Place,Delhi,38,Rava Plain Dosa (MI),MI,1.0,No.,188,Tomato Onion Chutney Bucket,0.05,Kg,0.05,,6.2713,5.5342,recipe_cost_connaught_place.csv,Rava Plain Dosa,False,-11.8
Connaught Place,Delhi,46,Garlic Dosa (MI),MI,1.0,No.,190,Dosa Batter Mix,0.14,Kg,0.14,,4.2482,4.2775,recipe_cost_connaught_place.csv,Garlic Dosa,False,0.7
Connaught Place,Delhi,46,Garlic Dosa (MI),MI,1.0,No.,207,Special Daal Bucket,0.001,Kg,0.001,,0.1474,0.1533,recipe_cost_connaught_place.csv,Garlic Dosa,False,4.0
Connaught Place,Delhi,46,Garlic Dosa (MI),MI,1.0,No.,202,Garlic Chutney Bucket,0.05,Kg,0.05,,12.7332,12.7527,recipe_cost_connaught_place.csv,Garlic Dosa,False,0.2
Connaught Place,Delhi,46,Garlic Dosa (MI),MI,1.0,No.,43,Sunflower Refined Oil  ( 1pkt = 868 Ml ),0.018,Ltr,0.018,,3.1614,3.5599,recipe_cost_connaught_place.csv,Garlic Dosa,False,12.6
Connaught Place,Delhi,46,Garlic Dosa (MI),MI,1.0,No.,97,Paper Napkin (1pkt = 100pc),1.0,Pc,1.0,,0.2621,0.2465,recipe_cost_connaught_place.csv,Garlic Dosa,False,-6.0
Connaught Place,Delhi,46,Garlic Dosa (MI),MI,1.0,No.,75,Ghee,0.002,Kg,0.002,,1.4421,1.5586,recipe_cost_connaught_place.csv,Garlic Dosa,False,8.1
Connaught Place,Delhi,46,Garlic Dosa (MI),MI,1.0,No.,47,Fried Chana Daal,0.036,Kg,0.036,,4.4456,4.4645,recipe_cost_connaught_place.csv,Garlic Dosa,False,0.4
Connaught Place,Delhi,46,Garlic Dosa (MI),MI,1.0,No.,229,Coconut Shredded,0.05,Kg,0.05,,12.3913,12.6504,recipe_cost_connaught_place.csv,Garlic Dosa,False,2.1
Connaught Place,Delhi,46,Garlic Dosa (MI),MI,1.0,No.,21,RO Water,0.11,Ltr,0.11,,,,recipe_cost_connaught_place.csv,Garlic Dosa,True,
Connaught Place,Delhi,46,Garlic Dosa (MI),MI,1.0,No.,115,Coriander Leaves,0.01,Kg,0.01,,0.9923,1.0874,recipe_cost_connaught_place.csv,Garlic Dosa,False,9.6
Connaught Place,Delhi,46,Garlic Dosa (MI),MI,1.0,No.,329,Imli Water,0.003,Ltr,0.003,,0.083,0.0789,recipe_cost_connaught_place.csv,Garlic Dosa,False,-4.9
Connaught Place,Delhi,46,Garlic Dosa (MI),MI,1.0,No.,108,Ginger,0.01,Kg,0.01,,1.1764,1.1689,recipe_cost_connaught_place.csv,Garlic Dosa,False,-0.6
Connaught Place,Delhi,46,Garlic Dosa (MI),MI,1.0,No.,116,Raw Green Chili,0.008,Kg,0.008,,0.3259,0.3265,recipe_cost_connaught_place.csv,Garlic Dosa,False,0.2
Connaught Place,Delhi,46,Garlic Dosa (MI),MI,1.0,No.,328,Spicy Coconut Chutney Mix 1Pkt (16gm),0.002,Kg,0.002,,0.3763,0.3773,recipe_cost_connaught_place.csv,Garlic Dosa,False,0.3
Connaught Place,Delhi,46,Garlic Dosa (MI),MI,1.0,No.,188,Tomato Onion Chutney Bucket,0.05,Kg,0.05,,6.2713,5.5342,recipe_cost_connaught_place.csv,Garlic Dosa,False,-11.8
Connaught Place,Delhi,155,Thindi Podi Idli (MI),MI,1.0,No.,218,Idli Pc Raw (1 Pkt =40pc),2.0,Pc,2.0,,3.8633,4.0339,recipe_cost_connaught_place.csv,Thindi Podi Idli,False,4.4
Connaught Place,Delhi,155,Thindi Podi Idli (MI),MI,1.0,No.,194,Thindi Malkapodi Powder Bucket,0.01,Kg,0.01,,2.001,2.001,recipe_cost_connaught_place.csv,Thindi Podi Idli,False,0.0
Connaught Place,Delhi,155,Thindi Podi Idli (MI),MI,1.0,No.,83,Udhaya Krishna Ghee,0.01,Kg,0.01,,,,recipe_cost_connaught_place.csv,Thindi Podi Idli,True,
Connaught Place,Delhi,155,Thindi Podi Idli (MI),MI,1.0,No.,207,Special Daal Bucket,0.003,Kg,0.003,,0.4421,0.4598,recipe_cost_connaught_place.csv,Thindi Podi Idli,False,4.0
Connaught Place,Delhi,155,Thindi Podi Idli (MI),MI,1.0,No.,115,Coriander Leaves,0.011,Kg,0.011,,1.0915,1.1961,recipe_cost_connaught_place.csv,Thindi Podi Idli,False,9.6
Connaught Place,Delhi,155,Thindi Podi Idli (MI),MI,1.0,No.,97,Paper Napkin (1pkt = 100pc),1.0,Pc,1.0,,0.2621,0.2465,recipe_cost_connaught_place.csv,Thindi Podi Idli,False,-6.0
Connaught Place,Delhi,155,Thindi Podi Idli (MI),MI,1.0,No.,47,Fried Chana Daal,0.036,Kg,0.036,,4.4456,4.4645,recipe_cost_connaught_place.csv,Thindi Podi Idli,False,0.4
Connaught Place,Delhi,155,Thindi Podi Idli (MI),MI,1.0,No.,229,Coconut Shredded,0.05,Kg,0.05,,12.3913,12.6504,recipe_cost_connaught_place.csv,Thindi Podi Idli,False,2.1
Connaught Place,Delhi,155,Thindi Podi Idli (MI),MI,1.0,No.,21,RO Water,0.11,Ltr,0.11,,,,recipe_cost_connaught_place.csv,Thindi Podi Idli,True,
Connaught Place,Delhi,155,Thindi Podi Idli (MI),MI,1.0,No.,329,Imli Water,0.003,Ltr,0.003,,0.083,0.0789,recipe_cost_connaught_place.csv,Thindi Podi Idli,False,-4.9
Connaught Place,Delhi,155,Thindi Podi Idli (MI),MI,1.0,No.,108,Ginger,0.01,Kg,0.01,,1.1764,1.1689,recipe_cost_connaught_place.csv,Thindi Podi Idli,False,-0.6
Connaught Place,Delhi,155,Thindi Podi Idli (MI),MI,1.0,No.,116,Raw Green Chili,0.008,Kg,0.008,,0.3259,0.3265,recipe_cost_connaught_place.csv,Thindi Podi Idli,False,0.2
Connaught Place,Delhi,155,Thindi Podi Idli (MI),MI,1.0,No.,328,Spicy Coconut Chutney Mix 1Pkt (16gm),0.002,Kg,0.002,,0.3763,0.3773,recipe_cost_connaught_place.csv,Thindi Podi Idli,False,0.3
Connaught Place,Delhi,155,Thindi Podi Idli (MI),MI,1.0,No.,188,Tomato Onion Chutney Bucket,0.05,Kg,0.05,,6.2713,5.5342,recipe_cost_connaught_place.csv,Thindi Podi Idli,False,-11.8
Connaught Place,Delhi,45,Malkapodi Dosa (MI),MI,1.0,No.,190,Dosa Batter Mix,0.14,Kg,0.14,,4.2482,4.2775,recipe_cost_connaught_place.csv,Malkapodi Dosa,False,0.7
Connaught Place,Delhi,45,Malkapodi Dosa (MI),MI,1.0,No.,207,Special Daal Bucket,0.001,Kg,0.001,,0.1474,0.1533,recipe_cost_connaught_place.csv,Malkapodi Dosa,False,4.0
Connaught Place,Delhi,45,Malkapodi Dosa (MI),MI,1.0,No.,193,Malkapodi Bucket,0.03,Kg,0.03,,5.146,5.1553,recipe_cost_connaught_place.csv,Malkapodi Dosa,False,0.2
Connaught Place,Delhi,45,Malkapodi Dosa (MI),MI,1.0,No.,97,Paper Napkin (1pkt = 100pc),1.0,Pc,1.0,,0.2621,0.2465,recipe_cost_connaught_place.csv,Malkapodi Dosa,False,-6.0
Connaught Place,Delhi,45,Malkapodi Dosa (MI),MI,1.0,No.,75,Ghee,0.02,Kg,0.02,,14.4211,15.5858,recipe_cost_connaught_place.csv,Malkapodi Dosa,False,8.1
Connaught Place,Delhi,45,Malkapodi Dosa (MI),MI,1.0,No.,47,Fried Chana Daal,0.036,Kg,0.036,,4.4456,4.4645,recipe_cost_connaught_place.csv,Malkapodi Dosa,False,0.4
Connaught Place,Delhi,45,Malkapodi Dosa (MI),MI,1.0,No.,229,Coconut Shredded,0.05,Kg,0.05,,12.3913,12.6504,recipe_cost_connaught_place.csv,Malkapodi Dosa,False,2.1
Connaught Place,Delhi,45,Malkapodi Dosa (MI),MI,1.0,No.,21,RO Water,0.11,Ltr,0.11,,,,recipe_cost_connaught_place.csv,Malkapodi Dosa,True,
Connaught Place,Delhi,45,Malkapodi Dosa (MI),MI,1.0,No.,115,Coriander Leaves,0.01,Kg,0.01,,0.9923,1.0874,recipe_cost_connaught_place.csv,Malkapodi Dosa,False,9.6
Connaught Place,Delhi,45,Malkapodi Dosa (MI),MI,1.0,No.,328,Spicy Coconut Chutney Mix 1Pkt (16gm),0.002,Kg,0.002,,0.3763,0.3773,recipe_cost_connaught_place.csv,Malkapodi Dosa,False,0.3
Connaught Place,Delhi,45,Malkapodi Dosa (MI),MI,1.0,No.,329,Imli Water,0.003,Ltr,0.003,,0.083,0.0789,recipe_cost_connaught_place.csv,Malkapodi Dosa,False,-4.9
Connaught Place,Delhi,45,Malkapodi Dosa (MI),MI,1.0,No.,108,Ginger,0.01,Kg,0.01,,1.1764,1.1689,recipe_cost_connaught_place.csv,Malkapodi Dosa,False,-0.6
Connaught Place,Delhi,45,Malkapodi Dosa (MI),MI,1.0,No.,116,Raw Green Chili,0.008,Kg,0.008,,0.3259,0.3265,recipe_cost_connaught_place.csv,Malkapodi Dosa,False,0.2
Connaught Place,Delhi,45,Malkapodi Dosa (MI),MI,1.0,No.,188,Tomato Onion Chutney Bucket,0.05,Kg,0.05,,6.2713,5.5342,recipe_cost_connaught_place.csv,Malkapodi Dosa,False,-11.8
Connaught Place,Delhi,197,Mysore Masala Dosa (MI),MI,1.0,No.,190,Dosa Batter Mix,0.14,Kg,0.14,,4.2482,4.2775,recipe_cost_connaught_place.csv,Mysore Masala Dosa,False,0.7
Connaught Place,Delhi,197,Mysore Masala Dosa (MI),MI,1.0,No.,207,Special Daal Bucket,0.001,Kg,0.001,,0.1474,0.1533,recipe_cost_connaught_place.csv,Mysore Masala Dosa,False,4.0
Connaught Place,Delhi,197,Mysore Masala Dosa (MI),MI,1.0,No.,115,Coriander Leaves,0.011,Kg,0.011,,1.0915,1.1961,recipe_cost_connaught_place.csv,Mysore Masala Dosa,False,9.6
Connaught Place,Delhi,197,Mysore Masala Dosa (MI),MI,1.0,No.,210,Mysore Chutney Bucket,0.05,Kg,0.05,,9.1802,9.4467,recipe_cost_connaught_place.csv,Mysore Masala Dosa,False,2.9
Connaught Place,Delhi,197,Mysore Masala Dosa (MI),MI,1.0,No.,43,Sunflower Refined Oil  ( 1pkt = 868 Ml ),0.025,Ltr,0.025,,4.3909,4.9442,recipe_cost_connaught_place.csv,Mysore Masala Dosa,False,12.6
Connaught Place,Delhi,197,Mysore Masala Dosa (MI),MI,1.0,No.,97,Paper Napkin (1pkt = 100pc),1.0,Pc,1.0,,0.2621,0.2465,recipe_cost_connaught_place.csv,Mysore Masala Dosa,False,-6.0
Connaught Place,Delhi,197,Mysore Masala Dosa (MI),MI,1.0,No.,47,Fried Chana Daal,0.036,Kg,0.036,,4.4456,4.4645,recipe_cost_connaught_place.csv,Mysore Masala Dosa,False,0.4
Connaught Place,Delhi,197,Mysore Masala Dosa (MI),MI,1.0,No.,229,Coconut Shredded,0.05,Kg,0.05,,12.3913,12.6504,recipe_cost_connaught_place.csv,Mysore Masala Dosa,False,2.1
Connaught Place,Delhi,197,Mysore Masala Dosa (MI),MI,1.0,No.,21,RO Water,0.11,Ltr,0.11,,,,recipe_cost_connaught_place.csv,Mysore Masala Dosa,True,
Connaught Place,Delhi,197,Mysore Masala Dosa (MI),MI,1.0,No.,329,Imli Water,0.003,Ltr,0.003,,0.083,0.0789,recipe_cost_connaught_place.csv,Mysore Masala Dosa,False,-4.9
Connaught Place,Delhi,197,Mysore Masala Dosa (MI),MI,1.0,No.,328,Spicy Coconut Chutney Mix 1Pkt (16gm),0.002,Kg,0.002,,0.3763,0.3773,recipe_cost_connaught_place.csv,Mysore Masala Dosa,False,0.3
Connaught Place,Delhi,197,Mysore Masala Dosa (MI),MI,1.0,No.,108,Ginger,0.01,Kg,0.01,,1.1764,1.1689,recipe_cost_connaught_place.csv,Mysore Masala Dosa,False,-0.6
Connaught Place,Delhi,197,Mysore Masala Dosa (MI),MI,1.0,No.,116,Raw Green Chili,0.008,Kg,0.008,,0.3259,0.3265,recipe_cost_connaught_place.csv,Mysore Masala Dosa,False,0.2
Connaught Place,Delhi,197,Mysore Masala Dosa (MI),MI,1.0,No.,188,Tomato Onion Chutney Bucket,0.05,Kg,0.05,,6.2713,5.5342,recipe_cost_connaught_place.csv,Mysore Masala Dosa,False,-11.8
Connaught Place,Delhi,197,Mysore Masala Dosa (MI),MI,1.0,No.,446,Potato Masala Bucket Outlet,0.15,Kg,0.15,,6.5829,6.7857,recipe_cost_connaught_place.csv,Mysore Masala Dosa,False,3.1
Connaught Place,Delhi,44,Mysore Dosa (MI),MI,1.0,No.,190,Dosa Batter Mix,0.14,Kg,0.14,,4.2482,4.2775,recipe_cost_connaught_place.csv,Mysore Dosa,False,0.7
Connaught Place,Delhi,44,Mysore Dosa (MI),MI,1.0,No.,207,Special Daal Bucket,0.001,Kg,0.001,,0.1474,0.1533,recipe_cost_connaught_place.csv,Mysore Dosa,False,4.0
Connaught Place,Delhi,44,Mysore Dosa (MI),MI,1.0,No.,210,Mysore Chutney Bucket,0.05,Kg,0.05,,9.1802,9.4467,recipe_cost_connaught_place.csv,Mysore Dosa,False,2.9
Connaught Place,Delhi,44,Mysore Dosa (MI),MI,1.0,No.,43,Sunflower Refined Oil  ( 1pkt = 868 Ml ),0.023,Ltr,0.023,,4.0396,4.5487,recipe_cost_connaught_place.csv,Mysore Dosa,False,12.6
Connaught Place,Delhi,44,Mysore Dosa (MI),MI,1.0,No.,97,Paper Napkin (1pkt = 100pc),1.0,Pc,1.0,,0.2621,0.2465,recipe_cost_connaught_place.csv,Mysore Dosa,False,-6.0
Connaught Place,Delhi,44,Mysore Dosa (MI),MI,1.0,No.,75,Ghee,0.002,Kg,0.002,,1.4421,1.5586,recipe_cost_connaught_place.csv,Mysore Dosa,False,8.1
Connaught Place,Delhi,44,Mysore Dosa (MI),MI,1.0,No.,47,Fried Chana Daal,0.036,Kg,0.036,,4.4456,4.4645,recipe_cost_connaught_place.csv,Mysore Dosa,False,0.4
Connaught Place,Delhi,44,Mysore Dosa (MI),MI,1.0,No.,229,Coconut Shredded,0.05,Kg,0.05,,12.3913,12.6504,recipe_cost_connaught_place.csv,Mysore Dosa,False,2.1
Connaught Place,Delhi,44,Mysore Dosa (MI),MI,1.0,No.,21,RO Water,0.11,Ltr,0.11,,,,recipe_cost_connaught_place.csv,Mysore Dosa,True,
Connaught Place,Delhi,44,Mysore Dosa (MI),MI,1.0,No.,115,Coriander Leaves,0.01,Kg,0.01,,0.9923,1.0874,recipe_cost_connaught_place.csv,Mysore Dosa,False,9.6
Connaught Place,Delhi,44,Mysore Dosa (MI),MI,1.0,No.,329,Imli Water,0.003,Ltr,0.003,,0.083,0.0789,recipe_cost_connaught_place.csv,Mysore Dosa,False,-4.9
Connaught Place,Delhi,44,Mysore Dosa (MI),MI,1.0,No.,108,Ginger,0.01,Kg,0.01,,1.1764,1.1689,recipe_cost_connaught_place.csv,Mysore Dosa,False,-0.6
Connaught Place,Delhi,44,Mysore Dosa (MI),MI,1.0,No.,116,Raw Green Chili,0.008,Kg,0.008,,0.3259,0.3265,recipe_cost_connaught_place.csv,Mysore Dosa,False,0.2
Connaught Place,Delhi,44,Mysore Dosa (MI),MI,1.0,No.,328,Spicy Coconut Chutney Mix 1Pkt (16gm),0.002,Kg,0.002,,0.3763,0.3773,recipe_cost_connaught_place.csv,Mysore Dosa,False,0.3
Connaught Place,Delhi,44,Mysore Dosa (MI),MI,1.0,No.,188,Tomato Onion Chutney Bucket,0.05,Kg,0.05,,6.2713,5.5342,recipe_cost_connaught_place.csv,Mysore Dosa,False,-11.8
Connaught Place,Delhi,36,Plain Dosa (MI),MI,1.0,No.,190,Dosa Batter Mix,0.14,Kg,0.14,,4.2482,4.2775,recipe_cost_connaught_place.csv,Plain Dosa,False,0.7
Connaught Place,Delhi,36,Plain Dosa (MI),MI,1.0,No.,207,Special Daal Bucket,0.001,Kg,0.001,,0.1474,0.1533,recipe_cost_connaught_place.csv,Plain Dosa,False,4.0
Connaught Place,Delhi,36,Plain Dosa (MI),MI,1.0,No.,43,Sunflower Refined Oil  ( 1pkt = 868 Ml ),0.009,Ltr,0.009,,1.5807,1.7799,recipe_cost_connaught_place.csv,Plain Dosa,False,12.6
Connaught Place,Delhi,36,Plain Dosa (MI),MI,1.0,No.,97,Paper Napkin (1pkt = 100pc),1.0,Pc,1.0,,0.2621,0.2465,recipe_cost_connaught_place.csv,Plain Dosa,False,-6.0
Connaught Place,Delhi,36,Plain Dosa (MI),MI,1.0,No.,75,Ghee,0.001,Kg,0.001,,0.7211,0.7793,recipe_cost_connaught_place.csv,Plain Dosa,False,8.1
Connaught Place,Delhi,36,Plain Dosa (MI),MI,1.0,No.,47,Fried Chana Daal,0.036,Kg,0.036,,4.4456,4.4645,recipe_cost_connaught_place.csv,Plain Dosa,False,0.4
Connaught Place,Delhi,36,Plain Dosa (MI),MI,1.0,No.,229,Coconut Shredded,0.05,Kg,0.05,,12.3913,12.6504,recipe_cost_connaught_place.csv,Plain Dosa,False,2.1
Connaught Place,Delhi,36,Plain Dosa (MI),MI,1.0,No.,21,RO Water,0.11,Ltr,0.11,,,,recipe_cost_connaught_place.csv,Plain Dosa,True,
Connaught Place,Delhi,36,Plain Dosa (MI),MI,1.0,No.,115,Coriander Leaves,0.01,Kg,0.01,,0.9923,1.0874,recipe_cost_connaught_place.csv,Plain Dosa,False,9.6
Connaught Place,Delhi,36,Plain Dosa (MI),MI,1.0,No.,329,Imli Water,0.003,Ltr,0.003,,0.083,0.0789,recipe_cost_connaught_place.csv,Plain Dosa,False,-4.9
Connaught Place,Delhi,36,Plain Dosa (MI),MI,1.0,No.,328,Spicy Coconut Chutney Mix 1Pkt (16gm),0.002,Kg,0.002,,0.3763,0.3773,recipe_cost_connaught_place.csv,Plain Dosa,False,0.3
Connaught Place,Delhi,36,Plain Dosa (MI),MI,1.0,No.,108,Ginger,0.01,Kg,0.01,,1.1764,1.1689,recipe_cost_connaught_place.csv,Plain Dosa,False,-0.6
Connaught Place,Delhi,36,Plain Dosa (MI),MI,1.0,No.,116,Raw Green Chili,0.008,Kg,0.008,,0.3259,0.3265,recipe_cost_connaught_place.csv,Plain Dosa,False,0.2
Connaught Place,Delhi,36,Plain Dosa (MI),MI,1.0,No.,188,Tomato Onion Chutney Bucket,0.05,Kg,0.05,,6.2713,5.5342,recipe_cost_connaught_place.csv,Plain Dosa,False,-11.8
Connaught Place,Delhi,10,Butter Idli Plate (2pc) (MI),MI,1.0,No.,218,Idli Pc Raw (1 Pkt =40pc),2.0,Pc,2.0,,3.8633,4.0339,recipe_cost_connaught_place.csv,Butter Idli Plate (2pc),False,4.4
Connaught Place,Delhi,10,Butter Idli Plate (2pc) (MI),MI,1.0,No.,14,Amul Butter,0.01,Kg,0.01,,5.4454,5.5989,recipe_cost_connaught_place.csv,Butter Idli Plate (2pc),False,2.8
Connaught Place,Delhi,10,Butter Idli Plate (2pc) (MI),MI,1.0,No.,207,Special Daal Bucket,0.001,Kg,0.001,,0.1474,0.1533,recipe_cost_connaught_place.csv,Butter Idli Plate (2pc),False,4.0
Connaught Place,Delhi,10,Butter Idli Plate (2pc) (MI),MI,1.0,No.,47,Fried Chana Daal,0.036,Kg,0.036,,4.4456,4.4645,recipe_cost_connaught_place.csv,Butter Idli Plate (2pc),False,0.4
Connaught Place,Delhi,10,Butter Idli Plate (2pc) (MI),MI,1.0,No.,229,Coconut Shredded,0.05,Kg,0.05,,12.3913,12.6504,recipe_cost_connaught_place.csv,Butter Idli Plate (2pc),False,2.1
Connaught Place,Delhi,10,Butter Idli Plate (2pc) (MI),MI,1.0,No.,21,RO Water,0.11,Ltr,0.11,,,,recipe_cost_connaught_place.csv,Butter Idli Plate (2pc),True,
Connaught Place,Delhi,10,Butter Idli Plate (2pc) (MI),MI,1.0,No.,115,Coriander Leaves,0.01,Kg,0.01,,0.9923,1.0874,recipe_cost_connaught_place.csv,Butter Idli Plate (2pc),False,9.6
Connaught Place,Delhi,10,Butter Idli Plate (2pc) (MI),MI,1.0,No.,329,Imli Water,0.003,Ltr,0.003,,0.083,0.0789,recipe_cost_connaught_place.csv,Butter Idli Plate (2pc),False,-4.9
Connaught Place,Delhi,10,Butter Idli Plate (2pc) (MI),MI,1.0,No.,328,Spicy Coconut Chutney Mix 1Pkt (16gm),0.002,Kg,0.002,,0.3763,0.3773,recipe_cost_connaught_place.csv,Butter Idli Plate (2pc),False,0.3
Connaught Place,Delhi,10,Butter Idli Plate (2pc) (MI),MI,1.0,No.,108,Ginger,0.01,Kg,0.01,,1.1764,1.1689,recipe_cost_connaught_place.csv,Butter Idli Plate (2pc),False,-0.6
Connaught Place,Delhi,10,Butter Idli Plate (2pc) (MI),MI,1.0,No.,116,Raw Green Chili,0.008,Kg,0.008,,0.3259,0.3265,recipe_cost_connaught_place.csv,Butter Idli Plate (2pc),False,0.2
Connaught Place,Delhi,10,Butter Idli Plate (2pc) (MI),MI,1.0,No.,188,Tomato Onion Chutney Bucket,0.05,Kg,0.05,,6.2713,5.5342,recipe_cost_connaught_place.csv,Butter Idli Plate (2pc),False,-11.8
Connaught Place,Delhi,18,Sambar Vada Plate (2pc) (MI),MI,1.0,No.,191,Frozen Medu Vada (10pc),2.0,Pc,2.0,,9.7671,9.8498,recipe_cost_connaught_place.csv,Sambar Vada Plate (2pc),False,0.8
Connaught Place,Delhi,18,Sambar Vada Plate (2pc) (MI),MI,1.0,No.,207,Special Daal Bucket,0.001,Kg,0.001,,0.1474,0.1533,recipe_cost_connaught_place.csv,Sambar Vada Plate (2pc),False,4.0
Connaught Place,Delhi,18,Sambar Vada Plate (2pc) (MI),MI,1.0,No.,47,Fried Chana Daal,0.036,Kg,0.036,,4.4456,4.4645,recipe_cost_connaught_place.csv,Sambar Vada Plate (2pc),False,0.4
Connaught Place,Delhi,18,Sambar Vada Plate (2pc) (MI),MI,1.0,No.,229,Coconut Shredded,0.05,Kg,0.05,,12.3913,12.6504,recipe_cost_connaught_place.csv,Sambar Vada Plate (2pc),False,2.1
Connaught Place,Delhi,18,Sambar Vada Plate (2pc) (MI),MI,1.0,No.,21,RO Water,0.11,Ltr,0.11,,,,recipe_cost_connaught_place.csv,Sambar Vada Plate (2pc),True,
Connaught Place,Delhi,18,Sambar Vada Plate (2pc) (MI),MI,1.0,No.,115,Coriander Leaves,0.01,Kg,0.01,,0.9923,1.0874,recipe_cost_connaught_place.csv,Sambar Vada Plate (2pc),False,9.6
Connaught Place,Delhi,18,Sambar Vada Plate (2pc) (MI),MI,1.0,No.,329,Imli Water,0.003,Ltr,0.003,,0.083,0.0789,recipe_cost_connaught_place.csv,Sambar Vada Plate (2pc),False,-4.9
Connaught Place,Delhi,18,Sambar Vada Plate (2pc) (MI),MI,1.0,No.,328,Spicy Coconut Chutney Mix 1Pkt (16gm),0.002,Kg,0.002,,0.3763,0.3773,recipe_cost_connaught_place.csv,Sambar Vada Plate (2pc),False,0.3
Connaught Place,Delhi,18,Sambar Vada Plate (2pc) (MI),MI,1.0,No.,108,Ginger,0.01,Kg,0.01,,1.1764,1.1689,recipe_cost_connaught_place.csv,Sambar Vada Plate (2pc),False,-0.6
Connaught Place,Delhi,18,Sambar Vada Plate (2pc) (MI),MI,1.0,No.,116,Raw Green Chili,0.008,Kg,0.008,,0.3259,0.3265,recipe_cost_connaught_place.csv,Sambar Vada Plate (2pc),False,0.2
Connaught Place,Delhi,18,Sambar Vada Plate (2pc) (MI),MI,1.0,No.,188,Tomato Onion Chutney Bucket,0.05,Kg,0.05,,6.2713,5.5342,recipe_cost_connaught_place.csv,Sambar Vada Plate (2pc),False,-11.8
Connaught Place,Delhi,28,Tomato Onion Uttapam (MI),MI,1.0,No.,190,Dosa Batter Mix,0.2,Kg,0.2,,6.0689,6.1108,recipe_cost_connaught_place.csv,Tomato Onion Uttapam,False,0.7
Connaught Place,Delhi,28,Tomato Onion Uttapam (MI),MI,1.0,No.,141,Tomato,0.04,Kg,0.04,,1.4777,1.4564,recipe_cost_connaught_place.csv,Tomato Onion Uttapam,False,-1.4
Connaught Place,Delhi,28,Tomato Onion Uttapam (MI),MI,1.0,No.,207,Special Daal Bucket,0.001,Kg,0.001,,0.1474,0.1533,recipe_cost_connaught_place.csv,Tomato Onion Uttapam,False,4.0
Connaught Place,Delhi,28,Tomato Onion Uttapam (MI),MI,1.0,No.,132,Onion,0.04,Kg,0.04,,1.3966,1.4136,recipe_cost_connaught_place.csv,Tomato Onion Uttapam,False,1.2
Connaught Place,Delhi,28,Tomato Onion Uttapam (MI),MI,1.0,No.,208,Chaat Masala Bucket,0.001,Kg,0.001,,0.3096,0.3227,recipe_cost_connaught_place.csv,Tomato Onion Uttapam,False,4.2
Connaught Place,Delhi,28,Tomato Onion Uttapam (MI),MI,1.0,No.,43,Sunflower Refined Oil  ( 1pkt = 868 Ml ),0.018,Ltr,0.018,,3.1614,3.5599,recipe_cost_connaught_place.csv,Tomato Onion Uttapam,False,12.6
Connaught Place,Delhi,28,Tomato Onion Uttapam (MI),MI,1.0,No.,97,Paper Napkin (1pkt = 100pc),1.0,Pc,1.0,,0.2621,0.2465,recipe_cost_connaught_place.csv,Tomato Onion Uttapam,False,-6.0
Connaught Place,Delhi,28,Tomato Onion Uttapam (MI),MI,1.0,No.,75,Ghee,0.002,Kg,0.002,,1.4421,1.5586,recipe_cost_connaught_place.csv,Tomato Onion Uttapam,False,8.1
Connaught Place,Delhi,28,Tomato Onion Uttapam (MI),MI,1.0,No.,47,Fried Chana Daal,0.036,Kg,0.036,,4.4456,4.4645,recipe_cost_connaught_place.csv,Tomato Onion Uttapam,False,0.4
Connaught Place,Delhi,28,Tomato Onion Uttapam (MI),MI,1.0,No.,229,Coconut Shredded,0.05,Kg,0.05,,12.3913,12.6504,recipe_cost_connaught_place.csv,Tomato Onion Uttapam,False,2.1
Connaught Place,Delhi,28,Tomato Onion Uttapam (MI),MI,1.0,No.,21,RO Water,0.11,Ltr,0.11,,,,recipe_cost_connaught_place.csv,Tomato Onion Uttapam,True,
Connaught Place,Delhi,28,Tomato Onion Uttapam (MI),MI,1.0,No.,115,Coriander Leaves,0.01,Kg,0.01,,0.9923,1.0874,recipe_cost_connaught_place.csv,Tomato Onion Uttapam,False,9.6
Connaught Place,Delhi,28,Tomato Onion Uttapam (MI),MI,1.0,No.,329,Imli Water,0.003,Ltr,0.003,,0.083,0.0789,recipe_cost_connaught_place.csv,Tomato Onion Uttapam,False,-4.9
Connaught Place,Delhi,28,Tomato Onion Uttapam (MI),MI,1.0,No.,328,Spicy Coconut Chutney Mix 1Pkt (16gm),0.002,Kg,0.002,,0.3763,0.3773,recipe_cost_connaught_place.csv,Tomato Onion Uttapam,False,0.3
Connaught Place,Delhi,28,Tomato Onion Uttapam (MI),MI,1.0,No.,108,Ginger,0.01,Kg,0.01,,1.1764,1.1689,recipe_cost_connaught_place.csv,Tomato Onion Uttapam,False,-0.6
Connaught Place,Delhi,28,Tomato Onion Uttapam (MI),MI,1.0,No.,116,Raw Green Chili,0.008,Kg,0.008,,0.3259,0.3265,recipe_cost_connaught_place.csv,Tomato Onion Uttapam,False,0.2
Connaught Place,Delhi,28,Tomato Onion Uttapam (MI),MI,1.0,No.,188,Tomato Onion Chutney Bucket,0.05,Kg,0.05,,6.2713,5.5342,recipe_cost_connaught_place.csv,Tomato Onion Uttapam,False,-11.8
Connaught Place,Delhi,31,Onion Uttapam (MI),MI,1.0,No.,190,Dosa Batter Mix,0.2,Kg,0.2,,6.0689,6.1108,recipe_cost_connaught_place.csv,Onion Uttapam,False,0.7
Connaught Place,Delhi,31,Onion Uttapam (MI),MI,1.0,No.,132,Onion,0.07,Kg,0.07,,2.444,2.4738,recipe_cost_connaught_place.csv,Onion Uttapam,False,1.2
Connaught Place,Delhi,31,Onion Uttapam (MI),MI,1.0,No.,208,Chaat Masala Bucket,0.001,Kg,0.001,,0.3096,0.3227,recipe_cost_connaught_place.csv,Onion Uttapam,False,4.2
Connaught Place,Delhi,31,Onion Uttapam (MI),MI,1.0,No.,207,Special Daal Bucket,0.001,Kg,0.001,,0.1474,0.1533,recipe_cost_connaught_place.csv,Onion Uttapam,False,4.0
Connaught Place,Delhi,31,Onion Uttapam (MI),MI,1.0,No.,43,Sunflower Refined Oil  ( 1pkt = 868 Ml ),0.018,Ltr,0.018,,3.1614,3.5599,recipe_cost_connaught_place.csv,Onion Uttapam,False,12.6
Connaught Place,Delhi,31,Onion Uttapam (MI),MI,1.0,No.,97,Paper Napkin (1pkt = 100pc),1.0,Pc,1.0,,0.2621,0.2465,recipe_cost_connaught_place.csv,Onion Uttapam,False,-6.0
Connaught Place,Delhi,31,Onion Uttapam (MI),MI,1.0,No.,75,Ghee,0.02,Kg,0.02,,14.4211,15.5858,recipe_cost_connaught_place.csv,Onion Uttapam,False,8.1
Connaught Place,Delhi,31,Onion Uttapam (MI),MI,1.0,No.,47,Fried Chana Daal,0.036,Kg,0.036,,4.4456,4.4645,recipe_cost_connaught_place.csv,Onion Uttapam,False,0.4
Connaught Place,Delhi,31,Onion Uttapam (MI),MI,1.0,No.,229,Coconut Shredded,0.05,Kg,0.05,,12.3913,12.6504,recipe_cost_connaught_place.csv,Onion Uttapam,False,2.1
Connaught Place,Delhi,31,Onion Uttapam (MI),MI,1.0,No.,21,RO Water,0.11,Ltr,0.11,,,,recipe_cost_connaught_place.csv,Onion Uttapam,True,
Connaught Place,Delhi,31,Onion Uttapam (MI),MI,1.0,No.,115,Coriander Leaves,0.01,Kg,0.01,,0.9923,1.0874,recipe_cost_connaught_place.csv,Onion Uttapam,False,9.6
Connaught Place,Delhi,31,Onion Uttapam (MI),MI,1.0,No.,329,Imli Water,0.003,Ltr,0.003,,0.083,0.0789,recipe_cost_connaught_place.csv,Onion Uttapam,False,-4.9
Connaught Place,Delhi,31,Onion Uttapam (MI),MI,1.0,No.,328,Spicy Coconut Chutney Mix 1Pkt (16gm),0.002,Kg,0.002,,0.3763,0.3773,recipe_cost_connaught_place.csv,Onion Uttapam,False,0.3
Connaught Place,Delhi,31,Onion Uttapam (MI),MI,1.0,No.,108,Ginger,0.01,Kg,0.01,,1.1764,1.1689,recipe_cost_connaught_place.csv,Onion Uttapam,False,-0.6
Connaught Place,Delhi,31,Onion Uttapam (MI),MI,1.0,No.,116,Raw Green Chili,0.008,Kg,0.008,,0.3259,0.3265,recipe_cost_connaught_place.csv,Onion Uttapam,False,0.2
Connaught Place,Delhi,31,Onion Uttapam (MI),MI,1.0,No.,188,Tomato Onion Chutney Bucket,0.05,Kg,0.05,,6.2713,5.5342,recipe_cost_connaught_place.csv,Onion Uttapam,False,-11.8
Connaught Place,Delhi,267,Gulab Jamun (2 Pc) (MI),MI,1.0,No.,97,Paper Napkin (1pkt = 100pc),1.0,Pc,1.0,,0.2621,0.2465,recipe_cost_connaught_place.csv,Gulab Jamun (2 Pc),False,-6.0
Connaught Place,Delhi,267,Gulab Jamun (2 Pc) (MI),MI,1.0,No.,500,Gulab Jamun,2.0,Pc,2.0,,38.7764,39.0282,recipe_cost_connaught_place.csv,Gulab Jamun (2 Pc),False,0.6
Connaught Place,Delhi,30,Mixed Uttapam (MI),MI,1.0,No.,190,Dosa Batter Mix,0.2,Kg,0.2,,6.0689,6.1108,recipe_cost_connaught_place.csv,Mixed Uttapam,False,0.7
Connaught Place,Delhi,30,Mixed Uttapam (MI),MI,1.0,No.,141,Tomato,0.015,Kg,0.015,,0.5541,0.5461,recipe_cost_connaught_place.csv,Mixed Uttapam,False,-1.4
Connaught Place,Delhi,30,Mixed Uttapam (MI),MI,1.0,No.,207,Special Daal Bucket,0.001,Kg,0.001,,0.1474,0.1533,recipe_cost_connaught_place.csv,Mixed Uttapam,False,4.0
Connaught Place,Delhi,30,Mixed Uttapam (MI),MI,1.0,No.,43,Sunflower Refined Oil  ( 1pkt = 868 Ml ),0.018,Ltr,0.018,,3.1614,3.5599,recipe_cost_connaught_place.csv,Mixed Uttapam,False,12.6
Connaught Place,Delhi,30,Mixed Uttapam (MI),MI,1.0,No.,107,Carrot,0.015,Kg,0.015,,0.4984,0.4857,recipe_cost_connaught_place.csv,Mixed Uttapam,False,-2.5
Connaught Place,Delhi,30,Mixed Uttapam (MI),MI,1.0,No.,99,Green Capsicum,0.015,Kg,0.015,,0.815,0.7448,recipe_cost_connaught_place.csv,Mixed Uttapam,False,-8.6
Connaught Place,Delhi,30,Mixed Uttapam (MI),MI,1.0,No.,229,Coconut Shredded,0.06,Kg,0.06,,14.8695,15.1804,recipe_cost_connaught_place.csv,Mixed Uttapam,False,2.1
Connaught Place,Delhi,30,Mixed Uttapam (MI),MI,1.0,No.,132,Onion,0.015,Kg,0.015,,0.5237,0.5301,recipe_cost_connaught_place.csv,Mixed Uttapam,False,1.2
Connaught Place,Delhi,30,Mixed Uttapam (MI),MI,1.0,No.,208,Chaat Masala Bucket,0.001,Kg,0.001,,0.3096,0.3227,recipe_cost_connaught_place.csv,Mixed Uttapam,False,4.2
Connaught Place,Delhi,30,Mixed Uttapam (MI),MI,1.0,No.,97,Paper Napkin (1pkt = 100pc),1.0,Pc,1.0,,0.2621,0.2465,recipe_cost_connaught_place.csv,Mixed Uttapam,False,-6.0
Connaught Place,Delhi,30,Mixed Uttapam (MI),MI,1.0,No.,75,Ghee,0.002,Kg,0.002,,1.4421,1.5586,recipe_cost_connaught_place.csv,Mixed Uttapam,False,8.1
Connaught Place,Delhi,30,Mixed Uttapam (MI),MI,1.0,No.,47,Fried Chana Daal,0.036,Kg,0.036,,4.4456,4.4645,recipe_cost_connaught_place.csv,Mixed Uttapam,False,0.4
Connaught Place,Delhi,30,Mixed Uttapam (MI),MI,1.0,No.,21,RO Water,0.11,Ltr,0.11,,,,recipe_cost_connaught_place.csv,Mixed Uttapam,True,
Connaught Place,Delhi,30,Mixed Uttapam (MI),MI,1.0,No.,115,Coriander Leaves,0.01,Kg,0.01,,0.9923,1.0874,recipe_cost_connaught_place.csv,Mixed Uttapam,False,9.6
Connaught Place,Delhi,30,Mixed Uttapam (MI),MI,1.0,No.,329,Imli Water,0.003,Ltr,0.003,,0.083,0.0789,recipe_cost_connaught_place.csv,Mixed Uttapam,False,-4.9
Connaught Place,Delhi,30,Mixed Uttapam (MI),MI,1.0,No.,328,Spicy Coconut Chutney Mix 1Pkt (16gm),0.002,Kg,0.002,,0.3763,0.3773,recipe_cost_connaught_place.csv,Mixed Uttapam,False,0.3
Connaught Place,Delhi,30,Mixed Uttapam (MI),MI,1.0,No.,108,Ginger,0.01,Kg,0.01,,1.1764,1.1689,recipe_cost_connaught_place.csv,Mixed Uttapam,False,-0.6
Connaught Place,Delhi,30,Mixed Uttapam (MI),MI,1.0,No.,116,Raw Green Chili,0.008,Kg,0.008,,0.3259,0.3265,recipe_cost_connaught_place.csv,Mixed Uttapam,False,0.2
Connaught Place,Delhi,30,Mixed Uttapam (MI),MI,1.0,No.,188,Tomato Onion Chutney Bucket,0.05,Kg,0.05,,6.2713,5.5342,recipe_cost_connaught_place.csv,Mixed Uttapam,False,-11.8
Connaught Place,Delhi,26,Vegetable Uttapam (MI),MI,1.0,No.,190,Dosa Batter Mix,0.2,Kg,0.2,,6.0689,6.1108,recipe_cost_connaught_place.csv,Vegetable Uttapam,False,0.7
Connaught Place,Delhi,26,Vegetable Uttapam (MI),MI,1.0,No.,208,Chaat Masala Bucket,0.001,Kg,0.001,,0.3096,0.3227,recipe_cost_connaught_place.csv,Vegetable Uttapam,False,4.2
Connaught Place,Delhi,26,Vegetable Uttapam (MI),MI,1.0,No.,207,Special Daal Bucket,0.001,Kg,0.001,,0.1474,0.1533,recipe_cost_connaught_place.csv,Vegetable Uttapam,False,4.0
Connaught Place,Delhi,26,Vegetable Uttapam (MI),MI,1.0,No.,43,Sunflower Refined Oil  ( 1pkt = 868 Ml ),0.018,Ltr,0.018,,3.1614,3.5599,recipe_cost_connaught_place.csv,Vegetable Uttapam,False,12.6
Connaught Place,Delhi,26,Vegetable Uttapam (MI),MI,1.0,No.,107,Carrot,0.02,Kg,0.02,,0.6645,0.6476,recipe_cost_connaught_place.csv,Vegetable Uttapam,False,-2.5
Connaught Place,Delhi,26,Vegetable Uttapam (MI),MI,1.0,No.,99,Green Capsicum,0.015,Kg,0.015,,0.815,0.7448,recipe_cost_connaught_place.csv,Vegetable Uttapam,False,-8.6
Connaught Place,Delhi,26,Vegetable Uttapam (MI),MI,1.0,No.,141,Tomato,0.015,Kg,0.015,,0.5541,0.5461,recipe_cost_connaught_place.csv,Vegetable Uttapam,False,-1.4
Connaught Place,Delhi,26,Vegetable Uttapam (MI),MI,1.0,No.,97,Paper Napkin (1pkt = 100pc),1.0,Pc,1.0,,0.2621,0.2465,recipe_cost_connaught_place.csv,Vegetable Uttapam,False,-6.0
Connaught Place,Delhi,26,Vegetable Uttapam (MI),MI,1.0,No.,75,Ghee,0.002,Kg,0.002,,1.4421,1.5586,recipe_cost_connaught_place.csv,Vegetable Uttapam,False,8.1
Connaught Place,Delhi,26,Vegetable Uttapam (MI),MI,1.0,No.,47,Fried Chana Daal,0.036,Kg,0.036,,4.4456,4.4645,recipe_cost_connaught_place.csv,Vegetable Uttapam,False,0.4
Connaught Place,Delhi,26,Vegetable Uttapam (MI),MI,1.0,No.,229,Coconut Shredded,0.05,Kg,0.05,,12.3913,12.6504,recipe_cost_connaught_place.csv,Vegetable Uttapam,False,2.1
Connaught Place,Delhi,26,Vegetable Uttapam (MI),MI,1.0,No.,21,RO Water,0.11,Ltr,0.11,,,,recipe_cost_connaught_place.csv,Vegetable Uttapam,True,
Connaught Place,Delhi,26,Vegetable Uttapam (MI),MI,1.0,No.,115,Coriander Leaves,0.01,Kg,0.01,,0.9923,1.0874,recipe_cost_connaught_place.csv,Vegetable Uttapam,False,9.6
Connaught Place,Delhi,26,Vegetable Uttapam (MI),MI,1.0,No.,329,Imli Water,0.003,Ltr,0.003,,0.083,0.0789,recipe_cost_connaught_place.csv,Vegetable Uttapam,False,-4.9
Connaught Place,Delhi,26,Vegetable Uttapam (MI),MI,1.0,No.,328,Spicy Coconut Chutney Mix 1Pkt (16gm),0.002,Kg,0.002,,0.3763,0.3773,recipe_cost_connaught_place.csv,Vegetable Uttapam,False,0.3
Connaught Place,Delhi,26,Vegetable Uttapam (MI),MI,1.0,No.,108,Ginger,0.01,Kg,0.01,,1.1764,1.1689,recipe_cost_connaught_place.csv,Vegetable Uttapam,False,-0.6
Connaught Place,Delhi,26,Vegetable Uttapam (MI),MI,1.0,No.,116,Raw Green Chili,0.008,Kg,0.008,,0.3259,0.3265,recipe_cost_connaught_place.csv,Vegetable Uttapam,False,0.2
Connaught Place,Delhi,26,Vegetable Uttapam (MI),MI,1.0,No.,188,Tomato Onion Chutney Bucket,0.05,Kg,0.05,,6.2713,5.5342,recipe_cost_connaught_place.csv,Vegetable Uttapam,False,-11.8
Connaught Place,Delhi,29,Tomato Uttapam (MI),MI,1.0,No.,141,Tomato,0.05,Kg,0.05,,1.8471,1.8205,recipe_cost_connaught_place.csv,Tomato Uttapam,False,-1.4
Connaught Place,Delhi,29,Tomato Uttapam (MI),MI,1.0,No.,207,Special Daal Bucket,0.001,Kg,0.001,,0.1474,0.1533,recipe_cost_connaught_place.csv,Tomato Uttapam,False,4.0
Connaught Place,Delhi,29,Tomato Uttapam (MI),MI,1.0,No.,43,Sunflower Refined Oil  ( 1pkt = 868 Ml ),0.018,Ltr,0.018,,3.1614,3.5599,recipe_cost_connaught_place.csv,Tomato Uttapam,False,12.6
Connaught Place,Delhi,29,Tomato Uttapam (MI),MI,1.0,No.,97,Paper Napkin (1pkt = 100pc),1.0,Pc,1.0,,0.2621,0.2465,recipe_cost_connaught_place.csv,Tomato Uttapam,False,-6.0
Connaught Place,Delhi,29,Tomato Uttapam (MI),MI,1.0,No.,190,Dosa Batter Mix,0.2,Kg,0.2,,6.0689,6.1108,recipe_cost_connaught_place.csv,Tomato Uttapam,False,0.7
Connaught Place,Delhi,29,Tomato Uttapam (MI),MI,1.0,No.,75,Ghee,0.002,Kg,0.002,,1.4421,1.5586,recipe_cost_connaught_place.csv,Tomato Uttapam,False,8.1
Connaught Place,Delhi,29,Tomato Uttapam (MI),MI,1.0,No.,47,Fried Chana Daal,0.036,Kg,0.036,,4.4456,4.4645,recipe_cost_connaught_place.csv,Tomato Uttapam,False,0.4
Connaught Place,Delhi,29,Tomato Uttapam (MI),MI,1.0,No.,229,Coconut Shredded,0.05,Kg,0.05,,12.3913,12.6504,recipe_cost_connaught_place.csv,Tomato Uttapam,False,2.1
Connaught Place,Delhi,29,Tomato Uttapam (MI),MI,1.0,No.,21,RO Water,0.11,Ltr,0.11,,,,recipe_cost_connaught_place.csv,Tomato Uttapam,True,
Connaught Place,Delhi,29,Tomato Uttapam (MI),MI,1.0,No.,115,Coriander Leaves,0.01,Kg,0.01,,0.9923,1.0874,recipe_cost_connaught_place.csv,Tomato Uttapam,False,9.6
Connaught Place,Delhi,29,Tomato Uttapam (MI),MI,1.0,No.,329,Imli Water,0.003,Ltr,0.003,,0.083,0.0789,recipe_cost_connaught_place.csv,Tomato Uttapam,False,-4.9
Connaught Place,Delhi,29,Tomato Uttapam (MI),MI,1.0,No.,328,Spicy Coconut Chutney Mix 1Pkt (16gm),0.002,Kg,0.002,,0.3763,0.3773,recipe_cost_connaught_place.csv,Tomato Uttapam,False,0.3
Connaught Place,Delhi,29,Tomato Uttapam (MI),MI,1.0,No.,108,Ginger,0.01,Kg,0.01,,1.1764,1.1689,recipe_cost_connaught_place.csv,Tomato Uttapam,False,-0.6
Connaught Place,Delhi,29,Tomato Uttapam (MI),MI,1.0,No.,116,Raw Green Chili,0.008,Kg,0.008,,0.3259,0.3265,recipe_cost_connaught_place.csv,Tomato Uttapam,False,0.2
Connaught Place,Delhi,29,Tomato Uttapam (MI),MI,1.0,No.,188,Tomato Onion Chutney Bucket,0.05,Kg,0.05,,6.2713,5.5342,recipe_cost_connaught_place.csv,Tomato Uttapam,False,-11.8
Connaught Place,Delhi,25,Plain Uttapam (MI),MI,1.0,No.,190,Dosa Batter Mix,0.2,Kg,0.2,,6.0689,6.1108,recipe_cost_connaught_place.csv,Plain Uttapam,False,0.7
Connaught Place,Delhi,25,Plain Uttapam (MI),MI,1.0,No.,208,Chaat Masala Bucket,0.001,Kg,0.001,,0.3096,0.3227,recipe_cost_connaught_place.csv,Plain Uttapam,False,4.2
Connaught Place,Delhi,25,Plain Uttapam (MI),MI,1.0,No.,32,Whole Cumin,0.001,Kg,0.001,,0.3534,0.3047,recipe_cost_connaught_place.csv,Plain Uttapam,False,-13.8
Connaught Place,Delhi,25,Plain Uttapam (MI),MI,1.0,No.,207,Special Daal Bucket,0.001,Kg,0.001,,0.1474,0.1533,recipe_cost_connaught_place.csv,Plain Uttapam,False,4.0
Connaught Place,Delhi,25,Plain Uttapam (MI),MI,1.0,No.,43,Sunflower Refined Oil  ( 1pkt = 868 Ml ),0.018,Ltr,0.018,,3.1614,3.5599,recipe_cost_connaught_place.csv,Plain Uttapam,False,12.6
Connaught Place,Delhi,25,Plain Uttapam (MI),MI,1.0,No.,97,Paper Napkin (1pkt = 100pc),1.0,Pc,1.0,,0.2621,0.2465,recipe_cost_connaught_place.csv,Plain Uttapam,False,-6.0
Connaught Place,Delhi,25,Plain Uttapam (MI),MI,1.0,No.,75,Ghee,0.002,Kg,0.002,,1.4421,1.5586,recipe_cost_connaught_place.csv,Plain Uttapam,False,8.1
Connaught Place,Delhi,25,Plain Uttapam (MI),MI,1.0,No.,47,Fried Chana Daal,0.036,Kg,0.036,,4.4456,4.4645,recipe_cost_connaught_place.csv,Plain Uttapam,False,0.4
Connaught Place,Delhi,25,Plain Uttapam (MI),MI,1.0,No.,229,Coconut Shredded,0.05,Kg,0.05,,12.3913,12.6504,recipe_cost_connaught_place.csv,Plain Uttapam,False,2.1
Connaught Place,Delhi,25,Plain Uttapam (MI),MI,1.0,No.,21,RO Water,0.11,Ltr,0.11,,,,recipe_cost_connaught_place.csv,Plain Uttapam,True,
Connaught Place,Delhi,25,Plain Uttapam (MI),MI,1.0,No.,115,Coriander Leaves,0.01,Kg,0.01,,0.9923,1.0874,recipe_cost_connaught_place.csv,Plain Uttapam,False,9.6
Connaught Place,Delhi,25,Plain Uttapam (MI),MI,1.0,No.,329,Imli Water,0.003,Ltr,0.003,,0.083,0.0789,recipe_cost_connaught_place.csv,Plain Uttapam,False,-4.9
Connaught Place,Delhi,25,Plain Uttapam (MI),MI,1.0,No.,328,Spicy Coconut Chutney Mix 1Pkt (16gm),0.002,Kg,0.002,,0.3763,0.3773,recipe_cost_connaught_place.csv,Plain Uttapam,False,0.3
Connaught Place,Delhi,25,Plain Uttapam (MI),MI,1.0,No.,108,Ginger,0.01,Kg,0.01,,1.1764,1.1689,recipe_cost_connaught_place.csv,Plain Uttapam,False,-0.6
Connaught Place,Delhi,25,Plain Uttapam (MI),MI,1.0,No.,116,Raw Green Chili,0.008,Kg,0.008,,0.3259,0.3265,recipe_cost_connaught_place.csv,Plain Uttapam,False,0.2
Connaught Place,Delhi,25,Plain Uttapam (MI),MI,1.0,No.,188,Tomato Onion Chutney Bucket,0.05,Kg,0.05,,6.2713,5.5342,recipe_cost_connaught_place.csv,Plain Uttapam,False,-11.8
Connaught Place,Delhi,32,Upma (MI),MI,1.0,No.,222,Upma Mix (1pkt = 300gm),0.06,Kg,0.06,,5.0247,5.1274,recipe_cost_connaught_place.csv,Upma,False,2.0
Connaught Place,Delhi,32,Upma (MI),MI,1.0,No.,21,RO Water,0.21,Ltr,0.21,,,,recipe_cost_connaught_place.csv,Upma,True,
Connaught Place,Delhi,32,Upma (MI),MI,1.0,No.,116,Raw Green Chili,0.011,Kg,0.011,,0.4481,0.4489,recipe_cost_connaught_place.csv,Upma,False,0.2
Connaught Place,Delhi,32,Upma (MI),MI,1.0,No.,132,Onion,0.016,Kg,0.016,,0.5586,0.5654,recipe_cost_connaught_place.csv,Upma,False,1.2
Connaught Place,Delhi,32,Upma (MI),MI,1.0,No.,141,Tomato,0.016,Kg,0.016,,0.5911,0.5826,recipe_cost_connaught_place.csv,Upma,False,-1.4
Connaught Place,Delhi,32,Upma (MI),MI,1.0,No.,91,Milk (Adya Dairy),0.1,Ltr,0.1,,5.7345,5.7986,recipe_cost_connaught_place.csv,Upma,False,1.1
Connaught Place,Delhi,32,Upma (MI),MI,1.0,No.,75,Ghee,0.036,Kg,0.036,,25.958,28.0544,recipe_cost_connaught_place.csv,Upma,False,8.1
Connaught Place,Delhi,32,Upma (MI),MI,1.0,No.,207,Special Daal Bucket,0.001,Kg,0.001,,0.1474,0.1533,recipe_cost_connaught_place.csv,Upma,False,4.0
Connaught Place,Delhi,32,Upma (MI),MI,1.0,No.,97,Paper Napkin (1pkt = 100pc),1.0,Pc,1.0,,0.2621,0.2465,recipe_cost_connaught_place.csv,Upma,False,-6.0
Connaught Place,Delhi,32,Upma (MI),MI,1.0,No.,47,Fried Chana Daal,0.036,Kg,0.036,,4.4456,4.4645,recipe_cost_connaught_place.csv,Upma,False,0.4
Connaught Place,Delhi,32,Upma (MI),MI,1.0,No.,229,Coconut Shredded,0.05,Kg,0.05,,12.3913,12.6504,recipe_cost_connaught_place.csv,Upma,False,2.1
Connaught Place,Delhi,32,Upma (MI),MI,1.0,No.,115,Coriander Leaves,0.01,Kg,0.01,,0.9923,1.0874,recipe_cost_connaught_place.csv,Upma,False,9.6
Connaught Place,Delhi,32,Upma (MI),MI,1.0,No.,329,Imli Water,0.003,Ltr,0.003,,0.083,0.0789,recipe_cost_connaught_place.csv,Upma,False,-4.9
Connaught Place,Delhi,32,Upma (MI),MI,1.0,No.,328,Spicy Coconut Chutney Mix 1Pkt (16gm),0.002,Kg,0.002,,0.3763,0.3773,recipe_cost_connaught_place.csv,Upma,False,0.3
Connaught Place,Delhi,32,Upma (MI),MI,1.0,No.,108,Ginger,0.01,Kg,0.01,,1.1764,1.1689,recipe_cost_connaught_place.csv,Upma,False,-0.6
Connaught Place,Delhi,32,Upma (MI),MI,1.0,No.,188,Tomato Onion Chutney Bucket,0.05,Kg,0.05,,6.2713,5.5342,recipe_cost_connaught_place.csv,Upma,False,-11.8
Connaught Place,Delhi,48,Guntur Karampodi Dosa (MI),MI,1.0,No.,190,Dosa Batter Mix,0.12,Kg,0.12,,3.6413,3.6665,recipe_cost_connaught_place.csv,Guntur Karampodi Dosa,False,0.7
Connaught Place,Delhi,48,Guntur Karampodi Dosa (MI),MI,1.0,No.,141,Tomato,0.04,Kg,0.04,,1.4777,1.4564,recipe_cost_connaught_place.csv,Guntur Karampodi Dosa,False,-1.4
Connaught Place,Delhi,48,Guntur Karampodi Dosa (MI),MI,1.0,No.,132,Onion,0.05,Kg,0.05,,1.7457,1.767,recipe_cost_connaught_place.csv,Guntur Karampodi Dosa,False,1.2
Connaught Place,Delhi,48,Guntur Karampodi Dosa (MI),MI,1.0,No.,12,Regular White Chutney Bucket (Inactive),0.15,Kg,0.15,,,,recipe_cost_connaught_place.csv,Guntur Karampodi Dosa,True,
Connaught Place,Delhi,48,Guntur Karampodi Dosa (MI),MI,1.0,No.,14,Amul Butter,0.04,Kg,0.04,,21.7817,22.3956,recipe_cost_connaught_place.csv,Guntur Karampodi Dosa,False,2.8
Connaught Place,Delhi,48,Guntur Karampodi Dosa (MI),MI,1.0,No.,203,Karam Podi Powder Bucket,0.04,Kg,0.04,,7.6874,7.6308,recipe_cost_connaught_place.csv,Guntur Karampodi Dosa,False,-0.7
Connaught Place,Delhi,48,Guntur Karampodi Dosa (MI),MI,1.0,No.,115,Coriander Leaves,0.015,Kg,0.015,,1.4885,1.6311,recipe_cost_connaught_place.csv,Guntur Karampodi Dosa,False,9.6
Connaught Place,Delhi,48,Guntur Karampodi Dosa (MI),MI,1.0,No.,207,Special Daal Bucket,0.005,Kg,0.005,,0.7369,0.7664,recipe_cost_connaught_place.csv,Guntur Karampodi Dosa,False,4.0
Connaught Place,Delhi,48,Guntur Karampodi Dosa (MI),MI,1.0,No.,97,Paper Napkin (1pkt = 100pc),1.0,Pc,1.0,,0.2621,0.2465,recipe_cost_connaught_place.csv,Guntur Karampodi Dosa,False,-6.0
Connaught Place,Delhi,48,Guntur Karampodi Dosa (MI),MI,1.0,No.,47,Fried Chana Daal,0.036,Kg,0.036,,4.4456,4.4645,recipe_cost_connaught_place.csv,Guntur Karampodi Dosa,False,0.4
Connaught Place,Delhi,48,Guntur Karampodi Dosa (MI),MI,1.0,No.,229,Coconut Shredded,0.05,Kg,0.05,,12.3913,12.6504,recipe_cost_connaught_place.csv,Guntur Karampodi Dosa,False,2.1
Connaught Place,Delhi,48,Guntur Karampodi Dosa (MI),MI,1.0,No.,21,RO Water,0.11,Ltr,0.11,,,,recipe_cost_connaught_place.csv,Guntur Karampodi Dosa,True,
Connaught Place,Delhi,48,Guntur Karampodi Dosa (MI),MI,1.0,No.,329,Imli Water,0.003,Ltr,0.003,,0.083,0.0789,recipe_cost_connaught_place.csv,Guntur Karampodi Dosa,False,-4.9
Connaught Place,Delhi,48,Guntur Karampodi Dosa (MI),MI,1.0,No.,328,Spicy Coconut Chutney Mix 1Pkt (16gm),0.002,Kg,0.002,,0.3763,0.3773,recipe_cost_connaught_place.csv,Guntur Karampodi Dosa,False,0.3
Connaught Place,Delhi,48,Guntur Karampodi Dosa (MI),MI,1.0,No.,108,Ginger,0.01,Kg,0.01,,1.1764,1.1689,recipe_cost_connaught_place.csv,Guntur Karampodi Dosa,False,-0.6
Connaught Place,Delhi,48,Guntur Karampodi Dosa (MI),MI,1.0,No.,116,Raw Green Chili,0.008,Kg,0.008,,0.3259,0.3265,recipe_cost_connaught_place.csv,Guntur Karampodi Dosa,False,0.2
Connaught Place,Delhi,48,Guntur Karampodi Dosa (MI),MI,1.0,No.,188,Tomato Onion Chutney Bucket,0.05,Kg,0.05,,6.2713,5.5342,recipe_cost_connaught_place.csv,Guntur Karampodi Dosa,False,-11.8
Connaught Place,Delhi,54,Spicy Tomato Onion Ghee Roast Dosa (MI),MI,1.0,No.,190,Dosa Batter Mix,0.12,Kg,0.12,,3.6413,3.6665,recipe_cost_connaught_place.csv,Spicy Tomato Onion Ghee Roast Dosa,False,0.7
Connaught Place,Delhi,54,Spicy Tomato Onion Ghee Roast Dosa (MI),MI,1.0,No.,75,Ghee,30.0,gm,30.0,,21.6316,23.3787,recipe_cost_connaught_place.csv,Spicy Tomato Onion Ghee Roast Dosa,False,8.1
Connaught Place,Delhi,54,Spicy Tomato Onion Ghee Roast Dosa (MI),MI,1.0,No.,207,Special Daal Bucket,0.001,Kg,0.001,,0.1474,0.1533,recipe_cost_connaught_place.csv,Spicy Tomato Onion Ghee Roast Dosa,False,4.0
Connaught Place,Delhi,54,Spicy Tomato Onion Ghee Roast Dosa (MI),MI,1.0,No.,97,Paper Napkin (1pkt = 100pc),1.0,Pc,1.0,,0.2621,0.2465,recipe_cost_connaught_place.csv,Spicy Tomato Onion Ghee Roast Dosa,False,-6.0
Connaught Place,Delhi,54,Spicy Tomato Onion Ghee Roast Dosa (MI),MI,1.0,No.,47,Fried Chana Daal,0.036,Kg,0.036,,4.4456,4.4645,recipe_cost_connaught_place.csv,Spicy Tomato Onion Ghee Roast Dosa,False,0.4
Connaught Place,Delhi,54,Spicy Tomato Onion Ghee Roast Dosa (MI),MI,1.0,No.,229,Coconut Shredded,0.05,Kg,0.05,,12.3913,12.6504,recipe_cost_connaught_place.csv,Spicy Tomato Onion Ghee Roast Dosa,False,2.1
Connaught Place,Delhi,54,Spicy Tomato Onion Ghee Roast Dosa (MI),MI,1.0,No.,21,RO Water,0.11,Ltr,0.11,,,,recipe_cost_connaught_place.csv,Spicy Tomato Onion Ghee Roast Dosa,True,
Connaught Place,Delhi,54,Spicy Tomato Onion Ghee Roast Dosa (MI),MI,1.0,No.,115,Coriander Leaves,0.01,Kg,0.01,,0.9923,1.0874,recipe_cost_connaught_place.csv,Spicy Tomato Onion Ghee Roast Dosa,False,9.6
Connaught Place,Delhi,54,Spicy Tomato Onion Ghee Roast Dosa (MI),MI,1.0,No.,329,Imli Water,0.003,Ltr,0.003,,0.083,0.0789,recipe_cost_connaught_place.csv,Spicy Tomato Onion Ghee Roast Dosa,False,-4.9
Connaught Place,Delhi,54,Spicy Tomato Onion Ghee Roast Dosa (MI),MI,1.0,No.,328,Spicy Coconut Chutney Mix 1Pkt (16gm),0.002,Kg,0.002,,0.3763,0.3773,recipe_cost_connaught_place.csv,Spicy Tomato Onion Ghee Roast Dosa,False,0.3
Connaught Place,Delhi,54,Spicy Tomato Onion Ghee Roast Dosa (MI),MI,1.0,No.,108,Ginger,0.01,Kg,0.01,,1.1764,1.1689,recipe_cost_connaught_place.csv,Spicy Tomato Onion Ghee Roast Dosa,False,-0.6
Connaught Place,Delhi,54,Spicy Tomato Onion Ghee Roast Dosa (MI),MI,1.0,No.,116,Raw Green Chili,0.008,Kg,0.008,,0.3259,0.3265,recipe_cost_connaught_place.csv,Spicy Tomato Onion Ghee Roast Dosa,False,0.2
Connaught Place,Delhi,54,Spicy Tomato Onion Ghee Roast Dosa (MI),MI,1.0,No.,188,Tomato Onion Chutney Bucket,0.22,Kg,0.22,,27.5937,24.3505,recipe_cost_connaught_place.csv,Spicy Tomato Onion Ghee Roast Dosa,False,-11.8
Connaught Place,Delhi,49,Plain Ghee Roast Dosa (MI),MI,1.0,No.,190,Dosa Batter Mix,0.12,Kg,0.12,,3.6413,3.6665,recipe_cost_connaught_place.csv,Plain Ghee Roast Dosa,False,0.7
Connaught Place,Delhi,49,Plain Ghee Roast Dosa (MI),MI,1.0,No.,75,Ghee,0.03,Kg,0.03,,21.6316,23.3787,recipe_cost_connaught_place.csv,Plain Ghee Roast Dosa,False,8.1
Connaught Place,Delhi,49,Plain Ghee Roast Dosa (MI),MI,1.0,No.,207,Special Daal Bucket,0.001,Kg,0.001,,0.1474,0.1533,recipe_cost_connaught_place.csv,Plain Ghee Roast Dosa,False,4.0
Connaught Place,Delhi,49,Plain Ghee Roast Dosa (MI),MI,1.0,No.,97,Paper Napkin (1pkt = 100pc),1.0,Pc,1.0,,0.2621,0.2465,recipe_cost_connaught_place.csv,Plain Ghee Roast Dosa,False,-6.0
Connaught Place,Delhi,49,Plain Ghee Roast Dosa (MI),MI,1.0,No.,47,Fried Chana Daal,0.036,Kg,0.036,,4.4456,4.4645,recipe_cost_connaught_place.csv,Plain Ghee Roast Dosa,False,0.4
Connaught Place,Delhi,49,Plain Ghee Roast Dosa (MI),MI,1.0,No.,229,Coconut Shredded,0.05,Kg,0.05,,12.3913,12.6504,recipe_cost_connaught_place.csv,Plain Ghee Roast Dosa,False,2.1
Connaught Place,Delhi,49,Plain Ghee Roast Dosa (MI),MI,1.0,No.,21,RO Water,0.11,Ltr,0.11,,,,recipe_cost_connaught_place.csv,Plain Ghee Roast Dosa,True,
Connaught Place,Delhi,49,Plain Ghee Roast Dosa (MI),MI,1.0,No.,115,Coriander Leaves,0.01,Kg,0.01,,0.9923,1.0874,recipe_cost_connaught_place.csv,Plain Ghee Roast Dosa,False,9.6
Connaught Place,Delhi,49,Plain Ghee Roast Dosa (MI),MI,1.0,No.,329,Imli Water,0.003,Ltr,0.003,,0.083,0.0789,recipe_cost_connaught_place.csv,Plain Ghee Roast Dosa,False,-4.9
Connaught Place,Delhi,49,Plain Ghee Roast Dosa (MI),MI,1.0,No.,328,Spicy Coconut Chutney Mix 1Pkt (16gm),0.002,Kg,0.002,,0.3763,0.3773,recipe_cost_connaught_place.csv,Plain Ghee Roast Dosa,False,0.3
Connaught Place,Delhi,49,Plain Ghee Roast Dosa (MI),MI,1.0,No.,108,Ginger,0.01,Kg,0.01,,1.1764,1.1689,recipe_cost_connaught_place.csv,Plain Ghee Roast Dosa,False,-0.6
Connaught Place,Delhi,49,Plain Ghee Roast Dosa (MI),MI,1.0,No.,116,Raw Green Chili,0.008,Kg,0.008,,0.3259,0.3265,recipe_cost_connaught_place.csv,Plain Ghee Roast Dosa,False,0.2
Connaught Place,Delhi,49,Plain Ghee Roast Dosa (MI),MI,1.0,No.,188,Tomato Onion Chutney Bucket,0.05,Kg,0.05,,6.2713,5.5342,recipe_cost_connaught_place.csv,Plain Ghee Roast Dosa,False,-11.8
Connaught Place,Delhi,57,Spicy Coconut Ghee Roast Dosa (MI),MI,1.0,No.,190,Dosa Batter Mix,0.12,Kg,0.12,,3.6413,3.6665,recipe_cost_connaught_place.csv,Spicy Coconut Ghee Roast Dosa,False,0.7
Connaught Place,Delhi,57,Spicy Coconut Ghee Roast Dosa (MI),MI,1.0,No.,75,Ghee,0.03,Kg,0.03,,21.6316,23.3787,recipe_cost_connaught_place.csv,Spicy Coconut Ghee Roast Dosa,False,8.1
Connaught Place,Delhi,57,Spicy Coconut Ghee Roast Dosa (MI),MI,1.0,No.,207,Special Daal Bucket,0.003,Kg,0.003,,0.4421,0.4598,recipe_cost_connaught_place.csv,Spicy Coconut Ghee Roast Dosa,False,4.0
Connaught Place,Delhi,57,Spicy Coconut Ghee Roast Dosa (MI),MI,1.0,No.,186,Spicy Coconut Chutney Bucket,0.17,Kg,0.17,,9.4341,9.9243,recipe_cost_connaught_place.csv,Spicy Coconut Ghee Roast Dosa,False,5.2
Connaught Place,Delhi,57,Spicy Coconut Ghee Roast Dosa (MI),MI,1.0,No.,97,Paper Napkin (1pkt = 100pc),1.0,Pc,1.0,,0.2621,0.2465,recipe_cost_connaught_place.csv,Spicy Coconut Ghee Roast Dosa,False,-6.0
Connaught Place,Delhi,57,Spicy Coconut Ghee Roast Dosa (MI),MI,1.0,No.,47,Fried Chana Daal,0.036,Kg,0.036,,4.4456,4.4645,recipe_cost_connaught_place.csv,Spicy Coconut Ghee Roast Dosa,False,0.4
Connaught Place,Delhi,57,Spicy Coconut Ghee Roast Dosa (MI),MI,1.0,No.,229,Coconut Shredded,0.05,Kg,0.05,,12.3913,12.6504,recipe_cost_connaught_place.csv,Spicy Coconut Ghee Roast Dosa,False,2.1
Connaught Place,Delhi,57,Spicy Coconut Ghee Roast Dosa (MI),MI,1.0,No.,115,Coriander Leaves,0.01,Kg,0.01,,0.9923,1.0874,recipe_cost_connaught_place.csv,Spicy Coconut Ghee Roast Dosa,False,9.6
Connaught Place,Delhi,57,Spicy Coconut Ghee Roast Dosa (MI),MI,1.0,No.,329,Imli Water,0.003,Ltr,0.003,,0.083,0.0789,recipe_cost_connaught_place.csv,Spicy Coconut Ghee Roast Dosa,False,-4.9
Connaught Place,Delhi,57,Spicy Coconut Ghee Roast Dosa (MI),MI,1.0,No.,328,Spicy Coconut Chutney Mix 1Pkt (16gm),0.002,Kg,0.002,,0.3763,0.3773,recipe_cost_connaught_place.csv,Spicy Coconut Ghee Roast Dosa,False,0.3
Connaught Place,Delhi,57,Spicy Coconut Ghee Roast Dosa (MI),MI,1.0,No.,108,Ginger,0.01,Kg,0.01,,1.1764,1.1689,recipe_cost_connaught_place.csv,Spicy Coconut Ghee Roast Dosa,False,-0.6
Connaught Place,Delhi,57,Spicy Coconut Ghee Roast Dosa (MI),MI,1.0,No.,116,Raw Green Chili,0.008,Kg,0.008,,0.3259,0.3265,recipe_cost_connaught_place.csv,Spicy Coconut Ghee Roast Dosa,False,0.2
Connaught Place,Delhi,57,Spicy Coconut Ghee Roast Dosa (MI),MI,1.0,No.,188,Tomato Onion Chutney Bucket,0.05,Kg,0.05,,6.2713,5.5342,recipe_cost_connaught_place.csv,Spicy Coconut Ghee Roast Dosa,False,-11.8
Connaught Place,Delhi,57,Spicy Coconut Ghee Roast Dosa (MI),MI,1.0,No.,21,RO Water,0.11,Ltr,0.11,,,,recipe_cost_connaught_place.csv,Spicy Coconut Ghee Roast Dosa,True,
Connaught Place,Delhi,52,Dhaniya Ghee Roast Dosa (MI),MI,1.0,No.,190,Dosa Batter Mix,0.12,Kg,0.12,,3.6413,3.6665,recipe_cost_connaught_place.csv,Dhaniya Ghee Roast Dosa,False,0.7
Connaught Place,Delhi,52,Dhaniya Ghee Roast Dosa (MI),MI,1.0,No.,75,Ghee,0.03,Kg,0.03,,21.6316,23.3787,recipe_cost_connaught_place.csv,Dhaniya Ghee Roast Dosa,False,8.1
Connaught Place,Delhi,52,Dhaniya Ghee Roast Dosa (MI),MI,1.0,No.,207,Special Daal Bucket,0.001,Kg,0.001,,0.1474,0.1533,recipe_cost_connaught_place.csv,Dhaniya Ghee Roast Dosa,False,4.0
Connaught Place,Delhi,52,Dhaniya Ghee Roast Dosa (MI),MI,1.0,No.,179,Dhaniya Chutney Bucket,0.05,Kg,0.05,,5.2089,5.2104,recipe_cost_connaught_place.csv,Dhaniya Ghee Roast Dosa,False,0.0
Connaught Place,Delhi,52,Dhaniya Ghee Roast Dosa (MI),MI,1.0,No.,97,Paper Napkin (1pkt = 100pc),1.0,Pc,1.0,,0.2621,0.2465,recipe_cost_connaught_place.csv,Dhaniya Ghee Roast Dosa,False,-6.0
Connaught Place,Delhi,52,Dhaniya Ghee Roast Dosa (MI),MI,1.0,No.,47,Fried Chana Daal,0.036,Kg,0.036,,4.4456,4.4645,recipe_cost_connaught_place.csv,Dhaniya Ghee Roast Dosa,False,0.4
Connaught Place,Delhi,52,Dhaniya Ghee Roast Dosa (MI),MI,1.0,No.,229,Coconut Shredded,0.05,Kg,0.05,,12.3913,12.6504,recipe_cost_connaught_place.csv,Dhaniya Ghee Roast Dosa,False,2.1
Connaught Place,Delhi,52,Dhaniya Ghee Roast Dosa (MI),MI,1.0,No.,21,RO Water,0.11,Ltr,0.11,,,,recipe_cost_connaught_place.csv,Dhaniya Ghee Roast Dosa,True,
Connaught Place,Delhi,52,Dhaniya Ghee Roast Dosa (MI),MI,1.0,No.,115,Coriander Leaves,0.01,Kg,0.01,,0.9923,1.0874,recipe_cost_connaught_place.csv,Dhaniya Ghee Roast Dosa,False,9.6
Connaught Place,Delhi,52,Dhaniya Ghee Roast Dosa (MI),MI,1.0,No.,329,Imli Water,0.003,Ltr,0.003,,0.083,0.0789,recipe_cost_connaught_place.csv,Dhaniya Ghee Roast Dosa,False,-4.9
Connaught Place,Delhi,52,Dhaniya Ghee Roast Dosa (MI),MI,1.0,No.,328,Spicy Coconut Chutney Mix 1Pkt (16gm),0.002,Kg,0.002,,0.3763,0.3773,recipe_cost_connaught_place.csv,Dhaniya Ghee Roast Dosa,False,0.3
Connaught Place,Delhi,52,Dhaniya Ghee Roast Dosa (MI),MI,1.0,No.,108,Ginger,0.01,Kg,0.01,,1.1764,1.1689,recipe_cost_connaught_place.csv,Dhaniya Ghee Roast Dosa,False,-0.6
Connaught Place,Delhi,52,Dhaniya Ghee Roast Dosa (MI),MI,1.0,No.,116,Raw Green Chili,0.008,Kg,0.008,,0.3259,0.3265,recipe_cost_connaught_place.csv,Dhaniya Ghee Roast Dosa,False,0.2
Connaught Place,Delhi,52,Dhaniya Ghee Roast Dosa (MI),MI,1.0,No.,188,Tomato Onion Chutney Bucket,0.05,Kg,0.05,,6.2713,5.5342,recipe_cost_connaught_place.csv,Dhaniya Ghee Roast Dosa,False,-11.8
Connaught Place,Delhi,51,Mysore Ghee Roast Dosa (MI),MI,1.0,No.,190,Dosa Batter Mix,0.12,Kg,0.12,,3.6413,3.6665,recipe_cost_connaught_place.csv,Mysore Ghee Roast Dosa,False,0.7
Connaught Place,Delhi,51,Mysore Ghee Roast Dosa (MI),MI,1.0,No.,75,Ghee,0.03,Kg,0.03,,21.6316,23.3787,recipe_cost_connaught_place.csv,Mysore Ghee Roast Dosa,False,8.1
Connaught Place,Delhi,51,Mysore Ghee Roast Dosa (MI),MI,1.0,No.,207,Special Daal Bucket,0.001,Kg,0.001,,0.1474,0.1533,recipe_cost_connaught_place.csv,Mysore Ghee Roast Dosa,False,4.0
Connaught Place,Delhi,51,Mysore Ghee Roast Dosa (MI),MI,1.0,No.,210,Mysore Chutney Bucket,0.05,Kg,0.05,,9.1802,9.4467,recipe_cost_connaught_place.csv,Mysore Ghee Roast Dosa,False,2.9
Connaught Place,Delhi,51,Mysore Ghee Roast Dosa (MI),MI,1.0,No.,97,Paper Napkin (1pkt = 100pc),1.0,Pc,1.0,,0.2621,0.2465,recipe_cost_connaught_place.csv,Mysore Ghee Roast Dosa,False,-6.0
Connaught Place,Delhi,51,Mysore Ghee Roast Dosa (MI),MI,1.0,No.,47,Fried Chana Daal,0.036,Kg,0.036,,4.4456,4.4645,recipe_cost_connaught_place.csv,Mysore Ghee Roast Dosa,False,0.4
Connaught Place,Delhi,51,Mysore Ghee Roast Dosa (MI),MI,1.0,No.,229,Coconut Shredded,0.05,Kg,0.05,,12.3913,12.6504,recipe_cost_connaught_place.csv,Mysore Ghee Roast Dosa,False,2.1
Connaught Place,Delhi,51,Mysore Ghee Roast Dosa (MI),MI,1.0,No.,21,RO Water,0.11,Ltr,0.11,,,,recipe_cost_connaught_place.csv,Mysore Ghee Roast Dosa,True,
Connaught Place,Delhi,51,Mysore Ghee Roast Dosa (MI),MI,1.0,No.,115,Coriander Leaves,0.01,Kg,0.01,,0.9923,1.0874,recipe_cost_connaught_place.csv,Mysore Ghee Roast Dosa,False,9.6
Connaught Place,Delhi,51,Mysore Ghee Roast Dosa (MI),MI,1.0,No.,329,Imli Water,0.003,Ltr,0.003,,0.083,0.0789,recipe_cost_connaught_place.csv,Mysore Ghee Roast Dosa,False,-4.9
Connaught Place,Delhi,51,Mysore Ghee Roast Dosa (MI),MI,1.0,No.,328,Spicy Coconut Chutney Mix 1Pkt (16gm),0.002,Kg,0.002,,0.3763,0.3773,recipe_cost_connaught_place.csv,Mysore Ghee Roast Dosa,False,0.3
Connaught Place,Delhi,51,Mysore Ghee Roast Dosa (MI),MI,1.0,No.,108,Ginger,0.01,Kg,0.01,,1.1764,1.1689,recipe_cost_connaught_place.csv,Mysore Ghee Roast Dosa,False,-0.6
Connaught Place,Delhi,51,Mysore Ghee Roast Dosa (MI),MI,1.0,No.,116,Raw Green Chili,0.008,Kg,0.008,,0.3259,0.3265,recipe_cost_connaught_place.csv,Mysore Ghee Roast Dosa,False,0.2
Connaught Place,Delhi,51,Mysore Ghee Roast Dosa (MI),MI,1.0,No.,188,Tomato Onion Chutney Bucket,0.05,Kg,0.05,,6.2713,5.5342,recipe_cost_connaught_place.csv,Mysore Ghee Roast Dosa,False,-11.8
Connaught Place,Delhi,56,Raw Mango Ghee Roast Dosa (MI),MI,1.0,No.,190,Dosa Batter Mix,0.12,Kg,0.12,,3.6413,3.6665,recipe_cost_connaught_place.csv,Raw Mango Ghee Roast Dosa,False,0.7
Connaught Place,Delhi,56,Raw Mango Ghee Roast Dosa (MI),MI,1.0,No.,75,Ghee,30.0,gm,30.0,,21.6316,23.3787,recipe_cost_connaught_place.csv,Raw Mango Ghee Roast Dosa,False,8.1
Connaught Place,Delhi,56,Raw Mango Ghee Roast Dosa (MI),MI,1.0,No.,207,Special Daal Bucket,0.001,Kg,0.001,,0.1474,0.1533,recipe_cost_connaught_place.csv,Raw Mango Ghee Roast Dosa,False,4.0
Connaught Place,Delhi,56,Raw Mango Ghee Roast Dosa (MI),MI,1.0,No.,209,Raw Mango Chutney Bucket,0.07,Kg,0.07,,15.7805,15.945,recipe_cost_connaught_place.csv,Raw Mango Ghee Roast Dosa,False,1.0
Connaught Place,Delhi,56,Raw Mango Ghee Roast Dosa (MI),MI,1.0,No.,97,Paper Napkin (1pkt = 100pc),1.0,Pc,1.0,,0.2621,0.2465,recipe_cost_connaught_place.csv,Raw Mango Ghee Roast Dosa,False,-6.0
Connaught Place,Delhi,56,Raw Mango Ghee Roast Dosa (MI),MI,1.0,No.,47,Fried Chana Daal,0.036,Kg,0.036,,4.4456,4.4645,recipe_cost_connaught_place.csv,Raw Mango Ghee Roast Dosa,False,0.4
Connaught Place,Delhi,56,Raw Mango Ghee Roast Dosa (MI),MI,1.0,No.,229,Coconut Shredded,0.05,Kg,0.05,,12.3913,12.6504,recipe_cost_connaught_place.csv,Raw Mango Ghee Roast Dosa,False,2.1
Connaught Place,Delhi,56,Raw Mango Ghee Roast Dosa (MI),MI,1.0,No.,21,RO Water,0.11,Ltr,0.11,,,,recipe_cost_connaught_place.csv,Raw Mango Ghee Roast Dosa,True,
Connaught Place,Delhi,56,Raw Mango Ghee Roast Dosa (MI),MI,1.0,No.,115,Coriander Leaves,0.01,Kg,0.01,,0.9923,1.0874,recipe_cost_connaught_place.csv,Raw Mango Ghee Roast Dosa,False,9.6
Connaught Place,Delhi,56,Raw Mango Ghee Roast Dosa (MI),MI,1.0,No.,328,Spicy Coconut Chutney Mix 1Pkt (16gm),0.002,Kg,0.002,,0.3763,0.3773,recipe_cost_connaught_place.csv,Raw Mango Ghee Roast Dosa,False,0.3
Connaught Place,Delhi,56,Raw Mango Ghee Roast Dosa (MI),MI,1.0,No.,108,Ginger,0.01,Kg,0.01,,1.1764,1.1689,recipe_cost_connaught_place.csv,Raw Mango Ghee Roast Dosa,False,-0.6
Connaught Place,Delhi,56,Raw Mango Ghee Roast Dosa (MI),MI,1.0,No.,116,Raw Green Chili,0.008,Kg,0.008,,0.3259,0.3265,recipe_cost_connaught_place.csv,Raw Mango Ghee Roast Dosa,False,0.2
Connaught Place,Delhi,56,Raw Mango Ghee Roast Dosa (MI),MI,1.0,No.,188,Tomato Onion Chutney Bucket,0.05,Kg,0.05,,6.2713,5.5342,recipe_cost_connaught_place.csv,Raw Mango Ghee Roast Dosa,False,-11.8
Connaught Place,Delhi,56,Raw Mango Ghee Roast Dosa (MI),MI,1.0,No.,329,Imli Water,0.003,Ltr,0.003,,0.083,0.0789,recipe_cost_connaught_place.csv,Raw Mango Ghee Roast Dosa,False,-4.9
Connaught Place,Delhi,199,Garlic Masala Dosa (MI),MI,1.0,No.,190,Dosa Batter Mix,0.14,Kg,0.14,,4.2482,4.2775,recipe_cost_connaught_place.csv,Garlic Masala Dosa,False,0.7
Connaught Place,Delhi,199,Garlic Masala Dosa (MI),MI,1.0,No.,207,Special Daal Bucket,0.001,Kg,0.001,,0.1474,0.1533,recipe_cost_connaught_place.csv,Garlic Masala Dosa,False,4.0
Connaught Place,Delhi,199,Garlic Masala Dosa (MI),MI,1.0,No.,115,Coriander Leaves,0.011,Kg,0.011,,1.0915,1.1961,recipe_cost_connaught_place.csv,Garlic Masala Dosa,False,9.6
Connaught Place,Delhi,199,Garlic Masala Dosa (MI),MI,1.0,No.,43,Sunflower Refined Oil  ( 1pkt = 868 Ml ),0.025,Ltr,0.025,,4.3909,4.9442,recipe_cost_connaught_place.csv,Garlic Masala Dosa,False,12.6
Connaught Place,Delhi,199,Garlic Masala Dosa (MI),MI,1.0,No.,202,Garlic Chutney Bucket,0.05,Kg,0.05,,12.7332,12.7527,recipe_cost_connaught_place.csv,Garlic Masala Dosa,False,0.2
Connaught Place,Delhi,199,Garlic Masala Dosa (MI),MI,1.0,No.,97,Paper Napkin (1pkt = 100pc),1.0,Pc,1.0,,0.2621,0.2465,recipe_cost_connaught_place.csv,Garlic Masala Dosa,False,-6.0
Connaught Place,Delhi,199,Garlic Masala Dosa (MI),MI,1.0,No.,47,Fried Chana Daal,0.036,Kg,0.036,,4.4456,4.4645,recipe_cost_connaught_place.csv,Garlic Masala Dosa,False,0.4
Connaught Place,Delhi,199,Garlic Masala Dosa (MI),MI,1.0,No.,229,Coconut Shredded,0.05,Kg,0.05,,12.3913,12.6504,recipe_cost_connaught_place.csv,Garlic Masala Dosa,False,2.1
Connaught Place,Delhi,199,Garlic Masala Dosa (MI),MI,1.0,No.,21,RO Water,0.11,Ltr,0.11,,,,recipe_cost_connaught_place.csv,Garlic Masala Dosa,True,
Connaught Place,Delhi,199,Garlic Masala Dosa (MI),MI,1.0,No.,329,Imli Water,0.003,Ltr,0.003,,0.083,0.0789,recipe_cost_connaught_place.csv,Garlic Masala Dosa,False,-4.9
Connaught Place,Delhi,199,Garlic Masala Dosa (MI),MI,1.0,No.,328,Spicy Coconut Chutney Mix 1Pkt (16gm),0.002,Kg,0.002,,0.3763,0.3773,recipe_cost_connaught_place.csv,Garlic Masala Dosa,False,0.3
Connaught Place,Delhi,199,Garlic Masala Dosa (MI),MI,1.0,No.,108,Ginger,0.01,Kg,0.01,,1.1764,1.1689,recipe_cost_connaught_place.csv,Garlic Masala Dosa,False,-0.6
Connaught Place,Delhi,199,Garlic Masala Dosa (MI),MI,1.0,No.,116,Raw Green Chili,0.008,Kg,0.008,,0.3259,0.3265,recipe_cost_connaught_place.csv,Garlic Masala Dosa,False,0.2
Connaught Place,Delhi,199,Garlic Masala Dosa (MI),MI,1.0,No.,472,Tomato Banana Chips (1 Pkt = 1Kg),0.05,Kg,0.05,,,,recipe_cost_connaught_place.csv,Garlic Masala Dosa,True,
Connaught Place,Delhi,50,Garlic Ghee Roast Dosa (MI),MI,1.0,No.,190,Dosa Batter Mix,0.12,Kg,0.12,,3.6413,3.6665,recipe_cost_connaught_place.csv,Garlic Ghee Roast Dosa,False,0.7
Connaught Place,Delhi,50,Garlic Ghee Roast Dosa (MI),MI,1.0,No.,75,Ghee,30.0,gm,30.0,,21.6316,23.3787,recipe_cost_connaught_place.csv,Garlic Ghee Roast Dosa,False,8.1
Connaught Place,Delhi,50,Garlic Ghee Roast Dosa (MI),MI,1.0,No.,207,Special Daal Bucket,0.001,Kg,0.001,,0.1474,0.1533,recipe_cost_connaught_place.csv,Garlic Ghee Roast Dosa,False,4.0
Connaught Place,Delhi,50,Garlic Ghee Roast Dosa (MI),MI,1.0,No.,202,Garlic Chutney Bucket,0.05,Kg,0.05,,12.7332,12.7527,recipe_cost_connaught_place.csv,Garlic Ghee Roast Dosa,False,0.2
Connaught Place,Delhi,50,Garlic Ghee Roast Dosa (MI),MI,1.0,No.,97,Paper Napkin (1pkt = 100pc),1.0,Pc,1.0,,0.2621,0.2465,recipe_cost_connaught_place.csv,Garlic Ghee Roast Dosa,False,-6.0
Connaught Place,Delhi,50,Garlic Ghee Roast Dosa (MI),MI,1.0,No.,47,Fried Chana Daal,0.036,Kg,0.036,,4.4456,4.4645,recipe_cost_connaught_place.csv,Garlic Ghee Roast Dosa,False,0.4
Connaught Place,Delhi,50,Garlic Ghee Roast Dosa (MI),MI,1.0,No.,229,Coconut Shredded,0.05,Kg,0.05,,12.3913,12.6504,recipe_cost_connaught_place.csv,Garlic Ghee Roast Dosa,False,2.1
Connaught Place,Delhi,50,Garlic Ghee Roast Dosa (MI),MI,1.0,No.,21,RO Water,0.11,Ltr,0.11,,,,recipe_cost_connaught_place.csv,Garlic Ghee Roast Dosa,True,
Connaught Place,Delhi,50,Garlic Ghee Roast Dosa (MI),MI,1.0,No.,115,Coriander Leaves,0.01,Kg,0.01,,0.9923,1.0874,recipe_cost_connaught_place.csv,Garlic Ghee Roast Dosa,False,9.6
Connaught Place,Delhi,50,Garlic Ghee Roast Dosa (MI),MI,1.0,No.,329,Imli Water,0.003,Ltr,0.003,,0.083,0.0789,recipe_cost_connaught_place.csv,Garlic Ghee Roast Dosa,False,-4.9
Connaught Place,Delhi,50,Garlic Ghee Roast Dosa (MI),MI,1.0,No.,328,Spicy Coconut Chutney Mix 1Pkt (16gm),0.002,Kg,0.002,,0.3763,0.3773,recipe_cost_connaught_place.csv,Garlic Ghee Roast Dosa,False,0.3
Connaught Place,Delhi,50,Garlic Ghee Roast Dosa (MI),MI,1.0,No.,108,Ginger,0.01,Kg,0.01,,1.1764,1.1689,recipe_cost_connaught_place.csv,Garlic Ghee Roast Dosa,False,-0.6
Connaught Place,Delhi,50,Garlic Ghee Roast Dosa (MI),MI,1.0,No.,116,Raw Green Chili,0.008,Kg,0.008,,0.3259,0.3265,recipe_cost_connaught_place.csv,Garlic Ghee Roast Dosa,False,0.2
Connaught Place,Delhi,50,Garlic Ghee Roast Dosa (MI),MI,1.0,No.,188,Tomato Onion Chutney Bucket,0.05,Kg,0.05,,6.2713,5.5342,recipe_cost_connaught_place.csv,Garlic Ghee Roast Dosa,False,-11.8
Connaught Place,Delhi,196,Dhaniya Masala Dosa (MI),MI,1.0,No.,190,Dosa Batter Mix,0.14,Kg,0.14,,4.2482,4.2775,recipe_cost_connaught_place.csv,Dhaniya Masala Dosa,False,0.7
Connaught Place,Delhi,196,Dhaniya Masala Dosa (MI),MI,1.0,No.,207,Special Daal Bucket,0.001,Kg,0.001,,0.1474,0.1533,recipe_cost_connaught_place.csv,Dhaniya Masala Dosa,False,4.0
Connaught Place,Delhi,196,Dhaniya Masala Dosa (MI),MI,1.0,No.,115,Coriander Leaves,0.011,Kg,0.011,,1.0915,1.1961,recipe_cost_connaught_place.csv,Dhaniya Masala Dosa,False,9.6
Connaught Place,Delhi,196,Dhaniya Masala Dosa (MI),MI,1.0,No.,179,Dhaniya Chutney Bucket,0.07,Kg,0.07,,7.2925,7.2946,recipe_cost_connaught_place.csv,Dhaniya Masala Dosa,False,0.0
Connaught Place,Delhi,196,Dhaniya Masala Dosa (MI),MI,1.0,No.,97,Paper Napkin (1pkt = 100pc),1.0,Pc,1.0,,0.2621,0.2465,recipe_cost_connaught_place.csv,Dhaniya Masala Dosa,False,-6.0
Connaught Place,Delhi,196,Dhaniya Masala Dosa (MI),MI,1.0,No.,43,Sunflower Refined Oil  ( 1pkt = 868 Ml ),0.025,Ltr,0.025,,4.3909,4.9442,recipe_cost_connaught_place.csv,Dhaniya Masala Dosa,False,12.6
Connaught Place,Delhi,196,Dhaniya Masala Dosa (MI),MI,1.0,No.,446,Potato Masala Bucket Outlet,0.15,Kg,0.15,,6.5829,6.7857,recipe_cost_connaught_place.csv,Dhaniya Masala Dosa,False,3.1
Connaught Place,Delhi,196,Dhaniya Masala Dosa (MI),MI,1.0,No.,47,Fried Chana Daal,0.036,Kg,0.036,,4.4456,4.4645,recipe_cost_connaught_place.csv,Dhaniya Masala Dosa,False,0.4
Connaught Place,Delhi,196,Dhaniya Masala Dosa (MI),MI,1.0,No.,229,Coconut Shredded,0.05,Kg,0.05,,12.3913,12.6504,recipe_cost_connaught_place.csv,Dhaniya Masala Dosa,False,2.1
Connaught Place,Delhi,196,Dhaniya Masala Dosa (MI),MI,1.0,No.,21,RO Water,0.11,Ltr,0.11,,,,recipe_cost_connaught_place.csv,Dhaniya Masala Dosa,True,
Connaught Place,Delhi,196,Dhaniya Masala Dosa (MI),MI,1.0,No.,329,Imli Water,0.003,Ltr,0.003,,0.083,0.0789,recipe_cost_connaught_place.csv,Dhaniya Masala Dosa,False,-4.9
Connaught Place,Delhi,196,Dhaniya Masala Dosa (MI),MI,1.0,No.,108,Ginger,0.01,Kg,0.01,,1.1764,1.1689,recipe_cost_connaught_place.csv,Dhaniya Masala Dosa,False,-0.6
Connaught Place,Delhi,196,Dhaniya Masala Dosa (MI),MI,1.0,No.,116,Raw Green Chili,0.008,Kg,0.008,,0.3259,0.3265,recipe_cost_connaught_place.csv,Dhaniya Masala Dosa,False,0.2
Connaught Place,Delhi,196,Dhaniya Masala Dosa (MI),MI,1.0,No.,328,Spicy Coconut Chutney Mix 1Pkt (16gm),0.002,Kg,0.002,,0.3763,0.3773,recipe_cost_connaught_place.csv,Dhaniya Masala Dosa,False,0.3
Connaught Place,Delhi,196,Dhaniya Masala Dosa (MI),MI,1.0,No.,188,Tomato Onion Chutney Bucket,0.05,Kg,0.05,,6.2713,5.5342,recipe_cost_connaught_place.csv,Dhaniya Masala Dosa,False,-11.8
Connaught Place,Delhi,198,Malkapodi Masala Dosa (MI),MI,1.0,No.,190,Dosa Batter Mix,0.14,Kg,0.14,,4.2482,4.2775,recipe_cost_connaught_place.csv,Malkapodi Masala Dosa,False,0.7
Connaught Place,Delhi,198,Malkapodi Masala Dosa (MI),MI,1.0,No.,207,Special Daal Bucket,0.001,Kg,0.001,,0.1474,0.1533,recipe_cost_connaught_place.csv,Malkapodi Masala Dosa,False,4.0
Connaught Place,Delhi,198,Malkapodi Masala Dosa (MI),MI,1.0,No.,193,Malkapodi Bucket,0.03,Kg,0.03,,5.146,5.1553,recipe_cost_connaught_place.csv,Malkapodi Masala Dosa,False,0.2
Connaught Place,Delhi,198,Malkapodi Masala Dosa (MI),MI,1.0,No.,97,Paper Napkin (1pkt = 100pc),1.0,Pc,1.0,,0.2621,0.2465,recipe_cost_connaught_place.csv,Malkapodi Masala Dosa,False,-6.0
Connaught Place,Delhi,198,Malkapodi Masala Dosa (MI),MI,1.0,No.,115,Coriander Leaves,0.011,Kg,0.011,,1.0915,1.1961,recipe_cost_connaught_place.csv,Malkapodi Masala Dosa,False,9.6
Connaught Place,Delhi,198,Malkapodi Masala Dosa (MI),MI,1.0,No.,75,Ghee,0.02,Kg,0.02,,14.4211,15.5858,recipe_cost_connaught_place.csv,Malkapodi Masala Dosa,False,8.1
Connaught Place,Delhi,198,Malkapodi Masala Dosa (MI),MI,1.0,No.,446,Potato Masala Bucket Outlet,0.15,Kg,0.15,,6.5829,6.7857,recipe_cost_connaught_place.csv,Malkapodi Masala Dosa,False,3.1
Connaught Place,Delhi,198,Malkapodi Masala Dosa (MI),MI,1.0,No.,47,Fried Chana Daal,0.036,Kg,0.036,,4.4456,4.4645,recipe_cost_connaught_place.csv,Malkapodi Masala Dosa,False,0.4
Connaught Place,Delhi,198,Malkapodi Masala Dosa (MI),MI,1.0,No.,229,Coconut Shredded,0.05,Kg,0.05,,12.3913,12.6504,recipe_cost_connaught_place.csv,Malkapodi Masala Dosa,False,2.1
Connaught Place,Delhi,198,Malkapodi Masala Dosa (MI),MI,1.0,No.,21,RO Water,0.11,Ltr,0.11,,,,recipe_cost_connaught_place.csv,Malkapodi Masala Dosa,True,
Connaught Place,Delhi,198,Malkapodi Masala Dosa (MI),MI,1.0,No.,329,Imli Water,0.003,Ltr,0.003,,0.083,0.0789,recipe_cost_connaught_place.csv,Malkapodi Masala Dosa,False,-4.9
Connaught Place,Delhi,198,Malkapodi Masala Dosa (MI),MI,1.0,No.,328,Spicy Coconut Chutney Mix 1Pkt (16gm),0.002,Kg,0.002,,0.3763,0.3773,recipe_cost_connaught_place.csv,Malkapodi Masala Dosa,False,0.3
Connaught Place,Delhi,198,Malkapodi Masala Dosa (MI),MI,1.0,No.,108,Ginger,0.01,Kg,0.01,,1.1764,1.1689,recipe_cost_connaught_place.csv,Malkapodi Masala Dosa,False,-0.6
Connaught Place,Delhi,198,Malkapodi Masala Dosa (MI),MI,1.0,No.,116,Raw Green Chili,0.008,Kg,0.008,,0.3259,0.3265,recipe_cost_connaught_place.csv,Malkapodi Masala Dosa,False,0.2
Connaught Place,Delhi,198,Malkapodi Masala Dosa (MI),MI,1.0,No.,188,Tomato Onion Chutney Bucket,0.05,Kg,0.05,,6.2713,5.5342,recipe_cost_connaught_place.csv,Malkapodi Masala Dosa,False,-11.8
Connaught Place,Delhi,194,Paper Masala Dosa (MI),MI,1.0,No.,190,Dosa Batter Mix,0.25,Kg,0.25,,7.5861,7.6385,recipe_cost_connaught_place.csv,Paper Masala Dosa,False,0.7
Connaught Place,Delhi,194,Paper Masala Dosa (MI),MI,1.0,No.,207,Special Daal Bucket,0.001,Kg,0.001,,0.1474,0.1533,recipe_cost_connaught_place.csv,Paper Masala Dosa,False,4.0
Connaught Place,Delhi,194,Paper Masala Dosa (MI),MI,1.0,No.,43,Sunflower Refined Oil  ( 1pkt = 868 Ml ),0.025,Ltr,0.025,,4.3909,4.9442,recipe_cost_connaught_place.csv,Paper Masala Dosa,False,12.6
Connaught Place,Delhi,194,Paper Masala Dosa (MI),MI,1.0,No.,97,Paper Napkin (1pkt = 100pc),1.0,Pc,1.0,,0.2621,0.2465,recipe_cost_connaught_place.csv,Paper Masala Dosa,False,-6.0
Connaught Place,Delhi,194,Paper Masala Dosa (MI),MI,1.0,No.,446,Potato Masala Bucket Outlet,0.15,Kg,0.15,,6.5829,6.7857,recipe_cost_connaught_place.csv,Paper Masala Dosa,False,3.1
Connaught Place,Delhi,194,Paper Masala Dosa (MI),MI,1.0,No.,47,Fried Chana Daal,0.036,Kg,0.036,,4.4456,4.4645,recipe_cost_connaught_place.csv,Paper Masala Dosa,False,0.4
Connaught Place,Delhi,194,Paper Masala Dosa (MI),MI,1.0,No.,229,Coconut Shredded,0.05,Kg,0.05,,12.3913,12.6504,recipe_cost_connaught_place.csv,Paper Masala Dosa,False,2.1
Connaught Place,Delhi,194,Paper Masala Dosa (MI),MI,1.0,No.,21,RO Water,0.11,Ltr,0.11,,,,recipe_cost_connaught_place.csv,Paper Masala Dosa,True,
Connaught Place,Delhi,194,Paper Masala Dosa (MI),MI,1.0,No.,115,Coriander Leaves,0.01,Kg,0.01,,0.9923,1.0874,recipe_cost_connaught_place.csv,Paper Masala Dosa,False,9.6
Connaught Place,Delhi,194,Paper Masala Dosa (MI),MI,1.0,No.,329,Imli Water,0.003,Ltr,0.003,,0.083,0.0789,recipe_cost_connaught_place.csv,Paper Masala Dosa,False,-4.9
Connaught Place,Delhi,194,Paper Masala Dosa (MI),MI,1.0,No.,328,Spicy Coconut Chutney Mix 1Pkt (16gm),0.002,Kg,0.002,,0.3763,0.3773,recipe_cost_connaught_place.csv,Paper Masala Dosa,False,0.3
Connaught Place,Delhi,194,Paper Masala Dosa (MI),MI,1.0,No.,108,Ginger,0.01,Kg,0.01,,1.1764,1.1689,recipe_cost_connaught_place.csv,Paper Masala Dosa,False,-0.6
Connaught Place,Delhi,194,Paper Masala Dosa (MI),MI,1.0,No.,116,Raw Green Chili,0.008,Kg,0.008,,0.3259,0.3265,recipe_cost_connaught_place.csv,Paper Masala Dosa,False,0.2
Connaught Place,Delhi,194,Paper Masala Dosa (MI),MI,1.0,No.,188,Tomato Onion Chutney Bucket,0.05,Kg,0.05,,6.2713,5.5342,recipe_cost_connaught_place.csv,Paper Masala Dosa,False,-11.8
Connaught Place,Delhi,195,Rava Masala Dosa (MI),MI,1.0,No.,213,Rava Powder Mix,0.05,Kg,0.05,,4.6663,4.5283,recipe_cost_connaught_place.csv,Rava Masala Dosa,False,-3.0
Connaught Place,Delhi,195,Rava Masala Dosa (MI),MI,1.0,No.,21,RO Water,0.26,Ltr,0.26,,,,recipe_cost_connaught_place.csv,Rava Masala Dosa,True,
Connaught Place,Delhi,195,Rava Masala Dosa (MI),MI,1.0,No.,116,Raw Green Chili,0.009,Kg,0.009,,0.3666,0.3673,recipe_cost_connaught_place.csv,Rava Masala Dosa,False,0.2
Connaught Place,Delhi,195,Rava Masala Dosa (MI),MI,1.0,No.,108,Ginger,0.012,Kg,0.012,,1.4117,1.4027,recipe_cost_connaught_place.csv,Rava Masala Dosa,False,-0.6
Connaught Place,Delhi,195,Rava Masala Dosa (MI),MI,1.0,No.,131,Curry Leaves,0.001,Kg,0.001,,0.0381,0.0381,recipe_cost_connaught_place.csv,Rava Masala Dosa,False,0.0
Connaught Place,Delhi,195,Rava Masala Dosa (MI),MI,1.0,No.,33,Heeng Powder,0.2,gm,0.2,,0.3199,0.3358,recipe_cost_connaught_place.csv,Rava Masala Dosa,False,5.0
Connaught Place,Delhi,195,Rava Masala Dosa (MI),MI,1.0,No.,29,Salt,0.001,Kg,0.001,,0.0294,0.0307,recipe_cost_connaught_place.csv,Rava Masala Dosa,False,4.4
Connaught Place,Delhi,195,Rava Masala Dosa (MI),MI,1.0,No.,24,Coconut Powder,1.0,gm,1.0,,,,recipe_cost_connaught_place.csv,Rava Masala Dosa,True,
Connaught Place,Delhi,195,Rava Masala Dosa (MI),MI,1.0,No.,77,Whole Black Pepper,0.4,gm,0.4,,,,recipe_cost_connaught_place.csv,Rava Masala Dosa,True,
Connaught Place,Delhi,195,Rava Masala Dosa (MI),MI,1.0,No.,207,Special Daal Bucket,0.001,Kg,0.001,,0.1474,0.1533,recipe_cost_connaught_place.csv,Rava Masala Dosa,False,4.0
Connaught Place,Delhi,195,Rava Masala Dosa (MI),MI,1.0,No.,43,Sunflower Refined Oil  ( 1pkt = 868 Ml ),0.025,Ltr,0.025,,4.3909,4.9442,recipe_cost_connaught_place.csv,Rava Masala Dosa,False,12.6
Connaught Place,Delhi,195,Rava Masala Dosa (MI),MI,1.0,No.,97,Paper Napkin (1pkt = 100pc),1.0,Pc,1.0,,0.2621,0.2465,recipe_cost_connaught_place.csv,Rava Masala Dosa,False,-6.0
Connaught Place,Delhi,195,Rava Masala Dosa (MI),MI,1.0,No.,47,Fried Chana Daal,0.036,Kg,0.036,,4.4456,4.4645,recipe_cost_connaught_place.csv,Rava Masala Dosa,False,0.4
Connaught Place,Delhi,195,Rava Masala Dosa (MI),MI,1.0,No.,229,Coconut Shredded,0.05,Kg,0.05,,12.3913,12.6504,recipe_cost_connaught_place.csv,Rava Masala Dosa,False,2.1
Connaught Place,Delhi,195,Rava Masala Dosa (MI),MI,1.0,No.,329,Imli Water,0.003,Ltr,0.003,,0.083,0.0789,recipe_cost_connaught_place.csv,Rava Masala Dosa,False,-4.9
Connaught Place,Delhi,195,Rava Masala Dosa (MI),MI,1.0,No.,328,Spicy Coconut Chutney Mix 1Pkt (16gm),0.002,Kg,0.002,,0.3763,0.3773,recipe_cost_connaught_place.csv,Rava Masala Dosa,False,0.3
Connaught Place,Delhi,195,Rava Masala Dosa (MI),MI,1.0,No.,188,Tomato Onion Chutney Bucket,0.05,Kg,0.05,,6.2713,5.5342,recipe_cost_connaught_place.csv,Rava Masala Dosa,False,-11.8
Connaught Place,Delhi,195,Rava Masala Dosa (MI),MI,1.0,No.,115,Coriander Leaves,0.01,Kg,0.01,,0.9923,1.0874,recipe_cost_connaught_place.csv,Rava Masala Dosa,False,9.6
Connaught Place,Delhi,195,Rava Masala Dosa (MI),MI,1.0,No.,446,Potato Masala Bucket Outlet,0.15,Kg,0.15,,6.5829,6.7857,recipe_cost_connaught_place.csv,Rava Masala Dosa,False,3.1
Connaught Place,Delhi,24,Dahi Vada Plate (2 pc) (MI),MI,1.0,No.,191,Frozen Medu Vada (10pc),2.0,Pc,2.0,,9.7671,9.8498,recipe_cost_connaught_place.csv,Dahi Vada Plate (2 pc),False,0.8
Connaught Place,Delhi,24,Dahi Vada Plate (2 pc) (MI),MI,1.0,No.,208,Chaat Masala Bucket,0.002,Kg,0.002,,0.6192,0.6454,recipe_cost_connaught_place.csv,Dahi Vada Plate (2 pc),False,4.2
Connaught Place,Delhi,24,Dahi Vada Plate (2 pc) (MI),MI,1.0,No.,43,Sunflower Refined Oil  ( 1pkt = 868 Ml ),0.01,Ltr,0.01,,1.7563,1.9777,recipe_cost_connaught_place.csv,Dahi Vada Plate (2 pc),False,12.6
Connaught Place,Delhi,24,Dahi Vada Plate (2 pc) (MI),MI,1.0,No.,97,Paper Napkin (1pkt = 100pc),1.0,Pc,1.0,,0.2621,0.2465,recipe_cost_connaught_place.csv,Dahi Vada Plate (2 pc),False,-6.0
Connaught Place,Delhi,24,Dahi Vada Plate (2 pc) (MI),MI,1.0,No.,235,Raw Curd,0.145,Kg,0.145,,11.1304,11.3132,recipe_cost_connaught_place.csv,Dahi Vada Plate (2 pc),False,1.6
Connaught Place,Delhi,24,Dahi Vada Plate (2 pc) (MI),MI,1.0,No.,108,Ginger,0.002,Kg,0.002,,0.2353,0.2338,recipe_cost_connaught_place.csv,Dahi Vada Plate (2 pc),False,-0.6
Connaught Place,Delhi,24,Dahi Vada Plate (2 pc) (MI),MI,1.0,No.,131,Curry Leaves,0.001,Kg,0.001,,0.0381,0.0381,recipe_cost_connaught_place.csv,Dahi Vada Plate (2 pc),False,0.0
Connaught Place,Delhi,24,Dahi Vada Plate (2 pc) (MI),MI,1.0,No.,32,Whole Cumin,0.001,Kg,0.001,,0.3534,0.3047,recipe_cost_connaught_place.csv,Dahi Vada Plate (2 pc),False,-13.8
Connaught Place,Delhi,24,Dahi Vada Plate (2 pc) (MI),MI,1.0,No.,310,Dahi Bucket Mix (1pkt =105gm),0.015,Kg,0.015,,1.0167,1.1235,recipe_cost_connaught_place.csv,Dahi Vada Plate (2 pc),False,10.5
Connaught Place,Delhi,24,Dahi Vada Plate (2 pc) (MI),MI,1.0,No.,116,Raw Green Chili,0.002,Kg,0.002,,0.0815,0.0816,recipe_cost_connaught_place.csv,Dahi Vada Plate (2 pc),False,0.1
Connaught Place,Delhi,24,Dahi Vada Plate (2 pc) (MI),MI,1.0,No.,390,Boondi,0.015,Kg,0.015,,0.8899,0.9073,recipe_cost_connaught_place.csv,Dahi Vada Plate (2 pc),False,2.0
Connaught Place,Delhi,37,Paper Plain Dosa (MI),MI,1.0,No.,190,Dosa Batter Mix,0.25,Kg,0.25,,7.5861,7.6385,recipe_cost_connaught_place.csv,Paper Plain Dosa,False,0.7
Connaught Place,Delhi,37,Paper Plain Dosa (MI),MI,1.0,No.,207,Special Daal Bucket,0.001,Kg,0.001,,0.1474,0.1533,recipe_cost_connaught_place.csv,Paper Plain Dosa,False,4.0
Connaught Place,Delhi,37,Paper Plain Dosa (MI),MI,1.0,No.,43,Sunflower Refined Oil  ( 1pkt = 868 Ml ),0.023,Ltr,0.023,,4.0396,4.5487,recipe_cost_connaught_place.csv,Paper Plain Dosa,False,12.6
Connaught Place,Delhi,37,Paper Plain Dosa (MI),MI,1.0,No.,97,Paper Napkin (1pkt = 100pc),1.0,Pc,1.0,,0.2621,0.2465,recipe_cost_connaught_place.csv,Paper Plain Dosa,False,-6.0
Connaught Place,Delhi,37,Paper Plain Dosa (MI),MI,1.0,No.,75,Ghee,0.002,Kg,0.002,,1.4421,1.5586,recipe_cost_connaught_place.csv,Paper Plain Dosa,False,8.1
Connaught Place,Delhi,37,Paper Plain Dosa (MI),MI,1.0,No.,47,Fried Chana Daal,0.036,Kg,0.036,,4.4456,4.4645,recipe_cost_connaught_place.csv,Paper Plain Dosa,False,0.4
Connaught Place,Delhi,37,Paper Plain Dosa (MI),MI,1.0,No.,229,Coconut Shredded,0.05,Kg,0.05,,12.3913,12.6504,recipe_cost_connaught_place.csv,Paper Plain Dosa,False,2.1
Connaught Place,Delhi,37,Paper Plain Dosa (MI),MI,1.0,No.,21,RO Water,0.11,Ltr,0.11,,,,recipe_cost_connaught_place.csv,Paper Plain Dosa,True,
Connaught Place,Delhi,37,Paper Plain Dosa (MI),MI,1.0,No.,115,Coriander Leaves,0.01,Kg,0.01,,0.9923,1.0874,recipe_cost_connaught_place.csv,Paper Plain Dosa,False,9.6
Connaught Place,Delhi,37,Paper Plain Dosa (MI),MI,1.0,No.,329,Imli Water,0.003,Ltr,0.003,,0.083,0.0789,recipe_cost_connaught_place.csv,Paper Plain Dosa,False,-4.9
Connaught Place,Delhi,37,Paper Plain Dosa (MI),MI,1.0,No.,328,Spicy Coconut Chutney Mix 1Pkt (16gm),0.002,Kg,0.002,,0.3763,0.3773,recipe_cost_connaught_place.csv,Paper Plain Dosa,False,0.3
Connaught Place,Delhi,37,Paper Plain Dosa (MI),MI,1.0,No.,108,Ginger,0.01,Kg,0.01,,1.1764,1.1689,recipe_cost_connaught_place.csv,Paper Plain Dosa,False,-0.6
Connaught Place,Delhi,37,Paper Plain Dosa (MI),MI,1.0,No.,116,Raw Green Chili,0.008,Kg,0.008,,0.3259,0.3265,recipe_cost_connaught_place.csv,Paper Plain Dosa,False,0.2
Connaught Place,Delhi,37,Paper Plain Dosa (MI),MI,1.0,No.,188,Tomato Onion Chutney Bucket,0.05,Kg,0.05,,6.2713,5.5342,recipe_cost_connaught_place.csv,Paper Plain Dosa,False,-11.8
Connaught Place,Delhi,43,Dhaniya Dosa (MI),MI,1.0,No.,190,Dosa Batter Mix,0.14,Kg,0.14,,4.2482,4.2775,recipe_cost_connaught_place.csv,Dhaniya Dosa,False,0.7
Connaught Place,Delhi,43,Dhaniya Dosa (MI),MI,1.0,No.,207,Special Daal Bucket,0.001,Kg,0.001,,0.1474,0.1533,recipe_cost_connaught_place.csv,Dhaniya Dosa,False,4.0
Connaught Place,Delhi,43,Dhaniya Dosa (MI),MI,1.0,No.,179,Dhaniya Chutney Bucket,0.07,Kg,0.07,,7.2925,7.2946,recipe_cost_connaught_place.csv,Dhaniya Dosa,False,0.0
Connaught Place,Delhi,43,Dhaniya Dosa (MI),MI,1.0,No.,97,Paper Napkin (1pkt = 100pc),1.0,Pc,1.0,,0.2621,0.2465,recipe_cost_connaught_place.csv,Dhaniya Dosa,False,-6.0
Connaught Place,Delhi,43,Dhaniya Dosa (MI),MI,1.0,No.,43,Sunflower Refined Oil  ( 1pkt = 868 Ml ),0.009,Ltr,0.009,,1.5807,1.7799,recipe_cost_connaught_place.csv,Dhaniya Dosa,False,12.6
Connaught Place,Delhi,43,Dhaniya Dosa (MI),MI,1.0,No.,75,Ghee,0.001,Kg,0.001,,0.7211,0.7793,recipe_cost_connaught_place.csv,Dhaniya Dosa,False,8.1
Connaught Place,Delhi,43,Dhaniya Dosa (MI),MI,1.0,No.,47,Fried Chana Daal,0.036,Kg,0.036,,4.4456,4.4645,recipe_cost_connaught_place.csv,Dhaniya Dosa,False,0.4
Connaught Place,Delhi,43,Dhaniya Dosa (MI),MI,1.0,No.,229,Coconut Shredded,0.05,Kg,0.05,,12.3913,12.6504,recipe_cost_connaught_place.csv,Dhaniya Dosa,False,2.1
Connaught Place,Delhi,43,Dhaniya Dosa (MI),MI,1.0,No.,21,RO Water,0.11,Ltr,0.11,,,,recipe_cost_connaught_place.csv,Dhaniya Dosa,True,
Connaught Place,Delhi,43,Dhaniya Dosa (MI),MI,1.0,No.,329,Imli Water,0.003,Ltr,0.003,,0.083,0.0789,recipe_cost_connaught_place.csv,Dhaniya Dosa,False,-4.9
Connaught Place,Delhi,43,Dhaniya Dosa (MI),MI,1.0,No.,115,Coriander Leaves,0.01,Kg,0.01,,0.9923,1.0874,recipe_cost_connaught_place.csv,Dhaniya Dosa,False,9.6
Connaught Place,Delhi,43,Dhaniya Dosa (MI),MI,1.0,No.,108,Ginger,0.01,Kg,0.01,,1.1764,1.1689,recipe_cost_connaught_place.csv,Dhaniya Dosa,False,-0.6
Connaught Place,Delhi,43,Dhaniya Dosa (MI),MI,1.0,No.,328,Spicy Coconut Chutney Mix 1Pkt (16gm),0.002,Kg,0.002,,0.3763,0.3773,recipe_cost_connaught_place.csv,Dhaniya Dosa,False,0.3
Connaught Place,Delhi,43,Dhaniya Dosa (MI),MI,1.0,No.,188,Tomato Onion Chutney Bucket,0.05,Kg,0.05,,6.2713,5.5342,recipe_cost_connaught_place.csv,Dhaniya Dosa,False,-11.8
Connaught Place,Delhi,43,Dhaniya Dosa (MI),MI,1.0,No.,116,Raw Green Chili,0.008,Kg,0.008,,0.3259,0.3265,recipe_cost_connaught_place.csv,Dhaniya Dosa,False,0.2
Connaught Place,Delhi,35,Thindi Ghee Podi Masala Dosa (MI),MI,1.0,No.,190,Dosa Batter Mix,0.12,Kg,0.12,,3.6413,3.6665,recipe_cost_connaught_place.csv,Thindi Ghee Podi Masala Dosa,False,0.7
Connaught Place,Delhi,35,Thindi Ghee Podi Masala Dosa (MI),MI,1.0,No.,207,Special Daal Bucket,0.001,Kg,0.001,,0.1474,0.1533,recipe_cost_connaught_place.csv,Thindi Ghee Podi Masala Dosa,False,4.0
Connaught Place,Delhi,35,Thindi Ghee Podi Masala Dosa (MI),MI,1.0,No.,194,Thindi Malkapodi Powder Bucket,0.01,Kg,0.01,,2.001,2.001,recipe_cost_connaught_place.csv,Thindi Ghee Podi Masala Dosa,False,0.0
Connaught Place,Delhi,35,Thindi Ghee Podi Masala Dosa (MI),MI,1.0,No.,97,Paper Napkin (1pkt = 100pc),1.0,Pc,1.0,,0.2621,0.2465,recipe_cost_connaught_place.csv,Thindi Ghee Podi Masala Dosa,False,-6.0
Connaught Place,Delhi,35,Thindi Ghee Podi Masala Dosa (MI),MI,1.0,No.,75,Ghee,0.02,Kg,0.02,,14.4211,15.5858,recipe_cost_connaught_place.csv,Thindi Ghee Podi Masala Dosa,False,8.1
Connaught Place,Delhi,35,Thindi Ghee Podi Masala Dosa (MI),MI,1.0,No.,47,Fried Chana Daal,0.036,Kg,0.036,,4.4456,4.4645,recipe_cost_connaught_place.csv,Thindi Ghee Podi Masala Dosa,False,0.4
Connaught Place,Delhi,35,Thindi Ghee Podi Masala Dosa (MI),MI,1.0,No.,229,Coconut Shredded,0.05,Kg,0.05,,12.3913,12.6504,recipe_cost_connaught_place.csv,Thindi Ghee Podi Masala Dosa,False,2.1
Connaught Place,Delhi,35,Thindi Ghee Podi Masala Dosa (MI),MI,1.0,No.,21,RO Water,0.11,Ltr,0.11,,,,recipe_cost_connaught_place.csv,Thindi Ghee Podi Masala Dosa,True,
Connaught Place,Delhi,35,Thindi Ghee Podi Masala Dosa (MI),MI,1.0,No.,115,Coriander Leaves,0.01,Kg,0.01,,0.9923,1.0874,recipe_cost_connaught_place.csv,Thindi Ghee Podi Masala Dosa,False,9.6
Connaught Place,Delhi,35,Thindi Ghee Podi Masala Dosa (MI),MI,1.0,No.,329,Imli Water,0.003,Ltr,0.003,,0.083,0.0789,recipe_cost_connaught_place.csv,Thindi Ghee Podi Masala Dosa,False,-4.9
Connaught Place,Delhi,35,Thindi Ghee Podi Masala Dosa (MI),MI,1.0,No.,328,Spicy Coconut Chutney Mix 1Pkt (16gm),0.002,Kg,0.002,,0.3763,0.3773,recipe_cost_connaught_place.csv,Thindi Ghee Podi Masala Dosa,False,0.3
Connaught Place,Delhi,35,Thindi Ghee Podi Masala Dosa (MI),MI,1.0,No.,108,Ginger,0.01,Kg,0.01,,1.1764,1.1689,recipe_cost_connaught_place.csv,Thindi Ghee Podi Masala Dosa,False,-0.6
Connaught Place,Delhi,35,Thindi Ghee Podi Masala Dosa (MI),MI,1.0,No.,116,Raw Green Chili,0.008,Kg,0.008,,0.3259,0.3265,recipe_cost_connaught_place.csv,Thindi Ghee Podi Masala Dosa,False,0.2
Connaught Place,Delhi,35,Thindi Ghee Podi Masala Dosa (MI),MI,1.0,No.,188,Tomato Onion Chutney Bucket,0.05,Kg,0.05,,6.2713,5.5342,recipe_cost_connaught_place.csv,Thindi Ghee Podi Masala Dosa,False,-11.8
Connaught Place,Delhi,35,Thindi Ghee Podi Masala Dosa (MI),MI,1.0,No.,446,Potato Masala Bucket Outlet,0.15,Kg,0.15,,6.5829,6.7857,recipe_cost_connaught_place.csv,Thindi Ghee Podi Masala Dosa,False,3.1
Connaught Place,Delhi,39,Masala Dosa (MI),MI,1.0,No.,190,Dosa Batter Mix,0.14,Kg,0.14,,4.2482,4.2775,recipe_cost_connaught_place.csv,Masala Dosa,False,0.7
Connaught Place,Delhi,39,Masala Dosa (MI),MI,1.0,No.,207,Special Daal Bucket,0.001,Kg,0.001,,0.1474,0.1533,recipe_cost_connaught_place.csv,Masala Dosa,False,4.0
Connaught Place,Delhi,39,Masala Dosa (MI),MI,1.0,No.,43,Sunflower Refined Oil  ( 1pkt = 868 Ml ),0.017,Ltr,0.017,,2.9858,3.3621,recipe_cost_connaught_place.csv,Masala Dosa,False,12.6
Connaught Place,Delhi,39,Masala Dosa (MI),MI,1.0,No.,97,Paper Napkin (1pkt = 100pc),1.0,Pc,1.0,,0.2621,0.2465,recipe_cost_connaught_place.csv,Masala Dosa,False,-6.0
Connaught Place,Delhi,39,Masala Dosa (MI),MI,1.0,No.,75,Ghee,0.001,Kg,0.001,,0.7211,0.7793,recipe_cost_connaught_place.csv,Masala Dosa,False,8.1
Connaught Place,Delhi,39,Masala Dosa (MI),MI,1.0,No.,47,Fried Chana Daal,0.036,Kg,0.036,,4.4456,4.4645,recipe_cost_connaught_place.csv,Masala Dosa,False,0.4
Connaught Place,Delhi,39,Masala Dosa (MI),MI,1.0,No.,229,Coconut Shredded,0.05,Kg,0.05,,12.3913,12.6504,recipe_cost_connaught_place.csv,Masala Dosa,False,2.1
Connaught Place,Delhi,39,Masala Dosa (MI),MI,1.0,No.,108,Ginger,0.01,Kg,0.01,,1.1764,1.1689,recipe_cost_connaught_place.csv,Masala Dosa,False,-0.6
Connaught Place,Delhi,39,Masala Dosa (MI),MI,1.0,No.,116,Raw Green Chili,0.008,Kg,0.008,,0.3259,0.3265,recipe_cost_connaught_place.csv,Masala Dosa,False,0.2
Connaught Place,Delhi,39,Masala Dosa (MI),MI,1.0,No.,21,RO Water,0.11,Ltr,0.11,,,,recipe_cost_connaught_place.csv,Masala Dosa,True,
Connaught Place,Delhi,39,Masala Dosa (MI),MI,1.0,No.,329,Imli Water,0.003,Ltr,0.003,,0.083,0.0789,recipe_cost_connaught_place.csv,Masala Dosa,False,-4.9
Connaught Place,Delhi,39,Masala Dosa (MI),MI,1.0,No.,328,Spicy Coconut Chutney Mix 1Pkt (16gm),0.002,Kg,0.002,,0.3763,0.3773,recipe_cost_connaught_place.csv,Masala Dosa,False,0.3
Connaught Place,Delhi,39,Masala Dosa (MI),MI,1.0,No.,188,Tomato Onion Chutney Bucket,0.05,Kg,0.05,,6.2713,5.5342,recipe_cost_connaught_place.csv,Masala Dosa,False,-11.8
Connaught Place,Delhi,39,Masala Dosa (MI),MI,1.0,No.,115,Coriander Leaves,0.01,Kg,0.01,,0.9923,1.0874,recipe_cost_connaught_place.csv,Masala Dosa,False,9.6
Connaught Place,Delhi,39,Masala Dosa (MI),MI,1.0,No.,446,Potato Masala Bucket Outlet,0.15,Kg,0.15,,6.5829,6.7857,recipe_cost_connaught_place.csv,Masala Dosa,False,3.1
Connaught Place,Delhi,58,Special White Coconut Chutney (MI),MI,1.0,No.,207,Special Daal Bucket,0.001,Kg,0.001,,0.1474,0.1533,recipe_cost_connaught_place.csv,Special White Coconut Chutney,False,4.0
Connaught Place,Delhi,58,Special White Coconut Chutney (MI),MI,1.0,No.,47,Fried Chana Daal,0.036,Kg,0.036,,4.4456,4.4645,recipe_cost_connaught_place.csv,Special White Coconut Chutney,False,0.4
Connaught Place,Delhi,58,Special White Coconut Chutney (MI),MI,1.0,No.,229,Coconut Shredded,0.05,Kg,0.05,,12.3913,12.6504,recipe_cost_connaught_place.csv,Special White Coconut Chutney,False,2.1
Connaught Place,Delhi,58,Special White Coconut Chutney (MI),MI,1.0,No.,21,RO Water,0.11,Ltr,0.11,,,,recipe_cost_connaught_place.csv,Special White Coconut Chutney,True,
Connaught Place,Delhi,58,Special White Coconut Chutney (MI),MI,1.0,No.,115,Coriander Leaves,0.01,Kg,0.01,,0.9923,1.0874,recipe_cost_connaught_place.csv,Special White Coconut Chutney,False,9.6
Connaught Place,Delhi,58,Special White Coconut Chutney (MI),MI,1.0,No.,329,Imli Water,0.003,Ltr,0.003,,0.083,0.0789,recipe_cost_connaught_place.csv,Special White Coconut Chutney,False,-4.9
Connaught Place,Delhi,58,Special White Coconut Chutney (MI),MI,1.0,No.,108,Ginger,0.01,Kg,0.01,,1.1764,1.1689,recipe_cost_connaught_place.csv,Special White Coconut Chutney,False,-0.6
Connaught Place,Delhi,58,Special White Coconut Chutney (MI),MI,1.0,No.,116,Raw Green Chili,0.008,Kg,0.008,,0.3259,0.3265,recipe_cost_connaught_place.csv,Special White Coconut Chutney,False,0.2
Connaught Place,Delhi,20,Rasam Vada Plate (2 Pc) (MI),MI,1.0,No.,191,Frozen Medu Vada (10pc),2.0,Pc,2.0,,9.7671,9.8498,recipe_cost_connaught_place.csv,Rasam Vada Plate (2 Pc),False,0.8
Connaught Place,Delhi,20,Rasam Vada Plate (2 Pc) (MI),MI,1.0,No.,207,Special Daal Bucket,0.001,Kg,0.001,,0.1474,0.1533,recipe_cost_connaught_place.csv,Rasam Vada Plate (2 Pc),False,4.0
Connaught Place,Delhi,20,Rasam Vada Plate (2 Pc) (MI),MI,1.0,No.,115,Coriander Leaves,0.011,Kg,0.011,,1.0915,1.1961,recipe_cost_connaught_place.csv,Rasam Vada Plate (2 Pc),False,9.6
Connaught Place,Delhi,20,Rasam Vada Plate (2 Pc) (MI),MI,1.0,No.,177,Rasam Bucket,0.2,Ltr,0.2,,7.3908,7.7208,recipe_cost_connaught_place.csv,Rasam Vada Plate (2 Pc),False,4.5
Connaught Place,Delhi,20,Rasam Vada Plate (2 Pc) (MI),MI,1.0,No.,97,Paper Napkin (1pkt = 100pc),1.0,Pc,1.0,,0.2621,0.2465,recipe_cost_connaught_place.csv,Rasam Vada Plate (2 Pc),False,-6.0
Connaught Place,Delhi,20,Rasam Vada Plate (2 Pc) (MI),MI,1.0,No.,47,Fried Chana Daal,0.036,Kg,0.036,,4.4456,4.4645,recipe_cost_connaught_place.csv,Rasam Vada Plate (2 Pc),False,0.4
Connaught Place,Delhi,20,Rasam Vada Plate (2 Pc) (MI),MI,1.0,No.,229,Coconut Shredded,0.05,Kg,0.05,,12.3913,12.6504,recipe_cost_connaught_place.csv,Rasam Vada Plate (2 Pc),False,2.1
Connaught Place,Delhi,20,Rasam Vada Plate (2 Pc) (MI),MI,1.0,No.,21,RO Water,0.11,Ltr,0.11,,,,recipe_cost_connaught_place.csv,Rasam Vada Plate (2 Pc),True,
Connaught Place,Delhi,20,Rasam Vada Plate (2 Pc) (MI),MI,1.0,No.,329,Imli Water,0.003,Ltr,0.003,,0.083,0.0789,recipe_cost_connaught_place.csv,Rasam Vada Plate (2 Pc),False,-4.9
Connaught Place,Delhi,20,Rasam Vada Plate (2 Pc) (MI),MI,1.0,No.,328,Spicy Coconut Chutney Mix 1Pkt (16gm),0.002,Kg,0.002,,0.3763,0.3773,recipe_cost_connaught_place.csv,Rasam Vada Plate (2 Pc),False,0.3
Connaught Place,Delhi,20,Rasam Vada Plate (2 Pc) (MI),MI,1.0,No.,108,Ginger,0.01,Kg,0.01,,1.1764,1.1689,recipe_cost_connaught_place.csv,Rasam Vada Plate (2 Pc),False,-0.6
Connaught Place,Delhi,20,Rasam Vada Plate (2 Pc) (MI),MI,1.0,No.,116,Raw Green Chili,0.008,Kg,0.008,,0.3259,0.3265,recipe_cost_connaught_place.csv,Rasam Vada Plate (2 Pc),False,0.2
Connaught Place,Delhi,20,Rasam Vada Plate (2 Pc) (MI),MI,1.0,No.,188,Tomato Onion Chutney Bucket,0.05,Kg,0.05,,6.2713,5.5342,recipe_cost_connaught_place.csv,Rasam Vada Plate (2 Pc),False,-11.8
Connaught Place,Delhi,22,Masala Vada Plate (2 pc) (MI),MI,1.0,No.,214,Frozen Masala Vada (1 Pkt = 6 Pc),2.0,Pc,2.0,,8.3563,8.3563,recipe_cost_connaught_place.csv,Masala Vada Plate (2 pc),False,0.0
Connaught Place,Delhi,22,Masala Vada Plate (2 pc) (MI),MI,1.0,No.,207,Special Daal Bucket,0.001,Kg,0.001,,0.1474,0.1533,recipe_cost_connaught_place.csv,Masala Vada Plate (2 pc),False,4.0
Connaught Place,Delhi,22,Masala Vada Plate (2 pc) (MI),MI,1.0,No.,47,Fried Chana Daal,0.036,Kg,0.036,,4.4456,4.4645,recipe_cost_connaught_place.csv,Masala Vada Plate (2 pc),False,0.4
Connaught Place,Delhi,22,Masala Vada Plate (2 pc) (MI),MI,1.0,No.,229,Coconut Shredded,0.05,Kg,0.05,,12.3913,12.6504,recipe_cost_connaught_place.csv,Masala Vada Plate (2 pc),False,2.1
Connaught Place,Delhi,22,Masala Vada Plate (2 pc) (MI),MI,1.0,No.,21,RO Water,0.11,Ltr,0.11,,,,recipe_cost_connaught_place.csv,Masala Vada Plate (2 pc),True,
Connaught Place,Delhi,22,Masala Vada Plate (2 pc) (MI),MI,1.0,No.,115,Coriander Leaves,0.01,Kg,0.01,,0.9923,1.0874,recipe_cost_connaught_place.csv,Masala Vada Plate (2 pc),False,9.6
Connaught Place,Delhi,22,Masala Vada Plate (2 pc) (MI),MI,1.0,No.,329,Imli Water,0.003,Ltr,0.003,,0.083,0.0789,recipe_cost_connaught_place.csv,Masala Vada Plate (2 pc),False,-4.9
Connaught Place,Delhi,22,Masala Vada Plate (2 pc) (MI),MI,1.0,No.,328,Spicy Coconut Chutney Mix 1Pkt (16gm),0.002,Kg,0.002,,0.3763,0.3773,recipe_cost_connaught_place.csv,Masala Vada Plate (2 pc),False,0.3
Connaught Place,Delhi,22,Masala Vada Plate (2 pc) (MI),MI,1.0,No.,108,Ginger,0.01,Kg,0.01,,1.1764,1.1689,recipe_cost_connaught_place.csv,Masala Vada Plate (2 pc),False,-0.6
Connaught Place,Delhi,22,Masala Vada Plate (2 pc) (MI),MI,1.0,No.,116,Raw Green Chili,0.008,Kg,0.008,,0.3259,0.3265,recipe_cost_connaught_place.csv,Masala Vada Plate (2 pc),False,0.2
Connaught Place,Delhi,22,Masala Vada Plate (2 pc) (MI),MI,1.0,No.,188,Tomato Onion Chutney Bucket,0.05,Kg,0.05,,6.2713,5.5342,recipe_cost_connaught_place.csv,Masala Vada Plate (2 pc),False,-11.8
Connaught Place,Delhi,12,Malkapodi Idli Plate (2pc) (MI),MI,1.0,No.,218,Idli Pc Raw (1 Pkt =40pc),2.0,Pc,2.0,,3.8633,4.0339,recipe_cost_connaught_place.csv,Malkapodi Idli Plate (2pc),False,4.4
Connaught Place,Delhi,12,Malkapodi Idli Plate (2pc) (MI),MI,1.0,No.,75,Ghee,0.01,Kg,0.01,,7.2105,7.7929,recipe_cost_connaught_place.csv,Malkapodi Idli Plate (2pc),False,8.1
Connaught Place,Delhi,12,Malkapodi Idli Plate (2pc) (MI),MI,1.0,No.,207,Special Daal Bucket,0.001,Kg,0.001,,0.1474,0.1533,recipe_cost_connaught_place.csv,Malkapodi Idli Plate (2pc),False,4.0
Connaught Place,Delhi,12,Malkapodi Idli Plate (2pc) (MI),MI,1.0,No.,193,Malkapodi Bucket,0.01,Kg,0.01,,1.7153,1.7184,recipe_cost_connaught_place.csv,Malkapodi Idli Plate (2pc),False,0.2
Connaught Place,Delhi,12,Malkapodi Idli Plate (2pc) (MI),MI,1.0,No.,97,Paper Napkin (1pkt = 100pc),1.0,Pc,1.0,,0.2621,0.2465,recipe_cost_connaught_place.csv,Malkapodi Idli Plate (2pc),False,-6.0
Connaught Place,Delhi,12,Malkapodi Idli Plate (2pc) (MI),MI,1.0,No.,47,Fried Chana Daal,0.036,Kg,0.036,,4.4456,4.4645,recipe_cost_connaught_place.csv,Malkapodi Idli Plate (2pc),False,0.4
Connaught Place,Delhi,12,Malkapodi Idli Plate (2pc) (MI),MI,1.0,No.,229,Coconut Shredded,0.05,Kg,0.05,,12.3913,12.6504,recipe_cost_connaught_place.csv,Malkapodi Idli Plate (2pc),False,2.1
Connaught Place,Delhi,12,Malkapodi Idli Plate (2pc) (MI),MI,1.0,No.,21,RO Water,0.11,Ltr,0.11,,,,recipe_cost_connaught_place.csv,Malkapodi Idli Plate (2pc),True,
Connaught Place,Delhi,12,Malkapodi Idli Plate (2pc) (MI),MI,1.0,No.,115,Coriander Leaves,0.01,Kg,0.01,,0.9923,1.0874,recipe_cost_connaught_place.csv,Malkapodi Idli Plate (2pc),False,9.6
Connaught Place,Delhi,12,Malkapodi Idli Plate (2pc) (MI),MI,1.0,No.,329,Imli Water,0.003,Ltr,0.003,,0.083,0.0789,recipe_cost_connaught_place.csv,Malkapodi Idli Plate (2pc),False,-4.9
Connaught Place,Delhi,12,Malkapodi Idli Plate (2pc) (MI),MI,1.0,No.,328,Spicy Coconut Chutney Mix 1Pkt (16gm),0.002,Kg,0.002,,0.3763,0.3773,recipe_cost_connaught_place.csv,Malkapodi Idli Plate (2pc),False,0.3
Connaught Place,Delhi,12,Malkapodi Idli Plate (2pc) (MI),MI,1.0,No.,108,Ginger,0.01,Kg,0.01,,1.1764,1.1689,recipe_cost_connaught_place.csv,Malkapodi Idli Plate (2pc),False,-0.6
Connaught Place,Delhi,12,Malkapodi Idli Plate (2pc) (MI),MI,1.0,No.,116,Raw Green Chili,0.008,Kg,0.008,,0.3259,0.3265,recipe_cost_connaught_place.csv,Malkapodi Idli Plate (2pc),False,0.2
Connaught Place,Delhi,12,Malkapodi Idli Plate (2pc) (MI),MI,1.0,No.,188,Tomato Onion Chutney Bucket,0.05,Kg,0.05,,6.2713,5.5342,recipe_cost_connaught_place.csv,Malkapodi Idli Plate (2pc),False,-11.8
Connaught Place,Delhi,14,Idli Vada Plate (MI),MI,1.0,No.,218,Idli Pc Raw (1 Pkt =40pc),2.0,Pc,2.0,,3.8633,4.0339,recipe_cost_connaught_place.csv,Idli Vada Plate,False,4.4
Connaught Place,Delhi,14,Idli Vada Plate (MI),MI,1.0,No.,191,Frozen Medu Vada (10pc),1.0,Pc,1.0,,4.8836,4.9249,recipe_cost_connaught_place.csv,Idli Vada Plate,False,0.8
Connaught Place,Delhi,14,Idli Vada Plate (MI),MI,1.0,No.,207,Special Daal Bucket,0.001,Kg,0.001,,0.1474,0.1533,recipe_cost_connaught_place.csv,Idli Vada Plate,False,4.0
Connaught Place,Delhi,14,Idli Vada Plate (MI),MI,1.0,No.,43,Sunflower Refined Oil  ( 1pkt = 868 Ml ),0.005,Ltr,0.005,,0.8782,0.9888,recipe_cost_connaught_place.csv,Idli Vada Plate,False,12.6
Connaught Place,Delhi,14,Idli Vada Plate (MI),MI,1.0,No.,97,Paper Napkin (1pkt = 100pc),1.0,Pc,1.0,,0.2621,0.2465,recipe_cost_connaught_place.csv,Idli Vada Plate,False,-6.0
Connaught Place,Delhi,14,Idli Vada Plate (MI),MI,1.0,No.,47,Fried Chana Daal,0.036,Kg,0.036,,4.4456,4.4645,recipe_cost_connaught_place.csv,Idli Vada Plate,False,0.4
Connaught Place,Delhi,14,Idli Vada Plate (MI),MI,1.0,No.,229,Coconut Shredded,0.05,Kg,0.05,,12.3913,12.6504,recipe_cost_connaught_place.csv,Idli Vada Plate,False,2.1
Connaught Place,Delhi,14,Idli Vada Plate (MI),MI,1.0,No.,21,RO Water,0.11,Ltr,0.11,,,,recipe_cost_connaught_place.csv,Idli Vada Plate,True,
Connaught Place,Delhi,14,Idli Vada Plate (MI),MI,1.0,No.,115,Coriander Leaves,0.01,Kg,0.01,,0.9923,1.0874,recipe_cost_connaught_place.csv,Idli Vada Plate,False,9.6
Connaught Place,Delhi,14,Idli Vada Plate (MI),MI,1.0,No.,329,Imli Water,0.003,Ltr,0.003,,0.083,0.0789,recipe_cost_connaught_place.csv,Idli Vada Plate,False,-4.9
Connaught Place,Delhi,14,Idli Vada Plate (MI),MI,1.0,No.,328,Spicy Coconut Chutney Mix 1Pkt (16gm),0.002,Kg,0.002,,0.3763,0.3773,recipe_cost_connaught_place.csv,Idli Vada Plate,False,0.3
Connaught Place,Delhi,14,Idli Vada Plate (MI),MI,1.0,No.,108,Ginger,0.01,Kg,0.01,,1.1764,1.1689,recipe_cost_connaught_place.csv,Idli Vada Plate,False,-0.6
Connaught Place,Delhi,14,Idli Vada Plate (MI),MI,1.0,No.,116,Raw Green Chili,0.008,Kg,0.008,,0.3259,0.3265,recipe_cost_connaught_place.csv,Idli Vada Plate,False,0.2
Connaught Place,Delhi,14,Idli Vada Plate (MI),MI,1.0,No.,188,Tomato Onion Chutney Bucket,0.05,Kg,0.05,,6.2713,5.5342,recipe_cost_connaught_place.csv,Idli Vada Plate,False,-11.8
Connaught Place,Delhi,9,Butter Idli pc (MI),MI,1.0,No.,218,Idli Pc Raw (1 Pkt =40pc),1.0,Pc,1.0,,1.9316,2.0169,recipe_cost_connaught_place.csv,Butter Idli pc,False,4.4
Connaught Place,Delhi,9,Butter Idli pc (MI),MI,1.0,No.,14,Amul Butter,0.005,Kg,0.005,,2.7227,2.7994,recipe_cost_connaught_place.csv,Butter Idli pc,False,2.8
Connaught Place,Delhi,9,Butter Idli pc (MI),MI,1.0,No.,207,Special Daal Bucket,0.001,Kg,0.001,,0.1474,0.1533,recipe_cost_connaught_place.csv,Butter Idli pc,False,4.0
Connaught Place,Delhi,9,Butter Idli pc (MI),MI,1.0,No.,97,Paper Napkin (1pkt = 100pc),1.0,Pc,1.0,,0.2621,0.2465,recipe_cost_connaught_place.csv,Butter Idli pc,False,-6.0
Connaught Place,Delhi,9,Butter Idli pc (MI),MI,1.0,No.,47,Fried Chana Daal,0.036,Kg,0.036,,4.4456,4.4645,recipe_cost_connaught_place.csv,Butter Idli pc,False,0.4
Connaught Place,Delhi,9,Butter Idli pc (MI),MI,1.0,No.,229,Coconut Shredded,0.05,Kg,0.05,,12.3913,12.6504,recipe_cost_connaught_place.csv,Butter Idli pc,False,2.1
Connaught Place,Delhi,9,Butter Idli pc (MI),MI,1.0,No.,21,RO Water,0.11,Ltr,0.11,,,,recipe_cost_connaught_place.csv,Butter Idli pc,True,
Connaught Place,Delhi,9,Butter Idli pc (MI),MI,1.0,No.,115,Coriander Leaves,0.01,Kg,0.01,,0.9923,1.0874,recipe_cost_connaught_place.csv,Butter Idli pc,False,9.6
Connaught Place,Delhi,9,Butter Idli pc (MI),MI,1.0,No.,329,Imli Water,0.003,Ltr,0.003,,0.083,0.0789,recipe_cost_connaught_place.csv,Butter Idli pc,False,-4.9
Connaught Place,Delhi,9,Butter Idli pc (MI),MI,1.0,No.,328,Spicy Coconut Chutney Mix 1Pkt (16gm),0.002,Kg,0.002,,0.3763,0.3773,recipe_cost_connaught_place.csv,Butter Idli pc,False,0.3
Connaught Place,Delhi,9,Butter Idli pc (MI),MI,1.0,No.,108,Ginger,0.01,Kg,0.01,,1.1764,1.1689,recipe_cost_connaught_place.csv,Butter Idli pc,False,-0.6
Connaught Place,Delhi,9,Butter Idli pc (MI),MI,1.0,No.,116,Raw Green Chili,0.008,Kg,0.008,,0.3259,0.3265,recipe_cost_connaught_place.csv,Butter Idli pc,False,0.2
Connaught Place,Delhi,9,Butter Idli pc (MI),MI,1.0,No.,188,Tomato Onion Chutney Bucket,0.05,Kg,0.05,,6.2713,5.5342,recipe_cost_connaught_place.csv,Butter Idli pc,False,-11.8
Connaught Place,Delhi,4,Rasam Idli Plate (2pc) (MI),MI,1.0,No.,218,Idli Pc Raw (1 Pkt =40pc),2.0,Pc,2.0,,3.8633,4.0339,recipe_cost_connaught_place.csv,Rasam Idli Plate (2pc),False,4.4
Connaught Place,Delhi,4,Rasam Idli Plate (2pc) (MI),MI,1.0,No.,177,Rasam Bucket,0.2,Ltr,0.2,,7.3908,7.7208,recipe_cost_connaught_place.csv,Rasam Idli Plate (2pc),False,4.5
Connaught Place,Delhi,4,Rasam Idli Plate (2pc) (MI),MI,1.0,No.,97,Paper Napkin (1pkt = 100pc),1.0,Pc,1.0,,0.2621,0.2465,recipe_cost_connaught_place.csv,Rasam Idli Plate (2pc),False,-6.0
Connaught Place,Delhi,4,Rasam Idli Plate (2pc) (MI),MI,1.0,No.,47,Fried Chana Daal,0.036,Kg,0.036,,4.4456,4.4645,recipe_cost_connaught_place.csv,Rasam Idli Plate (2pc),False,0.4
Connaught Place,Delhi,4,Rasam Idli Plate (2pc) (MI),MI,1.0,No.,229,Coconut Shredded,0.05,Kg,0.05,,12.3913,12.6504,recipe_cost_connaught_place.csv,Rasam Idli Plate (2pc),False,2.1
Connaught Place,Delhi,4,Rasam Idli Plate (2pc) (MI),MI,1.0,No.,21,RO Water,0.11,Ltr,0.11,,,,recipe_cost_connaught_place.csv,Rasam Idli Plate (2pc),True,
Connaught Place,Delhi,4,Rasam Idli Plate (2pc) (MI),MI,1.0,No.,115,Coriander Leaves,0.011,Kg,0.011,,1.0915,1.1961,recipe_cost_connaught_place.csv,Rasam Idli Plate (2pc),False,9.6
Connaught Place,Delhi,4,Rasam Idli Plate (2pc) (MI),MI,1.0,No.,329,Imli Water,0.003,Ltr,0.003,,0.083,0.0789,recipe_cost_connaught_place.csv,Rasam Idli Plate (2pc),False,-4.9
Connaught Place,Delhi,4,Rasam Idli Plate (2pc) (MI),MI,1.0,No.,328,Spicy Coconut Chutney Mix 1Pkt (16gm),0.002,Kg,0.002,,0.3763,0.3773,recipe_cost_connaught_place.csv,Rasam Idli Plate (2pc),False,0.3
Connaught Place,Delhi,4,Rasam Idli Plate (2pc) (MI),MI,1.0,No.,108,Ginger,0.01,Kg,0.01,,1.1764,1.1689,recipe_cost_connaught_place.csv,Rasam Idli Plate (2pc),False,-0.6
Connaught Place,Delhi,4,Rasam Idli Plate (2pc) (MI),MI,1.0,No.,116,Raw Green Chili,0.008,Kg,0.008,,0.3259,0.3265,recipe_cost_connaught_place.csv,Rasam Idli Plate (2pc),False,0.2
Connaught Place,Delhi,4,Rasam Idli Plate (2pc) (MI),MI,1.0,No.,188,Tomato Onion Chutney Bucket,0.05,Kg,0.05,,6.2713,5.5342,recipe_cost_connaught_place.csv,Rasam Idli Plate (2pc),False,-11.8
Connaught Place,Delhi,4,Rasam Idli Plate (2pc) (MI),MI,1.0,No.,207,Special Daal Bucket,0.001,Kg,0.001,,0.1474,0.1533,recipe_cost_connaught_place.csv,Rasam Idli Plate (2pc),False,4.0
Connaught Place,Delhi,16,Medu Vada Plate (2 pc) (MI),MI,1.0,No.,191,Frozen Medu Vada (10pc),2.0,Pc,2.0,,9.7671,9.8498,recipe_cost_connaught_place.csv,Medu Vada Plate (2 pc),False,0.8
Connaught Place,Delhi,16,Medu Vada Plate (2 pc) (MI),MI,1.0,No.,207,Special Daal Bucket,0.001,Kg,0.001,,0.1474,0.1533,recipe_cost_connaught_place.csv,Medu Vada Plate (2 pc),False,4.0
Connaught Place,Delhi,16,Medu Vada Plate (2 pc) (MI),MI,1.0,No.,43,Sunflower Refined Oil  ( 1pkt = 868 Ml ),0.01,Ltr,0.01,,1.7563,1.9777,recipe_cost_connaught_place.csv,Medu Vada Plate (2 pc),False,12.6
Connaught Place,Delhi,16,Medu Vada Plate (2 pc) (MI),MI,1.0,No.,47,Fried Chana Daal,0.036,Kg,0.036,,4.4456,4.4645,recipe_cost_connaught_place.csv,Medu Vada Plate (2 pc),False,0.4
Connaught Place,Delhi,16,Medu Vada Plate (2 pc) (MI),MI,1.0,No.,229,Coconut Shredded,0.05,Kg,0.05,,12.3913,12.6504,recipe_cost_connaught_place.csv,Medu Vada Plate (2 pc),False,2.1
Connaught Place,Delhi,16,Medu Vada Plate (2 pc) (MI),MI,1.0,No.,21,RO Water,0.11,Ltr,0.11,,,,recipe_cost_connaught_place.csv,Medu Vada Plate (2 pc),True,
Connaught Place,Delhi,16,Medu Vada Plate (2 pc) (MI),MI,1.0,No.,115,Coriander Leaves,0.01,Kg,0.01,,0.9923,1.0874,recipe_cost_connaught_place.csv,Medu Vada Plate (2 pc),False,9.6
Connaught Place,Delhi,16,Medu Vada Plate (2 pc) (MI),MI,1.0,No.,329,Imli Water,0.003,Ltr,0.003,,0.083,0.0789,recipe_cost_connaught_place.csv,Medu Vada Plate (2 pc),False,-4.9
Connaught Place,Delhi,16,Medu Vada Plate (2 pc) (MI),MI,1.0,No.,328,Spicy Coconut Chutney Mix 1Pkt (16gm),0.002,Kg,0.002,,0.3763,0.3773,recipe_cost_connaught_place.csv,Medu Vada Plate (2 pc),False,0.3
Connaught Place,Delhi,16,Medu Vada Plate (2 pc) (MI),MI,1.0,No.,108,Ginger,0.01,Kg,0.01,,1.1764,1.1689,recipe_cost_connaught_place.csv,Medu Vada Plate (2 pc),False,-0.6
Connaught Place,Delhi,16,Medu Vada Plate (2 pc) (MI),MI,1.0,No.,116,Raw Green Chili,0.008,Kg,0.008,,0.3259,0.3265,recipe_cost_connaught_place.csv,Medu Vada Plate (2 pc),False,0.2
Connaught Place,Delhi,16,Medu Vada Plate (2 pc) (MI),MI,1.0,No.,188,Tomato Onion Chutney Bucket,0.05,Kg,0.05,,6.2713,5.5342,recipe_cost_connaught_place.csv,Medu Vada Plate (2 pc),False,-11.8
Connaught Place,Delhi,8,Ghee Idli Plate (2pc) (MI),MI,1.0,No.,218,Idli Pc Raw (1 Pkt =40pc),2.0,Pc,2.0,,3.8633,4.0339,recipe_cost_connaught_place.csv,Ghee Idli Plate (2pc),False,4.4
Connaught Place,Delhi,8,Ghee Idli Plate (2pc) (MI),MI,1.0,No.,75,Ghee,0.01,Kg,0.01,,7.2105,7.7929,recipe_cost_connaught_place.csv,Ghee Idli Plate (2pc),False,8.1
Connaught Place,Delhi,8,Ghee Idli Plate (2pc) (MI),MI,1.0,No.,207,Special Daal Bucket,0.001,Kg,0.001,,0.1474,0.1533,recipe_cost_connaught_place.csv,Ghee Idli Plate (2pc),False,4.0
Connaught Place,Delhi,8,Ghee Idli Plate (2pc) (MI),MI,1.0,No.,47,Fried Chana Daal,0.036,Kg,0.036,,4.4456,4.4645,recipe_cost_connaught_place.csv,Ghee Idli Plate (2pc),False,0.4
Connaught Place,Delhi,8,Ghee Idli Plate (2pc) (MI),MI,1.0,No.,229,Coconut Shredded,0.05,Kg,0.05,,12.3913,12.6504,recipe_cost_connaught_place.csv,Ghee Idli Plate (2pc),False,2.1
Connaught Place,Delhi,8,Ghee Idli Plate (2pc) (MI),MI,1.0,No.,21,RO Water,0.11,Ltr,0.11,,,,recipe_cost_connaught_place.csv,Ghee Idli Plate (2pc),True,
Connaught Place,Delhi,8,Ghee Idli Plate (2pc) (MI),MI,1.0,No.,115,Coriander Leaves,0.01,Kg,0.01,,0.9923,1.0874,recipe_cost_connaught_place.csv,Ghee Idli Plate (2pc),False,9.6
Connaught Place,Delhi,8,Ghee Idli Plate (2pc) (MI),MI,1.0,No.,329,Imli Water,0.003,Ltr,0.003,,0.083,0.0789,recipe_cost_connaught_place.csv,Ghee Idli Plate (2pc),False,-4.9
Connaught Place,Delhi,8,Ghee Idli Plate (2pc) (MI),MI,1.0,No.,328,Spicy Coconut Chutney Mix 1Pkt (16gm),0.002,Kg,0.002,,0.3763,0.3773,recipe_cost_connaught_place.csv,Ghee Idli Plate (2pc),False,0.3
Connaught Place,Delhi,8,Ghee Idli Plate (2pc) (MI),MI,1.0,No.,108,Ginger,0.01,Kg,0.01,,1.1764,1.1689,recipe_cost_connaught_place.csv,Ghee Idli Plate (2pc),False,-0.6
Connaught Place,Delhi,8,Ghee Idli Plate (2pc) (MI),MI,1.0,No.,116,Raw Green Chili,0.008,Kg,0.008,,0.3259,0.3265,recipe_cost_connaught_place.csv,Ghee Idli Plate (2pc),False,0.2
Connaught Place,Delhi,8,Ghee Idli Plate (2pc) (MI),MI,1.0,No.,188,Tomato Onion Chutney Bucket,0.05,Kg,0.05,,6.2713,5.5342,recipe_cost_connaught_place.csv,Ghee Idli Plate (2pc),False,-11.8
Connaught Place,Delhi,6,Sambar Idli Plate (2pc) (MI),MI,1.0,No.,218,Idli Pc Raw (1 Pkt =40pc),2.0,Pc,2.0,,3.8633,4.0339,recipe_cost_connaught_place.csv,Sambar Idli Plate (2pc),False,4.4
Connaught Place,Delhi,6,Sambar Idli Plate (2pc) (MI),MI,1.0,No.,207,Special Daal Bucket,0.001,Kg,0.001,,0.1474,0.1533,recipe_cost_connaught_place.csv,Sambar Idli Plate (2pc),False,4.0
Connaught Place,Delhi,6,Sambar Idli Plate (2pc) (MI),MI,1.0,No.,47,Fried Chana Daal,0.036,Kg,0.036,,4.4456,4.4645,recipe_cost_connaught_place.csv,Sambar Idli Plate (2pc),False,0.4
Connaught Place,Delhi,6,Sambar Idli Plate (2pc) (MI),MI,1.0,No.,229,Coconut Shredded,0.05,Kg,0.05,,12.3913,12.6504,recipe_cost_connaught_place.csv,Sambar Idli Plate (2pc),False,2.1
Connaught Place,Delhi,6,Sambar Idli Plate (2pc) (MI),MI,1.0,No.,21,RO Water,0.11,Ltr,0.11,,,,recipe_cost_connaught_place.csv,Sambar Idli Plate (2pc),True,
Connaught Place,Delhi,6,Sambar Idli Plate (2pc) (MI),MI,1.0,No.,115,Coriander Leaves,0.01,Kg,0.01,,0.9923,1.0874,recipe_cost_connaught_place.csv,Sambar Idli Plate (2pc),False,9.6
Connaught Place,Delhi,6,Sambar Idli Plate (2pc) (MI),MI,1.0,No.,329,Imli Water,0.003,Ltr,0.003,,0.083,0.0789,recipe_cost_connaught_place.csv,Sambar Idli Plate (2pc),False,-4.9
Connaught Place,Delhi,6,Sambar Idli Plate (2pc) (MI),MI,1.0,No.,328,Spicy Coconut Chutney Mix 1Pkt (16gm),0.002,Kg,0.002,,0.3763,0.3773,recipe_cost_connaught_place.csv,Sambar Idli Plate (2pc),False,0.3
Connaught Place,Delhi,6,Sambar Idli Plate (2pc) (MI),MI,1.0,No.,108,Ginger,0.01,Kg,0.01,,1.1764,1.1689,recipe_cost_connaught_place.csv,Sambar Idli Plate (2pc),False,-0.6
Connaught Place,Delhi,6,Sambar Idli Plate (2pc) (MI),MI,1.0,No.,116,Raw Green Chili,0.008,Kg,0.008,,0.3259,0.3265,recipe_cost_connaught_place.csv,Sambar Idli Plate (2pc),False,0.2
Connaught Place,Delhi,6,Sambar Idli Plate (2pc) (MI),MI,1.0,No.,188,Tomato Onion Chutney Bucket,0.05,Kg,0.05,,6.2713,5.5342,recipe_cost_connaught_place.csv,Sambar Idli Plate (2pc),False,-11.8
Connaught Place,Delhi,6,Sambar Idli Plate (2pc) (MI),MI,1.0,No.,97,Paper Napkin (1pkt = 100pc),1.0,Pc,1.0,,0.2621,0.2465,recipe_cost_connaught_place.csv,Sambar Idli Plate (2pc),False,-6.0
Connaught Place,Delhi,2,Idli Plate (2 pc) (MI),MI,1.0,No.,218,Idli Pc Raw (1 Pkt =40pc),2.0,Pc,2.0,,3.8633,4.0339,recipe_cost_connaught_place.csv,Idli Plate (2 pc),False,4.4
Connaught Place,Delhi,2,Idli Plate (2 pc) (MI),MI,1.0,No.,207,Special Daal Bucket,0.003,Kg,0.003,,0.4421,0.4598,recipe_cost_connaught_place.csv,Idli Plate (2 pc),False,4.0
Connaught Place,Delhi,2,Idli Plate (2 pc) (MI),MI,1.0,No.,97,Paper Napkin (1pkt = 100pc),1.0,Pc,1.0,,0.2621,0.2465,recipe_cost_connaught_place.csv,Idli Plate (2 pc),False,-6.0
Connaught Place,Delhi,2,Idli Plate (2 pc) (MI),MI,1.0,No.,47,Fried Chana Daal,0.036,Kg,0.036,,4.4456,4.4645,recipe_cost_connaught_place.csv,Idli Plate (2 pc),False,0.4
Connaught Place,Delhi,2,Idli Plate (2 pc) (MI),MI,1.0,No.,229,Coconut Shredded,0.05,Kg,0.05,,12.3913,12.6504,recipe_cost_connaught_place.csv,Idli Plate (2 pc),False,2.1
Connaught Place,Delhi,2,Idli Plate (2 pc) (MI),MI,1.0,No.,21,RO Water,0.11,Ltr,0.11,,,,recipe_cost_connaught_place.csv,Idli Plate (2 pc),True,
Connaught Place,Delhi,2,Idli Plate (2 pc) (MI),MI,1.0,No.,115,Coriander Leaves,0.01,Kg,0.01,,0.9923,1.0874,recipe_cost_connaught_place.csv,Idli Plate (2 pc),False,9.6
Connaught Place,Delhi,2,Idli Plate (2 pc) (MI),MI,1.0,No.,329,Imli Water,0.003,Ltr,0.003,,0.083,0.0789,recipe_cost_connaught_place.csv,Idli Plate (2 pc),False,-4.9
Connaught Place,Delhi,2,Idli Plate (2 pc) (MI),MI,1.0,No.,328,Spicy Coconut Chutney Mix 1Pkt (16gm),0.002,Kg,0.002,,0.3763,0.3773,recipe_cost_connaught_place.csv,Idli Plate (2 pc),False,0.3
Connaught Place,Delhi,2,Idli Plate (2 pc) (MI),MI,1.0,No.,108,Ginger,0.01,Kg,0.01,,1.1764,1.1689,recipe_cost_connaught_place.csv,Idli Plate (2 pc),False,-0.6
Connaught Place,Delhi,2,Idli Plate (2 pc) (MI),MI,1.0,No.,116,Raw Green Chili,0.008,Kg,0.008,,0.3259,0.3265,recipe_cost_connaught_place.csv,Idli Plate (2 pc),False,0.2
Connaught Place,Delhi,2,Idli Plate (2 pc) (MI),MI,1.0,No.,188,Tomato Onion Chutney Bucket,0.05,Kg,0.05,,6.2713,5.5342,recipe_cost_connaught_place.csv,Idli Plate (2 pc),False,-11.8
Connaught Place,Delhi,27,Masala Uttapam (MI),MI,1.0,No.,190,Dosa Batter Mix,0.2,Kg,0.2,,6.0689,6.1108,recipe_cost_connaught_place.csv,Masala Uttapam,False,0.7
Connaught Place,Delhi,27,Masala Uttapam (MI),MI,1.0,No.,12,Regular White Chutney Bucket (Inactive),0.1,Kg,0.1,,,,recipe_cost_connaught_place.csv,Masala Uttapam,True,
Connaught Place,Delhi,27,Masala Uttapam (MI),MI,1.0,No.,207,Special Daal Bucket,0.001,Kg,0.001,,0.1474,0.1533,recipe_cost_connaught_place.csv,Masala Uttapam,False,4.0
Connaught Place,Delhi,27,Masala Uttapam (MI),MI,1.0,No.,43,Sunflower Refined Oil  ( 1pkt = 868 Ml ),0.018,Ltr,0.018,,3.1614,3.5599,recipe_cost_connaught_place.csv,Masala Uttapam,False,12.6
Connaught Place,Delhi,27,Masala Uttapam (MI),MI,1.0,No.,97,Paper Napkin (1pkt = 100pc),1.0,Pc,1.0,,0.2621,0.2465,recipe_cost_connaught_place.csv,Masala Uttapam,False,-6.0
Connaught Place,Delhi,27,Masala Uttapam (MI),MI,1.0,No.,234,Regular White Chutney Bucket Outlet,0.1,Kg,0.1,,7.9582,8.0894,recipe_cost_connaught_place.csv,Masala Uttapam,False,1.6
Connaught Place,Delhi,27,Masala Uttapam (MI),MI,1.0,No.,75,Ghee,0.002,Kg,0.002,,1.4421,1.5586,recipe_cost_connaught_place.csv,Masala Uttapam,False,8.1
Connaught Place,Delhi,27,Masala Uttapam (MI),MI,1.0,No.,446,Potato Masala Bucket Outlet,0.1,Kg,0.1,,4.3886,4.5238,recipe_cost_connaught_place.csv,Masala Uttapam,False,3.1
Connaught Place,Delhi,265,Fresh Sweet Lime Juice (MI),MI,1.0,No.,97,Paper Napkin (1pkt = 100pc),1.0,Pc,1.0,,0.2621,0.2465,recipe_cost_connaught_place.csv,Fresh Sweet Lime Juice,False,-6.0
Connaught Place,Delhi,265,Fresh Sweet Lime Juice (MI),MI,1.0,No.,113,Paper Straw (1pkt = 100pc),1.0,Pc,1.0,,0.4287,0.4479,recipe_cost_connaught_place.csv,Fresh Sweet Lime Juice,False,4.5
Connaught Place,Delhi,265,Fresh Sweet Lime Juice (MI),MI,1.0,No.,489,Mosambi,0.55,Kg,0.55,,32.0172,32.1815,recipe_cost_connaught_place.csv,Fresh Sweet Lime Juice,False,0.5
Connaught Place,Delhi,261,Open Butter Masala Dosa (MI),MI,1.0,No.,190,Dosa Batter Mix,1.0,Kg,1.0,,30.3444,30.5539,recipe_cost_connaught_place.csv,Open Butter Masala Dosa,False,0.7
Connaught Place,Delhi,261,Open Butter Masala Dosa (MI),MI,1.0,No.,391,White Butter,0.03,Kg,0.03,,17.189,17.6056,recipe_cost_connaught_place.csv,Open Butter Masala Dosa,False,2.4
Connaught Place,Delhi,261,Open Butter Masala Dosa (MI),MI,1.0,No.,97,Paper Napkin (1pkt = 100pc),1.0,Pc,1.0,,0.2621,0.2465,recipe_cost_connaught_place.csv,Open Butter Masala Dosa,False,-6.0
Connaught Place,Delhi,261,Open Butter Masala Dosa (MI),MI,1.0,No.,47,Fried Chana Daal,0.036,Kg,0.036,,4.4456,4.4645,recipe_cost_connaught_place.csv,Open Butter Masala Dosa,False,0.4
Connaught Place,Delhi,261,Open Butter Masala Dosa (MI),MI,1.0,No.,229,Coconut Shredded,0.05,Kg,0.05,,12.3913,12.6504,recipe_cost_connaught_place.csv,Open Butter Masala Dosa,False,2.1
Connaught Place,Delhi,261,Open Butter Masala Dosa (MI),MI,1.0,No.,21,RO Water,0.11,Ltr,0.11,,,,recipe_cost_connaught_place.csv,Open Butter Masala Dosa,True,
Connaught Place,Delhi,261,Open Butter Masala Dosa (MI),MI,1.0,No.,115,Coriander Leaves,0.01,Kg,0.01,,0.9923,1.0874,recipe_cost_connaught_place.csv,Open Butter Masala Dosa,False,9.6
Connaught Place,Delhi,261,Open Butter Masala Dosa (MI),MI,1.0,No.,329,Imli Water,0.003,Ltr,0.003,,0.083,0.0789,recipe_cost_connaught_place.csv,Open Butter Masala Dosa,False,-4.9
Connaught Place,Delhi,261,Open Butter Masala Dosa (MI),MI,1.0,No.,328,Spicy Coconut Chutney Mix 1Pkt (16gm),0.002,Kg,0.002,,0.3763,0.3773,recipe_cost_connaught_place.csv,Open Butter Masala Dosa,False,0.3
Connaught Place,Delhi,261,Open Butter Masala Dosa (MI),MI,1.0,No.,207,Special Daal Bucket,0.004,Kg,0.004,,0.5895,0.6131,recipe_cost_connaught_place.csv,Open Butter Masala Dosa,False,4.0
Connaught Place,Delhi,261,Open Butter Masala Dosa (MI),MI,1.0,No.,108,Ginger,0.01,Kg,0.01,,1.1764,1.1689,recipe_cost_connaught_place.csv,Open Butter Masala Dosa,False,-0.6
Connaught Place,Delhi,261,Open Butter Masala Dosa (MI),MI,1.0,No.,116,Raw Green Chili,0.008,Kg,0.008,,0.3259,0.3265,recipe_cost_connaught_place.csv,Open Butter Masala Dosa,False,0.2
Connaught Place,Delhi,261,Open Butter Masala Dosa (MI),MI,1.0,No.,188,Tomato Onion Chutney Bucket,0.1,Kg,0.1,,12.5426,11.0684,recipe_cost_connaught_place.csv,Open Butter Masala Dosa,False,-11.8
Connaught Place,Delhi,261,Open Butter Masala Dosa (MI),MI,1.0,No.,194,Thindi Malkapodi Powder Bucket,0.03,Kg,0.03,,6.0029,6.0031,recipe_cost_connaught_place.csv,Open Butter Masala Dosa,False,0.0
Connaught Place,Delhi,261,Open Butter Masala Dosa (MI),MI,1.0,No.,107,Carrot,0.03,Kg,0.03,,0.9968,0.9715,recipe_cost_connaught_place.csv,Open Butter Masala Dosa,False,-2.5
Connaught Place,Delhi,261,Open Butter Masala Dosa (MI),MI,1.0,No.,446,Potato Masala Bucket Outlet,0.15,Kg,0.15,,6.5829,6.7857,recipe_cost_connaught_place.csv,Open Butter Masala Dosa,False,3.1
Connaught Place,Delhi,264,Cheese Paniyaram (10 Pcs) (MI),MI,1.0,No.,190,Dosa Batter Mix,0.27,Kg,0.27,,8.193,8.2496,recipe_cost_connaught_place.csv,Cheese Paniyaram (10 Pcs),False,0.7
Connaught Place,Delhi,264,Cheese Paniyaram (10 Pcs) (MI),MI,1.0,No.,132,Onion,0.25,Kg,0.25,,8.7285,8.8351,recipe_cost_connaught_place.csv,Cheese Paniyaram (10 Pcs),False,1.2
Connaught Place,Delhi,264,Cheese Paniyaram (10 Pcs) (MI),MI,1.0,No.,116,Raw Green Chili,0.008,Kg,0.008,,0.3259,0.3265,recipe_cost_connaught_place.csv,Cheese Paniyaram (10 Pcs),False,0.2
Connaught Place,Delhi,264,Cheese Paniyaram (10 Pcs) (MI),MI,1.0,No.,108,Ginger,0.01,Kg,0.01,,1.1764,1.1689,recipe_cost_connaught_place.csv,Cheese Paniyaram (10 Pcs),False,-0.6
Connaught Place,Delhi,264,Cheese Paniyaram (10 Pcs) (MI),MI,1.0,No.,131,Curry Leaves,0.001,Kg,0.001,,0.0381,0.0381,recipe_cost_connaught_place.csv,Cheese Paniyaram (10 Pcs),False,0.0
Connaught Place,Delhi,264,Cheese Paniyaram (10 Pcs) (MI),MI,1.0,No.,75,Ghee,0.03,Kg,0.03,,21.6316,23.3787,recipe_cost_connaught_place.csv,Cheese Paniyaram (10 Pcs),False,8.1
Connaught Place,Delhi,264,Cheese Paniyaram (10 Pcs) (MI),MI,1.0,No.,97,Paper Napkin (1pkt = 100pc),2.0,Pc,2.0,,0.5241,0.493,recipe_cost_connaught_place.csv,Cheese Paniyaram (10 Pcs),False,-5.9
Connaught Place,Delhi,264,Cheese Paniyaram (10 Pcs) (MI),MI,1.0,No.,47,Fried Chana Daal,0.036,Kg,0.036,,4.4456,4.4645,recipe_cost_connaught_place.csv,Cheese Paniyaram (10 Pcs),False,0.4
Connaught Place,Delhi,264,Cheese Paniyaram (10 Pcs) (MI),MI,1.0,No.,229,Coconut Shredded,0.05,Kg,0.05,,12.3913,12.6504,recipe_cost_connaught_place.csv,Cheese Paniyaram (10 Pcs),False,2.1
Connaught Place,Delhi,264,Cheese Paniyaram (10 Pcs) (MI),MI,1.0,No.,21,RO Water,0.11,Ltr,0.11,,,,recipe_cost_connaught_place.csv,Cheese Paniyaram (10 Pcs),True,
Connaught Place,Delhi,264,Cheese Paniyaram (10 Pcs) (MI),MI,1.0,No.,115,Coriander Leaves,0.004,Kg,0.004,,0.3969,0.435,recipe_cost_connaught_place.csv,Cheese Paniyaram (10 Pcs),False,9.6
Connaught Place,Delhi,264,Cheese Paniyaram (10 Pcs) (MI),MI,1.0,No.,329,Imli Water,0.003,Ltr,0.003,,0.083,0.0789,recipe_cost_connaught_place.csv,Cheese Paniyaram (10 Pcs),False,-4.9
Connaught Place,Delhi,264,Cheese Paniyaram (10 Pcs) (MI),MI,1.0,No.,328,Spicy Coconut Chutney Mix 1Pkt (16gm),0.002,Kg,0.002,,0.3763,0.3773,recipe_cost_connaught_place.csv,Cheese Paniyaram (10 Pcs),False,0.3
Connaught Place,Delhi,264,Cheese Paniyaram (10 Pcs) (MI),MI,1.0,No.,207,Special Daal Bucket,0.003,Kg,0.003,,0.4421,0.4598,recipe_cost_connaught_place.csv,Cheese Paniyaram (10 Pcs),False,4.0
Connaught Place,Delhi,264,Cheese Paniyaram (10 Pcs) (MI),MI,1.0,No.,188,Tomato Onion Chutney Bucket,0.1,Kg,0.1,,12.5426,11.0684,recipe_cost_connaught_place.csv,Cheese Paniyaram (10 Pcs),False,-11.8
Connaught Place,Delhi,264,Cheese Paniyaram (10 Pcs) (MI),MI,1.0,No.,68,Amul Cheese,0.05,Kg,0.05,,26.0802,26.3179,recipe_cost_connaught_place.csv,Cheese Paniyaram (10 Pcs),False,0.9
Connaught Place,Delhi,259,Homemade Lemonade. (MI),MI,1.0,No.,21,RO Water,0.15,Ltr,0.15,,,,recipe_cost_connaught_place.csv,Homemade Lemonade.,True,
Connaught Place,Delhi,259,Homemade Lemonade. (MI),MI,1.0,No.,124,Lime,3.0,Pc,3.0,,8.5647,8.0901,recipe_cost_connaught_place.csv,Homemade Lemonade.,False,-5.5
Connaught Place,Delhi,259,Homemade Lemonade. (MI),MI,1.0,No.,113,Paper Straw (1pkt = 100pc),1.0,Pc,1.0,,0.4287,0.4479,recipe_cost_connaught_place.csv,Homemade Lemonade.,False,4.5
Connaught Place,Delhi,259,Homemade Lemonade. (MI),MI,1.0,No.,97,Paper Napkin (1pkt = 100pc),1.0,Pc,1.0,,0.2621,0.2465,recipe_cost_connaught_place.csv,Homemade Lemonade.,False,-6.0
Connaught Place,Delhi,259,Homemade Lemonade. (MI),MI,1.0,No.,268,Sticker - Fresh Lime Water (1sheet=28pc),1.0,Pc,1.0,,1.0,1.0,recipe_cost_connaught_place.csv,Homemade Lemonade.,False,0.0
Connaught Place,Delhi,259,Homemade Lemonade. (MI),MI,1.0,No.,53,Sugar,0.02,Kg,0.02,,1.0598,1.1866,recipe_cost_connaught_place.csv,Homemade Lemonade.,False,12.0
Connaught Place,Delhi,260,Homemade Sparkling Lemonade. (MI),MI,1.0,No.,124,Lime,3.0,Pc,3.0,,8.5647,8.0901,recipe_cost_connaught_place.csv,Homemade Sparkling Lemonade.,False,-5.5
Connaught Place,Delhi,260,Homemade Sparkling Lemonade. (MI),MI,1.0,No.,64,Kinley Soda 750ml Pet,0.267,Pc,0.267,,4.0418,4.1287,recipe_cost_connaught_place.csv,Homemade Sparkling Lemonade.,False,2.2
Connaught Place,Delhi,260,Homemade Sparkling Lemonade. (MI),MI,1.0,No.,113,Paper Straw (1pkt = 100pc),1.0,Pc,1.0,,0.4287,0.4479,recipe_cost_connaught_place.csv,Homemade Sparkling Lemonade.,False,4.5
Connaught Place,Delhi,260,Homemade Sparkling Lemonade. (MI),MI,1.0,No.,97,Paper Napkin (1pkt = 100pc),1.0,Pc,1.0,,0.2621,0.2465,recipe_cost_connaught_place.csv,Homemade Sparkling Lemonade.,False,-6.0
Connaught Place,Delhi,260,Homemade Sparkling Lemonade. (MI),MI,1.0,No.,53,Sugar,0.025,Kg,0.025,,1.3248,1.4832,recipe_cost_connaught_place.csv,Homemade Sparkling Lemonade.,False,12.0
Connaught Place,Delhi,258,Fresh Buttermilk. (MI),MI,1.0,No.,97,Paper Napkin (1pkt = 100pc),1.0,Pc,1.0,,0.2621,0.2465,recipe_cost_connaught_place.csv,Fresh Buttermilk.,False,-6.0
Connaught Place,Delhi,258,Fresh Buttermilk. (MI),MI,1.0,No.,113,Paper Straw (1pkt = 100pc),1.0,Pc,1.0,,0.4287,0.4479,recipe_cost_connaught_place.csv,Fresh Buttermilk.,False,4.5
Connaught Place,Delhi,258,Fresh Buttermilk. (MI),MI,1.0,No.,235,Raw Curd,0.06,Kg,0.06,,4.6057,4.6813,recipe_cost_connaught_place.csv,Fresh Buttermilk.,False,1.6
Connaught Place,Delhi,258,Fresh Buttermilk. (MI),MI,1.0,No.,21,RO Water,0.24,Ltr,0.24,,,,recipe_cost_connaught_place.csv,Fresh Buttermilk.,True,
Connaught Place,Delhi,258,Fresh Buttermilk. (MI),MI,1.0,No.,108,Ginger,0.003,Kg,0.003,,0.3529,0.3507,recipe_cost_connaught_place.csv,Fresh Buttermilk.,False,-0.6
Connaught Place,Delhi,258,Fresh Buttermilk. (MI),MI,1.0,No.,116,Raw Green Chili,0.001,Kg,0.001,,0.0407,0.0408,recipe_cost_connaught_place.csv,Fresh Buttermilk.,False,0.2
Connaught Place,Delhi,258,Fresh Buttermilk. (MI),MI,1.0,No.,131,Curry Leaves,0.001,Kg,0.001,,0.0381,0.0381,recipe_cost_connaught_place.csv,Fresh Buttermilk.,False,0.0
Connaught Place,Delhi,258,Fresh Buttermilk. (MI),MI,1.0,No.,15,Black Salt,0.003,Kg,0.003,,0.2364,0.23,recipe_cost_connaught_place.csv,Fresh Buttermilk.,False,-2.7
Connaught Place,Delhi,258,Fresh Buttermilk. (MI),MI,1.0,No.,29,Salt,0.001,Kg,0.001,,0.0294,0.0307,recipe_cost_connaught_place.csv,Fresh Buttermilk.,False,4.4
Connaught Place,Delhi,63,Paniyaram (10 Pcs) (MI),MI,1.0,No.,190,Dosa Batter Mix,0.27,Kg,0.27,,8.193,8.2496,recipe_cost_connaught_place.csv,Paniyaram (10 Pcs),False,0.7
Connaught Place,Delhi,63,Paniyaram (10 Pcs) (MI),MI,1.0,No.,132,Onion,0.25,Kg,0.25,,8.7285,8.8351,recipe_cost_connaught_place.csv,Paniyaram (10 Pcs),False,1.2
Connaught Place,Delhi,63,Paniyaram (10 Pcs) (MI),MI,1.0,No.,116,Raw Green Chili,0.008,Kg,0.008,,0.3259,0.3265,recipe_cost_connaught_place.csv,Paniyaram (10 Pcs),False,0.2
Connaught Place,Delhi,63,Paniyaram (10 Pcs) (MI),MI,1.0,No.,108,Ginger,0.01,Kg,0.01,,1.1764,1.1689,recipe_cost_connaught_place.csv,Paniyaram (10 Pcs),False,-0.6
Connaught Place,Delhi,63,Paniyaram (10 Pcs) (MI),MI,1.0,No.,131,Curry Leaves,0.001,Kg,0.001,,0.0381,0.0381,recipe_cost_connaught_place.csv,Paniyaram (10 Pcs),False,0.0
Connaught Place,Delhi,63,Paniyaram (10 Pcs) (MI),MI,1.0,No.,75,Ghee,0.03,Kg,0.03,,21.6316,23.3787,recipe_cost_connaught_place.csv,Paniyaram (10 Pcs),False,8.1
Connaught Place,Delhi,63,Paniyaram (10 Pcs) (MI),MI,1.0,No.,97,Paper Napkin (1pkt = 100pc),1.0,Pc,1.0,,0.2621,0.2465,recipe_cost_connaught_place.csv,Paniyaram (10 Pcs),False,-6.0
Connaught Place,Delhi,63,Paniyaram (10 Pcs) (MI),MI,1.0,No.,234,Regular White Chutney Bucket Outlet,0.1,Kg,0.1,,7.9582,8.0894,recipe_cost_connaught_place.csv,Paniyaram (10 Pcs),False,1.6
Connaught Place,Delhi,63,Paniyaram (10 Pcs) (MI),MI,1.0,No.,47,Fried Chana Daal,0.036,Kg,0.036,,4.4456,4.4645,recipe_cost_connaught_place.csv,Paniyaram (10 Pcs),False,0.4
Connaught Place,Delhi,63,Paniyaram (10 Pcs) (MI),MI,1.0,No.,229,Coconut Shredded,0.05,Kg,0.05,,12.3913,12.6504,recipe_cost_connaught_place.csv,Paniyaram (10 Pcs),False,2.1
Connaught Place,Delhi,63,Paniyaram (10 Pcs) (MI),MI,1.0,No.,21,RO Water,0.11,Ltr,0.11,,,,recipe_cost_connaught_place.csv,Paniyaram (10 Pcs),True,
Connaught Place,Delhi,63,Paniyaram (10 Pcs) (MI),MI,1.0,No.,115,Coriander Leaves,0.004,Kg,0.004,,0.3969,0.435,recipe_cost_connaught_place.csv,Paniyaram (10 Pcs),False,9.6
Connaught Place,Delhi,63,Paniyaram (10 Pcs) (MI),MI,1.0,No.,329,Imli Water,0.003,Ltr,0.003,,0.083,0.0789,recipe_cost_connaught_place.csv,Paniyaram (10 Pcs),False,-4.9
Connaught Place,Delhi,63,Paniyaram (10 Pcs) (MI),MI,1.0,No.,328,Spicy Coconut Chutney Mix 1Pkt (16gm),0.002,Kg,0.002,,0.3763,0.3773,recipe_cost_connaught_place.csv,Paniyaram (10 Pcs),False,0.3
Connaught Place,Delhi,63,Paniyaram (10 Pcs) (MI),MI,1.0,No.,207,Special Daal Bucket,0.003,Kg,0.003,,0.4421,0.4598,recipe_cost_connaught_place.csv,Paniyaram (10 Pcs),False,4.0
Connaught Place,Delhi,63,Paniyaram (10 Pcs) (MI),MI,1.0,No.,188,Tomato Onion Chutney Bucket,0.1,Kg,0.1,,12.5426,11.0684,recipe_cost_connaught_place.csv,Paniyaram (10 Pcs),False,-11.8
Connaught Place,Delhi,256,Banana Masala Chips (MI),MI,1.0,No.,470,Salt & Pepper Banana Chips  (1 Pkt = 1Kg),0.1,Kg,0.1,,26.3111,26.3111,recipe_cost_connaught_place.csv,Banana Masala Chips,False,0.0
Connaught Place,Delhi,256,Banana Masala Chips (MI),MI,1.0,No.,132,Onion,0.05,Kg,0.05,,1.7457,1.767,recipe_cost_connaught_place.csv,Banana Masala Chips,False,1.2
Connaught Place,Delhi,256,Banana Masala Chips (MI),MI,1.0,No.,141,Tomato,0.05,Kg,0.05,,1.8471,1.8205,recipe_cost_connaught_place.csv,Banana Masala Chips,False,-1.4
Connaught Place,Delhi,256,Banana Masala Chips (MI),MI,1.0,No.,115,Coriander Leaves,0.002,Kg,0.002,,0.1985,0.2175,recipe_cost_connaught_place.csv,Banana Masala Chips,False,9.6
Connaught Place,Delhi,256,Banana Masala Chips (MI),MI,1.0,No.,124,Lime,0.5,Pc,0.5,,1.4275,1.3483,recipe_cost_connaught_place.csv,Banana Masala Chips,False,-5.5
Connaught Place,Delhi,256,Banana Masala Chips (MI),MI,1.0,No.,15,Black Salt,0.001,Kg,0.001,,0.0788,0.0767,recipe_cost_connaught_place.csv,Banana Masala Chips,False,-2.7
Connaught Place,Delhi,256,Banana Masala Chips (MI),MI,1.0,No.,92,Banana Leaf Small (1bundle = 50pc),1.0,Pc,1.0,1.25,1.5943,1.431,recipe_cost_connaught_place.csv,Banana Masala Chips,False,-10.2
Connaught Place,Delhi,256,Banana Masala Chips (MI),MI,1.0,No.,97,Paper Napkin (1pkt = 100pc),1.0,Pc,1.0,,0.2621,0.2465,recipe_cost_connaught_place.csv,Banana Masala Chips,False,-6.0
Connaught Place,Delhi,255,Coconut Cookies (MI),MI,1.0,No.,476,Coconut Cookies (1 Pkt =10Pics ),1.0,Pkt,1.0,,,,recipe_cost_connaught_place.csv,Coconut Cookies,True,
Connaught Place,Delhi,255,Coconut Cookies (MI),MI,1.0,No.,92,Banana Leaf Small (1bundle = 50pc),1.0,Pc,1.0,1.25,1.5943,1.431,recipe_cost_connaught_place.csv,Coconut Cookies,False,-10.2
Connaught Place,Delhi,255,Coconut Cookies (MI),MI,1.0,No.,97,Paper Napkin (1pkt = 100pc),1.0,Pc,1.0,,0.2621,0.2465,recipe_cost_connaught_place.csv,Coconut Cookies,False,-6.0
Connaught Place,Delhi,254,Filter Coffee Tiramisu (MI),MI,1.0,No.,475,Filter Coffee Tiramisu,1.0,Pc,1.0,,,,recipe_cost_connaught_place.csv,Filter Coffee Tiramisu,True,
Connaught Place,Delhi,254,Filter Coffee Tiramisu (MI),MI,1.0,No.,92,Banana Leaf Small (1bundle = 50pc),1.0,Pc,1.0,1.25,1.5943,1.431,recipe_cost_connaught_place.csv,Filter Coffee Tiramisu,False,-10.2
Connaught Place,Delhi,254,Filter Coffee Tiramisu (MI),MI,1.0,No.,97,Paper Napkin (1pkt = 100pc),1.0,Pc,1.0,,0.2621,0.2465,recipe_cost_connaught_place.csv,Filter Coffee Tiramisu,False,-6.0
Connaught Place,Delhi,247,Thatte Idli Plate (MI),MI,1.0,No.,47,Fried Chana Daal,0.04,Kg,0.04,,4.9396,4.9606,recipe_cost_connaught_place.csv,Thatte Idli Plate,False,0.4
Connaught Place,Delhi,247,Thatte Idli Plate (MI),MI,1.0,No.,115,Coriander Leaves,0.01,Kg,0.01,,0.9923,1.0874,recipe_cost_connaught_place.csv,Thatte Idli Plate,False,9.6
Connaught Place,Delhi,247,Thatte Idli Plate (MI),MI,1.0,No.,229,Coconut Shredded,0.032,Kg,0.032,,7.9304,8.0962,recipe_cost_connaught_place.csv,Thatte Idli Plate,False,2.1
Connaught Place,Delhi,247,Thatte Idli Plate (MI),MI,1.0,No.,108,Ginger,0.001,Kg,0.001,,0.1176,0.1169,recipe_cost_connaught_place.csv,Thatte Idli Plate,False,-0.6
Connaught Place,Delhi,247,Thatte Idli Plate (MI),MI,1.0,No.,329,Imli Water,0.008,Ltr,0.008,,0.2212,0.2103,recipe_cost_connaught_place.csv,Thatte Idli Plate,False,-4.9
Connaught Place,Delhi,247,Thatte Idli Plate (MI),MI,1.0,No.,328,Spicy Coconut Chutney Mix 1Pkt (16gm),0.009,Kg,0.009,,1.6932,1.6977,recipe_cost_connaught_place.csv,Thatte Idli Plate,False,0.3
Connaught Place,Delhi,247,Thatte Idli Plate (MI),MI,1.0,No.,116,Raw Green Chili,0.008,Kg,0.008,,0.3259,0.3265,recipe_cost_connaught_place.csv,Thatte Idli Plate,False,0.2
Connaught Place,Delhi,247,Thatte Idli Plate (MI),MI,1.0,No.,21,RO Water,0.12,Ltr,0.12,,,,recipe_cost_connaught_place.csv,Thatte Idli Plate,True,
Connaught Place,Delhi,247,Thatte Idli Plate (MI),MI,1.0,No.,75,Ghee,0.025,Kg,0.025,,18.0264,19.4822,recipe_cost_connaught_place.csv,Thatte Idli Plate,False,8.1
Connaught Place,Delhi,247,Thatte Idli Plate (MI),MI,1.0,No.,194,Thindi Malkapodi Powder Bucket,0.015,Kg,0.015,,3.0014,3.0016,recipe_cost_connaught_place.csv,Thatte Idli Plate,False,0.0
Connaught Place,Delhi,247,Thatte Idli Plate (MI),MI,1.0,No.,429,Thatte Idli Pc Raw,1.0,Pc,1.0,,4.7479,5.2511,recipe_cost_connaught_place.csv,Thatte Idli Plate,False,10.6
Connaught Place,Delhi,247,Thatte Idli Plate (MI),MI,1.0,No.,29,Salt,0.0026,Kg,0.0026,,0.0764,0.0799,recipe_cost_connaught_place.csv,Thatte Idli Plate,False,4.6
Connaught Place,Delhi,247,Thatte Idli Plate (MI),MI,1.0,No.,26,Jaggery,0.002,Kg,0.002,,0.1414,0.1421,recipe_cost_connaught_place.csv,Thatte Idli Plate,False,0.5
Connaught Place,Delhi,247,Thatte Idli Plate (MI),MI,1.0,No.,43,Sunflower Refined Oil  ( 1pkt = 868 Ml ),0.004,Ltr,0.004,,0.7025,0.7911,recipe_cost_connaught_place.csv,Thatte Idli Plate,False,12.6
Connaught Place,Delhi,247,Thatte Idli Plate (MI),MI,1.0,No.,27,Mustard Seed,0.005,Kg,0.005,,0.6181,0.6247,recipe_cost_connaught_place.csv,Thatte Idli Plate,False,1.1
Connaught Place,Delhi,247,Thatte Idli Plate (MI),MI,1.0,No.,48,Dosa Daal (Urad),0.002,Kg,0.002,,0.2544,0.2597,recipe_cost_connaught_place.csv,Thatte Idli Plate,False,2.1
Connaught Place,Delhi,247,Thatte Idli Plate (MI),MI,1.0,No.,40,Dry Red Chili,0.001,Kg,0.001,,0.2487,0.2946,recipe_cost_connaught_place.csv,Thatte Idli Plate,False,18.5
Connaught Place,Delhi,247,Thatte Idli Plate (MI),MI,1.0,No.,131,Curry Leaves,0.001,Kg,0.001,,0.0381,0.0381,recipe_cost_connaught_place.csv,Thatte Idli Plate,False,0.0
Connaught Place,Delhi,247,Thatte Idli Plate (MI),MI,1.0,No.,451,Mint leaf,0.003,Kg,0.003,,0.226,0.2104,recipe_cost_connaught_place.csv,Thatte Idli Plate,False,-6.9
Connaught Place,Delhi,247,Thatte Idli Plate (MI),MI,1.0,No.,97,Paper Napkin (1pkt = 100pc),2.0,Pc,2.0,,0.5241,0.493,recipe_cost_connaught_place.csv,Thatte Idli Plate,False,-5.9
Connaught Place,Delhi,251,Irish Filter Coffee (MI),MI,1.0,No.,4,Cothas Coffee Powder,0.02,Kg,0.02,,17.0961,17.8085,recipe_cost_connaught_place.csv,Irish Filter Coffee,False,4.2
Connaught Place,Delhi,251,Irish Filter Coffee (MI),MI,1.0,No.,76,Milk - Tetra 1Ltr,0.18,Ltr,0.18,,14.1383,14.3062,recipe_cost_connaught_place.csv,Irish Filter Coffee,False,1.2
Connaught Place,Delhi,251,Irish Filter Coffee (MI),MI,1.0,No.,31,White Sugar Sachet (1pkt = 200pc),2.0,Pc,2.0,,0.9074,0.9926,recipe_cost_connaught_place.csv,Irish Filter Coffee,False,9.4
Connaught Place,Delhi,251,Irish Filter Coffee (MI),MI,1.0,No.,461,Irish Syrup,0.01,Ltr,0.01,,7.4033,7.2927,recipe_cost_connaught_place.csv,Irish Filter Coffee,False,-1.5
Connaught Place,Delhi,251,Irish Filter Coffee (MI),MI,1.0,No.,114,Wooden Stirrer (1pkt = 100pc),1.0,Pc,1.0,,0.159,0.1762,recipe_cost_connaught_place.csv,Irish Filter Coffee,False,10.8
Connaught Place,Delhi,251,Irish Filter Coffee (MI),MI,1.0,No.,97,Paper Napkin (1pkt = 100pc),2.0,Pc,2.0,,0.5241,0.493,recipe_cost_connaught_place.csv,Irish Filter Coffee,False,-5.9
Connaught Place,Delhi,251,Irish Filter Coffee (MI),MI,1.0,No.,467,Coffee Cup (1Pkt = 50Pics),1.0,Pc,1.0,,3.7,3.7,recipe_cost_connaught_place.csv,Irish Filter Coffee,False,0.0
Connaught Place,Delhi,251,Irish Filter Coffee (MI),MI,1.0,No.,468,Coffee Cup Lid (1pkt =50Pics),1.0,Pc,1.0,,1.6,1.6,recipe_cost_connaught_place.csv,Irish Filter Coffee,False,0.0
Connaught Place,Delhi,248,Filter Coffee Cappuccino (MI),MI,1.0,No.,4,Cothas Coffee Powder,0.02,Kg,0.02,,17.0961,17.8085,recipe_cost_connaught_place.csv,Filter Coffee Cappuccino,False,4.2
Connaught Place,Delhi,248,Filter Coffee Cappuccino (MI),MI,1.0,No.,76,Milk - Tetra 1Ltr,0.18,Ltr,0.18,,14.1383,14.3062,recipe_cost_connaught_place.csv,Filter Coffee Cappuccino,False,1.2
Connaught Place,Delhi,248,Filter Coffee Cappuccino (MI),MI,1.0,No.,31,White Sugar Sachet (1pkt = 200pc),2.0,Pc,2.0,,0.9074,0.9926,recipe_cost_connaught_place.csv,Filter Coffee Cappuccino,False,9.4
Connaught Place,Delhi,248,Filter Coffee Cappuccino (MI),MI,1.0,No.,97,Paper Napkin (1pkt = 100pc),2.0,Pc,2.0,,0.5241,0.493,recipe_cost_connaught_place.csv,Filter Coffee Cappuccino,False,-5.9
Connaught Place,Delhi,248,Filter Coffee Cappuccino (MI),MI,1.0,No.,114,Wooden Stirrer (1pkt = 100pc),1.0,Pc,1.0,,0.159,0.1762,recipe_cost_connaught_place.csv,Filter Coffee Cappuccino,False,10.8
Connaught Place,Delhi,248,Filter Coffee Cappuccino (MI),MI,1.0,No.,468,Coffee Cup Lid (1pkt =50Pics),1.0,Pc,1.0,,1.6,1.6,recipe_cost_connaught_place.csv,Filter Coffee Cappuccino,False,0.0
Connaught Place,Delhi,248,Filter Coffee Cappuccino (MI),MI,1.0,No.,467,Coffee Cup (1Pkt = 50Pics),1.0,Pc,1.0,,3.7,3.7,recipe_cost_connaught_place.csv,Filter Coffee Cappuccino,False,0.0
Connaught Place,Delhi,250,Jaggery Cinnamon Filter Coffee (MI),MI,1.0,No.,4,Cothas Coffee Powder,0.02,Kg,0.02,,17.0961,17.8085,recipe_cost_connaught_place.csv,Jaggery Cinnamon Filter Coffee,False,4.2
Connaught Place,Delhi,250,Jaggery Cinnamon Filter Coffee (MI),MI,1.0,No.,97,Paper Napkin (1pkt = 100pc),1.0,Pc,1.0,,0.2621,0.2465,recipe_cost_connaught_place.csv,Jaggery Cinnamon Filter Coffee,False,-6.0
Connaught Place,Delhi,250,Jaggery Cinnamon Filter Coffee (MI),MI,1.0,No.,76,Milk - Tetra 1Ltr,0.18,Ltr,0.18,,14.1383,14.3062,recipe_cost_connaught_place.csv,Jaggery Cinnamon Filter Coffee,False,1.2
Connaught Place,Delhi,250,Jaggery Cinnamon Filter Coffee (MI),MI,1.0,No.,114,Wooden Stirrer (1pkt = 100pc),1.0,Pc,1.0,,0.159,0.1762,recipe_cost_connaught_place.csv,Jaggery Cinnamon Filter Coffee,False,10.8
Connaught Place,Delhi,250,Jaggery Cinnamon Filter Coffee (MI),MI,1.0,No.,459,Jaggery Powder (250gm=1pkt),0.01,Kg,0.01,,1.8525,1.888,recipe_cost_connaught_place.csv,Jaggery Cinnamon Filter Coffee,False,1.9
Connaught Place,Delhi,250,Jaggery Cinnamon Filter Coffee (MI),MI,1.0,No.,460,Cinnamon Powder (250gm=1pkt),0.002,Kg,0.002,,0.8554,0.8554,recipe_cost_connaught_place.csv,Jaggery Cinnamon Filter Coffee,False,0.0
Connaught Place,Delhi,250,Jaggery Cinnamon Filter Coffee (MI),MI,1.0,No.,468,Coffee Cup Lid (1pkt =50Pics),1.0,Pc,1.0,,1.6,1.6,recipe_cost_connaught_place.csv,Jaggery Cinnamon Filter Coffee,False,0.0
Connaught Place,Delhi,250,Jaggery Cinnamon Filter Coffee (MI),MI,1.0,No.,467,Coffee Cup (1Pkt = 50Pics),1.0,Pc,1.0,,3.7,3.7,recipe_cost_connaught_place.csv,Jaggery Cinnamon Filter Coffee,False,0.0
Connaught Place,Delhi,249,Chocolate Filter Coffee (MI),MI,1.0,No.,4,Cothas Coffee Powder,0.02,Kg,0.02,,17.0961,17.8085,recipe_cost_connaught_place.csv,Chocolate Filter Coffee,False,4.2
Connaught Place,Delhi,249,Chocolate Filter Coffee (MI),MI,1.0,No.,76,Milk - Tetra 1Ltr,0.18,Ltr,0.18,,14.1383,14.3062,recipe_cost_connaught_place.csv,Chocolate Filter Coffee,False,1.2
Connaught Place,Delhi,249,Chocolate Filter Coffee (MI),MI,1.0,No.,31,White Sugar Sachet (1pkt = 200pc),2.0,Pc,2.0,,0.9074,0.9926,recipe_cost_connaught_place.csv,Chocolate Filter Coffee,False,9.4
Connaught Place,Delhi,249,Chocolate Filter Coffee (MI),MI,1.0,No.,114,Wooden Stirrer (1pkt = 100pc),1.0,Pc,1.0,,0.159,0.1762,recipe_cost_connaught_place.csv,Chocolate Filter Coffee,False,10.8
Connaught Place,Delhi,249,Chocolate Filter Coffee (MI),MI,1.0,No.,97,Paper Napkin (1pkt = 100pc),1.0,Pc,1.0,,0.2621,0.2465,recipe_cost_connaught_place.csv,Chocolate Filter Coffee,False,-6.0
Connaught Place,Delhi,249,Chocolate Filter Coffee (MI),MI,1.0,No.,469,Hershey's Chocolate Syrup 623 Ml,0.02,Ltr,0.02,,5.6491,5.7855,recipe_cost_connaught_place.csv,Chocolate Filter Coffee,False,2.4
Connaught Place,Delhi,249,Chocolate Filter Coffee (MI),MI,1.0,No.,468,Coffee Cup Lid (1pkt =50Pics),1.0,Pc,1.0,,1.6,1.6,recipe_cost_connaught_place.csv,Chocolate Filter Coffee,False,0.0
Connaught Place,Delhi,249,Chocolate Filter Coffee (MI),MI,1.0,No.,467,Coffee Cup (1Pkt = 50Pics),1.0,Pc,1.0,,3.7,3.7,recipe_cost_connaught_place.csv,Chocolate Filter Coffee,False,0.0
Connaught Place,Delhi,252,Vegan Iced Cold Coffee (MI),MI,1.0,No.,4,Cothas Coffee Powder,0.018,Kg,0.018,,15.3865,16.0277,recipe_cost_connaught_place.csv,Vegan Iced Cold Coffee,False,4.2
Connaught Place,Delhi,252,Vegan Iced Cold Coffee (MI),MI,1.0,No.,462,Rich's Whip Topping Cream,0.06,Kg,0.06,,11.397,11.397,recipe_cost_connaught_place.csv,Vegan Iced Cold Coffee,False,0.0
Connaught Place,Delhi,252,Vegan Iced Cold Coffee (MI),MI,1.0,No.,463,Brown Sugar Sachet  (1pkt = 200pc),2.0,Pc,2.0,,1.0195,1.0212,recipe_cost_connaught_place.csv,Vegan Iced Cold Coffee,False,0.2
Connaught Place,Delhi,252,Vegan Iced Cold Coffee (MI),MI,1.0,No.,97,Paper Napkin (1pkt = 100pc),2.0,Pc,2.0,,0.5241,0.493,recipe_cost_connaught_place.csv,Vegan Iced Cold Coffee,False,-5.9
Connaught Place,Delhi,252,Vegan Iced Cold Coffee (MI),MI,1.0,No.,113,Paper Straw (1pkt = 100pc),1.0,Pc,1.0,,0.4287,0.4479,recipe_cost_connaught_place.csv,Vegan Iced Cold Coffee,False,4.5
Connaught Place,Delhi,94,Filter Coffee (MI),MI,1.0,No.,4,Cothas Coffee Powder,0.014,Kg,0.014,,11.9672,12.466,recipe_cost_connaught_place.csv,Filter Coffee,False,4.2
Connaught Place,Delhi,94,Filter Coffee (MI),MI,1.0,No.,76,Milk - Tetra 1Ltr,0.09,Ltr,0.09,,7.0691,7.1531,recipe_cost_connaught_place.csv,Filter Coffee,False,1.2
Connaught Place,Delhi,94,Filter Coffee (MI),MI,1.0,No.,31,White Sugar Sachet (1pkt = 200pc),2.0,Pc,2.0,,0.9074,0.9926,recipe_cost_connaught_place.csv,Filter Coffee,False,9.4
Connaught Place,Delhi,94,Filter Coffee (MI),MI,1.0,No.,97,Paper Napkin (1pkt = 100pc),1.0,Pc,1.0,,0.2621,0.2465,recipe_cost_connaught_place.csv,Filter Coffee,False,-6.0
Connaught Place,Delhi,239,Dosa Coffee Tiffin @ 199 (MI),MI,1.0,No.,43,Sunflower Refined Oil  ( 1pkt = 868 Ml ),0.01,Ltr,0.01,,1.7563,1.9777,recipe_cost_connaught_place.csv,Dosa Coffee Tiffin @ 199,False,12.6
Connaught Place,Delhi,239,Dosa Coffee Tiffin @ 199 (MI),MI,1.0,No.,190,Dosa Batter Mix,0.1,Kg,0.1,,3.0344,3.0554,recipe_cost_connaught_place.csv,Dosa Coffee Tiffin @ 199,False,0.7
Connaught Place,Delhi,239,Dosa Coffee Tiffin @ 199 (MI),MI,1.0,No.,218,Idli Pc Raw (1 Pkt =40pc),1.0,Pc,1.0,,1.9316,2.0169,recipe_cost_connaught_place.csv,Dosa Coffee Tiffin @ 199,False,4.4
Connaught Place,Delhi,239,Dosa Coffee Tiffin @ 199 (MI),MI,1.0,No.,191,Frozen Medu Vada (10pc),1.0,Pc,1.0,,4.8836,4.9249,recipe_cost_connaught_place.csv,Dosa Coffee Tiffin @ 199,False,0.8
Connaught Place,Delhi,239,Dosa Coffee Tiffin @ 199 (MI),MI,1.0,No.,184,Sambar Bucket,0.2,Ltr,0.2,,6.0967,6.0714,recipe_cost_connaught_place.csv,Dosa Coffee Tiffin @ 199,False,-0.4
Connaught Place,Delhi,239,Dosa Coffee Tiffin @ 199 (MI),MI,1.0,No.,115,Coriander Leaves,0.003,Kg,0.003,,0.2977,0.3262,recipe_cost_connaught_place.csv,Dosa Coffee Tiffin @ 199,False,9.6
Connaught Place,Delhi,239,Dosa Coffee Tiffin @ 199 (MI),MI,1.0,No.,207,Special Daal Bucket,0.003,Kg,0.003,,0.4421,0.4598,recipe_cost_connaught_place.csv,Dosa Coffee Tiffin @ 199,False,4.0
Connaught Place,Delhi,239,Dosa Coffee Tiffin @ 199 (MI),MI,1.0,No.,113,Paper Straw (1pkt = 100pc),1.0,Pc,1.0,,0.4287,0.4479,recipe_cost_connaught_place.csv,Dosa Coffee Tiffin @ 199,False,4.5
Connaught Place,Delhi,239,Dosa Coffee Tiffin @ 199 (MI),MI,1.0,No.,97,Paper Napkin (1pkt = 100pc),2.0,Pc,2.0,,0.5241,0.493,recipe_cost_connaught_place.csv,Dosa Coffee Tiffin @ 199,False,-5.9
Connaught Place,Delhi,239,Dosa Coffee Tiffin @ 199 (MI),MI,1.0,No.,84,Banana Leaf Big (1bundle = 50pc),1.0,Pc,1.0,1.75,2.6349,2.5442,recipe_cost_connaught_place.csv,Dosa Coffee Tiffin @ 199,False,-3.4
Connaught Place,Delhi,239,Dosa Coffee Tiffin @ 199 (MI),MI,1.0,No.,21,RO Water,0.095,Ltr,0.095,,,,recipe_cost_connaught_place.csv,Dosa Coffee Tiffin @ 199,True,
Connaught Place,Delhi,239,Dosa Coffee Tiffin @ 199 (MI),MI,1.0,No.,75,Ghee,0.018,Kg,0.018,,12.979,14.0272,recipe_cost_connaught_place.csv,Dosa Coffee Tiffin @ 199,False,8.1
Connaught Place,Delhi,239,Dosa Coffee Tiffin @ 199 (MI),MI,1.0,No.,39,Cashew,0.001,Kg,0.001,,0.8726,0.8884,recipe_cost_connaught_place.csv,Dosa Coffee Tiffin @ 199,False,1.8
Connaught Place,Delhi,239,Dosa Coffee Tiffin @ 199 (MI),MI,1.0,No.,9,Raisin,0.001,Kg,0.001,,0.596,0.6613,recipe_cost_connaught_place.csv,Dosa Coffee Tiffin @ 199,False,11.0
Connaught Place,Delhi,239,Dosa Coffee Tiffin @ 199 (MI),MI,1.0,No.,217,Kesari Halwa Mix  (1pkt = 550gm),0.022,Kg,0.022,,1.5615,1.6827,recipe_cost_connaught_place.csv,Dosa Coffee Tiffin @ 199,False,7.8
Connaught Place,Delhi,239,Dosa Coffee Tiffin @ 199 (MI),MI,1.0,No.,446,Potato Masala Bucket Outlet,0.1,Kg,0.1,,4.3886,4.5238,recipe_cost_connaught_place.csv,Dosa Coffee Tiffin @ 199,False,3.1
Connaught Place,Delhi,239,Dosa Coffee Tiffin @ 199 (MI),MI,1.0,No.,53,Sugar,0.001,Kg,0.001,,0.053,0.0593,recipe_cost_connaught_place.csv,Dosa Coffee Tiffin @ 199,False,11.9
Connaught Place,Delhi,239,Dosa Coffee Tiffin @ 199 (MI),MI,1.0,No.,29,Salt,0.002,Kg,0.002,,0.0588,0.0615,recipe_cost_connaught_place.csv,Dosa Coffee Tiffin @ 199,False,4.6
Connaught Place,Delhi,239,Dosa Coffee Tiffin @ 199 (MI),MI,1.0,No.,296,Camphor,0.04,gm,0.04,,0.147,0.147,recipe_cost_connaught_place.csv,Dosa Coffee Tiffin @ 199,False,0.0
Connaught Place,Delhi,239,Dosa Coffee Tiffin @ 199 (MI),MI,1.0,No.,47,Fried Chana Daal,0.016,Kg,0.016,,1.9758,1.9842,recipe_cost_connaught_place.csv,Dosa Coffee Tiffin @ 199,False,0.4
Connaught Place,Delhi,239,Dosa Coffee Tiffin @ 199 (MI),MI,1.0,No.,229,Coconut Shredded,0.023,Kg,0.023,,5.7,5.8192,recipe_cost_connaught_place.csv,Dosa Coffee Tiffin @ 199,False,2.1
Connaught Place,Delhi,239,Dosa Coffee Tiffin @ 199 (MI),MI,1.0,No.,108,Ginger,0.001,Kg,0.001,,0.1176,0.1169,recipe_cost_connaught_place.csv,Dosa Coffee Tiffin @ 199,False,-0.6
Connaught Place,Delhi,239,Dosa Coffee Tiffin @ 199 (MI),MI,1.0,No.,116,Raw Green Chili,0.001,Kg,0.001,,0.0407,0.0408,recipe_cost_connaught_place.csv,Dosa Coffee Tiffin @ 199,False,0.2
Connaught Place,Delhi,244,Fresh Orange Juice (MI),MI,1.0,No.,456,Orange,0.6,Kg,0.6,,36.1368,38.925,recipe_cost_connaught_place.csv,Fresh Orange Juice,False,7.7
Connaught Place,Delhi,244,Fresh Orange Juice (MI),MI,1.0,No.,113,Paper Straw (1pkt = 100pc),1.0,Pc,1.0,,0.4287,0.4479,recipe_cost_connaught_place.csv,Fresh Orange Juice,False,4.5
Connaught Place,Delhi,244,Fresh Orange Juice (MI),MI,1.0,No.,97,Paper Napkin (1pkt = 100pc),2.0,Pc,2.0,,0.5241,0.493,recipe_cost_connaught_place.csv,Fresh Orange Juice,False,-5.9
Connaught Place,Delhi,243,Lemon Iced Tea (MI),MI,1.0,No.,448,Chhote Lal Tea 250GM,0.004,Kg,0.004,,1.3816,1.346,recipe_cost_connaught_place.csv,Lemon Iced Tea,False,-2.6
Connaught Place,Delhi,243,Lemon Iced Tea (MI),MI,1.0,No.,21,RO Water,0.167,Ltr,0.167,,,,recipe_cost_connaught_place.csv,Lemon Iced Tea,True,
Connaught Place,Delhi,243,Lemon Iced Tea (MI),MI,1.0,No.,53,Sugar,0.03,Kg,0.03,,1.5898,1.7799,recipe_cost_connaught_place.csv,Lemon Iced Tea,False,12.0
Connaught Place,Delhi,243,Lemon Iced Tea (MI),MI,1.0,No.,124,Lime,2.0,Pc,2.0,,5.7098,5.3934,recipe_cost_connaught_place.csv,Lemon Iced Tea,False,-5.5
Connaught Place,Delhi,243,Lemon Iced Tea (MI),MI,1.0,No.,113,Paper Straw (1pkt = 100pc),1.0,Pc,1.0,,0.4287,0.4479,recipe_cost_connaught_place.csv,Lemon Iced Tea,False,4.5
Connaught Place,Delhi,243,Lemon Iced Tea (MI),MI,1.0,No.,97,Paper Napkin (1pkt = 100pc),1.0,Pc,1.0,,0.2621,0.2465,recipe_cost_connaught_place.csv,Lemon Iced Tea,False,-6.0
Connaught Place,Delhi,242,Kesari Halwa (Complimentary) (MI),MI,1.0,No.,75,Ghee,0.025,Kg,0.025,,18.0264,19.4822,recipe_cost_connaught_place.csv,Kesari Halwa (Complimentary),False,8.1
Connaught Place,Delhi,242,Kesari Halwa (Complimentary) (MI),MI,1.0,No.,39,Cashew,0.001,Kg,0.001,,0.8726,0.8884,recipe_cost_connaught_place.csv,Kesari Halwa (Complimentary),False,1.8
Connaught Place,Delhi,242,Kesari Halwa (Complimentary) (MI),MI,1.0,No.,21,RO Water,0.094,Ltr,0.094,,,,recipe_cost_connaught_place.csv,Kesari Halwa (Complimentary),True,
Connaught Place,Delhi,242,Kesari Halwa (Complimentary) (MI),MI,1.0,No.,9,Raisin,0.001,Kg,0.001,,0.596,0.6613,recipe_cost_connaught_place.csv,Kesari Halwa (Complimentary),False,11.0
Connaught Place,Delhi,242,Kesari Halwa (Complimentary) (MI),MI,1.0,No.,217,Kesari Halwa Mix  (1pkt = 550gm),0.069,Kg,0.069,,4.8974,5.2777,recipe_cost_connaught_place.csv,Kesari Halwa (Complimentary),False,7.8
Connaught Place,Delhi,242,Kesari Halwa (Complimentary) (MI),MI,1.0,No.,97,Paper Napkin (1pkt = 100pc),1.0,Pc,1.0,,0.2621,0.2465,recipe_cost_connaught_place.csv,Kesari Halwa (Complimentary),False,-6.0
Connaught Place,Delhi,242,Kesari Halwa (Complimentary) (MI),MI,1.0,No.,92,Banana Leaf Small (1bundle = 50pc),1.0,Pc,1.0,1.25,1.5943,1.431,recipe_cost_connaught_place.csv,Kesari Halwa (Complimentary),False,-10.2
Connaught Place,Delhi,240,Packaged Drinking Water-500 ml (MI),MI,1.0,No.,438,Vedica Mineral water,1.0,Pc,1.0,,12.8378,13.7962,recipe_cost_connaught_place.csv,Packaged Drinking Water-500 ml,False,7.5
Connaught Place,Delhi,241,Fresh Watermelon Juice (MI),MI,1.0,No.,416,Watermelon,0.9,Kg,0.9,,26.8879,29.6742,recipe_cost_connaught_place.csv,Fresh Watermelon Juice,False,10.4
Connaught Place,Delhi,241,Fresh Watermelon Juice (MI),MI,1.0,No.,97,Paper Napkin (1pkt = 100pc),1.0,Pc,1.0,,0.2621,0.2465,recipe_cost_connaught_place.csv,Fresh Watermelon Juice,False,-6.0
Connaught Place,Delhi,241,Fresh Watermelon Juice (MI),MI,1.0,No.,113,Paper Straw (1pkt = 100pc),1.0,Pc,1.0,,0.4287,0.4479,recipe_cost_connaught_place.csv,Fresh Watermelon Juice,False,4.5
Connaught Place,Delhi,81,Coca Cola Can (330 ml) (MI),MI,1.0,No.,439,Coke Can - 330ml,1.0,Pc,1.0,,27.5424,27.5424,recipe_cost_connaught_place.csv,Coca Cola Can (330 ml),False,0.0
Connaught Place,Delhi,83,Fanta Can (330 ml) (MI),MI,1.0,No.,441,Fanta Can - 330ml,1.0,Pc,1.0,,27.5298,27.5298,recipe_cost_connaught_place.csv,Fanta Can (330 ml),False,0.0
Connaught Place,Delhi,82,Thums Up Can (330 ml) (MI),MI,1.0,No.,442,Thums Up Can - 330ml,1.0,Pc,1.0,,27.5297,27.5297,recipe_cost_connaught_place.csv,Thums Up Can (330 ml),False,0.0
Connaught Place,Delhi,85,Sprite Can (330 ml) (MI),MI,1.0,No.,440,Sprite Can - 330ml,1.0,Pc,1.0,,27.7114,27.7114,recipe_cost_connaught_place.csv,Sprite Can (330 ml),False,0.0
Connaught Place,Delhi,84,Coke Zero Can (330 ml) (MI),MI,1.0,No.,443,Coke Zero Can - 330ml,1.0,Pc,1.0,,27.53,27.53,recipe_cost_connaught_place.csv,Coke Zero Can (330 ml),False,0.0
Connaught Place,Delhi,148,Potato Masala (MI),MI,1.0,No.,115,Coriander Leaves,0.001,Kg,0.001,,0.0992,0.1087,recipe_cost_connaught_place.csv,Potato Masala,False,9.6
Connaught Place,Delhi,148,Potato Masala (MI),MI,1.0,No.,421,Potato Masala Mix (1Pkt = 90Gm),0.033,Pkt,0.033,,0.3455,0.3561,recipe_cost_connaught_place.csv,Potato Masala,False,3.1
Connaught Place,Delhi,148,Potato Masala (MI),MI,1.0,No.,397,Boiled & Mashed Potato (1Pkt = 3Kg),0.1,Kg,0.1,,3.3347,3.348,recipe_cost_connaught_place.csv,Potato Masala,False,0.4
Connaught Place,Delhi,148,Potato Masala (MI),MI,1.0,No.,29,Salt,0.001,Kg,0.001,,0.0294,0.0307,recipe_cost_connaught_place.csv,Potato Masala,False,4.4
Connaught Place,Delhi,148,Potato Masala (MI),MI,1.0,No.,25,Turmeric Powder,0.0005,Kg,0.0005,,0.1954,0.1922,recipe_cost_connaught_place.csv,Potato Masala,False,-1.6
Connaught Place,Delhi,148,Potato Masala (MI),MI,1.0,No.,21,RO Water,0.047,Ltr,0.047,,,,recipe_cost_connaught_place.csv,Potato Masala,True,
Connaught Place,Delhi,148,Potato Masala (MI),MI,1.0,No.,132,Onion,0.05,Kg,0.05,,1.7457,1.767,recipe_cost_connaught_place.csv,Potato Masala,False,1.2
Connaught Place,Delhi,148,Potato Masala (MI),MI,1.0,No.,107,Carrot,0.015,Kg,0.015,,0.4984,0.4857,recipe_cost_connaught_place.csv,Potato Masala,False,-2.5
Connaught Place,Delhi,148,Potato Masala (MI),MI,1.0,No.,43,Sunflower Refined Oil  ( 1pkt = 868 Ml ),0.008,Ltr,0.008,,1.4051,1.5822,recipe_cost_connaught_place.csv,Potato Masala,False,12.6
Connaught Place,Delhi,148,Potato Masala (MI),MI,1.0,No.,131,Curry Leaves,0.0003,Kg,0.0003,,0.0114,0.0114,recipe_cost_connaught_place.csv,Potato Masala,False,0.0
Connaught Place,Delhi,148,Potato Masala (MI),MI,1.0,No.,108,Ginger,0.0013,Kg,0.0013,,0.1529,0.152,recipe_cost_connaught_place.csv,Potato Masala,False,-0.6
Connaught Place,Delhi,148,Potato Masala (MI),MI,1.0,No.,116,Raw Green Chili,0.001,Kg,0.001,,0.0407,0.0408,recipe_cost_connaught_place.csv,Potato Masala,False,0.2
Connaught Place,Delhi,104,Rava Dosa Batter Kit (1 Kg) (MI),MI,1.0,No.,213,Rava Powder Mix,0.25,Kg,0.25,,23.3314,22.6415,recipe_cost_connaught_place.csv,Rava Dosa Batter Kit (1 Kg),False,-3.0
Connaught Place,Delhi,104,Rava Dosa Batter Kit (1 Kg) (MI),MI,1.0,No.,21,RO Water,0.75,Ltr,0.75,,,,recipe_cost_connaught_place.csv,Rava Dosa Batter Kit (1 Kg),True,
Connaught Place,Delhi,104,Rava Dosa Batter Kit (1 Kg) (MI),MI,1.0,No.,116,Raw Green Chili,0.005,Kg,0.005,,0.2037,0.204,recipe_cost_connaught_place.csv,Rava Dosa Batter Kit (1 Kg),False,0.1
Connaught Place,Delhi,104,Rava Dosa Batter Kit (1 Kg) (MI),MI,1.0,No.,108,Ginger,0.01,Kg,0.01,,1.1764,1.1689,recipe_cost_connaught_place.csv,Rava Dosa Batter Kit (1 Kg),False,-0.6
Connaught Place,Delhi,104,Rava Dosa Batter Kit (1 Kg) (MI),MI,1.0,No.,131,Curry Leaves,0.002,Kg,0.002,,0.0762,0.0762,recipe_cost_connaught_place.csv,Rava Dosa Batter Kit (1 Kg),False,0.0
Connaught Place,Delhi,104,Rava Dosa Batter Kit (1 Kg) (MI),MI,1.0,No.,33,Heeng Powder,1.0,gm,1.0,,1.5995,1.6792,recipe_cost_connaught_place.csv,Rava Dosa Batter Kit (1 Kg),False,5.0
Connaught Place,Delhi,104,Rava Dosa Batter Kit (1 Kg) (MI),MI,1.0,No.,29,Salt,0.007,Kg,0.007,,0.2057,0.2151,recipe_cost_connaught_place.csv,Rava Dosa Batter Kit (1 Kg),False,4.6
Connaught Place,Delhi,104,Rava Dosa Batter Kit (1 Kg) (MI),MI,1.0,No.,24,Coconut Powder,5.0,gm,5.0,,,,recipe_cost_connaught_place.csv,Rava Dosa Batter Kit (1 Kg),True,
Connaught Place,Delhi,104,Rava Dosa Batter Kit (1 Kg) (MI),MI,1.0,No.,77,Whole Black Pepper,2.0,gm,2.0,,,,recipe_cost_connaught_place.csv,Rava Dosa Batter Kit (1 Kg),True,
Connaught Place,Delhi,104,Rava Dosa Batter Kit (1 Kg) (MI),MI,1.0,No.,204,Special White Coconut Chutney Bucket,0.5,Kg,0.5,,43.1535,44.2713,recipe_cost_connaught_place.csv,Rava Dosa Batter Kit (1 Kg),False,2.6
Connaught Place,Delhi,104,Rava Dosa Batter Kit (1 Kg) (MI),MI,1.0,No.,184,Sambar Bucket,1.0,Ltr,1.0,,30.4833,30.3569,recipe_cost_connaught_place.csv,Rava Dosa Batter Kit (1 Kg),False,-0.4
Connaught Place,Delhi,104,Rava Dosa Batter Kit (1 Kg) (MI),MI,1.0,No.,115,Coriander Leaves,0.003,Kg,0.003,,0.2977,0.3262,recipe_cost_connaught_place.csv,Rava Dosa Batter Kit (1 Kg),False,9.6
Connaught Place,Delhi,104,Rava Dosa Batter Kit (1 Kg) (MI),MI,1.0,No.,207,Special Daal Bucket,0.005,Kg,0.005,,0.7369,0.7664,recipe_cost_connaught_place.csv,Rava Dosa Batter Kit (1 Kg),False,4.0
Connaught Place,Delhi,104,Rava Dosa Batter Kit (1 Kg) (MI),MI,1.0,No.,193,Malkapodi Bucket,0.1,Kg,0.1,,17.1534,17.1843,recipe_cost_connaught_place.csv,Rava Dosa Batter Kit (1 Kg),False,0.2
Connaught Place,Delhi,104,Rava Dosa Batter Kit (1 Kg) (MI),MI,1.0,No.,178,Potato Masala Bucket,0.5,Kg,0.5,,20.5109,20.8509,recipe_cost_connaught_place.csv,Rava Dosa Batter Kit (1 Kg),False,1.7
Connaught Place,Delhi,101,Dosa Batter Kit (1 Kg) (MI),MI,1.0,No.,190,Dosa Batter Mix,1.0,Kg,1.0,,30.3444,30.5539,recipe_cost_connaught_place.csv,Dosa Batter Kit (1 Kg),False,0.7
Connaught Place,Delhi,101,Dosa Batter Kit (1 Kg) (MI),MI,1.0,No.,204,Special White Coconut Chutney Bucket,0.5,Kg,0.5,,43.1535,44.2713,recipe_cost_connaught_place.csv,Dosa Batter Kit (1 Kg),False,2.6
Connaught Place,Delhi,101,Dosa Batter Kit (1 Kg) (MI),MI,1.0,No.,184,Sambar Bucket,1.0,Ltr,1.0,,30.4833,30.3569,recipe_cost_connaught_place.csv,Dosa Batter Kit (1 Kg),False,-0.4
Connaught Place,Delhi,101,Dosa Batter Kit (1 Kg) (MI),MI,1.0,No.,115,Coriander Leaves,0.003,Kg,0.003,,0.2977,0.3262,recipe_cost_connaught_place.csv,Dosa Batter Kit (1 Kg),False,9.6
Connaught Place,Delhi,101,Dosa Batter Kit (1 Kg) (MI),MI,1.0,No.,207,Special Daal Bucket,0.005,Kg,0.005,,0.7369,0.7664,recipe_cost_connaught_place.csv,Dosa Batter Kit (1 Kg),False,4.0
Connaught Place,Delhi,101,Dosa Batter Kit (1 Kg) (MI),MI,1.0,No.,178,Potato Masala Bucket,0.5,Kg,0.5,,20.5109,20.8509,recipe_cost_connaught_place.csv,Dosa Batter Kit (1 Kg),False,1.7
Connaught Place,Delhi,101,Dosa Batter Kit (1 Kg) (MI),MI,1.0,No.,193,Malkapodi Bucket,0.5,Kg,0.5,,85.7668,85.9217,recipe_cost_connaught_place.csv,Dosa Batter Kit (1 Kg),False,0.2
Connaught Place,Delhi,151,Extra Paratha(1 Pc) (MI),MI,1.0,No.,216,Malabar Paratha  (1pkt= 6Pcs),1.0,Pc,1.0,,7.7837,8.5028,recipe_cost_connaught_place.csv,Extra Paratha(1 Pc),False,9.2
Connaught Place,Delhi,151,Extra Paratha(1 Pc) (MI),MI,1.0,No.,43,Sunflower Refined Oil  ( 1pkt = 868 Ml ),0.009,Ltr,0.009,,1.5807,1.7799,recipe_cost_connaught_place.csv,Extra Paratha(1 Pc),False,12.6
Connaught Place,Delhi,151,Extra Paratha(1 Pc) (MI),MI,1.0,No.,75,Ghee,0.001,Kg,0.001,,0.7211,0.7793,recipe_cost_connaught_place.csv,Extra Paratha(1 Pc),False,8.1
Connaught Place,Delhi,226,Kitty Party Meal @ 349 (MI),MI,1.0,No.,43,Sunflower Refined Oil  ( 1pkt = 868 Ml ),0.018,Ltr,0.018,,3.1614,3.5599,recipe_cost_connaught_place.csv,Kitty Party Meal @ 349,False,12.6
Connaught Place,Delhi,226,Kitty Party Meal @ 349 (MI),MI,1.0,No.,186,Spicy Coconut Chutney Bucket,0.05,Kg,0.05,,2.7747,2.9189,recipe_cost_connaught_place.csv,Kitty Party Meal @ 349,False,5.2
Connaught Place,Delhi,226,Kitty Party Meal @ 349 (MI),MI,1.0,No.,188,Tomato Onion Chutney Bucket,0.1,Kg,0.1,,12.5426,11.0684,recipe_cost_connaught_place.csv,Kitty Party Meal @ 349,False,-11.8
Connaught Place,Delhi,226,Kitty Party Meal @ 349 (MI),MI,1.0,No.,190,Dosa Batter Mix,0.1,Kg,0.1,,3.0344,3.0554,recipe_cost_connaught_place.csv,Kitty Party Meal @ 349,False,0.7
Connaught Place,Delhi,226,Kitty Party Meal @ 349 (MI),MI,1.0,No.,218,Idli Pc Raw (1 Pkt =40pc),1.0,Pc,1.0,,1.9316,2.0169,recipe_cost_connaught_place.csv,Kitty Party Meal @ 349,False,4.4
Connaught Place,Delhi,226,Kitty Party Meal @ 349 (MI),MI,1.0,No.,191,Frozen Medu Vada (10pc),1.0,Pc,1.0,,4.8836,4.9249,recipe_cost_connaught_place.csv,Kitty Party Meal @ 349,False,0.8
Connaught Place,Delhi,226,Kitty Party Meal @ 349 (MI),MI,1.0,No.,234,Regular White Chutney Bucket Outlet,0.2,Kg,0.2,,15.9163,16.1788,recipe_cost_connaught_place.csv,Kitty Party Meal @ 349,False,1.6
Connaught Place,Delhi,226,Kitty Party Meal @ 349 (MI),MI,1.0,No.,184,Sambar Bucket,0.4,Ltr,0.4,,12.1933,12.1428,recipe_cost_connaught_place.csv,Kitty Party Meal @ 349,False,-0.4
Connaught Place,Delhi,226,Kitty Party Meal @ 349 (MI),MI,1.0,No.,115,Coriander Leaves,0.003,Kg,0.003,,0.2977,0.3262,recipe_cost_connaught_place.csv,Kitty Party Meal @ 349,False,9.6
Connaught Place,Delhi,226,Kitty Party Meal @ 349 (MI),MI,1.0,No.,207,Special Daal Bucket,0.003,Kg,0.003,,0.4421,0.4598,recipe_cost_connaught_place.csv,Kitty Party Meal @ 349,False,4.0
Connaught Place,Delhi,226,Kitty Party Meal @ 349 (MI),MI,1.0,No.,178,Potato Masala Bucket,0.15,Kg,0.15,,6.1533,6.2553,recipe_cost_connaught_place.csv,Kitty Party Meal @ 349,False,1.7
Connaught Place,Delhi,226,Kitty Party Meal @ 349 (MI),MI,1.0,No.,113,Paper Straw (1pkt = 100pc),1.0,Pc,1.0,,0.4287,0.4479,recipe_cost_connaught_place.csv,Kitty Party Meal @ 349,False,4.5
Connaught Place,Delhi,226,Kitty Party Meal @ 349 (MI),MI,1.0,No.,97,Paper Napkin (1pkt = 100pc),2.0,Pc,2.0,,0.5241,0.493,recipe_cost_connaught_place.csv,Kitty Party Meal @ 349,False,-5.9
Connaught Place,Delhi,226,Kitty Party Meal @ 349 (MI),MI,1.0,No.,84,Banana Leaf Big (1bundle = 50pc),1.0,Pc,1.0,1.75,2.6349,2.5442,recipe_cost_connaught_place.csv,Kitty Party Meal @ 349,False,-3.4
Connaught Place,Delhi,226,Kitty Party Meal @ 349 (MI),MI,1.0,No.,222,Upma Mix (1pkt = 300gm),0.03,Kg,0.03,,2.5123,2.5637,recipe_cost_connaught_place.csv,Kitty Party Meal @ 349,False,2.0
Connaught Place,Delhi,226,Kitty Party Meal @ 349 (MI),MI,1.0,No.,21,RO Water,0.29,Ltr,0.29,,,,recipe_cost_connaught_place.csv,Kitty Party Meal @ 349,True,
Connaught Place,Delhi,226,Kitty Party Meal @ 349 (MI),MI,1.0,No.,116,Raw Green Chili,0.003,Kg,0.003,,0.1222,0.1224,recipe_cost_connaught_place.csv,Kitty Party Meal @ 349,False,0.2
Connaught Place,Delhi,226,Kitty Party Meal @ 349 (MI),MI,1.0,No.,132,Onion,0.008,Kg,0.008,,0.2793,0.2827,recipe_cost_connaught_place.csv,Kitty Party Meal @ 349,False,1.2
Connaught Place,Delhi,226,Kitty Party Meal @ 349 (MI),MI,1.0,No.,141,Tomato,0.008,Kg,0.008,,0.2955,0.2913,recipe_cost_connaught_place.csv,Kitty Party Meal @ 349,False,-1.4
Connaught Place,Delhi,226,Kitty Party Meal @ 349 (MI),MI,1.0,No.,91,Milk (Adya Dairy),0.05,Ltr,0.05,,2.8672,2.8993,recipe_cost_connaught_place.csv,Kitty Party Meal @ 349,False,1.1
Connaught Place,Delhi,226,Kitty Party Meal @ 349 (MI),MI,1.0,No.,75,Ghee,0.037,Kg,0.037,,26.679,28.8337,recipe_cost_connaught_place.csv,Kitty Party Meal @ 349,False,8.1
Connaught Place,Delhi,226,Kitty Party Meal @ 349 (MI),MI,1.0,No.,39,Cashew,0.001,Kg,0.001,,0.8726,0.8884,recipe_cost_connaught_place.csv,Kitty Party Meal @ 349,False,1.8
Connaught Place,Delhi,226,Kitty Party Meal @ 349 (MI),MI,1.0,No.,9,Raisin,0.001,Kg,0.001,,0.596,0.6613,recipe_cost_connaught_place.csv,Kitty Party Meal @ 349,False,11.0
Connaught Place,Delhi,226,Kitty Party Meal @ 349 (MI),MI,1.0,No.,217,Kesari Halwa Mix  (1pkt = 550gm),0.035,Kg,0.035,,2.4842,2.6771,recipe_cost_connaught_place.csv,Kitty Party Meal @ 349,False,7.8
Connaught Place,Delhi,226,Kitty Party Meal @ 349 (MI),MI,1.0,No.,101,Buttermilk Sticker (1sheet = 28pc),1.0,Pc,1.0,,1.0667,1.0667,recipe_cost_connaught_place.csv,Kitty Party Meal @ 349,False,0.0
Connaught Place,Delhi,226,Kitty Party Meal @ 349 (MI),MI,1.0,No.,235,Raw Curd,0.06,Kg,0.06,,4.6057,4.6813,recipe_cost_connaught_place.csv,Kitty Party Meal @ 349,False,1.6
Connaught Place,Delhi,226,Kitty Party Meal @ 349 (MI),MI,1.0,No.,108,Ginger,0.003,Kg,0.003,,0.3529,0.3507,recipe_cost_connaught_place.csv,Kitty Party Meal @ 349,False,-0.6
Connaught Place,Delhi,226,Kitty Party Meal @ 349 (MI),MI,1.0,No.,131,Curry Leaves,0.001,Kg,0.001,,0.0381,0.0381,recipe_cost_connaught_place.csv,Kitty Party Meal @ 349,False,0.0
Connaught Place,Delhi,226,Kitty Party Meal @ 349 (MI),MI,1.0,No.,15,Black Salt,0.003,Kg,0.003,,0.2364,0.23,recipe_cost_connaught_place.csv,Kitty Party Meal @ 349,False,-2.7
Connaught Place,Delhi,226,Kitty Party Meal @ 349 (MI),MI,1.0,No.,29,Salt,0.001,Kg,0.001,,0.0294,0.0307,recipe_cost_connaught_place.csv,Kitty Party Meal @ 349,False,4.4
Connaught Place,Delhi,226,Kitty Party Meal @ 349 (MI),MI,1.0,No.,102,Cold Cup With Lid - 300ml (1pkt = 50pc),1.0,Pc,1.0,,,,recipe_cost_connaught_place.csv,Kitty Party Meal @ 349,True,
Connaught Place,Delhi,65,Malabar Paratha with Paneer Korma (MI),MI,1.0,No.,216,Malabar Paratha  (1pkt= 6Pcs),2.0,Pc,2.0,,15.5673,17.0057,recipe_cost_connaught_place.csv,Malabar Paratha with Paneer Korma,False,9.2
Connaught Place,Delhi,65,Malabar Paratha with Paneer Korma (MI),MI,1.0,No.,43,Sunflower Refined Oil  ( 1pkt = 868 Ml ),0.018,Ltr,0.018,,3.1614,3.5599,recipe_cost_connaught_place.csv,Malabar Paratha with Paneer Korma,False,12.6
Connaught Place,Delhi,65,Malabar Paratha with Paneer Korma (MI),MI,1.0,No.,115,Coriander Leaves,0.001,Kg,0.001,,0.0992,0.1087,recipe_cost_connaught_place.csv,Malabar Paratha with Paneer Korma,False,9.6
Connaught Place,Delhi,65,Malabar Paratha with Paneer Korma (MI),MI,1.0,No.,97,Paper Napkin (1pkt = 100pc),1.0,Pc,1.0,,0.2621,0.2465,recipe_cost_connaught_place.csv,Malabar Paratha with Paneer Korma,False,-6.0
Connaught Place,Delhi,65,Malabar Paratha with Paneer Korma (MI),MI,1.0,No.,195,Korma Gravy Mix (1pkt=700gm),0.18,Kg,0.18,,27.8199,28.5301,recipe_cost_connaught_place.csv,Malabar Paratha with Paneer Korma,False,2.6
Connaught Place,Delhi,65,Malabar Paratha with Paneer Korma (MI),MI,1.0,No.,60,Paneer,0.07,Kg,0.07,,30.445,31.178,recipe_cost_connaught_place.csv,Malabar Paratha with Paneer Korma,False,2.4
Connaught Place,Delhi,65,Malabar Paratha with Paneer Korma (MI),MI,1.0,No.,29,Salt,0.002,Kg,0.002,,0.0588,0.0615,recipe_cost_connaught_place.csv,Malabar Paratha with Paneer Korma,False,4.6
Connaught Place,Delhi,65,Malabar Paratha with Paneer Korma (MI),MI,1.0,No.,75,Ghee,0.002,Kg,0.002,,1.4421,1.5586,recipe_cost_connaught_place.csv,Malabar Paratha with Paneer Korma,False,8.1
Connaught Place,Delhi,67,Curd Rice (MI),MI,1.0,No.,211,Steam Rice Bucket,0.15,Kg,0.15,,7.3633,8.3125,recipe_cost_connaught_place.csv,Curd Rice,False,12.9
Connaught Place,Delhi,67,Curd Rice (MI),MI,1.0,No.,108,Ginger,0.005,Kg,0.005,,0.5882,0.5844,recipe_cost_connaught_place.csv,Curd Rice,False,-0.6
Connaught Place,Delhi,67,Curd Rice (MI),MI,1.0,No.,131,Curry Leaves,0.002,Kg,0.002,,0.0762,0.0762,recipe_cost_connaught_place.csv,Curd Rice,False,0.0
Connaught Place,Delhi,67,Curd Rice (MI),MI,1.0,No.,32,Whole Cumin,0.001,Kg,0.001,,0.3534,0.3047,recipe_cost_connaught_place.csv,Curd Rice,False,-13.8
Connaught Place,Delhi,67,Curd Rice (MI),MI,1.0,No.,29,Salt,0.007,Kg,0.007,,0.2057,0.2151,recipe_cost_connaught_place.csv,Curd Rice,False,4.6
Connaught Place,Delhi,67,Curd Rice (MI),MI,1.0,No.,48,Dosa Daal (Urad),0.01,Kg,0.01,,1.2719,1.2983,recipe_cost_connaught_place.csv,Curd Rice,False,2.1
Connaught Place,Delhi,67,Curd Rice (MI),MI,1.0,No.,30,Appalam Papad (1pkt = 47pc),1.0,Pc,1.0,,3.713,3.818,recipe_cost_connaught_place.csv,Curd Rice,False,2.8
Connaught Place,Delhi,67,Curd Rice (MI),MI,1.0,No.,43,Sunflower Refined Oil  ( 1pkt = 868 Ml ),0.009,Ltr,0.009,,1.5807,1.7799,recipe_cost_connaught_place.csv,Curd Rice,False,12.6
Connaught Place,Delhi,67,Curd Rice (MI),MI,1.0,No.,91,Milk (Adya Dairy),0.05,Ltr,0.05,,2.8672,2.8993,recipe_cost_connaught_place.csv,Curd Rice,False,1.1
Connaught Place,Delhi,67,Curd Rice (MI),MI,1.0,No.,181,Raw Mango Pickle Bucket,0.01,Kg,0.01,,2.3521,2.2544,recipe_cost_connaught_place.csv,Curd Rice,False,-4.2
Connaught Place,Delhi,67,Curd Rice (MI),MI,1.0,No.,116,Raw Green Chili,0.002,Kg,0.002,,0.0815,0.0816,recipe_cost_connaught_place.csv,Curd Rice,False,0.1
Connaught Place,Delhi,67,Curd Rice (MI),MI,1.0,No.,97,Paper Napkin (1pkt = 100pc),1.0,Pc,1.0,,0.2621,0.2465,recipe_cost_connaught_place.csv,Curd Rice,False,-6.0
Connaught Place,Delhi,67,Curd Rice (MI),MI,1.0,No.,235,Raw Curd,0.1,Kg,0.1,,7.6761,7.8022,recipe_cost_connaught_place.csv,Curd Rice,False,1.6
Connaught Place,Delhi,67,Curd Rice (MI),MI,1.0,No.,75,Ghee,0.001,Kg,0.001,,0.7211,0.7793,recipe_cost_connaught_place.csv,Curd Rice,False,8.1
Connaught Place,Delhi,70,Tomato Rice (MI),MI,1.0,No.,43,Sunflower Refined Oil  ( 1pkt = 868 Ml ),0.027,Ltr,0.027,,4.7421,5.3398,recipe_cost_connaught_place.csv,Tomato Rice,False,12.6
Connaught Place,Delhi,70,Tomato Rice (MI),MI,1.0,No.,32,Whole Cumin,0.001,Kg,0.001,,0.3534,0.3047,recipe_cost_connaught_place.csv,Tomato Rice,False,-13.8
Connaught Place,Delhi,70,Tomato Rice (MI),MI,1.0,No.,116,Raw Green Chili,0.001,Kg,0.001,,0.0407,0.0408,recipe_cost_connaught_place.csv,Tomato Rice,False,0.2
Connaught Place,Delhi,70,Tomato Rice (MI),MI,1.0,No.,131,Curry Leaves,0.001,Kg,0.001,,0.0381,0.0381,recipe_cost_connaught_place.csv,Tomato Rice,False,0.0
Connaught Place,Delhi,70,Tomato Rice (MI),MI,1.0,No.,132,Onion,0.05,Kg,0.05,,1.7457,1.767,recipe_cost_connaught_place.csv,Tomato Rice,False,1.2
Connaught Place,Delhi,70,Tomato Rice (MI),MI,1.0,No.,25,Turmeric Powder,0.001,Kg,0.001,,0.3907,0.3844,recipe_cost_connaught_place.csv,Tomato Rice,False,-1.6
Connaught Place,Delhi,70,Tomato Rice (MI),MI,1.0,No.,34,Kashmiri Chili Powder,5.0,gm,5.0,,4.6074,4.667,recipe_cost_connaught_place.csv,Tomato Rice,False,1.3
Connaught Place,Delhi,70,Tomato Rice (MI),MI,1.0,No.,141,Tomato,0.1,Kg,0.1,,3.6941,3.641,recipe_cost_connaught_place.csv,Tomato Rice,False,-1.4
Connaught Place,Delhi,70,Tomato Rice (MI),MI,1.0,No.,211,Steam Rice Bucket,0.15,Kg,0.15,,7.3633,8.3125,recipe_cost_connaught_place.csv,Tomato Rice,False,12.9
Connaught Place,Delhi,70,Tomato Rice (MI),MI,1.0,No.,29,Salt,0.005,Kg,0.005,,0.1469,0.1537,recipe_cost_connaught_place.csv,Tomato Rice,False,4.6
Connaught Place,Delhi,70,Tomato Rice (MI),MI,1.0,No.,221,Garam Masala Powder Bucket,1.0,gm,1.0,,1.4371,1.4552,recipe_cost_connaught_place.csv,Tomato Rice,False,1.3
Connaught Place,Delhi,70,Tomato Rice (MI),MI,1.0,No.,115,Coriander Leaves,0.001,Kg,0.001,,0.0992,0.1087,recipe_cost_connaught_place.csv,Tomato Rice,False,9.6
Connaught Place,Delhi,70,Tomato Rice (MI),MI,1.0,No.,30,Appalam Papad (1pkt = 47pc),1.0,Pc,1.0,,3.713,3.818,recipe_cost_connaught_place.csv,Tomato Rice,False,2.8
Connaught Place,Delhi,70,Tomato Rice (MI),MI,1.0,No.,97,Paper Napkin (1pkt = 100pc),1.0,Pc,1.0,,0.2621,0.2465,recipe_cost_connaught_place.csv,Tomato Rice,False,-6.0
Connaught Place,Delhi,70,Tomato Rice (MI),MI,1.0,No.,108,Ginger,0.015,Kg,0.015,,1.7646,1.7533,recipe_cost_connaught_place.csv,Tomato Rice,False,-0.6
Connaught Place,Delhi,70,Tomato Rice (MI),MI,1.0,No.,100,Garlic,0.015,Kg,0.015,,2.2242,1.9627,recipe_cost_connaught_place.csv,Tomato Rice,False,-11.8
Connaught Place,Delhi,70,Tomato Rice (MI),MI,1.0,No.,75,Ghee,0.003,Kg,0.003,,2.1632,2.3379,recipe_cost_connaught_place.csv,Tomato Rice,False,8.1
Connaught Place,Delhi,68,Lemon Rice (MI),MI,1.0,No.,189,Lemon Rice Bucket,0.2,Kg,0.2,,15.3,16.1007,recipe_cost_connaught_place.csv,Lemon Rice,False,5.2
Connaught Place,Delhi,68,Lemon Rice (MI),MI,1.0,No.,131,Curry Leaves,0.001,Kg,0.001,,0.0381,0.0381,recipe_cost_connaught_place.csv,Lemon Rice,False,0.0
Connaught Place,Delhi,68,Lemon Rice (MI),MI,1.0,No.,40,Dry Red Chili,1.0,gm,1.0,,0.2487,0.2946,recipe_cost_connaught_place.csv,Lemon Rice,False,18.5
Connaught Place,Delhi,68,Lemon Rice (MI),MI,1.0,No.,48,Dosa Daal (Urad),0.005,Kg,0.005,,0.6359,0.6491,recipe_cost_connaught_place.csv,Lemon Rice,False,2.1
Connaught Place,Delhi,68,Lemon Rice (MI),MI,1.0,No.,46,Chana Daal,0.005,Kg,0.005,,0.4077,0.4121,recipe_cost_connaught_place.csv,Lemon Rice,False,1.1
Connaught Place,Delhi,68,Lemon Rice (MI),MI,1.0,No.,27,Mustard Seed,1.0,gm,1.0,,0.1236,0.1249,recipe_cost_connaught_place.csv,Lemon Rice,False,1.1
Connaught Place,Delhi,68,Lemon Rice (MI),MI,1.0,No.,29,Salt,0.002,Kg,0.002,,0.0588,0.0615,recipe_cost_connaught_place.csv,Lemon Rice,False,4.6
Connaught Place,Delhi,68,Lemon Rice (MI),MI,1.0,No.,30,Appalam Papad (1pkt = 47pc),1.0,Pc,1.0,,3.713,3.818,recipe_cost_connaught_place.csv,Lemon Rice,False,2.8
Connaught Place,Delhi,68,Lemon Rice (MI),MI,1.0,No.,43,Sunflower Refined Oil  ( 1pkt = 868 Ml ),0.009,Ltr,0.009,,1.5807,1.7799,recipe_cost_connaught_place.csv,Lemon Rice,False,12.6
Connaught Place,Delhi,68,Lemon Rice (MI),MI,1.0,No.,28,Raw Peanut,0.007,Kg,0.007,,1.3319,1.5258,recipe_cost_connaught_place.csv,Lemon Rice,False,14.6
Connaught Place,Delhi,68,Lemon Rice (MI),MI,1.0,No.,97,Paper Napkin (1pkt = 100pc),1.0,Pc,1.0,,0.2621,0.2465,recipe_cost_connaught_place.csv,Lemon Rice,False,-6.0
Connaught Place,Delhi,68,Lemon Rice (MI),MI,1.0,No.,75,Ghee,0.001,Kg,0.001,,0.7211,0.7793,recipe_cost_connaught_place.csv,Lemon Rice,False,8.1
Connaught Place,Delhi,66,Coconut Rice (MI),MI,1.0,No.,211,Steam Rice Bucket,0.15,Kg,0.15,,7.3633,8.3125,recipe_cost_connaught_place.csv,Coconut Rice,False,12.9
Connaught Place,Delhi,66,Coconut Rice (MI),MI,1.0,No.,132,Onion,0.03,Kg,0.03,,1.0474,1.0602,recipe_cost_connaught_place.csv,Coconut Rice,False,1.2
Connaught Place,Delhi,66,Coconut Rice (MI),MI,1.0,No.,116,Raw Green Chili,0.005,Kg,0.005,,0.2037,0.204,recipe_cost_connaught_place.csv,Coconut Rice,False,0.1
Connaught Place,Delhi,66,Coconut Rice (MI),MI,1.0,No.,229,Coconut Shredded,0.05,Kg,0.05,,12.3913,12.6504,recipe_cost_connaught_place.csv,Coconut Rice,False,2.1
Connaught Place,Delhi,66,Coconut Rice (MI),MI,1.0,No.,46,Chana Daal,0.005,Kg,0.005,,0.4077,0.4121,recipe_cost_connaught_place.csv,Coconut Rice,False,1.1
Connaught Place,Delhi,66,Coconut Rice (MI),MI,1.0,No.,32,Whole Cumin,0.001,Kg,0.001,,0.3534,0.3047,recipe_cost_connaught_place.csv,Coconut Rice,False,-13.8
Connaught Place,Delhi,66,Coconut Rice (MI),MI,1.0,No.,131,Curry Leaves,0.001,Kg,0.001,,0.0381,0.0381,recipe_cost_connaught_place.csv,Coconut Rice,False,0.0
Connaught Place,Delhi,66,Coconut Rice (MI),MI,1.0,No.,29,Salt,0.001,Kg,0.001,,0.0294,0.0307,recipe_cost_connaught_place.csv,Coconut Rice,False,4.4
Connaught Place,Delhi,66,Coconut Rice (MI),MI,1.0,No.,43,Sunflower Refined Oil  ( 1pkt = 868 Ml ),0.018,Ltr,0.018,,3.1614,3.5599,recipe_cost_connaught_place.csv,Coconut Rice,False,12.6
Connaught Place,Delhi,66,Coconut Rice (MI),MI,1.0,No.,48,Dosa Daal (Urad),0.005,Kg,0.005,,0.6359,0.6491,recipe_cost_connaught_place.csv,Coconut Rice,False,2.1
Connaught Place,Delhi,66,Coconut Rice (MI),MI,1.0,No.,30,Appalam Papad (1pkt = 47pc),1.0,Pc,1.0,,3.713,3.818,recipe_cost_connaught_place.csv,Coconut Rice,False,2.8
Connaught Place,Delhi,66,Coconut Rice (MI),MI,1.0,No.,97,Paper Napkin (1pkt = 100pc),1.0,Pc,1.0,,0.2621,0.2465,recipe_cost_connaught_place.csv,Coconut Rice,False,-6.0
Connaught Place,Delhi,66,Coconut Rice (MI),MI,1.0,No.,75,Ghee,0.002,Kg,0.002,,1.4421,1.5586,recipe_cost_connaught_place.csv,Coconut Rice,False,8.1
Connaught Place,Delhi,238,Filter Coffee @ 80 (MI),MI,1.0,No.,4,Cothas Coffee Powder,0.01,Kg,0.01,,8.548,8.9043,recipe_cost_connaught_place.csv,Filter Coffee @ 80,False,4.2
Connaught Place,Delhi,238,Filter Coffee @ 80 (MI),MI,1.0,No.,76,Milk - Tetra 1Ltr,0.11,Ltr,0.11,,8.6401,8.7427,recipe_cost_connaught_place.csv,Filter Coffee @ 80,False,1.2
Connaught Place,Delhi,238,Filter Coffee @ 80 (MI),MI,1.0,No.,114,Wooden Stirrer (1pkt = 100pc),1.0,Pc,1.0,,0.159,0.1762,recipe_cost_connaught_place.csv,Filter Coffee @ 80,False,10.8
Connaught Place,Delhi,238,Filter Coffee @ 80 (MI),MI,1.0,No.,31,White Sugar Sachet (1pkt = 200pc),2.0,Pc,2.0,,0.9074,0.9926,recipe_cost_connaught_place.csv,Filter Coffee @ 80,False,9.4
Connaught Place,Delhi,238,Filter Coffee @ 80 (MI),MI,1.0,No.,97,Paper Napkin (1pkt = 100pc),1.0,Pc,1.0,,0.2621,0.2465,recipe_cost_connaught_place.csv,Filter Coffee @ 80,False,-6.0
Connaught Place,Delhi,13,Idli Fries (MI),MI,1.0,No.,218,Idli Pc Raw (1 Pkt =40pc),2.0,Pc,2.0,,3.8633,4.0339,recipe_cost_connaught_place.csv,Idli Fries,False,4.4
Connaught Place,Delhi,13,Idli Fries (MI),MI,1.0,No.,208,Chaat Masala Bucket,0.003,Kg,0.003,,0.9288,0.9681,recipe_cost_connaught_place.csv,Idli Fries,False,4.2
Connaught Place,Delhi,13,Idli Fries (MI),MI,1.0,No.,43,Sunflower Refined Oil  ( 1pkt = 868 Ml ),0.01,Ltr,0.01,,1.7563,1.9777,recipe_cost_connaught_place.csv,Idli Fries,False,12.6
Connaught Place,Delhi,13,Idli Fries (MI),MI,1.0,No.,97,Paper Napkin (1pkt = 100pc),1.0,Pc,1.0,,0.2621,0.2465,recipe_cost_connaught_place.csv,Idli Fries,False,-6.0
Connaught Place,Delhi,13,Idli Fries (MI),MI,1.0,No.,235,Raw Curd,0.1,Kg,0.1,,7.6761,7.8022,recipe_cost_connaught_place.csv,Idli Fries,False,1.6
Connaught Place,Delhi,13,Idli Fries (MI),MI,1.0,No.,108,Ginger,0.002,Kg,0.002,,0.2353,0.2338,recipe_cost_connaught_place.csv,Idli Fries,False,-0.6
Connaught Place,Delhi,13,Idli Fries (MI),MI,1.0,No.,131,Curry Leaves,0.001,Kg,0.001,,0.0381,0.0381,recipe_cost_connaught_place.csv,Idli Fries,False,0.0
Connaught Place,Delhi,13,Idli Fries (MI),MI,1.0,No.,32,Whole Cumin,0.001,Kg,0.001,,0.3534,0.3047,recipe_cost_connaught_place.csv,Idli Fries,False,-13.8
Connaught Place,Delhi,13,Idli Fries (MI),MI,1.0,No.,310,Dahi Bucket Mix (1pkt =105gm),0.015,Kg,0.015,,1.0167,1.1235,recipe_cost_connaught_place.csv,Idli Fries,False,10.5
Connaught Place,Delhi,13,Idli Fries (MI),MI,1.0,No.,116,Raw Green Chili,0.001,Kg,0.001,,0.0407,0.0408,recipe_cost_connaught_place.csv,Idli Fries,False,0.2
Connaught Place,Delhi,71,Tomato Sevai (MI),MI,1.0,No.,8,Sevai Bucket,0.1,Kg,0.1,,,,recipe_cost_connaught_place.csv,Tomato Sevai,True,
Connaught Place,Delhi,71,Tomato Sevai (MI),MI,1.0,No.,27,Mustard Seed,2.0,gm,2.0,,0.2473,0.2499,recipe_cost_connaught_place.csv,Tomato Sevai,False,1.1
Connaught Place,Delhi,71,Tomato Sevai (MI),MI,1.0,No.,46,Chana Daal,0.01,Kg,0.01,,0.8154,0.8242,recipe_cost_connaught_place.csv,Tomato Sevai,False,1.1
Connaught Place,Delhi,71,Tomato Sevai (MI),MI,1.0,No.,48,Dosa Daal (Urad),0.01,Kg,0.01,,1.2719,1.2983,recipe_cost_connaught_place.csv,Tomato Sevai,False,2.1
Connaught Place,Delhi,71,Tomato Sevai (MI),MI,1.0,No.,116,Raw Green Chili,0.001,Kg,0.001,,0.0407,0.0408,recipe_cost_connaught_place.csv,Tomato Sevai,False,0.2
Connaught Place,Delhi,71,Tomato Sevai (MI),MI,1.0,No.,132,Onion,0.03,Kg,0.03,,1.0474,1.0602,recipe_cost_connaught_place.csv,Tomato Sevai,False,1.2
Connaught Place,Delhi,71,Tomato Sevai (MI),MI,1.0,No.,131,Curry Leaves,0.002,Kg,0.002,,0.0762,0.0762,recipe_cost_connaught_place.csv,Tomato Sevai,False,0.0
Connaught Place,Delhi,71,Tomato Sevai (MI),MI,1.0,No.,108,Ginger,0.01,Kg,0.01,,1.1764,1.1689,recipe_cost_connaught_place.csv,Tomato Sevai,False,-0.6
Connaught Place,Delhi,71,Tomato Sevai (MI),MI,1.0,No.,141,Tomato,0.05,Kg,0.05,,1.8471,1.8205,recipe_cost_connaught_place.csv,Tomato Sevai,False,-1.4
Connaught Place,Delhi,71,Tomato Sevai (MI),MI,1.0,No.,34,Kashmiri Chili Powder,5.0,gm,5.0,,4.6074,4.667,recipe_cost_connaught_place.csv,Tomato Sevai,False,1.3
Connaught Place,Delhi,71,Tomato Sevai (MI),MI,1.0,No.,29,Salt,0.005,Kg,0.005,,0.1469,0.1537,recipe_cost_connaught_place.csv,Tomato Sevai,False,4.6
Connaught Place,Delhi,71,Tomato Sevai (MI),MI,1.0,No.,43,Sunflower Refined Oil  ( 1pkt = 868 Ml ),0.01,Ltr,0.01,,1.7563,1.9777,recipe_cost_connaught_place.csv,Tomato Sevai,False,12.6
Connaught Place,Delhi,71,Tomato Sevai (MI),MI,1.0,No.,115,Coriander Leaves,0.01,Kg,0.01,,0.9923,1.0874,recipe_cost_connaught_place.csv,Tomato Sevai,False,9.6
Connaught Place,Delhi,71,Tomato Sevai (MI),MI,1.0,No.,207,Special Daal Bucket,0.003,Kg,0.003,,0.4421,0.4598,recipe_cost_connaught_place.csv,Tomato Sevai,False,4.0
Connaught Place,Delhi,71,Tomato Sevai (MI),MI,1.0,No.,30,Appalam Papad (1pkt = 47pc),1.0,Pc,1.0,,3.713,3.818,recipe_cost_connaught_place.csv,Tomato Sevai,False,2.8
Connaught Place,Delhi,71,Tomato Sevai (MI),MI,1.0,No.,97,Paper Napkin (1pkt = 100pc),1.0,Pc,1.0,,0.2621,0.2465,recipe_cost_connaught_place.csv,Tomato Sevai,False,-6.0
Connaught Place,Delhi,237,Rasam & Papad (MI),MI,1.0,No.,177,Rasam Bucket,0.1,Ltr,0.1,,3.6954,3.8604,recipe_cost_connaught_place.csv,Rasam & Papad,False,4.5
Connaught Place,Delhi,237,Rasam & Papad (MI),MI,1.0,No.,115,Coriander Leaves,0.001,Kg,0.001,,0.0992,0.1087,recipe_cost_connaught_place.csv,Rasam & Papad,False,9.6
Connaught Place,Delhi,237,Rasam & Papad (MI),MI,1.0,No.,97,Paper Napkin (1pkt = 100pc),1.0,Pc,1.0,,0.2621,0.2465,recipe_cost_connaught_place.csv,Rasam & Papad,False,-6.0
Connaught Place,Delhi,237,Rasam & Papad (MI),MI,1.0,No.,92,Banana Leaf Small (1bundle = 50pc),1.0,Pc,1.0,1.25,1.5943,1.431,recipe_cost_connaught_place.csv,Rasam & Papad,False,-10.2
Connaught Place,Delhi,237,Rasam & Papad (MI),MI,1.0,No.,30,Appalam Papad (1pkt = 47pc),1.0,Pc,1.0,,3.713,3.818,recipe_cost_connaught_place.csv,Rasam & Papad,False,2.8
Connaught Place,Delhi,237,Rasam & Papad (MI),MI,1.0,No.,43,Sunflower Refined Oil  ( 1pkt = 868 Ml ),0.005,Ltr,0.005,,0.8782,0.9888,recipe_cost_connaught_place.csv,Rasam & Papad,False,12.6
Connaught Place,Delhi,161,Homemade Lemonade (MI),MI,1.0,No.,21,RO Water,0.25,Ltr,0.25,,,,recipe_cost_connaught_place.csv,Homemade Lemonade,True,
Connaught Place,Delhi,161,Homemade Lemonade (MI),MI,1.0,No.,212,Sugar Syrup Bucket,0.05,Ltr,0.05,,,,recipe_cost_connaught_place.csv,Homemade Lemonade,True,
Connaught Place,Delhi,161,Homemade Lemonade (MI),MI,1.0,No.,124,Lime,2.0,Pc,2.0,,5.7098,5.3934,recipe_cost_connaught_place.csv,Homemade Lemonade,False,-5.5
Connaught Place,Delhi,161,Homemade Lemonade (MI),MI,1.0,No.,15,Black Salt,0.001,Kg,0.001,,0.0788,0.0767,recipe_cost_connaught_place.csv,Homemade Lemonade,False,-2.7
Connaught Place,Delhi,161,Homemade Lemonade (MI),MI,1.0,No.,113,Paper Straw (1pkt = 100pc),1.0,Pc,1.0,,0.4287,0.4479,recipe_cost_connaught_place.csv,Homemade Lemonade,False,4.5
Connaught Place,Delhi,161,Homemade Lemonade (MI),MI,1.0,No.,97,Paper Napkin (1pkt = 100pc),1.0,Pc,1.0,,0.2621,0.2465,recipe_cost_connaught_place.csv,Homemade Lemonade,False,-6.0
Connaught Place,Delhi,161,Homemade Lemonade (MI),MI,1.0,No.,268,Sticker - Fresh Lime Water (1sheet=28pc),1.0,Pc,1.0,,1.0,1.0,recipe_cost_connaught_place.csv,Homemade Lemonade,False,0.0
Connaught Place,Delhi,34,Thindi Ghee Masala Dosa (MI),MI,1.0,No.,190,Dosa Batter Mix,0.12,Kg,0.12,,3.6413,3.6665,recipe_cost_connaught_place.csv,Thindi Ghee Masala Dosa,False,0.7
Connaught Place,Delhi,34,Thindi Ghee Masala Dosa (MI),MI,1.0,No.,186,Spicy Coconut Chutney Bucket,0.1,Kg,0.1,,5.5494,5.8378,recipe_cost_connaught_place.csv,Thindi Ghee Masala Dosa,False,5.2
Connaught Place,Delhi,34,Thindi Ghee Masala Dosa (MI),MI,1.0,No.,207,Special Daal Bucket,0.001,Kg,0.001,,0.1474,0.1533,recipe_cost_connaught_place.csv,Thindi Ghee Masala Dosa,False,4.0
Connaught Place,Delhi,34,Thindi Ghee Masala Dosa (MI),MI,1.0,No.,93,Bio-Degradable Spoon (1pkt = 50pc),1.0,Pc,1.0,,0.6604,0.5911,recipe_cost_connaught_place.csv,Thindi Ghee Masala Dosa,False,-10.5
Connaught Place,Delhi,34,Thindi Ghee Masala Dosa (MI),MI,1.0,No.,97,Paper Napkin (1pkt = 100pc),1.0,Pc,1.0,,0.2621,0.2465,recipe_cost_connaught_place.csv,Thindi Ghee Masala Dosa,False,-6.0
Connaught Place,Delhi,34,Thindi Ghee Masala Dosa (MI),MI,1.0,No.,75,Ghee,0.03,Kg,0.03,,21.6316,23.3787,recipe_cost_connaught_place.csv,Thindi Ghee Masala Dosa,False,8.1
Connaught Place,Delhi,34,Thindi Ghee Masala Dosa (MI),MI,1.0,No.,178,Potato Masala Bucket,0.1,Kg,0.1,,4.1022,4.1702,recipe_cost_connaught_place.csv,Thindi Ghee Masala Dosa,False,1.7
Connaught Place,Delhi,34,Thindi Ghee Masala Dosa (MI),MI,1.0,No.,234,Regular White Chutney Bucket Outlet,0.1,Kg,0.1,,7.9582,8.0894,recipe_cost_connaught_place.csv,Thindi Ghee Masala Dosa,False,1.6
Connaught Place,Delhi,74,Kesari Halwa (MI),MI,1.0,No.,75,Ghee,0.025,Kg,0.025,,18.0264,19.4822,recipe_cost_connaught_place.csv,Kesari Halwa,False,8.1
Connaught Place,Delhi,74,Kesari Halwa (MI),MI,1.0,No.,39,Cashew,0.001,Kg,0.001,,0.8726,0.8884,recipe_cost_connaught_place.csv,Kesari Halwa,False,1.8
Connaught Place,Delhi,74,Kesari Halwa (MI),MI,1.0,No.,21,RO Water,0.094,Ltr,0.094,,,,recipe_cost_connaught_place.csv,Kesari Halwa,True,
Connaught Place,Delhi,74,Kesari Halwa (MI),MI,1.0,No.,9,Raisin,0.001,Kg,0.001,,0.596,0.6613,recipe_cost_connaught_place.csv,Kesari Halwa,False,11.0
Connaught Place,Delhi,74,Kesari Halwa (MI),MI,1.0,No.,217,Kesari Halwa Mix  (1pkt = 550gm),0.069,Kg,0.069,,4.8974,5.2777,recipe_cost_connaught_place.csv,Kesari Halwa,False,7.8
Connaught Place,Delhi,74,Kesari Halwa (MI),MI,1.0,No.,97,Paper Napkin (1pkt = 100pc),1.0,Pc,1.0,,0.2621,0.2465,recipe_cost_connaught_place.csv,Kesari Halwa,False,-6.0
Connaught Place,Delhi,55,Spicy Onion Ghee Roast Dosa (MI),MI,1.0,No.,190,Dosa Batter Mix,0.12,Kg,0.12,,3.6413,3.6665,recipe_cost_connaught_place.csv,Spicy Onion Ghee Roast Dosa,False,0.7
Connaught Place,Delhi,55,Spicy Onion Ghee Roast Dosa (MI),MI,1.0,No.,12,Regular White Chutney Bucket (Inactive),0.1,Kg,0.1,,,,recipe_cost_connaught_place.csv,Spicy Onion Ghee Roast Dosa,True,
Connaught Place,Delhi,55,Spicy Onion Ghee Roast Dosa (MI),MI,1.0,No.,75,Ghee,30.0,gm,30.0,,21.6316,23.3787,recipe_cost_connaught_place.csv,Spicy Onion Ghee Roast Dosa,False,8.1
Connaught Place,Delhi,55,Spicy Onion Ghee Roast Dosa (MI),MI,1.0,No.,207,Special Daal Bucket,0.001,Kg,0.001,,0.1474,0.1533,recipe_cost_connaught_place.csv,Spicy Onion Ghee Roast Dosa,False,4.0
Connaught Place,Delhi,55,Spicy Onion Ghee Roast Dosa (MI),MI,1.0,No.,196,Onion Chutney Bucket,0.07,Kg,0.07,,,,recipe_cost_connaught_place.csv,Spicy Onion Ghee Roast Dosa,True,
Connaught Place,Delhi,55,Spicy Onion Ghee Roast Dosa (MI),MI,1.0,No.,97,Paper Napkin (1pkt = 100pc),1.0,Pc,1.0,,0.2621,0.2465,recipe_cost_connaught_place.csv,Spicy Onion Ghee Roast Dosa,False,-6.0
Connaught Place,Delhi,55,Spicy Onion Ghee Roast Dosa (MI),MI,1.0,No.,234,Regular White Chutney Bucket Outlet,0.1,Kg,0.1,,7.9582,8.0894,recipe_cost_connaught_place.csv,Spicy Onion Ghee Roast Dosa,False,1.6
Connaught Place,Delhi,64,Appam with Stew (MI),MI,1.0,No.,198,Appam Batter,0.2,Kg,0.2,,4.4024,4.4024,recipe_cost_connaught_place.csv,Appam with Stew,False,0.0
Connaught Place,Delhi,64,Appam with Stew (MI),MI,1.0,No.,75,Ghee,10.0,gm,10.0,,7.2105,7.7929,recipe_cost_connaught_place.csv,Appam with Stew,False,8.1
Connaught Place,Delhi,64,Appam with Stew (MI),MI,1.0,No.,97,Paper Napkin (1pkt = 100pc),1.0,Pc,1.0,,0.2621,0.2465,recipe_cost_connaught_place.csv,Appam with Stew,False,-6.0
Connaught Place,Delhi,64,Appam with Stew (MI),MI,1.0,No.,274,Raw Potato,0.045,Kg,0.045,,1.0714,1.0342,recipe_cost_connaught_place.csv,Appam with Stew,False,-3.5
Connaught Place,Delhi,64,Appam with Stew (MI),MI,1.0,No.,132,Onion,0.03,Kg,0.03,,1.0474,1.0602,recipe_cost_connaught_place.csv,Appam with Stew,False,1.2
Connaught Place,Delhi,64,Appam with Stew (MI),MI,1.0,No.,108,Ginger,0.006,Kg,0.006,,0.7058,0.7013,recipe_cost_connaught_place.csv,Appam with Stew,False,-0.6
Connaught Place,Delhi,64,Appam with Stew (MI),MI,1.0,No.,116,Raw Green Chili,0.002,Kg,0.002,,0.0815,0.0816,recipe_cost_connaught_place.csv,Appam with Stew,False,0.1
Connaught Place,Delhi,64,Appam with Stew (MI),MI,1.0,No.,131,Curry Leaves,0.001,Kg,0.001,,0.0381,0.0381,recipe_cost_connaught_place.csv,Appam with Stew,False,0.0
Connaught Place,Delhi,64,Appam with Stew (MI),MI,1.0,No.,29,Salt,0.002,Kg,0.002,,0.0588,0.0615,recipe_cost_connaught_place.csv,Appam with Stew,False,4.6
Connaught Place,Delhi,64,Appam with Stew (MI),MI,1.0,No.,43,Sunflower Refined Oil  ( 1pkt = 868 Ml ),0.005,Ltr,0.005,,0.8782,0.9888,recipe_cost_connaught_place.csv,Appam with Stew,False,12.6
Connaught Place,Delhi,64,Appam with Stew (MI),MI,1.0,No.,306,Coconut Milk Pkt 200ml,0.05,Ltr,0.05,,,,recipe_cost_connaught_place.csv,Appam with Stew,True,
Connaught Place,Delhi,64,Appam with Stew (MI),MI,1.0,No.,21,RO Water,0.07,Ltr,0.07,,,,recipe_cost_connaught_place.csv,Appam with Stew,True,
Connaught Place,Delhi,64,Appam with Stew (MI),MI,1.0,No.,84,Banana Leaf Big (1bundle = 50pc),1.0,Pc,1.0,1.75,2.6349,2.5442,recipe_cost_connaught_place.csv,Appam with Stew,False,-3.4
Connaught Place,Delhi,214,Cold Coffee-Nuttela (MI),MI,1.0,No.,4,Cothas Coffee Powder,0.014,Kg,0.014,,11.9672,12.466,recipe_cost_connaught_place.csv,Cold Coffee-Nuttela,False,4.2
Connaught Place,Delhi,214,Cold Coffee-Nuttela (MI),MI,1.0,No.,297,Amul IC BP Vanilla (5L) CF,0.222,Ltr,0.222,,20.3404,21.2296,recipe_cost_connaught_place.csv,Cold Coffee-Nuttela,False,4.4
Connaught Place,Delhi,214,Cold Coffee-Nuttela (MI),MI,1.0,No.,97,Paper Napkin (1pkt = 100pc),1.0,Pc,1.0,,0.2621,0.2465,recipe_cost_connaught_place.csv,Cold Coffee-Nuttela,False,-6.0
Connaught Place,Delhi,214,Cold Coffee-Nuttela (MI),MI,1.0,No.,113,Paper Straw (1pkt = 100pc),1.0,Pc,1.0,,0.4287,0.4479,recipe_cost_connaught_place.csv,Cold Coffee-Nuttela,False,4.5
Connaught Place,Delhi,214,Cold Coffee-Nuttela (MI),MI,1.0,No.,10,Nuttella (350gm),0.02,Kg,0.02,,17.1786,16.6536,recipe_cost_connaught_place.csv,Cold Coffee-Nuttela,False,-3.1
Connaught Place,Delhi,214,Cold Coffee-Nuttela (MI),MI,1.0,No.,76,Milk - Tetra 1Ltr,0.05,Ltr,0.05,,3.9273,3.9739,recipe_cost_connaught_place.csv,Cold Coffee-Nuttela,False,1.2
Connaught Place,Delhi,215,Cold Coffee-Crunchy Oreo (MI),MI,1.0,No.,4,Cothas Coffee Powder,0.014,Kg,0.014,,11.9672,12.466,recipe_cost_connaught_place.csv,Cold Coffee-Crunchy Oreo,False,4.2
Connaught Place,Delhi,215,Cold Coffee-Crunchy Oreo (MI),MI,1.0,No.,297,Amul IC BP Vanilla (5L) CF,0.222,Ltr,0.222,,20.3404,21.2296,recipe_cost_connaught_place.csv,Cold Coffee-Crunchy Oreo,False,4.4
Connaught Place,Delhi,215,Cold Coffee-Crunchy Oreo (MI),MI,1.0,No.,3,Oreo Buiscuits,2.5,Pc,2.5,,23.4496,23.2051,recipe_cost_connaught_place.csv,Cold Coffee-Crunchy Oreo,False,-1.0
Connaught Place,Delhi,215,Cold Coffee-Crunchy Oreo (MI),MI,1.0,No.,113,Paper Straw (1pkt = 100pc),1.0,Pc,1.0,,0.4287,0.4479,recipe_cost_connaught_place.csv,Cold Coffee-Crunchy Oreo,False,4.5
Connaught Place,Delhi,215,Cold Coffee-Crunchy Oreo (MI),MI,1.0,No.,97,Paper Napkin (1pkt = 100pc),1.0,Pc,1.0,,0.2621,0.2465,recipe_cost_connaught_place.csv,Cold Coffee-Crunchy Oreo,False,-6.0
Connaught Place,Delhi,215,Cold Coffee-Crunchy Oreo (MI),MI,1.0,No.,76,Milk - Tetra 1Ltr,0.05,Ltr,0.05,,3.9273,3.9739,recipe_cost_connaught_place.csv,Cold Coffee-Crunchy Oreo,False,1.2
Connaught Place,Delhi,213,Cold Coffee-Classic (MI),MI,1.0,No.,4,Cothas Coffee Powder,0.014,Kg,0.014,,11.9672,12.466,recipe_cost_connaught_place.csv,Cold Coffee-Classic,False,4.2
Connaught Place,Delhi,213,Cold Coffee-Classic (MI),MI,1.0,No.,297,Amul IC BP Vanilla (5L) CF,0.222,Ltr,0.222,,20.3404,21.2296,recipe_cost_connaught_place.csv,Cold Coffee-Classic,False,4.4
Connaught Place,Delhi,213,Cold Coffee-Classic (MI),MI,1.0,No.,113,Paper Straw (1pkt = 100pc),1.0,Pc,1.0,,0.4287,0.4479,recipe_cost_connaught_place.csv,Cold Coffee-Classic,False,4.5
Connaught Place,Delhi,213,Cold Coffee-Classic (MI),MI,1.0,No.,97,Paper Napkin (1pkt = 100pc),1.0,Pc,1.0,,0.2621,0.2465,recipe_cost_connaught_place.csv,Cold Coffee-Classic,False,-6.0
Connaught Place,Delhi,213,Cold Coffee-Classic (MI),MI,1.0,No.,76,Milk - Tetra 1Ltr,0.05,Ltr,0.05,,3.9273,3.9739,recipe_cost_connaught_place.csv,Cold Coffee-Classic,False,1.2
Connaught Place,Delhi,154,Thindi Podi Dosa (MI),MI,1.0,No.,190,Dosa Batter Mix,0.14,Kg,0.14,,4.2482,4.2775,recipe_cost_connaught_place.csv,Thindi Podi Dosa,False,0.7
Connaught Place,Delhi,154,Thindi Podi Dosa (MI),MI,1.0,No.,83,Udhaya Krishna Ghee,0.02,Kg,0.02,,,,recipe_cost_connaught_place.csv,Thindi Podi Dosa,True,
Connaught Place,Delhi,154,Thindi Podi Dosa (MI),MI,1.0,No.,194,Thindi Malkapodi Powder Bucket,0.01,Kg,0.01,,2.001,2.001,recipe_cost_connaught_place.csv,Thindi Podi Dosa,False,0.0
Connaught Place,Delhi,154,Thindi Podi Dosa (MI),MI,1.0,No.,184,Sambar Bucket,0.2,Ltr,0.2,,6.0967,6.0714,recipe_cost_connaught_place.csv,Thindi Podi Dosa,False,-0.4
Connaught Place,Delhi,154,Thindi Podi Dosa (MI),MI,1.0,No.,186,Spicy Coconut Chutney Bucket,0.2,Kg,0.2,,11.0989,11.6756,recipe_cost_connaught_place.csv,Thindi Podi Dosa,False,5.2
Connaught Place,Delhi,154,Thindi Podi Dosa (MI),MI,1.0,No.,207,Special Daal Bucket,0.003,Kg,0.003,,0.4421,0.4598,recipe_cost_connaught_place.csv,Thindi Podi Dosa,False,4.0
Connaught Place,Delhi,154,Thindi Podi Dosa (MI),MI,1.0,No.,115,Coriander Leaves,0.001,Kg,0.001,,0.0992,0.1087,recipe_cost_connaught_place.csv,Thindi Podi Dosa,False,9.6
Connaught Place,Delhi,154,Thindi Podi Dosa (MI),MI,1.0,No.,97,Paper Napkin (1pkt = 100pc),1.0,Pc,1.0,,0.2621,0.2465,recipe_cost_connaught_place.csv,Thindi Podi Dosa,False,-6.0
Connaught Place,Delhi,86,Fresh Buttermilk (MI),MI,1.0,No.,97,Paper Napkin (1pkt = 100pc),1.0,Pc,1.0,,0.2621,0.2465,recipe_cost_connaught_place.csv,Fresh Buttermilk,False,-6.0
Connaught Place,Delhi,86,Fresh Buttermilk (MI),MI,1.0,No.,113,Paper Straw (1pkt = 100pc),1.0,Pc,1.0,,0.4287,0.4479,recipe_cost_connaught_place.csv,Fresh Buttermilk,False,4.5
Connaught Place,Delhi,86,Fresh Buttermilk (MI),MI,1.0,No.,235,Raw Curd,0.06,Kg,0.06,,4.6057,4.6813,recipe_cost_connaught_place.csv,Fresh Buttermilk,False,1.6
Connaught Place,Delhi,86,Fresh Buttermilk (MI),MI,1.0,No.,21,RO Water,0.24,Ltr,0.24,,,,recipe_cost_connaught_place.csv,Fresh Buttermilk,True,
Connaught Place,Delhi,86,Fresh Buttermilk (MI),MI,1.0,No.,108,Ginger,0.003,Kg,0.003,,0.3529,0.3507,recipe_cost_connaught_place.csv,Fresh Buttermilk,False,-0.6
Connaught Place,Delhi,86,Fresh Buttermilk (MI),MI,1.0,No.,116,Raw Green Chili,0.001,Kg,0.001,,0.0407,0.0408,recipe_cost_connaught_place.csv,Fresh Buttermilk,False,0.2
Connaught Place,Delhi,86,Fresh Buttermilk (MI),MI,1.0,No.,131,Curry Leaves,0.001,Kg,0.001,,0.0381,0.0381,recipe_cost_connaught_place.csv,Fresh Buttermilk,False,0.0
Connaught Place,Delhi,86,Fresh Buttermilk (MI),MI,1.0,No.,15,Black Salt,0.003,Kg,0.003,,0.2364,0.23,recipe_cost_connaught_place.csv,Fresh Buttermilk,False,-2.7
Connaught Place,Delhi,86,Fresh Buttermilk (MI),MI,1.0,No.,29,Salt,0.001,Kg,0.001,,0.0294,0.0307,recipe_cost_connaught_place.csv,Fresh Buttermilk,False,4.4
Connaught Place,Delhi,23,Dahi Vada pc (MI),MI,1.0,No.,191,Frozen Medu Vada (10pc),1.0,Pc,1.0,,4.8836,4.9249,recipe_cost_connaught_place.csv,Dahi Vada pc,False,0.8
Connaught Place,Delhi,23,Dahi Vada pc (MI),MI,1.0,No.,208,Chaat Masala Bucket,0.001,Kg,0.001,,0.3096,0.3227,recipe_cost_connaught_place.csv,Dahi Vada pc,False,4.2
Connaught Place,Delhi,23,Dahi Vada pc (MI),MI,1.0,No.,235,Raw Curd,0.073,Kg,0.073,,5.6036,5.6956,recipe_cost_connaught_place.csv,Dahi Vada pc,False,1.6
Connaught Place,Delhi,23,Dahi Vada pc (MI),MI,1.0,No.,131,Curry Leaves,0.001,Kg,0.001,,0.0381,0.0381,recipe_cost_connaught_place.csv,Dahi Vada pc,False,0.0
Connaught Place,Delhi,23,Dahi Vada pc (MI),MI,1.0,No.,108,Ginger,0.001,Kg,0.001,,0.1176,0.1169,recipe_cost_connaught_place.csv,Dahi Vada pc,False,-0.6
Connaught Place,Delhi,23,Dahi Vada pc (MI),MI,1.0,No.,32,Whole Cumin,0.001,Kg,0.001,,0.3534,0.3047,recipe_cost_connaught_place.csv,Dahi Vada pc,False,-13.8
Connaught Place,Delhi,23,Dahi Vada pc (MI),MI,1.0,No.,116,Raw Green Chili,0.001,Kg,0.001,,0.0407,0.0408,recipe_cost_connaught_place.csv,Dahi Vada pc,False,0.2
Connaught Place,Delhi,23,Dahi Vada pc (MI),MI,1.0,No.,310,Dahi Bucket Mix (1pkt =105gm),0.014,Kg,0.014,,0.949,1.0486,recipe_cost_connaught_place.csv,Dahi Vada pc,False,10.5
Connaught Place,Delhi,23,Dahi Vada pc (MI),MI,1.0,No.,97,Paper Napkin (1pkt = 100pc),1.0,Pc,1.0,,0.2621,0.2465,recipe_cost_connaught_place.csv,Dahi Vada pc,False,-6.0
Connaught Place,Delhi,53,Beetroot Ghee Roast Dosa (MI),MI,1.0,No.,190,Dosa Batter Mix,0.1,Kg,0.1,,3.0344,3.0554,recipe_cost_connaught_place.csv,Beetroot Ghee Roast Dosa,False,0.7
Connaught Place,Delhi,53,Beetroot Ghee Roast Dosa (MI),MI,1.0,No.,12,Regular White Chutney Bucket (Inactive),0.1,Kg,0.1,,,,recipe_cost_connaught_place.csv,Beetroot Ghee Roast Dosa,True,
Connaught Place,Delhi,53,Beetroot Ghee Roast Dosa (MI),MI,1.0,No.,75,Ghee,30.0,gm,30.0,,21.6316,23.3787,recipe_cost_connaught_place.csv,Beetroot Ghee Roast Dosa,False,8.1
Connaught Place,Delhi,53,Beetroot Ghee Roast Dosa (MI),MI,1.0,No.,207,Special Daal Bucket,0.001,Kg,0.001,,0.1474,0.1533,recipe_cost_connaught_place.csv,Beetroot Ghee Roast Dosa,False,4.0
Connaught Place,Delhi,53,Beetroot Ghee Roast Dosa (MI),MI,1.0,No.,180,Beetroot Chutney Bucket,0.07,Kg,0.07,,,,recipe_cost_connaught_place.csv,Beetroot Ghee Roast Dosa,True,
Connaught Place,Delhi,53,Beetroot Ghee Roast Dosa (MI),MI,1.0,No.,97,Paper Napkin (1pkt = 100pc),1.0,Pc,1.0,,0.2621,0.2465,recipe_cost_connaught_place.csv,Beetroot Ghee Roast Dosa,False,-6.0
Connaught Place,Delhi,53,Beetroot Ghee Roast Dosa (MI),MI,1.0,No.,234,Regular White Chutney Bucket Outlet,0.1,Kg,0.1,,7.9582,8.0894,recipe_cost_connaught_place.csv,Beetroot Ghee Roast Dosa,False,1.6
Connaught Place,Delhi,100,Dosa Batter Kit (500ml) (MI),MI,1.0,No.,190,Dosa Batter Mix,0.5,Kg,0.5,,15.1722,15.2769,recipe_cost_connaught_place.csv,Dosa Batter Kit (500ml),False,0.7
Connaught Place,Delhi,100,Dosa Batter Kit (500ml) (MI),MI,1.0,No.,204,Special White Coconut Chutney Bucket,0.25,Kg,0.25,,21.5767,22.1357,recipe_cost_connaught_place.csv,Dosa Batter Kit (500ml),False,2.6
Connaught Place,Delhi,100,Dosa Batter Kit (500ml) (MI),MI,1.0,No.,184,Sambar Bucket,0.5,Ltr,0.5,,15.2417,15.1784,recipe_cost_connaught_place.csv,Dosa Batter Kit (500ml),False,-0.4
Connaught Place,Delhi,100,Dosa Batter Kit (500ml) (MI),MI,1.0,No.,115,Coriander Leaves,0.002,Kg,0.002,,0.1985,0.2175,recipe_cost_connaught_place.csv,Dosa Batter Kit (500ml),False,9.6
Connaught Place,Delhi,100,Dosa Batter Kit (500ml) (MI),MI,1.0,No.,207,Special Daal Bucket,0.003,Kg,0.003,,0.4421,0.4598,recipe_cost_connaught_place.csv,Dosa Batter Kit (500ml),False,4.0
Connaught Place,Delhi,165,Fanta (Small) (MI),MI,1.0,No.,63,BIB - Fanta 20LTR,0.06,Ltr,0.06,,,,recipe_cost_connaught_place.csv,Fanta (Small),True,
Connaught Place,Delhi,165,Fanta (Small) (MI),MI,1.0,No.,233,CO2 Cylinder - 9Kg,0.007,Kg,0.007,,,,recipe_cost_connaught_place.csv,Fanta (Small),True,
Connaught Place,Delhi,165,Fanta (Small) (MI),MI,1.0,No.,126,Fountain Glass With Lid - 300ml (1pkt = 50pc),1.0,Pc,1.0,,,,recipe_cost_connaught_place.csv,Fanta (Small),True,
Connaught Place,Delhi,165,Fanta (Small) (MI),MI,1.0,No.,113,Paper Straw (1pkt = 100pc),1.0,Pc,1.0,,0.4287,0.4479,recipe_cost_connaught_place.csv,Fanta (Small),False,4.5
Connaught Place,Delhi,167,Coke (Small) (MI),MI,1.0,No.,55,BIB - Coke 20Ltr,0.06,Ltr,0.06,,,,recipe_cost_connaught_place.csv,Coke (Small),True,
Connaught Place,Delhi,167,Coke (Small) (MI),MI,1.0,No.,233,CO2 Cylinder - 9Kg,0.007,Kg,0.007,,,,recipe_cost_connaught_place.csv,Coke (Small),True,
Connaught Place,Delhi,167,Coke (Small) (MI),MI,1.0,No.,126,Fountain Glass With Lid - 300ml (1pkt = 50pc),1.0,Pc,1.0,,,,recipe_cost_connaught_place.csv,Coke (Small),True,
Connaught Place,Delhi,167,Coke (Small) (MI),MI,1.0,No.,113,Paper Straw (1pkt = 100pc),1.0,Pc,1.0,,0.4287,0.4479,recipe_cost_connaught_place.csv,Coke (Small),False,4.5
Connaught Place,Delhi,77,Service of Maaza (MI),MI,1.0,No.,80,Maaza Pet - 250ml,1.0,Pc,1.0,,18.7188,18.7188,recipe_cost_connaught_place.csv,Service of Maaza,False,0.0
Connaught Place,Delhi,75,Service of Kinley Bottled Water (500ml) (MI),MI,1.0,No.,72,Kinley Water - 500ml,1.0,Pc,1.0,,,,recipe_cost_connaught_place.csv,Service of Kinley Bottled Water (500ml),True,
Connaught Place,Delhi,78,Service of Lemonade (MI),MI,1.0,No.,56,Cottons Lemonade,1.0,Pc,1.0,,,,recipe_cost_connaught_place.csv,Service of Lemonade,True,
Connaught Place,Delhi,76,Schweppes Bottled water (500ml) (MI),MI,1.0,No.,88,Schweppes Water - 500ml,1.0,Pc,1.0,,,,recipe_cost_connaught_place.csv,Schweppes Bottled water (500ml),True,
Connaught Place,Delhi,79,Service of Ice-Cream Soda (MI),MI,1.0,No.,87,Cottons Ice Cream Soda,1.0,Pc,1.0,,,,recipe_cost_connaught_place.csv,Service of Ice-Cream Soda,True,
Connaught Place,Delhi,140,Paper Dosa Combo (MI),MI,1.0,No.,190,Dosa Batter Mix,0.18,Kg,0.18,,5.462,5.4997,recipe_cost_connaught_place.csv,Paper Dosa Combo,False,0.7
Connaught Place,Delhi,140,Paper Dosa Combo (MI),MI,1.0,No.,218,Idli Pc Raw (1 Pkt =40pc),2.0,Pc,2.0,,3.8633,4.0339,recipe_cost_connaught_place.csv,Paper Dosa Combo,False,4.4
Connaught Place,Delhi,140,Paper Dosa Combo (MI),MI,1.0,No.,201,Dahi Bucket (Inactive),0.05,Kg,0.05,,,,recipe_cost_connaught_place.csv,Paper Dosa Combo,True,
Connaught Place,Delhi,140,Paper Dosa Combo (MI),MI,1.0,No.,186,Spicy Coconut Chutney Bucket,0.05,Kg,0.05,,2.7747,2.9189,recipe_cost_connaught_place.csv,Paper Dosa Combo,False,5.2
Connaught Place,Delhi,140,Paper Dosa Combo (MI),MI,1.0,No.,115,Coriander Leaves,0.001,Kg,0.001,,0.0992,0.1087,recipe_cost_connaught_place.csv,Paper Dosa Combo,False,9.6
Connaught Place,Delhi,140,Paper Dosa Combo (MI),MI,1.0,No.,207,Special Daal Bucket,0.002,Kg,0.002,,0.2948,0.3065,recipe_cost_connaught_place.csv,Paper Dosa Combo,False,4.0
Connaught Place,Delhi,140,Paper Dosa Combo (MI),MI,1.0,No.,184,Sambar Bucket,0.15,Ltr,0.15,,4.5725,4.5535,recipe_cost_connaught_place.csv,Paper Dosa Combo,False,-0.4
Connaught Place,Delhi,140,Paper Dosa Combo (MI),MI,1.0,No.,43,Sunflower Refined Oil  ( 1pkt = 868 Ml ),0.02,Ltr,0.02,,3.5127,3.9554,recipe_cost_connaught_place.csv,Paper Dosa Combo,False,12.6
Connaught Place,Delhi,140,Paper Dosa Combo (MI),MI,1.0,No.,178,Potato Masala Bucket,0.075,Kg,0.075,,3.0766,3.1276,recipe_cost_connaught_place.csv,Paper Dosa Combo,False,1.7
Connaught Place,Delhi,140,Paper Dosa Combo (MI),MI,1.0,No.,121,Paper Tray Mat (1pkt = 500pc),1.0,Pc,1.0,,,,recipe_cost_connaught_place.csv,Paper Dosa Combo,True,
Connaught Place,Delhi,140,Paper Dosa Combo (MI),MI,1.0,No.,97,Paper Napkin (1pkt = 100pc),1.0,Pc,1.0,,0.2621,0.2465,recipe_cost_connaught_place.csv,Paper Dosa Combo,False,-6.0
Connaught Place,Delhi,140,Paper Dosa Combo (MI),MI,1.0,No.,93,Bio-Degradable Spoon (1pkt = 50pc),1.0,Pc,1.0,,0.6604,0.5911,recipe_cost_connaught_place.csv,Paper Dosa Combo,False,-10.5
Connaught Place,Delhi,140,Paper Dosa Combo (MI),MI,1.0,No.,84,Banana Leaf Big (1bundle = 50pc),1.0,Pc,1.0,1.75,2.6349,2.5442,recipe_cost_connaught_place.csv,Paper Dosa Combo,False,-3.4
Connaught Place,Delhi,140,Paper Dosa Combo (MI),MI,1.0,No.,128,Paper Food Container - 100ml (1pkt = 50pc),1.0,Pc,1.0,,,,recipe_cost_connaught_place.csv,Paper Dosa Combo,True,
Connaught Place,Delhi,140,Paper Dosa Combo (MI),MI,1.0,No.,234,Regular White Chutney Bucket Outlet,0.05,Kg,0.05,,3.9791,4.0447,recipe_cost_connaught_place.csv,Paper Dosa Combo,False,1.6
Connaught Place,Delhi,172,Dum Tomato Rice (MI),MI,1.0,No.,271,Dum Tomato Rice Bucket,0.25,Kg,0.25,,,,recipe_cost_connaught_place.csv,Dum Tomato Rice,True,
Connaught Place,Delhi,172,Dum Tomato Rice (MI),MI,1.0,No.,30,Appalam Papad (1pkt = 47pc),1.0,Pc,1.0,,3.713,3.818,recipe_cost_connaught_place.csv,Dum Tomato Rice,False,2.8
Connaught Place,Delhi,131,Maharaja Delight (MI),MI,1.0,No.,190,Dosa Batter Mix,0.24,Kg,0.24,,7.2827,7.3329,recipe_cost_connaught_place.csv,Maharaja Delight,False,0.7
Connaught Place,Delhi,131,Maharaja Delight (MI),MI,1.0,No.,218,Idli Pc Raw (1 Pkt =40pc),2.0,Pc,2.0,,3.8633,4.0339,recipe_cost_connaught_place.csv,Maharaja Delight,False,4.4
Connaught Place,Delhi,131,Maharaja Delight (MI),MI,1.0,No.,201,Dahi Bucket (Inactive),0.05,Kg,0.05,,,,recipe_cost_connaught_place.csv,Maharaja Delight,True,
Connaught Place,Delhi,131,Maharaja Delight (MI),MI,1.0,No.,208,Chaat Masala Bucket,0.001,Kg,0.001,,0.3096,0.3227,recipe_cost_connaught_place.csv,Maharaja Delight,False,4.2
Connaught Place,Delhi,131,Maharaja Delight (MI),MI,1.0,No.,186,Spicy Coconut Chutney Bucket,0.1,Kg,0.1,,5.5494,5.8378,recipe_cost_connaught_place.csv,Maharaja Delight,False,5.2
Connaught Place,Delhi,131,Maharaja Delight (MI),MI,1.0,No.,184,Sambar Bucket,0.2,Ltr,0.2,,6.0967,6.0714,recipe_cost_connaught_place.csv,Maharaja Delight,False,-0.4
Connaught Place,Delhi,131,Maharaja Delight (MI),MI,1.0,No.,115,Coriander Leaves,0.002,Kg,0.002,,0.1985,0.2175,recipe_cost_connaught_place.csv,Maharaja Delight,False,9.6
Connaught Place,Delhi,131,Maharaja Delight (MI),MI,1.0,No.,207,Special Daal Bucket,0.004,Kg,0.004,,0.5895,0.6131,recipe_cost_connaught_place.csv,Maharaja Delight,False,4.0
Connaught Place,Delhi,131,Maharaja Delight (MI),MI,1.0,No.,75,Ghee,60.0,gm,60.0,,43.2633,46.7573,recipe_cost_connaught_place.csv,Maharaja Delight,False,8.1
Connaught Place,Delhi,131,Maharaja Delight (MI),MI,1.0,No.,178,Potato Masala Bucket,0.1,Kg,0.1,,4.1022,4.1702,recipe_cost_connaught_place.csv,Maharaja Delight,False,1.7
Connaught Place,Delhi,131,Maharaja Delight (MI),MI,1.0,No.,209,Raw Mango Chutney Bucket,0.1,Kg,0.1,,22.5436,22.7785,recipe_cost_connaught_place.csv,Maharaja Delight,False,1.0
Connaught Place,Delhi,131,Maharaja Delight (MI),MI,1.0,No.,188,Tomato Onion Chutney Bucket,0.1,Kg,0.1,,12.5426,11.0684,recipe_cost_connaught_place.csv,Maharaja Delight,False,-11.8
Connaught Place,Delhi,131,Maharaja Delight (MI),MI,1.0,No.,121,Paper Tray Mat (1pkt = 500pc),2.0,Pc,2.0,,,,recipe_cost_connaught_place.csv,Maharaja Delight,True,
Connaught Place,Delhi,131,Maharaja Delight (MI),MI,1.0,No.,93,Bio-Degradable Spoon (1pkt = 50pc),4.0,Pc,4.0,,2.6415,2.3644,recipe_cost_connaught_place.csv,Maharaja Delight,False,-10.5
Connaught Place,Delhi,131,Maharaja Delight (MI),MI,1.0,No.,128,Paper Food Container - 100ml (1pkt = 50pc),4.0,Pc,4.0,,,,recipe_cost_connaught_place.csv,Maharaja Delight,True,
Connaught Place,Delhi,131,Maharaja Delight (MI),MI,1.0,No.,84,Banana Leaf Big (1bundle = 50pc),2.0,Pc,2.0,3.5,5.2697,5.0884,recipe_cost_connaught_place.csv,Maharaja Delight,False,-3.4
Connaught Place,Delhi,131,Maharaja Delight (MI),MI,1.0,No.,234,Regular White Chutney Bucket Outlet,0.1,Kg,0.1,,7.9582,8.0894,recipe_cost_connaught_place.csv,Maharaja Delight,False,1.6
Connaught Place,Delhi,135,Breakfast Combo (MI),MI,1.0,No.,218,Idli Pc Raw (1 Pkt =40pc),1.0,Pc,1.0,,1.9316,2.0169,recipe_cost_connaught_place.csv,Breakfast Combo,False,4.4
Connaught Place,Delhi,135,Breakfast Combo (MI),MI,1.0,No.,191,Frozen Medu Vada (10pc),1.0,Pc,1.0,,4.8836,4.9249,recipe_cost_connaught_place.csv,Breakfast Combo,False,0.8
Connaught Place,Delhi,135,Breakfast Combo (MI),MI,1.0,No.,186,Spicy Coconut Chutney Bucket,0.05,Kg,0.05,,2.7747,2.9189,recipe_cost_connaught_place.csv,Breakfast Combo,False,5.2
Connaught Place,Delhi,135,Breakfast Combo (MI),MI,1.0,No.,184,Sambar Bucket,0.15,Ltr,0.15,,4.5725,4.5535,recipe_cost_connaught_place.csv,Breakfast Combo,False,-0.4
Connaught Place,Delhi,135,Breakfast Combo (MI),MI,1.0,No.,115,Coriander Leaves,0.001,Kg,0.001,,0.0992,0.1087,recipe_cost_connaught_place.csv,Breakfast Combo,False,9.6
Connaught Place,Delhi,135,Breakfast Combo (MI),MI,1.0,No.,207,Special Daal Bucket,0.003,Kg,0.003,,0.4421,0.4598,recipe_cost_connaught_place.csv,Breakfast Combo,False,4.0
Connaught Place,Delhi,135,Breakfast Combo (MI),MI,1.0,No.,222,Upma Mix (1pkt = 300gm),0.03,Kg,0.03,,2.5123,2.5637,recipe_cost_connaught_place.csv,Breakfast Combo,False,2.0
Connaught Place,Delhi,135,Breakfast Combo (MI),MI,1.0,No.,21,RO Water,0.07,Ltr,0.07,,,,recipe_cost_connaught_place.csv,Breakfast Combo,True,
Connaught Place,Delhi,135,Breakfast Combo (MI),MI,1.0,No.,116,Raw Green Chili,0.001,Kg,0.001,,0.0407,0.0408,recipe_cost_connaught_place.csv,Breakfast Combo,False,0.2
Connaught Place,Delhi,135,Breakfast Combo (MI),MI,1.0,No.,132,Onion,0.01,Kg,0.01,,0.3491,0.3534,recipe_cost_connaught_place.csv,Breakfast Combo,False,1.2
Connaught Place,Delhi,135,Breakfast Combo (MI),MI,1.0,No.,141,Tomato,0.01,Kg,0.01,,0.3694,0.3641,recipe_cost_connaught_place.csv,Breakfast Combo,False,-1.4
Connaught Place,Delhi,135,Breakfast Combo (MI),MI,1.0,No.,91,Milk (Adya Dairy),0.05,Ltr,0.05,,2.8672,2.8993,recipe_cost_connaught_place.csv,Breakfast Combo,False,1.1
Connaught Place,Delhi,135,Breakfast Combo (MI),MI,1.0,No.,75,Ghee,2.0,gm,2.0,,1.4421,1.5586,recipe_cost_connaught_place.csv,Breakfast Combo,False,8.1
Connaught Place,Delhi,135,Breakfast Combo (MI),MI,1.0,No.,121,Paper Tray Mat (1pkt = 500pc),1.0,Pc,1.0,,,,recipe_cost_connaught_place.csv,Breakfast Combo,True,
Connaught Place,Delhi,135,Breakfast Combo (MI),MI,1.0,No.,93,Bio-Degradable Spoon (1pkt = 50pc),1.0,Pc,1.0,,0.6604,0.5911,recipe_cost_connaught_place.csv,Breakfast Combo,False,-10.5
Connaught Place,Delhi,135,Breakfast Combo (MI),MI,1.0,No.,84,Banana Leaf Big (1bundle = 50pc),1.0,Pc,1.0,1.75,2.6349,2.5442,recipe_cost_connaught_place.csv,Breakfast Combo,False,-3.4
Connaught Place,Delhi,135,Breakfast Combo (MI),MI,1.0,No.,4,Cothas Coffee Powder,0.014,Kg,0.014,,11.9672,12.466,recipe_cost_connaught_place.csv,Breakfast Combo,False,4.2
Connaught Place,Delhi,135,Breakfast Combo (MI),MI,1.0,No.,76,Milk - Tetra 1Ltr,0.09,Ltr,0.09,,7.0691,7.1531,recipe_cost_connaught_place.csv,Breakfast Combo,False,1.2
Connaught Place,Delhi,135,Breakfast Combo (MI),MI,1.0,No.,31,White Sugar Sachet (1pkt = 200pc),2.0,Pc,2.0,,0.9074,0.9926,recipe_cost_connaught_place.csv,Breakfast Combo,False,9.4
Connaught Place,Delhi,135,Breakfast Combo (MI),MI,1.0,No.,96,Hot Coffee Cup With Lid - 200ml (1pkt = 25pc),1.0,Pc,1.0,,2.1285,2.1285,recipe_cost_connaught_place.csv,Breakfast Combo,False,0.0
Connaught Place,Delhi,135,Breakfast Combo (MI),MI,1.0,No.,114,Wooden Stirrer (1pkt = 100pc),1.0,Pc,1.0,,0.159,0.1762,recipe_cost_connaught_place.csv,Breakfast Combo,False,10.8
Connaught Place,Delhi,135,Breakfast Combo (MI),MI,1.0,No.,234,Regular White Chutney Bucket Outlet,0.1,Kg,0.1,,7.9582,8.0894,recipe_cost_connaught_place.csv,Breakfast Combo,False,1.6
Connaught Place,Delhi,117,Dosa Coffee Appam Tiffin (MI),MI,1.0,No.,198,Appam Batter,0.14,Kg,0.14,,3.0817,3.0817,recipe_cost_connaught_place.csv,Dosa Coffee Appam Tiffin,False,0.0
Connaught Place,Delhi,117,Dosa Coffee Appam Tiffin (MI),MI,1.0,No.,195,Korma Gravy Mix (1pkt=700gm),0.1,Kg,0.1,,15.4555,15.85,recipe_cost_connaught_place.csv,Dosa Coffee Appam Tiffin,False,2.6
Connaught Place,Delhi,117,Dosa Coffee Appam Tiffin (MI),MI,1.0,No.,75,Ghee,52.0,gm,52.0,,37.4949,40.523,recipe_cost_connaught_place.csv,Dosa Coffee Appam Tiffin,False,8.1
Connaught Place,Delhi,117,Dosa Coffee Appam Tiffin (MI),MI,1.0,No.,39,Cashew,0.001,Kg,0.001,,0.8726,0.8884,recipe_cost_connaught_place.csv,Dosa Coffee Appam Tiffin,False,1.8
Connaught Place,Delhi,117,Dosa Coffee Appam Tiffin (MI),MI,1.0,No.,21,RO Water,0.063,Ltr,0.063,,,,recipe_cost_connaught_place.csv,Dosa Coffee Appam Tiffin,True,
Connaught Place,Delhi,117,Dosa Coffee Appam Tiffin (MI),MI,1.0,No.,9,Raisin,0.001,Kg,0.001,,0.596,0.6613,recipe_cost_connaught_place.csv,Dosa Coffee Appam Tiffin,False,11.0
Connaught Place,Delhi,117,Dosa Coffee Appam Tiffin (MI),MI,1.0,No.,217,Kesari Halwa Mix  (1pkt = 550gm),0.046,Kg,0.046,,3.2649,3.5185,recipe_cost_connaught_place.csv,Dosa Coffee Appam Tiffin,False,7.8
Connaught Place,Delhi,117,Dosa Coffee Appam Tiffin (MI),MI,1.0,No.,188,Tomato Onion Chutney Bucket,0.05,Kg,0.05,,6.2713,5.5342,recipe_cost_connaught_place.csv,Dosa Coffee Appam Tiffin,False,-11.8
Connaught Place,Delhi,117,Dosa Coffee Appam Tiffin (MI),MI,1.0,No.,30,Appalam Papad (1pkt = 47pc),1.0,Pc,1.0,,3.713,3.818,recipe_cost_connaught_place.csv,Dosa Coffee Appam Tiffin,False,2.8
Connaught Place,Delhi,117,Dosa Coffee Appam Tiffin (MI),MI,1.0,No.,118,Compartment Tray With Lid - 5CP (1pkt = 25pc),1.0,Pc,1.0,,10.5347,10.7538,recipe_cost_connaught_place.csv,Dosa Coffee Appam Tiffin,False,2.1
Connaught Place,Delhi,117,Dosa Coffee Appam Tiffin (MI),MI,1.0,No.,129,Carry Bag - Medium (1pkt = 100pc),1.0,Pc,1.0,,,,recipe_cost_connaught_place.csv,Dosa Coffee Appam Tiffin,True,
Connaught Place,Delhi,117,Dosa Coffee Appam Tiffin (MI),MI,1.0,No.,109,Cable Tie (1pkt = 100pc),1.0,Pc,1.0,,,,recipe_cost_connaught_place.csv,Dosa Coffee Appam Tiffin,True,
Connaught Place,Delhi,117,Dosa Coffee Appam Tiffin (MI),MI,1.0,No.,105,Paper Sleeve (1pkt = 50pc),1.0,Pc,1.0,,1.3547,1.3547,recipe_cost_connaught_place.csv,Dosa Coffee Appam Tiffin,False,0.0
Connaught Place,Delhi,117,Dosa Coffee Appam Tiffin (MI),MI,1.0,No.,97,Paper Napkin (1pkt = 100pc),1.0,Pc,1.0,,0.2621,0.2465,recipe_cost_connaught_place.csv,Dosa Coffee Appam Tiffin,False,-6.0
Connaught Place,Delhi,117,Dosa Coffee Appam Tiffin (MI),MI,1.0,No.,93,Bio-Degradable Spoon (1pkt = 50pc),1.0,Pc,1.0,,0.6604,0.5911,recipe_cost_connaught_place.csv,Dosa Coffee Appam Tiffin,False,-10.5
Connaught Place,Delhi,117,Dosa Coffee Appam Tiffin (MI),MI,1.0,No.,190,Dosa Batter Mix,0.08,Kg,0.08,,2.4276,2.4443,recipe_cost_connaught_place.csv,Dosa Coffee Appam Tiffin,False,0.7
Connaught Place,Delhi,117,Dosa Coffee Appam Tiffin (MI),MI,1.0,No.,132,Onion,0.008,Kg,0.008,,0.2793,0.2827,recipe_cost_connaught_place.csv,Dosa Coffee Appam Tiffin,False,1.2
Connaught Place,Delhi,117,Dosa Coffee Appam Tiffin (MI),MI,1.0,No.,116,Raw Green Chili,0.001,Kg,0.001,,0.0407,0.0408,recipe_cost_connaught_place.csv,Dosa Coffee Appam Tiffin,False,0.2
Connaught Place,Delhi,117,Dosa Coffee Appam Tiffin (MI),MI,1.0,No.,108,Ginger,0.001,Kg,0.001,,0.1176,0.1169,recipe_cost_connaught_place.csv,Dosa Coffee Appam Tiffin,False,-0.6
Connaught Place,Delhi,117,Dosa Coffee Appam Tiffin (MI),MI,1.0,No.,131,Curry Leaves,0.001,Kg,0.001,,0.0381,0.0381,recipe_cost_connaught_place.csv,Dosa Coffee Appam Tiffin,False,0.0
Connaught Place,Delhi,168,Thumsup (Regular) (MI),MI,1.0,No.,79,BIB - ThumsUP 20LTR,0.085,Ltr,0.085,,,,recipe_cost_connaught_place.csv,Thumsup (Regular),True,
Connaught Place,Delhi,168,Thumsup (Regular) (MI),MI,1.0,No.,233,CO2 Cylinder - 9Kg,0.009,Kg,0.009,,,,recipe_cost_connaught_place.csv,Thumsup (Regular),True,
Connaught Place,Delhi,168,Thumsup (Regular) (MI),MI,1.0,No.,95,Fountain Glass With Lid - 450ml (1pkt = 50pc),1.0,Pc,1.0,,,,recipe_cost_connaught_place.csv,Thumsup (Regular),True,
Connaught Place,Delhi,168,Thumsup (Regular) (MI),MI,1.0,No.,113,Paper Straw (1pkt = 100pc),1.0,Pc,1.0,,0.4287,0.4479,recipe_cost_connaught_place.csv,Thumsup (Regular),False,4.5
Connaught Place,Delhi,138,Chola Bhatura Combo (MI),MI,1.0,No.,1,Amritsari Chhole 1kg,0.2,Kg,0.2,,,,recipe_cost_connaught_place.csv,Chola Bhatura Combo,True,
Connaught Place,Delhi,138,Chola Bhatura Combo (MI),MI,1.0,No.,183,Bhatura Dough Raw,2.0,Pc,2.0,,,,recipe_cost_connaught_place.csv,Chola Bhatura Combo,True,
Connaught Place,Delhi,138,Chola Bhatura Combo (MI),MI,1.0,No.,132,Onion,0.03,Kg,0.03,,1.0474,1.0602,recipe_cost_connaught_place.csv,Chola Bhatura Combo,False,1.2
Connaught Place,Delhi,138,Chola Bhatura Combo (MI),MI,1.0,No.,116,Raw Green Chili,0.001,Kg,0.001,,0.0407,0.0408,recipe_cost_connaught_place.csv,Chola Bhatura Combo,False,0.2
Connaught Place,Delhi,138,Chola Bhatura Combo (MI),MI,1.0,No.,115,Coriander Leaves,0.001,Kg,0.001,,0.0992,0.1087,recipe_cost_connaught_place.csv,Chola Bhatura Combo,False,9.6
Connaught Place,Delhi,138,Chola Bhatura Combo (MI),MI,1.0,No.,218,Idli Pc Raw (1 Pkt =40pc),2.0,Pc,2.0,,3.8633,4.0339,recipe_cost_connaught_place.csv,Chola Bhatura Combo,False,4.4
Connaught Place,Delhi,138,Chola Bhatura Combo (MI),MI,1.0,No.,201,Dahi Bucket (Inactive),0.05,Kg,0.05,,,,recipe_cost_connaught_place.csv,Chola Bhatura Combo,True,
Connaught Place,Delhi,138,Chola Bhatura Combo (MI),MI,1.0,No.,208,Chaat Masala Bucket,0.001,Kg,0.001,,0.3096,0.3227,recipe_cost_connaught_place.csv,Chola Bhatura Combo,False,4.2
Connaught Place,Delhi,138,Chola Bhatura Combo (MI),MI,1.0,No.,121,Paper Tray Mat (1pkt = 500pc),1.0,Pc,1.0,,,,recipe_cost_connaught_place.csv,Chola Bhatura Combo,True,
Connaught Place,Delhi,138,Chola Bhatura Combo (MI),MI,1.0,No.,97,Paper Napkin (1pkt = 100pc),1.0,Pc,1.0,,0.2621,0.2465,recipe_cost_connaught_place.csv,Chola Bhatura Combo,False,-6.0
Connaught Place,Delhi,138,Chola Bhatura Combo (MI),MI,1.0,No.,93,Bio-Degradable Spoon (1pkt = 50pc),1.0,Pc,1.0,,0.6604,0.5911,recipe_cost_connaught_place.csv,Chola Bhatura Combo,False,-10.5
Connaught Place,Delhi,138,Chola Bhatura Combo (MI),MI,1.0,No.,84,Banana Leaf Big (1bundle = 50pc),1.0,Pc,1.0,1.75,2.6349,2.5442,recipe_cost_connaught_place.csv,Chola Bhatura Combo,False,-3.4
Connaught Place,Delhi,138,Chola Bhatura Combo (MI),MI,1.0,No.,128,Paper Food Container - 100ml (1pkt = 50pc),1.0,Pc,1.0,,,,recipe_cost_connaught_place.csv,Chola Bhatura Combo,True,
Connaught Place,Delhi,144,All Time Favourite (MI),MI,1.0,No.,214,Frozen Masala Vada (1 Pkt = 6 Pc),1.0,Pc,1.0,,4.1781,4.1781,recipe_cost_connaught_place.csv,All Time Favourite,False,0.0
Connaught Place,Delhi,144,All Time Favourite (MI),MI,1.0,No.,4,Cothas Coffee Powder,0.014,Kg,0.014,,11.9672,12.466,recipe_cost_connaught_place.csv,All Time Favourite,False,4.2
Connaught Place,Delhi,144,All Time Favourite (MI),MI,1.0,No.,76,Milk - Tetra 1Ltr,0.09,Ltr,0.09,,7.0691,7.1531,recipe_cost_connaught_place.csv,All Time Favourite,False,1.2
Connaught Place,Delhi,144,All Time Favourite (MI),MI,1.0,No.,31,White Sugar Sachet (1pkt = 200pc),2.0,Pc,2.0,,0.9074,0.9926,recipe_cost_connaught_place.csv,All Time Favourite,False,9.4
Connaught Place,Delhi,144,All Time Favourite (MI),MI,1.0,No.,96,Hot Coffee Cup With Lid - 200ml (1pkt = 25pc),1.0,Pc,1.0,,2.1285,2.1285,recipe_cost_connaught_place.csv,All Time Favourite,False,0.0
Connaught Place,Delhi,144,All Time Favourite (MI),MI,1.0,No.,114,Wooden Stirrer (1pkt = 100pc),1.0,Pc,1.0,,0.159,0.1762,recipe_cost_connaught_place.csv,All Time Favourite,False,10.8
Connaught Place,Delhi,149,Onion (MI),MI,1.0,No.,132,Onion,0.02,Kg,0.02,,0.6983,0.7068,recipe_cost_connaught_place.csv,Onion,False,1.2
Connaught Place,Delhi,171,Coka Cola (Regular) (MI),MI,1.0,No.,55,BIB - Coke 20Ltr,0.085,Ltr,0.085,,,,recipe_cost_connaught_place.csv,Coka Cola (Regular),True,
Connaught Place,Delhi,171,Coka Cola (Regular) (MI),MI,1.0,No.,233,CO2 Cylinder - 9Kg,0.009,Kg,0.009,,,,recipe_cost_connaught_place.csv,Coka Cola (Regular),True,
Connaught Place,Delhi,171,Coka Cola (Regular) (MI),MI,1.0,No.,126,Fountain Glass With Lid - 300ml (1pkt = 50pc),1.0,Pc,1.0,,,,recipe_cost_connaught_place.csv,Coka Cola (Regular),True,
Connaught Place,Delhi,171,Coka Cola (Regular) (MI),MI,1.0,No.,113,Paper Straw (1pkt = 100pc),1.0,Pc,1.0,,0.4287,0.4479,recipe_cost_connaught_place.csv,Coka Cola (Regular),False,4.5
Connaught Place,Delhi,142,Masala Dosa Combo (MI),MI,1.0,No.,190,Dosa Batter Mix,0.12,Kg,0.12,,3.6413,3.6665,recipe_cost_connaught_place.csv,Masala Dosa Combo,False,0.7
Connaught Place,Delhi,142,Masala Dosa Combo (MI),MI,1.0,No.,12,Regular White Chutney Bucket (Inactive),0.1,Kg,0.1,,,,recipe_cost_connaught_place.csv,Masala Dosa Combo,True,
Connaught Place,Delhi,142,Masala Dosa Combo (MI),MI,1.0,No.,186,Spicy Coconut Chutney Bucket,0.1,Kg,0.1,,5.5494,5.8378,recipe_cost_connaught_place.csv,Masala Dosa Combo,False,5.2
Connaught Place,Delhi,142,Masala Dosa Combo (MI),MI,1.0,No.,184,Sambar Bucket,0.15,Ltr,0.15,,4.5725,4.5535,recipe_cost_connaught_place.csv,Masala Dosa Combo,False,-0.4
Connaught Place,Delhi,142,Masala Dosa Combo (MI),MI,1.0,No.,207,Special Daal Bucket,0.003,Kg,0.003,,0.4421,0.4598,recipe_cost_connaught_place.csv,Masala Dosa Combo,False,4.0
Connaught Place,Delhi,142,Masala Dosa Combo (MI),MI,1.0,No.,115,Coriander Leaves,0.001,Kg,0.001,,0.0992,0.1087,recipe_cost_connaught_place.csv,Masala Dosa Combo,False,9.6
Connaught Place,Delhi,142,Masala Dosa Combo (MI),MI,1.0,No.,43,Sunflower Refined Oil  ( 1pkt = 868 Ml ),0.01,Ltr,0.01,,1.7563,1.9777,recipe_cost_connaught_place.csv,Masala Dosa Combo,False,12.6
Connaught Place,Delhi,142,Masala Dosa Combo (MI),MI,1.0,No.,178,Potato Masala Bucket,0.075,Kg,0.075,,3.0766,3.1276,recipe_cost_connaught_place.csv,Masala Dosa Combo,False,1.7
Connaught Place,Delhi,142,Masala Dosa Combo (MI),MI,1.0,No.,121,Paper Tray Mat (1pkt = 500pc),1.0,Pc,1.0,,,,recipe_cost_connaught_place.csv,Masala Dosa Combo,True,
Connaught Place,Delhi,142,Masala Dosa Combo (MI),MI,1.0,No.,97,Paper Napkin (1pkt = 100pc),1.0,Pc,1.0,,0.2621,0.2465,recipe_cost_connaught_place.csv,Masala Dosa Combo,False,-6.0
Connaught Place,Delhi,142,Masala Dosa Combo (MI),MI,1.0,No.,93,Bio-Degradable Spoon (1pkt = 50pc),1.0,Pc,1.0,,0.6604,0.5911,recipe_cost_connaught_place.csv,Masala Dosa Combo,False,-10.5
Connaught Place,Delhi,142,Masala Dosa Combo (MI),MI,1.0,No.,84,Banana Leaf Big (1bundle = 50pc),1.0,Pc,1.0,1.75,2.6349,2.5442,recipe_cost_connaught_place.csv,Masala Dosa Combo,False,-3.4
Connaught Place,Delhi,142,Masala Dosa Combo (MI),MI,1.0,No.,4,Cothas Coffee Powder,0.014,Kg,0.014,,11.9672,12.466,recipe_cost_connaught_place.csv,Masala Dosa Combo,False,4.2
Connaught Place,Delhi,142,Masala Dosa Combo (MI),MI,1.0,No.,76,Milk - Tetra 1Ltr,0.09,Ltr,0.09,,7.0691,7.1531,recipe_cost_connaught_place.csv,Masala Dosa Combo,False,1.2
Connaught Place,Delhi,142,Masala Dosa Combo (MI),MI,1.0,No.,31,White Sugar Sachet (1pkt = 200pc),2.0,Pc,2.0,,0.9074,0.9926,recipe_cost_connaught_place.csv,Masala Dosa Combo,False,9.4
Connaught Place,Delhi,142,Masala Dosa Combo (MI),MI,1.0,No.,96,Hot Coffee Cup With Lid - 200ml (1pkt = 25pc),1.0,Pc,1.0,,2.1285,2.1285,recipe_cost_connaught_place.csv,Masala Dosa Combo,False,0.0
Connaught Place,Delhi,142,Masala Dosa Combo (MI),MI,1.0,No.,114,Wooden Stirrer (1pkt = 100pc),1.0,Pc,1.0,,0.159,0.1762,recipe_cost_connaught_place.csv,Masala Dosa Combo,False,10.8
Connaught Place,Delhi,147,Butter (MI),MI,1.0,No.,14,Amul Butter,0.01,Kg,0.01,,5.4454,5.5989,recipe_cost_connaught_place.csv,Butter,False,2.8
Connaught Place,Delhi,170,Sprite (Regular) (MI),MI,1.0,No.,71,BIB - Sprite 10Ltr,0.087,Ltr,0.087,,,,recipe_cost_connaught_place.csv,Sprite (Regular),True,
Connaught Place,Delhi,170,Sprite (Regular) (MI),MI,1.0,No.,233,CO2 Cylinder - 9Kg,0.009,Kg,0.009,,,,recipe_cost_connaught_place.csv,Sprite (Regular),True,
Connaught Place,Delhi,170,Sprite (Regular) (MI),MI,1.0,No.,126,Fountain Glass With Lid - 300ml (1pkt = 50pc),1.0,Pc,1.0,,,,recipe_cost_connaught_place.csv,Sprite (Regular),True,
Connaught Place,Delhi,170,Sprite (Regular) (MI),MI,1.0,No.,113,Paper Straw (1pkt = 100pc),1.0,Pc,1.0,,0.4287,0.4479,recipe_cost_connaught_place.csv,Sprite (Regular),False,4.5
Connaught Place,Delhi,134,Extra Sambar - 250ml (MI),MI,1.0,No.,119,Glen Container With Lid - 250ml (1pkt = 50pc),1.0,Pc,1.0,,3.7659,4.2162,recipe_cost_connaught_place.csv,Extra Sambar - 250ml,False,12.0
Connaught Place,Delhi,146,Ghee (MI),MI,1.0,No.,75,Ghee,10.0,gm,10.0,,7.2105,7.7929,recipe_cost_connaught_place.csv,Ghee,False,8.1
Connaught Place,Delhi,169,Fanta (Regular) (MI),MI,1.0,No.,63,BIB - Fanta 20LTR,0.087,Ltr,0.087,,,,recipe_cost_connaught_place.csv,Fanta (Regular),True,
Connaught Place,Delhi,169,Fanta (Regular) (MI),MI,1.0,No.,233,CO2 Cylinder - 9Kg,0.009,Kg,0.009,,,,recipe_cost_connaught_place.csv,Fanta (Regular),True,
Connaught Place,Delhi,169,Fanta (Regular) (MI),MI,1.0,No.,126,Fountain Glass With Lid - 300ml (1pkt = 50pc),1.0,Pc,1.0,,,,recipe_cost_connaught_place.csv,Fanta (Regular),True,
Connaught Place,Delhi,169,Fanta (Regular) (MI),MI,1.0,No.,113,Paper Straw (1pkt = 100pc),1.0,Pc,1.0,,0.4287,0.4479,recipe_cost_connaught_place.csv,Fanta (Regular),False,4.5
Connaught Place,Delhi,139,Pav Bhaji Combo (MI),MI,1.0,No.,218,Idli Pc Raw (1 Pkt =40pc),2.0,Pc,2.0,,3.8633,4.0339,recipe_cost_connaught_place.csv,Pav Bhaji Combo,False,4.4
Connaught Place,Delhi,139,Pav Bhaji Combo (MI),MI,1.0,No.,201,Dahi Bucket (Inactive),0.05,Kg,0.05,,,,recipe_cost_connaught_place.csv,Pav Bhaji Combo,True,
Connaught Place,Delhi,139,Pav Bhaji Combo (MI),MI,1.0,No.,226,Pav Bread (300 gm),2.0,Pc,2.0,,,,recipe_cost_connaught_place.csv,Pav Bhaji Combo,True,
Connaught Place,Delhi,139,Pav Bhaji Combo (MI),MI,1.0,No.,5,Pav Bhaji Masala 1kg,0.15,Kg,0.15,,,,recipe_cost_connaught_place.csv,Pav Bhaji Combo,True,
Connaught Place,Delhi,139,Pav Bhaji Combo (MI),MI,1.0,No.,14,Amul Butter,0.04,Kg,0.04,,21.7817,22.3956,recipe_cost_connaught_place.csv,Pav Bhaji Combo,False,2.8
Connaught Place,Delhi,139,Pav Bhaji Combo (MI),MI,1.0,No.,132,Onion,0.03,Kg,0.03,,1.0474,1.0602,recipe_cost_connaught_place.csv,Pav Bhaji Combo,False,1.2
Connaught Place,Delhi,139,Pav Bhaji Combo (MI),MI,1.0,No.,116,Raw Green Chili,0.001,Kg,0.001,,0.0407,0.0408,recipe_cost_connaught_place.csv,Pav Bhaji Combo,False,0.2
Connaught Place,Delhi,139,Pav Bhaji Combo (MI),MI,1.0,No.,115,Coriander Leaves,0.001,Kg,0.001,,0.0992,0.1087,recipe_cost_connaught_place.csv,Pav Bhaji Combo,False,9.6
Connaught Place,Delhi,139,Pav Bhaji Combo (MI),MI,1.0,No.,121,Paper Tray Mat (1pkt = 500pc),1.0,Pc,1.0,,,,recipe_cost_connaught_place.csv,Pav Bhaji Combo,True,
Connaught Place,Delhi,139,Pav Bhaji Combo (MI),MI,1.0,No.,97,Paper Napkin (1pkt = 100pc),1.0,Pc,1.0,,0.2621,0.2465,recipe_cost_connaught_place.csv,Pav Bhaji Combo,False,-6.0
Connaught Place,Delhi,139,Pav Bhaji Combo (MI),MI,1.0,No.,93,Bio-Degradable Spoon (1pkt = 50pc),1.0,Pc,1.0,,0.6604,0.5911,recipe_cost_connaught_place.csv,Pav Bhaji Combo,False,-10.5
Connaught Place,Delhi,139,Pav Bhaji Combo (MI),MI,1.0,No.,84,Banana Leaf Big (1bundle = 50pc),1.0,Pc,1.0,1.75,2.6349,2.5442,recipe_cost_connaught_place.csv,Pav Bhaji Combo,False,-3.4
Connaught Place,Delhi,143,Idli Vada Combo (MI),MI,1.0,No.,218,Idli Pc Raw (1 Pkt =40pc),2.0,Pc,2.0,,3.8633,4.0339,recipe_cost_connaught_place.csv,Idli Vada Combo,False,4.4
Connaught Place,Delhi,143,Idli Vada Combo (MI),MI,1.0,No.,191,Frozen Medu Vada (10pc),1.0,Pc,1.0,,4.8836,4.9249,recipe_cost_connaught_place.csv,Idli Vada Combo,False,0.8
Connaught Place,Delhi,143,Idli Vada Combo (MI),MI,1.0,No.,12,Regular White Chutney Bucket (Inactive),0.1,Kg,0.1,,,,recipe_cost_connaught_place.csv,Idli Vada Combo,True,
Connaught Place,Delhi,143,Idli Vada Combo (MI),MI,1.0,No.,186,Spicy Coconut Chutney Bucket,0.05,Kg,0.05,,2.7747,2.9189,recipe_cost_connaught_place.csv,Idli Vada Combo,False,5.2
Connaught Place,Delhi,143,Idli Vada Combo (MI),MI,1.0,No.,184,Sambar Bucket,0.15,Ltr,0.15,,4.5725,4.5535,recipe_cost_connaught_place.csv,Idli Vada Combo,False,-0.4
Connaught Place,Delhi,143,Idli Vada Combo (MI),MI,1.0,No.,207,Special Daal Bucket,0.003,Kg,0.003,,0.4421,0.4598,recipe_cost_connaught_place.csv,Idli Vada Combo,False,4.0
Connaught Place,Delhi,143,Idli Vada Combo (MI),MI,1.0,No.,115,Coriander Leaves,0.001,Kg,0.001,,0.0992,0.1087,recipe_cost_connaught_place.csv,Idli Vada Combo,False,9.6
Connaught Place,Delhi,143,Idli Vada Combo (MI),MI,1.0,No.,121,Paper Tray Mat (1pkt = 500pc),1.0,Pc,1.0,,,,recipe_cost_connaught_place.csv,Idli Vada Combo,True,
Connaught Place,Delhi,143,Idli Vada Combo (MI),MI,1.0,No.,97,Paper Napkin (1pkt = 100pc),1.0,Pc,1.0,,0.2621,0.2465,recipe_cost_connaught_place.csv,Idli Vada Combo,False,-6.0
Connaught Place,Delhi,143,Idli Vada Combo (MI),MI,1.0,No.,93,Bio-Degradable Spoon (1pkt = 50pc),1.0,Pc,1.0,,0.6604,0.5911,recipe_cost_connaught_place.csv,Idli Vada Combo,False,-10.5
Connaught Place,Delhi,143,Idli Vada Combo (MI),MI,1.0,No.,4,Cothas Coffee Powder,0.014,Kg,0.014,,11.9672,12.466,recipe_cost_connaught_place.csv,Idli Vada Combo,False,4.2
Connaught Place,Delhi,143,Idli Vada Combo (MI),MI,1.0,No.,76,Milk - Tetra 1Ltr,0.09,Ltr,0.09,,7.0691,7.1531,recipe_cost_connaught_place.csv,Idli Vada Combo,False,1.2
Connaught Place,Delhi,143,Idli Vada Combo (MI),MI,1.0,No.,31,White Sugar Sachet (1pkt = 200pc),2.0,Pc,2.0,,0.9074,0.9926,recipe_cost_connaught_place.csv,Idli Vada Combo,False,9.4
Connaught Place,Delhi,143,Idli Vada Combo (MI),MI,1.0,No.,96,Hot Coffee Cup With Lid - 200ml (1pkt = 25pc),1.0,Pc,1.0,,2.1285,2.1285,recipe_cost_connaught_place.csv,Idli Vada Combo,False,0.0
Connaught Place,Delhi,143,Idli Vada Combo (MI),MI,1.0,No.,114,Wooden Stirrer (1pkt = 100pc),1.0,Pc,1.0,,0.159,0.1762,recipe_cost_connaught_place.csv,Idli Vada Combo,False,10.8
Connaught Place,Delhi,145,Cheese (MI),MI,1.0,No.,68,Amul Cheese,0.03,Kg,0.03,,15.6481,15.7907,recipe_cost_connaught_place.csv,Cheese,False,0.9
Connaught Place,Delhi,150,Malkapodi (MI),MI,1.0,No.,193,Malkapodi Bucket,0.02,Kg,0.02,,3.4307,3.4369,recipe_cost_connaught_place.csv,Malkapodi,False,0.2
Connaught Place,Delhi,87,Service of Schweppes Ginger Ale (MI),MI,1.0,No.,89,Schweppes Ginger Ale Can,1.0,Pc,1.0,,,,recipe_cost_connaught_place.csv,Service of Schweppes Ginger Ale,True,
Connaught Place,Delhi,98,Filter Coffee Flask (500ml) (MI),MI,1.0,No.,4,Cothas Coffee Powder,0.046,Kg,0.046,,39.321,40.9596,recipe_cost_connaught_place.csv,Filter Coffee Flask (500ml),False,4.2
Connaught Place,Delhi,98,Filter Coffee Flask (500ml) (MI),MI,1.0,No.,76,Milk - Tetra 1Ltr,0.3,Ltr,0.3,,23.5638,23.8436,recipe_cost_connaught_place.csv,Filter Coffee Flask (500ml),False,1.2
Connaught Place,Delhi,98,Filter Coffee Flask (500ml) (MI),MI,1.0,No.,125,Coffee/Tea Flask 500ml (1pkt = 25pc),1.0,Pc,1.0,,17.0,17.0,recipe_cost_connaught_place.csv,Filter Coffee Flask (500ml),False,0.0
Connaught Place,Delhi,98,Filter Coffee Flask (500ml) (MI),MI,1.0,No.,31,White Sugar Sachet (1pkt = 200pc),8.0,Pc,8.0,,3.6295,3.9706,recipe_cost_connaught_place.csv,Filter Coffee Flask (500ml),False,9.4
Connaught Place,Delhi,98,Filter Coffee Flask (500ml) (MI),MI,1.0,No.,97,Paper Napkin (1pkt = 100pc),4.0,Pc,4.0,,1.0483,0.986,recipe_cost_connaught_place.csv,Filter Coffee Flask (500ml),False,-5.9
Connaught Place,Delhi,98,Filter Coffee Flask (500ml) (MI),MI,1.0,No.,96,Hot Coffee Cup With Lid - 200ml (1pkt = 25pc),4.0,Pc,4.0,,8.514,8.514,recipe_cost_connaught_place.csv,Filter Coffee Flask (500ml),False,0.0
Connaught Place,Delhi,98,Filter Coffee Flask (500ml) (MI),MI,1.0,No.,98,Carry Bag - Small (1pkt = 100pc),1.0,Pc,1.0,,7.3327,7.0251,recipe_cost_connaught_place.csv,Filter Coffee Flask (500ml),False,-4.2
Connaught Place,Delhi,98,Filter Coffee Flask (500ml) (MI),MI,1.0,No.,109,Cable Tie (1pkt = 100pc),1.0,Pc,1.0,,,,recipe_cost_connaught_place.csv,Filter Coffee Flask (500ml),True,
Connaught Place,Delhi,112,Malkapodi Dosa Combo (MI),MI,1.0,No.,190,Dosa Batter Mix,0.125,Kg,0.125,,3.793,3.8192,recipe_cost_connaught_place.csv,Malkapodi Dosa Combo,False,0.7
Connaught Place,Delhi,112,Malkapodi Dosa Combo (MI),MI,1.0,No.,193,Malkapodi Bucket,0.03,Kg,0.03,,5.146,5.1553,recipe_cost_connaught_place.csv,Malkapodi Dosa Combo,False,0.2
Connaught Place,Delhi,112,Malkapodi Dosa Combo (MI),MI,1.0,No.,12,Regular White Chutney Bucket (Inactive),0.1,Kg,0.1,,,,recipe_cost_connaught_place.csv,Malkapodi Dosa Combo,True,
Connaught Place,Delhi,112,Malkapodi Dosa Combo (MI),MI,1.0,No.,184,Sambar Bucket,0.2,Ltr,0.2,,6.0967,6.0714,recipe_cost_connaught_place.csv,Malkapodi Dosa Combo,False,-0.4
Connaught Place,Delhi,112,Malkapodi Dosa Combo (MI),MI,1.0,No.,75,Ghee,20.0,gm,20.0,,14.4211,15.5858,recipe_cost_connaught_place.csv,Malkapodi Dosa Combo,False,8.1
Connaught Place,Delhi,112,Malkapodi Dosa Combo (MI),MI,1.0,No.,84,Banana Leaf Big (1bundle = 50pc),1.0,Pc,1.0,1.75,2.6349,2.5442,recipe_cost_connaught_place.csv,Malkapodi Dosa Combo,False,-3.4
Connaught Place,Delhi,112,Malkapodi Dosa Combo (MI),MI,1.0,No.,65,Coke Pet - 250ml,1.0,Pc,1.0,,,,recipe_cost_connaught_place.csv,Malkapodi Dosa Combo,True,
Connaught Place,Delhi,112,Malkapodi Dosa Combo (MI),MI,1.0,No.,112,Take Away Packing Box - Small (1bundle = 50pc),1.0,Pc,1.0,,4.5448,4.1586,recipe_cost_connaught_place.csv,Malkapodi Dosa Combo,False,-8.5
Connaught Place,Delhi,112,Malkapodi Dosa Combo (MI),MI,1.0,No.,111,Glen Container With Lid - 100ml (1pkt = 50pc),1.0,Pc,1.0,,1.7403,1.9563,recipe_cost_connaught_place.csv,Malkapodi Dosa Combo,False,12.4
Connaught Place,Delhi,112,Malkapodi Dosa Combo (MI),MI,1.0,No.,119,Glen Container With Lid - 250ml (1pkt = 50pc),1.0,Pc,1.0,,3.7659,4.2162,recipe_cost_connaught_place.csv,Malkapodi Dosa Combo,False,12.0
Connaught Place,Delhi,112,Malkapodi Dosa Combo (MI),MI,1.0,No.,97,Paper Napkin (1pkt = 100pc),1.0,Pc,1.0,,0.2621,0.2465,recipe_cost_connaught_place.csv,Malkapodi Dosa Combo,False,-6.0
Connaught Place,Delhi,112,Malkapodi Dosa Combo (MI),MI,1.0,No.,129,Carry Bag - Medium (1pkt = 100pc),1.0,Pc,1.0,,,,recipe_cost_connaught_place.csv,Malkapodi Dosa Combo,True,
Connaught Place,Delhi,112,Malkapodi Dosa Combo (MI),MI,1.0,No.,109,Cable Tie (1pkt = 100pc),1.0,Pc,1.0,,,,recipe_cost_connaught_place.csv,Malkapodi Dosa Combo,True,
Connaught Place,Delhi,126,Pav Bhaji (MI),MI,1.0,No.,5,Pav Bhaji Masala 1kg,0.15,Kg,0.15,,,,recipe_cost_connaught_place.csv,Pav Bhaji,True,
Connaught Place,Delhi,126,Pav Bhaji (MI),MI,1.0,No.,226,Pav Bread (300 gm),2.0,Pc,2.0,,,,recipe_cost_connaught_place.csv,Pav Bhaji,True,
Connaught Place,Delhi,126,Pav Bhaji (MI),MI,1.0,No.,14,Amul Butter,0.04,Kg,0.04,,21.7817,22.3956,recipe_cost_connaught_place.csv,Pav Bhaji,False,2.8
Connaught Place,Delhi,126,Pav Bhaji (MI),MI,1.0,No.,132,Onion,0.03,Kg,0.03,,1.0474,1.0602,recipe_cost_connaught_place.csv,Pav Bhaji,False,1.2
Connaught Place,Delhi,126,Pav Bhaji (MI),MI,1.0,No.,116,Raw Green Chili,0.001,Kg,0.001,,0.0407,0.0408,recipe_cost_connaught_place.csv,Pav Bhaji,False,0.2
Connaught Place,Delhi,126,Pav Bhaji (MI),MI,1.0,No.,115,Coriander Leaves,0.001,Kg,0.001,,0.0992,0.1087,recipe_cost_connaught_place.csv,Pav Bhaji,False,9.6
Connaught Place,Delhi,95,Milk Tea (MI),MI,1.0,No.,76,Milk - Tetra 1Ltr,0.12,Ltr,0.12,,9.4255,9.5374,recipe_cost_connaught_place.csv,Milk Tea,False,1.2
Connaught Place,Delhi,95,Milk Tea (MI),MI,1.0,No.,11,Tea Leaf,0.003,Kg,0.003,,0.8953,0.8202,recipe_cost_connaught_place.csv,Milk Tea,False,-8.4
Connaught Place,Delhi,95,Milk Tea (MI),MI,1.0,No.,108,Ginger,0.001,Kg,0.001,,0.1176,0.1169,recipe_cost_connaught_place.csv,Milk Tea,False,-0.6
Connaught Place,Delhi,95,Milk Tea (MI),MI,1.0,No.,104,Mitti Kulhad,1.0,Pc,1.0,,,,recipe_cost_connaught_place.csv,Milk Tea,True,
Connaught Place,Delhi,95,Milk Tea (MI),MI,1.0,No.,31,White Sugar Sachet (1pkt = 200pc),1.0,Pc,1.0,,0.4537,0.4963,recipe_cost_connaught_place.csv,Milk Tea,False,9.4
Connaught Place,Delhi,115,Dosa Coffee Bhaat Tiffin (MI),MI,1.0,No.,211,Steam Rice Bucket,0.1,Kg,0.1,,4.9089,5.5416,recipe_cost_connaught_place.csv,Dosa Coffee Bhaat Tiffin,False,12.9
Connaught Place,Delhi,115,Dosa Coffee Bhaat Tiffin (MI),MI,1.0,No.,32,Whole Cumin,0.001,Kg,0.001,,0.3534,0.3047,recipe_cost_connaught_place.csv,Dosa Coffee Bhaat Tiffin,False,-13.8
Connaught Place,Delhi,115,Dosa Coffee Bhaat Tiffin (MI),MI,1.0,No.,75,Ghee,27.0,gm,27.0,,19.4685,21.0408,recipe_cost_connaught_place.csv,Dosa Coffee Bhaat Tiffin,False,8.1
Connaught Place,Delhi,115,Dosa Coffee Bhaat Tiffin (MI),MI,1.0,No.,116,Raw Green Chili,0.002,Kg,0.002,,0.0815,0.0816,recipe_cost_connaught_place.csv,Dosa Coffee Bhaat Tiffin,False,0.1
Connaught Place,Delhi,115,Dosa Coffee Bhaat Tiffin (MI),MI,1.0,No.,131,Curry Leaves,0.001,Kg,0.001,,0.0381,0.0381,recipe_cost_connaught_place.csv,Dosa Coffee Bhaat Tiffin,False,0.0
Connaught Place,Delhi,115,Dosa Coffee Bhaat Tiffin (MI),MI,1.0,No.,184,Sambar Bucket,0.25,Ltr,0.25,,7.6208,7.5892,recipe_cost_connaught_place.csv,Dosa Coffee Bhaat Tiffin,False,-0.4
Connaught Place,Delhi,115,Dosa Coffee Bhaat Tiffin (MI),MI,1.0,No.,115,Coriander Leaves,0.003,Kg,0.003,,0.2977,0.3262,recipe_cost_connaught_place.csv,Dosa Coffee Bhaat Tiffin,False,9.6
Connaught Place,Delhi,115,Dosa Coffee Bhaat Tiffin (MI),MI,1.0,No.,20,Raw Imli,0.001,Kg,0.001,0.09,0.0884,,recipe_cost_connaught_place.csv,Dosa Coffee Bhaat Tiffin,False,
Connaught Place,Delhi,115,Dosa Coffee Bhaat Tiffin (MI),MI,1.0,No.,21,RO Water,0.005,Ltr,0.005,,,,recipe_cost_connaught_place.csv,Dosa Coffee Bhaat Tiffin,True,
Connaught Place,Delhi,115,Dosa Coffee Bhaat Tiffin (MI),MI,1.0,No.,53,Sugar,0.003,Kg,0.003,,0.159,0.178,recipe_cost_connaught_place.csv,Dosa Coffee Bhaat Tiffin,False,11.9
Connaught Place,Delhi,115,Dosa Coffee Bhaat Tiffin (MI),MI,1.0,No.,181,Raw Mango Pickle Bucket,0.01,Kg,0.01,,2.3521,2.2544,recipe_cost_connaught_place.csv,Dosa Coffee Bhaat Tiffin,False,-4.2
Connaught Place,Delhi,115,Dosa Coffee Bhaat Tiffin (MI),MI,1.0,No.,30,Appalam Papad (1pkt = 47pc),1.0,Pc,1.0,,3.713,3.818,recipe_cost_connaught_place.csv,Dosa Coffee Bhaat Tiffin,False,2.8
Connaught Place,Delhi,115,Dosa Coffee Bhaat Tiffin (MI),MI,1.0,No.,224,Raw Curd Bucket,0.1,Kg,0.1,,,,recipe_cost_connaught_place.csv,Dosa Coffee Bhaat Tiffin,True,
Connaught Place,Delhi,115,Dosa Coffee Bhaat Tiffin (MI),MI,1.0,No.,39,Cashew,0.001,Kg,0.001,,0.8726,0.8884,recipe_cost_connaught_place.csv,Dosa Coffee Bhaat Tiffin,False,1.8
Connaught Place,Delhi,115,Dosa Coffee Bhaat Tiffin (MI),MI,1.0,No.,9,Raisin,0.001,Kg,0.001,,0.596,0.6613,recipe_cost_connaught_place.csv,Dosa Coffee Bhaat Tiffin,False,11.0
Connaught Place,Delhi,115,Dosa Coffee Bhaat Tiffin (MI),MI,1.0,No.,217,Kesari Halwa Mix  (1pkt = 550gm),0.046,Kg,0.046,,3.2649,3.5185,recipe_cost_connaught_place.csv,Dosa Coffee Bhaat Tiffin,False,7.8
Connaught Place,Delhi,115,Dosa Coffee Bhaat Tiffin (MI),MI,1.0,No.,118,Compartment Tray With Lid - 5CP (1pkt = 25pc),1.0,Pc,1.0,,10.5347,10.7538,recipe_cost_connaught_place.csv,Dosa Coffee Bhaat Tiffin,False,2.1
Connaught Place,Delhi,115,Dosa Coffee Bhaat Tiffin (MI),MI,1.0,No.,129,Carry Bag - Medium (1pkt = 100pc),1.0,Pc,1.0,,,,recipe_cost_connaught_place.csv,Dosa Coffee Bhaat Tiffin,True,
Connaught Place,Delhi,115,Dosa Coffee Bhaat Tiffin (MI),MI,1.0,No.,109,Cable Tie (1pkt = 100pc),1.0,Pc,1.0,,,,recipe_cost_connaught_place.csv,Dosa Coffee Bhaat Tiffin,True,
Connaught Place,Delhi,115,Dosa Coffee Bhaat Tiffin (MI),MI,1.0,No.,105,Paper Sleeve (1pkt = 50pc),1.0,Pc,1.0,,1.3547,1.3547,recipe_cost_connaught_place.csv,Dosa Coffee Bhaat Tiffin,False,0.0
Connaught Place,Delhi,115,Dosa Coffee Bhaat Tiffin (MI),MI,1.0,No.,97,Paper Napkin (1pkt = 100pc),1.0,Pc,1.0,,0.2621,0.2465,recipe_cost_connaught_place.csv,Dosa Coffee Bhaat Tiffin,False,-6.0
Connaught Place,Delhi,115,Dosa Coffee Bhaat Tiffin (MI),MI,1.0,No.,93,Bio-Degradable Spoon (1pkt = 50pc),1.0,Pc,1.0,,0.6604,0.5911,recipe_cost_connaught_place.csv,Dosa Coffee Bhaat Tiffin,False,-10.5
Connaught Place,Delhi,120,Punjabi Samosa (MI),MI,1.0,No.,2,Punjabi Samosa Half Fry (80GM) 13PC Tray,1.0,Pc,1.0,,,,recipe_cost_connaught_place.csv,Punjabi Samosa,True,
Connaught Place,Delhi,120,Punjabi Samosa (MI),MI,1.0,No.,6,Imli Chutney 1kg,0.025,Kg,0.025,,,,recipe_cost_connaught_place.csv,Punjabi Samosa,True,
Connaught Place,Delhi,120,Punjabi Samosa (MI),MI,1.0,No.,97,Paper Napkin (1pkt = 100pc),1.0,Pc,1.0,,0.2621,0.2465,recipe_cost_connaught_place.csv,Punjabi Samosa,False,-6.0
Connaught Place,Delhi,166,Sprite (Small) (MI),MI,1.0,No.,71,BIB - Sprite 10Ltr,0.06,Ltr,0.06,,,,recipe_cost_connaught_place.csv,Sprite (Small),True,
Connaught Place,Delhi,166,Sprite (Small) (MI),MI,1.0,No.,233,CO2 Cylinder - 9Kg,0.007,Kg,0.007,,,,recipe_cost_connaught_place.csv,Sprite (Small),True,
Connaught Place,Delhi,166,Sprite (Small) (MI),MI,1.0,No.,126,Fountain Glass With Lid - 300ml (1pkt = 50pc),1.0,Pc,1.0,,,,recipe_cost_connaught_place.csv,Sprite (Small),True,
Connaught Place,Delhi,166,Sprite (Small) (MI),MI,1.0,No.,113,Paper Straw (1pkt = 100pc),1.0,Pc,1.0,,0.4287,0.4479,recipe_cost_connaught_place.csv,Sprite (Small),False,4.5
Connaught Place,Delhi,113,Malabar Paratha Combo (MI),MI,1.0,No.,216,Malabar Paratha  (1pkt= 6Pcs),2.0,Pc,2.0,,15.5673,17.0057,recipe_cost_connaught_place.csv,Malabar Paratha Combo,False,9.2
Connaught Place,Delhi,113,Malabar Paratha Combo (MI),MI,1.0,No.,195,Korma Gravy Mix (1pkt=700gm),0.2,Kg,0.2,,30.911,31.7001,recipe_cost_connaught_place.csv,Malabar Paratha Combo,False,2.6
Connaught Place,Delhi,113,Malabar Paratha Combo (MI),MI,1.0,No.,115,Coriander Leaves,0.001,Kg,0.001,,0.0992,0.1087,recipe_cost_connaught_place.csv,Malabar Paratha Combo,False,9.6
Connaught Place,Delhi,113,Malabar Paratha Combo (MI),MI,1.0,No.,84,Banana Leaf Big (1bundle = 50pc),1.0,Pc,1.0,1.75,2.6349,2.5442,recipe_cost_connaught_place.csv,Malabar Paratha Combo,False,-3.4
Connaught Place,Delhi,113,Malabar Paratha Combo (MI),MI,1.0,No.,65,Coke Pet - 250ml,1.0,Pc,1.0,,,,recipe_cost_connaught_place.csv,Malabar Paratha Combo,True,
Connaught Place,Delhi,113,Malabar Paratha Combo (MI),MI,1.0,No.,112,Take Away Packing Box - Small (1bundle = 50pc),1.0,Pc,1.0,,4.5448,4.1586,recipe_cost_connaught_place.csv,Malabar Paratha Combo,False,-8.5
Connaught Place,Delhi,113,Malabar Paratha Combo (MI),MI,1.0,No.,119,Glen Container With Lid - 250ml (1pkt = 50pc),1.0,Pc,1.0,,3.7659,4.2162,recipe_cost_connaught_place.csv,Malabar Paratha Combo,False,12.0
Connaught Place,Delhi,113,Malabar Paratha Combo (MI),MI,1.0,No.,97,Paper Napkin (1pkt = 100pc),1.0,Pc,1.0,,0.2621,0.2465,recipe_cost_connaught_place.csv,Malabar Paratha Combo,False,-6.0
Connaught Place,Delhi,113,Malabar Paratha Combo (MI),MI,1.0,No.,129,Carry Bag - Medium (1pkt = 100pc),1.0,Pc,1.0,,,,recipe_cost_connaught_place.csv,Malabar Paratha Combo,True,
Connaught Place,Delhi,113,Malabar Paratha Combo (MI),MI,1.0,No.,109,Cable Tie (1pkt = 100pc),1.0,Pc,1.0,,,,recipe_cost_connaught_place.csv,Malabar Paratha Combo,True,
Connaught Place,Delhi,118,Appalam Papad (1pc) (MI),MI,1.0,No.,30,Appalam Papad (1pkt = 47pc),1.0,Pc,1.0,,3.713,3.818,recipe_cost_connaught_place.csv,Appalam Papad (1pc),False,2.8
Connaught Place,Delhi,164,Thumsup (Small) (MI),MI,1.0,No.,79,BIB - ThumsUP 20LTR,0.06,Ltr,0.06,,,,recipe_cost_connaught_place.csv,Thumsup (Small),True,
Connaught Place,Delhi,164,Thumsup (Small) (MI),MI,1.0,No.,233,CO2 Cylinder - 9Kg,0.007,Kg,0.007,,,,recipe_cost_connaught_place.csv,Thumsup (Small),True,
Connaught Place,Delhi,164,Thumsup (Small) (MI),MI,1.0,No.,126,Fountain Glass With Lid - 300ml (1pkt = 50pc),1.0,Pc,1.0,,,,recipe_cost_connaught_place.csv,Thumsup (Small),True,
Connaught Place,Delhi,164,Thumsup (Small) (MI),MI,1.0,No.,113,Paper Straw (1pkt = 100pc),1.0,Pc,1.0,,0.4287,0.4479,recipe_cost_connaught_place.csv,Thumsup (Small),False,4.5
Connaught Place,Delhi,111,Masala Vada Combo (MI),MI,1.0,No.,214,Frozen Masala Vada (1 Pkt = 6 Pc),2.0,Pc,2.0,,8.3563,8.3563,recipe_cost_connaught_place.csv,Masala Vada Combo,False,0.0
Connaught Place,Delhi,111,Masala Vada Combo (MI),MI,1.0,No.,12,Regular White Chutney Bucket (Inactive),0.1,Kg,0.1,,,,recipe_cost_connaught_place.csv,Masala Vada Combo,True,
Connaught Place,Delhi,111,Masala Vada Combo (MI),MI,1.0,No.,92,Banana Leaf Small (1bundle = 50pc),1.0,Pc,1.0,1.25,1.5943,1.431,recipe_cost_connaught_place.csv,Masala Vada Combo,False,-10.2
Connaught Place,Delhi,111,Masala Vada Combo (MI),MI,1.0,No.,65,Coke Pet - 250ml,1.0,Pc,1.0,,,,recipe_cost_connaught_place.csv,Masala Vada Combo,True,
Connaught Place,Delhi,111,Masala Vada Combo (MI),MI,1.0,No.,112,Take Away Packing Box - Small (1bundle = 50pc),1.0,Pc,1.0,,4.5448,4.1586,recipe_cost_connaught_place.csv,Masala Vada Combo,False,-8.5
Connaught Place,Delhi,111,Masala Vada Combo (MI),MI,1.0,No.,111,Glen Container With Lid - 100ml (1pkt = 50pc),2.0,Pc,2.0,,3.4805,3.9126,recipe_cost_connaught_place.csv,Masala Vada Combo,False,12.4
Connaught Place,Delhi,111,Masala Vada Combo (MI),MI,1.0,No.,97,Paper Napkin (1pkt = 100pc),1.0,Pc,1.0,,0.2621,0.2465,recipe_cost_connaught_place.csv,Masala Vada Combo,False,-6.0
Connaught Place,Delhi,111,Masala Vada Combo (MI),MI,1.0,No.,129,Carry Bag - Medium (1pkt = 100pc),1.0,Pc,1.0,,,,recipe_cost_connaught_place.csv,Masala Vada Combo,True,
Connaught Place,Delhi,111,Masala Vada Combo (MI),MI,1.0,No.,109,Cable Tie (1pkt = 100pc),1.0,Pc,1.0,,,,recipe_cost_connaught_place.csv,Masala Vada Combo,True,
Connaught Place,Delhi,125,Chola Bhatura (MI),MI,1.0,No.,1,Amritsari Chhole 1kg,0.2,Kg,0.2,,,,recipe_cost_connaught_place.csv,Chola Bhatura,True,
Connaught Place,Delhi,125,Chola Bhatura (MI),MI,1.0,No.,183,Bhatura Dough Raw,2.0,Pc,2.0,,,,recipe_cost_connaught_place.csv,Chola Bhatura,True,
Connaught Place,Delhi,125,Chola Bhatura (MI),MI,1.0,No.,132,Onion,0.03,Kg,0.03,,1.0474,1.0602,recipe_cost_connaught_place.csv,Chola Bhatura,False,1.2
Connaught Place,Delhi,125,Chola Bhatura (MI),MI,1.0,No.,116,Raw Green Chili,0.001,Kg,0.001,,0.0407,0.0408,recipe_cost_connaught_place.csv,Chola Bhatura,False,0.2
Connaught Place,Delhi,125,Chola Bhatura (MI),MI,1.0,No.,115,Coriander Leaves,0.001,Kg,0.001,,0.0992,0.1087,recipe_cost_connaught_place.csv,Chola Bhatura,False,9.6
Connaught Place,Delhi,125,Chola Bhatura (MI),MI,1.0,No.,97,Paper Napkin (1pkt = 100pc),1.0,Pc,1.0,,0.2621,0.2465,recipe_cost_connaught_place.csv,Chola Bhatura,False,-6.0
Connaught Place,Delhi,125,Chola Bhatura (MI),MI,1.0,No.,121,Paper Tray Mat (1pkt = 500pc),1.0,Pc,1.0,,,,recipe_cost_connaught_place.csv,Chola Bhatura,True,
Connaught Place,Delhi,125,Chola Bhatura (MI),MI,1.0,No.,84,Banana Leaf Big (1bundle = 50pc),1.0,Pc,1.0,1.75,2.6349,2.5442,recipe_cost_connaught_place.csv,Chola Bhatura,False,-3.4
Connaught Place,Delhi,125,Chola Bhatura (MI),MI,1.0,No.,93,Bio-Degradable Spoon (1pkt = 50pc),1.0,Pc,1.0,,0.6604,0.5911,recipe_cost_connaught_place.csv,Chola Bhatura,False,-10.5
Connaught Place,Delhi,19,Rasam Vada pc (MI),MI,1.0,No.,191,Frozen Medu Vada (10pc),1.0,Pc,1.0,,4.8836,4.9249,recipe_cost_connaught_place.csv,Rasam Vada pc,False,0.8
Connaught Place,Delhi,19,Rasam Vada pc (MI),MI,1.0,No.,12,Regular White Chutney Bucket (Inactive),0.1,Kg,0.1,,,,recipe_cost_connaught_place.csv,Rasam Vada pc,True,
Connaught Place,Delhi,19,Rasam Vada pc (MI),MI,1.0,No.,207,Special Daal Bucket,0.001,Kg,0.001,,0.1474,0.1533,recipe_cost_connaught_place.csv,Rasam Vada pc,False,4.0
Connaught Place,Delhi,19,Rasam Vada pc (MI),MI,1.0,No.,115,Coriander Leaves,0.001,Kg,0.001,,0.0992,0.1087,recipe_cost_connaught_place.csv,Rasam Vada pc,False,9.6
Connaught Place,Delhi,19,Rasam Vada pc (MI),MI,1.0,No.,177,Rasam Bucket,0.1,Ltr,0.1,,3.6954,3.8604,recipe_cost_connaught_place.csv,Rasam Vada pc,False,4.5
Connaught Place,Delhi,19,Rasam Vada pc (MI),MI,1.0,No.,234,Regular White Chutney Bucket Outlet,0.1,Kg,0.1,,7.9582,8.0894,recipe_cost_connaught_place.csv,Rasam Vada pc,False,1.6
Connaught Place,Delhi,73,Coconut Sevai (MI),MI,1.0,No.,8,Sevai Bucket,0.1,Kg,0.1,,,,recipe_cost_connaught_place.csv,Coconut Sevai,True,
Connaught Place,Delhi,73,Coconut Sevai (MI),MI,1.0,No.,32,Whole Cumin,0.001,Kg,0.001,,0.3534,0.3047,recipe_cost_connaught_place.csv,Coconut Sevai,False,-13.8
Connaught Place,Delhi,73,Coconut Sevai (MI),MI,1.0,No.,48,Dosa Daal (Urad),0.01,Kg,0.01,,1.2719,1.2983,recipe_cost_connaught_place.csv,Coconut Sevai,False,2.1
Connaught Place,Delhi,73,Coconut Sevai (MI),MI,1.0,No.,46,Chana Daal,0.01,Kg,0.01,,0.8154,0.8242,recipe_cost_connaught_place.csv,Coconut Sevai,False,1.1
Connaught Place,Delhi,73,Coconut Sevai (MI),MI,1.0,No.,132,Onion,0.03,Kg,0.03,,1.0474,1.0602,recipe_cost_connaught_place.csv,Coconut Sevai,False,1.2
Connaught Place,Delhi,73,Coconut Sevai (MI),MI,1.0,No.,116,Raw Green Chili,0.002,Kg,0.002,,0.0815,0.0816,recipe_cost_connaught_place.csv,Coconut Sevai,False,0.1
Connaught Place,Delhi,73,Coconut Sevai (MI),MI,1.0,No.,229,Coconut Shredded,0.05,Kg,0.05,,12.3913,12.6504,recipe_cost_connaught_place.csv,Coconut Sevai,False,2.1
Connaught Place,Delhi,73,Coconut Sevai (MI),MI,1.0,No.,29,Salt,0.002,Kg,0.002,,0.0588,0.0615,recipe_cost_connaught_place.csv,Coconut Sevai,False,4.6
Connaught Place,Delhi,73,Coconut Sevai (MI),MI,1.0,No.,43,Sunflower Refined Oil  ( 1pkt = 868 Ml ),0.01,Ltr,0.01,,1.7563,1.9777,recipe_cost_connaught_place.csv,Coconut Sevai,False,12.6
Connaught Place,Delhi,73,Coconut Sevai (MI),MI,1.0,No.,131,Curry Leaves,0.001,Kg,0.001,,0.0381,0.0381,recipe_cost_connaught_place.csv,Coconut Sevai,False,0.0
Connaught Place,Delhi,73,Coconut Sevai (MI),MI,1.0,No.,207,Special Daal Bucket,0.003,Kg,0.003,,0.4421,0.4598,recipe_cost_connaught_place.csv,Coconut Sevai,False,4.0
Connaught Place,Delhi,73,Coconut Sevai (MI),MI,1.0,No.,30,Appalam Papad (1pkt = 47pc),1.0,Pc,1.0,,3.713,3.818,recipe_cost_connaught_place.csv,Coconut Sevai,False,2.8
Connaught Place,Delhi,15,Medu Vada pc (MI),MI,1.0,No.,191,Frozen Medu Vada (10pc),1.0,Pc,1.0,,4.8836,4.9249,recipe_cost_connaught_place.csv,Medu Vada pc,False,0.8
Connaught Place,Delhi,15,Medu Vada pc (MI),MI,1.0,No.,12,Regular White Chutney Bucket (Inactive),0.1,Kg,0.1,,,,recipe_cost_connaught_place.csv,Medu Vada pc,True,
Connaught Place,Delhi,15,Medu Vada pc (MI),MI,1.0,No.,207,Special Daal Bucket,0.001,Kg,0.001,,0.1474,0.1533,recipe_cost_connaught_place.csv,Medu Vada pc,False,4.0
Connaught Place,Delhi,15,Medu Vada pc (MI),MI,1.0,No.,234,Regular White Chutney Bucket Outlet,0.1,Kg,0.1,,7.9582,8.0894,recipe_cost_connaught_place.csv,Medu Vada pc,False,1.6
Connaught Place,Delhi,136,Uttapam Combo (MI),MI,1.0,No.,218,Idli Pc Raw (1 Pkt =40pc),3.0,Pc,3.0,,5.7949,6.0508,recipe_cost_connaught_place.csv,Uttapam Combo,False,4.4
Connaught Place,Delhi,136,Uttapam Combo (MI),MI,1.0,No.,190,Dosa Batter Mix,0.15,Kg,0.15,,4.5517,4.5831,recipe_cost_connaught_place.csv,Uttapam Combo,False,0.7
Connaught Place,Delhi,136,Uttapam Combo (MI),MI,1.0,No.,132,Onion,0.15,Kg,0.15,,5.2371,5.3011,recipe_cost_connaught_place.csv,Uttapam Combo,False,1.2
Connaught Place,Delhi,136,Uttapam Combo (MI),MI,1.0,No.,99,Green Capsicum,0.15,Kg,0.15,,8.1499,7.4475,recipe_cost_connaught_place.csv,Uttapam Combo,False,-8.6
Connaught Place,Delhi,136,Uttapam Combo (MI),MI,1.0,No.,107,Carrot,0.15,Kg,0.15,,4.984,4.8573,recipe_cost_connaught_place.csv,Uttapam Combo,False,-2.5
Connaught Place,Delhi,136,Uttapam Combo (MI),MI,1.0,No.,141,Tomato,0.15,Kg,0.15,,5.5412,5.4615,recipe_cost_connaught_place.csv,Uttapam Combo,False,-1.4
Connaught Place,Delhi,136,Uttapam Combo (MI),MI,1.0,No.,208,Chaat Masala Bucket,0.002,Kg,0.002,,0.6192,0.6454,recipe_cost_connaught_place.csv,Uttapam Combo,False,4.2
Connaught Place,Delhi,136,Uttapam Combo (MI),MI,1.0,No.,201,Dahi Bucket (Inactive),0.1,Kg,0.1,,,,recipe_cost_connaught_place.csv,Uttapam Combo,True,
Connaught Place,Delhi,136,Uttapam Combo (MI),MI,1.0,No.,12,Regular White Chutney Bucket (Inactive),0.05,Kg,0.05,,,,recipe_cost_connaught_place.csv,Uttapam Combo,True,
Connaught Place,Delhi,136,Uttapam Combo (MI),MI,1.0,No.,186,Spicy Coconut Chutney Bucket,0.05,Kg,0.05,,2.7747,2.9189,recipe_cost_connaught_place.csv,Uttapam Combo,False,5.2
Connaught Place,Delhi,136,Uttapam Combo (MI),MI,1.0,No.,184,Sambar Bucket,0.2,Ltr,0.2,,6.0967,6.0714,recipe_cost_connaught_place.csv,Uttapam Combo,False,-0.4
Connaught Place,Delhi,136,Uttapam Combo (MI),MI,1.0,No.,115,Coriander Leaves,0.001,Kg,0.001,,0.0992,0.1087,recipe_cost_connaught_place.csv,Uttapam Combo,False,9.6
Connaught Place,Delhi,136,Uttapam Combo (MI),MI,1.0,No.,207,Special Daal Bucket,0.001,Kg,0.001,,0.1474,0.1533,recipe_cost_connaught_place.csv,Uttapam Combo,False,4.0
Connaught Place,Delhi,136,Uttapam Combo (MI),MI,1.0,No.,43,Sunflower Refined Oil  ( 1pkt = 868 Ml ),0.02,Ltr,0.02,,3.5127,3.9554,recipe_cost_connaught_place.csv,Uttapam Combo,False,12.6
Connaught Place,Delhi,136,Uttapam Combo (MI),MI,1.0,No.,121,Paper Tray Mat (1pkt = 500pc),1.0,Pc,1.0,,,,recipe_cost_connaught_place.csv,Uttapam Combo,True,
Connaught Place,Delhi,136,Uttapam Combo (MI),MI,1.0,No.,97,Paper Napkin (1pkt = 100pc),1.0,Pc,1.0,,0.2621,0.2465,recipe_cost_connaught_place.csv,Uttapam Combo,False,-6.0
Connaught Place,Delhi,136,Uttapam Combo (MI),MI,1.0,No.,93,Bio-Degradable Spoon (1pkt = 50pc),1.0,Pc,1.0,,0.6604,0.5911,recipe_cost_connaught_place.csv,Uttapam Combo,False,-10.5
Connaught Place,Delhi,136,Uttapam Combo (MI),MI,1.0,No.,84,Banana Leaf Big (1bundle = 50pc),1.0,Pc,1.0,1.75,2.6349,2.5442,recipe_cost_connaught_place.csv,Uttapam Combo,False,-3.4
Connaught Place,Delhi,136,Uttapam Combo (MI),MI,1.0,No.,229,Coconut Shredded,0.01,Kg,0.01,,2.4783,2.5301,recipe_cost_connaught_place.csv,Uttapam Combo,False,2.1
Connaught Place,Delhi,136,Uttapam Combo (MI),MI,1.0,No.,128,Paper Food Container - 100ml (1pkt = 50pc),1.0,Pc,1.0,,,,recipe_cost_connaught_place.csv,Uttapam Combo,True,
Connaught Place,Delhi,136,Uttapam Combo (MI),MI,1.0,No.,4,Cothas Coffee Powder,0.014,Kg,0.014,,11.9672,12.466,recipe_cost_connaught_place.csv,Uttapam Combo,False,4.2
Connaught Place,Delhi,136,Uttapam Combo (MI),MI,1.0,No.,76,Milk - Tetra 1Ltr,0.09,Ltr,0.09,,7.0691,7.1531,recipe_cost_connaught_place.csv,Uttapam Combo,False,1.2
Connaught Place,Delhi,136,Uttapam Combo (MI),MI,1.0,No.,31,White Sugar Sachet (1pkt = 200pc),2.0,Pc,2.0,,0.9074,0.9926,recipe_cost_connaught_place.csv,Uttapam Combo,False,9.4
Connaught Place,Delhi,136,Uttapam Combo (MI),MI,1.0,No.,96,Hot Coffee Cup With Lid - 200ml (1pkt = 25pc),1.0,Pc,1.0,,2.1285,2.1285,recipe_cost_connaught_place.csv,Uttapam Combo,False,0.0
Connaught Place,Delhi,136,Uttapam Combo (MI),MI,1.0,No.,114,Wooden Stirrer (1pkt = 100pc),1.0,Pc,1.0,,0.159,0.1762,recipe_cost_connaught_place.csv,Uttapam Combo,False,10.8
Connaught Place,Delhi,137,Cold Coffee Combo (MI),MI,1.0,No.,218,Idli Pc Raw (1 Pkt =40pc),2.0,Pc,2.0,,3.8633,4.0339,recipe_cost_connaught_place.csv,Cold Coffee Combo,False,4.4
Connaught Place,Delhi,137,Cold Coffee Combo (MI),MI,1.0,No.,201,Dahi Bucket (Inactive),0.1,Kg,0.1,,,,recipe_cost_connaught_place.csv,Cold Coffee Combo,True,
Connaught Place,Delhi,137,Cold Coffee Combo (MI),MI,1.0,No.,208,Chaat Masala Bucket,0.001,Kg,0.001,,0.3096,0.3227,recipe_cost_connaught_place.csv,Cold Coffee Combo,False,4.2
Connaught Place,Delhi,137,Cold Coffee Combo (MI),MI,1.0,No.,121,Paper Tray Mat (1pkt = 500pc),1.0,Pc,1.0,,,,recipe_cost_connaught_place.csv,Cold Coffee Combo,True,
Connaught Place,Delhi,137,Cold Coffee Combo (MI),MI,1.0,No.,97,Paper Napkin (1pkt = 100pc),2.0,Pc,2.0,,0.5241,0.493,recipe_cost_connaught_place.csv,Cold Coffee Combo,False,-5.9
Connaught Place,Delhi,137,Cold Coffee Combo (MI),MI,1.0,No.,84,Banana Leaf Big (1bundle = 50pc),1.0,Pc,1.0,1.75,2.6349,2.5442,recipe_cost_connaught_place.csv,Cold Coffee Combo,False,-3.4
Connaught Place,Delhi,137,Cold Coffee Combo (MI),MI,1.0,No.,4,Cothas Coffee Powder,0.032,Kg,0.032,,27.3537,28.4936,recipe_cost_connaught_place.csv,Cold Coffee Combo,False,4.2
Connaught Place,Delhi,137,Cold Coffee Combo (MI),MI,1.0,No.,212,Sugar Syrup Bucket,0.05,Ltr,0.05,,,,recipe_cost_connaught_place.csv,Cold Coffee Combo,True,
Connaught Place,Delhi,137,Cold Coffee Combo (MI),MI,1.0,No.,13,Milk Powder,0.08,Kg,0.08,,,,recipe_cost_connaught_place.csv,Cold Coffee Combo,True,
Connaught Place,Delhi,137,Cold Coffee Combo (MI),MI,1.0,No.,76,Milk - Tetra 1Ltr,0.1,Ltr,0.1,,7.8546,7.9479,recipe_cost_connaught_place.csv,Cold Coffee Combo,False,1.2
Connaught Place,Delhi,137,Cold Coffee Combo (MI),MI,1.0,No.,94,Cold Coffee Sticker (1sheet = 28pc),2.0,Pc,2.0,,2.0,2.0,recipe_cost_connaught_place.csv,Cold Coffee Combo,False,0.0
Connaught Place,Delhi,137,Cold Coffee Combo (MI),MI,1.0,No.,102,Cold Cup With Lid - 300ml (1pkt = 50pc),2.0,Pc,2.0,,,,recipe_cost_connaught_place.csv,Cold Coffee Combo,True,
Connaught Place,Delhi,137,Cold Coffee Combo (MI),MI,1.0,No.,113,Paper Straw (1pkt = 100pc),2.0,Pc,2.0,,0.8573,0.8957,recipe_cost_connaught_place.csv,Cold Coffee Combo,False,4.5
Connaught Place,Delhi,177,Dahi Idli (MI),MI,1.0,No.,218,Idli Pc Raw (1 Pkt =40pc),2.0,Pc,2.0,,3.8633,4.0339,recipe_cost_connaught_place.csv,Dahi Idli,False,4.4
Connaught Place,Delhi,177,Dahi Idli (MI),MI,1.0,No.,201,Dahi Bucket (Inactive),0.16,Kg,0.16,,,,recipe_cost_connaught_place.csv,Dahi Idli,True,
Connaught Place,Delhi,177,Dahi Idli (MI),MI,1.0,No.,208,Chaat Masala Bucket,0.002,Kg,0.002,,0.6192,0.6454,recipe_cost_connaught_place.csv,Dahi Idli,False,4.2
Connaught Place,Delhi,21,Masala Vada pc (MI),MI,1.0,No.,214,Frozen Masala Vada (1 Pkt = 6 Pc),1.0,Pc,1.0,,4.1781,4.1781,recipe_cost_connaught_place.csv,Masala Vada pc,False,0.0
Connaught Place,Delhi,21,Masala Vada pc (MI),MI,1.0,No.,12,Regular White Chutney Bucket (Inactive),0.1,Kg,0.1,,,,recipe_cost_connaught_place.csv,Masala Vada pc,True,
Connaught Place,Delhi,21,Masala Vada pc (MI),MI,1.0,No.,207,Special Daal Bucket,0.001,Kg,0.001,,0.1474,0.1533,recipe_cost_connaught_place.csv,Masala Vada pc,False,4.0
Connaught Place,Delhi,21,Masala Vada pc (MI),MI,1.0,No.,234,Regular White Chutney Bucket Outlet,0.1,Kg,0.1,,7.9582,8.0894,recipe_cost_connaught_place.csv,Masala Vada pc,False,1.6
Connaught Place,Delhi,3,Rasam Idli Pc (MI),MI,1.0,No.,218,Idli Pc Raw (1 Pkt =40pc),1.0,Pc,1.0,,1.9316,2.0169,recipe_cost_connaught_place.csv,Rasam Idli Pc,False,4.4
Connaught Place,Delhi,3,Rasam Idli Pc (MI),MI,1.0,No.,177,Rasam Bucket,0.1,Ltr,0.1,,3.6954,3.8604,recipe_cost_connaught_place.csv,Rasam Idli Pc,False,4.5
Connaught Place,Delhi,3,Rasam Idli Pc (MI),MI,1.0,No.,12,Regular White Chutney Bucket (Inactive),0.1,Kg,0.1,,,,recipe_cost_connaught_place.csv,Rasam Idli Pc,True,
Connaught Place,Delhi,3,Rasam Idli Pc (MI),MI,1.0,No.,207,Special Daal Bucket,0.002,Kg,0.002,,0.2948,0.3065,recipe_cost_connaught_place.csv,Rasam Idli Pc,False,4.0
Connaught Place,Delhi,3,Rasam Idli Pc (MI),MI,1.0,No.,115,Coriander Leaves,0.001,Kg,0.001,,0.0992,0.1087,recipe_cost_connaught_place.csv,Rasam Idli Pc,False,9.6
Connaught Place,Delhi,3,Rasam Idli Pc (MI),MI,1.0,No.,234,Regular White Chutney Bucket Outlet,0.1,Kg,0.1,,7.9582,8.0894,recipe_cost_connaught_place.csv,Rasam Idli Pc,False,1.6
Connaught Place,Delhi,11,Malkapodi Idli pc (MI),MI,1.0,No.,218,Idli Pc Raw (1 Pkt =40pc),1.0,Pc,1.0,,1.9316,2.0169,recipe_cost_connaught_place.csv,Malkapodi Idli pc,False,4.4
Connaught Place,Delhi,11,Malkapodi Idli pc (MI),MI,1.0,No.,75,Ghee,0.005,Kg,0.005,,3.6053,3.8964,recipe_cost_connaught_place.csv,Malkapodi Idli pc,False,8.1
Connaught Place,Delhi,11,Malkapodi Idli pc (MI),MI,1.0,No.,12,Regular White Chutney Bucket (Inactive),0.1,Kg,0.1,,,,recipe_cost_connaught_place.csv,Malkapodi Idli pc,True,
Connaught Place,Delhi,11,Malkapodi Idli pc (MI),MI,1.0,No.,207,Special Daal Bucket,0.002,Kg,0.002,,0.2948,0.3065,recipe_cost_connaught_place.csv,Malkapodi Idli pc,False,4.0
Connaught Place,Delhi,11,Malkapodi Idli pc (MI),MI,1.0,No.,193,Malkapodi Bucket,0.005,Kg,0.005,,0.8577,0.8592,recipe_cost_connaught_place.csv,Malkapodi Idli pc,False,0.2
Connaught Place,Delhi,11,Malkapodi Idli pc (MI),MI,1.0,No.,234,Regular White Chutney Bucket Outlet,0.1,Kg,0.1,,7.9582,8.0894,recipe_cost_connaught_place.csv,Malkapodi Idli pc,False,1.6
Connaught Place,Delhi,33,Thindi Dosa (MI),MI,1.0,No.,190,Dosa Batter Mix,0.125,Kg,0.125,,3.793,3.8192,recipe_cost_connaught_place.csv,Thindi Dosa,False,0.7
Connaught Place,Delhi,33,Thindi Dosa (MI),MI,1.0,No.,83,Udhaya Krishna Ghee,0.02,Kg,0.02,,,,recipe_cost_connaught_place.csv,Thindi Dosa,True,
Connaught Place,Delhi,33,Thindi Dosa (MI),MI,1.0,No.,184,Sambar Bucket,0.2,Ltr,0.2,,6.0967,6.0714,recipe_cost_connaught_place.csv,Thindi Dosa,False,-0.4
Connaught Place,Delhi,33,Thindi Dosa (MI),MI,1.0,No.,186,Spicy Coconut Chutney Bucket,0.2,Kg,0.2,,11.0989,11.6756,recipe_cost_connaught_place.csv,Thindi Dosa,False,5.2
Connaught Place,Delhi,33,Thindi Dosa (MI),MI,1.0,No.,115,Coriander Leaves,0.001,Kg,0.001,,0.0992,0.1087,recipe_cost_connaught_place.csv,Thindi Dosa,False,9.6
Connaught Place,Delhi,33,Thindi Dosa (MI),MI,1.0,No.,207,Special Daal Bucket,0.005,Kg,0.005,,0.7369,0.7664,recipe_cost_connaught_place.csv,Thindi Dosa,False,4.0
Connaught Place,Delhi,193,Filter Coffee (For Combo) (MI),MI,1.0,No.,4,Cothas Coffee Powder,0.014,Kg,0.014,,11.9672,12.466,recipe_cost_connaught_place.csv,Filter Coffee (For Combo),False,4.2
Connaught Place,Delhi,193,Filter Coffee (For Combo) (MI),MI,1.0,No.,76,Milk - Tetra 1Ltr,0.09,Ltr,0.09,,7.0691,7.1531,recipe_cost_connaught_place.csv,Filter Coffee (For Combo),False,1.2
Connaught Place,Delhi,193,Filter Coffee (For Combo) (MI),MI,1.0,No.,240,Hot Coffee Cup 150ml (1pkt=25pc),1.0,Pc,1.0,,1.6744,1.5865,recipe_cost_connaught_place.csv,Filter Coffee (For Combo),False,-5.2
Connaught Place,Delhi,193,Filter Coffee (For Combo) (MI),MI,1.0,No.,244,Sticker- Hot Coffee Cup (1sheet=30pc),1.0,Pc,1.0,,,,recipe_cost_connaught_place.csv,Filter Coffee (For Combo),True,
Connaught Place,Delhi,193,Filter Coffee (For Combo) (MI),MI,1.0,No.,31,White Sugar Sachet (1pkt = 200pc),2.0,Pc,2.0,,0.9074,0.9926,recipe_cost_connaught_place.csv,Filter Coffee (For Combo),False,9.4
Connaught Place,Delhi,193,Filter Coffee (For Combo) (MI),MI,1.0,No.,114,Wooden Stirrer (1pkt = 100pc),1.0,Pc,1.0,,0.159,0.1762,recipe_cost_connaught_place.csv,Filter Coffee (For Combo),False,10.8
Connaught Place,Delhi,193,Filter Coffee (For Combo) (MI),MI,1.0,No.,97,Paper Napkin (1pkt = 100pc),1.0,Pc,1.0,,0.2621,0.2465,recipe_cost_connaught_place.csv,Filter Coffee (For Combo),False,-6.0
Connaught Place,Delhi,192,Buttermilk (For Combo) (MI),MI,1.0,No.,182,Buttermilk Bucket (Inactive),0.3,Ltr,0.3,,,,recipe_cost_connaught_place.csv,Buttermilk (For Combo),True,
Connaught Place,Delhi,192,Buttermilk (For Combo) (MI),MI,1.0,No.,102,Cold Cup With Lid - 300ml (1pkt = 50pc),1.0,Pc,1.0,,,,recipe_cost_connaught_place.csv,Buttermilk (For Combo),True,
Connaught Place,Delhi,192,Buttermilk (For Combo) (MI),MI,1.0,No.,97,Paper Napkin (1pkt = 100pc),1.0,Pc,1.0,,0.2621,0.2465,recipe_cost_connaught_place.csv,Buttermilk (For Combo),False,-6.0
Connaught Place,Delhi,192,Buttermilk (For Combo) (MI),MI,1.0,No.,113,Paper Straw (1pkt = 100pc),1.0,Pc,1.0,,0.4287,0.4479,recipe_cost_connaught_place.csv,Buttermilk (For Combo),False,4.5
Connaught Place,Delhi,192,Buttermilk (For Combo) (MI),MI,1.0,No.,101,Buttermilk Sticker (1sheet = 28pc),1.0,Pc,1.0,,1.0667,1.0667,recipe_cost_connaught_place.csv,Buttermilk (For Combo),False,0.0
Connaught Place,Delhi,191,Cotton's Lemonade (For Combo) (MI),MI,1.0,No.,56,Cottons Lemonade,1.0,Pc,1.0,,,,recipe_cost_connaught_place.csv,Cotton's Lemonade (For Combo),True,
Connaught Place,Delhi,141,Dosa Coffee Combo (MI),MI,1.0,No.,190,Dosa Batter Mix,0.06,Kg,0.06,,1.8207,1.8332,recipe_cost_connaught_place.csv,Dosa Coffee Combo,False,0.7
Connaught Place,Delhi,141,Dosa Coffee Combo (MI),MI,1.0,No.,218,Idli Pc Raw (1 Pkt =40pc),1.0,Pc,1.0,,1.9316,2.0169,recipe_cost_connaught_place.csv,Dosa Coffee Combo,False,4.4
Connaught Place,Delhi,141,Dosa Coffee Combo (MI),MI,1.0,No.,191,Frozen Medu Vada (10pc),1.0,Pc,1.0,,4.8836,4.9249,recipe_cost_connaught_place.csv,Dosa Coffee Combo,False,0.8
Connaught Place,Delhi,141,Dosa Coffee Combo (MI),MI,1.0,No.,12,Regular White Chutney Bucket (Inactive),0.1,Kg,0.1,,,,recipe_cost_connaught_place.csv,Dosa Coffee Combo,True,
Connaught Place,Delhi,141,Dosa Coffee Combo (MI),MI,1.0,No.,186,Spicy Coconut Chutney Bucket,0.1,Kg,0.1,,5.5494,5.8378,recipe_cost_connaught_place.csv,Dosa Coffee Combo,False,5.2
Connaught Place,Delhi,141,Dosa Coffee Combo (MI),MI,1.0,No.,184,Sambar Bucket,0.15,Ltr,0.15,,4.5725,4.5535,recipe_cost_connaught_place.csv,Dosa Coffee Combo,False,-0.4
Connaught Place,Delhi,141,Dosa Coffee Combo (MI),MI,1.0,No.,115,Coriander Leaves,0.001,Kg,0.001,,0.0992,0.1087,recipe_cost_connaught_place.csv,Dosa Coffee Combo,False,9.6
Connaught Place,Delhi,141,Dosa Coffee Combo (MI),MI,1.0,No.,207,Special Daal Bucket,0.003,Kg,0.003,,0.4421,0.4598,recipe_cost_connaught_place.csv,Dosa Coffee Combo,False,4.0
Connaught Place,Delhi,141,Dosa Coffee Combo (MI),MI,1.0,No.,43,Sunflower Refined Oil  ( 1pkt = 868 Ml ),0.01,Ltr,0.01,,1.7563,1.9777,recipe_cost_connaught_place.csv,Dosa Coffee Combo,False,12.6
Connaught Place,Delhi,141,Dosa Coffee Combo (MI),MI,1.0,No.,97,Paper Napkin (1pkt = 100pc),2.0,Pc,2.0,,0.5241,0.493,recipe_cost_connaught_place.csv,Dosa Coffee Combo,False,-5.9
Connaught Place,Delhi,141,Dosa Coffee Combo (MI),MI,1.0,No.,93,Bio-Degradable Spoon (1pkt = 50pc),1.0,Pc,1.0,,0.6604,0.5911,recipe_cost_connaught_place.csv,Dosa Coffee Combo,False,-10.5
Connaught Place,Delhi,141,Dosa Coffee Combo (MI),MI,1.0,No.,84,Banana Leaf Big (1bundle = 50pc),1.0,Pc,1.0,1.75,2.6349,2.5442,recipe_cost_connaught_place.csv,Dosa Coffee Combo,False,-3.4
Connaught Place,Delhi,141,Dosa Coffee Combo (MI),MI,1.0,No.,121,Paper Tray Mat (1pkt = 500pc),1.0,Pc,1.0,,,,recipe_cost_connaught_place.csv,Dosa Coffee Combo,True,
Connaught Place,Delhi,141,Dosa Coffee Combo (MI),MI,1.0,No.,178,Potato Masala Bucket,0.075,gm,0.075,,0.0031,0.0031,recipe_cost_connaught_place.csv,Dosa Coffee Combo,False,0.0
Connaught Place,Delhi,183,Dosa Coffee Thindi Podi Mix (500grm) (MI),MI,1.0,No.,194,Thindi Malkapodi Powder Bucket,0.5,Kg,0.5,,100.0483,100.0521,recipe_cost_connaught_place.csv,Dosa Coffee Thindi Podi Mix (500grm),False,0.0
Connaught Place,Delhi,182,Dosa Coffee Malkapodi Mix (500grm) (MI),MI,1.0,No.,193,Malkapodi Bucket,0.5,Kg,0.5,,85.7668,85.9217,recipe_cost_connaught_place.csv,Dosa Coffee Malkapodi Mix (500grm),False,0.2
Connaught Place,Delhi,184,Dosa Coffee Kesari Halwa Mix (550grm) (MI),MI,1.0,No.,217,Kesari Halwa Mix  (1pkt = 550gm),0.55,Kg,0.55,,39.0373,42.0686,recipe_cost_connaught_place.csv,Dosa Coffee Kesari Halwa Mix (550grm),False,7.8
Connaught Place,Delhi,181,Dosa Coffee Rava Powder Mix (1Kg) (MI),MI,1.0,No.,213,Rava Powder Mix,1.0,Kg,1.0,,93.3257,90.5661,recipe_cost_connaught_place.csv,Dosa Coffee Rava Powder Mix (1Kg),False,-3.0
Connaught Place,Delhi,180,Dosa Coffee Upma Mix (300grm) (MI),MI,1.0,No.,222,Upma Mix (1pkt = 300gm),0.3,Kg,0.3,,25.1235,25.6369,recipe_cost_connaught_place.csv,Dosa Coffee Upma Mix (300grm),False,2.0
Connaught Place,Delhi,179,Dosa Batter (1Ltr) (MI),MI,1.0,No.,190,Dosa Batter Mix,0.9,Kg,0.9,,27.31,27.4985,recipe_cost_connaught_place.csv,Dosa Batter (1Ltr),False,0.7
Connaught Place,Delhi,178,Idli Batter (1Ltr) (MI),MI,1.0,No.,220,Idli Batter,0.9,Kg,0.9,,26.5461,25.5559,recipe_cost_connaught_place.csv,Idli Batter (1Ltr),False,-3.7
Connaught Place,Delhi,174,Mint Choco Chips Ice Cream (MI),MI,1.0,No.,288,Mint Milk Chocolate Chips - 2.1 Kg Block,0.08,Kg,0.08,54.0,,,recipe_cost_connaught_place.csv,Mint Choco Chips Ice Cream,True,
Connaught Place,Delhi,174,Mint Choco Chips Ice Cream (MI),MI,1.0,No.,97,Paper Napkin (1pkt = 100pc),1.0,Pc,1.0,,0.2621,0.2465,recipe_cost_connaught_place.csv,Mint Choco Chips Ice Cream,False,-6.0
Connaught Place,Delhi,176,Tutty Fruity Ice Cream (MI),MI,1.0,No.,287,Fruit Overload - 2.1 Kg Block,0.08,Kg,0.08,,,,recipe_cost_connaught_place.csv,Tutty Fruity Ice Cream,True,
Connaught Place,Delhi,176,Tutty Fruity Ice Cream (MI),MI,1.0,No.,97,Paper Napkin (1pkt = 100pc),1.0,Pc,1.0,,0.2621,0.2465,recipe_cost_connaught_place.csv,Tutty Fruity Ice Cream,False,-6.0
Connaught Place,Delhi,175,Chocolate Ice Cream (MI),MI,1.0,No.,286,Dutch Chocolate - 2.1 Kg Block,0.08,Kg,0.08,54.0,,,recipe_cost_connaught_place.csv,Chocolate Ice Cream,True,
Connaught Place,Delhi,175,Chocolate Ice Cream (MI),MI,1.0,No.,97,Paper Napkin (1pkt = 100pc),1.0,Pc,1.0,,0.2621,0.2465,recipe_cost_connaught_place.csv,Chocolate Ice Cream,False,-6.0
Connaught Place,Delhi,173,Vanilla Ice Cream (MI),MI,1.0,No.,285,Vanilla Ice Cream - 2.1 Kg Block,0.08,Kg,0.08,50.0,,,recipe_cost_connaught_place.csv,Vanilla Ice Cream,True,
Connaught Place,Delhi,173,Vanilla Ice Cream (MI),MI,1.0,No.,97,Paper Napkin (1pkt = 100pc),1.0,Pc,1.0,,0.2621,0.2465,recipe_cost_connaught_place.csv,Vanilla Ice Cream,False,-6.0
Connaught Place,Delhi,116,Dosa Coffee Malabar Tiffin (MI),MI,1.0,No.,216,Malabar Paratha  (1pkt= 6Pcs),2.0,Pc,2.0,,15.5673,17.0057,recipe_cost_connaught_place.csv,Dosa Coffee Malabar Tiffin,False,9.2
Connaught Place,Delhi,116,Dosa Coffee Malabar Tiffin (MI),MI,1.0,No.,43,Sunflower Refined Oil  ( 1pkt = 868 Ml ),0.01,Ltr,0.01,,1.7563,1.9777,recipe_cost_connaught_place.csv,Dosa Coffee Malabar Tiffin,False,12.6
Connaught Place,Delhi,116,Dosa Coffee Malabar Tiffin (MI),MI,1.0,No.,195,Korma Gravy Mix (1pkt=700gm),0.1,Kg,0.1,,15.4555,15.85,recipe_cost_connaught_place.csv,Dosa Coffee Malabar Tiffin,False,2.6
Connaught Place,Delhi,116,Dosa Coffee Malabar Tiffin (MI),MI,1.0,No.,191,Frozen Medu Vada (10pc),1.0,Pc,1.0,,4.8836,4.9249,recipe_cost_connaught_place.csv,Dosa Coffee Malabar Tiffin,False,0.8
Connaught Place,Delhi,116,Dosa Coffee Malabar Tiffin (MI),MI,1.0,No.,201,Dahi Bucket (Inactive),0.1,Kg,0.1,,,,recipe_cost_connaught_place.csv,Dosa Coffee Malabar Tiffin,True,
Connaught Place,Delhi,116,Dosa Coffee Malabar Tiffin (MI),MI,1.0,No.,208,Chaat Masala Bucket,0.01,Kg,0.01,,3.0959,3.2269,recipe_cost_connaught_place.csv,Dosa Coffee Malabar Tiffin,False,4.2
Connaught Place,Delhi,116,Dosa Coffee Malabar Tiffin (MI),MI,1.0,No.,75,Ghee,17.0,gm,17.0,,12.2579,13.2479,recipe_cost_connaught_place.csv,Dosa Coffee Malabar Tiffin,False,8.1
Connaught Place,Delhi,116,Dosa Coffee Malabar Tiffin (MI),MI,1.0,No.,39,Cashew,0.001,Kg,0.001,,0.8726,0.8884,recipe_cost_connaught_place.csv,Dosa Coffee Malabar Tiffin,False,1.8
Connaught Place,Delhi,116,Dosa Coffee Malabar Tiffin (MI),MI,1.0,No.,21,RO Water,0.063,Ltr,0.063,,,,recipe_cost_connaught_place.csv,Dosa Coffee Malabar Tiffin,True,
Connaught Place,Delhi,116,Dosa Coffee Malabar Tiffin (MI),MI,1.0,No.,9,Raisin,0.001,Kg,0.001,,0.596,0.6613,recipe_cost_connaught_place.csv,Dosa Coffee Malabar Tiffin,False,11.0
Connaught Place,Delhi,116,Dosa Coffee Malabar Tiffin (MI),MI,1.0,No.,217,Kesari Halwa Mix  (1pkt = 550gm),0.046,Kg,0.046,,3.2649,3.5185,recipe_cost_connaught_place.csv,Dosa Coffee Malabar Tiffin,False,7.8
Connaught Place,Delhi,116,Dosa Coffee Malabar Tiffin (MI),MI,1.0,No.,30,Appalam Papad (1pkt = 47pc),1.0,Pc,1.0,,3.713,3.818,recipe_cost_connaught_place.csv,Dosa Coffee Malabar Tiffin,False,2.8
Connaught Place,Delhi,116,Dosa Coffee Malabar Tiffin (MI),MI,1.0,No.,118,Compartment Tray With Lid - 5CP (1pkt = 25pc),1.0,Pc,1.0,,10.5347,10.7538,recipe_cost_connaught_place.csv,Dosa Coffee Malabar Tiffin,False,2.1
Connaught Place,Delhi,116,Dosa Coffee Malabar Tiffin (MI),MI,1.0,No.,129,Carry Bag - Medium (1pkt = 100pc),1.0,Pc,1.0,,,,recipe_cost_connaught_place.csv,Dosa Coffee Malabar Tiffin,True,
Connaught Place,Delhi,116,Dosa Coffee Malabar Tiffin (MI),MI,1.0,No.,109,Cable Tie (1pkt = 100pc),1.0,Pc,1.0,,,,recipe_cost_connaught_place.csv,Dosa Coffee Malabar Tiffin,True,
Connaught Place,Delhi,116,Dosa Coffee Malabar Tiffin (MI),MI,1.0,No.,105,Paper Sleeve (1pkt = 50pc),1.0,Pc,1.0,,1.3547,1.3547,recipe_cost_connaught_place.csv,Dosa Coffee Malabar Tiffin,False,0.0
Connaught Place,Delhi,116,Dosa Coffee Malabar Tiffin (MI),MI,1.0,No.,97,Paper Napkin (1pkt = 100pc),1.0,Pc,1.0,,0.2621,0.2465,recipe_cost_connaught_place.csv,Dosa Coffee Malabar Tiffin,False,-6.0
Connaught Place,Delhi,116,Dosa Coffee Malabar Tiffin (MI),MI,1.0,No.,93,Bio-Degradable Spoon (1pkt = 50pc),1.0,Pc,1.0,,0.6604,0.5911,recipe_cost_connaught_place.csv,Dosa Coffee Malabar Tiffin,False,-10.5
Connaught Place,Delhi,88,Homemade Ginger Ale (MI),MI,1.0,No.,97,Paper Napkin (1pkt = 100pc),1.0,Pc,1.0,,0.2621,0.2465,recipe_cost_connaught_place.csv,Homemade Ginger Ale,False,-6.0
Connaught Place,Delhi,88,Homemade Ginger Ale (MI),MI,1.0,No.,270,Ginger Ale Syrup - Sheetal (1Bottle=750ml),0.05,Ltr,0.05,,,,recipe_cost_connaught_place.csv,Homemade Ginger Ale,True,
Connaught Place,Delhi,88,Homemade Ginger Ale (MI),MI,1.0,No.,64,Kinley Soda 750ml Pet,0.333,Pc,0.333,,5.0409,5.1493,recipe_cost_connaught_place.csv,Homemade Ginger Ale,False,2.2
Connaught Place,Delhi,88,Homemade Ginger Ale (MI),MI,1.0,No.,113,Paper Straw (1pkt = 100pc),1.0,Pc,1.0,,0.4287,0.4479,recipe_cost_connaught_place.csv,Homemade Ginger Ale,False,4.5
Connaught Place,Delhi,42,Thindi Mysore Ghee Dosa (MI),MI,1.0,No.,190,Dosa Batter Mix,0.12,Kg,0.12,,3.6413,3.6665,recipe_cost_connaught_place.csv,Thindi Mysore Ghee Dosa,False,0.7
Connaught Place,Delhi,42,Thindi Mysore Ghee Dosa (MI),MI,1.0,No.,186,Spicy Coconut Chutney Bucket,0.1,Kg,0.1,,5.5494,5.8378,recipe_cost_connaught_place.csv,Thindi Mysore Ghee Dosa,False,5.2
Connaught Place,Delhi,42,Thindi Mysore Ghee Dosa (MI),MI,1.0,No.,207,Special Daal Bucket,0.001,Kg,0.001,,0.1474,0.1533,recipe_cost_connaught_place.csv,Thindi Mysore Ghee Dosa,False,4.0
Connaught Place,Delhi,42,Thindi Mysore Ghee Dosa (MI),MI,1.0,No.,210,Mysore Chutney Bucket,0.03,Kg,0.03,,5.5081,5.668,recipe_cost_connaught_place.csv,Thindi Mysore Ghee Dosa,False,2.9
Connaught Place,Delhi,42,Thindi Mysore Ghee Dosa (MI),MI,1.0,No.,83,Udhaya Krishna Ghee,20.0,gm,20.0,,,,recipe_cost_connaught_place.csv,Thindi Mysore Ghee Dosa,True,
Connaught Place,Delhi,42,Thindi Mysore Ghee Dosa (MI),MI,1.0,No.,97,Paper Napkin (1pkt = 100pc),1.0,Pc,1.0,,0.2621,0.2465,recipe_cost_connaught_place.csv,Thindi Mysore Ghee Dosa,False,-6.0
Connaught Place,Delhi,92,Rasam (MI),MI,1.0,No.,177,Rasam Bucket,0.15,Ltr,0.15,,5.5431,5.7906,recipe_cost_connaught_place.csv,Rasam,False,4.5
Connaught Place,Delhi,92,Rasam (MI),MI,1.0,No.,115,Coriander Leaves,0.001,Kg,0.001,,0.0992,0.1087,recipe_cost_connaught_place.csv,Rasam,False,9.6
Connaught Place,Delhi,92,Rasam (MI),MI,1.0,No.,97,Paper Napkin (1pkt = 100pc),1.0,Pc,1.0,,0.2621,0.2465,recipe_cost_connaught_place.csv,Rasam,False,-6.0
Connaught Place,Delhi,158,Idli & Chutney (MI),MI,1.0,No.,218,Idli Pc Raw (1 Pkt =40pc),2.0,Pc,2.0,,3.8633,4.0339,recipe_cost_connaught_place.csv,Idli & Chutney,False,4.4
Connaught Place,Delhi,158,Idli & Chutney (MI),MI,1.0,No.,186,Spicy Coconut Chutney Bucket,0.2,Kg,0.2,,11.0989,11.6756,recipe_cost_connaught_place.csv,Idli & Chutney,False,5.2
Connaught Place,Delhi,158,Idli & Chutney (MI),MI,1.0,No.,207,Special Daal Bucket,0.003,Kg,0.003,,0.4421,0.4598,recipe_cost_connaught_place.csv,Idli & Chutney,False,4.0
Connaught Place,Delhi,158,Idli & Chutney (MI),MI,1.0,No.,97,Paper Napkin (1pkt = 100pc),1.0,Pc,1.0,,0.2621,0.2465,recipe_cost_connaught_place.csv,Idli & Chutney,False,-6.0
Connaught Place,Delhi,41,Thindi Raw Mango Ghee Dosa (MI),MI,1.0,No.,190,Dosa Batter Mix,0.12,Kg,0.12,,3.6413,3.6665,recipe_cost_connaught_place.csv,Thindi Raw Mango Ghee Dosa,False,0.7
Connaught Place,Delhi,41,Thindi Raw Mango Ghee Dosa (MI),MI,1.0,No.,83,Udhaya Krishna Ghee,20.0,gm,20.0,,,,recipe_cost_connaught_place.csv,Thindi Raw Mango Ghee Dosa,True,
Connaught Place,Delhi,41,Thindi Raw Mango Ghee Dosa (MI),MI,1.0,No.,209,Raw Mango Chutney Bucket,0.05,Kg,0.05,,11.2718,11.3893,recipe_cost_connaught_place.csv,Thindi Raw Mango Ghee Dosa,False,1.0
Connaught Place,Delhi,41,Thindi Raw Mango Ghee Dosa (MI),MI,1.0,No.,186,Spicy Coconut Chutney Bucket,0.1,Kg,0.1,,5.5494,5.8378,recipe_cost_connaught_place.csv,Thindi Raw Mango Ghee Dosa,False,5.2
Connaught Place,Delhi,41,Thindi Raw Mango Ghee Dosa (MI),MI,1.0,No.,207,Special Daal Bucket,0.001,Kg,0.001,,0.1474,0.1533,recipe_cost_connaught_place.csv,Thindi Raw Mango Ghee Dosa,False,4.0
Connaught Place,Delhi,41,Thindi Raw Mango Ghee Dosa (MI),MI,1.0,No.,97,Paper Napkin (1pkt = 100pc),1.0,Pc,1.0,,0.2621,0.2465,recipe_cost_connaught_place.csv,Thindi Raw Mango Ghee Dosa,False,-6.0
Connaught Place,Delhi,17,Sambar Vada Pc (MI),MI,1.0,No.,191,Frozen Medu Vada (10pc),1.0,Pc,1.0,,4.8836,4.9249,recipe_cost_connaught_place.csv,Sambar Vada Pc,False,0.8
Connaught Place,Delhi,17,Sambar Vada Pc (MI),MI,1.0,No.,12,Regular White Chutney Bucket (Inactive),0.1,Kg,0.1,,,,recipe_cost_connaught_place.csv,Sambar Vada Pc,True,
Connaught Place,Delhi,17,Sambar Vada Pc (MI),MI,1.0,No.,207,Special Daal Bucket,0.001,Kg,0.001,,0.1474,0.1533,recipe_cost_connaught_place.csv,Sambar Vada Pc,False,4.0
Connaught Place,Delhi,17,Sambar Vada Pc (MI),MI,1.0,No.,234,Regular White Chutney Bucket Outlet,0.1,Kg,0.1,,7.9582,8.0894,recipe_cost_connaught_place.csv,Sambar Vada Pc,False,1.6
Connaught Place,Delhi,62,Spicy Onion Chutney (MI),MI,1.0,No.,196,Onion Chutney Bucket,0.1,Kg,0.1,,,,recipe_cost_connaught_place.csv,Spicy Onion Chutney,True,
Connaught Place,Delhi,62,Spicy Onion Chutney (MI),MI,1.0,No.,207,Special Daal Bucket,0.001,Kg,0.001,,0.1474,0.1533,recipe_cost_connaught_place.csv,Spicy Onion Chutney,False,4.0
Connaught Place,Delhi,160,Idli Vada & Chutney (MI),MI,1.0,No.,218,Idli Pc Raw (1 Pkt =40pc),1.0,Pc,1.0,,1.9316,2.0169,recipe_cost_connaught_place.csv,Idli Vada & Chutney,False,4.4
Connaught Place,Delhi,160,Idli Vada & Chutney (MI),MI,1.0,No.,191,Frozen Medu Vada (10pc),1.0,Pc,1.0,,4.8836,4.9249,recipe_cost_connaught_place.csv,Idli Vada & Chutney,False,0.8
Connaught Place,Delhi,160,Idli Vada & Chutney (MI),MI,1.0,No.,186,Spicy Coconut Chutney Bucket,0.2,Kg,0.2,,11.0989,11.6756,recipe_cost_connaught_place.csv,Idli Vada & Chutney,False,5.2
Connaught Place,Delhi,160,Idli Vada & Chutney (MI),MI,1.0,No.,207,Special Daal Bucket,0.003,Kg,0.003,,0.4421,0.4598,recipe_cost_connaught_place.csv,Idli Vada & Chutney,False,4.0
Connaught Place,Delhi,160,Idli Vada & Chutney (MI),MI,1.0,No.,97,Paper Napkin (1pkt = 100pc),1.0,Pc,1.0,,0.2621,0.2465,recipe_cost_connaught_place.csv,Idli Vada & Chutney,False,-6.0
Connaught Place,Delhi,109,Appam Batter Kit (500ml) (MI),MI,1.0,No.,198,Appam Batter,0.5,Kg,0.5,,11.0061,11.0061,recipe_cost_connaught_place.csv,Appam Batter Kit (500ml),False,0.0
Connaught Place,Delhi,109,Appam Batter Kit (500ml) (MI),MI,1.0,No.,219,Potato Stew Bucket,0.25,Kg,0.25,,,,recipe_cost_connaught_place.csv,Appam Batter Kit (500ml),True,
Connaught Place,Delhi,119,Malkapodi & Ghee (MI),MI,1.0,No.,193,Malkapodi Bucket,0.015,Kg,0.015,,2.573,2.5776,recipe_cost_connaught_place.csv,Malkapodi & Ghee,False,0.2
Connaught Place,Delhi,119,Malkapodi & Ghee (MI),MI,1.0,No.,75,Ghee,20.0,gm,20.0,,14.4211,15.5858,recipe_cost_connaught_place.csv,Malkapodi & Ghee,False,8.1
Connaught Place,Delhi,97,Filter Coffee Flask (250ml) (MI),MI,1.0,No.,4,Cothas Coffee Powder,0.025,Kg,0.025,,21.3701,22.2606,recipe_cost_connaught_place.csv,Filter Coffee Flask (250ml),False,4.2
Connaught Place,Delhi,97,Filter Coffee Flask (250ml) (MI),MI,1.0,No.,76,Milk - Tetra 1Ltr,0.15,Ltr,0.15,,11.7819,11.9218,recipe_cost_connaught_place.csv,Filter Coffee Flask (250ml),False,1.2
Connaught Place,Delhi,97,Filter Coffee Flask (250ml) (MI),MI,1.0,No.,31,White Sugar Sachet (1pkt = 200pc),4.0,Pc,4.0,,1.8147,1.9853,recipe_cost_connaught_place.csv,Filter Coffee Flask (250ml),False,9.4
Connaught Place,Delhi,97,Filter Coffee Flask (250ml) (MI),MI,1.0,No.,97,Paper Napkin (1pkt = 100pc),2.0,Pc,2.0,,0.5241,0.493,recipe_cost_connaught_place.csv,Filter Coffee Flask (250ml),False,-5.9
Connaught Place,Delhi,107,Paniyaram Batter Kit (1Ltr) (MI),MI,1.0,No.,190,Dosa Batter Mix,1.0,Kg,1.0,,30.3444,30.5539,recipe_cost_connaught_place.csv,Paniyaram Batter Kit (1Ltr),False,0.7
Connaught Place,Delhi,107,Paniyaram Batter Kit (1Ltr) (MI),MI,1.0,No.,132,Onion,0.1,Kg,0.1,,3.4914,3.534,recipe_cost_connaught_place.csv,Paniyaram Batter Kit (1Ltr),False,1.2
Connaught Place,Delhi,107,Paniyaram Batter Kit (1Ltr) (MI),MI,1.0,No.,116,Raw Green Chili,0.01,Kg,0.01,,0.4074,0.4081,recipe_cost_connaught_place.csv,Paniyaram Batter Kit (1Ltr),False,0.2
Connaught Place,Delhi,107,Paniyaram Batter Kit (1Ltr) (MI),MI,1.0,No.,108,Ginger,0.01,Kg,0.01,,1.1764,1.1689,recipe_cost_connaught_place.csv,Paniyaram Batter Kit (1Ltr),False,-0.6
Connaught Place,Delhi,107,Paniyaram Batter Kit (1Ltr) (MI),MI,1.0,No.,131,Curry Leaves,0.002,Kg,0.002,,0.0762,0.0762,recipe_cost_connaught_place.csv,Paniyaram Batter Kit (1Ltr),False,0.0
Connaught Place,Delhi,107,Paniyaram Batter Kit (1Ltr) (MI),MI,1.0,No.,184,Sambar Bucket,0.5,Ltr,0.5,,15.2417,15.1784,recipe_cost_connaught_place.csv,Paniyaram Batter Kit (1Ltr),False,-0.4
Connaught Place,Delhi,107,Paniyaram Batter Kit (1Ltr) (MI),MI,1.0,No.,204,Special White Coconut Chutney Bucket,0.25,gm,0.25,,0.0216,0.0221,recipe_cost_connaught_place.csv,Paniyaram Batter Kit (1Ltr),False,2.3
Connaught Place,Delhi,107,Paniyaram Batter Kit (1Ltr) (MI),MI,1.0,No.,115,Coriander Leaves,0.002,Kg,0.002,,0.1985,0.2175,recipe_cost_connaught_place.csv,Paniyaram Batter Kit (1Ltr),False,9.6
Connaught Place,Delhi,107,Paniyaram Batter Kit (1Ltr) (MI),MI,1.0,No.,207,Special Daal Bucket,0.003,Kg,0.003,,0.4421,0.4598,recipe_cost_connaught_place.csv,Paniyaram Batter Kit (1Ltr),False,4.0
Connaught Place,Delhi,60,Raw Mango Chutney (MI),MI,1.0,No.,209,Raw Mango Chutney Bucket,0.1,Kg,0.1,,22.5436,22.7785,recipe_cost_connaught_place.csv,Raw Mango Chutney,False,1.0
Connaught Place,Delhi,60,Raw Mango Chutney (MI),MI,1.0,No.,207,Special Daal Bucket,0.001,Kg,0.001,,0.1474,0.1533,recipe_cost_connaught_place.csv,Raw Mango Chutney,False,4.0
Connaught Place,Delhi,80,Homemade Sparkling Lemonade (MI),MI,1.0,No.,212,Sugar Syrup Bucket,0.05,Ltr,0.05,,,,recipe_cost_connaught_place.csv,Homemade Sparkling Lemonade,True,
Connaught Place,Delhi,80,Homemade Sparkling Lemonade (MI),MI,1.0,No.,124,Lime,2.0,Pc,2.0,,5.7098,5.3934,recipe_cost_connaught_place.csv,Homemade Sparkling Lemonade,False,-5.5
Connaught Place,Delhi,80,Homemade Sparkling Lemonade (MI),MI,1.0,No.,15,Black Salt,1.0,gm,1.0,,0.0788,0.0767,recipe_cost_connaught_place.csv,Homemade Sparkling Lemonade,False,-2.7
Connaught Place,Delhi,80,Homemade Sparkling Lemonade (MI),MI,1.0,No.,64,Kinley Soda 750ml Pet,0.333,Pc,0.333,,5.0409,5.1493,recipe_cost_connaught_place.csv,Homemade Sparkling Lemonade,False,2.2
Connaught Place,Delhi,80,Homemade Sparkling Lemonade (MI),MI,1.0,No.,113,Paper Straw (1pkt = 100pc),1.0,Pc,1.0,,0.4287,0.4479,recipe_cost_connaught_place.csv,Homemade Sparkling Lemonade,False,4.5
Connaught Place,Delhi,80,Homemade Sparkling Lemonade (MI),MI,1.0,No.,97,Paper Napkin (1pkt = 100pc),1.0,Pc,1.0,,0.2621,0.2465,recipe_cost_connaught_place.csv,Homemade Sparkling Lemonade,False,-6.0
Connaught Place,Delhi,40,Thindi Garlic Ghee Dosa (MI),MI,1.0,No.,190,Dosa Batter Mix,0.12,Kg,0.12,,3.6413,3.6665,recipe_cost_connaught_place.csv,Thindi Garlic Ghee Dosa,False,0.7
Connaught Place,Delhi,40,Thindi Garlic Ghee Dosa (MI),MI,1.0,No.,83,Udhaya Krishna Ghee,20.0,gm,20.0,,,,recipe_cost_connaught_place.csv,Thindi Garlic Ghee Dosa,True,
Connaught Place,Delhi,40,Thindi Garlic Ghee Dosa (MI),MI,1.0,No.,186,Spicy Coconut Chutney Bucket,0.1,Kg,0.1,,5.5494,5.8378,recipe_cost_connaught_place.csv,Thindi Garlic Ghee Dosa,False,5.2
Connaught Place,Delhi,40,Thindi Garlic Ghee Dosa (MI),MI,1.0,No.,202,Garlic Chutney Bucket,0.025,Kg,0.025,,6.3666,6.3763,recipe_cost_connaught_place.csv,Thindi Garlic Ghee Dosa,False,0.2
Connaught Place,Delhi,40,Thindi Garlic Ghee Dosa (MI),MI,1.0,No.,97,Paper Napkin (1pkt = 100pc),1.0,Pc,1.0,,0.2621,0.2465,recipe_cost_connaught_place.csv,Thindi Garlic Ghee Dosa,False,-6.0
Connaught Place,Delhi,40,Thindi Garlic Ghee Dosa (MI),MI,1.0,No.,207,Special Daal Bucket,0.001,Kg,0.001,,0.1474,0.1533,recipe_cost_connaught_place.csv,Thindi Garlic Ghee Dosa,False,4.0
Connaught Place,Delhi,89,Cold Coffee (MI),MI,1.0,No.,4,Cothas Coffee Powder,0.016,Kg,0.016,,13.6769,14.2468,recipe_cost_connaught_place.csv,Cold Coffee,False,4.2
Connaught Place,Delhi,89,Cold Coffee (MI),MI,1.0,No.,212,Sugar Syrup Bucket,0.025,Ltr,0.025,,,,recipe_cost_connaught_place.csv,Cold Coffee,True,
Connaught Place,Delhi,89,Cold Coffee (MI),MI,1.0,No.,13,Milk Powder,0.04,Kg,0.04,,,,recipe_cost_connaught_place.csv,Cold Coffee,True,
Connaught Place,Delhi,89,Cold Coffee (MI),MI,1.0,No.,76,Milk - Tetra 1Ltr,0.05,Ltr,0.05,,3.9273,3.9739,recipe_cost_connaught_place.csv,Cold Coffee,False,1.2
Connaught Place,Delhi,89,Cold Coffee (MI),MI,1.0,No.,113,Paper Straw (1pkt = 100pc),1.0,Pc,1.0,,0.4287,0.4479,recipe_cost_connaught_place.csv,Cold Coffee,False,4.5
Connaught Place,Delhi,89,Cold Coffee (MI),MI,1.0,No.,97,Paper Napkin (1pkt = 100pc),1.0,Pc,1.0,,0.2621,0.2465,recipe_cost_connaught_place.csv,Cold Coffee,False,-6.0
Connaught Place,Delhi,47,Steam Dosa With Paneer Korma (MI),MI,1.0,No.,190,Dosa Batter Mix,0.063,Kg,0.063,,1.9117,1.9249,recipe_cost_connaught_place.csv,Steam Dosa With Paneer Korma,False,0.7
Connaught Place,Delhi,47,Steam Dosa With Paneer Korma (MI),MI,1.0,No.,21,RO Water,0.063,Ltr,0.063,,,,recipe_cost_connaught_place.csv,Steam Dosa With Paneer Korma,True,
Connaught Place,Delhi,47,Steam Dosa With Paneer Korma (MI),MI,1.0,No.,195,Korma Gravy Mix (1pkt=700gm),0.2,Kg,0.2,,30.911,31.7001,recipe_cost_connaught_place.csv,Steam Dosa With Paneer Korma,False,2.6
Connaught Place,Delhi,47,Steam Dosa With Paneer Korma (MI),MI,1.0,No.,115,Coriander Leaves,0.001,Kg,0.001,,0.0992,0.1087,recipe_cost_connaught_place.csv,Steam Dosa With Paneer Korma,False,9.6
Connaught Place,Delhi,47,Steam Dosa With Paneer Korma (MI),MI,1.0,No.,97,Paper Napkin (1pkt = 100pc),1.0,Pc,1.0,,0.2621,0.2465,recipe_cost_connaught_place.csv,Steam Dosa With Paneer Korma,False,-6.0
Connaught Place,Delhi,47,Steam Dosa With Paneer Korma (MI),MI,1.0,No.,229,Coconut Shredded,0.025,Kg,0.025,,6.1956,6.3252,recipe_cost_connaught_place.csv,Steam Dosa With Paneer Korma,False,2.1
Connaught Place,Delhi,91,Crunchy Oreo Cold Coffee (MI),MI,1.0,No.,4,Cothas Coffee Powder,0.012,Kg,0.012,,10.2576,10.6851,recipe_cost_connaught_place.csv,Crunchy Oreo Cold Coffee,False,4.2
Connaught Place,Delhi,91,Crunchy Oreo Cold Coffee (MI),MI,1.0,No.,31,White Sugar Sachet (1pkt = 200pc),2.0,Pc,2.0,,0.9074,0.9926,recipe_cost_connaught_place.csv,Crunchy Oreo Cold Coffee,False,9.4
Connaught Place,Delhi,91,Crunchy Oreo Cold Coffee (MI),MI,1.0,No.,13,Milk Powder,0.04,Kg,0.04,,,,recipe_cost_connaught_place.csv,Crunchy Oreo Cold Coffee,True,
Connaught Place,Delhi,91,Crunchy Oreo Cold Coffee (MI),MI,1.0,No.,76,Milk - Tetra 1Ltr,0.015,Ltr,0.015,,1.1782,1.1922,recipe_cost_connaught_place.csv,Crunchy Oreo Cold Coffee,False,1.2
Connaught Place,Delhi,91,Crunchy Oreo Cold Coffee (MI),MI,1.0,No.,3,Oreo Buiscuits,2.5,Pc,2.5,,23.4496,23.2051,recipe_cost_connaught_place.csv,Crunchy Oreo Cold Coffee,False,-1.0
Connaught Place,Delhi,91,Crunchy Oreo Cold Coffee (MI),MI,1.0,No.,113,Paper Straw (1pkt = 100pc),1.0,Pc,1.0,,0.4287,0.4479,recipe_cost_connaught_place.csv,Crunchy Oreo Cold Coffee,False,4.5
Connaught Place,Delhi,91,Crunchy Oreo Cold Coffee (MI),MI,1.0,No.,97,Paper Napkin (1pkt = 100pc),1.0,Pc,1.0,,0.2621,0.2465,recipe_cost_connaught_place.csv,Crunchy Oreo Cold Coffee,False,-6.0
Connaught Place,Delhi,152,Extra Paneer Korma (MI),MI,1.0,No.,195,Korma Gravy Mix (1pkt=700gm),0.1,Kg,0.1,,15.4555,15.85,recipe_cost_connaught_place.csv,Extra Paneer Korma,False,2.6
Connaught Place,Delhi,152,Extra Paneer Korma (MI),MI,1.0,No.,115,Coriander Leaves,0.001,Kg,0.001,,0.0992,0.1087,recipe_cost_connaught_place.csv,Extra Paneer Korma,False,9.6
Connaught Place,Delhi,61,Spicy Tomato Onion Chutney (MI),MI,1.0,No.,188,Tomato Onion Chutney Bucket,0.1,Kg,0.1,,12.5426,11.0684,recipe_cost_connaught_place.csv,Spicy Tomato Onion Chutney,False,-11.8
Connaught Place,Delhi,61,Spicy Tomato Onion Chutney (MI),MI,1.0,No.,207,Special Daal Bucket,0.001,Kg,0.001,,0.1474,0.1533,recipe_cost_connaught_place.csv,Spicy Tomato Onion Chutney,False,4.0
Connaught Place,Delhi,72,Lemon Sevai (MI),MI,1.0,No.,197,Lemon Sevai Bucket,0.15,Kg,0.15,,,,recipe_cost_connaught_place.csv,Lemon Sevai,True,
Connaught Place,Delhi,72,Lemon Sevai (MI),MI,1.0,No.,28,Raw Peanut,0.01,Kg,0.01,,1.9027,2.1798,recipe_cost_connaught_place.csv,Lemon Sevai,False,14.6
Connaught Place,Delhi,72,Lemon Sevai (MI),MI,1.0,No.,46,Chana Daal,0.006,Kg,0.006,,0.4892,0.4945,recipe_cost_connaught_place.csv,Lemon Sevai,False,1.1
Connaught Place,Delhi,72,Lemon Sevai (MI),MI,1.0,No.,48,Dosa Daal (Urad),0.006,Kg,0.006,,0.7631,0.779,recipe_cost_connaught_place.csv,Lemon Sevai,False,2.1
Connaught Place,Delhi,72,Lemon Sevai (MI),MI,1.0,No.,27,Mustard Seed,2.0,gm,2.0,,0.2473,0.2499,recipe_cost_connaught_place.csv,Lemon Sevai,False,1.1
Connaught Place,Delhi,72,Lemon Sevai (MI),MI,1.0,No.,131,Curry Leaves,0.002,Kg,0.002,,0.0762,0.0762,recipe_cost_connaught_place.csv,Lemon Sevai,False,0.0
Connaught Place,Delhi,72,Lemon Sevai (MI),MI,1.0,No.,43,Sunflower Refined Oil  ( 1pkt = 868 Ml ),0.01,Ltr,0.01,,1.7563,1.9777,recipe_cost_connaught_place.csv,Lemon Sevai,False,12.6
Connaught Place,Delhi,72,Lemon Sevai (MI),MI,1.0,No.,29,Salt,0.003,Kg,0.003,,0.0882,0.0922,recipe_cost_connaught_place.csv,Lemon Sevai,False,4.5
Connaught Place,Delhi,72,Lemon Sevai (MI),MI,1.0,No.,40,Dry Red Chili,1.0,gm,1.0,,0.2487,0.2946,recipe_cost_connaught_place.csv,Lemon Sevai,False,18.5
Connaught Place,Delhi,72,Lemon Sevai (MI),MI,1.0,No.,207,Special Daal Bucket,0.003,Kg,0.003,,0.4421,0.4598,recipe_cost_connaught_place.csv,Lemon Sevai,False,4.0
Connaught Place,Delhi,72,Lemon Sevai (MI),MI,1.0,No.,97,Paper Napkin (1pkt = 100pc),1.0,Pc,1.0,,0.2621,0.2465,recipe_cost_connaught_place.csv,Lemon Sevai,False,-6.0
Connaught Place,Delhi,72,Lemon Sevai (MI),MI,1.0,No.,30,Appalam Papad (1pkt = 47pc),1.0,Pc,1.0,,3.713,3.818,recipe_cost_connaught_place.csv,Lemon Sevai,False,2.8
Connaught Place,Delhi,59,Beetroot Chutney (MI),MI,1.0,No.,180,Beetroot Chutney Bucket,0.1,Kg,0.1,,,,recipe_cost_connaught_place.csv,Beetroot Chutney,True,
Connaught Place,Delhi,59,Beetroot Chutney (MI),MI,1.0,No.,207,Special Daal Bucket,0.001,Kg,0.001,,0.1474,0.1533,recipe_cost_connaught_place.csv,Beetroot Chutney,False,4.0
Connaught Place,Delhi,93,Black Coffee (MI),MI,1.0,No.,4,Cothas Coffee Powder,0.014,Kg,0.014,,11.9672,12.466,recipe_cost_connaught_place.csv,Black Coffee,False,4.2
Connaught Place,Delhi,93,Black Coffee (MI),MI,1.0,No.,31,White Sugar Sachet (1pkt = 200pc),1.0,Pc,1.0,,0.4537,0.4963,recipe_cost_connaught_place.csv,Black Coffee,False,9.4
Connaught Place,Delhi,93,Black Coffee (MI),MI,1.0,No.,97,Paper Napkin (1pkt = 100pc),1.0,Pc,1.0,,0.2621,0.2465,recipe_cost_connaught_place.csv,Black Coffee,False,-6.0
Connaught Place,Delhi,90,Nutella Cold Coffee (MI),MI,1.0,No.,4,Cothas Coffee Powder,0.012,Kg,0.012,,10.2576,10.6851,recipe_cost_connaught_place.csv,Nutella Cold Coffee,False,4.2
Connaught Place,Delhi,90,Nutella Cold Coffee (MI),MI,1.0,No.,31,White Sugar Sachet (1pkt = 200pc),1.0,Pc,1.0,,0.4537,0.4963,recipe_cost_connaught_place.csv,Nutella Cold Coffee,False,9.4
Connaught Place,Delhi,90,Nutella Cold Coffee (MI),MI,1.0,No.,13,Milk Powder,0.04,Kg,0.04,,,,recipe_cost_connaught_place.csv,Nutella Cold Coffee,True,
Connaught Place,Delhi,90,Nutella Cold Coffee (MI),MI,1.0,No.,76,Milk - Tetra 1Ltr,0.025,Ltr,0.025,,1.9637,1.987,recipe_cost_connaught_place.csv,Nutella Cold Coffee,False,1.2
Connaught Place,Delhi,90,Nutella Cold Coffee (MI),MI,1.0,No.,10,Nuttella (350gm),0.02,Kg,0.02,,17.1786,16.6536,recipe_cost_connaught_place.csv,Nutella Cold Coffee,False,-3.1
Connaught Place,Delhi,90,Nutella Cold Coffee (MI),MI,1.0,No.,113,Paper Straw (1pkt = 100pc),1.0,Pc,1.0,,0.4287,0.4479,recipe_cost_connaught_place.csv,Nutella Cold Coffee,False,4.5
Connaught Place,Delhi,90,Nutella Cold Coffee (MI),MI,1.0,No.,97,Paper Napkin (1pkt = 100pc),1.0,Pc,1.0,,0.2621,0.2465,recipe_cost_connaught_place.csv,Nutella Cold Coffee,False,-6.0
Connaught Place,Delhi,159,Masala Dosa & Chutney (MI),MI,1.0,No.,190,Dosa Batter Mix,0.12,Kg,0.12,,3.6413,3.6665,recipe_cost_connaught_place.csv,Masala Dosa & Chutney,False,0.7
Connaught Place,Delhi,159,Masala Dosa & Chutney (MI),MI,1.0,No.,178,Potato Masala Bucket,0.075,Kg,0.075,,3.0766,3.1276,recipe_cost_connaught_place.csv,Masala Dosa & Chutney,False,1.7
Connaught Place,Delhi,159,Masala Dosa & Chutney (MI),MI,1.0,No.,43,Sunflower Refined Oil  ( 1pkt = 868 Ml ),0.01,Ltr,0.01,,1.7563,1.9777,recipe_cost_connaught_place.csv,Masala Dosa & Chutney,False,12.6
Connaught Place,Delhi,159,Masala Dosa & Chutney (MI),MI,1.0,No.,186,Spicy Coconut Chutney Bucket,0.2,Kg,0.2,,11.0989,11.6756,recipe_cost_connaught_place.csv,Masala Dosa & Chutney,False,5.2
Connaught Place,Delhi,159,Masala Dosa & Chutney (MI),MI,1.0,No.,207,Special Daal Bucket,0.003,Kg,0.003,,0.4421,0.4598,recipe_cost_connaught_place.csv,Masala Dosa & Chutney,False,4.0
Connaught Place,Delhi,159,Masala Dosa & Chutney (MI),MI,1.0,No.,97,Paper Napkin (1pkt = 100pc),1.0,Pc,1.0,,0.2621,0.2465,recipe_cost_connaught_place.csv,Masala Dosa & Chutney,False,-6.0
Connaught Place,Delhi,103,Rava Dosa Batter Kit (500ml) (MI),MI,1.0,No.,213,Rava Powder Mix,0.125,Kg,0.125,,11.6657,11.3208,recipe_cost_connaught_place.csv,Rava Dosa Batter Kit (500ml),False,-3.0
Connaught Place,Delhi,103,Rava Dosa Batter Kit (500ml) (MI),MI,1.0,No.,21,RO Water,0.375,Ltr,0.375,,,,recipe_cost_connaught_place.csv,Rava Dosa Batter Kit (500ml),True,
Connaught Place,Delhi,103,Rava Dosa Batter Kit (500ml) (MI),MI,1.0,No.,116,Raw Green Chili,0.003,Kg,0.003,,0.1222,0.1224,recipe_cost_connaught_place.csv,Rava Dosa Batter Kit (500ml),False,0.2
Connaught Place,Delhi,103,Rava Dosa Batter Kit (500ml) (MI),MI,1.0,No.,108,Ginger,0.005,Kg,0.005,,0.5882,0.5844,recipe_cost_connaught_place.csv,Rava Dosa Batter Kit (500ml),False,-0.6
Connaught Place,Delhi,103,Rava Dosa Batter Kit (500ml) (MI),MI,1.0,No.,131,Curry Leaves,0.001,Kg,0.001,,0.0381,0.0381,recipe_cost_connaught_place.csv,Rava Dosa Batter Kit (500ml),False,0.0
Connaught Place,Delhi,103,Rava Dosa Batter Kit (500ml) (MI),MI,1.0,No.,33,Heeng Powder,0.5,gm,0.5,,0.7997,0.8396,recipe_cost_connaught_place.csv,Rava Dosa Batter Kit (500ml),False,5.0
Connaught Place,Delhi,103,Rava Dosa Batter Kit (500ml) (MI),MI,1.0,No.,29,Salt,0.004,Kg,0.004,,0.1176,0.1229,recipe_cost_connaught_place.csv,Rava Dosa Batter Kit (500ml),False,4.5
Connaught Place,Delhi,103,Rava Dosa Batter Kit (500ml) (MI),MI,1.0,No.,24,Coconut Powder,3.0,gm,3.0,,,,recipe_cost_connaught_place.csv,Rava Dosa Batter Kit (500ml),True,
Connaught Place,Delhi,103,Rava Dosa Batter Kit (500ml) (MI),MI,1.0,No.,77,Whole Black Pepper,1.0,gm,1.0,,,,recipe_cost_connaught_place.csv,Rava Dosa Batter Kit (500ml),True,
Connaught Place,Delhi,103,Rava Dosa Batter Kit (500ml) (MI),MI,1.0,No.,204,Special White Coconut Chutney Bucket,0.25,Kg,0.25,,21.5767,22.1357,recipe_cost_connaught_place.csv,Rava Dosa Batter Kit (500ml),False,2.6
Connaught Place,Delhi,103,Rava Dosa Batter Kit (500ml) (MI),MI,1.0,No.,184,Sambar Bucket,0.5,Ltr,0.5,,15.2417,15.1784,recipe_cost_connaught_place.csv,Rava Dosa Batter Kit (500ml),False,-0.4
Connaught Place,Delhi,103,Rava Dosa Batter Kit (500ml) (MI),MI,1.0,No.,115,Coriander Leaves,0.002,Kg,0.002,,0.1985,0.2175,recipe_cost_connaught_place.csv,Rava Dosa Batter Kit (500ml),False,9.6
Connaught Place,Delhi,103,Rava Dosa Batter Kit (500ml) (MI),MI,1.0,No.,207,Special Daal Bucket,0.003,Kg,0.003,,0.4421,0.4598,recipe_cost_connaught_place.csv,Rava Dosa Batter Kit (500ml),False,4.0
Connaught Place,Delhi,110,Appam Batter Kit (1Ltr) (MI),MI,1.0,No.,198,Appam Batter,1.0,Kg,1.0,,22.0122,22.0122,recipe_cost_connaught_place.csv,Appam Batter Kit (1Ltr),False,0.0
Connaught Place,Delhi,110,Appam Batter Kit (1Ltr) (MI),MI,1.0,No.,219,Potato Stew Bucket,0.5,Kg,0.5,,,,recipe_cost_connaught_place.csv,Appam Batter Kit (1Ltr),True,
Connaught Place,Delhi,106,Paniyaram Batter Kit (500ml) (MI),MI,1.0,No.,190,Dosa Batter Mix,0.5,Kg,0.5,,15.1722,15.2769,recipe_cost_connaught_place.csv,Paniyaram Batter Kit (500ml),False,0.7
Connaught Place,Delhi,106,Paniyaram Batter Kit (500ml) (MI),MI,1.0,No.,132,Onion,0.05,Kg,0.05,,1.7457,1.767,recipe_cost_connaught_place.csv,Paniyaram Batter Kit (500ml),False,1.2
Connaught Place,Delhi,106,Paniyaram Batter Kit (500ml) (MI),MI,1.0,No.,116,Raw Green Chili,0.005,Kg,0.005,,0.2037,0.204,recipe_cost_connaught_place.csv,Paniyaram Batter Kit (500ml),False,0.1
Connaught Place,Delhi,106,Paniyaram Batter Kit (500ml) (MI),MI,1.0,No.,108,Ginger,0.005,Kg,0.005,,0.5882,0.5844,recipe_cost_connaught_place.csv,Paniyaram Batter Kit (500ml),False,-0.6
Connaught Place,Delhi,106,Paniyaram Batter Kit (500ml) (MI),MI,1.0,No.,131,Curry Leaves,0.001,Kg,0.001,,0.0381,0.0381,recipe_cost_connaught_place.csv,Paniyaram Batter Kit (500ml),False,0.0
Connaught Place,Delhi,106,Paniyaram Batter Kit (500ml) (MI),MI,1.0,No.,184,Sambar Bucket,0.5,Ltr,0.5,,15.2417,15.1784,recipe_cost_connaught_place.csv,Paniyaram Batter Kit (500ml),False,-0.4
Connaught Place,Delhi,106,Paniyaram Batter Kit (500ml) (MI),MI,1.0,No.,204,Special White Coconut Chutney Bucket,0.25,Kg,0.25,,21.5767,22.1357,recipe_cost_connaught_place.csv,Paniyaram Batter Kit (500ml),False,2.6
Connaught Place,Delhi,106,Paniyaram Batter Kit (500ml) (MI),MI,1.0,No.,115,Coriander Leaves,0.002,Kg,0.002,,0.1985,0.2175,recipe_cost_connaught_place.csv,Paniyaram Batter Kit (500ml),False,9.6
Connaught Place,Delhi,106,Paniyaram Batter Kit (500ml) (MI),MI,1.0,No.,207,Special Daal Bucket,0.003,Kg,0.003,,0.4421,0.4598,recipe_cost_connaught_place.csv,Paniyaram Batter Kit (500ml),False,4.0
Connaught Place,Delhi,446,Potato Masala Bucket Outlet,,4.5,Kg,107,Carrot,0.2,Kg,0.2,,6.6453,6.4764,recipe_cost_connaught_place.csv,Potato Masala Bucket Outlet,False,-2.5
Connaught Place,Delhi,446,Potato Masala Bucket Outlet,,4.5,Kg,132,Onion,0.7,Kg,0.7,,24.4398,24.7383,recipe_cost_connaught_place.csv,Potato Masala Bucket Outlet,False,1.2
Connaught Place,Delhi,446,Potato Masala Bucket Outlet,,4.5,Kg,116,Raw Green Chili,0.03,Kg,0.03,,1.2221,1.2243,recipe_cost_connaught_place.csv,Potato Masala Bucket Outlet,False,0.2
Connaught Place,Delhi,446,Potato Masala Bucket Outlet,,4.5,Kg,108,Ginger,0.04,Kg,0.04,,4.7056,4.6755,recipe_cost_connaught_place.csv,Potato Masala Bucket Outlet,False,-0.6
Connaught Place,Delhi,446,Potato Masala Bucket Outlet,,4.5,Kg,131,Curry Leaves,0.01,Kg,0.01,,0.3812,0.3811,recipe_cost_connaught_place.csv,Potato Masala Bucket Outlet,False,-0.0
Connaught Place,Delhi,446,Potato Masala Bucket Outlet,,4.5,Kg,43,Sunflower Refined Oil  ( 1pkt = 868 Ml ),0.24,Ltr,0.24,,42.1524,47.4647,recipe_cost_connaught_place.csv,Potato Masala Bucket Outlet,False,12.6
Connaught Place,Delhi,446,Potato Masala Bucket Outlet,,4.5,Kg,21,RO Water,1.4,Ltr,1.4,,,,recipe_cost_connaught_place.csv,Potato Masala Bucket Outlet,True,
Connaught Place,Delhi,446,Potato Masala Bucket Outlet,,4.5,Kg,25,Turmeric Powder,0.016,Kg,0.016,,6.2515,6.1508,recipe_cost_connaught_place.csv,Potato Masala Bucket Outlet,False,-1.6
Connaught Place,Delhi,446,Potato Masala Bucket Outlet,,4.5,Kg,29,Salt,0.04,Kg,0.04,,1.1756,1.2293,recipe_cost_connaught_place.csv,Potato Masala Bucket Outlet,False,4.6
Connaught Place,Delhi,446,Potato Masala Bucket Outlet,,4.5,Kg,421,Potato Masala Mix (1Pkt = 90Gm),1.0,Pkt,1.0,,10.4706,10.7901,recipe_cost_connaught_place.csv,Potato Masala Bucket Outlet,False,3.1
Connaught Place,Delhi,446,Potato Masala Bucket Outlet,,4.5,Kg,397,Boiled & Mashed Potato (1Pkt = 3Kg),3.0,Kg,3.0,,100.0421,100.4395,recipe_cost_connaught_place.csv,Potato Masala Bucket Outlet,False,0.4
Connaught Place,Delhi,234,Regular White Chutney Bucket Outlet,,1.3,Kg,229,Coconut Shredded,0.3,Kg,0.3,,74.3477,75.9021,recipe_cost_connaught_place.csv,Regular White Chutney Bucket Outlet,False,2.1
Connaught Place,Delhi,234,Regular White Chutney Bucket Outlet,,1.3,Kg,47,Fried Chana Daal,0.21,Kg,0.21,,25.9329,26.0429,recipe_cost_connaught_place.csv,Regular White Chutney Bucket Outlet,False,0.4
Connaught Place,Delhi,234,Regular White Chutney Bucket Outlet,,1.3,Kg,108,Ginger,0.015,Kg,0.015,,1.7646,1.7533,recipe_cost_connaught_place.csv,Regular White Chutney Bucket Outlet,False,-0.6
Connaught Place,Delhi,234,Regular White Chutney Bucket Outlet,,1.3,Kg,116,Raw Green Chili,0.015,Kg,0.015,,0.611,0.6121,recipe_cost_connaught_place.csv,Regular White Chutney Bucket Outlet,False,0.2
Connaught Place,Delhi,234,Regular White Chutney Bucket Outlet,,1.3,Kg,53,Sugar,0.004,Kg,0.004,,0.212,0.2373,recipe_cost_connaught_place.csv,Regular White Chutney Bucket Outlet,False,11.9
Connaught Place,Delhi,234,Regular White Chutney Bucket Outlet,,1.3,Kg,29,Salt,0.02,Kg,0.02,,0.5878,0.6147,recipe_cost_connaught_place.csv,Regular White Chutney Bucket Outlet,False,4.6
Connaught Place,Delhi,234,Regular White Chutney Bucket Outlet,,1.3,Kg,21,RO Water,0.85,Ltr,0.85,,,,recipe_cost_connaught_place.csv,Regular White Chutney Bucket Outlet,True,
